date,expiry date,strike,call option price
09-Mar-2026,13-Mar-2026,80.0,20.0263
09-Mar-2026,13-Mar-2026,85.0,15.0279
09-Mar-2026,13-Mar-2026,90.0,10.0296
09-Mar-2026,13-Mar-2026,95.0,5.03874
09-Mar-2026,13-Mar-2026,100.0,0.849889
09-Mar-2026,13-Mar-2026,105.0,0.00426881
09-Mar-2026,13-Mar-2026,110.0,3.63658e-08
09-Mar-2026,20-Mar-2026,80.0,20.0986
09-Mar-2026,20-Mar-2026,85.0,15.1051
09-Mar-2026,20-Mar-2026,90.0,10.1247
09-Mar-2026,20-Mar-2026,95.0,5.33917
09-Mar-2026,20-Mar-2026,100.0,1.66625
09-Mar-2026,20-Mar-2026,105.0,0.189481
09-Mar-2026,20-Mar-2026,110.0,0.0043272
09-Mar-2026,20-Mar-2026,115.0,1.27306e-05
09-Mar-2026,20-Mar-2026,120.0,5.09419e-09
09-Mar-2026,27-Mar-2026,80.0,20.1579
09-Mar-2026,27-Mar-2026,85.0,15.173
09-Mar-2026,27-Mar-2026,90.0,10.2411
09-Mar-2026,27-Mar-2026,95.0,5.6356
09-Mar-2026,27-Mar-2026,100.0,2.11903
09-Mar-2026,27-Mar-2026,105.0,0.413918
09-Mar-2026,27-Mar-2026,110.0,0.0298812
09-Mar-2026,27-Mar-2026,115.0,0.000613666
09-Mar-2026,27-Mar-2026,120.0,3.70813e-06
09-Mar-2026,02-Apr-2026,80.0,20.2398
09-Mar-2026,02-Apr-2026,85.0,15.2797
09-Mar-2026,02-Apr-2026,90.0,10.4359
09-Mar-2026,02-Apr-2026,95.0,6.01433
09-Mar-2026,02-Apr-2026,100.0,2.60791
09-Mar-2026,02-Apr-2026,105.0,0.718272
09-Mar-2026,02-Apr-2026,110.0,0.101768
09-Mar-2026,02-Apr-2026,115.0,0.00629958
09-Mar-2026,02-Apr-2026,120.0,0.000174519
09-Mar-2026,10-Apr-2026,80.0,20.3129
09-Mar-2026,10-Apr-2026,85.0,15.3833
09-Mar-2026,10-Apr-2026,90.0,10.615
09-Mar-2026,10-Apr-2026,95.0,6.30845
09-Mar-2026,10-Apr-2026,100.0,2.95672
09-Mar-2026,10-Apr-2026,105.0,0.96222
09-Mar-2026,10-Apr-2026,110.0,0.185649
09-Mar-2026,10-Apr-2026,115.0,0.0187903
09-Mar-2026,10-Apr-2026,120.0,0.00101736
09-Mar-2026,31-Mar-2026,80.0,20.212
09-Mar-2026,31-Mar-2026,85.0,15.2419
09-Mar-2026,31-Mar-2026,90.0,10.3676
09-Mar-2026,31-Mar-2026,95.0,5.89116
09-Mar-2026,31-Mar-2026,100.0,2.45527
09-Mar-2026,31-Mar-2026,105.0,0.617846
09-Mar-2026,31-Mar-2026,110.0,0.0736783
09-Mar-2026,31-Mar-2026,115.0,0.00345165
09-Mar-2026,31-Mar-2026,120.0,6.52288e-05
09-Mar-2026,30-Apr-2026,80.0,20.5733
09-Mar-2026,30-Apr-2026,85.0,15.7586
09-Mar-2026,30-Apr-2026,90.0,11.1902
09-Mar-2026,30-Apr-2026,95.0,7.11426
09-Mar-2026,30-Apr-2026,100.0,3.84926
09-Mar-2026,30-Apr-2026,105.0,1.65158
09-Mar-2026,30-Apr-2026,110.0,0.515635
09-Mar-2026,30-Apr-2026,115.0,0.1096
09-Mar-2026,30-Apr-2026,120.0,0.0160181
09-Mar-2026,29-May-2026,80.0,20.9523
09-Mar-2026,29-May-2026,85.0,16.2746
09-Mar-2026,29-May-2026,90.0,11.8835
09-Mar-2026,29-May-2026,95.0,7.9684
09-Mar-2026,29-May-2026,100.0,4.74898
09-Mar-2026,29-May-2026,105.0,2.40725
09-Mar-2026,29-May-2026,110.0,0.985133
09-Mar-2026,29-May-2026,115.0,0.31232
09-Mar-2026,29-May-2026,120.0,0.0768307
09-Mar-2026,30-Jun-2026,80.0,21.4286
09-Mar-2026,30-Jun-2026,85.0,16.8816
09-Mar-2026,30-Jun-2026,90.0,12.6339
09-Mar-2026,30-Jun-2026,95.0,8.83279
09-Mar-2026,30-Jun-2026,100.0,5.64033
09-Mar-2026,30-Jun-2026,105.0,3.19491
09-Mar-2026,30-Jun-2026,110.0,1.55218
09-Mar-2026,30-Jun-2026,115.0,0.629004
09-Mar-2026,30-Jun-2026,120.0,0.211713
09-Mar-2026,31-Jul-2026,80.0,21.8776
09-Mar-2026,31-Jul-2026,85.0,17.4281
09-Mar-2026,31-Jul-2026,90.0,13.278
09-Mar-2026,31-Jul-2026,95.0,9.54974
09-Mar-2026,31-Jul-2026,100.0,6.37414
09-Mar-2026,31-Jul-2026,105.0,3.86485
09-Mar-2026,31-Jul-2026,110.0,2.07804
09-Mar-2026,31-Jul-2026,115.0,0.970426
09-Mar-2026,31-Jul-2026,120.0,0.390941
09-Mar-2026,31-Aug-2026,80.0,22.3202
09-Mar-2026,31-Aug-2026,85.0,17.9513
09-Mar-2026,31-Aug-2026,90.0,13.8783
09-Mar-2026,31-Aug-2026,95.0,10.206
09-Mar-2026,31-Aug-2026,100.0,7.04472
09-Mar-2026,31-Aug-2026,105.0,4.49038
09-Mar-2026,31-Aug-2026,110.0,2.59589
09-Mar-2026,31-Aug-2026,115.0,1.33935
09-Mar-2026,31-Aug-2026,120.0,0.612106
09-Mar-2026,30-Sep-2026,80.0,22.7432
09-Mar-2026,30-Sep-2026,85.0,18.4415
09-Mar-2026,30-Sep-2026,90.0,14.431
09-Mar-2026,30-Sep-2026,95.0,10.804
09-Mar-2026,30-Sep-2026,100.0,7.65588
09-Mar-2026,30-Sep-2026,105.0,5.0695
09-Mar-2026,30-Sep-2026,110.0,3.09333
09-Mar-2026,30-Sep-2026,115.0,1.71725
09-Mar-2026,30-Sep-2026,120.0,0.860964
09-Mar-2026,30-Oct-2026,80.0,23.1952
09-Mar-2026,30-Oct-2026,85.0,18.9577
09-Mar-2026,30-Oct-2026,90.0,15.006
09-Mar-2026,30-Oct-2026,95.0,11.4219
09-Mar-2026,30-Oct-2026,100.0,8.2879
09-Mar-2026,30-Oct-2026,105.0,5.67575
09-Mar-2026,30-Oct-2026,110.0,3.62885
09-Mar-2026,30-Oct-2026,115.0,2.14437
09-Mar-2026,30-Oct-2026,120.0,1.16331
09-Mar-2026,30-Nov-2026,80.0,23.6073
09-Mar-2026,30-Nov-2026,85.0,19.4233
09-Mar-2026,30-Nov-2026,90.0,15.5203
09-Mar-2026,30-Nov-2026,95.0,11.9718
09-Mar-2026,30-Nov-2026,100.0,8.85102
09-Mar-2026,30-Nov-2026,105.0,6.22111
09-Mar-2026,30-Nov-2026,110.0,4.12104
09-Mar-2026,30-Nov-2026,115.0,2.55183
09-Mar-2026,30-Nov-2026,120.0,1.46828
09-Mar-2026,31-Dec-2026,80.0,24.0287
09-Mar-2026,31-Dec-2026,85.0,19.8958
09-Mar-2026,31-Dec-2026,90.0,16.0387
09-Mar-2026,31-Dec-2026,95.0,12.5241
09-Mar-2026,31-Dec-2026,100.0,9.41721
09-Mar-2026,31-Dec-2026,105.0,6.77352
09-Mar-2026,31-Dec-2026,110.0,4.62786
09-Mar-2026,31-Dec-2026,115.0,2.98351
09-Mar-2026,31-Dec-2026,120.0,1.80555
09-Mar-2026,29-Jan-2027,80.0,24.4048
09-Mar-2026,29-Jan-2027,85.0,20.3147
09-Mar-2026,29-Jan-2027,90.0,16.4962
09-Mar-2026,29-Jan-2027,95.0,13.0102
09-Mar-2026,29-Jan-2027,100.0,9.91584
09-Mar-2026,29-Jan-2027,105.0,7.26284
09-Mar-2026,29-Jan-2027,110.0,5.08262
09-Mar-2026,29-Jan-2027,115.0,3.37953
09-Mar-2026,29-Jan-2027,120.0,2.12549
09-Mar-2026,26-Feb-2027,80.0,24.765
09-Mar-2026,26-Feb-2027,85.0,20.7141
09-Mar-2026,26-Feb-2027,90.0,16.9307
09-Mar-2026,26-Feb-2027,95.0,13.4709
09-Mar-2026,26-Feb-2027,100.0,10.3887
09-Mar-2026,26-Feb-2027,105.0,7.72897
09-Mar-2026,26-Feb-2027,110.0,5.52012
09-Mar-2026,26-Feb-2027,115.0,3.76706
09-Mar-2026,26-Feb-2027,120.0,2.44673
10-Mar-2026,13-Mar-2026,80.7281,20.2018
10-Mar-2026,13-Mar-2026,85.7737,15.1576
10-Mar-2026,13-Mar-2026,90.8192,10.1133
10-Mar-2026,13-Mar-2026,95.8647,5.06981
10-Mar-2026,13-Mar-2026,100.91,0.663942
10-Mar-2026,13-Mar-2026,105.956,0.000225143
10-Mar-2026,13-Mar-2026,111.001,4.64692e-13
10-Mar-2026,13-Mar-2026,116.047,1.38576e-15
10-Mar-2026,13-Mar-2026,121.092,1.44525e-15
10-Mar-2026,20-Mar-2026,80.7281,20.2744
10-Mar-2026,20-Mar-2026,85.7737,15.2347
10-Mar-2026,20-Mar-2026,90.8192,10.1999
10-Mar-2026,20-Mar-2026,95.8647,5.29326
10-Mar-2026,20-Mar-2026,100.91,1.46094
10-Mar-2026,20-Mar-2026,105.956,0.100293
10-Mar-2026,20-Mar-2026,111.001,0.000627359
10-Mar-2026,20-Mar-2026,116.047,2.12531e-07
10-Mar-2026,20-Mar-2026,121.092,6.67097e-12
10-Mar-2026,27-Mar-2026,80.7281,20.3337
10-Mar-2026,27-Mar-2026,85.7737,15.2996
10-Mar-2026,27-Mar-2026,90.8192,10.2955
10-Mar-2026,27-Mar-2026,95.8647,5.54708
10-Mar-2026,27-Mar-2026,100.91,1.88909
10-Mar-2026,27-Mar-2026,105.956,0.26688
10-Mar-2026,27-Mar-2026,111.001,0.00897041
10-Mar-2026,27-Mar-2026,116.047,5.34735e-05
10-Mar-2026,27-Mar-2026,121.092,7.73897e-08
10-Mar-2026,02-Apr-2026,80.7281,20.414
10-Mar-2026,02-Apr-2026,85.7737,15.3961
10-Mar-2026,02-Apr-2026,90.8192,10.459
10-Mar-2026,02-Apr-2026,95.8647,5.88625
10-Mar-2026,02-Apr-2026,100.91,2.35103
10-Mar-2026,02-Apr-2026,105.956,0.515281
10-Mar-2026,02-Apr-2026,111.001,0.0442789
10-Mar-2026,02-Apr-2026,116.047,0.00124936
10-Mar-2026,02-Apr-2026,121.092,1.413e-05
10-Mar-2026,10-Apr-2026,80.7281,20.4837
10-Mar-2026,10-Apr-2026,85.7737,15.4878
10-Mar-2026,10-Apr-2026,90.8192,10.6144
10-Mar-2026,10-Apr-2026,95.8647,6.15597
10-Mar-2026,10-Apr-2026,100.91,2.68182
10-Mar-2026,10-Apr-2026,105.956,0.724303
10-Mar-2026,10-Apr-2026,111.001,0.0946148
10-Mar-2026,10-Apr-2026,116.047,0.00524459
10-Mar-2026,10-Apr-2026,121.092,0.00014344
10-Mar-2026,31-Mar-2026,80.7281,20.387
10-Mar-2026,31-Mar-2026,85.7737,15.3623
10-Mar-2026,31-Mar-2026,90.8192,10.401
10-Mar-2026,31-Mar-2026,95.8647,5.77474
10-Mar-2026,31-Mar-2026,100.91,2.20665
10-Mar-2026,31-Mar-2026,105.956,0.431466
10-Mar-2026,31-Mar-2026,111.001,0.0292591
10-Mar-2026,31-Mar-2026,116.047,0.000560335
10-Mar-2026,31-Mar-2026,121.092,3.80497e-06
10-Mar-2026,30-Apr-2026,80.7281,20.7253
10-Mar-2026,30-Apr-2026,85.7737,15.8234
10-Mar-2026,30-Apr-2026,90.8192,11.1333
10-Mar-2026,30-Apr-2026,95.8647,6.91246
10-Mar-2026,30-Apr-2026,100.91,3.53634
10-Mar-2026,30-Apr-2026,105.956,1.34332
10-Mar-2026,30-Apr-2026,111.001,0.33264
10-Mar-2026,30-Apr-2026,116.047,0.0499815
10-Mar-2026,30-Apr-2026,121.092,0.00492491
10-Mar-2026,29-May-2026,80.7281,21.0764
10-Mar-2026,29-May-2026,85.7737,16.2991
10-Mar-2026,29-May-2026,90.8192,11.7835
10-Mar-2026,29-May-2026,95.8647,7.73444
10-Mar-2026,29-May-2026,100.91,4.41233
10-Mar-2026,29-May-2026,105.956,2.05444
10-Mar-2026,29-May-2026,111.001,0.723693
10-Mar-2026,29-May-2026,116.047,0.183982
10-Mar-2026,29-May-2026,121.092,0.0349895
10-Mar-2026,30-Jun-2026,80.7281,21.5255
10-Mar-2026,30-Jun-2026,85.7737,16.8746
10-Mar-2026,30-Jun-2026,90.8192,12.5065
10-Mar-2026,30-Jun-2026,95.8647,8.58283
10-Mar-2026,30-Jun-2026,100.91,5.29543
10-Mar-2026,30-Jun-2026,105.956,2.82129
10-Mar-2026,30-Jun-2026,111.001,1.2382
10-Mar-2026,30-Jun-2026,116.047,0.432774
10-Mar-2026,30-Jun-2026,121.092,0.121771
10-Mar-2026,31-Jul-2026,80.7281,21.9565
10-Mar-2026,31-Jul-2026,85.7737,17.4035
10-Mar-2026,31-Jul-2026,90.8192,13.1386
10-Mar-2026,31-Jul-2026,95.8647,9.29706
10-Mar-2026,31-Jul-2026,100.91,6.0328
10-Mar-2026,31-Jul-2026,105.956,3.48853
10-Mar-2026,31-Jul-2026,111.001,1.73974
10-Mar-2026,31-Jul-2026,116.047,0.729083
10-Mar-2026,31-Jul-2026,121.092,0.256617
10-Mar-2026,31-Aug-2026,80.7281,22.387
10-Mar-2026,31-Aug-2026,85.7737,17.917
10-Mar-2026,31-Aug-2026,90.8192,13.7352
10-Mar-2026,31-Aug-2026,95.8647,9.95775
10-Mar-2026,31-Aug-2026,100.91,6.7133
10-Mar-2026,31-Aug-2026,105.956,4.12041
10-Mar-2026,31-Aug-2026,111.001,2.24801
10-Mar-2026,31-Aug-2026,116.047,1.06834
10-Mar-2026,31-Aug-2026,121.092,0.439815
10-Mar-2026,30-Sep-2026,80.7281,22.8028
10-Mar-2026,30-Sep-2026,85.7737,18.4031
10-Mar-2026,30-Sep-2026,90.8192,14.2896
10-Mar-2026,30-Sep-2026,95.8647,10.5643
10-Mar-2026,30-Sep-2026,100.91,7.33774
10-Mar-2026,30-Sep-2026,105.956,4.71076
10-Mar-2026,30-Sep-2026,111.001,2.74506
10-Mar-2026,30-Sep-2026,116.047,1.42876
10-Mar-2026,30-Sep-2026,121.092,0.659437
10-Mar-2026,30-Oct-2026,80.7281,23.2507
10-Mar-2026,30-Oct-2026,85.7737,18.9191
10-Mar-2026,30-Oct-2026,90.8192,14.8703
10-Mar-2026,30-Oct-2026,95.8647,11.1944
10-Mar-2026,30-Oct-2026,100.91,7.98651
10-Mar-2026,30-Oct-2026,105.956,5.33247
10-Mar-2026,30-Oct-2026,111.001,3.2865
10-Mar-2026,30-Oct-2026,116.047,1.84623
10-Mar-2026,30-Oct-2026,121.092,0.938374
10-Mar-2026,30-Nov-2026,80.7281,23.6618
10-Mar-2026,30-Nov-2026,85.7737,19.3874
10-Mar-2026,30-Nov-2026,90.8192,15.3922
10-Mar-2026,30-Nov-2026,95.8647,11.7572
10-Mar-2026,30-Nov-2026,100.91,8.56625
10-Mar-2026,30-Nov-2026,105.956,5.89382
10-Mar-2026,30-Nov-2026,111.001,3.78793
10-Mar-2026,30-Nov-2026,116.047,2.25105
10-Mar-2026,30-Nov-2026,121.092,1.22849
10-Mar-2026,31-Dec-2026,80.7281,24.0844
10-Mar-2026,31-Dec-2026,85.7737,19.8646
10-Mar-2026,31-Dec-2026,90.8192,15.9201
10-Mar-2026,31-Dec-2026,95.8647,12.3239
10-Mar-2026,31-Dec-2026,100.91,9.1501
10-Mar-2026,31-Dec-2026,105.956,6.4636
10-Mar-2026,31-Dec-2026,111.001,4.3067
10-Mar-2026,31-Dec-2026,116.047,2.68458
10-Mar-2026,31-Dec-2026,121.092,1.5561
10-Mar-2026,29-Jan-2027,80.7281,24.4628
10-Mar-2026,29-Jan-2027,85.7737,20.2891
10-Mar-2026,29-Jan-2027,90.8192,16.3869
10-Mar-2026,29-Jan-2027,95.8647,12.8233
10-Mar-2026,29-Jan-2027,100.91,9.66469
10-Mar-2026,29-Jan-2027,105.956,6.96884
10-Mar-2026,29-Jan-2027,111.001,4.77351
10-Mar-2026,29-Jan-2027,116.047,3.08513
10-Mar-2026,29-Jan-2027,121.092,1.87137
10-Mar-2026,26-Feb-2027,80.7281,24.8263
10-Mar-2026,26-Feb-2027,85.7737,20.6946
10-Mar-2026,26-Feb-2027,90.8192,16.831
10-Mar-2026,26-Feb-2027,95.8647,13.2969
10-Mar-2026,26-Feb-2027,100.91,10.1528
10-Mar-2026,26-Feb-2027,105.956,7.45029
10-Mar-2026,26-Feb-2027,111.001,5.22334
10-Mar-2026,26-Feb-2027,116.047,3.47891
10-Mar-2026,26-Feb-2027,121.092,2.19103
11-Mar-2026,13-Mar-2026,90.184,10.0349
11-Mar-2026,13-Mar-2026,95.1942,5.02558
11-Mar-2026,13-Mar-2026,100.204,0.570789
11-Mar-2026,13-Mar-2026,105.215,3.20262e-05
11-Mar-2026,20-Mar-2026,80.1635,20.1243
11-Mar-2026,20-Mar-2026,85.1738,15.1193
11-Mar-2026,20-Mar-2026,90.184,10.1198
11-Mar-2026,20-Mar-2026,95.1942,5.25666
11-Mar-2026,20-Mar-2026,100.204,1.48036
11-Mar-2026,20-Mar-2026,105.215,0.114716
11-Mar-2026,20-Mar-2026,110.225,0.00103576
11-Mar-2026,20-Mar-2026,115.235,6.2031e-07
11-Mar-2026,20-Mar-2026,120.245,3.16207e-11
11-Mar-2026,27-Mar-2026,80.1635,20.182
11-Mar-2026,27-Mar-2026,85.1738,15.183
11-Mar-2026,27-Mar-2026,90.184,10.2188
11-Mar-2026,27-Mar-2026,95.1942,5.53068
11-Mar-2026,27-Mar-2026,100.204,1.93953
11-Mar-2026,27-Mar-2026,105.215,0.307639
11-Mar-2026,27-Mar-2026,110.225,0.0139417
11-Mar-2026,27-Mar-2026,115.235,0.000132185
11-Mar-2026,27-Mar-2026,120.245,3.02111e-07
11-Mar-2026,02-Apr-2026,80.1635,20.2606
11-Mar-2026,02-Apr-2026,85.1738,15.2803
11-Mar-2026,02-Apr-2026,90.184,10.3924
11-Mar-2026,02-Apr-2026,95.1942,5.89237
11-Mar-2026,02-Apr-2026,100.204,2.42732
11-Mar-2026,02-Apr-2026,105.215,0.586162
11-Mar-2026,02-Apr-2026,110.225,0.0631117
11-Mar-2026,02-Apr-2026,115.235,0.0025137
11-Mar-2026,02-Apr-2026,120.245,4.05422e-05
11-Mar-2026,10-Apr-2026,80.1635,20.3296
11-Mar-2026,10-Apr-2026,85.1738,15.3747
11-Mar-2026,10-Apr-2026,90.184,10.5573
11-Mar-2026,10-Apr-2026,95.1942,6.17674
11-Mar-2026,10-Apr-2026,100.204,2.77318
11-Mar-2026,10-Apr-2026,105.215,0.815082
11-Mar-2026,10-Apr-2026,110.225,0.128229
11-Mar-2026,10-Apr-2026,115.235,0.00941465
11-Mar-2026,10-Apr-2026,120.245,0.000345627
11-Mar-2026,31-Mar-2026,80.1635,20.234
11-Mar-2026,31-Mar-2026,85.1738,15.2459
11-Mar-2026,31-Mar-2026,90.184,10.3307
11-Mar-2026,31-Mar-2026,95.1942,5.77402
11-Mar-2026,31-Mar-2026,100.204,2.27553
11-Mar-2026,31-Mar-2026,105.215,0.493116
11-Mar-2026,31-Mar-2026,110.225,0.042771
11-Mar-2026,31-Mar-2026,115.235,0.00119557
11-Mar-2026,31-Mar-2026,120.245,1.19369e-05
11-Mar-2026,30-Apr-2026,80.1635,20.5737
11-Mar-2026,30-Apr-2026,85.1738,15.7234
11-Mar-2026,30-Apr-2026,90.184,11.1017
11-Mar-2026,30-Apr-2026,95.1942,6.96304
11-Mar-2026,30-Apr-2026,100.204,3.65619
11-Mar-2026,30-Apr-2026,105.215,1.47506
11-Mar-2026,30-Apr-2026,110.225,0.41127
11-Mar-2026,30-Apr-2026,115.235,0.0736921
11-Mar-2026,30-Apr-2026,120.245,0.00879071
11-Mar-2026,29-May-2026,80.1635,20.9324
11-Mar-2026,29-May-2026,85.1738,16.2147
11-Mar-2026,29-May-2026,90.184,11.7724
11-Mar-2026,29-May-2026,95.1942,7.80375
11-Mar-2026,29-May-2026,100.204,4.54823
11-Mar-2026,29-May-2026,105.215,2.21187
11-Mar-2026,29-May-2026,110.225,0.843126
11-Mar-2026,29-May-2026,115.235,0.2408
11-Mar-2026,29-May-2026,120.245,0.0522779
11-Mar-2026,30-Jun-2026,80.1635,21.3897
11-Mar-2026,30-Jun-2026,85.1738,16.8023
11-Mar-2026,30-Jun-2026,90.184,12.5076
11-Mar-2026,30-Jun-2026,95.1942,8.66036
11-Mar-2026,30-Jun-2026,100.204,5.43622
11-Mar-2026,30-Jun-2026,105.215,2.98993
11-Mar-2026,30-Jun-2026,110.225,1.38509
11-Mar-2026,30-Jun-2026,115.235,0.524086
11-Mar-2026,30-Jun-2026,120.245,0.162202
11-Mar-2026,31-Jul-2026,80.1635,21.8254
11-Mar-2026,31-Jul-2026,85.1738,17.3368
11-Mar-2026,31-Jul-2026,90.184,13.1437
11-Mar-2026,31-Jul-2026,95.1942,9.37458
11-Mar-2026,31-Jul-2026,100.204,6.17062
11-Mar-2026,31-Jul-2026,105.215,3.65755
11-Mar-2026,31-Jul-2026,110.225,1.8987
11-Mar-2026,31-Jul-2026,115.235,0.843564
11-Mar-2026,31-Jul-2026,120.245,0.319362
11-Mar-2026,31-Aug-2026,80.1635,22.2581
11-Mar-2026,31-Aug-2026,85.1738,17.852
11-Mar-2026,31-Aug-2026,90.184,13.7396
11-Mar-2026,31-Aug-2026,95.1942,10.0308
11-Mar-2026,31-Aug-2026,100.204,6.84396
11-Mar-2026,31-Aug-2026,105.215,4.28432
11-Mar-2026,31-Aug-2026,110.225,2.41071
11-Mar-2026,31-Aug-2026,115.235,1.19772
11-Mar-2026,31-Aug-2026,120.245,0.52191
11-Mar-2026,30-Sep-2026,80.1635,22.6737
11-Mar-2026,30-Sep-2026,85.1738,18.3369
11-Mar-2026,30-Sep-2026,90.184,14.2902
11-Mar-2026,30-Sep-2026,95.1942,10.6303
11-Mar-2026,30-Sep-2026,100.204,7.45905
11-Mar-2026,30-Sep-2026,105.215,4.86658
11-Mar-2026,30-Sep-2026,110.225,2.90626
11-Mar-2026,30-Sep-2026,115.235,1.56632
11-Mar-2026,30-Sep-2026,120.245,0.756321
11-Mar-2026,30-Oct-2026,80.1635,23.1196
11-Mar-2026,30-Oct-2026,85.1738,18.8492
11-Mar-2026,30-Oct-2026,90.184,14.8645
11-Mar-2026,30-Oct-2026,95.1942,11.2508
11-Mar-2026,30-Oct-2026,100.204,8.09604
11-Mar-2026,30-Oct-2026,105.215,5.47741
11-Mar-2026,30-Oct-2026,110.225,3.44232
11-Mar-2026,30-Oct-2026,115.235,1.98734
11-Mar-2026,30-Oct-2026,120.245,1.04671
11-Mar-2026,30-Nov-2026,80.1635,23.5273
11-Mar-2026,30-Nov-2026,85.1738,19.3126
11-Mar-2026,30-Nov-2026,90.184,15.3791
11-Mar-2026,30-Nov-2026,95.1942,11.8037
11-Mar-2026,30-Nov-2026,100.204,8.66402
11-Mar-2026,30-Nov-2026,105.215,6.02754
11-Mar-2026,30-Nov-2026,110.225,3.93649
11-Mar-2026,30-Nov-2026,115.235,2.39179
11-Mar-2026,30-Nov-2026,120.245,1.34356
11-Mar-2026,31-Dec-2026,80.1635,23.9452
11-Mar-2026,31-Dec-2026,85.1738,19.7834
11-Mar-2026,31-Dec-2026,90.184,15.8984
11-Mar-2026,31-Dec-2026,95.1942,12.3594
11-Mar-2026,31-Dec-2026,100.204,9.23525
11-Mar-2026,31-Dec-2026,105.215,6.58505
11-Mar-2026,31-Dec-2026,110.225,4.44622
11-Mar-2026,31-Dec-2026,115.235,2.82219
11-Mar-2026,31-Dec-2026,120.245,1.67481
11-Mar-2026,29-Jan-2027,80.1635,24.3186
11-Mar-2026,29-Jan-2027,85.1738,20.2014
11-Mar-2026,29-Jan-2027,90.184,16.3569
11-Mar-2026,29-Jan-2027,95.1942,12.8485
11-Mar-2026,29-Jan-2027,100.204,9.73828
11-Mar-2026,29-Jan-2027,105.215,7.07892
11-Mar-2026,29-Jan-2027,110.225,4.90402
11-Mar-2026,29-Jan-2027,115.235,3.21818
11-Mar-2026,29-Jan-2027,120.245,1.99097
11-Mar-2026,26-Feb-2027,80.1635,24.6768
11-Mar-2026,26-Feb-2027,85.1738,20.6003
11-Mar-2026,26-Feb-2027,90.184,16.7926
11-Mar-2026,26-Feb-2027,95.1942,13.3121
11-Mar-2026,26-Feb-2027,100.204,10.2152
11-Mar-2026,26-Feb-2027,105.215,7.54929
11-Mar-2026,26-Feb-2027,110.225,5.34462
11-Mar-2026,26-Feb-2027,115.235,3.60637
11-Mar-2026,26-Feb-2027,120.245,2.30971
12-Mar-2026,13-Mar-2026,80.313,20.0847
12-Mar-2026,13-Mar-2026,85.3325,15.0655
12-Mar-2026,13-Mar-2026,90.3521,10.0464
12-Mar-2026,13-Mar-2026,95.3717,5.02723
12-Mar-2026,13-Mar-2026,100.391,0.392104
12-Mar-2026,13-Mar-2026,105.411,5.53838e-09
12-Mar-2026,13-Mar-2026,110.43,3.73591e-15
12-Mar-2026,13-Mar-2026,115.45,4.88898e-16
12-Mar-2026,13-Mar-2026,120.469,4.85128e-16
12-Mar-2026,20-Mar-2026,80.313,20.1557
12-Mar-2026,20-Mar-2026,85.3325,15.141
12-Mar-2026,20-Mar-2026,90.3521,10.1294
12-Mar-2026,20-Mar-2026,95.3717,5.22631
12-Mar-2026,20-Mar-2026,100.391,1.3882
12-Mar-2026,20-Mar-2026,105.411,0.0841161
12-Mar-2026,20-Mar-2026,110.43,0.000407467
12-Mar-2026,20-Mar-2026,115.45,8.43367e-08
12-Mar-2026,20-Mar-2026,120.469,1.12334e-12
12-Mar-2026,27-Mar-2026,80.313,20.2137
12-Mar-2026,27-Mar-2026,85.3325,15.2042
12-Mar-2026,27-Mar-2026,90.3521,10.2216
12-Mar-2026,27-Mar-2026,95.3717,5.48831
12-Mar-2026,27-Mar-2026,100.391,1.85246
12-Mar-2026,27-Mar-2026,105.411,0.259622
12-Mar-2026,27-Mar-2026,110.43,0.00882683
12-Mar-2026,27-Mar-2026,115.45,5.21242e-05
12-Mar-2026,27-Mar-2026,120.469,6.67466e-08
12-Mar-2026,02-Apr-2026,80.313,20.2923
12-Mar-2026,02-Apr-2026,85.3325,15.2988
12-Mar-2026,02-Apr-2026,90.3521,10.3862
12-Mar-2026,02-Apr-2026,95.3717,5.84215
12-Mar-2026,02-Apr-2026,100.391,2.34179
12-Mar-2026,02-Apr-2026,105.411,0.525011
12-Mar-2026,02-Apr-2026,110.43,0.0481693
12-Mar-2026,02-Apr-2026,115.45,0.00148684
12-Mar-2026,02-Apr-2026,120.469,1.76803e-05
12-Mar-2026,10-Apr-2026,80.313,20.3607
12-Mar-2026,10-Apr-2026,85.3325,15.3901
12-Mar-2026,10-Apr-2026,90.3521,10.5451
12-Mar-2026,10-Apr-2026,95.3717,6.12283
12-Mar-2026,10-Apr-2026,100.391,2.68811
12-Mar-2026,10-Apr-2026,105.411,0.747259
12-Mar-2026,10-Apr-2026,110.43,0.104829
12-Mar-2026,10-Apr-2026,115.45,0.00643545
12-Mar-2026,10-Apr-2026,120.469,0.000191167
12-Mar-2026,31-Mar-2026,80.313,20.2658
12-Mar-2026,31-Mar-2026,85.3325,15.2655
12-Mar-2026,31-Mar-2026,90.3521,10.3273
12-Mar-2026,31-Mar-2026,95.3717,5.72585
12-Mar-2026,31-Mar-2026,100.391,2.18971
12-Mar-2026,31-Mar-2026,105.411,0.435545
12-Mar-2026,31-Mar-2026,110.43,0.0312826
12-Mar-2026,31-Mar-2026,115.45,0.000645515
12-Mar-2026,31-Mar-2026,120.469,4.47355e-06
12-Mar-2026,30-Apr-2026,80.313,20.6008
12-Mar-2026,30-Apr-2026,85.3325,15.7298
12-Mar-2026,30-Apr-2026,90.3521,11.0784
12-Mar-2026,30-Apr-2026,95.3717,6.90483
12-Mar-2026,30-Apr-2026,100.391,3.57348
12-Mar-2026,30-Apr-2026,105.411,1.39825
12-Mar-2026,30-Apr-2026,110.43,0.368234
12-Mar-2026,30-Apr-2026,115.45,0.0605517
12-Mar-2026,30-Apr-2026,120.469,0.00652802
12-Mar-2026,29-May-2026,80.313,20.9546
12-Mar-2026,29-May-2026,85.3325,16.2145
12-Mar-2026,29-May-2026,90.3521,11.7447
12-Mar-2026,29-May-2026,95.3717,7.74758
12-Mar-2026,29-May-2026,100.391,4.47229
12-Mar-2026,29-May-2026,105.411,2.13617
12-Mar-2026,29-May-2026,110.43,0.789515
12-Mar-2026,29-May-2026,115.45,0.215479
12-Mar-2026,29-May-2026,120.469,0.0442854
12-Mar-2026,30-Jun-2026,80.313,21.4088
12-Mar-2026,30-Jun-2026,85.3325,16.8002
12-Mar-2026,30-Jun-2026,90.3521,12.4819
12-Mar-2026,30-Jun-2026,95.3717,8.61203
12-Mar-2026,30-Jun-2026,100.391,5.37237
12-Mar-2026,30-Jun-2026,105.411,2.92391
12-Mar-2026,30-Jun-2026,110.43,1.33205
12-Mar-2026,30-Jun-2026,115.45,0.492039
12-Mar-2026,30-Jun-2026,120.469,0.147768
12-Mar-2026,31-Jul-2026,80.313,21.8445
12-Mar-2026,31-Jul-2026,85.3325,17.3368
12-Mar-2026,31-Jul-2026,90.3521,13.1237
12-Mar-2026,31-Jul-2026,95.3717,9.33656
12-Mar-2026,31-Jul-2026,100.391,6.12042
12-Mar-2026,31-Jul-2026,105.411,3.60463
12-Mar-2026,31-Jul-2026,110.43,1.85342
12-Mar-2026,31-Jul-2026,115.45,0.812504
12-Mar-2026,31-Jul-2026,120.469,0.302376
12-Mar-2026,31-Aug-2026,80.313,22.2793
12-Mar-2026,31-Aug-2026,85.3325,17.8564
12-Mar-2026,31-Aug-2026,90.3521,13.7275
12-Mar-2026,31-Aug-2026,95.3717,10.0047
12-Mar-2026,31-Aug-2026,100.391,6.80856
12-Mar-2026,31-Aug-2026,105.411,4.24635
12-Mar-2026,31-Aug-2026,110.43,2.377
12-Mar-2026,31-Aug-2026,115.45,1.17278
12-Mar-2026,31-Aug-2026,120.469,0.50648
12-Mar-2026,30-Sep-2026,80.313,22.6984
12-Mar-2026,30-Sep-2026,85.3325,18.3473
12-Mar-2026,30-Sep-2026,90.3521,14.2873
12-Mar-2026,30-Sep-2026,95.3717,10.6166
12-Mar-2026,30-Sep-2026,100.391,7.4385
12-Mar-2026,30-Sep-2026,105.411,4.84392
12-Mar-2026,30-Sep-2026,110.43,2.8858
12-Mar-2026,30-Sep-2026,115.45,1.55066
12-Mar-2026,30-Sep-2026,120.469,0.745941
12-Mar-2026,30-Oct-2026,80.313,23.1494
12-Mar-2026,30-Oct-2026,85.3325,18.8674
12-Mar-2026,30-Oct-2026,90.3521,14.8726
12-Mar-2026,30-Oct-2026,95.3717,11.2511
12-Mar-2026,30-Oct-2026,100.391,8.09172
12-Mar-2026,30-Oct-2026,105.411,5.47165
12-Mar-2026,30-Oct-2026,110.43,3.4374
12-Mar-2026,30-Oct-2026,115.45,1.98415
12-Mar-2026,30-Oct-2026,120.469,1.04495
12-Mar-2026,30-Nov-2026,80.313,23.5628
12-Mar-2026,30-Nov-2026,85.3325,19.3387
12-Mar-2026,30-Nov-2026,90.3521,15.3977
12-Mar-2026,30-Nov-2026,95.3717,11.817
12-Mar-2026,30-Nov-2026,100.391,8.67457
12-Mar-2026,30-Nov-2026,105.411,6.03731
12-Mar-2026,30-Nov-2026,110.43,3.9464
12-Mar-2026,30-Nov-2026,115.45,2.40148
12-Mar-2026,30-Nov-2026,120.469,1.35191
12-Mar-2026,31-Dec-2026,80.313,23.9872
12-Mar-2026,31-Dec-2026,85.3325,19.8184
12-Mar-2026,31-Dec-2026,90.3521,15.9282
12-Mar-2026,31-Dec-2026,95.3717,12.3861
12-Mar-2026,31-Dec-2026,100.391,9.26085
12-Mar-2026,31-Dec-2026,105.411,6.6106
12-Mar-2026,31-Dec-2026,110.43,4.47157
12-Mar-2026,31-Dec-2026,115.45,2.84597
12-Mar-2026,31-Dec-2026,120.469,1.69513
12-Mar-2026,29-Jan-2027,80.313,24.3669
12-Mar-2026,29-Jan-2027,85.3325,20.2445
12-Mar-2026,29-Jan-2027,90.3521,16.3968
12-Mar-2026,29-Jan-2027,95.3717,12.8871
12-Mar-2026,29-Jan-2027,100.391,9.77707
12-Mar-2026,29-Jan-2027,105.411,7.11833
12-Mar-2026,29-Jan-2027,110.43,4.94314
12-Mar-2026,29-Jan-2027,115.45,3.25497
12-Mar-2026,29-Jan-2027,120.469,2.02293
12-Mar-2026,26-Feb-2027,80.313,24.7314
12-Mar-2026,26-Feb-2027,85.3325,20.6514
12-Mar-2026,26-Feb-2027,90.3521,16.8421
12-Mar-2026,26-Feb-2027,95.3717,13.3619
12-Mar-2026,26-Feb-2027,100.391,10.2664
12-Mar-2026,26-Feb-2027,105.411,7.60169
12-Mar-2026,26-Feb-2027,110.43,5.39682
12-Mar-2026,26-Feb-2027,115.45,3.6558
12-Mar-2026,26-Feb-2027,120.469,2.35339
13-Mar-2026,20-Mar-2026,81.1427,20.3575
13-Mar-2026,20-Mar-2026,86.2141,15.2906
13-Mar-2026,20-Mar-2026,91.2855,10.225
13-Mar-2026,20-Mar-2026,96.357,5.23652
13-Mar-2026,20-Mar-2026,101.428,1.27991
13-Mar-2026,20-Mar-2026,106.5,0.0518912
13-Mar-2026,20-Mar-2026,111.571,8.57439e-05
13-Mar-2026,20-Mar-2026,116.643,2.9742e-09
13-Mar-2026,20-Mar-2026,121.714,5.95558e-15
13-Mar-2026,27-Mar-2026,81.1427,20.4163
13-Mar-2026,27-Mar-2026,86.2141,15.3538
13-Mar-2026,27-Mar-2026,91.2855,10.3097
13-Mar-2026,27-Mar-2026,96.357,5.47831
13-Mar-2026,27-Mar-2026,101.428,1.74508
13-Mar-2026,27-Mar-2026,106.5,0.198703
13-Mar-2026,27-Mar-2026,111.571,0.00407102
13-Mar-2026,27-Mar-2026,116.643,1.06931e-05
13-Mar-2026,27-Mar-2026,121.714,5.42783e-09
13-Mar-2026,02-Apr-2026,81.1427,20.4953
13-Mar-2026,02-Apr-2026,86.2141,15.4457
13-Mar-2026,02-Apr-2026,91.2855,10.4617
13-Mar-2026,02-Apr-2026,96.357,5.81724
13-Mar-2026,02-Apr-2026,101.428,2.2319
13-Mar-2026,02-Apr-2026,106.5,0.439608
13-Mar-2026,02-Apr-2026,111.571,0.0301497
13-Mar-2026,02-Apr-2026,116.643,0.000593165
13-Mar-2026,02-Apr-2026,121.714,4.26549e-06
13-Mar-2026,10-Apr-2026,81.1427,20.5633
13-Mar-2026,10-Apr-2026,86.2141,15.5331
13-Mar-2026,10-Apr-2026,91.2855,10.6114
13-Mar-2026,10-Apr-2026,96.357,6.09032
13-Mar-2026,10-Apr-2026,101.428,2.5763
13-Mar-2026,10-Apr-2026,106.5,0.648319
13-Mar-2026,10-Apr-2026,111.571,0.073499
13-Mar-2026,10-Apr-2026,116.643,0.00326427
13-Mar-2026,10-Apr-2026,121.714,6.77692e-05
13-Mar-2026,17-Apr-2026,81.1427,20.6496
13-Mar-2026,17-Apr-2026,86.2141,15.6509
13-Mar-2026,17-Apr-2026,91.2855,10.8055
13-Mar-2026,17-Apr-2026,96.357,6.40188
13-Mar-2026,17-Apr-2026,101.428,2.94426
13-Mar-2026,17-Apr-2026,106.5,0.896623
13-Mar-2026,17-Apr-2026,111.571,0.147551
13-Mar-2026,17-Apr-2026,116.643,0.0118249
13-Mar-2026,17-Apr-2026,121.714,0.000525308
13-Mar-2026,31-Mar-2026,81.1427,20.4688
13-Mar-2026,31-Mar-2026,86.2141,15.4136
13-Mar-2026,31-Mar-2026,91.2855,10.4069
13-Mar-2026,31-Mar-2026,96.357,5.705
13-Mar-2026,31-Mar-2026,101.428,2.08071
13-Mar-2026,31-Mar-2026,106.5,0.357063
13-Mar-2026,31-Mar-2026,111.571,0.0182581
13-Mar-2026,31-Mar-2026,116.643,0.000221582
13-Mar-2026,31-Mar-2026,121.714,8.46012e-07
13-Mar-2026,30-Apr-2026,81.1427,20.7986
13-Mar-2026,30-Apr-2026,86.2141,15.8596
13-Mar-2026,30-Apr-2026,91.2855,11.1259
13-Mar-2026,30-Apr-2026,96.357,6.86147
13-Mar-2026,30-Apr-2026,101.428,3.46017
13-Mar-2026,30-Apr-2026,106.5,1.27749
13-Mar-2026,30-Apr-2026,111.571,0.300712
13-Mar-2026,30-Apr-2026,116.643,0.041893
13-Mar-2026,30-Apr-2026,121.714,0.00375932
13-Mar-2026,29-May-2026,81.1427,21.145
13-Mar-2026,29-May-2026,86.2141,16.3332
13-Mar-2026,29-May-2026,91.2855,11.7828
13-Mar-2026,29-May-2026,96.357,7.7038
13-Mar-2026,29-May-2026,101.428,4.36504
13-Mar-2026,29-May-2026,106.5,2.00963
13-Mar-2026,29-May-2026,111.571,0.695645
13-Mar-2026,29-May-2026,116.643,0.172524
13-Mar-2026,29-May-2026,121.714,0.0317886
13-Mar-2026,30-Jun-2026,81.1427,21.5943
13-Mar-2026,30-Jun-2026,86.2141,16.9144
13-Mar-2026,30-Jun-2026,91.2855,12.5202
13-Mar-2026,30-Jun-2026,96.357,8.57688
13-Mar-2026,30-Jun-2026,101.428,5.27928
13-Mar-2026,30-Jun-2026,106.5,2.805
13-Mar-2026,30-Jun-2026,111.571,1.22773
13-Mar-2026,30-Jun-2026,116.643,0.427939
13-Mar-2026,30-Jun-2026,121.714,0.119908
13-Mar-2026,31-Jul-2026,81.1427,22.0292
13-Mar-2026,31-Jul-2026,86.2141,17.4526
13-Mar-2026,31-Jul-2026,91.2855,13.1686
13-Mar-2026,31-Jul-2026,96.357,9.31427
13-Mar-2026,31-Jul-2026,101.428,6.0444
13-Mar-2026,31-Jul-2026,106.5,3.49981
13-Mar-2026,31-Jul-2026,111.571,1.75158
13-Mar-2026,31-Jul-2026,116.643,0.7387
13-Mar-2026,31-Jul-2026,121.714,0.262058
13-Mar-2026,31-Aug-2026,81.1427,22.4664
13-Mar-2026,31-Aug-2026,86.2141,17.9776
13-Mar-2026,31-Aug-2026,91.2855,13.7824
13-Mar-2026,31-Aug-2026,96.357,9.99777
13-Mar-2026,31-Aug-2026,101.428,6.75146
13-Mar-2026,31-Aug-2026,106.5,4.15893
13-Mar-2026,31-Aug-2026,111.571,2.28447
13-Mar-2026,31-Aug-2026,116.643,1.09741
13-Mar-2026,31-Aug-2026,121.714,0.458198
13-Mar-2026,30-Sep-2026,81.1427,22.8901
13-Mar-2026,30-Sep-2026,86.2141,18.4761
13-Mar-2026,30-Sep-2026,91.2855,14.3541
13-Mar-2026,30-Sep-2026,96.357,10.626
13-Mar-2026,30-Sep-2026,101.428,7.40061
13-Mar-2026,30-Sep-2026,106.5,4.77501
13-Mar-2026,30-Sep-2026,111.571,2.80618
13-Mar-2026,30-Sep-2026,116.643,1.47949
13-Mar-2026,30-Sep-2026,121.714,0.694656
13-Mar-2026,30-Oct-2026,81.1427,23.3479
13-Mar-2026,30-Oct-2026,86.2141,19.0064
13-Mar-2026,30-Oct-2026,91.2855,14.9536
13-Mar-2026,30-Oct-2026,96.357,11.2789
13-Mar-2026,30-Oct-2026,101.428,8.07501
13-Mar-2026,30-Oct-2026,106.5,5.42364
13-Mar-2026,30-Oct-2026,111.571,3.37434
13-Mar-2026,30-Oct-2026,116.643,1.92204
13-Mar-2026,30-Oct-2026,121.714,0.995176
13-Mar-2026,30-Nov-2026,81.1427,23.7689
13-Mar-2026,30-Nov-2026,86.2141,19.4883
13-Mar-2026,30-Nov-2026,91.2855,15.4927
13-Mar-2026,30-Nov-2026,96.357,11.8621
13-Mar-2026,30-Nov-2026,101.428,8.67735
13-Mar-2026,30-Nov-2026,106.5,6.00884
13-Mar-2026,30-Nov-2026,111.571,3.89999
13-Mar-2026,30-Nov-2026,116.643,2.3506
13-Mar-2026,30-Nov-2026,121.714,1.30718
13-Mar-2026,31-Dec-2026,81.1427,24.2022
13-Mar-2026,31-Dec-2026,86.2141,19.9796
13-Mar-2026,31-Dec-2026,91.2855,16.0381
13-Mar-2026,31-Dec-2026,96.357,12.449
13-Mar-2026,31-Dec-2026,101.428,9.28349
13-Mar-2026,31-Dec-2026,106.5,6.6022
13-Mar-2026,31-Dec-2026,111.571,4.44308
13-Mar-2026,31-Dec-2026,116.643,2.80864
13-Mar-2026,31-Dec-2026,121.714,1.65847
13-Mar-2026,29-Jan-2027,81.1427,24.5904
13-Mar-2026,29-Jan-2027,86.2141,20.4168
13-Mar-2026,29-Jan-2027,91.2855,16.5203
13-Mar-2026,29-Jan-2027,96.357,12.9659
13-Mar-2026,29-Jan-2027,101.428,9.81722
13-Mar-2026,29-Jan-2027,106.5,7.12773
13-Mar-2026,29-Jan-2027,111.571,4.93104
13-Mar-2026,29-Jan-2027,116.643,3.23094
13-Mar-2026,29-Jan-2027,121.714,1.99545
13-Mar-2026,26-Feb-2027,81.1427,24.9635
13-Mar-2026,26-Feb-2027,86.2141,20.8344
13-Mar-2026,26-Feb-2027,91.2855,16.9786
13-Mar-2026,26-Feb-2027,96.357,13.4558
13-Mar-2026,26-Feb-2027,101.428,10.323
13-Mar-2026,26-Feb-2027,106.5,7.62793
13-Mar-2026,26-Feb-2027,111.571,5.40056
13-Mar-2026,26-Feb-2027,116.643,3.64524
13-Mar-2026,26-Feb-2027,121.714,2.33605
16-Mar-2026,20-Mar-2026,86.2196,15.2431
16-Mar-2026,20-Mar-2026,91.2913,10.1729
16-Mar-2026,20-Mar-2026,96.3631,5.10486
16-Mar-2026,20-Mar-2026,101.435,0.725306
16-Mar-2026,20-Mar-2026,106.507,0.000537726
16-Mar-2026,20-Mar-2026,111.578,8.66499e-12
16-Mar-2026,27-Mar-2026,81.1479,20.3851
16-Mar-2026,27-Mar-2026,86.2196,15.3196
16-Mar-2026,27-Mar-2026,91.2913,10.2585
16-Mar-2026,27-Mar-2026,96.3631,5.31701
16-Mar-2026,27-Mar-2026,101.435,1.43522
16-Mar-2026,27-Mar-2026,106.507,0.0858282
16-Mar-2026,27-Mar-2026,111.578,0.000356182
16-Mar-2026,27-Mar-2026,116.65,6.92986e-08
16-Mar-2026,27-Mar-2026,121.722,1.47417e-12
16-Mar-2026,02-Apr-2026,81.1479,20.4506
16-Mar-2026,02-Apr-2026,86.2196,15.3911
16-Mar-2026,02-Apr-2026,91.2913,10.3608
16-Mar-2026,02-Apr-2026,96.3631,5.57903
16-Mar-2026,02-Apr-2026,101.435,1.87715
16-Mar-2026,02-Apr-2026,106.507,0.247802
16-Mar-2026,02-Apr-2026,111.578,0.00687591
16-Mar-2026,02-Apr-2026,116.65,3.22772e-05
16-Mar-2026,02-Apr-2026,121.722,4.12733e-08
16-Mar-2026,10-Apr-2026,81.1479,20.5302
16-Mar-2026,10-Apr-2026,86.2196,15.4857
16-Mar-2026,10-Apr-2026,91.2913,10.5169
16-Mar-2026,10-Apr-2026,96.3631,5.89802
16-Mar-2026,10-Apr-2026,101.435,2.3125
16-Mar-2026,10-Apr-2026,106.507,0.473592
16-Mar-2026,10-Apr-2026,111.578,0.0345102
16-Mar-2026,10-Apr-2026,116.65,0.000780161
16-Mar-2026,10-Apr-2026,121.722,7.4013e-06
16-Mar-2026,17-Apr-2026,81.1479,20.6131
16-Mar-2026,17-Apr-2026,86.2196,15.5935
16-Mar-2026,17-Apr-2026,91.2913,10.6955
16-Mar-2026,17-Apr-2026,96.3631,6.20515
16-Mar-2026,17-Apr-2026,101.435,2.6898
16-Mar-2026,17-Apr-2026,106.507,0.70763
16-Mar-2026,17-Apr-2026,111.578,0.0863384
16-Mar-2026,17-Apr-2026,116.65,0.00441867
16-Mar-2026,17-Apr-2026,121.722,0.000117495
16-Mar-2026,31-Mar-2026,81.1479,20.4375
16-Mar-2026,31-Mar-2026,86.2196,15.3764
16-Mar-2026,31-Mar-2026,91.2913,10.338
16-Mar-2026,31-Mar-2026,96.3631,5.52552
16-Mar-2026,31-Mar-2026,101.435,1.79625
16-Mar-2026,31-Mar-2026,106.507,0.21243
16-Mar-2026,31-Mar-2026,111.578,0.00457842
16-Mar-2026,31-Mar-2026,116.65,1.4153e-05
16-Mar-2026,31-Mar-2026,121.722,1.05943e-08
16-Mar-2026,30-Apr-2026,81.1479,20.7393
16-Mar-2026,30-Apr-2026,86.2196,15.766
16-Mar-2026,30-Apr-2026,91.2913,10.967
16-Mar-2026,30-Apr-2026,96.3631,6.61573
16-Mar-2026,30-Apr-2026,101.435,3.1631
16-Mar-2026,30-Apr-2026,106.507,1.03763
16-Mar-2026,30-Apr-2026,111.578,0.194592
16-Mar-2026,30-Apr-2026,116.65,0.019356
16-Mar-2026,30-Apr-2026,121.722,0.00117807
16-Mar-2026,29-May-2026,81.1479,21.0862
16-Mar-2026,29-May-2026,86.2196,16.2406
16-Mar-2026,29-May-2026,91.2913,11.6407
16-Mar-2026,29-May-2026,96.3631,7.50677
16-Mar-2026,29-May-2026,101.435,4.13473
16-Mar-2026,29-May-2026,106.507,1.80098
16-Mar-2026,29-May-2026,111.578,0.565024
16-Mar-2026,29-May-2026,116.65,0.121411
16-Mar-2026,29-May-2026,121.722,0.0189544
16-Mar-2026,30-Jun-2026,81.1479,21.5031
16-Mar-2026,30-Jun-2026,86.2196,16.7846
16-Mar-2026,30-Jun-2026,91.2913,12.3425
16-Mar-2026,30-Jun-2026,96.3631,8.35208
16-Mar-2026,30-Jun-2026,101.435,5.02769
16-Mar-2026,30-Jun-2026,106.507,2.56864
16-Mar-2026,30-Jun-2026,111.578,1.05394
16-Mar-2026,30-Jun-2026,116.65,0.3346
16-Mar-2026,30-Jun-2026,121.722,0.0837495
16-Mar-2026,31-Jul-2026,81.1479,21.9509
16-Mar-2026,31-Jul-2026,86.2196,17.3437
16-Mar-2026,31-Jul-2026,91.2913,13.0244
16-Mar-2026,31-Jul-2026,96.3631,9.13701
16-Mar-2026,31-Jul-2026,101.435,5.84759
16-Mar-2026,31-Jul-2026,106.507,3.30929
16-Mar-2026,31-Jul-2026,111.578,1.59796
16-Mar-2026,31-Jul-2026,116.65,0.640321
16-Mar-2026,31-Jul-2026,121.722,0.213108
16-Mar-2026,31-Aug-2026,81.1479,22.3849
16-Mar-2026,31-Aug-2026,86.2196,17.869
16-Mar-2026,31-Aug-2026,91.2913,13.6443
16-Mar-2026,31-Aug-2026,96.3631,9.83327
16-Mar-2026,31-Aug-2026,101.435,6.5717
16-Mar-2026,31-Aug-2026,106.507,3.9832
16-Mar-2026,31-Aug-2026,111.578,2.13555
16-Mar-2026,31-Aug-2026,116.65,0.9916
16-Mar-2026,31-Aug-2026,121.722,0.396511
16-Mar-2026,30-Sep-2026,81.1479,22.8084
16-Mar-2026,30-Sep-2026,86.2196,18.3706
16-Mar-2026,30-Sep-2026,91.2913,14.2239
16-Mar-2026,30-Sep-2026,96.3631,10.4747
16-Mar-2026,30-Sep-2026,101.435,7.23742
16-Mar-2026,30-Sep-2026,106.507,4.61478
16-Mar-2026,30-Sep-2026,111.578,2.66613
16-Mar-2026,30-Sep-2026,116.65,1.37311
16-Mar-2026,30-Sep-2026,121.722,0.625672
16-Mar-2026,30-Oct-2026,81.1479,23.2481
16-Mar-2026,30-Oct-2026,86.2196,18.8832
16-Mar-2026,30-Oct-2026,91.2913,14.8073
16-Mar-2026,30-Oct-2026,96.3631,11.1138
16-Mar-2026,30-Oct-2026,101.435,7.90009
16-Mar-2026,30-Oct-2026,106.507,5.25216
16-Mar-2026,30-Oct-2026,111.578,3.22142
16-Mar-2026,30-Oct-2026,116.65,1.80016
16-Mar-2026,30-Oct-2026,121.722,0.909647
16-Mar-2026,30-Nov-2026,81.1479,23.6725
16-Mar-2026,30-Nov-2026,86.2196,19.3719
16-Mar-2026,30-Nov-2026,91.2913,15.3572
16-Mar-2026,30-Nov-2026,96.3631,11.7116
16-Mar-2026,30-Nov-2026,101.435,8.51945
16-Mar-2026,30-Nov-2026,106.507,5.85403
16-Mar-2026,30-Nov-2026,111.578,3.75996
16-Mar-2026,30-Nov-2026,116.65,2.23526
16-Mar-2026,30-Nov-2026,121.722,1.22166
16-Mar-2026,31-Dec-2026,81.1479,24.1296
16-Mar-2026,31-Dec-2026,86.2196,19.8928
16-Mar-2026,31-Dec-2026,91.2913,15.9382
16-Mar-2026,31-Dec-2026,96.3631,12.3395
16-Mar-2026,31-Dec-2026,101.435,9.16955
16-Mar-2026,31-Dec-2026,106.507,6.49082
16-Mar-2026,31-Dec-2026,111.578,4.34162
16-Mar-2026,31-Dec-2026,116.65,2.72325
16-Mar-2026,31-Dec-2026,121.722,1.59259
16-Mar-2026,29-Jan-2027,81.1479,24.5223
16-Mar-2026,29-Jan-2027,86.2196,20.3368
16-Mar-2026,29-Jan-2027,91.2913,16.4299
16-Mar-2026,29-Jan-2027,96.3631,12.8683
16-Mar-2026,29-Jan-2027,101.435,9.71688
16-Mar-2026,29-Jan-2027,106.507,7.0302
16-Mar-2026,29-Jan-2027,111.578,4.84201
16-Mar-2026,29-Jan-2027,116.65,3.15509
16-Mar-2026,29-Jan-2027,121.722,1.93548
16-Mar-2026,26-Feb-2027,81.1479,24.8813
16-Mar-2026,26-Feb-2027,86.2196,20.7403
16-Mar-2026,26-Feb-2027,91.2913,16.8744
16-Mar-2026,26-Feb-2027,96.3631,13.3446
16-Mar-2026,26-Feb-2027,101.435,10.2096
16-Mar-2026,26-Feb-2027,106.507,7.51791
16-Mar-2026,26-Feb-2027,111.578,5.29952
16-Mar-2026,26-Feb-2027,116.65,3.55792
16-Mar-2026,26-Feb-2027,121.722,2.26538
17-Mar-2026,20-Mar-2026,80.6983,20.1942
17-Mar-2026,20-Mar-2026,85.742,15.1518
17-Mar-2026,20-Mar-2026,90.7856,10.1094
17-Mar-2026,20-Mar-2026,95.8293,5.06757
17-Mar-2026,20-Mar-2026,100.873,0.647691
17-Mar-2026,20-Mar-2026,105.917,0.000151417
17-Mar-2026,20-Mar-2026,110.96,8.56543e-14
17-Mar-2026,27-Mar-2026,80.6983,20.2661
17-Mar-2026,27-Mar-2026,85.742,15.2282
17-Mar-2026,27-Mar-2026,90.7856,10.1945
17-Mar-2026,27-Mar-2026,95.8293,5.2802
17-Mar-2026,27-Mar-2026,100.873,1.42958
17-Mar-2026,27-Mar-2026,105.917,0.0894649
17-Mar-2026,27-Mar-2026,110.96,0.000435199
17-Mar-2026,27-Mar-2026,116.004,9.98367e-08
17-Mar-2026,27-Mar-2026,121.047,2.09277e-12
17-Mar-2026,02-Apr-2026,80.6983,20.3315
17-Mar-2026,02-Apr-2026,85.742,15.2997
17-Mar-2026,02-Apr-2026,90.7856,10.2988
17-Mar-2026,02-Apr-2026,95.8293,5.55462
17-Mar-2026,02-Apr-2026,100.873,1.89468
17-Mar-2026,02-Apr-2026,105.917,0.266523
17-Mar-2026,02-Apr-2026,110.96,0.00876657
17-Mar-2026,02-Apr-2026,116.004,5.15103e-05
17-Mar-2026,02-Apr-2026,121.047,7.74925e-08
17-Mar-2026,10-Apr-2026,80.6983,20.4111
17-Mar-2026,10-Apr-2026,85.742,15.3955
17-Mar-2026,10-Apr-2026,90.7856,10.4605
17-Mar-2026,10-Apr-2026,95.8293,5.88737
17-Mar-2026,10-Apr-2026,100.873,2.34732
17-Mar-2026,10-Apr-2026,105.917,0.509587
17-Mar-2026,10-Apr-2026,110.96,0.0426919
17-Mar-2026,10-Apr-2026,116.004,0.00116866
17-Mar-2026,10-Apr-2026,121.047,1.30779e-05
17-Mar-2026,17-Apr-2026,80.6983,20.4945
17-Mar-2026,17-Apr-2026,85.742,15.5057
17-Mar-2026,17-Apr-2026,90.7856,10.6461
17-Mar-2026,17-Apr-2026,95.8293,6.20575
17-Mar-2026,17-Apr-2026,100.873,2.73673
17-Mar-2026,17-Apr-2026,105.917,0.757923
17-Mar-2026,17-Apr-2026,110.96,0.103707
17-Mar-2026,17-Apr-2026,116.004,0.00622552
17-Mar-2026,17-Apr-2026,121.047,0.000191737
17-Mar-2026,31-Mar-2026,80.6983,20.3184
17-Mar-2026,31-Mar-2026,85.742,15.285
17-Mar-2026,31-Mar-2026,90.7856,10.2754
17-Mar-2026,31-Mar-2026,95.8293,5.4986
17-Mar-2026,31-Mar-2026,100.873,1.81006
17-Mar-2026,31-Mar-2026,105.917,0.228046
17-Mar-2026,31-Mar-2026,110.96,0.00585093
17-Mar-2026,31-Mar-2026,116.004,2.26878e-05
17-Mar-2026,31-Mar-2026,121.047,1.97885e-08
17-Mar-2026,30-Apr-2026,80.6983,20.6224
17-Mar-2026,30-Apr-2026,85.742,15.6833
17-Mar-2026,30-Apr-2026,90.7856,10.9273
17-Mar-2026,30-Apr-2026,95.8293,6.62884
17-Mar-2026,30-Apr-2026,100.873,3.22244
17-Mar-2026,30-Apr-2026,105.917,1.10377
17-Mar-2026,30-Apr-2026,110.96,0.226495
17-Mar-2026,30-Apr-2026,116.004,0.0255802
17-Mar-2026,30-Apr-2026,121.047,0.00176145
17-Mar-2026,29-May-2026,80.6983,20.9765
17-Mar-2026,29-May-2026,85.742,16.1713
17-Mar-2026,29-May-2026,90.7856,11.6201
17-Mar-2026,29-May-2026,95.8293,7.53972
17-Mar-2026,29-May-2026,100.873,4.21222
17-Mar-2026,29-May-2026,105.917,1.8915
17-Mar-2026,29-May-2026,110.96,0.628262
17-Mar-2026,29-May-2026,116.004,0.146607
17-Mar-2026,29-May-2026,121.047,0.0249965
17-Mar-2026,30-Jun-2026,80.6983,21.4024
17-Mar-2026,30-Jun-2026,85.742,16.7278
17-Mar-2026,30-Jun-2026,90.7856,12.3358
17-Mar-2026,30-Jun-2026,95.8293,8.39727
17-Mar-2026,30-Jun-2026,100.873,5.1153
17-Mar-2026,30-Jun-2026,105.917,2.67319
17-Mar-2026,30-Jun-2026,110.96,1.14073
17-Mar-2026,30-Jun-2026,116.004,0.383525
17-Mar-2026,30-Jun-2026,121.047,0.1026
17-Mar-2026,31-Jul-2026,80.6983,21.8583
17-Mar-2026,31-Jul-2026,85.742,17.2967
17-Mar-2026,31-Jul-2026,90.7856,13.0272
17-Mar-2026,31-Jul-2026,95.8293,9.18948
17-Mar-2026,31-Jul-2026,100.873,5.94051
17-Mar-2026,31-Jul-2026,105.917,3.42151
17-Mar-2026,31-Jul-2026,110.96,1.70038
17-Mar-2026,31-Jul-2026,116.004,0.710487
17-Mar-2026,31-Jul-2026,121.047,0.248958
17-Mar-2026,31-Aug-2026,80.6983,22.2989
17-Mar-2026,31-Aug-2026,85.742,17.829
17-Mar-2026,31-Aug-2026,90.7856,13.6532
17-Mar-2026,31-Aug-2026,95.8293,9.88978
17-Mar-2026,31-Aug-2026,100.873,6.66704
17-Mar-2026,31-Aug-2026,105.917,4.09927
17-Mar-2026,31-Aug-2026,110.96,2.24762
17-Mar-2026,31-Aug-2026,116.004,1.07781
17-Mar-2026,31-Aug-2026,121.047,0.448983
17-Mar-2026,30-Sep-2026,80.6983,22.7275
17-Mar-2026,30-Sep-2026,85.742,18.3357
17-Mar-2026,30-Sep-2026,90.7856,14.2368
17-Mar-2026,30-Sep-2026,95.8293,10.5334
17-Mar-2026,30-Sep-2026,100.873,7.33366
17-Mar-2026,30-Sep-2026,105.917,4.73271
17-Mar-2026,30-Sep-2026,110.96,2.7844
17-Mar-2026,30-Sep-2026,116.004,1.47135
17-Mar-2026,30-Sep-2026,121.047,0.69302
17-Mar-2026,30-Oct-2026,80.6983,23.1716
17-Mar-2026,30-Oct-2026,85.742,18.8523
17-Mar-2026,30-Oct-2026,90.7856,14.8231
17-Mar-2026,30-Oct-2026,95.8293,11.1737
17-Mar-2026,30-Oct-2026,100.873,7.99634
17-Mar-2026,30-Oct-2026,105.917,5.37082
17-Mar-2026,30-Oct-2026,110.96,3.34392
17-Mar-2026,30-Oct-2026,116.004,1.90796
17-Mar-2026,30-Oct-2026,121.047,0.990476
17-Mar-2026,30-Nov-2026,80.6983,23.5994
17-Mar-2026,30-Nov-2026,85.742,19.3438
17-Mar-2026,30-Nov-2026,90.7856,15.3748
17-Mar-2026,30-Nov-2026,95.8293,11.7719
17-Mar-2026,30-Nov-2026,100.873,8.61516
17-Mar-2026,30-Nov-2026,105.917,5.97265
17-Mar-2026,30-Nov-2026,110.96,3.88513
17-Mar-2026,30-Nov-2026,116.004,2.3501
17-Mar-2026,30-Nov-2026,121.047,1.31354
17-Mar-2026,31-Dec-2026,80.6983,24.0595
17-Mar-2026,31-Dec-2026,85.742,19.8671
17-Mar-2026,31-Dec-2026,90.7856,15.957
17-Mar-2026,31-Dec-2026,95.8293,12.3997
17-Mar-2026,31-Dec-2026,100.873,9.26432
17-Mar-2026,31-Dec-2026,105.917,6.60892
17-Mar-2026,31-Dec-2026,110.96,4.46859
17-Mar-2026,31-Dec-2026,116.004,2.84386
17-Mar-2026,31-Dec-2026,121.047,1.69442
17-Mar-2026,29-Jan-2027,80.6983,24.4543
17-Mar-2026,29-Jan-2027,85.742,20.3127
17-Mar-2026,29-Jan-2027,90.7856,16.4494
17-Mar-2026,29-Jan-2027,95.8293,12.9282
17-Mar-2026,29-Jan-2027,100.873,9.81065
17-Mar-2026,29-Jan-2027,105.917,7.1476
17-Mar-2026,29-Jan-2027,110.96,4.96991
17-Mar-2026,29-Jan-2027,116.004,3.27953
17-Mar-2026,29-Jan-2027,121.047,2.04444
17-Mar-2026,26-Feb-2027,80.6983,24.8149
17-Mar-2026,26-Feb-2027,85.742,20.7172
17-Mar-2026,26-Feb-2027,90.7856,16.8941
17-Mar-2026,26-Feb-2027,95.8293,13.4041
17-Mar-2026,26-Feb-2027,100.873,10.3024
17-Mar-2026,26-Feb-2027,105.917,7.63454
17-Mar-2026,26-Feb-2027,110.96,5.42792
17-Mar-2026,26-Feb-2027,116.004,3.68514
17-Mar-2026,26-Feb-2027,121.047,2.3799
18-Mar-2026,20-Mar-2026,80.7058,20.19
18-Mar-2026,20-Mar-2026,85.75,15.1467
18-Mar-2026,20-Mar-2026,90.7941,10.1035
18-Mar-2026,20-Mar-2026,95.8382,5.06021
18-Mar-2026,20-Mar-2026,100.882,0.507998
18-Mar-2026,20-Mar-2026,105.926,1.99827e-06
18-Mar-2026,20-Mar-2026,110.971,3.81903e-15
18-Mar-2026,20-Mar-2026,116.015,3.8075e-15
18-Mar-2026,20-Mar-2026,121.059,3.85497e-15
18-Mar-2026,27-Mar-2026,80.7058,20.2644
18-Mar-2026,27-Mar-2026,85.75,15.2258
18-Mar-2026,27-Mar-2026,90.7941,10.1894
18-Mar-2026,27-Mar-2026,95.8382,5.24437
18-Mar-2026,27-Mar-2026,100.882,1.33055
18-Mar-2026,27-Mar-2026,105.926,0.0610316
18-Mar-2026,27-Mar-2026,110.971,0.000129489
18-Mar-2026,27-Mar-2026,116.015,7.95141e-09
18-Mar-2026,27-Mar-2026,121.059,4.76067e-14
18-Mar-2026,02-Apr-2026,80.7058,20.332
18-Mar-2026,02-Apr-2026,85.75,15.2989
18-Mar-2026,02-Apr-2026,90.7941,10.2887
18-Mar-2026,02-Apr-2026,95.8382,5.50427
18-Mar-2026,02-Apr-2026,100.882,1.79636
18-Mar-2026,02-Apr-2026,105.926,0.215396
18-Mar-2026,02-Apr-2026,110.971,0.0048004
18-Mar-2026,02-Apr-2026,116.015,1.55517e-05
18-Mar-2026,02-Apr-2026,121.059,1.21759e-08
18-Mar-2026,10-Apr-2026,80.7058,20.4139
18-Mar-2026,10-Apr-2026,85.75,15.3945
18-Mar-2026,10-Apr-2026,90.7941,10.4429
18-Mar-2026,10-Apr-2026,95.8382,5.82762
18-Mar-2026,10-Apr-2026,100.882,2.24761
18-Mar-2026,10-Apr-2026,105.926,0.441117
18-Mar-2026,10-Apr-2026,110.971,0.0294072
18-Mar-2026,10-Apr-2026,116.015,0.000572627
18-Mar-2026,10-Apr-2026,121.059,4.44186e-06
18-Mar-2026,17-Apr-2026,80.7058,20.4988
18-Mar-2026,17-Apr-2026,85.75,15.5031
18-Mar-2026,17-Apr-2026,90.7941,10.6222
18-Mar-2026,17-Apr-2026,95.8382,6.14063
18-Mar-2026,17-Apr-2026,100.882,2.63602
18-Mar-2026,17-Apr-2026,105.926,0.678359
18-Mar-2026,17-Apr-2026,110.971,0.0792845
18-Mar-2026,17-Apr-2026,116.015,0.00377462
18-Mar-2026,17-Apr-2026,121.059,9.07414e-05
18-Mar-2026,31-Mar-2026,80.7058,20.3185
18-Mar-2026,31-Mar-2026,85.75,15.284
18-Mar-2026,31-Mar-2026,90.7941,10.2665
18-Mar-2026,31-Mar-2026,95.8382,5.45047
18-Mar-2026,31-Mar-2026,100.882,1.71188
18-Mar-2026,31-Mar-2026,105.926,0.18071
18-Mar-2026,31-Mar-2026,110.971,0.00299249
18-Mar-2026,31-Mar-2026,116.015,5.9158e-06
18-Mar-2026,31-Mar-2026,121.059,2.45469e-09
18-Mar-2026,30-Apr-2026,80.7058,20.6276
18-Mar-2026,30-Apr-2026,85.75,15.6777
18-Mar-2026,30-Apr-2026,90.7941,10.8972
18-Mar-2026,30-Apr-2026,95.8382,6.5599
18-Mar-2026,30-Apr-2026,100.882,3.1217
18-Mar-2026,30-Apr-2026,105.926,1.01486
18-Mar-2026,30-Apr-2026,110.971,0.187317
18-Mar-2026,30-Apr-2026,116.015,0.0181233
18-Mar-2026,30-Apr-2026,121.059,0.00105725
18-Mar-2026,29-May-2026,80.7058,20.9822
18-Mar-2026,29-May-2026,85.75,16.1614
18-Mar-2026,29-May-2026,90.7941,11.5844
18-Mar-2026,29-May-2026,95.8382,7.47121
18-Mar-2026,29-May-2026,100.882,4.11731
18-Mar-2026,29-May-2026,105.926,1.79668
18-Mar-2026,29-May-2026,110.971,0.565986
18-Mar-2026,29-May-2026,116.015,0.122206
18-Mar-2026,29-May-2026,121.059,0.0191029
18-Mar-2026,30-Jun-2026,80.7058,21.4098
18-Mar-2026,30-Jun-2026,85.75,16.7188
18-Mar-2026,30-Jun-2026,90.7941,12.3031
18-Mar-2026,30-Jun-2026,95.8382,8.3372
18-Mar-2026,30-Jun-2026,100.882,5.03271
18-Mar-2026,30-Jun-2026,105.926,2.58507
18-Mar-2026,30-Jun-2026,110.971,1.07072
18-Mar-2026,30-Jun-2026,116.015,0.344507
18-Mar-2026,30-Jun-2026,121.059,0.0874657
18-Mar-2026,31-Jul-2026,80.7058,21.8703
18-Mar-2026,31-Jul-2026,85.75,17.2931
18-Mar-2026,31-Jul-2026,90.7941,13.0031
18-Mar-2026,31-Jul-2026,95.8382,9.14241
18-Mar-2026,31-Jul-2026,100.882,5.87399
18-Mar-2026,31-Jul-2026,105.926,3.34672
18-Mar-2026,31-Jul-2026,110.971,1.63377
18-Mar-2026,31-Jul-2026,116.015,0.664976
18-Mar-2026,31-Jul-2026,121.059,0.225476
18-Mar-2026,31-Aug-2026,80.7058,22.3174
18-Mar-2026,31-Aug-2026,85.75,17.8336
18-Mar-2026,31-Aug-2026,90.7941,13.6402
18-Mar-2026,31-Aug-2026,95.8382,9.85733
18-Mar-2026,31-Aug-2026,100.882,6.61751
18-Mar-2026,31-Aug-2026,105.926,4.04015
18-Mar-2026,31-Aug-2026,110.971,2.19038
18-Mar-2026,31-Aug-2026,116.015,1.03323
18-Mar-2026,31-Aug-2026,121.059,0.421357
18-Mar-2026,30-Sep-2026,80.7058,22.754
18-Mar-2026,30-Sep-2026,85.75,18.3502
18-Mar-2026,30-Sep-2026,90.7941,14.2362
18-Mar-2026,30-Sep-2026,95.8382,10.5163
18-Mar-2026,30-Sep-2026,100.882,7.30137
18-Mar-2026,30-Sep-2026,105.926,4.69018
18-Mar-2026,30-Sep-2026,110.971,2.73957
18-Mar-2026,30-Sep-2026,116.015,1.4326
18-Mar-2026,30-Sep-2026,121.059,0.665531
18-Mar-2026,30-Oct-2026,80.7058,23.2077
18-Mar-2026,30-Oct-2026,85.75,18.8783
18-Mar-2026,30-Oct-2026,90.7941,14.8365
18-Mar-2026,30-Oct-2026,95.8382,11.1731
18-Mar-2026,30-Oct-2026,100.882,7.98223
18-Mar-2026,30-Oct-2026,105.926,5.34618
18-Mar-2026,30-Oct-2026,110.971,3.31399
18-Mar-2026,30-Oct-2026,116.015,1.87886
18-Mar-2026,30-Oct-2026,121.059,0.967071
18-Mar-2026,30-Nov-2026,80.7058,23.6457
18-Mar-2026,30-Nov-2026,85.75,19.3819
18-Mar-2026,30-Nov-2026,90.7941,15.4024
18-Mar-2026,30-Nov-2026,95.8382,11.7875
18-Mar-2026,30-Nov-2026,100.882,8.61864
18-Mar-2026,30-Nov-2026,105.926,5.96556
18-Mar-2026,30-Nov-2026,110.971,3.87074
18-Mar-2026,30-Nov-2026,116.015,2.33269
18-Mar-2026,30-Nov-2026,121.059,1.2972
18-Mar-2026,31-Dec-2026,80.7058,24.1176
18-Mar-2026,31-Dec-2026,85.75,19.9189
18-Mar-2026,31-Dec-2026,90.7941,16.0003
18-Mar-2026,31-Dec-2026,95.8382,12.4329
18-Mar-2026,31-Dec-2026,100.882,9.28661
18-Mar-2026,31-Dec-2026,105.926,6.62075
18-Mar-2026,31-Dec-2026,110.971,4.47164
18-Mar-2026,31-Dec-2026,116.015,2.84083
18-Mar-2026,31-Dec-2026,121.059,1.68836
18-Mar-2026,29-Jan-2027,80.7058,24.5229
18-Mar-2026,29-Jan-2027,85.75,20.3765
18-Mar-2026,29-Jan-2027,90.7941,16.5062
18-Mar-2026,29-Jan-2027,95.8382,12.9764
18-Mar-2026,29-Jan-2027,100.882,9.8489
18-Mar-2026,29-Jan-2027,105.926,7.17557
18-Mar-2026,29-Jan-2027,110.971,4.98825
18-Mar-2026,29-Jan-2027,116.015,3.28981
18-Mar-2026,29-Jan-2027,121.059,2.04888
18-Mar-2026,26-Feb-2027,80.7058,24.8935
18-Mar-2026,26-Feb-2027,85.75,20.7922
18-Mar-2026,26-Feb-2027,90.7941,16.9634
18-Mar-2026,26-Feb-2027,95.8382,13.4658
18-Mar-2026,26-Feb-2027,100.882,10.3551
18-Mar-2026,26-Feb-2027,105.926,7.67713
18-Mar-2026,26-Feb-2027,110.971,5.46034
18-Mar-2026,26-Feb-2027,116.015,3.70813
18-Mar-2026,26-Feb-2027,121.059,2.39494
19-Mar-2026,20-Mar-2026,80.5843,20.1527
19-Mar-2026,20-Mar-2026,85.6208,15.1165
19-Mar-2026,20-Mar-2026,90.6573,10.0804
19-Mar-2026,20-Mar-2026,95.6938,5.04433
19-Mar-2026,20-Mar-2026,100.73,0.370713
19-Mar-2026,20-Mar-2026,105.767,6.08723e-09
19-Mar-2026,20-Mar-2026,115.84,2.87735e-16
19-Mar-2026,20-Mar-2026,120.876,2.91783e-16
19-Mar-2026,27-Mar-2026,80.5843,20.225
19-Mar-2026,27-Mar-2026,85.6208,15.1934
19-Mar-2026,27-Mar-2026,90.6573,10.1639
19-Mar-2026,27-Mar-2026,95.6938,5.22402
19-Mar-2026,27-Mar-2026,100.73,1.32264
19-Mar-2026,27-Mar-2026,105.767,0.0625412
19-Mar-2026,27-Mar-2026,110.803,0.000151846
19-Mar-2026,27-Mar-2026,115.84,1.04324e-08
19-Mar-2026,27-Mar-2026,120.876,5.03636e-14
19-Mar-2026,02-Apr-2026,80.5843,20.2908
19-Mar-2026,02-Apr-2026,85.6208,15.2647
19-Mar-2026,02-Apr-2026,90.6573,10.2629
19-Mar-2026,02-Apr-2026,95.6938,5.49674
19-Mar-2026,02-Apr-2026,100.73,1.81858
19-Mar-2026,02-Apr-2026,105.767,0.233664
19-Mar-2026,02-Apr-2026,110.803,0.00630831
19-Mar-2026,02-Apr-2026,115.84,2.64694e-05
19-Mar-2026,02-Apr-2026,120.876,2.50611e-08
19-Mar-2026,10-Apr-2026,80.5843,20.3706
19-Mar-2026,10-Apr-2026,85.6208,15.3592
19-Mar-2026,10-Apr-2026,90.6573,10.4219
19-Mar-2026,10-Apr-2026,95.6938,5.83707
19-Mar-2026,10-Apr-2026,100.73,2.2941
19-Mar-2026,10-Apr-2026,105.767,0.481946
19-Mar-2026,10-Apr-2026,110.803,0.0379504
19-Mar-2026,10-Apr-2026,115.84,0.000934774
19-Mar-2026,10-Apr-2026,120.876,8.94816e-06
19-Mar-2026,17-Apr-2026,80.5843,20.454
19-Mar-2026,17-Apr-2026,85.6208,15.4689
19-Mar-2026,17-Apr-2026,90.6573,10.6088
19-Mar-2026,17-Apr-2026,95.6938,6.16576
19-Mar-2026,17-Apr-2026,100.73,2.70175
19-Mar-2026,17-Apr-2026,105.767,0.740322
19-Mar-2026,17-Apr-2026,110.803,0.0998039
19-Mar-2026,17-Apr-2026,115.84,0.00583032
19-Mar-2026,17-Apr-2026,120.876,0.000170457
19-Mar-2026,31-Mar-2026,80.5843,20.2776
19-Mar-2026,31-Mar-2026,85.6208,15.2501
19-Mar-2026,31-Mar-2026,90.6573,10.2404
19-Mar-2026,31-Mar-2026,95.6938,5.44009
19-Mar-2026,31-Mar-2026,100.73,1.72916
19-Mar-2026,31-Mar-2026,105.767,0.195247
19-Mar-2026,31-Mar-2026,110.803,0.00392281
19-Mar-2026,31-Mar-2026,115.84,1.00156e-05
19-Mar-2026,31-Mar-2026,120.876,4.93549e-09
19-Mar-2026,30-Apr-2026,80.5843,20.5823
19-Mar-2026,30-Apr-2026,85.6208,15.6481
19-Mar-2026,30-Apr-2026,90.6573,10.8967
19-Mar-2026,30-Apr-2026,95.6938,6.60506
19-Mar-2026,30-Apr-2026,100.73,3.21054
19-Mar-2026,30-Apr-2026,105.767,1.10388
19-Mar-2026,30-Apr-2026,110.803,0.229404
19-Mar-2026,30-Apr-2026,115.84,0.0263685
19-Mar-2026,30-Apr-2026,120.876,0.00183059
19-Mar-2026,29-May-2026,80.5843,20.943
19-Mar-2026,29-May-2026,85.6208,16.15
19-Mar-2026,29-May-2026,90.6573,11.6161
19-Mar-2026,29-May-2026,95.6938,7.55803
19-Mar-2026,29-May-2026,100.73,4.25237
19-Mar-2026,29-May-2026,105.767,1.94095
19-Mar-2026,29-May-2026,110.803,0.665828
19-Mar-2026,29-May-2026,115.84,0.163134
19-Mar-2026,29-May-2026,120.876,0.0293386
19-Mar-2026,30-Jun-2026,80.5843,21.3839
19-Mar-2026,30-Jun-2026,85.6208,16.7313
19-Mar-2026,30-Jun-2026,90.6573,12.3681
19-Mar-2026,30-Jun-2026,95.6938,8.46275
19-Mar-2026,30-Jun-2026,100.73,5.20983
19-Mar-2026,30-Jun-2026,105.767,2.77886
19-Mar-2026,30-Jun-2026,110.803,1.22949
19-Mar-2026,30-Jun-2026,115.84,0.43645
19-Mar-2026,30-Jun-2026,120.876,0.124678
19-Mar-2026,31-Jul-2026,80.5843,21.8614
19-Mar-2026,31-Jul-2026,85.6208,17.3309
19-Mar-2026,31-Jul-2026,90.6573,13.0999
19-Mar-2026,31-Jul-2026,95.6938,9.30359
19-Mar-2026,31-Jul-2026,100.73,6.08933
19-Mar-2026,31-Jul-2026,105.767,3.58453
19-Mar-2026,31-Jul-2026,110.803,1.84647
19-Mar-2026,31-Jul-2026,115.84,0.813516
19-Mar-2026,31-Jul-2026,120.876,0.304872
19-Mar-2026,31-Aug-2026,80.5843,22.3261
19-Mar-2026,31-Aug-2026,85.6208,17.8953
19-Mar-2026,31-Aug-2026,90.6573,13.7656
19-Mar-2026,31-Aug-2026,95.6938,10.0497
19-Mar-2026,31-Aug-2026,100.73,6.86601
19-Mar-2026,31-Aug-2026,105.767,4.31554
19-Mar-2026,31-Aug-2026,110.803,2.44907
19-Mar-2026,31-Aug-2026,115.84,1.23436
19-Mar-2026,31-Aug-2026,120.876,0.548449
19-Mar-2026,30-Sep-2026,80.5843,22.7803
19-Mar-2026,30-Sep-2026,85.6208,18.4344
19-Mar-2026,30-Sep-2026,90.6573,14.3878
19-Mar-2026,30-Sep-2026,95.6938,10.7368
19-Mar-2026,30-Sep-2026,100.73,7.57967
19-Mar-2026,30-Sep-2026,105.767,4.99896
19-Mar-2026,30-Sep-2026,110.803,3.03877
19-Mar-2026,30-Sep-2026,115.84,1.68182
19-Mar-2026,30-Sep-2026,120.876,0.84142
19-Mar-2026,30-Oct-2026,80.5843,23.2524
19-Mar-2026,30-Oct-2026,85.6208,18.9853
19-Mar-2026,30-Oct-2026,90.6573,15.0139
19-Mar-2026,30-Oct-2026,95.6938,11.4211
19-Mar-2026,30-Oct-2026,100.73,8.28941
19-Mar-2026,30-Oct-2026,105.767,5.68706
19-Mar-2026,30-Oct-2026,110.803,3.65171
19-Mar-2026,30-Oct-2026,115.84,2.17455
19-Mar-2026,30-Oct-2026,120.876,1.19343
19-Mar-2026,30-Nov-2026,80.5843,23.708
19-Mar-2026,30-Nov-2026,85.6208,19.5101
19-Mar-2026,30-Nov-2026,90.6573,15.6033
19-Mar-2026,30-Nov-2026,95.6938,12.0605
19-Mar-2026,30-Nov-2026,100.73,8.95202
19-Mar-2026,30-Nov-2026,105.767,6.33536
19-Mar-2026,30-Nov-2026,110.803,4.24283
19-Mar-2026,30-Nov-2026,115.84,2.67008
19-Mar-2026,30-Nov-2026,120.876,1.57076
19-Mar-2026,31-Dec-2026,80.5843,24.1986
19-Mar-2026,31-Dec-2026,85.6208,20.0691
19-Mar-2026,31-Dec-2026,90.6573,16.2254
19-Mar-2026,31-Dec-2026,95.6938,12.7312
19-Mar-2026,31-Dec-2026,100.73,9.64659
19-Mar-2026,31-Dec-2026,105.767,7.01979
19-Mar-2026,31-Dec-2026,110.803,4.87816
19-Mar-2026,31-Dec-2026,115.84,3.21997
19-Mar-2026,31-Dec-2026,120.876,2.01038
19-Mar-2026,29-Jan-2027,80.5843,24.6197
19-Mar-2026,29-Jan-2027,85.6208,20.5448
19-Mar-2026,29-Jan-2027,90.6573,16.7511
19-Mar-2026,29-Jan-2027,95.6938,13.2954
19-Mar-2026,29-Jan-2027,100.73,10.2305
19-Mar-2026,29-Jan-2027,105.767,7.59833
19-Mar-2026,29-Jan-2027,110.803,5.4225
19-Mar-2026,29-Jan-2027,115.84,3.70247
19-Mar-2026,29-Jan-2027,120.876,2.41038
19-Mar-2026,26-Feb-2027,80.5843,25.0043
19-Mar-2026,26-Feb-2027,85.6208,20.9766
19-Mar-2026,26-Feb-2027,90.6573,17.2256
19-Mar-2026,26-Feb-2027,95.6938,13.8029
19-Mar-2026,26-Feb-2027,100.73,10.7556
19-Mar-2026,26-Feb-2027,105.767,8.12055
19-Mar-2026,26-Feb-2027,110.803,5.91859
19-Mar-2026,26-Feb-2027,115.84,4.14972
19-Mar-2026,26-Feb-2027,120.876,2.79075
20-Mar-2026,27-Mar-2026,80.4233,20.178
20-Mar-2026,27-Mar-2026,85.4498,15.1561
20-Mar-2026,27-Mar-2026,90.4762,10.1351
20-Mar-2026,27-Mar-2026,95.5027,5.17932
20-Mar-2026,27-Mar-2026,100.529,1.22037
20-Mar-2026,27-Mar-2026,105.556,0.0396318
20-Mar-2026,27-Mar-2026,110.582,3.4376e-05
20-Mar-2026,27-Mar-2026,115.608,4.59809e-10
20-Mar-2026,02-Apr-2026,80.4233,20.2437
20-Mar-2026,02-Apr-2026,85.4498,15.2266
20-Mar-2026,02-Apr-2026,90.4762,10.2272
20-Mar-2026,02-Apr-2026,95.5027,5.43175
20-Mar-2026,02-Apr-2026,100.529,1.7109
20-Mar-2026,02-Apr-2026,105.556,0.182123
20-Mar-2026,02-Apr-2026,110.582,0.00307297
20-Mar-2026,02-Apr-2026,115.608,6.39826e-06
20-Mar-2026,02-Apr-2026,120.635,2.92605e-09
20-Mar-2026,10-Apr-2026,80.4233,20.323
20-Mar-2026,10-Apr-2026,85.4498,15.3182
20-Mar-2026,10-Apr-2026,90.4762,10.3749
20-Mar-2026,10-Apr-2026,95.5027,5.75482
20-Mar-2026,10-Apr-2026,100.529,2.17354
20-Mar-2026,10-Apr-2026,105.556,0.401504
20-Mar-2026,10-Apr-2026,110.582,0.0234303
20-Mar-2026,10-Apr-2026,115.608,0.00037757
20-Mar-2026,10-Apr-2026,120.635,2.39941e-06
20-Mar-2026,17-Apr-2026,80.4233,20.4051
20-Mar-2026,17-Apr-2026,85.4498,15.4231
20-Mar-2026,17-Apr-2026,90.4762,10.5504
20-Mar-2026,17-Apr-2026,95.5027,6.06893
20-Mar-2026,17-Apr-2026,100.529,2.56642
20-Mar-2026,17-Apr-2026,105.556,0.633646
20-Mar-2026,17-Apr-2026,110.582,0.067786
20-Mar-2026,17-Apr-2026,115.608,0.00288411
20-Mar-2026,17-Apr-2026,120.635,6.30666e-05
20-Mar-2026,24-Apr-2026,80.4233,20.4699
20-Mar-2026,24-Apr-2026,85.4498,15.5107
20-Mar-2026,24-Apr-2026,90.4762,10.6926
20-Mar-2026,24-Apr-2026,95.5027,6.2951
20-Mar-2026,24-Apr-2026,100.529,2.83217
20-Mar-2026,24-Apr-2026,105.556,0.80824
20-Mar-2026,24-Apr-2026,110.582,0.115368
20-Mar-2026,24-Apr-2026,115.608,0.00771285
20-Mar-2026,24-Apr-2026,120.635,0.000298201
20-Mar-2026,31-Mar-2026,80.4233,20.2305
20-Mar-2026,31-Mar-2026,85.4498,15.2123
20-Mar-2026,31-Mar-2026,90.4762,10.2064
20-Mar-2026,31-Mar-2026,95.5027,5.3785
20-Mar-2026,31-Mar-2026,100.529,1.62321
20-Mar-2026,31-Mar-2026,105.556,0.148993
20-Mar-2026,31-Mar-2026,110.582,0.00177037
20-Mar-2026,31-Mar-2026,115.608,2.04783e-06
20-Mar-2026,31-Mar-2026,120.635,4.38114e-10
20-Mar-2026,30-Apr-2026,80.4233,20.5303
20-Mar-2026,30-Apr-2026,85.4498,15.5942
20-Mar-2026,30-Apr-2026,90.4762,10.8232
20-Mar-2026,30-Apr-2026,95.5027,6.48935
20-Mar-2026,30-Apr-2026,100.529,3.05315
20-Mar-2026,30-Apr-2026,105.556,0.96205
20-Mar-2026,30-Apr-2026,110.582,0.166288
20-Mar-2026,30-Apr-2026,115.608,0.0149351
20-Mar-2026,30-Apr-2026,120.635,0.000835661
20-Mar-2026,29-May-2026,80.4233,20.8803
20-Mar-2026,29-May-2026,85.4498,16.0753
20-Mar-2026,29-May-2026,90.4762,11.5099
20-Mar-2026,29-May-2026,95.5027,7.39985
20-Mar-2026,29-May-2026,100.529,4.04025
20-Mar-2026,29-May-2026,105.556,1.71903
20-Mar-2026,29-May-2026,110.582,0.514167
20-Mar-2026,29-May-2026,115.608,0.104803
20-Mar-2026,29-May-2026,120.635,0.016069
20-Mar-2026,30-Jun-2026,80.4233,21.3088
20-Mar-2026,30-Jun-2026,85.4498,16.635
20-Mar-2026,30-Jun-2026,90.4762,12.2295
20-Mar-2026,30-Jun-2026,95.5027,8.26077
20-Mar-2026,30-Jun-2026,100.529,4.9396
20-Mar-2026,30-Jun-2026,105.556,2.47684
20-Mar-2026,30-Jun-2026,110.582,0.978168
20-Mar-2026,30-Jun-2026,115.608,0.296737
20-Mar-2026,30-Jun-2026,120.635,0.0730943
20-Mar-2026,31-Jul-2026,80.4233,21.7738
20-Mar-2026,31-Jul-2026,85.4498,17.2134
20-Mar-2026,31-Jul-2026,90.4762,12.9296
20-Mar-2026,31-Jul-2026,95.5027,9.05822
20-Mar-2026,31-Jul-2026,100.529,5.76232
20-Mar-2026,31-Jul-2026,105.556,3.20736
20-Mar-2026,31-Jul-2026,110.582,1.49791
20-Mar-2026,31-Jul-2026,115.608,0.574422
20-Mar-2026,31-Jul-2026,120.635,0.186244
20-Mar-2026,31-Aug-2026,80.4233,22.2268
20-Mar-2026,31-Aug-2026,85.4498,17.7581
20-Mar-2026,31-Aug-2026,90.4762,13.5658
20-Mar-2026,31-Aug-2026,95.5027,9.7646
20-Mar-2026,31-Aug-2026,100.529,6.48829
20-Mar-2026,31-Aug-2026,105.556,3.87323
20-Mar-2026,31-Aug-2026,110.582,2.01533
20-Mar-2026,31-Aug-2026,115.608,0.89717
20-Mar-2026,31-Aug-2026,120.635,0.34656
20-Mar-2026,30-Sep-2026,80.4233,22.6696
20-Mar-2026,30-Sep-2026,85.4498,18.2782
20-Mar-2026,30-Sep-2026,90.4762,14.1603
20-Mar-2026,30-Sep-2026,95.5027,10.415
20-Mar-2026,30-Sep-2026,100.529,7.15619
20-Mar-2026,30-Sep-2026,105.556,4.49918
20-Mar-2026,30-Sep-2026,110.582,2.5299
20-Mar-2026,30-Sep-2026,115.608,1.25233
20-Mar-2026,30-Sep-2026,120.635,0.548695
20-Mar-2026,30-Oct-2026,80.4233,23.1297
20-Mar-2026,30-Oct-2026,85.4498,18.8096
20-Mar-2026,30-Oct-2026,90.4762,14.7584
20-Mar-2026,30-Oct-2026,95.5027,11.0633
20-Mar-2026,30-Oct-2026,100.529,7.82209
20-Mar-2026,30-Oct-2026,105.556,5.13318
20-Mar-2026,30-Oct-2026,110.582,3.07248
20-Mar-2026,30-Oct-2026,115.608,1.6553
20-Mar-2026,30-Oct-2026,120.635,0.803
20-Mar-2026,30-Nov-2026,80.4233,23.5737
20-Mar-2026,30-Nov-2026,85.4498,19.3157
20-Mar-2026,30-Nov-2026,90.4762,15.3221
20-Mar-2026,30-Nov-2026,95.5027,11.6702
20-Mar-2026,30-Nov-2026,100.529,8.44577
20-Mar-2026,30-Nov-2026,105.556,5.73418
20-Mar-2026,30-Nov-2026,110.582,3.60245
20-Mar-2026,30-Nov-2026,115.608,2.07111
20-Mar-2026,30-Nov-2026,120.635,1.08733
20-Mar-2026,31-Dec-2026,80.4233,24.0516
20-Mar-2026,31-Dec-2026,85.4498,19.855
20-Mar-2026,31-Dec-2026,90.4762,15.9176
20-Mar-2026,31-Dec-2026,95.5027,12.3082
20-Mar-2026,31-Dec-2026,100.529,9.10197
20-Mar-2026,31-Dec-2026,105.556,6.37258
20-Mar-2026,31-Dec-2026,110.582,4.1787
20-Mar-2026,31-Dec-2026,115.608,2.543
20-Mar-2026,31-Dec-2026,120.635,1.43144
20-Mar-2026,29-Jan-2027,80.4233,24.4618
20-Mar-2026,29-Jan-2027,85.4498,20.3144
20-Mar-2026,29-Jan-2027,90.4762,16.4217
20-Mar-2026,29-Jan-2027,95.5027,12.8463
20-Mar-2026,29-Jan-2027,100.529,9.65574
20-Mar-2026,29-Jan-2027,105.556,6.9153
20-Mar-2026,29-Jan-2027,110.582,4.67737
20-Mar-2026,29-Jan-2027,115.608,2.96482
20-Mar-2026,29-Jan-2027,120.635,1.75464
20-Mar-2026,26-Feb-2027,80.4233,24.8365
20-Mar-2026,26-Feb-2027,85.4498,20.7317
20-Mar-2026,26-Feb-2027,90.4762,16.8774
20-Mar-2026,26-Feb-2027,95.5027,13.3316
20-Mar-2026,26-Feb-2027,100.529,10.1553
20-Mar-2026,26-Feb-2027,105.556,7.40756
20-Mar-2026,26-Feb-2027,110.582,5.13548
20-Mar-2026,26-Feb-2027,115.608,3.36144
20-Mar-2026,26-Feb-2027,120.635,2.06961
23-Mar-2026,27-Mar-2026,86.9544,15.3732
23-Mar-2026,27-Mar-2026,92.0693,10.2599
23-Mar-2026,27-Mar-2026,97.1843,5.14952
23-Mar-2026,27-Mar-2026,102.299,0.765659
23-Mar-2026,27-Mar-2026,107.414,0.00101478
23-Mar-2026,27-Mar-2026,112.529,1.14165e-10
23-Mar-2026,02-Apr-2026,81.8394,20.5662
23-Mar-2026,02-Apr-2026,86.9544,15.4581
23-Mar-2026,02-Apr-2026,92.0693,10.3581
23-Mar-2026,02-Apr-2026,97.1843,5.41377
23-Mar-2026,02-Apr-2026,102.299,1.56602
23-Mar-2026,02-Apr-2026,107.414,0.126879
23-Mar-2026,02-Apr-2026,112.529,0.00116254
23-Mar-2026,02-Apr-2026,117.644,7.926e-07
23-Mar-2026,02-Apr-2026,122.759,7.0276e-11
23-Mar-2026,10-Apr-2026,81.8394,20.6462
23-Mar-2026,10-Apr-2026,86.9544,15.548
23-Mar-2026,10-Apr-2026,92.0693,10.4992
23-Mar-2026,10-Apr-2026,97.1843,5.75846
23-Mar-2026,10-Apr-2026,102.299,2.102
23-Mar-2026,10-Apr-2026,107.414,0.3603
23-Mar-2026,10-Apr-2026,112.529,0.0183135
23-Mar-2026,10-Apr-2026,117.644,0.000223895
23-Mar-2026,10-Apr-2026,122.759,8.93579e-07
23-Mar-2026,17-Apr-2026,81.8394,20.7076
23-Mar-2026,17-Apr-2026,86.9544,15.6243
23-Mar-2026,17-Apr-2026,92.0693,10.6306
23-Mar-2026,17-Apr-2026,97.1843,6.01507
23-Mar-2026,17-Apr-2026,102.299,2.43804
23-Mar-2026,17-Apr-2026,107.414,0.551049
23-Mar-2026,17-Apr-2026,112.529,0.0501232
23-Mar-2026,17-Apr-2026,117.644,0.00158706
23-Mar-2026,17-Apr-2026,122.759,2.19377e-05
23-Mar-2026,24-Apr-2026,81.8394,20.7935
23-Mar-2026,24-Apr-2026,86.9544,15.7399
23-Mar-2026,24-Apr-2026,92.0693,10.8257
23-Mar-2026,24-Apr-2026,97.1843,6.34377
23-Mar-2026,24-Apr-2026,102.299,2.83504
23-Mar-2026,24-Apr-2026,107.414,0.807513
23-Mar-2026,24-Apr-2026,112.529,0.116499
23-Mar-2026,24-Apr-2026,117.644,0.00770686
23-Mar-2026,24-Apr-2026,122.759,0.000276222
23-Mar-2026,31-Mar-2026,81.8394,20.5264
23-Mar-2026,31-Mar-2026,86.9544,15.4156
23-Mar-2026,31-Mar-2026,92.0693,10.3055
23-Mar-2026,31-Mar-2026,97.1843,5.25774
23-Mar-2026,31-Mar-2026,102.299,1.22646
23-Mar-2026,31-Mar-2026,107.414,0.0395472
23-Mar-2026,31-Mar-2026,112.529,3.58843e-05
23-Mar-2026,31-Mar-2026,117.644,4.49221e-10
23-Mar-2026,30-Apr-2026,81.8394,20.8544
23-Mar-2026,30-Apr-2026,86.9544,15.8251
23-Mar-2026,30-Apr-2026,92.0693,10.963
23-Mar-2026,30-Apr-2026,97.1843,6.55374
23-Mar-2026,30-Apr-2026,102.299,3.07692
23-Mar-2026,30-Apr-2026,107.414,0.976584
23-Mar-2026,30-Apr-2026,112.529,0.173313
23-Mar-2026,30-Apr-2026,117.644,0.0158554
23-Mar-2026,30-Apr-2026,122.759,0.000860838
23-Mar-2026,29-May-2026,81.8394,21.2131
23-Mar-2026,29-May-2026,86.9544,16.3264
23-Mar-2026,29-May-2026,92.0693,11.6917
23-Mar-2026,29-May-2026,97.1843,7.53226
23-Mar-2026,29-May-2026,102.299,4.14464
23-Mar-2026,29-May-2026,107.414,1.80265
23-Mar-2026,29-May-2026,112.529,0.564487
23-Mar-2026,29-May-2026,117.644,0.122046
23-Mar-2026,29-May-2026,122.759,0.0195579
23-Mar-2026,30-Jun-2026,81.8394,21.6601
23-Mar-2026,30-Jun-2026,86.9544,16.9167
23-Mar-2026,30-Jun-2026,92.0693,12.4566
23-Mar-2026,30-Jun-2026,97.1843,8.451
23-Mar-2026,30-Jun-2026,102.299,5.10709
23-Mar-2026,30-Jun-2026,107.414,2.6211
23-Mar-2026,30-Jun-2026,112.529,1.08099
23-Mar-2026,30-Jun-2026,117.644,0.348044
23-Mar-2026,30-Jun-2026,122.759,0.0907248
23-Mar-2026,31-Jul-2026,81.8394,22.1263
23-Mar-2026,31-Jul-2026,86.9544,17.5012
23-Mar-2026,31-Jul-2026,92.0693,13.1673
23-Mar-2026,31-Jul-2026,97.1843,9.26221
23-Mar-2026,31-Jul-2026,102.299,5.94546
23-Mar-2026,31-Jul-2026,107.414,3.37059
23-Mar-2026,31-Jul-2026,112.529,1.62643
23-Mar-2026,31-Jul-2026,117.644,0.653173
23-Mar-2026,31-Jul-2026,122.759,0.222172
23-Mar-2026,31-Aug-2026,81.8394,22.6029
23-Mar-2026,31-Aug-2026,86.9544,18.0774
23-Mar-2026,31-Aug-2026,92.0693,13.8426
23-Mar-2026,31-Aug-2026,97.1843,10.013
23-Mar-2026,31-Aug-2026,102.299,6.71795
23-Mar-2026,31-Aug-2026,107.414,4.0827
23-Mar-2026,31-Aug-2026,112.529,2.18927
23-Mar-2026,31-Aug-2026,117.644,1.01742
23-Mar-2026,31-Aug-2026,122.759,0.41258
23-Mar-2026,30-Sep-2026,81.8394,23.0694
23-Mar-2026,30-Sep-2026,86.9544,18.6274
23-Mar-2026,30-Sep-2026,92.0693,14.4724
23-Mar-2026,30-Sep-2026,97.1843,10.7025
23-Mar-2026,30-Sep-2026,102.299,7.42647
23-Mar-2026,30-Sep-2026,107.414,4.74956
23-Mar-2026,30-Sep-2026,112.529,2.7454
23-Mar-2026,30-Sep-2026,117.644,1.41356
23-Mar-2026,30-Sep-2026,122.759,0.649041
23-Mar-2026,30-Oct-2026,81.8394,23.5761
23-Mar-2026,30-Oct-2026,86.9544,19.214
23-Mar-2026,30-Oct-2026,92.0693,15.1332
23-Mar-2026,30-Oct-2026,97.1843,11.4187
23-Mar-2026,30-Oct-2026,102.299,8.16243
23-Mar-2026,30-Oct-2026,107.414,5.45308
23-Mar-2026,30-Oct-2026,112.529,3.35523
23-Mar-2026,30-Oct-2026,117.644,1.87931
23-Mar-2026,30-Oct-2026,122.759,0.956362
23-Mar-2026,30-Nov-2026,81.8394,24.0435
23-Mar-2026,30-Nov-2026,86.9544,19.7476
23-Mar-2026,30-Nov-2026,92.0693,15.7275
23-Mar-2026,30-Nov-2026,97.1843,12.0582
23-Mar-2026,30-Nov-2026,102.299,8.81994
23-Mar-2026,30-Nov-2026,107.414,6.089
23-Mar-2026,30-Nov-2026,112.529,3.92244
23-Mar-2026,30-Nov-2026,117.644,2.33539
23-Mar-2026,30-Nov-2026,122.759,1.28105
23-Mar-2026,31-Dec-2026,81.8394,24.5463
23-Mar-2026,31-Dec-2026,86.9544,20.3156
23-Mar-2026,31-Dec-2026,92.0693,16.3546
23-Mar-2026,31-Dec-2026,97.1843,12.7298
23-Mar-2026,31-Dec-2026,102.299,9.51073
23-Mar-2026,31-Dec-2026,107.414,6.76319
23-Mar-2026,31-Dec-2026,112.529,4.5369
23-Mar-2026,31-Dec-2026,117.644,2.84902
23-Mar-2026,31-Dec-2026,122.759,1.66874
23-Mar-2026,29-Jan-2027,81.8394,24.9568
23-Mar-2026,29-Jan-2027,86.9544,20.7756
23-Mar-2026,29-Jan-2027,92.0693,16.8594
23-Mar-2026,29-Jan-2027,97.1843,13.2683
23-Mar-2026,29-Jan-2027,102.299,10.065
23-Mar-2026,29-Jan-2027,107.414,7.30781
23-Mar-2026,29-Jan-2027,112.529,5.04132
23-Mar-2026,29-Jan-2027,117.644,3.28298
23-Mar-2026,29-Jan-2027,122.759,2.01095
23-Mar-2026,26-Feb-2027,81.8394,25.3714
23-Mar-2026,26-Feb-2027,86.9544,21.2376
23-Mar-2026,26-Feb-2027,92.0693,17.3639
23-Mar-2026,26-Feb-2027,97.1843,13.8051
23-Mar-2026,26-Feb-2027,102.299,10.6177
23-Mar-2026,26-Feb-2027,107.414,7.85372
23-Mar-2026,26-Feb-2027,112.529,5.55295
23-Mar-2026,26-Feb-2027,117.644,3.73253
23-Mar-2026,26-Feb-2027,122.759,2.37705
24-Mar-2026,27-Mar-2026,82.1345,20.5532
24-Mar-2026,27-Mar-2026,87.2679,15.4211
24-Mar-2026,27-Mar-2026,92.4013,10.2889
24-Mar-2026,27-Mar-2026,97.5347,5.15773
24-Mar-2026,27-Mar-2026,102.668,0.692696
24-Mar-2026,27-Mar-2026,107.802,0.000339134
24-Mar-2026,27-Mar-2026,112.935,2.44462e-12
24-Mar-2026,27-Mar-2026,118.068,2.35309e-15
24-Mar-2026,27-Mar-2026,123.202,2.39539e-15
24-Mar-2026,02-Apr-2026,82.1345,20.6316
24-Mar-2026,02-Apr-2026,87.2679,15.5045
24-Mar-2026,02-Apr-2026,92.4013,10.3857
24-Mar-2026,02-Apr-2026,97.5347,5.42749
24-Mar-2026,02-Apr-2026,102.668,1.58358
24-Mar-2026,02-Apr-2026,107.802,0.136638
24-Mar-2026,02-Apr-2026,112.935,0.00152764
24-Mar-2026,02-Apr-2026,118.068,1.37196e-06
24-Mar-2026,02-Apr-2026,123.202,1.43297e-10
24-Mar-2026,10-Apr-2026,82.1345,20.7103
24-Mar-2026,10-Apr-2026,87.2679,15.5936
24-Mar-2026,10-Apr-2026,92.4013,10.5311
24-Mar-2026,10-Apr-2026,97.5347,5.79339
24-Mar-2026,10-Apr-2026,102.668,2.1538
24-Mar-2026,10-Apr-2026,107.802,0.396185
24-Mar-2026,10-Apr-2026,112.935,0.02408
24-Mar-2026,10-Apr-2026,118.068,0.000381729
24-Mar-2026,10-Apr-2026,123.202,1.92108e-06
24-Mar-2026,17-Apr-2026,82.1345,20.7708
24-Mar-2026,17-Apr-2026,87.2679,15.6707
24-Mar-2026,17-Apr-2026,92.4013,10.6687
24-Mar-2026,17-Apr-2026,97.5347,6.06438
24-Mar-2026,17-Apr-2026,102.668,2.5077
24-Mar-2026,17-Apr-2026,107.802,0.605031
24-Mar-2026,17-Apr-2026,112.935,0.0641521
24-Mar-2026,17-Apr-2026,118.068,0.00253657
24-Mar-2026,17-Apr-2026,123.202,4.32304e-05
24-Mar-2026,24-Apr-2026,82.1345,20.8566
24-Mar-2026,24-Apr-2026,87.2679,15.7894
24-Mar-2026,24-Apr-2026,92.4013,10.8737
24-Mar-2026,24-Apr-2026,97.5347,6.40963
24-Mar-2026,24-Apr-2026,102.668,2.92353
24-Mar-2026,24-Apr-2026,107.802,0.882526
24-Mar-2026,24-Apr-2026,112.935,0.144628
24-Mar-2026,24-Apr-2026,118.068,0.0114927
24-Mar-2026,24-Apr-2026,123.202,0.000492481
24-Mar-2026,31-Mar-2026,82.1345,20.5924
24-Mar-2026,31-Mar-2026,87.2679,15.4627
24-Mar-2026,31-Mar-2026,92.4013,10.3336
24-Mar-2026,31-Mar-2026,97.5347,5.26311
24-Mar-2026,31-Mar-2026,102.668,1.21563
24-Mar-2026,31-Mar-2026,107.802,0.0390779
24-Mar-2026,31-Mar-2026,112.935,3.81157e-05
24-Mar-2026,31-Mar-2026,118.068,4.8671e-10
24-Mar-2026,31-Mar-2026,123.202,4.51493e-16
24-Mar-2026,30-Apr-2026,82.1345,20.9179
24-Mar-2026,30-Apr-2026,87.2679,15.8774
24-Mar-2026,30-Apr-2026,92.4013,11.0178
24-Mar-2026,30-Apr-2026,97.5347,6.62924
24-Mar-2026,30-Apr-2026,102.668,3.17595
24-Mar-2026,30-Apr-2026,107.802,1.06391
24-Mar-2026,30-Apr-2026,112.935,0.211691
24-Mar-2026,30-Apr-2026,118.068,0.0228137
24-Mar-2026,30-Apr-2026,123.202,0.00145625
24-Mar-2026,29-May-2026,82.1345,21.2842
24-Mar-2026,29-May-2026,87.2679,16.3977
24-Mar-2026,29-May-2026,92.4013,11.7777
24-Mar-2026,29-May-2026,97.5347,7.64585
24-Mar-2026,29-May-2026,102.668,4.28377
24-Mar-2026,29-May-2026,107.802,1.9383
24-Mar-2026,29-May-2026,112.935,0.654044
24-Mar-2026,29-May-2026,118.068,0.15723
24-Mar-2026,29-May-2026,123.202,0.0281251
24-Mar-2026,30-Jun-2026,82.1345,21.7438
24-Mar-2026,30-Jun-2026,87.2679,17.0086
24-Mar-2026,30-Jun-2026,92.4013,12.5692
24-Mar-2026,30-Jun-2026,97.5347,8.59309
24-Mar-2026,30-Jun-2026,102.668,5.27543
24-Mar-2026,30-Jun-2026,107.802,2.79199
24-Mar-2026,30-Jun-2026,112.935,1.21525
24-Mar-2026,30-Jun-2026,118.068,0.422464
24-Mar-2026,30-Jun-2026,123.202,0.119738
24-Mar-2026,31-Jul-2026,82.1345,22.2229
24-Mar-2026,31-Jul-2026,87.2679,17.6106
24-Mar-2026,31-Jul-2026,92.4013,13.3002
24-Mar-2026,31-Jul-2026,97.5347,9.42529
24-Mar-2026,31-Jul-2026,102.668,6.135
24-Mar-2026,31-Jul-2026,107.802,3.56664
24-Mar-2026,31-Jul-2026,112.935,1.79466
24-Mar-2026,31-Jul-2026,118.068,0.765036
24-Mar-2026,31-Jul-2026,123.202,0.27863
24-Mar-2026,31-Aug-2026,82.1345,22.7115
24-Mar-2026,31-Aug-2026,87.2679,18.2019
24-Mar-2026,31-Aug-2026,92.4013,13.9922
24-Mar-2026,31-Aug-2026,97.5347,10.1927
24-Mar-2026,31-Aug-2026,102.668,6.9241
24-Mar-2026,31-Aug-2026,107.802,4.29816
24-Mar-2026,31-Aug-2026,112.935,2.38428
24-Mar-2026,31-Aug-2026,118.068,1.16265
24-Mar-2026,31-Aug-2026,123.202,0.499308
24-Mar-2026,30-Sep-2026,82.1345,23.1886
24-Mar-2026,30-Sep-2026,87.2679,18.7645
24-Mar-2026,30-Sep-2026,92.4013,14.6354
24-Mar-2026,30-Sep-2026,97.5347,10.8955
24-Mar-2026,30-Sep-2026,102.668,7.64577
24-Mar-2026,30-Sep-2026,107.802,4.98023
24-Mar-2026,30-Sep-2026,112.935,2.96148
24-Mar-2026,30-Sep-2026,118.068,1.58692
24-Mar-2026,30-Sep-2026,123.202,0.765206
24-Mar-2026,30-Oct-2026,82.1345,23.7057
24-Mar-2026,30-Oct-2026,87.2679,19.363
24-Mar-2026,30-Oct-2026,92.4013,15.3087
24-Mar-2026,30-Oct-2026,97.5347,11.6238
24-Mar-2026,30-Oct-2026,102.668,8.39364
24-Mar-2026,30-Oct-2026,107.802,5.69736
24-Mar-2026,30-Oct-2026,112.935,3.59013
24-Mar-2026,30-Oct-2026,118.068,2.07885
24-Mar-2026,30-Oct-2026,123.202,1.10282
24-Mar-2026,30-Nov-2026,82.1345,24.1817
24-Mar-2026,30-Nov-2026,87.2679,19.9062
24-Mar-2026,30-Nov-2026,92.4013,15.9129
24-Mar-2026,30-Nov-2026,97.5347,12.2729
24-Mar-2026,30-Nov-2026,102.668,9.06051
24-Mar-2026,30-Nov-2026,107.802,6.34391
24-Mar-2026,30-Nov-2026,112.935,4.17192
24-Mar-2026,30-Nov-2026,118.068,2.55567
24-Mar-2026,30-Nov-2026,123.202,1.45323
24-Mar-2026,31-Dec-2026,82.1345,24.6928
24-Mar-2026,31-Dec-2026,87.2679,20.4834
24-Mar-2026,31-Dec-2026,92.4013,16.5493
24-Mar-2026,31-Dec-2026,97.5347,12.9534
24-Mar-2026,31-Dec-2026,102.668,9.76005
24-Mar-2026,31-Dec-2026,107.802,7.02797
24-Mar-2026,31-Dec-2026,112.935,4.79979
24-Mar-2026,31-Dec-2026,118.068,3.08859
24-Mar-2026,31-Dec-2026,123.202,1.866
24-Mar-2026,29-Jan-2027,82.1345,25.1095
24-Mar-2026,29-Jan-2027,87.2679,20.9502
24-Mar-2026,29-Jan-2027,92.4013,17.0608
24-Mar-2026,29-Jan-2027,97.5347,13.4984
24-Mar-2026,29-Jan-2027,102.668,10.3206
24-Mar-2026,29-Jan-2027,107.802,7.57969
24-Mar-2026,29-Jan-2027,112.935,5.31378
24-Mar-2026,29-Jan-2027,118.068,3.53636
24-Mar-2026,29-Jan-2027,123.202,2.22671
24-Mar-2026,26-Feb-2027,82.1345,25.5299
24-Mar-2026,26-Feb-2027,87.2679,21.4184
24-Mar-2026,26-Feb-2027,92.4013,17.5714
24-Mar-2026,26-Feb-2027,97.5347,14.0411
24-Mar-2026,26-Feb-2027,102.668,10.8791
24-Mar-2026,26-Feb-2027,107.802,8.13209
24-Mar-2026,26-Feb-2027,112.935,5.83406
24-Mar-2026,26-Feb-2027,118.068,3.99835
24-Mar-2026,26-Feb-2027,123.202,2.60981
25-Mar-2026,27-Mar-2026,82.8085,20.7151
25-Mar-2026,27-Mar-2026,87.984,15.5404
25-Mar-2026,27-Mar-2026,93.1595,10.3657
25-Mar-2026,27-Mar-2026,98.335,5.19108
25-Mar-2026,27-Mar-2026,103.511,0.572878
25-Mar-2026,27-Mar-2026,108.686,1.86538e-05
25-Mar-2026,02-Apr-2026,82.8085,20.7932
25-Mar-2026,02-Apr-2026,87.984,15.6235
25-Mar-2026,02-Apr-2026,93.1595,10.4604
25-Mar-2026,02-Apr-2026,98.335,5.44579
25-Mar-2026,02-Apr-2026,103.511,1.55189
25-Mar-2026,02-Apr-2026,108.686,0.123565
25-Mar-2026,02-Apr-2026,113.862,0.00115415
25-Mar-2026,02-Apr-2026,119.037,7.53951e-07
25-Mar-2026,02-Apr-2026,124.213,4.92697e-11
25-Mar-2026,10-Apr-2026,82.8085,20.8715
25-Mar-2026,10-Apr-2026,87.984,15.7117
25-Mar-2026,10-Apr-2026,93.1595,10.6034
25-Mar-2026,10-Apr-2026,98.335,5.81713
25-Mar-2026,10-Apr-2026,103.511,2.14411
25-Mar-2026,10-Apr-2026,108.686,0.386777
25-Mar-2026,10-Apr-2026,113.862,0.0226872
25-Mar-2026,10-Apr-2026,119.037,0.000337572
25-Mar-2026,10-Apr-2026,124.213,1.53069e-06
25-Mar-2026,17-Apr-2026,82.8085,20.9317
25-Mar-2026,17-Apr-2026,87.984,15.7881
25-Mar-2026,17-Apr-2026,93.1595,10.7412
25-Mar-2026,17-Apr-2026,98.335,6.09355
25-Mar-2026,17-Apr-2026,103.511,2.50834
25-Mar-2026,17-Apr-2026,108.686,0.600423
25-Mar-2026,17-Apr-2026,113.862,0.062937
25-Mar-2026,17-Apr-2026,119.037,0.00243529
25-Mar-2026,17-Apr-2026,124.213,3.97709e-05
25-Mar-2026,24-Apr-2026,82.8085,21.017
25-Mar-2026,24-Apr-2026,87.984,15.9065
25-Mar-2026,24-Apr-2026,93.1595,10.9479
25-Mar-2026,24-Apr-2026,98.335,6.44569
25-Mar-2026,24-Apr-2026,103.511,2.93451
25-Mar-2026,24-Apr-2026,108.686,0.884413
25-Mar-2026,24-Apr-2026,113.862,0.144969
25-Mar-2026,24-Apr-2026,119.037,0.0115014
25-Mar-2026,24-Apr-2026,124.213,0.000486982
25-Mar-2026,31-Mar-2026,82.8085,20.7542
25-Mar-2026,31-Mar-2026,87.984,15.5819
25-Mar-2026,31-Mar-2026,93.1595,10.4099
25-Mar-2026,31-Mar-2026,98.335,5.28376
25-Mar-2026,31-Mar-2026,103.511,1.16231
25-Mar-2026,31-Mar-2026,108.686,0.0293887
25-Mar-2026,31-Mar-2026,113.862,1.56442e-05
25-Mar-2026,31-Mar-2026,119.037,6.77239e-11
25-Mar-2026,31-Mar-2026,124.213,4.53992e-16
25-Mar-2026,30-Apr-2026,82.8085,21.0781
25-Mar-2026,30-Apr-2026,87.984,15.9948
25-Mar-2026,30-Apr-2026,93.1595,11.0937
25-Mar-2026,30-Apr-2026,98.335,6.66952
25-Mar-2026,30-Apr-2026,103.511,3.19254
25-Mar-2026,30-Apr-2026,108.686,1.0699
25-Mar-2026,30-Apr-2026,113.862,0.213643
25-Mar-2026,30-Apr-2026,119.037,0.0231184
25-Mar-2026,30-Apr-2026,124.213,0.00147155
25-Mar-2026,29-May-2026,82.8085,21.4454
25-Mar-2026,29-May-2026,87.984,16.5195
25-Mar-2026,29-May-2026,93.1595,11.8643
25-Mar-2026,29-May-2026,98.335,7.70385
25-Mar-2026,29-May-2026,103.511,4.32139
25-Mar-2026,29-May-2026,108.686,1.96208
25-Mar-2026,29-May-2026,113.862,0.66697
25-Mar-2026,29-May-2026,119.037,0.162067
25-Mar-2026,29-May-2026,124.213,0.029283
25-Mar-2026,30-Jun-2026,82.8085,21.9086
25-Mar-2026,30-Jun-2026,87.984,17.1374
25-Mar-2026,30-Jun-2026,93.1595,12.6668
25-Mar-2026,30-Jun-2026,98.335,8.66552
25-Mar-2026,30-Jun-2026,103.511,5.32878
25-Mar-2026,30-Jun-2026,108.686,2.83053
25-Mar-2026,30-Jun-2026,113.862,1.24044
25-Mar-2026,30-Jun-2026,119.037,0.435557
25-Mar-2026,30-Jun-2026,124.213,0.124811
25-Mar-2026,31-Jul-2026,82.8085,22.3924
25-Mar-2026,31-Jul-2026,87.984,17.7467
25-Mar-2026,31-Jul-2026,93.1595,13.4076
25-Mar-2026,31-Jul-2026,98.335,9.50923
25-Mar-2026,31-Jul-2026,103.511,6.20053
25-Mar-2026,31-Jul-2026,108.686,3.61702
25-Mar-2026,31-Jul-2026,113.862,1.83079
25-Mar-2026,31-Jul-2026,119.037,0.787237
25-Mar-2026,31-Jul-2026,124.213,0.289663
25-Mar-2026,31-Aug-2026,82.8085,22.886
25-Mar-2026,31-Aug-2026,87.984,18.3449
25-Mar-2026,31-Aug-2026,93.1595,14.1082
25-Mar-2026,31-Aug-2026,98.335,10.2865
25-Mar-2026,31-Aug-2026,103.511,6.99992
25-Mar-2026,31-Aug-2026,108.686,4.35873
25-Mar-2026,31-Aug-2026,113.862,2.43028
25-Mar-2026,31-Aug-2026,119.037,1.19395
25-Mar-2026,31-Aug-2026,124.213,0.517486
25-Mar-2026,30-Sep-2026,82.8085,23.368
25-Mar-2026,30-Sep-2026,87.984,18.914
25-Mar-2026,30-Sep-2026,93.1595,14.7591
25-Mar-2026,30-Sep-2026,98.335,10.9978
25-Mar-2026,30-Sep-2026,103.511,7.73044
25-Mar-2026,30-Sep-2026,108.686,5.04963
25-Mar-2026,30-Sep-2026,113.862,3.01625
25-Mar-2026,30-Sep-2026,119.037,1.62677
25-Mar-2026,30-Sep-2026,124.213,0.790863
25-Mar-2026,30-Oct-2026,82.8085,23.8905
25-Mar-2026,30-Oct-2026,87.984,19.5191
25-Mar-2026,30-Oct-2026,93.1595,15.4401
25-Mar-2026,30-Oct-2026,98.335,11.7345
25-Mar-2026,30-Oct-2026,103.511,8.48699
25-Mar-2026,30-Oct-2026,108.686,5.7755
25-Mar-2026,30-Oct-2026,113.862,3.6537
25-Mar-2026,30-Oct-2026,119.037,2.12752
25-Mar-2026,30-Oct-2026,124.213,1.13677
25-Mar-2026,30-Nov-2026,82.8085,24.3713
25-Mar-2026,30-Nov-2026,87.984,20.0682
25-Mar-2026,30-Nov-2026,93.1595,16.0509
25-Mar-2026,30-Nov-2026,98.335,12.3908
25-Mar-2026,30-Nov-2026,103.511,9.16127
25-Mar-2026,30-Nov-2026,108.686,6.42955
25-Mar-2026,30-Nov-2026,113.862,4.2431
25-Mar-2026,30-Nov-2026,119.037,2.6121
25-Mar-2026,30-Nov-2026,124.213,1.4948
25-Mar-2026,31-Dec-2026,82.8085,24.8875
25-Mar-2026,31-Dec-2026,87.984,20.6513
25-Mar-2026,31-Dec-2026,93.1595,16.6941
25-Mar-2026,31-Dec-2026,98.335,13.0785
25-Mar-2026,31-Dec-2026,103.511,9.86827
25-Mar-2026,31-Dec-2026,108.686,7.12119
25-Mar-2026,31-Dec-2026,113.862,4.8787
25-Mar-2026,31-Dec-2026,119.037,3.15298
25-Mar-2026,31-Dec-2026,124.213,1.91561
25-Mar-2026,29-Jan-2027,82.8085,25.3082
25-Mar-2026,29-Jan-2027,87.984,21.1228
25-Mar-2026,29-Jan-2027,93.1595,17.2108
25-Mar-2026,29-Jan-2027,98.335,13.6291
25-Mar-2026,29-Jan-2027,103.511,10.4346
25-Mar-2026,29-Jan-2027,108.686,7.67881
25-Mar-2026,29-Jan-2027,113.862,5.39873
25-Mar-2026,29-Jan-2027,119.037,3.607
25-Mar-2026,29-Jan-2027,124.213,2.28272
25-Mar-2026,26-Feb-2027,82.8085,25.7326
25-Mar-2026,26-Feb-2027,87.984,21.5956
25-Mar-2026,26-Feb-2027,93.1595,17.7266
25-Mar-2026,26-Feb-2027,98.335,14.1772
25-Mar-2026,26-Feb-2027,103.511,10.9988
25-Mar-2026,26-Feb-2027,108.686,8.23694
25-Mar-2026,26-Feb-2027,113.862,5.92488
25-Mar-2026,26-Feb-2027,119.037,4.0751
25-Mar-2026,26-Feb-2027,124.213,2.67214
26-Mar-2026,27-Mar-2026,87.6863,15.4809
26-Mar-2026,27-Mar-2026,92.8443,10.3233
26-Mar-2026,27-Mar-2026,98.0023,5.16567
26-Mar-2026,27-Mar-2026,103.16,0.400555
26-Mar-2026,27-Mar-2026,108.318,5.03636e-09
26-Mar-2026,27-Mar-2026,113.476,4.96358e-15
26-Mar-2026,27-Mar-2026,118.634,1.81553e-15
26-Mar-2026,27-Mar-2026,123.792,1.88107e-15
26-Mar-2026,02-Apr-2026,82.5282,20.7158
26-Mar-2026,02-Apr-2026,87.6863,15.5631
26-Mar-2026,02-Apr-2026,92.8443,10.415
26-Mar-2026,02-Apr-2026,98.0023,5.39674
26-Mar-2026,02-Apr-2026,103.16,1.48562
26-Mar-2026,02-Apr-2026,108.318,0.103625
26-Mar-2026,02-Apr-2026,113.476,0.000704557
26-Mar-2026,02-Apr-2026,118.634,2.66906e-07
26-Mar-2026,02-Apr-2026,123.792,8.42674e-12
26-Mar-2026,10-Apr-2026,82.5282,20.7932
26-Mar-2026,10-Apr-2026,87.6863,15.6495
26-Mar-2026,10-Apr-2026,92.8443,10.5525
26-Mar-2026,10-Apr-2026,98.0023,5.76573
26-Mar-2026,10-Apr-2026,103.16,2.09316
26-Mar-2026,10-Apr-2026,108.318,0.362158
26-Mar-2026,10-Apr-2026,113.476,0.0194543
26-Mar-2026,10-Apr-2026,118.634,0.000250769
26-Mar-2026,10-Apr-2026,123.792,9.42486e-07
26-Mar-2026,17-Apr-2026,82.5282,20.8526
26-Mar-2026,17-Apr-2026,87.6863,15.7243
26-Mar-2026,17-Apr-2026,92.8443,10.6881
26-Mar-2026,17-Apr-2026,98.0023,6.04409
26-Mar-2026,17-Apr-2026,103.16,2.46477
26-Mar-2026,17-Apr-2026,108.318,0.576932
26-Mar-2026,17-Apr-2026,113.476,0.0578835
26-Mar-2026,17-Apr-2026,118.634,0.00209094
26-Mar-2026,17-Apr-2026,123.792,3.12584e-05
26-Mar-2026,24-Apr-2026,82.5282,20.9367
26-Mar-2026,24-Apr-2026,87.6863,15.8411
26-Mar-2026,24-Apr-2026,92.8443,10.8942
26-Mar-2026,24-Apr-2026,98.0023,6.4005
26-Mar-2026,24-Apr-2026,103.16,2.89941
26-Mar-2026,24-Apr-2026,108.318,0.864921
26-Mar-2026,24-Apr-2026,113.476,0.139238
26-Mar-2026,24-Apr-2026,118.634,0.0107585
26-Mar-2026,24-Apr-2026,123.792,0.000440777
26-Mar-2026,31-Mar-2026,82.5282,20.6772
26-Mar-2026,31-Mar-2026,87.6863,15.522
26-Mar-2026,31-Mar-2026,92.8443,10.3669
26-Mar-2026,31-Mar-2026,98.0023,5.24316
26-Mar-2026,31-Mar-2026,103.16,1.07862
26-Mar-2026,31-Mar-2026,108.318,0.0187512
26-Mar-2026,31-Mar-2026,113.476,3.69369e-06
26-Mar-2026,31-Mar-2026,118.634,2.77377e-12
26-Mar-2026,31-Mar-2026,123.792,5.0703e-16
26-Mar-2026,30-Apr-2026,82.5282,20.9972
26-Mar-2026,30-Apr-2026,87.6863,15.9288
26-Mar-2026,30-Apr-2026,92.8443,11.0407
26-Mar-2026,30-Apr-2026,98.0023,6.62779
26-Mar-2026,30-Apr-2026,103.16,3.16283
26-Mar-2026,30-Apr-2026,108.318,1.05401
26-Mar-2026,30-Apr-2026,113.476,0.208621
26-Mar-2026,30-Apr-2026,118.634,0.022311
26-Mar-2026,30-Apr-2026,123.792,0.0014006
26-Mar-2026,29-May-2026,82.5282,21.3648
26-Mar-2026,29-May-2026,87.6863,16.4582
26-Mar-2026,29-May-2026,92.8443,11.8238
26-Mar-2026,29-May-2026,98.0023,7.68444
26-Mar-2026,29-May-2026,103.16,4.32005
26-Mar-2026,29-May-2026,108.318,1.97114
26-Mar-2026,29-May-2026,113.476,0.676616
26-Mar-2026,29-May-2026,118.634,0.167101
26-Mar-2026,29-May-2026,123.792,0.0308612
26-Mar-2026,30-Jun-2026,82.5282,21.8363
26-Mar-2026,30-Jun-2026,87.6863,17.0911
26-Mar-2026,30-Jun-2026,92.8443,12.6488
26-Mar-2026,30-Jun-2026,98.0023,8.67546
26-Mar-2026,30-Jun-2026,103.16,5.36099
26-Mar-2026,30-Jun-2026,108.318,2.87311
26-Mar-2026,30-Jun-2026,113.476,1.27846
26-Mar-2026,30-Jun-2026,118.634,0.459568
26-Mar-2026,30-Jun-2026,123.792,0.135851
26-Mar-2026,31-Jul-2026,82.5282,22.3345
26-Mar-2026,31-Jul-2026,87.6863,17.7211
26-Mar-2026,31-Jul-2026,92.8443,13.4165
26-Mar-2026,31-Jul-2026,98.0023,9.55121
26-Mar-2026,31-Jul-2026,103.16,6.26806
26-Mar-2026,31-Jul-2026,108.318,3.69593
26-Mar-2026,31-Jul-2026,113.476,1.90316
26-Mar-2026,31-Jul-2026,118.634,0.839427
26-Mar-2026,31-Jul-2026,123.792,0.319414
26-Mar-2026,31-Aug-2026,82.5282,22.847
26-Mar-2026,31-Aug-2026,87.6863,18.344
26-Mar-2026,31-Aug-2026,92.8443,14.1471
26-Mar-2026,31-Aug-2026,98.0023,10.3627
26-Mar-2026,31-Aug-2026,103.16,7.10438
26-Mar-2026,31-Aug-2026,108.318,4.47594
26-Mar-2026,31-Aug-2026,113.476,2.54058
26-Mar-2026,31-Aug-2026,118.634,1.28053
26-Mar-2026,31-Aug-2026,123.792,0.574056
26-Mar-2026,30-Sep-2026,82.5282,23.3505
26-Mar-2026,30-Sep-2026,87.6863,18.9398
26-Mar-2026,30-Sep-2026,92.8443,14.8292
26-Mar-2026,30-Sep-2026,98.0023,11.1085
26-Mar-2026,30-Sep-2026,103.16,7.87185
26-Mar-2026,30-Sep-2026,108.318,5.20529
26-Mar-2026,30-Sep-2026,113.476,3.16549
26-Mar-2026,30-Sep-2026,118.634,1.75067
26-Mar-2026,30-Sep-2026,123.792,0.879558
26-Mar-2026,30-Oct-2026,82.5282,23.899
26-Mar-2026,30-Oct-2026,87.6863,19.576
26-Mar-2026,30-Oct-2026,92.8443,15.5456
26-Mar-2026,30-Oct-2026,98.0023,11.8838
26-Mar-2026,30-Oct-2026,103.16,8.66933
26-Mar-2026,30-Oct-2026,108.318,5.97379
26-Mar-2026,30-Oct-2026,113.476,3.84668
26-Mar-2026,30-Oct-2026,118.634,2.29482
26-Mar-2026,30-Oct-2026,123.792,1.26535
26-Mar-2026,30-Nov-2026,82.5282,24.4059
26-Mar-2026,30-Nov-2026,87.6863,20.1553
26-Mar-2026,30-Nov-2026,92.8443,16.1901
26-Mar-2026,30-Nov-2026,98.0023,12.5765
26-Mar-2026,30-Nov-2026,103.16,9.38193
26-Mar-2026,30-Nov-2026,108.318,6.66776
26-Mar-2026,30-Nov-2026,113.476,4.47738
26-Mar-2026,30-Nov-2026,118.634,2.82125
26-Mar-2026,30-Nov-2026,123.792,1.66358
26-Mar-2026,31-Dec-2026,82.5282,24.9517
26-Mar-2026,31-Dec-2026,87.6863,20.7723
26-Mar-2026,31-Dec-2026,92.8443,16.8704
26-Mar-2026,31-Dec-2026,98.0023,13.3039
26-Mar-2026,31-Dec-2026,103.16,10.1306
26-Mar-2026,31-Dec-2026,108.318,7.40279
26-Mar-2026,31-Dec-2026,113.476,5.1581
26-Mar-2026,31-Dec-2026,118.634,3.4085
26-Mar-2026,31-Dec-2026,123.792,2.13025
26-Mar-2026,29-Jan-2027,82.5282,25.3976
26-Mar-2026,29-Jan-2027,87.6863,21.2721
26-Mar-2026,29-Jan-2027,92.8443,17.4179
26-Mar-2026,29-Jan-2027,98.0023,13.8871
26-Mar-2026,29-Jan-2027,103.16,10.7312
26-Mar-2026,29-Jan-2027,108.318,7.99606
26-Mar-2026,29-Jan-2027,113.476,5.71531
26-Mar-2026,29-Jan-2027,118.634,3.90107
26-Mar-2026,29-Jan-2027,123.792,2.53628
26-Mar-2026,26-Feb-2027,82.5282,25.8481
26-Mar-2026,26-Feb-2027,87.6863,21.774
26-Mar-2026,26-Feb-2027,92.8443,17.9651
26-Mar-2026,26-Feb-2027,98.0023,14.4684
26-Mar-2026,26-Feb-2027,103.16,11.33
26-Mar-2026,26-Feb-2027,108.318,8.5903
26-Mar-2026,26-Feb-2027,113.476,6.2792
26-Mar-2026,26-Feb-2027,118.634,4.40852
26-Mar-2026,26-Feb-2027,123.792,2.96594
27-Mar-2026,02-Apr-2026,82.1707,20.619
27-Mar-2026,02-Apr-2026,87.3064,15.4881
27-Mar-2026,02-Apr-2026,92.442,10.3597
27-Mar-2026,02-Apr-2026,97.5777,5.3305
27-Mar-2026,02-Apr-2026,102.713,1.37354
27-Mar-2026,02-Apr-2026,107.849,0.0712892
27-Mar-2026,02-Apr-2026,112.985,0.00022437
27-Mar-2026,02-Apr-2026,118.12,2.35372e-08
27-Mar-2026,02-Apr-2026,123.256,1.60471e-13
27-Mar-2026,10-Apr-2026,82.1707,20.6953
27-Mar-2026,10-Apr-2026,87.3064,15.5719
27-Mar-2026,10-Apr-2026,92.442,10.4843
27-Mar-2026,10-Apr-2026,97.5777,5.67397
27-Mar-2026,10-Apr-2026,102.713,1.97234
27-Mar-2026,10-Apr-2026,107.849,0.296523
27-Mar-2026,10-Apr-2026,112.985,0.0114673
27-Mar-2026,10-Apr-2026,118.12,8.78056e-05
27-Mar-2026,10-Apr-2026,123.256,1.8138e-07
27-Mar-2026,17-Apr-2026,82.1707,20.7534
27-Mar-2026,17-Apr-2026,87.3064,15.6425
27-Mar-2026,17-Apr-2026,92.442,10.6085
27-Mar-2026,17-Apr-2026,97.5777,5.93791
27-Mar-2026,17-Apr-2026,102.713,2.3338
27-Mar-2026,17-Apr-2026,107.849,0.49149
27-Mar-2026,17-Apr-2026,112.985,0.0390146
27-Mar-2026,17-Apr-2026,118.12,0.000981804
27-Mar-2026,17-Apr-2026,123.256,9.77277e-06
27-Mar-2026,24-Apr-2026,82.1707,20.8347
27-Mar-2026,24-Apr-2026,87.3064,15.7517
27-Mar-2026,24-Apr-2026,92.442,10.7996
27-Mar-2026,24-Apr-2026,97.5777,6.27729
27-Mar-2026,24-Apr-2026,102.713,2.75369
27-Mar-2026,24-Apr-2026,107.849,0.756138
27-Mar-2026,24-Apr-2026,112.985,0.102288
27-Mar-2026,24-Apr-2026,118.12,0.00608379
27-Mar-2026,24-Apr-2026,123.256,0.000186655
27-Mar-2026,30-Apr-2026,82.1707,20.8925
27-Mar-2026,30-Apr-2026,87.3064,15.8335
27-Mar-2026,30-Apr-2026,92.442,10.9364
27-Mar-2026,30-Apr-2026,97.5777,6.49393
27-Mar-2026,30-Apr-2026,102.713,3.00698
27-Mar-2026,30-Apr-2026,107.849,0.930785
27-Mar-2026,30-Apr-2026,112.985,0.158476
27-Mar-2026,30-Apr-2026,118.12,0.0135524
27-Mar-2026,30-Apr-2026,123.256,0.000665723
27-Mar-2026,31-Mar-2026,82.1707,20.5808
27-Mar-2026,31-Mar-2026,87.3064,15.4475
27-Mar-2026,31-Mar-2026,92.442,10.3143
27-Mar-2026,31-Mar-2026,97.5777,5.19731
27-Mar-2026,31-Mar-2026,102.713,0.960881
27-Mar-2026,31-Mar-2026,107.849,0.00811346
27-Mar-2026,31-Mar-2026,112.985,2.04138e-07
27-Mar-2026,31-Mar-2026,118.12,5.81712e-15
27-Mar-2026,31-Mar-2026,123.256,1.52172e-15
27-Mar-2026,29-May-2026,82.1707,21.2397
27-Mar-2026,29-May-2026,87.3064,16.3282
27-Mar-2026,29-May-2026,92.442,11.672
27-Mar-2026,29-May-2026,97.5777,7.49941
27-Mar-2026,29-May-2026,102.713,4.1114
27-Mar-2026,29-May-2026,107.849,1.78041
27-Mar-2026,29-May-2026,112.985,0.555036
27-Mar-2026,29-May-2026,118.12,0.119382
27-Mar-2026,29-May-2026,123.256,0.0189688
27-Mar-2026,30-Jun-2026,82.1707,21.6822
27-Mar-2026,30-Jun-2026,87.3064,16.921
27-Mar-2026,30-Jun-2026,92.442,12.4486
27-Mar-2026,30-Jun-2026,97.5777,8.43782
27-Mar-2026,30-Jun-2026,102.713,5.09584
27-Mar-2026,30-Jun-2026,107.849,2.61579
27-Mar-2026,30-Jun-2026,112.985,1.08089
27-Mar-2026,30-Jun-2026,118.12,0.349786
27-Mar-2026,30-Jun-2026,123.256,0.0919712
27-Mar-2026,31-Jul-2026,82.1707,22.1487
27-Mar-2026,31-Jul-2026,87.3064,17.5109
27-Mar-2026,31-Jul-2026,92.442,13.1699
27-Mar-2026,31-Jul-2026,97.5777,9.26312
27-Mar-2026,31-Jul-2026,102.713,5.94854
27-Mar-2026,31-Jul-2026,107.849,3.37685
27-Mar-2026,31-Jul-2026,112.985,1.63439
27-Mar-2026,31-Jul-2026,118.12,0.660527
27-Mar-2026,31-Jul-2026,123.256,0.227249
27-Mar-2026,31-Aug-2026,82.1707,22.6279
27-Mar-2026,31-Aug-2026,87.3064,18.0935
27-Mar-2026,31-Aug-2026,92.442,13.8547
27-Mar-2026,31-Aug-2026,97.5777,10.0249
27-Mar-2026,31-Aug-2026,102.713,6.73161
27-Mar-2026,31-Aug-2026,107.849,4.09769
27-Mar-2026,31-Aug-2026,112.985,2.20388
27-Mar-2026,31-Aug-2026,118.12,1.03009
27-Mar-2026,31-Aug-2026,123.256,0.422168
27-Mar-2026,30-Sep-2026,82.1707,23.098
27-Mar-2026,30-Sep-2026,87.3064,18.6498
27-Mar-2026,30-Sep-2026,92.442,14.4926
27-Mar-2026,30-Sep-2026,97.5777,10.7232
27-Mar-2026,30-Sep-2026,102.713,7.44834
27-Mar-2026,30-Sep-2026,107.849,4.77142
27-Mar-2026,30-Sep-2026,112.985,2.76551
27-Mar-2026,30-Sep-2026,118.12,1.43084
27-Mar-2026,30-Sep-2026,123.256,0.662895
27-Mar-2026,30-Oct-2026,82.1707,23.6092
27-Mar-2026,30-Oct-2026,87.3064,19.243
27-Mar-2026,30-Oct-2026,92.442,15.1613
27-Mar-2026,30-Oct-2026,97.5777,11.4475
27-Mar-2026,30-Oct-2026,102.713,8.19177
27-Mar-2026,30-Oct-2026,107.849,5.4813
27-Mar-2026,30-Oct-2026,112.985,3.38061
27-Mar-2026,30-Oct-2026,118.12,1.90107
27-Mar-2026,30-Oct-2026,123.256,0.974434
27-Mar-2026,30-Nov-2026,82.1707,24.081
27-Mar-2026,30-Nov-2026,87.3064,19.7824
27-Mar-2026,30-Nov-2026,92.442,15.7622
27-Mar-2026,30-Nov-2026,97.5777,12.0937
27-Mar-2026,30-Nov-2026,102.713,8.85532
27-Mar-2026,30-Nov-2026,107.849,6.12249
27-Mar-2026,30-Nov-2026,112.985,3.95231
27-Mar-2026,30-Nov-2026,118.12,2.361
27-Mar-2026,30-Nov-2026,123.256,1.30266
27-Mar-2026,31-Dec-2026,82.1707,24.5885
27-Mar-2026,31-Dec-2026,87.3064,20.3563
27-Mar-2026,31-Dec-2026,92.442,16.3958
27-Mar-2026,31-Dec-2026,97.5777,12.7716
27-Mar-2026,31-Dec-2026,102.713,9.55203
27-Mar-2026,31-Dec-2026,107.849,6.80195
27-Mar-2026,31-Dec-2026,112.985,4.57138
27-Mar-2026,31-Dec-2026,118.12,2.87863
27-Mar-2026,31-Dec-2026,123.256,1.69393
27-Mar-2026,29-Jan-2027,82.1707,25.0029
27-Mar-2026,29-Jan-2027,87.3064,20.821
27-Mar-2026,29-Jan-2027,92.442,16.9054
27-Mar-2026,29-Jan-2027,97.5777,13.315
27-Mar-2026,29-Jan-2027,102.713,10.1108
27-Mar-2026,29-Jan-2027,107.849,7.35069
27-Mar-2026,29-Jan-2027,112.985,5.07951
27-Mar-2026,29-Jan-2027,118.12,3.31586
27-Mar-2026,29-Jan-2027,123.256,2.03901
27-Mar-2026,26-Feb-2027,82.1707,25.4213
27-Mar-2026,26-Feb-2027,87.3064,21.2875
27-Mar-2026,26-Feb-2027,92.442,17.4146
27-Mar-2026,26-Feb-2027,97.5777,13.8564
27-Mar-2026,26-Feb-2027,102.713,10.6679
27-Mar-2026,26-Feb-2027,107.849,7.90067
27-Mar-2026,26-Feb-2027,112.985,5.59487
27-Mar-2026,26-Feb-2027,118.12,3.76874
27-Mar-2026,26-Feb-2027,123.256,2.40803
30-Mar-2026,02-Apr-2026,81.3185,20.3491
30-Mar-2026,02-Apr-2026,86.4009,15.2679
30-Mar-2026,02-Apr-2026,91.4833,10.1868
30-Mar-2026,02-Apr-2026,96.5657,5.10607
30-Mar-2026,02-Apr-2026,101.648,0.63742
30-Mar-2026,02-Apr-2026,106.731,0.00010147
30-Mar-2026,02-Apr-2026,111.813,1.49565e-14
30-Mar-2026,10-Apr-2026,81.3185,20.4401
30-Mar-2026,10-Apr-2026,86.4009,15.3648
30-Mar-2026,10-Apr-2026,91.4833,10.2982
30-Mar-2026,10-Apr-2026,96.5657,5.38866
30-Mar-2026,10-Apr-2026,101.648,1.56225
30-Mar-2026,10-Apr-2026,106.731,0.124966
30-Mar-2026,10-Apr-2026,111.813,0.00107913
30-Mar-2026,10-Apr-2026,116.895,7.13205e-07
30-Mar-2026,10-Apr-2026,121.978,7.05343e-11
30-Mar-2026,17-Apr-2026,81.3185,20.5117
30-Mar-2026,17-Apr-2026,86.4009,15.4449
30-Mar-2026,17-Apr-2026,91.4833,10.4224
30-Mar-2026,17-Apr-2026,96.5657,5.69148
30-Mar-2026,17-Apr-2026,101.648,2.0349
30-Mar-2026,17-Apr-2026,106.731,0.324402
30-Mar-2026,17-Apr-2026,111.813,0.0138593
30-Mar-2026,17-Apr-2026,116.895,0.000132495
30-Mar-2026,17-Apr-2026,121.978,4.18049e-07
30-Mar-2026,24-Apr-2026,81.3185,20.5782
30-Mar-2026,24-Apr-2026,86.4009,15.527
30-Mar-2026,24-Apr-2026,91.4833,10.5624
30-Mar-2026,24-Apr-2026,96.5657,5.9665
30-Mar-2026,24-Apr-2026,101.648,2.3975
30-Mar-2026,24-Apr-2026,106.731,0.52477
30-Mar-2026,24-Apr-2026,111.813,0.0441888
30-Mar-2026,24-Apr-2026,116.895,0.00127213
30-Mar-2026,24-Apr-2026,121.978,1.65347e-05
30-Mar-2026,30-Apr-2026,81.3185,20.6335
30-Mar-2026,30-Apr-2026,86.4009,15.6002
30-Mar-2026,30-Apr-2026,91.4833,10.6864
30-Mar-2026,30-Apr-2026,96.5657,6.18041
30-Mar-2026,30-Apr-2026,101.648,2.65927
30-Mar-2026,30-Apr-2026,106.731,0.68836
30-Mar-2026,30-Apr-2026,111.813,0.0815827
30-Mar-2026,30-Apr-2026,116.895,0.00404588
30-Mar-2026,30-Apr-2026,121.978,0.000105151
30-Mar-2026,31-Mar-2026,81.3185,20.3361
30-Mar-2026,31-Mar-2026,86.4009,15.2541
30-Mar-2026,31-Mar-2026,91.4833,10.1721
30-Mar-2026,31-Mar-2026,96.5657,5.09013
30-Mar-2026,31-Mar-2026,101.648,0.364871
30-Mar-2026,31-Mar-2026,106.731,1.02293e-08
30-Mar-2026,31-Mar-2026,116.895,6.24082e-16
30-Mar-2026,31-Mar-2026,121.978,6.2741e-16
30-Mar-2026,29-May-2026,81.3185,20.9617
30-Mar-2026,29-May-2026,86.4009,16.0598
30-Mar-2026,29-May-2026,91.4833,11.3871
30-Mar-2026,29-May-2026,96.5657,7.18259
30-Mar-2026,29-May-2026,101.648,3.78405
30-Mar-2026,29-May-2026,106.731,1.5104
30-Mar-2026,29-May-2026,111.813,0.405892
30-Mar-2026,29-May-2026,116.895,0.0706109
30-Mar-2026,29-May-2026,121.978,0.00883695
30-Mar-2026,30-Jun-2026,81.3185,21.4072
30-Mar-2026,30-Jun-2026,86.4009,16.6592
30-Mar-2026,30-Jun-2026,91.4833,12.185
30-Mar-2026,30-Jun-2026,96.5657,8.16478
30-Mar-2026,30-Jun-2026,101.648,4.82273
30-Mar-2026,30-Jun-2026,106.731,2.37507
30-Mar-2026,30-Jun-2026,111.813,0.914341
30-Mar-2026,30-Jun-2026,116.895,0.267932
30-Mar-2026,30-Jun-2026,121.978,0.0630938
30-Mar-2026,31-Jul-2026,81.3185,21.8645
30-Mar-2026,31-Jul-2026,86.4009,17.2404
30-Mar-2026,31-Jul-2026,91.4833,12.9025
30-Mar-2026,31-Jul-2026,96.5657,8.99383
30-Mar-2026,31-Jul-2026,101.648,5.68359
30-Mar-2026,31-Jul-2026,106.731,3.13747
30-Mar-2026,31-Jul-2026,111.813,1.45105
30-Mar-2026,31-Jul-2026,116.895,0.550364
30-Mar-2026,31-Jul-2026,121.978,0.176136
30-Mar-2026,31-Aug-2026,81.3185,22.3389
30-Mar-2026,31-Aug-2026,86.4009,17.8201
30-Mar-2026,31-Aug-2026,91.4833,13.5889
30-Mar-2026,31-Aug-2026,96.5657,9.763
30-Mar-2026,31-Aug-2026,101.648,6.47756
30-Mar-2026,31-Aug-2026,106.731,3.86573
30-Mar-2026,31-Aug-2026,111.813,2.0158
30-Mar-2026,31-Aug-2026,116.895,0.902499
30-Mar-2026,31-Aug-2026,121.978,0.351646
30-Mar-2026,30-Sep-2026,81.3185,22.8078
30-Mar-2026,30-Sep-2026,86.4009,18.3776
30-Mar-2026,30-Sep-2026,91.4833,14.232
30-Mar-2026,30-Sep-2026,96.5657,10.471
30-Mar-2026,30-Sep-2026,101.648,7.2069
30-Mar-2026,30-Sep-2026,106.731,4.55038
30-Mar-2026,30-Sep-2026,111.813,2.58021
30-Mar-2026,30-Sep-2026,116.895,1.29512
30-Mar-2026,30-Sep-2026,121.978,0.578506
30-Mar-2026,30-Oct-2026,81.3185,23.2986
30-Mar-2026,30-Oct-2026,86.4009,18.9496
30-Mar-2026,30-Oct-2026,91.4833,14.8802
30-Mar-2026,30-Oct-2026,96.5657,11.1765
30-Mar-2026,30-Oct-2026,101.648,7.93347
30-Mar-2026,30-Oct-2026,106.731,5.24381
30-Mar-2026,30-Oct-2026,111.813,3.17664
30-Mar-2026,30-Oct-2026,116.895,1.74314
30-Mar-2026,30-Oct-2026,121.978,0.867027
30-Mar-2026,30-Nov-2026,81.3185,23.7966
30-Mar-2026,30-Nov-2026,86.4009,19.5212
30-Mar-2026,30-Nov-2026,91.4833,15.5197
30-Mar-2026,30-Nov-2026,96.5657,11.867
30-Mar-2026,30-Nov-2026,101.648,8.64461
30-Mar-2026,30-Nov-2026,106.731,5.93112
30-Mar-2026,30-Nov-2026,111.813,3.78674
30-Mar-2026,30-Nov-2026,116.895,2.22843
30-Mar-2026,30-Nov-2026,121.978,1.2068
30-Mar-2026,31-Dec-2026,81.3185,24.2887
30-Mar-2026,31-Dec-2026,86.4009,20.0796
30-Mar-2026,31-Dec-2026,91.4833,16.1383
30-Mar-2026,31-Dec-2026,96.5657,12.5312
30-Mar-2026,31-Dec-2026,101.648,9.32885
30-Mar-2026,31-Dec-2026,106.731,6.59883
30-Mar-2026,31-Dec-2026,111.813,4.3936
30-Mar-2026,31-Dec-2026,116.895,2.73227
30-Mar-2026,31-Dec-2026,121.978,1.58287
30-Mar-2026,29-Jan-2027,81.3185,24.7311
30-Mar-2026,29-Jan-2027,86.4009,20.5772
30-Mar-2026,29-Jan-2027,91.4833,16.6858
30-Mar-2026,29-Jan-2027,96.5657,13.1166
30-Mar-2026,29-Jan-2027,101.648,9.93213
30-Mar-2026,29-Jan-2027,106.731,7.19179
30-Mar-2026,29-Jan-2027,111.813,4.94192
30-Mar-2026,29-Jan-2027,116.895,3.20196
30-Mar-2026,29-Jan-2027,121.978,1.95048
30-Mar-2026,26-Feb-2027,81.3185,25.1568
30-Mar-2026,26-Feb-2027,86.4009,21.053
30-Mar-2026,26-Feb-2027,91.4833,17.2065
30-Mar-2026,26-Feb-2027,96.5657,13.6716
30-Mar-2026,26-Feb-2027,101.648,10.5044
30-Mar-2026,26-Feb-2027,106.731,7.75728
30-Mar-2026,26-Feb-2027,111.813,5.47165
30-Mar-2026,26-Feb-2027,116.895,3.6664
30-Mar-2026,26-Feb-2027,121.978,2.32711
31-Mar-2026,02-Apr-2026,81.8163,20.4672
31-Mar-2026,02-Apr-2026,86.9298,15.3545
31-Mar-2026,02-Apr-2026,92.0433,10.2418
31-Mar-2026,02-Apr-2026,97.1569,5.12912
31-Mar-2026,02-Apr-2026,102.27,0.507765
31-Mar-2026,02-Apr-2026,107.384,1.4128e-06
31-Mar-2026,10-Apr-2026,81.8163,20.559
31-Mar-2026,10-Apr-2026,86.9298,15.4521
31-Mar-2026,10-Apr-2026,92.0433,10.351
31-Mar-2026,10-Apr-2026,97.1569,5.38202
31-Mar-2026,10-Apr-2026,102.27,1.48487
31-Mar-2026,10-Apr-2026,107.384,0.0959118
31-Mar-2026,10-Apr-2026,112.497,0.000477304
31-Mar-2026,10-Apr-2026,117.611,1.34579e-07
31-Mar-2026,10-Apr-2026,122.724,5.10203e-12
31-Mar-2026,17-Apr-2026,81.8163,20.6312
31-Mar-2026,17-Apr-2026,86.9298,15.5317
31-Mar-2026,17-Apr-2026,92.0433,10.4686
31-Mar-2026,17-Apr-2026,97.1569,5.67468
31-Mar-2026,17-Apr-2026,102.27,1.96069
31-Mar-2026,17-Apr-2026,107.384,0.278473
31-Mar-2026,17-Apr-2026,112.497,0.00906256
31-Mar-2026,17-Apr-2026,117.611,5.79628e-05
31-Mar-2026,17-Apr-2026,122.724,1.18354e-07
31-Mar-2026,24-Apr-2026,81.8163,20.6978
31-Mar-2026,24-Apr-2026,86.9298,15.612
31-Mar-2026,24-Apr-2026,92.0433,10.6026
31-Mar-2026,24-Apr-2026,97.1569,5.94453
31-Mar-2026,24-Apr-2026,102.27,2.32398
31-Mar-2026,24-Apr-2026,107.384,0.468769
31-Mar-2026,24-Apr-2026,112.497,0.0329166
31-Mar-2026,24-Apr-2026,117.611,0.000729936
31-Mar-2026,24-Apr-2026,122.724,7.19462e-06
31-Mar-2026,30-Apr-2026,81.8163,20.7529
31-Mar-2026,30-Apr-2026,86.9298,15.6834
31-Mar-2026,30-Apr-2026,92.0433,10.7225
31-Mar-2026,30-Apr-2026,97.1569,6.15565
31-Mar-2026,30-Apr-2026,102.27,2.58592
31-Mar-2026,30-Apr-2026,107.384,0.626446
31-Mar-2026,30-Apr-2026,112.497,0.0644153
31-Mar-2026,30-Apr-2026,117.611,0.00261315
31-Mar-2026,30-Apr-2026,122.724,5.50245e-05
31-Mar-2026,29-May-2026,81.8163,21.077
31-Mar-2026,29-May-2026,86.9298,16.1329
31-Mar-2026,29-May-2026,92.0433,11.4101
31-Mar-2026,29-May-2026,97.1569,7.15195
31-Mar-2026,29-May-2026,102.27,3.71217
31-Mar-2026,29-May-2026,107.384,1.43342
31-Mar-2026,29-May-2026,112.497,0.361788
31-Mar-2026,29-May-2026,117.611,0.0577579
31-Mar-2026,29-May-2026,122.724,0.00661674
31-Mar-2026,30-Jun-2026,81.8163,21.5174
31-Mar-2026,30-Jun-2026,86.9298,16.7254
31-Mar-2026,30-Jun-2026,92.0433,12.2032
31-Mar-2026,30-Jun-2026,97.1569,8.13521
31-Mar-2026,30-Jun-2026,102.27,4.75597
31-Mar-2026,30-Jun-2026,107.384,2.29576
31-Mar-2026,30-Jun-2026,112.497,0.853528
31-Mar-2026,30-Jun-2026,117.611,0.238416
31-Mar-2026,30-Jun-2026,122.724,0.0533732
31-Mar-2026,31-Jul-2026,81.8163,21.9717
31-Mar-2026,31-Jul-2026,86.9298,17.3043
31-Mar-2026,31-Jul-2026,92.0433,12.9211
31-Mar-2026,31-Jul-2026,97.1569,8.96896
31-Mar-2026,31-Jul-2026,102.27,5.62435
31-Mar-2026,31-Jul-2026,107.384,3.06245
31-Mar-2026,31-Jul-2026,112.497,1.38476
31-Mar-2026,31-Jul-2026,117.611,0.509094
31-Mar-2026,31-Jul-2026,122.724,0.157414
31-Mar-2026,31-Aug-2026,81.8163,22.4453
31-Mar-2026,31-Aug-2026,86.9298,17.8847
31-Mar-2026,31-Aug-2026,92.0433,13.6109
31-Mar-2026,31-Aug-2026,97.1569,9.74503
31-Mar-2026,31-Aug-2026,102.27,6.4276
31-Mar-2026,31-Aug-2026,107.384,3.7984
31-Mar-2026,31-Aug-2026,112.497,1.95037
31-Mar-2026,31-Aug-2026,117.611,0.854778
31-Mar-2026,31-Aug-2026,122.724,0.324962
31-Mar-2026,30-Sep-2026,81.8163,22.9152
31-Mar-2026,30-Sep-2026,86.9298,18.4447
31-Mar-2026,30-Sep-2026,92.0433,14.2591
31-Mar-2026,30-Sep-2026,97.1569,10.4611
31-Mar-2026,30-Sep-2026,102.27,7.16712
31-Mar-2026,30-Sep-2026,107.384,4.49246
31-Mar-2026,30-Sep-2026,112.497,2.51954
31-Mar-2026,30-Sep-2026,117.611,1.24572
31-Mar-2026,30-Sep-2026,122.724,0.546519
31-Mar-2026,30-Oct-2026,81.8163,23.4084
31-Mar-2026,30-Oct-2026,86.9298,19.0211
31-Mar-2026,30-Oct-2026,92.0433,14.9142
31-Mar-2026,30-Oct-2026,97.1569,11.1762
31-Mar-2026,30-Oct-2026,102.27,7.90505
31-Mar-2026,30-Oct-2026,107.384,5.19694
31-Mar-2026,30-Oct-2026,112.497,3.12361
31-Mar-2026,30-Oct-2026,117.611,1.69582
31-Mar-2026,30-Oct-2026,122.724,0.832579
31-Mar-2026,30-Nov-2026,81.8163,23.9101
31-Mar-2026,30-Nov-2026,86.9298,19.5983
31-Mar-2026,30-Nov-2026,92.0433,15.5617
31-Mar-2026,30-Nov-2026,97.1569,11.8771
31-Mar-2026,30-Nov-2026,102.27,8.62823
31-Mar-2026,30-Nov-2026,107.384,5.89627
31-Mar-2026,30-Nov-2026,112.497,3.74328
31-Mar-2026,30-Nov-2026,117.611,2.18624
31-Mar-2026,30-Nov-2026,122.724,1.17294
31-Mar-2026,31-Dec-2026,81.8163,24.4068
31-Mar-2026,31-Dec-2026,86.9298,20.1632
31-Mar-2026,31-Dec-2026,92.0433,16.189
31-Mar-2026,31-Dec-2026,97.1569,12.5521
31-Mar-2026,31-Dec-2026,102.27,9.3247
31-Mar-2026,31-Dec-2026,107.384,6.57636
31-Mar-2026,31-Dec-2026,112.497,4.36081
31-Mar-2026,31-Dec-2026,117.611,2.69732
31-Mar-2026,31-Dec-2026,122.724,1.55224
31-Mar-2026,29-Jan-2027,81.8163,24.8541
31-Mar-2026,29-Jan-2027,86.9298,20.6673
31-Mar-2026,29-Jan-2027,92.0433,16.7448
31-Mar-2026,29-Jan-2027,97.1569,13.1474
31-Mar-2026,29-Jan-2027,102.27,9.93914
31-Mar-2026,29-Jan-2027,107.384,7.18069
31-Mar-2026,29-Jan-2027,112.497,4.91942
31-Mar-2026,29-Jan-2027,117.611,3.1749
31-Mar-2026,29-Jan-2027,122.724,1.92462
31-Mar-2026,26-Feb-2027,81.8163,25.2851
31-Mar-2026,26-Feb-2027,86.9298,21.1498
31-Mar-2026,26-Feb-2027,92.0433,17.2738
31-Mar-2026,26-Feb-2027,97.1569,13.7123
31-Mar-2026,26-Feb-2027,102.27,10.5222
31-Mar-2026,26-Feb-2027,107.384,7.75728
31-Mar-2026,26-Feb-2027,112.497,5.45947
31-Mar-2026,26-Feb-2027,117.611,3.64782
31-Mar-2026,26-Feb-2027,122.724,2.30721
01-Apr-2026,02-Apr-2026,81.5341,20.3902
01-Apr-2026,02-Apr-2026,86.63,15.2947
01-Apr-2026,02-Apr-2026,91.7259,10.1992
01-Apr-2026,02-Apr-2026,96.8217,5.10378
01-Apr-2026,02-Apr-2026,101.918,0.355138
01-Apr-2026,02-Apr-2026,107.014,1.89017e-08
01-Apr-2026,02-Apr-2026,117.205,2.66471e-15
01-Apr-2026,02-Apr-2026,122.301,2.79566e-15
01-Apr-2026,10-Apr-2026,81.5341,20.4833
01-Apr-2026,10-Apr-2026,86.63,15.3937
01-Apr-2026,10-Apr-2026,91.7259,10.3083
01-Apr-2026,10-Apr-2026,96.8217,5.33906
01-Apr-2026,10-Apr-2026,101.918,1.42738
01-Apr-2026,10-Apr-2026,107.014,0.0807099
01-Apr-2026,10-Apr-2026,112.109,0.000286291
01-Apr-2026,10-Apr-2026,117.205,4.61111e-08
01-Apr-2026,10-Apr-2026,122.301,8.77687e-13
01-Apr-2026,17-Apr-2026,81.5341,20.5565
01-Apr-2026,17-Apr-2026,86.63,15.4738
01-Apr-2026,17-Apr-2026,91.7259,10.4232
01-Apr-2026,17-Apr-2026,96.8217,5.62841
01-Apr-2026,17-Apr-2026,101.918,1.91101
01-Apr-2026,17-Apr-2026,107.014,0.256485
01-Apr-2026,17-Apr-2026,112.109,0.00731899
01-Apr-2026,17-Apr-2026,117.205,3.80024e-05
01-Apr-2026,17-Apr-2026,122.301,6.02464e-08
01-Apr-2026,24-Apr-2026,81.5341,20.6239
01-Apr-2026,24-Apr-2026,86.63,15.5539
01-Apr-2026,24-Apr-2026,91.7259,10.5551
01-Apr-2026,24-Apr-2026,96.8217,5.89744
01-Apr-2026,24-Apr-2026,101.918,2.27727
01-Apr-2026,24-Apr-2026,107.014,0.443419
01-Apr-2026,24-Apr-2026,112.109,0.028809
01-Apr-2026,24-Apr-2026,117.205,0.000567024
01-Apr-2026,24-Apr-2026,122.301,4.853e-06
01-Apr-2026,30-Apr-2026,81.5341,20.6794
01-Apr-2026,30-Apr-2026,86.63,15.6249
01-Apr-2026,30-Apr-2026,91.7259,10.6737
01-Apr-2026,30-Apr-2026,96.8217,6.10828
01-Apr-2026,30-Apr-2026,101.918,2.54042
01-Apr-2026,30-Apr-2026,107.014,0.599137
01-Apr-2026,30-Apr-2026,112.109,0.0581812
01-Apr-2026,30-Apr-2026,117.205,0.00216606
01-Apr-2026,30-Apr-2026,122.301,4.12844e-05
01-Apr-2026,29-May-2026,81.5341,21.0043
01-Apr-2026,29-May-2026,86.63,16.0726
01-Apr-2026,29-May-2026,91.7259,11.3578
01-Apr-2026,29-May-2026,96.8217,7.10332
01-Apr-2026,29-May-2026,101.918,3.66712
01-Apr-2026,29-May-2026,107.014,1.39879
01-Apr-2026,29-May-2026,112.109,0.344748
01-Apr-2026,29-May-2026,117.205,0.0532342
01-Apr-2026,29-May-2026,122.301,0.00588557
01-Apr-2026,30-Jun-2026,81.5341,21.4447
01-Apr-2026,30-Jun-2026,86.63,16.6636
01-Apr-2026,30-Jun-2026,91.7259,12.1485
01-Apr-2026,30-Jun-2026,96.8217,8.08417
01-Apr-2026,30-Jun-2026,101.918,4.70772
01-Apr-2026,30-Jun-2026,107.014,2.25406
01-Apr-2026,30-Jun-2026,112.109,0.825603
01-Apr-2026,30-Jun-2026,117.205,0.225892
01-Apr-2026,30-Jun-2026,122.301,0.0495041
01-Apr-2026,31-Jul-2026,81.5341,21.8989
01-Apr-2026,31-Jul-2026,86.63,17.2412
01-Apr-2026,31-Jul-2026,91.7259,12.8641
01-Apr-2026,31-Jul-2026,96.8217,8.91501
01-Apr-2026,31-Jul-2026,101.918,5.57214
01-Apr-2026,31-Jul-2026,107.014,3.01449
01-Apr-2026,31-Jul-2026,112.109,1.34765
01-Apr-2026,31-Jul-2026,117.205,0.487595
01-Apr-2026,31-Jul-2026,122.301,0.148249
01-Apr-2026,31-Aug-2026,81.5341,22.3721
01-Apr-2026,31-Aug-2026,86.63,17.8201
01-Apr-2026,31-Aug-2026,91.7259,13.5515
01-Apr-2026,31-Aug-2026,96.8217,9.68787
01-Apr-2026,31-Aug-2026,101.918,6.37115
01-Apr-2026,31-Aug-2026,107.014,3.74451
01-Apr-2026,31-Aug-2026,112.109,1.90491
01-Apr-2026,31-Aug-2026,117.205,0.823901
01-Apr-2026,31-Aug-2026,122.301,0.308679
01-Apr-2026,30-Sep-2026,81.5341,22.8413
01-Apr-2026,30-Sep-2026,86.63,18.3786
01-Apr-2026,30-Sep-2026,91.7259,14.1973
01-Apr-2026,30-Sep-2026,96.8217,10.4007
01-Apr-2026,30-Sep-2026,101.918,7.10653
01-Apr-2026,30-Sep-2026,107.014,4.43314
01-Apr-2026,30-Sep-2026,112.109,2.46668
01-Apr-2026,30-Sep-2026,117.205,1.20587
01-Apr-2026,30-Sep-2026,122.301,0.522143
01-Apr-2026,30-Oct-2026,81.5341,23.3337
01-Apr-2026,30-Oct-2026,86.63,18.9532
01-Apr-2026,30-Oct-2026,91.7259,14.8498
01-Apr-2026,30-Oct-2026,96.8217,11.1124
01-Apr-2026,30-Oct-2026,101.918,7.84024
01-Apr-2026,30-Oct-2026,107.014,5.13231
01-Apr-2026,30-Oct-2026,112.109,3.06371
01-Apr-2026,30-Oct-2026,117.205,1.64712
01-Apr-2026,30-Oct-2026,122.301,0.799178
01-Apr-2026,30-Nov-2026,81.5341,23.8344
01-Apr-2026,30-Nov-2026,86.63,19.5286
01-Apr-2026,30-Nov-2026,91.7259,15.4946
01-Apr-2026,30-Nov-2026,96.8217,11.8099
01-Apr-2026,30-Nov-2026,101.918,8.5593
01-Apr-2026,30-Nov-2026,107.014,5.82659
01-Apr-2026,30-Nov-2026,112.109,3.67686
01-Apr-2026,30-Nov-2026,117.205,2.12918
01-Apr-2026,30-Nov-2026,122.301,1.13027
01-Apr-2026,31-Dec-2026,81.5341,24.3301
01-Apr-2026,31-Dec-2026,86.63,20.0916
01-Apr-2026,31-Dec-2026,91.7259,16.1192
01-Apr-2026,31-Dec-2026,96.8217,12.4815
01-Apr-2026,31-Dec-2026,101.918,9.25187
01-Apr-2026,31-Dec-2026,107.014,6.50201
01-Apr-2026,31-Dec-2026,112.109,4.28847
01-Apr-2026,31-Dec-2026,117.205,2.63265
01-Apr-2026,31-Dec-2026,122.301,1.50065
01-Apr-2026,29-Jan-2027,81.5341,24.7764
01-Apr-2026,29-Jan-2027,86.63,20.594
01-Apr-2026,29-Jan-2027,91.7259,16.6727
01-Apr-2026,29-Jan-2027,96.8217,13.074
01-Apr-2026,29-Jan-2027,101.918,9.86298
01-Apr-2026,29-Jan-2027,107.014,7.10241
01-Apr-2026,29-Jan-2027,112.109,4.84217
01-Apr-2026,29-Jan-2027,117.205,3.1039
01-Apr-2026,29-Jan-2027,122.301,1.86536
01-Apr-2026,26-Feb-2027,81.5341,25.2064
01-Apr-2026,26-Feb-2027,86.63,21.0749
01-Apr-2026,26-Feb-2027,91.7259,17.1996
01-Apr-2026,26-Feb-2027,96.8217,13.6362
01-Apr-2026,26-Feb-2027,101.918,10.443
01-Apr-2026,26-Feb-2027,107.014,7.67543
01-Apr-2026,26-Feb-2027,112.109,5.37782
01-Apr-2026,26-Feb-2027,117.205,3.57118
01-Apr-2026,26-Feb-2027,122.301,2.24097
02-Apr-2026,10-Apr-2026,81.7175,20.5231
02-Apr-2026,10-Apr-2026,86.8248,15.4216
02-Apr-2026,10-Apr-2026,91.9322,10.3235
02-Apr-2026,10-Apr-2026,97.0395,5.33333
02-Apr-2026,10-Apr-2026,102.147,1.40428
02-Apr-2026,10-Apr-2026,107.254,0.0767698
02-Apr-2026,10-Apr-2026,112.362,0.000261935
02-Apr-2026,10-Apr-2026,117.469,3.54604e-08
02-Apr-2026,10-Apr-2026,122.576,4.34893e-13
02-Apr-2026,17-Apr-2026,81.7175,20.5967
02-Apr-2026,17-Apr-2026,86.8248,15.5022
02-Apr-2026,17-Apr-2026,91.9322,10.441
02-Apr-2026,17-Apr-2026,97.0395,5.64605
02-Apr-2026,17-Apr-2026,102.147,1.94773
02-Apr-2026,17-Apr-2026,107.254,0.284788
02-Apr-2026,17-Apr-2026,112.362,0.010365
02-Apr-2026,17-Apr-2026,117.469,7.26108e-05
02-Apr-2026,17-Apr-2026,122.576,1.35812e-07
02-Apr-2026,24-Apr-2026,81.7175,20.6646
02-Apr-2026,24-Apr-2026,86.8248,15.5845
02-Apr-2026,24-Apr-2026,91.9322,10.5839
02-Apr-2026,24-Apr-2026,97.0395,5.95032
02-Apr-2026,24-Apr-2026,102.147,2.37298
02-Apr-2026,24-Apr-2026,107.254,0.522439
02-Apr-2026,24-Apr-2026,112.362,0.046192
02-Apr-2026,24-Apr-2026,117.469,0.00137113
02-Apr-2026,24-Apr-2026,122.576,1.61178e-05
02-Apr-2026,30-Apr-2026,81.7175,20.7211
02-Apr-2026,30-Apr-2026,86.8248,15.6597
02-Apr-2026,30-Apr-2026,91.9322,10.7174
02-Apr-2026,30-Apr-2026,97.0395,6.19534
02-Apr-2026,30-Apr-2026,102.147,2.68657
02-Apr-2026,30-Apr-2026,107.254,0.727901
02-Apr-2026,30-Apr-2026,112.362,0.0981238
02-Apr-2026,30-Apr-2026,117.469,0.00571646
02-Apr-2026,30-Apr-2026,122.576,0.00015867
02-Apr-2026,08-May-2026,81.7175,20.8121
02-Apr-2026,08-May-2026,86.8248,15.7895
02-Apr-2026,08-May-2026,91.9322,10.9399
02-Apr-2026,08-May-2026,97.0395,6.55953
02-Apr-2026,08-May-2026,102.147,3.12762
02-Apr-2026,08-May-2026,107.254,1.04871
02-Apr-2026,08-May-2026,112.362,0.213024
02-Apr-2026,08-May-2026,117.469,0.0236556
02-Apr-2026,08-May-2026,122.576,0.00149723
02-Apr-2026,29-May-2026,81.7175,21.0725
02-Apr-2026,29-May-2026,86.8248,16.1742
02-Apr-2026,29-May-2026,91.9322,11.5388
02-Apr-2026,29-May-2026,97.0395,7.41236
02-Apr-2026,29-May-2026,102.147,4.10196
02-Apr-2026,29-May-2026,107.254,1.84491
02-Apr-2026,29-May-2026,112.362,0.63066
02-Apr-2026,29-May-2026,117.469,0.155274
02-Apr-2026,29-May-2026,122.576,0.0274099
02-Apr-2026,30-Jun-2026,81.7175,21.5967
02-Apr-2026,30-Jun-2026,86.8248,16.912
02-Apr-2026,30-Jun-2026,91.9322,12.5518
02-Apr-2026,30-Jun-2026,97.0395,8.68658
02-Apr-2026,30-Jun-2026,102.147,5.49278
02-Apr-2026,30-Jun-2026,107.254,3.0974
02-Apr-2026,30-Jun-2026,112.362,1.51719
02-Apr-2026,30-Jun-2026,117.469,0.630744
02-Apr-2026,30-Jun-2026,122.576,0.220029
02-Apr-2026,31-Jul-2026,81.7175,22.1706
02-Apr-2026,31-Jul-2026,86.8248,17.6667
02-Apr-2026,31-Jul-2026,91.9322,13.5033
02-Apr-2026,31-Jul-2026,97.0395,9.80412
02-Apr-2026,31-Jul-2026,102.147,6.68536
02-Apr-2026,31-Jul-2026,107.254,4.2271
02-Apr-2026,31-Jul-2026,112.362,2.44559
02-Apr-2026,31-Jul-2026,117.469,1.27913
02-Apr-2026,31-Jul-2026,122.576,0.600019
02-Apr-2026,31-Aug-2026,81.7175,22.7896
02-Apr-2026,31-Aug-2026,86.8248,18.4424
02-Apr-2026,31-Aug-2026,91.9322,14.4357
02-Apr-2026,31-Aug-2026,97.0395,10.8619
02-Apr-2026,31-Aug-2026,102.147,7.80234
02-Apr-2026,31-Aug-2026,107.254,5.31091
02-Apr-2026,31-Aug-2026,112.362,3.39999
02-Apr-2026,31-Aug-2026,117.469,2.03321
02-Apr-2026,31-Aug-2026,122.576,1.12997
02-Apr-2026,30-Sep-2026,81.7175,23.416
02-Apr-2026,30-Sep-2026,86.8248,19.2013
02-Apr-2026,30-Sep-2026,91.9322,15.3205
02-Apr-2026,30-Sep-2026,97.0395,11.8448
02-Apr-2026,30-Sep-2026,102.147,8.83387
02-Apr-2026,30-Sep-2026,107.254,6.32583
02-Apr-2026,30-Sep-2026,112.362,4.32943
02-Apr-2026,30-Sep-2026,117.469,2.82015
02-Apr-2026,30-Sep-2026,122.576,1.74269
02-Apr-2026,30-Oct-2026,81.7175,24.081
02-Apr-2026,30-Oct-2026,86.8248,19.9872
02-Apr-2026,30-Oct-2026,91.9322,16.2175
02-Apr-2026,30-Oct-2026,97.0395,12.8272
02-Apr-2026,30-Oct-2026,102.147,9.86068
02-Apr-2026,30-Oct-2026,107.254,7.3453
02-Apr-2026,30-Oct-2026,112.362,5.28664
02-Apr-2026,30-Oct-2026,117.469,3.66676
02-Apr-2026,30-Oct-2026,122.576,2.4457
02-Apr-2026,30-Nov-2026,81.7175,24.761
02-Apr-2026,30-Nov-2026,86.8248,20.7755
02-Apr-2026,30-Nov-2026,91.9322,17.1029
02-Apr-2026,30-Nov-2026,97.0395,13.7869
02-Apr-2026,30-Nov-2026,102.147,10.861
02-Apr-2026,30-Nov-2026,107.254,8.34482
02-Apr-2026,30-Nov-2026,112.362,6.24161
02-Apr-2026,30-Nov-2026,117.469,4.53713
02-Apr-2026,30-Nov-2026,122.576,3.20096
02-Apr-2026,31-Dec-2026,81.7175,25.4349
02-Apr-2026,31-Dec-2026,86.8248,21.545
02-Apr-2026,31-Dec-2026,91.9322,17.957
02-Apr-2026,31-Dec-2026,97.0395,14.7056
02-Apr-2026,31-Dec-2026,102.147,11.8165
02-Apr-2026,31-Dec-2026,107.254,9.3041
02-Apr-2026,31-Dec-2026,112.362,7.1696
02-Apr-2026,31-Dec-2026,117.469,5.401
02-Apr-2026,31-Dec-2026,122.576,3.974
02-Apr-2026,29-Jan-2027,81.7175,26.0405
02-Apr-2026,29-Jan-2027,86.8248,22.2289
02-Apr-2026,29-Jan-2027,91.9322,18.7093
02-Apr-2026,29-Jan-2027,97.0395,15.5103
02-Apr-2026,29-Jan-2027,102.147,12.6522
02-Apr-2026,29-Jan-2027,107.254,10.1458
02-Apr-2026,29-Jan-2027,112.362,7.99103
02-Apr-2026,29-Jan-2027,117.469,6.17711
02-Apr-2026,29-Jan-2027,122.576,4.68352
02-Apr-2026,26-Feb-2027,81.7175,26.622
02-Apr-2026,26-Feb-2027,86.8248,22.8798
02-Apr-2026,26-Feb-2027,91.9322,19.4206
02-Apr-2026,26-Feb-2027,97.0395,16.268
02-Apr-2026,26-Feb-2027,102.147,13.4384
02-Apr-2026,26-Feb-2027,107.254,10.9396
02-Apr-2026,26-Feb-2027,112.362,8.77061
02-Apr-2026,26-Feb-2027,117.469,6.92158
02-Apr-2026,26-Feb-2027,122.576,5.37462
07-Apr-2026,10-Apr-2026,81.6175,20.4247
07-Apr-2026,10-Apr-2026,86.7186,15.3249
07-Apr-2026,10-Apr-2026,91.8197,10.2251
07-Apr-2026,10-Apr-2026,96.9207,5.1256
07-Apr-2026,10-Apr-2026,102.022,0.618923
07-Apr-2026,10-Apr-2026,107.123,5.4975e-05
07-Apr-2026,10-Apr-2026,112.224,3.08462e-15
07-Apr-2026,10-Apr-2026,117.325,2.00939e-15
07-Apr-2026,10-Apr-2026,122.426,2.02548e-15
07-Apr-2026,17-Apr-2026,81.6175,20.4992
07-Apr-2026,17-Apr-2026,86.7186,15.4041
07-Apr-2026,17-Apr-2026,91.8197,10.3124
07-Apr-2026,17-Apr-2026,96.9207,5.32901
07-Apr-2026,17-Apr-2026,102.022,1.40463
07-Apr-2026,17-Apr-2026,107.123,0.0768078
07-Apr-2026,17-Apr-2026,112.224,0.000261097
07-Apr-2026,17-Apr-2026,117.325,3.5943e-08
07-Apr-2026,17-Apr-2026,122.426,4.69939e-13
07-Apr-2026,24-Apr-2026,81.6175,20.5602
07-Apr-2026,24-Apr-2026,86.7186,15.4704
07-Apr-2026,24-Apr-2026,91.8197,10.4066
07-Apr-2026,24-Apr-2026,96.9207,5.58399
07-Apr-2026,24-Apr-2026,102.022,1.8578
07-Apr-2026,24-Apr-2026,107.123,0.241434
07-Apr-2026,24-Apr-2026,112.224,0.00669274
07-Apr-2026,24-Apr-2026,117.325,3.05208e-05
07-Apr-2026,24-Apr-2026,122.426,3.4347e-08
07-Apr-2026,30-Apr-2026,81.6175,20.6357
07-Apr-2026,30-Apr-2026,86.7186,15.5605
07-Apr-2026,30-Apr-2026,91.8197,10.561
07-Apr-2026,30-Apr-2026,96.9207,5.92044
07-Apr-2026,30-Apr-2026,102.022,2.33583
07-Apr-2026,30-Apr-2026,107.123,0.497996
07-Apr-2026,30-Apr-2026,112.224,0.0409854
07-Apr-2026,30-Apr-2026,117.325,0.00109877
07-Apr-2026,30-Apr-2026,122.426,1.1745e-05
07-Apr-2026,08-May-2026,81.6175,20.7075
07-Apr-2026,08-May-2026,86.7186,15.6566
07-Apr-2026,08-May-2026,91.8197,10.731
07-Apr-2026,08-May-2026,96.9207,6.2304
07-Apr-2026,08-May-2026,102.022,2.73094
07-Apr-2026,08-May-2026,107.123,0.755948
07-Apr-2026,08-May-2026,112.224,0.105845
07-Apr-2026,08-May-2026,117.325,0.00661265
07-Apr-2026,08-May-2026,122.426,0.000206825
07-Apr-2026,29-May-2026,81.6175,20.9519
07-Apr-2026,29-May-2026,86.7186,16.0153
07-Apr-2026,29-May-2026,91.8197,11.3155
07-Apr-2026,29-May-2026,96.9207,7.11431
07-Apr-2026,29-May-2026,102.022,3.76507
07-Apr-2026,29-May-2026,107.123,1.55347
07-Apr-2026,29-May-2026,112.224,0.456769
07-Apr-2026,29-May-2026,117.325,0.0898747
07-Apr-2026,29-May-2026,122.426,0.0120795
07-Apr-2026,30-Jun-2026,81.6175,21.4695
07-Apr-2026,30-Jun-2026,86.7186,16.7559
07-Apr-2026,30-Jun-2026,91.8197,12.3571
07-Apr-2026,30-Jun-2026,96.9207,8.4525
07-Apr-2026,30-Jun-2026,102.022,5.23485
07-Apr-2026,30-Jun-2026,107.123,2.84953
07-Apr-2026,30-Jun-2026,112.224,1.31962
07-Apr-2026,30-Jun-2026,117.325,0.506322
07-Apr-2026,30-Jun-2026,122.426,0.160005
07-Apr-2026,31-Jul-2026,81.6175,22.0649
07-Apr-2026,31-Jul-2026,86.7186,17.5471
07-Apr-2026,31-Jul-2026,91.8197,13.3644
07-Apr-2026,31-Jul-2026,96.9207,9.64372
07-Apr-2026,31-Jul-2026,102.022,6.50792
07-Apr-2026,31-Jul-2026,107.123,4.04616
07-Apr-2026,31-Jul-2026,112.224,2.28152
07-Apr-2026,31-Jul-2026,117.325,1.15117
07-Apr-2026,31-Jul-2026,122.426,0.516378
07-Apr-2026,31-Aug-2026,81.6175,22.7276
07-Apr-2026,31-Aug-2026,86.7186,18.3815
07-Apr-2026,31-Aug-2026,91.8197,14.3708
07-Apr-2026,31-Aug-2026,96.9207,10.788
07-Apr-2026,31-Aug-2026,102.022,7.71656
07-Apr-2026,31-Aug-2026,107.123,5.21536
07-Apr-2026,31-Aug-2026,112.224,3.3023
07-Apr-2026,31-Aug-2026,117.325,1.94437
07-Apr-2026,31-Aug-2026,122.426,1.05969
07-Apr-2026,30-Sep-2026,81.6175,23.4138
07-Apr-2026,30-Sep-2026,86.7186,19.2138
07-Apr-2026,30-Sep-2026,91.8197,15.3415
07-Apr-2026,30-Sep-2026,96.9207,11.8663
07-Apr-2026,30-Sep-2026,102.022,8.84814
07-Apr-2026,30-Sep-2026,107.123,6.32783
07-Apr-2026,30-Sep-2026,112.224,4.3184
07-Apr-2026,30-Sep-2026,117.325,2.79976
07-Apr-2026,30-Sep-2026,122.426,1.71919
07-Apr-2026,30-Oct-2026,81.6175,24.1901
07-Apr-2026,30-Oct-2026,86.7186,20.1296
07-Apr-2026,30-Oct-2026,91.8197,16.3846
07-Apr-2026,30-Oct-2026,96.9207,13.0073
07-Apr-2026,30-Oct-2026,102.022,10.0404
07-Apr-2026,30-Oct-2026,107.123,7.51222
07-Apr-2026,30-Oct-2026,112.224,5.43147
07-Apr-2026,30-Oct-2026,117.325,3.7848
07-Apr-2026,30-Oct-2026,122.426,2.53691
07-Apr-2026,30-Nov-2026,81.6175,24.9269
07-Apr-2026,30-Nov-2026,86.7186,20.981
07-Apr-2026,30-Nov-2026,91.8197,17.3383
07-Apr-2026,30-Nov-2026,96.9207,14.0391
07-Apr-2026,30-Nov-2026,102.022,11.1155
07-Apr-2026,30-Nov-2026,107.123,8.58773
07-Apr-2026,30-Nov-2026,112.224,6.4616
07-Apr-2026,30-Nov-2026,117.325,4.72686
07-Apr-2026,30-Nov-2026,122.426,3.35757
07-Apr-2026,31-Dec-2026,81.6175,25.7013
07-Apr-2026,31-Dec-2026,86.7186,21.8619
07-Apr-2026,31-Dec-2026,91.8197,18.3129
07-Apr-2026,31-Dec-2026,96.9207,15.0855
07-Apr-2026,31-Dec-2026,102.022,12.2035
07-Apr-2026,31-Dec-2026,107.123,9.68158
07-Apr-2026,31-Dec-2026,112.224,7.52295
07-Apr-2026,31-Dec-2026,117.325,5.71922
07-Apr-2026,31-Dec-2026,122.426,4.25045
07-Apr-2026,29-Jan-2027,81.6175,26.4047
07-Apr-2026,29-Jan-2027,86.7186,22.6528
07-Apr-2026,29-Jan-2027,91.8197,19.1799
07-Apr-2026,29-Jan-2027,96.9207,16.0109
07-Apr-2026,29-Jan-2027,102.022,13.1645
07-Apr-2026,29-Jan-2027,107.123,10.651
07-Apr-2026,29-Jan-2027,112.224,8.47235
07-Apr-2026,29-Jan-2027,117.325,6.62093
07-Apr-2026,29-Jan-2027,122.426,5.08036
07-Apr-2026,26-Feb-2027,81.6175,27.0862
07-Apr-2026,26-Feb-2027,86.7186,23.4121
07-Apr-2026,26-Feb-2027,91.8197,20.0065
07-Apr-2026,26-Feb-2027,96.9207,16.8896
07-Apr-2026,26-Feb-2027,102.022,14.0758
07-Apr-2026,26-Feb-2027,107.123,11.5729
07-Apr-2026,26-Feb-2027,112.224,9.38113
07-Apr-2026,26-Feb-2027,117.325,7.49371
07-Apr-2026,26-Feb-2027,122.426,5.8966
08-Apr-2026,10-Apr-2026,82.559,20.6534
08-Apr-2026,10-Apr-2026,87.7189,15.4943
08-Apr-2026,10-Apr-2026,92.8789,10.3353
08-Apr-2026,10-Apr-2026,98.0388,5.17621
08-Apr-2026,10-Apr-2026,103.199,0.535453
08-Apr-2026,10-Apr-2026,108.359,4.35567e-06
08-Apr-2026,10-Apr-2026,113.519,2.82062e-15
08-Apr-2026,10-Apr-2026,118.679,2.8835e-15
08-Apr-2026,10-Apr-2026,123.838,2.92918e-15
08-Apr-2026,17-Apr-2026,82.559,20.7286
08-Apr-2026,17-Apr-2026,87.7189,15.5743
08-Apr-2026,17-Apr-2026,92.8789,10.4233
08-Apr-2026,17-Apr-2026,98.0388,5.38504
08-Apr-2026,17-Apr-2026,103.199,1.43244
08-Apr-2026,17-Apr-2026,108.359,0.084803
08-Apr-2026,17-Apr-2026,113.519,0.000372527
08-Apr-2026,17-Apr-2026,118.679,7.03904e-08
08-Apr-2026,17-Apr-2026,123.838,1.03623e-12
08-Apr-2026,24-Apr-2026,82.559,20.7901
08-Apr-2026,24-Apr-2026,87.7189,15.6413
08-Apr-2026,24-Apr-2026,92.8789,10.5214
08-Apr-2026,24-Apr-2026,98.0388,5.65961
08-Apr-2026,24-Apr-2026,103.199,1.91954
08-Apr-2026,24-Apr-2026,108.359,0.271235
08-Apr-2026,24-Apr-2026,113.519,0.00937009
08-Apr-2026,24-Apr-2026,118.679,5.86069e-05
08-Apr-2026,24-Apr-2026,123.838,8.62716e-08
08-Apr-2026,30-Apr-2026,82.559,20.8664
08-Apr-2026,30-Apr-2026,87.7189,15.734
08-Apr-2026,30-Apr-2026,92.8789,10.686
08-Apr-2026,30-Apr-2026,98.0388,6.01955
08-Apr-2026,30-Apr-2026,103.199,2.42635
08-Apr-2026,30-Apr-2026,108.359,0.554499
08-Apr-2026,30-Apr-2026,113.519,0.0536536
08-Apr-2026,30-Apr-2026,118.679,0.00183201
08-Apr-2026,30-Apr-2026,123.838,2.48653e-05
08-Apr-2026,08-May-2026,82.559,20.9397
08-Apr-2026,08-May-2026,87.7189,15.8346
08-Apr-2026,08-May-2026,92.8789,10.8677
08-Apr-2026,08-May-2026,98.0388,6.34852
08-Apr-2026,08-May-2026,103.199,2.84195
08-Apr-2026,08-May-2026,108.359,0.833933
08-Apr-2026,08-May-2026,113.519,0.132436
08-Apr-2026,08-May-2026,118.679,0.0100133
08-Apr-2026,08-May-2026,123.838,0.000383227
08-Apr-2026,29-May-2026,82.559,21.1938
08-Apr-2026,29-May-2026,87.7189,16.2145
08-Apr-2026,29-May-2026,92.8789,11.4882
08-Apr-2026,29-May-2026,98.0388,7.27734
08-Apr-2026,29-May-2026,103.199,3.92098
08-Apr-2026,29-May-2026,108.359,1.68086
08-Apr-2026,29-May-2026,113.519,0.530633
08-Apr-2026,29-May-2026,118.679,0.116278
08-Apr-2026,29-May-2026,123.838,0.0177534
08-Apr-2026,30-Jun-2026,82.559,21.7383
08-Apr-2026,30-Jun-2026,87.7189,16.9955
08-Apr-2026,30-Jun-2026,92.8789,12.5806
08-Apr-2026,30-Jun-2026,98.0388,8.66862
08-Apr-2026,30-Jun-2026,103.199,5.44195
08-Apr-2026,30-Jun-2026,108.359,3.03289
08-Apr-2026,30-Jun-2026,113.519,1.45893
08-Apr-2026,30-Jun-2026,118.679,0.591556
08-Apr-2026,30-Jun-2026,123.838,0.200523
08-Apr-2026,31-Jul-2026,82.559,22.3629
08-Apr-2026,31-Jul-2026,87.7189,17.8229
08-Apr-2026,31-Jul-2026,92.8789,13.6274
08-Apr-2026,31-Jul-2026,98.0388,9.89898
08-Apr-2026,31-Jul-2026,103.199,6.75281
08-Apr-2026,31-Jul-2026,108.359,4.26982
08-Apr-2026,31-Jul-2026,113.519,2.4686
08-Apr-2026,31-Jul-2026,118.679,1.28961
08-Apr-2026,31-Jul-2026,123.838,0.604811
08-Apr-2026,31-Aug-2026,82.559,23.0546
08-Apr-2026,31-Aug-2026,87.7189,18.6902
08-Apr-2026,31-Aug-2026,92.8789,14.6681
08-Apr-2026,31-Aug-2026,98.0388,11.0767
08-Apr-2026,31-Aug-2026,103.199,7.99399
08-Apr-2026,31-Aug-2026,108.359,5.4732
08-Apr-2026,31-Aug-2026,113.519,3.52878
08-Apr-2026,31-Aug-2026,118.679,2.12854
08-Apr-2026,31-Aug-2026,123.838,1.1961
08-Apr-2026,30-Sep-2026,82.559,23.7678
08-Apr-2026,30-Sep-2026,87.7189,19.5517
08-Apr-2026,30-Sep-2026,92.8789,15.6684
08-Apr-2026,30-Sep-2026,98.0388,12.184
08-Apr-2026,30-Sep-2026,103.199,9.1541
08-Apr-2026,30-Sep-2026,108.359,6.61538
08-Apr-2026,30-Sep-2026,113.519,4.57822
08-Apr-2026,30-Sep-2026,118.679,3.02245
08-Apr-2026,30-Sep-2026,123.838,1.89826
08-Apr-2026,30-Oct-2026,82.559,24.5717
08-Apr-2026,30-Oct-2026,87.7189,20.4966
08-Apr-2026,30-Oct-2026,92.8789,16.741
08-Apr-2026,30-Oct-2026,98.0388,13.3539
08-Apr-2026,30-Oct-2026,103.199,10.375
08-Apr-2026,30-Oct-2026,108.359,7.82941
08-Apr-2026,30-Oct-2026,113.519,5.72386
08-Apr-2026,30-Oct-2026,118.679,4.04453
08-Apr-2026,30-Oct-2026,123.838,2.75759
08-Apr-2026,30-Nov-2026,82.559,25.3327
08-Apr-2026,30-Nov-2026,87.7189,21.3732
08-Apr-2026,30-Nov-2026,92.8789,17.7199
08-Apr-2026,30-Nov-2026,98.0388,14.4107
08-Apr-2026,30-Nov-2026,103.199,11.475
08-Apr-2026,30-Nov-2026,108.359,8.93061
08-Apr-2026,30-Nov-2026,113.519,6.78175
08-Apr-2026,30-Nov-2026,118.679,5.01763
08-Apr-2026,30-Nov-2026,123.838,3.61306
08-Apr-2026,31-Dec-2026,82.559,26.1308
08-Apr-2026,31-Dec-2026,87.7189,22.2787
08-Apr-2026,31-Dec-2026,92.8789,18.7192
08-Apr-2026,31-Dec-2026,98.0388,15.4815
08-Apr-2026,31-Dec-2026,103.199,12.5875
08-Apr-2026,31-Dec-2026,108.359,10.0497
08-Apr-2026,31-Dec-2026,113.519,7.87006
08-Apr-2026,31-Dec-2026,118.679,6.03968
08-Apr-2026,31-Dec-2026,123.838,4.53895
08-Apr-2026,29-Jan-2027,82.559,26.8547
08-Apr-2026,29-Jan-2027,87.7189,23.0906
08-Apr-2026,29-Jan-2027,92.8789,19.6073
08-Apr-2026,29-Jan-2027,98.0388,16.428
08-Apr-2026,29-Jan-2027,103.199,13.5696
08-Apr-2026,29-Jan-2027,108.359,11.0409
08-Apr-2026,29-Jan-2027,113.519,8.84253
08-Apr-2026,29-Jan-2027,118.679,6.9665
08-Apr-2026,29-Jan-2027,123.838,5.39654
08-Apr-2026,26-Feb-2027,82.559,27.5551
08-Apr-2026,26-Feb-2027,87.7189,23.8693
08-Apr-2026,26-Feb-2027,92.8789,20.4534
08-Apr-2026,26-Feb-2027,98.0388,17.3263
08-Apr-2026,26-Feb-2027,103.199,14.5007
08-Apr-2026,26-Feb-2027,108.359,11.983
08-Apr-2026,26-Feb-2027,113.519,9.77268
08-Apr-2026,26-Feb-2027,118.679,7.86232
08-Apr-2026,26-Feb-2027,123.838,6.23795
09-Apr-2026,10-Apr-2026,81.2687,20.3238
09-Apr-2026,10-Apr-2026,86.3479,15.245
09-Apr-2026,10-Apr-2026,91.4272,10.1661
09-Apr-2026,10-Apr-2026,96.5065,5.08721
09-Apr-2026,10-Apr-2026,101.586,0.364032
09-Apr-2026,10-Apr-2026,106.665,1.06419e-08
09-Apr-2026,17-Apr-2026,81.2687,20.3971
09-Apr-2026,17-Apr-2026,86.3479,15.3229
09-Apr-2026,17-Apr-2026,91.4272,10.2505
09-Apr-2026,17-Apr-2026,96.5065,5.26704
09-Apr-2026,17-Apr-2026,101.586,1.32828
09-Apr-2026,17-Apr-2026,106.665,0.0616254
09-Apr-2026,17-Apr-2026,111.744,0.000143484
09-Apr-2026,17-Apr-2026,116.824,9.44493e-09
09-Apr-2026,17-Apr-2026,121.903,3.68176e-14
09-Apr-2026,24-Apr-2026,81.2687,20.4571
09-Apr-2026,24-Apr-2026,86.3479,15.3877
09-Apr-2026,24-Apr-2026,91.4272,10.3408
09-Apr-2026,24-Apr-2026,96.5065,5.52507
09-Apr-2026,24-Apr-2026,101.586,1.81147
09-Apr-2026,24-Apr-2026,106.665,0.228411
09-Apr-2026,24-Apr-2026,111.744,0.00603659
09-Apr-2026,24-Apr-2026,116.824,2.4487e-05
09-Apr-2026,24-Apr-2026,121.903,2.14452e-08
09-Apr-2026,30-Apr-2026,81.2687,20.5312
09-Apr-2026,30-Apr-2026,86.3479,15.4758
09-Apr-2026,30-Apr-2026,91.4272,10.4939
09-Apr-2026,30-Apr-2026,96.5065,5.87032
09-Apr-2026,30-Apr-2026,101.586,2.30934
09-Apr-2026,30-Apr-2026,106.665,0.493582
09-Apr-2026,30-Apr-2026,111.744,0.0413458
09-Apr-2026,30-Apr-2026,116.824,0.00112351
09-Apr-2026,30-Apr-2026,121.903,1.16082e-05
09-Apr-2026,08-May-2026,81.2687,20.6018
09-Apr-2026,08-May-2026,86.3479,15.5708
09-Apr-2026,08-May-2026,91.4272,10.6653
09-Apr-2026,08-May-2026,96.5065,6.18794
09-Apr-2026,08-May-2026,101.586,2.71594
09-Apr-2026,08-May-2026,106.665,0.759375
09-Apr-2026,08-May-2026,111.744,0.109355
09-Apr-2026,08-May-2026,116.824,0.00709581
09-Apr-2026,08-May-2026,121.903,0.000225995
09-Apr-2026,29-May-2026,81.2687,20.8442
09-Apr-2026,29-May-2026,86.3479,15.9308
09-Apr-2026,29-May-2026,91.4272,11.258
09-Apr-2026,29-May-2026,96.5065,7.08804
09-Apr-2026,29-May-2026,101.586,3.76862
09-Apr-2026,29-May-2026,106.665,1.57342
09-Apr-2026,29-May-2026,111.744,0.473854
09-Apr-2026,29-May-2026,116.824,0.0966867
09-Apr-2026,29-May-2026,121.903,0.0135124
09-Apr-2026,30-Jun-2026,81.2687,21.3639
09-Apr-2026,30-Jun-2026,86.3479,16.6784
09-Apr-2026,30-Jun-2026,91.4272,12.3111
09-Apr-2026,30-Jun-2026,96.5065,8.43911
09-Apr-2026,30-Jun-2026,101.586,5.2499
09-Apr-2026,30-Jun-2026,106.665,2.8817
09-Apr-2026,30-Jun-2026,111.744,1.35349
09-Apr-2026,30-Jun-2026,116.824,0.530278
09-Apr-2026,30-Jun-2026,121.903,0.172025
09-Apr-2026,31-Jul-2026,81.2687,21.9628
09-Apr-2026,31-Jul-2026,86.3479,17.475
09-Apr-2026,31-Jul-2026,91.4272,13.3242
09-Apr-2026,31-Jul-2026,96.5065,9.63479
09-Apr-2026,31-Jul-2026,101.586,6.52578
09-Apr-2026,31-Jul-2026,106.665,4.08175
09-Apr-2026,31-Jul-2026,111.744,2.32296
09-Apr-2026,31-Jul-2026,116.824,1.18753
09-Apr-2026,31-Jul-2026,121.903,0.541733
09-Apr-2026,31-Aug-2026,81.2687,22.6283
09-Apr-2026,31-Aug-2026,86.3479,18.3124
09-Apr-2026,31-Aug-2026,91.4272,14.3328
09-Apr-2026,31-Aug-2026,96.5065,10.7796
09-Apr-2026,31-Aug-2026,101.586,7.73352
09-Apr-2026,31-Aug-2026,106.665,5.2504
09-Apr-2026,31-Aug-2026,111.744,3.3461
09-Apr-2026,31-Aug-2026,116.824,1.98764
09-Apr-2026,31-Aug-2026,121.903,1.09557
09-Apr-2026,30-Sep-2026,81.2687,23.3159
09-Apr-2026,30-Sep-2026,86.3479,19.1456
09-Apr-2026,30-Sep-2026,91.4272,15.3031
09-Apr-2026,30-Sep-2026,96.5065,11.8561
09-Apr-2026,30-Sep-2026,101.586,8.86217
09-Apr-2026,30-Sep-2026,106.665,6.36009
09-Apr-2026,30-Sep-2026,111.744,4.36137
09-Apr-2026,30-Sep-2026,116.824,2.84566
09-Apr-2026,30-Sep-2026,121.903,1.76144
09-Apr-2026,30-Oct-2026,81.2687,24.0921
09-Apr-2026,30-Oct-2026,86.3479,20.0605
09-Apr-2026,30-Oct-2026,91.4272,16.344
09-Apr-2026,30-Oct-2026,96.5065,12.9934
09-Apr-2026,30-Oct-2026,101.586,10.0497
09-Apr-2026,30-Oct-2026,106.665,7.53981
09-Apr-2026,30-Oct-2026,111.744,5.47124
09-Apr-2026,30-Oct-2026,116.824,3.83032
09-Apr-2026,30-Oct-2026,121.903,2.58229
09-Apr-2026,30-Nov-2026,81.2687,24.8277
09-Apr-2026,30-Nov-2026,86.3479,20.9097
09-Apr-2026,30-Nov-2026,91.4272,17.2943
09-Apr-2026,30-Nov-2026,96.5065,14.0206
09-Apr-2026,30-Nov-2026,101.586,11.1195
09-Apr-2026,30-Nov-2026,106.665,8.60994
09-Apr-2026,30-Nov-2026,111.744,6.49694
09-Apr-2026,30-Nov-2026,116.824,4.76989
09-Apr-2026,30-Nov-2026,121.903,3.40311
09-Apr-2026,31-Dec-2026,81.2687,25.5996
09-Apr-2026,31-Dec-2026,86.3479,21.7873
09-Apr-2026,31-Dec-2026,91.4272,18.2645
09-Apr-2026,31-Dec-2026,96.5065,15.0615
09-Apr-2026,31-Dec-2026,101.586,12.2013
09-Apr-2026,31-Dec-2026,106.665,9.69744
09-Apr-2026,31-Dec-2026,111.744,7.55263
09-Apr-2026,31-Dec-2026,116.824,5.75811
09-Apr-2026,31-Dec-2026,121.903,4.29402
09-Apr-2026,29-Jan-2027,81.2687,26.3002
09-Apr-2026,29-Jan-2027,86.3479,22.5745
09-Apr-2026,29-Jan-2027,91.4272,19.1268
09-Apr-2026,29-Jan-2027,96.5065,15.9815
09-Apr-2026,29-Jan-2027,101.586,13.1561
09-Apr-2026,29-Jan-2027,106.665,10.6607
09-Apr-2026,29-Jan-2027,111.744,8.49624
09-Apr-2026,29-Jan-2027,116.824,6.65507
09-Apr-2026,29-Jan-2027,121.903,5.12075
09-Apr-2026,26-Feb-2027,81.2687,26.9784
09-Apr-2026,26-Feb-2027,86.3479,23.3296
09-Apr-2026,26-Feb-2027,91.4272,19.9484
09-Apr-2026,26-Feb-2027,96.5065,16.8544
09-Apr-2026,26-Feb-2027,101.586,14.0613
09-Apr-2026,26-Feb-2027,106.665,11.5761
09-Apr-2026,26-Feb-2027,111.744,9.39895
09-Apr-2026,26-Feb-2027,116.824,7.52256
09-Apr-2026,26-Feb-2027,121.903,5.93291
10-Apr-2026,17-Apr-2026,81.1468,20.3574
10-Apr-2026,17-Apr-2026,86.2185,15.2902
10-Apr-2026,17-Apr-2026,91.2901,10.2241
10-Apr-2026,17-Apr-2026,96.3618,5.2313
10-Apr-2026,17-Apr-2026,101.433,1.26328
10-Apr-2026,17-Apr-2026,106.505,0.0480205
10-Apr-2026,17-Apr-2026,111.577,6.70135e-05
10-Apr-2026,17-Apr-2026,116.649,1.83426e-09
10-Apr-2026,24-Apr-2026,81.1468,20.4153
10-Apr-2026,24-Apr-2026,86.2185,15.3525
10-Apr-2026,24-Apr-2026,91.2901,10.3087
10-Apr-2026,24-Apr-2026,96.3618,5.48159
10-Apr-2026,24-Apr-2026,101.433,1.75656
10-Apr-2026,24-Apr-2026,106.505,0.205805
10-Apr-2026,24-Apr-2026,111.577,0.00460153
10-Apr-2026,24-Apr-2026,116.649,1.41337e-05
10-Apr-2026,24-Apr-2026,121.72,8.63181e-09
10-Apr-2026,30-Apr-2026,81.1468,20.4866
10-Apr-2026,30-Apr-2026,86.2185,15.4366
10-Apr-2026,30-Apr-2026,91.2901,10.455
10-Apr-2026,30-Apr-2026,96.3618,5.82297
10-Apr-2026,30-Apr-2026,101.433,2.25886
10-Apr-2026,30-Apr-2026,106.505,0.465778
10-Apr-2026,30-Apr-2026,111.577,0.036242
10-Apr-2026,30-Apr-2026,116.649,0.000874587
10-Apr-2026,30-Apr-2026,121.72,7.75437e-06
10-Apr-2026,08-May-2026,81.1468,20.5544
10-Apr-2026,08-May-2026,86.2185,15.5276
10-Apr-2026,08-May-2026,91.2901,10.6215
10-Apr-2026,08-May-2026,96.3618,6.13853
10-Apr-2026,08-May-2026,101.433,2.66699
10-Apr-2026,08-May-2026,106.505,0.728821
10-Apr-2026,08-May-2026,111.577,0.100453
10-Apr-2026,08-May-2026,116.649,0.00608529
10-Apr-2026,08-May-2026,121.72,0.000177453
10-Apr-2026,15-May-2026,81.1468,20.6355
10-Apr-2026,15-May-2026,86.2185,15.6459
10-Apr-2026,15-May-2026,91.2901,10.8294
10-Apr-2026,15-May-2026,96.3618,6.48274
10-Apr-2026,15-May-2026,101.433,3.0839
10-Apr-2026,15-May-2026,106.505,1.03115
10-Apr-2026,15-May-2026,111.577,0.208913
10-Apr-2026,15-May-2026,116.649,0.0232156
10-Apr-2026,15-May-2026,121.72,0.00148183
10-Apr-2026,29-May-2026,81.1468,20.7881
10-Apr-2026,29-May-2026,86.2185,15.8771
10-Apr-2026,29-May-2026,91.2901,11.2043
10-Apr-2026,29-May-2026,96.3618,7.03432
10-Apr-2026,29-May-2026,101.433,3.71979
10-Apr-2026,29-May-2026,106.505,1.5379
10-Apr-2026,29-May-2026,111.577,0.455697
10-Apr-2026,29-May-2026,116.649,0.0907914
10-Apr-2026,29-May-2026,121.72,0.0123099
10-Apr-2026,30-Jun-2026,81.1468,21.2951
10-Apr-2026,30-Jun-2026,86.2185,16.6121
10-Apr-2026,30-Jun-2026,91.2901,12.2474
10-Apr-2026,30-Jun-2026,96.3618,8.37943
10-Apr-2026,30-Jun-2026,101.433,5.19745
10-Apr-2026,30-Jun-2026,106.505,2.84034
10-Apr-2026,30-Jun-2026,111.577,1.32562
10-Apr-2026,30-Jun-2026,116.649,0.514931
10-Apr-2026,30-Jun-2026,121.72,0.165277
10-Apr-2026,31-Jul-2026,81.1468,21.8842
10-Apr-2026,31-Jul-2026,86.2185,17.3998
10-Apr-2026,31-Jul-2026,91.2901,13.2533
10-Apr-2026,31-Jul-2026,96.3618,9.56979
10-Apr-2026,31-Jul-2026,101.433,6.46892
10-Apr-2026,31-Jul-2026,106.505,4.03534
10-Apr-2026,31-Jul-2026,111.577,2.28844
10-Apr-2026,31-Jul-2026,116.649,1.16465
10-Apr-2026,31-Jul-2026,121.72,0.528436
10-Apr-2026,31-Aug-2026,81.1468,22.5414
10-Apr-2026,31-Aug-2026,86.2185,18.2299
10-Apr-2026,31-Aug-2026,91.2901,14.2557
10-Apr-2026,31-Aug-2026,96.3618,10.7094
10-Apr-2026,31-Aug-2026,101.433,7.672
10-Apr-2026,31-Aug-2026,106.505,5.19906
10-Apr-2026,31-Aug-2026,111.577,3.30584
10-Apr-2026,31-Aug-2026,116.649,1.95834
10-Apr-2026,31-Aug-2026,121.72,1.07597
10-Apr-2026,30-Sep-2026,81.1468,23.2219
10-Apr-2026,30-Sep-2026,86.2185,19.0568
10-Apr-2026,30-Sep-2026,91.2901,15.2205
10-Apr-2026,30-Sep-2026,96.3618,11.781
10-Apr-2026,30-Sep-2026,101.433,8.79602
10-Apr-2026,30-Sep-2026,106.505,6.30396
10-Apr-2026,30-Sep-2026,111.577,4.31588
10-Apr-2026,30-Sep-2026,116.649,2.8107
10-Apr-2026,30-Sep-2026,121.72,1.7361
10-Apr-2026,30-Oct-2026,81.1468,23.9913
10-Apr-2026,30-Oct-2026,86.2185,19.9654
10-Apr-2026,30-Oct-2026,91.2901,16.2557
10-Apr-2026,30-Oct-2026,96.3618,12.9131
10-Apr-2026,30-Oct-2026,101.433,9.97853
10-Apr-2026,30-Oct-2026,106.505,7.4785
10-Apr-2026,30-Oct-2026,111.577,5.42026
10-Apr-2026,30-Oct-2026,116.649,3.78955
10-Apr-2026,30-Oct-2026,121.72,2.55105
10-Apr-2026,30-Nov-2026,81.1468,24.721
10-Apr-2026,30-Nov-2026,86.2185,20.8092
10-Apr-2026,30-Nov-2026,91.2901,17.201
10-Apr-2026,30-Nov-2026,96.3618,13.9355
10-Apr-2026,30-Nov-2026,101.433,11.0435
10-Apr-2026,30-Nov-2026,106.505,8.54383
10-Apr-2026,30-Nov-2026,111.577,6.44095
10-Apr-2026,30-Nov-2026,116.649,4.72391
10-Apr-2026,30-Nov-2026,121.72,3.36656
10-Apr-2026,31-Dec-2026,81.1468,25.4873
10-Apr-2026,31-Dec-2026,86.2185,21.6814
10-Apr-2026,31-Dec-2026,91.2901,18.1661
10-Apr-2026,31-Dec-2026,96.3618,14.9715
10-Apr-2026,31-Dec-2026,101.433,12.1205
10-Apr-2026,31-Dec-2026,106.505,9.62633
10-Apr-2026,31-Dec-2026,111.577,7.49148
10-Apr-2026,31-Dec-2026,116.649,5.70681
10-Apr-2026,31-Dec-2026,121.72,4.25208
10-Apr-2026,29-Jan-2027,81.1468,26.183
10-Apr-2026,29-Jan-2027,86.2185,22.4639
10-Apr-2026,29-Jan-2027,91.2901,19.0238
10-Apr-2026,29-Jan-2027,96.3618,15.887
10-Apr-2026,29-Jan-2027,101.433,13.0708
10-Apr-2026,29-Jan-2027,106.505,10.585
10-Apr-2026,29-Jan-2027,111.577,8.43045
10-Apr-2026,29-Jan-2027,116.649,6.599
10-Apr-2026,29-Jan-2027,121.72,5.07399
10-Apr-2026,26-Feb-2027,81.1468,26.8566
10-Apr-2026,26-Feb-2027,86.2185,23.2146
10-Apr-2026,26-Feb-2027,91.2901,19.8412
10-Apr-2026,26-Feb-2027,96.3618,16.7557
10-Apr-2026,26-Feb-2027,101.433,13.9717
10-Apr-2026,26-Feb-2027,106.505,11.4961
10-Apr-2026,26-Feb-2027,111.577,9.32867
10-Apr-2026,26-Feb-2027,116.649,7.4619
10-Apr-2026,26-Feb-2027,121.72,5.88151
13-Apr-2026,17-Apr-2026,79.3796,19.8707
13-Apr-2026,17-Apr-2026,84.3408,14.9111
13-Apr-2026,17-Apr-2026,89.302,9.95149
13-Apr-2026,17-Apr-2026,94.2632,4.99374
13-Apr-2026,17-Apr-2026,99.2245,0.704739
13-Apr-2026,17-Apr-2026,104.186,0.000477546
13-Apr-2026,17-Apr-2026,109.147,5.79303e-12
13-Apr-2026,24-Apr-2026,79.3796,19.9417
13-Apr-2026,24-Apr-2026,84.3408,14.9866
13-Apr-2026,24-Apr-2026,89.302,10.0364
13-Apr-2026,24-Apr-2026,94.2632,5.21036
13-Apr-2026,24-Apr-2026,99.2245,1.43048
13-Apr-2026,24-Apr-2026,104.186,0.0935642
13-Apr-2026,24-Apr-2026,109.147,0.00050469
13-Apr-2026,24-Apr-2026,114.108,1.47693e-07
13-Apr-2026,24-Apr-2026,119.069,4.78334e-12
13-Apr-2026,30-Apr-2026,79.3796,19.9998
13-Apr-2026,30-Apr-2026,84.3408,15.0503
13-Apr-2026,30-Apr-2026,89.302,10.1311
13-Apr-2026,30-Apr-2026,94.2632,5.46457
13-Apr-2026,30-Apr-2026,99.2245,1.86596
13-Apr-2026,30-Apr-2026,104.186,0.264664
13-Apr-2026,30-Apr-2026,109.147,0.00901467
13-Apr-2026,30-Apr-2026,114.108,5.70836e-05
13-Apr-2026,30-Apr-2026,119.069,9.48805e-08
13-Apr-2026,08-May-2026,79.3796,20.0786
13-Apr-2026,08-May-2026,84.3408,15.147
13-Apr-2026,08-May-2026,89.302,10.3014
13-Apr-2026,08-May-2026,94.2632,5.82613
13-Apr-2026,08-May-2026,99.2245,2.3688
13-Apr-2026,08-May-2026,104.186,0.54785
13-Apr-2026,08-May-2026,109.147,0.0536426
13-Apr-2026,08-May-2026,114.108,0.00189216
13-Apr-2026,08-May-2026,119.069,2.82119e-05
13-Apr-2026,15-May-2026,79.3796,20.1411
13-Apr-2026,15-May-2026,84.3408,15.2327
13-Apr-2026,15-May-2026,89.302,10.4544
13-Apr-2026,15-May-2026,94.2632,6.09964
13-Apr-2026,15-May-2026,99.2245,2.71335
13-Apr-2026,15-May-2026,104.186,0.779484
13-Apr-2026,15-May-2026,109.147,0.11781
13-Apr-2026,15-May-2026,114.108,0.00828656
13-Apr-2026,15-May-2026,119.069,0.000298065
13-Apr-2026,29-May-2026,79.3796,20.2983
13-Apr-2026,29-May-2026,84.3408,15.4651
13-Apr-2026,29-May-2026,89.302,10.8423
13-Apr-2026,29-May-2026,94.2632,6.69962
13-Apr-2026,29-May-2026,99.2245,3.42106
13-Apr-2026,29-May-2026,104.186,1.31901
13-Apr-2026,29-May-2026,109.147,0.345053
13-Apr-2026,29-May-2026,114.108,0.0568841
13-Apr-2026,29-May-2026,119.069,0.00607318
13-Apr-2026,30-Jun-2026,79.3796,20.752
13-Apr-2026,30-Jun-2026,84.3408,16.1273
13-Apr-2026,30-Jun-2026,89.302,11.8029
13-Apr-2026,30-Jun-2026,94.2632,7.96694
13-Apr-2026,30-Jun-2026,99.2245,4.82634
13-Apr-2026,30-Jun-2026,104.186,2.5363
13-Apr-2026,30-Jun-2026,109.147,1.11359
13-Apr-2026,30-Jun-2026,114.108,0.39627
13-Apr-2026,30-Jun-2026,119.069,0.113624
13-Apr-2026,31-Jul-2026,79.3796,21.3412
13-Apr-2026,31-Jul-2026,84.3408,16.923
13-Apr-2026,31-Jul-2026,89.302,12.8321
13-Apr-2026,31-Jul-2026,94.2632,9.19814
13-Apr-2026,31-Jul-2026,99.2245,6.14701
13-Apr-2026,31-Jul-2026,104.186,3.76916
13-Apr-2026,31-Jul-2026,109.147,2.08513
13-Apr-2026,31-Jul-2026,114.108,1.02579
13-Apr-2026,31-Jul-2026,119.069,0.445676
13-Apr-2026,31-Aug-2026,79.3796,21.9792
13-Apr-2026,31-Aug-2026,84.3408,17.734
13-Apr-2026,31-Aug-2026,89.302,13.8182
13-Apr-2026,31-Aug-2026,94.2632,10.3251
13-Apr-2026,31-Aug-2026,99.2245,7.33936
13-Apr-2026,31-Aug-2026,104.186,4.91945
13-Apr-2026,31-Aug-2026,109.147,3.08169
13-Apr-2026,31-Aug-2026,114.108,1.7901
13-Apr-2026,31-Aug-2026,119.069,0.959583
13-Apr-2026,30-Sep-2026,79.3796,22.6444
13-Apr-2026,30-Sep-2026,84.3408,18.5461
13-Apr-2026,30-Sep-2026,89.302,14.77
13-Apr-2026,30-Sep-2026,94.2632,11.3859
13-Apr-2026,30-Sep-2026,99.2245,8.45357
13-Apr-2026,30-Sep-2026,104.186,6.01319
13-Apr-2026,30-Sep-2026,109.147,4.07655
13-Apr-2026,30-Sep-2026,114.108,2.62185
13-Apr-2026,30-Sep-2026,119.069,1.59469
13-Apr-2026,30-Oct-2026,79.3796,23.3664
13-Apr-2026,30-Oct-2026,84.3408,19.4022
13-Apr-2026,30-Oct-2026,89.302,15.749
13-Apr-2026,30-Oct-2026,94.2632,12.4592
13-Apr-2026,30-Oct-2026,99.2245,9.57587
13-Apr-2026,30-Oct-2026,104.186,7.12687
13-Apr-2026,30-Oct-2026,109.147,5.12013
13-Apr-2026,30-Oct-2026,114.108,3.54098
13-Apr-2026,30-Oct-2026,119.069,2.35261
13-Apr-2026,30-Nov-2026,79.3796,24.0845
13-Apr-2026,30-Nov-2026,84.3408,20.2353
13-Apr-2026,30-Nov-2026,89.302,16.6849
13-Apr-2026,30-Nov-2026,94.2632,13.4737
13-Apr-2026,30-Nov-2026,99.2245,10.6334
13-Apr-2026,30-Nov-2026,104.186,8.184
13-Apr-2026,30-Nov-2026,109.147,6.13041
13-Apr-2026,30-Nov-2026,114.108,4.46156
13-Apr-2026,30-Nov-2026,119.069,3.15057
13-Apr-2026,31-Dec-2026,79.3796,24.8738
13-Apr-2026,31-Dec-2026,84.3408,21.1358
13-Apr-2026,31-Dec-2026,89.302,17.6831
13-Apr-2026,31-Dec-2026,94.2632,14.5465
13-Apr-2026,31-Dec-2026,99.2245,11.7494
13-Apr-2026,31-Dec-2026,104.186,9.3053
13-Apr-2026,31-Dec-2026,109.147,7.21705
13-Apr-2026,31-Dec-2026,114.108,5.47557
13-Apr-2026,31-Dec-2026,119.069,4.06054
13-Apr-2026,29-Jan-2027,79.3796,25.5607
13-Apr-2026,29-Jan-2027,84.3408,21.9095
13-Apr-2026,29-Jan-2027,89.302,18.5323
13-Apr-2026,29-Jan-2027,94.2632,15.4537
13-Apr-2026,29-Jan-2027,99.2245,12.6914
13-Apr-2026,29-Jan-2027,104.186,10.2555
13-Apr-2026,29-Jan-2027,109.147,8.14695
13-Apr-2026,29-Jan-2027,114.108,6.35787
13-Apr-2026,29-Jan-2027,119.069,4.87156
13-Apr-2026,26-Feb-2027,79.3796,26.1931
13-Apr-2026,26-Feb-2027,84.3408,22.6153
13-Apr-2026,26-Feb-2027,89.302,19.3016
13-Apr-2026,26-Feb-2027,94.2632,16.2719
13-Apr-2026,26-Feb-2027,99.2245,13.5402
13-Apr-2026,26-Feb-2027,104.186,11.1138
13-Apr-2026,26-Feb-2027,109.147,8.99258
13-Apr-2026,26-Feb-2027,114.108,7.16923
13-Apr-2026,26-Feb-2027,119.069,5.62943
14-Apr-2026,17-Apr-2026,78.13,19.5518
14-Apr-2026,17-Apr-2026,83.0132,14.6699
14-Apr-2026,17-Apr-2026,87.8963,9.78797
14-Apr-2026,17-Apr-2026,92.7794,4.9063
14-Apr-2026,17-Apr-2026,97.6625,0.57739
14-Apr-2026,17-Apr-2026,102.546,3.16677e-05
14-Apr-2026,24-Apr-2026,78.13,19.6225
14-Apr-2026,24-Apr-2026,83.0132,14.7451
14-Apr-2026,24-Apr-2026,87.8963,9.87031
14-Apr-2026,24-Apr-2026,92.7794,5.09142
14-Apr-2026,24-Apr-2026,97.6625,1.31462
14-Apr-2026,24-Apr-2026,102.546,0.0644604
14-Apr-2026,24-Apr-2026,107.429,0.000162385
14-Apr-2026,24-Apr-2026,112.312,1.4532e-08
14-Apr-2026,24-Apr-2026,117.195,1.25366e-13
14-Apr-2026,30-Apr-2026,78.13,19.6804
14-Apr-2026,30-Apr-2026,83.0132,14.8078
14-Apr-2026,30-Apr-2026,87.8963,9.95751
14-Apr-2026,30-Apr-2026,92.7794,5.32744
14-Apr-2026,30-Apr-2026,97.6625,1.74256
14-Apr-2026,30-Apr-2026,102.546,0.212259
14-Apr-2026,30-Apr-2026,107.429,0.00501602
14-Apr-2026,30-Apr-2026,112.312,1.81063e-05
14-Apr-2026,30-Apr-2026,117.195,1.60987e-08
14-Apr-2026,08-May-2026,78.13,19.7585
14-Apr-2026,08-May-2026,83.0132,14.9006
14-Apr-2026,08-May-2026,87.8963,10.1153
14-Apr-2026,08-May-2026,92.7794,5.67165
14-Apr-2026,08-May-2026,97.6625,2.23488
14-Apr-2026,08-May-2026,102.546,0.472674
14-Apr-2026,08-May-2026,107.429,0.0380647
14-Apr-2026,08-May-2026,112.312,0.000995418
14-Apr-2026,08-May-2026,117.195,1.0589e-05
14-Apr-2026,15-May-2026,78.13,19.8197
14-Apr-2026,15-May-2026,83.0132,14.982
14-Apr-2026,15-May-2026,87.8963,10.2589
14-Apr-2026,15-May-2026,92.7794,5.93489
14-Apr-2026,15-May-2026,97.6625,2.57219
14-Apr-2026,15-May-2026,102.546,0.691313
14-Apr-2026,15-May-2026,107.429,0.0910417
14-Apr-2026,15-May-2026,112.312,0.00518796
14-Apr-2026,15-May-2026,117.195,0.00014655
14-Apr-2026,29-May-2026,78.13,19.9717
14-Apr-2026,29-May-2026,83.0132,15.2026
14-Apr-2026,29-May-2026,87.8963,10.6282
14-Apr-2026,29-May-2026,92.7794,6.51675
14-Apr-2026,29-May-2026,97.6625,3.26596
14-Apr-2026,29-May-2026,102.546,1.20928
14-Apr-2026,29-May-2026,107.429,0.293252
14-Apr-2026,29-May-2026,112.312,0.0430913
14-Apr-2026,29-May-2026,117.195,0.00400856
14-Apr-2026,30-Jun-2026,78.13,20.408
14-Apr-2026,30-Jun-2026,83.0132,15.8384
14-Apr-2026,30-Jun-2026,87.8963,11.5575
14-Apr-2026,30-Jun-2026,92.7794,7.75599
14-Apr-2026,30-Jun-2026,97.6625,4.64779
14-Apr-2026,30-Jun-2026,102.546,2.39648
14-Apr-2026,30-Jun-2026,107.429,1.02028
14-Apr-2026,30-Jun-2026,112.312,0.347122
14-Apr-2026,30-Jun-2026,117.195,0.0940068
14-Apr-2026,31-Jul-2026,78.13,20.9785
14-Apr-2026,31-Jul-2026,83.0132,16.6115
14-Apr-2026,31-Jul-2026,87.8963,12.5636
14-Apr-2026,31-Jul-2026,92.7794,8.96658
14-Apr-2026,31-Jul-2026,97.6625,5.95021
14-Apr-2026,31-Jul-2026,102.546,3.60888
14-Apr-2026,31-Jul-2026,107.429,1.96458
14-Apr-2026,31-Jul-2026,112.312,0.945153
14-Apr-2026,31-Jul-2026,117.195,0.399049
14-Apr-2026,31-Aug-2026,78.13,21.6002
14-Apr-2026,31-Aug-2026,83.0132,17.4047
14-Apr-2026,31-Aug-2026,87.8963,13.5322
14-Apr-2026,31-Aug-2026,92.7794,10.0777
14-Apr-2026,31-Aug-2026,97.6625,7.12793
14-Apr-2026,31-Aug-2026,102.546,4.74373
14-Apr-2026,31-Aug-2026,107.429,2.94234
14-Apr-2026,31-Aug-2026,112.312,1.6868
14-Apr-2026,31-Aug-2026,117.195,0.889283
14-Apr-2026,30-Sep-2026,78.13,22.2513
14-Apr-2026,30-Sep-2026,83.0132,18.2019
14-Apr-2026,30-Sep-2026,87.8963,14.4695
14-Apr-2026,30-Sep-2026,92.7794,11.1249
14-Apr-2026,30-Sep-2026,97.6625,8.22938
14-Apr-2026,30-Sep-2026,102.546,5.82434
14-Apr-2026,30-Sep-2026,107.429,3.92229
14-Apr-2026,30-Sep-2026,112.312,2.50112
14-Apr-2026,30-Sep-2026,117.195,1.50517
14-Apr-2026,30-Oct-2026,78.13,22.9601
14-Apr-2026,30-Oct-2026,83.0132,19.0443
14-Apr-2026,30-Oct-2026,87.8963,15.435
14-Apr-2026,30-Oct-2026,92.7794,12.1854
14-Apr-2026,30-Oct-2026,97.6625,9.33929
14-Apr-2026,30-Oct-2026,102.546,6.92544
14-Apr-2026,30-Oct-2026,107.429,4.95223
14-Apr-2026,30-Oct-2026,112.312,3.40495
14-Apr-2026,30-Oct-2026,117.195,2.24624
14-Apr-2026,30-Nov-2026,78.13,23.6664
14-Apr-2026,30-Nov-2026,83.0132,19.8653
14-Apr-2026,30-Nov-2026,87.8963,16.359
14-Apr-2026,30-Nov-2026,92.7794,13.1882
14-Apr-2026,30-Nov-2026,97.6625,10.3854
14-Apr-2026,30-Nov-2026,102.546,7.97097
14-Apr-2026,30-Nov-2026,107.429,5.95031
14-Apr-2026,30-Nov-2026,112.312,4.31234
14-Apr-2026,30-Nov-2026,117.195,3.02996
14-Apr-2026,31-Dec-2026,78.13,24.4437
14-Apr-2026,31-Dec-2026,83.0132,20.7535
14-Apr-2026,31-Dec-2026,87.8963,17.3448
14-Apr-2026,31-Dec-2026,92.7794,14.2488
14-Apr-2026,31-Dec-2026,97.6625,11.4892
14-Apr-2026,31-Dec-2026,102.546,9.08011
14-Apr-2026,31-Dec-2026,107.429,7.02438
14-Apr-2026,31-Dec-2026,112.312,5.31313
14-Apr-2026,31-Dec-2026,117.195,3.92595
14-Apr-2026,29-Jan-2027,78.13,25.1209
14-Apr-2026,29-Jan-2027,83.0132,21.5171
14-Apr-2026,29-Jan-2027,87.8963,18.1838
14-Apr-2026,29-Jan-2027,92.7794,15.1458
14-Apr-2026,29-Jan-2027,97.6625,12.4211
14-Apr-2026,29-Jan-2027,102.546,10.02
14-Apr-2026,29-Jan-2027,107.429,7.94374
14-Apr-2026,29-Jan-2027,112.312,6.18452
14-Apr-2026,29-Jan-2027,117.195,4.72565
14-Apr-2026,26-Feb-2027,78.13,25.7446
14-Apr-2026,26-Feb-2027,83.0132,22.2139
14-Apr-2026,26-Feb-2027,87.8963,18.9439
14-Apr-2026,26-Feb-2027,92.7794,15.9547
14-Apr-2026,26-Feb-2027,97.6625,13.2606
14-Apr-2026,26-Feb-2027,102.546,10.8689
14-Apr-2026,26-Feb-2027,107.429,8.77982
14-Apr-2026,26-Feb-2027,112.312,6.98612
14-Apr-2026,26-Feb-2027,117.195,5.47352
15-Apr-2026,17-Apr-2026,83.8866,14.8174
15-Apr-2026,17-Apr-2026,88.8211,9.88375
15-Apr-2026,17-Apr-2026,93.7556,4.95007
15-Apr-2026,17-Apr-2026,98.6901,0.473684
15-Apr-2026,17-Apr-2026,103.625,5.18873e-07
15-Apr-2026,24-Apr-2026,78.9521,19.8231
15-Apr-2026,24-Apr-2026,83.8866,14.894
15-Apr-2026,24-Apr-2026,88.8211,9.96636
15-Apr-2026,24-Apr-2026,93.7556,5.11503
15-Apr-2026,24-Apr-2026,98.6901,1.24619
15-Apr-2026,24-Apr-2026,103.625,0.0447641
15-Apr-2026,24-Apr-2026,108.559,4.75387e-05
15-Apr-2026,24-Apr-2026,113.494,1.18728e-09
15-Apr-2026,24-Apr-2026,118.428,1.60437e-15
15-Apr-2026,30-Apr-2026,78.9521,19.882
15-Apr-2026,30-Apr-2026,83.8866,14.9572
15-Apr-2026,30-Apr-2026,88.8211,10.0485
15-Apr-2026,30-Apr-2026,93.7556,5.32935
15-Apr-2026,30-Apr-2026,98.6901,1.64848
15-Apr-2026,30-Apr-2026,103.625,0.158702
15-Apr-2026,30-Apr-2026,108.559,0.00204333
15-Apr-2026,30-Apr-2026,113.494,3.18102e-06
15-Apr-2026,30-Apr-2026,118.428,1.267e-09
15-Apr-2026,08-May-2026,78.9521,19.9611
15-Apr-2026,08-May-2026,83.8866,15.0478
15-Apr-2026,08-May-2026,88.8211,10.1901
15-Apr-2026,08-May-2026,93.7556,5.63461
15-Apr-2026,08-May-2026,98.6901,2.08718
15-Apr-2026,08-May-2026,103.625,0.355995
15-Apr-2026,08-May-2026,108.559,0.017147
15-Apr-2026,08-May-2026,113.494,0.000224231
15-Apr-2026,08-May-2026,118.428,1.26598e-06
15-Apr-2026,15-May-2026,78.9521,20.0219
15-Apr-2026,15-May-2026,83.8866,15.1236
15-Apr-2026,15-May-2026,88.8211,10.3149
15-Apr-2026,15-May-2026,93.7556,5.86174
15-Apr-2026,15-May-2026,98.6901,2.37558
15-Apr-2026,15-May-2026,103.625,0.517109
15-Apr-2026,15-May-2026,108.559,0.0421156
15-Apr-2026,15-May-2026,113.494,0.00125845
15-Apr-2026,15-May-2026,118.428,1.97364e-05
15-Apr-2026,29-May-2026,78.9521,20.1668
15-Apr-2026,29-May-2026,83.8866,15.3184
15-Apr-2026,29-May-2026,88.8211,10.6247
15-Apr-2026,29-May-2026,93.7556,6.34705
15-Apr-2026,29-May-2026,98.6901,2.9437
15-Apr-2026,29-May-2026,103.625,0.886397
15-Apr-2026,29-May-2026,108.559,0.139288
15-Apr-2026,29-May-2026,113.494,0.0113871
15-Apr-2026,29-May-2026,118.428,0.000612441
15-Apr-2026,30-Jun-2026,78.9521,20.5448
15-Apr-2026,30-Jun-2026,83.8866,15.8367
15-Apr-2026,30-Jun-2026,88.8211,11.3613
15-Apr-2026,30-Jun-2026,93.7556,7.32258
15-Apr-2026,30-Jun-2026,98.6901,4.00303
15-Apr-2026,30-Jun-2026,103.625,1.69428
15-Apr-2026,30-Jun-2026,108.559,0.500173
15-Apr-2026,30-Jun-2026,113.494,0.102776
15-Apr-2026,30-Jun-2026,118.428,0.0166902
15-Apr-2026,31-Jul-2026,78.9521,20.9973
15-Apr-2026,31-Jul-2026,83.8866,16.427
15-Apr-2026,31-Jul-2026,88.8211,12.1174
15-Apr-2026,31-Jul-2026,93.7556,8.22455
15-Apr-2026,31-Jul-2026,98.6901,4.94686
15-Apr-2026,31-Jul-2026,103.625,2.49366
15-Apr-2026,31-Jul-2026,108.559,0.99073
15-Apr-2026,31-Jul-2026,113.494,0.307971
15-Apr-2026,31-Jul-2026,118.428,0.080918
15-Apr-2026,31-Aug-2026,78.9521,21.465
15-Apr-2026,31-Aug-2026,83.8866,17.0092
15-Apr-2026,31-Aug-2026,88.8211,12.8209
15-Apr-2026,31-Aug-2026,93.7556,9.02526
15-Apr-2026,31-Aug-2026,98.6901,5.7751
15-Apr-2026,31-Aug-2026,103.625,3.23391
15-Apr-2026,31-Aug-2026,108.559,1.52121
15-Apr-2026,31-Aug-2026,113.494,0.595099
15-Apr-2026,31-Aug-2026,118.428,0.203129
15-Apr-2026,30-Sep-2026,78.9521,21.939
15-Apr-2026,30-Sep-2026,83.8866,17.5801
15-Apr-2026,30-Sep-2026,88.8211,13.4876
15-Apr-2026,30-Sep-2026,93.7556,9.76568
15-Apr-2026,30-Sep-2026,98.6901,6.53815
15-Apr-2026,30-Sep-2026,103.625,3.93817
15-Apr-2026,30-Sep-2026,108.559,2.07294
15-Apr-2026,30-Sep-2026,113.494,0.943423
15-Apr-2026,30-Sep-2026,118.428,0.382234
15-Apr-2026,30-Oct-2026,78.9521,22.4442
15-Apr-2026,30-Oct-2026,83.8866,18.174
15-Apr-2026,30-Oct-2026,88.8211,14.1658
15-Apr-2026,30-Oct-2026,93.7556,10.5075
15-Apr-2026,30-Oct-2026,98.6901,7.30187
15-Apr-2026,30-Oct-2026,103.625,4.6588
15-Apr-2026,30-Oct-2026,108.559,2.67189
15-Apr-2026,30-Oct-2026,113.494,1.36364
15-Apr-2026,30-Oct-2026,118.428,0.629636
15-Apr-2026,30-Nov-2026,78.9521,22.9408
15-Apr-2026,30-Nov-2026,83.8866,18.7474
15-Apr-2026,30-Nov-2026,88.8211,14.8104
15-Apr-2026,30-Nov-2026,93.7556,11.2058
15-Apr-2026,30-Nov-2026,98.6901,8.02063
15-Apr-2026,30-Nov-2026,103.625,5.34795
15-Apr-2026,30-Nov-2026,108.559,3.26906
15-Apr-2026,30-Nov-2026,113.494,1.81558
15-Apr-2026,30-Nov-2026,118.428,0.924334
15-Apr-2026,31-Dec-2026,78.9521,23.4832
15-Apr-2026,31-Dec-2026,83.8866,19.3651
15-Apr-2026,31-Dec-2026,88.8211,15.4968
15-Apr-2026,31-Dec-2026,93.7556,11.9439
15-Apr-2026,31-Dec-2026,98.6901,8.78078
15-Apr-2026,31-Dec-2026,103.625,6.08568
15-Apr-2026,31-Dec-2026,108.559,3.92846
15-Apr-2026,31-Dec-2026,113.494,2.34391
15-Apr-2026,31-Dec-2026,118.428,1.29777
15-Apr-2026,29-Jan-2027,78.9521,23.9541
15-Apr-2026,29-Jan-2027,83.8866,19.8958
15-Apr-2026,29-Jan-2027,88.8211,16.0815
15-Apr-2026,29-Jan-2027,93.7556,12.5696
15-Apr-2026,29-Jan-2027,98.6901,9.42537
15-Apr-2026,29-Jan-2027,103.625,6.71698
15-Apr-2026,29-Jan-2027,108.559,4.50569
15-Apr-2026,29-Jan-2027,113.494,2.82615
15-Apr-2026,29-Jan-2027,118.428,1.66012
15-Apr-2026,26-Feb-2027,78.9521,24.3877
15-Apr-2026,26-Feb-2027,83.8866,20.3809
15-Apr-2026,26-Feb-2027,88.8211,16.6127
15-Apr-2026,26-Feb-2027,93.7556,13.1361
15-Apr-2026,26-Feb-2027,98.6901,10.0092
15-Apr-2026,26-Feb-2027,103.625,7.2925
15-Apr-2026,26-Feb-2027,108.559,5.04032
15-Apr-2026,26-Feb-2027,113.494,3.28598
15-Apr-2026,26-Feb-2027,118.428,2.02107
16-Apr-2026,17-Apr-2026,78.7261,19.688
16-Apr-2026,17-Apr-2026,83.6465,14.7681
16-Apr-2026,17-Apr-2026,88.5668,9.8481
16-Apr-2026,17-Apr-2026,93.4872,4.92812
16-Apr-2026,17-Apr-2026,98.4076,0.32448
16-Apr-2026,17-Apr-2026,103.328,4.90499e-08
16-Apr-2026,24-Apr-2026,78.7261,19.7597
16-Apr-2026,24-Apr-2026,83.6465,14.8443
16-Apr-2026,24-Apr-2026,88.5668,9.92957
16-Apr-2026,24-Apr-2026,93.4872,5.07245
16-Apr-2026,24-Apr-2026,98.4076,1.16179
16-Apr-2026,24-Apr-2026,103.328,0.0293952
16-Apr-2026,24-Apr-2026,108.248,1.18888e-05
16-Apr-2026,24-Apr-2026,113.169,7.22709e-11
16-Apr-2026,30-Apr-2026,78.7261,19.8184
16-Apr-2026,30-Apr-2026,83.6465,14.907
16-Apr-2026,30-Apr-2026,88.5668,10.0073
16-Apr-2026,30-Apr-2026,93.4872,5.27267
16-Apr-2026,30-Apr-2026,98.4076,1.56099
16-Apr-2026,30-Apr-2026,103.328,0.124516
16-Apr-2026,30-Apr-2026,108.248,0.000998729
16-Apr-2026,30-Apr-2026,113.169,8.21024e-07
16-Apr-2026,30-Apr-2026,118.089,1.72292e-10
16-Apr-2026,08-May-2026,78.7261,19.8969
16-Apr-2026,08-May-2026,83.6465,14.9954
16-Apr-2026,08-May-2026,88.5668,10.1404
16-Apr-2026,08-May-2026,93.4872,5.56366
16-Apr-2026,08-May-2026,98.4076,1.9893
16-Apr-2026,08-May-2026,103.328,0.29887
16-Apr-2026,08-May-2026,108.248,0.0107258
16-Apr-2026,08-May-2026,113.169,9.73031e-05
16-Apr-2026,08-May-2026,118.089,3.91995e-07
16-Apr-2026,15-May-2026,78.7261,19.9569
16-Apr-2026,15-May-2026,83.6465,15.0685
16-Apr-2026,15-May-2026,88.5668,10.2583
16-Apr-2026,15-May-2026,93.4872,5.78117
16-Apr-2026,15-May-2026,98.4076,2.26813
16-Apr-2026,15-May-2026,103.328,0.443459
16-Apr-2026,15-May-2026,108.248,0.0284679
16-Apr-2026,15-May-2026,113.169,0.000641682
16-Apr-2026,15-May-2026,118.089,7.8623e-06
16-Apr-2026,29-May-2026,78.7261,20.0987
16-Apr-2026,29-May-2026,83.6465,15.2551
16-Apr-2026,29-May-2026,88.5668,10.5522
16-Apr-2026,29-May-2026,93.4872,6.24583
16-Apr-2026,29-May-2026,98.4076,2.81237
16-Apr-2026,29-May-2026,103.328,0.776203
16-Apr-2026,29-May-2026,108.248,0.101917
16-Apr-2026,29-May-2026,113.169,0.00684163
16-Apr-2026,29-May-2026,118.089,0.000314608
16-Apr-2026,30-Jun-2026,78.7261,20.4644
16-Apr-2026,30-Jun-2026,83.6465,15.7504
16-Apr-2026,30-Jun-2026,88.5668,11.2532
16-Apr-2026,30-Jun-2026,93.4872,7.17501
16-Apr-2026,30-Jun-2026,98.4076,3.81256
16-Apr-2026,30-Jun-2026,103.328,1.50129
16-Apr-2026,30-Jun-2026,108.248,0.386794
16-Apr-2026,30-Jun-2026,113.169,0.0691463
16-Apr-2026,30-Jun-2026,118.089,0.010207
16-Apr-2026,31-Jul-2026,78.7261,20.8996
16-Apr-2026,31-Jul-2026,83.6465,16.3138
16-Apr-2026,31-Jul-2026,88.5668,11.971
16-Apr-2026,31-Jul-2026,93.4872,8.02676
16-Apr-2026,31-Jul-2026,98.4076,4.69091
16-Apr-2026,31-Jul-2026,103.328,2.21357
16-Apr-2026,31-Jul-2026,108.248,0.78115
16-Apr-2026,31-Jul-2026,113.169,0.2147
16-Apr-2026,31-Jul-2026,118.089,0.0521448
16-Apr-2026,31-Aug-2026,78.7261,21.3485
16-Apr-2026,31-Aug-2026,83.6465,16.8682
16-Apr-2026,31-Aug-2026,88.5668,12.6362
16-Apr-2026,31-Aug-2026,93.4872,8.77714
16-Apr-2026,31-Aug-2026,98.4076,5.45448
16-Apr-2026,31-Aug-2026,103.328,2.87068
16-Apr-2026,31-Aug-2026,108.248,1.21243
16-Apr-2026,31-Aug-2026,113.169,0.421718
16-Apr-2026,31-Aug-2026,118.089,0.133368
16-Apr-2026,30-Sep-2026,78.7261,21.8025
16-Apr-2026,30-Sep-2026,83.6465,17.4103
16-Apr-2026,30-Sep-2026,88.5668,13.264
16-Apr-2026,30-Sep-2026,93.4872,9.46702
16-Apr-2026,30-Sep-2026,98.4076,6.154
16-Apr-2026,30-Sep-2026,103.328,3.49544
16-Apr-2026,30-Sep-2026,108.248,1.66608
16-Apr-2026,30-Sep-2026,113.169,0.676504
16-Apr-2026,30-Sep-2026,118.089,0.253118
16-Apr-2026,30-Oct-2026,78.7261,22.2852
16-Apr-2026,30-Oct-2026,83.6465,17.9727
16-Apr-2026,30-Oct-2026,88.5668,13.9002
16-Apr-2026,30-Oct-2026,93.4872,10.1554
16-Apr-2026,30-Oct-2026,98.4076,6.85199
16-Apr-2026,30-Oct-2026,103.328,4.13559
16-Apr-2026,30-Oct-2026,108.248,2.1645
16-Apr-2026,30-Oct-2026,113.169,0.989394
16-Apr-2026,30-Oct-2026,118.089,0.419698
16-Apr-2026,30-Nov-2026,78.7261,22.7588
16-Apr-2026,30-Nov-2026,83.6465,18.5145
16-Apr-2026,30-Nov-2026,88.5668,14.5032
16-Apr-2026,30-Nov-2026,93.4872,10.8016
16-Apr-2026,30-Nov-2026,98.4076,7.50815
16-Apr-2026,30-Nov-2026,103.328,4.74946
16-Apr-2026,30-Nov-2026,108.248,2.66748
16-Apr-2026,30-Nov-2026,113.169,1.33292
16-Apr-2026,30-Nov-2026,118.089,0.620633
16-Apr-2026,31-Dec-2026,78.7261,23.2751
16-Apr-2026,31-Dec-2026,83.6465,19.0968
16-Apr-2026,31-Dec-2026,88.5668,15.1441
16-Apr-2026,31-Dec-2026,93.4872,11.484
16-Apr-2026,31-Dec-2026,98.4076,8.20233
16-Apr-2026,31-Dec-2026,103.328,5.40909
16-Apr-2026,31-Dec-2026,108.248,3.22955
16-Apr-2026,31-Dec-2026,113.169,1.7436
16-Apr-2026,31-Dec-2026,118.089,0.880217
16-Apr-2026,29-Jan-2027,78.7261,23.7226
16-Apr-2026,29-Jan-2027,83.6465,19.5965
16-Apr-2026,29-Jan-2027,88.5668,15.6896
16-Apr-2026,29-Jan-2027,93.4872,12.0623
16-Apr-2026,29-Jan-2027,98.4076,8.79183
16-Apr-2026,29-Jan-2027,103.328,5.97595
16-Apr-2026,29-Jan-2027,108.248,3.72703
16-Apr-2026,29-Jan-2027,113.169,2.12658
16-Apr-2026,29-Jan-2027,118.089,1.138
16-Apr-2026,26-Feb-2027,78.7261,24.1344
16-Apr-2026,26-Feb-2027,83.6465,20.053
16-Apr-2026,26-Feb-2027,88.5668,16.1852
16-Apr-2026,26-Feb-2027,93.4872,12.5864
16-Apr-2026,26-Feb-2027,98.4076,9.32684
16-Apr-2026,26-Feb-2027,103.328,6.49487
16-Apr-2026,26-Feb-2027,108.248,4.19206
16-Apr-2026,26-Feb-2027,113.169,2.49846
16-Apr-2026,26-Feb-2027,118.089,1.40071
17-Apr-2026,24-Apr-2026,77.9004,19.5459
17-Apr-2026,24-Apr-2026,82.7692,14.6815
17-Apr-2026,24-Apr-2026,87.6379,9.81778
17-Apr-2026,24-Apr-2026,92.5067,5.00717
17-Apr-2026,24-Apr-2026,97.3755,1.13437
17-Apr-2026,24-Apr-2026,102.244,0.0283835
17-Apr-2026,24-Apr-2026,107.113,1.15119e-05
17-Apr-2026,24-Apr-2026,111.982,5.54428e-11
17-Apr-2026,24-Apr-2026,116.851,1.45331e-15
17-Apr-2026,30-Apr-2026,77.9004,19.6037
17-Apr-2026,30-Apr-2026,82.7692,14.7434
17-Apr-2026,30-Apr-2026,87.6379,9.89468
17-Apr-2026,30-Apr-2026,92.5067,5.21231
17-Apr-2026,30-Apr-2026,97.3755,1.55334
17-Apr-2026,30-Apr-2026,102.244,0.13088
17-Apr-2026,30-Apr-2026,107.113,0.00122076
17-Apr-2026,30-Apr-2026,111.982,1.12097e-06
17-Apr-2026,30-Apr-2026,116.851,2.30257e-10
17-Apr-2026,08-May-2026,77.9004,19.6812
17-Apr-2026,08-May-2026,82.7692,14.8309
17-Apr-2026,08-May-2026,87.6379,10.0292
17-Apr-2026,08-May-2026,92.5067,5.51233
17-Apr-2026,08-May-2026,97.3755,1.99677
17-Apr-2026,08-May-2026,102.244,0.318473
17-Apr-2026,08-May-2026,107.113,0.0131935
17-Apr-2026,08-May-2026,111.982,0.000137798
17-Apr-2026,08-May-2026,116.851,5.98704e-07
17-Apr-2026,15-May-2026,77.9004,19.7406
17-Apr-2026,15-May-2026,82.7692,14.9041
17-Apr-2026,15-May-2026,87.6379,10.1495
17-Apr-2026,15-May-2026,92.5067,5.73605
17-Apr-2026,15-May-2026,97.3755,2.28361
17-Apr-2026,15-May-2026,102.244,0.472521
17-Apr-2026,15-May-2026,107.113,0.0344783
17-Apr-2026,15-May-2026,111.982,0.000885969
17-Apr-2026,15-May-2026,116.851,1.1814e-05
17-Apr-2026,22-May-2026,77.9004,19.8163
17-Apr-2026,22-May-2026,82.7692,15.0036
17-Apr-2026,22-May-2026,87.6379,10.3108
17-Apr-2026,22-May-2026,92.5067,6.00177
17-Apr-2026,22-May-2026,97.3755,2.60095
17-Apr-2026,22-May-2026,102.244,0.665204
17-Apr-2026,22-May-2026,107.113,0.0753088
17-Apr-2026,22-May-2026,111.982,0.00383798
17-Apr-2026,22-May-2026,116.851,0.000119387
17-Apr-2026,29-May-2026,77.9004,19.8817
17-Apr-2026,29-May-2026,82.7692,15.0926
17-Apr-2026,29-May-2026,87.6379,10.4502
17-Apr-2026,29-May-2026,92.5067,6.21206
17-Apr-2026,29-May-2026,97.3755,2.84094
17-Apr-2026,29-May-2026,102.244,0.823263
17-Apr-2026,29-May-2026,107.113,0.119553
17-Apr-2026,29-May-2026,111.982,0.00891766
17-Apr-2026,29-May-2026,116.851,0.000442936
17-Apr-2026,30-Jun-2026,77.9004,20.2499
17-Apr-2026,30-Jun-2026,82.7692,15.596
17-Apr-2026,30-Jun-2026,87.6379,11.1654
17-Apr-2026,30-Jun-2026,92.5067,7.15844
17-Apr-2026,30-Jun-2026,97.3755,3.85967
17-Apr-2026,30-Jun-2026,102.244,1.5766
17-Apr-2026,30-Jun-2026,107.113,0.434845
17-Apr-2026,30-Jun-2026,111.982,0.08353
17-Apr-2026,30-Jun-2026,116.851,0.0130347
17-Apr-2026,31-Jul-2026,77.9004,20.6903
17-Apr-2026,31-Jul-2026,82.7692,16.1682
17-Apr-2026,31-Jul-2026,87.6379,11.8945
17-Apr-2026,31-Jul-2026,92.5067,8.02187
17-Apr-2026,31-Jul-2026,97.3755,4.7503
17-Apr-2026,31-Jul-2026,102.244,2.30792
17-Apr-2026,31-Jul-2026,107.113,0.85728
17-Apr-2026,31-Jul-2026,111.982,0.249035
17-Apr-2026,31-Jul-2026,116.851,0.0631547
17-Apr-2026,31-Aug-2026,77.9004,21.1445
17-Apr-2026,31-Aug-2026,82.7692,16.7299
17-Apr-2026,31-Aug-2026,87.6379,12.568
17-Apr-2026,31-Aug-2026,92.5067,8.78034
17-Apr-2026,31-Aug-2026,97.3755,5.52212
17-Apr-2026,31-Aug-2026,102.244,2.9777
17-Apr-2026,31-Aug-2026,107.113,1.31055
17-Apr-2026,31-Aug-2026,111.982,0.47738
17-Apr-2026,31-Aug-2026,116.851,0.156597
17-Apr-2026,30-Sep-2026,77.9004,21.6034
17-Apr-2026,30-Sep-2026,82.7692,17.2781
17-Apr-2026,30-Sep-2026,87.6379,13.2021
17-Apr-2026,30-Sep-2026,92.5067,9.47616
17-Apr-2026,30-Sep-2026,97.3755,6.22749
17-Apr-2026,30-Sep-2026,102.244,3.61139
17-Apr-2026,30-Sep-2026,107.113,1.78144
17-Apr-2026,30-Sep-2026,111.982,0.752836
17-Apr-2026,30-Sep-2026,116.851,0.29103
17-Apr-2026,30-Oct-2026,77.9004,22.0907
17-Apr-2026,30-Oct-2026,82.7692,17.8458
17-Apr-2026,30-Oct-2026,87.6379,13.8436
17-Apr-2026,30-Oct-2026,92.5067,10.1692
17-Apr-2026,30-Oct-2026,97.3755,6.92989
17-Apr-2026,30-Oct-2026,102.244,4.25831
17-Apr-2026,30-Oct-2026,107.113,2.29417
17-Apr-2026,30-Oct-2026,111.982,1.08598
17-Apr-2026,30-Oct-2026,116.851,0.474672
17-Apr-2026,30-Nov-2026,77.9004,22.5683
17-Apr-2026,30-Nov-2026,82.7692,18.3918
17-Apr-2026,30-Nov-2026,87.6379,14.4507
17-Apr-2026,30-Nov-2026,92.5067,10.8188
17-Apr-2026,30-Nov-2026,97.3755,7.58906
17-Apr-2026,30-Nov-2026,102.244,4.87692
17-Apr-2026,30-Nov-2026,107.113,2.80807
17-Apr-2026,30-Nov-2026,111.982,1.44731
17-Apr-2026,30-Nov-2026,116.851,0.692998
17-Apr-2026,31-Dec-2026,77.9004,23.0882
17-Apr-2026,31-Dec-2026,82.7692,18.9779
17-Apr-2026,31-Dec-2026,87.6379,15.0949
17-Apr-2026,31-Dec-2026,92.5067,11.5038
17-Apr-2026,31-Dec-2026,97.3755,8.28542
17-Apr-2026,31-Dec-2026,102.244,5.54014
17-Apr-2026,31-Dec-2026,107.113,3.37935
17-Apr-2026,31-Dec-2026,111.982,1.87492
17-Apr-2026,31-Dec-2026,116.851,0.971533
17-Apr-2026,29-Jan-2027,77.9004,23.5384
17-Apr-2026,29-Jan-2027,82.7692,19.4802
17-Apr-2026,29-Jan-2027,87.6379,15.6426
17-Apr-2026,29-Jan-2027,92.5067,12.0837
17-Apr-2026,29-Jan-2027,97.3755,8.87604
17-Apr-2026,29-Jan-2027,102.244,6.10908
17-Apr-2026,29-Jan-2027,107.113,3.88296
17-Apr-2026,29-Jan-2027,111.982,2.27051
17-Apr-2026,29-Jan-2027,116.851,1.24524
17-Apr-2026,26-Feb-2027,77.9004,23.9523
17-Apr-2026,26-Feb-2027,82.7692,19.9386
17-Apr-2026,26-Feb-2027,87.6379,16.1397
17-Apr-2026,26-Feb-2027,92.5067,12.6087
17-Apr-2026,26-Feb-2027,97.3755,9.41158
17-Apr-2026,26-Feb-2027,102.244,6.62922
17-Apr-2026,26-Feb-2027,107.113,4.35241
17-Apr-2026,26-Feb-2027,111.982,2.65239
17-Apr-2026,26-Feb-2027,116.851,1.52187
20-Apr-2026,24-Apr-2026,78.7377,19.7092
20-Apr-2026,24-Apr-2026,83.6588,14.7897
20-Apr-2026,24-Apr-2026,88.5799,9.87013
20-Apr-2026,24-Apr-2026,93.501,4.9519
20-Apr-2026,24-Apr-2026,98.4221,0.672059
20-Apr-2026,24-Apr-2026,103.343,0.000256427
20-Apr-2026,24-Apr-2026,108.264,4.51487e-13
20-Apr-2026,24-Apr-2026,113.185,4.8911e-16
20-Apr-2026,24-Apr-2026,118.107,5.04268e-16
20-Apr-2026,30-Apr-2026,78.7377,19.7774
20-Apr-2026,30-Apr-2026,83.6588,14.8622
20-Apr-2026,30-Apr-2026,88.5799,9.95017
20-Apr-2026,30-Apr-2026,93.501,5.13919
20-Apr-2026,30-Apr-2026,98.4221,1.33274
20-Apr-2026,30-Apr-2026,103.343,0.0636186
20-Apr-2026,30-Apr-2026,108.264,0.000141735
20-Apr-2026,30-Apr-2026,113.185,1.27045e-08
20-Apr-2026,30-Apr-2026,118.107,1.46224e-13
20-Apr-2026,08-May-2026,78.7377,19.8394
20-Apr-2026,08-May-2026,83.6588,14.9295
20-Apr-2026,08-May-2026,88.5799,10.0437
20-Apr-2026,08-May-2026,93.501,5.37825
20-Apr-2026,08-May-2026,98.4221,1.74611
20-Apr-2026,08-May-2026,103.343,0.197187
20-Apr-2026,08-May-2026,108.264,0.00369957
20-Apr-2026,08-May-2026,113.185,1.10913e-05
20-Apr-2026,08-May-2026,118.107,1.05132e-08
20-Apr-2026,15-May-2026,78.7377,19.9084
20-Apr-2026,15-May-2026,83.6588,15.0103
20-Apr-2026,15-May-2026,88.5799,10.1744
20-Apr-2026,15-May-2026,93.501,5.65071
20-Apr-2026,15-May-2026,98.4221,2.12345
20-Apr-2026,15-May-2026,103.343,0.374366
20-Apr-2026,15-May-2026,108.264,0.0193347
20-Apr-2026,15-May-2026,113.185,0.000294703
20-Apr-2026,15-May-2026,118.107,2.11113e-06
20-Apr-2026,22-May-2026,78.7377,19.9665
20-Apr-2026,22-May-2026,83.6588,15.0842
20-Apr-2026,22-May-2026,88.5799,10.297
20-Apr-2026,22-May-2026,93.501,5.86979
20-Apr-2026,22-May-2026,98.4221,2.39692
20-Apr-2026,22-May-2026,103.343,0.527591
20-Apr-2026,22-May-2026,108.264,0.0438491
20-Apr-2026,22-May-2026,113.185,0.00141125
20-Apr-2026,22-May-2026,118.107,2.54476e-05
20-Apr-2026,29-May-2026,78.7377,20.0411
20-Apr-2026,29-May-2026,83.6588,15.1843
20-Apr-2026,29-May-2026,88.5799,10.4591
20-Apr-2026,29-May-2026,93.501,6.12954
20-Apr-2026,29-May-2026,98.4221,2.70235
20-Apr-2026,29-May-2026,103.343,0.717639
20-Apr-2026,29-May-2026,108.264,0.087673
20-Apr-2026,29-May-2026,113.185,0.005109
20-Apr-2026,29-May-2026,118.107,0.000190862
20-Apr-2026,30-Jun-2026,78.7377,20.3893
20-Apr-2026,30-Jun-2026,83.6588,15.6647
20-Apr-2026,30-Jun-2026,88.5799,11.1589
20-Apr-2026,30-Jun-2026,93.501,7.08206
20-Apr-2026,30-Jun-2026,98.4221,3.74024
20-Apr-2026,30-Jun-2026,103.343,1.46508
20-Apr-2026,30-Jun-2026,108.264,0.375281
20-Apr-2026,30-Jun-2026,113.185,0.0654634
20-Apr-2026,30-Jun-2026,118.107,0.00919862
20-Apr-2026,31-Jul-2026,78.7377,20.7933
20-Apr-2026,31-Jul-2026,83.6588,16.197
20-Apr-2026,31-Jul-2026,88.5799,11.849
20-Apr-2026,31-Jul-2026,93.501,7.91133
20-Apr-2026,31-Jul-2026,98.4221,4.59985
20-Apr-2026,31-Jul-2026,103.343,2.1608
20-Apr-2026,31-Jul-2026,108.264,0.759254
20-Apr-2026,31-Jul-2026,113.185,0.205685
20-Apr-2026,31-Jul-2026,118.107,0.0484499
20-Apr-2026,31-Aug-2026,78.7377,21.234
20-Apr-2026,31-Aug-2026,83.6588,16.7487
20-Apr-2026,31-Aug-2026,88.5799,12.5186
20-Apr-2026,31-Aug-2026,93.501,8.67259
20-Apr-2026,31-Aug-2026,98.4221,5.37654
20-Apr-2026,31-Aug-2026,103.343,2.82803
20-Apr-2026,31-Aug-2026,108.264,1.19694
20-Apr-2026,31-Aug-2026,113.185,0.41566
20-Apr-2026,31-Aug-2026,118.107,0.129895
20-Apr-2026,30-Sep-2026,78.7377,21.6825
20-Apr-2026,30-Sep-2026,83.6588,17.2895
20-Apr-2026,30-Sep-2026,88.5799,13.1496
20-Apr-2026,30-Sep-2026,93.501,9.36919
20-Apr-2026,30-Sep-2026,98.4221,6.08375
20-Apr-2026,30-Sep-2026,103.343,3.45898
20-Apr-2026,30-Sep-2026,108.264,1.6558
20-Apr-2026,30-Sep-2026,113.185,0.674807
20-Apr-2026,30-Sep-2026,118.107,0.251672
20-Apr-2026,30-Oct-2026,78.7377,22.1827
20-Apr-2026,30-Oct-2026,83.6588,17.876
20-Apr-2026,30-Oct-2026,88.5799,13.8163
20-Apr-2026,30-Oct-2026,93.501,10.0925
20-Apr-2026,30-Oct-2026,98.4221,6.8176
20-Apr-2026,30-Oct-2026,103.343,4.13181
20-Apr-2026,30-Oct-2026,108.264,2.18134
20-Apr-2026,30-Oct-2026,113.185,1.00788
20-Apr-2026,30-Oct-2026,118.107,0.430414
20-Apr-2026,30-Nov-2026,78.7377,22.6527
20-Apr-2026,30-Nov-2026,83.6588,18.416
20-Apr-2026,30-Nov-2026,88.5799,14.4193
20-Apr-2026,30-Nov-2026,93.501,10.7398
20-Apr-2026,30-Nov-2026,98.4221,7.47493
20-Apr-2026,30-Nov-2026,103.343,4.74684
20-Apr-2026,30-Nov-2026,108.264,2.68714
20-Apr-2026,30-Nov-2026,113.185,1.35706
20-Apr-2026,30-Nov-2026,118.107,0.637115
20-Apr-2026,31-Dec-2026,78.7377,23.1651
20-Apr-2026,31-Dec-2026,83.6588,18.9961
20-Apr-2026,31-Dec-2026,88.5799,15.0592
20-Apr-2026,31-Dec-2026,93.501,11.4218
20-Apr-2026,31-Dec-2026,98.4221,8.16885
20-Apr-2026,31-Dec-2026,103.343,5.40623
20-Apr-2026,31-Dec-2026,108.264,3.25063
20-Apr-2026,31-Dec-2026,113.185,1.77256
20-Apr-2026,31-Dec-2026,118.107,0.902981
20-Apr-2026,29-Jan-2027,78.7377,23.5877
20-Apr-2026,29-Jan-2027,83.6588,19.4694
20-Apr-2026,29-Jan-2027,88.5799,15.5769
20-Apr-2026,29-Jan-2027,93.501,11.9712
20-Apr-2026,29-Jan-2027,98.4221,8.72876
20-Apr-2026,29-Jan-2027,103.343,5.94448
20-Apr-2026,29-Jan-2027,108.264,3.72377
20-Apr-2026,29-Jan-2027,113.185,2.13922
20-Apr-2026,29-Jan-2027,118.107,1.15238
20-Apr-2026,26-Feb-2027,78.7377,24.0179
20-Apr-2026,26-Feb-2027,83.6588,19.9476
20-Apr-2026,26-Feb-2027,88.5799,16.0969
20-Apr-2026,26-Feb-2027,93.501,12.5214
20-Apr-2026,26-Feb-2027,98.4221,9.29039
20-Apr-2026,26-Feb-2027,103.343,6.48903
20-Apr-2026,26-Feb-2027,108.264,4.21237
20-Apr-2026,26-Feb-2027,113.185,2.53211
20-Apr-2026,26-Feb-2027,118.107,1.43266
21-Apr-2026,24-Apr-2026,78.156,19.558
21-Apr-2026,24-Apr-2026,83.0408,14.6744
21-Apr-2026,24-Apr-2026,87.9255,9.79084
21-Apr-2026,24-Apr-2026,92.8103,4.90759
21-Apr-2026,24-Apr-2026,97.695,0.587933
21-Apr-2026,24-Apr-2026,102.58,4.48938e-05
21-Apr-2026,30-Apr-2026,78.156,19.6275
21-Apr-2026,30-Apr-2026,83.0408,14.7483
21-Apr-2026,30-Apr-2026,87.9255,9.87175
21-Apr-2026,30-Apr-2026,92.8103,5.08924
21-Apr-2026,30-Apr-2026,97.695,1.30324
21-Apr-2026,30-Apr-2026,102.58,0.0601038
21-Apr-2026,30-Apr-2026,107.465,0.000124627
21-Apr-2026,30-Apr-2026,112.349,8.88546e-09
21-Apr-2026,30-Apr-2026,117.234,8.9727e-14
21-Apr-2026,08-May-2026,78.156,19.6907
21-Apr-2026,08-May-2026,83.0408,14.8168
21-Apr-2026,08-May-2026,87.9255,9.96604
21-Apr-2026,08-May-2026,92.8103,5.33358
21-Apr-2026,08-May-2026,97.695,1.73283
21-Apr-2026,08-May-2026,102.58,0.199074
21-Apr-2026,08-May-2026,107.465,0.00392436
21-Apr-2026,08-May-2026,112.349,1.19187e-05
21-Apr-2026,08-May-2026,117.234,1.05482e-08
21-Apr-2026,15-May-2026,78.156,19.7609
21-Apr-2026,15-May-2026,83.0408,14.899
21-Apr-2026,15-May-2026,87.9255,10.0993
21-Apr-2026,15-May-2026,92.8103,5.6133
21-Apr-2026,15-May-2026,97.695,2.12174
21-Apr-2026,15-May-2026,102.58,0.384581
21-Apr-2026,15-May-2026,107.465,0.0212243
21-Apr-2026,15-May-2026,112.349,0.000342354
21-Apr-2026,15-May-2026,117.234,2.48038e-06
21-Apr-2026,22-May-2026,78.156,19.8201
21-Apr-2026,22-May-2026,83.0408,14.9744
21-Apr-2026,22-May-2026,87.9255,10.2249
21-Apr-2026,22-May-2026,92.8103,5.83812
21-Apr-2026,22-May-2026,97.695,2.40264
21-Apr-2026,22-May-2026,102.58,0.544757
21-Apr-2026,22-May-2026,107.465,0.048376
21-Apr-2026,22-May-2026,112.349,0.00165872
21-Apr-2026,22-May-2026,117.234,3.08395e-05
21-Apr-2026,29-May-2026,78.156,19.8962
21-Apr-2026,29-May-2026,83.0408,15.0768
21-Apr-2026,29-May-2026,87.9255,10.3911
21-Apr-2026,29-May-2026,92.8103,6.10439
21-Apr-2026,29-May-2026,97.695,2.71582
21-Apr-2026,29-May-2026,102.58,0.742992
21-Apr-2026,29-May-2026,107.465,0.0966501
21-Apr-2026,29-May-2026,112.349,0.00599858
21-Apr-2026,29-May-2026,117.234,0.000232899
21-Apr-2026,30-Jun-2026,78.156,20.2528
21-Apr-2026,30-Jun-2026,83.0408,15.5696
21-Apr-2026,30-Jun-2026,87.9255,11.1088
21-Apr-2026,30-Jun-2026,92.8103,7.07912
21-Apr-2026,30-Jun-2026,97.695,3.77832
21-Apr-2026,30-Jun-2026,102.58,1.51933
21-Apr-2026,30-Jun-2026,107.465,0.408602
21-Apr-2026,30-Jun-2026,112.349,0.0750056
21-Apr-2026,30-Jun-2026,117.234,0.0109425
21-Apr-2026,31-Jul-2026,78.156,20.6674
21-Apr-2026,31-Jul-2026,83.0408,16.1158
21-Apr-2026,31-Jul-2026,87.9255,11.8156
21-Apr-2026,31-Jul-2026,92.8103,7.92683
21-Apr-2026,31-Jul-2026,97.695,4.65794
21-Apr-2026,31-Jul-2026,102.58,2.23918
21-Apr-2026,31-Jul-2026,107.465,0.819086
21-Apr-2026,31-Jul-2026,112.349,0.231661
21-Apr-2026,31-Jul-2026,117.234,0.0563761
21-Apr-2026,31-Aug-2026,78.156,21.1195
21-Apr-2026,31-Aug-2026,83.0408,16.6813
21-Apr-2026,31-Aug-2026,87.9255,12.5009
21-Apr-2026,31-Aug-2026,92.8103,8.705
21-Apr-2026,31-Aug-2026,97.695,5.45289
21-Apr-2026,31-Aug-2026,102.58,2.9281
21-Apr-2026,31-Aug-2026,107.465,1.28289
21-Apr-2026,31-Aug-2026,112.349,0.462871
21-Apr-2026,31-Aug-2026,117.234,0.148978
21-Apr-2026,30-Sep-2026,78.156,21.5794
21-Apr-2026,30-Sep-2026,83.0408,17.2353
21-Apr-2026,30-Sep-2026,87.9255,13.1465
21-Apr-2026,30-Sep-2026,92.8103,9.41725
21-Apr-2026,30-Sep-2026,97.695,6.1769
21-Apr-2026,30-Sep-2026,102.58,3.57862
21-Apr-2026,30-Sep-2026,107.465,1.76616
21-Apr-2026,30-Sep-2026,112.349,0.745393
21-Apr-2026,30-Sep-2026,117.234,0.285842
21-Apr-2026,30-Oct-2026,78.156,22.0922
21-Apr-2026,30-Oct-2026,83.0408,17.836
21-Apr-2026,30-Oct-2026,87.9255,13.8287
21-Apr-2026,30-Oct-2026,92.8103,10.157
21-Apr-2026,30-Oct-2026,97.695,6.92828
21-Apr-2026,30-Oct-2026,102.58,4.27155
21-Apr-2026,30-Oct-2026,107.465,2.31701
21-Apr-2026,30-Oct-2026,112.349,1.10553
21-Apr-2026,30-Oct-2026,117.234,0.484977
21-Apr-2026,30-Nov-2026,78.156,22.5738
21-Apr-2026,30-Nov-2026,83.0408,18.389
21-Apr-2026,30-Nov-2026,87.9255,14.4458
21-Apr-2026,30-Nov-2026,92.8103,10.8191
21-Apr-2026,30-Nov-2026,97.695,7.60134
21-Apr-2026,30-Nov-2026,102.58,4.90437
21-Apr-2026,30-Nov-2026,107.465,2.84513
21-Apr-2026,30-Nov-2026,112.349,1.48039
21-Apr-2026,30-Nov-2026,117.234,0.713578
21-Apr-2026,31-Dec-2026,78.156,23.0988
21-Apr-2026,31-Dec-2026,83.0408,18.983
21-Apr-2026,31-Dec-2026,87.9255,15.1007
21-Apr-2026,31-Dec-2026,92.8103,11.5169
21-Apr-2026,31-Dec-2026,97.695,8.31183
21-Apr-2026,31-Dec-2026,102.58,5.58229
21-Apr-2026,31-Dec-2026,107.465,3.43165
21-Apr-2026,31-Dec-2026,112.349,1.92365
21-Apr-2026,31-Dec-2026,117.234,1.00561
21-Apr-2026,29-Jan-2027,78.156,23.5318
21-Apr-2026,29-Jan-2027,83.0408,19.4677
21-Apr-2026,29-Jan-2027,87.9255,15.6305
21-Apr-2026,29-Jan-2027,92.8103,12.079
21-Apr-2026,29-Jan-2027,97.695,8.88507
21-Apr-2026,29-Jan-2027,102.58,6.13531
21-Apr-2026,29-Jan-2027,107.465,3.92293
21-Apr-2026,29-Jan-2027,112.349,2.31273
21-Apr-2026,29-Jan-2027,117.234,1.27783
21-Apr-2026,26-Feb-2027,78.156,23.9726
21-Apr-2026,26-Feb-2027,83.0408,19.9573
21-Apr-2026,26-Feb-2027,87.9255,16.1626
21-Apr-2026,26-Feb-2027,92.8103,12.6419
21-Apr-2026,26-Feb-2027,97.695,9.46
21-Apr-2026,26-Feb-2027,102.58,6.69449
21-Apr-2026,26-Feb-2027,107.465,4.4293
21-Apr-2026,26-Feb-2027,112.349,2.72786
21-Apr-2026,26-Feb-2027,117.234,1.58205
22-Apr-2026,24-Apr-2026,78.063,19.5293
22-Apr-2026,24-Apr-2026,82.942,14.6512
22-Apr-2026,24-Apr-2026,87.8209,9.77307
22-Apr-2026,24-Apr-2026,92.6998,4.89499
22-Apr-2026,24-Apr-2026,97.5788,0.47902
22-Apr-2026,24-Apr-2026,102.458,9.57193e-07
22-Apr-2026,24-Apr-2026,107.337,7.61277e-16
22-Apr-2026,24-Apr-2026,112.216,6.53015e-16
22-Apr-2026,24-Apr-2026,117.095,5.8852e-16
22-Apr-2026,30-Apr-2026,78.063,19.6035
22-Apr-2026,30-Apr-2026,82.942,14.73
22-Apr-2026,30-Apr-2026,87.8209,9.85841
22-Apr-2026,30-Apr-2026,92.6998,5.06787
22-Apr-2026,30-Apr-2026,97.5788,1.25845
22-Apr-2026,30-Apr-2026,102.458,0.0503746
22-Apr-2026,30-Apr-2026,107.337,7.21992e-05
22-Apr-2026,30-Apr-2026,112.216,2.71508e-09
22-Apr-2026,30-Apr-2026,117.095,1.25467e-14
22-Apr-2026,08-May-2026,78.063,19.6709
22-Apr-2026,08-May-2026,82.942,14.8028
22-Apr-2026,08-May-2026,87.8209,9.95488
22-Apr-2026,08-May-2026,92.6998,5.31418
22-Apr-2026,08-May-2026,97.5788,1.70258
22-Apr-2026,08-May-2026,102.458,0.186637
22-Apr-2026,08-May-2026,107.337,0.0032902
22-Apr-2026,08-May-2026,112.216,8.21335e-06
22-Apr-2026,08-May-2026,117.095,5.59373e-09
22-Apr-2026,15-May-2026,78.063,19.7457
22-Apr-2026,15-May-2026,82.942,14.8891
22-Apr-2026,15-May-2026,87.8209,10.091
22-Apr-2026,15-May-2026,92.6998,5.59907
22-Apr-2026,15-May-2026,97.5788,2.10164
22-Apr-2026,15-May-2026,102.458,0.37359
22-Apr-2026,15-May-2026,107.337,0.0197284
22-Apr-2026,15-May-2026,112.216,0.000293404
22-Apr-2026,15-May-2026,117.095,1.89805e-06
22-Apr-2026,22-May-2026,78.063,19.8085
22-Apr-2026,22-May-2026,82.942,14.9677
22-Apr-2026,22-May-2026,87.8209,10.2195
22-Apr-2026,22-May-2026,92.6998,5.82861
22-Apr-2026,22-May-2026,97.5788,2.38917
22-Apr-2026,22-May-2026,102.458,0.536311
22-Apr-2026,22-May-2026,107.337,0.0465702
22-Apr-2026,22-May-2026,112.216,0.0015266
22-Apr-2026,22-May-2026,117.095,2.65635e-05
22-Apr-2026,29-May-2026,78.063,19.8889
22-Apr-2026,29-May-2026,82.942,15.0742
22-Apr-2026,29-May-2026,87.8209,10.3899
22-Apr-2026,29-May-2026,92.6998,6.10074
22-Apr-2026,29-May-2026,97.5788,2.70949
22-Apr-2026,29-May-2026,102.458,0.738441
22-Apr-2026,29-May-2026,107.337,0.095187
22-Apr-2026,29-May-2026,112.216,0.0057735
22-Apr-2026,29-May-2026,117.095,0.000215861
22-Apr-2026,30-Jun-2026,78.063,20.2623
22-Apr-2026,30-Jun-2026,82.942,15.5843
22-Apr-2026,30-Jun-2026,87.8209,11.1267
22-Apr-2026,30-Jun-2026,92.6998,7.09831
22-Apr-2026,30-Jun-2026,97.5788,3.79669
22-Apr-2026,30-Jun-2026,102.458,1.5338
22-Apr-2026,30-Jun-2026,107.337,0.415402
22-Apr-2026,30-Jun-2026,112.216,0.0764848
22-Apr-2026,30-Jun-2026,117.095,0.0111138
22-Apr-2026,31-Jul-2026,78.063,20.6938
22-Apr-2026,31-Jul-2026,82.942,16.1486
22-Apr-2026,31-Jul-2026,87.8209,11.8534
22-Apr-2026,31-Jul-2026,92.6998,7.96764
22-Apr-2026,31-Jul-2026,97.5788,4.69883
22-Apr-2026,31-Jul-2026,102.458,2.27448
22-Apr-2026,31-Jul-2026,107.337,0.840833
22-Apr-2026,31-Jul-2026,112.216,0.239925
22-Apr-2026,31-Jul-2026,117.095,0.0585841
22-Apr-2026,31-Aug-2026,78.063,21.1632
22-Apr-2026,31-Aug-2026,82.942,16.7326
22-Apr-2026,31-Aug-2026,87.8209,12.5587
22-Apr-2026,31-Aug-2026,92.6998,8.76722
22-Apr-2026,31-Aug-2026,97.5788,5.51605
22-Apr-2026,31-Aug-2026,102.458,2.98523
22-Apr-2026,31-Aug-2026,107.337,1.32338
22-Apr-2026,31-Aug-2026,112.216,0.482882
22-Apr-2026,31-Aug-2026,117.095,0.156416
22-Apr-2026,30-Sep-2026,78.063,21.6402
22-Apr-2026,30-Sep-2026,82.942,17.305
22-Apr-2026,30-Sep-2026,87.8209,13.2239
22-Apr-2026,30-Sep-2026,92.6998,9.50031
22-Apr-2026,30-Sep-2026,97.5788,6.26177
22-Apr-2026,30-Sep-2026,102.458,3.65763
22-Apr-2026,30-Sep-2026,107.337,1.82714
22-Apr-2026,30-Sep-2026,112.216,0.780818
22-Apr-2026,30-Sep-2026,117.095,0.301893
22-Apr-2026,30-Oct-2026,78.063,22.1718
22-Apr-2026,30-Oct-2026,82.942,17.9259
22-Apr-2026,30-Oct-2026,87.8209,13.9277
22-Apr-2026,30-Oct-2026,92.6998,10.2629
22-Apr-2026,30-Oct-2026,97.5788,7.03689
22-Apr-2026,30-Oct-2026,102.458,4.37482
22-Apr-2026,30-Oct-2026,107.337,2.40189
22-Apr-2026,30-Oct-2026,112.216,1.16126
22-Apr-2026,30-Oct-2026,117.095,0.51439
22-Apr-2026,30-Nov-2026,78.063,22.6711
22-Apr-2026,30-Nov-2026,82.942,18.4978
22-Apr-2026,30-Nov-2026,87.8209,14.5649
22-Apr-2026,30-Nov-2026,92.6998,10.9462
22-Apr-2026,30-Nov-2026,97.5788,7.73206
22-Apr-2026,30-Nov-2026,102.458,5.03043
22-Apr-2026,30-Nov-2026,107.337,2.95314
22-Apr-2026,30-Nov-2026,112.216,1.55746
22-Apr-2026,30-Nov-2026,117.095,0.758888
22-Apr-2026,31-Dec-2026,78.063,23.2155
22-Apr-2026,31-Dec-2026,82.942,19.1125
22-Apr-2026,31-Dec-2026,87.8209,15.2416
22-Apr-2026,31-Dec-2026,92.6998,11.667
22-Apr-2026,31-Dec-2026,97.5788,8.4666
22-Apr-2026,31-Dec-2026,102.458,5.73324
22-Apr-2026,31-Dec-2026,107.337,3.56537
22-Apr-2026,31-Dec-2026,112.216,2.02576
22-Apr-2026,31-Dec-2026,117.095,1.07151
22-Apr-2026,29-Jan-2027,78.063,23.6645
22-Apr-2026,29-Jan-2027,82.942,19.6142
22-Apr-2026,29-Jan-2027,87.8209,15.7895
22-Apr-2026,29-Jan-2027,92.6998,12.2481
22-Apr-2026,29-Jan-2027,97.5788,9.05964
22-Apr-2026,29-Jan-2027,102.458,6.30683
22-Apr-2026,29-Jan-2027,107.337,4.07811
22-Apr-2026,29-Jan-2027,112.216,2.43652
22-Apr-2026,29-Jan-2027,117.095,1.36289
22-Apr-2026,26-Feb-2027,78.063,24.1216
22-Apr-2026,26-Feb-2027,82.942,20.1213
22-Apr-2026,26-Feb-2027,87.8209,16.3401
22-Apr-2026,26-Feb-2027,92.6998,12.8304
22-Apr-2026,26-Feb-2027,97.5788,9.65471
22-Apr-2026,26-Feb-2027,102.458,6.88696
22-Apr-2026,26-Feb-2027,107.337,4.60648
22-Apr-2026,26-Feb-2027,112.216,2.87435
22-Apr-2026,26-Feb-2027,117.095,1.68825
23-Apr-2026,24-Apr-2026,78.2758,19.5756
23-Apr-2026,24-Apr-2026,83.168,14.6838
23-Apr-2026,24-Apr-2026,88.0602,9.79193
23-Apr-2026,24-Apr-2026,92.9525,4.90011
23-Apr-2026,24-Apr-2026,97.8447,0.328896
23-Apr-2026,24-Apr-2026,102.737,3.56637e-08
23-Apr-2026,30-Apr-2026,78.2758,19.6485
23-Apr-2026,30-Apr-2026,83.168,14.7613
23-Apr-2026,30-Apr-2026,88.0602,9.87495
23-Apr-2026,30-Apr-2026,92.9525,5.05053
23-Apr-2026,30-Apr-2026,97.8447,1.17892
23-Apr-2026,30-Apr-2026,102.737,0.0338288
23-Apr-2026,30-Apr-2026,107.629,1.955e-05
23-Apr-2026,30-Apr-2026,112.521,1.85842e-10
23-Apr-2026,08-May-2026,78.2758,19.7148
23-Apr-2026,08-May-2026,83.168,14.8324
23-Apr-2026,08-May-2026,88.0602,9.96531
23-Apr-2026,08-May-2026,92.9525,5.28278
23-Apr-2026,08-May-2026,97.8447,1.62524
23-Apr-2026,08-May-2026,102.737,0.151964
23-Apr-2026,08-May-2026,107.629,0.00181103
23-Apr-2026,08-May-2026,112.521,2.59156e-06
23-Apr-2026,08-May-2026,117.414,9.78209e-10
23-Apr-2026,15-May-2026,78.2758,19.7881
23-Apr-2026,15-May-2026,83.168,14.9156
23-Apr-2026,15-May-2026,88.0602,10.0932
23-Apr-2026,15-May-2026,92.9525,5.55815
23-Apr-2026,15-May-2026,97.8447,2.02245
23-Apr-2026,15-May-2026,102.737,0.324602
23-Apr-2026,15-May-2026,107.629,0.0135823
23-Apr-2026,15-May-2026,112.521,0.000147422
23-Apr-2026,15-May-2026,117.414,6.91046e-07
23-Apr-2026,22-May-2026,78.2758,19.8493
23-Apr-2026,22-May-2026,83.168,14.9909
23-Apr-2026,22-May-2026,88.0602,10.2155
23-Apr-2026,22-May-2026,92.9525,5.78191
23-Apr-2026,22-May-2026,97.8447,2.30767
23-Apr-2026,22-May-2026,102.737,0.478278
23-Apr-2026,22-May-2026,107.629,0.0349232
23-Apr-2026,22-May-2026,112.521,0.000911838
23-Apr-2026,22-May-2026,117.414,1.26344e-05
23-Apr-2026,29-May-2026,78.2758,19.9274
23-Apr-2026,29-May-2026,83.168,15.0928
23-Apr-2026,29-May-2026,88.0602,10.3788
23-Apr-2026,29-May-2026,92.9525,6.04829
23-Apr-2026,29-May-2026,97.8447,2.62497
23-Apr-2026,29-May-2026,102.737,0.67141
23-Apr-2026,29-May-2026,107.629,0.0758866
23-Apr-2026,29-May-2026,112.521,0.00389218
23-Apr-2026,29-May-2026,117.414,0.000123443
23-Apr-2026,30-Jun-2026,78.2758,20.2884
23-Apr-2026,30-Jun-2026,83.168,15.5848
23-Apr-2026,30-Jun-2026,88.0602,11.0946
23-Apr-2026,30-Jun-2026,92.9525,7.02983
23-Apr-2026,30-Jun-2026,97.8447,3.70128
23-Apr-2026,30-Jun-2026,102.737,1.44304
23-Apr-2026,30-Jun-2026,107.629,0.366133
23-Apr-2026,30-Jun-2026,112.521,0.0623256
23-Apr-2026,30-Jun-2026,117.414,0.00841538
23-Apr-2026,31-Jul-2026,78.2758,20.7074
23-Apr-2026,31-Jul-2026,83.168,16.1345
23-Apr-2026,31-Jul-2026,88.0602,11.8073
23-Apr-2026,31-Jul-2026,92.9525,7.88886
23-Apr-2026,31-Jul-2026,97.8447,4.59569
23-Apr-2026,31-Jul-2026,102.737,2.17046
23-Apr-2026,31-Jul-2026,107.629,0.769236
23-Apr-2026,31-Jul-2026,112.521,0.208735
23-Apr-2026,31-Jul-2026,117.414,0.0486702
23-Apr-2026,31-Aug-2026,78.2758,21.1656
23-Apr-2026,31-Aug-2026,83.168,16.707
23-Apr-2026,31-Aug-2026,88.0602,12.5024
23-Apr-2026,31-Aug-2026,92.9525,8.68113
23-Apr-2026,31-Aug-2026,97.8447,5.40768
23-Apr-2026,31-Aug-2026,102.737,2.87327
23-Apr-2026,31-Aug-2026,107.629,1.2361
23-Apr-2026,31-Aug-2026,112.521,0.435005
23-Apr-2026,31-Aug-2026,117.414,0.136287
23-Apr-2026,30-Sep-2026,78.2758,21.6332
23-Apr-2026,30-Sep-2026,83.168,17.2703
23-Apr-2026,30-Sep-2026,88.0602,13.1602
23-Apr-2026,30-Sep-2026,92.9525,9.40918
23-Apr-2026,30-Sep-2026,97.8447,6.15021
23-Apr-2026,30-Sep-2026,102.737,3.54117
23-Apr-2026,30-Sep-2026,107.629,1.72948
23-Apr-2026,30-Sep-2026,112.521,0.718891
23-Apr-2026,30-Sep-2026,117.414,0.27079
23-Apr-2026,30-Oct-2026,78.2758,22.1561
23-Apr-2026,30-Oct-2026,83.168,17.8833
23-Apr-2026,30-Oct-2026,88.0602,13.8579
23-Apr-2026,30-Oct-2026,92.9525,10.168
23-Apr-2026,30-Oct-2026,97.8447,6.92352
23-Apr-2026,30-Oct-2026,102.737,4.25595
23-Apr-2026,30-Oct-2026,107.629,2.297
23-Apr-2026,30-Oct-2026,112.521,1.08711
23-Apr-2026,30-Oct-2026,117.414,0.471614
23-Apr-2026,30-Nov-2026,78.2758,22.6487
23-Apr-2026,30-Nov-2026,83.168,18.4495
23-Apr-2026,30-Nov-2026,88.0602,14.4909
23-Apr-2026,30-Nov-2026,92.9525,10.8492
23-Apr-2026,30-Nov-2026,97.8447,7.61824
23-Apr-2026,30-Nov-2026,102.737,4.91097
23-Apr-2026,30-Nov-2026,107.629,2.84436
23-Apr-2026,30-Nov-2026,112.521,1.47482
23-Apr-2026,30-Nov-2026,117.414,0.706352
23-Apr-2026,31-Dec-2026,78.2758,23.187
23-Apr-2026,31-Dec-2026,83.168,19.0592
23-Apr-2026,31-Dec-2026,88.0602,15.1645
23-Apr-2026,31-Dec-2026,92.9525,11.569
23-Apr-2026,31-Dec-2026,97.8447,8.35332
23-Apr-2026,31-Dec-2026,102.737,5.61444
23-Apr-2026,31-Dec-2026,107.629,3.45462
23-Apr-2026,31-Dec-2026,112.521,1.93671
23-Apr-2026,31-Dec-2026,117.414,1.01006
23-Apr-2026,29-Jan-2027,78.2758,23.6319
23-Apr-2026,29-Jan-2027,83.168,19.5579
23-Apr-2026,29-Jan-2027,88.0602,15.7107
23-Apr-2026,29-Jan-2027,92.9525,12.1499
23-Apr-2026,29-Jan-2027,97.8447,8.94745
23-Apr-2026,29-Jan-2027,102.737,6.18935
23-Apr-2026,29-Jan-2027,107.629,3.96708
23-Apr-2026,29-Jan-2027,112.521,2.34404
23-Apr-2026,29-Jan-2027,117.414,1.29557
23-Apr-2026,26-Feb-2027,78.2758,24.0856
23-Apr-2026,26-Feb-2027,83.168,20.0625
23-Apr-2026,26-Feb-2027,88.0602,16.2603
23-Apr-2026,26-Feb-2027,92.9525,12.7326
23-Apr-2026,26-Feb-2027,97.8447,9.54413
23-Apr-2026,26-Feb-2027,102.737,6.7714
23-Apr-2026,26-Feb-2027,107.629,4.49612
23-Apr-2026,26-Feb-2027,112.521,2.77984
23-Apr-2026,26-Feb-2027,117.414,1.61632
24-Apr-2026,30-Apr-2026,77.4424,19.4339
24-Apr-2026,30-Apr-2026,82.2825,14.5983
24-Apr-2026,30-Apr-2026,87.1227,9.76331
24-Apr-2026,30-Apr-2026,91.9628,4.97928
24-Apr-2026,30-Apr-2026,96.803,1.12119
24-Apr-2026,30-Apr-2026,101.643,0.0268007
24-Apr-2026,30-Apr-2026,106.483,9.49763e-06
24-Apr-2026,30-Apr-2026,111.323,3.81626e-11
24-Apr-2026,08-May-2026,77.4424,19.5004
24-Apr-2026,08-May-2026,82.2825,14.6695
24-Apr-2026,08-May-2026,87.1227,9.85193
24-Apr-2026,08-May-2026,91.9628,5.20786
24-Apr-2026,08-May-2026,96.803,1.57839
24-Apr-2026,08-May-2026,101.643,0.140456
24-Apr-2026,08-May-2026,106.483,0.00148823
24-Apr-2026,08-May-2026,111.323,1.7181e-06
24-Apr-2026,08-May-2026,116.164,4.82763e-10
24-Apr-2026,15-May-2026,77.4424,19.574
24-Apr-2026,15-May-2026,82.2825,14.7525
24-Apr-2026,15-May-2026,87.1227,9.97807
24-Apr-2026,15-May-2026,91.9628,5.48296
24-Apr-2026,15-May-2026,96.803,1.98055
24-Apr-2026,15-May-2026,101.643,0.31213
24-Apr-2026,15-May-2026,106.483,0.0125541
24-Apr-2026,15-May-2026,111.323,0.000125975
24-Apr-2026,15-May-2026,116.164,5.26213e-07
24-Apr-2026,22-May-2026,77.4424,19.6353
24-Apr-2026,22-May-2026,82.2825,14.8275
24-Apr-2026,22-May-2026,87.1227,10.0994
24-Apr-2026,22-May-2026,91.9628,5.70707
24-Apr-2026,22-May-2026,96.803,2.26801
24-Apr-2026,22-May-2026,101.643,0.465986
24-Apr-2026,22-May-2026,106.483,0.0334286
24-Apr-2026,22-May-2026,111.323,0.000838516
24-Apr-2026,22-May-2026,116.164,1.09024e-05
24-Apr-2026,29-May-2026,77.4424,19.7134
24-Apr-2026,29-May-2026,82.2825,14.929
24-Apr-2026,29-May-2026,87.1227,10.2622
24-Apr-2026,29-May-2026,91.9628,5.97398
24-Apr-2026,29-May-2026,96.803,2.58704
24-Apr-2026,29-May-2026,101.643,0.659697
24-Apr-2026,29-May-2026,106.483,0.0741437
24-Apr-2026,29-May-2026,111.323,0.00373256
24-Apr-2026,29-May-2026,116.164,0.000114403
24-Apr-2026,30-Jun-2026,77.4424,20.0744
24-Apr-2026,30-Jun-2026,82.2825,15.4204
24-Apr-2026,30-Jun-2026,87.1227,10.9777
24-Apr-2026,30-Jun-2026,91.9628,6.95697
24-Apr-2026,30-Jun-2026,96.803,3.66628
24-Apr-2026,30-Jun-2026,101.643,1.43395
24-Apr-2026,30-Jun-2026,106.483,0.366007
24-Apr-2026,30-Jun-2026,111.323,0.0624998
24-Apr-2026,30-Jun-2026,116.164,0.00841444
24-Apr-2026,31-Jul-2026,77.4424,20.4937
24-Apr-2026,31-Jul-2026,82.2825,15.9703
24-Apr-2026,31-Jul-2026,87.1227,11.6907
24-Apr-2026,31-Jul-2026,91.9628,7.8166
24-Apr-2026,31-Jul-2026,96.803,4.56164
24-Apr-2026,31-Jul-2026,101.643,2.16329
24-Apr-2026,31-Jul-2026,106.483,0.772208
24-Apr-2026,31-Jul-2026,111.323,0.210901
24-Apr-2026,31-Jul-2026,116.164,0.049305
24-Apr-2026,31-Aug-2026,77.4424,20.9525
24-Apr-2026,31-Aug-2026,82.2825,16.5432
24-Apr-2026,31-Aug-2026,87.1227,12.3862
24-Apr-2026,31-Aug-2026,91.9628,8.60914
24-Apr-2026,31-Aug-2026,96.803,5.37406
24-Apr-2026,31-Aug-2026,101.643,2.8675
24-Apr-2026,31-Aug-2026,106.483,1.24228
24-Apr-2026,31-Aug-2026,111.323,0.440356
24-Apr-2026,31-Aug-2026,116.164,0.138576
24-Apr-2026,30-Sep-2026,77.4424,21.4207
24-Apr-2026,30-Sep-2026,82.2825,17.1069
24-Apr-2026,30-Sep-2026,87.1227,13.0442
24-Apr-2026,30-Sep-2026,91.9628,9.33729
24-Apr-2026,30-Sep-2026,96.803,6.11678
24-Apr-2026,30-Sep-2026,101.643,3.53643
24-Apr-2026,30-Sep-2026,106.483,1.73855
24-Apr-2026,30-Sep-2026,111.323,0.727967
24-Apr-2026,30-Sep-2026,116.164,0.275645
24-Apr-2026,30-Oct-2026,77.4424,21.9442
24-Apr-2026,30-Oct-2026,82.2825,17.7204
24-Apr-2026,30-Oct-2026,87.1227,13.7421
24-Apr-2026,30-Oct-2026,91.9628,10.0962
24-Apr-2026,30-Oct-2026,96.803,6.89017
24-Apr-2026,30-Oct-2026,101.643,4.25205
24-Apr-2026,30-Oct-2026,106.483,2.30885
24-Apr-2026,30-Oct-2026,111.323,1.10052
24-Apr-2026,30-Oct-2026,116.164,0.480158
24-Apr-2026,30-Nov-2026,77.4424,22.4372
24-Apr-2026,30-Nov-2026,82.2825,18.2869
24-Apr-2026,30-Nov-2026,87.1227,14.3753
24-Apr-2026,30-Nov-2026,91.9628,10.7773
24-Apr-2026,30-Nov-2026,96.803,7.58487
24-Apr-2026,30-Nov-2026,101.643,4.90765
24-Apr-2026,30-Nov-2026,106.483,2.85843
24-Apr-2026,30-Nov-2026,111.323,1.49223
24-Apr-2026,30-Nov-2026,116.164,0.718943
24-Apr-2026,31-Dec-2026,77.4424,22.976
24-Apr-2026,31-Dec-2026,82.2825,18.897
24-Apr-2026,31-Dec-2026,87.1227,15.049
24-Apr-2026,31-Dec-2026,91.9628,11.4969
24-Apr-2026,31-Dec-2026,96.803,8.31986
24-Apr-2026,31-Dec-2026,101.643,5.6116
24-Apr-2026,31-Dec-2026,106.483,3.47075
24-Apr-2026,31-Dec-2026,111.323,1.95824
24-Apr-2026,31-Dec-2026,116.164,1.02747
24-Apr-2026,29-Jan-2027,77.4424,23.4213
24-Apr-2026,29-Jan-2027,82.2825,19.3958
24-Apr-2026,29-Jan-2027,87.1227,15.5952
24-Apr-2026,29-Jan-2027,91.9628,12.0778
24-Apr-2026,29-Jan-2027,96.803,8.91387
24-Apr-2026,29-Jan-2027,101.643,6.18679
24-Apr-2026,29-Jan-2027,106.483,3.98465
24-Apr-2026,29-Jan-2027,111.323,2.36873
24-Apr-2026,29-Jan-2027,116.164,1.3171
24-Apr-2026,26-Feb-2027,77.4424,23.8753
24-Apr-2026,26-Feb-2027,82.2825,19.9006
24-Apr-2026,26-Feb-2027,87.1227,16.1448
24-Apr-2026,26-Feb-2027,91.9628,12.6603
24-Apr-2026,26-Feb-2027,96.803,9.51037
24-Apr-2026,26-Feb-2027,101.643,6.76904
24-Apr-2026,26-Feb-2027,106.483,4.51495
24-Apr-2026,26-Feb-2027,111.323,2.80747
24-Apr-2026,26-Feb-2027,116.164,1.64206
27-Apr-2026,30-Apr-2026,77.3734,19.363
27-Apr-2026,30-Apr-2026,82.2092,14.5284
27-Apr-2026,30-Apr-2026,87.0451,9.69374
27-Apr-2026,30-Apr-2026,91.8809,4.85945
27-Apr-2026,30-Apr-2026,96.7167,0.583834
27-Apr-2026,30-Apr-2026,101.553,4.65273e-05
27-Apr-2026,30-Apr-2026,106.388,1.28097e-15
27-Apr-2026,30-Apr-2026,111.224,6.78643e-16
27-Apr-2026,30-Apr-2026,116.06,6.76467e-16
27-Apr-2026,08-May-2026,77.3734,19.4479
27-Apr-2026,08-May-2026,82.2092,14.6187
27-Apr-2026,08-May-2026,87.0451,9.79449
27-Apr-2026,08-May-2026,91.8809,5.09024
27-Apr-2026,08-May-2026,96.7167,1.39038
27-Apr-2026,08-May-2026,101.553,0.0845282
27-Apr-2026,08-May-2026,106.388,0.000354583
27-Apr-2026,08-May-2026,111.224,8.1362e-08
27-Apr-2026,08-May-2026,116.06,2.67565e-12
27-Apr-2026,15-May-2026,77.3734,19.5067
27-Apr-2026,15-May-2026,82.2092,14.6829
27-Apr-2026,15-May-2026,87.0451,9.88519
27-Apr-2026,15-May-2026,91.8809,5.31478
27-Apr-2026,15-May-2026,96.7167,1.7627
27-Apr-2026,15-May-2026,101.553,0.216685
27-Apr-2026,15-May-2026,106.388,0.00499838
27-Apr-2026,15-May-2026,111.224,1.9411e-05
27-Apr-2026,15-May-2026,116.06,2.31077e-08
27-Apr-2026,22-May-2026,77.3734,19.5795
27-Apr-2026,22-May-2026,82.2092,14.7685
27-Apr-2026,22-May-2026,87.0451,10.0233
27-Apr-2026,22-May-2026,91.8809,5.59565
27-Apr-2026,22-May-2026,96.7167,2.146
27-Apr-2026,22-May-2026,101.553,0.405062
27-Apr-2026,22-May-2026,106.388,0.0243925
27-Apr-2026,22-May-2026,111.224,0.000447851
27-Apr-2026,22-May-2026,116.06,3.77304e-06
27-Apr-2026,29-May-2026,77.3734,19.6409
27-Apr-2026,29-May-2026,82.2092,14.8467
27-Apr-2026,29-May-2026,87.0451,10.152
27-Apr-2026,29-May-2026,91.8809,5.82088
27-Apr-2026,29-May-2026,96.7167,2.42438
27-Apr-2026,29-May-2026,101.553,0.56684
27-Apr-2026,29-May-2026,106.388,0.0536182
27-Apr-2026,29-May-2026,111.224,0.0020116
27-Apr-2026,29-May-2026,116.06,4.14101e-05
27-Apr-2026,30-Jun-2026,77.3734,20.0057
27-Apr-2026,30-Jun-2026,82.2092,15.3463
27-Apr-2026,30-Jun-2026,87.0451,10.8974
27-Apr-2026,30-Jun-2026,91.8809,6.87583
27-Apr-2026,30-Jun-2026,96.7167,3.59831
27-Apr-2026,30-Jun-2026,101.553,1.39376
27-Apr-2026,30-Jun-2026,106.388,0.350426
27-Apr-2026,30-Jun-2026,111.224,0.0579801
27-Apr-2026,30-Jun-2026,116.06,0.00740813
27-Apr-2026,31-Jul-2026,77.3734,20.4193
27-Apr-2026,31-Jul-2026,82.2092,15.894
27-Apr-2026,31-Jul-2026,87.0451,11.615
27-Apr-2026,31-Jul-2026,91.8809,7.74719
27-Apr-2026,31-Jul-2026,96.7167,4.50738
27-Apr-2026,31-Jul-2026,101.553,2.13073
27-Apr-2026,31-Jul-2026,106.388,0.757708
27-Apr-2026,31-Jul-2026,111.224,0.205075
27-Apr-2026,31-Jul-2026,116.06,0.0470823
27-Apr-2026,31-Aug-2026,77.3734,20.8749
27-Apr-2026,31-Aug-2026,82.2092,16.4665
27-Apr-2026,31-Aug-2026,87.0451,12.3134
27-Apr-2026,31-Aug-2026,91.8809,8.54522
27-Apr-2026,31-Aug-2026,96.7167,5.32479
27-Apr-2026,31-Aug-2026,101.553,2.83651
27-Apr-2026,31-Aug-2026,106.388,1.22695
27-Apr-2026,31-Aug-2026,111.224,0.433519
27-Apr-2026,31-Aug-2026,116.06,0.135417
27-Apr-2026,30-Sep-2026,77.3734,21.3408
27-Apr-2026,30-Sep-2026,82.2092,17.0297
27-Apr-2026,30-Sep-2026,87.0451,12.9724
27-Apr-2026,30-Sep-2026,91.8809,9.27482
27-Apr-2026,30-Sep-2026,96.7167,6.0677
27-Apr-2026,30-Sep-2026,101.553,3.50316
27-Apr-2026,30-Sep-2026,106.388,1.71982
27-Apr-2026,30-Sep-2026,111.224,0.718805
27-Apr-2026,30-Sep-2026,116.06,0.271216
27-Apr-2026,30-Oct-2026,77.3734,21.8392
27-Apr-2026,30-Oct-2026,82.2092,17.6153
27-Apr-2026,30-Oct-2026,87.0451,13.6395
27-Apr-2026,30-Oct-2026,91.8809,10.0001
27-Apr-2026,30-Oct-2026,96.7167,6.80524
27-Apr-2026,30-Oct-2026,101.553,4.18294
27-Apr-2026,30-Oct-2026,106.388,2.25898
27-Apr-2026,30-Oct-2026,111.224,1.0696
27-Apr-2026,30-Oct-2026,116.06,0.463211
27-Apr-2026,30-Nov-2026,77.3734,22.3524
27-Apr-2026,30-Nov-2026,82.2092,18.2058
27-Apr-2026,30-Nov-2026,87.0451,14.2999
27-Apr-2026,30-Nov-2026,91.8809,10.7099
27-Apr-2026,30-Nov-2026,96.7167,7.52763
27-Apr-2026,30-Nov-2026,101.553,4.86226
27-Apr-2026,30-Nov-2026,106.388,2.82587
27-Apr-2026,30-Nov-2026,111.224,1.47186
27-Apr-2026,30-Nov-2026,116.06,0.707707
27-Apr-2026,31-Dec-2026,77.3734,22.8652
27-Apr-2026,31-Dec-2026,82.2092,18.7868
27-Apr-2026,31-Dec-2026,87.0451,14.9413
27-Apr-2026,31-Dec-2026,91.8809,11.3943
27-Apr-2026,31-Dec-2026,96.7167,8.22503
27-Apr-2026,31-Dec-2026,101.553,5.5281
27-Apr-2026,31-Dec-2026,106.388,3.40266
27-Apr-2026,31-Dec-2026,111.224,1.90881
27-Apr-2026,31-Dec-2026,116.06,0.995913
27-Apr-2026,29-Jan-2027,77.3734,23.3299
27-Apr-2026,29-Jan-2027,82.2092,19.3075
27-Apr-2026,29-Jan-2027,87.0451,15.5113
27-Apr-2026,29-Jan-2027,91.8809,11.9995
27-Apr-2026,29-Jan-2027,96.7167,8.84276
27-Apr-2026,29-Jan-2027,101.553,6.12454
27-Apr-2026,29-Jan-2027,106.388,3.93349
27-Apr-2026,29-Jan-2027,111.224,2.33079
27-Apr-2026,29-Jan-2027,116.06,1.29231
27-Apr-2026,26-Feb-2027,77.3734,23.7801
27-Apr-2026,26-Feb-2027,82.2092,19.808
27-Apr-2026,26-Feb-2027,87.0451,16.0556
27-Apr-2026,26-Feb-2027,91.8809,12.5757
27-Apr-2026,26-Feb-2027,96.7167,9.43169
27-Apr-2026,26-Feb-2027,101.553,6.698
27-Apr-2026,26-Feb-2027,106.388,4.45415
27-Apr-2026,26-Feb-2027,111.224,2.75986
27-Apr-2026,26-Feb-2027,116.06,1.60886
28-Apr-2026,30-Apr-2026,77.3617,19.3534
28-Apr-2026,30-Apr-2026,82.1968,14.5191
28-Apr-2026,30-Apr-2026,87.0319,9.68484
28-Apr-2026,30-Apr-2026,91.8671,4.85057
28-Apr-2026,30-Apr-2026,96.7022,0.48856
28-Apr-2026,30-Apr-2026,101.537,2.07179e-06
28-Apr-2026,30-Apr-2026,106.372,2.46364e-15
28-Apr-2026,30-Apr-2026,111.207,2.44724e-15
28-Apr-2026,30-Apr-2026,116.043,2.48052e-15
28-Apr-2026,08-May-2026,77.3617,19.4379
28-Apr-2026,08-May-2026,82.1968,14.6089
28-Apr-2026,08-May-2026,87.0319,9.78452
28-Apr-2026,08-May-2026,91.8671,5.07759
28-Apr-2026,08-May-2026,96.7022,1.38153
28-Apr-2026,08-May-2026,101.537,0.0850068
28-Apr-2026,08-May-2026,106.372,0.000378483
28-Apr-2026,08-May-2026,111.207,8.58626e-08
28-Apr-2026,08-May-2026,116.043,2.33037e-12
28-Apr-2026,15-May-2026,77.3617,19.4963
28-Apr-2026,15-May-2026,82.1968,14.6727
28-Apr-2026,15-May-2026,87.0319,9.8756
28-Apr-2026,15-May-2026,91.8671,5.31006
28-Apr-2026,15-May-2026,96.7022,1.77215
28-Apr-2026,15-May-2026,101.537,0.226665
28-Apr-2026,15-May-2026,106.372,0.00583383
28-Apr-2026,15-May-2026,111.207,2.52397e-05
28-Apr-2026,15-May-2026,116.043,3.08849e-08
28-Apr-2026,22-May-2026,77.3617,19.5687
28-Apr-2026,22-May-2026,82.1968,14.7584
28-Apr-2026,22-May-2026,87.0319,10.0166
28-Apr-2026,22-May-2026,91.8671,5.60113
28-Apr-2026,22-May-2026,96.7022,2.17071
28-Apr-2026,22-May-2026,101.537,0.4278
28-Apr-2026,22-May-2026,106.372,0.0286077
28-Apr-2026,22-May-2026,111.207,0.00059071
28-Apr-2026,22-May-2026,116.043,5.35515e-06
28-Apr-2026,29-May-2026,77.3617,19.6299
28-Apr-2026,29-May-2026,82.1968,14.8374
28-Apr-2026,29-May-2026,87.0319,10.1489
28-Apr-2026,29-May-2026,91.8671,5.83403
28-Apr-2026,29-May-2026,96.7022,2.45881
28-Apr-2026,29-May-2026,101.537,0.599415
28-Apr-2026,29-May-2026,106.372,0.0623716
28-Apr-2026,29-May-2026,111.207,0.00261099
28-Apr-2026,29-May-2026,116.043,5.81129e-05
28-Apr-2026,30-Jun-2026,77.3617,19.9984
28-Apr-2026,30-Jun-2026,82.1968,15.3477
28-Apr-2026,30-Jun-2026,87.0319,10.9157
28-Apr-2026,30-Jun-2026,91.8671,6.91925
28-Apr-2026,30-Jun-2026,96.7022,3.66688
28-Apr-2026,30-Jun-2026,101.537,1.46612
28-Apr-2026,30-Jun-2026,106.372,0.392047
28-Apr-2026,30-Jun-2026,111.207,0.0697028
28-Apr-2026,30-Jun-2026,116.043,0.00944616
28-Apr-2026,31-Jul-2026,77.3617,20.4197
28-Apr-2026,31-Jul-2026,82.1968,15.9086
28-Apr-2026,31-Jul-2026,87.0319,11.6511
28-Apr-2026,31-Jul-2026,91.8671,7.81119
28-Apr-2026,31-Jul-2026,96.7022,4.59799
28-Apr-2026,31-Jul-2026,101.537,2.22991
28-Apr-2026,31-Jul-2026,106.372,0.830442
28-Apr-2026,31-Jul-2026,111.207,0.237378
28-Apr-2026,31-Jul-2026,116.043,0.0570606
28-Apr-2026,31-Aug-2026,77.3617,20.8846
28-Apr-2026,31-Aug-2026,82.1968,16.4939
28-Apr-2026,31-Aug-2026,87.0319,12.3652
28-Apr-2026,31-Aug-2026,91.8671,8.62601
28-Apr-2026,31-Aug-2026,96.7022,5.43307
28-Apr-2026,31-Aug-2026,101.537,2.95686
28-Apr-2026,31-Aug-2026,106.372,1.32698
28-Apr-2026,31-Aug-2026,111.207,0.490274
28-Apr-2026,31-Aug-2026,116.043,0.159171
28-Apr-2026,30-Sep-2026,77.3617,21.3598
28-Apr-2026,30-Sep-2026,82.1968,17.0688
28-Apr-2026,30-Sep-2026,87.0319,13.0375
28-Apr-2026,30-Sep-2026,91.8671,9.36969
28-Apr-2026,30-Sep-2026,96.7022,6.19061
28-Apr-2026,30-Sep-2026,101.537,3.64067
28-Apr-2026,30-Sep-2026,106.372,1.84284
28-Apr-2026,30-Sep-2026,111.207,0.800117
28-Apr-2026,30-Sep-2026,116.043,0.312391
28-Apr-2026,30-Oct-2026,77.3617,21.8678
28-Apr-2026,30-Oct-2026,82.1968,17.6658
28-Apr-2026,30-Oct-2026,87.0319,13.7171
28-Apr-2026,30-Oct-2026,91.8671,10.1079
28-Apr-2026,30-Oct-2026,96.7022,6.94149
28-Apr-2026,30-Oct-2026,101.537,4.33581
28-Apr-2026,30-Oct-2026,106.372,2.40279
28-Apr-2026,30-Oct-2026,111.207,1.17576
28-Apr-2026,30-Oct-2026,116.043,0.525219
28-Apr-2026,30-Nov-2026,77.3617,22.3904
28-Apr-2026,30-Nov-2026,82.1968,18.2672
28-Apr-2026,30-Nov-2026,87.0319,14.3892
28-Apr-2026,30-Nov-2026,91.8671,10.8297
28-Apr-2026,30-Nov-2026,96.7022,7.67599
28-Apr-2026,30-Nov-2026,101.537,5.02883
28-Apr-2026,30-Nov-2026,106.372,2.98811
28-Apr-2026,30-Nov-2026,111.207,1.60172
28-Apr-2026,30-Nov-2026,116.043,0.792388
28-Apr-2026,31-Dec-2026,77.3617,22.9121
28-Apr-2026,31-Dec-2026,82.1968,18.8581
28-Apr-2026,31-Dec-2026,87.0319,15.0412
28-Apr-2026,31-Dec-2026,91.8671,11.5248
28-Apr-2026,31-Dec-2026,96.7022,8.38427
28-Apr-2026,31-Dec-2026,101.537,5.70682
28-Apr-2026,31-Dec-2026,106.372,3.58103
28-Apr-2026,31-Dec-2026,111.207,2.06031
28-Apr-2026,31-Dec-2026,116.043,1.10358
28-Apr-2026,29-Jan-2027,77.3617,23.3845
28-Apr-2026,29-Jan-2027,82.1968,19.3874
28-Apr-2026,29-Jan-2027,87.0319,15.6201
28-Apr-2026,29-Jan-2027,91.8671,12.139
28-Apr-2026,29-Jan-2027,96.7022,9.01107
28-Apr-2026,29-Jan-2027,101.537,6.31327
28-Apr-2026,29-Jan-2027,106.372,4.12493
28-Apr-2026,29-Jan-2027,111.207,2.50022
28-Apr-2026,29-Jan-2027,116.043,1.42053
28-Apr-2026,26-Feb-2027,77.3617,23.842
28-Apr-2026,26-Feb-2027,82.1968,19.8957
28-Apr-2026,26-Feb-2027,87.0319,16.1725
28-Apr-2026,26-Feb-2027,91.8671,12.7234
28-Apr-2026,26-Feb-2027,96.7022,9.60822
28-Apr-2026,26-Feb-2027,101.537,6.89571
28-Apr-2026,26-Feb-2027,106.372,4.65713
28-Apr-2026,26-Feb-2027,111.207,2.94523
28-Apr-2026,26-Feb-2027,116.043,1.75637
29-Apr-2026,30-Apr-2026,77.303,19.3322
29-Apr-2026,30-Apr-2026,86.9658,9.67016
29-Apr-2026,30-Apr-2026,91.7973,4.83913
29-Apr-2026,30-Apr-2026,96.6287,0.347227
29-Apr-2026,30-Apr-2026,101.46,9.65143e-09
29-Apr-2026,08-May-2026,77.303,19.4164
29-Apr-2026,08-May-2026,82.1344,14.5907
29-Apr-2026,08-May-2026,86.9658,9.76855
29-Apr-2026,08-May-2026,91.7973,5.05393
29-Apr-2026,08-May-2026,96.6287,1.34615
29-Apr-2026,08-May-2026,101.46,0.0767244
29-Apr-2026,08-May-2026,106.292,0.000285952
29-Apr-2026,08-May-2026,111.123,4.60328e-08
29-Apr-2026,08-May-2026,115.954,7.47926e-13
29-Apr-2026,15-May-2026,77.303,19.4747
29-Apr-2026,15-May-2026,82.1344,14.6541
29-Apr-2026,15-May-2026,86.9658,9.85806
29-Apr-2026,15-May-2026,91.7973,5.28842
29-Apr-2026,15-May-2026,96.6287,1.75062
29-Apr-2026,15-May-2026,101.46,0.21998
29-Apr-2026,15-May-2026,106.292,0.00548546
29-Apr-2026,15-May-2026,111.123,2.19313e-05
29-Apr-2026,15-May-2026,115.954,2.31337e-08
29-Apr-2026,22-May-2026,77.303,19.5468
29-Apr-2026,22-May-2026,82.1344,14.7392
29-Apr-2026,22-May-2026,86.9658,9.99879
29-Apr-2026,22-May-2026,91.7973,5.58425
29-Apr-2026,22-May-2026,96.6287,2.1599
29-Apr-2026,22-May-2026,101.46,0.426138
29-Apr-2026,22-May-2026,106.292,0.0287453
29-Apr-2026,22-May-2026,111.123,0.000590529
29-Apr-2026,22-May-2026,115.954,5.14628e-06
29-Apr-2026,29-May-2026,77.303,19.6078
29-Apr-2026,29-May-2026,82.1344,14.818
29-Apr-2026,29-May-2026,86.9658,10.132
29-Apr-2026,29-May-2026,91.7973,5.82124
29-Apr-2026,29-May-2026,96.6287,2.45467
29-Apr-2026,29-May-2026,101.46,0.60247
29-Apr-2026,29-May-2026,106.292,0.0638913
29-Apr-2026,29-May-2026,111.123,0.00271306
29-Apr-2026,29-May-2026,115.954,5.98558e-05
29-Apr-2026,30-Jun-2026,77.303,19.9769
29-Apr-2026,30-Jun-2026,82.1344,15.332
29-Apr-2026,30-Jun-2026,86.9658,10.9088
29-Apr-2026,30-Jun-2026,91.7973,6.92529
29-Apr-2026,30-Jun-2026,96.6287,3.68717
29-Apr-2026,30-Jun-2026,101.46,1.49297
29-Apr-2026,30-Jun-2026,106.292,0.409532
29-Apr-2026,30-Jun-2026,111.123,0.0749684
29-Apr-2026,30-Jun-2026,115.954,0.0103731
29-Apr-2026,31-Jul-2026,77.303,20.4021
29-Apr-2026,31-Jul-2026,82.1344,15.9003
29-Apr-2026,31-Jul-2026,86.9658,11.6559
29-Apr-2026,31-Jul-2026,91.7973,7.83268
29-Apr-2026,31-Jul-2026,96.6287,4.63653
29-Apr-2026,31-Jul-2026,101.46,2.27734
29-Apr-2026,31-Jul-2026,106.292,0.868209
29-Apr-2026,31-Jul-2026,111.123,0.255193
29-Apr-2026,31-Jul-2026,115.954,0.0627196
29-Apr-2026,31-Aug-2026,77.303,20.8728
29-Apr-2026,31-Aug-2026,82.1344,16.4944
29-Apr-2026,31-Aug-2026,86.9658,12.3819
29-Apr-2026,31-Aug-2026,91.7973,8.66213
29-Apr-2026,31-Aug-2026,96.6287,5.48859
29-Apr-2026,31-Aug-2026,101.46,3.02381
29-Apr-2026,31-Aug-2026,106.292,1.38629
29-Apr-2026,31-Aug-2026,111.123,0.525776
29-Apr-2026,31-Aug-2026,115.954,0.174496
29-Apr-2026,30-Sep-2026,77.303,21.3548
29-Apr-2026,30-Sep-2026,82.1344,17.0786
29-Apr-2026,30-Sep-2026,86.9658,13.066
29-Apr-2026,30-Sep-2026,91.7973,9.4198
29-Apr-2026,30-Sep-2026,96.6287,6.26213
29-Apr-2026,30-Sep-2026,101.46,3.72598
29-Apr-2026,30-Sep-2026,106.292,1.92331
29-Apr-2026,30-Sep-2026,111.123,0.855903
29-Apr-2026,30-Sep-2026,115.954,0.341558
29-Apr-2026,30-Oct-2026,77.303,21.8706
29-Apr-2026,30-Oct-2026,82.1344,17.6858
29-Apr-2026,30-Oct-2026,86.9658,13.7581
29-Apr-2026,30-Oct-2026,91.7973,10.1725
29-Apr-2026,30-Oct-2026,96.6287,7.02939
29-Apr-2026,30-Oct-2026,101.46,4.43976
29-Apr-2026,30-Oct-2026,106.292,2.50506
29-Apr-2026,30-Oct-2026,111.123,1.25453
29-Apr-2026,30-Oct-2026,115.954,0.572731
29-Apr-2026,30-Nov-2026,77.303,22.4019
29-Apr-2026,30-Nov-2026,82.1344,18.298
29-Apr-2026,30-Nov-2026,86.9658,14.443
29-Apr-2026,30-Nov-2026,91.7973,10.909
29-Apr-2026,30-Nov-2026,96.6287,7.78031
29-Apr-2026,30-Nov-2026,101.46,5.15129
29-Apr-2026,30-Nov-2026,106.292,3.11207
29-Apr-2026,30-Nov-2026,111.123,1.70473
29-Apr-2026,30-Nov-2026,115.954,0.861734
29-Apr-2026,31-Dec-2026,77.303,22.9327
29-Apr-2026,31-Dec-2026,82.1344,18.9
29-Apr-2026,31-Dec-2026,86.9658,15.1079
29-Apr-2026,31-Dec-2026,91.7973,11.6186
29-Apr-2026,31-Dec-2026,96.6287,8.50471
29-Apr-2026,31-Dec-2026,101.46,5.84727
29-Apr-2026,31-Dec-2026,106.292,3.726
29-Apr-2026,31-Dec-2026,111.123,2.1876
29-Apr-2026,31-Dec-2026,115.954,1.19685
29-Apr-2026,29-Jan-2027,77.303,23.4137
29-Apr-2026,29-Jan-2027,82.1344,19.4395
29-Apr-2026,29-Jan-2027,86.9658,15.6985
29-Apr-2026,29-Jan-2027,91.7973,12.246
29-Apr-2026,29-Jan-2027,96.6287,9.14592
29-Apr-2026,29-Jan-2027,101.46,6.46969
29-Apr-2026,29-Jan-2027,106.292,4.28842
29-Apr-2026,29-Jan-2027,111.123,2.64927
29-Apr-2026,29-Jan-2027,115.954,1.53664
29-Apr-2026,26-Feb-2027,77.303,23.8797
29-Apr-2026,26-Feb-2027,82.1344,19.9579
29-Apr-2026,26-Feb-2027,86.9658,16.2624
29-Apr-2026,26-Feb-2027,91.7973,12.8431
29-Apr-2026,26-Feb-2027,96.6287,9.75689
29-Apr-2026,26-Feb-2027,101.46,7.06734
29-Apr-2026,26-Feb-2027,106.292,4.83813
29-Apr-2026,26-Feb-2027,111.123,3.11501
29-Apr-2026,26-Feb-2027,115.954,1.89518
30-Apr-2026,08-May-2026,77.2169,19.3877
30-Apr-2026,08-May-2026,82.043,14.5669
30-Apr-2026,08-May-2026,86.8691,9.74847
30-Apr-2026,08-May-2026,91.6951,5.02264
30-Apr-2026,08-May-2026,96.5212,1.29043
30-Apr-2026,08-May-2026,101.347,0.0629615
30-Apr-2026,08-May-2026,106.173,0.00015814
30-Apr-2026,08-May-2026,110.999,1.3053e-08
30-Apr-2026,15-May-2026,77.2169,19.4454
30-Apr-2026,15-May-2026,82.043,14.6293
30-Apr-2026,15-May-2026,86.8691,9.8344
30-Apr-2026,15-May-2026,91.6951,5.25316
30-Apr-2026,15-May-2026,96.5212,1.70398
30-Apr-2026,15-May-2026,101.347,0.200438
30-Apr-2026,15-May-2026,106.173,0.00429098
30-Apr-2026,15-May-2026,110.999,1.33604e-05
30-Apr-2026,15-May-2026,115.825,1.0268e-08
30-Apr-2026,22-May-2026,77.2169,19.5167
30-Apr-2026,22-May-2026,82.043,14.7126
30-Apr-2026,22-May-2026,86.8691,9.9713
30-Apr-2026,22-May-2026,91.6951,5.54774
30-Apr-2026,22-May-2026,96.5212,2.11844
30-Apr-2026,22-May-2026,101.347,0.403695
30-Apr-2026,22-May-2026,106.173,0.0252848
30-Apr-2026,22-May-2026,110.999,0.000461835
30-Apr-2026,22-May-2026,115.825,3.47601e-06
30-Apr-2026,29-May-2026,77.2169,19.5768
30-Apr-2026,29-May-2026,82.043,14.7898
30-Apr-2026,29-May-2026,86.8691,10.1022
30-Apr-2026,29-May-2026,91.6951,5.78452
30-Apr-2026,29-May-2026,96.5212,2.41566
30-Apr-2026,29-May-2026,101.347,0.578925
30-Apr-2026,29-May-2026,106.173,0.0584869
30-Apr-2026,29-May-2026,110.999,0.0023039
30-Apr-2026,29-May-2026,115.825,4.63312e-05
30-Apr-2026,05-Jun-2026,77.2169,19.6546
30-Apr-2026,05-Jun-2026,82.043,14.8957
30-Apr-2026,05-Jun-2026,86.8691,10.2763
30-Apr-2026,05-Jun-2026,91.6951,6.06456
30-Apr-2026,05-Jun-2026,96.5212,2.74595
30-Apr-2026,05-Jun-2026,101.347,0.795067
30-Apr-2026,05-Jun-2026,106.173,0.117042
30-Apr-2026,05-Jun-2026,110.999,0.00833958
30-Apr-2026,05-Jun-2026,115.825,0.000355681
30-Apr-2026,30-Jun-2026,77.2169,19.9408
30-Apr-2026,30-Jun-2026,82.043,15.2971
30-Apr-2026,30-Jun-2026,86.8691,10.8734
30-Apr-2026,30-Jun-2026,91.6951,6.8891
30-Apr-2026,30-Jun-2026,96.5212,3.6535
30-Apr-2026,30-Jun-2026,101.347,1.4683
30-Apr-2026,30-Jun-2026,106.173,0.397566
30-Apr-2026,30-Jun-2026,110.999,0.0714425
30-Apr-2026,30-Jun-2026,115.825,0.00966897
30-Apr-2026,31-Jul-2026,77.2169,20.3621
30-Apr-2026,31-Jul-2026,82.043,15.8618
30-Apr-2026,31-Jul-2026,86.8691,11.6187
30-Apr-2026,31-Jul-2026,91.6951,7.79718
30-Apr-2026,31-Jul-2026,96.5212,4.60507
30-Apr-2026,31-Jul-2026,101.347,2.2534
30-Apr-2026,31-Jul-2026,106.173,0.854059
30-Apr-2026,31-Jul-2026,110.999,0.249032
30-Apr-2026,31-Jul-2026,115.825,0.0606237
30-Apr-2026,31-Aug-2026,77.2169,20.83
30-Apr-2026,31-Aug-2026,82.043,16.454
30-Apr-2026,31-Aug-2026,86.8691,12.3439
30-Apr-2026,31-Aug-2026,91.6951,8.62745
30-Apr-2026,31-Aug-2026,96.5212,5.45891
30-Apr-2026,31-Aug-2026,101.347,3.00123
30-Apr-2026,31-Aug-2026,106.173,1.37195
30-Apr-2026,31-Aug-2026,110.999,0.518349
30-Apr-2026,31-Aug-2026,115.825,0.171227
30-Apr-2026,30-Sep-2026,77.2169,21.3101
30-Apr-2026,30-Sep-2026,82.043,17.037
30-Apr-2026,30-Sep-2026,86.8691,13.0279
30-Apr-2026,30-Sep-2026,91.6951,9.3861
30-Apr-2026,30-Sep-2026,96.5212,6.23416
30-Apr-2026,30-Sep-2026,101.347,3.7051
30-Apr-2026,30-Sep-2026,106.173,1.90987
30-Apr-2026,30-Sep-2026,110.999,0.848464
30-Apr-2026,30-Sep-2026,115.825,0.337832
30-Apr-2026,30-Oct-2026,77.2169,21.8246
30-Apr-2026,30-Oct-2026,82.043,17.6436
30-Apr-2026,30-Oct-2026,86.8691,13.7203
30-Apr-2026,30-Oct-2026,91.6951,10.14
30-Apr-2026,30-Oct-2026,96.5212,7.00332
30-Apr-2026,30-Oct-2026,101.347,4.42094
30-Apr-2026,30-Oct-2026,106.173,2.4933
30-Apr-2026,30-Oct-2026,110.999,1.24809
30-Apr-2026,30-Oct-2026,115.825,0.569387
30-Apr-2026,30-Nov-2026,77.2169,22.3551
30-Apr-2026,30-Nov-2026,82.043,18.2557
30-Apr-2026,30-Nov-2026,86.8691,14.4059
30-Apr-2026,30-Nov-2026,91.6951,10.8779
30-Apr-2026,30-Nov-2026,96.5212,7.7563
30-Apr-2026,30-Nov-2026,101.347,5.13478
30-Apr-2026,30-Nov-2026,106.173,3.10251
30-Apr-2026,30-Nov-2026,110.999,1.70011
30-Apr-2026,30-Nov-2026,115.825,0.859647
30-Apr-2026,31-Dec-2026,77.2169,22.8854
30-Apr-2026,31-Dec-2026,82.043,18.8579
30-Apr-2026,31-Dec-2026,86.8691,15.0717
30-Apr-2026,31-Dec-2026,91.6951,11.5892
30-Apr-2026,31-Dec-2026,96.5212,8.48286
30-Apr-2026,31-Dec-2026,101.347,5.83323
30-Apr-2026,31-Dec-2026,106.173,3.71894
30-Apr-2026,31-Dec-2026,110.999,2.18535
30-Apr-2026,31-Dec-2026,115.825,1.19676
30-Apr-2026,29-Jan-2027,77.2169,23.3664
30-Apr-2026,29-Jan-2027,82.043,19.3979
30-Apr-2026,29-Jan-2027,86.8691,15.6634
30-Apr-2026,29-Jan-2027,91.6951,12.2182
30-Apr-2026,29-Jan-2027,96.5212,9.12613
30-Apr-2026,29-Jan-2027,101.347,6.45797
30-Apr-2026,29-Jan-2027,106.173,4.28382
30-Apr-2026,29-Jan-2027,110.999,2.64951
30-Apr-2026,29-Jan-2027,115.825,1.53887
30-Apr-2026,26-Feb-2027,77.2169,23.8326
30-Apr-2026,26-Feb-2027,82.043,19.917
30-Apr-2026,26-Feb-2027,86.8691,16.2285
30-Apr-2026,26-Feb-2027,91.6951,12.817
30-Apr-2026,26-Feb-2027,96.5212,9.73916
30-Apr-2026,26-Feb-2027,101.347,7.05795
30-Apr-2026,26-Feb-2027,106.173,4.83602
30-Apr-2026,26-Feb-2027,110.999,3.11786
30-Apr-2026,26-Feb-2027,115.825,1.90003
30-Apr-2026,31-Mar-2027,77.2169,24.3527
30-Apr-2026,31-Mar-2027,82.043,20.4921
30-Apr-2026,31-Mar-2027,86.8691,16.8515
30-Apr-2026,31-Mar-2027,91.6951,13.4753
30-Apr-2026,31-Mar-2027,96.5212,10.4139
30-Apr-2026,31-Mar-2027,101.347,7.72266
30-Apr-2026,31-Mar-2027,106.173,5.45696
30-Apr-2026,31-Mar-2027,110.999,3.65871
30-Apr-2026,31-Mar-2027,115.825,2.33358
04-May-2026,08-May-2026,76.6617,19.1909
04-May-2026,08-May-2026,81.4531,14.4012
04-May-2026,08-May-2026,86.2444,9.61139
04-May-2026,08-May-2026,91.0358,4.82444
04-May-2026,08-May-2026,95.8271,0.718768
04-May-2026,08-May-2026,100.619,0.000970356
04-May-2026,08-May-2026,105.41,1.15507e-10
04-May-2026,15-May-2026,76.6617,19.261
04-May-2026,15-May-2026,81.4531,14.4757
04-May-2026,15-May-2026,86.2444,9.69642
04-May-2026,15-May-2026,91.0358,5.05028
04-May-2026,15-May-2026,95.8271,1.42563
04-May-2026,15-May-2026,100.619,0.105231
04-May-2026,15-May-2026,105.41,0.000770164
04-May-2026,15-May-2026,110.201,3.61831e-07
04-May-2026,15-May-2026,114.993,1.99778e-11
04-May-2026,22-May-2026,76.6617,19.3183
04-May-2026,22-May-2026,81.4531,14.5389
04-May-2026,22-May-2026,86.2444,9.79144
04-May-2026,22-May-2026,91.0358,5.29594
04-May-2026,22-May-2026,95.8271,1.82828
04-May-2026,22-May-2026,100.619,0.26633
04-May-2026,22-May-2026,105.41,0.00947868
04-May-2026,22-May-2026,110.201,6.50066e-05
04-May-2026,22-May-2026,114.993,1.24183e-07
04-May-2026,29-May-2026,76.6617,19.3896
04-May-2026,29-May-2026,81.4531,14.6255
04-May-2026,29-May-2026,86.2444,9.93988
04-May-2026,29-May-2026,91.0358,5.60028
04-May-2026,29-May-2026,95.8271,2.2391
04-May-2026,29-May-2026,100.619,0.488168
04-May-2026,29-May-2026,105.41,0.0412137
04-May-2026,29-May-2026,110.201,0.00117386
04-May-2026,29-May-2026,114.993,1.44862e-05
04-May-2026,05-Jun-2026,76.6617,19.4506
04-May-2026,05-Jun-2026,81.4531,14.7067
04-May-2026,05-Jun-2026,86.2444,10.0789
04-May-2026,05-Jun-2026,91.0358,5.84243
04-May-2026,05-Jun-2026,95.8271,2.53609
04-May-2026,05-Jun-2026,100.619,0.674591
04-May-2026,05-Jun-2026,105.41,0.0850634
04-May-2026,05-Jun-2026,110.201,0.00461814
04-May-2026,05-Jun-2026,114.993,0.000131677
04-May-2026,30-Jun-2026,76.6617,19.7259
04-May-2026,30-Jun-2026,81.4531,15.0967
04-May-2026,30-Jun-2026,86.2444,10.6818
04-May-2026,30-Jun-2026,91.0358,6.71169
04-May-2026,30-Jun-2026,95.8271,3.51189
04-May-2026,30-Jun-2026,100.619,1.38532
04-May-2026,30-Jun-2026,105.41,0.365278
04-May-2026,30-Jun-2026,110.201,0.0621898
04-May-2026,30-Jun-2026,114.993,0.00763495
04-May-2026,31-Jul-2026,76.6617,20.1429
04-May-2026,31-Jul-2026,81.4531,15.6649
04-May-2026,31-Jul-2026,86.2444,11.4464
04-May-2026,31-Jul-2026,91.0358,7.65752
04-May-2026,31-Jul-2026,95.8271,4.50924
04-May-2026,31-Jul-2026,100.619,2.20566
04-May-2026,31-Jul-2026,105.41,0.838861
04-May-2026,31-Jul-2026,110.201,0.244047
04-May-2026,31-Jul-2026,114.993,0.0581823
04-May-2026,31-Aug-2026,76.6617,20.6134
04-May-2026,31-Aug-2026,81.4531,16.2668
04-May-2026,31-Aug-2026,86.2444,12.1906
04-May-2026,31-Aug-2026,91.0358,8.51477
04-May-2026,31-Aug-2026,95.8271,5.39279
04-May-2026,31-Aug-2026,100.619,2.97943
04-May-2026,31-Aug-2026,105.41,1.37648
04-May-2026,31-Aug-2026,110.201,0.525881
04-May-2026,31-Aug-2026,114.993,0.17399
04-May-2026,30-Sep-2026,76.6617,21.0994
04-May-2026,30-Sep-2026,81.4531,16.8608
04-May-2026,30-Sep-2026,86.2444,12.8909
04-May-2026,30-Sep-2026,91.0358,9.29364
04-May-2026,30-Sep-2026,95.8271,6.18927
04-May-2026,30-Sep-2026,100.619,3.70288
04-May-2026,30-Sep-2026,105.41,1.93223
04-May-2026,30-Sep-2026,110.201,0.871372
04-May-2026,30-Sep-2026,114.993,0.350453
04-May-2026,30-Oct-2026,76.6617,21.6451
04-May-2026,30-Oct-2026,81.4531,17.5065
04-May-2026,30-Oct-2026,86.2444,13.6295
04-May-2026,30-Oct-2026,91.0358,10.0987
04-May-2026,30-Oct-2026,95.8271,7.01052
04-May-2026,30-Oct-2026,100.619,4.46788
04-May-2026,30-Oct-2026,105.41,2.5596
04-May-2026,30-Oct-2026,110.201,1.30769
04-May-2026,30-Oct-2026,114.993,0.608052
04-May-2026,30-Nov-2026,76.6617,22.1596
04-May-2026,30-Nov-2026,81.4531,18.1014
04-May-2026,30-Nov-2026,86.2444,14.2966
04-May-2026,30-Nov-2026,91.0358,10.8167
04-May-2026,30-Nov-2026,95.8271,7.74287
04-May-2026,30-Nov-2026,100.619,5.16269
04-May-2026,30-Nov-2026,105.41,3.15576
04-May-2026,30-Nov-2026,110.201,1.75606
04-May-2026,30-Nov-2026,114.993,0.901447
04-May-2026,31-Dec-2026,76.6617,22.7216
04-May-2026,31-Dec-2026,81.4531,18.7404
04-May-2026,31-Dec-2026,86.2444,15.0034
04-May-2026,31-Dec-2026,91.0358,11.5714
04-May-2026,31-Dec-2026,95.8271,8.5134
04-May-2026,31-Dec-2026,100.619,5.9038
04-May-2026,31-Dec-2026,105.41,3.81274
04-May-2026,31-Dec-2026,110.201,2.27918
04-May-2026,31-Dec-2026,114.993,1.27133
04-May-2026,29-Jan-2027,76.6617,23.1856
04-May-2026,29-Jan-2027,81.4531,19.2616
04-May-2026,29-Jan-2027,86.2444,15.5745
04-May-2026,29-Jan-2027,91.0358,12.1782
04-May-2026,29-Jan-2027,95.8271,9.13351
04-May-2026,29-Jan-2027,100.619,6.50634
04-May-2026,29-Jan-2027,105.41,4.35957
04-May-2026,29-Jan-2027,110.201,2.73293
04-May-2026,29-Jan-2027,114.993,1.61117
04-May-2026,26-Feb-2027,76.6617,23.6581
04-May-2026,26-Feb-2027,81.4531,19.7879
04-May-2026,26-Feb-2027,86.2444,16.1474
04-May-2026,26-Feb-2027,91.0358,12.7849
04-May-2026,26-Feb-2027,95.8271,9.75427
04-May-2026,26-Feb-2027,100.619,7.11399
04-May-2026,26-Feb-2027,105.41,4.9204
04-May-2026,26-Feb-2027,110.201,3.21228
04-May-2026,26-Feb-2027,114.993,1.98575
04-May-2026,31-Mar-2027,76.6617,24.2081
04-May-2026,31-Mar-2027,81.4531,20.3961
04-May-2026,31-Mar-2027,86.2444,16.806
04-May-2026,31-Mar-2027,91.0358,13.4803
04-May-2026,31-Mar-2027,95.8271,10.4666
04-May-2026,31-Mar-2027,100.619,7.81591
04-May-2026,31-Mar-2027,105.41,5.57787
04-May-2026,31-Mar-2027,110.201,3.78902
04-May-2026,31-Mar-2027,114.993,2.4539
05-May-2026,08-May-2026,76.9076,19.2459
05-May-2026,08-May-2026,81.7143,14.4403
05-May-2026,08-May-2026,86.5211,9.63478
05-May-2026,08-May-2026,91.3278,4.8299
05-May-2026,08-May-2026,96.1345,0.62367
05-May-2026,08-May-2026,100.941,0.000170236
05-May-2026,08-May-2026,105.748,1.67177e-13
05-May-2026,08-May-2026,110.555,6.29082e-16
05-May-2026,08-May-2026,115.361,6.17337e-16
05-May-2026,15-May-2026,76.9076,19.3153
05-May-2026,15-May-2026,81.7143,14.5142
05-May-2026,15-May-2026,86.5211,9.71782
05-May-2026,15-May-2026,91.3278,5.04408
05-May-2026,15-May-2026,96.1345,1.39333
05-May-2026,15-May-2026,100.941,0.0957377
05-May-2026,15-May-2026,105.748,0.000601416
05-May-2026,15-May-2026,110.555,2.11879e-07
05-May-2026,15-May-2026,115.361,7.37434e-12
05-May-2026,22-May-2026,76.9076,19.3722
05-May-2026,22-May-2026,81.7143,14.5767
05-May-2026,22-May-2026,86.5211,9.81176
05-May-2026,22-May-2026,91.3278,5.29766
05-May-2026,22-May-2026,96.1345,1.82269
05-May-2026,22-May-2026,100.941,0.266415
05-May-2026,22-May-2026,105.748,0.00975677
05-May-2026,22-May-2026,110.555,6.84492e-05
05-May-2026,22-May-2026,115.361,1.24935e-07
05-May-2026,29-May-2026,76.9076,19.4429
05-May-2026,29-May-2026,81.7143,14.6632
05-May-2026,29-May-2026,86.5211,9.96395
05-May-2026,29-May-2026,91.3278,5.61931
05-May-2026,29-May-2026,96.1345,2.26454
05-May-2026,29-May-2026,100.941,0.510918
05-May-2026,29-May-2026,105.748,0.0472422
05-May-2026,29-May-2026,110.555,0.00152292
05-May-2026,29-May-2026,115.361,2.05538e-05
05-May-2026,05-Jun-2026,76.9076,19.5038
05-May-2026,05-Jun-2026,81.7143,14.7458
05-May-2026,05-Jun-2026,86.5211,10.1101
05-May-2026,05-Jun-2026,91.3278,5.8791
05-May-2026,05-Jun-2026,96.1345,2.58775
05-May-2026,05-Jun-2026,100.941,0.721285
05-May-2026,05-Jun-2026,105.748,0.10172
05-May-2026,05-Jun-2026,110.555,0.00645169
05-May-2026,05-Jun-2026,115.361,0.000209952
05-May-2026,30-Jun-2026,76.9076,19.7872
05-May-2026,30-Jun-2026,81.7143,15.1598
05-May-2026,30-Jun-2026,86.5211,10.765
05-May-2026,30-Jun-2026,91.3278,6.83493
05-May-2026,30-Jun-2026,96.1345,3.67709
05-May-2026,30-Jun-2026,100.941,1.55216
05-May-2026,30-Jun-2026,105.748,0.46925
05-May-2026,30-Jun-2026,110.555,0.096539
05-May-2026,30-Jun-2026,115.361,0.0141987
05-May-2026,31-Jul-2026,76.9076,20.2394
05-May-2026,31-Jul-2026,81.7143,15.7914
05-May-2026,31-Jul-2026,86.5211,11.6276
05-May-2026,31-Jul-2026,91.3278,7.9133
05-May-2026,31-Jul-2026,96.1345,4.83603
05-May-2026,31-Jul-2026,100.941,2.55425
05-May-2026,31-Jul-2026,105.748,1.1169
05-May-2026,31-Jul-2026,110.555,0.393682
05-May-2026,31-Jul-2026,115.361,0.113782
05-May-2026,31-Aug-2026,76.9076,20.7707
05-May-2026,31-Aug-2026,81.7143,16.4836
05-May-2026,31-Aug-2026,86.5211,12.4938
05-May-2026,31-Aug-2026,91.3278,8.92263
05-May-2026,31-Aug-2026,96.1345,5.89845
05-May-2026,31-Aug-2026,100.941,3.53008
05-May-2026,31-Aug-2026,105.748,1.86743
05-May-2026,31-Aug-2026,110.555,0.859165
05-May-2026,31-Aug-2026,115.361,0.345533
05-May-2026,30-Sep-2026,76.9076,21.3358
05-May-2026,30-Sep-2026,81.7143,17.1847
05-May-2026,30-Sep-2026,86.5211,13.3295
05-May-2026,30-Sep-2026,91.3278,9.86334
05-May-2026,30-Sep-2026,96.1345,6.88069
05-May-2026,30-Sep-2026,100.941,4.46165
05-May-2026,30-Sep-2026,105.748,2.64976
05-May-2026,30-Sep-2026,110.555,1.42609
05-May-2026,30-Sep-2026,115.361,0.695956
05-May-2026,30-Oct-2026,76.9076,21.9858
05-May-2026,30-Oct-2026,81.7143,17.9637
05-May-2026,30-Oct-2026,86.5211,14.2298
05-May-2026,30-Oct-2026,91.3278,10.8562
05-May-2026,30-Oct-2026,96.1345,7.91332
05-May-2026,30-Oct-2026,100.941,5.46103
05-May-2026,30-Oct-2026,105.748,3.535
05-May-2026,30-Oct-2026,110.555,2.13141
05-May-2026,30-Oct-2026,115.361,1.19579
05-May-2026,30-Nov-2026,76.9076,22.6111
05-May-2026,30-Nov-2026,81.7143,18.6947
05-May-2026,30-Nov-2026,86.5211,15.0572
05-May-2026,30-Nov-2026,91.3278,11.7564
05-May-2026,30-Nov-2026,96.1345,8.8477
05-May-2026,30-Nov-2026,100.941,6.37765
05-May-2026,30-Nov-2026,105.748,4.37553
05-May-2026,30-Nov-2026,110.555,2.84333
05-May-2026,30-Nov-2026,115.361,1.74761
05-May-2026,31-Dec-2026,76.9076,23.3057
05-May-2026,31-Dec-2026,81.7143,19.492
05-May-2026,31-Dec-2026,86.5211,15.9464
05-May-2026,31-Dec-2026,91.3278,12.7151
05-May-2026,31-Dec-2026,96.1345,9.84148
05-May-2026,31-Dec-2026,100.941,7.36181
05-May-2026,31-Dec-2026,105.748,5.29954
05-May-2026,31-Dec-2026,110.555,3.65898
05-May-2026,31-Dec-2026,115.361,2.4198
05-May-2026,29-Jan-2027,76.9076,23.8868
05-May-2026,29-Jan-2027,81.7143,20.1503
05-May-2026,29-Jan-2027,86.5211,16.6728
05-May-2026,29-Jan-2027,91.3278,13.4932
05-May-2026,29-Jan-2027,96.1345,10.6474
05-May-2026,29-Jan-2027,100.941,8.16528
05-May-2026,29-Jan-2027,105.748,6.06624
05-May-2026,29-Jan-2027,110.555,4.3551
05-May-2026,29-Jan-2027,115.361,3.01794
05-May-2026,26-Feb-2027,76.9076,24.4847
05-May-2026,26-Feb-2027,81.7143,20.8211
05-May-2026,26-Feb-2027,86.5211,17.4074
05-May-2026,26-Feb-2027,91.3278,14.2766
05-May-2026,26-Feb-2027,96.1345,11.4585
05-May-2026,26-Feb-2027,100.941,8.97757
05-May-2026,26-Feb-2027,105.748,6.85006
05-May-2026,26-Feb-2027,110.555,5.08057
05-May-2026,26-Feb-2027,115.361,3.65934
05-May-2026,31-Mar-2027,76.9076,25.1875
05-May-2026,31-Mar-2027,81.7143,21.6026
05-May-2026,31-Mar-2027,86.5211,18.2576
05-May-2026,31-Mar-2027,91.3278,15.1797
05-May-2026,31-Mar-2027,96.1345,12.393
05-May-2026,31-Mar-2027,100.941,9.91736
05-May-2026,31-Mar-2027,105.748,7.76559
05-May-2026,31-Mar-2027,110.555,5.9418
05-May-2026,31-Mar-2027,115.361,4.43922
06-May-2026,08-May-2026,76.6072,19.1645
06-May-2026,08-May-2026,81.3951,14.3774
06-May-2026,08-May-2026,86.1831,9.59021
06-May-2026,08-May-2026,90.971,4.80312
06-May-2026,08-May-2026,95.759,0.515599
06-May-2026,08-May-2026,100.547,9.45009e-06
06-May-2026,08-May-2026,105.335,1.64601e-15
06-May-2026,08-May-2026,110.123,1.66659e-15
06-May-2026,08-May-2026,114.911,1.66614e-15
06-May-2026,15-May-2026,76.6072,19.2345
06-May-2026,15-May-2026,81.3951,14.4517
06-May-2026,15-May-2026,86.1831,9.67286
06-May-2026,15-May-2026,90.971,5.00807
06-May-2026,15-May-2026,95.759,1.3616
06-May-2026,15-May-2026,100.547,0.0891976
06-May-2026,15-May-2026,105.335,0.000511068
06-May-2026,15-May-2026,110.123,1.48216e-07
06-May-2026,15-May-2026,114.911,3.57072e-12
06-May-2026,22-May-2026,76.6072,19.2917
06-May-2026,22-May-2026,81.3951,14.5144
06-May-2026,22-May-2026,86.1831,9.76647
06-May-2026,22-May-2026,90.971,5.26676
06-May-2026,22-May-2026,95.759,1.8079
06-May-2026,22-May-2026,100.547,0.264997
06-May-2026,22-May-2026,105.335,0.00990277
06-May-2026,22-May-2026,110.123,7.04845e-05
06-May-2026,22-May-2026,114.911,1.23422e-07
06-May-2026,29-May-2026,76.6072,19.3629
06-May-2026,29-May-2026,81.3951,14.6014
06-May-2026,29-May-2026,86.1831,9.92059
06-May-2026,29-May-2026,90.971,5.59616
06-May-2026,29-May-2026,95.759,2.26238
06-May-2026,29-May-2026,100.547,0.517966
06-May-2026,29-May-2026,105.335,0.0497852
06-May-2026,29-May-2026,110.123,0.00169017
06-May-2026,29-May-2026,114.911,2.35268e-05
06-May-2026,05-Jun-2026,76.6072,19.4241
06-May-2026,05-Jun-2026,81.3951,14.685
06-May-2026,05-Jun-2026,86.1831,10.0695
06-May-2026,05-Jun-2026,90.971,5.86183
06-May-2026,05-Jun-2026,95.759,2.59315
06-May-2026,05-Jun-2026,100.547,0.73498
06-May-2026,05-Jun-2026,105.335,0.107787
06-May-2026,05-Jun-2026,110.123,0.00722044
06-May-2026,05-Jun-2026,114.911,0.000245585
06-May-2026,30-Jun-2026,76.6072,19.7113
06-May-2026,30-Jun-2026,81.3951,15.1064
06-May-2026,30-Jun-2026,86.1831,10.7375
06-May-2026,30-Jun-2026,90.971,6.83576
06-May-2026,30-Jun-2026,95.759,3.70225
06-May-2026,30-Jun-2026,100.547,1.58663
06-May-2026,30-Jun-2026,105.335,0.493793
06-May-2026,30-Jun-2026,110.123,0.105884
06-May-2026,30-Jun-2026,114.911,0.0162448
06-May-2026,31-Jul-2026,76.6072,20.1716
06-May-2026,31-Jul-2026,81.3951,15.7498
06-May-2026,31-Jul-2026,86.1831,11.6149
06-May-2026,31-Jul-2026,90.971,7.92996
06-May-2026,31-Jul-2026,95.759,4.87698
06-May-2026,31-Jul-2026,100.547,2.60666
06-May-2026,31-Jul-2026,105.335,1.16305
06-May-2026,31-Jul-2026,110.123,0.421817
06-May-2026,31-Jul-2026,114.911,0.125846
06-May-2026,31-Aug-2026,76.6072,20.7122
06-May-2026,31-Aug-2026,81.3951,16.4533
06-May-2026,31-Aug-2026,86.1831,12.4934
06-May-2026,31-Aug-2026,90.971,8.9514
06-May-2026,31-Aug-2026,95.759,5.95118
06-May-2026,31-Aug-2026,100.547,3.59585
06-May-2026,31-Aug-2026,105.335,1.93102
06-May-2026,31-Aug-2026,110.123,0.907161
06-May-2026,31-Aug-2026,114.911,0.373838
06-May-2026,30-Sep-2026,76.6072,21.2862
06-May-2026,30-Sep-2026,81.3951,17.1643
06-May-2026,30-Sep-2026,86.1831,13.3392
06-May-2026,30-Sep-2026,90.971,9.90178
06-May-2026,30-Sep-2026,95.759,6.94273
06-May-2026,30-Sep-2026,100.547,4.53785
06-May-2026,30-Sep-2026,105.335,2.72707
06-May-2026,30-Sep-2026,110.123,1.49151
06-May-2026,30-Sep-2026,114.911,0.742057
06-May-2026,30-Oct-2026,76.6072,21.9454
06-May-2026,30-Oct-2026,81.3951,17.953
06-May-2026,30-Oct-2026,86.1831,14.2491
06-May-2026,30-Oct-2026,90.971,10.9035
06-May-2026,30-Oct-2026,95.759,7.98392
06-May-2026,30-Oct-2026,100.547,5.54668
06-May-2026,30-Oct-2026,105.335,3.6246
06-May-2026,30-Oct-2026,110.123,2.21313
06-May-2026,30-Oct-2026,114.911,1.26074
06-May-2026,30-Nov-2026,76.6072,22.5786
06-May-2026,30-Nov-2026,81.3951,18.6921
06-May-2026,30-Nov-2026,86.1831,15.0842
06-May-2026,30-Nov-2026,90.971,11.8109
06-May-2026,30-Nov-2026,95.759,8.92516
06-May-2026,30-Nov-2026,100.547,6.4708
06-May-2026,30-Nov-2026,105.335,4.47471
06-May-2026,30-Nov-2026,110.123,2.9379
06-May-2026,30-Nov-2026,114.911,1.82849
06-May-2026,31-Dec-2026,76.6072,23.281
06-May-2026,31-Dec-2026,81.3951,19.4972
06-May-2026,31-Dec-2026,86.1831,15.9808
06-May-2026,31-Dec-2026,90.971,12.7764
06-May-2026,31-Dec-2026,95.759,9.92547
06-May-2026,31-Dec-2026,100.547,7.46204
06-May-2026,31-Dec-2026,105.335,5.4076
06-May-2026,31-Dec-2026,110.123,3.76546
06-May-2026,31-Dec-2026,114.911,2.51596
06-May-2026,29-Jan-2027,76.6072,23.868
06-May-2026,29-Jan-2027,81.3951,20.1612
06-May-2026,29-Jan-2027,86.1831,16.7125
06-May-2026,29-Jan-2027,90.971,13.5595
06-May-2026,29-Jan-2027,95.759,10.7362
06-May-2026,29-Jan-2027,100.547,8.27068
06-May-2026,29-Jan-2027,105.335,6.18068
06-May-2026,29-Jan-2027,110.123,4.47007
06-May-2026,29-Jan-2027,114.911,3.12519
06-May-2026,26-Feb-2027,76.6072,24.4715
06-May-2026,26-Feb-2027,81.3951,20.8373
06-May-2026,26-Feb-2027,86.1831,17.4521
06-May-2026,26-Feb-2027,90.971,14.3475
06-May-2026,26-Feb-2027,95.759,11.5517
06-May-2026,26-Feb-2027,100.547,9.0877
06-May-2026,26-Feb-2027,105.335,6.97028
06-May-2026,26-Feb-2027,110.123,5.20317
06-May-2026,26-Feb-2027,114.911,3.77661
06-May-2026,31-Mar-2027,76.6072,25.1801
06-May-2026,31-Mar-2027,81.3951,21.6245
06-May-2026,31-Mar-2027,86.1831,18.3076
06-May-2026,31-Mar-2027,90.971,15.2554
06-May-2026,31-Mar-2027,95.759,12.4909
06-May-2026,31-Mar-2027,100.547,10.0324
06-May-2026,31-Mar-2027,105.335,7.89178
06-May-2026,31-Mar-2027,110.123,6.07219
06-May-2026,31-Mar-2027,114.911,4.56677
07-May-2026,08-May-2026,90.7079,4.78175
07-May-2026,08-May-2026,95.482,0.362886
07-May-2026,08-May-2026,100.256,3.84162e-09
07-May-2026,15-May-2026,76.3856,19.1736
07-May-2026,15-May-2026,81.1597,14.4044
07-May-2026,15-May-2026,85.9338,9.63782
07-May-2026,15-May-2026,90.7079,4.97015
07-May-2026,15-May-2026,95.482,1.30717
07-May-2026,15-May-2026,100.256,0.0750103
07-May-2026,15-May-2026,105.03,0.000312195
07-May-2026,15-May-2026,109.804,5.16605e-08
07-May-2026,15-May-2026,114.578,5.6809e-13
07-May-2026,22-May-2026,76.3856,19.2316
07-May-2026,22-May-2026,81.1597,14.4674
07-May-2026,22-May-2026,85.9338,9.72916
07-May-2026,22-May-2026,90.7079,5.22766
07-May-2026,22-May-2026,95.482,1.76659
07-May-2026,22-May-2026,100.256,0.24751
07-May-2026,22-May-2026,105.03,0.00839961
07-May-2026,22-May-2026,109.804,5.06247e-05
07-May-2026,22-May-2026,114.578,6.99148e-08
07-May-2026,29-May-2026,76.3856,19.3034
07-May-2026,29-May-2026,81.1597,14.5542
07-May-2026,29-May-2026,85.9338,9.88175
07-May-2026,29-May-2026,90.7079,5.55947
07-May-2026,29-May-2026,95.482,2.22997
07-May-2026,29-May-2026,100.256,0.50147
07-May-2026,29-May-2026,105.03,0.046591
07-May-2026,29-May-2026,109.804,0.00149243
07-May-2026,29-May-2026,114.578,1.90342e-05
07-May-2026,05-Jun-2026,76.3856,19.365
07-May-2026,05-Jun-2026,81.1597,14.6376
07-May-2026,05-Jun-2026,85.9338,10.0306
07-May-2026,05-Jun-2026,90.7079,5.82779
07-May-2026,05-Jun-2026,95.482,2.56594
07-May-2026,05-Jun-2026,100.256,0.720593
07-May-2026,05-Jun-2026,105.03,0.104028
07-May-2026,05-Jun-2026,109.804,0.00678186
07-May-2026,05-Jun-2026,114.578,0.0002207
07-May-2026,30-Jun-2026,76.3856,19.6538
07-May-2026,30-Jun-2026,81.1597,15.0608
07-May-2026,30-Jun-2026,85.9338,10.7032
07-May-2026,30-Jun-2026,90.7079,6.81239
07-May-2026,30-Jun-2026,95.482,3.68975
07-May-2026,30-Jun-2026,100.256,1.58307
07-May-2026,30-Jun-2026,105.03,0.49429
07-May-2026,30-Jun-2026,109.804,0.106436
07-May-2026,30-Jun-2026,114.578,0.0163442
07-May-2026,31-Jul-2026,76.3856,20.1182
07-May-2026,31-Jul-2026,81.1597,15.7104
07-May-2026,31-Jul-2026,85.9338,11.5899
07-May-2026,31-Jul-2026,90.7079,7.91926
07-May-2026,31-Jul-2026,95.482,4.87916
07-May-2026,31-Jul-2026,100.256,2.6175
07-May-2026,31-Jul-2026,105.03,1.17571
07-May-2026,31-Jul-2026,109.804,0.430473
07-May-2026,31-Jul-2026,114.578,0.129687
07-May-2026,31-Aug-2026,76.3856,20.665
07-May-2026,31-Aug-2026,81.1597,16.4222
07-May-2026,31-Aug-2026,85.9338,12.4789
07-May-2026,31-Aug-2026,90.7079,8.95314
07-May-2026,31-Aug-2026,95.482,5.96712
07-May-2026,31-Aug-2026,100.256,3.62118
07-May-2026,31-Aug-2026,105.03,1.95832
07-May-2026,31-Aug-2026,109.804,0.929092
07-May-2026,31-Aug-2026,114.578,0.387216
07-May-2026,30-Sep-2026,76.3856,21.2463
07-May-2026,30-Sep-2026,81.1597,17.1422
07-May-2026,30-Sep-2026,85.9338,13.3354
07-May-2026,30-Sep-2026,90.7079,9.91555
07-May-2026,30-Sep-2026,95.482,6.97172
07-May-2026,30-Sep-2026,100.256,4.57712
07-May-2026,30-Sep-2026,105.03,2.76926
07-May-2026,30-Sep-2026,109.804,1.52866
07-May-2026,30-Sep-2026,114.578,0.768974
07-May-2026,30-Oct-2026,76.3856,21.9144
07-May-2026,30-Oct-2026,81.1597,17.9414
07-May-2026,30-Oct-2026,85.9338,14.2571
07-May-2026,30-Oct-2026,90.7079,10.9303
07-May-2026,30-Oct-2026,95.482,8.02682
07-May-2026,30-Oct-2026,100.256,5.60085
07-May-2026,30-Oct-2026,105.03,3.683
07-May-2026,30-Oct-2026,109.804,2.26775
07-May-2026,30-Oct-2026,114.578,1.30508
07-May-2026,30-Nov-2026,76.3856,22.5563
07-May-2026,30-Nov-2026,81.1597,18.6904
07-May-2026,30-Nov-2026,85.9338,15.1032
07-May-2026,30-Nov-2026,90.7079,11.8496
07-May-2026,30-Nov-2026,95.482,8.98071
07-May-2026,30-Nov-2026,100.256,6.5385
07-May-2026,30-Nov-2026,105.03,4.54789
07-May-2026,30-Nov-2026,109.804,3.0088
07-May-2026,30-Nov-2026,114.578,1.89008
07-May-2026,31-Dec-2026,76.3856,23.2685
07-May-2026,31-Dec-2026,81.1597,19.5065
07-May-2026,31-Dec-2026,85.9338,16.0117
07-May-2026,31-Dec-2026,90.7079,12.8277
07-May-2026,31-Dec-2026,95.482,9.99443
07-May-2026,31-Dec-2026,100.256,7.54403
07-May-2026,31-Dec-2026,105.03,5.49637
07-May-2026,31-Dec-2026,109.804,3.85367
07-May-2026,31-Dec-2026,114.578,2.59647
07-May-2026,29-Jan-2027,76.3856,23.8638
07-May-2026,29-Jan-2027,81.1597,20.1796
07-May-2026,29-Jan-2027,85.9338,16.7532
07-May-2026,29-Jan-2027,90.7079,13.6211
07-May-2026,29-Jan-2027,95.482,10.816
07-May-2026,29-Jan-2027,100.256,8.36412
07-May-2026,29-Jan-2027,105.03,6.28192
07-May-2026,29-Jan-2027,109.804,4.57214
07-May-2026,29-Jan-2027,114.578,3.22106
07-May-2026,26-Feb-2027,76.3856,24.4757
07-May-2026,26-Feb-2027,81.1597,20.8649
07-May-2026,26-Feb-2027,85.9338,17.5026
07-May-2026,26-Feb-2027,90.7079,14.4193
07-May-2026,26-Feb-2027,95.482,11.6421
07-May-2026,26-Feb-2027,100.256,9.19249
07-May-2026,26-Feb-2027,105.03,7.08384
07-May-2026,26-Feb-2027,109.804,5.31891
07-May-2026,26-Feb-2027,114.578,3.88774
07-May-2026,31-Mar-2027,76.3856,25.1941
07-May-2026,31-Mar-2027,81.1597,21.6626
07-May-2026,31-Mar-2027,85.9338,18.3692
07-May-2026,31-Mar-2027,90.7079,15.3388
07-May-2026,31-Mar-2027,95.482,12.5935
07-May-2026,31-Mar-2027,100.256,10.1501
07-May-2026,31-Mar-2027,105.03,8.01921
07-May-2026,31-Mar-2027,109.804,6.20329
07-May-2026,31-Mar-2027,114.578,4.69506
08-May-2026,15-May-2026,75.9883,19.0642
08-May-2026,15-May-2026,80.7376,14.3192
08-May-2026,15-May-2026,85.4868,9.57587
08-May-2026,15-May-2026,90.2361,4.91707
08-May-2026,15-May-2026,94.9854,1.24697
08-May-2026,15-May-2026,99.7346,0.0617187
08-May-2026,15-May-2026,104.484,0.000179907
08-May-2026,15-May-2026,109.233,1.59064e-08
08-May-2026,15-May-2026,113.982,8.34933e-14
08-May-2026,22-May-2026,75.9883,19.1191
08-May-2026,22-May-2026,80.7376,14.3787
08-May-2026,22-May-2026,85.4868,9.66108
08-May-2026,22-May-2026,90.2361,5.16962
08-May-2026,22-May-2026,94.9854,1.71815
08-May-2026,22-May-2026,99.7346,0.22986
08-May-2026,22-May-2026,104.484,0.00708897
08-May-2026,22-May-2026,109.233,3.6249e-05
08-May-2026,22-May-2026,113.982,3.94176e-08
08-May-2026,29-May-2026,75.9883,19.1872
08-May-2026,29-May-2026,80.7376,14.4607
08-May-2026,29-May-2026,85.4868,9.80769
08-May-2026,29-May-2026,90.2361,5.50011
08-May-2026,29-May-2026,94.9854,2.1878
08-May-2026,29-May-2026,99.7346,0.483504
08-May-2026,29-May-2026,104.484,0.0435779
08-May-2026,29-May-2026,109.233,0.00132674
08-May-2026,29-May-2026,113.982,1.56324e-05
08-May-2026,05-Jun-2026,75.9883,19.2456
08-May-2026,05-Jun-2026,80.7376,14.5404
08-May-2026,05-Jun-2026,85.4868,9.95305
08-May-2026,05-Jun-2026,90.2361,5.76821
08-May-2026,05-Jun-2026,94.9854,2.52666
08-May-2026,05-Jun-2026,99.7346,0.703445
08-May-2026,05-Jun-2026,104.484,0.100286
08-May-2026,05-Jun-2026,109.233,0.00640517
08-May-2026,05-Jun-2026,113.982,0.000201111
08-May-2026,12-Jun-2026,75.9883,19.3085
08-May-2026,12-Jun-2026,80.7376,14.632
08-May-2026,12-Jun-2026,85.4868,10.1131
08-May-2026,12-Jun-2026,90.2361,6.03036
08-May-2026,12-Jun-2026,94.9854,2.83983
08-May-2026,12-Jun-2026,99.7346,0.926629
08-May-2026,12-Jun-2026,104.484,0.178386
08-May-2026,12-Jun-2026,109.233,0.0183192
08-May-2026,12-Jun-2026,113.982,0.00107284
08-May-2026,30-Jun-2026,75.9883,19.5227
08-May-2026,30-Jun-2026,80.7376,14.9525
08-May-2026,30-Jun-2026,85.4868,10.6186
08-May-2026,30-Jun-2026,90.2361,6.75302
08-May-2026,30-Jun-2026,94.9854,3.65598
08-May-2026,30-Jun-2026,99.7346,1.57041
08-May-2026,30-Jun-2026,104.484,0.492577
08-May-2026,30-Jun-2026,109.233,0.106871
08-May-2026,30-Jun-2026,113.982,0.0165116
08-May-2026,31-Jul-2026,75.9883,19.9767
08-May-2026,31-Jul-2026,80.7376,15.5945
08-May-2026,31-Jul-2026,85.4868,11.5018
08-May-2026,31-Jul-2026,90.2361,7.8606
08-May-2026,31-Jul-2026,94.9854,4.849
08-May-2026,31-Jul-2026,99.7346,2.61016
08-May-2026,31-Jul-2026,104.484,1.18063
08-May-2026,31-Jul-2026,109.233,0.437039
08-May-2026,31-Jul-2026,113.982,0.133347
08-May-2026,31-Aug-2026,75.9883,20.5167
08-May-2026,31-Aug-2026,80.7376,16.3022
08-May-2026,31-Aug-2026,85.4868,12.3896
08-May-2026,31-Aug-2026,90.2361,8.89571
08-May-2026,31-Aug-2026,94.9854,5.94004
08-May-2026,31-Aug-2026,99.7346,3.61877
08-May-2026,31-Aug-2026,104.484,1.9706
08-May-2026,31-Aug-2026,109.233,0.944741
08-May-2026,31-Aug-2026,113.982,0.39887
08-May-2026,30-Sep-2026,75.9883,21.0938
08-May-2026,30-Sep-2026,80.7376,17.0203
08-May-2026,30-Sep-2026,85.4868,13.2461
08-May-2026,30-Sep-2026,90.2361,9.85978
08-May-2026,30-Sep-2026,94.9854,6.94764
08-May-2026,30-Sep-2026,99.7346,4.5793
08-May-2026,30-Sep-2026,104.484,2.78848
08-May-2026,30-Sep-2026,109.233,1.55383
08-May-2026,30-Sep-2026,113.982,0.791041
08-May-2026,30-Oct-2026,75.9883,21.7592
08-May-2026,30-Oct-2026,80.7376,17.8187
08-May-2026,30-Oct-2026,85.4868,14.1688
08-May-2026,30-Oct-2026,90.2361,10.8767
08-May-2026,30-Oct-2026,94.9854,8.00611
08-May-2026,30-Oct-2026,99.7346,5.60784
08-May-2026,30-Oct-2026,104.484,3.70933
08-May-2026,30-Oct-2026,109.233,2.303
08-May-2026,30-Oct-2026,113.982,1.33953
08-May-2026,30-Nov-2026,75.9883,22.3999
08-May-2026,30-Nov-2026,80.7376,18.568
08-May-2026,30-Nov-2026,85.4868,15.0164
08-May-2026,30-Nov-2026,90.2361,11.7984
08-May-2026,30-Nov-2026,94.9854,8.9632
08-May-2026,30-Nov-2026,99.7346,6.54981
08-May-2026,30-Nov-2026,104.484,4.58037
08-May-2026,30-Nov-2026,109.233,3.05283
08-May-2026,30-Nov-2026,113.982,1.93593
08-May-2026,31-Dec-2026,75.9883,23.1118
08-May-2026,31-Dec-2026,80.7376,19.3851
08-May-2026,31-Dec-2026,85.4868,15.9269
08-May-2026,31-Dec-2026,90.2361,12.7794
08-May-2026,31-Dec-2026,94.9854,9.98044
08-May-2026,31-Dec-2026,99.7346,7.55987
08-May-2026,31-Dec-2026,104.484,5.53509
08-May-2026,31-Dec-2026,109.233,3.90648
08-May-2026,31-Dec-2026,113.982,2.65405
08-May-2026,29-Jan-2027,75.9883,23.7074
08-May-2026,29-Jan-2027,80.7376,20.0595
08-May-2026,29-Jan-2027,85.4868,16.6704
08-May-2026,29-Jan-2027,90.2361,13.5752
08-May-2026,29-Jan-2027,94.9854,10.8049
08-May-2026,29-Jan-2027,99.7346,8.38358
08-May-2026,29-Jan-2027,104.484,6.32546
08-May-2026,29-Jan-2027,109.233,4.63161
08-May-2026,29-Jan-2027,113.982,3.28764
08-May-2026,26-Feb-2027,75.9883,24.3202
08-May-2026,26-Feb-2027,80.7376,20.7464
08-May-2026,26-Feb-2027,85.4868,17.4219
08-May-2026,26-Feb-2027,90.2361,14.376
08-May-2026,26-Feb-2027,94.9854,11.634
08-May-2026,26-Feb-2027,99.7346,9.21553
08-May-2026,26-Feb-2027,104.484,7.13203
08-May-2026,26-Feb-2027,109.233,5.38472
08-May-2026,26-Feb-2027,113.982,3.96283
08-May-2026,31-Mar-2027,75.9883,25.04
08-May-2026,31-Mar-2027,80.7376,21.5462
08-May-2026,31-Mar-2027,85.4868,18.2911
08-May-2026,31-Mar-2027,90.2361,15.2986
08-May-2026,31-Mar-2027,94.9854,12.5888
08-May-2026,31-Mar-2027,99.7346,10.1771
08-May-2026,31-Mar-2027,104.484,8.07252
08-May-2026,31-Mar-2027,109.233,6.27593
08-May-2026,31-Mar-2027,113.982,4.77931
11-May-2026,15-May-2026,75.1093,18.8017
11-May-2026,15-May-2026,79.8037,14.1089
11-May-2026,15-May-2026,84.498,9.41612
11-May-2026,15-May-2026,89.1923,4.72768
11-May-2026,15-May-2026,93.8867,0.746595
11-May-2026,15-May-2026,98.581,0.0019628
11-May-2026,15-May-2026,103.275,2.12171e-09
11-May-2026,22-May-2026,75.1093,18.8688
11-May-2026,22-May-2026,79.8037,14.1804
11-May-2026,22-May-2026,84.498,9.50115
11-May-2026,22-May-2026,89.1923,4.98186
11-May-2026,22-May-2026,93.8867,1.49141
11-May-2026,22-May-2026,98.581,0.143492
11-May-2026,22-May-2026,103.275,0.0021402
11-May-2026,22-May-2026,107.97,3.11549e-06
11-May-2026,22-May-2026,112.664,5.67463e-10
11-May-2026,29-May-2026,75.1093,18.9238
11-May-2026,29-May-2026,79.8037,14.2426
11-May-2026,29-May-2026,84.498,9.60479
11-May-2026,29-May-2026,89.1923,5.25467
11-May-2026,29-May-2026,93.8867,1.92393
11-May-2026,29-May-2026,98.581,0.345026
11-May-2026,29-May-2026,103.275,0.0204412
11-May-2026,29-May-2026,107.97,0.000308396
11-May-2026,29-May-2026,112.664,1.34967e-06
11-May-2026,05-Jun-2026,75.1093,18.9932
11-May-2026,05-Jun-2026,79.8037,14.3323
11-May-2026,05-Jun-2026,84.498,9.77121
11-May-2026,05-Jun-2026,89.1923,5.59257
11-May-2026,05-Jun-2026,93.8867,2.37278
11-May-2026,05-Jun-2026,98.581,0.617872
11-May-2026,05-Jun-2026,103.275,0.0780859
11-May-2026,05-Jun-2026,107.97,0.00408716
11-May-2026,05-Jun-2026,112.664,9.54208e-05
11-May-2026,12-Jun-2026,75.1093,19.0541
11-May-2026,12-Jun-2026,79.8037,14.4198
11-May-2026,12-Jun-2026,84.498,9.92864
11-May-2026,12-Jun-2026,89.1923,5.8629
11-May-2026,12-Jun-2026,93.8867,2.70241
11-May-2026,12-Jun-2026,98.581,0.847005
11-May-2026,12-Jun-2026,103.275,0.152408
11-May-2026,12-Jun-2026,107.97,0.0140253
11-May-2026,12-Jun-2026,112.664,0.000694492
11-May-2026,30-Jun-2026,75.1093,19.263
11-May-2026,30-Jun-2026,79.8037,14.7343
11-May-2026,30-Jun-2026,84.498,10.4362
11-May-2026,30-Jun-2026,89.1923,6.6052
11-May-2026,30-Jun-2026,93.8867,3.54818
11-May-2026,30-Jun-2026,98.581,1.50728
11-May-2026,30-Jun-2026,103.275,0.465826
11-May-2026,30-Jun-2026,107.97,0.0987748
11-May-2026,30-Jun-2026,112.664,0.014656
11-May-2026,31-Jul-2026,75.1093,19.7141
11-May-2026,31-Jul-2026,79.8037,15.378
11-May-2026,31-Jul-2026,84.498,11.3305
11-May-2026,31-Jul-2026,89.1923,7.73448
11-May-2026,31-Jul-2026,93.8867,4.76709
11-May-2026,31-Jul-2026,98.581,2.56695
11-May-2026,31-Jul-2026,103.275,1.16403
11-May-2026,31-Jul-2026,107.97,0.432633
11-May-2026,31-Jul-2026,112.664,0.132213
11-May-2026,31-Aug-2026,75.1093,20.2565
11-May-2026,31-Aug-2026,79.8037,16.0919
11-May-2026,31-Aug-2026,84.498,12.229
11-May-2026,31-Aug-2026,89.1923,8.78374
11-May-2026,31-Aug-2026,93.8867,5.87311
11-May-2026,31-Aug-2026,98.581,3.589
11-May-2026,31-Aug-2026,103.275,1.96542
11-May-2026,31-Aug-2026,107.97,0.950066
11-May-2026,31-Aug-2026,112.664,0.404829
11-May-2026,30-Sep-2026,75.1093,20.8379
11-May-2026,30-Sep-2026,79.8037,16.8166
11-May-2026,30-Sep-2026,84.498,13.0942
11-May-2026,30-Sep-2026,89.1923,9.75758
11-May-2026,30-Sep-2026,93.8867,6.89052
11-May-2026,30-Sep-2026,98.581,4.5589
11-May-2026,30-Sep-2026,103.275,2.79284
11-May-2026,30-Sep-2026,107.97,1.56952
11-May-2026,30-Sep-2026,112.664,0.807239
11-May-2026,30-Oct-2026,75.1093,21.4788
11-May-2026,30-Oct-2026,79.8037,17.5866
11-May-2026,30-Oct-2026,84.498,13.9844
11-May-2026,30-Oct-2026,89.1923,10.7386
11-May-2026,30-Oct-2026,93.8867,7.91109
11-May-2026,30-Oct-2026,98.581,5.55045
11-May-2026,30-Oct-2026,103.275,3.68143
11-May-2026,30-Oct-2026,107.97,2.29471
11-May-2026,30-Oct-2026,112.664,1.3412
11-May-2026,30-Nov-2026,75.1093,22.1539
11-May-2026,30-Nov-2026,79.8037,18.3764
11-May-2026,30-Nov-2026,84.498,14.8777
11-May-2026,30-Nov-2026,89.1923,11.7096
11-May-2026,30-Nov-2026,93.8867,8.91887
11-May-2026,30-Nov-2026,98.581,6.54221
11-May-2026,30-Nov-2026,103.275,4.59938
11-May-2026,30-Nov-2026,107.97,3.08704
11-May-2026,30-Nov-2026,112.664,1.97455
11-May-2026,31-Dec-2026,75.1093,22.8399
11-May-2026,31-Dec-2026,79.8037,19.1636
11-May-2026,31-Dec-2026,84.498,15.7545
11-May-2026,31-Dec-2026,89.1923,12.6537
11-May-2026,31-Dec-2026,93.8867,9.8974
11-May-2026,31-Dec-2026,98.581,7.51383
11-May-2026,31-Dec-2026,103.275,5.51862
11-May-2026,31-Dec-2026,107.97,3.91095
11-May-2026,31-Dec-2026,112.664,2.67064
11-May-2026,29-Jan-2027,75.1093,23.4696
11-May-2026,29-Jan-2027,79.8037,19.8763
11-May-2026,29-Jan-2027,84.498,16.5398
11-May-2026,29-Jan-2027,89.1923,13.4937
11-May-2026,29-Jan-2027,93.8867,10.7673
11-May-2026,29-Jan-2027,98.581,8.38294
11-May-2026,29-Jan-2027,103.275,6.35323
11-May-2026,29-Jan-2027,107.97,4.67822
11-May-2026,29-Jan-2027,112.664,3.34343
11-May-2026,26-Feb-2027,75.1093,24.0855
11-May-2026,26-Feb-2027,79.8037,20.5661
11-May-2026,26-Feb-2027,84.498,17.2939
11-May-2026,26-Feb-2027,89.1923,14.2966
11-May-2026,26-Feb-2027,93.8867,11.5983
11-May-2026,26-Feb-2027,98.581,9.21693
11-May-2026,26-Feb-2027,103.275,7.16256
11-May-2026,26-Feb-2027,107.97,5.43551
11-May-2026,26-Feb-2027,112.664,4.02485
11-May-2026,31-Mar-2027,75.1093,24.7776
11-May-2026,31-Mar-2027,79.8037,21.3347
11-May-2026,31-Mar-2027,84.498,18.1286
11-May-2026,31-Mar-2027,89.1923,15.1821
11-May-2026,31-Mar-2027,93.8867,12.5144
11-May-2026,31-Mar-2027,98.581,10.1395
11-May-2026,31-Mar-2027,103.275,8.06551
11-May-2026,31-Mar-2027,107.97,6.29245
11-May-2026,31-Mar-2027,112.664,4.81198
12-May-2026,15-May-2026,75.2485,18.8309
12-May-2026,15-May-2026,79.9515,14.129
12-May-2026,15-May-2026,84.6545,9.42717
12-May-2026,15-May-2026,89.3576,4.72629
12-May-2026,15-May-2026,94.0606,0.63681
12-May-2026,15-May-2026,98.7636,0.00032423
12-May-2026,15-May-2026,103.467,2.67126e-12
12-May-2026,15-May-2026,108.17,1.50905e-15
12-May-2026,15-May-2026,112.873,1.53287e-15
12-May-2026,22-May-2026,75.2485,18.8996
12-May-2026,22-May-2026,79.9515,14.2022
12-May-2026,22-May-2026,84.6545,9.51106
12-May-2026,22-May-2026,89.3576,4.95795
12-May-2026,22-May-2026,94.0606,1.42463
12-May-2026,22-May-2026,98.7636,0.117435
12-May-2026,22-May-2026,103.467,0.00120522
12-May-2026,22-May-2026,108.17,9.29355e-07
12-May-2026,22-May-2026,112.873,7.44412e-11
12-May-2026,29-May-2026,75.2485,18.956
12-May-2026,29-May-2026,79.9515,14.2648
12-May-2026,29-May-2026,84.6545,9.61061
12-May-2026,29-May-2026,89.3576,5.22648
12-May-2026,29-May-2026,94.0606,1.86588
12-May-2026,29-May-2026,98.7636,0.310506
12-May-2026,29-May-2026,103.467,0.0155969
12-May-2026,29-May-2026,108.17,0.000179284
12-May-2026,29-May-2026,112.873,5.5482e-07
12-May-2026,05-Jun-2026,75.2485,19.0265
12-May-2026,05-Jun-2026,79.9515,14.3539
12-May-2026,05-Jun-2026,84.6545,9.77315
12-May-2026,05-Jun-2026,89.3576,5.56394
12-May-2026,05-Jun-2026,94.0606,2.32149
12-May-2026,05-Jun-2026,98.7636,0.579689
12-May-2026,05-Jun-2026,103.467,0.0672593
12-May-2026,05-Jun-2026,108.17,0.00307052
12-May-2026,05-Jun-2026,112.873,6.02892e-05
12-May-2026,12-Jun-2026,75.2485,19.088
12-May-2026,12-Jun-2026,79.9515,14.4405
12-May-2026,12-Jun-2026,84.6545,9.92881
12-May-2026,12-Jun-2026,89.3576,5.83552
12-May-2026,12-Jun-2026,94.0606,2.65579
12-May-2026,12-Jun-2026,98.7636,0.808523
12-May-2026,12-Jun-2026,103.467,0.137519
12-May-2026,12-Jun-2026,108.17,0.0115849
12-May-2026,12-Jun-2026,112.873,0.000512915
12-May-2026,30-Jun-2026,75.2485,19.2977
12-May-2026,30-Jun-2026,79.9515,14.754
12-May-2026,30-Jun-2026,84.6545,10.4366
12-May-2026,30-Jun-2026,89.3576,6.58522
12-May-2026,30-Jun-2026,94.0606,3.51461
12-May-2026,30-Jun-2026,98.7636,1.47468
12-May-2026,30-Jun-2026,103.467,0.446182
12-May-2026,30-Jun-2026,108.17,0.0916417
12-May-2026,30-Jun-2026,112.873,0.0130501
12-May-2026,31-Jul-2026,75.2485,19.7521
12-May-2026,31-Jul-2026,79.9515,15.4027
12-May-2026,31-Jul-2026,84.6545,11.3414
12-May-2026,31-Jul-2026,89.3576,7.73297
12-May-2026,31-Jul-2026,94.0606,4.75726
12-May-2026,31-Jul-2026,98.7636,2.55462
12-May-2026,31-Jul-2026,103.467,1.15406
12-May-2026,31-Jul-2026,108.17,0.426711
12-May-2026,31-Jul-2026,112.873,0.12944
12-May-2026,31-Aug-2026,75.2485,20.3024
12-May-2026,31-Aug-2026,79.9515,16.1284
12-May-2026,31-Aug-2026,84.6545,12.2569
12-May-2026,31-Aug-2026,89.3576,8.80493
12-May-2026,31-Aug-2026,94.0606,5.88977
12-May-2026,31-Aug-2026,98.7636,3.60296
12-May-2026,31-Aug-2026,103.467,1.97714
12-May-2026,31-Aug-2026,108.17,0.958769
12-May-2026,31-Aug-2026,112.873,0.409979
12-May-2026,30-Sep-2026,75.2485,20.8956
12-May-2026,30-Sep-2026,79.9515,16.8689
12-May-2026,30-Sep-2026,84.6545,13.1425
12-May-2026,30-Sep-2026,89.3576,9.8034
12-May-2026,30-Sep-2026,94.0606,6.93481
12-May-2026,30-Sep-2026,98.7636,4.60136
12-May-2026,30-Sep-2026,103.467,2.83146
12-May-2026,30-Sep-2026,108.17,1.60127
12-May-2026,30-Sep-2026,112.873,0.829928
12-May-2026,30-Oct-2026,75.2485,21.5522
12-May-2026,30-Oct-2026,79.9515,17.6585
12-May-2026,30-Oct-2026,84.6545,14.0564
12-May-2026,30-Oct-2026,89.3576,10.8118
12-May-2026,30-Oct-2026,94.0606,7.98543
12-May-2026,30-Oct-2026,98.7636,5.62427
12-May-2026,30-Oct-2026,103.467,3.75125
12-May-2026,30-Oct-2026,108.17,2.35595
12-May-2026,30-Oct-2026,112.873,1.3899
12-May-2026,30-Nov-2026,75.2485,22.2458
12-May-2026,30-Nov-2026,79.9515,18.4706
12-May-2026,30-Nov-2026,84.6545,14.9756
12-May-2026,30-Nov-2026,89.3576,11.8117
12-May-2026,30-Nov-2026,94.0606,9.02454
12-May-2026,30-Nov-2026,98.7636,6.64886
12-May-2026,30-Nov-2026,103.467,4.70267
12-May-2026,30-Nov-2026,108.17,3.18148
12-May-2026,30-Nov-2026,112.873,2.05491
12-May-2026,31-Dec-2026,75.2485,22.9523
12-May-2026,31-Dec-2026,79.9515,19.2816
12-May-2026,31-Dec-2026,84.6545,15.8793
12-May-2026,31-Dec-2026,89.3576,12.7853
12-May-2026,31-Dec-2026,94.0606,10.0346
12-May-2026,31-Dec-2026,98.7636,7.65353
12-May-2026,31-Dec-2026,103.467,5.65602
12-May-2026,31-Dec-2026,108.17,4.04008
12-May-2026,31-Dec-2026,112.873,2.78552
12-May-2026,29-Jan-2027,75.2485,23.6018
12-May-2026,29-Jan-2027,79.9515,20.0167
12-May-2026,29-Jan-2027,84.6545,16.6895
12-May-2026,29-Jan-2027,89.3576,13.6523
12-May-2026,29-Jan-2027,94.0606,10.9332
12-May-2026,29-Jan-2027,98.7636,8.5527
12-May-2026,29-Jan-2027,103.467,6.52183
12-May-2026,29-Jan-2027,108.17,4.83949
12-May-2026,29-Jan-2027,112.873,3.49102
12-May-2026,26-Feb-2027,75.2485,24.2376
12-May-2026,26-Feb-2027,79.9515,20.729
12-May-2026,26-Feb-2027,84.6545,17.4681
12-May-2026,26-Feb-2027,89.3576,14.4816
12-May-2026,26-Feb-2027,94.0606,11.792
12-May-2026,26-Feb-2027,98.7636,9.41578
12-May-2026,26-Feb-2027,103.467,7.36143
12-May-2026,26-Feb-2027,108.17,5.6282
12-May-2026,26-Feb-2027,112.873,4.20483
12-May-2026,31-Mar-2027,75.2485,24.9529
12-May-2026,31-Mar-2027,79.9515,21.5231
12-May-2026,31-Mar-2027,84.6545,18.3305
12-May-2026,31-Mar-2027,89.3576,15.3965
12-May-2026,31-Mar-2027,94.0606,12.739
12-May-2026,31-Mar-2027,98.7636,10.3707
12-May-2026,31-Mar-2027,103.467,8.29809
12-May-2026,31-Mar-2027,108.17,6.52025
12-May-2026,31-Mar-2027,112.873,5.02845
13-May-2026,15-May-2026,77.0326,19.2707
13-May-2026,15-May-2026,86.6617,9.64319
13-May-2026,15-May-2026,91.4762,4.82949
13-May-2026,15-May-2026,96.2907,0.513823
13-May-2026,15-May-2026,101.105,7.82656e-06
13-May-2026,22-May-2026,77.0326,19.3397
13-May-2026,22-May-2026,81.8471,14.5303
13-May-2026,22-May-2026,86.6617,9.72462
13-May-2026,22-May-2026,91.4762,5.0319
13-May-2026,22-May-2026,96.2907,1.36175
13-May-2026,22-May-2026,101.105,0.0874374
13-May-2026,22-May-2026,105.92,0.000476173
13-May-2026,22-May-2026,110.734,1.27478e-07
13-May-2026,22-May-2026,115.549,2.80971e-12
13-May-2026,29-May-2026,77.0326,19.3961
13-May-2026,29-May-2026,81.8471,14.5921
13-May-2026,29-May-2026,86.6617,9.81728
13-May-2026,29-May-2026,91.4762,5.29132
13-May-2026,29-May-2026,96.2907,1.81306
13-May-2026,29-May-2026,101.105,0.264633
13-May-2026,29-May-2026,105.92,0.00982301
13-May-2026,29-May-2026,110.734,6.92489e-05
13-May-2026,29-May-2026,115.549,1.19506e-07
13-May-2026,05-Jun-2026,77.0326,19.4663
13-May-2026,05-Jun-2026,81.8471,14.6782
13-May-2026,05-Jun-2026,86.6617,9.97159
13-May-2026,05-Jun-2026,91.4762,5.62479
13-May-2026,05-Jun-2026,96.2907,2.27599
13-May-2026,05-Jun-2026,101.105,0.523563
13-May-2026,05-Jun-2026,105.92,0.0510325
13-May-2026,05-Jun-2026,110.734,0.00177169
13-May-2026,05-Jun-2026,115.549,2.51655e-05
13-May-2026,12-Jun-2026,77.0326,19.5269
13-May-2026,12-Jun-2026,81.8471,14.7616
13-May-2026,12-Jun-2026,86.6617,10.1221
13-May-2026,12-Jun-2026,91.4762,5.89561
13-May-2026,12-Jun-2026,96.2907,2.61505
13-May-2026,12-Jun-2026,101.105,0.747961
13-May-2026,12-Jun-2026,105.92,0.112182
13-May-2026,12-Jun-2026,110.734,0.00778228
13-May-2026,12-Jun-2026,115.549,0.000273985
13-May-2026,30-Jun-2026,77.0326,19.7318
13-May-2026,30-Jun-2026,81.8471,15.0662
13-May-2026,30-Jun-2026,86.6617,10.6218
13-May-2026,30-Jun-2026,91.4762,6.64866
13-May-2026,30-Jun-2026,96.2907,3.48634
13-May-2026,30-Jun-2026,101.105,1.4113
13-May-2026,30-Jun-2026,105.92,0.400251
13-May-2026,30-Jun-2026,110.734,0.0746609
13-May-2026,30-Jun-2026,115.549,0.00948135
13-May-2026,31-Jul-2026,77.0326,20.1787
13-May-2026,31-Jul-2026,81.8471,15.7079
13-May-2026,31-Jul-2026,86.6617,11.5271
13-May-2026,31-Jul-2026,91.4762,7.81008
13-May-2026,31-Jul-2026,96.2907,4.75043
13-May-2026,31-Jul-2026,101.105,2.50167
13-May-2026,31-Jul-2026,105.92,1.09538
13-May-2026,31-Jul-2026,110.734,0.387405
13-May-2026,31-Jul-2026,115.549,0.111334
13-May-2026,31-Aug-2026,77.0326,20.7264
13-May-2026,31-Aug-2026,81.8471,16.4353
13-May-2026,31-Aug-2026,86.6617,12.4522
13-May-2026,31-Aug-2026,91.4762,8.90059
13-May-2026,31-Aug-2026,96.2907,5.90643
13-May-2026,31-Aug-2026,101.105,3.56878
13-May-2026,31-Aug-2026,105.92,1.923
13-May-2026,31-Aug-2026,110.734,0.909555
13-May-2026,31-Aug-2026,115.549,0.377197
13-May-2026,30-Sep-2026,77.0326,21.3219
13-May-2026,30-Sep-2026,81.8471,17.1832
13-May-2026,30-Sep-2026,86.6617,13.3519
13-May-2026,30-Sep-2026,91.4762,9.91984
13-May-2026,30-Sep-2026,96.2907,6.97589
13-May-2026,30-Sep-2026,101.105,4.58945
13-May-2026,30-Sep-2026,105.92,2.79096
13-May-2026,30-Sep-2026,110.734,1.55396
13-May-2026,30-Sep-2026,115.549,0.790159
13-May-2026,30-Oct-2026,77.0326,21.9852
13-May-2026,30-Oct-2026,81.8471,17.9848
13-May-2026,30-Oct-2026,86.6617,14.2838
13-May-2026,30-Oct-2026,91.4762,10.9518
13-May-2026,30-Oct-2026,96.2907,8.05315
13-May-2026,30-Oct-2026,101.105,5.63798
13-May-2026,30-Oct-2026,105.92,3.73061
13-May-2026,30-Oct-2026,110.734,2.31933
13-May-2026,30-Oct-2026,115.549,1.35157
13-May-2026,30-Nov-2026,77.0326,22.6892
13-May-2026,30-Nov-2026,81.8471,18.8123
13-May-2026,30-Nov-2026,86.6617,15.2237
13-May-2026,30-Nov-2026,91.4762,11.977
13-May-2026,30-Nov-2026,96.2907,9.12017
13-May-2026,30-Nov-2026,101.105,6.69015
13-May-2026,30-Nov-2026,105.92,4.70579
13-May-2026,30-Nov-2026,110.734,3.1619
13-May-2026,30-Nov-2026,115.549,2.02567
13-May-2026,31-Dec-2026,77.0326,23.4086
13-May-2026,31-Dec-2026,81.8471,19.6409
13-May-2026,31-Dec-2026,86.6617,16.1496
13-May-2026,31-Dec-2026,91.4762,12.9765
13-May-2026,31-Dec-2026,96.2907,10.1585
13-May-2026,31-Dec-2026,101.105,7.72316
13-May-2026,31-Dec-2026,105.92,5.68499
13-May-2026,31-Dec-2026,110.734,4.04153
13-May-2026,31-Dec-2026,115.549,2.77104
13-May-2026,29-Jan-2027,77.0326,24.0718
13-May-2026,29-Jan-2027,81.8471,20.3936
13-May-2026,29-Jan-2027,86.6617,16.9809
13-May-2026,29-Jan-2027,91.4762,13.8676
13-May-2026,29-Jan-2027,96.2907,11.083
13-May-2026,29-Jan-2027,101.105,8.64849
13-May-2026,29-Jan-2027,105.92,6.57543
13-May-2026,29-Jan-2027,110.734,4.86236
13-May-2026,29-Jan-2027,115.549,3.49352
13-May-2026,26-Feb-2027,77.0326,24.7222
13-May-2026,26-Feb-2027,81.8471,21.1238
13-May-2026,26-Feb-2027,86.6617,17.7806
13-May-2026,26-Feb-2027,91.4762,14.7206
13-May-2026,26-Feb-2027,96.2907,11.9671
13-May-2026,26-Feb-2027,101.105,9.53723
13-May-2026,26-Feb-2027,105.92,7.43969
13-May-2026,26-Feb-2027,110.734,5.67338
13-May-2026,26-Feb-2027,115.549,4.22622
13-May-2026,31-Mar-2027,77.0326,25.455
13-May-2026,31-Mar-2027,81.8471,21.9389
13-May-2026,31-Mar-2027,86.6617,18.6671
13-May-2026,31-Mar-2027,91.4762,15.6622
13-May-2026,31-Mar-2027,96.2907,12.9425
13-May-2026,31-Mar-2027,101.105,10.521
13-May-2026,31-Mar-2027,105.92,8.40447
13-May-2026,31-Mar-2027,110.734,6.59161
13-May-2026,31-Mar-2027,115.549,5.07302
14-May-2026,15-May-2026,76.5809,19.1516
14-May-2026,15-May-2026,81.3673,14.3657
14-May-2026,15-May-2026,86.1536,9.57978
14-May-2026,15-May-2026,90.9399,4.79387
14-May-2026,15-May-2026,95.7262,0.361818
14-May-2026,15-May-2026,100.512,3.9428e-09
14-May-2026,15-May-2026,105.299,1.8904e-15
14-May-2026,15-May-2026,110.085,2.09342e-15
14-May-2026,15-May-2026,114.871,2.08943e-15
14-May-2026,22-May-2026,76.5809,19.2216
14-May-2026,22-May-2026,81.3673,14.4401
14-May-2026,22-May-2026,86.1536,9.66121
14-May-2026,22-May-2026,90.9399,4.98089
14-May-2026,22-May-2026,95.7262,1.30756
14-May-2026,22-May-2026,100.512,0.0744818
14-May-2026,22-May-2026,105.299,0.000304781
14-May-2026,22-May-2026,110.085,4.91211e-08
14-May-2026,22-May-2026,114.871,5.1992e-13
14-May-2026,29-May-2026,76.5809,19.2789
14-May-2026,29-May-2026,81.3673,14.5024
14-May-2026,29-May-2026,86.1536,9.752
14-May-2026,29-May-2026,90.9399,5.2396
14-May-2026,29-May-2026,95.7262,1.77154
14-May-2026,29-May-2026,100.512,0.24914
14-May-2026,29-May-2026,105.299,0.00856057
14-May-2026,29-May-2026,110.085,5.26616e-05
14-May-2026,29-May-2026,114.871,7.40801e-08
14-May-2026,05-Jun-2026,76.5809,19.3499
14-May-2026,05-Jun-2026,81.3673,14.5886
14-May-2026,05-Jun-2026,86.1536,9.90525
14-May-2026,05-Jun-2026,90.9399,5.57558
14-May-2026,05-Jun-2026,95.7262,2.24264
14-May-2026,05-Jun-2026,100.512,0.509383
14-May-2026,05-Jun-2026,105.299,0.0485408
14-May-2026,05-Jun-2026,110.085,0.00161846
14-May-2026,05-Jun-2026,114.871,2.14924e-05
14-May-2026,12-Jun-2026,76.5809,19.411
14-May-2026,12-Jun-2026,81.3673,14.6721
14-May-2026,12-Jun-2026,86.1536,10.0559
14-May-2026,12-Jun-2026,90.9399,5.84886
14-May-2026,12-Jun-2026,95.7262,2.58619
14-May-2026,12-Jun-2026,100.512,0.735781
14-May-2026,12-Jun-2026,105.299,0.109491
14-May-2026,12-Jun-2026,110.085,0.0074833
14-May-2026,12-Jun-2026,114.871,0.000255748
14-May-2026,30-Jun-2026,76.5809,19.6175
14-May-2026,30-Jun-2026,81.3673,14.9782
14-May-2026,30-Jun-2026,86.1536,10.5587
14-May-2026,30-Jun-2026,90.9399,6.60855
14-May-2026,30-Jun-2026,95.7262,3.46631
14-May-2026,30-Jun-2026,100.512,1.40547
14-May-2026,30-Jun-2026,105.299,0.400252
14-May-2026,30-Jun-2026,110.085,0.0750735
14-May-2026,30-Jun-2026,114.871,0.00955526
14-May-2026,31-Jul-2026,76.5809,20.0683
14-May-2026,31-Jul-2026,81.3673,15.6251
14-May-2026,31-Jul-2026,86.1536,11.4711
14-May-2026,31-Jul-2026,90.9399,7.77904
14-May-2026,31-Jul-2026,95.7262,4.74032
14-May-2026,31-Jul-2026,100.512,2.50543
14-May-2026,31-Jul-2026,105.299,1.10401
14-May-2026,31-Jul-2026,110.085,0.394013
14-May-2026,31-Jul-2026,114.871,0.11435
14-May-2026,31-Aug-2026,76.5809,20.6213
14-May-2026,31-Aug-2026,81.3673,16.3588
14-May-2026,31-Aug-2026,86.1536,12.4033
14-May-2026,31-Aug-2026,90.9399,8.87723
14-May-2026,31-Aug-2026,95.7262,5.90424
14-May-2026,31-Aug-2026,100.512,3.58096
14-May-2026,31-Aug-2026,105.299,1.94099
14-May-2026,31-Aug-2026,110.085,0.925653
14-May-2026,31-Aug-2026,114.871,0.387633
14-May-2026,30-Sep-2026,76.5809,21.2225
14-May-2026,30-Sep-2026,81.3673,17.113
14-May-2026,30-Sep-2026,86.1536,13.3097
14-May-2026,30-Sep-2026,90.9399,9.90322
14-May-2026,30-Sep-2026,95.7262,6.98055
14-May-2026,30-Sep-2026,100.512,4.60904
14-May-2026,30-Sep-2026,105.299,2.81762
14-May-2026,30-Sep-2026,110.085,1.57999
14-May-2026,30-Sep-2026,114.871,0.810366
14-May-2026,30-Oct-2026,76.5809,21.8917
14-May-2026,30-Oct-2026,81.3673,17.9209
14-May-2026,30-Oct-2026,86.1536,14.2481
14-May-2026,30-Oct-2026,90.9399,10.9416
14-May-2026,30-Oct-2026,95.7262,8.06435
14-May-2026,30-Oct-2026,100.512,5.66468
14-May-2026,30-Oct-2026,105.299,3.76566
14-May-2026,30-Oct-2026,110.085,2.35542
14-May-2026,30-Oct-2026,114.871,1.38284
14-May-2026,30-Nov-2026,76.5809,22.6017
14-May-2026,30-Nov-2026,81.3673,18.7546
14-May-2026,30-Nov-2026,86.1536,15.1942
14-May-2026,30-Nov-2026,90.9399,11.9729
14-May-2026,30-Nov-2026,95.7262,9.13756
14-May-2026,30-Nov-2026,100.512,6.72354
14-May-2026,30-Nov-2026,105.299,4.74871
14-May-2026,30-Nov-2026,110.085,3.20755
14-May-2026,30-Nov-2026,114.871,2.06808
14-May-2026,31-Dec-2026,76.5809,23.3269
14-May-2026,31-Dec-2026,81.3673,19.5891
14-May-2026,31-Dec-2026,86.1536,16.1259
14-May-2026,31-Dec-2026,90.9399,12.9782
14-May-2026,31-Dec-2026,95.7262,10.1816
14-May-2026,31-Dec-2026,100.512,7.76274
14-May-2026,31-Dec-2026,105.299,5.73512
14-May-2026,31-Dec-2026,110.085,4.09595
14-May-2026,31-Dec-2026,114.871,2.82393
14-May-2026,29-Jan-2027,76.5809,23.9951
14-May-2026,29-Jan-2027,81.3673,20.3468
14-May-2026,29-Jan-2027,86.1536,16.9621
14-May-2026,29-Jan-2027,90.9399,13.8741
14-May-2026,29-Jan-2027,95.7262,11.111
14-May-2026,29-Jan-2027,100.512,8.69331
14-May-2026,29-Jan-2027,105.299,6.63163
14-May-2026,29-Jan-2027,110.085,4.92412
14-May-2026,29-Jan-2027,114.871,3.55526
14-May-2026,26-Feb-2027,76.5809,24.6502
14-May-2026,26-Feb-2027,81.3673,21.0816
14-May-2026,26-Feb-2027,86.1536,17.7663
14-May-2026,26-Feb-2027,90.9399,14.7315
14-May-2026,26-Feb-2027,95.7262,11.9996
14-May-2026,26-Feb-2027,100.512,9.58683
14-May-2026,26-Feb-2027,105.299,7.50137
14-May-2026,26-Feb-2027,110.085,5.74172
14-May-2026,26-Feb-2027,114.871,4.29594
14-May-2026,31-Mar-2027,76.5809,25.3879
14-May-2026,31-Mar-2027,81.3673,21.9016
14-May-2026,31-Mar-2027,86.1536,18.6576
14-May-2026,31-Mar-2027,90.9399,15.6777
14-May-2026,31-Mar-2027,95.7262,12.9796
14-May-2026,31-Mar-2027,100.512,10.5756
14-May-2026,31-Mar-2027,105.299,8.47185
14-May-2026,31-Mar-2027,110.085,6.66677
14-May-2026,31-Mar-2027,114.871,5.151
15-May-2026,22-May-2026,75.1006,18.8419
15-May-2026,22-May-2026,79.7944,14.1523
15-May-2026,22-May-2026,84.4881,9.46481
15-May-2026,22-May-2026,89.1819,4.8673
15-May-2026,22-May-2026,93.8757,1.25766
15-May-2026,22-May-2026,98.5695,0.068584
15-May-2026,22-May-2026,103.263,0.000262208
15-May-2026,22-May-2026,107.957,3.62442e-08
15-May-2026,22-May-2026,112.651,2.69063e-13
15-May-2026,29-May-2026,75.1006,18.8966
15-May-2026,29-May-2026,79.7944,14.2118
15-May-2026,29-May-2026,84.4881,9.55214
15-May-2026,29-May-2026,89.1819,5.12742
15-May-2026,29-May-2026,93.8757,1.73496
15-May-2026,29-May-2026,98.5695,0.247877
15-May-2026,29-May-2026,103.263,0.00900136
15-May-2026,29-May-2026,107.957,5.98562e-05
15-May-2026,29-May-2026,112.651,8.68561e-08
15-May-2026,05-Jun-2026,75.1006,18.9644
15-May-2026,05-Jun-2026,79.7944,14.2948
15-May-2026,05-Jun-2026,84.4881,9.7037
15-May-2026,05-Jun-2026,89.1819,5.46636
15-May-2026,05-Jun-2026,93.8757,2.21226
15-May-2026,05-Jun-2026,98.5695,0.514633
15-May-2026,05-Jun-2026,103.263,0.0520888
15-May-2026,05-Jun-2026,107.957,0.00190313
15-May-2026,05-Jun-2026,112.651,2.74376e-05
15-May-2026,12-Jun-2026,75.1006,19.0231
15-May-2026,12-Jun-2026,79.7944,14.3763
15-May-2026,12-Jun-2026,84.4881,9.85404
15-May-2026,12-Jun-2026,89.1819,5.74107
15-May-2026,12-Jun-2026,93.8757,2.55764
15-May-2026,12-Jun-2026,98.5695,0.744836
15-May-2026,12-Jun-2026,103.263,0.116909
15-May-2026,12-Jun-2026,107.957,0.00866741
15-May-2026,12-Jun-2026,112.651,0.000321313
15-May-2026,19-Jun-2026,75.1006,19.0867
15-May-2026,19-Jun-2026,79.7944,14.4707
15-May-2026,19-Jun-2026,84.4881,10.0195
15-May-2026,19-Jun-2026,89.1819,6.00975
15-May-2026,19-Jun-2026,93.8757,2.87757
15-May-2026,19-Jun-2026,98.5695,0.978035
15-May-2026,19-Jun-2026,103.263,0.204646
15-May-2026,19-Jun-2026,107.957,0.0238781
15-May-2026,19-Jun-2026,112.651,0.00161386
15-May-2026,30-Jun-2026,75.1006,19.2239
15-May-2026,30-Jun-2026,79.7944,14.679
15-May-2026,30-Jun-2026,84.4881,10.3561
15-May-2026,30-Jun-2026,89.1819,6.50015
15-May-2026,30-Jun-2026,93.8757,3.43596
15-May-2026,30-Jun-2026,98.5695,1.41851
15-May-2026,30-Jun-2026,103.263,0.418454
15-May-2026,30-Jun-2026,107.957,0.0827759
15-May-2026,30-Jun-2026,112.651,0.0111826
15-May-2026,31-Jul-2026,75.1006,19.6682
15-May-2026,31-Jul-2026,79.7944,15.3209
15-May-2026,31-Jul-2026,84.4881,11.2626
15-May-2026,31-Jul-2026,89.1819,7.66063
15-May-2026,31-Jul-2026,93.8757,4.69702
15-May-2026,31-Jul-2026,98.5695,2.51152
15-May-2026,31-Jul-2026,103.263,1.12875
15-May-2026,31-Jul-2026,107.957,0.414653
15-May-2026,31-Jul-2026,112.651,0.124616
15-May-2026,31-Aug-2026,75.1006,20.2142
15-May-2026,31-Aug-2026,79.7944,16.0464
15-May-2026,31-Aug-2026,84.4881,12.1835
15-May-2026,31-Aug-2026,89.1819,8.74315
15-May-2026,31-Aug-2026,93.8757,5.84264
15-May-2026,31-Aug-2026,98.5695,3.57176
15-May-2026,31-Aug-2026,103.263,1.96008
15-May-2026,31-Aug-2026,107.957,0.951269
15-May-2026,31-Aug-2026,112.651,0.407154
15-May-2026,30-Sep-2026,75.1006,20.8066
15-May-2026,30-Sep-2026,79.7944,16.7896
15-May-2026,30-Sep-2026,84.4881,13.0754
15-May-2026,30-Sep-2026,89.1819,9.75089
15-May-2026,30-Sep-2026,93.8757,6.89847
15-May-2026,30-Sep-2026,98.5695,4.58087
15-May-2026,30-Sep-2026,103.263,2.82398
15-May-2026,30-Sep-2026,107.957,1.60191
15-May-2026,30-Sep-2026,112.651,0.833599
15-May-2026,30-Oct-2026,75.1006,21.4648
15-May-2026,30-Oct-2026,79.7944,17.5836
15-May-2026,30-Oct-2026,84.4881,13.9963
15-May-2026,30-Oct-2026,89.1819,10.7684
15-May-2026,30-Oct-2026,93.8757,7.9593
15-May-2026,30-Oct-2026,98.5695,5.61427
15-May-2026,30-Oct-2026,103.263,3.75411
15-May-2026,30-Oct-2026,107.957,2.36667
15-May-2026,30-Oct-2026,112.651,1.40317
15-May-2026,30-Nov-2026,75.1006,22.1615
15-May-2026,30-Nov-2026,79.7944,18.401
15-May-2026,30-Nov-2026,84.4881,14.9229
15-May-2026,30-Nov-2026,89.1819,11.7771
15-May-2026,30-Nov-2026,93.8757,9.00806
15-May-2026,30-Nov-2026,98.5695,6.64894
15-May-2026,30-Nov-2026,103.263,4.71591
15-May-2026,30-Nov-2026,107.957,3.20298
15-May-2026,30-Nov-2026,112.651,2.07932
15-May-2026,31-Dec-2026,75.1006,22.8719
15-May-2026,31-Dec-2026,79.7944,19.2179
15-May-2026,31-Dec-2026,84.4881,15.8338
15-May-2026,31-Dec-2026,89.1819,12.759
15-May-2026,31-Dec-2026,93.8757,10.0272
15-May-2026,31-Dec-2026,98.5695,7.66313
15-May-2026,31-Dec-2026,103.263,5.67925
15-May-2026,31-Dec-2026,107.957,4.07226
15-May-2026,31-Dec-2026,112.651,2.82141
15-May-2026,29-Jan-2027,75.1006,23.5256
15-May-2026,29-Jan-2027,79.7944,19.9585
15-May-2026,29-Jan-2027,84.4881,16.6506
15-May-2026,29-Jan-2027,89.1819,13.6334
15-May-2026,29-Jan-2027,93.8757,10.9336
15-May-2026,29-Jan-2027,98.5695,8.57051
15-May-2026,29-Jan-2027,103.263,6.55376
15-May-2026,29-Jan-2027,107.957,4.88109
15-May-2026,29-Jan-2027,112.651,3.53726
15-May-2026,26-Feb-2027,75.1006,24.1658
15-May-2026,26-Feb-2027,79.7944,20.6762
15-May-2026,26-Feb-2027,84.4881,17.4355
15-May-2026,26-Feb-2027,89.1819,14.4695
15-May-2026,26-Feb-2027,93.8757,11.7997
15-May-2026,26-Feb-2027,98.5695,9.44123
15-May-2026,26-Feb-2027,103.263,7.40148
15-May-2026,26-Feb-2027,107.957,5.67863
15-May-2026,26-Feb-2027,112.651,4.26085
15-May-2026,31-Mar-2027,75.1006,24.8862
15-May-2026,31-Mar-2027,79.7944,21.4764
15-May-2026,31-Mar-2027,84.4881,18.3047
15-May-2026,31-Mar-2027,89.1819,15.3918
15-May-2026,31-Mar-2027,93.8757,12.7545
15-May-2026,31-Mar-2027,98.5695,10.4043
15-May-2026,31-Mar-2027,103.263,8.34681
15-May-2026,31-Mar-2027,107.957,6.58015
15-May-2026,31-Mar-2027,112.651,5.095
18-May-2026,22-May-2026,74.7191,18.7046
18-May-2026,22-May-2026,79.389,14.0362
18-May-2026,22-May-2026,84.059,9.36776
18-May-2026,22-May-2026,88.7289,4.70422
18-May-2026,22-May-2026,93.3989,0.754246
18-May-2026,22-May-2026,98.0688,0.00231793
18-May-2026,22-May-2026,102.739,4.15456e-09
18-May-2026,29-May-2026,74.7191,18.7727
18-May-2026,29-May-2026,79.389,14.1088
18-May-2026,29-May-2026,84.059,9.455
18-May-2026,29-May-2026,88.7289,4.96818
18-May-2026,29-May-2026,93.3989,1.5102
18-May-2026,29-May-2026,98.0688,0.154663
18-May-2026,29-May-2026,102.739,0.00271242
18-May-2026,29-May-2026,107.409,5.17145e-06
18-May-2026,29-May-2026,112.079,1.27914e-09
18-May-2026,05-Jun-2026,74.7191,18.8286
18-May-2026,05-Jun-2026,79.389,14.1723
18-May-2026,05-Jun-2026,84.059,9.56287
18-May-2026,05-Jun-2026,88.7289,5.24969
18-May-2026,05-Jun-2026,93.3989,1.95154
18-May-2026,05-Jun-2026,98.0688,0.367468
18-May-2026,05-Jun-2026,102.739,0.0244182
18-May-2026,05-Jun-2026,107.409,0.000443947
18-May-2026,05-Jun-2026,112.079,2.4029e-06
18-May-2026,12-Jun-2026,74.7191,18.8993
18-May-2026,12-Jun-2026,79.389,14.2651
18-May-2026,12-Jun-2026,84.059,9.73635
18-May-2026,12-Jun-2026,88.7289,5.59817
18-May-2026,12-Jun-2026,93.3989,2.41153
18-May-2026,12-Jun-2026,98.0688,0.654415
18-May-2026,12-Jun-2026,102.739,0.0904441
18-May-2026,12-Jun-2026,107.409,0.00545683
18-May-2026,12-Jun-2026,112.079,0.000149937
18-May-2026,19-Jun-2026,74.7191,18.9618
18-May-2026,19-Jun-2026,79.389,14.3561
18-May-2026,19-Jun-2026,84.059,9.90044
18-May-2026,19-Jun-2026,88.7289,5.87726
18-May-2026,19-Jun-2026,93.3989,2.75062
18-May-2026,19-Jun-2026,98.0688,0.895275
18-May-2026,19-Jun-2026,102.739,0.174122
18-May-2026,19-Jun-2026,107.409,0.0180968
18-May-2026,19-Jun-2026,112.079,0.00103112
18-May-2026,30-Jun-2026,74.7191,19.0798
18-May-2026,30-Jun-2026,79.389,14.5354
18-May-2026,30-Jun-2026,84.059,10.1992
18-May-2026,30-Jun-2026,88.7289,6.32719
18-May-2026,30-Jun-2026,93.3989,3.26972
18-May-2026,30-Jun-2026,98.0688,1.29753
18-May-2026,30-Jun-2026,102.739,0.359114
18-May-2026,30-Jun-2026,107.409,0.0644828
18-May-2026,30-Jun-2026,112.079,0.00759404
18-May-2026,31-Jul-2026,74.7191,19.519
18-May-2026,31-Jul-2026,79.389,15.1777
18-May-2026,31-Jul-2026,84.059,11.1237
18-May-2026,31-Jul-2026,88.7289,7.52995
18-May-2026,31-Jul-2026,93.3989,4.58424
18-May-2026,31-Jul-2026,98.0688,2.42722
18-May-2026,31-Jul-2026,102.739,1.07666
18-May-2026,31-Jul-2026,107.409,0.388499
18-May-2026,31-Jul-2026,112.079,0.11377
18-May-2026,31-Aug-2026,74.7191,20.098
18-May-2026,31-Aug-2026,79.389,15.9518
18-May-2026,31-Aug-2026,84.059,12.1118
18-May-2026,31-Aug-2026,88.7289,8.69575
18-May-2026,31-Aug-2026,93.3989,5.81931
18-May-2026,31-Aug-2026,98.0688,3.56884
18-May-2026,31-Aug-2026,102.739,1.96984
18-May-2026,31-Aug-2026,107.409,0.964291
18-May-2026,31-Aug-2026,112.079,0.416941
18-May-2026,30-Sep-2026,74.7191,20.7036
18-May-2026,30-Sep-2026,79.389,16.7127
18-May-2026,30-Sep-2026,84.059,13.0258
18-May-2026,30-Sep-2026,88.7289,9.7288
18-May-2026,30-Sep-2026,93.3989,6.90168
18-May-2026,30-Sep-2026,98.0688,4.60397
18-May-2026,30-Sep-2026,102.739,2.85833
18-May-2026,30-Sep-2026,107.409,1.63754
18-May-2026,30-Sep-2026,112.079,0.862657
18-May-2026,30-Oct-2026,74.7191,21.3775
18-May-2026,30-Oct-2026,79.389,17.526
18-May-2026,30-Oct-2026,84.059,13.9689
18-May-2026,30-Oct-2026,88.7289,10.7703
18-May-2026,30-Oct-2026,93.3989,7.98736
18-May-2026,30-Oct-2026,98.0688,5.6624
18-May-2026,30-Oct-2026,102.739,3.81356
18-May-2026,30-Oct-2026,107.409,2.42747
18-May-2026,30-Oct-2026,112.079,1.45658
18-May-2026,30-Nov-2026,74.7191,22.0592
18-May-2026,30-Nov-2026,79.389,18.3257
18-May-2026,30-Nov-2026,84.059,14.8752
18-May-2026,30-Nov-2026,88.7289,11.7565
18-May-2026,30-Nov-2026,93.3989,9.01255
18-May-2026,30-Nov-2026,98.0688,6.67434
18-May-2026,30-Nov-2026,102.739,4.75603
18-May-2026,30-Nov-2026,107.409,3.2503
18-May-2026,30-Nov-2026,112.079,2.12634
18-May-2026,31-Dec-2026,74.7191,22.8189
18-May-2026,31-Dec-2026,79.389,19.1988
18-May-2026,31-Dec-2026,84.059,15.8484
18-May-2026,31-Dec-2026,88.7289,12.805
18-May-2026,31-Dec-2026,93.3989,10.1005
18-May-2026,31-Dec-2026,98.0688,7.75752
18-May-2026,31-Dec-2026,102.739,5.78668
18-May-2026,31-Dec-2026,107.409,4.18359
18-May-2026,31-Dec-2026,112.079,2.9277
18-May-2026,29-Jan-2027,74.7191,23.4882
18-May-2026,29-Jan-2027,79.389,19.9564
18-May-2026,29-Jan-2027,84.059,16.6829
18-May-2026,29-Jan-2027,88.7289,13.6977
18-May-2026,29-Jan-2027,93.3989,11.0257
18-May-2026,29-Jan-2027,98.0688,8.6843
18-May-2026,29-Jan-2027,102.739,6.68154
18-May-2026,29-Jan-2027,107.409,5.01422
18-May-2026,29-Jan-2027,112.079,3.66707
18-May-2026,26-Feb-2027,74.7191,24.1106
18-May-2026,26-Feb-2027,79.389,20.6535
18-May-2026,26-Feb-2027,84.059,17.4446
18-May-2026,26-Feb-2027,88.7289,14.5087
18-May-2026,26-Feb-2027,93.3989,11.8655
18-May-2026,26-Feb-2027,98.0688,9.529
18-May-2026,26-Feb-2027,102.739,7.50512
18-May-2026,26-Feb-2027,107.409,5.79119
18-May-2026,26-Feb-2027,112.079,4.37511
18-May-2026,31-Mar-2027,74.7191,24.8802
18-May-2026,31-Mar-2027,79.389,21.5076
18-May-2026,31-Mar-2027,84.059,18.3716
18-May-2026,31-Mar-2027,88.7289,15.4916
18-May-2026,31-Mar-2027,93.3989,12.8829
18-May-2026,31-Mar-2027,98.0688,10.5556
18-May-2026,31-Mar-2027,102.739,8.51409
18-May-2026,31-Mar-2027,107.409,6.7557
18-May-2026,31-Mar-2027,112.079,5.27094
19-May-2026,22-May-2026,74.927,18.7504
19-May-2026,22-May-2026,79.6099,14.0686
19-May-2026,22-May-2026,84.2928,9.38687
19-May-2026,22-May-2026,88.9758,4.70648
19-May-2026,22-May-2026,93.6587,0.657987
19-May-2026,22-May-2026,98.3417,0.00054875
19-May-2026,22-May-2026,103.025,2.36716e-11
19-May-2026,29-May-2026,74.927,18.8188
19-May-2026,29-May-2026,79.6099,14.1415
19-May-2026,29-May-2026,84.2928,9.47226
19-May-2026,29-May-2026,88.9758,4.95722
19-May-2026,29-May-2026,93.6587,1.47223
19-May-2026,29-May-2026,98.3417,0.139843
19-May-2026,29-May-2026,103.025,0.0020829
19-May-2026,29-May-2026,107.708,2.99073e-06
19-May-2026,29-May-2026,112.39,4.86085e-10
19-May-2026,05-Jun-2026,74.927,18.8749
19-May-2026,05-Jun-2026,79.6099,14.2047
19-May-2026,05-Jun-2026,84.2928,9.57815
19-May-2026,05-Jun-2026,88.9758,5.24195
19-May-2026,05-Jun-2026,93.6587,1.9288
19-May-2026,05-Jun-2026,98.3417,0.354508
19-May-2026,05-Jun-2026,103.025,0.0225281
19-May-2026,05-Jun-2026,107.708,0.000379851
19-May-2026,05-Jun-2026,112.39,1.82433e-06
19-May-2026,12-Jun-2026,74.927,18.9457
19-May-2026,12-Jun-2026,79.6099,14.297
19-May-2026,12-Jun-2026,84.2928,9.75171
19-May-2026,12-Jun-2026,88.9758,5.59653
19-May-2026,12-Jun-2026,93.6587,2.40078
19-May-2026,12-Jun-2026,98.3417,0.646941
19-May-2026,12-Jun-2026,103.025,0.0885548
19-May-2026,12-Jun-2026,107.708,0.00525969
19-May-2026,12-Jun-2026,112.39,0.000140062
19-May-2026,19-Jun-2026,74.927,19.0083
19-May-2026,19-Jun-2026,79.6099,14.3881
19-May-2026,19-Jun-2026,84.2928,9.91729
19-May-2026,19-Jun-2026,88.9758,5.88073
19-May-2026,19-Jun-2026,93.6587,2.74744
19-May-2026,19-Jun-2026,98.3417,0.892838
19-May-2026,19-Jun-2026,103.025,0.173679
19-May-2026,19-Jun-2026,107.708,0.0180591
19-May-2026,19-Jun-2026,112.39,0.00102215
19-May-2026,30-Jun-2026,74.927,19.1267
19-May-2026,30-Jun-2026,79.6099,14.5687
19-May-2026,30-Jun-2026,84.2928,10.22
19-May-2026,30-Jun-2026,88.9758,6.33881
19-May-2026,30-Jun-2026,93.6587,3.27703
19-May-2026,30-Jun-2026,98.3417,1.30352
19-May-2026,30-Jun-2026,103.025,0.363065
19-May-2026,30-Jun-2026,107.708,0.0658563
19-May-2026,30-Jun-2026,112.39,0.00782576
19-May-2026,31-Jul-2026,74.927,19.5704
19-May-2026,31-Jul-2026,79.6099,15.2198
19-May-2026,31-Jul-2026,84.2928,11.1595
19-May-2026,31-Jul-2026,88.9758,7.56261
19-May-2026,31-Jul-2026,93.6587,4.61555
19-May-2026,31-Jul-2026,98.3417,2.45597
19-May-2026,31-Jul-2026,103.025,1.09908
19-May-2026,31-Jul-2026,107.708,0.401888
19-May-2026,31-Jul-2026,112.39,0.119585
19-May-2026,31-Aug-2026,74.927,20.1584
19-May-2026,31-Aug-2026,79.6099,16.0069
19-May-2026,31-Aug-2026,84.2928,12.1645
19-May-2026,31-Aug-2026,88.9758,8.74832
19-May-2026,31-Aug-2026,93.6587,5.8721
19-May-2026,31-Aug-2026,98.3417,3.61953
19-May-2026,31-Aug-2026,103.025,2.01386
19-May-2026,31-Aug-2026,107.708,0.997178
19-May-2026,31-Aug-2026,112.39,0.437375
19-May-2026,30-Sep-2026,74.927,20.7745
19-May-2026,30-Sep-2026,79.6099,16.7812
19-May-2026,30-Sep-2026,84.2928,13.0944
19-May-2026,30-Sep-2026,88.9758,9.79892
19-May-2026,30-Sep-2026,93.6587,6.97305
19-May-2026,30-Sep-2026,98.3417,4.67397
19-May-2026,30-Sep-2026,103.025,2.92236
19-May-2026,30-Sep-2026,107.708,1.69057
19-May-2026,30-Sep-2026,112.39,0.90155
19-May-2026,30-Oct-2026,74.927,21.4605
19-May-2026,30-Oct-2026,79.6099,17.6089
19-May-2026,30-Oct-2026,84.2928,14.0538
19-May-2026,30-Oct-2026,88.9758,10.858
19-May-2026,30-Oct-2026,93.6587,8.07725
19-May-2026,30-Oct-2026,98.3417,5.75171
19-May-2026,30-Oct-2026,103.025,3.89791
19-May-2026,30-Oct-2026,107.708,2.50181
19-May-2026,30-Oct-2026,112.39,1.5168
19-May-2026,30-Nov-2026,74.927,22.1546
19-May-2026,30-Nov-2026,79.6099,18.4229
19-May-2026,30-Nov-2026,84.2928,14.9757
19-May-2026,30-Nov-2026,88.9758,11.8609
19-May-2026,30-Nov-2026,93.6587,9.11979
19-May-2026,30-Nov-2026,98.3417,6.78176
19-May-2026,30-Nov-2026,103.025,4.85951
19-May-2026,30-Nov-2026,107.708,3.34499
19-May-2026,30-Nov-2026,112.39,2.2078
19-May-2026,31-Dec-2026,74.927,22.9282
19-May-2026,31-Dec-2026,79.6099,19.3115
19-May-2026,31-Dec-2026,84.2928,15.9656
19-May-2026,31-Dec-2026,88.9758,12.9269
19-May-2026,31-Dec-2026,93.6587,10.2259
19-May-2026,31-Dec-2026,98.3417,7.88396
19-May-2026,31-Dec-2026,103.025,5.91026
19-May-2026,31-Dec-2026,107.708,4.29976
19-May-2026,31-Dec-2026,112.39,3.03201
19-May-2026,29-Jan-2027,74.927,23.6096
19-May-2026,29-Jan-2027,79.6099,20.0823
19-May-2026,29-Jan-2027,84.2928,16.8142
19-May-2026,29-Jan-2027,88.9758,13.8344
19-May-2026,29-Jan-2027,93.6587,11.1665
19-May-2026,29-Jan-2027,98.3417,8.82671
19-May-2026,29-Jan-2027,103.025,6.82198
19-May-2026,29-Jan-2027,107.708,5.14842
19-May-2026,29-Jan-2027,112.39,3.79069
19-May-2026,26-Feb-2027,74.927,24.2432
19-May-2026,26-Feb-2027,79.6099,20.7915
19-May-2026,26-Feb-2027,84.2928,17.5888
19-May-2026,26-Feb-2027,88.9758,14.6587
19-May-2026,26-Feb-2027,93.6587,12.0201
19-May-2026,26-Feb-2027,98.3417,9.68575
19-May-2026,26-Feb-2027,103.025,7.66065
19-May-2026,26-Feb-2027,107.708,5.9415
19-May-2026,26-Feb-2027,112.39,4.51604
19-May-2026,31-Mar-2027,74.927,25.0265
19-May-2026,31-Mar-2027,79.6099,21.6603
19-May-2026,31-Mar-2027,84.2928,18.5312
19-May-2026,31-Mar-2027,88.9758,15.6576
19-May-2026,31-Mar-2027,93.6587,13.054
19-May-2026,31-Mar-2027,98.3417,10.7295
19-May-2026,31-Mar-2027,103.025,8.68762
19-May-2026,31-Mar-2027,107.708,6.92519
19-May-2026,31-Mar-2027,112.39,5.43245
20-May-2026,22-May-2026,80.4939,14.2183
20-May-2026,22-May-2026,85.2288,9.48411
20-May-2026,22-May-2026,89.9638,4.75001
20-May-2026,22-May-2026,94.6987,0.497085
20-May-2026,22-May-2026,99.4336,5.25743e-06
20-May-2026,29-May-2026,75.759,19.022
20-May-2026,29-May-2026,80.4939,14.2922
20-May-2026,29-May-2026,85.2288,9.56609
20-May-2026,29-May-2026,89.9638,4.95032
20-May-2026,29-May-2026,94.6987,1.34002
20-May-2026,29-May-2026,99.4336,0.0865145
20-May-2026,29-May-2026,104.169,0.000483612
20-May-2026,29-May-2026,108.903,1.34926e-07
20-May-2026,29-May-2026,113.638,3.0339e-12
20-May-2026,05-Jun-2026,75.759,19.0789
20-May-2026,05-Jun-2026,80.4939,14.3547
20-May-2026,05-Jun-2026,85.2288,9.66029
20-May-2026,05-Jun-2026,89.9638,5.21616
20-May-2026,05-Jun-2026,94.6987,1.80577
20-May-2026,05-Jun-2026,99.4336,0.27466
20-May-2026,05-Jun-2026,104.169,0.0113881
20-May-2026,05-Jun-2026,108.903,9.571e-05
20-May-2026,05-Jun-2026,113.638,1.96179e-07
20-May-2026,12-Jun-2026,75.759,19.1499
20-May-2026,12-Jun-2026,80.4939,14.4428
20-May-2026,12-Jun-2026,85.2288,9.82173
20-May-2026,12-Jun-2026,89.9638,5.56755
20-May-2026,12-Jun-2026,94.6987,2.29674
20-May-2026,12-Jun-2026,99.4336,0.561189
20-May-2026,12-Jun-2026,104.169,0.0630812
20-May-2026,12-Jun-2026,108.903,0.00274246
20-May-2026,12-Jun-2026,113.638,4.93372e-05
20-May-2026,19-Jun-2026,75.759,19.2118
20-May-2026,19-Jun-2026,80.4939,14.5302
20-May-2026,19-Jun-2026,85.2288,9.98308
20-May-2026,19-Jun-2026,89.9638,5.85909
20-May-2026,19-Jun-2026,94.6987,2.66443
20-May-2026,19-Jun-2026,99.4336,0.816227
20-May-2026,19-Jun-2026,104.169,0.142407
20-May-2026,19-Jun-2026,108.903,0.0125234
20-May-2026,19-Jun-2026,113.638,0.000570781
20-May-2026,30-Jun-2026,75.759,19.3287
20-May-2026,30-Jun-2026,80.4939,14.7084
20-May-2026,30-Jun-2026,85.2288,10.2905
20-May-2026,30-Jun-2026,89.9638,6.34237
20-May-2026,30-Jun-2026,94.6987,3.23743
20-May-2026,30-Jun-2026,99.4336,1.25983
20-May-2026,30-Jun-2026,104.169,0.339536
20-May-2026,30-Jun-2026,108.903,0.0588139
20-May-2026,30-Jun-2026,113.638,0.00654976
20-May-2026,31-Jul-2026,75.759,19.7869
20-May-2026,31-Jul-2026,80.4939,15.3946
20-May-2026,31-Jul-2026,85.2288,11.3035
20-May-2026,31-Jul-2026,89.9638,7.6899
20-May-2026,31-Jul-2026,94.6987,4.73677
20-May-2026,31-Jul-2026,99.4336,2.57034
20-May-2026,31-Jul-2026,104.169,1.19302
20-May-2026,31-Jul-2026,108.903,0.461944
20-May-2026,31-Jul-2026,113.638,0.147732
20-May-2026,31-Aug-2026,75.759,20.4337
20-May-2026,31-Aug-2026,80.4939,16.2748
20-May-2026,31-Aug-2026,85.2288,12.4416
20-May-2026,31-Aug-2026,89.9638,9.04646
20-May-2026,31-Aug-2026,94.6987,6.19114
20-May-2026,31-Aug-2026,99.4336,3.94221
20-May-2026,31-Aug-2026,104.169,2.30827
20-May-2026,31-Aug-2026,108.903,1.2302
20-May-2026,31-Aug-2026,113.638,0.593181
20-May-2026,30-Sep-2026,75.759,21.1388
20-May-2026,30-Sep-2026,80.4939,17.1692
20-May-2026,30-Sep-2026,85.2288,13.522
20-May-2026,30-Sep-2026,89.9638,10.2735
20-May-2026,30-Sep-2026,94.6987,7.48765
20-May-2026,30-Sep-2026,99.4336,5.20432
20-May-2026,30-Sep-2026,104.169,3.42982
20-May-2026,30-Sep-2026,108.903,2.13251
20-May-2026,30-Sep-2026,113.638,1.24671
20-May-2026,30-Oct-2026,75.759,21.9423
20-May-2026,30-Oct-2026,80.4939,18.1427
20-May-2026,30-Oct-2026,85.2288,14.6527
20-May-2026,30-Oct-2026,89.9638,11.5247
20-May-2026,30-Oct-2026,94.6987,8.7998
20-May-2026,30-Oct-2026,99.4336,6.50254
20-May-2026,30-Oct-2026,104.169,4.63616
20-May-2026,30-Oct-2026,108.903,3.18113
20-May-2026,30-Oct-2026,113.638,2.09685
20-May-2026,30-Nov-2026,75.759,22.7667
20-May-2026,30-Nov-2026,80.4939,19.1102
20-May-2026,30-Nov-2026,85.2288,15.7479
20-May-2026,30-Nov-2026,89.9638,12.7167
20-May-2026,30-Nov-2026,94.6987,10.0443
20-May-2026,30-Nov-2026,99.4336,7.746
20-May-2026,30-Nov-2026,104.169,5.82265
20-May-2026,30-Nov-2026,108.903,4.2603
20-May-2026,30-Nov-2026,113.638,3.0311
20-May-2026,31-Dec-2026,75.759,23.693
20-May-2026,31-Dec-2026,80.4939,20.1723
20-May-2026,31-Dec-2026,85.2288,16.9286
20-May-2026,31-Dec-2026,89.9638,13.9875
20-May-2026,31-Dec-2026,94.6987,11.3671
20-May-2026,31-Dec-2026,99.4336,9.07618
20-May-2026,31-Dec-2026,104.169,7.11397
20-May-2026,31-Dec-2026,108.903,5.46955
20-May-2026,31-Dec-2026,113.638,4.12282
20-May-2026,29-Jan-2027,75.759,24.5119
20-May-2026,29-Jan-2027,80.4939,21.0959
20-May-2026,29-Jan-2027,85.2288,17.9424
20-May-2026,29-Jan-2027,89.9638,15.0701
20-May-2026,29-Jan-2027,94.6987,12.4916
20-May-2026,29-Jan-2027,99.4336,10.212
20-May-2026,29-Jan-2027,104.169,8.22927
20-May-2026,29-Jan-2027,108.903,6.53411
20-May-2026,29-Jan-2027,113.638,5.11046
20-May-2026,26-Feb-2027,75.759,25.2744
20-May-2026,26-Feb-2027,80.4939,21.9458
20-May-2026,26-Feb-2027,85.2288,18.8673
20-May-2026,26-Feb-2027,89.9638,16.0528
20-May-2026,26-Feb-2027,94.6987,13.5109
20-May-2026,26-Feb-2027,99.4336,11.2445
20-May-2026,26-Feb-2027,104.169,9.25066
20-May-2026,26-Feb-2027,108.903,7.52102
20-May-2026,26-Feb-2027,113.638,6.04205
20-May-2026,31-Mar-2027,75.759,26.2166
20-May-2026,31-Mar-2027,80.4939,22.986
20-May-2026,31-Mar-2027,85.2288,19.9912
20-May-2026,31-Mar-2027,89.9638,17.2417
20-May-2026,31-Mar-2027,94.6987,14.7428
20-May-2026,31-Mar-2027,99.4336,12.4951
20-May-2026,31-Mar-2027,104.169,10.4952
20-May-2026,31-Mar-2027,108.903,8.73537
20-May-2026,31-Mar-2027,113.638,7.20417
21-May-2026,22-May-2026,76.5887,19.1537
21-May-2026,22-May-2026,81.3755,14.3673
21-May-2026,22-May-2026,86.1623,9.58094
21-May-2026,22-May-2026,90.9491,4.79455
21-May-2026,22-May-2026,95.7359,0.355339
21-May-2026,22-May-2026,100.523,4.99563e-09
21-May-2026,29-May-2026,76.5887,19.2256
21-May-2026,29-May-2026,81.3755,14.4437
21-May-2026,29-May-2026,86.1623,9.66436
21-May-2026,29-May-2026,90.9491,4.98243
21-May-2026,29-May-2026,95.7359,1.30638
21-May-2026,29-May-2026,100.523,0.0742383
21-May-2026,29-May-2026,105.309,0.00030507
21-May-2026,29-May-2026,110.096,4.95171e-08
21-May-2026,29-May-2026,114.883,5.18663e-13
21-May-2026,05-Jun-2026,76.5887,19.2843
21-May-2026,05-Jun-2026,81.3755,14.5077
21-May-2026,05-Jun-2026,86.1623,9.75799
21-May-2026,05-Jun-2026,90.9491,5.25092
21-May-2026,05-Jun-2026,95.7359,1.79134
21-May-2026,05-Jun-2026,100.523,0.261333
21-May-2026,05-Jun-2026,105.309,0.00992176
21-May-2026,05-Jun-2026,110.096,7.16649e-05
21-May-2026,05-Jun-2026,114.883,1.18099e-07
21-May-2026,12-Jun-2026,76.5887,19.3574
21-May-2026,12-Jun-2026,81.3755,14.5973
21-May-2026,12-Jun-2026,86.1623,9.92046
21-May-2026,12-Jun-2026,90.9491,5.60962
21-May-2026,12-Jun-2026,95.7359,2.29747
21-May-2026,12-Jun-2026,100.523,0.552315
21-May-2026,12-Jun-2026,105.309,0.0602237
21-May-2026,12-Jun-2026,110.096,0.00248884
21-May-2026,12-Jun-2026,114.883,4.15161e-05
21-May-2026,19-Jun-2026,76.5887,19.4208
21-May-2026,19-Jun-2026,81.3755,14.686
21-May-2026,19-Jun-2026,86.1623,10.0842
21-May-2026,19-Jun-2026,90.9491,5.90774
21-May-2026,19-Jun-2026,95.7359,2.67491
21-May-2026,19-Jun-2026,100.523,0.812456
21-May-2026,19-Jun-2026,105.309,0.139682
21-May-2026,19-Jun-2026,110.096,0.0119948
21-May-2026,19-Jun-2026,114.883,0.000527049
21-May-2026,30-Jun-2026,76.5887,19.5404
21-May-2026,30-Jun-2026,81.3755,14.8674
21-May-2026,30-Jun-2026,86.1623,10.3973
21-May-2026,30-Jun-2026,90.9491,6.40189
21-May-2026,30-Jun-2026,95.7359,3.26167
21-May-2026,30-Jun-2026,100.523,1.26541
21-May-2026,30-Jun-2026,105.309,0.339525
21-May-2026,30-Jun-2026,110.096,0.058412
21-May-2026,30-Jun-2026,114.883,0.00643145
21-May-2026,31-Jul-2026,76.5887,20.0089
21-May-2026,31-Jul-2026,81.3755,15.5679
21-May-2026,31-Jul-2026,86.1623,11.4316
21-May-2026,31-Jul-2026,90.9491,7.77839
21-May-2026,31-Jul-2026,95.7359,4.79327
21-May-2026,31-Jul-2026,100.523,2.60331
21-May-2026,31-Jul-2026,105.309,1.2103
21-May-2026,31-Jul-2026,110.096,0.469789
21-May-2026,31-Jul-2026,114.883,0.150679
21-May-2026,31-Aug-2026,76.5887,20.6705
21-May-2026,31-Aug-2026,81.3755,16.4673
21-May-2026,31-Aug-2026,86.1623,12.5937
21-May-2026,31-Aug-2026,90.9491,9.16269
21-May-2026,31-Aug-2026,95.7359,6.27688
21-May-2026,31-Aug-2026,100.523,4.0029
21-May-2026,31-Aug-2026,105.309,2.34905
21-May-2026,31-Aug-2026,110.096,1.25578
21-May-2026,31-Aug-2026,114.883,0.607871
21-May-2026,30-Sep-2026,76.5887,21.3915
21-May-2026,30-Sep-2026,81.3755,17.3809
21-May-2026,30-Sep-2026,86.1623,13.6962
21-May-2026,30-Sep-2026,90.9491,10.4141
21-May-2026,30-Sep-2026,95.7359,7.59875
21-May-2026,30-Sep-2026,100.523,5.28993
21-May-2026,30-Sep-2026,105.309,3.49374
21-May-2026,30-Sep-2026,110.096,2.17834
21-May-2026,30-Sep-2026,114.883,1.27793
21-May-2026,30-Oct-2026,76.5887,22.2128
21-May-2026,30-Oct-2026,81.3755,18.3748
21-May-2026,30-Oct-2026,86.1623,14.8497
21-May-2026,30-Oct-2026,90.9491,11.6897
21-May-2026,30-Oct-2026,95.7359,8.93619
21-May-2026,30-Oct-2026,100.523,6.61339
21-May-2026,30-Oct-2026,105.309,4.72444
21-May-2026,30-Oct-2026,110.096,3.24965
21-May-2026,30-Oct-2026,114.883,2.14837
21-May-2026,30-Nov-2026,76.5887,23.0549
21-May-2026,30-Nov-2026,81.3755,19.3622
21-May-2026,30-Nov-2026,86.1623,15.9665
21-May-2026,30-Nov-2026,90.9491,12.9047
21-May-2026,30-Nov-2026,95.7359,10.2045
21-May-2026,30-Nov-2026,100.523,7.88077
21-May-2026,30-Nov-2026,105.309,5.93447
21-May-2026,30-Nov-2026,110.096,4.35146
21-May-2026,30-Nov-2026,114.883,3.10387
21-May-2026,31-Dec-2026,76.5887,24.0006
21-May-2026,31-Dec-2026,81.3755,20.4458
21-May-2026,31-Dec-2026,86.1623,17.1703
21-May-2026,31-Dec-2026,90.9491,14.1998
21-May-2026,31-Dec-2026,95.7359,11.5522
21-May-2026,31-Dec-2026,100.523,9.23628
21-May-2026,31-Dec-2026,105.309,7.25105
21-May-2026,31-Dec-2026,110.096,5.58548
21-May-2026,31-Dec-2026,114.883,4.21946
21-May-2026,29-Jan-2027,76.5887,24.8365
21-May-2026,29-Jan-2027,81.3755,21.3877
21-May-2026,29-Jan-2027,86.1623,18.2036
21-May-2026,29-Jan-2027,90.9491,15.3029
21-May-2026,29-Jan-2027,95.7359,12.6978
21-May-2026,29-Jan-2027,100.523,10.3935
21-May-2026,29-Jan-2027,105.309,8.38791
21-May-2026,29-Jan-2027,110.096,6.67143
21-May-2026,29-Jan-2027,114.883,5.22806
21-May-2026,26-Feb-2027,76.5887,25.6145
21-May-2026,26-Feb-2027,81.3755,22.2543
21-May-2026,26-Feb-2027,86.1623,19.1462
21-May-2026,26-Feb-2027,90.9491,16.304
21-May-2026,26-Feb-2027,95.7359,13.7362
21-May-2026,26-Feb-2027,100.523,11.4454
21-May-2026,26-Feb-2027,105.309,9.42886
21-May-2026,26-Feb-2027,110.096,7.67789
21-May-2026,26-Feb-2027,114.883,6.17899
21-May-2026,31-Mar-2027,76.5887,26.5755
21-May-2026,31-Mar-2027,81.3755,23.3146
21-May-2026,31-Mar-2027,86.1623,20.2914
21-May-2026,31-Mar-2027,90.9491,17.5151
21-May-2026,31-Mar-2027,95.7359,14.9909
21-May-2026,31-Mar-2027,100.523,12.7195
21-May-2026,31-Mar-2027,105.309,10.6971
21-May-2026,31-Mar-2027,110.096,8.91598
21-May-2026,31-Mar-2027,114.883,7.36476
22-May-2026,29-May-2026,75.8119,19.0249
22-May-2026,29-May-2026,80.5502,14.2912
22-May-2026,29-May-2026,85.2884,9.56004
22-May-2026,29-May-2026,90.0267,4.92844
22-May-2026,29-May-2026,94.7649,1.30635
22-May-2026,29-May-2026,99.5031,0.0808323
22-May-2026,29-May-2026,104.241,0.000439757
22-May-2026,29-May-2026,108.98,1.10561e-07
22-May-2026,29-May-2026,113.718,1.61169e-12
22-May-2026,05-Jun-2026,75.8119,19.0838
22-May-2026,05-Jun-2026,80.5502,14.3556
22-May-2026,05-Jun-2026,85.2884,9.65747
22-May-2026,05-Jun-2026,90.0267,5.21566
22-May-2026,05-Jun-2026,94.7649,1.82134
22-May-2026,05-Jun-2026,99.5031,0.29081
22-May-2026,05-Jun-2026,104.241,0.0138973
22-May-2026,05-Jun-2026,108.98,0.000145828
22-May-2026,05-Jun-2026,113.718,3.55812e-07
22-May-2026,12-Jun-2026,75.8119,19.1573
22-May-2026,12-Jun-2026,80.5502,14.4478
22-May-2026,12-Jun-2026,85.2884,9.83043
22-May-2026,12-Jun-2026,90.0267,5.59503
22-May-2026,12-Jun-2026,94.7649,2.34937
22-May-2026,12-Jun-2026,99.5031,0.607096
22-May-2026,12-Jun-2026,104.241,0.0777115
22-May-2026,12-Jun-2026,108.98,0.00416004
22-May-2026,12-Jun-2026,113.718,9.35471e-05
22-May-2026,19-Jun-2026,75.8119,19.2219
22-May-2026,19-Jun-2026,80.5502,14.5408
22-May-2026,19-Jun-2026,85.2884,10.0044
22-May-2026,19-Jun-2026,90.0267,5.90686
22-May-2026,19-Jun-2026,94.7649,2.73938
22-May-2026,19-Jun-2026,99.5031,0.883764
22-May-2026,19-Jun-2026,104.241,0.171992
22-May-2026,19-Jun-2026,108.98,0.0179968
22-May-2026,19-Jun-2026,113.718,0.00100283
22-May-2026,26-Jun-2026,75.8119,19.2933
22-May-2026,26-Jun-2026,80.5502,14.6505
22-May-2026,26-Jun-2026,85.2884,10.1977
22-May-2026,26-Jun-2026,90.0267,6.21545
22-May-2026,26-Jun-2026,94.7649,3.10617
22-May-2026,26-Jun-2026,99.5031,1.16705
22-May-2026,26-Jun-2026,104.241,0.298302
22-May-2026,26-Jun-2026,108.98,0.0477551
22-May-2026,26-Jun-2026,113.718,0.00471784
22-May-2026,30-Jun-2026,75.8119,19.3455
22-May-2026,30-Jun-2026,80.5502,14.7323
22-May-2026,30-Jun-2026,85.2884,10.3343
22-May-2026,30-Jun-2026,90.0267,6.41889
22-May-2026,30-Jun-2026,94.7649,3.34134
22-May-2026,30-Jun-2026,99.5031,1.3577
22-May-2026,30-Jun-2026,104.241,0.397165
22-May-2026,30-Jun-2026,108.98,0.0781604
22-May-2026,30-Jun-2026,113.718,0.0101836
22-May-2026,31-Jul-2026,75.8119,19.8353
22-May-2026,31-Jul-2026,80.5502,15.4649
22-May-2026,31-Jul-2026,85.2884,11.4055
22-May-2026,31-Jul-2026,90.0267,7.82642
22-May-2026,31-Jul-2026,94.7649,4.8972
22-May-2026,31-Jul-2026,99.5031,2.72968
22-May-2026,31-Jul-2026,104.241,1.32212
22-May-2026,31-Jul-2026,108.98,0.544491
22-May-2026,31-Jul-2026,113.718,0.18855
22-May-2026,31-Aug-2026,75.8119,20.5211
22-May-2026,31-Aug-2026,80.5502,16.3909
22-May-2026,31-Aug-2026,85.2884,12.5908
22-May-2026,31-Aug-2026,90.0267,9.22688
22-May-2026,31-Aug-2026,94.7649,6.39218
22-May-2026,31-Aug-2026,99.5031,4.1453
22-May-2026,31-Aug-2026,104.241,2.49149
22-May-2026,31-Aug-2026,108.98,1.37581
22-May-2026,31-Aug-2026,113.718,0.694063
22-May-2026,30-Sep-2026,75.8119,21.2607
22-May-2026,30-Sep-2026,80.5502,17.3216
22-May-2026,30-Sep-2026,85.2884,13.7063
22-May-2026,30-Sep-2026,90.0267,10.4859
22-May-2026,30-Sep-2026,94.7649,7.7185
22-May-2026,30-Sep-2026,99.5031,5.43901
22-May-2026,30-Sep-2026,104.241,3.65127
22-May-2026,30-Sep-2026,108.98,2.32515
22-May-2026,30-Sep-2026,113.718,1.40038
22-May-2026,30-Oct-2026,75.8119,22.0966
22-May-2026,30-Oct-2026,80.5502,18.3275
22-May-2026,30-Oct-2026,85.2884,14.8674
22-May-2026,30-Oct-2026,90.0267,11.7648
22-May-2026,30-Oct-2026,94.7649,9.05693
22-May-2026,30-Oct-2026,99.5031,6.76478
22-May-2026,30-Oct-2026,104.241,4.88996
22-May-2026,30-Oct-2026,108.98,3.41342
22-May-2026,30-Oct-2026,113.718,2.29734
22-May-2026,30-Nov-2026,75.8119,22.9489
22-May-2026,30-Nov-2026,80.5502,19.3222
22-May-2026,30-Nov-2026,85.2884,15.988
22-May-2026,30-Nov-2026,90.0267,12.9803
22-May-2026,30-Nov-2026,94.7649,10.3238
22-May-2026,30-Nov-2026,99.5031,8.03152
22-May-2026,30-Nov-2026,104.241,6.10307
22-May-2026,30-Nov-2026,108.98,4.52461
22-May-2026,30-Nov-2026,113.718,3.26984
22-May-2026,31-Dec-2026,75.8119,23.9021
22-May-2026,31-Dec-2026,80.5502,20.4101
22-May-2026,31-Dec-2026,85.2884,17.1928
22-May-2026,31-Dec-2026,90.0267,14.2735
22-May-2026,31-Dec-2026,94.7649,11.6682
22-May-2026,31-Dec-2026,99.5031,9.38417
22-May-2026,31-Dec-2026,104.241,7.41958
22-May-2026,31-Dec-2026,108.98,5.76353
22-May-2026,31-Dec-2026,113.718,4.39679
22-May-2026,29-Jan-2027,75.8119,24.742
22-May-2026,29-Jan-2027,80.5502,21.3536
22-May-2026,29-Jan-2027,85.2884,18.2252
22-May-2026,29-Jan-2027,90.0267,15.3737
22-May-2026,29-Jan-2027,94.7649,12.8098
22-May-2026,29-Jan-2027,99.5031,10.5376
22-May-2026,29-Jan-2027,104.241,8.55437
22-May-2026,29-Jan-2027,108.98,6.85062
22-May-2026,29-Jan-2027,113.718,5.41089
22-May-2026,26-Feb-2027,75.8119,25.522
22-May-2026,26-Feb-2027,80.5502,22.2202
22-May-2026,26-Feb-2027,85.2884,19.1658
22-May-2026,26-Feb-2027,90.0267,16.3712
22-May-2026,26-Feb-2027,94.7649,13.8436
22-May-2026,26-Feb-2027,99.5031,11.5851
22-May-2026,26-Feb-2027,104.241,9.59218
22-May-2026,26-Feb-2027,108.98,7.85625
22-May-2026,26-Feb-2027,113.718,6.36423
22-May-2026,31-Mar-2027,75.8119,26.4838
22-May-2026,31-Mar-2027,80.5502,23.279
22-May-2026,31-Mar-2027,85.2884,20.3073
22-May-2026,31-Mar-2027,90.0267,17.5769
22-May-2026,31-Mar-2027,94.7649,15.0921
22-May-2026,31-Mar-2027,99.5031,12.8529
22-May-2026,31-Mar-2027,104.241,10.8553
22-May-2026,31-Mar-2027,108.98,9.09145
22-May-2026,31-Mar-2027,113.718,7.5503
25-May-2026,29-May-2026,75.4717,18.8944
25-May-2026,29-May-2026,80.1887,14.1791
25-May-2026,29-May-2026,84.9056,9.46375
25-May-2026,29-May-2026,89.6226,4.75409
25-May-2026,29-May-2026,94.3396,0.778651
25-May-2026,29-May-2026,99.0566,0.0029509
25-May-2026,29-May-2026,103.774,1.04033e-08
25-May-2026,05-Jun-2026,75.4717,18.9672
25-May-2026,05-Jun-2026,80.1887,14.2567
25-May-2026,05-Jun-2026,84.9056,9.55866
25-May-2026,05-Jun-2026,89.6226,5.04454
25-May-2026,05-Jun-2026,94.3396,1.57895
25-May-2026,05-Jun-2026,99.0566,0.1816
25-May-2026,05-Jun-2026,103.774,0.00429622
25-May-2026,05-Jun-2026,108.491,1.36669e-05
25-May-2026,05-Jun-2026,113.208,6.16636e-09
25-May-2026,12-Jun-2026,75.4717,19.027
25-May-2026,12-Jun-2026,80.1887,14.3258
25-May-2026,12-Jun-2026,84.9056,9.68006
25-May-2026,12-Jun-2026,89.6226,5.35628
25-May-2026,12-Jun-2026,94.3396,2.05906
25-May-2026,12-Jun-2026,99.0566,0.430349
25-May-2026,12-Jun-2026,103.774,0.0364631
25-May-2026,12-Jun-2026,108.491,0.000995113
25-May-2026,12-Jun-2026,113.208,8.73909e-06
25-May-2026,19-Jun-2026,75.4717,19.1035
25-May-2026,19-Jun-2026,80.1887,14.4295
25-May-2026,19-Jun-2026,84.9056,9.87844
25-May-2026,19-Jun-2026,89.6226,5.7469
25-May-2026,19-Jun-2026,94.3396,2.57
25-May-2026,19-Jun-2026,99.0566,0.769339
25-May-2026,19-Jun-2026,103.774,0.131084
25-May-2026,19-Jun-2026,108.491,0.0111295
25-May-2026,19-Jun-2026,113.208,0.000462626
25-May-2026,26-Jun-2026,75.4717,19.1725
25-May-2026,26-Jun-2026,80.1887,14.5338
25-May-2026,26-Jun-2026,84.9056,10.0681
25-May-2026,26-Jun-2026,89.6226,6.06357
25-May-2026,26-Jun-2026,94.3396,2.95321
25-May-2026,26-Jun-2026,99.0566,1.05703
25-May-2026,26-Jun-2026,103.774,0.249021
25-May-2026,26-Jun-2026,108.491,0.035201
25-May-2026,26-Jun-2026,113.208,0.00292492
25-May-2026,30-Jun-2026,75.4717,19.223
25-May-2026,30-Jun-2026,80.1887,14.6127
25-May-2026,30-Jun-2026,84.9056,10.2038
25-May-2026,30-Jun-2026,89.6226,6.27209
25-May-2026,30-Jun-2026,94.3396,3.19701
25-May-2026,30-Jun-2026,99.0566,1.25091
25-May-2026,30-Jun-2026,103.774,0.344091
25-May-2026,30-Jun-2026,108.491,0.0617533
25-May-2026,30-Jun-2026,113.208,0.00708372
25-May-2026,31-Jul-2026,75.4717,19.7043
25-May-2026,31-Jul-2026,80.1887,15.339
25-May-2026,31-Jul-2026,84.9056,11.2821
25-May-2026,31-Jul-2026,89.6226,7.70772
25-May-2026,31-Jul-2026,94.3396,4.79036
25-May-2026,31-Jul-2026,99.0566,2.64388
25-May-2026,31-Jul-2026,103.774,1.26306
25-May-2026,31-Jul-2026,108.491,0.510623
25-May-2026,31-Jul-2026,113.208,0.1726
25-May-2026,31-Aug-2026,75.4717,20.357
25-May-2026,31-Aug-2026,80.1887,16.2268
25-May-2026,31-Aug-2026,84.9056,12.4266
25-May-2026,31-Aug-2026,89.6226,9.06587
25-May-2026,31-Aug-2026,94.3396,6.24131
25-May-2026,31-Aug-2026,99.0566,4.01301
25-May-2026,31-Aug-2026,103.774,2.38489
25-May-2026,31-Aug-2026,108.491,1.29797
25-May-2026,31-Aug-2026,113.208,0.643056
25-May-2026,30-Sep-2026,75.4717,21.0974
25-May-2026,30-Sep-2026,80.1887,17.1631
25-May-2026,30-Sep-2026,84.9056,13.5533
25-May-2026,30-Sep-2026,89.6226,10.3406
25-May-2026,30-Sep-2026,94.3396,7.58448
25-May-2026,30-Sep-2026,99.0566,5.32034
25-May-2026,30-Sep-2026,103.774,3.55138
25-May-2026,30-Sep-2026,108.491,2.24587
25-May-2026,30-Sep-2026,113.208,1.34136
25-May-2026,30-Oct-2026,75.4717,21.9768
25-May-2026,30-Oct-2026,80.1887,18.2232
25-May-2026,30-Oct-2026,84.9056,14.7784
25-May-2026,30-Oct-2026,89.6226,11.6908
25-May-2026,30-Oct-2026,94.3396,8.99726
25-May-2026,30-Oct-2026,99.0566,6.71846
25-May-2026,30-Oct-2026,103.774,4.85552
25-May-2026,30-Oct-2026,108.491,3.389
25-May-2026,30-Oct-2026,113.208,2.28086
25-May-2026,30-Nov-2026,75.4717,22.8359
25-May-2026,30-Nov-2026,80.1887,19.226
25-May-2026,30-Nov-2026,84.9056,15.9082
25-May-2026,30-Nov-2026,89.6226,12.916
25-May-2026,30-Nov-2026,94.3396,10.2739
25-May-2026,30-Nov-2026,99.0566,7.99453
25-May-2026,30-Nov-2026,103.774,6.07715
25-May-2026,30-Nov-2026,108.491,4.5077
25-May-2026,30-Nov-2026,113.208,3.25984
25-May-2026,31-Dec-2026,75.4717,23.7555
25-May-2026,31-Dec-2026,80.1887,20.2759
25-May-2026,31-Dec-2026,84.9056,17.071
25-May-2026,31-Dec-2026,89.6226,14.164
25-May-2026,31-Dec-2026,94.3396,11.571
25-May-2026,31-Dec-2026,99.0566,9.29911
25-May-2026,31-Dec-2026,103.774,7.34638
25-May-2026,31-Dec-2026,108.491,5.70163
25-May-2026,31-Dec-2026,113.208,4.34542
25-May-2026,29-Jan-2027,75.4717,24.6017
25-May-2026,29-Jan-2027,80.1887,21.2268
25-May-2026,29-Jan-2027,84.9056,18.1115
25-May-2026,29-Jan-2027,89.6226,15.2729
25-May-2026,29-Jan-2027,94.3396,12.7214
25-May-2026,29-Jan-2027,99.0566,10.4612
25-May-2026,29-Jan-2027,103.774,8.48915
25-May-2026,29-Jan-2027,108.491,6.7958
25-May-2026,29-Jan-2027,113.208,5.36552
25-May-2026,26-Feb-2027,75.4717,25.4288
25-May-2026,26-Feb-2027,80.1887,22.1457
25-May-2026,26-Feb-2027,84.9056,19.1088
25-May-2026,26-Feb-2027,89.6226,16.3303
25-May-2026,26-Feb-2027,94.3396,13.8171
25-May-2026,26-Feb-2027,99.0566,11.5712
25-May-2026,26-Feb-2027,103.774,9.58873
25-May-2026,26-Feb-2027,108.491,7.86123
25-May-2026,26-Feb-2027,113.208,6.37557
25-May-2026,31-Mar-2027,75.4717,26.3564
25-May-2026,31-Mar-2027,80.1887,23.1666
25-May-2026,31-Mar-2027,84.9056,20.2092
25-May-2026,31-Mar-2027,89.6226,17.4924
25-May-2026,31-Mar-2027,94.3396,15.0203
25-May-2026,31-Mar-2027,99.0566,12.7928
25-May-2026,31-Mar-2027,103.774,10.8058
25-May-2026,31-Mar-2027,108.491,9.05146
25-May-2026,31-Mar-2027,113.208,7.51864
26-May-2026,29-May-2026,74.9283,18.7516
26-May-2026,29-May-2026,79.6113,14.0698
26-May-2026,29-May-2026,84.2944,9.38799
26-May-2026,29-May-2026,88.9774,4.70731
26-May-2026,29-May-2026,93.6604,0.644273
26-May-2026,29-May-2026,98.3434,0.000405421
26-May-2026,29-May-2026,103.026,6.74806e-12
26-May-2026,05-Jun-2026,74.9283,18.8231
26-May-2026,05-Jun-2026,79.6113,14.1459
26-May-2026,05-Jun-2026,84.2944,9.47628
26-May-2026,05-Jun-2026,88.9774,4.95628
26-May-2026,05-Jun-2026,93.6604,1.4626
26-May-2026,05-Jun-2026,98.3434,0.135528
26-May-2026,05-Jun-2026,103.026,0.00190577
26-May-2026,05-Jun-2026,107.709,2.49001e-06
26-May-2026,05-Jun-2026,112.392,3.58142e-10
26-May-2026,12-Jun-2026,74.9283,18.8817
26-May-2026,12-Jun-2026,79.6113,14.2118
26-May-2026,12-Jun-2026,84.2944,9.58519
26-May-2026,12-Jun-2026,88.9774,5.2488
26-May-2026,12-Jun-2026,93.6604,1.93592
26-May-2026,12-Jun-2026,98.3434,0.359376
26-May-2026,12-Jun-2026,103.026,0.0235176
26-May-2026,12-Jun-2026,107.709,0.000417637
26-May-2026,12-Jun-2026,112.392,2.11368e-06
26-May-2026,19-Jun-2026,74.9283,18.9558
26-May-2026,19-Jun-2026,79.6113,14.3084
26-May-2026,19-Jun-2026,84.2944,9.76742
26-May-2026,19-Jun-2026,88.9774,5.62234
26-May-2026,19-Jun-2026,93.6604,2.4367
26-May-2026,19-Jun-2026,98.3434,0.676351
26-May-2026,19-Jun-2026,103.026,0.0991154
26-May-2026,19-Jun-2026,107.709,0.00659595
26-May-2026,19-Jun-2026,112.392,0.000200237
26-May-2026,26-Jun-2026,74.9283,19.0216
26-May-2026,26-Jun-2026,79.6113,14.4052
26-May-2026,26-Jun-2026,84.2944,9.94476
26-May-2026,26-Jun-2026,88.9774,5.92752
26-May-2026,26-Jun-2026,93.6604,2.8116
26-May-2026,26-Jun-2026,98.3434,0.949719
26-May-2026,26-Jun-2026,103.026,0.20059
26-May-2026,26-Jun-2026,107.709,0.0238548
26-May-2026,26-Jun-2026,112.392,0.00158399
26-May-2026,30-Jun-2026,74.9283,19.0693
26-May-2026,30-Jun-2026,79.6113,14.4786
26-May-2026,30-Jun-2026,84.2944,10.0728
26-May-2026,30-Jun-2026,88.9774,6.12914
26-May-2026,30-Jun-2026,93.6604,3.05002
26-May-2026,30-Jun-2026,98.3434,1.13522
26-May-2026,30-Jun-2026,103.026,0.285029
26-May-2026,30-Jun-2026,107.709,0.0443593
26-May-2026,30-Jun-2026,112.392,0.0042269
26-May-2026,31-Jul-2026,74.9283,19.5235
26-May-2026,31-Jul-2026,79.6113,15.1654
26-May-2026,31-Jul-2026,84.2944,11.1058
26-May-2026,31-Jul-2026,88.9774,7.52496
26-May-2026,31-Jul-2026,93.6604,4.60894
26-May-2026,31-Jul-2026,98.3434,2.48261
26-May-2026,31-Jul-2026,103.026,1.14186
26-May-2026,31-Jul-2026,107.709,0.437102
26-May-2026,31-Jul-2026,112.392,0.137593
26-May-2026,31-Aug-2026,74.9283,20.146
26-May-2026,31-Aug-2026,79.6113,16.0185
26-May-2026,31-Aug-2026,84.2944,12.2156
26-May-2026,31-Aug-2026,88.9774,8.85194
26-May-2026,31-Aug-2026,93.6604,6.03082
26-May-2026,31-Aug-2026,98.3434,3.8182
26-May-2026,31-Aug-2026,103.026,2.21982
26-May-2026,31-Aug-2026,107.709,1.17277
26-May-2026,31-Aug-2026,112.392,0.5594
26-May-2026,30-Sep-2026,74.9283,20.8587
26-May-2026,30-Sep-2026,79.6113,16.9255
26-May-2026,30-Sep-2026,84.2944,13.314
26-May-2026,30-Sep-2026,88.9774,10.1005
26-May-2026,30-Sep-2026,93.6604,7.34885
26-May-2026,30-Sep-2026,98.3434,5.09801
26-May-2026,30-Sep-2026,103.026,3.35271
26-May-2026,30-Sep-2026,107.709,2.07984
26-May-2026,30-Sep-2026,112.392,1.21284
26-May-2026,30-Oct-2026,74.9283,21.7104
26-May-2026,30-Oct-2026,79.6113,17.9574
26-May-2026,30-Oct-2026,84.2944,14.512
26-May-2026,30-Oct-2026,88.9774,11.4251
26-May-2026,30-Oct-2026,93.6604,8.73658
26-May-2026,30-Oct-2026,98.3434,6.46942
26-May-2026,30-Oct-2026,103.026,4.62587
26-May-2026,30-Oct-2026,107.709,3.18609
26-May-2026,30-Oct-2026,112.392,2.11006
26-May-2026,30-Nov-2026,74.9283,22.546
26-May-2026,30-Nov-2026,79.6113,18.9367
26-May-2026,30-Nov-2026,84.2944,15.6189
26-May-2026,30-Nov-2026,88.9774,12.6284
26-May-2026,30-Nov-2026,93.6604,9.99159
26-May-2026,30-Nov-2026,98.3434,7.7227
26-May-2026,30-Nov-2026,103.026,5.82197
26-May-2026,30-Nov-2026,107.709,4.27524
26-May-2026,30-Nov-2026,112.392,3.05509
26-May-2026,31-Dec-2026,74.9283,23.4429
26-May-2026,31-Dec-2026,79.6113,19.964
26-May-2026,31-Dec-2026,84.2944,16.7597
26-May-2026,31-Dec-2026,88.9774,13.855
26-May-2026,31-Dec-2026,93.6604,11.2674
26-May-2026,31-Dec-2026,98.3434,9.00509
26-May-2026,31-Dec-2026,103.026,7.0669
26-May-2026,31-Dec-2026,107.709,5.4417
26-May-2026,31-Dec-2026,112.392,4.10947
26-May-2026,29-Jan-2027,74.9283,24.2699
26-May-2026,29-Jan-2027,79.6113,20.8958
26-May-2026,29-Jan-2027,84.2944,17.7817
26-May-2026,29-Jan-2027,88.9774,14.9456
26-May-2026,29-Jan-2027,93.6604,12.3994
26-May-2026,29-Jan-2027,98.3434,10.1481
26-May-2026,29-Jan-2027,103.026,8.18914
26-May-2026,29-Jan-2027,107.709,6.5131
26-May-2026,29-Jan-2027,112.392,5.10405
26-May-2026,26-Feb-2027,74.9283,25.0795
26-May-2026,26-Feb-2027,79.6113,21.7974
26-May-2026,26-Feb-2027,84.2944,18.7618
26-May-2026,26-Feb-2027,88.9774,15.986
26-May-2026,26-Feb-2027,93.6604,13.4781
26-May-2026,26-Feb-2027,98.3434,11.2404
26-May-2026,26-Feb-2027,103.026,9.26985
26-May-2026,26-Feb-2027,107.709,7.55789
26-May-2026,26-Feb-2027,112.392,6.09126
26-May-2026,31-Mar-2027,74.9283,25.9886
26-May-2026,31-Mar-2027,79.6113,22.7999
26-May-2026,31-Mar-2027,84.2944,19.8439
26-May-2026,31-Mar-2027,88.9774,17.13
26-May-2026,31-Mar-2027,93.6604,14.6629
26-May-2026,31-Mar-2027,98.3434,12.4431
26-May-2026,31-Mar-2027,103.026,10.4668
26-May-2026,31-Mar-2027,107.709,8.72642
26-May-2026,31-Mar-2027,112.392,7.21056
27-May-2026,29-May-2026,74.6772,18.6826
27-May-2026,29-May-2026,79.3445,14.0161
27-May-2026,29-May-2026,84.0118,9.34965
27-May-2026,29-May-2026,88.6791,4.68324
27-May-2026,29-May-2026,93.3465,0.516345
27-May-2026,29-May-2026,98.0138,1.61567e-05
27-May-2026,05-Jun-2026,74.6772,18.756
27-May-2026,05-Jun-2026,79.3445,14.0941
27-May-2026,05-Jun-2026,84.0118,9.43737
27-May-2026,05-Jun-2026,88.6791,4.90829
27-May-2026,05-Jun-2026,93.3465,1.38996
27-May-2026,05-Jun-2026,98.0138,0.110141
27-May-2026,05-Jun-2026,102.681,0.00106291
27-May-2026,05-Jun-2026,107.348,7.27757e-07
27-May-2026,05-Jun-2026,112.016,4.45979e-11
27-May-2026,12-Jun-2026,74.6772,18.816
27-May-2026,12-Jun-2026,79.3445,14.1606
27-May-2026,12-Jun-2026,84.0118,9.54209
27-May-2026,12-Jun-2026,88.6791,5.19547
27-May-2026,12-Jun-2026,93.3465,1.8711
27-May-2026,12-Jun-2026,98.0138,0.324154
27-May-2026,12-Jun-2026,102.681,0.0182587
27-May-2026,12-Jun-2026,107.348,0.000252657
27-May-2026,12-Jun-2026,112.016,9.22774e-07
27-May-2026,19-Jun-2026,74.6772,18.8913
27-May-2026,19-Jun-2026,79.3445,14.2566
27-May-2026,19-Jun-2026,84.0118,9.72016
27-May-2026,19-Jun-2026,88.6791,5.56773
27-May-2026,19-Jun-2026,93.3465,2.3772
27-May-2026,19-Jun-2026,98.0138,0.636333
27-May-2026,19-Jun-2026,102.681,0.0867628
27-May-2026,19-Jun-2026,107.348,0.00514034
27-May-2026,19-Jun-2026,112.016,0.000134154
27-May-2026,26-Jun-2026,74.6772,18.9578
27-May-2026,26-Jun-2026,79.3445,14.3525
27-May-2026,26-Jun-2026,84.0118,9.89559
27-May-2026,26-Jun-2026,88.6791,5.87359
27-May-2026,26-Jun-2026,93.3465,2.75564
27-May-2026,26-Jun-2026,98.0138,0.90858
27-May-2026,26-Jun-2026,102.681,0.183361
27-May-2026,26-Jun-2026,107.348,0.0202964
27-May-2026,26-Jun-2026,112.016,0.00122795
27-May-2026,30-Jun-2026,74.6772,19.0058
27-May-2026,30-Jun-2026,79.3445,14.4255
27-May-2026,30-Jun-2026,84.0118,10.023
27-May-2026,30-Jun-2026,88.6791,6.07618
27-May-2026,30-Jun-2026,93.3465,2.99634
27-May-2026,30-Jun-2026,98.0138,1.09419
27-May-2026,30-Jun-2026,102.681,0.265334
27-May-2026,30-Jun-2026,107.348,0.0391205
27-May-2026,30-Jun-2026,112.016,0.00347552
27-May-2026,31-Jul-2026,74.6772,19.463
27-May-2026,31-Jul-2026,79.3445,15.1149
27-May-2026,31-Jul-2026,84.0118,11.0623
27-May-2026,31-Jul-2026,88.6791,7.48598
27-May-2026,31-Jul-2026,93.3465,4.57404
27-May-2026,31-Jul-2026,98.0138,2.45352
27-May-2026,31-Jul-2026,102.681,1.12097
27-May-2026,31-Jul-2026,107.348,0.425003
27-May-2026,31-Jul-2026,112.016,0.132166
27-May-2026,31-Aug-2026,74.6772,20.0954
27-May-2026,31-Aug-2026,79.3445,15.9813
27-May-2026,31-Aug-2026,84.0118,12.1899
27-May-2026,31-Aug-2026,88.6791,8.83537
27-May-2026,31-Aug-2026,93.3465,6.02078
27-May-2026,31-Aug-2026,98.0138,3.81239
27-May-2026,31-Aug-2026,102.681,2.21656
27-May-2026,31-Aug-2026,107.348,1.17104
27-May-2026,31-Aug-2026,112.016,0.558635
27-May-2026,30-Sep-2026,74.6772,20.8252
27-May-2026,30-Sep-2026,79.3445,16.9094
27-May-2026,30-Sep-2026,84.0118,13.3131
27-May-2026,30-Sep-2026,88.6791,10.1119
27-May-2026,30-Sep-2026,93.3465,7.3687
27-May-2026,30-Sep-2026,98.0138,5.1221
27-May-2026,30-Sep-2026,102.681,3.37719
27-May-2026,30-Sep-2026,107.348,2.10176
27-May-2026,30-Sep-2026,112.016,1.23052
27-May-2026,30-Oct-2026,74.6772,21.7029
27-May-2026,30-Oct-2026,79.3445,17.9713
27-May-2026,30-Oct-2026,84.0118,14.5448
27-May-2026,30-Oct-2026,88.6791,11.473
27-May-2026,30-Oct-2026,93.3465,8.79485
27-May-2026,30-Oct-2026,98.0138,6.5327
27-May-2026,30-Oct-2026,102.681,4.68897
27-May-2026,30-Oct-2026,107.348,3.24458
27-May-2026,30-Oct-2026,112.016,2.16081
27-May-2026,30-Nov-2026,74.6772,22.5686
27-May-2026,30-Nov-2026,79.3445,18.9843
27-May-2026,30-Nov-2026,84.0118,15.6883
27-May-2026,30-Nov-2026,88.6791,12.7153
27-May-2026,30-Nov-2026,93.3465,10.0906
27-May-2026,30-Nov-2026,98.0138,7.82782
27-May-2026,30-Nov-2026,102.681,5.92728
27-May-2026,30-Nov-2026,107.348,4.37541
27-May-2026,30-Nov-2026,112.016,3.14594
27-May-2026,31-Dec-2026,74.6772,23.5022
27-May-2026,31-Dec-2026,79.3445,20.0517
27-May-2026,31-Dec-2026,84.0118,16.8721
27-May-2026,31-Dec-2026,88.6791,13.9872
27-May-2026,31-Dec-2026,93.3465,11.4134
27-May-2026,31-Dec-2026,98.0138,9.15871
27-May-2026,31-Dec-2026,102.681,7.22164
27-May-2026,31-Dec-2026,107.348,5.59163
27-May-2026,31-Dec-2026,112.016,4.2496
27-May-2026,29-Jan-2027,74.6772,24.3666
27-May-2026,29-Jan-2027,79.3445,21.0237
27-May-2026,29-Jan-2027,84.0118,17.9367
27-May-2026,29-Jan-2027,88.6791,15.1225
27-May-2026,29-Jan-2027,93.3465,12.592
27-May-2026,29-Jan-2027,98.0138,10.3496
27-May-2026,29-Jan-2027,102.681,8.39296
27-May-2026,29-Jan-2027,107.348,6.71291
27-May-2026,29-Jan-2027,112.016,5.29435
27-May-2026,26-Feb-2027,74.6772,25.2158
27-May-2026,26-Feb-2027,79.3445,21.9676
27-May-2026,26-Feb-2027,84.0118,18.9614
27-May-2026,26-Feb-2027,88.6791,16.2095
27-May-2026,26-Feb-2027,93.3465,13.7189
27-May-2026,26-Feb-2027,98.0138,11.4918
27-May-2026,26-Feb-2027,102.681,9.52485
27-May-2026,26-Feb-2027,107.348,7.80997
27-May-2026,26-Feb-2027,112.016,6.33454
27-May-2026,31-Mar-2027,74.6772,26.1728
27-May-2026,31-Mar-2027,79.3445,23.0209
27-May-2026,31-Mar-2027,84.0118,20.0969
27-May-2026,31-Mar-2027,88.6791,17.4089
27-May-2026,31-Mar-2027,93.3465,14.9612
27-May-2026,31-Mar-2027,98.0138,12.7538
27-May-2026,31-Mar-2027,102.681,10.7828
27-May-2026,31-Mar-2027,107.348,9.04099
27-May-2026,31-Mar-2027,112.016,7.51753
28-May-2026,29-May-2026,74.5818,18.652
28-May-2026,29-May-2026,79.2432,13.991
28-May-2026,29-May-2026,83.9045,9.33007
28-May-2026,29-May-2026,88.5659,4.66911
28-May-2026,29-May-2026,93.2272,0.328494
28-May-2026,29-May-2026,97.8886,1.4088e-08
28-May-2026,29-May-2026,107.211,1.47808e-15
28-May-2026,29-May-2026,111.873,1.52291e-15
28-May-2026,05-Jun-2026,74.5818,18.7237
28-May-2026,05-Jun-2026,79.2432,14.0673
28-May-2026,05-Jun-2026,83.9045,9.41252
28-May-2026,05-Jun-2026,88.5659,4.83781
28-May-2026,05-Jun-2026,93.2272,1.21781
28-May-2026,05-Jun-2026,97.8886,0.0557837
28-May-2026,05-Jun-2026,102.55,0.000125763
28-May-2026,05-Jun-2026,107.211,7.95071e-09
28-May-2026,05-Jun-2026,111.873,3.03008e-14
28-May-2026,12-Jun-2026,74.5818,18.7824
28-May-2026,12-Jun-2026,79.2432,14.1307
28-May-2026,12-Jun-2026,83.9045,9.50019
28-May-2026,12-Jun-2026,88.5659,5.08404
28-May-2026,12-Jun-2026,93.2272,1.67866
28-May-2026,12-Jun-2026,97.8886,0.217187
28-May-2026,12-Jun-2026,102.55,0.00614263
28-May-2026,12-Jun-2026,107.211,2.78863e-05
28-May-2026,12-Jun-2026,111.873,2.77378e-08
28-May-2026,19-Jun-2026,74.5818,18.855
28-May-2026,19-Jun-2026,79.2432,14.2173
28-May-2026,19-Jun-2026,83.9045,9.65098
28-May-2026,19-Jun-2026,88.5659,5.42132
28-May-2026,19-Jun-2026,93.2272,2.16472
28-May-2026,19-Jun-2026,97.8886,0.483623
28-May-2026,19-Jun-2026,102.55,0.0448898
28-May-2026,19-Jun-2026,107.211,0.00144001
28-May-2026,19-Jun-2026,111.873,1.80057e-05
28-May-2026,26-Jun-2026,74.5818,18.9173
28-May-2026,26-Jun-2026,79.2432,14.3019
28-May-2026,26-Jun-2026,83.9045,9.80455
28-May-2026,26-Jun-2026,88.5659,5.70587
28-May-2026,26-Jun-2026,93.2272,2.5302
28-May-2026,26-Jun-2026,97.8886,0.728898
28-May-2026,26-Jun-2026,102.55,0.112438
28-May-2026,26-Jun-2026,107.211,0.00815096
28-May-2026,26-Jun-2026,111.873,0.000293596
28-May-2026,30-Jun-2026,74.5818,18.9616
28-May-2026,30-Jun-2026,79.2432,14.3662
28-May-2026,30-Jun-2026,83.9045,9.91843
28-May-2026,30-Jun-2026,88.5659,5.89672
28-May-2026,30-Jun-2026,93.2272,2.76362
28-May-2026,30-Jun-2026,97.8886,0.900153
28-May-2026,30-Jun-2026,102.55,0.175323
28-May-2026,30-Jun-2026,107.211,0.0183622
28-May-2026,30-Jun-2026,111.873,0.0010673
28-May-2026,31-Jul-2026,74.5818,19.3777
28-May-2026,31-Jul-2026,79.2432,14.993
28-May-2026,31-Jul-2026,83.9045,10.8875
28-May-2026,31-Jul-2026,88.5659,7.25511
28-May-2026,31-Jul-2026,93.2272,4.30955
28-May-2026,31-Jul-2026,97.8886,2.2024
28-May-2026,31-Jul-2026,102.55,0.931656
28-May-2026,31-Jul-2026,107.211,0.315942
28-May-2026,31-Jul-2026,111.873,0.0850814
28-May-2026,31-Aug-2026,74.5818,19.9677
28-May-2026,31-Aug-2026,79.2432,15.8141
28-May-2026,31-Aug-2026,83.9045,11.9775
28-May-2026,31-Aug-2026,88.5659,8.58209
28-May-2026,31-Aug-2026,93.2272,5.74417
28-May-2026,31-Aug-2026,97.8886,3.54098
28-May-2026,31-Aug-2026,102.55,1.98138
28-May-2026,31-Aug-2026,107.211,0.99385
28-May-2026,31-Aug-2026,111.873,0.443821
28-May-2026,30-Sep-2026,74.5818,20.6659
28-May-2026,30-Sep-2026,79.2432,16.7142
28-May-2026,30-Sep-2026,83.9045,13.0813
28-May-2026,30-Sep-2026,88.5659,9.84958
28-May-2026,30-Sep-2026,93.2272,7.08936
28-May-2026,30-Sep-2026,97.8886,4.84486
28-May-2026,30-Sep-2026,102.55,3.12285
28-May-2026,30-Sep-2026,107.211,1.88763
28-May-2026,30-Sep-2026,111.873,1.06598
28-May-2026,30-Oct-2026,74.5818,21.52
28-May-2026,30-Oct-2026,79.2432,17.758
28-May-2026,30-Oct-2026,83.9045,14.3029
28-May-2026,30-Oct-2026,88.5659,11.2086
28-May-2026,30-Oct-2026,93.2272,8.5181
28-May-2026,30-Oct-2026,97.8886,6.25675
28-May-2026,30-Oct-2026,102.55,4.42789
28-May-2026,30-Oct-2026,107.211,3.01102
28-May-2026,30-Oct-2026,111.873,1.96372
28-May-2026,30-Nov-2026,74.5818,22.3716
28-May-2026,30-Nov-2026,79.2432,18.7619
28-May-2026,30-Nov-2026,83.9045,15.4434
28-May-2026,30-Nov-2026,88.5659,12.4532
28-May-2026,30-Nov-2026,93.2272,9.8193
28-May-2026,30-Nov-2026,97.8886,7.55697
28-May-2026,30-Nov-2026,102.55,5.66702
28-May-2026,30-Nov-2026,107.211,4.13514
28-May-2026,30-Nov-2026,111.873,2.93308
28-May-2026,31-Dec-2026,74.5818,23.2965
28-May-2026,31-Dec-2026,79.2432,19.8253
28-May-2026,31-Dec-2026,83.9045,16.6281
28-May-2026,31-Dec-2026,88.5659,13.7302
28-May-2026,31-Dec-2026,93.2272,11.1497
28-May-2026,31-Dec-2026,97.8886,8.89548
28-May-2026,31-Dec-2026,102.55,6.96632
28-May-2026,31-Dec-2026,107.211,5.35119
28-May-2026,31-Dec-2026,111.873,4.0299
28-May-2026,29-Jan-2027,74.5818,24.1569
28-May-2026,29-Jan-2027,79.2432,20.7971
28-May-2026,29-Jan-2027,83.9045,17.696
28-May-2026,29-Jan-2027,88.5659,14.8717
28-May-2026,29-Jan-2027,93.2272,12.3363
28-May-2026,29-Jan-2027,97.8886,10.0946
28-May-2026,29-Jan-2027,102.55,8.14429
28-May-2026,29-Jan-2027,107.211,6.47603
28-May-2026,29-Jan-2027,111.873,5.07392
28-May-2026,26-Feb-2027,74.5818,25.0049
28-May-2026,26-Feb-2027,79.2432,21.7427
28-May-2026,26-Feb-2027,83.9045,18.7253
28-May-2026,26-Feb-2027,88.5659,15.9657
28-May-2026,26-Feb-2027,93.2272,13.4716
28-May-2026,26-Feb-2027,97.8886,11.2454
28-May-2026,26-Feb-2027,102.55,9.28386
28-May-2026,26-Feb-2027,107.211,7.57868
28-May-2026,26-Feb-2027,111.873,6.11669
28-May-2026,31-Mar-2027,74.5818,25.9627
28-May-2026,31-Mar-2027,79.2432,22.7997
28-May-2026,31-Mar-2027,83.9045,19.8671
28-May-2026,31-Mar-2027,88.5659,17.1736
28-May-2026,31-Mar-2027,93.2272,14.7236
28-May-2026,31-Mar-2027,97.8886,12.5175
28-May-2026,31-Mar-2027,102.55,10.5513
28-May-2026,31-Mar-2027,107.211,8.81757
28-May-2026,31-Mar-2027,111.873,7.30512
29-May-2026,05-Jun-2026,73.0696,18.3359
29-May-2026,05-Jun-2026,77.6365,13.7734
29-May-2026,05-Jun-2026,82.2033,9.21605
29-May-2026,05-Jun-2026,86.7702,4.79124
29-May-2026,05-Jun-2026,91.337,1.38005
29-May-2026,05-Jun-2026,95.9039,0.12318
29-May-2026,05-Jun-2026,100.471,0.00174054
29-May-2026,05-Jun-2026,105.038,2.32061e-06
29-May-2026,05-Jun-2026,109.604,2.71868e-10
29-May-2026,12-Jun-2026,73.0696,18.392
29-May-2026,12-Jun-2026,77.6365,13.8364
29-May-2026,12-Jun-2026,82.2033,9.32366
29-May-2026,12-Jun-2026,86.7702,5.10286
29-May-2026,12-Jun-2026,91.337,1.89707
29-May-2026,12-Jun-2026,95.9039,0.368308
29-May-2026,12-Jun-2026,100.471,0.0274401
29-May-2026,12-Jun-2026,105.038,0.000608534
29-May-2026,12-Jun-2026,109.604,3.83321e-06
29-May-2026,19-Jun-2026,73.0696,18.4632
29-May-2026,19-Jun-2026,77.6365,13.9312
29-May-2026,19-Jun-2026,82.2033,9.50946
29-May-2026,19-Jun-2026,86.7702,5.48829
29-May-2026,19-Jun-2026,91.337,2.40963
29-May-2026,19-Jun-2026,95.9039,0.69623
29-May-2026,19-Jun-2026,100.471,0.111719
29-May-2026,19-Jun-2026,105.038,0.00862191
29-May-2026,19-Jun-2026,109.604,0.000310171
29-May-2026,26-Jun-2026,73.0696,18.527
29-May-2026,26-Jun-2026,77.6365,14.0274
29-May-2026,26-Jun-2026,82.2033,9.68788
29-May-2026,26-Jun-2026,86.7702,5.79246
29-May-2026,26-Jun-2026,91.337,2.77776
29-May-2026,26-Jun-2026,95.9039,0.965101
29-May-2026,26-Jun-2026,100.471,0.215826
29-May-2026,26-Jun-2026,105.038,0.0280778
29-May-2026,26-Jun-2026,109.604,0.00207438
29-May-2026,03-Jul-2026,73.0696,18.5983
29-May-2026,03-Jul-2026,77.6365,14.1387
29-May-2026,03-Jul-2026,82.2033,9.87938
29-May-2026,03-Jul-2026,86.7702,6.08551
29-May-2026,03-Jul-2026,91.337,3.11677
29-May-2026,03-Jul-2026,95.9039,1.22992
29-May-2026,03-Jul-2026,100.471,0.34247
29-May-2026,03-Jul-2026,105.038,0.0624004
29-May-2026,03-Jul-2026,109.604,0.00729686
29-May-2026,30-Jun-2026,73.0696,18.5736
29-May-2026,30-Jun-2026,77.6365,14.1001
29-May-2026,30-Jun-2026,82.2033,9.8145
29-May-2026,30-Jun-2026,86.7702,5.98901
29-May-2026,30-Jun-2026,91.337,3.00641
29-May-2026,30-Jun-2026,95.9039,1.14217
29-May-2026,30-Jun-2026,100.471,0.298179
29-May-2026,30-Jun-2026,105.038,0.0492429
29-May-2026,30-Jun-2026,109.604,0.00503858
29-May-2026,31-Jul-2026,73.0696,19.0081
29-May-2026,31-Jul-2026,77.6365,14.7528
29-May-2026,31-Jul-2026,82.2033,10.7854
29-May-2026,31-Jul-2026,86.7702,7.282
29-May-2026,31-Jul-2026,91.337,4.42758
29-May-2026,31-Jul-2026,95.9039,2.3507
29-May-2026,31-Jul-2026,100.471,1.0532
29-May-2026,31-Jul-2026,105.038,0.386693
29-May-2026,31-Jul-2026,109.604,0.115187
29-May-2026,31-Aug-2026,73.0696,19.5721
29-May-2026,31-Aug-2026,77.6365,15.5155
29-May-2026,31-Aug-2026,82.2033,11.7664
29-May-2026,31-Aug-2026,86.7702,8.44159
29-May-2026,31-Aug-2026,91.337,5.6526
29-May-2026,31-Aug-2026,95.9039,3.47762
29-May-2026,31-Aug-2026,100.471,1.93309
29-May-2026,31-Aug-2026,105.038,0.957035
29-May-2026,31-Aug-2026,109.604,0.419392
29-May-2026,30-Sep-2026,73.0696,20.1902
29-May-2026,30-Sep-2026,77.6365,16.2946
29-May-2026,30-Sep-2026,82.2033,12.7026
29-May-2026,30-Sep-2026,86.7702,9.49735
29-May-2026,30-Sep-2026,91.337,6.75425
29-May-2026,30-Sep-2026,95.9039,4.52675
29-May-2026,30-Sep-2026,100.471,2.83189
29-May-2026,30-Sep-2026,105.038,1.64022
29-May-2026,30-Sep-2026,109.604,0.875942
29-May-2026,30-Oct-2026,73.0696,20.9068
29-May-2026,30-Oct-2026,77.6365,17.1579
29-May-2026,30-Oct-2026,82.2033,13.7006
29-May-2026,30-Oct-2026,86.7702,10.5949
29-May-2026,30-Oct-2026,91.337,7.89355
29-May-2026,30-Oct-2026,95.9039,5.63397
29-May-2026,30-Oct-2026,100.471,3.83062
29-May-2026,30-Oct-2026,105.038,2.46917
29-May-2026,30-Oct-2026,109.604,1.50483
29-May-2026,30-Nov-2026,73.0696,21.5961
29-May-2026,30-Nov-2026,77.6365,17.9636
29-May-2026,30-Nov-2026,82.2033,14.6095
29-May-2026,30-Nov-2026,86.7702,11.5797
29-May-2026,30-Nov-2026,91.337,8.9133
29-May-2026,30-Nov-2026,95.9039,6.63807
29-May-2026,30-Nov-2026,100.471,4.76568
29-May-2026,30-Nov-2026,105.038,3.28813
29-May-2026,30-Nov-2026,109.604,2.17627
29-May-2026,31-Dec-2026,73.0696,22.3269
29-May-2026,31-Dec-2026,77.6365,18.8004
29-May-2026,31-Dec-2026,82.2033,15.5385
29-May-2026,31-Dec-2026,86.7702,12.5767
29-May-2026,31-Dec-2026,91.337,9.94439
29-May-2026,31-Dec-2026,95.9039,7.66229
29-May-2026,31-Dec-2026,100.471,5.73943
29-May-2026,31-Dec-2026,105.038,4.17097
29-May-2026,31-Dec-2026,109.604,2.93711
29-May-2026,29-Jan-2027,73.0696,22.9959
29-May-2026,29-Jan-2027,77.6365,19.555
29-May-2026,29-Jan-2027,82.2033,16.367
29-May-2026,29-Jan-2027,86.7702,13.46
29-May-2026,29-Jan-2027,91.337,10.8573
29-May-2026,29-Jan-2027,95.9039,8.57475
29-May-2026,29-Jan-2027,100.471,6.61945
29-May-2026,29-Jan-2027,105.038,4.9879
29-May-2026,29-Jan-2027,109.604,3.66542
29-May-2026,26-Feb-2027,73.0696,23.6483
29-May-2026,26-Feb-2027,77.6365,20.2832
29-May-2026,26-Feb-2027,82.2033,17.16
29-May-2026,26-Feb-2027,86.7702,14.3017
29-May-2026,26-Feb-2027,91.337,11.7268
29-May-2026,26-Feb-2027,95.9039,9.44774
29-May-2026,26-Feb-2027,100.471,7.46985
29-May-2026,26-Feb-2027,105.038,5.79032
29-May-2026,26-Feb-2027,109.604,4.39769
29-May-2026,31-Mar-2027,73.0696,24.3796
29-May-2026,31-Mar-2027,77.6365,21.0922
29-May-2026,31-Mar-2027,82.2033,18.0354
29-May-2026,31-Mar-2027,86.7702,15.2275
29-May-2026,31-Mar-2027,91.337,12.6829
29-May-2026,31-Mar-2027,95.9039,10.4111
29-May-2026,31-Mar-2027,100.471,8.41582
29-May-2026,31-Mar-2027,105.038,6.6946
29-May-2026,31-Mar-2027,109.604,5.23832
29-May-2026,30-Apr-2027,73.0696,25.0581
29-May-2026,30-Apr-2027,77.6365,21.8373
29-May-2026,30-Apr-2027,82.2033,18.8373
29-May-2026,30-Apr-2027,86.7702,16.0731
29-May-2026,30-Apr-2027,91.337,13.5561
29-May-2026,30-Apr-2027,95.9039,11.2934
29-May-2026,30-Apr-2027,100.471,9.28782
29-May-2026,30-Apr-2027,105.038,7.53683
29-May-2026,30-Apr-2027,109.604,6.03278
01-Jun-2026,05-Jun-2026,74.2367,18.5848
01-Jun-2026,05-Jun-2026,78.8765,13.9466
01-Jun-2026,05-Jun-2026,83.5162,9.30842
01-Jun-2026,05-Jun-2026,88.156,4.67311
01-Jun-2026,05-Jun-2026,92.7958,0.701818
01-Jun-2026,05-Jun-2026,97.4356,0.00104159
01-Jun-2026,05-Jun-2026,102.075,1.71326e-10
01-Jun-2026,05-Jun-2026,106.715,1.034e-15
01-Jun-2026,05-Jun-2026,111.355,1.03453e-15
01-Jun-2026,12-Jun-2026,74.2367,18.6552
01-Jun-2026,12-Jun-2026,78.8765,14.0216
01-Jun-2026,12-Jun-2026,83.5162,9.39452
01-Jun-2026,12-Jun-2026,88.156,4.90432
01-Jun-2026,12-Jun-2026,92.7958,1.41149
01-Jun-2026,12-Jun-2026,97.4356,0.114254
01-Jun-2026,12-Jun-2026,102.075,0.00108089
01-Jun-2026,12-Jun-2026,106.715,7.53932e-07
01-Jun-2026,12-Jun-2026,111.355,6.13708e-11
01-Jun-2026,19-Jun-2026,74.2367,18.7129
01-Jun-2026,19-Jun-2026,78.8765,14.0856
01-Jun-2026,19-Jun-2026,83.5162,9.49338
01-Jun-2026,19-Jun-2026,88.156,5.16084
01-Jun-2026,19-Jun-2026,92.7958,1.82919
01-Jun-2026,19-Jun-2026,97.4356,0.293876
01-Jun-2026,19-Jun-2026,102.075,0.0134023
01-Jun-2026,19-Jun-2026,106.715,0.000133529
01-Jun-2026,19-Jun-2026,111.355,3.68592e-07
01-Jun-2026,26-Jun-2026,74.2367,18.785
01-Jun-2026,26-Jun-2026,78.8765,14.1751
01-Jun-2026,26-Jun-2026,83.5162,9.65172
01-Jun-2026,26-Jun-2026,88.156,5.48508
01-Jun-2026,26-Jun-2026,92.7958,2.26719
01-Jun-2026,26-Jun-2026,97.4356,0.548449
01-Jun-2026,26-Jun-2026,102.075,0.0590323
01-Jun-2026,26-Jun-2026,106.715,0.0024063
01-Jun-2026,26-Jun-2026,111.355,4.23527e-05
01-Jun-2026,03-Jul-2026,74.2367,18.8474
01-Jun-2026,03-Jul-2026,78.8765,14.261
01-Jun-2026,03-Jul-2026,83.5162,9.80293
01-Jun-2026,03-Jul-2026,88.156,5.74798
01-Jun-2026,03-Jul-2026,92.7958,2.59171
01-Jun-2026,03-Jul-2026,97.4356,0.76798
01-Jun-2026,03-Jul-2026,102.075,0.123094
01-Jun-2026,03-Jul-2026,106.715,0.00948046
01-Jun-2026,03-Jul-2026,111.355,0.000382828
01-Jun-2026,30-Jun-2026,74.2367,18.8122
01-Jun-2026,30-Jun-2026,78.8765,14.2118
01-Jun-2026,30-Jun-2026,83.5162,9.717
01-Jun-2026,30-Jun-2026,88.156,5.60242
01-Jun-2026,30-Jun-2026,92.7958,2.41435
01-Jun-2026,30-Jun-2026,97.4356,0.645267
01-Jun-2026,30-Jun-2026,102.075,0.084671
01-Jun-2026,30-Jun-2026,106.715,0.00474465
01-Jun-2026,30-Jun-2026,111.355,0.000126588
01-Jun-2026,31-Jul-2026,74.2367,19.191
01-Jun-2026,31-Jul-2026,78.8765,14.7648
01-Jun-2026,31-Jul-2026,83.5162,10.5845
01-Jun-2026,31-Jul-2026,88.156,6.86065
01-Jun-2026,31-Jul-2026,92.7958,3.85276
01-Jun-2026,31-Jul-2026,97.4356,1.76939
01-Jun-2026,31-Jul-2026,102.075,0.621562
01-Jun-2026,31-Jul-2026,106.715,0.159517
01-Jun-2026,31-Jul-2026,111.355,0.0304269
01-Jun-2026,31-Aug-2026,74.2367,19.6793
01-Jun-2026,31-Aug-2026,78.8765,15.4406
01-Jun-2026,31-Aug-2026,83.5162,11.4905
01-Jun-2026,31-Aug-2026,88.156,7.97508
01-Jun-2026,31-Aug-2026,92.7958,5.05025
01-Jun-2026,31-Aug-2026,97.4356,2.83882
01-Jun-2026,31-Aug-2026,102.075,1.37444
01-Jun-2026,31-Aug-2026,106.715,0.560339
01-Jun-2026,31-Aug-2026,111.355,0.19249
01-Jun-2026,30-Sep-2026,74.2367,20.238
01-Jun-2026,30-Sep-2026,78.8765,16.1629
01-Jun-2026,30-Sep-2026,83.5162,12.385
01-Jun-2026,30-Sep-2026,88.156,9.01013
01-Jun-2026,30-Sep-2026,92.7958,6.14289
01-Jun-2026,30-Sep-2026,97.4356,3.86502
01-Jun-2026,30-Sep-2026,102.075,2.20821
01-Jun-2026,30-Sep-2026,106.715,1.13107
01-Jun-2026,30-Sep-2026,111.355,0.517985
01-Jun-2026,30-Oct-2026,74.2367,20.8621
01-Jun-2026,30-Oct-2026,78.8765,16.9324
01-Jun-2026,30-Oct-2026,83.5162,13.296
01-Jun-2026,30-Oct-2026,88.156,10.0314
01-Jun-2026,30-Oct-2026,92.7958,7.21266
01-Jun-2026,30-Oct-2026,97.4356,4.89688
01-Jun-2026,30-Oct-2026,102.075,3.10995
01-Jun-2026,30-Oct-2026,106.715,1.8335
01-Jun-2026,30-Oct-2026,111.355,1.00057
01-Jun-2026,30-Nov-2026,74.2367,21.5349
01-Jun-2026,30-Nov-2026,78.8765,17.7345
01-Jun-2026,30-Nov-2026,83.5162,14.2183
01-Jun-2026,30-Nov-2026,88.156,11.0456
01-Jun-2026,30-Nov-2026,92.7958,8.27044
01-Jun-2026,30-Nov-2026,97.4356,5.93411
01-Jun-2026,30-Nov-2026,102.075,4.05669
01-Jun-2026,30-Nov-2026,106.715,2.62977
01-Jun-2026,30-Nov-2026,111.355,1.61285
01-Jun-2026,31-Dec-2026,74.2367,22.2768
01-Jun-2026,31-Dec-2026,78.8765,18.5975
01-Jun-2026,31-Dec-2026,83.5162,15.1903
01-Jun-2026,31-Dec-2026,88.156,12.1005
01-Jun-2026,31-Dec-2026,92.7958,9.36789
01-Jun-2026,31-Dec-2026,97.4356,7.02226
01-Jun-2026,31-Dec-2026,102.075,5.07873
01-Jun-2026,31-Dec-2026,106.715,3.53336
01-Jun-2026,31-Dec-2026,111.355,2.36077
01-Jun-2026,29-Jan-2027,74.2367,22.9357
01-Jun-2026,29-Jan-2027,78.8765,19.3505
01-Jun-2026,29-Jan-2027,83.5162,16.0266
01-Jun-2026,29-Jan-2027,88.156,13.0002
01-Jun-2026,29-Jan-2027,92.7958,10.3021
01-Jun-2026,29-Jan-2027,97.4356,7.95548
01-Jun-2026,29-Jan-2027,102.075,5.97177
01-Jun-2026,29-Jan-2027,106.715,4.34869
01-Jun-2026,29-Jan-2027,111.355,3.06836
01-Jun-2026,26-Feb-2027,74.2367,23.552
01-Jun-2026,26-Feb-2027,78.8765,20.0461
01-Jun-2026,26-Feb-2027,83.5162,16.7918
01-Jun-2026,26-Feb-2027,88.156,13.8184
01-Jun-2026,26-Feb-2027,92.7958,11.151
01-Jun-2026,26-Feb-2027,97.4356,8.80751
01-Jun-2026,26-Feb-2027,102.075,6.79698
01-Jun-2026,26-Feb-2027,106.715,5.11772
01-Jun-2026,26-Feb-2027,111.355,3.75616
01-Jun-2026,31-Mar-2027,74.2367,24.3176
01-Jun-2026,31-Mar-2027,78.8765,20.9013
01-Jun-2026,31-Mar-2027,83.5162,17.7248
01-Jun-2026,31-Mar-2027,88.156,14.8115
01-Jun-2026,31-Mar-2027,92.7958,12.1802
01-Jun-2026,31-Mar-2027,97.4356,9.84465
01-Jun-2026,31-Mar-2027,102.075,7.81123
01-Jun-2026,31-Mar-2027,106.715,6.07847
01-Jun-2026,31-Mar-2027,111.355,4.63616
01-Jun-2026,30-Apr-2027,74.2367,25.0021
01-Jun-2026,30-Apr-2027,78.8765,21.6592
01-Jun-2026,30-Apr-2027,83.5162,18.5462
01-Jun-2026,30-Apr-2027,88.156,15.6821
01-Jun-2026,30-Apr-2027,92.7958,13.082
01-Jun-2026,30-Apr-2027,97.4356,10.7562
01-Jun-2026,30-Apr-2027,102.075,8.70965
01-Jun-2026,30-Apr-2027,106.715,6.94062
01-Jun-2026,30-Apr-2027,111.355,5.44083
02-Jun-2026,05-Jun-2026,83.6617,9.31732
02-Jun-2026,05-Jun-2026,88.3095,4.67118
02-Jun-2026,05-Jun-2026,92.9574,0.592075
02-Jun-2026,05-Jun-2026,97.6053,0.00011966
02-Jun-2026,05-Jun-2026,102.253,4.22317e-14
02-Jun-2026,05-Jun-2026,106.901,7.90748e-16
02-Jun-2026,05-Jun-2026,111.549,7.73332e-16
02-Jun-2026,12-Jun-2026,74.3659,18.681
02-Jun-2026,12-Jun-2026,79.0138,14.0387
02-Jun-2026,12-Jun-2026,83.6617,9.40069
02-Jun-2026,12-Jun-2026,88.3095,4.87609
02-Jun-2026,12-Jun-2026,92.9574,1.33387
02-Jun-2026,12-Jun-2026,97.6053,0.0873954
02-Jun-2026,12-Jun-2026,102.253,0.000483694
02-Jun-2026,12-Jun-2026,106.901,1.39855e-07
02-Jun-2026,12-Jun-2026,111.549,3.94099e-12
02-Jun-2026,19-Jun-2026,74.3659,18.7385
02-Jun-2026,19-Jun-2026,79.0138,14.1017
02-Jun-2026,19-Jun-2026,83.6617,9.49332
02-Jun-2026,19-Jun-2026,88.3095,5.12295
02-Jun-2026,19-Jun-2026,92.9574,1.75524
02-Jun-2026,19-Jun-2026,97.6053,0.252856
02-Jun-2026,19-Jun-2026,102.253,0.00896446
02-Jun-2026,19-Jun-2026,106.901,5.97509e-05
02-Jun-2026,19-Jun-2026,111.549,1.02391e-07
02-Jun-2026,26-Jun-2026,74.3659,18.81
02-Jun-2026,26-Jun-2026,79.0138,14.1885
02-Jun-2026,26-Jun-2026,83.6617,9.644
02-Jun-2026,26-Jun-2026,88.3095,5.44104
02-Jun-2026,26-Jun-2026,92.9574,2.19499
02-Jun-2026,26-Jun-2026,97.6053,0.497403
02-Jun-2026,26-Jun-2026,102.253,0.0466025
02-Jun-2026,26-Jun-2026,106.901,0.00153021
02-Jun-2026,26-Jun-2026,111.549,2.08632e-05
02-Jun-2026,03-Jul-2026,74.3659,18.8713
02-Jun-2026,03-Jul-2026,79.0138,14.2714
02-Jun-2026,03-Jul-2026,83.6617,9.79003
02-Jun-2026,03-Jul-2026,88.3095,5.70109
02-Jun-2026,03-Jul-2026,92.9574,2.52057
02-Jun-2026,03-Jul-2026,97.6053,0.712069
02-Jun-2026,03-Jul-2026,102.253,0.10368
02-Jun-2026,03-Jul-2026,106.901,0.00688975
02-Jun-2026,03-Jul-2026,111.549,0.000233617
02-Jun-2026,30-Jun-2026,74.3659,18.8368
02-Jun-2026,30-Jun-2026,79.0138,14.2239
02-Jun-2026,30-Jun-2026,83.6617,9.70684
02-Jun-2026,30-Jun-2026,88.3095,5.55694
02-Jun-2026,30-Jun-2026,92.9574,2.34263
02-Jun-2026,30-Jun-2026,97.6053,0.591777
02-Jun-2026,30-Jun-2026,102.253,0.0690969
02-Jun-2026,30-Jun-2026,106.901,0.00323183
02-Jun-2026,30-Jun-2026,111.549,6.9647e-05
02-Jun-2026,31-Jul-2026,74.3659,19.2075
02-Jun-2026,31-Jul-2026,79.0138,14.763
02-Jun-2026,31-Jul-2026,83.6617,10.5594
02-Jun-2026,31-Jul-2026,88.3095,6.81135
02-Jun-2026,31-Jul-2026,92.9574,3.78824
02-Jun-2026,31-Jul-2026,97.6053,1.70861
02-Jun-2026,31-Jul-2026,102.253,0.582074
02-Jun-2026,31-Jul-2026,106.901,0.142827
02-Jun-2026,31-Jul-2026,111.549,0.025788
02-Jun-2026,31-Aug-2026,74.3659,19.6893
02-Jun-2026,31-Aug-2026,79.0138,15.433
02-Jun-2026,31-Aug-2026,83.6617,11.4641
02-Jun-2026,31-Aug-2026,88.3095,7.93207
02-Jun-2026,31-Aug-2026,92.9574,4.99719
02-Jun-2026,31-Aug-2026,97.6053,2.78617
02-Jun-2026,31-Aug-2026,102.253,1.33256
02-Jun-2026,31-Aug-2026,106.901,0.534155
02-Jun-2026,31-Aug-2026,111.549,0.179644
02-Jun-2026,30-Sep-2026,74.3659,20.2457
02-Jun-2026,30-Sep-2026,79.0138,16.1558
02-Jun-2026,30-Sep-2026,83.6617,12.3639
02-Jun-2026,30-Sep-2026,88.3095,8.97764
02-Jun-2026,30-Sep-2026,92.9574,6.10391
02-Jun-2026,30-Sep-2026,97.6053,3.82578
02-Jun-2026,30-Sep-2026,102.253,2.17456
02-Jun-2026,30-Sep-2026,106.901,1.10645
02-Jun-2026,30-Sep-2026,111.549,0.502527
02-Jun-2026,30-Oct-2026,74.3659,20.8716
02-Jun-2026,30-Oct-2026,79.0138,16.9304
02-Jun-2026,30-Oct-2026,83.6617,13.2841
02-Jun-2026,30-Oct-2026,88.3095,10.0123
02-Jun-2026,30-Oct-2026,92.9574,7.18981
02-Jun-2026,30-Oct-2026,97.6053,4.87405
02-Jun-2026,30-Oct-2026,102.253,3.09018
02-Jun-2026,30-Oct-2026,106.901,1.81836
02-Jun-2026,30-Oct-2026,111.549,0.990088
02-Jun-2026,30-Nov-2026,74.3659,21.5493
02-Jun-2026,30-Nov-2026,79.0138,17.7408
02-Jun-2026,30-Nov-2026,83.6617,14.2183
02-Jun-2026,30-Nov-2026,88.3095,11.0417
02-Jun-2026,30-Nov-2026,92.9574,8.26511
02-Jun-2026,30-Nov-2026,97.6053,5.92948
02-Jun-2026,30-Nov-2026,102.253,4.05401
02-Jun-2026,30-Nov-2026,106.901,2.62921
02-Jun-2026,30-Nov-2026,111.549,1.61368
02-Jun-2026,31-Dec-2026,74.3659,22.2992
02-Jun-2026,31-Dec-2026,79.0138,18.615
02-Jun-2026,31-Dec-2026,83.6617,15.2048
02-Jun-2026,31-Dec-2026,88.3095,12.1139
02-Jun-2026,31-Dec-2026,92.9574,9.38185
02-Jun-2026,31-Dec-2026,97.6053,7.03779
02-Jun-2026,31-Dec-2026,102.253,5.09593
02-Jun-2026,31-Dec-2026,106.901,3.55138
02-Jun-2026,31-Dec-2026,111.549,2.37816
02-Jun-2026,29-Jan-2027,74.3659,22.9669
02-Jun-2026,29-Jan-2027,79.0138,19.3792
02-Jun-2026,29-Jan-2027,83.6617,16.0547
02-Jun-2026,29-Jan-2027,88.3095,13.0291
02-Jun-2026,29-Jan-2027,92.9574,10.3331
02-Jun-2026,29-Jan-2027,97.6053,7.9888
02-Jun-2026,29-Jan-2027,102.253,6.0069
02-Jun-2026,29-Jan-2027,106.901,4.38425
02-Jun-2026,29-Jan-2027,111.549,3.10242
02-Jun-2026,26-Feb-2027,74.3659,23.5922
02-Jun-2026,26-Feb-2027,79.0138,20.0859
02-Jun-2026,26-Feb-2027,83.6617,16.8328
02-Jun-2026,26-Feb-2027,88.3095,13.862
02-Jun-2026,26-Feb-2027,92.9574,11.1977
02-Jun-2026,26-Feb-2027,97.6053,8.8573
02-Jun-2026,26-Feb-2027,102.253,6.84892
02-Jun-2026,26-Feb-2027,106.901,5.17007
02-Jun-2026,26-Feb-2027,111.549,3.80672
02-Jun-2026,31-Mar-2027,74.3659,24.3699
02-Jun-2026,31-Mar-2027,79.0138,20.9555
02-Jun-2026,31-Mar-2027,83.6617,17.7822
02-Jun-2026,31-Mar-2027,88.3095,14.873
02-Jun-2026,31-Mar-2027,92.9574,12.2462
02-Jun-2026,31-Mar-2027,97.6053,9.91462
02-Jun-2026,31-Mar-2027,102.253,7.8839
02-Jun-2026,31-Mar-2027,106.901,6.15185
02-Jun-2026,31-Mar-2027,111.549,4.7078
02-Jun-2026,30-Apr-2027,74.3659,25.0659
02-Jun-2026,30-Apr-2027,79.0138,21.7265
02-Jun-2026,30-Apr-2027,83.6617,18.6183
02-Jun-2026,30-Apr-2027,88.3095,15.7597
02-Jun-2026,30-Apr-2027,92.9574,13.165
02-Jun-2026,30-Apr-2027,97.6053,10.844
02-Jun-2026,30-Apr-2027,102.253,8.80063
02-Jun-2026,30-Apr-2027,106.901,7.03274
02-Jun-2026,30-Apr-2027,111.549,5.53153
03-Jun-2026,05-Jun-2026,74.2317,18.5709
03-Jun-2026,05-Jun-2026,78.8712,13.9323
03-Jun-2026,05-Jun-2026,83.5107,9.2936
03-Jun-2026,05-Jun-2026,88.1502,4.65494
03-Jun-2026,05-Jun-2026,92.7897,0.448844
03-Jun-2026,05-Jun-2026,97.4292,6.00863e-07
03-Jun-2026,05-Jun-2026,102.069,7.72752e-16
03-Jun-2026,05-Jun-2026,106.708,8.72339e-16
03-Jun-2026,05-Jun-2026,111.348,9.28989e-16
03-Jun-2026,12-Jun-2026,74.2317,18.6424
03-Jun-2026,12-Jun-2026,78.8712,14.0082
03-Jun-2026,12-Jun-2026,83.5107,9.37578
03-Jun-2026,12-Jun-2026,88.1502,4.82133
03-Jun-2026,12-Jun-2026,92.7897,1.20276
03-Jun-2026,12-Jun-2026,97.4292,0.0498836
03-Jun-2026,12-Jun-2026,102.069,8.03487e-05
03-Jun-2026,12-Jun-2026,106.708,3.49646e-09
03-Jun-2026,12-Jun-2026,111.348,1.75027e-14
03-Jun-2026,19-Jun-2026,74.2317,18.7009
03-Jun-2026,19-Jun-2026,78.8712,14.0712
03-Jun-2026,19-Jun-2026,83.5107,9.45954
03-Jun-2026,19-Jun-2026,88.1502,5.04253
03-Jun-2026,19-Jun-2026,92.7897,1.61258
03-Jun-2026,19-Jun-2026,97.4292,0.18
03-Jun-2026,19-Jun-2026,102.069,0.00341737
03-Jun-2026,19-Jun-2026,106.708,8.89794e-06
03-Jun-2026,19-Jun-2026,111.348,5.58773e-09
03-Jun-2026,26-Jun-2026,74.2317,18.7729
03-Jun-2026,26-Jun-2026,78.8712,14.1547
03-Jun-2026,26-Jun-2026,83.5107,9.59506
03-Jun-2026,26-Jun-2026,88.1502,5.33824
03-Jun-2026,26-Jun-2026,92.7897,2.03932
03-Jun-2026,26-Jun-2026,97.4292,0.39195
03-Jun-2026,26-Jun-2026,102.069,0.0253654
03-Jun-2026,26-Jun-2026,106.708,0.000479989
03-Jun-2026,26-Jun-2026,111.348,3.62394e-06
03-Jun-2026,03-Jul-2026,74.2317,18.8337
03-Jun-2026,03-Jul-2026,78.8712,14.2327
03-Jun-2026,03-Jul-2026,83.5107,9.72841
03-Jun-2026,03-Jul-2026,88.1502,5.58421
03-Jun-2026,03-Jul-2026,92.7897,2.35577
03-Jun-2026,03-Jul-2026,97.4292,0.586273
03-Jun-2026,03-Jul-2026,102.069,0.0651933
03-Jun-2026,03-Jul-2026,106.708,0.00290447
03-Jun-2026,03-Jul-2026,111.348,6.38679e-05
03-Jun-2026,30-Jun-2026,74.2317,18.7996
03-Jun-2026,30-Jun-2026,78.8712,14.1882
03-Jun-2026,30-Jun-2026,83.5107,9.65221
03-Jun-2026,30-Jun-2026,88.1502,5.44752
03-Jun-2026,30-Jun-2026,92.7897,2.18274
03-Jun-2026,30-Jun-2026,97.4292,0.476706
03-Jun-2026,30-Jun-2026,102.069,0.0404734
03-Jun-2026,30-Jun-2026,106.708,0.00117892
03-Jun-2026,30-Jun-2026,111.348,1.52578e-05
03-Jun-2026,31-Jul-2026,74.2317,19.1565
03-Jun-2026,31-Jul-2026,78.8712,14.6933
03-Jun-2026,31-Jul-2026,83.5107,10.4522
03-Jun-2026,31-Jul-2026,88.1502,6.65444
03-Jun-2026,31-Jul-2026,92.7897,3.59541
03-Jun-2026,31-Jul-2026,97.4292,1.52888
03-Jun-2026,31-Jul-2026,102.069,0.468398
03-Jun-2026,31-Jul-2026,106.708,0.0983774
03-Jun-2026,31-Jul-2026,111.348,0.0148457
03-Jun-2026,31-Aug-2026,74.2317,19.616
03-Jun-2026,31-Aug-2026,78.8712,15.3329
03-Jun-2026,31-Aug-2026,83.5107,11.3257
03-Jun-2026,31-Aug-2026,88.1502,7.75193
03-Jun-2026,31-Aug-2026,92.7897,4.78807
03-Jun-2026,31-Aug-2026,97.4292,2.57944
03-Jun-2026,31-Aug-2026,102.069,1.16722
03-Jun-2026,31-Aug-2026,106.708,0.432273
03-Jun-2026,31-Aug-2026,111.348,0.132033
03-Jun-2026,30-Sep-2026,74.2317,20.1522
03-Jun-2026,30-Sep-2026,78.8712,16.0334
03-Jun-2026,30-Sep-2026,83.5107,12.2059
03-Jun-2026,30-Sep-2026,88.1502,8.78448
03-Jun-2026,30-Sep-2026,92.7897,5.88637
03-Jun-2026,30-Sep-2026,97.4292,3.60595
03-Jun-2026,30-Sep-2026,102.069,1.98066
03-Jun-2026,30-Sep-2026,106.708,0.961178
03-Jun-2026,30-Sep-2026,111.348,0.411565
03-Jun-2026,30-Oct-2026,74.2317,20.761
03-Jun-2026,30-Oct-2026,78.8712,16.7914
03-Jun-2026,30-Oct-2026,83.5107,13.1133
03-Jun-2026,30-Oct-2026,88.1502,9.81153
03-Jun-2026,30-Oct-2026,92.7897,6.96817
03-Jun-2026,30-Oct-2026,97.4292,4.64777
03-Jun-2026,30-Oct-2026,102.069,2.87996
03-Jun-2026,30-Oct-2026,106.708,1.64345
03-Jun-2026,30-Oct-2026,111.348,0.861264
03-Jun-2026,30-Nov-2026,74.2317,21.4252
03-Jun-2026,30-Nov-2026,78.8712,17.5901
03-Jun-2026,30-Nov-2026,83.5107,14.0393
03-Jun-2026,30-Nov-2026,88.1502,10.837
03-Jun-2026,30-Nov-2026,92.7897,8.04224
03-Jun-2026,30-Nov-2026,97.4292,5.70078
03-Jun-2026,30-Nov-2026,102.069,3.83501
03-Jun-2026,30-Nov-2026,106.708,2.43536
03-Jun-2026,30-Nov-2026,111.348,1.45631
03-Jun-2026,31-Dec-2026,74.2317,22.1645
03-Jun-2026,31-Dec-2026,78.8712,18.4559
03-Jun-2026,31-Dec-2026,83.5107,15.0208
03-Jun-2026,31-Dec-2026,88.1502,11.9078
03-Jun-2026,31-Dec-2026,92.7897,9.15983
03-Jun-2026,31-Dec-2026,97.4292,6.80936
03-Jun-2026,31-Dec-2026,102.069,4.87283
03-Jun-2026,31-Dec-2026,106.708,3.34575
03-Jun-2026,31-Dec-2026,111.348,2.20019
03-Jun-2026,29-Jan-2027,74.2317,22.8254
03-Jun-2026,29-Jan-2027,78.8712,19.2153
03-Jun-2026,29-Jan-2027,83.5107,15.8685
03-Jun-2026,29-Jan-2027,88.1502,12.8233
03-Jun-2026,29-Jan-2027,92.7897,10.113
03-Jun-2026,29-Jan-2027,97.4292,7.76213
03-Jun-2026,29-Jan-2027,102.069,5.78304
03-Jun-2026,29-Jan-2027,106.708,4.17306
03-Jun-2026,29-Jan-2027,111.348,2.91278
03-Jun-2026,26-Feb-2027,74.2317,23.4461
03-Jun-2026,26-Feb-2027,78.8712,19.9193
03-Jun-2026,26-Feb-2027,83.5107,16.646
03-Jun-2026,26-Feb-2027,88.1502,13.6575
03-Jun-2026,26-Feb-2027,92.7897,10.9802
03-Jun-2026,26-Feb-2027,97.4292,8.63314
03-Jun-2026,26-Feb-2027,102.069,6.62588
03-Jun-2026,26-Feb-2027,106.708,4.9564
03-Jun-2026,26-Feb-2027,111.348,3.61009
03-Jun-2026,31-Mar-2027,74.2317,24.22
03-Jun-2026,31-Mar-2027,78.8712,20.787
03-Jun-2026,31-Mar-2027,83.5107,17.5958
03-Jun-2026,31-Mar-2027,88.1502,14.671
03-Jun-2026,31-Mar-2027,92.7897,12.0325
03-Jun-2026,31-Mar-2027,97.4292,9.69433
03-Jun-2026,31-Mar-2027,102.069,7.6633
03-Jun-2026,31-Mar-2027,106.708,5.93757
03-Jun-2026,31-Mar-2027,111.348,4.50624
03-Jun-2026,30-Apr-2027,74.2317,24.914
03-Jun-2026,30-Apr-2027,78.8712,21.5576
03-Jun-2026,30-Apr-2027,83.5107,18.4332
03-Jun-2026,30-Apr-2027,88.1502,15.5605
03-Jun-2026,30-Apr-2027,92.7897,12.955
03-Jun-2026,30-Apr-2027,97.4292,10.6276
03-Jun-2026,30-Apr-2027,102.069,8.5831
03-Jun-2026,30-Apr-2027,106.708,6.81954
03-Jun-2026,30-Apr-2027,111.348,5.32809
04-Jun-2026,05-Jun-2026,74.5988,18.6561
04-Jun-2026,05-Jun-2026,79.2612,13.9941
04-Jun-2026,05-Jun-2026,83.9236,9.33204
04-Jun-2026,05-Jun-2026,88.5861,4.67001
04-Jun-2026,05-Jun-2026,93.2485,0.306465
04-Jun-2026,05-Jun-2026,97.9109,4.93265e-08
04-Jun-2026,05-Jun-2026,107.236,1.30962e-15
04-Jun-2026,05-Jun-2026,111.898,1.48713e-15
04-Jun-2026,12-Jun-2026,74.5988,18.7263
04-Jun-2026,12-Jun-2026,79.2612,14.0687
04-Jun-2026,12-Jun-2026,83.9236,9.41187
04-Jun-2026,12-Jun-2026,88.5861,4.81085
04-Jun-2026,12-Jun-2026,93.2485,1.11008
04-Jun-2026,12-Jun-2026,97.9109,0.0296114
04-Jun-2026,12-Jun-2026,102.573,1.40099e-05
04-Jun-2026,12-Jun-2026,107.236,1.02153e-10
04-Jun-2026,12-Jun-2026,111.898,3.77288e-15
04-Jun-2026,19-Jun-2026,74.5988,18.7838
04-Jun-2026,19-Jun-2026,79.2612,14.1302
04-Jun-2026,19-Jun-2026,83.9236,9.48851
04-Jun-2026,19-Jun-2026,88.5861,5.00894
04-Jun-2026,19-Jun-2026,93.2485,1.50422
04-Jun-2026,19-Jun-2026,97.9109,0.12903
04-Jun-2026,19-Jun-2026,102.573,0.00125512
04-Jun-2026,19-Jun-2026,107.236,1.28844e-06
04-Jun-2026,19-Jun-2026,111.898,3.20485e-10
04-Jun-2026,26-Jun-2026,74.5988,18.8543
04-Jun-2026,26-Jun-2026,79.2612,14.2096
04-Jun-2026,26-Jun-2026,83.9236,9.60947
04-Jun-2026,26-Jun-2026,88.5861,5.27726
04-Jun-2026,26-Jun-2026,93.2485,1.90374
04-Jun-2026,26-Jun-2026,97.9109,0.300522
04-Jun-2026,26-Jun-2026,102.573,0.0122392
04-Jun-2026,26-Jun-2026,107.236,0.000123507
04-Jun-2026,26-Jun-2026,111.898,5.09064e-07
04-Jun-2026,03-Jul-2026,74.5988,18.9131
04-Jun-2026,03-Jul-2026,79.2612,14.2818
04-Jun-2026,03-Jul-2026,83.9236,9.7278
04-Jun-2026,03-Jul-2026,88.5861,5.50001
04-Jun-2026,03-Jul-2026,93.2485,2.19456
04-Jun-2026,03-Jul-2026,97.9109,0.460088
04-Jun-2026,03-Jul-2026,102.573,0.0348265
04-Jun-2026,03-Jul-2026,107.236,0.000923986
04-Jun-2026,03-Jul-2026,111.898,1.23968e-05
04-Jun-2026,30-Jun-2026,74.5988,18.8802
04-Jun-2026,30-Jun-2026,79.2612,14.2408
04-Jun-2026,30-Jun-2026,83.9236,9.66023
04-Jun-2026,30-Jun-2026,88.5861,5.37634
04-Jun-2026,30-Jun-2026,93.2485,2.03606
04-Jun-2026,30-Jun-2026,97.9109,0.369996
04-Jun-2026,30-Jun-2026,102.573,0.020579
04-Jun-2026,30-Jun-2026,107.236,0.000338399
04-Jun-2026,30-Jun-2026,111.898,2.53378e-06
04-Jun-2026,31-Jul-2026,74.5988,19.2121
04-Jun-2026,31-Jul-2026,79.2612,14.6917
04-Jun-2026,31-Jul-2026,83.9236,10.364
04-Jun-2026,31-Jul-2026,88.5861,6.45465
04-Jun-2026,31-Jul-2026,93.2485,3.30145
04-Jun-2026,31-Jul-2026,97.9109,1.23628
04-Jun-2026,31-Jul-2026,102.573,0.295919
04-Jun-2026,31-Jul-2026,107.236,0.0443553
04-Jun-2026,31-Jul-2026,111.898,0.00480451
04-Jun-2026,31-Aug-2026,74.5988,19.6167
04-Jun-2026,31-Aug-2026,79.2612,15.2447
04-Jun-2026,31-Aug-2026,83.9236,11.1193
04-Jun-2026,31-Aug-2026,88.5861,7.4105
04-Jun-2026,31-Aug-2026,93.2485,4.33376
04-Jun-2026,31-Aug-2026,97.9109,2.09748
04-Jun-2026,31-Aug-2026,102.573,0.786624
04-Jun-2026,31-Aug-2026,107.236,0.224217
04-Jun-2026,31-Aug-2026,111.898,0.0518807
04-Jun-2026,30-Sep-2026,74.5988,20.0758
04-Jun-2026,30-Sep-2026,79.2612,15.8401
04-Jun-2026,30-Sep-2026,83.9236,11.8694
04-Jun-2026,30-Sep-2026,88.5861,8.29437
04-Jun-2026,30-Sep-2026,93.2485,5.26771
04-Jun-2026,30-Sep-2026,97.9109,2.93656
04-Jun-2026,30-Sep-2026,102.573,1.38366
04-Jun-2026,30-Sep-2026,107.236,0.542119
04-Jun-2026,30-Sep-2026,111.898,0.182145
04-Jun-2026,30-Oct-2026,74.5988,20.5885
04-Jun-2026,30-Oct-2026,79.2612,16.477
04-Jun-2026,30-Oct-2026,83.9236,12.6345
04-Jun-2026,30-Oct-2026,88.5861,9.16359
04-Jun-2026,30-Oct-2026,93.2485,6.17823
04-Jun-2026,30-Oct-2026,97.9109,3.78757
04-Jun-2026,30-Oct-2026,102.573,2.06258
04-Jun-2026,30-Oct-2026,107.236,0.985112
04-Jun-2026,30-Oct-2026,111.898,0.418151
04-Jun-2026,30-Nov-2026,74.5988,21.1415
04-Jun-2026,30-Nov-2026,79.2612,17.1425
04-Jun-2026,30-Nov-2026,83.9236,13.4096
04-Jun-2026,30-Nov-2026,88.5861,10.025
04-Jun-2026,30-Nov-2026,93.2485,7.07673
04-Jun-2026,30-Nov-2026,97.9109,4.64821
04-Jun-2026,30-Nov-2026,102.573,2.79802
04-Jun-2026,30-Nov-2026,107.236,1.52894
04-Jun-2026,30-Nov-2026,111.898,0.7621
04-Jun-2026,31-Dec-2026,74.5988,21.7523
04-Jun-2026,31-Dec-2026,79.2612,17.8598
04-Jun-2026,31-Dec-2026,83.9236,14.2271
04-Jun-2026,31-Dec-2026,88.5861,10.9203
04-Jun-2026,31-Dec-2026,93.2485,8.00829
04-Jun-2026,31-Dec-2026,97.9109,5.55548
04-Jun-2026,31-Dec-2026,102.573,3.60923
04-Jun-2026,31-Dec-2026,107.236,2.18075
04-Jun-2026,31-Dec-2026,111.898,1.22672
04-Jun-2026,29-Jan-2027,74.5988,22.2958
04-Jun-2026,29-Jan-2027,79.2612,18.487
04-Jun-2026,29-Jan-2027,83.9236,14.9311
04-Jun-2026,29-Jan-2027,88.5861,11.6838
04-Jun-2026,29-Jan-2027,93.2485,8.80145
04-Jun-2026,29-Jan-2027,97.9109,6.3366
04-Jun-2026,29-Jan-2027,102.573,4.32855
04-Jun-2026,29-Jan-2027,107.236,2.79079
04-Jun-2026,29-Jan-2027,111.898,1.69771
04-Jun-2026,26-Feb-2027,74.5988,22.805
04-Jun-2026,26-Feb-2027,79.2612,19.0674
04-Jun-2026,26-Feb-2027,83.9236,15.576
04-Jun-2026,26-Feb-2027,88.5861,12.3785
04-Jun-2026,26-Feb-2027,93.2485,9.52256
04-Jun-2026,26-Feb-2027,97.9109,7.05197
04-Jun-2026,26-Feb-2027,102.573,4.99996
04-Jun-2026,26-Feb-2027,107.236,3.38018
04-Jun-2026,26-Feb-2027,111.898,2.17705
04-Jun-2026,31-Mar-2027,74.5988,23.439
04-Jun-2026,31-Mar-2027,79.2612,19.7823
04-Jun-2026,31-Mar-2027,83.9236,16.3635
04-Jun-2026,31-Mar-2027,88.5861,13.2223
04-Jun-2026,31-Mar-2027,93.2485,10.3978
04-Jun-2026,31-Mar-2027,97.9109,7.92537
04-Jun-2026,31-Mar-2027,102.573,5.83225
04-Jun-2026,31-Mar-2027,107.236,4.13114
04-Jun-2026,31-Mar-2027,111.898,2.81375
04-Jun-2026,30-Apr-2027,74.5988,24.0072
04-Jun-2026,30-Apr-2027,79.2612,20.4174
04-Jun-2026,30-Apr-2027,83.9236,17.058
04-Jun-2026,30-Apr-2027,88.5861,13.963
04-Jun-2026,30-Apr-2027,93.2485,11.1656
04-Jun-2026,30-Apr-2027,97.9109,8.6953
04-Jun-2026,30-Apr-2027,102.573,6.57493
04-Jun-2026,30-Apr-2027,107.236,4.81595
04-Jun-2026,30-Apr-2027,111.898,3.41379
05-Jun-2026,12-Jun-2026,73.7984,18.5171
05-Jun-2026,12-Jun-2026,78.4108,13.909
05-Jun-2026,12-Jun-2026,83.0232,9.3021
05-Jun-2026,12-Jun-2026,87.6356,4.76793
05-Jun-2026,12-Jun-2026,92.248,1.17578
05-Jun-2026,12-Jun-2026,96.8604,0.049815
05-Jun-2026,12-Jun-2026,101.473,9.31447e-05
05-Jun-2026,12-Jun-2026,106.085,4.04973e-09
05-Jun-2026,12-Jun-2026,110.698,8.95413e-15
05-Jun-2026,19-Jun-2026,73.7984,18.5724
05-Jun-2026,19-Jun-2026,78.4108,13.9685
05-Jun-2026,19-Jun-2026,83.0232,9.38326
05-Jun-2026,19-Jun-2026,87.6356,5.00034
05-Jun-2026,19-Jun-2026,92.248,1.61795
05-Jun-2026,19-Jun-2026,96.8604,0.194882
05-Jun-2026,19-Jun-2026,101.473,0.00459977
05-Jun-2026,19-Jun-2026,106.085,1.54862e-05
05-Jun-2026,19-Jun-2026,110.698,1.08522e-08
05-Jun-2026,26-Jun-2026,73.7984,18.6405
05-Jun-2026,26-Jun-2026,78.4108,14.0486
05-Jun-2026,26-Jun-2026,83.0232,9.5194
05-Jun-2026,26-Jun-2026,87.6356,5.30606
05-Jun-2026,26-Jun-2026,92.248,2.05675
05-Jun-2026,26-Jun-2026,96.8604,0.418847
05-Jun-2026,26-Jun-2026,101.473,0.0312083
05-Jun-2026,26-Jun-2026,106.085,0.000710112
05-Jun-2026,26-Jun-2026,110.698,6.15192e-06
05-Jun-2026,03-Jul-2026,73.7984,18.6984
05-Jun-2026,03-Jul-2026,78.4108,14.1246
05-Jun-2026,03-Jul-2026,83.0232,9.65353
05-Jun-2026,03-Jul-2026,87.6356,5.55431
05-Jun-2026,03-Jul-2026,92.248,2.37207
05-Jun-2026,03-Jul-2026,96.8604,0.614658
05-Jun-2026,03-Jul-2026,101.473,0.0748035
05-Jun-2026,03-Jul-2026,106.085,0.00376194
05-Jun-2026,03-Jul-2026,110.698,9.16653e-05
05-Jun-2026,10-Jul-2026,73.7984,18.7598
05-Jun-2026,10-Jul-2026,78.4108,14.2108
05-Jun-2026,10-Jul-2026,83.0232,9.80092
05-Jun-2026,10-Jul-2026,87.6356,5.7969
05-Jun-2026,10-Jul-2026,92.248,2.66254
05-Jun-2026,10-Jul-2026,96.8604,0.813949
05-Jun-2026,10-Jul-2026,101.473,0.136561
05-Jun-2026,10-Jul-2026,106.085,0.011417
05-Jun-2026,10-Jul-2026,110.698,0.000536944
05-Jun-2026,30-Jun-2026,73.7984,18.6659
05-Jun-2026,30-Jun-2026,78.4108,14.0811
05-Jun-2026,30-Jun-2026,83.0232,9.577
05-Jun-2026,30-Jun-2026,87.6356,5.41699
05-Jun-2026,30-Jun-2026,92.248,2.20058
05-Jun-2026,30-Jun-2026,96.8604,0.505152
05-Jun-2026,30-Jun-2026,101.473,0.0481883
05-Jun-2026,30-Jun-2026,106.085,0.00163834
05-Jun-2026,30-Jun-2026,110.698,2.39848e-05
05-Jun-2026,31-Jul-2026,73.7984,19.0083
05-Jun-2026,31-Jul-2026,78.4108,14.5718
05-Jun-2026,31-Jul-2026,83.0232,10.3582
05-Jun-2026,31-Jul-2026,87.6356,6.58699
05-Jun-2026,31-Jul-2026,92.248,3.55001
05-Jun-2026,31-Jul-2026,96.8604,1.49938
05-Jun-2026,31-Jul-2026,101.473,0.452111
05-Jun-2026,31-Jul-2026,106.085,0.0927363
05-Jun-2026,31-Jul-2026,110.698,0.0137077
05-Jun-2026,31-Aug-2026,73.7984,19.4408
05-Jun-2026,31-Aug-2026,78.4108,15.1701
05-Jun-2026,31-Aug-2026,83.0232,11.1682
05-Jun-2026,31-Aug-2026,87.6356,7.59288
05-Jun-2026,31-Aug-2026,92.248,4.62579
05-Jun-2026,31-Aug-2026,96.8604,2.42485
05-Jun-2026,31-Aug-2026,101.473,1.04472
05-Jun-2026,31-Aug-2026,106.085,0.360395
05-Jun-2026,31-Aug-2026,110.698,0.101946
05-Jun-2026,30-Sep-2026,73.7984,19.9296
05-Jun-2026,30-Sep-2026,78.4108,15.803
05-Jun-2026,30-Sep-2026,83.0232,11.9566
05-Jun-2026,30-Sep-2026,87.6356,8.50836
05-Jun-2026,30-Sep-2026,92.248,5.58583
05-Jun-2026,30-Sep-2026,96.8604,3.30099
05-Jun-2026,30-Sep-2026,101.473,1.70971
05-Jun-2026,30-Sep-2026,106.085,0.763245
05-Jun-2026,30-Sep-2026,110.698,0.296538
05-Jun-2026,30-Oct-2026,73.7984,20.4699
05-Jun-2026,30-Oct-2026,78.4108,16.4705
05-Jun-2026,30-Oct-2026,83.0232,12.7498
05-Jun-2026,30-Oct-2026,87.6356,9.3991
05-Jun-2026,30-Oct-2026,92.248,6.51295
05-Jun-2026,30-Oct-2026,96.8604,4.17506
05-Jun-2026,30-Oct-2026,101.473,2.43485
05-Jun-2026,30-Oct-2026,106.085,1.2773
05-Jun-2026,30-Oct-2026,110.698,0.604664
05-Jun-2026,30-Nov-2026,73.7984,21.0471
05-Jun-2026,30-Nov-2026,78.4108,17.1602
05-Jun-2026,30-Nov-2026,83.0232,13.5454
05-Jun-2026,30-Nov-2026,87.6356,10.2748
05-Jun-2026,30-Nov-2026,92.248,7.4214
05-Jun-2026,30-Nov-2026,96.8604,5.04957
05-Jun-2026,30-Nov-2026,101.473,3.20108
05-Jun-2026,30-Nov-2026,106.085,1.87582
05-Jun-2026,30-Nov-2026,110.698,1.01646
05-Jun-2026,31-Dec-2026,73.7984,21.6788
05-Jun-2026,31-Dec-2026,78.4108,17.8969
05-Jun-2026,31-Dec-2026,83.0232,14.378
05-Jun-2026,31-Dec-2026,87.6356,11.1794
05-Jun-2026,31-Dec-2026,92.248,8.35819
05-Jun-2026,31-Dec-2026,96.8604,5.96456
05-Jun-2026,31-Dec-2026,101.473,4.03283
05-Jun-2026,31-Dec-2026,106.085,2.56931
05-Jun-2026,31-Dec-2026,110.698,1.54119
05-Jun-2026,29-Jan-2027,73.7984,22.2369
05-Jun-2026,29-Jan-2027,78.4108,18.5367
05-Jun-2026,29-Jan-2027,83.0232,15.0908
05-Jun-2026,29-Jan-2027,87.6356,11.9471
05-Jun-2026,29-Jan-2027,92.248,9.15262
05-Jun-2026,29-Jan-2027,96.8604,6.74826
05-Jun-2026,29-Jan-2027,101.473,4.76289
05-Jun-2026,29-Jan-2027,106.085,3.20481
05-Jun-2026,29-Jan-2027,110.698,2.05361
05-Jun-2026,26-Feb-2027,73.7984,22.7569
05-Jun-2026,26-Feb-2027,78.4108,19.1258
05-Jun-2026,26-Feb-2027,83.0232,15.7409
05-Jun-2026,26-Feb-2027,87.6356,12.6435
05-Jun-2026,26-Feb-2027,92.248,9.87285
05-Jun-2026,26-Feb-2027,96.8604,7.46349
05-Jun-2026,26-Feb-2027,101.473,5.43994
05-Jun-2026,26-Feb-2027,106.085,3.8109
05-Jun-2026,26-Feb-2027,110.698,2.5631
05-Jun-2026,31-Mar-2027,73.7984,23.4012
05-Jun-2026,31-Mar-2027,78.4108,19.8483
05-Jun-2026,31-Mar-2027,83.0232,16.532
05-Jun-2026,31-Mar-2027,87.6356,13.4868
05-Jun-2026,31-Mar-2027,92.248,10.7449
05-Jun-2026,31-Mar-2027,96.8604,8.3342
05-Jun-2026,31-Mar-2027,101.473,6.275
05-Jun-2026,31-Mar-2027,106.085,4.57552
05-Jun-2026,31-Mar-2027,110.698,3.22786
05-Jun-2026,30-Apr-2027,73.7984,23.9762
05-Jun-2026,30-Apr-2027,78.4108,20.4875
05-Jun-2026,30-Apr-2027,83.0232,17.2274
05-Jun-2026,30-Apr-2027,87.6356,14.2253
05-Jun-2026,30-Apr-2027,92.248,11.5083
05-Jun-2026,30-Apr-2027,96.8604,9.09993
05-Jun-2026,30-Apr-2027,101.473,7.01718
05-Jun-2026,30-Apr-2027,106.085,5.26754
05-Jun-2026,30-Apr-2027,110.698,3.84595
08-Jun-2026,12-Jun-2026,78.4201,13.8652
08-Jun-2026,12-Jun-2026,83.0331,9.25375
08-Jun-2026,12-Jun-2026,87.646,4.64587
08-Jun-2026,12-Jun-2026,92.259,0.715562
08-Jun-2026,12-Jun-2026,96.8719,0.0014254
08-Jun-2026,12-Jun-2026,101.485,6.18459e-10
08-Jun-2026,19-Jun-2026,73.8072,18.5446
08-Jun-2026,19-Jun-2026,78.4201,13.9376
08-Jun-2026,19-Jun-2026,83.0331,9.33807
08-Jun-2026,19-Jun-2026,87.646,4.88274
08-Jun-2026,19-Jun-2026,92.259,1.42659
08-Jun-2026,19-Jun-2026,96.8719,0.123359
08-Jun-2026,19-Jun-2026,101.485,0.00138504
08-Jun-2026,19-Jun-2026,106.098,1.26805e-06
08-Jun-2026,19-Jun-2026,110.711,1.39091e-10
08-Jun-2026,26-Jun-2026,73.8072,18.6004
08-Jun-2026,26-Jun-2026,78.4201,13.9998
08-Jun-2026,26-Jun-2026,83.0331,9.43648
08-Jun-2026,26-Jun-2026,87.646,5.13843
08-Jun-2026,26-Jun-2026,92.259,1.83706
08-Jun-2026,26-Jun-2026,96.8719,0.303561
08-Jun-2026,26-Jun-2026,101.485,0.0147504
08-Jun-2026,26-Jun-2026,106.098,0.000162215
08-Jun-2026,26-Jun-2026,110.711,5.02188e-07
08-Jun-2026,03-Jul-2026,73.8072,18.6701
08-Jun-2026,03-Jul-2026,78.4201,14.0873
08-Jun-2026,03-Jul-2026,83.0331,9.59247
08-Jun-2026,03-Jul-2026,87.646,5.45549
08-Jun-2026,03-Jul-2026,92.259,2.26079
08-Jun-2026,03-Jul-2026,96.8719,0.54988
08-Jun-2026,03-Jul-2026,101.485,0.0596465
08-Jun-2026,03-Jul-2026,106.098,0.00245988
08-Jun-2026,03-Jul-2026,110.711,4.42092e-05
08-Jun-2026,10-Jul-2026,73.8072,18.7306
08-Jun-2026,10-Jul-2026,78.4201,14.1709
08-Jun-2026,10-Jul-2026,83.0331,9.73941
08-Jun-2026,10-Jul-2026,87.646,5.70884
08-Jun-2026,10-Jul-2026,92.259,2.57047
08-Jun-2026,10-Jul-2026,96.8719,0.757279
08-Jun-2026,10-Jul-2026,101.485,0.119404
08-Jun-2026,10-Jul-2026,106.098,0.00896792
08-Jun-2026,10-Jul-2026,110.711,0.000355055
08-Jun-2026,30-Jun-2026,73.8072,18.638
08-Jun-2026,30-Jun-2026,78.4201,14.0456
08-Jun-2026,30-Jun-2026,83.0331,9.51759
08-Jun-2026,30-Jun-2026,87.646,5.31203
08-Jun-2026,30-Jun-2026,92.259,2.0758
08-Jun-2026,30-Jun-2026,96.8719,0.436212
08-Jun-2026,30-Jun-2026,101.485,0.0351757
08-Jun-2026,30-Jun-2026,106.098,0.000894706
08-Jun-2026,30-Jun-2026,110.711,8.47146e-06
08-Jun-2026,31-Jul-2026,73.8072,18.9589
08-Jun-2026,31-Jul-2026,78.4201,14.5048
08-Jun-2026,31-Jul-2026,83.0331,10.2682
08-Jun-2026,31-Jul-2026,87.646,6.47847
08-Jun-2026,31-Jul-2026,92.259,3.44363
08-Jun-2026,31-Jul-2026,96.8719,1.4226
08-Jun-2026,31-Jul-2026,101.485,0.41462
08-Jun-2026,31-Jul-2026,106.098,0.0805718
08-Jun-2026,31-Jul-2026,110.711,0.0109591
08-Jun-2026,31-Aug-2026,73.8072,19.3897
08-Jun-2026,31-Aug-2026,78.4201,15.1076
08-Jun-2026,31-Aug-2026,83.0331,11.096
08-Jun-2026,31-Aug-2026,87.646,7.5172
08-Jun-2026,31-Aug-2026,92.259,4.55747
08-Jun-2026,31-Aug-2026,96.8719,2.37426
08-Jun-2026,31-Aug-2026,101.485,1.01492
08-Jun-2026,31-Aug-2026,106.098,0.346035
08-Jun-2026,31-Aug-2026,110.711,0.0959571
08-Jun-2026,30-Sep-2026,73.8072,19.8828
08-Jun-2026,30-Sep-2026,78.4201,15.7501
08-Jun-2026,30-Sep-2026,83.0331,11.9006
08-Jun-2026,30-Sep-2026,87.646,8.45435
08-Jun-2026,30-Sep-2026,92.259,5.53987
08-Jun-2026,30-Sep-2026,96.8719,3.2677
08-Jun-2026,30-Sep-2026,101.485,1.68953
08-Jun-2026,30-Sep-2026,106.098,0.752497
08-Jun-2026,30-Sep-2026,110.711,0.290946
08-Jun-2026,30-Oct-2026,73.8072,20.4559
08-Jun-2026,30-Oct-2026,78.4201,16.4597
08-Jun-2026,30-Oct-2026,83.0331,12.7449
08-Jun-2026,30-Oct-2026,87.646,9.40229
08-Jun-2026,30-Oct-2026,92.259,6.5253
08-Jun-2026,30-Oct-2026,96.8719,4.19505
08-Jun-2026,30-Oct-2026,101.485,2.45804
08-Jun-2026,30-Oct-2026,106.098,1.2979
08-Jun-2026,30-Oct-2026,110.711,0.618906
08-Jun-2026,30-Nov-2026,73.8072,21.0412
08-Jun-2026,30-Nov-2026,78.4201,17.1592
08-Jun-2026,30-Nov-2026,83.0331,13.5512
08-Jun-2026,30-Nov-2026,87.646,10.2888
08-Jun-2026,30-Nov-2026,92.259,7.44364
08-Jun-2026,30-Nov-2026,96.8719,5.07819
08-Jun-2026,30-Nov-2026,101.485,3.23216
08-Jun-2026,30-Nov-2026,106.098,1.90438
08-Jun-2026,30-Nov-2026,110.711,1.0386
08-Jun-2026,31-Dec-2026,73.8072,21.6263
08-Jun-2026,31-Dec-2026,78.4201,17.8417
08-Jun-2026,31-Dec-2026,83.0331,14.3222
08-Jun-2026,31-Dec-2026,87.646,11.1257
08-Jun-2026,31-Dec-2026,92.259,8.30921
08-Jun-2026,31-Dec-2026,96.8719,5.92244
08-Jun-2026,31-Dec-2026,101.485,3.99883
08-Jun-2026,31-Dec-2026,106.098,2.54352
08-Jun-2026,31-Dec-2026,110.711,1.52268
08-Jun-2026,29-Jan-2027,73.8072,22.2181
08-Jun-2026,29-Jan-2027,78.4201,18.5202
08-Jun-2026,29-Jan-2027,83.0331,15.0778
08-Jun-2026,29-Jan-2027,87.646,11.9389
08-Jun-2026,29-Jan-2027,92.259,9.14969
08-Jun-2026,29-Jan-2027,96.8719,6.75043
08-Jun-2026,29-Jan-2027,101.485,4.76912
08-Jun-2026,29-Jan-2027,106.098,3.21334
08-Jun-2026,29-Jan-2027,110.711,2.06249
08-Jun-2026,26-Feb-2027,73.8072,22.7711
08-Jun-2026,26-Feb-2027,78.4201,19.1462
08-Jun-2026,26-Feb-2027,83.0331,15.7681
08-Jun-2026,26-Feb-2027,87.646,12.6773
08-Jun-2026,26-Feb-2027,92.259,9.91264
08-Jun-2026,26-Feb-2027,96.8719,7.50743
08-Jun-2026,26-Feb-2027,101.485,5.48545
08-Jun-2026,26-Feb-2027,106.098,3.85486
08-Jun-2026,26-Feb-2027,110.711,2.60252
08-Jun-2026,31-Mar-2027,73.8072,23.4214
08-Jun-2026,31-Mar-2027,78.4201,19.8745
08-Jun-2026,31-Mar-2027,83.0331,16.5647
08-Jun-2026,31-Mar-2027,87.646,13.5256
08-Jun-2026,31-Mar-2027,92.259,10.7889
08-Jun-2026,31-Mar-2027,96.8719,8.38188
08-Jun-2026,31-Mar-2027,101.485,6.32405
08-Jun-2026,31-Mar-2027,106.098,4.6233
08-Jun-2026,31-Mar-2027,110.711,3.27177
08-Jun-2026,30-Apr-2027,73.8072,24.0011
08-Jun-2026,30-Apr-2027,78.4201,20.5184
08-Jun-2026,30-Apr-2027,83.0331,17.2643
08-Jun-2026,30-Apr-2027,87.646,14.2678
08-Jun-2026,30-Apr-2027,92.259,11.5555
08-Jun-2026,30-Apr-2027,96.8719,9.1504
08-Jun-2026,30-Apr-2027,101.485,7.06887
08-Jun-2026,30-Apr-2027,106.098,5.31816
08-Jun-2026,30-Apr-2027,110.711,3.89321
09-Jun-2026,12-Jun-2026,73.725,18.4495
09-Jun-2026,12-Jun-2026,78.3328,13.8429
09-Jun-2026,12-Jun-2026,82.9406,9.2362
09-Jun-2026,12-Jun-2026,87.5484,4.63067
09-Jun-2026,12-Jun-2026,92.1562,0.635518
09-Jun-2026,12-Jun-2026,96.764,0.000415841
09-Jun-2026,12-Jun-2026,101.372,7.94242e-12
09-Jun-2026,12-Jun-2026,105.98,1.0709e-15
09-Jun-2026,12-Jun-2026,110.587,1.08677e-15
09-Jun-2026,19-Jun-2026,73.725,18.5165
09-Jun-2026,19-Jun-2026,78.3328,13.9142
09-Jun-2026,19-Jun-2026,82.9406,9.31864
09-Jun-2026,19-Jun-2026,87.5484,4.86416
09-Jun-2026,19-Jun-2026,92.1562,1.41391
09-Jun-2026,19-Jun-2026,96.764,0.122437
09-Jun-2026,19-Jun-2026,101.372,0.00142671
09-Jun-2026,19-Jun-2026,105.98,1.35478e-06
09-Jun-2026,19-Jun-2026,110.587,1.37578e-10
09-Jun-2026,26-Jun-2026,73.725,18.5715
09-Jun-2026,26-Jun-2026,78.3328,13.9755
09-Jun-2026,26-Jun-2026,82.9406,9.4174
09-Jun-2026,26-Jun-2026,87.5484,5.12921
09-Jun-2026,26-Jun-2026,92.1562,1.84432
09-Jun-2026,26-Jun-2026,96.764,0.313913
09-Jun-2026,26-Jun-2026,101.372,0.0165854
09-Jun-2026,26-Jun-2026,105.98,0.000206548
09-Jun-2026,26-Jun-2026,110.587,7.02518e-07
09-Jun-2026,03-Jul-2026,73.725,18.6403
09-Jun-2026,03-Jul-2026,78.3328,14.0628
09-Jun-2026,03-Jul-2026,82.9406,9.57707
09-Jun-2026,03-Jul-2026,87.5484,5.45771
09-Jun-2026,03-Jul-2026,92.1562,2.28411
09-Jun-2026,03-Jul-2026,96.764,0.574314
09-Jun-2026,03-Jul-2026,101.372,0.0674422
09-Jun-2026,03-Jul-2026,105.98,0.00313413
09-Jun-2026,03-Jul-2026,110.587,6.30572e-05
09-Jun-2026,10-Jul-2026,73.725,18.7004
09-Jun-2026,10-Jul-2026,78.3328,14.1474
09-Jun-2026,10-Jul-2026,82.9406,9.72834
09-Jun-2026,10-Jul-2026,87.5484,5.71938
09-Jun-2026,10-Jul-2026,92.1562,2.60383
09-Jun-2026,10-Jul-2026,96.764,0.792078
09-Jun-2026,10-Jul-2026,101.372,0.134095
09-Jun-2026,10-Jul-2026,105.98,0.0112029
09-Jun-2026,10-Jul-2026,110.587,0.000493349
09-Jun-2026,30-Jun-2026,73.725,18.6086
09-Jun-2026,30-Jun-2026,78.3328,14.021
09-Jun-2026,30-Jun-2026,82.9406,9.50021
09-Jun-2026,30-Jun-2026,87.5484,5.3092
09-Jun-2026,30-Jun-2026,92.1562,2.09252
09-Jun-2026,30-Jun-2026,96.764,0.454407
09-Jun-2026,30-Jun-2026,101.372,0.0398219
09-Jun-2026,30-Jun-2026,105.98,0.00114785
09-Jun-2026,30-Jun-2026,110.587,1.21497e-05
09-Jun-2026,31-Jul-2026,73.725,18.9302
09-Jun-2026,31-Jul-2026,78.3328,14.4887
09-Jun-2026,31-Jul-2026,82.9406,10.2726
09-Jun-2026,31-Jul-2026,87.5484,6.51052
09-Jun-2026,31-Jul-2026,92.1562,3.50058
09-Jun-2026,31-Jul-2026,96.764,1.4843
09-Jun-2026,31-Jul-2026,101.372,0.454952
09-Jun-2026,31-Jul-2026,105.98,0.0951922
09-Jun-2026,31-Jul-2026,110.587,0.0140163
09-Jun-2026,31-Aug-2026,73.725,19.3692
09-Jun-2026,31-Aug-2026,78.3328,15.1065
09-Jun-2026,31-Aug-2026,82.9406,11.1211
09-Jun-2026,31-Aug-2026,87.5484,7.57241
09-Jun-2026,31-Aug-2026,92.1562,4.63843
09-Jun-2026,31-Aug-2026,96.764,2.46447
09-Jun-2026,31-Aug-2026,101.372,1.0899
09-Jun-2026,31-Aug-2026,105.98,0.390158
09-Jun-2026,31-Aug-2026,110.587,0.114318
09-Jun-2026,30-Sep-2026,73.725,19.8726
09-Jun-2026,30-Sep-2026,78.3328,15.7634
09-Jun-2026,30-Sep-2026,82.9406,11.9425
09-Jun-2026,30-Sep-2026,87.5484,8.52692
09-Jun-2026,30-Sep-2026,92.1562,5.63849
09-Jun-2026,30-Sep-2026,96.764,3.37863
09-Jun-2026,30-Sep-2026,101.372,1.79162
09-Jun-2026,30-Sep-2026,105.98,0.82687
09-Jun-2026,30-Sep-2026,110.587,0.333307
09-Jun-2026,30-Oct-2026,73.725,20.4571
09-Jun-2026,30-Oct-2026,78.3328,16.4869
09-Jun-2026,30-Oct-2026,82.9406,12.802
09-Jun-2026,30-Oct-2026,87.5484,9.49012
09-Jun-2026,30-Oct-2026,92.1562,6.63928
09-Jun-2026,30-Oct-2026,96.764,4.32365
09-Jun-2026,30-Oct-2026,101.372,2.58339
09-Jun-2026,30-Oct-2026,105.98,1.40135
09-Jun-2026,30-Oct-2026,110.587,0.690226
09-Jun-2026,30-Nov-2026,73.725,21.0533
09-Jun-2026,30-Nov-2026,78.3328,17.1987
09-Jun-2026,30-Nov-2026,82.9406,13.6212
09-Jun-2026,30-Nov-2026,87.5484,10.3893
09-Jun-2026,30-Nov-2026,92.1562,7.57031
09-Jun-2026,30-Nov-2026,96.764,5.2211
09-Jun-2026,30-Nov-2026,101.372,3.3761
09-Jun-2026,30-Nov-2026,105.98,2.03218
09-Jun-2026,30-Nov-2026,110.587,1.13753
09-Jun-2026,31-Dec-2026,73.725,21.6483
09-Jun-2026,31-Dec-2026,78.3328,17.8921
09-Jun-2026,31-Dec-2026,82.9406,14.4033
09-Jun-2026,31-Dec-2026,87.5484,11.237
09-Jun-2026,31-Dec-2026,92.1562,8.44665
09-Jun-2026,31-Dec-2026,96.764,6.07733
09-Jun-2026,31-Dec-2026,101.372,4.15803
09-Jun-2026,31-Dec-2026,105.98,2.6916
09-Jun-2026,31-Dec-2026,110.587,1.64629
09-Jun-2026,29-Jan-2027,73.725,22.2493
09-Jun-2026,29-Jan-2027,78.3328,18.5804
09-Jun-2026,29-Jan-2027,82.9406,15.1687
09-Jun-2026,29-Jan-2027,87.5484,12.0598
09-Jun-2026,29-Jan-2027,92.1562,9.29668
09-Jun-2026,29-Jan-2027,96.764,6.91581
09-Jun-2026,29-Jan-2027,101.372,4.94143
09-Jun-2026,29-Jan-2027,105.98,3.37882
09-Jun-2026,29-Jan-2027,110.587,2.20808
09-Jun-2026,26-Feb-2027,73.725,22.8104
09-Jun-2026,26-Feb-2027,78.3328,19.2147
09-Jun-2026,26-Feb-2027,82.9406,15.8673
09-Jun-2026,26-Feb-2027,87.5484,12.8063
09-Jun-2026,26-Feb-2027,92.1562,10.0676
09-Jun-2026,26-Feb-2027,96.764,7.68149
09-Jun-2026,26-Feb-2027,101.372,5.66843
09-Jun-2026,26-Feb-2027,105.98,4.0344
09-Jun-2026,26-Feb-2027,110.587,2.76624
09-Jun-2026,31-Mar-2027,73.725,23.4693
09-Jun-2026,31-Mar-2027,78.3328,19.9521
09-Jun-2026,31-Mar-2027,82.9406,16.6727
09-Jun-2026,31-Mar-2027,87.5484,13.6631
09-Jun-2026,31-Mar-2027,92.1562,10.9524
09-Jun-2026,31-Mar-2027,96.764,8.56508
09-Jun-2026,31-Mar-2027,101.372,6.51808
09-Jun-2026,31-Mar-2027,105.98,4.81723
09-Jun-2026,31-Mar-2027,110.587,3.4542
09-Jun-2026,30-Apr-2027,73.725,24.0563
09-Jun-2026,30-Apr-2027,78.3328,20.6032
09-Jun-2026,30-Apr-2027,82.9406,17.3795
09-Jun-2026,30-Apr-2027,87.5484,14.4122
09-Jun-2026,30-Apr-2027,92.1562,11.7258
09-Jun-2026,30-Apr-2027,96.764,9.34095
09-Jun-2026,30-Apr-2027,101.372,7.27166
09-Jun-2026,30-Apr-2027,105.98,5.52335
09-Jun-2026,30-Apr-2027,110.587,4.09029
10-Jun-2026,12-Jun-2026,83.4268,9.28327
10-Jun-2026,12-Jun-2026,88.0616,4.64925
10-Jun-2026,12-Jun-2026,92.6964,0.489992
10-Jun-2026,12-Jun-2026,97.3312,6.06029e-06
10-Jun-2026,12-Jun-2026,101.966,9.75521e-16
10-Jun-2026,12-Jun-2026,106.601,1.00126e-15
10-Jun-2026,12-Jun-2026,111.236,9.87638e-16
10-Jun-2026,19-Jun-2026,74.1571,18.618
10-Jun-2026,19-Jun-2026,78.7919,13.9881
10-Jun-2026,19-Jun-2026,83.4268,9.3615
10-Jun-2026,19-Jun-2026,88.0616,4.83835
10-Jun-2026,19-Jun-2026,92.6964,1.29223
10-Jun-2026,19-Jun-2026,97.3312,0.0775792
10-Jun-2026,19-Jun-2026,101.966,0.00034969
10-Jun-2026,19-Jun-2026,106.601,6.94864e-08
10-Jun-2026,19-Jun-2026,111.236,1.12721e-12
10-Jun-2026,26-Jun-2026,74.1571,18.6725
10-Jun-2026,26-Jun-2026,78.7919,14.0476
10-Jun-2026,26-Jun-2026,83.4268,9.44843
10-Jun-2026,26-Jun-2026,88.0616,5.07913
10-Jun-2026,26-Jun-2026,92.6964,1.71401
10-Jun-2026,26-Jun-2026,97.3312,0.236085
10-Jun-2026,26-Jun-2026,101.966,0.0075638
10-Jun-2026,26-Jun-2026,106.601,4.24724e-05
10-Jun-2026,26-Jun-2026,111.236,5.80587e-08
10-Jun-2026,03-Jul-2026,74.1571,18.74
10-Jun-2026,03-Jul-2026,78.7919,14.1292
10-Jun-2026,03-Jul-2026,83.4268,9.59102
10-Jun-2026,03-Jul-2026,88.0616,5.38689
10-Jun-2026,03-Jul-2026,92.6964,2.14233
10-Jun-2026,03-Jul-2026,97.3312,0.466852
10-Jun-2026,03-Jul-2026,101.966,0.040113
10-Jun-2026,03-Jul-2026,106.601,0.00114988
10-Jun-2026,03-Jul-2026,111.236,1.34045e-05
10-Jun-2026,10-Jul-2026,74.1571,18.7979
10-Jun-2026,10-Jul-2026,78.7919,14.207
10-Jun-2026,10-Jul-2026,83.4268,9.72888
10-Jun-2026,10-Jul-2026,88.0616,5.63535
10-Jun-2026,10-Jul-2026,92.6964,2.45329
10-Jun-2026,10-Jul-2026,97.3312,0.665694
10-Jun-2026,10-Jul-2026,101.966,0.0888763
10-Jun-2026,10-Jul-2026,106.601,0.00517648
10-Jun-2026,10-Jul-2026,111.236,0.000151952
10-Jun-2026,30-Jun-2026,74.1571,18.7091
10-Jun-2026,30-Jun-2026,78.7919,14.0904
10-Jun-2026,30-Jun-2026,83.4268,9.52193
10-Jun-2026,30-Jun-2026,88.0616,5.24701
10-Jun-2026,30-Jun-2026,92.6964,1.95588
10-Jun-2026,30-Jun-2026,97.3312,0.35932
10-Jun-2026,30-Jun-2026,101.966,0.021591
10-Jun-2026,30-Jun-2026,106.601,0.000344766
10-Jun-2026,30-Jun-2026,111.236,1.86679e-06
10-Jun-2026,31-Jul-2026,74.1571,19.0147
10-Jun-2026,31-Jul-2026,78.7919,14.5224
10-Jun-2026,31-Jul-2026,83.4268,10.2372
10-Jun-2026,31-Jul-2026,88.0616,6.39532
10-Jun-2026,31-Jul-2026,92.6964,3.32647
10-Jun-2026,31-Jul-2026,97.3312,1.31463
10-Jun-2026,31-Jul-2026,101.966,0.353547
10-Jun-2026,31-Jul-2026,106.601,0.0610848
10-Jun-2026,31-Jul-2026,111.236,0.00725022
10-Jun-2026,31-Aug-2026,74.1571,19.4275
10-Jun-2026,31-Aug-2026,78.7919,15.1046
10-Jun-2026,31-Aug-2026,83.4268,11.0479
10-Jun-2026,31-Aug-2026,88.0616,7.4268
10-Jun-2026,31-Aug-2026,92.6964,4.4393
10-Jun-2026,31-Aug-2026,97.3312,2.25569
10-Jun-2026,31-Aug-2026,101.966,0.925705
10-Jun-2026,31-Aug-2026,106.601,0.298004
10-Jun-2026,31-Aug-2026,111.236,0.077279
10-Jun-2026,30-Sep-2026,74.1571,19.906
10-Jun-2026,30-Sep-2026,78.7919,15.7336
10-Jun-2026,30-Sep-2026,83.4268,11.8434
10-Jun-2026,30-Sep-2026,88.0616,8.36093
10-Jun-2026,30-Sep-2026,92.6964,5.42235
10-Jun-2026,30-Sep-2026,97.3312,3.1459
10-Jun-2026,30-Sep-2026,101.966,1.58619
10-Jun-2026,30-Sep-2026,106.601,0.682572
10-Jun-2026,30-Sep-2026,111.236,0.253354
10-Jun-2026,30-Oct-2026,74.1571,20.4674
10-Jun-2026,30-Oct-2026,78.7919,16.4336
10-Jun-2026,30-Oct-2026,83.4268,12.6823
10-Jun-2026,30-Oct-2026,88.0616,9.30843
10-Jun-2026,30-Oct-2026,92.6964,6.41029
10-Jun-2026,30-Oct-2026,97.3312,4.07393
10-Jun-2026,30-Oct-2026,101.966,2.34808
10-Jun-2026,30-Oct-2026,106.601,1.21295
10-Jun-2026,30-Oct-2026,111.236,0.563385
10-Jun-2026,30-Nov-2026,74.1571,21.0445
10-Jun-2026,30-Nov-2026,78.7919,17.1273
10-Jun-2026,30-Nov-2026,83.4268,13.4865
10-Jun-2026,30-Nov-2026,88.0616,10.1965
10-Jun-2026,30-Nov-2026,92.6964,7.33246
10-Jun-2026,30-Nov-2026,97.3312,4.96016
10-Jun-2026,30-Nov-2026,101.966,3.1208
10-Jun-2026,30-Nov-2026,106.601,1.81147
10-Jun-2026,30-Nov-2026,111.236,0.970316
10-Jun-2026,31-Dec-2026,74.1571,21.6239
10-Jun-2026,31-Dec-2026,78.7919,17.8066
10-Jun-2026,31-Dec-2026,83.4268,14.2573
10-Jun-2026,31-Dec-2026,88.0616,11.0361
10-Jun-2026,31-Dec-2026,92.6964,8.20271
10-Jun-2026,31-Dec-2026,97.3312,5.80889
10-Jun-2026,31-Dec-2026,101.966,3.88907
10-Jun-2026,31-Dec-2026,106.601,2.44738
10-Jun-2026,31-Dec-2026,111.236,1.44648
10-Jun-2026,29-Jan-2027,74.1571,22.2118
10-Jun-2026,29-Jan-2027,78.7919,18.4835
10-Jun-2026,29-Jan-2027,83.4268,15.0141
10-Jun-2026,29-Jan-2027,88.0616,11.853
10-Jun-2026,29-Jan-2027,92.6964,9.04852
10-Jun-2026,29-Jan-2027,97.3312,6.64225
10-Jun-2026,29-Jan-2027,101.966,4.66282
10-Jun-2026,29-Jan-2027,106.601,3.11708
10-Jun-2026,29-Jan-2027,111.236,1.98212
10-Jun-2026,26-Feb-2027,74.1571,22.7627
10-Jun-2026,26-Feb-2027,78.7919,19.1094
10-Jun-2026,26-Feb-2027,83.4268,15.7064
10-Jun-2026,26-Feb-2027,88.0616,12.5955
10-Jun-2026,26-Feb-2027,92.6964,9.81681
10-Jun-2026,26-Feb-2027,97.3312,7.40477
10-Jun-2026,26-Feb-2027,101.966,5.38345
10-Jun-2026,26-Feb-2027,106.601,3.76043
10-Jun-2026,26-Feb-2027,111.236,2.52088
10-Jun-2026,31-Mar-2027,74.1571,23.4118
10-Jun-2026,31-Mar-2027,78.7919,19.8388
10-Jun-2026,31-Mar-2027,83.4268,16.5063
10-Jun-2026,31-Mar-2027,88.0616,13.449
10-Jun-2026,31-Mar-2027,92.6964,10.6997
10-Jun-2026,31-Mar-2027,97.3312,8.28609
10-Jun-2026,31-Mar-2027,101.966,6.22795
10-Jun-2026,31-Mar-2027,106.601,4.53262
10-Jun-2026,31-Mar-2027,111.236,3.19101
10-Jun-2026,30-Apr-2027,74.1571,23.9915
10-Jun-2026,30-Apr-2027,78.7919,20.4843
10-Jun-2026,30-Apr-2027,83.4268,17.2094
10-Jun-2026,30-Apr-2027,88.0616,14.1962
10-Jun-2026,30-Apr-2027,92.6964,11.4724
10-Jun-2026,30-Apr-2027,97.3312,9.06096
10-Jun-2026,30-Apr-2027,101.966,6.97855
10-Jun-2026,30-Apr-2027,106.601,5.23184
10-Jun-2026,30-Apr-2027,111.236,3.8148
11-Jun-2026,12-Jun-2026,73.514,18.3846
11-Jun-2026,12-Jun-2026,78.1087,13.7903
11-Jun-2026,12-Jun-2026,82.7033,9.19605
11-Jun-2026,12-Jun-2026,87.2979,4.6018
11-Jun-2026,12-Jun-2026,91.8926,0.370037
11-Jun-2026,12-Jun-2026,96.4872,1.24687e-08
11-Jun-2026,12-Jun-2026,101.082,1.41442e-15
11-Jun-2026,19-Jun-2026,73.514,18.451
11-Jun-2026,19-Jun-2026,78.1087,13.8609
11-Jun-2026,19-Jun-2026,82.7033,9.27481
11-Jun-2026,19-Jun-2026,87.2979,4.80366
11-Jun-2026,19-Jun-2026,91.8926,1.32545
11-Jun-2026,19-Jun-2026,96.4872,0.0958155
11-Jun-2026,19-Jun-2026,101.082,0.000747571
11-Jun-2026,19-Jun-2026,105.676,3.50459e-07
11-Jun-2026,19-Jun-2026,110.271,1.23981e-11
11-Jun-2026,26-Jun-2026,73.514,18.5054
11-Jun-2026,26-Jun-2026,78.1087,13.9209
11-Jun-2026,26-Jun-2026,82.7033,9.36848
11-Jun-2026,26-Jun-2026,87.2979,5.0716
11-Jun-2026,26-Jun-2026,91.8926,1.78487
11-Jun-2026,26-Jun-2026,96.4872,0.288413
11-Jun-2026,26-Jun-2026,101.082,0.0138341
11-Jun-2026,26-Jun-2026,105.676,0.000145627
11-Jun-2026,26-Jun-2026,110.271,3.76359e-07
11-Jun-2026,03-Jul-2026,73.514,18.5734
11-Jun-2026,03-Jul-2026,78.1087,14.0062
11-Jun-2026,03-Jul-2026,82.7033,9.52609
11-Jun-2026,03-Jul-2026,87.2979,5.40832
11-Jun-2026,03-Jul-2026,91.8926,2.24425
11-Jun-2026,03-Jul-2026,96.4872,0.556389
11-Jun-2026,03-Jul-2026,101.082,0.0641261
11-Jun-2026,03-Jul-2026,105.676,0.00288119
11-Jun-2026,03-Jul-2026,110.271,5.38813e-05
11-Jun-2026,10-Jul-2026,73.514,18.6325
11-Jun-2026,10-Jul-2026,78.1087,14.0897
11-Jun-2026,10-Jul-2026,82.7033,9.67805
11-Jun-2026,10-Jul-2026,87.2979,5.6766
11-Jun-2026,10-Jul-2026,91.8926,2.5748
11-Jun-2026,10-Jul-2026,96.4872,0.780798
11-Jun-2026,10-Jul-2026,101.082,0.132318
11-Jun-2026,10-Jul-2026,105.676,0.0110479
11-Jun-2026,10-Jul-2026,110.271,0.000476459
11-Jun-2026,30-Jun-2026,73.514,18.5421
11-Jun-2026,30-Jun-2026,78.1087,13.9653
11-Jun-2026,30-Jun-2026,82.7033,9.44964
11-Jun-2026,30-Jun-2026,87.2979,5.25598
11-Jun-2026,30-Jun-2026,91.8926,2.04495
11-Jun-2026,30-Jun-2026,96.4872,0.432802
11-Jun-2026,30-Jun-2026,101.082,0.0363891
11-Jun-2026,30-Jun-2026,105.676,0.000975528
11-Jun-2026,30-Jun-2026,110.271,9.04669e-06
11-Jun-2026,31-Jul-2026,73.514,18.861
11-Jun-2026,31-Jul-2026,78.1087,14.4317
11-Jun-2026,31-Jul-2026,82.7033,10.2297
11-Jun-2026,31-Jul-2026,87.2979,6.48484
11-Jun-2026,31-Jul-2026,91.8926,3.49373
11-Jun-2026,31-Jul-2026,96.4872,1.49114
11-Jun-2026,31-Jul-2026,101.082,0.463839
11-Jun-2026,31-Jul-2026,105.676,0.0991887
11-Jun-2026,31-Jul-2026,110.271,0.0148901
11-Jun-2026,31-Aug-2026,73.514,19.3024
11-Jun-2026,31-Aug-2026,78.1087,15.0565
11-Jun-2026,31-Aug-2026,82.7033,11.0907
11-Jun-2026,31-Aug-2026,87.2979,7.56392
11-Jun-2026,31-Aug-2026,91.8926,4.65056
11-Jun-2026,31-Aug-2026,96.4872,2.49003
11-Jun-2026,31-Aug-2026,101.082,1.11657
11-Jun-2026,31-Aug-2026,105.676,0.407833
11-Jun-2026,31-Aug-2026,110.271,0.122182
11-Jun-2026,30-Sep-2026,73.514,19.8107
11-Jun-2026,30-Sep-2026,78.1087,15.7213
11-Jun-2026,30-Sep-2026,82.7033,11.9226
11-Jun-2026,30-Sep-2026,87.2979,8.53024
11-Jun-2026,30-Sep-2026,91.8926,5.66281
11-Jun-2026,30-Sep-2026,96.4872,3.41698
11-Jun-2026,30-Sep-2026,101.082,1.83275
11-Jun-2026,30-Sep-2026,105.676,0.859666
11-Jun-2026,30-Sep-2026,110.271,0.353169
11-Jun-2026,30-Oct-2026,73.514,20.4014
11-Jun-2026,30-Oct-2026,78.1087,16.4528
11-Jun-2026,30-Oct-2026,82.7033,12.7913
11-Jun-2026,30-Oct-2026,87.2979,9.50303
11-Jun-2026,30-Oct-2026,91.8926,6.67322
11-Jun-2026,30-Oct-2026,96.4872,4.37226
11-Jun-2026,30-Oct-2026,101.082,2.63682
11-Jun-2026,30-Oct-2026,105.676,1.44885
11-Jun-2026,30-Oct-2026,110.271,0.7248
11-Jun-2026,30-Nov-2026,73.514,21.0034
11-Jun-2026,30-Nov-2026,78.1087,17.1715
11-Jun-2026,30-Nov-2026,82.7033,13.6179
11-Jun-2026,30-Nov-2026,87.2979,10.4097
11-Jun-2026,30-Nov-2026,91.8926,7.61155
11-Jun-2026,30-Nov-2026,96.4872,5.27753
11-Jun-2026,30-Nov-2026,101.082,3.43909
11-Jun-2026,30-Nov-2026,105.676,2.0919
11-Jun-2026,30-Nov-2026,110.271,1.18605
11-Jun-2026,31-Dec-2026,73.514,21.6038
11-Jun-2026,31-Dec-2026,78.1087,17.8709
11-Jun-2026,31-Dec-2026,82.7033,14.4061
11-Jun-2026,31-Dec-2026,87.2979,11.2633
11-Jun-2026,31-Dec-2026,91.8926,8.4937
11-Jun-2026,31-Dec-2026,96.4872,6.13995
11-Jun-2026,31-Dec-2026,101.082,4.22865
11-Jun-2026,31-Dec-2026,105.676,2.76134
11-Jun-2026,31-Dec-2026,110.271,1.70714
11-Jun-2026,29-Jan-2027,73.514,22.2097
11-Jun-2026,29-Jan-2027,78.1087,18.5644
11-Jun-2026,29-Jan-2027,82.7033,15.1768
11-Jun-2026,29-Jan-2027,87.2979,12.0911
11-Jun-2026,29-Jan-2027,91.8926,9.34857
11-Jun-2026,29-Jan-2027,96.4872,6.98357
11-Jun-2026,29-Jan-2027,101.082,5.01836
11-Jun-2026,29-Jan-2027,105.676,3.45696
11-Jun-2026,29-Jan-2027,110.271,2.27975
11-Jun-2026,26-Feb-2027,73.514,22.7749
11-Jun-2026,26-Feb-2027,78.1087,19.2031
11-Jun-2026,26-Feb-2027,82.7033,15.8796
11-Jun-2026,26-Feb-2027,87.2979,12.8416
11-Jun-2026,26-Feb-2027,91.8926,10.1233
11-Jun-2026,26-Feb-2027,96.4872,7.75332
11-Jun-2026,26-Feb-2027,101.082,5.75034
11-Jun-2026,26-Feb-2027,105.676,4.1192
11-Jun-2026,26-Feb-2027,110.271,2.84668
11-Jun-2026,31-Mar-2027,73.514,23.4383
11-Jun-2026,31-Mar-2027,78.1087,19.9449
11-Jun-2026,31-Mar-2027,82.7033,16.6893
11-Jun-2026,31-Mar-2027,87.2979,13.7024
11-Jun-2026,31-Mar-2027,91.8926,11.0119
11-Jun-2026,31-Mar-2027,96.4872,8.64098
11-Jun-2026,31-Mar-2027,101.082,6.60495
11-Jun-2026,31-Mar-2027,105.676,4.90865
11-Jun-2026,31-Mar-2027,110.271,3.54351
11-Jun-2026,30-Apr-2027,73.514,24.0288
11-Jun-2026,30-Apr-2027,78.1087,20.5996
11-Jun-2026,30-Apr-2027,82.7033,17.3995
11-Jun-2026,30-Apr-2027,87.2979,14.4546
11-Jun-2026,30-Apr-2027,91.8926,11.7884
11-Jun-2026,30-Apr-2027,96.4872,9.41997
11-Jun-2026,30-Apr-2027,101.082,7.36231
11-Jun-2026,30-Apr-2027,105.676,5.61981
11-Jun-2026,30-Apr-2027,110.271,4.18642
12-Jun-2026,19-Jun-2026,74.6209,18.7229
12-Jun-2026,19-Jun-2026,79.2847,14.0633
12-Jun-2026,19-Jun-2026,83.9485,9.40462
12-Jun-2026,19-Jun-2026,88.6123,4.80594
12-Jun-2026,19-Jun-2026,93.2761,1.13064
12-Jun-2026,19-Jun-2026,97.9399,0.0363344
12-Jun-2026,19-Jun-2026,102.604,3.07571e-05
12-Jun-2026,19-Jun-2026,107.268,4.06881e-10
12-Jun-2026,19-Jun-2026,111.931,4.91288e-16
12-Jun-2026,26-Jun-2026,74.6209,18.7783
12-Jun-2026,26-Jun-2026,79.2847,14.1227
12-Jun-2026,26-Jun-2026,83.9485,9.48164
12-Jun-2026,26-Jun-2026,88.6123,5.02149
12-Jun-2026,26-Jun-2026,93.2761,1.55968
12-Jun-2026,26-Jun-2026,97.9399,0.159109
12-Jun-2026,26-Jun-2026,102.604,0.00245976
12-Jun-2026,26-Jun-2026,107.268,4.43903e-06
12-Jun-2026,26-Jun-2026,111.931,1.66882e-09
12-Jun-2026,03-Jul-2026,74.6209,18.8463
12-Jun-2026,03-Jul-2026,79.2847,14.201
12-Jun-2026,03-Jul-2026,83.9485,9.60895
12-Jun-2026,03-Jul-2026,88.6123,5.31205
12-Jun-2026,03-Jul-2026,93.2761,1.98803
12-Jun-2026,03-Jul-2026,97.9399,0.361432
12-Jun-2026,03-Jul-2026,102.604,0.020711
12-Jun-2026,03-Jul-2026,107.268,0.000322081
12-Jun-2026,03-Jul-2026,111.931,1.90013e-06
12-Jun-2026,10-Jul-2026,74.6209,18.9036
12-Jun-2026,10-Jul-2026,79.2847,14.274
12-Jun-2026,10-Jul-2026,83.9485,9.73534
12-Jun-2026,10-Jul-2026,88.6123,5.55124
12-Jun-2026,10-Jul-2026,93.2761,2.29748
12-Jun-2026,10-Jul-2026,97.9399,0.544077
12-Jun-2026,10-Jul-2026,102.604,0.0543965
12-Jun-2026,10-Jul-2026,107.268,0.00206294
12-Jun-2026,10-Jul-2026,111.931,3.77082e-05
12-Jun-2026,17-Jul-2026,74.6209,18.9639
12-Jun-2026,17-Jul-2026,79.2847,14.3564
12-Jun-2026,17-Jul-2026,83.9485,9.87548
12-Jun-2026,17-Jul-2026,88.6123,5.78691
12-Jun-2026,17-Jul-2026,93.2761,2.58372
12-Jun-2026,17-Jul-2026,97.9399,0.733325
12-Jun-2026,17-Jul-2026,102.604,0.105403
12-Jun-2026,17-Jul-2026,107.268,0.00706822
12-Jun-2026,17-Jul-2026,111.931,0.000264996
12-Jun-2026,30-Jun-2026,74.6209,18.8152
12-Jun-2026,30-Jun-2026,79.2847,14.1642
12-Jun-2026,30-Jun-2026,83.9485,9.54678
12-Jun-2026,30-Jun-2026,88.6123,5.17889
12-Jun-2026,30-Jun-2026,93.2761,1.80203
12-Jun-2026,30-Jun-2026,97.9399,0.265328
12-Jun-2026,30-Jun-2026,102.604,0.00955608
12-Jun-2026,30-Jun-2026,107.268,6.97729e-05
12-Jun-2026,30-Jun-2026,111.931,1.56993e-07
12-Jun-2026,31-Jul-2026,74.6209,19.1132
12-Jun-2026,31-Jul-2026,79.2847,14.5704
12-Jun-2026,31-Jul-2026,83.9485,10.2165
12-Jun-2026,31-Jul-2026,88.6123,6.29403
12-Jun-2026,31-Jul-2026,93.2761,3.16615
12-Jun-2026,31-Jul-2026,97.9399,1.16253
12-Jun-2026,31-Jul-2026,102.604,0.272007
12-Jun-2026,31-Jul-2026,107.268,0.038467
12-Jun-2026,31-Jul-2026,111.931,0.00366188
12-Jun-2026,31-Aug-2026,74.6209,19.51
12-Jun-2026,31-Aug-2026,79.2847,15.1298
12-Jun-2026,31-Aug-2026,83.9485,11.0058
12-Jun-2026,31-Aug-2026,88.6123,7.31625
12-Jun-2026,31-Aug-2026,93.2761,4.27869
12-Jun-2026,31-Aug-2026,97.9399,2.08726
12-Jun-2026,31-Aug-2026,102.604,0.799363
12-Jun-2026,31-Aug-2026,107.268,0.233424
12-Jun-2026,31-Aug-2026,111.931,0.0542057
12-Jun-2026,30-Sep-2026,74.6209,19.9755
12-Jun-2026,30-Sep-2026,79.2847,15.7454
12-Jun-2026,30-Sep-2026,83.9485,11.7928
12-Jun-2026,30-Sep-2026,88.6123,8.25075
12-Jun-2026,30-Sep-2026,93.2761,5.26788
12-Jun-2026,30-Sep-2026,97.9399,2.97698
12-Jun-2026,30-Sep-2026,102.604,1.44018
12-Jun-2026,30-Sep-2026,107.268,0.585166
12-Jun-2026,30-Sep-2026,111.931,0.203085
12-Jun-2026,30-Oct-2026,74.6209,20.5279
12-Jun-2026,30-Oct-2026,79.2847,16.4389
12-Jun-2026,30-Oct-2026,83.9485,12.631
12-Jun-2026,30-Oct-2026,88.6123,9.20484
12-Jun-2026,30-Oct-2026,93.2761,6.26725
12-Jun-2026,30-Oct-2026,97.9399,3.9133
12-Jun-2026,30-Oct-2026,102.604,2.19732
12-Jun-2026,30-Oct-2026,107.268,1.09548
12-Jun-2026,30-Oct-2026,111.931,0.487576
12-Jun-2026,30-Nov-2026,74.6209,21.1009
12-Jun-2026,30-Nov-2026,79.2847,17.1319
12-Jun-2026,30-Nov-2026,83.9485,13.4398
12-Jun-2026,30-Nov-2026,88.6123,10.1035
12-Jun-2026,30-Nov-2026,93.2761,7.20391
12-Jun-2026,30-Nov-2026,97.9399,4.81282
12-Jun-2026,30-Nov-2026,102.604,2.9753
12-Jun-2026,30-Nov-2026,107.268,1.68714
12-Jun-2026,30-Nov-2026,111.931,0.878412
12-Jun-2026,31-Dec-2026,74.6209,21.6801
12-Jun-2026,31-Dec-2026,79.2847,17.8147
12-Jun-2026,31-Dec-2026,83.9485,14.2188
12-Jun-2026,31-Dec-2026,88.6123,10.9562
12-Jun-2026,31-Dec-2026,93.2761,8.09047
12-Jun-2026,31-Dec-2026,97.9399,5.67758
12-Jun-2026,31-Dec-2026,102.604,3.75458
12-Jun-2026,31-Dec-2026,107.268,2.32522
12-Jun-2026,31-Dec-2026,111.931,1.34773
12-Jun-2026,29-Jan-2027,74.6209,22.271
12-Jun-2026,29-Jan-2027,79.2847,18.4982
12-Jun-2026,29-Jan-2027,83.9485,14.9865
12-Jun-2026,29-Jan-2027,88.6123,11.7881
12-Jun-2026,29-Jan-2027,93.2761,8.95406
12-Jun-2026,29-Jan-2027,97.9399,6.52893
12-Jun-2026,29-Jan-2027,102.604,4.54305
12-Jun-2026,29-Jan-2027,107.268,3.0032
12-Jun-2026,29-Jan-2027,111.931,1.88394
12-Jun-2026,26-Feb-2027,74.6209,22.8269
12-Jun-2026,26-Feb-2027,79.2847,19.1323
12-Jun-2026,26-Feb-2027,83.9485,15.6906
12-Jun-2026,26-Feb-2027,88.6123,12.5457
12-Jun-2026,26-Feb-2027,93.2761,9.73979
12-Jun-2026,26-Feb-2027,97.9399,7.30934
12-Jun-2026,26-Feb-2027,102.604,5.27959
12-Jun-2026,26-Feb-2027,107.268,3.65809
12-Jun-2026,26-Feb-2027,111.931,2.42845
12-Jun-2026,31-Mar-2027,74.6209,23.4841
12-Jun-2026,31-Mar-2027,79.2847,19.8734
12-Jun-2026,31-Mar-2027,83.9485,16.5059
12-Jun-2026,31-Mar-2027,88.6123,13.4181
12-Jun-2026,31-Mar-2027,93.2761,10.6439
12-Jun-2026,31-Mar-2027,97.9399,8.21261
12-Jun-2026,31-Mar-2027,102.604,6.14457
12-Jun-2026,31-Mar-2027,107.268,4.4471
12-Jun-2026,31-Mar-2027,111.931,3.11013
12-Jun-2026,30-Apr-2027,74.6209,24.0727
12-Jun-2026,30-Apr-2027,79.2847,20.5308
12-Jun-2026,30-Apr-2027,83.9485,17.2239
12-Jun-2026,30-Apr-2027,88.6123,14.1828
12-Jun-2026,30-Apr-2027,93.2761,11.436
12-Jun-2026,30-Apr-2027,97.9399,9.00763
12-Jun-2026,30-Apr-2027,102.604,6.91455
12-Jun-2026,30-Apr-2027,107.268,5.1634
12-Jun-2026,30-Apr-2027,111.931,3.74745
15-Jun-2026,19-Jun-2026,74.4507,18.6373
15-Jun-2026,19-Jun-2026,79.1038,13.9857
15-Jun-2026,19-Jun-2026,83.757,9.33405
15-Jun-2026,19-Jun-2026,88.4102,4.68487
15-Jun-2026,19-Jun-2026,93.0633,0.68844
15-Jun-2026,19-Jun-2026,97.7165,0.000786691
15-Jun-2026,19-Jun-2026,102.37,5.40801e-11
15-Jun-2026,19-Jun-2026,107.023,1.55845e-15
15-Jun-2026,19-Jun-2026,111.676,1.57936e-15
15-Jun-2026,26-Jun-2026,74.4507,18.705
15-Jun-2026,26-Jun-2026,79.1038,14.0577
15-Jun-2026,26-Jun-2026,83.757,9.416
15-Jun-2026,26-Jun-2026,88.4102,4.90121
15-Jun-2026,26-Jun-2026,93.0633,1.37684
15-Jun-2026,26-Jun-2026,97.7165,0.0996695
15-Jun-2026,26-Jun-2026,102.37,0.000696996
15-Jun-2026,26-Jun-2026,107.023,3.05483e-07
15-Jun-2026,26-Jun-2026,111.676,1.55517e-11
15-Jun-2026,03-Jul-2026,74.4507,18.7605
15-Jun-2026,03-Jul-2026,79.1038,14.1188
15-Jun-2026,03-Jul-2026,83.757,9.50813
15-Jun-2026,03-Jul-2026,88.4102,5.14256
15-Jun-2026,03-Jul-2026,93.0633,1.77695
15-Jun-2026,03-Jul-2026,97.7165,0.26071
15-Jun-2026,03-Jul-2026,102.37,0.00951007
15-Jun-2026,03-Jul-2026,107.023,6.7578e-05
15-Jun-2026,03-Jul-2026,111.676,1.32272e-07
15-Jun-2026,10-Jul-2026,74.4507,18.8294
15-Jun-2026,10-Jul-2026,79.1038,14.2031
15-Jun-2026,10-Jul-2026,83.757,9.65467
15-Jun-2026,10-Jul-2026,88.4102,5.44706
15-Jun-2026,10-Jul-2026,93.0633,2.19228
15-Jun-2026,10-Jul-2026,97.7165,0.489757
15-Jun-2026,10-Jul-2026,102.37,0.0440071
15-Jun-2026,10-Jul-2026,107.023,0.00137001
15-Jun-2026,10-Jul-2026,111.676,1.82799e-05
15-Jun-2026,17-Jul-2026,74.4507,18.8886
15-Jun-2026,17-Jul-2026,79.1038,14.283
15-Jun-2026,17-Jul-2026,83.757,9.79418
15-Jun-2026,17-Jul-2026,88.4102,5.69297
15-Jun-2026,17-Jul-2026,93.0633,2.49732
15-Jun-2026,17-Jul-2026,97.7165,0.686952
15-Jun-2026,17-Jul-2026,102.37,0.0937871
15-Jun-2026,17-Jul-2026,107.023,0.00569547
15-Jun-2026,17-Jul-2026,111.676,0.000179741
15-Jun-2026,30-Jun-2026,74.4507,18.7419
15-Jun-2026,30-Jun-2026,79.1038,14.0979
15-Jun-2026,30-Jun-2026,83.757,9.47431
15-Jun-2026,30-Jun-2026,88.4102,5.06026
15-Jun-2026,30-Jun-2026,93.0633,1.65163
15-Jun-2026,30-Jun-2026,97.7165,0.203001
15-Jun-2026,30-Jun-2026,102.37,0.00496694
15-Jun-2026,30-Jun-2026,107.023,1.81306e-05
15-Jun-2026,30-Jun-2026,111.676,1.48662e-08
15-Jun-2026,31-Jul-2026,74.4507,19.0356
15-Jun-2026,31-Jul-2026,79.1038,14.4949
15-Jun-2026,31-Jul-2026,83.757,10.14
15-Jun-2026,31-Jul-2026,88.4102,6.22031
15-Jun-2026,31-Jul-2026,93.0633,3.10888
15-Jun-2026,31-Jul-2026,97.7165,1.13346
15-Jun-2026,31-Jul-2026,102.37,0.263473
15-Jun-2026,31-Jul-2026,107.023,0.0365678
15-Jun-2026,31-Jul-2026,111.676,0.00331095
15-Jun-2026,31-Aug-2026,74.4507,19.4329
15-Jun-2026,31-Aug-2026,79.1038,15.0606
15-Jun-2026,31-Aug-2026,83.757,10.9476
15-Jun-2026,31-Aug-2026,88.4102,7.27445
15-Jun-2026,31-Aug-2026,93.0633,4.25845
15-Jun-2026,31-Aug-2026,97.7165,2.08713
15-Jun-2026,31-Aug-2026,102.37,0.807874
15-Jun-2026,31-Aug-2026,107.023,0.239139
15-Jun-2026,31-Aug-2026,111.676,0.0559244
15-Jun-2026,30-Sep-2026,74.4507,19.9044
15-Jun-2026,30-Sep-2026,79.1038,15.6875
15-Jun-2026,30-Sep-2026,83.757,11.7519
15-Jun-2026,30-Sep-2026,88.4102,8.2306
15-Jun-2026,30-Sep-2026,93.0633,5.26989
15-Jun-2026,30-Sep-2026,97.7165,2.99664
15-Jun-2026,30-Sep-2026,102.37,1.46603
15-Jun-2026,30-Sep-2026,107.023,0.605009
15-Jun-2026,30-Sep-2026,111.676,0.213207
15-Jun-2026,30-Oct-2026,74.4507,20.427
15-Jun-2026,30-Oct-2026,79.1038,16.3459
15-Jun-2026,30-Oct-2026,83.757,12.5493
15-Jun-2026,30-Oct-2026,88.4102,9.13856
15-Jun-2026,30-Oct-2026,93.0633,6.21999
15-Jun-2026,30-Oct-2026,97.7165,3.88586
15-Jun-2026,30-Oct-2026,102.37,2.18595
15-Jun-2026,30-Oct-2026,107.023,1.09295
15-Jun-2026,30-Oct-2026,111.676,0.487526
15-Jun-2026,30-Nov-2026,74.4507,21.0479
15-Jun-2026,30-Nov-2026,79.1038,17.0981
15-Jun-2026,30-Nov-2026,83.757,13.4275
15-Jun-2026,30-Nov-2026,88.4102,10.1138
15-Jun-2026,30-Nov-2026,93.0633,7.23533
15-Jun-2026,30-Nov-2026,97.7165,4.86013
15-Jun-2026,30-Nov-2026,102.37,3.02942
15-Jun-2026,30-Nov-2026,107.023,1.73735
15-Jun-2026,30-Nov-2026,111.676,0.916786
15-Jun-2026,31-Dec-2026,74.4507,21.6359
15-Jun-2026,31-Dec-2026,79.1038,17.7909
15-Jun-2026,31-Dec-2026,83.757,14.2171
15-Jun-2026,31-Dec-2026,88.4102,10.977
15-Jun-2026,31-Dec-2026,93.0633,8.13176
15-Jun-2026,31-Dec-2026,97.7165,5.7344
15-Jun-2026,31-Dec-2026,102.37,3.81895
15-Jun-2026,31-Dec-2026,107.023,2.38756
15-Jun-2026,31-Dec-2026,111.676,1.39985
15-Jun-2026,29-Jan-2027,74.4507,22.235
15-Jun-2026,29-Jan-2027,79.1038,18.4834
15-Jun-2026,29-Jan-2027,83.757,14.994
15-Jun-2026,29-Jan-2027,88.4102,11.8177
15-Jun-2026,29-Jan-2027,93.0633,9.0036
15-Jun-2026,29-Jan-2027,97.7165,6.59376
15-Jun-2026,29-Jan-2027,102.37,4.61612
15-Jun-2026,29-Jan-2027,107.023,3.07602
15-Jun-2026,29-Jan-2027,111.676,1.94856
15-Jun-2026,26-Feb-2027,74.4507,22.7981
15-Jun-2026,26-Feb-2027,79.1038,19.125
15-Jun-2026,26-Feb-2027,83.757,15.7056
15-Jun-2026,26-Feb-2027,88.4102,12.5824
15-Jun-2026,26-Feb-2027,93.0633,9.79595
15-Jun-2026,26-Feb-2027,97.7165,7.38062
15-Jun-2026,26-Feb-2027,102.37,5.35968
15-Jun-2026,26-Feb-2027,107.023,3.73938
15-Jun-2026,26-Feb-2027,111.676,2.50348
15-Jun-2026,31-Mar-2027,74.4507,23.4346
15-Jun-2026,31-Mar-2027,79.1038,19.8422
15-Jun-2026,31-Mar-2027,83.757,16.4939
15-Jun-2026,31-Mar-2027,88.4102,13.425
15-Jun-2026,31-Mar-2027,93.0633,10.6685
15-Jun-2026,31-Mar-2027,97.7165,8.25213
15-Jun-2026,31-Mar-2027,102.37,6.19484
15-Jun-2026,31-Mar-2027,107.023,4.50285
15-Jun-2026,31-Mar-2027,111.676,3.16576
15-Jun-2026,30-Apr-2027,74.4507,24.0295
15-Jun-2026,30-Apr-2027,79.1038,20.5063
15-Jun-2026,30-Apr-2027,83.757,17.2185
15-Jun-2026,30-Apr-2027,88.4102,14.1961
15-Jun-2026,30-Apr-2027,93.0633,11.4667
15-Jun-2026,30-Apr-2027,97.7165,9.05298
15-Jun-2026,30-Apr-2027,102.37,6.97074
15-Jun-2026,30-Apr-2027,107.023,5.22564
15-Jun-2026,30-Apr-2027,111.676,3.81056
16-Jun-2026,19-Jun-2026,74.9206,18.7488
16-Jun-2026,19-Jun-2026,79.6031,14.0674
16-Jun-2026,19-Jun-2026,84.2856,9.38602
16-Jun-2026,19-Jun-2026,88.9682,4.70497
16-Jun-2026,19-Jun-2026,93.6507,0.568279
16-Jun-2026,19-Jun-2026,98.3333,5.0376e-05
16-Jun-2026,19-Jun-2026,103.016,5.78282e-16
16-Jun-2026,26-Jun-2026,74.9206,18.817
16-Jun-2026,26-Jun-2026,79.6031,14.1399
16-Jun-2026,26-Jun-2026,84.2856,9.46572
16-Jun-2026,26-Jun-2026,88.9682,4.88729
16-Jun-2026,26-Jun-2026,93.6507,1.27351
16-Jun-2026,26-Jun-2026,98.3333,0.0649281
16-Jun-2026,26-Jun-2026,103.016,0.000179382
16-Jun-2026,26-Jun-2026,107.698,1.87836e-08
16-Jun-2026,26-Jun-2026,112.381,2.03385e-13
16-Jun-2026,03-Jul-2026,74.9206,18.8728
16-Jun-2026,03-Jul-2026,79.6031,14.2004
16-Jun-2026,03-Jul-2026,84.2856,9.5499
16-Jun-2026,03-Jul-2026,88.9682,5.11048
16-Jun-2026,03-Jul-2026,93.6507,1.66913
16-Jun-2026,03-Jul-2026,98.3333,0.199882
16-Jun-2026,03-Jul-2026,103.016,0.00445787
16-Jun-2026,03-Jul-2026,107.698,1.51863e-05
16-Jun-2026,03-Jul-2026,112.381,1.35312e-08
16-Jun-2026,10-Jul-2026,74.9206,18.9418
16-Jun-2026,10-Jul-2026,79.6031,14.2816
16-Jun-2026,10-Jul-2026,84.2856,9.6845
16-Jun-2026,10-Jul-2026,88.9682,5.39986
16-Jun-2026,10-Jul-2026,93.6507,2.07791
16-Jun-2026,10-Jul-2026,98.3333,0.405476
16-Jun-2026,10-Jul-2026,103.016,0.0269088
16-Jun-2026,10-Jul-2026,107.698,0.00053811
16-Jun-2026,10-Jul-2026,112.381,4.49567e-06
16-Jun-2026,17-Jul-2026,74.9206,19.0002
16-Jun-2026,17-Jul-2026,79.6031,14.3574
16-Jun-2026,17-Jul-2026,84.2856,9.81454
16-Jun-2026,17-Jul-2026,88.9682,5.63649
16-Jun-2026,17-Jul-2026,93.6507,2.37797
16-Jun-2026,17-Jul-2026,98.3333,0.588066
16-Jun-2026,17-Jul-2026,103.016,0.0639831
16-Jun-2026,17-Jul-2026,107.698,0.0028001
16-Jun-2026,17-Jul-2026,112.381,6.25423e-05
16-Jun-2026,30-Jun-2026,74.9206,18.8542
16-Jun-2026,30-Jun-2026,79.6031,14.1799
16-Jun-2026,30-Jun-2026,84.2856,9.5191
16-Jun-2026,30-Jun-2026,88.9682,5.03343
16-Jun-2026,30-Jun-2026,93.6507,1.54554
16-Jun-2026,30-Jun-2026,98.3333,0.150049
16-Jun-2026,30-Jun-2026,103.016,0.00204185
16-Jun-2026,30-Jun-2026,107.698,3.07798e-06
16-Jun-2026,30-Jun-2026,112.381,9.73699e-10
16-Jun-2026,31-Jul-2026,74.9206,19.1429
16-Jun-2026,31-Jul-2026,79.6031,14.5578
16-Jun-2026,31-Jul-2026,84.2856,10.1422
16-Jun-2026,31-Jul-2026,88.9682,6.14871
16-Jun-2026,31-Jul-2026,93.6507,2.98032
16-Jun-2026,31-Jul-2026,98.3333,1.01119
16-Jun-2026,31-Jul-2026,103.016,0.204124
16-Jun-2026,31-Jul-2026,107.698,0.023179
16-Jun-2026,31-Jul-2026,112.381,0.00169602
16-Jun-2026,31-Aug-2026,74.9206,19.525
16-Jun-2026,31-Aug-2026,79.6031,15.0995
16-Jun-2026,31-Aug-2026,84.2856,10.9229
16-Jun-2026,31-Aug-2026,88.9682,7.18357
16-Jun-2026,31-Aug-2026,93.6507,4.1175
16-Jun-2026,31-Aug-2026,98.3333,1.93717
16-Jun-2026,31-Aug-2026,103.016,0.698305
16-Jun-2026,31-Aug-2026,107.698,0.187002
16-Jun-2026,31-Aug-2026,112.381,0.0391606
16-Jun-2026,30-Sep-2026,74.9206,19.9811
16-Jun-2026,30-Sep-2026,79.6031,15.7084
16-Jun-2026,30-Sep-2026,84.2856,11.7113
16-Jun-2026,30-Sep-2026,88.9682,8.12994
16-Jun-2026,30-Sep-2026,93.6507,5.12345
16-Jun-2026,30-Sep-2026,98.3333,2.8344
16-Jun-2026,30-Sep-2026,103.016,1.32673
16-Jun-2026,30-Sep-2026,107.698,0.514869
16-Jun-2026,30-Sep-2026,112.381,0.169047
16-Jun-2026,30-Oct-2026,74.9206,20.4907
16-Jun-2026,30-Oct-2026,79.6031,16.3539
16-Jun-2026,30-Oct-2026,84.2856,12.4989
16-Jun-2026,30-Oct-2026,88.9682,9.03325
16-Jun-2026,30-Oct-2026,93.6507,6.07221
16-Jun-2026,30-Oct-2026,98.3333,3.71879
16-Jun-2026,30-Oct-2026,103.016,2.02988
16-Jun-2026,30-Oct-2026,107.698,0.973894
16-Jun-2026,30-Oct-2026,112.381,0.413633
16-Jun-2026,30-Nov-2026,74.9206,21.1006
16-Jun-2026,30-Nov-2026,79.6031,17.0966
16-Jun-2026,30-Nov-2026,84.2856,13.3713
16-Jun-2026,30-Nov-2026,88.9682,10.0072
16-Jun-2026,30-Nov-2026,93.6507,7.08928
16-Jun-2026,30-Nov-2026,98.3333,4.69275
16-Jun-2026,30-Nov-2026,103.016,2.86416
16-Jun-2026,30-Nov-2026,107.698,1.59688
16-Jun-2026,30-Nov-2026,112.381,0.814356
16-Jun-2026,31-Dec-2026,74.9206,21.6813
16-Jun-2026,31-Dec-2026,79.6031,17.7841
16-Jun-2026,31-Dec-2026,84.2856,14.1588
16-Jun-2026,31-Dec-2026,88.9682,10.8718
16-Jun-2026,31-Dec-2026,93.6507,7.98931
16-Jun-2026,31-Dec-2026,98.3333,5.56966
16-Jun-2026,31-Dec-2026,103.016,3.65085
16-Jun-2026,31-Dec-2026,107.698,2.23543
16-Jun-2026,31-Dec-2026,112.381,1.27782
16-Jun-2026,29-Jan-2027,74.9206,22.2755
16-Jun-2026,29-Jan-2027,79.6031,18.4737
16-Jun-2026,29-Jan-2027,84.2856,14.9356
16-Jun-2026,29-Jan-2027,88.9682,11.7155
16-Jun-2026,29-Jan-2027,93.6507,8.86607
16-Jun-2026,29-Jan-2027,98.3333,6.43346
16-Jun-2026,29-Jan-2027,103.016,4.44863
16-Jun-2026,29-Jan-2027,107.698,2.91768
16-Jun-2026,29-Jan-2027,112.381,1.81288
16-Jun-2026,26-Feb-2027,74.9206,22.8356
16-Jun-2026,26-Feb-2027,79.6031,19.1144
16-Jun-2026,26-Feb-2027,84.2856,15.6487
16-Jun-2026,26-Feb-2027,88.9682,12.484
16-Jun-2026,26-Feb-2027,93.6507,9.66384
16-Jun-2026,26-Feb-2027,98.3333,7.22555
16-Jun-2026,26-Feb-2027,103.016,5.19485
16-Jun-2026,26-Feb-2027,107.698,3.57881
16-Jun-2026,26-Feb-2027,112.381,2.35957
16-Jun-2026,31-Mar-2027,74.9206,23.4705
16-Jun-2026,31-Mar-2027,79.6031,19.8321
16-Jun-2026,31-Mar-2027,84.2856,16.44
16-Jun-2026,31-Mar-2027,88.9682,13.3319
16-Jun-2026,31-Mar-2027,93.6507,10.5432
16-Jun-2026,31-Mar-2027,98.3333,8.10382
16-Jun-2026,31-Mar-2027,103.016,6.03467
16-Jun-2026,31-Mar-2027,107.698,4.3427
16-Jun-2026,31-Mar-2027,112.381,3.01665
16-Jun-2026,30-Apr-2027,74.9206,24.0651
16-Jun-2026,30-Apr-2027,79.6031,20.4977
16-Jun-2026,30-Apr-2027,84.2856,17.1683
16-Jun-2026,30-Apr-2027,88.9682,14.1086
16-Jun-2026,30-Apr-2027,93.6507,11.3482
16-Jun-2026,30-Apr-2027,98.3333,8.91157
16-Jun-2026,30-Apr-2027,103.016,6.81603
16-Jun-2026,30-Apr-2027,107.698,5.06789
16-Jun-2026,30-Apr-2027,112.381,3.6596
17-Jun-2026,19-Jun-2026,75.5094,18.8897
17-Jun-2026,19-Jun-2026,80.2287,14.1711
17-Jun-2026,19-Jun-2026,84.9481,9.45257
17-Jun-2026,19-Jun-2026,89.6674,4.734
17-Jun-2026,19-Jun-2026,94.3868,0.425379
17-Jun-2026,19-Jun-2026,99.1061,6.75028e-08
17-Jun-2026,19-Jun-2026,108.545,3.82812e-16
17-Jun-2026,19-Jun-2026,113.264,3.83107e-16
17-Jun-2026,26-Jun-2026,75.5094,18.9576
17-Jun-2026,26-Jun-2026,80.2287,14.2433
17-Jun-2026,26-Jun-2026,84.9481,9.52992
17-Jun-2026,26-Jun-2026,89.6674,4.8765
17-Jun-2026,26-Jun-2026,94.3868,1.1336
17-Jun-2026,26-Jun-2026,99.1061,0.0302259
17-Jun-2026,26-Jun-2026,103.825,1.41119e-05
17-Jun-2026,26-Jun-2026,108.545,1.26928e-10
17-Jun-2026,26-Jun-2026,113.264,4.52133e-15
17-Jun-2026,03-Jul-2026,75.5094,19.0131
17-Jun-2026,03-Jul-2026,80.2287,14.3027
17-Jun-2026,03-Jul-2026,84.9481,9.60453
17-Jun-2026,03-Jul-2026,89.6674,5.06907
17-Jun-2026,03-Jul-2026,94.3868,1.5137
17-Jun-2026,03-Jul-2026,99.1061,0.124497
17-Jun-2026,03-Jul-2026,103.825,0.00108698
17-Jun-2026,03-Jul-2026,108.545,1.04804e-06
17-Jun-2026,03-Jul-2026,113.264,2.73526e-10
17-Jun-2026,10-Jul-2026,75.5094,19.0812
17-Jun-2026,10-Jul-2026,80.2287,14.3796
17-Jun-2026,10-Jul-2026,84.9481,9.7219
17-Jun-2026,10-Jul-2026,89.6674,5.33067
17-Jun-2026,10-Jul-2026,94.3868,1.90568
17-Jun-2026,10-Jul-2026,99.1061,0.289469
17-Jun-2026,10-Jul-2026,103.825,0.0107907
17-Jun-2026,10-Jul-2026,108.545,0.000100263
17-Jun-2026,10-Jul-2026,113.264,3.99629e-07
17-Jun-2026,17-Jul-2026,75.5094,19.1381
17-Jun-2026,17-Jul-2026,80.2287,14.4494
17-Jun-2026,17-Jul-2026,84.9481,9.83695
17-Jun-2026,17-Jul-2026,89.6674,5.54949
17-Jun-2026,17-Jul-2026,94.3868,2.194
17-Jun-2026,17-Jul-2026,99.1061,0.445608
17-Jun-2026,17-Jul-2026,103.825,0.0315052
17-Jun-2026,17-Jul-2026,108.545,0.000778858
17-Jun-2026,17-Jul-2026,113.264,1.00168e-05
17-Jun-2026,30-Jun-2026,75.5094,18.9946
17-Jun-2026,30-Jun-2026,80.2287,14.2827
17-Jun-2026,30-Jun-2026,84.9481,9.57764
17-Jun-2026,30-Jun-2026,89.6674,5.00125
17-Jun-2026,30-Jun-2026,94.3868,1.39517
17-Jun-2026,30-Jun-2026,99.1061,0.0875824
17-Jun-2026,30-Jun-2026,103.825,0.000389279
17-Jun-2026,30-Jun-2026,108.545,1.28932e-07
17-Jun-2026,30-Jun-2026,113.264,9.26798e-12
17-Jun-2026,31-Jul-2026,75.5094,19.2737
17-Jun-2026,31-Jul-2026,80.2287,14.6319
17-Jun-2026,31-Jul-2026,84.9481,10.1338
17-Jun-2026,31-Jul-2026,89.6674,6.03162
17-Jun-2026,31-Jul-2026,94.3868,2.77544
17-Jun-2026,31-Jul-2026,99.1061,0.825076
17-Jun-2026,31-Jul-2026,103.825,0.127647
17-Jun-2026,31-Jul-2026,108.545,0.0101726
17-Jun-2026,31-Jul-2026,113.264,0.000526197
17-Jun-2026,31-Aug-2026,75.5094,19.6299
17-Jun-2026,31-Aug-2026,80.2287,15.1318
17-Jun-2026,31-Aug-2026,84.9481,10.8641
17-Jun-2026,31-Aug-2026,89.6674,7.0256
17-Jun-2026,31-Aug-2026,94.3868,3.88365
17-Jun-2026,31-Aug-2026,99.1061,1.69697
17-Jun-2026,31-Aug-2026,103.825,0.536174
17-Jun-2026,31-Aug-2026,108.545,0.119992
17-Jun-2026,31-Aug-2026,113.264,0.0208699
17-Jun-2026,30-Sep-2026,75.5094,20.0577
17-Jun-2026,30-Sep-2026,80.2287,15.7064
17-Jun-2026,30-Sep-2026,84.9481,11.6196
17-Jun-2026,30-Sep-2026,89.6674,7.94845
17-Jun-2026,30-Sep-2026,94.3868,4.8739
17-Jun-2026,30-Sep-2026,99.1061,2.56739
17-Jun-2026,30-Sep-2026,103.825,1.10887
17-Jun-2026,30-Sep-2026,108.545,0.385251
17-Jun-2026,30-Sep-2026,113.264,0.111974
17-Jun-2026,30-Oct-2026,75.5094,20.542
17-Jun-2026,30-Oct-2026,80.2287,16.3254
17-Jun-2026,30-Oct-2026,84.9481,12.3848
17-Jun-2026,30-Oct-2026,89.6674,8.83741
17-Jun-2026,30-Oct-2026,94.3868,5.8143
17-Jun-2026,30-Oct-2026,99.1061,3.43777
17-Jun-2026,30-Oct-2026,103.825,1.77756
17-Jun-2026,30-Oct-2026,108.545,0.791945
17-Jun-2026,30-Oct-2026,113.264,0.308708
17-Jun-2026,30-Nov-2026,75.5094,21.1283
17-Jun-2026,30-Nov-2026,80.2287,17.046
17-Jun-2026,30-Nov-2026,84.9481,13.2404
17-Jun-2026,30-Nov-2026,89.6674,9.80219
17-Jun-2026,30-Nov-2026,94.3868,6.82749
17-Jun-2026,30-Nov-2026,99.1061,4.40454
17-Jun-2026,30-Nov-2026,103.825,2.58932
17-Jun-2026,30-Nov-2026,108.545,1.37267
17-Jun-2026,30-Nov-2026,113.264,0.659058
17-Jun-2026,31-Dec-2026,75.5094,21.6918
17-Jun-2026,31-Dec-2026,80.2287,17.7188
17-Jun-2026,31-Dec-2026,84.9481,14.0181
17-Jun-2026,31-Dec-2026,89.6674,10.6626
17-Jun-2026,31-Dec-2026,94.3868,7.72726
17-Jun-2026,31-Dec-2026,99.1061,5.2796
17-Jun-2026,31-Dec-2026,103.825,3.36472
17-Jun-2026,31-Dec-2026,108.545,1.9852
17-Jun-2026,31-Dec-2026,113.264,1.08494
17-Jun-2026,29-Jan-2027,75.5094,22.2725
17-Jun-2026,29-Jan-2027,80.2287,18.3979
17-Jun-2026,29-Jan-2027,84.9481,14.7888
17-Jun-2026,29-Jan-2027,89.6674,11.505
17-Jun-2026,29-Jan-2027,94.3868,8.6059
17-Jun-2026,29-Jan-2027,99.1061,6.14442
17-Jun-2026,29-Jan-2027,103.825,4.1569
17-Jun-2026,29-Jan-2027,108.545,2.65037
17-Jun-2026,29-Jan-2027,113.264,1.59128
17-Jun-2026,26-Feb-2027,75.5094,22.8229
17-Jun-2026,26-Feb-2027,80.2287,19.0316
17-Jun-2026,26-Feb-2027,84.9481,15.4987
17-Jun-2026,26-Feb-2027,89.6674,12.2742
17-Jun-2026,26-Feb-2027,94.3868,9.40674
17-Jun-2026,26-Feb-2027,99.1061,6.93919
17-Jun-2026,26-Feb-2027,103.825,4.90133
17-Jun-2026,26-Feb-2027,108.545,3.30143
17-Jun-2026,26-Feb-2027,113.264,2.11822
17-Jun-2026,31-Mar-2027,75.5094,23.4495
17-Jun-2026,31-Mar-2027,80.2287,19.7441
17-Jun-2026,31-Mar-2027,84.9481,16.2886
17-Jun-2026,31-Mar-2027,89.6674,13.1242
17-Jun-2026,31-Mar-2027,94.3868,10.2906
17-Jun-2026,31-Mar-2027,99.1061,7.82183
17-Jun-2026,31-Mar-2027,103.825,5.74184
17-Jun-2026,31-Mar-2027,108.545,4.05879
17-Jun-2026,31-Mar-2027,113.264,2.75958
17-Jun-2026,30-Apr-2027,75.5094,24.0384
17-Jun-2026,30-Apr-2027,80.2287,20.4068
17-Jun-2026,30-Apr-2027,84.9481,17.017
17-Jun-2026,30-Apr-2027,89.6674,13.904
17-Jun-2026,30-Apr-2027,94.3868,11.1006
17-Jun-2026,30-Apr-2027,99.1061,8.63456
17-Jun-2026,30-Apr-2027,103.825,6.52563
17-Jun-2026,30-Apr-2027,108.545,4.78122
17-Jun-2026,30-Apr-2027,113.264,3.39269
18-Jun-2026,19-Jun-2026,75.6809,18.9265
18-Jun-2026,19-Jun-2026,80.411,14.1968
18-Jun-2026,19-Jun-2026,94.6011,0.279782
18-Jun-2026,19-Jun-2026,104.061,2.40705e-13
18-Jun-2026,26-Jun-2026,75.6809,18.9955
18-Jun-2026,26-Jun-2026,80.411,14.2702
18-Jun-2026,26-Jun-2026,85.141,9.54514
18-Jun-2026,26-Jun-2026,89.8711,4.85752
18-Jun-2026,26-Jun-2026,94.6011,1.02194
18-Jun-2026,26-Jun-2026,99.3312,0.0137134
18-Jun-2026,26-Jun-2026,104.061,9.76373e-07
18-Jun-2026,26-Jun-2026,108.791,8.15414e-13
18-Jun-2026,26-Jun-2026,113.521,1.20178e-15
18-Jun-2026,03-Jul-2026,75.6809,19.0519
18-Jun-2026,03-Jul-2026,80.411,14.3303
18-Jun-2026,03-Jul-2026,85.141,9.61575
18-Jun-2026,03-Jul-2026,89.8711,5.02793
18-Jun-2026,03-Jul-2026,94.6011,1.39236
18-Jun-2026,03-Jul-2026,99.3312,0.0792765
18-Jun-2026,03-Jul-2026,104.061,0.000276588
18-Jun-2026,03-Jul-2026,108.791,8.69229e-08
18-Jun-2026,03-Jul-2026,113.521,7.90252e-12
18-Jun-2026,10-Jul-2026,75.6809,19.121
18-Jun-2026,10-Jul-2026,80.411,14.4064
18-Jun-2026,10-Jul-2026,85.141,9.72338
18-Jun-2026,10-Jul-2026,89.8711,5.26918
18-Jun-2026,10-Jul-2026,94.6011,1.77263
18-Jun-2026,10-Jul-2026,99.3312,0.212925
18-Jun-2026,10-Jul-2026,104.061,0.00461434
18-Jun-2026,10-Jul-2026,108.791,2.2287e-05
18-Jun-2026,10-Jul-2026,113.521,4.8569e-08
18-Jun-2026,17-Jul-2026,75.6809,19.1782
18-Jun-2026,17-Jul-2026,80.411,14.4738
18-Jun-2026,17-Jul-2026,85.141,9.82908
18-Jun-2026,17-Jul-2026,89.8711,5.47489
18-Jun-2026,17-Jul-2026,94.6011,2.05243
18-Jun-2026,17-Jul-2026,99.3312,0.347976
18-Jun-2026,17-Jul-2026,104.061,0.0165142
18-Jun-2026,17-Jul-2026,108.791,0.000252388
18-Jun-2026,17-Jul-2026,113.521,2.08753e-06
18-Jun-2026,30-Jun-2026,75.6809,19.0331
18-Jun-2026,30-Jun-2026,80.411,14.3102
18-Jun-2026,30-Jun-2026,85.141,9.59074
18-Jun-2026,30-Jun-2026,89.8711,4.96684
18-Jun-2026,30-Jun-2026,94.6011,1.27718
18-Jun-2026,30-Jun-2026,99.3312,0.0518943
18-Jun-2026,30-Jun-2026,104.061,7.5667e-05
18-Jun-2026,30-Jun-2026,108.791,6.34888e-09
18-Jun-2026,30-Jun-2026,113.521,1.43832e-13
18-Jun-2026,31-Jul-2026,75.6809,19.3121
18-Jun-2026,31-Jul-2026,80.411,14.647
18-Jun-2026,31-Jul-2026,85.141,10.1054
18-Jun-2026,31-Jul-2026,89.8711,5.93459
18-Jun-2026,31-Jul-2026,94.6011,2.61808
18-Jun-2026,31-Jul-2026,99.3312,0.691821
18-Jun-2026,31-Jul-2026,104.061,0.0840806
18-Jun-2026,31-Jul-2026,108.791,0.00498277
18-Jun-2026,31-Jul-2026,113.521,0.000196193
18-Jun-2026,31-Aug-2026,75.6809,19.6556
18-Jun-2026,31-Aug-2026,80.411,15.121
18-Jun-2026,31-Aug-2026,85.141,10.8001
18-Jun-2026,31-Aug-2026,89.8711,6.89676
18-Jun-2026,31-Aug-2026,94.6011,3.70259
18-Jun-2026,31-Aug-2026,99.3312,1.5176
18-Jun-2026,31-Aug-2026,104.061,0.426262
18-Jun-2026,31-Aug-2026,108.791,0.0818382
18-Jun-2026,31-Aug-2026,113.521,0.0122732
18-Jun-2026,30-Sep-2026,75.6809,20.0665
18-Jun-2026,30-Sep-2026,80.411,15.6721
18-Jun-2026,30-Sep-2026,85.141,11.5304
18-Jun-2026,30-Sep-2026,89.8711,7.79959
18-Jun-2026,30-Sep-2026,94.6011,4.67788
18-Jun-2026,30-Sep-2026,99.3312,2.36279
18-Jun-2026,30-Sep-2026,104.061,0.950173
18-Jun-2026,30-Sep-2026,108.791,0.299662
18-Jun-2026,30-Sep-2026,113.521,0.0787343
18-Jun-2026,30-Oct-2026,75.6809,20.534
18-Jun-2026,30-Oct-2026,80.411,16.2715
18-Jun-2026,30-Oct-2026,85.141,12.2771
18-Jun-2026,30-Oct-2026,89.8711,8.67459
18-Jun-2026,30-Oct-2026,94.6011,5.60806
18-Jun-2026,30-Oct-2026,99.3312,3.21741
18-Jun-2026,30-Oct-2026,104.061,1.58554
18-Jun-2026,30-Oct-2026,108.791,0.661306
18-Jun-2026,30-Oct-2026,113.521,0.239444
18-Jun-2026,30-Nov-2026,75.6809,21.1035
18-Jun-2026,30-Nov-2026,80.411,16.9745
18-Jun-2026,30-Nov-2026,85.141,13.1172
18-Jun-2026,30-Nov-2026,89.8711,9.62825
18-Jun-2026,30-Nov-2026,94.6011,6.61332
18-Jun-2026,30-Nov-2026,99.3312,4.17274
18-Jun-2026,30-Nov-2026,104.061,2.37239
18-Jun-2026,30-Nov-2026,108.791,1.20163
18-Jun-2026,30-Nov-2026,113.521,0.546765
18-Jun-2026,31-Dec-2026,75.6809,21.6539
18-Jun-2026,31-Dec-2026,80.411,17.6344
18-Jun-2026,31-Dec-2026,85.141,13.8842
18-Jun-2026,31-Dec-2026,89.8711,10.4813
18-Jun-2026,31-Dec-2026,94.6011,7.508
18-Jun-2026,31-Dec-2026,99.3312,5.04076
18-Jun-2026,31-Dec-2026,104.061,3.13233
18-Jun-2026,31-Dec-2026,108.791,1.78638
18-Jun-2026,31-Dec-2026,113.521,0.937044
18-Jun-2026,29-Jan-2027,75.6809,22.2233
18-Jun-2026,29-Jan-2027,80.411,18.303
18-Jun-2026,29-Jan-2027,85.141,14.6467
18-Jun-2026,29-Jan-2027,89.8711,11.3182
18-Jun-2026,29-Jan-2027,94.6011,8.38295
18-Jun-2026,29-Jan-2027,99.3312,5.90066
18-Jun-2026,29-Jan-2027,104.061,3.91357
18-Jun-2026,29-Jan-2027,108.791,2.43072
18-Jun-2026,29-Jan-2027,113.521,1.4135
18-Jun-2026,26-Feb-2027,75.6809,22.7647
18-Jun-2026,26-Feb-2027,80.411,18.9288
18-Jun-2026,26-Feb-2027,85.141,15.3505
18-Jun-2026,26-Feb-2027,89.8711,12.0834
18-Jun-2026,26-Feb-2027,94.6011,9.18129
18-Jun-2026,26-Feb-2027,99.3312,6.69216
18-Jun-2026,26-Feb-2027,104.061,4.65062
18-Jun-2026,26-Feb-2027,108.791,3.06709
18-Jun-2026,26-Feb-2027,113.521,1.91774
18-Jun-2026,31-Mar-2027,75.6809,23.3827
18-Jun-2026,31-Mar-2027,80.411,19.6339
18-Jun-2026,31-Mar-2027,85.141,16.1349
18-Jun-2026,31-Mar-2027,89.8711,12.9302
18-Jun-2026,31-Mar-2027,94.6011,10.0632
18-Jun-2026,31-Mar-2027,99.3312,7.5722
18-Jun-2026,31-Mar-2027,104.061,5.48505
18-Jun-2026,31-Mar-2027,108.791,3.81192
18-Jun-2026,31-Mar-2027,113.521,2.53867
18-Jun-2026,30-Apr-2027,75.6809,23.9649
18-Jun-2026,30-Apr-2027,80.411,20.291
18-Jun-2026,30-Apr-2027,85.141,16.8594
18-Jun-2026,30-Apr-2027,89.8711,13.7076
18-Jun-2026,30-Apr-2027,94.6011,10.8718
18-Jun-2026,30-Apr-2027,99.3312,8.38326
18-Jun-2026,30-Apr-2027,104.061,6.26472
18-Jun-2026,30-Apr-2027,108.791,4.5255
18-Jun-2026,30-Apr-2027,113.521,3.15667
19-Jun-2026,26-Jun-2026,75.7075,18.9948
19-Jun-2026,26-Jun-2026,80.4392,14.2673
19-Jun-2026,26-Jun-2026,85.1709,9.54008
19-Jun-2026,26-Jun-2026,89.9026,4.84817
19-Jun-2026,26-Jun-2026,94.6343,1.01274
19-Jun-2026,26-Jun-2026,99.366,0.0139737
19-Jun-2026,26-Jun-2026,104.098,1.04726e-06
19-Jun-2026,26-Jun-2026,108.829,6.30052e-13
19-Jun-2026,03-Jul-2026,75.7075,19.0503
19-Jun-2026,03-Jul-2026,80.4392,14.3265
19-Jun-2026,03-Jul-2026,85.1709,9.60987
19-Jun-2026,03-Jul-2026,89.9026,5.02371
19-Jun-2026,03-Jul-2026,94.6343,1.40349
19-Jun-2026,03-Jul-2026,99.366,0.0863252
19-Jun-2026,03-Jul-2026,104.098,0.000363124
19-Jun-2026,03-Jul-2026,108.829,1.25515e-07
19-Jun-2026,03-Jul-2026,113.561,1.08009e-11
19-Jun-2026,10-Jul-2026,75.7075,19.1182
19-Jun-2026,10-Jul-2026,80.4392,14.4016
19-Jun-2026,10-Jul-2026,85.1709,9.71845
19-Jun-2026,10-Jul-2026,89.9026,5.27348
19-Jun-2026,10-Jul-2026,94.6343,1.79764
19-Jun-2026,10-Jul-2026,99.366,0.231059
19-Jun-2026,10-Jul-2026,104.098,0.00585107
19-Jun-2026,10-Jul-2026,108.829,3.22382e-05
19-Jun-2026,10-Jul-2026,113.561,7.43734e-08
19-Jun-2026,17-Jul-2026,75.7075,19.1746
19-Jun-2026,17-Jul-2026,80.4392,14.4687
19-Jun-2026,17-Jul-2026,85.1709,9.82623
19-Jun-2026,17-Jul-2026,89.9026,5.48543
19-Jun-2026,17-Jul-2026,94.6343,2.08484
19-Jun-2026,17-Jul-2026,99.366,0.374282
19-Jun-2026,17-Jul-2026,104.098,0.0201608
19-Jun-2026,17-Jul-2026,108.829,0.000347578
19-Jun-2026,17-Jul-2026,113.561,3.08858e-06
19-Jun-2026,24-Jul-2026,75.7075,19.2327
19-Jun-2026,24-Jul-2026,80.4392,14.5427
19-Jun-2026,24-Jul-2026,85.1709,9.9473
19-Jun-2026,24-Jul-2026,89.9026,5.69794
19-Jun-2026,24-Jul-2026,94.6343,2.35225
19-Jun-2026,24-Jul-2026,99.366,0.530176
19-Jun-2026,24-Jul-2026,104.098,0.0465413
19-Jun-2026,24-Jul-2026,108.829,0.00165939
19-Jun-2026,24-Jul-2026,113.561,3.46813e-05
19-Jun-2026,30-Jun-2026,75.7075,19.0318
19-Jun-2026,30-Jun-2026,80.4392,14.3067
19-Jun-2026,30-Jun-2026,85.1709,9.585
19-Jun-2026,30-Jun-2026,89.9026,4.96045
19-Jun-2026,30-Jun-2026,94.6343,1.28291
19-Jun-2026,30-Jun-2026,99.366,0.0561546
19-Jun-2026,30-Jun-2026,104.098,9.82087e-05
19-Jun-2026,30-Jun-2026,108.829,8.61031e-09
19-Jun-2026,30-Jun-2026,113.561,1.45001e-13
19-Jun-2026,31-Jul-2026,75.7075,19.3074
19-Jun-2026,31-Jul-2026,80.4392,14.643
19-Jun-2026,31-Jul-2026,85.1709,10.1086
19-Jun-2026,31-Jul-2026,89.9026,5.95557
19-Jun-2026,31-Jul-2026,94.6343,2.6604
19-Jun-2026,31-Jul-2026,99.366,0.73133
19-Jun-2026,31-Jul-2026,104.098,0.0964644
19-Jun-2026,31-Jul-2026,108.829,0.00624699
19-Jun-2026,31-Jul-2026,113.561,0.000262686
19-Jun-2026,31-Aug-2026,75.7075,19.6517
19-Jun-2026,31-Aug-2026,80.4392,15.1226
19-Jun-2026,31-Aug-2026,85.1709,10.8137
19-Jun-2026,31-Aug-2026,89.9026,6.92836
19-Jun-2026,31-Aug-2026,94.6343,3.75134
19-Jun-2026,31-Aug-2026,99.366,1.5682
19-Jun-2026,31-Aug-2026,104.098,0.456977
19-Jun-2026,31-Aug-2026,108.829,0.091889
19-Jun-2026,31-Aug-2026,113.561,0.0143648
19-Jun-2026,30-Sep-2026,75.7075,20.0648
19-Jun-2026,30-Sep-2026,80.4392,15.6778
19-Jun-2026,30-Sep-2026,85.1709,11.5482
19-Jun-2026,30-Sep-2026,89.9026,7.83226
19-Jun-2026,30-Sep-2026,94.6343,4.72358
19-Jun-2026,30-Sep-2026,99.366,2.41179
19-Jun-2026,30-Sep-2026,104.098,0.988017
19-Jun-2026,30-Sep-2026,108.829,0.319504
19-Jun-2026,30-Sep-2026,113.561,0.0861478
19-Jun-2026,30-Oct-2026,75.7075,20.5334
19-Jun-2026,30-Oct-2026,80.4392,16.2783
19-Jun-2026,30-Oct-2026,85.1709,12.2941
19-Jun-2026,30-Oct-2026,89.9026,8.70303
19-Jun-2026,30-Oct-2026,94.6343,5.64603
19-Jun-2026,30-Oct-2026,99.366,3.25877
19-Jun-2026,30-Oct-2026,104.098,1.62143
19-Jun-2026,30-Oct-2026,108.829,0.685347
19-Jun-2026,30-Oct-2026,113.561,0.25198
19-Jun-2026,30-Nov-2026,75.7075,21.1019
19-Jun-2026,30-Nov-2026,80.4392,16.9789
19-Jun-2026,30-Nov-2026,85.1709,13.1292
19-Jun-2026,30-Nov-2026,89.9026,9.64811
19-Jun-2026,30-Nov-2026,94.6343,6.63951
19-Jun-2026,30-Nov-2026,99.366,4.20171
19-Jun-2026,30-Nov-2026,104.098,2.39943
19-Jun-2026,30-Nov-2026,108.829,1.22276
19-Jun-2026,30-Nov-2026,113.561,0.56063
19-Jun-2026,31-Dec-2026,75.7075,21.6492
19-Jun-2026,31-Dec-2026,80.4392,17.634
19-Jun-2026,31-Dec-2026,85.1709,13.8889
19-Jun-2026,31-Dec-2026,89.9026,10.491
19-Jun-2026,31-Dec-2026,94.6343,7.52167
19-Jun-2026,31-Dec-2026,99.366,5.05642
19-Jun-2026,31-Dec-2026,104.098,3.14765
19-Jun-2026,31-Dec-2026,108.829,1.79947
19-Jun-2026,31-Dec-2026,113.561,0.946952
19-Jun-2026,29-Jan-2027,75.7075,22.2137
19-Jun-2026,29-Jan-2027,80.4392,18.2959
19-Jun-2026,29-Jan-2027,85.1709,14.6423
19-Jun-2026,29-Jan-2027,89.9026,11.3163
19-Jun-2026,29-Jan-2027,94.6343,8.38307
19-Jun-2026,29-Jan-2027,99.366,5.90188
19-Jun-2026,29-Jan-2027,104.098,3.91516
19-Jun-2026,29-Jan-2027,108.829,2.43233
19-Jun-2026,29-Jan-2027,113.561,1.41515
19-Jun-2026,26-Feb-2027,75.7075,22.7493
19-Jun-2026,26-Feb-2027,80.4392,18.914
19-Jun-2026,26-Feb-2027,85.1709,15.3364
19-Jun-2026,26-Feb-2027,89.9026,12.07
19-Jun-2026,26-Feb-2027,94.6343,9.16822
19-Jun-2026,26-Feb-2027,99.366,6.67934
19-Jun-2026,26-Feb-2027,104.098,4.63833
19-Jun-2026,26-Feb-2027,108.829,3.05603
19-Jun-2026,26-Feb-2027,113.561,1.9088
19-Jun-2026,31-Mar-2027,75.7075,23.3595
19-Jun-2026,31-Mar-2027,80.4392,19.6094
19-Jun-2026,31-Mar-2027,85.1709,16.1091
19-Jun-2026,31-Mar-2027,89.9026,12.903
19-Jun-2026,31-Mar-2027,94.6343,10.0348
19-Jun-2026,31-Mar-2027,99.366,7.54319
19-Jun-2026,31-Mar-2027,104.098,5.45639
19-Jun-2026,31-Mar-2027,108.829,3.78515
19-Jun-2026,31-Mar-2027,113.561,2.51545
19-Jun-2026,30-Apr-2027,75.7075,23.9334
19-Jun-2026,30-Apr-2027,80.4392,20.2565
19-Jun-2026,30-Apr-2027,85.1709,16.8219
19-Jun-2026,30-Apr-2027,89.9026,13.6673
19-Jun-2026,30-Apr-2027,94.6343,10.829
19-Jun-2026,30-Apr-2027,99.366,8.33892
19-Jun-2026,30-Apr-2027,104.098,6.22038
19-Jun-2026,30-Apr-2027,108.829,4.48319
19-Jun-2026,30-Apr-2027,113.561,3.11864
22-Jun-2026,26-Jun-2026,73.9382,18.5092
22-Jun-2026,26-Jun-2026,78.5594,13.8896
22-Jun-2026,26-Jun-2026,83.1805,9.27005
22-Jun-2026,26-Jun-2026,87.8016,4.6559
22-Jun-2026,26-Jun-2026,92.4228,0.759178
22-Jun-2026,26-Jun-2026,97.0439,0.00275403
22-Jun-2026,26-Jun-2026,101.665,8.33569e-09
22-Jun-2026,03-Jul-2026,73.9382,18.5771
22-Jun-2026,03-Jul-2026,78.5594,13.962
22-Jun-2026,03-Jul-2026,83.1805,9.35724
22-Jun-2026,03-Jul-2026,87.8016,4.9196
22-Jun-2026,03-Jul-2026,92.4228,1.50014
22-Jun-2026,03-Jul-2026,97.0439,0.155028
22-Jun-2026,03-Jul-2026,101.665,0.00275995
22-Jun-2026,03-Jul-2026,106.286,5.36515e-06
22-Jun-2026,03-Jul-2026,110.907,1.3652e-09
22-Jun-2026,10-Jul-2026,73.9382,18.6328
22-Jun-2026,10-Jul-2026,78.5594,14.0252
22-Jun-2026,10-Jul-2026,83.1805,9.46284
22-Jun-2026,10-Jul-2026,87.8016,5.19
22-Jun-2026,10-Jul-2026,92.4228,1.919
22-Jun-2026,10-Jul-2026,97.0439,0.353815
22-Jun-2026,10-Jul-2026,101.665,0.0222044
22-Jun-2026,10-Jul-2026,106.286,0.000365822
22-Jun-2026,10-Jul-2026,110.907,1.7775e-06
22-Jun-2026,17-Jul-2026,73.9382,18.703
22-Jun-2026,17-Jul-2026,78.5594,14.1156
22-Jun-2026,17-Jul-2026,83.1805,9.62733
22-Jun-2026,17-Jul-2026,87.8016,5.51545
22-Jun-2026,17-Jul-2026,92.4228,2.34365
22-Jun-2026,17-Jul-2026,97.0439,0.610379
22-Jun-2026,17-Jul-2026,101.665,0.0765978
22-Jun-2026,17-Jul-2026,106.286,0.00394658
22-Jun-2026,17-Jul-2026,110.907,9.09186e-05
22-Jun-2026,24-Jul-2026,73.9382,18.7642
22-Jun-2026,24-Jul-2026,78.5594,14.202
22-Jun-2026,24-Jul-2026,83.1805,9.77885
22-Jun-2026,24-Jul-2026,87.8016,5.77002
22-Jun-2026,24-Jul-2026,92.4228,2.64887
22-Jun-2026,24-Jul-2026,97.0439,0.818457
22-Jun-2026,24-Jul-2026,101.665,0.141952
22-Jun-2026,24-Jul-2026,106.286,0.0122872
22-Jun-2026,24-Jul-2026,110.907,0.000570262
22-Jun-2026,30-Jun-2026,73.9382,18.5463
22-Jun-2026,30-Jun-2026,78.5594,13.929
22-Jun-2026,30-Jun-2026,83.1805,9.31331
22-Jun-2026,30-Jun-2026,87.8016,4.77938
22-Jun-2026,30-Jun-2026,92.4228,1.21544
22-Jun-2026,30-Jun-2026,97.0439,0.0631547
22-Jun-2026,30-Jun-2026,101.665,0.000222171
22-Jun-2026,30-Jun-2026,106.286,2.58062e-08
22-Jun-2026,30-Jun-2026,110.907,1.41495e-13
22-Jun-2026,31-Jul-2026,73.9382,18.8302
22-Jun-2026,31-Jul-2026,78.5594,14.2984
22-Jun-2026,31-Jul-2026,83.1805,9.93854
22-Jun-2026,31-Jul-2026,87.8016,6.01367
22-Jun-2026,31-Jul-2026,92.4228,2.92837
22-Jun-2026,31-Jul-2026,97.0439,1.02179
22-Jun-2026,31-Jul-2026,101.665,0.221164
22-Jun-2026,31-Jul-2026,106.286,0.0271234
22-Jun-2026,31-Jul-2026,110.907,0.00200636
22-Jun-2026,31-Aug-2026,73.9382,19.2312
22-Jun-2026,31-Aug-2026,78.5594,14.8712
22-Jun-2026,31-Aug-2026,83.1805,10.766
22-Jun-2026,31-Aug-2026,87.8016,7.10129
22-Jun-2026,31-Aug-2026,92.4228,4.10221
22-Jun-2026,31-Aug-2026,97.0439,1.96236
22-Jun-2026,31-Aug-2026,101.665,0.727458
22-Jun-2026,31-Aug-2026,106.286,0.201515
22-Jun-2026,31-Aug-2026,110.907,0.0433641
22-Jun-2026,30-Sep-2026,73.9382,19.6777
22-Jun-2026,30-Sep-2026,78.5594,15.4603
22-Jun-2026,30-Sep-2026,83.1805,11.5158
22-Jun-2026,30-Sep-2026,87.8016,7.98164
22-Jun-2026,30-Sep-2026,92.4228,5.0133
22-Jun-2026,30-Sep-2026,97.0439,2.75189
22-Jun-2026,30-Sep-2026,101.665,1.26678
22-Jun-2026,30-Sep-2026,106.286,0.478777
22-Jun-2026,30-Sep-2026,110.907,0.152647
22-Jun-2026,30-Oct-2026,73.9382,20.1564
22-Jun-2026,30-Oct-2026,78.5594,16.0558
22-Jun-2026,30-Oct-2026,83.1805,12.2278
22-Jun-2026,30-Oct-2026,87.8016,8.77892
22-Jun-2026,30-Oct-2026,92.4228,5.8271
22-Jun-2026,30-Oct-2026,97.0439,3.4844
22-Jun-2026,30-Oct-2026,101.665,1.82437
22-Jun-2026,30-Oct-2026,106.286,0.824311
22-Jun-2026,30-Oct-2026,110.907,0.32756
22-Jun-2026,30-Nov-2026,73.9382,20.6825
22-Jun-2026,30-Nov-2026,78.5594,16.6845
22-Jun-2026,30-Nov-2026,83.1805,12.9515
22-Jun-2026,30-Nov-2026,87.8016,9.56846
22-Jun-2026,30-Nov-2026,92.4228,6.62873
22-Jun-2026,30-Nov-2026,97.0439,4.22451
22-Jun-2026,30-Nov-2026,101.665,2.42671
22-Jun-2026,30-Nov-2026,106.286,1.24298
22-Jun-2026,30-Nov-2026,110.907,0.574907
22-Jun-2026,31-Dec-2026,73.9382,21.1872
22-Jun-2026,31-Dec-2026,78.5594,17.2711
22-Jun-2026,31-Dec-2026,83.1805,13.6105
22-Jun-2026,31-Dec-2026,87.8016,10.2764
22-Jun-2026,31-Dec-2026,92.4228,7.34645
22-Jun-2026,31-Dec-2026,97.0439,4.89945
22-Jun-2026,31-Dec-2026,101.665,3.00144
22-Jun-2026,31-Dec-2026,106.286,1.67445
22-Jun-2026,31-Dec-2026,110.907,0.857814
22-Jun-2026,29-Jan-2027,73.9382,21.7116
22-Jun-2026,29-Jan-2027,78.5594,17.8687
22-Jun-2026,29-Jan-2027,83.1805,14.2713
22-Jun-2026,29-Jan-2027,87.8016,10.9796
22-Jun-2026,29-Jan-2027,92.4228,8.0596
22-Jun-2026,29-Jan-2027,97.0439,5.57947
22-Jun-2026,29-Jan-2027,101.665,3.59944
22-Jun-2026,29-Jan-2027,106.286,2.14867
22-Jun-2026,29-Jan-2027,110.907,1.19298
22-Jun-2026,26-Feb-2027,73.9382,22.1493
22-Jun-2026,26-Feb-2027,78.5594,18.3608
22-Jun-2026,26-Feb-2027,83.1805,14.8096
22-Jun-2026,26-Feb-2027,87.8016,11.5491
22-Jun-2026,26-Feb-2027,92.4228,8.6378
22-Jun-2026,26-Feb-2027,97.0439,6.13654
22-Jun-2026,26-Feb-2027,101.665,4.10073
22-Jun-2026,26-Feb-2027,106.286,2.562
22-Jun-2026,26-Feb-2027,110.907,1.50142
22-Jun-2026,31-Mar-2027,73.9382,22.6828
22-Jun-2026,31-Mar-2027,78.5594,18.9543
22-Jun-2026,31-Mar-2027,83.1805,15.4539
22-Jun-2026,31-Mar-2027,87.8016,12.2281
22-Jun-2026,31-Mar-2027,92.4228,9.32809
22-Jun-2026,31-Mar-2027,97.0439,6.80726
22-Jun-2026,31-Mar-2027,101.665,4.71542
22-Jun-2026,31-Mar-2027,106.286,3.0848
22-Jun-2026,31-Mar-2027,110.907,1.90908
22-Jun-2026,30-Apr-2027,73.9382,23.1517
22-Jun-2026,30-Apr-2027,78.5594,19.4717
22-Jun-2026,30-Apr-2027,83.1805,16.0121
22-Jun-2026,30-Apr-2027,87.8016,12.8147
22-Jun-2026,30-Apr-2027,92.4228,9.92532
22-Jun-2026,30-Apr-2027,97.0439,7.39183
22-Jun-2026,30-Apr-2027,101.665,5.25943
22-Jun-2026,30-Apr-2027,106.286,3.55962
22-Jun-2026,30-Apr-2027,110.907,2.29336
23-Jun-2026,26-Jun-2026,73.7257,18.4497
23-Jun-2026,26-Jun-2026,78.3336,13.843
23-Jun-2026,26-Jun-2026,82.9414,9.23628
23-Jun-2026,26-Jun-2026,87.5493,4.6311
23-Jun-2026,26-Jun-2026,92.1571,0.656511
23-Jun-2026,26-Jun-2026,96.765,0.000651111
23-Jun-2026,26-Jun-2026,101.373,4.94964e-11
23-Jun-2026,26-Jun-2026,105.981,1.4598e-15
23-Jun-2026,26-Jun-2026,110.589,1.46961e-15
23-Jun-2026,03-Jul-2026,73.7257,18.5167
23-Jun-2026,03-Jul-2026,78.3336,13.9143
23-Jun-2026,03-Jul-2026,82.9414,9.31997
23-Jun-2026,03-Jul-2026,87.5493,4.8774
23-Jun-2026,03-Jul-2026,92.1571,1.44765
23-Jun-2026,03-Jul-2026,96.765,0.136778
23-Jun-2026,03-Jul-2026,101.373,0.00199421
23-Jun-2026,03-Jul-2026,105.981,2.74272e-06
23-Jun-2026,03-Jul-2026,110.589,4.24859e-10
23-Jun-2026,10-Jul-2026,73.7257,18.5716
23-Jun-2026,10-Jul-2026,78.3336,13.976
23-Jun-2026,10-Jul-2026,82.9414,9.42148
23-Jun-2026,10-Jul-2026,87.5493,5.14638
23-Jun-2026,10-Jul-2026,92.1571,1.8756
23-Jun-2026,10-Jul-2026,96.765,0.333191
23-Jun-2026,10-Jul-2026,101.373,0.0194043
23-Jun-2026,10-Jul-2026,105.981,0.000281677
23-Jun-2026,10-Jul-2026,110.589,1.13858e-06
23-Jun-2026,17-Jul-2026,73.7257,18.6406
23-Jun-2026,17-Jul-2026,78.3336,14.0641
23-Jun-2026,17-Jul-2026,82.9414,9.5823
23-Jun-2026,17-Jul-2026,87.5493,5.47152
23-Jun-2026,17-Jul-2026,92.1571,2.30465
23-Jun-2026,17-Jul-2026,96.765,0.588888
23-Jun-2026,17-Jul-2026,101.373,0.0713425
23-Jun-2026,17-Jul-2026,105.981,0.00346643
23-Jun-2026,17-Jul-2026,110.589,7.32273e-05
23-Jun-2026,24-Jul-2026,73.7257,18.7007
23-Jun-2026,24-Jul-2026,78.3336,14.1485
23-Jun-2026,24-Jul-2026,82.9414,9.7315
23-Jun-2026,24-Jul-2026,87.5493,5.72558
23-Jun-2026,24-Jul-2026,92.1571,2.61107
23-Jun-2026,24-Jul-2026,96.765,0.796228
23-Jun-2026,24-Jul-2026,101.373,0.134932
23-Jun-2026,24-Jul-2026,105.981,0.0112412
23-Jun-2026,24-Jul-2026,110.589,0.00049272
23-Jun-2026,30-Jun-2026,73.7257,18.4862
23-Jun-2026,30-Jun-2026,78.3336,13.8818
23-Jun-2026,30-Jun-2026,82.9414,9.2783
23-Jun-2026,30-Jun-2026,87.5493,4.7408
23-Jun-2026,30-Jun-2026,92.1571,1.15194
23-Jun-2026,30-Jun-2026,96.765,0.0491952
23-Jun-2026,30-Jun-2026,101.373,0.000107615
23-Jun-2026,30-Jun-2026,105.981,5.41352e-09
23-Jun-2026,30-Jun-2026,110.589,7.28205e-15
23-Jun-2026,31-Jul-2026,73.7257,18.7653
23-Jun-2026,31-Jul-2026,78.3336,14.2429
23-Jun-2026,31-Jul-2026,82.9414,9.88909
23-Jun-2026,31-Jul-2026,87.5493,5.9683
23-Jun-2026,31-Jul-2026,92.1571,2.89057
23-Jun-2026,31-Jul-2026,96.765,0.998491
23-Jun-2026,31-Jul-2026,101.373,0.212454
23-Jun-2026,31-Jul-2026,105.981,0.0253343
23-Jun-2026,31-Jul-2026,110.589,0.00179643
23-Jun-2026,31-Aug-2026,73.7257,19.158
23-Jun-2026,31-Aug-2026,78.3336,14.805
23-Jun-2026,31-Aug-2026,82.9414,10.7052
23-Jun-2026,31-Aug-2026,87.5493,7.04605
23-Jun-2026,31-Aug-2026,92.1571,4.05558
23-Jun-2026,31-Aug-2026,96.765,1.92882
23-Jun-2026,31-Aug-2026,101.373,0.708573
23-Jun-2026,31-Aug-2026,105.981,0.19348
23-Jun-2026,31-Aug-2026,110.589,0.0407424
23-Jun-2026,30-Sep-2026,73.7257,19.5945
23-Jun-2026,30-Sep-2026,78.3336,15.3819
23-Jun-2026,30-Sep-2026,82.9414,11.4413
23-Jun-2026,30-Sep-2026,87.5493,7.91202
23-Jun-2026,30-Sep-2026,92.1571,4.95193
23-Jun-2026,30-Sep-2026,96.765,2.70356
23-Jun-2026,30-Sep-2026,101.373,1.23448
23-Jun-2026,30-Sep-2026,105.981,0.460816
23-Jun-2026,30-Sep-2026,110.589,0.144259
23-Jun-2026,30-Oct-2026,73.7257,20.0608
23-Jun-2026,30-Oct-2026,78.3336,15.9628
23-Jun-2026,30-Oct-2026,82.9414,12.1369
23-Jun-2026,30-Oct-2026,87.5493,8.69187
23-Jun-2026,30-Oct-2026,92.1571,5.74772
23-Jun-2026,30-Oct-2026,96.765,3.41811
23-Jun-2026,30-Oct-2026,101.373,1.77541
23-Jun-2026,30-Oct-2026,105.981,0.792783
23-Jun-2026,30-Oct-2026,110.589,0.309715
23-Jun-2026,30-Nov-2026,73.7257,20.5713
23-Jun-2026,30-Nov-2026,78.3336,16.5736
23-Jun-2026,30-Nov-2026,82.9414,12.8409
23-Jun-2026,30-Nov-2026,87.5493,9.46041
23-Jun-2026,30-Nov-2026,92.1571,6.52769
23-Jun-2026,30-Nov-2026,96.765,4.13654
23-Jun-2026,30-Nov-2026,101.373,2.35718
23-Jun-2026,30-Nov-2026,105.981,1.1936
23-Jun-2026,30-Nov-2026,110.589,0.543198
23-Jun-2026,31-Dec-2026,73.7257,21.0593
23-Jun-2026,31-Dec-2026,78.3336,17.1413
23-Jun-2026,31-Dec-2026,82.9414,13.4793
23-Jun-2026,31-Dec-2026,87.5493,10.1466
23-Jun-2026,31-Dec-2026,92.1571,7.22305
23-Jun-2026,31-Dec-2026,96.765,4.78904
23-Jun-2026,31-Dec-2026,101.373,2.91023
23-Jun-2026,31-Dec-2026,105.981,1.60545
23-Jun-2026,31-Dec-2026,110.589,0.809778
23-Jun-2026,29-Jan-2027,73.7257,21.5647
23-Jun-2026,29-Jan-2027,78.3336,17.7177
23-Jun-2026,29-Jan-2027,82.9414,14.1173
23-Jun-2026,29-Jan-2027,87.5493,10.8258
23-Jun-2026,29-Jan-2027,92.1571,7.91154
23-Jun-2026,29-Jan-2027,96.765,5.4442
23-Jun-2026,29-Jan-2027,101.373,3.48388
23-Jun-2026,29-Jan-2027,105.981,2.05697
23-Jun-2026,29-Jan-2027,110.589,1.12516
23-Jun-2026,26-Feb-2027,73.7257,21.9852
23-Jun-2026,26-Feb-2027,78.3336,18.1909
23-Jun-2026,26-Feb-2027,82.9414,14.6354
23-Jun-2026,26-Feb-2027,87.5493,11.3743
23-Jun-2026,26-Feb-2027,92.1571,8.4681
23-Jun-2026,26-Feb-2027,96.765,5.9794
23-Jun-2026,26-Feb-2027,101.373,3.96353
23-Jun-2026,26-Feb-2027,105.981,2.44973
23-Jun-2026,26-Feb-2027,110.589,1.41509
23-Jun-2026,31-Mar-2027,73.7257,22.4965
23-Jun-2026,31-Mar-2027,78.3336,18.7602
23-Jun-2026,31-Mar-2027,82.9414,15.254
23-Jun-2026,31-Mar-2027,87.5493,12.0264
23-Jun-2026,31-Mar-2027,92.1571,9.13082
23-Jun-2026,31-Mar-2027,96.765,6.62218
23-Jun-2026,31-Mar-2027,101.373,4.55039
23-Jun-2026,31-Mar-2027,105.981,2.94563
23-Jun-2026,31-Mar-2027,110.589,1.79793
23-Jun-2026,30-Apr-2027,73.7257,22.9447
23-Jun-2026,30-Apr-2027,78.3336,19.2553
23-Jun-2026,30-Apr-2027,82.9414,15.7885
23-Jun-2026,30-Apr-2027,87.5493,12.5884
23-Jun-2026,30-Apr-2027,92.1571,9.7028
23-Jun-2026,30-Apr-2027,96.765,7.1811
23-Jun-2026,30-Apr-2027,101.373,5.06868
23-Jun-2026,30-Apr-2027,105.981,3.39528
23-Jun-2026,30-Apr-2027,110.589,2.15849
24-Jun-2026,26-Jun-2026,74.763,18.7039
24-Jun-2026,26-Jun-2026,79.4357,14.0321
24-Jun-2026,26-Jun-2026,84.1084,9.36019
24-Jun-2026,26-Jun-2026,88.7811,4.68839
24-Jun-2026,26-Jun-2026,93.4537,0.508138
24-Jun-2026,26-Jun-2026,98.1264,1.12152e-05
24-Jun-2026,26-Jun-2026,102.799,1.32431e-15
24-Jun-2026,26-Jun-2026,107.472,1.38892e-15
24-Jun-2026,26-Jun-2026,112.144,1.42567e-15
24-Jun-2026,03-Jul-2026,74.763,18.7763
24-Jun-2026,03-Jul-2026,79.4357,14.109
24-Jun-2026,03-Jul-2026,84.1084,9.44546
24-Jun-2026,03-Jul-2026,88.7811,4.89239
24-Jun-2026,03-Jul-2026,93.4537,1.33002
24-Jun-2026,03-Jul-2026,98.1264,0.0865635
24-Jun-2026,03-Jul-2026,102.799,0.0004825
24-Jun-2026,03-Jul-2026,107.472,1.32921e-07
24-Jun-2026,03-Jul-2026,112.144,3.03206e-12
24-Jun-2026,10-Jul-2026,74.763,18.8356
24-Jun-2026,10-Jul-2026,79.4357,14.1737
24-Jun-2026,10-Jul-2026,84.1084,9.5391
24-Jun-2026,10-Jul-2026,88.7811,5.1409
24-Jun-2026,10-Jul-2026,93.4537,1.75327
24-Jun-2026,10-Jul-2026,98.1264,0.24967
24-Jun-2026,10-Jul-2026,102.799,0.00860967
24-Jun-2026,10-Jul-2026,107.472,5.37288e-05
24-Jun-2026,10-Jul-2026,112.144,8.1853e-08
24-Jun-2026,17-Jul-2026,74.763,18.909
24-Jun-2026,17-Jul-2026,79.4357,14.2616
24-Jun-2026,17-Jul-2026,84.1084,9.6879
24-Jun-2026,17-Jul-2026,88.7811,5.45035
24-Jun-2026,17-Jul-2026,93.4537,2.17537
24-Jun-2026,17-Jul-2026,98.1264,0.476815
24-Jun-2026,17-Jul-2026,102.799,0.0411636
24-Jun-2026,17-Jul-2026,107.472,0.00118062
24-Jun-2026,17-Jul-2026,112.144,1.37531e-05
24-Jun-2026,24-Jul-2026,74.763,18.9715
24-Jun-2026,24-Jul-2026,79.4357,14.3438
24-Jun-2026,24-Jul-2026,84.1084,9.82801
24-Jun-2026,24-Jul-2026,88.7811,5.69544
24-Jun-2026,24-Jul-2026,93.4537,2.47667
24-Jun-2026,24-Jul-2026,98.1264,0.666649
24-Jun-2026,24-Jul-2026,102.799,0.0867474
24-Jun-2026,24-Jul-2026,107.472,0.00483551
24-Jun-2026,24-Jul-2026,112.144,0.000135476
24-Jun-2026,30-Jun-2026,74.763,18.7434
24-Jun-2026,30-Jun-2026,79.4357,14.074
24-Jun-2026,30-Jun-2026,84.1084,9.40485
24-Jun-2026,30-Jun-2026,88.7811,4.77334
24-Jun-2026,30-Jun-2026,93.4537,1.0336
24-Jun-2026,30-Jun-2026,98.1264,0.0233119
24-Jun-2026,30-Jun-2026,102.799,8.74692e-06
24-Jun-2026,30-Jun-2026,107.472,2.13619e-11
24-Jun-2026,30-Jun-2026,112.144,5.92374e-16
24-Jun-2026,31-Jul-2026,74.763,19.0375
24-Jun-2026,31-Jul-2026,79.4357,14.435
24-Jun-2026,31-Jul-2026,84.1084,9.9777
24-Jun-2026,31-Jul-2026,88.7811,5.9313
24-Jun-2026,31-Jul-2026,93.4537,2.75175
24-Jun-2026,31-Jul-2026,98.1264,0.854841
24-Jun-2026,31-Jul-2026,102.799,0.146401
24-Jun-2026,31-Jul-2026,107.472,0.0126244
24-Jun-2026,31-Jul-2026,112.144,0.000626287
24-Jun-2026,31-Aug-2026,74.763,19.4286
24-Jun-2026,31-Aug-2026,79.4357,14.9808
24-Jun-2026,31-Aug-2026,84.1084,10.7692
24-Jun-2026,31-Aug-2026,88.7811,6.99139
24-Jun-2026,31-Aug-2026,93.4537,3.90388
24-Jun-2026,31-Aug-2026,98.1264,1.7434
24-Jun-2026,31-Aug-2026,102.799,0.570711
24-Jun-2026,31-Aug-2026,107.472,0.132377
24-Jun-2026,31-Aug-2026,112.144,0.0233973
24-Jun-2026,30-Sep-2026,74.763,19.8612
24-Jun-2026,30-Sep-2026,79.4357,15.5488
24-Jun-2026,30-Sep-2026,84.1084,11.4968
24-Jun-2026,30-Sep-2026,88.7811,7.8539
24-Jun-2026,30-Sep-2026,93.4537,4.79831
24-Jun-2026,30-Sep-2026,98.1264,2.50221
24-Jun-2026,30-Sep-2026,102.799,1.05573
24-Jun-2026,30-Sep-2026,107.472,0.353147
24-Jun-2026,30-Sep-2026,112.144,0.0982617
24-Jun-2026,30-Oct-2026,74.763,20.326
24-Jun-2026,30-Oct-2026,79.4357,16.127
24-Jun-2026,30-Oct-2026,84.1084,12.1917
24-Jun-2026,30-Oct-2026,88.7811,8.63715
24-Jun-2026,30-Oct-2026,93.4537,5.59878
24-Jun-2026,30-Oct-2026,98.1264,3.21299
24-Jun-2026,30-Oct-2026,102.799,1.5737
24-Jun-2026,30-Oct-2026,107.472,0.64806
24-Jun-2026,30-Oct-2026,112.144,0.231753
24-Jun-2026,30-Nov-2026,74.763,20.8384
24-Jun-2026,30-Nov-2026,79.4357,16.74
24-Jun-2026,30-Nov-2026,84.1084,12.9007
24-Jun-2026,30-Nov-2026,88.7811,9.41447
24-Jun-2026,30-Nov-2026,93.4537,6.38908
24-Jun-2026,30-Nov-2026,98.1264,3.93615
24-Jun-2026,30-Nov-2026,102.799,2.14471
24-Jun-2026,30-Nov-2026,107.472,1.02111
24-Jun-2026,30-Nov-2026,112.144,0.433696
24-Jun-2026,31-Dec-2026,74.763,21.3309
24-Jun-2026,31-Dec-2026,79.4357,17.3135
24-Jun-2026,31-Dec-2026,84.1084,13.5478
24-Jun-2026,31-Dec-2026,88.7811,10.1127
24-Jun-2026,31-Dec-2026,93.4537,7.09818
24-Jun-2026,31-Dec-2026,98.1264,4.59904
24-Jun-2026,31-Dec-2026,102.799,2.69699
24-Jun-2026,31-Dec-2026,107.472,1.41683
24-Jun-2026,31-Dec-2026,112.144,0.675571
24-Jun-2026,29-Jan-2027,74.763,21.8437
24-Jun-2026,29-Jan-2027,79.4357,17.8993
24-Jun-2026,29-Jan-2027,84.1084,14.198
24-Jun-2026,29-Jan-2027,88.7811,10.8075
24-Jun-2026,29-Jan-2027,93.4537,7.80409
24-Jun-2026,29-Jan-2027,98.1264,5.26944
24-Jun-2026,29-Jan-2027,102.799,3.27703
24-Jun-2026,29-Jan-2027,107.472,1.86058
24-Jun-2026,29-Jan-2027,112.144,0.971863
24-Jun-2026,26-Feb-2027,74.763,22.2723
24-Jun-2026,26-Feb-2027,79.4357,18.3823
24-Jun-2026,26-Feb-2027,84.1084,14.7285
24-Jun-2026,26-Feb-2027,88.7811,11.3709
24-Jun-2026,26-Feb-2027,93.4537,8.37724
24-Jun-2026,26-Feb-2027,98.1264,5.8201
24-Jun-2026,26-Feb-2027,102.799,3.76634
24-Jun-2026,26-Feb-2027,107.472,2.25274
24-Jun-2026,26-Feb-2027,112.144,1.25111
24-Jun-2026,31-Mar-2027,74.763,22.7953
24-Jun-2026,31-Mar-2027,79.4357,18.9658
24-Jun-2026,31-Mar-2027,84.1084,15.3642
24-Jun-2026,31-Mar-2027,88.7811,12.0433
24-Jun-2026,31-Mar-2027,93.4537,9.06228
24-Jun-2026,31-Mar-2027,98.1264,6.48443
24-Jun-2026,31-Mar-2027,102.799,4.36917
24-Jun-2026,31-Mar-2027,107.472,2.75394
24-Jun-2026,31-Mar-2027,112.144,1.62715
24-Jun-2026,30-Apr-2027,74.763,23.2555
24-Jun-2026,30-Apr-2027,79.4357,19.475
24-Jun-2026,30-Apr-2027,84.1084,15.9155
24-Jun-2026,30-Apr-2027,88.7811,12.6247
24-Jun-2026,30-Apr-2027,93.4537,9.65551
24-Jun-2026,30-Apr-2027,98.1264,7.0643
24-Jun-2026,30-Apr-2027,102.799,4.9046
24-Jun-2026,30-Apr-2027,107.472,3.21285
24-Jun-2026,30-Apr-2027,112.144,1.98703
25-Jun-2026,26-Jun-2026,73.2299,18.3139
25-Jun-2026,26-Jun-2026,77.8068,13.7374
25-Jun-2026,26-Jun-2026,82.3836,9.16094
25-Jun-2026,26-Jun-2026,86.9605,4.58447
25-Jun-2026,26-Jun-2026,91.5374,0.386027
25-Jun-2026,26-Jun-2026,96.1143,5.52708e-08
25-Jun-2026,03-Jul-2026,73.2299,18.3842
25-Jun-2026,03-Jul-2026,77.8068,13.8122
25-Jun-2026,03-Jul-2026,82.3836,9.24534
25-Jun-2026,03-Jul-2026,86.9605,4.80744
25-Jun-2026,03-Jul-2026,91.5374,1.37214
25-Jun-2026,03-Jul-2026,96.1143,0.114773
25-Jun-2026,03-Jul-2026,100.691,0.00130951
25-Jun-2026,03-Jul-2026,105.268,1.17359e-06
25-Jun-2026,03-Jul-2026,109.845,8.96078e-11
25-Jun-2026,10-Jul-2026,73.2299,18.4418
25-Jun-2026,10-Jul-2026,77.8068,13.8761
25-Jun-2026,10-Jul-2026,82.3836,9.34719
25-Jun-2026,10-Jul-2026,86.9605,5.08845
25-Jun-2026,10-Jul-2026,91.5374,1.83651
25-Jun-2026,10-Jul-2026,96.1143,0.321433
25-Jun-2026,10-Jul-2026,100.691,0.0185298
25-Jun-2026,10-Jul-2026,105.268,0.00026318
25-Jun-2026,10-Jul-2026,109.845,9.66711e-07
25-Jun-2026,17-Jul-2026,73.2299,18.514
25-Jun-2026,17-Jul-2026,77.8068,13.9673
25-Jun-2026,17-Jul-2026,82.3836,9.51361
25-Jun-2026,17-Jul-2026,86.9605,5.43074
25-Jun-2026,17-Jul-2026,91.5374,2.29259
25-Jun-2026,17-Jul-2026,96.1143,0.594044
25-Jun-2026,17-Jul-2026,100.691,0.0749801
25-Jun-2026,17-Jul-2026,105.268,0.00387672
25-Jun-2026,17-Jul-2026,109.845,8.52615e-05
25-Jun-2026,24-Jul-2026,73.2299,18.5768
25-Jun-2026,24-Jul-2026,77.8068,14.0553
25-Jun-2026,24-Jul-2026,82.3836,9.66964
25-Jun-2026,24-Jul-2026,86.9605,5.69764
25-Jun-2026,24-Jul-2026,91.5374,2.61531
25-Jun-2026,24-Jul-2026,96.1143,0.814657
25-Jun-2026,24-Jul-2026,100.691,0.145195
25-Jun-2026,24-Jul-2026,105.268,0.0130522
25-Jun-2026,24-Jul-2026,109.845,0.000612032
25-Jun-2026,30-Jun-2026,73.2299,18.3523
25-Jun-2026,30-Jun-2026,77.8068,13.7782
25-Jun-2026,30-Jun-2026,82.3836,9.20436
25-Jun-2026,30-Jun-2026,86.9605,4.67163
25-Jun-2026,30-Jun-2026,91.5374,1.03907
25-Jun-2026,30-Jun-2026,96.1143,0.0297474
25-Jun-2026,30-Jun-2026,100.691,2.52989e-05
25-Jun-2026,30-Jun-2026,105.268,2.39431e-10
25-Jun-2026,31-Jul-2026,73.2299,18.6445
25-Jun-2026,31-Jul-2026,77.8068,14.1541
25-Jun-2026,31-Jul-2026,82.3836,9.83487
25-Jun-2026,31-Jul-2026,86.9605,5.95197
25-Jun-2026,31-Jul-2026,91.5374,2.9083
25-Jun-2026,31-Jul-2026,96.1143,1.02919
25-Jun-2026,31-Jul-2026,100.691,0.230759
25-Jun-2026,31-Jul-2026,105.268,0.0297496
25-Jun-2026,31-Jul-2026,109.845,0.00227432
25-Jun-2026,31-Aug-2026,73.2299,19.0576
25-Jun-2026,31-Aug-2026,77.8068,14.7446
25-Jun-2026,31-Aug-2026,82.3836,10.6891
25-Jun-2026,31-Aug-2026,86.9605,7.07547
25-Jun-2026,31-Aug-2026,91.5374,4.12198
25-Jun-2026,31-Aug-2026,96.1143,2.00904
25-Jun-2026,31-Aug-2026,100.691,0.771418
25-Jun-2026,31-Aug-2026,105.268,0.22424
25-Jun-2026,31-Aug-2026,109.845,0.0504243
25-Jun-2026,30-Sep-2026,73.2299,19.5166
25-Jun-2026,30-Sep-2026,77.8068,15.349
25-Jun-2026,30-Sep-2026,82.3836,11.4564
25-Jun-2026,30-Sep-2026,86.9605,7.97411
25-Jun-2026,30-Sep-2026,91.5374,5.05164
25-Jun-2026,30-Sep-2026,96.1143,2.81936
25-Jun-2026,30-Sep-2026,100.691,1.33544
25-Jun-2026,30-Sep-2026,105.268,0.524332
25-Jun-2026,30-Sep-2026,109.845,0.173277
25-Jun-2026,30-Oct-2026,73.2299,20.0057
25-Jun-2026,30-Oct-2026,77.8068,15.9556
25-Jun-2026,30-Oct-2026,82.3836,12.1794
25-Jun-2026,30-Oct-2026,86.9605,8.78175
25-Jun-2026,30-Oct-2026,91.5374,5.87548
25-Jun-2026,30-Oct-2026,96.1143,3.56385
25-Jun-2026,30-Oct-2026,100.691,1.90984
25-Jun-2026,30-Oct-2026,105.268,0.889685
25-Jun-2026,30-Oct-2026,109.845,0.364031
25-Jun-2026,30-Nov-2026,73.2299,20.5398
25-Jun-2026,30-Nov-2026,77.8068,16.5919
25-Jun-2026,30-Nov-2026,82.3836,12.9097
25-Jun-2026,30-Nov-2026,86.9605,9.57669
25-Jun-2026,30-Nov-2026,91.5374,6.68194
25-Jun-2026,30-Nov-2026,96.1143,4.31033
25-Jun-2026,30-Nov-2026,100.691,2.52329
25-Jun-2026,30-Nov-2026,105.268,1.32464
25-Jun-2026,30-Nov-2026,109.845,0.627599
25-Jun-2026,31-Dec-2026,73.2299,21.0492
25-Jun-2026,31-Dec-2026,77.8068,17.1822
25-Jun-2026,31-Dec-2026,82.3836,13.5712
25-Jun-2026,31-Dec-2026,86.9605,10.2858
25-Jun-2026,31-Dec-2026,91.5374,7.40021
25-Jun-2026,31-Dec-2026,96.1143,4.98689
25-Jun-2026,31-Dec-2026,100.691,3.10348
25-Jun-2026,31-Dec-2026,105.268,1.76697
25-Jun-2026,31-Dec-2026,109.845,0.923807
25-Jun-2026,29-Jan-2027,73.2299,21.5759
25-Jun-2026,29-Jan-2027,77.8068,17.7808
25-Jun-2026,29-Jan-2027,82.3836,14.2316
25-Jun-2026,29-Jan-2027,86.9605,10.9872
25-Jun-2026,29-Jan-2027,91.5374,8.11079
25-Jun-2026,29-Jan-2027,96.1143,5.66509
25-Jun-2026,29-Jan-2027,100.691,3.70299
25-Jun-2026,29-Jan-2027,105.268,2.24813
25-Jun-2026,29-Jan-2027,109.845,1.26995
25-Jun-2026,26-Feb-2027,73.2299,22.0137
25-Jun-2026,26-Feb-2027,77.8068,18.2718
25-Jun-2026,26-Feb-2027,82.3836,14.7675
25-Jun-2026,26-Feb-2027,86.9605,11.5533
25-Jun-2026,26-Feb-2027,91.5374,8.68483
25-Jun-2026,26-Feb-2027,96.1143,6.21842
25-Jun-2026,26-Feb-2027,100.691,4.20287
25-Jun-2026,26-Feb-2027,105.268,2.66429
25-Jun-2026,26-Feb-2027,109.845,1.58518
25-Jun-2026,31-Mar-2027,73.2299,22.5452
25-Jun-2026,31-Mar-2027,77.8068,18.8619
25-Jun-2026,31-Mar-2027,82.3836,15.4069
25-Jun-2026,31-Mar-2027,86.9605,12.226
25-Jun-2026,31-Mar-2027,91.5374,9.36793
25-Jun-2026,31-Mar-2027,96.1143,6.88229
25-Jun-2026,31-Mar-2027,100.691,4.81309
25-Jun-2026,31-Mar-2027,105.268,3.18727
25-Jun-2026,31-Mar-2027,109.845,1.99815
25-Jun-2026,30-Apr-2027,73.2299,23.0109
25-Jun-2026,30-Apr-2027,77.8068,19.3746
25-Jun-2026,30-Apr-2027,82.3836,15.9591
25-Jun-2026,30-Apr-2027,86.9605,12.8053
25-Jun-2026,30-Apr-2027,91.5374,9.95717
25-Jun-2026,30-Apr-2027,96.1143,7.45901
25-Jun-2026,30-Apr-2027,100.691,5.35099
25-Jun-2026,30-Apr-2027,105.268,3.6596
25-Jun-2026,30-Apr-2027,109.845,2.38444
26-Jun-2026,03-Jul-2026,71.8293,18.0255
26-Jun-2026,03-Jul-2026,76.3186,13.5405
26-Jun-2026,03-Jul-2026,80.8079,9.06153
26-Jun-2026,03-Jul-2026,85.2973,4.72279
26-Jun-2026,03-Jul-2026,89.7866,1.38829
26-Jun-2026,03-Jul-2026,94.2759,0.134285
26-Jun-2026,03-Jul-2026,98.7653,0.00231373
26-Jun-2026,03-Jul-2026,103.255,4.37594e-06
26-Jun-2026,03-Jul-2026,107.744,8.14068e-10
26-Jun-2026,10-Jul-2026,71.8293,18.0813
26-Jun-2026,10-Jul-2026,76.3186,13.6036
26-Jun-2026,10-Jul-2026,80.8079,9.17085
26-Jun-2026,10-Jul-2026,85.2973,5.03295
26-Jun-2026,10-Jul-2026,89.7866,1.89202
26-Jun-2026,10-Jul-2026,94.2759,0.379048
26-Jun-2026,10-Jul-2026,98.7653,0.0301807
26-Jun-2026,10-Jul-2026,103.255,0.000746374
26-Jun-2026,10-Jul-2026,107.744,5.41127e-06
26-Jun-2026,17-Jul-2026,71.8293,18.1522
26-Jun-2026,17-Jul-2026,76.3186,13.698
26-Jun-2026,17-Jul-2026,80.8079,9.35367
26-Jun-2026,17-Jul-2026,85.2973,5.40445
26-Jun-2026,17-Jul-2026,89.7866,2.37922
26-Jun-2026,17-Jul-2026,94.2759,0.690739
26-Jun-2026,17-Jul-2026,98.7653,0.111499
26-Jun-2026,17-Jul-2026,103.255,0.00864702
26-Jun-2026,17-Jul-2026,107.744,0.000312187
26-Jun-2026,24-Jul-2026,71.8293,18.2154
26-Jun-2026,24-Jul-2026,76.3186,13.7918
26-Jun-2026,24-Jul-2026,80.8079,9.52424
26-Jun-2026,24-Jul-2026,85.2973,5.69055
26-Jun-2026,24-Jul-2026,89.7866,2.72122
26-Jun-2026,24-Jul-2026,94.2759,0.937497
26-Jun-2026,24-Jul-2026,98.7653,0.205435
26-Jun-2026,24-Jul-2026,103.255,0.0257397
26-Jun-2026,24-Jul-2026,107.744,0.0018066
26-Jun-2026,31-Jul-2026,71.8293,18.285
26-Jun-2026,31-Jul-2026,76.3186,13.8981
26-Jun-2026,31-Jul-2026,80.8079,9.70345
26-Jun-2026,31-Jul-2026,85.2973,5.96107
26-Jun-2026,31-Jul-2026,89.7866,3.03023
26-Jun-2026,31-Jul-2026,94.2759,1.17431
26-Jun-2026,31-Jul-2026,98.7653,0.314875
26-Jun-2026,31-Jul-2026,103.255,0.0537969
26-Jun-2026,31-Jul-2026,107.744,0.00577703
26-Jun-2026,30-Jun-2026,71.8293,17.9945
26-Jun-2026,30-Jun-2026,76.3186,13.5075
26-Jun-2026,30-Jun-2026,80.8079,9.02068
26-Jun-2026,30-Jun-2026,85.2973,4.57315
26-Jun-2026,30-Jun-2026,89.7866,1.01709
26-Jun-2026,30-Jun-2026,94.2759,0.0310122
26-Jun-2026,30-Jun-2026,98.7653,3.56994e-05
26-Jun-2026,30-Jun-2026,103.255,6.20303e-10
26-Jun-2026,30-Jun-2026,107.744,7.50665e-16
26-Jun-2026,31-Aug-2026,71.8293,18.7197
26-Jun-2026,31-Aug-2026,76.3186,14.5299
26-Jun-2026,31-Aug-2026,80.8079,10.6129
26-Jun-2026,31-Aug-2026,85.2973,7.13998
26-Jun-2026,31-Aug-2026,89.7866,4.29898
26-Jun-2026,31-Aug-2026,94.2759,2.23182
26-Jun-2026,31-Aug-2026,98.7653,0.956826
26-Jun-2026,31-Aug-2026,103.255,0.327173
26-Jun-2026,31-Aug-2026,107.744,0.0890953
26-Jun-2026,30-Sep-2026,71.8293,19.2032
26-Jun-2026,30-Sep-2026,76.3186,15.1665
26-Jun-2026,30-Sep-2026,80.8079,11.4147
26-Jun-2026,30-Sep-2026,85.2973,8.0706
26-Jun-2026,30-Sep-2026,89.7866,5.26098
26-Jun-2026,30-Sep-2026,94.2759,3.08749
26-Jun-2026,30-Sep-2026,98.7653,1.58799
26-Jun-2026,30-Sep-2026,103.255,0.701068
26-Jun-2026,30-Sep-2026,107.744,0.26581
26-Jun-2026,30-Oct-2026,71.8293,19.714
26-Jun-2026,30-Oct-2026,76.3186,15.7982
26-Jun-2026,30-Oct-2026,80.8079,12.1624
26-Jun-2026,30-Oct-2026,85.2973,8.90044
26-Jun-2026,30-Oct-2026,89.7866,6.10736
26-Jun-2026,30-Oct-2026,94.2759,3.86328
26-Jun-2026,30-Oct-2026,98.7653,2.21103
26-Jun-2026,30-Oct-2026,103.255,1.12883
26-Jun-2026,30-Oct-2026,107.744,0.514391
26-Jun-2026,30-Nov-2026,71.8293,20.2675
26-Jun-2026,30-Nov-2026,76.3186,16.4549
26-Jun-2026,30-Nov-2026,80.8079,12.9118
26-Jun-2026,30-Nov-2026,85.2973,9.71224
26-Jun-2026,30-Nov-2026,89.7866,6.93073
26-Jun-2026,30-Nov-2026,94.2759,4.63315
26-Jun-2026,30-Nov-2026,98.7653,2.86234
26-Jun-2026,30-Nov-2026,103.255,1.61769
26-Jun-2026,30-Nov-2026,107.744,0.836433
26-Jun-2026,31-Dec-2026,71.8293,20.7918
26-Jun-2026,31-Dec-2026,76.3186,17.0601
26-Jun-2026,31-Dec-2026,80.8079,13.5866
26-Jun-2026,31-Dec-2026,85.2973,10.4327
26-Jun-2026,31-Dec-2026,89.7866,7.66005
26-Jun-2026,31-Dec-2026,94.2759,5.32509
26-Jun-2026,31-Dec-2026,98.7653,3.46874
26-Jun-2026,31-Dec-2026,103.255,2.10074
26-Jun-2026,31-Dec-2026,107.744,1.18236
26-Jun-2026,29-Jan-2027,71.8293,21.3309
26-Jun-2026,29-Jan-2027,76.3186,17.6705
26-Jun-2026,29-Jan-2027,80.8079,14.257
26-Jun-2026,29-Jan-2027,85.2973,11.1421
26-Jun-2026,29-Jan-2027,89.7866,8.37808
26-Jun-2026,29-Jan-2027,94.2759,6.01401
26-Jun-2026,29-Jan-2027,98.7653,4.08797
26-Jun-2026,29-Jan-2027,103.255,2.6152
26-Jun-2026,29-Jan-2027,107.744,1.57331
26-Jun-2026,26-Feb-2027,71.8293,21.777
26-Jun-2026,26-Feb-2027,76.3186,18.169
26-Jun-2026,26-Feb-2027,80.8079,14.7989
26-Jun-2026,26-Feb-2027,85.2973,11.7124
26-Jun-2026,26-Feb-2027,89.7866,8.95582
26-Jun-2026,26-Feb-2027,94.2759,6.57307
26-Jun-2026,26-Feb-2027,98.7653,4.59977
26-Jun-2026,26-Feb-2027,103.255,3.05337
26-Jun-2026,26-Feb-2027,107.744,1.92076
26-Jun-2026,31-Mar-2027,71.8293,22.3166
26-Jun-2026,31-Mar-2027,76.3186,18.7659
26-Jun-2026,31-Mar-2027,80.8079,15.4431
26-Jun-2026,31-Mar-2027,85.2973,12.3879
26-Jun-2026,31-Mar-2027,89.7866,9.64086
26-Jun-2026,31-Mar-2027,94.2759,7.24074
26-Jun-2026,31-Mar-2027,98.7653,5.22004
26-Jun-2026,31-Mar-2027,103.255,3.5973
26-Jun-2026,31-Mar-2027,107.744,2.36701
26-Jun-2026,30-Apr-2027,71.8293,22.7875
26-Jun-2026,30-Apr-2027,76.3186,19.2826
26-Jun-2026,30-Apr-2027,80.8079,15.9976
26-Jun-2026,30-Apr-2027,85.2973,12.9679
26-Jun-2026,30-Apr-2027,89.7866,10.2298
26-Jun-2026,30-Apr-2027,94.2759,7.8184
26-Jun-2026,30-Apr-2027,98.7653,5.76345
26-Jun-2026,30-Apr-2027,103.255,4.08351
26-Jun-2026,30-Apr-2027,107.744,2.77754
29-Jun-2026,03-Jul-2026,71.878,17.9944
29-Jun-2026,03-Jul-2026,76.3704,13.5036
29-Jun-2026,03-Jul-2026,80.8627,9.01275
29-Jun-2026,03-Jul-2026,85.3551,4.53364
29-Jun-2026,03-Jul-2026,89.8475,0.82967
29-Jun-2026,03-Jul-2026,94.3399,0.00820767
29-Jun-2026,03-Jul-2026,98.8322,5.45364e-07
29-Jun-2026,03-Jul-2026,103.325,6.08031e-14
29-Jun-2026,10-Jul-2026,71.878,18.0628
29-Jun-2026,10-Jul-2026,76.3704,13.577
29-Jun-2026,10-Jul-2026,80.8627,9.11116
29-Jun-2026,10-Jul-2026,85.3551,4.86483
29-Jun-2026,10-Jul-2026,89.8475,1.63528
29-Jun-2026,10-Jul-2026,94.3399,0.241743
29-Jun-2026,10-Jul-2026,98.8322,0.0103943
29-Jun-2026,10-Jul-2026,103.325,9.25564e-05
29-Jun-2026,10-Jul-2026,107.817,1.57004e-07
29-Jun-2026,17-Jul-2026,71.878,18.1193
29-Jun-2026,17-Jul-2026,76.3704,13.6453
29-Jun-2026,17-Jul-2026,80.8627,9.24054
29-Jun-2026,17-Jul-2026,85.3551,5.17818
29-Jun-2026,17-Jul-2026,89.8475,2.08846
29-Jun-2026,17-Jul-2026,94.3399,0.497863
29-Jun-2026,17-Jul-2026,98.8322,0.0556855
29-Jun-2026,17-Jul-2026,103.325,0.0024004
29-Jun-2026,17-Jul-2026,107.817,3.80134e-05
29-Jun-2026,24-Jul-2026,71.878,18.1928
29-Jun-2026,24-Jul-2026,76.3704,13.7487
29-Jun-2026,24-Jul-2026,80.8627,9.43737
29-Jun-2026,24-Jul-2026,85.3551,5.54338
29-Jun-2026,24-Jul-2026,89.8475,2.5461
29-Jun-2026,24-Jul-2026,94.3399,0.809007
29-Jun-2026,24-Jul-2026,98.8322,0.153888
29-Jun-2026,24-Jul-2026,103.325,0.0154747
29-Jun-2026,24-Jul-2026,107.817,0.000800172
29-Jun-2026,31-Jul-2026,71.878,18.2591
29-Jun-2026,31-Jul-2026,76.3704,13.8492
29-Jun-2026,31-Jul-2026,80.8627,9.61393
29-Jun-2026,31-Jul-2026,85.3551,5.82402
29-Jun-2026,31-Jul-2026,89.8475,2.87384
29-Jun-2026,31-Jul-2026,94.3399,1.05339
29-Jun-2026,31-Jul-2026,98.8322,0.257236
29-Jun-2026,31-Jul-2026,103.325,0.0381199
29-Jun-2026,31-Jul-2026,107.817,0.0033647
29-Jun-2026,30-Jun-2026,71.878,17.9757
29-Jun-2026,30-Jun-2026,76.3704,13.4837
29-Jun-2026,30-Jun-2026,80.8627,8.99175
29-Jun-2026,30-Jun-2026,85.3551,4.49977
29-Jun-2026,30-Jun-2026,89.8475,0.410916
29-Jun-2026,30-Jun-2026,94.3399,5.67807e-07
29-Jun-2026,30-Jun-2026,98.8322,2.67585e-13
29-Jun-2026,31-Aug-2026,71.878,18.6612
29-Jun-2026,31-Aug-2026,76.3704,14.4419
29-Jun-2026,31-Aug-2026,80.8627,10.4912
29-Jun-2026,31-Aug-2026,85.3551,6.99078
29-Jun-2026,31-Aug-2026,89.8475,4.14285
29-Jun-2026,31-Aug-2026,94.3399,2.09779
29-Jun-2026,31-Aug-2026,98.8322,0.866456
29-Jun-2026,31-Aug-2026,103.325,0.281
29-Jun-2026,31-Aug-2026,107.817,0.0713065
29-Jun-2026,30-Sep-2026,71.878,19.1406
29-Jun-2026,30-Sep-2026,76.3704,15.0819
29-Jun-2026,30-Sep-2026,80.8627,11.309
29-Jun-2026,30-Sep-2026,85.3551,7.95054
29-Jun-2026,30-Sep-2026,89.8475,5.13936
29-Jun-2026,30-Sep-2026,94.3399,2.9801
29-Jun-2026,30-Sep-2026,98.8322,1.5074
29-Jun-2026,30-Sep-2026,103.325,0.650627
29-Jun-2026,30-Sep-2026,107.817,0.239479
29-Jun-2026,30-Oct-2026,71.878,19.6534
29-Jun-2026,30-Oct-2026,76.3704,15.7215
29-Jun-2026,30-Oct-2026,80.8627,12.0722
29-Jun-2026,30-Oct-2026,85.3551,8.80254
29-Jun-2026,30-Oct-2026,89.8475,6.0105
29-Jun-2026,30-Oct-2026,94.3399,3.77728
29-Jun-2026,30-Oct-2026,98.8322,2.14356
29-Jun-2026,30-Oct-2026,103.325,1.08243
29-Jun-2026,30-Oct-2026,107.817,0.486255
29-Jun-2026,30-Nov-2026,71.878,20.2371
29-Jun-2026,30-Nov-2026,76.3704,16.4175
29-Jun-2026,30-Nov-2026,80.8627,12.8699
29-Jun-2026,30-Nov-2026,85.3551,9.66938
29-Jun-2026,30-Nov-2026,89.8475,6.89121
29-Jun-2026,30-Nov-2026,94.3399,4.60076
29-Jun-2026,30-Nov-2026,98.8322,2.83902
29-Jun-2026,30-Nov-2026,103.325,1.60272
29-Jun-2026,30-Nov-2026,107.817,0.827298
29-Jun-2026,31-Dec-2026,71.878,20.7677
29-Jun-2026,31-Dec-2026,76.3704,17.0318
29-Jun-2026,31-Dec-2026,80.8627,13.5566
29-Jun-2026,31-Dec-2026,85.3551,10.404
29-Jun-2026,31-Dec-2026,89.8475,7.63594
29-Jun-2026,31-Dec-2026,94.3399,5.30793
29-Jun-2026,31-Dec-2026,98.8322,3.45911
29-Jun-2026,31-Dec-2026,103.325,2.09696
29-Jun-2026,31-Dec-2026,107.817,1.18149
29-Jun-2026,29-Jan-2027,71.878,21.2899
29-Jun-2026,29-Jan-2027,76.3704,17.6247
29-Jun-2026,29-Jan-2027,80.8627,14.2093
29-Jun-2026,29-Jan-2027,85.3551,11.0959
29-Jun-2026,29-Jan-2027,89.8475,8.33715
29-Jun-2026,29-Jan-2027,94.3399,5.98127
29-Jun-2026,29-Jan-2027,98.8322,4.06474
29-Jun-2026,29-Jan-2027,103.325,2.60054
29-Jun-2026,29-Jan-2027,107.817,1.56463
29-Jun-2026,26-Feb-2027,71.878,21.7664
29-Jun-2026,26-Feb-2027,76.3704,18.1583
29-Jun-2026,26-Feb-2027,80.8627,14.7905
29-Jun-2026,26-Feb-2027,85.3551,11.7086
29-Jun-2026,26-Feb-2027,89.8475,8.9585
29-Jun-2026,26-Feb-2027,94.3399,6.58311
29-Jun-2026,26-Feb-2027,98.8322,4.61625
29-Jun-2026,26-Feb-2027,103.325,3.07342
29-Jun-2026,26-Feb-2027,107.817,1.94043
29-Jun-2026,31-Mar-2027,71.878,22.291
29-Jun-2026,31-Mar-2027,76.3704,18.7398
29-Jun-2026,31-Mar-2027,80.8627,15.4189
29-Jun-2026,31-Mar-2027,85.3551,12.3685
29-Jun-2026,31-Mar-2027,89.8475,9.62844
29-Jun-2026,31-Mar-2027,94.3399,7.23673
29-Jun-2026,31-Mar-2027,98.8322,5.22423
29-Jun-2026,31-Mar-2027,103.325,3.60759
29-Jun-2026,31-Mar-2027,107.817,2.37995
29-Jun-2026,30-Apr-2027,71.878,22.7697
29-Jun-2026,30-Apr-2027,76.3704,19.266
29-Jun-2026,30-Apr-2027,80.8627,15.9844
29-Jun-2026,30-Apr-2027,85.3551,12.9607
29-Jun-2026,30-Apr-2027,89.8475,10.2304
29-Jun-2026,30-Apr-2027,94.3399,7.8277
29-Jun-2026,30-Apr-2027,98.8322,5.78078
29-Jun-2026,30-Apr-2027,103.325,4.1064
29-Jun-2026,30-Apr-2027,107.817,2.80222
30-Jun-2026,03-Jul-2026,75.9525,13.4235
30-Jun-2026,03-Jul-2026,80.4203,8.95689
30-Jun-2026,03-Jul-2026,84.8881,4.49487
30-Jun-2026,03-Jul-2026,89.3559,0.729746
30-Jun-2026,03-Jul-2026,93.8237,0.00306605
30-Jun-2026,03-Jul-2026,98.2915,2.25527e-08
30-Jun-2026,03-Jul-2026,102.759,2.29956e-15
30-Jun-2026,03-Jul-2026,107.227,2.28777e-15
30-Jun-2026,10-Jul-2026,71.4847,17.9595
30-Jun-2026,10-Jul-2026,75.9525,13.4979
30-Jun-2026,10-Jul-2026,80.4203,9.05413
30-Jun-2026,10-Jul-2026,84.8881,4.82238
30-Jun-2026,10-Jul-2026,89.3559,1.60621
30-Jun-2026,10-Jul-2026,93.8237,0.23306
30-Jun-2026,10-Jul-2026,98.2915,0.00979742
30-Jun-2026,10-Jul-2026,102.759,8.51128e-05
30-Jun-2026,10-Jul-2026,107.227,1.36769e-07
30-Jun-2026,17-Jul-2026,71.4847,18.0168
30-Jun-2026,17-Jul-2026,75.9525,13.5668
30-Jun-2026,17-Jul-2026,80.4203,9.18535
30-Jun-2026,17-Jul-2026,84.8881,5.14617
30-Jun-2026,17-Jul-2026,89.3559,2.0788
30-Jun-2026,17-Jul-2026,93.8237,0.500261
30-Jun-2026,17-Jul-2026,98.2915,0.0575614
30-Jun-2026,17-Jul-2026,102.759,0.00261721
30-Jun-2026,17-Jul-2026,107.227,4.41282e-05
30-Jun-2026,24-Jul-2026,71.4847,18.0914
30-Jun-2026,24-Jul-2026,75.9525,13.6722
30-Jun-2026,24-Jul-2026,80.4203,9.38759
30-Jun-2026,24-Jul-2026,84.8881,5.52288
30-Jun-2026,24-Jul-2026,89.3559,2.55148
30-Jun-2026,24-Jul-2026,93.8237,0.824075
30-Jun-2026,24-Jul-2026,98.2915,0.162547
30-Jun-2026,24-Jul-2026,102.759,0.0173848
30-Jun-2026,24-Jul-2026,107.227,0.000970552
30-Jun-2026,31-Jul-2026,71.4847,18.159
30-Jun-2026,31-Jul-2026,75.9525,13.7753
30-Jun-2026,31-Jul-2026,80.4203,9.56936
30-Jun-2026,31-Jul-2026,84.8881,5.81146
30-Jun-2026,31-Jul-2026,89.3559,2.88833
30-Jun-2026,31-Jul-2026,93.8237,1.07737
30-Jun-2026,31-Jul-2026,98.2915,0.27265
30-Jun-2026,31-Jul-2026,102.759,0.0428333
30-Jun-2026,31-Jul-2026,107.227,0.00406667
30-Jun-2026,31-Aug-2026,71.4847,18.5716
30-Jun-2026,31-Aug-2026,75.9525,14.3847
30-Jun-2026,31-Aug-2026,80.4203,10.4696
30-Jun-2026,31-Aug-2026,84.8881,7.00496
30-Jun-2026,31-Aug-2026,89.3559,4.18539
30-Jun-2026,31-Aug-2026,93.8237,2.15228
30-Jun-2026,31-Aug-2026,98.2915,0.912958
30-Jun-2026,31-Aug-2026,102.759,0.308116
30-Jun-2026,31-Aug-2026,107.227,0.0821112
30-Jun-2026,30-Sep-2026,71.4847,19.0635
30-Jun-2026,30-Sep-2026,75.9525,15.0401
30-Jun-2026,30-Sep-2026,80.4203,11.3045
30-Jun-2026,30-Sep-2026,84.8881,7.98174
30-Jun-2026,30-Sep-2026,89.3559,5.19899
30-Jun-2026,30-Sep-2026,93.8237,3.05403
30-Jun-2026,30-Sep-2026,98.2915,1.57719
30-Jun-2026,30-Sep-2026,102.759,0.701255
30-Jun-2026,30-Sep-2026,107.227,0.267587
30-Jun-2026,30-Oct-2026,71.4847,19.5881
30-Jun-2026,30-Oct-2026,75.9525,15.6928
30-Jun-2026,30-Oct-2026,80.4203,12.0808
30-Jun-2026,30-Oct-2026,84.8881,8.84636
30-Jun-2026,30-Oct-2026,89.3559,6.08263
30-Jun-2026,30-Oct-2026,93.8237,3.86538
30-Jun-2026,30-Oct-2026,98.2915,2.23101
30-Jun-2026,30-Oct-2026,102.759,1.15336
30-Jun-2026,30-Oct-2026,107.227,0.533034
30-Jun-2026,30-Nov-2026,71.4847,20.1834
30-Jun-2026,30-Nov-2026,75.9525,16.4008
30-Jun-2026,30-Nov-2026,80.4203,12.8902
30-Jun-2026,30-Nov-2026,84.8881,9.72417
30-Jun-2026,30-Nov-2026,89.3559,6.97405
30-Jun-2026,30-Nov-2026,93.8237,4.70082
30-Jun-2026,30-Nov-2026,98.2915,2.94153
30-Jun-2026,30-Nov-2026,102.759,1.69224
30-Jun-2026,30-Nov-2026,107.227,0.893648
30-Jun-2026,31-Dec-2026,71.4847,20.7232
30-Jun-2026,31-Dec-2026,75.9525,17.0243
30-Jun-2026,31-Dec-2026,80.4203,13.5857
30-Jun-2026,31-Dec-2026,84.8881,10.4668
30-Jun-2026,31-Dec-2026,89.3559,7.72648
30-Jun-2026,31-Dec-2026,93.8237,5.41644
30-Jun-2026,31-Dec-2026,98.2915,3.57228
30-Jun-2026,31-Dec-2026,102.759,2.20024
30-Jun-2026,31-Dec-2026,107.227,1.26369
30-Jun-2026,29-Jan-2027,71.4847,21.2535
30-Jun-2026,29-Jan-2027,75.9525,17.6251
30-Jun-2026,29-Jan-2027,80.4203,14.2456
30-Jun-2026,29-Jan-2027,84.8881,11.1653
30-Jun-2026,29-Jan-2027,89.3559,8.43391
30-Jun-2026,29-Jan-2027,93.8237,6.09648
30-Jun-2026,29-Jan-2027,98.2915,4.18636
30-Jun-2026,29-Jan-2027,102.759,2.71507
30-Jun-2026,29-Jan-2027,107.227,1.6606
30-Jun-2026,26-Feb-2027,71.4847,21.7366
30-Jun-2026,26-Feb-2027,75.9525,18.165
30-Jun-2026,26-Feb-2027,80.4203,14.8326
30-Jun-2026,26-Feb-2027,84.8881,11.783
30-Jun-2026,26-Feb-2027,89.3559,9.05999
30-Jun-2026,26-Feb-2027,93.8237,6.70335
30-Jun-2026,26-Feb-2027,98.2915,4.74422
30-Jun-2026,26-Feb-2027,102.759,3.19658
30-Jun-2026,26-Feb-2027,107.227,2.04746
30-Jun-2026,31-Mar-2027,71.4847,22.2678
30-Jun-2026,31-Mar-2027,75.9525,18.7526
30-Jun-2026,31-Mar-2027,80.4203,15.4665
30-Jun-2026,31-Mar-2027,84.8881,12.4477
30-Jun-2026,31-Mar-2027,89.3559,9.73429
30-Jun-2026,31-Mar-2027,93.8237,7.36154
30-Jun-2026,31-Mar-2027,98.2915,5.35798
30-Jun-2026,31-Mar-2027,102.759,3.73875
30-Jun-2026,31-Mar-2027,107.227,2.49763
30-Jun-2026,30-Apr-2027,71.4847,22.7519
30-Jun-2026,30-Apr-2027,75.9525,19.2838
30-Jun-2026,30-Apr-2027,80.4203,16.0363
30-Jun-2026,30-Apr-2027,84.8881,13.0437
30-Jun-2026,30-Apr-2027,89.3559,10.3396
30-Jun-2026,30-Apr-2027,93.8237,7.95596
30-Jun-2026,30-Apr-2027,98.2915,5.91887
30-Jun-2026,30-Apr-2027,102.759,4.24371
30-Jun-2026,30-Apr-2027,107.227,2.92836
30-Jun-2026,31-May-2027,71.4847,23.2585
30-Jun-2026,31-May-2027,75.9525,19.8363
30-Jun-2026,31-May-2027,80.4203,16.6266
30-Jun-2026,31-May-2027,84.8881,13.6598
30-Jun-2026,31-May-2027,89.3559,10.9663
30-Jun-2026,31-May-2027,93.8237,8.57446
30-Jun-2026,31-May-2027,98.2915,6.50817
30-Jun-2026,31-May-2027,102.759,4.78244
30-Jun-2026,31-May-2027,107.227,3.39806
01-Jul-2026,03-Jul-2026,72.9103,18.2402
01-Jul-2026,03-Jul-2026,77.4672,13.684
01-Jul-2026,03-Jul-2026,82.0241,9.12794
01-Jul-2026,03-Jul-2026,86.581,4.57212
01-Jul-2026,03-Jul-2026,91.1379,0.562308
01-Jul-2026,03-Jul-2026,95.6948,0.000118112
01-Jul-2026,03-Jul-2026,100.252,1.38247e-13
01-Jul-2026,10-Jul-2026,72.9103,18.3093
01-Jul-2026,10-Jul-2026,77.4672,13.7577
01-Jul-2026,10-Jul-2026,82.0241,9.21487
01-Jul-2026,10-Jul-2026,86.581,4.83227
01-Jul-2026,10-Jul-2026,91.1379,1.46579
01-Jul-2026,10-Jul-2026,95.6948,0.154037
01-Jul-2026,10-Jul-2026,100.252,0.00304307
01-Jul-2026,10-Jul-2026,104.809,7.07877e-06
01-Jul-2026,10-Jul-2026,109.365,1.92171e-09
01-Jul-2026,17-Jul-2026,72.9103,18.366
01-Jul-2026,17-Jul-2026,77.4672,13.8221
01-Jul-2026,17-Jul-2026,82.0241,9.32543
01-Jul-2026,17-Jul-2026,86.581,5.12671
01-Jul-2026,17-Jul-2026,91.1379,1.92801
01-Jul-2026,17-Jul-2026,95.6948,0.380774
01-Jul-2026,17-Jul-2026,100.252,0.0286668
01-Jul-2026,17-Jul-2026,104.809,0.000637538
01-Jul-2026,17-Jul-2026,109.365,4.17873e-06
01-Jul-2026,24-Jul-2026,72.9103,18.4378
01-Jul-2026,24-Jul-2026,77.4672,13.9166
01-Jul-2026,24-Jul-2026,82.0241,9.50257
01-Jul-2026,24-Jul-2026,86.581,5.47901
01-Jul-2026,24-Jul-2026,91.1379,2.3869
01-Jul-2026,24-Jul-2026,95.6948,0.669732
01-Jul-2026,24-Jul-2026,100.252,0.0996616
01-Jul-2026,24-Jul-2026,104.809,0.0067333
01-Jul-2026,24-Jul-2026,109.365,0.000207341
01-Jul-2026,31-Jul-2026,72.9103,18.5012
01-Jul-2026,31-Jul-2026,77.4672,14.0085
01-Jul-2026,31-Jul-2026,82.0241,9.66626
01-Jul-2026,31-Jul-2026,86.581,5.7522
01-Jul-2026,31-Jul-2026,91.1379,2.71317
01-Jul-2026,31-Jul-2026,95.6948,0.900829
01-Jul-2026,31-Jul-2026,100.252,0.182273
01-Jul-2026,31-Jul-2026,104.809,0.0200466
01-Jul-2026,31-Jul-2026,109.365,0.00120647
01-Jul-2026,31-Aug-2026,72.9103,18.881
01-Jul-2026,31-Aug-2026,77.4672,14.5648
01-Jul-2026,31-Aug-2026,82.0241,10.5049
01-Jul-2026,31-Aug-2026,86.581,6.8967
01-Jul-2026,31-Aug-2026,91.1379,3.97001
01-Jul-2026,31-Aug-2026,95.6948,1.90522
01-Jul-2026,31-Aug-2026,100.252,0.718144
01-Jul-2026,31-Aug-2026,104.809,0.203383
01-Jul-2026,31-Aug-2026,109.365,0.0436865
01-Jul-2026,30-Sep-2026,72.9103,19.3391
01-Jul-2026,30-Sep-2026,77.4672,15.1806
01-Jul-2026,30-Sep-2026,82.0241,11.3022
01-Jul-2026,30-Sep-2026,86.581,7.84379
01-Jul-2026,30-Sep-2026,91.1379,4.95645
01-Jul-2026,30-Sep-2026,95.6948,2.76509
01-Jul-2026,30-Sep-2026,100.252,1.31467
01-Jul-2026,30-Sep-2026,104.809,0.519487
01-Jul-2026,30-Sep-2026,109.365,0.171857
01-Jul-2026,30-Oct-2026,72.9103,19.8352
01-Jul-2026,30-Oct-2026,77.4672,15.8037
01-Jul-2026,30-Oct-2026,82.0241,12.0525
01-Jul-2026,30-Oct-2026,86.581,8.68778
01-Jul-2026,30-Oct-2026,91.1379,5.82081
01-Jul-2026,30-Oct-2026,95.6948,3.54819
01-Jul-2026,30-Oct-2026,100.252,1.92157
01-Jul-2026,30-Oct-2026,104.809,0.909277
01-Jul-2026,30-Oct-2026,109.365,0.377766
01-Jul-2026,30-Nov-2026,72.9103,20.4048
01-Jul-2026,30-Nov-2026,77.4672,16.4871
01-Jul-2026,30-Nov-2026,82.0241,12.8412
01-Jul-2026,30-Nov-2026,86.581,9.54942
01-Jul-2026,30-Nov-2026,91.1379,6.69734
01-Jul-2026,30-Nov-2026,95.6948,4.36236
01-Jul-2026,30-Nov-2026,100.252,2.59565
01-Jul-2026,30-Nov-2026,104.809,1.39448
01-Jul-2026,30-Nov-2026,109.365,0.678135
01-Jul-2026,31-Dec-2026,72.9103,20.9259
01-Jul-2026,31-Dec-2026,77.4672,17.0936
01-Jul-2026,31-Dec-2026,82.0241,13.5229
01-Jul-2026,31-Dec-2026,86.581,10.2819
01-Jul-2026,31-Dec-2026,91.1379,7.44085
01-Jul-2026,31-Dec-2026,95.6948,5.06527
01-Jul-2026,31-Dec-2026,100.252,3.20339
01-Jul-2026,31-Dec-2026,104.809,1.86539
01-Jul-2026,31-Dec-2026,109.365,1.00123
01-Jul-2026,29-Jan-2027,72.9103,21.4413
01-Jul-2026,29-Jan-2027,77.4672,17.6814
01-Jul-2026,29-Jan-2027,82.0241,14.173
01-Jul-2026,29-Jan-2027,86.581,10.9736
01-Jul-2026,29-Jan-2027,91.1379,8.14287
01-Jul-2026,29-Jan-2027,95.6948,5.73737
01-Jul-2026,29-Jan-2027,100.252,3.80161
01-Jul-2026,29-Jan-2027,104.809,2.3522
01-Jul-2026,29-Jan-2027,109.365,1.35909
01-Jul-2026,26-Feb-2027,72.9103,21.9132
01-Jul-2026,26-Feb-2027,77.4672,18.2122
01-Jul-2026,26-Feb-2027,82.0241,14.7535
01-Jul-2026,26-Feb-2027,86.581,11.5876
01-Jul-2026,26-Feb-2027,91.1379,8.76646
01-Jul-2026,26-Feb-2027,95.6948,6.34014
01-Jul-2026,26-Feb-2027,100.252,4.34957
01-Jul-2026,26-Feb-2027,104.809,2.81411
01-Jul-2026,26-Feb-2027,109.365,1.71611
01-Jul-2026,31-Mar-2027,72.9103,22.4344
01-Jul-2026,31-Mar-2027,77.4672,18.7921
01-Jul-2026,31-Mar-2027,82.0241,15.3827
01-Jul-2026,31-Mar-2027,86.581,12.2503
01-Jul-2026,31-Mar-2027,91.1379,9.44032
01-Jul-2026,31-Mar-2027,95.6948,6.9967
01-Jul-2026,31-Mar-2027,100.252,4.9565
01-Jul-2026,31-Mar-2027,104.809,3.34018
01-Jul-2026,31-Mar-2027,109.365,2.13931
01-Jul-2026,30-Apr-2027,72.9103,22.9114
01-Jul-2026,30-Apr-2027,77.4672,19.3183
01-Jul-2026,30-Apr-2027,82.0241,15.9502
01-Jul-2026,30-Apr-2027,86.581,12.8463
01-Jul-2026,30-Apr-2027,91.1379,10.0471
01-Jul-2026,30-Apr-2027,95.6948,7.59184
01-Jul-2026,30-Apr-2027,100.252,5.51424
01-Jul-2026,30-Apr-2027,104.809,3.83467
01-Jul-2026,30-Apr-2027,109.365,2.55028
01-Jul-2026,31-May-2027,72.9103,23.4123
01-Jul-2026,31-May-2027,77.4672,19.8673
01-Jul-2026,31-May-2027,82.0241,16.5396
01-Jul-2026,31-May-2027,86.581,13.4641
01-Jul-2026,31-May-2027,91.1379,10.6769
01-Jul-2026,31-May-2027,95.6948,8.21301
01-Jul-2026,31-May-2027,100.252,6.10286
01-Jul-2026,31-May-2027,104.809,4.36608
01-Jul-2026,31-May-2027,109.365,3.00372
02-Jul-2026,03-Jul-2026,73.2781,18.3258
02-Jul-2026,03-Jul-2026,77.8579,13.7463
02-Jul-2026,03-Jul-2026,82.4378,9.16683
02-Jul-2026,03-Jul-2026,87.0177,4.58735
02-Jul-2026,03-Jul-2026,91.5976,0.391701
02-Jul-2026,03-Jul-2026,96.1775,8.57838e-08
02-Jul-2026,10-Jul-2026,73.2781,18.395
02-Jul-2026,10-Jul-2026,77.8579,13.8199
02-Jul-2026,10-Jul-2026,82.4378,9.25049
02-Jul-2026,10-Jul-2026,87.0177,4.81651
02-Jul-2026,10-Jul-2026,91.5976,1.39215
02-Jul-2026,10-Jul-2026,96.1775,0.122959
02-Jul-2026,10-Jul-2026,100.757,0.00161785
02-Jul-2026,10-Jul-2026,105.337,1.86218e-06
02-Jul-2026,10-Jul-2026,109.917,1.93719e-10
02-Jul-2026,17-Jul-2026,73.2781,18.4516
02-Jul-2026,17-Jul-2026,77.8579,13.8831
02-Jul-2026,17-Jul-2026,82.4378,9.35405
02-Jul-2026,17-Jul-2026,87.0177,5.10409
02-Jul-2026,17-Jul-2026,91.5976,1.86362
02-Jul-2026,17-Jul-2026,96.1775,0.338773
02-Jul-2026,17-Jul-2026,100.757,0.0213579
02-Jul-2026,17-Jul-2026,105.337,0.000352968
02-Jul-2026,17-Jul-2026,109.917,1.55944e-06
02-Jul-2026,24-Jul-2026,73.2781,18.5228
02-Jul-2026,24-Jul-2026,77.8579,13.9745
02-Jul-2026,24-Jul-2026,82.4378,9.52413
02-Jul-2026,24-Jul-2026,87.0177,5.45329
02-Jul-2026,24-Jul-2026,91.5976,2.32713
02-Jul-2026,24-Jul-2026,96.1775,0.621248
02-Jul-2026,24-Jul-2026,100.757,0.0836926
02-Jul-2026,24-Jul-2026,105.337,0.00481368
02-Jul-2026,24-Jul-2026,109.917,0.000120308
02-Jul-2026,31-Jul-2026,73.2781,18.5852
02-Jul-2026,31-Jul-2026,77.8579,14.0634
02-Jul-2026,31-Jul-2026,82.4378,9.68359
02-Jul-2026,31-Jul-2026,87.0177,5.72529
02-Jul-2026,31-Jul-2026,91.5976,2.65544
02-Jul-2026,31-Jul-2026,96.1775,0.849196
02-Jul-2026,31-Jul-2026,100.757,0.159895
02-Jul-2026,31-Jul-2026,105.337,0.015693
02-Jul-2026,31-Jul-2026,109.917,0.000816702
02-Jul-2026,31-Aug-2026,73.2781,18.9577
02-Jul-2026,31-Aug-2026,77.8579,14.6087
02-Jul-2026,31-Aug-2026,82.4378,10.5124
02-Jul-2026,31-Aug-2026,87.0177,6.86881
02-Jul-2026,31-Aug-2026,91.5976,3.91734
02-Jul-2026,31-Aug-2026,96.1775,1.84792
02-Jul-2026,31-Aug-2026,100.757,0.676488
02-Jul-2026,31-Aug-2026,105.337,0.18352
02-Jul-2026,31-Aug-2026,109.917,0.037399
02-Jul-2026,30-Sep-2026,73.2781,19.4102
02-Jul-2026,30-Sep-2026,77.8579,15.2191
02-Jul-2026,30-Sep-2026,82.4378,11.3072
02-Jul-2026,30-Sep-2026,87.0177,7.81808
02-Jul-2026,30-Sep-2026,91.5976,4.90838
02-Jul-2026,30-Sep-2026,96.1775,2.70872
02-Jul-2026,30-Sep-2026,100.757,1.26594
02-Jul-2026,30-Sep-2026,105.337,0.488246
02-Jul-2026,30-Sep-2026,109.917,0.15686
02-Jul-2026,30-Oct-2026,73.2781,19.9029
02-Jul-2026,30-Oct-2026,77.8579,15.8402
02-Jul-2026,30-Oct-2026,82.4378,12.0583
02-Jul-2026,30-Oct-2026,87.0177,8.66601
02-Jul-2026,30-Oct-2026,91.5976,5.77847
02-Jul-2026,30-Oct-2026,96.1775,3.49603
02-Jul-2026,30-Oct-2026,100.757,1.87215
02-Jul-2026,30-Oct-2026,105.337,0.872351
02-Jul-2026,30-Oct-2026,109.917,0.355747
02-Jul-2026,30-Nov-2026,73.2781,20.471
02-Jul-2026,30-Nov-2026,77.8579,16.524
02-Jul-2026,30-Nov-2026,82.4378,12.8501
02-Jul-2026,30-Nov-2026,87.0177,9.53361
02-Jul-2026,30-Nov-2026,91.5976,6.66275
02-Jul-2026,30-Nov-2026,96.1775,4.31742
02-Jul-2026,30-Nov-2026,100.757,2.55011
02-Jul-2026,30-Nov-2026,105.337,1.35668
02-Jul-2026,30-Nov-2026,109.917,0.651974
02-Jul-2026,31-Dec-2026,73.2781,20.9925
02-Jul-2026,31-Dec-2026,77.8579,17.1326
02-Jul-2026,31-Dec-2026,82.4378,13.5361
02-Jul-2026,31-Dec-2026,87.0177,10.2727
02-Jul-2026,31-Dec-2026,91.5976,7.41437
02-Jul-2026,31-Dec-2026,96.1775,5.02853
02-Jul-2026,31-Dec-2026,100.757,3.16419
02-Jul-2026,31-Dec-2026,105.337,1.83058
02-Jul-2026,31-Dec-2026,109.917,0.974778
02-Jul-2026,29-Jan-2027,73.2781,21.5094
02-Jul-2026,29-Jan-2027,77.8579,17.7238
02-Jul-2026,29-Jan-2027,82.4378,14.1915
02-Jul-2026,29-Jan-2027,87.0177,10.9717
02-Jul-2026,29-Jan-2027,91.5976,8.12524
02-Jul-2026,29-Jan-2027,96.1775,5.70987
02-Jul-2026,29-Jan-2027,100.757,3.77053
02-Jul-2026,29-Jan-2027,105.337,2.32299
02-Jul-2026,29-Jan-2027,109.917,1.33525
02-Jul-2026,26-Feb-2027,73.2781,21.9837
02-Jul-2026,26-Feb-2027,77.8579,18.2584
02-Jul-2026,26-Feb-2027,82.4378,14.7778
02-Jul-2026,26-Feb-2027,87.0177,11.5931
02-Jul-2026,26-Feb-2027,91.5976,8.75758
02-Jul-2026,26-Feb-2027,96.1775,6.32191
02-Jul-2026,26-Feb-2027,100.757,4.32714
02-Jul-2026,26-Feb-2027,105.337,2.79184
02-Jul-2026,26-Feb-2027,109.917,1.69686
02-Jul-2026,31-Mar-2027,73.2781,22.5083
02-Jul-2026,31-Mar-2027,77.8579,18.8435
02-Jul-2026,31-Mar-2027,82.4378,15.414
02-Jul-2026,31-Mar-2027,87.0177,12.2647
02-Jul-2026,31-Mar-2027,91.5976,9.4417
02-Jul-2026,31-Mar-2027,96.1775,6.9894
02-Jul-2026,31-Mar-2027,100.757,4.94467
02-Jul-2026,31-Mar-2027,105.337,3.32715
02-Jul-2026,31-Mar-2027,109.917,2.12716
02-Jul-2026,30-Apr-2027,73.2781,22.9891
02-Jul-2026,30-Apr-2027,77.8579,19.3751
02-Jul-2026,30-Apr-2027,82.4378,15.9885
02-Jul-2026,30-Apr-2027,87.0177,12.8693
02-Jul-2026,30-Apr-2027,91.5976,10.0583
02-Jul-2026,30-Apr-2027,96.1775,7.59506
02-Jul-2026,30-Apr-2027,100.757,5.51286
02-Jul-2026,30-Apr-2027,105.337,3.83121
02-Jul-2026,30-Apr-2027,109.917,2.54619
02-Jul-2026,31-May-2027,73.2781,23.4947
02-Jul-2026,31-May-2027,77.8579,19.9304
02-Jul-2026,31-May-2027,82.4378,16.5858
02-Jul-2026,31-May-2027,87.0177,13.4966
02-Jul-2026,31-May-2027,91.5976,10.6989
02-Jul-2026,31-May-2027,96.1775,8.22772
02-Jul-2026,31-May-2027,100.757,6.11305
02-Jul-2026,31-May-2027,105.337,4.3736
02-Jul-2026,31-May-2027,109.917,3.00939
03-Jul-2026,10-Jul-2026,71.9535,18.0551
03-Jul-2026,10-Jul-2026,76.4506,13.5623
03-Jul-2026,10-Jul-2026,80.9477,9.07567
03-Jul-2026,10-Jul-2026,85.4448,4.73122
03-Jul-2026,10-Jul-2026,89.9419,1.39463
03-Jul-2026,10-Jul-2026,94.439,0.136506
03-Jul-2026,10-Jul-2026,98.9361,0.00242479
03-Jul-2026,10-Jul-2026,103.433,4.84753e-06
03-Jul-2026,10-Jul-2026,107.93,9.72088e-10
03-Jul-2026,17-Jul-2026,71.9535,18.1099
03-Jul-2026,17-Jul-2026,76.4506,13.6243
03-Jul-2026,17-Jul-2026,80.9477,9.18469
03-Jul-2026,17-Jul-2026,85.4448,5.04296
03-Jul-2026,17-Jul-2026,89.9419,1.90078
03-Jul-2026,17-Jul-2026,94.439,0.384042
03-Jul-2026,17-Jul-2026,98.9361,0.0311851
03-Jul-2026,17-Jul-2026,103.433,0.000798301
03-Jul-2026,17-Jul-2026,107.93,6.06004e-06
03-Jul-2026,24-Jul-2026,71.9535,18.1794
03-Jul-2026,24-Jul-2026,76.4506,13.7179
03-Jul-2026,24-Jul-2026,80.9477,9.36787
03-Jul-2026,24-Jul-2026,85.4448,5.41634
03-Jul-2026,24-Jul-2026,89.9419,2.3906
03-Jul-2026,24-Jul-2026,94.439,0.698914
03-Jul-2026,24-Jul-2026,98.9361,0.114532
03-Jul-2026,24-Jul-2026,103.433,0.0091127
03-Jul-2026,24-Jul-2026,107.93,0.000340211
03-Jul-2026,31-Jul-2026,71.9535,18.2417
03-Jul-2026,31-Jul-2026,76.4506,13.8113
03-Jul-2026,31-Jul-2026,80.9477,9.53902
03-Jul-2026,31-Jul-2026,85.4448,5.70394
03-Jul-2026,31-Jul-2026,89.9419,2.73463
03-Jul-2026,31-Jul-2026,94.439,0.948188
03-Jul-2026,31-Jul-2026,98.9361,0.210553
03-Jul-2026,31-Jul-2026,103.433,0.0269692
03-Jul-2026,31-Jul-2026,107.93,0.0019476
03-Jul-2026,07-Aug-2026,71.9535,18.3105
03-Jul-2026,07-Aug-2026,76.4506,13.9174
03-Jul-2026,07-Aug-2026,80.9477,9.71896
03-Jul-2026,07-Aug-2026,85.4448,5.97597
03-Jul-2026,07-Aug-2026,89.9419,3.04565
03-Jul-2026,07-Aug-2026,94.439,1.18749
03-Jul-2026,07-Aug-2026,98.9361,0.322306
03-Jul-2026,07-Aug-2026,103.433,0.056171
03-Jul-2026,07-Aug-2026,107.93,0.00618689
03-Jul-2026,31-Aug-2026,71.9535,18.6267
03-Jul-2026,31-Aug-2026,76.4506,14.3867
03-Jul-2026,31-Aug-2026,80.9477,10.4129
03-Jul-2026,31-Aug-2026,85.4448,6.89401
03-Jul-2026,31-Aug-2026,89.9419,4.04191
03-Jul-2026,31-Aug-2026,94.439,2.01237
03-Jul-2026,31-Aug-2026,98.9361,0.810442
03-Jul-2026,31-Aug-2026,103.433,0.253609
03-Jul-2026,31-Aug-2026,107.93,0.0613743
03-Jul-2026,30-Sep-2026,71.9535,19.097
03-Jul-2026,30-Sep-2026,76.4506,15.0222
03-Jul-2026,30-Sep-2026,80.9477,11.2347
03-Jul-2026,30-Sep-2026,85.4448,7.8669
03-Jul-2026,30-Sep-2026,89.9419,5.05577
03-Jul-2026,30-Sep-2026,94.439,2.90759
03-Jul-2026,30-Sep-2026,98.9361,1.45425
03-Jul-2026,30-Sep-2026,103.433,0.618344
03-Jul-2026,30-Sep-2026,107.93,0.223214
03-Jul-2026,30-Oct-2026,71.9535,19.6051
03-Jul-2026,30-Oct-2026,76.4506,15.661
03-Jul-2026,30-Oct-2026,80.9477,12.0021
03-Jul-2026,30-Oct-2026,85.4448,8.72791
03-Jul-2026,30-Oct-2026,89.9419,5.93815
03-Jul-2026,30-Oct-2026,94.439,3.71451
03-Jul-2026,30-Oct-2026,98.9361,2.09566
03-Jul-2026,30-Oct-2026,103.433,1.05055
03-Jul-2026,30-Oct-2026,107.93,0.467577
03-Jul-2026,30-Nov-2026,71.9535,20.186
03-Jul-2026,30-Nov-2026,76.4506,16.3576
03-Jul-2026,30-Nov-2026,80.9477,12.8042
03-Jul-2026,30-Nov-2026,85.4448,9.60242
03-Jul-2026,30-Nov-2026,89.9419,6.82826
03-Jul-2026,30-Nov-2026,94.439,4.54694
03-Jul-2026,30-Nov-2026,98.9361,2.79769
03-Jul-2026,30-Nov-2026,103.433,1.57424
03-Jul-2026,30-Nov-2026,107.93,0.809348
03-Jul-2026,31-Dec-2026,71.9535,20.7153
03-Jul-2026,31-Dec-2026,76.4506,16.973
03-Jul-2026,31-Dec-2026,80.9477,13.4946
03-Jul-2026,31-Dec-2026,85.4448,10.3428
03-Jul-2026,31-Dec-2026,89.9419,7.58002
03-Jul-2026,31-Dec-2026,94.439,5.26124
03-Jul-2026,31-Dec-2026,98.9361,3.4239
03-Jul-2026,31-Dec-2026,103.433,2.07297
03-Jul-2026,31-Dec-2026,107.93,1.1663
03-Jul-2026,29-Jan-2027,71.9535,21.237
03-Jul-2026,29-Jan-2027,76.4506,17.5673
03-Jul-2026,29-Jan-2027,80.9477,14.1506
03-Jul-2026,29-Jan-2027,85.4448,11.0397
03-Jul-2026,29-Jan-2027,89.9419,8.28735
03-Jul-2026,29-Jan-2027,94.439,5.94102
03-Jul-2026,29-Jan-2027,98.9361,4.03557
03-Jul-2026,29-Jan-2027,103.433,2.58171
03-Jul-2026,29-Jan-2027,107.93,1.55349
03-Jul-2026,26-Feb-2027,71.9535,21.7133
03-Jul-2026,26-Feb-2027,76.4506,18.1023
03-Jul-2026,26-Feb-2027,80.9477,14.7347
03-Jul-2026,26-Feb-2027,85.4448,11.6566
03-Jul-2026,26-Feb-2027,89.9419,8.91384
03-Jul-2026,26-Feb-2027,94.439,6.5484
03-Jul-2026,26-Feb-2027,98.9361,4.59255
03-Jul-2026,26-Feb-2027,103.433,3.05967
03-Jul-2026,26-Feb-2027,107.93,1.93378
03-Jul-2026,31-Mar-2027,71.9535,22.2381
03-Jul-2026,31-Mar-2027,76.4506,18.6853
03-Jul-2026,31-Mar-2027,80.9477,15.3663
03-Jul-2026,31-Mar-2027,85.4448,12.3209
03-Jul-2026,31-Mar-2027,89.9419,9.58908
03-Jul-2026,31-Mar-2027,94.439,7.20784
03-Jul-2026,31-Mar-2027,98.9361,5.20649
03-Jul-2026,31-Mar-2027,103.433,3.59967
03-Jul-2026,31-Mar-2027,107.93,2.37884
03-Jul-2026,30-Apr-2027,71.9535,22.7171
03-Jul-2026,30-Apr-2027,76.4506,19.2131
03-Jul-2026,30-Apr-2027,80.9477,15.9345
03-Jul-2026,30-Apr-2027,85.4448,12.9169
03-Jul-2026,30-Apr-2027,89.9419,10.1957
03-Jul-2026,30-Apr-2027,94.439,7.80389
03-Jul-2026,30-Apr-2027,98.9361,5.76835
03-Jul-2026,30-Apr-2027,103.433,4.1039
03-Jul-2026,30-Apr-2027,107.93,2.80653
03-Jul-2026,31-May-2027,71.9535,23.2191
03-Jul-2026,31-May-2027,76.4506,19.7627
03-Jul-2026,31-May-2027,80.9477,16.5236
03-Jul-2026,31-May-2027,85.4448,13.5335
03-Jul-2026,31-May-2027,89.9419,10.824
03-Jul-2026,31-May-2027,94.439,8.42454
03-Jul-2026,31-May-2027,98.9361,6.35932
03-Jul-2026,31-May-2027,103.433,4.64288
03-Jul-2026,31-May-2027,107.93,3.27442
06-Jul-2026,10-Jul-2026,74.8486,13.234
06-Jul-2026,10-Jul-2026,79.2515,8.83261
06-Jul-2026,10-Jul-2026,83.6544,4.44887
06-Jul-2026,10-Jul-2026,88.0572,0.871131
06-Jul-2026,10-Jul-2026,92.4601,0.014031
06-Jul-2026,10-Jul-2026,96.863,3.79026e-06
06-Jul-2026,10-Jul-2026,101.266,6.01542e-12
06-Jul-2026,17-Jul-2026,70.4458,17.701
06-Jul-2026,17-Jul-2026,74.8486,13.3052
06-Jul-2026,17-Jul-2026,79.2515,8.93778
06-Jul-2026,17-Jul-2026,83.6544,4.82304
06-Jul-2026,17-Jul-2026,88.0572,1.71384
06-Jul-2026,17-Jul-2026,92.4601,0.302886
06-Jul-2026,17-Jul-2026,96.863,0.019597
06-Jul-2026,17-Jul-2026,101.266,0.000357748
06-Jul-2026,17-Jul-2026,105.669,1.63243e-06
06-Jul-2026,24-Jul-2026,70.4458,17.7558
06-Jul-2026,24-Jul-2026,74.8486,13.3756
06-Jul-2026,24-Jul-2026,79.2515,9.08252
06-Jul-2026,24-Jul-2026,83.6544,5.16121
06-Jul-2026,24-Jul-2026,88.0572,2.18645
06-Jul-2026,24-Jul-2026,92.4601,0.593196
06-Jul-2026,24-Jul-2026,96.863,0.0869971
06-Jul-2026,24-Jul-2026,101.266,0.00593135
06-Jul-2026,24-Jul-2026,105.669,0.000174927
06-Jul-2026,31-Jul-2026,70.4458,17.8293
06-Jul-2026,31-Jul-2026,74.8486,13.4866
06-Jul-2026,31-Jul-2026,79.2515,9.299
06-Jul-2026,31-Jul-2026,83.6544,5.54876
06-Jul-2026,31-Jul-2026,88.0572,2.66261
06-Jul-2026,31-Jul-2026,92.4601,0.935854
06-Jul-2026,31-Jul-2026,96.863,0.216823
06-Jul-2026,31-Jul-2026,101.266,0.0300948
06-Jul-2026,31-Jul-2026,105.669,0.00239179
06-Jul-2026,07-Aug-2026,70.4458,17.8976
06-Jul-2026,07-Aug-2026,74.8486,13.5954
06-Jul-2026,07-Aug-2026,79.2515,9.49019
06-Jul-2026,07-Aug-2026,83.6544,5.84382
06-Jul-2026,07-Aug-2026,88.0572,3.00293
06-Jul-2026,07-Aug-2026,92.4601,1.2009
06-Jul-2026,07-Aug-2026,96.863,0.345331
06-Jul-2026,07-Aug-2026,101.266,0.0664502
06-Jul-2026,07-Aug-2026,105.669,0.00827602
06-Jul-2026,31-Aug-2026,70.4458,18.2225
06-Jul-2026,31-Aug-2026,74.8486,14.0883
06-Jul-2026,31-Aug-2026,79.2515,10.228
06-Jul-2026,31-Aug-2026,83.6544,6.82386
06-Jul-2026,31-Aug-2026,88.0572,4.06975
06-Jul-2026,31-Aug-2026,92.4601,2.09705
06-Jul-2026,31-Aug-2026,96.863,0.898377
06-Jul-2026,31-Aug-2026,101.266,0.30914
06-Jul-2026,31-Aug-2026,105.669,0.0842427
06-Jul-2026,30-Sep-2026,70.4458,18.7143
06-Jul-2026,30-Sep-2026,74.8486,14.7567
06-Jul-2026,30-Sep-2026,79.2515,11.0921
06-Jul-2026,30-Sep-2026,83.6544,7.84397
06-Jul-2026,30-Sep-2026,88.0572,5.1336
06-Jul-2026,30-Sep-2026,92.4601,3.04796
06-Jul-2026,30-Sep-2026,96.863,1.60579
06-Jul-2026,30-Sep-2026,101.266,0.736391
06-Jul-2026,30-Sep-2026,105.669,0.291907
06-Jul-2026,30-Oct-2026,70.4458,19.2448
06-Jul-2026,30-Oct-2026,74.8486,15.4234
06-Jul-2026,30-Oct-2026,79.2515,11.8902
06-Jul-2026,30-Oct-2026,83.6544,8.73616
06-Jul-2026,30-Oct-2026,88.0572,6.04806
06-Jul-2026,30-Oct-2026,92.4601,3.89182
06-Jul-2026,30-Oct-2026,96.863,2.29347
06-Jul-2026,30-Oct-2026,101.266,1.22231
06-Jul-2026,30-Oct-2026,105.669,0.586637
06-Jul-2026,30-Nov-2026,70.4458,19.822
06-Jul-2026,30-Nov-2026,74.8486,16.1144
06-Jul-2026,30-Nov-2026,79.2515,12.6832
06-Jul-2026,30-Nov-2026,83.6544,9.59815
06-Jul-2026,30-Nov-2026,88.0572,6.92521
06-Jul-2026,30-Nov-2026,92.4601,4.71715
06-Jul-2026,30-Nov-2026,96.863,3.00172
06-Jul-2026,30-Nov-2026,101.266,1.76894
06-Jul-2026,30-Nov-2026,105.669,0.962537
06-Jul-2026,31-Dec-2026,70.4458,20.3937
06-Jul-2026,31-Dec-2026,74.8486,16.7773
06-Jul-2026,31-Dec-2026,79.2515,13.4242
06-Jul-2026,31-Dec-2026,83.6544,10.3904
06-Jul-2026,31-Dec-2026,88.0572,7.72905
06-Jul-2026,31-Dec-2026,92.4601,5.48413
06-Jul-2026,31-Dec-2026,96.863,3.68285
06-Jul-2026,31-Dec-2026,101.266,2.32572
06-Jul-2026,31-Dec-2026,105.669,1.37792
06-Jul-2026,29-Jan-2027,70.4458,20.9291
06-Jul-2026,29-Jan-2027,74.8486,17.3851
06-Jul-2026,29-Jan-2027,79.2515,14.0925
06-Jul-2026,29-Jan-2027,83.6544,11.0981
06-Jul-2026,29-Jan-2027,88.0572,8.44654
06-Jul-2026,29-Jan-2027,92.4601,6.17582
06-Jul-2026,29-Jan-2027,96.863,4.31174
06-Jul-2026,29-Jan-2027,101.266,2.86012
06-Jul-2026,29-Jan-2027,105.669,1.79905
06-Jul-2026,26-Feb-2027,70.4458,21.3918
06-Jul-2026,26-Feb-2027,74.8486,17.9031
06-Jul-2026,26-Feb-2027,79.2515,14.6561
06-Jul-2026,26-Feb-2027,83.6544,11.6915
06-Jul-2026,26-Feb-2027,88.0572,9.04823
06-Jul-2026,26-Feb-2027,92.4601,6.76031
06-Jul-2026,26-Feb-2027,96.863,4.85196
06-Jul-2026,26-Feb-2027,101.266,3.33153
06-Jul-2026,26-Feb-2027,105.669,2.18475
06-Jul-2026,31-Mar-2027,70.4458,21.95
06-Jul-2026,31-Mar-2027,74.8486,18.5213
06-Jul-2026,31-Mar-2027,79.2515,15.3233
06-Jul-2026,31-Mar-2027,83.6544,12.3911
06-Jul-2026,31-Mar-2027,88.0572,9.75835
06-Jul-2026,31-Mar-2027,92.4601,7.4547
06-Jul-2026,31-Mar-2027,96.863,5.50245
06-Jul-2026,31-Mar-2027,101.266,3.91154
06-Jul-2026,31-Mar-2027,105.669,2.67397
06-Jul-2026,30-Apr-2027,70.4458,22.4359
06-Jul-2026,30-Apr-2027,74.8486,19.0548
06-Jul-2026,30-Apr-2027,79.2515,15.8956
06-Jul-2026,30-Apr-2027,83.6544,12.9896
06-Jul-2026,30-Apr-2027,88.0572,10.3664
06-Jul-2026,30-Apr-2027,92.4601,8.05268
06-Jul-2026,30-Apr-2027,96.863,6.06907
06-Jul-2026,30-Apr-2027,101.266,4.42594
06-Jul-2026,30-Apr-2027,105.669,3.11901
06-Jul-2026,31-May-2027,70.4458,22.9212
06-Jul-2026,31-May-2027,74.8486,19.5843
06-Jul-2026,31-May-2027,79.2515,16.4613
06-Jul-2026,31-May-2027,83.6544,13.5799
06-Jul-2026,31-May-2027,88.0572,10.9669
06-Jul-2026,31-May-2027,92.4601,8.64606
06-Jul-2026,31-May-2027,96.863,6.63634
06-Jul-2026,31-May-2027,101.266,4.94815
06-Jul-2026,31-May-2027,105.669,3.57973
07-Jul-2026,10-Jul-2026,68.6589,17.1822
07-Jul-2026,10-Jul-2026,72.9501,12.8921
07-Jul-2026,10-Jul-2026,77.2413,8.60206
07-Jul-2026,10-Jul-2026,81.5325,4.3228
07-Jul-2026,10-Jul-2026,85.8237,0.794447
07-Jul-2026,10-Jul-2026,90.1148,0.00916128
07-Jul-2026,10-Jul-2026,94.406,1.24837e-06
07-Jul-2026,10-Jul-2026,98.6972,7.42218e-13
07-Jul-2026,17-Jul-2026,68.6589,17.2464
07-Jul-2026,17-Jul-2026,72.9501,12.9623
07-Jul-2026,17-Jul-2026,77.2413,8.71221
07-Jul-2026,17-Jul-2026,81.5325,4.73329
07-Jul-2026,17-Jul-2026,85.8237,1.74246
07-Jul-2026,17-Jul-2026,90.1148,0.34477
07-Jul-2026,17-Jul-2026,94.406,0.028927
07-Jul-2026,17-Jul-2026,98.6972,0.000842574
07-Jul-2026,17-Jul-2026,102.988,7.54296e-06
07-Jul-2026,24-Jul-2026,68.6589,17.3007
07-Jul-2026,24-Jul-2026,72.9501,13.0362
07-Jul-2026,24-Jul-2026,77.2413,8.8741
07-Jul-2026,24-Jul-2026,81.5325,5.10394
07-Jul-2026,24-Jul-2026,85.8237,2.25062
07-Jul-2026,24-Jul-2026,90.1148,0.675587
07-Jul-2026,24-Jul-2026,94.406,0.121793
07-Jul-2026,24-Jul-2026,98.6972,0.0117868
07-Jul-2026,24-Jul-2026,102.988,0.000570057
07-Jul-2026,31-Jul-2026,68.6589,17.376
07-Jul-2026,31-Jul-2026,72.9501,13.1577
07-Jul-2026,31-Jul-2026,77.2413,9.11444
07-Jul-2026,31-Jul-2026,81.5325,5.52171
07-Jul-2026,31-Jul-2026,85.8237,2.75664
07-Jul-2026,31-Jul-2026,90.1148,1.05657
07-Jul-2026,31-Jul-2026,94.406,0.288173
07-Jul-2026,31-Jul-2026,98.6972,0.0521502
07-Jul-2026,31-Jul-2026,102.988,0.00598441
07-Jul-2026,07-Aug-2026,68.6589,17.4484
07-Jul-2026,07-Aug-2026,72.9501,13.2777
07-Jul-2026,07-Aug-2026,77.2413,9.3239
07-Jul-2026,07-Aug-2026,81.5325,5.83636
07-Jul-2026,07-Aug-2026,85.8237,3.11587
07-Jul-2026,07-Aug-2026,90.1148,1.34677
07-Jul-2026,07-Aug-2026,94.406,0.445507
07-Jul-2026,07-Aug-2026,98.6972,0.107037
07-Jul-2026,07-Aug-2026,102.988,0.0180557
07-Jul-2026,31-Aug-2026,68.6589,17.7993
07-Jul-2026,31-Aug-2026,72.9501,13.8145
07-Jul-2026,31-Aug-2026,77.2413,10.1159
07-Jul-2026,31-Aug-2026,81.5325,6.86794
07-Jul-2026,31-Aug-2026,85.8237,4.23269
07-Jul-2026,31-Aug-2026,90.1148,2.31031
07-Jul-2026,31-Aug-2026,94.406,1.08732
07-Jul-2026,31-Aug-2026,98.6972,0.430362
07-Jul-2026,31-Aug-2026,102.988,0.141044
07-Jul-2026,30-Sep-2026,68.6589,18.3267
07-Jul-2026,30-Sep-2026,72.9501,14.5266
07-Jul-2026,30-Sep-2026,77.2413,11.024
07-Jul-2026,30-Sep-2026,81.5325,7.92731
07-Jul-2026,30-Sep-2026,85.8237,5.33545
07-Jul-2026,30-Sep-2026,90.1148,3.31361
07-Jul-2026,30-Sep-2026,94.406,1.87007
07-Jul-2026,30-Sep-2026,98.6972,0.945697
07-Jul-2026,30-Sep-2026,102.988,0.425021
07-Jul-2026,30-Oct-2026,68.6589,18.8871
07-Jul-2026,30-Oct-2026,72.9501,15.2252
07-Jul-2026,30-Oct-2026,77.2413,11.8518
07-Jul-2026,30-Oct-2026,81.5325,8.84537
07-Jul-2026,30-Oct-2026,85.8237,6.27593
07-Jul-2026,30-Oct-2026,90.1148,4.19244
07-Jul-2026,30-Oct-2026,94.406,2.60981
07-Jul-2026,30-Oct-2026,98.6972,1.50002
07-Jul-2026,30-Oct-2026,102.988,0.791926
07-Jul-2026,30-Nov-2026,68.6589,19.4898
07-Jul-2026,30-Nov-2026,72.9501,15.9412
07-Jul-2026,30-Nov-2026,77.2413,12.6669
07-Jul-2026,30-Nov-2026,81.5325,9.72621
07-Jul-2026,30-Nov-2026,85.8237,7.17207
07-Jul-2026,30-Nov-2026,90.1148,5.04341
07-Jul-2026,30-Nov-2026,94.406,3.35735
07-Jul-2026,30-Nov-2026,98.6972,2.10214
07-Jul-2026,30-Nov-2026,102.988,1.23364
07-Jul-2026,31-Dec-2026,68.6589,20.0809
07-Jul-2026,31-Dec-2026,72.9501,16.6221
07-Jul-2026,31-Dec-2026,77.2413,13.4231
07-Jul-2026,31-Dec-2026,81.5325,10.5311
07-Jul-2026,31-Dec-2026,85.8237,7.98844
07-Jul-2026,31-Dec-2026,90.1148,5.82762
07-Jul-2026,31-Dec-2026,94.406,4.06602
07-Jul-2026,31-Dec-2026,98.6972,2.70038
07-Jul-2026,31-Dec-2026,102.988,1.70268
07-Jul-2026,29-Jan-2027,68.6589,20.6306
07-Jul-2026,29-Jan-2027,72.9501,17.2424
07-Jul-2026,29-Jan-2027,77.2413,14.1013
07-Jul-2026,29-Jan-2027,81.5325,11.2465
07-Jul-2026,29-Jan-2027,85.8237,8.71334
07-Jul-2026,29-Jan-2027,90.1148,6.52996
07-Jul-2026,29-Jan-2027,94.406,4.71321
07-Jul-2026,29-Jan-2027,98.6972,3.26436
07-Jul-2026,29-Jan-2027,102.988,2.16505
07-Jul-2026,26-Feb-2027,68.6589,21.103
07-Jul-2026,26-Feb-2027,72.9501,17.7685
07-Jul-2026,26-Feb-2027,77.2413,14.6707
07-Jul-2026,26-Feb-2027,81.5325,11.8438
07-Jul-2026,26-Feb-2027,85.8237,9.31865
07-Jul-2026,26-Feb-2027,90.1148,7.1202
07-Jul-2026,26-Feb-2027,94.406,5.26461
07-Jul-2026,26-Feb-2027,98.6972,3.75548
07-Jul-2026,26-Feb-2027,102.988,2.5802
07-Jul-2026,31-Mar-2027,68.6589,21.6701
07-Jul-2026,31-Mar-2027,72.9501,18.3934
07-Jul-2026,31-Mar-2027,77.2413,15.3422
07-Jul-2026,31-Mar-2027,81.5325,12.5456
07-Jul-2026,31-Mar-2027,85.8237,10.0302
07-Jul-2026,31-Mar-2027,90.1148,7.81791
07-Jul-2026,31-Mar-2027,94.406,5.92387
07-Jul-2026,31-Mar-2027,98.6972,4.35323
07-Jul-2026,31-Mar-2027,102.988,3.0982
07-Jul-2026,30-Apr-2027,68.6589,22.1616
07-Jul-2026,30-Apr-2027,72.9501,18.9305
07-Jul-2026,30-Apr-2027,77.2413,15.916
07-Jul-2026,30-Apr-2027,81.5325,13.1436
07-Jul-2026,30-Apr-2027,85.8237,10.6371
07-Jul-2026,30-Apr-2027,90.1148,8.41602
07-Jul-2026,30-Apr-2027,94.406,6.49454
07-Jul-2026,30-Apr-2027,98.6972,4.87849
07-Jul-2026,30-Apr-2027,102.988,3.56295
07-Jul-2026,31-May-2027,68.6589,22.6506
07-Jul-2026,31-May-2027,72.9501,19.4618
07-Jul-2026,31-May-2027,77.2413,16.4812
07-Jul-2026,31-May-2027,81.5325,13.7318
07-Jul-2026,31-May-2027,85.8237,11.2346
07-Jul-2026,31-May-2027,90.1148,9.00729
07-Jul-2026,31-May-2027,94.406,7.06301
07-Jul-2026,31-May-2027,98.6972,5.40787
07-Jul-2026,31-May-2027,102.988,4.03896
08-Jul-2026,10-Jul-2026,68.5751,17.1554
08-Jul-2026,10-Jul-2026,72.8611,12.8701
08-Jul-2026,10-Jul-2026,77.147,8.58492
08-Jul-2026,10-Jul-2026,81.433,4.30187
08-Jul-2026,10-Jul-2026,85.7189,0.650162
08-Jul-2026,10-Jul-2026,90.0049,0.00171451
08-Jul-2026,10-Jul-2026,94.2908,5.37528e-09
08-Jul-2026,10-Jul-2026,98.5768,4.18407e-16
08-Jul-2026,10-Jul-2026,102.863,6.26367e-16
08-Jul-2026,17-Jul-2026,68.5751,17.219
08-Jul-2026,17-Jul-2026,72.8611,12.9392
08-Jul-2026,17-Jul-2026,77.147,8.68758
08-Jul-2026,17-Jul-2026,81.433,4.69024
08-Jul-2026,17-Jul-2026,85.7189,1.6851
08-Jul-2026,17-Jul-2026,90.0049,0.313626
08-Jul-2026,17-Jul-2026,94.2908,0.0234575
08-Jul-2026,17-Jul-2026,98.5768,0.00057059
08-Jul-2026,17-Jul-2026,102.863,3.96612e-06
08-Jul-2026,24-Jul-2026,68.5751,17.2725
08-Jul-2026,24-Jul-2026,72.8611,13.0107
08-Jul-2026,24-Jul-2026,77.147,8.84549
08-Jul-2026,24-Jul-2026,81.433,5.06575
08-Jul-2026,24-Jul-2026,85.7189,2.2094
08-Jul-2026,24-Jul-2026,90.0049,0.648779
08-Jul-2026,24-Jul-2026,94.2908,0.112743
08-Jul-2026,24-Jul-2026,98.5768,0.0103356
08-Jul-2026,24-Jul-2026,102.863,0.000464137
08-Jul-2026,31-Jul-2026,68.5751,17.3466
08-Jul-2026,31-Jul-2026,72.8611,13.13
08-Jul-2026,31-Jul-2026,77.147,9.08517
08-Jul-2026,31-Jul-2026,81.433,5.48945
08-Jul-2026,31-Jul-2026,85.7189,2.72618
08-Jul-2026,31-Jul-2026,90.0049,1.03567
08-Jul-2026,31-Jul-2026,94.2908,0.278781
08-Jul-2026,31-Jul-2026,98.5768,0.049554
08-Jul-2026,31-Jul-2026,102.863,0.00555328
08-Jul-2026,07-Aug-2026,68.5751,17.418
08-Jul-2026,07-Aug-2026,72.8611,13.2492
08-Jul-2026,07-Aug-2026,77.147,9.29546
08-Jul-2026,07-Aug-2026,81.433,5.80812
08-Jul-2026,07-Aug-2026,85.7189,3.09127
08-Jul-2026,07-Aug-2026,90.0049,1.33003
08-Jul-2026,07-Aug-2026,94.2908,0.437309
08-Jul-2026,07-Aug-2026,98.5768,0.104281
08-Jul-2026,07-Aug-2026,102.863,0.0174243
08-Jul-2026,31-Aug-2026,68.5751,17.7675
08-Jul-2026,31-Aug-2026,72.8611,13.7867
08-Jul-2026,31-Aug-2026,77.147,10.0926
08-Jul-2026,31-Aug-2026,81.433,6.85025
08-Jul-2026,31-Aug-2026,85.7189,4.22137
08-Jul-2026,31-Aug-2026,90.0049,2.30505
08-Jul-2026,31-Aug-2026,94.2908,1.08629
08-Jul-2026,31-Aug-2026,98.5768,0.431092
08-Jul-2026,31-Aug-2026,102.863,0.141824
08-Jul-2026,30-Sep-2026,68.5751,18.2959
08-Jul-2026,30-Sep-2026,72.8611,14.502
08-Jul-2026,30-Sep-2026,77.147,11.0066
08-Jul-2026,30-Sep-2026,81.433,7.91768
08-Jul-2026,30-Sep-2026,85.7189,5.3334
08-Jul-2026,30-Sep-2026,90.0049,3.31767
08-Jul-2026,30-Sep-2026,94.2908,1.87755
08-Jul-2026,30-Sep-2026,98.5768,0.953511
08-Jul-2026,30-Sep-2026,102.863,0.43096
08-Jul-2026,30-Oct-2026,68.5751,18.8582
08-Jul-2026,30-Oct-2026,72.8611,15.2039
08-Jul-2026,30-Oct-2026,77.147,11.839
08-Jul-2026,30-Oct-2026,81.433,8.8414
08-Jul-2026,30-Oct-2026,85.7189,6.28027
08-Jul-2026,30-Oct-2026,90.0049,4.20337
08-Jul-2026,30-Oct-2026,94.2908,2.62445
08-Jul-2026,30-Oct-2026,98.5768,1.51496
08-Jul-2026,30-Oct-2026,102.863,0.804315
08-Jul-2026,30-Nov-2026,68.5751,19.463
08-Jul-2026,30-Nov-2026,72.8611,15.923
08-Jul-2026,30-Nov-2026,77.147,12.6581
08-Jul-2026,30-Nov-2026,81.433,9.72695
08-Jul-2026,30-Nov-2026,85.7189,7.18172
08-Jul-2026,30-Nov-2026,90.0049,5.06025
08-Jul-2026,30-Nov-2026,94.2908,3.37854
08-Jul-2026,30-Nov-2026,98.5768,2.12414
08-Jul-2026,30-Nov-2026,102.863,1.25312
08-Jul-2026,31-Dec-2026,68.5751,20.0562
08-Jul-2026,31-Dec-2026,72.8611,16.6066
08-Jul-2026,31-Dec-2026,77.147,13.4176
08-Jul-2026,31-Dec-2026,81.433,10.5357
08-Jul-2026,31-Dec-2026,85.7189,8.00249
08-Jul-2026,31-Dec-2026,90.0049,5.84945
08-Jul-2026,31-Dec-2026,94.2908,4.09289
08-Jul-2026,31-Dec-2026,98.5768,2.72878
08-Jul-2026,31-Dec-2026,102.863,1.72902
08-Jul-2026,29-Jan-2027,68.5751,20.6076
08-Jul-2026,29-Jan-2027,72.8611,17.2292
08-Jul-2026,29-Jan-2027,77.147,14.0985
08-Jul-2026,29-Jan-2027,81.433,11.2543
08-Jul-2026,29-Jan-2027,85.7189,8.73102
08-Jul-2026,29-Jan-2027,90.0049,6.55595
08-Jul-2026,29-Jan-2027,94.2908,4.74491
08-Jul-2026,29-Jan-2027,98.5768,3.29831
08-Jul-2026,29-Jan-2027,102.863,2.19758
08-Jul-2026,26-Feb-2027,68.5751,21.0814
08-Jul-2026,26-Feb-2027,72.8611,17.7571
08-Jul-2026,26-Feb-2027,77.147,14.6701
08-Jul-2026,26-Feb-2027,81.433,11.8541
08-Jul-2026,26-Feb-2027,85.7189,9.33921
08-Jul-2026,26-Feb-2027,90.0049,7.14951
08-Jul-2026,26-Feb-2027,94.2908,5.30018
08-Jul-2026,26-Feb-2027,98.5768,3.79395
08-Jul-2026,26-Feb-2027,102.863,2.61789
08-Jul-2026,31-Mar-2027,68.5751,21.6501
08-Jul-2026,31-Mar-2027,72.8611,18.384
08-Jul-2026,31-Mar-2027,77.147,15.344
08-Jul-2026,31-Mar-2027,81.433,12.5587
08-Jul-2026,31-Mar-2027,85.7189,10.0539
08-Jul-2026,31-Mar-2027,90.0049,7.85094
08-Jul-2026,31-Mar-2027,94.2908,5.9638
08-Jul-2026,31-Mar-2027,98.5768,4.39685
08-Jul-2026,31-Mar-2027,102.863,3.14185
08-Jul-2026,30-Apr-2027,68.5751,22.1429
08-Jul-2026,30-Apr-2027,72.8611,18.9227
08-Jul-2026,30-Apr-2027,77.147,15.9197
08-Jul-2026,30-Apr-2027,81.433,13.159
08-Jul-2026,30-Apr-2027,85.7189,10.6635
08-Jul-2026,30-Apr-2027,90.0049,8.45209
08-Jul-2026,30-Apr-2027,94.2908,6.53802
08-Jul-2026,30-Apr-2027,98.5768,4.92633
08-Jul-2026,30-Apr-2027,102.863,3.61157
08-Jul-2026,31-May-2027,68.5751,22.6331
08-Jul-2026,31-May-2027,72.8611,19.4556
08-Jul-2026,31-May-2027,77.147,16.4868
08-Jul-2026,31-May-2027,81.433,13.7493
08-Jul-2026,31-May-2027,85.7189,11.2634
08-Jul-2026,31-May-2027,90.0049,9.04621
08-Jul-2026,31-May-2027,94.2908,7.10986
08-Jul-2026,31-May-2027,98.5768,5.45971
08-Jul-2026,31-May-2027,102.863,4.09231
09-Jul-2026,10-Jul-2026,69.5913,17.4037
09-Jul-2026,10-Jul-2026,73.9408,13.0546
09-Jul-2026,10-Jul-2026,78.2902,8.7055
09-Jul-2026,10-Jul-2026,82.6397,4.35642
09-Jul-2026,10-Jul-2026,86.9892,0.44502
09-Jul-2026,10-Jul-2026,91.3386,7.57737e-06
09-Jul-2026,10-Jul-2026,95.6881,1.13154e-14
09-Jul-2026,10-Jul-2026,100.038,3.91942e-15
09-Jul-2026,10-Jul-2026,104.387,4.0142e-15
09-Jul-2026,17-Jul-2026,69.5913,17.468
09-Jul-2026,17-Jul-2026,73.9408,13.1235
09-Jul-2026,17-Jul-2026,78.2902,8.79639
09-Jul-2026,17-Jul-2026,82.6397,4.68175
09-Jul-2026,17-Jul-2026,86.9892,1.57251
09-Jul-2026,17-Jul-2026,91.3386,0.240841
09-Jul-2026,17-Jul-2026,95.6881,0.0119869
09-Jul-2026,17-Jul-2026,100.038,0.000146503
09-Jul-2026,17-Jul-2026,104.387,3.77753e-07
09-Jul-2026,24-Jul-2026,69.5913,17.5213
09-Jul-2026,24-Jul-2026,73.9408,13.19
09-Jul-2026,24-Jul-2026,78.2902,8.93585
09-Jul-2026,24-Jul-2026,82.6397,5.04075
09-Jul-2026,24-Jul-2026,86.9892,2.09866
09-Jul-2026,24-Jul-2026,91.3386,0.552662
09-Jul-2026,24-Jul-2026,95.6881,0.0779707
09-Jul-2026,24-Jul-2026,100.038,0.00508579
09-Jul-2026,24-Jul-2026,104.387,0.000140962
09-Jul-2026,31-Jul-2026,69.5913,17.5927
09-Jul-2026,31-Jul-2026,73.9408,13.299
09-Jul-2026,31-Jul-2026,78.2902,9.15729
09-Jul-2026,31-Jul-2026,82.6397,5.45246
09-Jul-2026,31-Jul-2026,86.9892,2.6124
09-Jul-2026,31-Jul-2026,91.3386,0.921744
09-Jul-2026,31-Jul-2026,95.6881,0.217346
09-Jul-2026,31-Jul-2026,100.038,0.0313395
09-Jul-2026,31-Jul-2026,104.387,0.00262426
09-Jul-2026,07-Aug-2026,69.5913,17.6602
09-Jul-2026,07-Aug-2026,73.9408,13.409
09-Jul-2026,07-Aug-2026,78.2902,9.35592
09-Jul-2026,07-Aug-2026,82.6397,5.76395
09-Jul-2026,07-Aug-2026,86.9892,2.97409
09-Jul-2026,07-Aug-2026,91.3386,1.2053
09-Jul-2026,07-Aug-2026,95.6881,0.35744
09-Jul-2026,07-Aug-2026,100.038,0.0726585
09-Jul-2026,07-Aug-2026,104.387,0.00974764
09-Jul-2026,31-Aug-2026,69.5913,17.9898
09-Jul-2026,31-Aug-2026,73.9408,13.9172
09-Jul-2026,31-Aug-2026,78.2902,10.124
09-Jul-2026,31-Aug-2026,82.6397,6.78799
09-Jul-2026,31-Aug-2026,86.9892,4.09195
09-Jul-2026,31-Aug-2026,91.3386,2.15299
09-Jul-2026,31-Aug-2026,95.6881,0.956885
09-Jul-2026,31-Aug-2026,100.038,0.34856
09-Jul-2026,31-Aug-2026,104.387,0.102351
09-Jul-2026,30-Sep-2026,69.5913,18.4958
09-Jul-2026,30-Sep-2026,73.9408,14.6083
09-Jul-2026,30-Sep-2026,78.2902,11.0179
09-Jul-2026,30-Sep-2026,82.6397,7.84252
09-Jul-2026,30-Sep-2026,86.9892,5.19341
09-Jul-2026,30-Sep-2026,91.3386,3.1461
09-Jul-2026,30-Sep-2026,95.6881,1.71171
09-Jul-2026,30-Sep-2026,100.038,0.82268
09-Jul-2026,30-Sep-2026,104.387,0.346315
09-Jul-2026,30-Oct-2026,69.5913,19.0413
09-Jul-2026,30-Oct-2026,73.9408,15.2945
09-Jul-2026,30-Oct-2026,78.2902,11.8386
09-Jul-2026,30-Oct-2026,82.6397,8.75894
09-Jul-2026,30-Oct-2026,86.9892,6.13417
09-Jul-2026,30-Oct-2026,91.3386,4.02058
09-Jul-2026,30-Oct-2026,95.6881,2.43654
09-Jul-2026,30-Oct-2026,100.038,1.35068
09-Jul-2026,30-Oct-2026,104.387,0.681264
09-Jul-2026,30-Nov-2026,69.5913,19.6331
09-Jul-2026,30-Nov-2026,73.9408,16.0028
09-Jul-2026,30-Nov-2026,78.2902,12.6504
09-Jul-2026,30-Nov-2026,82.6397,9.64069
09-Jul-2026,30-Nov-2026,86.9892,7.03284
09-Jul-2026,30-Nov-2026,91.3386,4.87136
09-Jul-2026,30-Nov-2026,95.6881,3.1766
09-Jul-2026,30-Nov-2026,100.038,1.93581
09-Jul-2026,30-Nov-2026,104.387,1.09841
09-Jul-2026,31-Dec-2026,69.5913,20.2174
09-Jul-2026,31-Dec-2026,73.9408,16.6798
09-Jul-2026,31-Dec-2026,78.2902,13.4063
09-Jul-2026,31-Dec-2026,82.6397,10.4487
09-Jul-2026,31-Dec-2026,86.9892,7.85385
09-Jul-2026,31-Dec-2026,91.3386,5.65877
09-Jul-2026,31-Dec-2026,95.6881,3.88364
09-Jul-2026,31-Dec-2026,100.038,2.52517
09-Jul-2026,31-Dec-2026,104.387,1.55131
09-Jul-2026,29-Jan-2027,69.5913,20.7631
09-Jul-2026,29-Jan-2027,73.9408,17.2989
09-Jul-2026,29-Jan-2027,78.2902,14.0864
09-Jul-2026,29-Jan-2027,82.6397,11.1687
09-Jul-2026,29-Jan-2027,86.9892,8.58487
09-Jul-2026,29-Jan-2027,91.3386,6.3666
09-Jul-2026,29-Jan-2027,95.6881,4.53316
09-Jul-2026,29-Jan-2027,100.038,3.08613
09-Jul-2026,29-Jan-2027,104.387,2.00452
09-Jul-2026,26-Feb-2027,69.5913,21.2337
09-Jul-2026,26-Feb-2027,73.9408,17.8254
09-Jul-2026,26-Feb-2027,78.2902,14.6588
09-Jul-2026,26-Feb-2027,82.6397,11.7713
09-Jul-2026,26-Feb-2027,86.9892,9.19673
09-Jul-2026,26-Feb-2027,91.3386,6.96323
09-Jul-2026,26-Feb-2027,95.6881,5.08897
09-Jul-2026,26-Feb-2027,100.038,3.57794
09-Jul-2026,26-Feb-2027,104.387,2.41564
09-Jul-2026,31-Mar-2027,69.5913,21.8003
09-Jul-2026,31-Mar-2027,73.9408,18.4525
09-Jul-2026,31-Mar-2027,78.2902,15.3354
09-Jul-2026,31-Mar-2027,82.6397,12.4807
09-Jul-2026,31-Mar-2027,86.9892,9.91757
09-Jul-2026,31-Mar-2027,91.3386,7.67042
09-Jul-2026,31-Mar-2027,95.6881,5.75598
09-Jul-2026,31-Mar-2027,100.038,4.17982
09-Jul-2026,31-Mar-2027,104.387,2.93284
09-Jul-2026,30-Apr-2027,69.5913,22.2927
09-Jul-2026,30-Apr-2027,73.9408,18.9929
09-Jul-2026,30-Apr-2027,78.2902,15.9148
09-Jul-2026,30-Apr-2027,82.6397,13.0865
09-Jul-2026,30-Apr-2027,86.9892,10.5337
09-Jul-2026,30-Apr-2027,91.3386,8.27815
09-Jul-2026,30-Apr-2027,95.6881,6.33522
09-Jul-2026,30-Apr-2027,100.038,4.71114
09-Jul-2026,30-Apr-2027,104.387,3.39997
09-Jul-2026,31-May-2027,69.5913,22.7838
09-Jul-2026,31-May-2027,73.9408,19.5284
09-Jul-2026,31-May-2027,78.2902,16.4867
09-Jul-2026,31-May-2027,82.6397,13.6834
09-Jul-2026,31-May-2027,86.9892,11.1414
09-Jul-2026,31-May-2027,91.3386,8.88012
09-Jul-2026,31-May-2027,95.6881,6.91368
09-Jul-2026,31-May-2027,100.038,5.24847
09-Jul-2026,31-May-2027,104.387,3.88079
10-Jul-2026,17-Jul-2026,69.1462,17.3499
10-Jul-2026,17-Jul-2026,73.4678,13.0326
10-Jul-2026,17-Jul-2026,77.7895,8.72951
10-Jul-2026,17-Jul-2026,82.1111,4.62404
10-Jul-2026,17-Jul-2026,86.4327,1.52037
10-Jul-2026,17-Jul-2026,90.7544,0.220187
10-Jul-2026,17-Jul-2026,95.076,0.00989155
10-Jul-2026,17-Jul-2026,99.3976,0.000103602
10-Jul-2026,17-Jul-2026,103.719,2.15333e-07
10-Jul-2026,24-Jul-2026,69.1462,17.4023
10-Jul-2026,24-Jul-2026,73.4678,13.0974
10-Jul-2026,24-Jul-2026,77.7895,8.86685
10-Jul-2026,24-Jul-2026,82.1111,4.99114
10-Jul-2026,24-Jul-2026,86.4327,2.06829
10-Jul-2026,24-Jul-2026,90.7544,0.540934
10-Jul-2026,24-Jul-2026,95.076,0.075849
10-Jul-2026,24-Jul-2026,99.3976,0.00493673
10-Jul-2026,24-Jul-2026,103.719,0.000136745
10-Jul-2026,31-Jul-2026,69.1462,17.4726
10-Jul-2026,31-Jul-2026,73.4678,13.2056
10-Jul-2026,31-Jul-2026,77.7895,9.09051
10-Jul-2026,31-Jul-2026,82.1111,5.41232
10-Jul-2026,31-Jul-2026,86.4327,2.59641
10-Jul-2026,31-Jul-2026,90.7544,0.920833
10-Jul-2026,31-Jul-2026,95.076,0.21999
10-Jul-2026,31-Jul-2026,99.3976,0.0325134
10-Jul-2026,31-Jul-2026,103.719,0.00282085
10-Jul-2026,07-Aug-2026,69.1462,17.5395
10-Jul-2026,07-Aug-2026,73.4678,13.3162
10-Jul-2026,07-Aug-2026,77.7895,9.29223
10-Jul-2026,07-Aug-2026,82.1111,5.73008
10-Jul-2026,07-Aug-2026,86.4327,2.96606
10-Jul-2026,07-Aug-2026,90.7544,1.21176
10-Jul-2026,07-Aug-2026,95.076,0.365361
10-Jul-2026,07-Aug-2026,99.3976,0.0764032
10-Jul-2026,07-Aug-2026,103.719,0.0106646
10-Jul-2026,14-Aug-2026,69.1462,17.616
10-Jul-2026,14-Aug-2026,73.4678,13.4412
10-Jul-2026,14-Aug-2026,77.7895,9.4995
10-Jul-2026,14-Aug-2026,82.1111,6.02726
10-Jul-2026,14-Aug-2026,86.4327,3.29931
10-Jul-2026,14-Aug-2026,90.7544,1.48611
10-Jul-2026,14-Aug-2026,95.076,0.523035
10-Jul-2026,14-Aug-2026,99.3976,0.137074
10-Jul-2026,14-Aug-2026,103.719,0.0259729
10-Jul-2026,31-Aug-2026,69.1462,17.8709
10-Jul-2026,31-Aug-2026,73.4678,13.8308
10-Jul-2026,31-Aug-2026,77.7895,10.0722
10-Jul-2026,31-Aug-2026,82.1111,6.77036
10-Jul-2026,31-Aug-2026,86.4327,4.10239
10-Jul-2026,31-Aug-2026,90.7544,2.17924
10-Jul-2026,31-Aug-2026,95.076,0.984409
10-Jul-2026,31-Aug-2026,99.3976,0.367595
10-Jul-2026,31-Aug-2026,103.719,0.111584
10-Jul-2026,30-Sep-2026,69.1462,18.3823
10-Jul-2026,30-Sep-2026,73.4678,14.5306
10-Jul-2026,30-Sep-2026,77.7895,10.9772
10-Jul-2026,30-Sep-2026,82.1111,7.83703
10-Jul-2026,30-Sep-2026,86.4327,5.21699
10-Jul-2026,30-Sep-2026,90.7544,3.18781
10-Jul-2026,30-Sep-2026,95.076,1.75793
10-Jul-2026,30-Sep-2026,99.3976,0.861468
10-Jul-2026,30-Sep-2026,103.719,0.37192
10-Jul-2026,30-Oct-2026,69.1462,18.9335
10-Jul-2026,30-Oct-2026,73.4678,15.224
10-Jul-2026,30-Oct-2026,77.7895,11.8057
10-Jul-2026,30-Oct-2026,82.1111,8.76164
10-Jul-2026,30-Oct-2026,86.4327,6.16659
10-Jul-2026,30-Oct-2026,90.7544,4.07306
10-Jul-2026,30-Oct-2026,95.076,2.49667
10-Jul-2026,30-Oct-2026,99.3976,1.40618
10-Jul-2026,30-Oct-2026,103.719,0.723804
10-Jul-2026,30-Nov-2026,69.1462,19.5307
10-Jul-2026,30-Nov-2026,73.4678,15.9384
10-Jul-2026,30-Nov-2026,77.7895,12.6239
10-Jul-2026,30-Nov-2026,82.1111,9.6498
10-Jul-2026,30-Nov-2026,86.4327,7.0722
10-Jul-2026,30-Nov-2026,90.7544,4.93239
10-Jul-2026,30-Nov-2026,95.076,3.24812
10-Jul-2026,30-Nov-2026,99.3976,2.00589
10-Jul-2026,30-Nov-2026,103.719,1.15743
10-Jul-2026,31-Dec-2026,69.1462,20.1194
10-Jul-2026,31-Dec-2026,73.4678,16.6201
10-Jul-2026,31-Dec-2026,77.7895,13.3847
10-Jul-2026,31-Dec-2026,82.1111,10.4626
10-Jul-2026,31-Dec-2026,86.4327,7.89849
10-Jul-2026,31-Dec-2026,90.7544,5.72634
10-Jul-2026,31-Dec-2026,95.076,3.96401
10-Jul-2026,31-Dec-2026,99.3976,2.60706
10-Jul-2026,31-Dec-2026,103.719,1.62463
10-Jul-2026,29-Jan-2027,69.1462,20.6686
10-Jul-2026,29-Jan-2027,73.4678,17.2429
10-Jul-2026,29-Jan-2027,77.7895,14.0684
10-Jul-2026,29-Jan-2027,82.1111,11.1863
10-Jul-2026,29-Jan-2027,86.4327,8.63345
10-Jul-2026,29-Jan-2027,90.7544,6.43907
10-Jul-2026,29-Jan-2027,95.076,4.62025
10-Jul-2026,29-Jan-2027,99.3976,3.17725
10-Jul-2026,29-Jan-2027,103.719,2.08959
10-Jul-2026,26-Feb-2027,69.1462,21.1418
10-Jul-2026,26-Feb-2027,73.4678,17.7721
10-Jul-2026,26-Feb-2027,77.7895,14.6435
10-Jul-2026,26-Feb-2027,82.1111,11.7914
10-Jul-2026,26-Feb-2027,86.4327,9.24809
10-Jul-2026,26-Feb-2027,90.7544,7.0392
10-Jul-2026,26-Feb-2027,95.076,5.18091
10-Jul-2026,26-Feb-2027,99.3976,3.67586
10-Jul-2026,26-Feb-2027,103.719,2.50971
10-Jul-2026,31-Mar-2027,69.1462,21.7112
10-Jul-2026,31-Mar-2027,73.4678,18.402
10-Jul-2026,31-Mar-2027,77.7895,15.3227
10-Jul-2026,31-Mar-2027,82.1111,12.5034
10-Jul-2026,31-Mar-2027,86.4327,9.97168
10-Jul-2026,31-Mar-2027,90.7544,7.74985
10-Jul-2026,31-Mar-2027,95.076,5.85279
10-Jul-2026,31-Mar-2027,99.3976,4.28476
10-Jul-2026,31-Mar-2027,103.719,3.03645
10-Jul-2026,30-Apr-2027,69.1462,22.2056
10-Jul-2026,30-Apr-2027,73.4678,18.9443
10-Jul-2026,30-Apr-2027,77.7895,15.9039
10-Jul-2026,30-Apr-2027,82.1111,13.111
10-Jul-2026,30-Apr-2027,86.4327,10.5897
10-Jul-2026,30-Apr-2027,90.7544,8.36002
10-Jul-2026,30-Apr-2027,95.076,6.43554
10-Jul-2026,30-Apr-2027,99.3976,4.82125
10-Jul-2026,30-Apr-2027,103.719,3.51084
10-Jul-2026,31-May-2027,69.1462,22.6984
10-Jul-2026,31-May-2027,73.4678,19.4815
10-Jul-2026,31-May-2027,77.7895,16.4773
10-Jul-2026,31-May-2027,82.1111,13.7093
10-Jul-2026,31-May-2027,86.4327,11.1989
10-Jul-2026,31-May-2027,90.7544,8.96396
10-Jul-2026,31-May-2027,95.076,7.01692
10-Jul-2026,31-May-2027,99.3976,5.36301
10-Jul-2026,31-May-2027,103.719,3.99803
13-Jul-2026,17-Jul-2026,68.284,17.094
13-Jul-2026,17-Jul-2026,72.5518,12.8277
13-Jul-2026,17-Jul-2026,76.8195,8.56141
13-Jul-2026,17-Jul-2026,81.0873,4.32429
13-Jul-2026,17-Jul-2026,85.355,0.928197
13-Jul-2026,17-Jul-2026,89.6228,0.0263155
13-Jul-2026,17-Jul-2026,93.8905,3.28289e-05
13-Jul-2026,17-Jul-2026,98.1583,8.89638e-10
13-Jul-2026,24-Jul-2026,68.284,17.1572
13-Jul-2026,24-Jul-2026,72.5518,12.8981
13-Jul-2026,24-Jul-2026,76.8195,8.68287
13-Jul-2026,24-Jul-2026,81.0873,4.76467
13-Jul-2026,24-Jul-2026,85.355,1.82293
13-Jul-2026,24-Jul-2026,89.6228,0.398428
13-Jul-2026,24-Jul-2026,93.8905,0.040635
13-Jul-2026,24-Jul-2026,98.1583,0.0016284
13-Jul-2026,24-Jul-2026,102.426,2.29958e-05
13-Jul-2026,31-Jul-2026,68.284,17.2114
13-Jul-2026,31-Jul-2026,72.5518,12.9754
13-Jul-2026,31-Jul-2026,76.8195,8.8544
13-Jul-2026,31-Jul-2026,81.0873,5.13889
13-Jul-2026,31-Jul-2026,85.355,2.32331
13-Jul-2026,31-Jul-2026,89.6228,0.736337
13-Jul-2026,31-Jul-2026,93.8905,0.146543
13-Jul-2026,31-Jul-2026,98.1583,0.0165909
13-Jul-2026,31-Jul-2026,102.426,0.00100089
13-Jul-2026,07-Aug-2026,68.284,17.2882
13-Jul-2026,07-Aug-2026,72.5518,13.1024
13-Jul-2026,07-Aug-2026,76.8195,9.10262
13-Jul-2026,07-Aug-2026,81.0873,5.55894
13-Jul-2026,07-Aug-2026,85.355,2.82644
13-Jul-2026,07-Aug-2026,89.6228,1.12272
13-Jul-2026,07-Aug-2026,93.8905,0.32565
13-Jul-2026,07-Aug-2026,98.1583,0.0648084
13-Jul-2026,07-Aug-2026,102.426,0.00848543
13-Jul-2026,14-Aug-2026,68.284,17.3625
13-Jul-2026,14-Aug-2026,72.5518,13.2267
13-Jul-2026,14-Aug-2026,76.8195,9.31677
13-Jul-2026,14-Aug-2026,81.0873,5.87526
13-Jul-2026,14-Aug-2026,85.355,3.1854
13-Jul-2026,14-Aug-2026,89.6228,1.41666
13-Jul-2026,14-Aug-2026,93.8905,0.491491
13-Jul-2026,14-Aug-2026,98.1583,0.12694
13-Jul-2026,14-Aug-2026,102.426,0.0236477
13-Jul-2026,31-Aug-2026,68.284,17.5949
13-Jul-2026,31-Aug-2026,72.5518,13.5907
13-Jul-2026,31-Aug-2026,76.8195,9.86546
13-Jul-2026,31-Aug-2026,81.0873,6.59971
13-Jul-2026,31-Aug-2026,85.355,3.97408
13-Jul-2026,31-Aug-2026,89.6228,2.09644
13-Jul-2026,31-Aug-2026,93.8905,0.941045
13-Jul-2026,31-Aug-2026,98.1583,0.349761
13-Jul-2026,31-Aug-2026,102.426,0.105699
13-Jul-2026,30-Sep-2026,68.284,18.1143
13-Jul-2026,30-Sep-2026,72.5518,14.3115
13-Jul-2026,30-Sep-2026,76.8195,10.8084
13-Jul-2026,30-Sep-2026,81.0873,7.71949
13-Jul-2026,30-Sep-2026,85.355,5.14843
13-Jul-2026,30-Sep-2026,89.6228,3.16054
13-Jul-2026,30-Sep-2026,93.8905,1.75857
13-Jul-2026,30-Sep-2026,98.1583,0.874338
13-Jul-2026,30-Sep-2026,102.426,0.384917
13-Jul-2026,30-Oct-2026,68.284,18.6803
13-Jul-2026,30-Oct-2026,72.5518,15.0273
13-Jul-2026,30-Oct-2026,76.8195,11.6668
13-Jul-2026,30-Oct-2026,81.0873,8.67937
13-Jul-2026,30-Oct-2026,85.355,6.13581
13-Jul-2026,30-Oct-2026,89.6228,4.08341
13-Jul-2026,30-Oct-2026,93.8905,2.53298
13-Jul-2026,30-Oct-2026,98.1583,1.4514
13-Jul-2026,30-Oct-2026,102.426,0.763956
13-Jul-2026,30-Nov-2026,68.284,19.3212
13-Jul-2026,30-Nov-2026,72.5518,15.7949
13-Jul-2026,30-Nov-2026,76.8195,12.5461
13-Jul-2026,30-Nov-2026,81.0873,9.63394
13-Jul-2026,30-Nov-2026,85.355,7.1099
13-Jul-2026,30-Nov-2026,89.6228,5.01027
13-Jul-2026,30-Nov-2026,93.8905,3.3486
13-Jul-2026,30-Nov-2026,98.1583,2.10987
13-Jul-2026,30-Nov-2026,102.426,1.24868
13-Jul-2026,31-Dec-2026,68.284,19.8984
13-Jul-2026,31-Dec-2026,72.5518,16.4632
13-Jul-2026,31-Dec-2026,76.8195,13.2913
13-Jul-2026,31-Dec-2026,81.0873,10.4297
13-Jul-2026,31-Dec-2026,85.355,7.91924
13-Jul-2026,31-Dec-2026,89.6228,5.78977
13-Jul-2026,31-Dec-2026,93.8905,4.05531
13-Jul-2026,31-Dec-2026,98.1583,2.70927
13-Jul-2026,31-Dec-2026,102.426,1.72181
13-Jul-2026,29-Jan-2027,68.284,20.4612
13-Jul-2026,29-Jan-2027,72.5518,17.1011
13-Jul-2026,29-Jan-2027,76.8195,13.9913
13-Jul-2026,29-Jan-2027,81.0873,11.1702
13-Jul-2026,29-Jan-2027,85.355,8.67145
13-Jul-2026,29-Jan-2027,89.6228,6.52049
13-Jul-2026,29-Jan-2027,93.8905,4.73092
13-Jul-2026,29-Jan-2027,98.1583,3.30086
13-Jul-2026,29-Jan-2027,102.426,2.21022
13-Jul-2026,26-Feb-2027,68.284,20.9704
13-Jul-2026,26-Feb-2027,72.5518,17.67
13-Jul-2026,26-Feb-2027,76.8195,14.6088
13-Jul-2026,26-Feb-2027,81.0873,11.8196
13-Jul-2026,26-Feb-2027,85.355,9.33109
13-Jul-2026,26-Feb-2027,89.6228,7.16556
13-Jul-2026,26-Feb-2027,93.8905,5.3359
13-Jul-2026,26-Feb-2027,98.1583,3.84278
13-Jul-2026,26-Feb-2027,102.426,2.67207
13-Jul-2026,31-Mar-2027,68.284,21.5511
13-Jul-2026,31-Mar-2027,72.5518,18.3115
13-Jul-2026,31-Mar-2027,76.8195,15.2997
13-Jul-2026,31-Mar-2027,81.0873,12.5432
13-Jul-2026,31-Mar-2027,85.355,10.0665
13-Jul-2026,31-Mar-2027,89.6228,7.88879
13-Jul-2026,31-Mar-2027,93.8905,6.02213
13-Jul-2026,31-Mar-2027,98.1583,4.46879
13-Jul-2026,31-Mar-2027,102.426,3.2193
13-Jul-2026,30-Apr-2027,68.284,22.0545
13-Jul-2026,30-Apr-2027,72.5518,18.863
13-Jul-2026,30-Apr-2027,76.8195,15.89
13-Jul-2026,30-Apr-2027,81.0873,13.1597
13-Jul-2026,30-Apr-2027,85.355,10.6935
13-Jul-2026,30-Apr-2027,89.6228,8.50857
13-Jul-2026,30-Apr-2027,93.8905,6.61585
13-Jul-2026,30-Apr-2027,98.1583,5.01848
13-Jul-2026,30-Apr-2027,102.426,3.70976
13-Jul-2026,31-May-2027,68.284,22.5557
13-Jul-2026,31-May-2027,72.5518,19.4086
13-Jul-2026,31-May-2027,76.8195,16.4716
13-Jul-2026,31-May-2027,81.0873,13.766
13-Jul-2026,31-May-2027,85.355,11.3108
13-Jul-2026,31-May-2027,89.6228,9.12105
13-Jul-2026,31-May-2027,93.8905,7.207
13-Jul-2026,31-May-2027,98.1583,5.57206
13-Jul-2026,31-May-2027,102.426,4.21152
14-Jul-2026,17-Jul-2026,69.5523,17.4056
14-Jul-2026,17-Jul-2026,73.8993,13.0597
14-Jul-2026,17-Jul-2026,78.2463,8.71374
14-Jul-2026,17-Jul-2026,82.5934,4.37621
14-Jul-2026,17-Jul-2026,86.9404,0.77347
14-Jul-2026,17-Jul-2026,91.2874,0.00667614
14-Jul-2026,17-Jul-2026,95.6344,4.05006e-07
14-Jul-2026,17-Jul-2026,99.9814,5.15467e-14
14-Jul-2026,24-Jul-2026,69.5523,17.4698
14-Jul-2026,24-Jul-2026,73.8993,13.1293
14-Jul-2026,24-Jul-2026,78.2463,8.81702
14-Jul-2026,24-Jul-2026,82.5934,4.75797
14-Jul-2026,24-Jul-2026,86.9404,1.69873
14-Jul-2026,24-Jul-2026,91.2874,0.307559
14-Jul-2026,24-Jul-2026,95.6344,0.0213398
14-Jul-2026,24-Jul-2026,99.9814,0.000447715
14-Jul-2026,24-Jul-2026,104.328,2.4936e-06
14-Jul-2026,31-Jul-2026,69.5523,17.5236
14-Jul-2026,31-Jul-2026,73.8993,13.1997
14-Jul-2026,31-Jul-2026,78.2463,8.96733
14-Jul-2026,31-Jul-2026,82.5934,5.11356
14-Jul-2026,31-Jul-2026,86.9404,2.1962
14-Jul-2026,31-Jul-2026,91.2874,0.619236
14-Jul-2026,31-Jul-2026,95.6344,0.098804
14-Jul-2026,31-Jul-2026,99.9814,0.00781161
14-Jul-2026,31-Jul-2026,104.328,0.000283573
14-Jul-2026,07-Aug-2026,69.5523,17.5967
14-Jul-2026,07-Aug-2026,73.8993,13.314
14-Jul-2026,07-Aug-2026,78.2463,9.19442
14-Jul-2026,07-Aug-2026,82.5934,5.51876
14-Jul-2026,07-Aug-2026,86.9404,2.69288
14-Jul-2026,07-Aug-2026,91.2874,0.98402
14-Jul-2026,07-Aug-2026,95.6344,0.246094
14-Jul-2026,07-Aug-2026,99.9814,0.0387836
14-Jul-2026,07-Aug-2026,104.328,0.00367141
14-Jul-2026,14-Aug-2026,69.5523,17.666
14-Jul-2026,14-Aug-2026,73.8993,13.4273
14-Jul-2026,14-Aug-2026,78.2463,9.39478
14-Jul-2026,14-Aug-2026,82.5934,5.82588
14-Jul-2026,14-Aug-2026,86.9404,3.04635
14-Jul-2026,14-Aug-2026,91.2874,1.26445
14-Jul-2026,14-Aug-2026,95.6344,0.389753
14-Jul-2026,14-Aug-2026,99.9814,0.0838902
14-Jul-2026,14-Aug-2026,104.328,0.0121679
14-Jul-2026,31-Aug-2026,69.5523,17.8823
14-Jul-2026,31-Aug-2026,73.8993,13.7661
14-Jul-2026,31-Aug-2026,78.2463,9.91742
14-Jul-2026,31-Aug-2026,82.5934,6.53301
14-Jul-2026,31-Aug-2026,86.9404,3.82241
14-Jul-2026,31-Aug-2026,91.2874,1.91861
14-Jul-2026,31-Aug-2026,95.6344,0.795061
14-Jul-2026,31-Aug-2026,99.9814,0.262531
14-Jul-2026,31-Aug-2026,104.328,0.0677152
14-Jul-2026,30-Sep-2026,69.5523,18.373
14-Jul-2026,30-Sep-2026,73.8993,14.4537
14-Jul-2026,30-Sep-2026,78.2463,10.8313
14-Jul-2026,30-Sep-2026,82.5934,7.63296
14-Jul-2026,30-Sep-2026,86.9404,4.97996
14-Jul-2026,30-Sep-2026,91.2874,2.95313
14-Jul-2026,30-Sep-2026,95.6344,1.56002
14-Jul-2026,30-Sep-2026,99.9814,0.720861
14-Jul-2026,30-Sep-2026,104.328,0.288578
14-Jul-2026,30-Oct-2026,69.5523,18.9167
14-Jul-2026,30-Oct-2026,73.8993,15.1479
14-Jul-2026,30-Oct-2026,78.2463,11.6726
14-Jul-2026,30-Oct-2026,82.5934,8.58121
14-Jul-2026,30-Oct-2026,86.9404,5.95693
14-Jul-2026,30-Oct-2026,91.2874,3.85831
14-Jul-2026,30-Oct-2026,95.6344,2.30197
14-Jul-2026,30-Oct-2026,99.9814,1.25079
14-Jul-2026,30-Oct-2026,104.328,0.615351
14-Jul-2026,30-Nov-2026,69.5523,19.5398
14-Jul-2026,30-Nov-2026,73.8993,15.8999
14-Jul-2026,30-Nov-2026,78.2463,12.5406
14-Jul-2026,30-Nov-2026,82.5934,9.52867
14-Jul-2026,30-Nov-2026,86.9404,6.92481
14-Jul-2026,30-Nov-2026,91.2874,4.77387
14-Jul-2026,30-Nov-2026,95.6344,3.09505
14-Jul-2026,30-Nov-2026,99.9814,1.87296
14-Jul-2026,30-Nov-2026,104.328,1.05386
14-Jul-2026,31-Dec-2026,69.5523,20.1055
14-Jul-2026,31-Dec-2026,73.8993,16.5591
14-Jul-2026,31-Dec-2026,78.2463,13.2801
14-Jul-2026,31-Dec-2026,82.5934,10.3218
14-Jul-2026,31-Dec-2026,86.9404,7.73226
14-Jul-2026,31-Dec-2026,91.2874,5.54845
14-Jul-2026,31-Dec-2026,95.6344,3.78953
14-Jul-2026,31-Dec-2026,99.9814,2.45
14-Jul-2026,31-Dec-2026,104.328,1.49511
14-Jul-2026,29-Jan-2027,69.5523,20.6604
14-Jul-2026,29-Jan-2027,73.8993,17.1916
14-Jul-2026,29-Jan-2027,78.2463,13.9777
14-Jul-2026,29-Jan-2027,82.5934,11.0624
14-Jul-2026,29-Jan-2027,86.9404,8.48538
14-Jul-2026,29-Jan-2027,91.2874,6.27805
14-Jul-2026,29-Jan-2027,95.6344,4.45858
14-Jul-2026,29-Jan-2027,99.9814,3.02682
14-Jul-2026,29-Jan-2027,104.328,1.95985
14-Jul-2026,26-Feb-2027,69.5523,21.1649
14-Jul-2026,26-Feb-2027,73.8993,17.7579
14-Jul-2026,26-Feb-2027,78.2463,14.5951
14-Jul-2026,26-Feb-2027,82.5934,11.7138
14-Jul-2026,26-Feb-2027,86.9404,9.1479
14-Jul-2026,26-Feb-2027,91.2874,6.92471
14-Jul-2026,26-Feb-2027,95.6344,5.06127
14-Jul-2026,26-Feb-2027,99.9814,3.56018
14-Jul-2026,26-Feb-2027,104.328,2.4057
14-Jul-2026,31-Mar-2027,69.5523,21.7425
14-Jul-2026,31-Mar-2027,73.8993,18.3989
14-Jul-2026,31-Mar-2027,78.2463,15.2881
14-Jul-2026,31-Mar-2027,82.5934,12.4418
14-Jul-2026,31-Mar-2027,86.9404,9.88865
14-Jul-2026,31-Mar-2027,91.2874,7.65235
14-Jul-2026,31-Mar-2027,95.6344,5.74838
14-Jul-2026,31-Mar-2027,99.9814,4.18103
14-Jul-2026,31-Mar-2027,104.328,2.94011
14-Jul-2026,30-Apr-2027,69.5523,22.245
14-Jul-2026,30-Apr-2027,73.8993,18.9515
14-Jul-2026,30-Apr-2027,78.2463,15.8819
14-Jul-2026,30-Apr-2027,82.5934,13.0636
14-Jul-2026,30-Apr-2027,86.9404,10.522
14-Jul-2026,30-Apr-2027,91.2874,8.27788
14-Jul-2026,30-Apr-2027,95.6344,6.34543
14-Jul-2026,30-Apr-2027,99.9814,4.72962
14-Jul-2026,30-Apr-2027,104.328,3.42354
14-Jul-2026,31-May-2027,69.5523,22.7467
14-Jul-2026,31-May-2027,73.8993,19.4998
14-Jul-2026,31-May-2027,78.2463,16.4682
14-Jul-2026,31-May-2027,82.5934,13.6765
14-Jul-2026,31-May-2027,86.9404,11.1468
14-Jul-2026,31-May-2027,91.2874,8.89767
14-Jul-2026,31-May-2027,95.6344,6.94191
14-Jul-2026,31-May-2027,99.9814,5.28476
14-Jul-2026,31-May-2027,104.328,3.92158
15-Jul-2026,17-Jul-2026,69.419,17.3666
15-Jul-2026,17-Jul-2026,73.7577,13.0286
15-Jul-2026,17-Jul-2026,78.0964,8.69067
15-Jul-2026,17-Jul-2026,82.4351,4.35429
15-Jul-2026,17-Jul-2026,86.7737,0.633795
15-Jul-2026,17-Jul-2026,91.1124,0.00113968
15-Jul-2026,17-Jul-2026,95.4511,1.16121e-09
15-Jul-2026,17-Jul-2026,99.7898,1.46966e-16
15-Jul-2026,24-Jul-2026,69.419,17.4315
15-Jul-2026,24-Jul-2026,73.7577,13.0987
15-Jul-2026,24-Jul-2026,78.0964,8.78914
15-Jul-2026,24-Jul-2026,82.4351,4.71643
15-Jul-2026,24-Jul-2026,86.7737,1.64537
15-Jul-2026,24-Jul-2026,91.1124,0.280481
15-Jul-2026,24-Jul-2026,95.4511,0.0173499
15-Jul-2026,24-Jul-2026,99.7898,0.000303591
15-Jul-2026,24-Jul-2026,104.128,1.3076e-06
15-Jul-2026,31-Jul-2026,69.419,17.4857
15-Jul-2026,31-Jul-2026,73.7577,13.1682
15-Jul-2026,31-Jul-2026,78.0964,8.93699
15-Jul-2026,31-Jul-2026,82.4351,5.07769
15-Jul-2026,31-Jul-2026,86.7737,2.15958
15-Jul-2026,31-Jul-2026,91.1124,0.596881
15-Jul-2026,31-Jul-2026,95.4511,0.0921127
15-Jul-2026,31-Jul-2026,99.7898,0.00693281
15-Jul-2026,31-Jul-2026,104.128,0.000235047
15-Jul-2026,07-Aug-2026,69.419,17.5591
15-Jul-2026,07-Aug-2026,73.7577,13.282
15-Jul-2026,07-Aug-2026,78.0964,9.16489
15-Jul-2026,07-Aug-2026,82.4351,5.48987
15-Jul-2026,07-Aug-2026,86.7737,2.6678
15-Jul-2026,07-Aug-2026,91.1124,0.968235
15-Jul-2026,07-Aug-2026,95.4511,0.239809
15-Jul-2026,07-Aug-2026,99.7898,0.0373141
15-Jul-2026,07-Aug-2026,104.128,0.00347186
15-Jul-2026,14-Aug-2026,69.419,17.6286
15-Jul-2026,14-Aug-2026,73.7577,13.3957
15-Jul-2026,14-Aug-2026,78.0964,9.36714
15-Jul-2026,14-Aug-2026,82.4351,5.80183
15-Jul-2026,14-Aug-2026,86.7737,3.02778
15-Jul-2026,14-Aug-2026,91.1124,1.25339
15-Jul-2026,14-Aug-2026,95.4511,0.385222
15-Jul-2026,14-Aug-2026,99.7898,0.0826799
15-Jul-2026,14-Aug-2026,104.128,0.0119483
15-Jul-2026,31-Aug-2026,69.419,17.8464
15-Jul-2026,31-Aug-2026,73.7577,13.7374
15-Jul-2026,31-Aug-2026,78.0964,9.89571
15-Jul-2026,31-Aug-2026,82.4351,6.51862
15-Jul-2026,31-Aug-2026,86.7737,3.81524
15-Jul-2026,31-Aug-2026,91.1124,1.91723
15-Jul-2026,31-Aug-2026,95.4511,0.796607
15-Jul-2026,31-Aug-2026,99.7898,0.264276
15-Jul-2026,31-Aug-2026,104.128,0.0685953
15-Jul-2026,30-Sep-2026,69.419,18.3422
15-Jul-2026,30-Sep-2026,73.7577,14.4323
15-Jul-2026,30-Sep-2026,78.0964,10.8195
15-Jul-2026,30-Sep-2026,82.4351,7.63068
15-Jul-2026,30-Sep-2026,86.7737,4.98575
15-Jul-2026,30-Sep-2026,91.1124,2.96412
15-Jul-2026,30-Sep-2026,95.4511,1.57235
15-Jul-2026,30-Sep-2026,99.7898,0.731026
15-Jul-2026,30-Sep-2026,104.128,0.294974
15-Jul-2026,30-Oct-2026,69.419,18.8918
15-Jul-2026,30-Oct-2026,73.7577,15.1336
15-Jul-2026,30-Oct-2026,78.0964,11.6689
15-Jul-2026,30-Oct-2026,82.4351,8.5876
15-Jul-2026,30-Oct-2026,86.7737,5.9716
15-Jul-2026,30-Oct-2026,91.1124,3.87822
15-Jul-2026,30-Oct-2026,95.4511,2.32316
15-Jul-2026,30-Oct-2026,99.7898,1.2694
15-Jul-2026,30-Oct-2026,104.128,0.628951
15-Jul-2026,30-Nov-2026,69.419,19.5211
15-Jul-2026,30-Nov-2026,73.7577,15.8925
15-Jul-2026,30-Nov-2026,78.0964,12.5443
15-Jul-2026,30-Nov-2026,82.4351,9.54267
15-Jul-2026,30-Nov-2026,86.7737,6.94714
15-Jul-2026,30-Nov-2026,91.1124,4.80157
15-Jul-2026,30-Nov-2026,95.4511,3.12434
15-Jul-2026,30-Nov-2026,99.7898,1.89992
15-Jul-2026,30-Nov-2026,104.128,1.07554
15-Jul-2026,31-Dec-2026,69.419,20.0922
15-Jul-2026,31-Dec-2026,73.7577,16.5574
15-Jul-2026,31-Dec-2026,78.0964,13.2897
15-Jul-2026,31-Dec-2026,82.4351,10.3416
15-Jul-2026,31-Dec-2026,86.7737,7.76033
15-Jul-2026,31-Dec-2026,91.1124,5.582
15-Jul-2026,31-Dec-2026,95.4511,3.82499
15-Jul-2026,31-Dec-2026,99.7898,2.48358
15-Jul-2026,31-Dec-2026,104.128,1.52364
15-Jul-2026,29-Jan-2027,69.419,20.652
15-Jul-2026,29-Jan-2027,73.7577,17.1949
15-Jul-2026,29-Jan-2027,78.0964,13.9922
15-Jul-2026,29-Jan-2027,82.4351,11.0871
15-Jul-2026,29-Jan-2027,86.7737,8.51837
15-Jul-2026,29-Jan-2027,91.1124,6.3166
15-Jul-2026,29-Jan-2027,95.4511,4.49936
15-Jul-2026,29-Jan-2027,99.7898,3.06619
15-Jul-2026,29-Jan-2027,104.128,1.9946
15-Jul-2026,26-Feb-2027,69.419,21.1606
15-Jul-2026,26-Feb-2027,73.7577,17.7655
15-Jul-2026,26-Feb-2027,78.0964,14.6139
15-Jul-2026,26-Feb-2027,82.4351,11.7426
15-Jul-2026,26-Feb-2027,86.7737,9.18492
15-Jul-2026,26-Feb-2027,91.1124,6.96736
15-Jul-2026,26-Feb-2027,95.4511,5.1064
15-Jul-2026,26-Feb-2027,99.7898,3.60433
15-Jul-2026,26-Feb-2027,104.128,2.44571
15-Jul-2026,31-Mar-2027,69.419,21.7427
15-Jul-2026,31-Mar-2027,73.7577,18.4109
15-Jul-2026,31-Mar-2027,78.0964,15.3113
15-Jul-2026,31-Mar-2027,82.4351,12.4749
15-Jul-2026,31-Mar-2027,86.7737,9.9299
15-Jul-2026,31-Mar-2027,91.1124,7.69927
15-Jul-2026,31-Mar-2027,95.4511,5.79804
15-Jul-2026,31-Mar-2027,99.7898,4.23018
15-Jul-2026,31-Mar-2027,104.128,2.98569
15-Jul-2026,30-Apr-2027,69.419,22.2489
15-Jul-2026,30-Apr-2027,73.7577,18.9673
15-Jul-2026,30-Apr-2027,78.0964,15.9086
15-Jul-2026,30-Apr-2027,82.4351,13.1002
15-Jul-2026,30-Apr-2027,86.7737,10.5667
15-Jul-2026,30-Apr-2027,91.1124,8.32824
15-Jul-2026,30-Apr-2027,95.4511,6.39872
15-Jul-2026,30-Apr-2027,99.7898,4.78279
15-Jul-2026,30-Apr-2027,104.128,3.47363
15-Jul-2026,31-May-2027,69.419,22.7542
15-Jul-2026,31-May-2027,73.7577,19.519
15-Jul-2026,31-May-2027,78.0964,16.4984
15-Jul-2026,31-May-2027,82.4351,13.7164
15-Jul-2026,31-May-2027,86.7737,11.1947
15-Jul-2026,31-May-2027,91.1124,8.95125
15-Jul-2026,31-May-2027,95.4511,6.99859
15-Jul-2026,31-May-2027,99.7898,5.34168
15-Jul-2026,31-May-2027,104.128,3.9759
16-Jul-2026,17-Jul-2026,68.5244,17.1369
16-Jul-2026,17-Jul-2026,72.8071,12.8544
16-Jul-2026,17-Jul-2026,77.0899,8.57203
16-Jul-2026,17-Jul-2026,81.3727,4.28964
16-Jul-2026,17-Jul-2026,85.6555,0.460168
16-Jul-2026,17-Jul-2026,89.9382,1.95176e-05
16-Jul-2026,17-Jul-2026,94.221,3.24424e-15
16-Jul-2026,17-Jul-2026,98.5038,2.37029e-15
16-Jul-2026,24-Jul-2026,68.5244,17.2002
16-Jul-2026,24-Jul-2026,72.8071,12.9227
16-Jul-2026,24-Jul-2026,77.0899,8.66782
16-Jul-2026,24-Jul-2026,81.3727,4.64814
16-Jul-2026,24-Jul-2026,85.6555,1.62404
16-Jul-2026,24-Jul-2026,89.9382,0.281076
16-Jul-2026,24-Jul-2026,94.221,0.0182979
16-Jul-2026,24-Jul-2026,98.5038,0.000357329
16-Jul-2026,24-Jul-2026,102.787,1.82304e-06
16-Jul-2026,31-Jul-2026,68.5244,17.2532
16-Jul-2026,31-Jul-2026,72.8071,12.9919
16-Jul-2026,31-Jul-2026,77.0899,8.82111
16-Jul-2026,31-Jul-2026,81.3727,5.02825
16-Jul-2026,31-Jul-2026,85.6555,2.16605
16-Jul-2026,31-Jul-2026,89.9382,0.620092
16-Jul-2026,31-Jul-2026,94.221,0.103211
16-Jul-2026,31-Jul-2026,98.5038,0.00887211
16-Jul-2026,31-Jul-2026,102.787,0.000364709
16-Jul-2026,07-Aug-2026,68.5244,17.3261
16-Jul-2026,07-Aug-2026,72.8071,13.1091
16-Jul-2026,07-Aug-2026,77.0899,9.05988
16-Jul-2026,07-Aug-2026,81.3727,5.4582
16-Jul-2026,07-Aug-2026,85.6555,2.6945
16-Jul-2026,07-Aug-2026,89.9382,1.01309
16-Jul-2026,07-Aug-2026,94.221,0.268445
16-Jul-2026,07-Aug-2026,98.5038,0.0466837
16-Jul-2026,07-Aug-2026,102.787,0.00508148
16-Jul-2026,14-Aug-2026,68.5244,17.3967
16-Jul-2026,14-Aug-2026,72.8071,13.2273
16-Jul-2026,14-Aug-2026,77.0899,9.27104
16-Jul-2026,14-Aug-2026,81.3727,5.78126
16-Jul-2026,14-Aug-2026,85.6555,3.06607
16-Jul-2026,14-Aug-2026,89.9382,1.31197
16-Jul-2026,14-Aug-2026,94.221,0.428116
16-Jul-2026,14-Aug-2026,98.5038,0.101097
16-Jul-2026,14-Aug-2026,102.787,0.0166822
16-Jul-2026,31-Aug-2026,68.5244,17.6207
16-Jul-2026,31-Aug-2026,72.8071,13.5825
16-Jul-2026,31-Aug-2026,77.0899,9.8185
16-Jul-2026,31-Aug-2026,81.3727,6.51779
16-Jul-2026,31-Aug-2026,85.6555,3.87329
16-Jul-2026,31-Aug-2026,89.9382,2.00071
16-Jul-2026,31-Aug-2026,94.221,0.870189
16-Jul-2026,31-Aug-2026,98.5038,0.309347
16-Jul-2026,31-Aug-2026,102.787,0.0881393
16-Jul-2026,30-Sep-2026,68.5244,18.1312
16-Jul-2026,30-Sep-2026,72.8071,14.2976
16-Jul-2026,30-Sep-2026,77.0899,10.7638
16-Jul-2026,30-Sep-2026,81.3727,7.64898
16-Jul-2026,30-Sep-2026,85.6555,5.06223
16-Jul-2026,30-Sep-2026,89.9382,3.07255
16-Jul-2026,30-Sep-2026,94.221,1.68229
16-Jul-2026,30-Sep-2026,98.5038,0.818298
16-Jul-2026,30-Sep-2026,102.787,0.350235
16-Jul-2026,30-Oct-2026,68.5244,18.6925
16-Jul-2026,30-Oct-2026,72.8071,15.0114
16-Jul-2026,30-Oct-2026,77.0899,11.624
16-Jul-2026,30-Oct-2026,81.3727,8.61384
16-Jul-2026,30-Oct-2026,85.6555,6.05518
16-Jul-2026,30-Oct-2026,89.9382,3.99767
16-Jul-2026,30-Oct-2026,94.221,2.45265
16-Jul-2026,30-Oct-2026,98.5038,1.38497
16-Jul-2026,30-Oct-2026,102.787,0.715638
16-Jul-2026,30-Nov-2026,68.5244,19.33
16-Jul-2026,30-Nov-2026,72.8071,15.7773
16-Jul-2026,30-Nov-2026,77.0899,12.5036
16-Jul-2026,30-Nov-2026,81.3727,9.57027
16-Jul-2026,30-Nov-2026,85.6555,7.03096
16-Jul-2026,30-Nov-2026,89.9382,4.92385
16-Jul-2026,30-Nov-2026,94.221,3.26333
16-Jul-2026,30-Nov-2026,98.5038,2.03376
16-Jul-2026,30-Nov-2026,102.787,1.18732
16-Jul-2026,31-Dec-2026,68.5244,19.9045
16-Jul-2026,31-Dec-2026,72.8071,16.4439
16-Jul-2026,31-Dec-2026,77.0899,13.2481
16-Jul-2026,31-Dec-2026,81.3727,10.3658
16-Jul-2026,31-Dec-2026,85.6555,7.83962
16-Jul-2026,31-Dec-2026,89.9382,5.70103
16-Jul-2026,31-Dec-2026,94.221,3.96501
16-Jul-2026,31-Dec-2026,98.5038,2.62495
16-Jul-2026,31-Dec-2026,102.787,1.64959
16-Jul-2026,29-Jan-2027,68.5244,20.4648
16-Jul-2026,29-Jan-2027,72.8071,17.0798
16-Jul-2026,29-Jan-2027,77.0899,13.9465
16-Jul-2026,29-Jan-2027,81.3727,11.1048
16-Jul-2026,29-Jan-2027,85.6555,8.58984
16-Jul-2026,29-Jan-2027,89.9382,6.42843
16-Jul-2026,29-Jan-2027,94.221,4.63521
16-Jul-2026,29-Jan-2027,98.5038,3.20862
16-Jul-2026,29-Jan-2027,102.787,2.12776
16-Jul-2026,26-Feb-2027,68.5244,20.9717
16-Jul-2026,26-Feb-2027,72.8071,17.6465
16-Jul-2026,26-Feb-2027,77.0899,14.562
16-Jul-2026,26-Feb-2027,81.3727,11.7521
16-Jul-2026,26-Feb-2027,85.6555,9.24688
16-Jul-2026,26-Feb-2027,89.9382,7.06983
16-Jul-2026,26-Feb-2027,94.221,5.23493
16-Jul-2026,26-Feb-2027,98.5038,3.74333
16-Jul-2026,26-Feb-2027,102.787,2.58049
16-Jul-2026,31-Mar-2027,68.5244,21.5494
16-Jul-2026,31-Mar-2027,72.8071,18.2853
16-Jul-2026,31-Mar-2027,77.0899,15.25
16-Jul-2026,31-Mar-2027,81.3727,12.4726
16-Jul-2026,31-Mar-2027,85.6555,9.97854
16-Jul-2026,31-Mar-2027,89.9382,7.78827
16-Jul-2026,31-Mar-2027,94.221,5.9148
16-Jul-2026,31-Mar-2027,98.5038,4.36102
16-Jul-2026,31-Mar-2027,102.787,3.11738
16-Jul-2026,30-Apr-2027,68.5244,22.0501
16-Jul-2026,30-Apr-2027,72.8071,18.8339
16-Jul-2026,30-Apr-2027,77.0899,15.8375
16-Jul-2026,30-Apr-2027,81.3727,13.086
16-Jul-2026,30-Apr-2027,85.6555,10.6019
16-Jul-2026,30-Apr-2027,89.9382,8.40347
16-Jul-2026,30-Apr-2027,94.221,6.50274
16-Jul-2026,30-Apr-2027,98.5038,4.90344
16-Jul-2026,30-Apr-2027,102.787,3.59894
16-Jul-2026,31-May-2027,68.5244,22.5484
16-Jul-2026,31-May-2027,72.8071,19.3765
16-Jul-2026,31-May-2027,77.0899,16.4158
16-Jul-2026,31-May-2027,81.3727,13.6887
16-Jul-2026,31-May-2027,85.6555,11.215
16-Jul-2026,31-May-2027,89.9382,9.0111
16-Jul-2026,31-May-2027,94.221,7.08795
16-Jul-2026,31-May-2027,98.5038,5.44972
16-Jul-2026,31-May-2027,102.787,4.09188
17-Jul-2026,24-Jul-2026,68.0665,17.079
17-Jul-2026,24-Jul-2026,72.3207,12.8294
17-Jul-2026,24-Jul-2026,76.5748,8.59865
17-Jul-2026,24-Jul-2026,80.829,4.58797
17-Jul-2026,24-Jul-2026,85.0832,1.57048
17-Jul-2026,24-Jul-2026,89.3373,0.258273
17-Jul-2026,24-Jul-2026,93.5915,0.015351
17-Jul-2026,24-Jul-2026,97.8456,0.000262104
17-Jul-2026,24-Jul-2026,102.1,1.11343e-06
17-Jul-2026,31-Jul-2026,68.0665,17.131
17-Jul-2026,31-Jul-2026,72.3207,12.8965
17-Jul-2026,31-Jul-2026,76.5748,8.74801
17-Jul-2026,31-Jul-2026,80.829,4.97146
17-Jul-2026,31-Jul-2026,85.0832,2.12615
17-Jul-2026,31-Jul-2026,89.3373,0.600866
17-Jul-2026,31-Jul-2026,93.5915,0.0981934
17-Jul-2026,31-Jul-2026,97.8456,0.00824913
17-Jul-2026,31-Jul-2026,102.1,0.000329204
17-Jul-2026,07-Aug-2026,68.0665,17.2022
17-Jul-2026,07-Aug-2026,72.3207,13.0104
17-Jul-2026,07-Aug-2026,76.5748,8.98262
17-Jul-2026,07-Aug-2026,80.829,5.39923
17-Jul-2026,07-Aug-2026,85.0832,2.654
17-Jul-2026,07-Aug-2026,89.3373,0.991347
17-Jul-2026,07-Aug-2026,93.5915,0.260441
17-Jul-2026,07-Aug-2026,97.8456,0.0448197
17-Jul-2026,07-Aug-2026,102.1,0.00481054
17-Jul-2026,14-Aug-2026,68.0665,17.2707
17-Jul-2026,14-Aug-2026,72.3207,13.125
17-Jul-2026,14-Aug-2026,76.5748,9.18843
17-Jul-2026,14-Aug-2026,80.829,5.71583
17-Jul-2026,14-Aug-2026,85.0832,3.01835
17-Jul-2026,14-Aug-2026,89.3373,1.28298
17-Jul-2026,14-Aug-2026,93.5915,0.414763
17-Jul-2026,14-Aug-2026,97.8456,0.0967194
17-Jul-2026,14-Aug-2026,102.1,0.0156823
17-Jul-2026,21-Aug-2026,68.0665,17.3486
17-Jul-2026,21-Aug-2026,72.3207,13.2521
17-Jul-2026,21-Aug-2026,76.5748,9.39587
17-Jul-2026,21-Aug-2026,80.829,6.00778
17-Jul-2026,21-Aug-2026,85.0832,3.34291
17-Jul-2026,21-Aug-2026,89.3373,1.55309
17-Jul-2026,21-Aug-2026,93.5915,0.576245
17-Jul-2026,21-Aug-2026,97.8456,0.163743
17-Jul-2026,21-Aug-2026,102.1,0.034616
17-Jul-2026,31-Aug-2026,68.0665,17.4852
17-Jul-2026,31-Aug-2026,72.3207,13.4641
17-Jul-2026,31-Aug-2026,76.5748,9.71264
17-Jul-2026,31-Aug-2026,80.829,6.42266
17-Jul-2026,31-Aug-2026,85.0832,3.79176
17-Jul-2026,31-Aug-2026,89.3373,1.93829
17-Jul-2026,31-Aug-2026,93.5915,0.829946
17-Jul-2026,31-Aug-2026,97.8456,0.288469
17-Jul-2026,31-Aug-2026,102.1,0.0796618
17-Jul-2026,30-Sep-2026,68.0665,17.9586
17-Jul-2026,30-Sep-2026,72.3207,14.1257
17-Jul-2026,30-Sep-2026,76.5748,10.5877
17-Jul-2026,30-Sep-2026,80.829,7.46924
17-Jul-2026,30-Sep-2026,85.0832,4.88672
17-Jul-2026,30-Sep-2026,89.3373,2.91454
17-Jul-2026,30-Sep-2026,93.5915,1.5553
17-Jul-2026,30-Sep-2026,97.8456,0.729636
17-Jul-2026,30-Sep-2026,102.1,0.2975
17-Jul-2026,30-Oct-2026,68.0665,18.4606
17-Jul-2026,30-Oct-2026,72.3207,14.7624
17-Jul-2026,30-Oct-2026,76.5748,11.354
17-Jul-2026,30-Oct-2026,80.829,8.32616
17-Jul-2026,30-Oct-2026,85.0832,5.76174
17-Jul-2026,30-Oct-2026,89.3373,3.71759
17-Jul-2026,30-Oct-2026,93.5915,2.20756
17-Jul-2026,30-Oct-2026,97.8456,1.19197
17-Jul-2026,30-Oct-2026,102.1,0.580857
17-Jul-2026,30-Nov-2026,68.0665,19.0126
17-Jul-2026,30-Nov-2026,72.3207,15.4235
17-Jul-2026,30-Nov-2026,76.5748,12.1111
17-Jul-2026,30-Nov-2026,80.829,9.14508
17-Jul-2026,30-Nov-2026,85.0832,6.58867
17-Jul-2026,30-Nov-2026,89.3373,4.4885
17-Jul-2026,30-Nov-2026,93.5915,2.86351
17-Jul-2026,30-Nov-2026,97.8456,1.69574
17-Jul-2026,30-Nov-2026,102.1,0.927199
17-Jul-2026,31-Dec-2026,68.0665,19.4964
17-Jul-2026,31-Dec-2026,72.3207,15.9826
17-Jul-2026,31-Dec-2026,76.5748,12.733
17-Jul-2026,31-Dec-2026,80.829,9.805
17-Jul-2026,31-Dec-2026,85.0832,7.25142
17-Jul-2026,31-Dec-2026,89.3373,5.11304
17-Jul-2026,31-Dec-2026,93.5915,3.41074
17-Jul-2026,31-Dec-2026,97.8456,2.13744
17-Jul-2026,31-Dec-2026,102.1,1.25309
17-Jul-2026,29-Jan-2027,68.0665,19.9575
17-Jul-2026,29-Jan-2027,72.3207,16.5036
17-Jul-2026,29-Jan-2027,76.5748,13.3022
17-Jul-2026,29-Jan-2027,80.829,10.4025
17-Jul-2026,29-Jan-2027,85.0832,7.85014
17-Jul-2026,29-Jan-2027,89.3373,5.68184
17-Jul-2026,29-Jan-2027,93.5915,3.91916
17-Jul-2026,29-Jan-2027,97.8456,2.56151
17-Jul-2026,29-Jan-2027,102.1,1.58079
17-Jul-2026,26-Feb-2027,68.0665,20.3667
17-Jul-2026,26-Feb-2027,72.3207,16.9589
17-Jul-2026,26-Feb-2027,76.5748,13.7938
17-Jul-2026,26-Feb-2027,80.829,10.915
17-Jul-2026,26-Feb-2027,85.0832,8.36344
17-Jul-2026,26-Feb-2027,89.3373,6.1728
17-Jul-2026,26-Feb-2027,93.5915,4.36464
17-Jul-2026,26-Feb-2027,97.8456,2.94218
17-Jul-2026,26-Feb-2027,102.1,1.88502
17-Jul-2026,31-Mar-2027,68.0665,20.8251
17-Jul-2026,31-Mar-2027,72.3207,17.4631
17-Jul-2026,31-Mar-2027,76.5748,14.3336
17-Jul-2026,31-Mar-2027,80.829,11.4753
17-Jul-2026,31-Mar-2027,85.0832,8.92482
17-Jul-2026,31-Mar-2027,89.3373,6.71312
17-Jul-2026,31-Mar-2027,93.5915,4.86125
17-Jul-2026,31-Mar-2027,97.8456,3.37514
17-Jul-2026,31-Mar-2027,102.1,2.24079
17-Jul-2026,30-Apr-2027,68.0665,21.2165
17-Jul-2026,30-Apr-2027,72.3207,17.8897
17-Jul-2026,30-Apr-2027,76.5748,14.7874
17-Jul-2026,30-Apr-2027,80.829,11.9451
17-Jul-2026,30-Apr-2027,85.0832,9.3961
17-Jul-2026,30-Apr-2027,89.3373,7.16938
17-Jul-2026,30-Apr-2027,93.5915,5.28525
17-Jul-2026,30-Apr-2027,97.8456,3.7511
17-Jul-2026,30-Apr-2027,102.1,2.55697
17-Jul-2026,31-May-2027,68.0665,21.6014
17-Jul-2026,31-May-2027,72.3207,18.3066
17-Jul-2026,31-May-2027,76.5748,15.2291
17-Jul-2026,31-May-2027,80.829,12.4015
17-Jul-2026,31-May-2027,85.0832,9.85468
17-Jul-2026,31-May-2027,89.3373,7.61555
17-Jul-2026,31-May-2027,93.5915,5.70362
17-Jul-2026,31-May-2027,97.8456,4.1271
17-Jul-2026,31-May-2027,102.1,2.87907
20-Jul-2026,24-Jul-2026,66.3191,16.6024
20-Jul-2026,24-Jul-2026,70.464,12.4589
20-Jul-2026,24-Jul-2026,74.6089,8.31552
20-Jul-2026,24-Jul-2026,78.7539,4.21262
20-Jul-2026,24-Jul-2026,82.8988,0.967015
20-Jul-2026,24-Jul-2026,87.0438,0.0391466
20-Jul-2026,24-Jul-2026,91.1887,0.000120921
20-Jul-2026,24-Jul-2026,95.3336,1.69707e-08
20-Jul-2026,24-Jul-2026,99.4786,7.80751e-14
20-Jul-2026,31-Jul-2026,66.3191,16.6648
20-Jul-2026,31-Jul-2026,70.464,12.5306
20-Jul-2026,31-Jul-2026,74.6089,8.45341
20-Jul-2026,31-Jul-2026,78.7539,4.70029
20-Jul-2026,31-Jul-2026,82.8988,1.89027
20-Jul-2026,31-Jul-2026,87.0438,0.470482
20-Jul-2026,31-Jul-2026,91.1887,0.0623314
20-Jul-2026,31-Jul-2026,95.3336,0.00387615
20-Jul-2026,31-Jul-2026,99.4786,0.000103729
20-Jul-2026,07-Aug-2026,66.3191,16.7198
20-Jul-2026,07-Aug-2026,70.464,12.6151
20-Jul-2026,07-Aug-2026,74.6089,8.64404
20-Jul-2026,07-Aug-2026,78.7539,5.09324
20-Jul-2026,07-Aug-2026,82.8988,2.40068
20-Jul-2026,07-Aug-2026,87.0438,0.833916
20-Jul-2026,07-Aug-2026,91.1887,0.196694
20-Jul-2026,07-Aug-2026,95.3336,0.0292958
20-Jul-2026,07-Aug-2026,99.4786,0.00261323
20-Jul-2026,14-Aug-2026,66.3191,16.8004
20-Jul-2026,14-Aug-2026,70.464,12.7535
20-Jul-2026,14-Aug-2026,74.6089,8.90952
20-Jul-2026,14-Aug-2026,78.7539,5.52457
20-Jul-2026,14-Aug-2026,82.8988,2.90863
20-Jul-2026,14-Aug-2026,87.0438,1.23751
20-Jul-2026,14-Aug-2026,91.1887,0.404544
20-Jul-2026,14-Aug-2026,95.3336,0.0970189
20-Jul-2026,14-Aug-2026,99.4786,0.0164877
20-Jul-2026,21-Aug-2026,66.3191,16.8791
20-Jul-2026,21-Aug-2026,70.464,12.8863
20-Jul-2026,21-Aug-2026,74.6089,9.13267
20-Jul-2026,21-Aug-2026,78.7539,5.84438
20-Jul-2026,21-Aug-2026,82.8988,3.26749
20-Jul-2026,21-Aug-2026,87.0438,1.5386
20-Jul-2026,21-Aug-2026,91.1887,0.58761
20-Jul-2026,21-Aug-2026,95.3336,0.175737
20-Jul-2026,21-Aug-2026,99.4786,0.0400781
20-Jul-2026,31-Aug-2026,66.3191,17.021
20-Jul-2026,31-Aug-2026,70.464,13.1119
20-Jul-2026,31-Aug-2026,74.6089,9.47495
20-Jul-2026,31-Aug-2026,78.7539,6.29634
20-Jul-2026,31-Aug-2026,82.8988,3.75952
20-Jul-2026,31-Aug-2026,87.0438,1.96596
20-Jul-2026,31-Aug-2026,91.1887,0.876655
20-Jul-2026,31-Aug-2026,95.3336,0.325082
20-Jul-2026,31-Aug-2026,99.4786,0.098349
20-Jul-2026,30-Sep-2026,66.3191,17.5265
20-Jul-2026,30-Sep-2026,70.464,13.8251
20-Jul-2026,30-Sep-2026,74.6089,10.4216
20-Jul-2026,30-Sep-2026,78.7539,7.43043
20-Jul-2026,30-Sep-2026,82.8988,4.95221
20-Jul-2026,30-Sep-2026,87.0438,3.04539
20-Jul-2026,30-Sep-2026,91.1887,1.70458
20-Jul-2026,30-Sep-2026,95.3336,0.85726
20-Jul-2026,30-Sep-2026,99.4786,0.383622
20-Jul-2026,30-Oct-2026,66.3191,18.0689
20-Jul-2026,30-Oct-2026,70.464,14.5147
20-Jul-2026,30-Oct-2026,74.6089,11.2515
20-Jul-2026,30-Oct-2026,78.7539,8.3594
20-Jul-2026,30-Oct-2026,82.8988,5.90688
20-Jul-2026,30-Oct-2026,87.0438,3.93608
20-Jul-2026,30-Oct-2026,91.1887,2.45149
20-Jul-2026,30-Oct-2026,95.3336,1.41524
20-Jul-2026,30-Oct-2026,99.4786,0.7526
20-Jul-2026,30-Nov-2026,66.3191,18.6679
20-Jul-2026,30-Nov-2026,70.464,15.2328
20-Jul-2026,30-Nov-2026,74.6089,12.0742
20-Jul-2026,30-Nov-2026,78.7539,9.25158
20-Jul-2026,30-Nov-2026,82.8988,6.81498
20-Jul-2026,30-Nov-2026,87.0438,4.79731
20-Jul-2026,30-Nov-2026,91.1887,3.20711
20-Jul-2026,30-Nov-2026,95.3336,2.02443
20-Jul-2026,30-Nov-2026,99.4786,1.20146
20-Jul-2026,31-Dec-2026,66.3191,19.1944
20-Jul-2026,31-Dec-2026,70.464,15.8423
20-Jul-2026,31-Dec-2026,74.6089,12.7532
20-Jul-2026,31-Dec-2026,78.7539,9.97506
20-Jul-2026,31-Dec-2026,82.8988,7.54827
20-Jul-2026,31-Dec-2026,87.0438,5.50044
20-Jul-2026,31-Dec-2026,91.1887,3.8415
20-Jul-2026,31-Dec-2026,95.3336,2.56007
20-Jul-2026,31-Dec-2026,99.4786,1.62274
20-Jul-2026,29-Jan-2027,66.3191,19.6978
20-Jul-2026,29-Jan-2027,70.464,16.4123
20-Jul-2026,29-Jan-2027,74.6089,13.3777
20-Jul-2026,29-Jan-2027,78.7539,10.6341
20-Jul-2026,29-Jan-2027,82.8988,8.2152
20-Jul-2026,29-Jan-2027,87.0438,6.14507
20-Jul-2026,29-Jan-2027,91.1887,4.43395
20-Jul-2026,29-Jan-2027,95.3336,3.0755
20-Jul-2026,29-Jan-2027,99.4786,2.04547
20-Jul-2026,26-Feb-2027,66.3191,20.1458
20-Jul-2026,26-Feb-2027,70.464,16.9122
20-Jul-2026,26-Feb-2027,74.6089,13.9195
20-Jul-2026,26-Feb-2027,78.7539,11.2024
20-Jul-2026,26-Feb-2027,82.8988,8.79025
20-Jul-2026,26-Feb-2027,87.0438,6.70442
20-Jul-2026,26-Feb-2027,91.1887,4.95508
20-Jul-2026,26-Feb-2027,95.3336,3.53875
20-Jul-2026,26-Feb-2027,99.4786,2.43695
20-Jul-2026,31-Mar-2027,66.3191,20.6283
20-Jul-2026,31-Mar-2027,70.464,17.4449
20-Jul-2026,31-Mar-2027,74.6089,14.4924
20-Jul-2026,31-Mar-2027,78.7539,11.8009
20-Jul-2026,31-Mar-2027,82.8988,9.39617
20-Jul-2026,31-Mar-2027,87.0438,7.29707
20-Jul-2026,31-Mar-2027,91.1887,5.51338
20-Jul-2026,31-Mar-2027,95.3336,4.04365
20-Jul-2026,31-Mar-2027,99.4786,2.87387
20-Jul-2026,30-Apr-2027,66.3191,21.0602
20-Jul-2026,30-Apr-2027,70.464,17.9177
20-Jul-2026,30-Apr-2027,74.6089,14.998
20-Jul-2026,30-Apr-2027,78.7539,12.3278
20-Jul-2026,30-Apr-2027,82.8988,9.93009
20-Jul-2026,30-Apr-2027,87.0438,7.82187
20-Jul-2026,30-Apr-2027,91.1887,6.01242
20-Jul-2026,30-Apr-2027,95.3336,4.5014
20-Jul-2026,30-Apr-2027,99.4786,3.27776
20-Jul-2026,31-May-2027,66.3191,21.4859
20-Jul-2026,31-May-2027,70.464,18.381
20-Jul-2026,31-May-2027,74.6089,15.4914
20-Jul-2026,31-May-2027,78.7539,12.8411
20-Jul-2026,31-May-2027,82.8988,10.4508
20-Jul-2026,31-May-2027,87.0438,8.33587
20-Jul-2026,31-May-2027,91.1887,6.50491
20-Jul-2026,31-May-2027,95.3336,4.95833
20-Jul-2026,31-May-2027,99.4786,3.68722
21-Jul-2026,24-Jul-2026,66.7792,16.7117
21-Jul-2026,24-Jul-2026,70.9529,12.539
21-Jul-2026,24-Jul-2026,75.1266,8.36638
21-Jul-2026,24-Jul-2026,79.3003,4.21025
21-Jul-2026,24-Jul-2026,83.474,0.829436
21-Jul-2026,24-Jul-2026,87.6478,0.0152504
21-Jul-2026,24-Jul-2026,91.8215,7.29647e-06
21-Jul-2026,24-Jul-2026,95.9952,4.37924e-11
21-Jul-2026,31-Jul-2026,66.7792,16.7735
21-Jul-2026,31-Jul-2026,70.9529,12.6082
21-Jul-2026,31-Jul-2026,75.1266,8.48867
21-Jul-2026,31-Jul-2026,79.3003,4.67009
21-Jul-2026,31-Jul-2026,83.474,1.81114
21-Jul-2026,31-Jul-2026,87.6478,0.413274
21-Jul-2026,31-Jul-2026,91.8215,0.0465458
21-Jul-2026,31-Jul-2026,95.9952,0.00223672
21-Jul-2026,31-Jul-2026,100.169,4.15564e-05
21-Jul-2026,07-Aug-2026,66.7792,16.827
21-Jul-2026,07-Aug-2026,70.9529,12.6873
21-Jul-2026,07-Aug-2026,75.1266,8.66924
21-Jul-2026,07-Aug-2026,79.3003,5.06182
21-Jul-2026,07-Aug-2026,83.474,2.33191
21-Jul-2026,07-Aug-2026,87.6478,0.773224
21-Jul-2026,07-Aug-2026,91.8215,0.168262
21-Jul-2026,07-Aug-2026,95.9952,0.0221426
21-Jul-2026,07-Aug-2026,100.169,0.00166184
21-Jul-2026,14-Aug-2026,66.7792,16.9045
21-Jul-2026,14-Aug-2026,70.9529,12.8191
21-Jul-2026,14-Aug-2026,75.1266,8.92772
21-Jul-2026,14-Aug-2026,79.3003,5.4935
21-Jul-2026,14-Aug-2026,83.474,2.84586
21-Jul-2026,14-Aug-2026,87.6478,1.17543
21-Jul-2026,14-Aug-2026,91.8215,0.366028
21-Jul-2026,14-Aug-2026,95.9952,0.0816388
21-Jul-2026,14-Aug-2026,100.169,0.0125579
21-Jul-2026,21-Aug-2026,66.7792,16.9802
21-Jul-2026,21-Aug-2026,70.9529,12.9474
21-Jul-2026,21-Aug-2026,75.1266,9.14739
21-Jul-2026,21-Aug-2026,79.3003,5.81386
21-Jul-2026,21-Aug-2026,83.474,3.20765
21-Jul-2026,21-Aug-2026,87.6478,1.47605
21-Jul-2026,21-Aug-2026,91.8215,0.543489
21-Jul-2026,21-Aug-2026,95.9952,0.15406
21-Jul-2026,21-Aug-2026,100.169,0.0326671
21-Jul-2026,31-Aug-2026,66.7792,17.1176
21-Jul-2026,31-Aug-2026,70.9529,13.1676
21-Jul-2026,31-Aug-2026,75.1266,9.48634
21-Jul-2026,31-Aug-2026,79.3003,6.26674
21-Jul-2026,31-Aug-2026,83.474,3.70276
21-Jul-2026,31-Aug-2026,87.6478,1.90318
21-Jul-2026,31-Aug-2026,91.8215,0.826541
21-Jul-2026,31-Aug-2026,95.9952,0.295112
21-Jul-2026,31-Aug-2026,100.169,0.0848683
21-Jul-2026,30-Sep-2026,66.7792,17.6133
21-Jul-2026,30-Sep-2026,70.9529,13.8723
21-Jul-2026,30-Sep-2026,75.1266,10.4296
21-Jul-2026,30-Sep-2026,79.3003,7.40413
21-Jul-2026,30-Sep-2026,83.474,4.90156
21-Jul-2026,30-Sep-2026,87.6478,2.984
21-Jul-2026,30-Sep-2026,91.8215,1.64623
21-Jul-2026,30-Sep-2026,95.9952,0.811673
21-Jul-2026,30-Sep-2026,100.169,0.354007
21-Jul-2026,30-Oct-2026,66.7792,18.1507
21-Jul-2026,30-Oct-2026,70.9529,14.5592
21-Jul-2026,30-Oct-2026,75.1266,11.2603
21-Jul-2026,30-Oct-2026,79.3003,8.33734
21-Jul-2026,30-Oct-2026,83.474,5.86179
21-Jul-2026,30-Oct-2026,87.6478,3.87823
21-Jul-2026,30-Oct-2026,91.8215,2.39179
21-Jul-2026,30-Oct-2026,95.9952,1.36281
21-Jul-2026,30-Oct-2026,100.169,0.712787
21-Jul-2026,30-Nov-2026,66.7792,18.7476
21-Jul-2026,30-Nov-2026,70.9529,15.2776
21-Jul-2026,30-Nov-2026,75.1266,12.0863
21-Jul-2026,30-Nov-2026,79.3003,9.23529
21-Jul-2026,30-Nov-2026,83.474,6.77674
21-Jul-2026,30-Nov-2026,87.6478,4.74522
21-Jul-2026,30-Nov-2026,91.8215,3.14995
21-Jul-2026,30-Nov-2026,95.9952,1.97024
21-Jul-2026,30-Nov-2026,100.169,1.15607
21-Jul-2026,31-Dec-2026,66.7792,19.2744
21-Jul-2026,31-Dec-2026,70.9529,15.8892
21-Jul-2026,31-Dec-2026,75.1266,12.7696
21-Jul-2026,31-Dec-2026,79.3003,9.9648
21-Jul-2026,31-Dec-2026,83.474,7.51692
21-Jul-2026,31-Dec-2026,87.6478,5.4548
21-Jul-2026,31-Dec-2026,91.8215,3.78896
21-Jul-2026,31-Dec-2026,95.9952,2.5077
21-Jul-2026,31-Dec-2026,100.169,1.57614
21-Jul-2026,29-Jan-2027,66.7792,19.7792
21-Jul-2026,29-Jan-2027,70.9529,16.4625
21-Jul-2026,29-Jan-2027,75.1266,13.3991
21-Jul-2026,29-Jan-2027,79.3003,10.6304
21-Jul-2026,29-Jan-2027,83.474,8.19126
21-Jul-2026,29-Jan-2027,87.6478,6.10669
21-Jul-2026,29-Jan-2027,91.8215,4.38746
21-Jul-2026,29-Jan-2027,95.9952,3.02708
21-Jul-2026,29-Jan-2027,100.169,2.00032
21-Jul-2026,26-Feb-2027,66.7792,20.2295
21-Jul-2026,26-Feb-2027,70.9529,16.9662
21-Jul-2026,26-Feb-2027,75.1266,13.9462
21-Jul-2026,26-Feb-2027,79.3003,11.2052
21-Jul-2026,26-Feb-2027,83.474,8.77351
21-Jul-2026,26-Feb-2027,87.6478,6.67329
21-Jul-2026,26-Feb-2027,91.8215,4.9151
21-Jul-2026,26-Feb-2027,95.9952,3.49536
21-Jul-2026,26-Feb-2027,100.169,2.3949
21-Jul-2026,31-Mar-2027,66.7792,20.7153
21-Jul-2026,31-Mar-2027,70.9529,17.5036
21-Jul-2026,31-Mar-2027,75.1266,14.5253
21-Jul-2026,31-Mar-2027,79.3003,11.8112
21-Jul-2026,31-Mar-2027,83.474,9.3878
21-Jul-2026,31-Mar-2027,87.6478,7.27448
21-Jul-2026,31-Mar-2027,91.8215,5.48139
21-Jul-2026,31-Mar-2027,95.9952,4.00699
21-Jul-2026,31-Mar-2027,100.169,2.83676
21-Jul-2026,30-Apr-2027,66.7792,21.1508
21-Jul-2026,30-Apr-2027,70.9529,17.9814
21-Jul-2026,30-Apr-2027,75.1266,15.0371
21-Jul-2026,30-Apr-2027,79.3003,12.3454
21-Jul-2026,30-Apr-2027,83.474,9.92967
21-Jul-2026,30-Apr-2027,87.6478,7.80749
21-Jul-2026,30-Apr-2027,91.8215,5.9883
21-Jul-2026,30-Apr-2027,95.9952,4.47172
21-Jul-2026,30-Apr-2027,100.169,3.24628
21-Jul-2026,31-May-2027,66.7792,21.5805
21-Jul-2026,31-May-2027,70.9529,18.4499
21-Jul-2026,31-May-2027,75.1266,15.5369
21-Jul-2026,31-May-2027,79.3003,12.8662
21-Jul-2026,31-May-2027,83.474,10.4586
21-Jul-2026,31-May-2027,87.6478,8.32999
21-Jul-2026,31-May-2027,91.8215,6.48911
21-Jul-2026,31-May-2027,95.9952,4.93626
21-Jul-2026,31-May-2027,100.169,3.66224
22-Jul-2026,24-Jul-2026,69.2908,17.3346
22-Jul-2026,24-Jul-2026,73.6215,13.0047
22-Jul-2026,24-Jul-2026,77.9522,8.67478
22-Jul-2026,24-Jul-2026,82.2828,4.34656
22-Jul-2026,24-Jul-2026,86.6135,0.638565
22-Jul-2026,24-Jul-2026,90.9442,0.00126471
22-Jul-2026,24-Jul-2026,95.2749,1.71623e-09
22-Jul-2026,31-Jul-2026,69.2908,17.4003
22-Jul-2026,31-Jul-2026,73.6215,13.0755
22-Jul-2026,31-Jul-2026,77.9522,8.77482
22-Jul-2026,31-Jul-2026,82.2828,4.71384
22-Jul-2026,31-Jul-2026,86.6135,1.65321
22-Jul-2026,31-Jul-2026,90.9442,0.286474
22-Jul-2026,31-Jul-2026,95.2749,0.0183792
22-Jul-2026,31-Jul-2026,99.6055,0.000342884
22-Jul-2026,31-Jul-2026,103.936,1.61869e-06
22-Jul-2026,07-Aug-2026,69.2908,17.455
22-Jul-2026,07-Aug-2026,73.6215,13.1458
22-Jul-2026,07-Aug-2026,77.9522,8.92378
22-Jul-2026,07-Aug-2026,82.2828,5.07494
22-Jul-2026,07-Aug-2026,86.6135,2.16516
22-Jul-2026,07-Aug-2026,90.9442,0.603265
22-Jul-2026,07-Aug-2026,95.2749,0.094667
22-Jul-2026,07-Aug-2026,99.6055,0.00733029
22-Jul-2026,07-Aug-2026,103.936,0.000258457
22-Jul-2026,14-Aug-2026,69.2908,17.5289
22-Jul-2026,14-Aug-2026,73.6215,13.2598
22-Jul-2026,14-Aug-2026,77.9522,9.15067
22-Jul-2026,14-Aug-2026,82.2828,5.48344
22-Jul-2026,14-Aug-2026,86.6135,2.66784
22-Jul-2026,14-Aug-2026,90.9442,0.971215
22-Jul-2026,14-Aug-2026,95.2749,0.242105
22-Jul-2026,14-Aug-2026,99.6055,0.0380833
22-Jul-2026,14-Aug-2026,103.936,0.00359317
22-Jul-2026,21-Aug-2026,69.2908,17.5985
22-Jul-2026,21-Aug-2026,73.6215,13.3726
22-Jul-2026,21-Aug-2026,77.9522,9.35022
22-Jul-2026,21-Aug-2026,82.2828,5.79046
22-Jul-2026,21-Aug-2026,86.6135,3.02165
22-Jul-2026,21-Aug-2026,90.9442,1.25145
22-Jul-2026,21-Aug-2026,95.2749,0.385281
22-Jul-2026,21-Aug-2026,99.6055,0.0829561
22-Jul-2026,21-Aug-2026,103.936,0.0120258
22-Jul-2026,31-Aug-2026,69.2908,17.7235
22-Jul-2026,31-Aug-2026,73.6215,13.5706
22-Jul-2026,31-Aug-2026,77.9522,9.66536
22-Jul-2026,31-Aug-2026,82.2828,6.22841
22-Jul-2026,31-Aug-2026,86.6135,3.50681
22-Jul-2026,31-Aug-2026,90.9442,1.65491
22-Jul-2026,31-Aug-2026,95.2749,0.625355
22-Jul-2026,31-Aug-2026,99.6055,0.181294
22-Jul-2026,31-Aug-2026,103.936,0.0392639
22-Jul-2026,30-Sep-2026,69.2908,18.1826
22-Jul-2026,30-Sep-2026,73.6215,14.2293
22-Jul-2026,30-Sep-2026,77.9522,10.5692
22-Jul-2026,30-Sep-2026,82.2828,7.34396
22-Jul-2026,30-Sep-2026,86.6135,4.6902
22-Jul-2026,30-Sep-2026,90.9442,2.6968
22-Jul-2026,30-Sep-2026,95.2749,1.36483
22-Jul-2026,30-Sep-2026,99.6055,0.595292
22-Jul-2026,30-Sep-2026,103.936,0.220911
22-Jul-2026,30-Oct-2026,69.2908,18.6955
22-Jul-2026,30-Oct-2026,73.6215,14.8934
22-Jul-2026,30-Oct-2026,77.9522,11.3859
22-Jul-2026,30-Oct-2026,82.2828,8.27379
22-Jul-2026,30-Oct-2026,86.6135,5.64997
22-Jul-2026,30-Oct-2026,90.9442,3.57807
22-Jul-2026,30-Oct-2026,95.2749,2.07163
22-Jul-2026,30-Oct-2026,99.6055,1.08225
22-Jul-2026,30-Oct-2026,103.936,0.506069
22-Jul-2026,30-Nov-2026,69.2908,19.2785
22-Jul-2026,30-Nov-2026,73.6215,15.603
22-Jul-2026,30-Nov-2026,77.9522,12.2119
22-Jul-2026,30-Nov-2026,82.2828,9.18027
22-Jul-2026,30-Nov-2026,86.6135,6.57595
22-Jul-2026,30-Nov-2026,90.9442,4.44785
22-Jul-2026,30-Nov-2026,95.2749,2.8135
22-Jul-2026,30-Nov-2026,99.6055,1.64983
22-Jul-2026,30-Nov-2026,103.936,0.891941
22-Jul-2026,31-Dec-2026,69.2908,19.8018
22-Jul-2026,31-Dec-2026,73.6215,16.2165
22-Jul-2026,31-Dec-2026,77.9522,12.9041
22-Jul-2026,31-Dec-2026,82.2828,9.92505
22-Jul-2026,31-Dec-2026,86.6135,7.33366
22-Jul-2026,31-Dec-2026,90.9442,5.17042
22-Jul-2026,31-Dec-2026,95.2749,3.4534
22-Jul-2026,31-Dec-2026,99.6055,2.1711
22-Jul-2026,31-Dec-2026,103.936,1.27938
22-Jul-2026,29-Jan-2027,69.2908,20.3097
22-Jul-2026,29-Jan-2027,73.6215,16.7982
22-Jul-2026,29-Jan-2027,77.9522,13.5485
22-Jul-2026,29-Jan-2027,82.2828,10.6109
22-Jul-2026,29-Jan-2027,86.6135,8.03062
22-Jul-2026,29-Jan-2027,90.9442,5.84214
22-Jul-2026,29-Jan-2027,95.2749,4.06294
22-Jul-2026,29-Jan-2027,99.6055,2.68788
22-Jul-2026,29-Jan-2027,103.936,1.68589
22-Jul-2026,26-Feb-2027,69.2908,20.7671
22-Jul-2026,26-Feb-2027,73.6215,17.314
22-Jul-2026,26-Feb-2027,77.9522,14.1131
22-Jul-2026,26-Feb-2027,82.2828,11.2079
22-Jul-2026,26-Feb-2027,86.6135,8.63731
22-Jul-2026,26-Feb-2027,90.9442,6.43163
22-Jul-2026,26-Feb-2027,95.2749,4.60731
22-Jul-2026,26-Feb-2027,99.6055,3.1626
22-Jul-2026,26-Feb-2027,103.936,2.07451
22-Jul-2026,31-Mar-2027,69.2908,21.2649
22-Jul-2026,31-Mar-2027,73.6215,17.8688
22-Jul-2026,31-Mar-2027,77.9522,14.7152
22-Jul-2026,31-Mar-2027,82.2828,11.8417
22-Jul-2026,31-Mar-2027,86.6135,9.28192
22-Jul-2026,31-Mar-2027,90.9442,7.06224
22-Jul-2026,31-Mar-2027,95.2749,5.19778
22-Jul-2026,31-Mar-2027,99.6055,3.68899
22-Jul-2026,31-Mar-2027,103.936,2.51901
22-Jul-2026,30-Apr-2027,69.2908,21.7144
22-Jul-2026,30-Apr-2027,73.6215,18.3653
22-Jul-2026,30-Apr-2027,77.9522,15.2507
22-Jul-2026,30-Apr-2027,82.2828,12.4037
22-Jul-2026,30-Apr-2027,86.6135,9.85408
22-Jul-2026,30-Apr-2027,90.9442,7.6252
22-Jul-2026,30-Apr-2027,95.2749,5.73093
22-Jul-2026,30-Apr-2027,99.6055,4.17281
22-Jul-2026,30-Apr-2027,103.936,2.93792
22-Jul-2026,31-May-2027,69.2908,22.1607
22-Jul-2026,31-May-2027,73.6215,18.8551
22-Jul-2026,31-May-2027,77.9522,15.7764
22-Jul-2026,31-May-2027,82.2828,12.9544
22-Jul-2026,31-May-2027,86.6135,10.4154
22-Jul-2026,31-May-2027,90.9442,8.18012
22-Jul-2026,31-May-2027,95.2749,6.26121
22-Jul-2026,31-May-2027,99.6055,4.66079
22-Jul-2026,31-May-2027,103.936,3.36879
23-Jul-2026,24-Jul-2026,67.7102,16.9335
23-Jul-2026,24-Jul-2026,71.9421,12.7019
23-Jul-2026,24-Jul-2026,76.174,8.47041
23-Jul-2026,24-Jul-2026,80.4059,4.23892
23-Jul-2026,24-Jul-2026,84.6378,0.453116
23-Jul-2026,24-Jul-2026,88.8697,1.79969e-05
23-Jul-2026,31-Jul-2026,67.7102,16.9983
23-Jul-2026,31-Jul-2026,71.9421,12.7717
23-Jul-2026,31-Jul-2026,76.174,8.56772
23-Jul-2026,31-Jul-2026,80.4059,4.59668
23-Jul-2026,31-Jul-2026,84.6378,1.60935
23-Jul-2026,31-Jul-2026,88.8697,0.280391
23-Jul-2026,31-Jul-2026,93.1016,0.0185489
23-Jul-2026,31-Jul-2026,97.3335,0.000373436
23-Jul-2026,31-Jul-2026,101.565,1.99584e-06
23-Jul-2026,07-Aug-2026,67.7102,17.0525
23-Jul-2026,07-Aug-2026,71.9421,12.8426
23-Jul-2026,07-Aug-2026,76.174,8.72341
23-Jul-2026,07-Aug-2026,80.4059,4.98057
23-Jul-2026,07-Aug-2026,84.6378,2.15657
23-Jul-2026,07-Aug-2026,88.8697,0.625515
23-Jul-2026,07-Aug-2026,93.1016,0.106997
23-Jul-2026,07-Aug-2026,97.3335,0.00964815
23-Jul-2026,07-Aug-2026,101.565,0.000425566
23-Jul-2026,14-Aug-2026,67.7102,17.1274
23-Jul-2026,14-Aug-2026,71.9421,12.9629
23-Jul-2026,14-Aug-2026,76.174,8.96823
23-Jul-2026,14-Aug-2026,80.4059,5.41994
23-Jul-2026,14-Aug-2026,84.6378,2.69731
23-Jul-2026,14-Aug-2026,88.8697,1.03237
23-Jul-2026,14-Aug-2026,93.1016,0.283028
23-Jul-2026,14-Aug-2026,97.3335,0.0520929
23-Jul-2026,14-Aug-2026,101.565,0.0061526
23-Jul-2026,21-Aug-2026,67.7102,17.2002
23-Jul-2026,21-Aug-2026,71.9421,13.0854
23-Jul-2026,21-Aug-2026,76.174,9.18675
23-Jul-2026,21-Aug-2026,80.4059,5.75364
23-Jul-2026,21-Aug-2026,84.6378,3.0823
23-Jul-2026,21-Aug-2026,88.8697,1.34641
23-Jul-2026,21-Aug-2026,93.1016,0.456198
23-Jul-2026,21-Aug-2026,97.3335,0.114496
23-Jul-2026,21-Aug-2026,101.565,0.0205979
23-Jul-2026,31-Aug-2026,67.7102,17.3351
23-Jul-2026,31-Aug-2026,71.9421,13.3048
23-Jul-2026,31-Aug-2026,76.174,9.53609
23-Jul-2026,31-Aug-2026,80.4059,6.2355
23-Jul-2026,31-Aug-2026,84.6378,3.61785
23-Jul-2026,31-Aug-2026,88.8697,1.80551
23-Jul-2026,31-Aug-2026,93.1016,0.750297
23-Jul-2026,31-Aug-2026,97.3335,0.251911
23-Jul-2026,31-Aug-2026,101.565,0.0668489
23-Jul-2026,30-Sep-2026,67.7102,17.8537
23-Jul-2026,30-Sep-2026,71.9421,14.0563
23-Jul-2026,30-Sep-2026,76.174,10.5637
23-Jul-2026,30-Sep-2026,80.4059,7.49842
23-Jul-2026,30-Sep-2026,84.6378,4.96778
23-Jul-2026,30-Sep-2026,88.8697,3.03245
23-Jul-2026,30-Sep-2026,93.1016,1.68315
23-Jul-2026,30-Sep-2026,97.3335,0.839108
23-Jul-2026,30-Sep-2026,101.565,0.372263
23-Jul-2026,30-Oct-2026,67.7102,18.456
23-Jul-2026,30-Oct-2026,71.9421,14.8387
23-Jul-2026,30-Oct-2026,76.174,11.5243
23-Jul-2026,30-Oct-2026,80.4059,8.59323
23-Jul-2026,30-Oct-2026,84.6378,6.11174
23-Jul-2026,30-Oct-2026,88.8697,4.11734
23-Jul-2026,30-Oct-2026,93.1016,2.60903
23-Jul-2026,30-Oct-2026,97.3335,1.54513
23-Jul-2026,30-Oct-2026,101.565,0.850999
23-Jul-2026,30-Nov-2026,67.7102,19.1607
23-Jul-2026,30-Nov-2026,71.9421,15.6987
23-Jul-2026,30-Nov-2026,76.174,12.5259
23-Jul-2026,30-Nov-2026,80.4059,9.69729
23-Jul-2026,30-Nov-2026,84.6378,7.25607
23-Jul-2026,30-Nov-2026,88.8697,5.22669
23-Jul-2026,30-Nov-2026,93.1016,3.61016
23-Jul-2026,30-Nov-2026,97.3335,2.38263
23-Jul-2026,30-Nov-2026,101.565,1.49834
23-Jul-2026,31-Dec-2026,67.7102,19.8084
23-Jul-2026,31-Dec-2026,71.9421,16.4602
23-Jul-2026,31-Dec-2026,76.174,13.3869
23-Jul-2026,31-Dec-2026,80.4059,10.6295
23-Jul-2026,31-Dec-2026,84.6378,8.21908
23-Jul-2026,31-Dec-2026,88.8697,6.17291
23-Jul-2026,31-Dec-2026,93.1016,4.49197
23-Jul-2026,31-Dec-2026,97.3335,3.16011
23-Jul-2026,31-Dec-2026,101.565,2.14549
23-Jul-2026,29-Jan-2027,67.7102,20.4487
23-Jul-2026,29-Jan-2027,71.9421,17.1958
23-Jul-2026,29-Jan-2027,76.174,14.2043
23-Jul-2026,29-Jan-2027,80.4059,11.5056
23-Jul-2026,29-Jan-2027,84.6378,9.12279
23-Jul-2026,29-Jan-2027,88.8697,7.06847
23-Jul-2026,29-Jan-2027,93.1016,5.34309
23-Jul-2026,29-Jan-2027,97.3335,3.93461
23-Jul-2026,29-Jan-2027,101.565,2.81942
23-Jul-2026,26-Feb-2027,67.7102,21.034
23-Jul-2026,26-Feb-2027,71.9421,17.8577
23-Jul-2026,26-Feb-2027,76.174,14.9313
23-Jul-2026,26-Feb-2027,80.4059,12.2797
23-Jul-2026,26-Feb-2027,84.6378,9.92082
23-Jul-2026,26-Feb-2027,88.8697,7.86406
23-Jul-2026,26-Feb-2027,93.1016,6.1093
23-Jul-2026,26-Feb-2027,97.3335,4.64676
23-Jul-2026,26-Feb-2027,101.565,3.4577
23-Jul-2026,31-Mar-2027,67.7102,21.6786
23-Jul-2026,31-Mar-2027,71.9421,18.5782
23-Jul-2026,31-Mar-2027,76.174,15.7158
23-Jul-2026,31-Mar-2027,80.4059,13.1111
23-Jul-2026,31-Mar-2027,84.6378,10.7777
23-Jul-2026,31-Mar-2027,88.8697,8.72228
23-Jul-2026,31-Mar-2027,93.1016,6.94411
23-Jul-2026,31-Mar-2027,97.3335,5.43499
23-Jul-2026,31-Mar-2027,101.565,4.1798
23-Jul-2026,30-Apr-2027,67.7102,22.2666
23-Jul-2026,30-Apr-2027,71.9421,19.2292
23-Jul-2026,30-Apr-2027,76.174,16.42
23-Jul-2026,30-Apr-2027,80.4059,13.8547
23-Jul-2026,30-Apr-2027,84.6378,11.5439
23-Jul-2026,30-Apr-2027,88.8697,9.49251
23-Jul-2026,30-Apr-2027,93.1016,7.69918
23-Jul-2026,30-Apr-2027,97.3335,6.15668
23-Jul-2026,30-Apr-2027,101.565,4.85219
23-Jul-2026,31-May-2027,67.7102,22.8546
23-Jul-2026,31-May-2027,71.9421,19.8758
23-Jul-2026,31-May-2027,76.174,17.1158
23-Jul-2026,31-May-2027,80.4059,14.5875
23-Jul-2026,31-May-2027,84.6378,12.299
23-Jul-2026,31-May-2027,88.8697,10.2537
23-Jul-2026,31-May-2027,93.1016,8.44986
23-Jul-2026,31-May-2027,97.3335,6.88081
23-Jul-2026,31-May-2027,101.565,5.53546
24-Jul-2026,31-Jul-2026,68.3636,17.1574
24-Jul-2026,31-Jul-2026,72.6363,12.8893
24-Jul-2026,31-Jul-2026,76.909,8.63661
24-Jul-2026,31-Jul-2026,81.1817,4.58721
24-Jul-2026,31-Jul-2026,85.4544,1.53014
24-Jul-2026,31-Jul-2026,89.7272,0.232108
24-Jul-2026,31-Jul-2026,93.9999,0.0115756
24-Jul-2026,31-Jul-2026,98.2726,0.000145972
24-Jul-2026,31-Jul-2026,102.545,3.98459e-07
24-Jul-2026,07-Aug-2026,68.3636,17.2125
24-Jul-2026,07-Aug-2026,72.6363,12.958
24-Jul-2026,07-Aug-2026,76.909,8.7823
24-Jul-2026,07-Aug-2026,81.1817,4.96729
24-Jul-2026,07-Aug-2026,85.4544,2.09107
24-Jul-2026,07-Aug-2026,89.7272,0.568971
24-Jul-2026,07-Aug-2026,93.9999,0.0864577
24-Jul-2026,07-Aug-2026,98.2726,0.00645276
24-Jul-2026,07-Aug-2026,102.545,0.000217765
24-Jul-2026,14-Aug-2026,68.3636,17.287
24-Jul-2026,14-Aug-2026,72.6363,13.0737
24-Jul-2026,14-Aug-2026,76.909,9.01944
24-Jul-2026,14-Aug-2026,81.1817,5.40619
24-Jul-2026,14-Aug-2026,85.4544,2.63874
24-Jul-2026,14-Aug-2026,89.7272,0.971825
24-Jul-2026,14-Aug-2026,93.9999,0.249275
24-Jul-2026,14-Aug-2026,98.2726,0.0413971
24-Jul-2026,14-Aug-2026,102.545,0.00423657
24-Jul-2026,21-Aug-2026,68.3636,17.3585
24-Jul-2026,21-Aug-2026,72.6363,13.1925
24-Jul-2026,21-Aug-2026,76.909,9.23399
24-Jul-2026,21-Aug-2026,81.1817,5.74002
24-Jul-2026,21-Aug-2026,85.4544,3.02666
24-Jul-2026,21-Aug-2026,89.7272,1.28384
24-Jul-2026,21-Aug-2026,93.9999,0.414262
24-Jul-2026,21-Aug-2026,98.2726,0.0965695
24-Jul-2026,21-Aug-2026,102.545,0.015692
24-Jul-2026,28-Aug-2026,68.3636,17.4408
24-Jul-2026,28-Aug-2026,72.6363,13.3272
24-Jul-2026,28-Aug-2026,76.909,9.45534
24-Jul-2026,28-Aug-2026,81.1817,6.05454
24-Jul-2026,28-Aug-2026,85.4544,3.37984
24-Jul-2026,28-Aug-2026,89.7272,1.58106
24-Jul-2026,28-Aug-2026,93.9999,0.594471
24-Jul-2026,28-Aug-2026,98.2726,0.172828
24-Jul-2026,28-Aug-2026,102.545,0.0378051
24-Jul-2026,31-Aug-2026,68.3636,17.4909
24-Jul-2026,31-Aug-2026,72.6363,13.4071
24-Jul-2026,31-Aug-2026,76.909,9.57928
24-Jul-2026,31-Aug-2026,81.1817,6.22213
24-Jul-2026,31-Aug-2026,85.4544,3.56469
24-Jul-2026,31-Aug-2026,89.7272,1.74054
24-Jul-2026,31-Aug-2026,93.9999,0.698608
24-Jul-2026,31-Aug-2026,98.2726,0.222874
24-Jul-2026,31-Aug-2026,102.545,0.0551813
24-Jul-2026,30-Sep-2026,68.3636,18.0015
24-Jul-2026,30-Sep-2026,72.6363,14.149
24-Jul-2026,30-Sep-2026,76.909,10.6007
24-Jul-2026,30-Sep-2026,81.1817,7.48504
24-Jul-2026,30-Sep-2026,85.4544,4.91668
24-Jul-2026,30-Sep-2026,89.7272,2.9621
24-Jul-2026,30-Sep-2026,93.9999,1.61285
24-Jul-2026,30-Sep-2026,98.2726,0.782913
24-Jul-2026,30-Sep-2026,102.545,0.335401
24-Jul-2026,30-Oct-2026,68.3636,18.5979
24-Jul-2026,30-Oct-2026,72.6363,14.926
24-Jul-2026,30-Oct-2026,76.909,11.5581
24-Jul-2026,30-Oct-2026,81.1817,8.5792
24-Jul-2026,30-Oct-2026,85.4544,6.0603
24-Jul-2026,30-Oct-2026,89.7272,4.04283
24-Jul-2026,30-Oct-2026,93.9999,2.52717
24-Jul-2026,30-Oct-2026,98.2726,1.4697
24-Jul-2026,30-Oct-2026,102.545,0.790859
24-Jul-2026,30-Nov-2026,68.3636,19.2978
24-Jul-2026,30-Nov-2026,72.6363,15.7819
24-Jul-2026,30-Nov-2026,76.909,12.5573
24-Jul-2026,30-Nov-2026,81.1817,9.68234
24-Jul-2026,30-Nov-2026,85.4544,7.20362
24-Jul-2026,30-Nov-2026,89.7272,5.14846
24-Jul-2026,30-Nov-2026,93.9999,3.51925
24-Jul-2026,30-Nov-2026,98.2726,2.29156
24-Jul-2026,30-Nov-2026,102.545,1.41703
24-Jul-2026,31-Dec-2026,68.3636,19.9421
24-Jul-2026,31-Dec-2026,72.6363,16.5407
24-Jul-2026,31-Dec-2026,76.909,13.4167
24-Jul-2026,31-Dec-2026,81.1817,10.6138
24-Jul-2026,31-Dec-2026,85.4544,8.16567
24-Jul-2026,31-Dec-2026,89.7272,6.09196
24-Jul-2026,31-Dec-2026,93.9999,4.39492
24-Jul-2026,31-Dec-2026,98.2726,3.0583
24-Jul-2026,31-Dec-2026,102.545,2.04875
24-Jul-2026,29-Jan-2027,68.3636,20.5798
24-Jul-2026,29-Jan-2027,72.6363,17.2743
24-Jul-2026,29-Jan-2027,76.909,14.2329
24-Jul-2026,29-Jan-2027,81.1817,11.4892
24-Jul-2026,29-Jan-2027,85.4544,9.06855
24-Jul-2026,29-Jan-2027,89.7272,6.98538
24-Jul-2026,29-Jan-2027,93.9999,5.2413
24-Jul-2026,29-Jan-2027,98.2726,3.82442
24-Jul-2026,29-Jan-2027,102.545,2.71024
24-Jul-2026,26-Feb-2027,68.3636,21.1632
24-Jul-2026,26-Feb-2027,72.6363,17.9348
24-Jul-2026,26-Feb-2027,76.909,14.9591
24-Jul-2026,26-Feb-2027,81.1817,12.2629
24-Jul-2026,26-Feb-2027,85.4544,9.86599
24-Jul-2026,26-Feb-2027,89.7272,7.77942
24-Jul-2026,26-Feb-2027,93.9999,6.00405
24-Jul-2026,26-Feb-2027,98.2726,4.53037
24-Jul-2026,26-Feb-2027,102.545,3.33907
24-Jul-2026,31-Mar-2027,68.3636,21.8061
24-Jul-2026,31-Mar-2027,72.6363,18.6541
24-Jul-2026,31-Mar-2027,76.909,15.743
24-Jul-2026,31-Mar-2027,81.1817,13.094
24-Jul-2026,31-Mar-2027,85.4544,10.7225
24-Jul-2026,31-Mar-2027,89.7272,8.63635
24-Jul-2026,31-Mar-2027,93.9999,6.83584
24-Jul-2026,31-Mar-2027,98.2726,5.31303
24-Jul-2026,31-Mar-2027,102.545,4.05248
24-Jul-2026,30-Apr-2027,68.3636,22.3928
24-Jul-2026,30-Apr-2027,72.6363,19.3043
24-Jul-2026,30-Apr-2027,76.909,16.4468
24-Jul-2026,30-Apr-2027,81.1817,13.8375
24-Jul-2026,30-Apr-2027,85.4544,11.4885
24-Jul-2026,30-Apr-2027,89.7272,9.40575
24-Jul-2026,30-Apr-2027,93.9999,7.58877
24-Jul-2026,30-Apr-2027,98.2726,6.03061
24-Jul-2026,30-Apr-2027,102.545,4.71827
24-Jul-2026,31-May-2027,68.3636,22.98
24-Jul-2026,31-May-2027,72.6363,19.9504
24-Jul-2026,31-May-2027,76.909,17.1425
24-Jul-2026,31-May-2027,81.1817,14.5705
24-Jul-2026,31-May-2027,85.4544,12.2437
24-Jul-2026,31-May-2027,89.7272,10.1665
24-Jul-2026,31-May-2027,93.9999,8.33781
24-Jul-2026,31-May-2027,98.2726,6.7514
24-Jul-2026,31-May-2027,102.545,5.39601
27-Jul-2026,31-Jul-2026,68.594,17.1723
27-Jul-2026,31-Jul-2026,72.8811,12.8867
27-Jul-2026,31-Jul-2026,77.1682,8.60111
27-Jul-2026,31-Jul-2026,81.4553,4.3415
27-Jul-2026,31-Jul-2026,85.7424,0.912846
27-Jul-2026,31-Jul-2026,90.0296,0.0229772
27-Jul-2026,31-Jul-2026,94.3167,2.0997e-05
27-Jul-2026,31-Jul-2026,98.6038,3.21994e-10
27-Jul-2026,31-Jul-2026,102.891,1.72251e-15
27-Jul-2026,07-Aug-2026,68.594,17.2379
27-Jul-2026,07-Aug-2026,72.8811,12.9592
27-Jul-2026,07-Aug-2026,77.1682,8.7211
27-Jul-2026,07-Aug-2026,81.4553,4.77198
27-Jul-2026,07-Aug-2026,85.7424,1.80433
27-Jul-2026,07-Aug-2026,90.0296,0.382158
27-Jul-2026,07-Aug-2026,94.3167,0.0365901
27-Jul-2026,07-Aug-2026,98.6038,0.00132038
27-Jul-2026,07-Aug-2026,102.891,1.60408e-05
27-Jul-2026,14-Aug-2026,68.594,17.2937
27-Jul-2026,14-Aug-2026,72.8811,13.037
27-Jul-2026,14-Aug-2026,77.1682,8.8912
27-Jul-2026,14-Aug-2026,81.4553,5.14725
27-Jul-2026,14-Aug-2026,85.7424,2.31071
27-Jul-2026,14-Aug-2026,90.0296,0.721399
27-Jul-2026,14-Aug-2026,94.3167,0.139825
27-Jul-2026,14-Aug-2026,98.6038,0.0152031
27-Jul-2026,14-Aug-2026,102.891,0.000867316
27-Jul-2026,21-Aug-2026,68.594,17.3721
27-Jul-2026,21-Aug-2026,72.8811,13.165
27-Jul-2026,21-Aug-2026,77.1682,9.14161
27-Jul-2026,21-Aug-2026,81.4553,5.57505
27-Jul-2026,21-Aug-2026,85.7424,2.82676
27-Jul-2026,21-Aug-2026,90.0296,1.11798
27-Jul-2026,21-Aug-2026,94.3167,0.322513
27-Jul-2026,21-Aug-2026,98.6038,0.0638137
27-Jul-2026,21-Aug-2026,102.891,0.00830248
27-Jul-2026,28-Aug-2026,68.594,17.448
27-Jul-2026,28-Aug-2026,72.8811,13.2914
27-Jul-2026,28-Aug-2026,77.1682,9.36069
27-Jul-2026,28-Aug-2026,81.4553,5.90127
27-Jul-2026,28-Aug-2026,85.7424,3.19958
27-Jul-2026,28-Aug-2026,90.0296,1.42501
27-Jul-2026,28-Aug-2026,94.3167,0.49675
27-Jul-2026,28-Aug-2026,98.6038,0.129605
27-Jul-2026,28-Aug-2026,102.891,0.0245286
27-Jul-2026,31-Aug-2026,68.594,17.4948
27-Jul-2026,31-Aug-2026,72.8811,13.3679
27-Jul-2026,31-Aug-2026,77.1682,9.48456
27-Jul-2026,31-Aug-2026,81.4553,6.07462
27-Jul-2026,31-Aug-2026,85.7424,3.3932
27-Jul-2026,31-Aug-2026,90.0296,1.58947
27-Jul-2026,31-Aug-2026,94.3167,0.599127
27-Jul-2026,31-Aug-2026,98.6038,0.174889
27-Jul-2026,31-Aug-2026,102.891,0.038479
27-Jul-2026,30-Sep-2026,68.594,17.9883
27-Jul-2026,30-Sep-2026,72.8811,14.1001
27-Jul-2026,30-Sep-2026,77.1682,10.5163
27-Jul-2026,30-Sep-2026,81.4553,7.37272
27-Jul-2026,30-Sep-2026,85.7424,4.79156
27-Jul-2026,30-Sep-2026,90.0296,2.84311
27-Jul-2026,30-Sep-2026,94.3167,1.5161
27-Jul-2026,30-Sep-2026,98.6038,0.715992
27-Jul-2026,30-Sep-2026,102.891,0.296226
27-Jul-2026,30-Oct-2026,68.594,18.5806
27-Jul-2026,30-Oct-2026,72.8811,14.8806
27-Jul-2026,30-Oct-2026,77.1682,11.4876
27-Jul-2026,30-Oct-2026,81.4553,8.49016
27-Jul-2026,30-Oct-2026,85.7424,5.9622
27-Jul-2026,30-Oct-2026,90.0296,3.94652
27-Jul-2026,30-Oct-2026,94.3167,2.44235
27-Jul-2026,30-Oct-2026,98.6038,1.40261
27-Jul-2026,30-Oct-2026,102.891,0.743249
27-Jul-2026,30-Nov-2026,68.594,19.2522
27-Jul-2026,30-Nov-2026,72.8811,15.7085
27-Jul-2026,30-Nov-2026,77.1682,12.46
27-Jul-2026,30-Nov-2026,81.4553,9.56775
27-Jul-2026,30-Nov-2026,85.7424,7.08055
27-Jul-2026,30-Nov-2026,90.0296,5.02651
27-Jul-2026,30-Nov-2026,94.3167,3.40729
27-Jul-2026,30-Nov-2026,98.6038,2.19622
27-Jul-2026,30-Nov-2026,102.891,1.34172
27-Jul-2026,31-Dec-2026,68.594,19.9012
27-Jul-2026,31-Dec-2026,72.8811,16.477
27-Jul-2026,31-Dec-2026,77.1682,13.3342
27-Jul-2026,31-Dec-2026,81.4553,10.5178
27-Jul-2026,31-Dec-2026,85.7424,8.06277
27-Jul-2026,31-Dec-2026,90.0296,5.98893
27-Jul-2026,31-Dec-2026,94.3167,4.29802
27-Jul-2026,31-Dec-2026,98.6038,2.97246
27-Jul-2026,31-Dec-2026,102.891,1.97702
27-Jul-2026,29-Jan-2027,68.594,20.5748
27-Jul-2026,29-Jan-2027,72.8811,17.2546
27-Jul-2026,29-Jan-2027,77.1682,14.2016
27-Jul-2026,29-Jan-2027,81.4553,11.4497
27-Jul-2026,29-Jan-2027,85.7424,9.02458
27-Jul-2026,29-Jan-2027,90.0296,6.94039
27-Jul-2026,29-Jan-2027,94.3167,5.19828
27-Jul-2026,29-Jan-2027,98.6038,3.78564
27-Jul-2026,29-Jan-2027,102.891,2.67708
27-Jul-2026,26-Feb-2027,68.594,21.1349
27-Jul-2026,26-Feb-2027,72.8811,17.8904
27-Jul-2026,26-Feb-2027,77.1682,14.9019
27-Jul-2026,26-Feb-2027,81.4553,12.1967
27-Jul-2026,26-Feb-2027,85.7424,9.79496
27-Jul-2026,26-Feb-2027,90.0296,7.70742
27-Jul-2026,26-Feb-2027,94.3167,5.93461
27-Jul-2026,26-Feb-2027,98.6038,4.46635
27-Jul-2026,26-Feb-2027,102.891,3.28245
27-Jul-2026,31-Mar-2027,68.594,21.8141
27-Jul-2026,31-Mar-2027,72.8811,18.6518
27-Jul-2026,31-Mar-2027,77.1682,15.7329
27-Jul-2026,31-Mar-2027,81.4553,13.0786
27-Jul-2026,31-Mar-2027,85.7424,10.704
27-Jul-2026,31-Mar-2027,90.0296,8.61698
27-Jul-2026,31-Mar-2027,94.3167,6.81717
27-Jul-2026,31-Mar-2027,98.6038,5.29622
27-Jul-2026,31-Mar-2027,102.891,4.03818
27-Jul-2026,30-Apr-2027,68.594,22.4074
27-Jul-2026,30-Apr-2027,72.8811,19.3102
27-Jul-2026,30-Apr-2027,77.1682,16.4463
27-Jul-2026,30-Apr-2027,81.4553,13.8327
27-Jul-2026,30-Apr-2027,85.7424,11.4813
27-Jul-2026,30-Apr-2027,90.0296,9.39778
27-Jul-2026,30-Apr-2027,94.3167,7.58126
27-Jul-2026,30-Apr-2027,98.6038,6.02438
27-Jul-2026,30-Apr-2027,102.891,4.71373
27-Jul-2026,31-May-2027,68.594,23.0013
27-Jul-2026,31-May-2027,72.8811,19.9644
27-Jul-2026,31-May-2027,77.1682,17.1513
27-Jul-2026,31-May-2027,81.4553,14.5758
27-Jul-2026,31-May-2027,85.7424,12.2472
27-Jul-2026,31-May-2027,90.0296,10.1694
27-Jul-2026,31-May-2027,94.3167,8.34116
27-Jul-2026,31-May-2027,98.6038,6.75566
27-Jul-2026,31-May-2027,102.891,5.40139
28-Jul-2026,31-Jul-2026,68.6084,17.1692
28-Jul-2026,31-Jul-2026,72.8964,12.8822
28-Jul-2026,31-Jul-2026,77.1844,8.59529
28-Jul-2026,31-Jul-2026,81.4725,4.31842
28-Jul-2026,31-Jul-2026,85.7605,0.785218
28-Jul-2026,31-Jul-2026,90.0485,0.00839852
28-Jul-2026,31-Jul-2026,94.3365,9.32315e-07
28-Jul-2026,31-Jul-2026,98.6246,3.81258e-13
28-Jul-2026,07-Aug-2026,68.6084,17.2319
28-Jul-2026,07-Aug-2026,72.8964,12.9508
28-Jul-2026,07-Aug-2026,77.1844,8.70271
28-Jul-2026,07-Aug-2026,81.4725,4.72335
28-Jul-2026,07-Aug-2026,85.7605,1.73253
28-Jul-2026,07-Aug-2026,90.0485,0.339874
28-Jul-2026,07-Aug-2026,94.3365,0.0280862
28-Jul-2026,07-Aug-2026,98.6246,0.00080002
28-Jul-2026,07-Aug-2026,102.913,6.95066e-06
28-Jul-2026,14-Aug-2026,68.6084,17.2849
28-Jul-2026,14-Aug-2026,72.8964,13.0232
28-Jul-2026,14-Aug-2026,77.1844,8.86384
28-Jul-2026,14-Aug-2026,81.4725,5.09705
28-Jul-2026,14-Aug-2026,85.7605,2.24835
28-Jul-2026,14-Aug-2026,90.0485,0.676663
28-Jul-2026,14-Aug-2026,94.3365,0.122965
28-Jul-2026,14-Aug-2026,98.6246,0.0121023
28-Jul-2026,14-Aug-2026,102.913,0.000600994
28-Jul-2026,21-Aug-2026,68.6084,17.359
28-Jul-2026,21-Aug-2026,72.8964,13.1445
28-Jul-2026,21-Aug-2026,77.1844,9.10746
28-Jul-2026,21-Aug-2026,81.4725,5.52434
28-Jul-2026,21-Aug-2026,85.7605,2.76916
28-Jul-2026,21-Aug-2026,90.0485,1.07231
28-Jul-2026,21-Aug-2026,94.3365,0.29879
28-Jul-2026,21-Aug-2026,98.6246,0.0561406
28-Jul-2026,21-Aug-2026,102.913,0.0068061
28-Jul-2026,28-Aug-2026,68.6084,17.4311
28-Jul-2026,28-Aug-2026,72.8964,13.2662
28-Jul-2026,28-Aug-2026,77.1844,9.32274
28-Jul-2026,28-Aug-2026,81.4725,5.85011
28-Jul-2026,28-Aug-2026,85.7605,3.14372
28-Jul-2026,28-Aug-2026,90.0485,1.37876
28-Jul-2026,28-Aug-2026,94.3365,0.469097
28-Jul-2026,28-Aug-2026,98.6246,0.118141
28-Jul-2026,28-Aug-2026,102.913,0.0213196
28-Jul-2026,31-Aug-2026,68.6084,17.4758
28-Jul-2026,31-Aug-2026,72.8964,13.3404
28-Jul-2026,31-Aug-2026,77.1844,9.44487
28-Jul-2026,31-Aug-2026,81.4725,6.02316
28-Jul-2026,31-Aug-2026,85.7605,3.33787
28-Jul-2026,31-Aug-2026,90.0485,1.54287
28-Jul-2026,31-Aug-2026,94.3365,0.569688
28-Jul-2026,31-Aug-2026,98.6246,0.161433
28-Jul-2026,31-Aug-2026,102.913,0.0341364
28-Jul-2026,30-Sep-2026,68.6084,17.9544
28-Jul-2026,30-Sep-2026,72.8964,14.0582
28-Jul-2026,30-Sep-2026,77.1844,10.4665
28-Jul-2026,30-Sep-2026,81.4725,7.31738
28-Jul-2026,30-Sep-2026,85.7605,4.73564
28-Jul-2026,30-Sep-2026,90.0485,2.7928
28-Jul-2026,30-Sep-2026,94.3365,1.47661
28-Jul-2026,30-Sep-2026,98.6246,0.689417
28-Jul-2026,30-Sep-2026,102.913,0.281103
28-Jul-2026,30-Oct-2026,68.6084,18.5352
28-Jul-2026,30-Oct-2026,72.8964,14.8288
28-Jul-2026,30-Oct-2026,77.1844,11.4305
28-Jul-2026,30-Oct-2026,81.4725,8.43005
28-Jul-2026,30-Oct-2026,85.7605,5.90273
28-Jul-2026,30-Oct-2026,90.0485,3.89181
28-Jul-2026,30-Oct-2026,94.3365,2.39607
28-Jul-2026,30-Oct-2026,98.6246,1.36699
28-Jul-2026,30-Oct-2026,102.913,0.718508
28-Jul-2026,30-Nov-2026,68.6084,19.1971
28-Jul-2026,30-Nov-2026,72.8964,15.6482
28-Jul-2026,30-Nov-2026,77.1844,12.396
28-Jul-2026,30-Nov-2026,81.4725,9.50239
28-Jul-2026,30-Nov-2026,85.7605,7.01656
28-Jul-2026,30-Nov-2026,90.0485,4.96695
28-Jul-2026,30-Nov-2026,94.3365,3.35492
28-Jul-2026,30-Nov-2026,98.6246,2.15302
28-Jul-2026,30-Nov-2026,102.913,1.30844
28-Jul-2026,31-Dec-2026,68.6084,19.8381
28-Jul-2026,31-Dec-2026,72.8964,16.4098
28-Jul-2026,31-Dec-2026,77.1844,13.2644
28-Jul-2026,31-Dec-2026,81.4725,10.4475
28-Jul-2026,31-Dec-2026,85.7605,7.99432
28-Jul-2026,31-Dec-2026,90.0485,5.92478
28-Jul-2026,31-Dec-2026,94.3365,4.24041
28-Jul-2026,31-Dec-2026,98.6246,2.92309
28-Jul-2026,31-Dec-2026,102.913,1.9368
28-Jul-2026,29-Jan-2027,68.6084,20.5044
28-Jul-2026,29-Jan-2027,72.8964,17.181
28-Jul-2026,29-Jan-2027,77.1844,14.1262
28-Jul-2026,29-Jan-2027,81.4725,11.3744
28-Jul-2026,29-Jan-2027,85.7605,8.95146
28-Jul-2026,29-Jan-2027,90.0485,6.87152
28-Jul-2026,29-Jan-2027,94.3365,5.13554
28-Jul-2026,29-Jan-2027,98.6246,3.73049
28-Jul-2026,29-Jan-2027,102.913,2.63042
28-Jul-2026,26-Feb-2027,68.6084,21.059
28-Jul-2026,26-Feb-2027,72.8964,17.8117
28-Jul-2026,26-Feb-2027,77.1844,14.822
28-Jul-2026,26-Feb-2027,81.4725,12.1174
28-Jul-2026,26-Feb-2027,85.7605,9.71796
28-Jul-2026,26-Feb-2027,90.0485,7.63465
28-Jul-2026,26-Feb-2027,94.3365,5.86772
28-Jul-2026,26-Feb-2027,98.6246,4.40666
28-Jul-2026,26-Feb-2027,102.913,3.23082
28-Jul-2026,31-Mar-2027,68.6084,21.7318
28-Jul-2026,31-Mar-2027,72.8964,18.5673
28-Jul-2026,31-Mar-2027,77.1844,15.6476
28-Jul-2026,31-Mar-2027,81.4725,12.9942
28-Jul-2026,31-Mar-2027,85.7605,10.6223
28-Jul-2026,31-Mar-2027,90.0485,8.53948
28-Jul-2026,31-Mar-2027,94.3365,6.74533
28-Jul-2026,31-Mar-2027,98.6246,5.23121
28-Jul-2026,31-Mar-2027,102.913,3.98081
28-Jul-2026,30-Apr-2027,68.6084,22.3198
28-Jul-2026,30-Apr-2027,72.8964,19.2208
28-Jul-2026,30-Apr-2027,77.1844,16.3565
28-Jul-2026,30-Apr-2027,81.4725,13.7441
28-Jul-2026,30-Apr-2027,85.7605,11.3954
28-Jul-2026,30-Apr-2027,90.0485,9.31613
28-Jul-2026,30-Apr-2027,94.3365,7.50513
28-Jul-2026,30-Apr-2027,98.6246,5.95481
28-Jul-2026,30-Apr-2027,102.913,4.65149
28-Jul-2026,31-May-2027,68.6084,22.9085
28-Jul-2026,31-May-2027,72.8964,19.8701
28-Jul-2026,31-May-2027,77.1844,17.057
28-Jul-2026,31-May-2027,81.4725,14.4829
28-Jul-2026,31-May-2027,85.7605,12.1572
28-Jul-2026,31-May-2027,90.0485,10.0836
28-Jul-2026,31-May-2027,94.3365,8.26071
28-Jul-2026,31-May-2027,98.6246,6.68157
28-Jul-2026,31-May-2027,102.913,5.33437
29-Jul-2026,31-Jul-2026,66.7103,16.6889
29-Jul-2026,31-Jul-2026,75.0491,8.35148
29-Jul-2026,31-Jul-2026,79.2185,4.18531
29-Jul-2026,31-Jul-2026,83.3879,0.645237
29-Jul-2026,31-Jul-2026,87.5573,0.00205978
29-Jul-2026,31-Jul-2026,91.7267,1.12184e-08
29-Jul-2026,07-Aug-2026,66.7103,16.7509
29-Jul-2026,07-Aug-2026,70.8797,12.5878
29-Jul-2026,07-Aug-2026,75.0491,8.45607
29-Jul-2026,07-Aug-2026,79.2185,4.58571
29-Jul-2026,07-Aug-2026,83.3879,1.68192
29-Jul-2026,07-Aug-2026,87.5573,0.332473
29-Jul-2026,07-Aug-2026,91.7267,0.0282992
29-Jul-2026,07-Aug-2026,95.8961,0.000861974
29-Jul-2026,07-Aug-2026,100.065,8.34286e-06
29-Jul-2026,14-Aug-2026,66.7103,16.8034
29-Jul-2026,14-Aug-2026,70.8797,12.6605
29-Jul-2026,14-Aug-2026,75.0491,8.62126
29-Jul-2026,14-Aug-2026,79.2185,4.97169
29-Jul-2026,14-Aug-2026,83.3879,2.21529
29-Jul-2026,14-Aug-2026,87.5573,0.684502
29-Jul-2026,14-Aug-2026,91.7267,0.131416
29-Jul-2026,14-Aug-2026,95.8961,0.0142308
29-Jul-2026,14-Aug-2026,100.065,0.000813192
29-Jul-2026,21-Aug-2026,66.7103,16.878
29-Jul-2026,21-Aug-2026,70.8797,12.7852
29-Jul-2026,21-Aug-2026,75.0491,8.87301
29-Jul-2026,21-Aug-2026,79.2185,5.4103
29-Jul-2026,21-Aug-2026,83.3879,2.74817
29-Jul-2026,21-Aug-2026,87.5573,1.09457
29-Jul-2026,21-Aug-2026,91.7267,0.321215
29-Jul-2026,21-Aug-2026,95.8961,0.0656296
29-Jul-2026,21-Aug-2026,100.065,0.00896427
29-Jul-2026,28-Aug-2026,66.7103,16.9516
29-Jul-2026,28-Aug-2026,70.8797,12.9111
29-Jul-2026,28-Aug-2026,75.0491,9.09495
29-Jul-2026,28-Aug-2026,79.2185,5.74306
29-Jul-2026,28-Aug-2026,83.3879,3.12945
29-Jul-2026,28-Aug-2026,87.5573,1.41015
29-Jul-2026,28-Aug-2026,91.7267,0.502851
29-Jul-2026,28-Aug-2026,95.8961,0.136274
29-Jul-2026,28-Aug-2026,100.065,0.0272472
29-Jul-2026,31-Aug-2026,66.7103,16.9976
29-Jul-2026,31-Aug-2026,70.8797,12.9878
29-Jul-2026,31-Aug-2026,75.0491,9.22054
29-Jul-2026,31-Aug-2026,79.2185,5.91937
29-Jul-2026,31-Aug-2026,83.3879,3.32664
29-Jul-2026,31-Aug-2026,87.5573,1.57859
29-Jul-2026,31-Aug-2026,91.7267,0.609367
29-Jul-2026,31-Aug-2026,95.8961,0.184876
29-Jul-2026,31-Aug-2026,100.065,0.0429781
29-Jul-2026,30-Sep-2026,66.7103,17.4915
29-Jul-2026,30-Sep-2026,70.8797,13.7269
29-Jul-2026,30-Sep-2026,75.0491,10.2644
29-Jul-2026,30-Sep-2026,79.2185,7.23163
29-Jul-2026,30-Sep-2026,83.3879,4.74075
29-Jul-2026,30-Sep-2026,87.5573,2.85308
29-Jul-2026,30-Sep-2026,91.7267,1.5548
29-Jul-2026,30-Sep-2026,95.8961,0.757534
29-Jul-2026,30-Sep-2026,100.065,0.32679
29-Jul-2026,30-Oct-2026,66.7103,18.0884
29-Jul-2026,30-Oct-2026,70.8797,14.5142
29-Jul-2026,30-Oct-2026,75.0491,11.2423
29-Jul-2026,30-Oct-2026,79.2185,8.35451
29-Jul-2026,30-Oct-2026,83.3879,5.91705
29-Jul-2026,30-Oct-2026,87.5573,3.96632
29-Jul-2026,30-Oct-2026,91.7267,2.49891
29-Jul-2026,30-Oct-2026,95.8961,1.47039
29-Jul-2026,30-Oct-2026,100.065,0.804043
29-Jul-2026,30-Nov-2026,66.7103,18.7649
29-Jul-2026,30-Nov-2026,70.8797,15.347
29-Jul-2026,30-Nov-2026,75.0491,12.2183
29-Jul-2026,30-Nov-2026,79.2185,9.43418
29-Jul-2026,30-Nov-2026,83.3879,7.03751
29-Jul-2026,30-Nov-2026,87.5573,5.05163
29-Jul-2026,30-Nov-2026,91.7267,3.47584
29-Jul-2026,30-Nov-2026,95.8961,2.28446
29-Jul-2026,30-Nov-2026,100.065,1.43024
29-Jul-2026,31-Dec-2026,66.7103,19.4175
29-Jul-2026,31-Dec-2026,70.8797,16.1185
29-Jul-2026,31-Dec-2026,75.0491,13.094
29-Jul-2026,31-Dec-2026,79.2185,10.3844
29-Jul-2026,31-Dec-2026,83.3879,8.01987
29-Jul-2026,31-Dec-2026,87.5573,6.01645
29-Jul-2026,31-Dec-2026,91.7267,4.37383
29-Jul-2026,31-Dec-2026,95.8961,3.07473
29-Jul-2026,31-Dec-2026,100.065,2.08662
29-Jul-2026,29-Jan-2027,66.7103,20.0939
29-Jul-2026,29-Jan-2027,70.8797,16.898
29-Jul-2026,29-Jan-2027,75.0491,13.9618
29-Jul-2026,29-Jan-2027,79.2185,11.3155
29-Jul-2026,29-Jan-2027,83.3879,8.9807
29-Jul-2026,29-Jan-2027,87.5573,6.96872
29-Jul-2026,29-Jan-2027,91.7267,5.27887
29-Jul-2026,29-Jan-2027,95.8961,3.89848
29-Jul-2026,29-Jan-2027,100.065,2.80391
29-Jul-2026,26-Feb-2027,66.7103,20.6558
29-Jul-2026,26-Feb-2027,70.8797,17.5346
29-Jul-2026,26-Feb-2027,75.0491,14.6617
29-Jul-2026,26-Feb-2027,79.2185,12.0611
29-Jul-2026,26-Feb-2027,83.3879,9.74966
29-Jul-2026,26-Feb-2027,87.5573,7.73552
29-Jul-2026,26-Feb-2027,91.7267,6.01768
29-Jul-2026,26-Feb-2027,95.8961,4.58574
29-Jul-2026,26-Feb-2027,100.065,3.42075
29-Jul-2026,31-Mar-2027,66.7103,21.3364
29-Jul-2026,31-Mar-2027,70.8797,18.2961
29-Jul-2026,31-Mar-2027,75.0491,15.4915
29-Jul-2026,31-Mar-2027,79.2185,12.9408
29-Jul-2026,31-Mar-2027,83.3879,10.6564
29-Jul-2026,31-Mar-2027,87.5573,8.64399
29-Jul-2026,31-Mar-2027,91.7267,6.90187
29-Jul-2026,31-Mar-2027,95.8961,5.42145
29-Jul-2026,31-Mar-2027,100.065,4.18761
29-Jul-2026,30-Apr-2027,66.7103,21.9304
29-Jul-2026,30-Apr-2027,70.8797,18.9542
29-Jul-2026,30-Apr-2027,75.0491,16.2034
29-Jul-2026,30-Apr-2027,79.2185,13.6927
29-Jul-2026,30-Apr-2027,83.3879,11.4313
29-Jul-2026,30-Apr-2027,87.5573,9.42324
29-Jul-2026,30-Apr-2027,91.7267,7.66642
29-Jul-2026,30-Apr-2027,95.8961,6.15321
29-Jul-2026,30-Apr-2027,100.065,4.8708
29-Jul-2026,31-May-2027,66.7103,22.5245
29-Jul-2026,31-May-2027,70.8797,19.6075
29-Jul-2026,31-May-2027,75.0491,16.9066
29-Jul-2026,31-May-2027,79.2185,14.4332
29-Jul-2026,31-May-2027,83.3879,12.1945
29-Jul-2026,31-May-2027,87.5573,10.1929
29-Jul-2026,31-May-2027,91.7267,8.42601
29-Jul-2026,31-May-2027,95.8961,6.88694
29-Jul-2026,31-May-2027,100.065,5.56452
30-Jul-2026,31-Jul-2026,66.8222,16.7112
30-Jul-2026,31-Jul-2026,70.9986,12.5352
30-Jul-2026,31-Jul-2026,75.175,8.35914
30-Jul-2026,31-Jul-2026,79.3514,4.18314
30-Jul-2026,31-Jul-2026,83.5277,0.45486
30-Jul-2026,31-Jul-2026,87.7041,2.44282e-05
30-Jul-2026,31-Jul-2026,91.8805,3.1273e-15
30-Jul-2026,31-Jul-2026,96.0569,1.08516e-15
30-Jul-2026,07-Aug-2026,66.8222,16.7734
30-Jul-2026,07-Aug-2026,70.9986,12.6024
30-Jul-2026,07-Aug-2026,75.175,8.4559
30-Jul-2026,07-Aug-2026,79.3514,4.54921
30-Jul-2026,07-Aug-2026,83.5277,1.61518
30-Jul-2026,07-Aug-2026,87.7041,0.293429
30-Jul-2026,07-Aug-2026,91.8805,0.0212329
30-Jul-2026,07-Aug-2026,96.0569,0.000499115
30-Jul-2026,07-Aug-2026,100.233,3.34935e-06
30-Jul-2026,14-Aug-2026,66.8222,16.8257
30-Jul-2026,14-Aug-2026,70.9986,12.6725
30-Jul-2026,14-Aug-2026,75.175,8.61483
30-Jul-2026,14-Aug-2026,79.3514,4.93782
30-Jul-2026,14-Aug-2026,83.5277,2.16462
30-Jul-2026,14-Aug-2026,87.7041,0.646479
30-Jul-2026,14-Aug-2026,91.8805,0.116993
30-Jul-2026,14-Aug-2026,96.0569,0.0115765
30-Jul-2026,14-Aug-2026,100.233,0.000583795
30-Jul-2026,21-Aug-2026,66.8222,16.8991
30-Jul-2026,21-Aug-2026,70.9986,12.794
30-Jul-2026,21-Aug-2026,75.175,8.86401
30-Jul-2026,21-Aug-2026,79.3514,5.38117
30-Jul-2026,21-Aug-2026,83.5277,2.70797
30-Jul-2026,21-Aug-2026,87.7041,1.06039
30-Jul-2026,21-Aug-2026,91.8805,0.302779
30-Jul-2026,21-Aug-2026,96.0569,0.0594316
30-Jul-2026,21-Aug-2026,100.233,0.0076881
30-Jul-2026,28-Aug-2026,66.8222,16.9717
30-Jul-2026,28-Aug-2026,70.9986,12.9183
30-Jul-2026,28-Aug-2026,75.175,9.0858
30-Jul-2026,28-Aug-2026,79.3514,5.71755
30-Jul-2026,28-Aug-2026,83.5277,3.09512
30-Jul-2026,28-Aug-2026,87.7041,1.37921
30-Jul-2026,28-Aug-2026,91.8805,0.483438
30-Jul-2026,28-Aug-2026,96.0569,0.127844
30-Jul-2026,28-Aug-2026,100.233,0.0247399
30-Jul-2026,31-Aug-2026,66.8222,17.0171
30-Jul-2026,31-Aug-2026,70.9986,12.9945
30-Jul-2026,31-Aug-2026,75.175,9.21171
30-Jul-2026,31-Aug-2026,79.3514,5.89574
30-Jul-2026,31-Aug-2026,83.5277,3.29503
30-Jul-2026,31-Aug-2026,87.7041,1.54939
30-Jul-2026,31-Aug-2026,91.8805,0.589928
30-Jul-2026,31-Aug-2026,96.0569,0.175553
30-Jul-2026,31-Aug-2026,100.233,0.0397801
30-Jul-2026,30-Sep-2026,66.8222,17.5096
30-Jul-2026,30-Sep-2026,70.9986,13.7347
30-Jul-2026,30-Sep-2026,75.175,10.2622
30-Jul-2026,30-Sep-2026,79.3514,7.22145
30-Jul-2026,30-Sep-2026,83.5277,4.72586
30-Jul-2026,30-Sep-2026,87.7041,2.83731
30-Jul-2026,30-Sep-2026,91.8805,1.54134
30-Jul-2026,30-Sep-2026,96.0569,0.74798
30-Jul-2026,30-Sep-2026,100.233,0.321086
30-Jul-2026,30-Oct-2026,66.8222,18.1093
30-Jul-2026,30-Oct-2026,70.9986,14.5275
30-Jul-2026,30-Oct-2026,75.175,11.2489
30-Jul-2026,30-Oct-2026,79.3514,8.35596
30-Jul-2026,30-Oct-2026,83.5277,5.91517
30-Jul-2026,30-Oct-2026,87.7041,3.96288
30-Jul-2026,30-Oct-2026,91.8805,2.49532
30-Jul-2026,30-Oct-2026,96.0569,1.46745
30-Jul-2026,30-Oct-2026,100.233,0.802006
30-Jul-2026,30-Nov-2026,66.8222,18.7911
30-Jul-2026,30-Nov-2026,70.9986,15.3679
30-Jul-2026,30-Nov-2026,75.175,12.2348
30-Jul-2026,30-Nov-2026,79.3514,9.44736
30-Jul-2026,30-Nov-2026,83.5277,7.04836
30-Jul-2026,30-Nov-2026,87.7041,5.06091
30-Jul-2026,30-Nov-2026,91.8805,3.48397
30-Jul-2026,30-Nov-2026,96.0569,2.29154
30-Jul-2026,30-Nov-2026,100.233,1.43619
30-Jul-2026,31-Dec-2026,66.8222,19.45
30-Jul-2026,31-Dec-2026,70.9986,16.1474
30-Jul-2026,31-Dec-2026,75.175,13.1201
30-Jul-2026,31-Dec-2026,79.3514,10.4084
30-Jul-2026,31-Dec-2026,83.5277,8.04231
30-Jul-2026,31-Dec-2026,87.7041,6.03754
30-Jul-2026,31-Dec-2026,91.8805,4.39347
30-Jul-2026,31-Dec-2026,96.0569,3.09256
30-Jul-2026,31-Dec-2026,100.233,2.10223
30-Jul-2026,29-Jan-2027,66.8222,20.1337
30-Jul-2026,29-Jan-2027,70.9986,16.9355
30-Jul-2026,29-Jan-2027,75.175,13.9978
30-Jul-2026,29-Jan-2027,79.3514,11.3504
30-Jul-2026,29-Jan-2027,83.5277,9.01479
30-Jul-2026,29-Jan-2027,87.7041,7.0018
30-Jul-2026,29-Jan-2027,91.8805,5.31049
30-Jul-2026,29-Jan-2027,96.0569,3.92799
30-Jul-2026,29-Jan-2027,100.233,2.83061
30-Jul-2026,26-Feb-2027,66.8222,20.7019
30-Jul-2026,26-Feb-2027,70.9986,17.5794
30-Jul-2026,26-Feb-2027,75.175,14.706
30-Jul-2026,26-Feb-2027,79.3514,12.1051
30-Jul-2026,26-Feb-2027,83.5277,9.79326
30-Jul-2026,26-Feb-2027,87.7041,7.77843
30-Jul-2026,26-Feb-2027,91.8805,6.05924
30-Jul-2026,26-Feb-2027,96.0569,4.62515
30-Jul-2026,26-Feb-2027,100.233,3.45715
30-Jul-2026,31-Mar-2027,66.8222,21.3905
30-Jul-2026,31-Mar-2027,70.9986,18.3501
30-Jul-2026,31-Mar-2027,75.175,15.5458
30-Jul-2026,31-Mar-2027,79.3514,12.9956
30-Jul-2026,31-Mar-2027,83.5277,10.7114
30-Jul-2026,31-Mar-2027,87.7041,8.69864
30-Jul-2026,31-Mar-2027,91.8805,6.95543
30-Jul-2026,31-Mar-2027,96.0569,5.47295
30-Jul-2026,31-Mar-2027,100.233,4.23606
30-Jul-2026,30-Apr-2027,66.8222,21.9917
30-Jul-2026,30-Apr-2027,70.9986,19.0162
30-Jul-2026,30-Apr-2027,75.175,16.2665
30-Jul-2026,30-Apr-2027,79.3514,13.7567
30-Jul-2026,30-Apr-2027,83.5277,11.4961
30-Jul-2026,30-Apr-2027,87.7041,9.48801
30-Jul-2026,30-Apr-2027,91.8805,7.73035
30-Jul-2026,30-Apr-2027,96.0569,6.21527
30-Jul-2026,30-Apr-2027,100.233,4.92991
30-Jul-2026,31-May-2027,66.8222,22.5931
30-Jul-2026,31-May-2027,70.9986,19.6776
30-Jul-2026,31-May-2027,75.175,16.9783
30-Jul-2026,31-May-2027,79.3514,14.5064
30-Jul-2026,31-May-2027,83.5277,12.2688
30-Jul-2026,31-May-2027,87.7041,10.2676
30-Jul-2026,31-May-2027,91.8805,8.50022
30-Jul-2026,31-May-2027,96.0569,6.9595
30-Jul-2026,31-May-2027,100.233,5.63431
31-Jul-2026,07-Aug-2026,67.4787,16.9333
31-Jul-2026,07-Aug-2026,71.6961,12.7204
31-Jul-2026,07-Aug-2026,75.9136,8.52486
31-Jul-2026,07-Aug-2026,80.131,4.54096
31-Jul-2026,07-Aug-2026,84.3484,1.54011
31-Jul-2026,07-Aug-2026,88.5658,0.246299
31-Jul-2026,07-Aug-2026,92.7832,0.0138012
31-Jul-2026,07-Aug-2026,97.0007,0.000213357
31-Jul-2026,07-Aug-2026,101.218,7.85786e-07
31-Jul-2026,14-Aug-2026,67.4787,16.9862
31-Jul-2026,14-Aug-2026,71.6961,12.7882
31-Jul-2026,14-Aug-2026,75.9136,8.67436
31-Jul-2026,14-Aug-2026,80.131,4.92788
31-Jul-2026,14-Aug-2026,84.3484,2.10529
31-Jul-2026,14-Aug-2026,88.5658,0.593917
31-Jul-2026,14-Aug-2026,92.7832,0.096898
31-Jul-2026,14-Aug-2026,97.0007,0.00814162
31-Jul-2026,14-Aug-2026,101.218,0.000326031
31-Jul-2026,21-Aug-2026,67.4787,17.059
31-Jul-2026,21-Aug-2026,71.6961,12.9053
31-Jul-2026,21-Aug-2026,75.9136,8.91725
31-Jul-2026,21-Aug-2026,80.131,5.37299
31-Jul-2026,21-Aug-2026,84.3484,2.65782
31-Jul-2026,21-Aug-2026,88.5658,1.00677
31-Jul-2026,21-Aug-2026,92.7832,0.271737
31-Jul-2026,21-Aug-2026,97.0007,0.048955
31-Jul-2026,21-Aug-2026,101.218,0.00562291
31-Jul-2026,28-Aug-2026,67.4787,17.1303
31-Jul-2026,28-Aug-2026,71.6961,13.0264
31-Jul-2026,28-Aug-2026,75.9136,9.13637
31-Jul-2026,28-Aug-2026,80.131,5.71121
31-Jul-2026,28-Aug-2026,84.3484,3.0497
31-Jul-2026,28-Aug-2026,88.5658,1.32579
31-Jul-2026,28-Aug-2026,92.7832,0.446373
31-Jul-2026,28-Aug-2026,97.0007,0.111168
31-Jul-2026,28-Aug-2026,101.218,0.0198154
31-Jul-2026,04-Sep-2026,67.4787,17.2131
31-Jul-2026,04-Sep-2026,71.6961,13.1639
31-Jul-2026,04-Sep-2026,75.9136,9.3621
31-Jul-2026,04-Sep-2026,80.131,6.02984
31-Jul-2026,04-Sep-2026,84.3484,3.40688
31-Jul-2026,04-Sep-2026,88.5658,1.62948
31-Jul-2026,04-Sep-2026,92.7832,0.635787
31-Jul-2026,04-Sep-2026,97.0007,0.195554
31-Jul-2026,04-Sep-2026,101.218,0.0462446
31-Jul-2026,31-Aug-2026,67.4787,17.1749
31-Jul-2026,31-Aug-2026,71.6961,13.1011
31-Jul-2026,31-Aug-2026,75.9136,9.26136
31-Jul-2026,31-Aug-2026,80.131,5.89041
31-Jul-2026,31-Aug-2026,84.3484,3.2517
31-Jul-2026,31-Aug-2026,88.5658,1.49625
31-Jul-2026,31-Aug-2026,92.7832,0.550286
31-Jul-2026,31-Aug-2026,97.0007,0.155601
31-Jul-2026,31-Aug-2026,101.218,0.03289
31-Jul-2026,30-Sep-2026,67.4787,17.6616
31-Jul-2026,30-Sep-2026,71.6961,13.8349
31-Jul-2026,30-Sep-2026,75.9136,10.3108
31-Jul-2026,30-Sep-2026,80.131,7.22403
31-Jul-2026,30-Sep-2026,84.3484,4.69428
31-Jul-2026,30-Sep-2026,88.5658,2.78814
31-Jul-2026,30-Sep-2026,92.7832,1.49113
31-Jul-2026,30-Sep-2026,97.0007,0.708175
31-Jul-2026,30-Sep-2026,101.218,0.295546
31-Jul-2026,30-Oct-2026,67.4787,18.259
31-Jul-2026,30-Oct-2026,71.6961,14.6273
31-Jul-2026,30-Oct-2026,75.9136,11.301
31-Jul-2026,30-Oct-2026,80.131,8.36578
31-Jul-2026,30-Oct-2026,84.3484,5.89209
31-Jul-2026,30-Oct-2026,88.5658,3.919
31-Jul-2026,30-Oct-2026,92.7832,2.44336
31-Jul-2026,30-Oct-2026,97.0007,1.41819
31-Jul-2026,30-Oct-2026,101.218,0.762297
31-Jul-2026,30-Nov-2026,67.4787,18.9411
31-Jul-2026,30-Nov-2026,71.6961,15.4701
31-Jul-2026,30-Nov-2026,75.9136,12.292
31-Jul-2026,30-Nov-2026,80.131,9.46477
31-Jul-2026,30-Nov-2026,84.3484,7.0336
31-Jul-2026,30-Nov-2026,88.5658,5.02347
31-Jul-2026,30-Nov-2026,92.7832,3.43404
31-Jul-2026,30-Nov-2026,97.0007,2.23855
31-Jul-2026,30-Nov-2026,101.218,1.38747
31-Jul-2026,31-Dec-2026,67.4787,19.602
31-Jul-2026,31-Dec-2026,71.6961,16.2533
31-Jul-2026,31-Dec-2026,75.9136,13.183
31-Jul-2026,31-Dec-2026,80.131,10.4331
31-Jul-2026,31-Dec-2026,84.3484,8.03525
31-Jul-2026,31-Dec-2026,88.5658,6.00672
31-Jul-2026,31-Dec-2026,92.7832,4.34743
31-Jul-2026,31-Dec-2026,97.0007,3.03955
31-Jul-2026,31-Dec-2026,101.218,2.04928
31-Jul-2026,29-Jan-2027,67.4787,20.2888
31-Jul-2026,29-Jan-2027,71.6961,17.0462
31-Jul-2026,29-Jan-2027,75.9136,14.067
31-Jul-2026,29-Jan-2027,80.131,11.3826
31-Jul-2026,29-Jan-2027,84.3484,9.0157
31-Jul-2026,29-Jan-2027,88.5658,6.97821
31-Jul-2026,29-Jan-2027,92.7832,5.26972
31-Jul-2026,29-Jan-2027,97.0007,3.87725
31-Jul-2026,29-Jan-2027,101.218,2.77638
31-Jul-2026,26-Feb-2027,67.4787,20.8602
31-Jul-2026,26-Feb-2027,71.6961,17.6945
31-Jul-2026,26-Feb-2027,75.9136,14.7807
31-Jul-2026,26-Feb-2027,80.131,12.1436
31-Jul-2026,26-Feb-2027,84.3484,9.80084
31-Jul-2026,26-Feb-2027,88.5658,7.76108
31-Jul-2026,26-Feb-2027,92.7832,6.0235
31-Jul-2026,26-Feb-2027,97.0007,4.5775
31-Jul-2026,26-Feb-2027,101.218,3.40361
31-Jul-2026,31-Mar-2027,67.4787,21.5533
31-Jul-2026,31-Mar-2027,71.6961,18.471
31-Jul-2026,31-Mar-2027,75.9136,15.6275
31-Jul-2026,31-Mar-2027,80.131,13.0419
31-Jul-2026,31-Mar-2027,84.3484,10.7272
31-Jul-2026,31-Mar-2027,88.5658,8.68913
31-Jul-2026,31-Mar-2027,92.7832,6.92638
31-Jul-2026,31-Mar-2027,97.0007,5.43015
31-Jul-2026,31-Mar-2027,101.218,4.18496
31-Jul-2026,30-Apr-2027,67.4787,22.1589
31-Jul-2026,30-Apr-2027,71.6961,19.1424
31-Jul-2026,30-Apr-2027,75.9136,16.3544
31-Jul-2026,30-Apr-2027,80.131,13.81
31-Jul-2026,30-Apr-2027,84.3484,11.519
31-Jul-2026,30-Apr-2027,88.5658,9.48551
31-Jul-2026,30-Apr-2027,92.7832,7.70757
31-Jul-2026,30-Apr-2027,97.0007,6.17743
31-Jul-2026,30-Apr-2027,101.218,4.88205
31-Jul-2026,31-May-2027,67.4787,22.765
31-Jul-2026,31-May-2027,71.6961,19.8094
31-Jul-2026,31-May-2027,75.9136,17.0727
31-Jul-2026,31-May-2027,80.131,14.5668
31-Jul-2026,31-May-2027,84.3484,12.2991
31-Jul-2026,31-May-2027,88.5658,10.2723
31-Jul-2026,31-May-2027,92.7832,8.48401
31-Jul-2026,31-May-2027,97.0007,6.92718
31-Jul-2026,31-May-2027,101.218,5.59051
31-Jul-2026,30-Jun-2027,67.4787,23.3436
31-Jul-2026,30-Jun-2027,71.6961,20.4422
31-Jul-2026,30-Jun-2027,75.9136,17.7512
31-Jul-2026,30-Jun-2027,80.131,15.2801
31-Jul-2026,30-Jun-2027,84.3484,13.0344
31-Jul-2026,30-Jun-2027,88.5658,11.0156
31-Jul-2026,30-Jun-2027,92.7832,9.22105
31-Jul-2026,30-Jun-2027,97.0007,7.6442
31-Jul-2026,30-Jun-2027,101.218,6.27496
03-Aug-2026,07-Aug-2026,66.9163,16.7522
03-Aug-2026,07-Aug-2026,71.0986,12.5713
03-Aug-2026,07-Aug-2026,75.2808,8.39059
03-Aug-2026,07-Aug-2026,79.4631,4.23997
03-Aug-2026,07-Aug-2026,83.6454,0.919553
03-Aug-2026,07-Aug-2026,87.8276,0.0276171
03-Aug-2026,07-Aug-2026,92.0099,4.00777e-05
03-Aug-2026,07-Aug-2026,96.1922,1.43618e-09
03-Aug-2026,07-Aug-2026,100.374,1.13481e-15
03-Aug-2026,14-Aug-2026,66.9163,16.8157
03-Aug-2026,14-Aug-2026,71.0986,12.6425
03-Aug-2026,14-Aug-2026,75.2808,8.51536
03-Aug-2026,14-Aug-2026,79.4631,4.68793
03-Aug-2026,14-Aug-2026,83.6454,1.81677
03-Aug-2026,14-Aug-2026,87.8276,0.411302
03-Aug-2026,14-Aug-2026,92.0099,0.0451622
03-Aug-2026,14-Aug-2026,96.1922,0.00205638
03-Aug-2026,14-Aug-2026,100.374,3.50434e-05
03-Aug-2026,21-Aug-2026,66.9163,16.8705
03-Aug-2026,21-Aug-2026,71.0986,12.7222
03-Aug-2026,21-Aug-2026,75.2808,8.6932
03-Aug-2026,21-Aug-2026,79.4631,5.07081
03-Aug-2026,21-Aug-2026,83.6454,2.32616
03-Aug-2026,21-Aug-2026,87.8276,0.762444
03-Aug-2026,21-Aug-2026,92.0099,0.161927
03-Aug-2026,21-Aug-2026,96.1922,0.0204286
03-Aug-2026,21-Aug-2026,100.374,0.00144131
03-Aug-2026,28-Aug-2026,66.9163,16.9493
03-Aug-2026,28-Aug-2026,71.0986,12.8548
03-Aug-2026,28-Aug-2026,75.2808,8.95208
03-Aug-2026,28-Aug-2026,79.4631,5.50462
03-Aug-2026,28-Aug-2026,83.6454,2.84515
03-Aug-2026,28-Aug-2026,87.8276,1.16905
03-Aug-2026,28-Aug-2026,92.0099,0.360551
03-Aug-2026,28-Aug-2026,96.1922,0.0791994
03-Aug-2026,28-Aug-2026,100.374,0.0119312
03-Aug-2026,04-Sep-2026,66.9163,17.0267
03-Aug-2026,04-Sep-2026,71.0986,12.9856
03-Aug-2026,04-Sep-2026,75.2808,9.17692
03-Aug-2026,04-Sep-2026,79.4631,5.83442
03-Aug-2026,04-Sep-2026,83.6454,3.22003
03-Aug-2026,04-Sep-2026,87.8276,1.48234
03-Aug-2026,04-Sep-2026,92.0099,0.546214
03-Aug-2026,04-Sep-2026,96.1922,0.155096
03-Aug-2026,04-Sep-2026,100.374,0.0330026
03-Aug-2026,31-Aug-2026,66.9163,16.9738
03-Aug-2026,31-Aug-2026,71.0986,12.8965
03-Aug-2026,31-Aug-2026,75.2808,9.02631
03-Aug-2026,31-Aug-2026,79.4631,5.61683
03-Aug-2026,31-Aug-2026,83.6454,2.9741
03-Aug-2026,31-Aug-2026,87.8276,1.2753
03-Aug-2026,31-Aug-2026,92.0099,0.420817
03-Aug-2026,31-Aug-2026,96.1922,0.101973
03-Aug-2026,31-Aug-2026,100.374,0.0175403
03-Aug-2026,30-Sep-2026,66.9163,17.435
03-Aug-2026,30-Sep-2026,71.0986,13.6101
03-Aug-2026,30-Sep-2026,75.2808,10.0831
03-Aug-2026,30-Sep-2026,79.4631,6.99732
03-Aug-2026,30-Sep-2026,83.6454,4.48172
03-Aug-2026,30-Sep-2026,87.8276,2.60724
03-Aug-2026,30-Sep-2026,92.0099,1.35525
03-Aug-2026,30-Sep-2026,96.1922,0.619952
03-Aug-2026,30-Sep-2026,100.374,0.246696
03-Aug-2026,30-Oct-2026,66.9163,18.0235
03-Aug-2026,30-Oct-2026,71.0986,14.4012
03-Aug-2026,30-Oct-2026,75.2808,11.0834
03-Aug-2026,30-Oct-2026,79.4631,8.15958
03-Aug-2026,30-Oct-2026,83.6454,5.70338
03-Aug-2026,30-Oct-2026,87.8276,3.75524
03-Aug-2026,30-Oct-2026,92.0099,2.31072
03-Aug-2026,30-Oct-2026,96.1922,1.31917
03-Aug-2026,30-Oct-2026,100.374,0.694776
03-Aug-2026,30-Nov-2026,66.9163,18.7326
03-Aug-2026,30-Nov-2026,71.0986,15.2821
03-Aug-2026,30-Nov-2026,75.2808,12.1235
03-Aug-2026,30-Nov-2026,79.4631,9.31578
03-Aug-2026,30-Nov-2026,83.6454,6.90456
03-Aug-2026,30-Nov-2026,87.8276,4.91493
03-Aug-2026,30-Nov-2026,92.0099,3.3461
03-Aug-2026,30-Nov-2026,96.1922,2.17044
03-Aug-2026,30-Nov-2026,100.374,1.33735
03-Aug-2026,31-Dec-2026,66.9163,19.3915
03-Aug-2026,31-Dec-2026,71.0986,16.0645
03-Aug-2026,31-Dec-2026,75.2808,13.0148
03-Aug-2026,31-Dec-2026,79.4631,10.2849
03-Aug-2026,31-Dec-2026,83.6454,7.90684
03-Aug-2026,31-Dec-2026,87.8276,5.89766
03-Aug-2026,31-Dec-2026,92.0099,4.25715
03-Aug-2026,31-Dec-2026,96.1922,2.96703
03-Aug-2026,31-Dec-2026,100.374,1.993
03-Aug-2026,29-Jan-2027,66.9163,20.0457
03-Aug-2026,29-Jan-2027,71.0986,16.8208
03-Aug-2026,29-Jan-2027,75.2808,13.859
03-Aug-2026,29-Jan-2027,79.4631,11.192
03-Aug-2026,29-Jan-2027,83.6454,8.84308
03-Aug-2026,29-Jan-2027,87.8276,6.82437
03-Aug-2026,29-Jan-2027,92.0099,5.13534
03-Aug-2026,29-Jan-2027,96.1922,3.76265
03-Aug-2026,29-Jan-2027,100.374,2.68127
03-Aug-2026,26-Feb-2027,66.9163,20.6449
03-Aug-2026,26-Feb-2027,71.0986,17.5013
03-Aug-2026,26-Feb-2027,75.2808,14.6085
03-Aug-2026,26-Feb-2027,79.4631,11.9913
03-Aug-2026,26-Feb-2027,83.6454,9.66744
03-Aug-2026,26-Feb-2027,87.8276,7.64566
03-Aug-2026,26-Feb-2027,92.0099,5.92502
03-Aug-2026,26-Feb-2027,96.1922,4.49485
03-Aug-2026,26-Feb-2027,100.374,3.3355
03-Aug-2026,31-Mar-2027,66.9163,21.3056
03-Aug-2026,31-Mar-2027,71.0986,18.2418
03-Aug-2026,31-Mar-2027,75.2808,15.4163
03-Aug-2026,31-Mar-2027,79.4631,12.8482
03-Aug-2026,31-Mar-2027,83.6454,10.5508
03-Aug-2026,31-Mar-2027,87.8276,8.53002
03-Aug-2026,31-Mar-2027,92.0099,6.78451
03-Aug-2026,31-Mar-2027,96.1922,5.30537
03-Aug-2026,31-Mar-2027,100.374,4.0769
03-Aug-2026,30-Apr-2027,66.9163,21.9084
03-Aug-2026,30-Apr-2027,71.0986,18.9105
03-Aug-2026,30-Apr-2027,75.2808,16.1404
03-Aug-2026,30-Apr-2027,79.4631,13.6133
03-Aug-2026,30-Apr-2027,83.6454,11.3394
03-Aug-2026,30-Apr-2027,87.8276,9.3226
03-Aug-2026,30-Apr-2027,92.0099,7.56118
03-Aug-2026,30-Apr-2027,96.1922,6.04731
03-Aug-2026,30-Apr-2027,100.374,4.76778
03-Aug-2026,31-May-2027,66.9163,22.539
03-Aug-2026,31-May-2027,71.0986,19.6046
03-Aug-2026,31-May-2027,75.2808,16.8879
03-Aug-2026,31-May-2027,79.4631,14.4009
03-Aug-2026,31-May-2027,83.6454,12.1509
03-Aug-2026,31-May-2027,87.8276,10.1407
03-Aug-2026,31-May-2027,92.0099,8.368
03-Aug-2026,31-May-2027,96.1922,6.82567
03-Aug-2026,31-May-2027,100.374,5.50244
03-Aug-2026,30-Jun-2027,66.9163,23.1136
03-Aug-2026,30-Jun-2027,71.0986,20.2331
03-Aug-2026,30-Jun-2027,75.2808,17.5618
03-Aug-2026,30-Jun-2027,79.4631,15.1091
03-Aug-2026,30-Jun-2027,83.6454,12.8808
03-Aug-2026,30-Jun-2027,87.8276,10.8783
03-Aug-2026,30-Jun-2027,92.0099,9.09903
03-Aug-2026,30-Jun-2027,96.1922,7.5364
03-Aug-2026,30-Jun-2027,100.374,6.1804
04-Aug-2026,07-Aug-2026,66.7204,16.6979
04-Aug-2026,07-Aug-2026,70.8904,12.529
04-Aug-2026,07-Aug-2026,75.0604,8.36014
04-Aug-2026,07-Aug-2026,79.2304,4.20417
04-Aug-2026,07-Aug-2026,83.4004,0.797757
04-Aug-2026,07-Aug-2026,87.5705,0.0114729
04-Aug-2026,07-Aug-2026,91.7405,2.85662e-06
04-Aug-2026,07-Aug-2026,95.9105,5.19898e-12
04-Aug-2026,07-Aug-2026,100.081,1.05858e-15
04-Aug-2026,14-Aug-2026,66.7204,16.7635
04-Aug-2026,14-Aug-2026,70.8904,12.6013
04-Aug-2026,14-Aug-2026,75.0604,8.47878
04-Aug-2026,14-Aug-2026,79.2304,4.64014
04-Aug-2026,14-Aug-2026,83.4004,1.761
04-Aug-2026,14-Aug-2026,87.5705,0.379319
04-Aug-2026,14-Aug-2026,91.7405,0.0380387
04-Aug-2026,14-Aug-2026,95.9105,0.00150591
04-Aug-2026,14-Aug-2026,100.081,2.11281e-05
04-Aug-2026,21-Aug-2026,66.7204,16.8194
04-Aug-2026,21-Aug-2026,70.8904,12.6806
04-Aug-2026,21-Aug-2026,75.0604,8.65502
04-Aug-2026,21-Aug-2026,79.2304,5.02956
04-Aug-2026,21-Aug-2026,83.4004,2.28584
04-Aug-2026,21-Aug-2026,87.5705,0.735772
04-Aug-2026,21-Aug-2026,91.7405,0.151701
04-Aug-2026,21-Aug-2026,95.9105,0.018332
04-Aug-2026,21-Aug-2026,100.081,0.00122036
04-Aug-2026,28-Aug-2026,66.7204,16.8993
04-Aug-2026,28-Aug-2026,70.8904,12.8134
04-Aug-2026,28-Aug-2026,75.0604,8.91571
04-Aug-2026,28-Aug-2026,79.2304,5.47079
04-Aug-2026,28-Aug-2026,83.4004,2.81596
04-Aug-2026,28-Aug-2026,87.5705,1.14907
04-Aug-2026,28-Aug-2026,91.7405,0.350801
04-Aug-2026,28-Aug-2026,95.9105,0.076009
04-Aug-2026,28-Aug-2026,100.081,0.0112495
04-Aug-2026,04-Sep-2026,66.7204,16.9776
04-Aug-2026,04-Sep-2026,70.8904,12.9454
04-Aug-2026,04-Sep-2026,75.0604,9.14314
04-Aug-2026,04-Sep-2026,79.2304,5.80576
04-Aug-2026,04-Sep-2026,83.4004,3.19733
04-Aug-2026,04-Sep-2026,87.5705,1.46719
04-Aug-2026,04-Sep-2026,91.7405,0.538354
04-Aug-2026,04-Sep-2026,95.9105,0.152079
04-Aug-2026,04-Sep-2026,100.081,0.0321592
04-Aug-2026,31-Aug-2026,66.7204,16.9241
04-Aug-2026,31-Aug-2026,70.8904,12.8555
04-Aug-2026,31-Aug-2026,75.0604,8.99074
04-Aug-2026,31-Aug-2026,79.2304,5.58481
04-Aug-2026,31-Aug-2026,83.4004,2.94725
04-Aug-2026,31-Aug-2026,87.5705,1.25699
04-Aug-2026,31-Aug-2026,91.7405,0.411605
04-Aug-2026,31-Aug-2026,95.9105,0.0987405
04-Aug-2026,31-Aug-2026,100.081,0.0167681
04-Aug-2026,30-Sep-2026,66.7204,17.3919
04-Aug-2026,30-Sep-2026,70.8904,13.5779
04-Aug-2026,30-Sep-2026,75.0604,10.061
04-Aug-2026,30-Sep-2026,79.2304,6.98434
04-Aug-2026,30-Sep-2026,83.4004,4.47634
04-Aug-2026,30-Sep-2026,87.5705,2.60724
04-Aug-2026,30-Sep-2026,91.7405,1.35802
04-Aug-2026,30-Sep-2026,95.9105,0.623171
04-Aug-2026,30-Sep-2026,100.081,0.249058
04-Aug-2026,30-Oct-2026,66.7204,17.9895
04-Aug-2026,30-Oct-2026,70.8904,14.3797
04-Aug-2026,30-Oct-2026,75.0604,11.0736
04-Aug-2026,30-Oct-2026,79.2304,8.16001
04-Aug-2026,30-Oct-2026,83.4004,5.71177
04-Aug-2026,30-Oct-2026,87.5705,3.76862
04-Aug-2026,30-Oct-2026,91.7405,2.32583
04-Aug-2026,30-Oct-2026,95.9105,1.33315
04-Aug-2026,30-Oct-2026,100.081,0.705791
04-Aug-2026,30-Nov-2026,66.7204,18.709
04-Aug-2026,30-Nov-2026,70.8904,15.2718
04-Aug-2026,30-Nov-2026,75.0604,12.1256
04-Aug-2026,30-Nov-2026,79.2304,9.32846
04-Aug-2026,30-Nov-2026,83.4004,6.92534
04-Aug-2026,30-Nov-2026,87.5705,4.94075
04-Aug-2026,30-Nov-2026,91.7405,3.37364
04-Aug-2026,30-Nov-2026,95.9105,2.19665
04-Aug-2026,30-Nov-2026,100.081,1.35991
04-Aug-2026,31-Dec-2026,66.7204,19.3769
04-Aug-2026,31-Dec-2026,70.8904,16.0637
04-Aug-2026,31-Dec-2026,75.0604,13.0266
04-Aug-2026,31-Dec-2026,79.2304,10.3074
04-Aug-2026,31-Dec-2026,83.4004,7.9375
04-Aug-2026,31-Dec-2026,87.5705,5.93351
04-Aug-2026,31-Dec-2026,91.7405,4.29498
04-Aug-2026,31-Dec-2026,95.9105,3.00382
04-Aug-2026,31-Dec-2026,100.081,2.02623
04-Aug-2026,29-Jan-2027,66.7204,20.0396
04-Aug-2026,29-Jan-2027,70.8904,16.8288
04-Aug-2026,29-Jan-2027,75.0604,13.8796
04-Aug-2026,29-Jan-2027,79.2304,11.2233
04-Aug-2026,29-Jan-2027,83.4004,8.88269
04-Aug-2026,29-Jan-2027,87.5705,6.86937
04-Aug-2026,29-Jan-2027,91.7405,5.18267
04-Aug-2026,29-Jan-2027,95.9105,3.80935
04-Aug-2026,29-Jan-2027,100.081,2.72479
04-Aug-2026,26-Feb-2027,66.7204,20.6463
04-Aug-2026,26-Feb-2027,70.8904,17.5169
04-Aug-2026,26-Feb-2027,75.0604,14.6367
04-Aug-2026,26-Feb-2027,79.2304,12.0303
04-Aug-2026,26-Feb-2027,83.4004,9.71476
04-Aug-2026,26-Feb-2027,87.5705,7.69855
04-Aug-2026,26-Feb-2027,91.7405,5.98058
04-Aug-2026,26-Feb-2027,95.9105,4.55021
04-Aug-2026,26-Feb-2027,100.081,3.38813
04-Aug-2026,31-Mar-2027,66.7204,21.3149
04-Aug-2026,31-Mar-2027,70.8904,18.2654
04-Aug-2026,31-Mar-2027,75.0604,15.4525
04-Aug-2026,31-Mar-2027,79.2304,12.8952
04-Aug-2026,31-Mar-2027,83.4004,10.6062
04-Aug-2026,31-Mar-2027,87.5705,8.59123
04-Aug-2026,31-Mar-2027,91.7405,6.84874
04-Aug-2026,31-Mar-2027,95.9105,5.36989
04-Aug-2026,31-Mar-2027,100.081,4.13924
04-Aug-2026,30-Apr-2027,66.7204,21.9246
04-Aug-2026,30-Apr-2027,70.8904,18.941
04-Aug-2026,30-Apr-2027,75.0604,16.1837
04-Aug-2026,30-Apr-2027,79.2304,13.6674
04-Aug-2026,30-Apr-2027,83.4004,11.4019
04-Aug-2026,30-Apr-2027,87.5705,9.39109
04-Aug-2026,30-Apr-2027,91.7405,7.63301
04-Aug-2026,30-Apr-2027,95.9105,6.11987
04-Aug-2026,30-Apr-2027,100.081,4.83867
04-Aug-2026,31-May-2027,66.7204,22.5623
04-Aug-2026,31-May-2027,70.8904,19.6423
04-Aug-2026,31-May-2027,75.0604,16.9383
04-Aug-2026,31-May-2027,79.2304,14.462
04-Aug-2026,31-May-2027,83.4004,12.2207
04-Aug-2026,31-May-2027,87.5705,10.2166
04-Aug-2026,31-May-2027,91.7405,8.44753
04-Aug-2026,31-May-2027,95.9105,6.90638
04-Aug-2026,31-May-2027,100.081,5.582
04-Aug-2026,30-Jun-2027,66.7204,23.1432
04-Aug-2026,30-Jun-2027,70.8904,20.277
04-Aug-2026,30-Jun-2027,75.0604,17.6184
04-Aug-2026,30-Jun-2027,79.2304,15.1766
04-Aug-2026,30-Jun-2027,83.4004,12.9569
04-Aug-2026,30-Jun-2027,87.5705,10.9607
04-Aug-2026,30-Jun-2027,91.7405,9.18537
04-Aug-2026,30-Jun-2027,95.9105,7.62431
04-Aug-2026,30-Jun-2027,100.081,6.26762
05-Aug-2026,07-Aug-2026,64.3517,16.0997
05-Aug-2026,07-Aug-2026,68.3737,12.0784
05-Aug-2026,07-Aug-2026,72.3957,8.05718
05-Aug-2026,07-Aug-2026,76.4177,4.0397
05-Aug-2026,07-Aug-2026,80.4397,0.656737
05-Aug-2026,07-Aug-2026,84.4617,0.00335271
05-Aug-2026,07-Aug-2026,88.4837,6.81962e-08
05-Aug-2026,07-Aug-2026,96.5276,2.46002e-15
05-Aug-2026,14-Aug-2026,64.3517,16.1643
05-Aug-2026,14-Aug-2026,68.3737,12.1497
05-Aug-2026,14-Aug-2026,72.3957,8.17381
05-Aug-2026,14-Aug-2026,76.4177,4.47581
05-Aug-2026,14-Aug-2026,80.4397,1.70763
05-Aug-2026,14-Aug-2026,84.4617,0.375359
05-Aug-2026,14-Aug-2026,88.4837,0.0396324
05-Aug-2026,14-Aug-2026,92.5056,0.00173362
05-Aug-2026,14-Aug-2026,96.5276,2.84341e-05
05-Aug-2026,21-Aug-2026,64.3517,16.2198
05-Aug-2026,21-Aug-2026,68.3737,12.2298
05-Aug-2026,21-Aug-2026,72.3957,8.35524
05-Aug-2026,21-Aug-2026,76.4177,4.87572
05-Aug-2026,21-Aug-2026,80.4397,2.24456
05-Aug-2026,21-Aug-2026,84.4617,0.744718
05-Aug-2026,21-Aug-2026,88.4837,0.16287
05-Aug-2026,21-Aug-2026,92.5056,0.0217167
05-Aug-2026,21-Aug-2026,96.5276,0.00166884
05-Aug-2026,28-Aug-2026,64.3517,16.3004
05-Aug-2026,28-Aug-2026,68.3737,12.3663
05-Aug-2026,28-Aug-2026,72.3957,8.62257
05-Aug-2026,28-Aug-2026,76.4177,5.32246
05-Aug-2026,28-Aug-2026,80.4397,2.77778
05-Aug-2026,28-Aug-2026,84.4617,1.16501
05-Aug-2026,28-Aug-2026,88.4837,0.373076
05-Aug-2026,28-Aug-2026,92.5056,0.0870943
05-Aug-2026,28-Aug-2026,96.5276,0.0143172
05-Aug-2026,04-Sep-2026,64.3517,16.3803
05-Aug-2026,04-Sep-2026,68.3737,12.5017
05-Aug-2026,04-Sep-2026,72.3957,8.85345
05-Aug-2026,04-Sep-2026,76.4177,5.65791
05-Aug-2026,04-Sep-2026,80.4397,3.1572
05-Aug-2026,04-Sep-2026,84.4617,1.48393
05-Aug-2026,04-Sep-2026,88.4837,0.566408
05-Aug-2026,04-Sep-2026,92.5056,0.169781
05-Aug-2026,04-Sep-2026,96.5276,0.038961
05-Aug-2026,31-Aug-2026,64.3517,16.3256
05-Aug-2026,31-Aug-2026,68.3737,12.4095
05-Aug-2026,31-Aug-2026,72.3957,8.69898
05-Aug-2026,31-Aug-2026,76.4177,5.43697
05-Aug-2026,31-Aug-2026,80.4397,2.90876
05-Aug-2026,31-Aug-2026,84.4617,1.2736
05-Aug-2026,31-Aug-2026,88.4837,0.436164
05-Aug-2026,31-Aug-2026,92.5056,0.112109
05-Aug-2026,31-Aug-2026,96.5276,0.0209657
05-Aug-2026,30-Sep-2026,64.3517,16.8012
05-Aug-2026,30-Sep-2026,68.3737,13.1397
05-Aug-2026,30-Sep-2026,72.3957,9.76819
05-Aug-2026,30-Sep-2026,76.4177,6.8191
05-Aug-2026,30-Sep-2026,80.4397,4.40972
05-Aug-2026,30-Sep-2026,84.4617,2.60322
05-Aug-2026,30-Sep-2026,88.4837,1.38214
05-Aug-2026,30-Sep-2026,92.5056,0.650885
05-Aug-2026,30-Sep-2026,96.5276,0.268966
05-Aug-2026,30-Oct-2026,64.3517,17.3968
05-Aug-2026,30-Oct-2026,68.3737,13.9304
05-Aug-2026,30-Oct-2026,72.3957,10.7559
05-Aug-2026,30-Oct-2026,76.4177,7.95547
05-Aug-2026,30-Oct-2026,80.4397,5.59663
05-Aug-2026,30-Oct-2026,84.4617,3.7166
05-Aug-2026,30-Oct-2026,88.4837,2.31213
05-Aug-2026,30-Oct-2026,92.5056,1.33803
05-Aug-2026,30-Oct-2026,96.5276,0.716362
05-Aug-2026,30-Nov-2026,64.3517,18.1015
05-Aug-2026,30-Nov-2026,68.3737,14.7955
05-Aug-2026,30-Nov-2026,72.3957,11.7666
05-Aug-2026,30-Nov-2026,76.4177,9.06925
05-Aug-2026,30-Nov-2026,80.4397,6.74632
05-Aug-2026,30-Nov-2026,84.4617,4.82213
05-Aug-2026,30-Nov-2026,88.4837,3.29763
05-Aug-2026,30-Nov-2026,92.5056,2.14901
05-Aug-2026,30-Nov-2026,96.5276,1.33049
05-Aug-2026,31-Dec-2026,64.3517,18.7477
05-Aug-2026,31-Dec-2026,68.3737,15.5547
05-Aug-2026,31-Dec-2026,72.3957,12.6234
05-Aug-2026,31-Dec-2026,76.4177,9.99372
05-Aug-2026,31-Dec-2026,80.4397,7.69637
05-Aug-2026,31-Dec-2026,84.4617,5.74906
05-Aug-2026,31-Dec-2026,88.4837,4.15367
05-Aug-2026,31-Dec-2026,92.5056,2.89524
05-Aug-2026,31-Dec-2026,96.5276,1.94312
05-Aug-2026,29-Jan-2027,64.3517,19.3835
05-Aug-2026,29-Jan-2027,68.3737,16.2828
05-Aug-2026,29-Jan-2027,72.3957,13.4293
05-Aug-2026,29-Jan-2027,76.4177,10.8535
05-Aug-2026,29-Jan-2027,80.4397,8.5786
05-Aug-2026,29-Jan-2027,84.4617,6.61783
05-Aug-2026,29-Jan-2027,88.4837,4.97312
05-Aug-2026,29-Jan-2027,92.5056,3.6342
05-Aug-2026,29-Jan-2027,96.5276,2.57917
05-Aug-2026,26-Feb-2027,64.3517,19.9622
05-Aug-2026,26-Feb-2027,68.3737,16.9343
05-Aug-2026,26-Feb-2027,72.3957,14.1416
05-Aug-2026,26-Feb-2027,76.4177,11.6083
05-Aug-2026,26-Feb-2027,80.4397,9.35265
05-Aug-2026,26-Feb-2027,84.4617,7.38511
05-Aug-2026,26-Feb-2027,88.4837,5.70727
05-Aug-2026,26-Feb-2027,92.5056,4.31135
05-Aug-2026,26-Feb-2027,96.5276,3.18056
05-Aug-2026,31-Mar-2027,64.3517,20.5972
05-Aug-2026,31-Mar-2027,68.3737,17.6406
05-Aug-2026,31-Mar-2027,72.3957,14.9068
05-Aug-2026,31-Mar-2027,76.4177,12.4154
05-Aug-2026,31-Mar-2027,80.4397,10.1804
05-Aug-2026,31-Mar-2027,84.4617,8.20989
05-Aug-2026,31-Mar-2027,88.4837,6.50498
05-Aug-2026,31-Mar-2027,92.5056,5.0596
05-Aug-2026,31-Mar-2027,96.5276,3.86067
05-Aug-2026,30-Apr-2027,64.3517,21.1747
05-Aug-2026,30-Apr-2027,68.3737,18.2767
05-Aug-2026,30-Apr-2027,72.3957,15.5916
05-Aug-2026,30-Apr-2027,76.4177,13.1351
05-Aug-2026,30-Apr-2027,80.4397,10.9188
05-Aug-2026,30-Apr-2027,84.4617,8.9487
05-Aug-2026,30-Apr-2027,88.4837,7.22563
05-Aug-2026,30-Apr-2027,92.5056,5.74445
05-Aug-2026,30-Apr-2027,96.5276,4.4944
05-Aug-2026,31-May-2027,64.3517,21.7774
05-Aug-2026,31-May-2027,68.3737,18.936
05-Aug-2026,31-May-2027,72.3957,16.2978
05-Aug-2026,31-May-2027,76.4177,13.8756
05-Aug-2026,31-May-2027,80.4397,11.6787
05-Aug-2026,31-May-2027,84.4617,9.71168
05-Aug-2026,31-May-2027,88.4837,7.97483
05-Aug-2026,31-May-2027,92.5056,6.46366
05-Aug-2026,31-May-2027,96.5276,5.16917
05-Aug-2026,30-Jun-2027,64.3517,22.3259
05-Aug-2026,30-Jun-2027,68.3737,19.5325
05-Aug-2026,30-Jun-2027,72.3957,16.9342
05-Aug-2026,30-Jun-2027,76.4177,14.5418
05-Aug-2026,30-Jun-2027,80.4397,12.3626
05-Aug-2026,30-Jun-2027,84.4617,10.4003
05-Aug-2026,30-Jun-2027,88.4837,8.6546
05-Aug-2026,30-Jun-2027,92.5056,7.12153
05-Aug-2026,30-Jun-2027,96.5276,5.79319
06-Aug-2026,07-Aug-2026,64.1453,16.0422
06-Aug-2026,07-Aug-2026,68.1544,12.0335
06-Aug-2026,07-Aug-2026,72.1635,8.02474
06-Aug-2026,07-Aug-2026,76.1726,4.0161
06-Aug-2026,07-Aug-2026,80.1816,0.460238
06-Aug-2026,07-Aug-2026,84.1907,5.77173e-05
06-Aug-2026,07-Aug-2026,88.1998,6.3281e-14
06-Aug-2026,07-Aug-2026,92.2089,1.17822e-15
06-Aug-2026,14-Aug-2026,64.1453,16.1065
06-Aug-2026,14-Aug-2026,68.1544,12.1034
06-Aug-2026,14-Aug-2026,72.1635,8.13096
06-Aug-2026,14-Aug-2026,76.1726,4.41363
06-Aug-2026,14-Aug-2026,80.1816,1.62964
06-Aug-2026,14-Aug-2026,84.1907,0.330308
06-Aug-2026,14-Aug-2026,88.1998,0.0299581
06-Aug-2026,14-Aug-2026,92.2089,0.00103176
06-Aug-2026,14-Aug-2026,96.218,1.20974e-05
06-Aug-2026,21-Aug-2026,64.1453,16.1611
06-Aug-2026,21-Aug-2026,68.1544,12.1797
06-Aug-2026,21-Aug-2026,72.1635,8.3045
06-Aug-2026,21-Aug-2026,76.1726,4.81396
06-Aug-2026,21-Aug-2026,80.1816,2.17893
06-Aug-2026,21-Aug-2026,84.1907,0.698657
06-Aug-2026,21-Aug-2026,88.1998,0.144154
06-Aug-2026,21-Aug-2026,92.2089,0.0176047
06-Aug-2026,21-Aug-2026,96.218,0.00119858
06-Aug-2026,28-Aug-2026,64.1453,16.2395
06-Aug-2026,28-Aug-2026,68.1544,12.3117
06-Aug-2026,28-Aug-2026,72.1635,8.56718
06-Aug-2026,28-Aug-2026,76.1726,5.26219
06-Aug-2026,28-Aug-2026,80.1816,2.71845
06-Aug-2026,28-Aug-2026,84.1907,1.11954
06-Aug-2026,28-Aug-2026,88.1998,0.348255
06-Aug-2026,28-Aug-2026,92.2089,0.0779331
06-Aug-2026,28-Aug-2026,96.218,0.0120986
06-Aug-2026,04-Sep-2026,64.1453,16.3174
06-Aug-2026,04-Sep-2026,68.1544,12.4441
06-Aug-2026,04-Sep-2026,72.1635,8.79597
06-Aug-2026,04-Sep-2026,76.1726,5.59849
06-Aug-2026,04-Sep-2026,80.1816,3.10045
06-Aug-2026,04-Sep-2026,84.1907,1.43882
06-Aug-2026,04-Sep-2026,88.1998,0.538557
06-Aug-2026,04-Sep-2026,92.2089,0.156995
06-Aug-2026,04-Sep-2026,96.218,0.0347092
06-Aug-2026,31-Aug-2026,64.1453,16.2641
06-Aug-2026,31-Aug-2026,68.1544,12.3538
06-Aug-2026,31-Aug-2026,72.1635,8.64277
06-Aug-2026,31-Aug-2026,76.1726,5.37702
06-Aug-2026,31-Aug-2026,80.1816,2.85045
06-Aug-2026,31-Aug-2026,84.1907,1.22827
06-Aug-2026,31-Aug-2026,88.1998,0.4102
06-Aug-2026,31-Aug-2026,92.2089,0.101673
06-Aug-2026,31-Aug-2026,96.218,0.018106
06-Aug-2026,30-Sep-2026,64.1453,16.7317
06-Aug-2026,30-Sep-2026,68.1544,13.0751
06-Aug-2026,30-Sep-2026,72.1635,9.70667
06-Aug-2026,30-Sep-2026,76.1726,6.76053
06-Aug-2026,30-Sep-2026,80.1816,4.35609
06-Aug-2026,30-Sep-2026,84.1907,2.55784
06-Aug-2026,30-Sep-2026,88.1998,1.34782
06-Aug-2026,30-Sep-2026,92.2089,0.628274
06-Aug-2026,30-Sep-2026,96.218,0.256226
06-Aug-2026,30-Oct-2026,64.1453,17.3224
06-Aug-2026,30-Oct-2026,68.1544,13.8615
06-Aug-2026,30-Oct-2026,72.1635,10.6916
06-Aug-2026,30-Oct-2026,76.1726,7.89577
06-Aug-2026,30-Oct-2026,80.1816,5.54241
06-Aug-2026,30-Oct-2026,84.1907,3.66935
06-Aug-2026,30-Oct-2026,88.1998,2.27337
06-Aug-2026,30-Oct-2026,92.2089,1.30857
06-Aug-2026,30-Oct-2026,96.218,0.695885
06-Aug-2026,30-Nov-2026,64.1453,18.0232
06-Aug-2026,30-Nov-2026,68.1544,14.7232
06-Aug-2026,30-Nov-2026,72.1635,11.6997
06-Aug-2026,30-Nov-2026,76.1726,9.0076
06-Aug-2026,30-Nov-2026,80.1816,6.69024
06-Aug-2026,30-Nov-2026,84.1907,4.77234
06-Aug-2026,30-Nov-2026,88.1998,3.25497
06-Aug-2026,30-Nov-2026,92.2089,2.11411
06-Aug-2026,30-Nov-2026,96.218,1.3035
06-Aug-2026,31-Dec-2026,64.1453,18.6666
06-Aug-2026,31-Dec-2026,68.1544,15.4799
06-Aug-2026,31-Dec-2026,72.1635,12.5544
06-Aug-2026,31-Dec-2026,76.1726,9.93015
06-Aug-2026,31-Dec-2026,80.1816,7.63835
06-Aug-2026,31-Dec-2026,84.1907,5.69695
06-Aug-2026,31-Dec-2026,88.1998,4.10796
06-Aug-2026,31-Dec-2026,92.2089,2.85639
06-Aug-2026,31-Dec-2026,96.218,1.91138
06-Aug-2026,29-Jan-2027,64.1453,19.3002
06-Aug-2026,29-Jan-2027,68.1544,16.2059
06-Aug-2026,29-Jan-2027,72.1635,13.3583
06-Aug-2026,29-Jan-2027,76.1726,10.7881
06-Aug-2026,29-Jan-2027,80.1816,8.51864
06-Aug-2026,29-Jan-2027,84.1907,6.56349
06-Aug-2026,29-Jan-2027,88.1998,4.9247
06-Aug-2026,29-Jan-2027,92.2089,3.59201
06-Aug-2026,29-Jan-2027,96.218,2.54345
06-Aug-2026,26-Feb-2027,64.1453,19.877
06-Aug-2026,26-Feb-2027,68.1544,16.8557
06-Aug-2026,26-Feb-2027,72.1635,14.0689
06-Aug-2026,26-Feb-2027,76.1726,11.5412
06-Aug-2026,26-Feb-2027,80.1816,9.29097
06-Aug-2026,26-Feb-2027,84.1907,7.32886
06-Aug-2026,26-Feb-2027,88.1998,5.65658
06-Aug-2026,26-Feb-2027,92.2089,4.26646
06-Aug-2026,26-Feb-2027,96.218,3.14166
06-Aug-2026,31-Mar-2027,64.1453,20.5103
06-Aug-2026,31-Mar-2027,68.1544,17.5602
06-Aug-2026,31-Mar-2027,72.1635,14.8324
06-Aug-2026,31-Mar-2027,76.1726,12.3466
06-Aug-2026,31-Mar-2027,80.1816,10.1169
06-Aug-2026,31-Mar-2027,84.1907,8.15164
06-Aug-2026,31-Mar-2027,88.1998,6.45201
06-Aug-2026,31-Mar-2027,92.2089,5.01204
06-Aug-2026,31-Mar-2027,96.218,3.81866
06-Aug-2026,30-Apr-2027,64.1453,21.0863
06-Aug-2026,30-Apr-2027,68.1544,18.1948
06-Aug-2026,30-Apr-2027,72.1635,15.5157
06-Aug-2026,30-Apr-2027,76.1726,13.0648
06-Aug-2026,30-Apr-2027,80.1816,10.8537
06-Aug-2026,30-Apr-2027,84.1907,8.88873
06-Aug-2026,30-Apr-2027,88.1998,7.17074
06-Aug-2026,30-Apr-2027,92.2089,5.69467
06-Aug-2026,30-Apr-2027,96.218,4.44984
06-Aug-2026,31-May-2027,64.1453,21.6876
06-Aug-2026,31-May-2027,68.1544,18.8527
06-Aug-2026,31-May-2027,72.1635,16.2205
06-Aug-2026,31-May-2027,76.1726,13.8038
06-Aug-2026,31-May-2027,80.1816,11.6121
06-Aug-2026,31-May-2027,84.1907,9.65004
06-Aug-2026,31-May-2027,88.1998,7.91806
06-Aug-2026,31-May-2027,92.2089,6.41177
06-Aug-2026,31-May-2027,96.218,5.1222
06-Aug-2026,30-Jun-2027,64.1453,22.2349
06-Aug-2026,30-Jun-2027,68.1544,19.448
06-Aug-2026,30-Jun-2027,72.1635,16.8557
06-Aug-2026,30-Jun-2027,76.1726,14.4688
06-Aug-2026,30-Jun-2027,80.1816,12.2947
06-Aug-2026,30-Jun-2027,84.1907,10.3372
06-Aug-2026,30-Jun-2027,88.1998,8.59626
06-Aug-2026,30-Jun-2027,92.2089,7.06787
06-Aug-2026,30-Jun-2027,96.218,5.74422
07-Aug-2026,14-Aug-2026,64.4072,16.1663
07-Aug-2026,14-Aug-2026,68.4327,12.1458
07-Aug-2026,14-Aug-2026,72.4582,8.14941
07-Aug-2026,14-Aug-2026,76.4836,4.38741
07-Aug-2026,14-Aug-2026,80.5091,1.56755
07-Aug-2026,14-Aug-2026,84.5345,0.292234
07-Aug-2026,14-Aug-2026,88.56,0.0226419
07-Aug-2026,14-Aug-2026,92.5854,0.000609089
07-Aug-2026,14-Aug-2026,96.6109,5.05503e-06
07-Aug-2026,21-Aug-2026,64.4072,16.2205
07-Aug-2026,21-Aug-2026,68.4327,12.2195
07-Aug-2026,21-Aug-2026,72.4582,8.31738
07-Aug-2026,21-Aug-2026,76.4836,4.7932
07-Aug-2026,21-Aug-2026,80.5091,2.13709
07-Aug-2026,21-Aug-2026,84.5345,0.664752
07-Aug-2026,21-Aug-2026,88.56,0.130311
07-Aug-2026,21-Aug-2026,92.5854,0.0147445
07-Aug-2026,21-Aug-2026,96.6109,0.000904426
07-Aug-2026,28-Aug-2026,64.4072,16.2979
07-Aug-2026,28-Aug-2026,68.4327,12.3489
07-Aug-2026,28-Aug-2026,72.4582,8.57907
07-Aug-2026,28-Aug-2026,76.4836,5.24866
07-Aug-2026,28-Aug-2026,80.5091,2.68968
07-Aug-2026,28-Aug-2026,84.5345,1.09218
07-Aug-2026,28-Aug-2026,88.56,0.332376
07-Aug-2026,28-Aug-2026,92.5854,0.0720927
07-Aug-2026,28-Aug-2026,96.6109,0.0107359
07-Aug-2026,04-Sep-2026,64.4072,16.3749
07-Aug-2026,04-Sep-2026,68.4327,12.4804
07-Aug-2026,04-Sep-2026,72.4582,8.80891
07-Aug-2026,04-Sep-2026,76.4836,5.58997
07-Aug-2026,04-Sep-2026,80.5091,3.0789
07-Aug-2026,04-Sep-2026,84.5345,1.41622
07-Aug-2026,04-Sep-2026,88.56,0.523183
07-Aug-2026,04-Sep-2026,92.5854,0.149773
07-Aug-2026,04-Sep-2026,96.6109,0.0323368
07-Aug-2026,11-Sep-2026,64.4072,16.4642
07-Aug-2026,11-Sep-2026,68.4327,12.6271
07-Aug-2026,11-Sep-2026,72.4582,9.04187
07-Aug-2026,11-Sep-2026,76.4836,5.90872
07-Aug-2026,11-Sep-2026,80.5091,3.43167
07-Aug-2026,11-Sep-2026,84.5345,1.721
07-Aug-2026,11-Sep-2026,88.56,0.723763
07-Aug-2026,11-Sep-2026,92.5854,0.248426
07-Aug-2026,11-Sep-2026,96.6109,0.0681685
07-Aug-2026,31-Aug-2026,64.4072,16.3221
07-Aug-2026,31-Aug-2026,68.4327,12.3906
07-Aug-2026,31-Aug-2026,72.4582,8.65491
07-Aug-2026,31-Aug-2026,76.4836,5.36524
07-Aug-2026,31-Aug-2026,80.5091,2.82433
07-Aug-2026,31-Aug-2026,84.5345,1.20257
07-Aug-2026,31-Aug-2026,88.56,0.394353
07-Aug-2026,31-Aug-2026,92.5854,0.0952639
07-Aug-2026,31-Aug-2026,96.6109,0.0163968
07-Aug-2026,30-Sep-2026,64.4072,16.7884
07-Aug-2026,30-Sep-2026,68.4327,13.1132
07-Aug-2026,30-Sep-2026,72.4582,9.72733
07-Aug-2026,30-Sep-2026,76.4836,6.76679
07-Aug-2026,30-Sep-2026,80.5091,4.3526
07-Aug-2026,30-Sep-2026,84.5345,2.54983
07-Aug-2026,30-Sep-2026,88.56,1.33957
07-Aug-2026,30-Sep-2026,92.5854,0.622112
07-Aug-2026,30-Sep-2026,96.6109,0.252574
07-Aug-2026,30-Oct-2026,64.4072,17.3819
07-Aug-2026,30-Oct-2026,68.4327,13.9053
07-Aug-2026,30-Oct-2026,72.4582,10.7214
07-Aug-2026,30-Oct-2026,76.4836,7.91421
07-Aug-2026,30-Oct-2026,80.5091,5.55241
07-Aug-2026,30-Oct-2026,84.5345,3.67389
07-Aug-2026,30-Oct-2026,88.56,2.2749
07-Aug-2026,30-Oct-2026,92.5854,1.30879
07-Aug-2026,30-Oct-2026,96.6109,0.695698
07-Aug-2026,30-Nov-2026,64.4072,18.0875
07-Aug-2026,30-Nov-2026,68.4327,14.774
07-Aug-2026,30-Nov-2026,72.4582,11.7387
07-Aug-2026,30-Nov-2026,76.4836,9.03693
07-Aug-2026,30-Nov-2026,80.5091,6.71199
07-Aug-2026,30-Nov-2026,84.5345,4.78842
07-Aug-2026,30-Nov-2026,88.56,3.26693
07-Aug-2026,30-Nov-2026,92.5854,2.12302
07-Aug-2026,30-Nov-2026,96.6109,1.31006
07-Aug-2026,31-Dec-2026,64.4072,18.7357
07-Aug-2026,31-Dec-2026,68.4327,15.537
07-Aug-2026,31-Dec-2026,72.4582,12.601
07-Aug-2026,31-Dec-2026,76.4836,9.96811
07-Aug-2026,31-Dec-2026,80.5091,7.6693
07-Aug-2026,31-Dec-2026,84.5345,5.72231
07-Aug-2026,31-Dec-2026,88.56,4.12882
07-Aug-2026,31-Dec-2026,92.5854,2.87349
07-Aug-2026,31-Dec-2026,96.6109,1.92513
07-Aug-2026,29-Jan-2027,64.4072,19.3742
07-Aug-2026,29-Jan-2027,68.4327,16.269
07-Aug-2026,29-Jan-2027,72.4582,13.412
07-Aug-2026,29-Jan-2027,76.4836,10.8339
07-Aug-2026,29-Jan-2027,80.5091,8.55788
07-Aug-2026,29-Jan-2027,84.5345,6.59733
07-Aug-2026,29-Jan-2027,88.56,4.95394
07-Aug-2026,29-Jan-2027,92.5854,3.61714
07-Aug-2026,29-Jan-2027,96.6109,2.5647
07-Aug-2026,26-Feb-2027,64.4072,19.9556
07-Aug-2026,26-Feb-2027,68.4327,16.9242
07-Aug-2026,26-Feb-2027,72.4582,14.1287
07-Aug-2026,26-Feb-2027,76.4836,11.5937
07-Aug-2026,26-Feb-2027,80.5091,9.33732
07-Aug-2026,26-Feb-2027,84.5345,7.37002
07-Aug-2026,26-Feb-2027,88.56,5.69318
07-Aug-2026,26-Feb-2027,92.5854,4.29882
07-Aug-2026,26-Feb-2027,96.6109,3.1699
07-Aug-2026,31-Mar-2027,64.4072,20.5939
07-Aug-2026,31-Mar-2027,68.4327,17.6344
07-Aug-2026,31-Mar-2027,72.4582,14.8987
07-Aug-2026,31-Mar-2027,76.4836,12.4061
07-Aug-2026,31-Mar-2027,80.5091,10.1707
07-Aug-2026,31-Mar-2027,84.5345,8.2005
07-Aug-2026,31-Mar-2027,88.56,6.49642
07-Aug-2026,31-Mar-2027,92.5854,5.05221
07-Aug-2026,31-Mar-2027,96.6109,3.85461
07-Aug-2026,30-Apr-2027,64.4072,21.1743
07-Aug-2026,30-Apr-2027,68.4327,18.2742
07-Aug-2026,30-Apr-2027,72.4582,15.5877
07-Aug-2026,30-Apr-2027,76.4836,13.1305
07-Aug-2026,30-Apr-2027,80.5091,10.914
07-Aug-2026,30-Apr-2027,84.5345,8.94434
07-Aug-2026,30-Apr-2027,88.56,7.22204
07-Aug-2026,30-Apr-2027,92.5854,5.74181
07-Aug-2026,30-Apr-2027,96.6109,4.49276
07-Aug-2026,31-May-2027,64.4072,21.7803
07-Aug-2026,31-May-2027,68.4327,18.9373
07-Aug-2026,31-May-2027,72.4582,16.2982
07-Aug-2026,31-May-2027,76.4836,13.8757
07-Aug-2026,31-May-2027,80.5091,11.6789
07-Aug-2026,31-May-2027,84.5345,9.71245
07-Aug-2026,31-May-2027,88.56,7.97635
07-Aug-2026,31-May-2027,92.5854,6.46602
07-Aug-2026,31-May-2027,96.6109,5.17231
07-Aug-2026,30-Jun-2027,64.4072,22.3318
07-Aug-2026,30-Jun-2027,68.4327,19.5373
07-Aug-2026,30-Jun-2027,72.4582,16.9385
07-Aug-2026,30-Jun-2027,76.4836,14.5461
07-Aug-2026,30-Jun-2027,80.5091,12.3673
07-Aug-2026,30-Jun-2027,84.5345,10.4056
07-Aug-2026,30-Jun-2027,88.56,8.66073
07-Aug-2026,30-Jun-2027,92.5854,7.12844
07-Aug-2026,30-Jun-2027,96.6109,5.80076
10-Aug-2026,14-Aug-2026,66.2092,16.5763
10-Aug-2026,14-Aug-2026,70.3472,12.4397
10-Aug-2026,14-Aug-2026,74.4853,8.30328
10-Aug-2026,14-Aug-2026,78.6234,4.20036
10-Aug-2026,14-Aug-2026,82.7614,0.931641
10-Aug-2026,14-Aug-2026,86.8995,0.0315378
10-Aug-2026,14-Aug-2026,91.0376,6.20956e-05
10-Aug-2026,14-Aug-2026,95.1757,3.86879e-09
10-Aug-2026,14-Aug-2026,99.3137,6.05559e-15
10-Aug-2026,21-Aug-2026,66.2092,16.6425
10-Aug-2026,21-Aug-2026,70.3472,12.5143
10-Aug-2026,21-Aug-2026,74.4853,8.43615
10-Aug-2026,21-Aug-2026,78.6234,4.66512
10-Aug-2026,21-Aug-2026,82.7614,1.83737
10-Aug-2026,21-Aug-2026,86.8995,0.433397
10-Aug-2026,21-Aug-2026,91.0376,0.0516097
10-Aug-2026,21-Aug-2026,95.1757,0.00268805
10-Aug-2026,21-Aug-2026,99.3137,5.56257e-05
10-Aug-2026,28-Aug-2026,66.2092,16.6999
10-Aug-2026,28-Aug-2026,70.3472,12.5986
10-Aug-2026,28-Aug-2026,74.4853,8.62203
10-Aug-2026,28-Aug-2026,78.6234,5.0546
10-Aug-2026,28-Aug-2026,82.7614,2.34909
10-Aug-2026,28-Aug-2026,86.8995,0.791337
10-Aug-2026,28-Aug-2026,91.0376,0.176502
10-Aug-2026,28-Aug-2026,95.1757,0.0240518
10-Aug-2026,28-Aug-2026,99.3137,0.00189165
10-Aug-2026,04-Sep-2026,66.2092,16.7828
10-Aug-2026,04-Sep-2026,70.3472,12.7377
10-Aug-2026,04-Sep-2026,74.4853,8.88832
10-Aug-2026,04-Sep-2026,78.6234,5.49226
10-Aug-2026,04-Sep-2026,82.7614,2.86822
10-Aug-2026,04-Sep-2026,86.8995,1.20115
10-Aug-2026,04-Sep-2026,91.0376,0.382213
10-Aug-2026,04-Sep-2026,95.1757,0.087975
10-Aug-2026,04-Sep-2026,99.3137,0.01413
10-Aug-2026,11-Sep-2026,66.2092,16.8639
10-Aug-2026,11-Sep-2026,70.3472,12.8734
10-Aug-2026,11-Sep-2026,74.4853,9.11729
10-Aug-2026,11-Sep-2026,78.6234,5.82314
10-Aug-2026,11-Sep-2026,82.7614,3.24173
10-Aug-2026,11-Sep-2026,86.8995,1.51448
10-Aug-2026,11-Sep-2026,91.0376,0.571012
10-Aug-2026,11-Sep-2026,95.1757,0.167584
10-Aug-2026,11-Sep-2026,99.3137,0.0372751
10-Aug-2026,31-Aug-2026,66.2092,16.7354
10-Aug-2026,31-Aug-2026,70.3472,12.6575
10-Aug-2026,31-Aug-2026,74.4853,8.73998
10-Aug-2026,31-Aug-2026,78.6234,5.25856
10-Aug-2026,31-Aug-2026,82.7614,2.59572
10-Aug-2026,31-Aug-2026,86.8995,0.981555
10-Aug-2026,31-Aug-2026,91.0376,0.265149
10-Aug-2026,31-Aug-2026,95.1757,0.0480395
10-Aug-2026,31-Aug-2026,99.3137,0.00557856
10-Aug-2026,30-Sep-2026,66.2092,17.1689
10-Aug-2026,30-Sep-2026,70.3472,13.3429
10-Aug-2026,30-Sep-2026,74.4853,9.80493
10-Aug-2026,30-Sep-2026,78.6234,6.71043
10-Aug-2026,30-Sep-2026,82.7614,4.20395
10-Aug-2026,30-Sep-2026,86.8995,2.36565
10-Aug-2026,30-Sep-2026,91.0376,1.17259
10-Aug-2026,30-Sep-2026,95.1757,0.502728
10-Aug-2026,30-Sep-2026,99.3137,0.183888
10-Aug-2026,30-Oct-2026,66.2092,17.7494
10-Aug-2026,30-Oct-2026,70.3472,14.1325
10-Aug-2026,30-Oct-2026,74.4853,10.8151
10-Aug-2026,30-Oct-2026,78.6234,7.89258
10-Aug-2026,30-Oct-2026,82.7614,5.44538
10-Aug-2026,30-Oct-2026,86.8995,3.51899
10-Aug-2026,30-Oct-2026,91.0376,2.10996
10-Aug-2026,30-Oct-2026,95.1757,1.16354
10-Aug-2026,30-Oct-2026,99.3137,0.586201
10-Aug-2026,30-Nov-2026,66.2092,18.4244
10-Aug-2026,30-Nov-2026,70.3472,14.9743
10-Aug-2026,30-Nov-2026,74.4853,11.8122
10-Aug-2026,30-Nov-2026,78.6234,9.00157
10-Aug-2026,30-Nov-2026,82.7614,6.59336
10-Aug-2026,30-Nov-2026,86.8995,4.61721
10-Aug-2026,30-Nov-2026,91.0376,3.07481
10-Aug-2026,30-Nov-2026,95.1757,1.93776
10-Aug-2026,30-Nov-2026,99.3137,1.15135
10-Aug-2026,31-Dec-2026,66.2092,19.1098
10-Aug-2026,31-Dec-2026,70.3472,15.7881
10-Aug-2026,31-Dec-2026,74.4853,12.7388
10-Aug-2026,31-Dec-2026,78.6234,10.0071
10-Aug-2026,31-Dec-2026,82.7614,7.62869
10-Aug-2026,31-Dec-2026,86.8995,5.62443
10-Aug-2026,31-Dec-2026,91.0376,3.99713
10-Aug-2026,31-Dec-2026,95.1757,2.72995
10-Aug-2026,31-Dec-2026,99.3137,1.78771
10-Aug-2026,29-Jan-2027,66.2092,19.7587
10-Aug-2026,29-Jan-2027,70.3472,16.5365
10-Aug-2026,29-Jan-2027,74.4853,13.572
10-Aug-2026,29-Jan-2027,78.6234,10.8996
10-Aug-2026,29-Jan-2027,82.7614,8.54573
10-Aug-2026,29-Jan-2027,86.8995,6.52613
10-Aug-2026,29-Jan-2027,91.0376,4.84347
10-Aug-2026,29-Jan-2027,95.1757,3.48645
10-Aug-2026,29-Jan-2027,99.3137,2.43037
10-Aug-2026,26-Feb-2027,66.2092,20.3226
10-Aug-2026,26-Feb-2027,70.3472,17.1752
10-Aug-2026,26-Feb-2027,74.4853,14.2736
10-Aug-2026,26-Feb-2027,78.6234,11.6453
10-Aug-2026,26-Feb-2027,82.7614,9.31153
10-Aug-2026,26-Feb-2027,86.8995,7.28447
10-Aug-2026,26-Feb-2027,91.0376,5.56643
10-Aug-2026,26-Feb-2027,95.1757,4.14891
10-Aug-2026,26-Feb-2027,99.3137,3.01297
10-Aug-2026,31-Mar-2027,66.2092,21.0052
10-Aug-2026,31-Mar-2027,70.3472,17.938
10-Aug-2026,31-Mar-2027,74.4853,15.1033
10-Aug-2026,31-Mar-2027,78.6234,12.5228
10-Aug-2026,31-Mar-2027,82.7614,10.2124
10-Aug-2026,31-Mar-2027,86.8995,8.18161
10-Aug-2026,31-Mar-2027,91.0376,6.43193
10-Aug-2026,31-Mar-2027,95.1757,4.95692
10-Aug-2026,31-Mar-2027,99.3137,3.74221
10-Aug-2026,30-Apr-2027,66.2092,21.6007
10-Aug-2026,30-Apr-2027,70.3472,18.5965
10-Aug-2026,30-Apr-2027,74.4853,15.8143
10-Aug-2026,30-Apr-2027,78.6234,13.2717
10-Aug-2026,30-Apr-2027,82.7614,10.9815
10-Aug-2026,30-Apr-2027,86.8995,8.951
10-Aug-2026,30-Apr-2027,91.0376,7.18123
10-Aug-2026,30-Apr-2027,95.1757,5.66678
10-Aug-2026,30-Apr-2027,99.3137,4.39597
10-Aug-2026,31-May-2027,66.2092,22.1962
10-Aug-2026,31-May-2027,70.3472,19.2501
10-Aug-2026,31-May-2027,74.4853,16.5162
10-Aug-2026,31-May-2027,78.6234,14.0091
10-Aug-2026,31-May-2027,82.7614,11.739
10-Aug-2026,31-May-2027,86.8995,9.71143
10-Aug-2026,31-May-2027,91.0376,7.92698
10-Aug-2026,31-May-2027,95.1757,6.38091
10-Aug-2026,31-May-2027,99.3137,5.0634
10-Aug-2026,30-Jun-2027,66.2092,22.7646
10-Aug-2026,30-Jun-2027,70.3472,19.87
10-Aug-2026,30-Jun-2027,74.4853,17.1793
10-Aug-2026,30-Jun-2027,78.6234,14.7043
10-Aug-2026,30-Jun-2027,82.7614,12.4533
10-Aug-2026,30-Jun-2027,86.8995,10.4306
10-Aug-2026,30-Jun-2027,91.0376,8.63619
10-Aug-2026,30-Jun-2027,95.1757,7.06585
10-Aug-2026,30-Jun-2027,99.3137,5.71105
11-Aug-2026,14-Aug-2026,67.2699,16.8363
11-Aug-2026,14-Aug-2026,71.4742,12.6331
11-Aug-2026,14-Aug-2026,75.6786,8.42992
11-Aug-2026,14-Aug-2026,79.883,4.24018
11-Aug-2026,14-Aug-2026,84.0873,0.80886
11-Aug-2026,14-Aug-2026,88.2917,0.0120261
11-Aug-2026,14-Aug-2026,92.4961,3.26784e-06
11-Aug-2026,14-Aug-2026,96.7004,6.96721e-12
11-Aug-2026,14-Aug-2026,100.905,3.19673e-16
11-Aug-2026,21-Aug-2026,67.2699,16.9054
11-Aug-2026,21-Aug-2026,71.4742,12.7093
11-Aug-2026,21-Aug-2026,75.6786,8.5537
11-Aug-2026,21-Aug-2026,79.883,4.68564
11-Aug-2026,21-Aug-2026,84.0873,1.78358
11-Aug-2026,21-Aug-2026,88.2917,0.38683
11-Aug-2026,21-Aug-2026,92.4961,0.0392802
11-Aug-2026,21-Aug-2026,96.7004,0.00158546
11-Aug-2026,21-Aug-2026,100.905,2.28496e-05
11-Aug-2026,28-Aug-2026,67.2699,16.9643
11-Aug-2026,28-Aug-2026,71.4742,12.7921
11-Aug-2026,28-Aug-2026,75.6786,8.73454
11-Aug-2026,28-Aug-2026,79.883,5.08023
11-Aug-2026,28-Aug-2026,84.0873,2.31284
11-Aug-2026,28-Aug-2026,88.2917,0.746521
11-Aug-2026,28-Aug-2026,92.4961,0.154487
11-Aug-2026,28-Aug-2026,96.7004,0.0187492
11-Aug-2026,28-Aug-2026,100.905,0.00125418
11-Aug-2026,04-Sep-2026,67.2699,17.048
11-Aug-2026,04-Sep-2026,71.4742,12.9293
11-Aug-2026,04-Sep-2026,75.6786,8.99985
11-Aug-2026,04-Sep-2026,79.883,5.52554
11-Aug-2026,04-Sep-2026,84.0873,2.84579
11-Aug-2026,04-Sep-2026,88.2917,1.16139
11-Aug-2026,04-Sep-2026,92.4961,0.354146
11-Aug-2026,04-Sep-2026,96.7004,0.0764729
11-Aug-2026,04-Sep-2026,100.905,0.0112501
11-Aug-2026,11-Sep-2026,67.2699,17.1294
11-Aug-2026,11-Sep-2026,71.4742,13.0645
11-Aug-2026,11-Sep-2026,75.6786,9.23018
11-Aug-2026,11-Sep-2026,79.883,5.86261
11-Aug-2026,11-Sep-2026,84.0873,3.22814
11-Aug-2026,11-Sep-2026,88.2917,1.47941
11-Aug-2026,11-Sep-2026,92.4961,0.540952
11-Aug-2026,11-Sep-2026,96.7004,0.151775
11-Aug-2026,11-Sep-2026,100.905,0.0317551
11-Aug-2026,31-Aug-2026,67.2699,17.0003
11-Aug-2026,31-Aug-2026,71.4742,12.8499
11-Aug-2026,31-Aug-2026,75.6786,8.85155
11-Aug-2026,31-Aug-2026,79.883,5.28765
11-Aug-2026,31-Aug-2026,84.0873,2.56635
11-Aug-2026,31-Aug-2026,88.2917,0.938875
11-Aug-2026,31-Aug-2026,92.4961,0.239753
11-Aug-2026,31-Aug-2026,96.7004,0.0398742
11-Aug-2026,31-Aug-2026,100.905,0.00411193
11-Aug-2026,30-Sep-2026,67.2699,17.4363
11-Aug-2026,30-Sep-2026,71.4742,13.537
11-Aug-2026,30-Sep-2026,75.6786,9.92673
11-Aug-2026,30-Sep-2026,79.883,6.76744
11-Aug-2026,30-Sep-2026,84.0873,4.21174
11-Aug-2026,30-Sep-2026,88.2917,2.34537
11-Aug-2026,30-Sep-2026,92.4961,1.14458
11-Aug-2026,30-Sep-2026,96.7004,0.480114
11-Aug-2026,30-Sep-2026,100.905,0.170616
11-Aug-2026,30-Oct-2026,67.2699,18.0246
11-Aug-2026,30-Oct-2026,71.4742,14.3386
11-Aug-2026,30-Oct-2026,75.6786,10.9557
11-Aug-2026,30-Oct-2026,79.883,7.97517
11-Aug-2026,30-Oct-2026,84.0873,5.48131
11-Aug-2026,30-Oct-2026,88.2917,3.5225
11-Aug-2026,30-Oct-2026,92.4961,2.09567
11-Aug-2026,30-Oct-2026,96.7004,1.14367
11-Aug-2026,30-Oct-2026,100.905,0.568538
11-Aug-2026,30-Nov-2026,67.2699,18.7125
11-Aug-2026,30-Nov-2026,71.4742,15.1977
11-Aug-2026,30-Nov-2026,75.6786,11.9752
11-Aug-2026,30-Nov-2026,79.883,9.11065
11-Aug-2026,30-Nov-2026,84.0873,6.65745
11-Aug-2026,30-Nov-2026,88.2917,4.64687
11-Aug-2026,30-Nov-2026,92.4961,3.08108
11-Aug-2026,30-Nov-2026,96.7004,1.93078
11-Aug-2026,30-Nov-2026,100.905,1.13914
11-Aug-2026,31-Dec-2026,67.2699,19.4135
11-Aug-2026,31-Dec-2026,71.4742,16.0309
11-Aug-2026,31-Dec-2026,75.6786,12.9248
11-Aug-2026,31-Dec-2026,79.883,10.1423
11-Aug-2026,31-Dec-2026,84.0873,7.72021
11-Aug-2026,31-Dec-2026,88.2917,5.68064
11-Aug-2026,31-Dec-2026,92.4961,4.02675
11-Aug-2026,31-Dec-2026,96.7004,2.74132
11-Aug-2026,31-Dec-2026,100.905,1.78808
11-Aug-2026,29-Jan-2027,67.2699,20.0788
11-Aug-2026,29-Jan-2027,71.4742,16.7988
11-Aug-2026,29-Jan-2027,75.6786,13.7804
11-Aug-2026,29-Jan-2027,79.883,11.0594
11-Aug-2026,29-Jan-2027,84.0873,8.66304
11-Aug-2026,29-Jan-2027,88.2917,6.60784
11-Aug-2026,29-Jan-2027,92.4961,4.89674
11-Aug-2026,29-Jan-2027,96.7004,3.51826
11-Aug-2026,29-Jan-2027,100.905,2.44706
11-Aug-2026,26-Feb-2027,67.2699,20.6579
11-Aug-2026,26-Feb-2027,71.4742,17.455
11-Aug-2026,26-Feb-2027,75.6786,14.5018
11-Aug-2026,26-Feb-2027,79.883,11.8266
11-Aug-2026,26-Feb-2027,84.0873,9.45132
11-Aug-2026,26-Feb-2027,88.2917,7.38867
11-Aug-2026,26-Feb-2027,92.4961,5.64116
11-Aug-2026,26-Feb-2027,96.7004,4.20017
11-Aug-2026,26-Feb-2027,100.905,3.04635
11-Aug-2026,31-Mar-2027,67.2699,21.3599
11-Aug-2026,31-Mar-2027,71.4742,18.2398
11-Aug-2026,31-Mar-2027,75.6786,15.3559
11-Aug-2026,31-Mar-2027,79.883,12.7303
11-Aug-2026,31-Mar-2027,84.0873,10.3796
11-Aug-2026,31-Mar-2027,88.2917,8.31343
11-Aug-2026,31-Mar-2027,92.4961,6.5335
11-Aug-2026,31-Mar-2027,96.7004,5.03329
11-Aug-2026,31-Mar-2027,100.905,3.79816
11-Aug-2026,30-Apr-2027,67.2699,21.973
11-Aug-2026,30-Apr-2027,71.4742,18.9181
11-Aug-2026,30-Apr-2027,75.6786,16.0885
11-Aug-2026,30-Apr-2027,79.883,13.5024
11-Aug-2026,30-Apr-2027,84.0873,11.1728
11-Aug-2026,30-Apr-2027,88.2917,9.10721
11-Aug-2026,30-Apr-2027,92.4961,7.30682
11-Aug-2026,30-Apr-2027,96.7004,5.76611
11-Aug-2026,30-Apr-2027,100.905,4.47321
11-Aug-2026,31-May-2027,67.2699,22.5867
11-Aug-2026,31-May-2027,71.4742,19.5918
11-Aug-2026,31-May-2027,75.6786,16.8123
11-Aug-2026,31-May-2027,79.883,14.2631
11-Aug-2026,31-May-2027,84.0873,11.9545
11-Aug-2026,31-May-2027,88.2917,9.89227
11-Aug-2026,31-May-2027,92.4961,8.07703
11-Aug-2026,31-May-2027,96.7004,6.50396
11-Aug-2026,31-May-2027,100.905,5.1631
11-Aug-2026,30-Jun-2027,67.2699,23.1728
11-Aug-2026,30-Jun-2027,71.4742,20.2313
11-Aug-2026,30-Jun-2027,75.6786,17.4965
11-Aug-2026,30-Jun-2027,79.883,14.9806
11-Aug-2026,30-Jun-2027,84.0873,12.692
11-Aug-2026,30-Jun-2027,88.2917,10.6351
11-Aug-2026,30-Jun-2027,92.4961,8.8099
11-Aug-2026,30-Jun-2027,96.7004,7.21209
11-Aug-2026,30-Jun-2027,100.905,5.83302
12-Aug-2026,14-Aug-2026,67.0667,16.779
12-Aug-2026,14-Aug-2026,71.2583,12.5881
12-Aug-2026,14-Aug-2026,75.45,8.39725
12-Aug-2026,14-Aug-2026,79.6417,4.20926
12-Aug-2026,14-Aug-2026,83.8333,0.659861
12-Aug-2026,14-Aug-2026,88.025,0.00244607
12-Aug-2026,14-Aug-2026,92.2167,2.03167e-08
12-Aug-2026,14-Aug-2026,96.4083,1.14799e-15
12-Aug-2026,14-Aug-2026,100.6,1.52563e-16
12-Aug-2026,21-Aug-2026,67.0667,16.8471
12-Aug-2026,21-Aug-2026,71.2583,12.6624
12-Aug-2026,21-Aug-2026,75.45,8.51162
12-Aug-2026,21-Aug-2026,79.6417,4.63084
12-Aug-2026,21-Aug-2026,83.8333,1.71978
12-Aug-2026,21-Aug-2026,88.025,0.351373
12-Aug-2026,21-Aug-2026,92.2167,0.0319643
12-Aug-2026,21-Aug-2026,96.4083,0.00108787
12-Aug-2026,21-Aug-2026,100.6,1.23643e-05
12-Aug-2026,28-Aug-2026,67.0667,16.9048
12-Aug-2026,28-Aug-2026,71.2583,12.742
12-Aug-2026,28-Aug-2026,75.45,8.68761
12-Aug-2026,28-Aug-2026,79.6417,5.02967
12-Aug-2026,28-Aug-2026,83.8333,2.26413
12-Aug-2026,28-Aug-2026,88.025,0.714897
12-Aug-2026,28-Aug-2026,92.2167,0.142685
12-Aug-2026,28-Aug-2026,96.4083,0.0164247
12-Aug-2026,28-Aug-2026,100.6,0.0010229
12-Aug-2026,04-Sep-2026,67.0667,16.9864
12-Aug-2026,04-Sep-2026,71.2583,12.8762
12-Aug-2026,04-Sep-2026,75.45,8.9516
12-Aug-2026,04-Sep-2026,79.6417,5.48024
12-Aug-2026,04-Sep-2026,83.8333,2.80697
12-Aug-2026,04-Sep-2026,88.025,1.1351
12-Aug-2026,04-Sep-2026,92.2167,0.341473
12-Aug-2026,04-Sep-2026,96.4083,0.0723884
12-Aug-2026,04-Sep-2026,100.6,0.0103978
12-Aug-2026,11-Sep-2026,67.0667,17.0663
12-Aug-2026,11-Sep-2026,71.2583,13.0101
12-Aug-2026,11-Sep-2026,75.45,9.18237
12-Aug-2026,11-Sep-2026,79.6417,5.8209
12-Aug-2026,11-Sep-2026,83.8333,3.19471
12-Aug-2026,11-Sep-2026,88.025,1.45696
12-Aug-2026,11-Sep-2026,92.2167,0.529235
12-Aug-2026,11-Sep-2026,96.4083,0.147254
12-Aug-2026,11-Sep-2026,100.6,0.030495
12-Aug-2026,31-Aug-2026,67.0667,16.9399
12-Aug-2026,31-Aug-2026,71.2583,12.7983
12-Aug-2026,31-Aug-2026,75.45,8.80364
12-Aug-2026,31-Aug-2026,79.6417,5.23959
12-Aug-2026,31-Aug-2026,83.8333,2.52279
12-Aug-2026,31-Aug-2026,88.025,0.909752
12-Aug-2026,31-Aug-2026,92.2167,0.227142
12-Aug-2026,31-Aug-2026,96.4083,0.0365905
12-Aug-2026,31-Aug-2026,100.6,0.00361682
12-Aug-2026,30-Sep-2026,67.0667,17.3708
12-Aug-2026,30-Sep-2026,71.2583,13.4822
12-Aug-2026,30-Sep-2026,75.45,9.88246
12-Aug-2026,30-Sep-2026,79.6417,6.73396
12-Aug-2026,30-Sep-2026,83.8333,4.18895
12-Aug-2026,30-Sep-2026,88.025,2.33211
12-Aug-2026,30-Sep-2026,92.2167,1.13841
12-Aug-2026,30-Sep-2026,96.4083,0.478042
12-Aug-2026,30-Sep-2026,100.6,0.170221
12-Aug-2026,30-Oct-2026,67.0667,17.9596
12-Aug-2026,30-Oct-2026,71.2583,14.287
12-Aug-2026,30-Oct-2026,75.45,10.918
12-Aug-2026,30-Oct-2026,79.6417,7.95097
12-Aug-2026,30-Oct-2026,83.8333,5.46932
12-Aug-2026,30-Oct-2026,88.025,3.52012
12-Aug-2026,30-Oct-2026,92.2167,2.0994
12-Aug-2026,30-Oct-2026,96.4083,1.14989
12-Aug-2026,30-Oct-2026,100.6,0.5745
12-Aug-2026,30-Nov-2026,67.0667,18.6504
12-Aug-2026,30-Nov-2026,71.2583,15.1511
12-Aug-2026,30-Nov-2026,75.45,11.9442
12-Aug-2026,30-Nov-2026,79.6417,9.09468
12-Aug-2026,30-Nov-2026,83.8333,6.65466
12-Aug-2026,30-Nov-2026,88.025,4.65432
12-Aug-2026,30-Nov-2026,92.2167,3.09501
12-Aug-2026,30-Nov-2026,96.4083,1.94729
12-Aug-2026,30-Nov-2026,100.6,1.15489
12-Aug-2026,31-Dec-2026,67.0667,19.3554
12-Aug-2026,31-Dec-2026,71.2583,15.9897
12-Aug-2026,31-Dec-2026,75.45,12.9005
12-Aug-2026,31-Dec-2026,79.6417,10.1338
12-Aug-2026,31-Dec-2026,83.8333,7.72568
12-Aug-2026,31-Dec-2026,88.025,5.69705
12-Aug-2026,31-Dec-2026,92.2167,4.05038
12-Aug-2026,31-Dec-2026,96.4083,2.76819
12-Aug-2026,31-Dec-2026,100.6,1.81455
12-Aug-2026,29-Jan-2027,67.0667,20.025
12-Aug-2026,29-Jan-2027,71.2583,16.7629
12-Aug-2026,29-Jan-2027,75.45,13.7622
12-Aug-2026,29-Jan-2027,79.6417,11.0577
12-Aug-2026,29-Jan-2027,83.8333,8.67596
12-Aug-2026,29-Jan-2027,88.025,6.63234
12-Aug-2026,29-Jan-2027,92.2167,4.9292
12-Aug-2026,29-Jan-2027,96.4083,3.55476
12-Aug-2026,29-Jan-2027,100.6,2.48385
12-Aug-2026,26-Feb-2027,67.0667,20.6082
12-Aug-2026,26-Feb-2027,71.2583,17.4239
12-Aug-2026,26-Feb-2027,75.45,14.489
12-Aug-2026,26-Feb-2027,79.6417,11.8309
12-Aug-2026,26-Feb-2027,83.8333,9.47057
12-Aug-2026,26-Feb-2027,88.025,7.42003
12-Aug-2026,26-Feb-2027,92.2167,5.68112
12-Aug-2026,26-Feb-2027,96.4083,4.24491
12-Aug-2026,26-Feb-2027,100.6,3.09212
12-Aug-2026,31-Mar-2027,67.0667,21.3153
12-Aug-2026,31-Mar-2027,71.2583,18.2147
12-Aug-2026,31-Mar-2027,75.45,15.3496
12-Aug-2026,31-Mar-2027,79.6417,12.7416
12-Aug-2026,31-Mar-2027,83.8333,10.4064
12-Aug-2026,31-Mar-2027,88.025,8.35296
12-Aug-2026,31-Mar-2027,92.2167,6.58238
12-Aug-2026,31-Mar-2027,96.4083,5.08783
12-Aug-2026,31-Mar-2027,100.6,3.85468
12-Aug-2026,30-Apr-2027,67.0667,21.9332
12-Aug-2026,30-Apr-2027,71.2583,18.8982
12-Aug-2026,30-Apr-2027,75.45,16.088
12-Aug-2026,30-Apr-2027,79.6417,13.5198
12-Aug-2026,30-Apr-2027,83.8333,11.2061
12-Aug-2026,30-Apr-2027,88.025,9.15378
12-Aug-2026,30-Apr-2027,92.2167,7.36335
12-Aug-2026,30-Apr-2027,96.4083,5.82906
12-Aug-2026,30-Apr-2027,100.6,4.53898
12-Aug-2026,31-May-2027,67.0667,22.5518
12-Aug-2026,31-May-2027,71.2583,19.5773
12-Aug-2026,31-May-2027,75.45,16.8175
12-Aug-2026,31-May-2027,79.6417,14.2866
12-Aug-2026,31-May-2027,83.8333,11.9943
12-Aug-2026,31-May-2027,88.025,9.94579
12-Aug-2026,31-May-2027,92.2167,8.1411
12-Aug-2026,31-May-2027,96.4083,6.57516
12-Aug-2026,31-May-2027,100.6,5.23795
12-Aug-2026,30-Jun-2027,67.0667,23.1426
12-Aug-2026,30-Jun-2027,71.2583,20.2219
12-Aug-2026,30-Jun-2027,75.45,17.5071
12-Aug-2026,30-Jun-2027,79.6417,15.0099
12-Aug-2026,30-Jun-2027,83.8333,12.738
12-Aug-2026,30-Jun-2027,88.025,10.6951
12-Aug-2026,30-Jun-2027,92.2167,8.88105
12-Aug-2026,30-Jun-2027,96.4083,7.29102
12-Aug-2026,30-Jun-2027,100.6,5.91638
13-Aug-2026,14-Aug-2026,67.0294,16.7635
13-Aug-2026,14-Aug-2026,71.2187,12.5746
13-Aug-2026,14-Aug-2026,75.4081,8.38564
13-Aug-2026,14-Aug-2026,79.5974,4.19673
13-Aug-2026,14-Aug-2026,83.7868,0.463392
13-Aug-2026,14-Aug-2026,87.9761,3.20071e-05
13-Aug-2026,14-Aug-2026,92.1654,6.84378e-15
13-Aug-2026,14-Aug-2026,96.3548,1.19265e-15
13-Aug-2026,14-Aug-2026,100.544,7.20065e-16
13-Aug-2026,21-Aug-2026,67.0294,16.8316
13-Aug-2026,21-Aug-2026,71.2187,12.6481
13-Aug-2026,21-Aug-2026,75.4081,8.49111
13-Aug-2026,21-Aug-2026,79.5974,4.58103
13-Aug-2026,21-Aug-2026,83.7868,1.64526
13-Aug-2026,21-Aug-2026,87.9761,0.308435
13-Aug-2026,21-Aug-2026,92.1654,0.0237973
13-Aug-2026,21-Aug-2026,96.3548,0.000622953
13-Aug-2026,21-Aug-2026,100.544,4.8864e-06
13-Aug-2026,28-Aug-2026,67.0294,16.8888
13-Aug-2026,28-Aug-2026,71.2187,12.7246
13-Aug-2026,28-Aug-2026,75.4081,8.65975
13-Aug-2026,28-Aug-2026,79.5974,4.98091
13-Aug-2026,28-Aug-2026,83.7868,2.20372
13-Aug-2026,28-Aug-2026,87.9761,0.671255
13-Aug-2026,28-Aug-2026,92.1654,0.125865
13-Aug-2026,28-Aug-2026,96.3548,0.01317
13-Aug-2026,28-Aug-2026,100.544,0.000718505
13-Aug-2026,04-Sep-2026,67.0294,16.9689
13-Aug-2026,04-Sep-2026,71.2187,12.8549
13-Aug-2026,04-Sep-2026,75.4081,8.91977
13-Aug-2026,04-Sep-2026,79.5974,5.43428
13-Aug-2026,04-Sep-2026,83.7868,2.75481
13-Aug-2026,04-Sep-2026,87.9761,1.09318
13-Aug-2026,04-Sep-2026,92.1654,0.318964
13-Aug-2026,04-Sep-2026,96.3548,0.0646412
13-Aug-2026,04-Sep-2026,100.544,0.00873329
13-Aug-2026,11-Sep-2026,67.0294,17.0473
13-Aug-2026,11-Sep-2026,71.2187,12.9864
13-Aug-2026,11-Sep-2026,75.4081,9.14919
13-Aug-2026,11-Sep-2026,79.5974,5.77701
13-Aug-2026,11-Sep-2026,83.7868,3.14668
13-Aug-2026,11-Sep-2026,87.9761,1.41658
13-Aug-2026,11-Sep-2026,92.1654,0.504291
13-Aug-2026,11-Sep-2026,96.3548,0.136301
13-Aug-2026,11-Sep-2026,100.544,0.0271478
13-Aug-2026,31-Aug-2026,67.0294,16.9233
13-Aug-2026,31-Aug-2026,71.2187,12.779
13-Aug-2026,31-Aug-2026,75.4081,8.77351
13-Aug-2026,31-Aug-2026,79.5974,5.19211
13-Aug-2026,31-Aug-2026,83.7868,2.46678
13-Aug-2026,31-Aug-2026,87.9761,0.866813
13-Aug-2026,31-Aug-2026,92.1654,0.207231
13-Aug-2026,31-Aug-2026,96.3548,0.0312788
13-Aug-2026,31-Aug-2026,100.544,0.00282706
13-Aug-2026,30-Sep-2026,67.0294,17.3481
13-Aug-2026,30-Sep-2026,71.2187,13.4548
13-Aug-2026,30-Sep-2026,75.4081,9.84882
13-Aug-2026,30-Sep-2026,79.5974,6.69487
13-Aug-2026,30-Sep-2026,83.7868,4.14834
13-Aug-2026,30-Sep-2026,87.9761,2.29574
13-Aug-2026,30-Sep-2026,92.1654,1.11106
13-Aug-2026,30-Sep-2026,96.3548,0.4611
13-Aug-2026,30-Sep-2026,100.544,0.161698
13-Aug-2026,30-Oct-2026,67.0294,17.9344
13-Aug-2026,30-Oct-2026,71.2187,14.2589
13-Aug-2026,30-Oct-2026,75.4081,10.8867
13-Aug-2026,30-Oct-2026,79.5974,7.91748
13-Aug-2026,30-Oct-2026,83.7868,5.4357
13-Aug-2026,30-Oct-2026,87.9761,3.48906
13-Aug-2026,30-Oct-2026,92.1654,2.07337
13-Aug-2026,30-Oct-2026,96.3548,1.13034
13-Aug-2026,30-Oct-2026,100.544,0.561436
13-Aug-2026,30-Nov-2026,67.0294,18.6253
13-Aug-2026,30-Nov-2026,71.2187,15.1246
13-Aug-2026,30-Nov-2026,75.4081,11.9165
13-Aug-2026,30-Nov-2026,79.5974,9.06646
13-Aug-2026,30-Nov-2026,83.7868,6.62706
13-Aug-2026,30-Nov-2026,87.9761,4.62871
13-Aug-2026,30-Nov-2026,92.1654,3.07268
13-Aug-2026,30-Nov-2026,96.3548,1.92911
13-Aug-2026,30-Nov-2026,100.544,1.14117
13-Aug-2026,31-Dec-2026,67.0294,19.3319
13-Aug-2026,31-Dec-2026,71.2187,15.966
13-Aug-2026,31-Dec-2026,75.4081,12.8769
13-Aug-2026,31-Dec-2026,79.5974,10.1108
13-Aug-2026,31-Dec-2026,83.7868,7.70376
13-Aug-2026,31-Dec-2026,87.9761,5.67697
13-Aug-2026,31-Dec-2026,92.1654,4.03276
13-Aug-2026,31-Dec-2026,96.3548,2.75345
13-Aug-2026,31-Dec-2026,100.544,1.80284
13-Aug-2026,29-Jan-2027,67.0294,20.0039
13-Aug-2026,29-Jan-2027,71.2187,16.7426
13-Aug-2026,29-Jan-2027,75.4081,13.7429
13-Aug-2026,29-Jan-2027,79.5974,11.0396
13-Aug-2026,29-Jan-2027,83.7868,8.65939
13-Aug-2026,29-Jan-2027,87.9761,6.61764
13-Aug-2026,29-Jan-2027,92.1654,4.91659
13-Aug-2026,29-Jan-2027,96.3548,3.54433
13-Aug-2026,29-Jan-2027,100.544,2.47557
13-Aug-2026,26-Feb-2027,67.0294,20.5896
13-Aug-2026,26-Feb-2027,71.2187,17.4068
13-Aug-2026,26-Feb-2027,75.4081,14.4734
13-Aug-2026,26-Feb-2027,79.5974,11.8171
13-Aug-2026,26-Feb-2027,83.7868,9.45872
13-Aug-2026,26-Feb-2027,87.9761,7.41015
13-Aug-2026,26-Feb-2027,92.1654,5.67318
13-Aug-2026,26-Feb-2027,96.3548,4.23879
13-Aug-2026,26-Feb-2027,100.544,3.08762
13-Aug-2026,31-Mar-2027,67.0294,21.3003
13-Aug-2026,31-Mar-2027,71.2187,18.2018
13-Aug-2026,31-Mar-2027,75.4081,15.3391
13-Aug-2026,31-Mar-2027,79.5974,12.7334
13-Aug-2026,31-Mar-2027,83.7868,10.4004
13-Aug-2026,31-Mar-2027,87.9761,8.34906
13-Aug-2026,31-Mar-2027,92.1654,6.58037
13-Aug-2026,31-Mar-2027,96.3548,5.08741
13-Aug-2026,31-Mar-2027,100.544,3.85548
13-Aug-2026,30-Apr-2027,67.0294,21.9215
13-Aug-2026,30-Apr-2027,71.2187,18.8893
13-Aug-2026,30-Apr-2027,75.4081,16.0818
13-Aug-2026,30-Apr-2027,79.5974,13.5164
13-Aug-2026,30-Apr-2027,83.7868,11.2053
13-Aug-2026,30-Apr-2027,87.9761,9.15523
13-Aug-2026,30-Apr-2027,92.1654,7.36672
13-Aug-2026,30-Apr-2027,96.3548,5.83393
13-Aug-2026,30-Apr-2027,100.544,4.54487
13-Aug-2026,31-May-2027,67.0294,22.5437
13-Aug-2026,31-May-2027,71.2187,19.5725
13-Aug-2026,31-May-2027,75.4081,16.816
13-Aug-2026,31-May-2027,79.5974,14.2882
13-Aug-2026,31-May-2027,83.7868,11.9987
13-Aug-2026,31-May-2027,87.9761,9.95267
13-Aug-2026,31-May-2027,92.1654,8.15
13-Aug-2026,31-May-2027,96.3548,6.58555
13-Aug-2026,31-May-2027,100.544,5.24926
13-Aug-2026,30-Jun-2027,67.0294,23.1381
13-Aug-2026,30-Jun-2027,71.2187,20.2212
13-Aug-2026,30-Jun-2027,75.4081,17.5101
13-Aug-2026,30-Jun-2027,79.5974,15.0163
13-Aug-2026,30-Jun-2027,83.7868,12.7474
13-Aug-2026,30-Jun-2027,87.9761,10.7073
13-Aug-2026,30-Jun-2027,92.1654,8.89532
13-Aug-2026,30-Jun-2027,96.3548,7.30683
13-Aug-2026,30-Jun-2027,100.544,5.93308
14-Aug-2026,21-Aug-2026,67.9903,17.0637
14-Aug-2026,21-Aug-2026,72.2397,12.819
14-Aug-2026,21-Aug-2026,76.4891,8.59231
14-Aug-2026,21-Aug-2026,80.7385,4.58086
14-Aug-2026,21-Aug-2026,84.9878,1.55927
14-Aug-2026,21-Aug-2026,89.2372,0.251744
14-Aug-2026,21-Aug-2026,93.4866,0.0143615
14-Aug-2026,21-Aug-2026,97.736,0.000228253
14-Aug-2026,21-Aug-2026,101.985,8.73447e-07
14-Aug-2026,28-Aug-2026,67.9903,17.1187
14-Aug-2026,28-Aug-2026,72.2397,12.8893
14-Aug-2026,28-Aug-2026,76.4891,8.74501
14-Aug-2026,28-Aug-2026,80.7385,4.97055
14-Aug-2026,28-Aug-2026,84.9878,2.12495
14-Aug-2026,28-Aug-2026,89.2372,0.599415
14-Aug-2026,28-Aug-2026,93.4866,0.0975173
14-Aug-2026,28-Aug-2026,97.736,0.00812855
14-Aug-2026,28-Aug-2026,101.985,0.000321071
14-Aug-2026,04-Sep-2026,67.9903,17.1941
14-Aug-2026,04-Sep-2026,72.2397,13.009
14-Aug-2026,04-Sep-2026,76.4891,8.98946
14-Aug-2026,04-Sep-2026,80.7385,5.41439
14-Aug-2026,04-Sep-2026,84.9878,2.67299
14-Aug-2026,04-Sep-2026,89.2372,1.00659
14-Aug-2026,04-Sep-2026,93.4866,0.268134
14-Aug-2026,04-Sep-2026,97.736,0.0471579
14-Aug-2026,04-Sep-2026,101.985,0.00522471
14-Aug-2026,11-Sep-2026,67.9903,17.2672
14-Aug-2026,11-Sep-2026,72.2397,13.1312
14-Aug-2026,11-Sep-2026,76.4891,9.20784
14-Aug-2026,11-Sep-2026,80.7385,5.74897
14-Aug-2026,11-Sep-2026,84.9878,3.05845
14-Aug-2026,11-Sep-2026,89.2372,1.31775
14-Aug-2026,11-Sep-2026,93.4866,0.435752
14-Aug-2026,11-Sep-2026,97.736,0.105222
14-Aug-2026,11-Sep-2026,101.985,0.0179297
14-Aug-2026,18-Sep-2026,67.9903,17.3514
14-Aug-2026,18-Sep-2026,72.2397,13.2688
14-Aug-2026,18-Sep-2026,76.4891,9.43127
14-Aug-2026,18-Sep-2026,80.7385,6.06222
14-Aug-2026,18-Sep-2026,84.9878,3.4074
14-Aug-2026,18-Sep-2026,89.2372,1.61141
14-Aug-2026,18-Sep-2026,93.4866,0.615449
14-Aug-2026,18-Sep-2026,97.736,0.18273
14-Aug-2026,18-Sep-2026,101.985,0.0410807
14-Aug-2026,31-Aug-2026,67.9903,17.1514
14-Aug-2026,31-Aug-2026,72.2397,12.939
14-Aug-2026,31-Aug-2026,76.4891,8.85129
14-Aug-2026,31-Aug-2026,80.7385,5.1774
14-Aug-2026,31-Aug-2026,84.9878,2.38754
14-Aug-2026,31-Aug-2026,89.2372,0.788191
14-Aug-2026,31-Aug-2026,93.4866,0.168498
14-Aug-2026,31-Aug-2026,97.736,0.0213153
14-Aug-2026,31-Aug-2026,101.985,0.00150172
14-Aug-2026,30-Sep-2026,67.9903,17.5482
14-Aug-2026,30-Sep-2026,72.2397,13.5719
14-Aug-2026,30-Sep-2026,76.4891,9.87679
14-Aug-2026,30-Sep-2026,80.7385,6.63878
14-Aug-2026,30-Sep-2026,84.9878,4.03132
14-Aug-2026,30-Sep-2026,89.2372,2.15656
14-Aug-2026,30-Sep-2026,93.4866,0.989436
14-Aug-2026,30-Sep-2026,97.736,0.379711
14-Aug-2026,30-Sep-2026,101.985,0.119814
14-Aug-2026,30-Oct-2026,67.9903,18.099
14-Aug-2026,30-Oct-2026,72.2397,14.3322
14-Aug-2026,30-Oct-2026,76.4891,10.866
14-Aug-2026,30-Oct-2026,80.7385,7.80965
14-Aug-2026,30-Oct-2026,84.9878,5.26046
14-Aug-2026,30-Oct-2026,89.2372,3.27838
14-Aug-2026,30-Oct-2026,93.4866,1.86484
14-Aug-2026,30-Oct-2026,97.736,0.956148
14-Aug-2026,30-Oct-2026,101.985,0.438206
14-Aug-2026,30-Nov-2026,67.9903,18.7487
14-Aug-2026,30-Nov-2026,72.2397,15.149
14-Aug-2026,30-Nov-2026,76.4891,11.8404
14-Aug-2026,30-Nov-2026,80.7385,8.89667
14-Aug-2026,30-Nov-2026,84.9878,6.38103
14-Aug-2026,30-Nov-2026,89.2372,4.33465
14-Aug-2026,30-Nov-2026,93.4866,2.76619
14-Aug-2026,30-Nov-2026,97.736,1.64614
14-Aug-2026,30-Nov-2026,101.985,0.909126
14-Aug-2026,31-Dec-2026,67.9903,19.412
14-Aug-2026,31-Dec-2026,72.2397,15.9396
14-Aug-2026,31-Dec-2026,76.4891,12.7428
14-Aug-2026,31-Dec-2026,80.7385,9.87544
14-Aug-2026,31-Dec-2026,84.9878,7.38299
14-Aug-2026,31-Dec-2026,89.2372,5.29648
14-Aug-2026,31-Dec-2026,93.4866,3.62631
14-Aug-2026,31-Dec-2026,97.736,2.35812
14-Aug-2026,31-Dec-2026,101.985,1.45192
14-Aug-2026,29-Jan-2027,67.9903,20.0415
14-Aug-2026,29-Jan-2027,72.2397,16.6665
14-Aug-2026,29-Jan-2027,76.4891,13.5522
14-Aug-2026,29-Jan-2027,80.7385,10.7402
14-Aug-2026,29-Jan-2027,84.9878,8.26591
14-Aug-2026,29-Jan-2027,89.2372,6.15403
14-Aug-2026,29-Jan-2027,93.4866,4.41499
14-Aug-2026,29-Jan-2027,97.736,3.04171
14-Aug-2026,29-Jan-2027,101.985,2.00805
14-Aug-2026,26-Feb-2027,67.9903,20.589
14-Aug-2026,26-Feb-2027,72.2397,17.2865
14-Aug-2026,26-Feb-2027,76.4891,14.2323
14-Aug-2026,26-Feb-2027,80.7385,11.4609
14-Aug-2026,26-Feb-2027,84.9878,9.00113
14-Aug-2026,26-Feb-2027,89.2372,6.87386
14-Aug-2026,26-Feb-2027,93.4866,5.08899
14-Aug-2026,26-Feb-2027,97.736,3.64303
14-Aug-2026,26-Feb-2027,101.985,2.51753
14-Aug-2026,31-Mar-2027,67.9903,21.2523
14-Aug-2026,31-Mar-2027,72.2397,18.0268
14-Aug-2026,31-Mar-2027,76.4891,15.036
14-Aug-2026,31-Mar-2027,80.7385,12.3075
14-Aug-2026,31-Mar-2027,84.9878,9.86481
14-Aug-2026,31-Mar-2027,89.2372,7.72498
14-Aug-2026,31-Mar-2027,93.4866,5.89705
14-Aug-2026,31-Mar-2027,97.736,4.38002
14-Aug-2026,31-Mar-2027,101.985,3.16148
14-Aug-2026,30-Apr-2027,67.9903,21.8313
14-Aug-2026,30-Apr-2027,72.2397,18.6659
14-Aug-2026,30-Apr-2027,76.4891,15.7243
14-Aug-2026,30-Apr-2027,80.7385,13.0297
14-Aug-2026,30-Apr-2027,84.9878,10.6018
14-Aug-2026,30-Apr-2027,89.2372,8.45532
14-Aug-2026,30-Apr-2027,93.4866,6.59828
14-Aug-2026,30-Apr-2027,97.736,5.03089
14-Aug-2026,30-Apr-2027,101.985,3.74421
14-Aug-2026,31-May-2027,67.9903,22.4109
14-Aug-2026,31-May-2027,72.2397,19.3006
14-Aug-2026,31-May-2027,76.4891,16.404
14-Aug-2026,31-May-2027,80.7385,13.7409
14-Aug-2026,31-May-2027,84.9878,11.3282
14-Aug-2026,31-May-2027,89.2372,9.17818
14-Aug-2026,31-May-2027,93.4866,7.2982
14-Aug-2026,31-May-2027,97.736,5.68905
14-Aug-2026,31-May-2027,101.985,4.34417
14-Aug-2026,30-Jun-2027,67.9903,22.9646
14-Aug-2026,30-Jun-2027,72.2397,19.903
14-Aug-2026,30-Jun-2027,76.4891,17.0465
14-Aug-2026,30-Jun-2027,80.7385,14.412
14-Aug-2026,30-Jun-2027,84.9878,12.014
14-Aug-2026,30-Jun-2027,89.2372,9.86317
14-Aug-2026,30-Jun-2027,93.4866,7.96603
14-Aug-2026,30-Jun-2027,97.736,6.32365
14-Aug-2026,30-Jun-2027,101.985,4.93102
17-Aug-2026,21-Aug-2026,68.477,17.1439
17-Aug-2026,21-Aug-2026,72.7568,12.8656
17-Aug-2026,21-Aug-2026,77.0366,8.58745
17-Aug-2026,21-Aug-2026,81.3164,4.33779
17-Aug-2026,21-Aug-2026,85.5962,0.928227
17-Aug-2026,21-Aug-2026,89.876,0.0257972
17-Aug-2026,21-Aug-2026,94.1558,3.05025e-05
17-Aug-2026,21-Aug-2026,98.4356,7.48516e-10
17-Aug-2026,21-Aug-2026,102.715,5.1467e-15
17-Aug-2026,28-Aug-2026,68.477,17.2118
17-Aug-2026,28-Aug-2026,72.7568,12.941
17-Aug-2026,28-Aug-2026,77.0366,8.71373
17-Aug-2026,28-Aug-2026,81.3164,4.78264
17-Aug-2026,28-Aug-2026,85.5962,1.82927
17-Aug-2026,28-Aug-2026,89.876,0.399094
17-Aug-2026,28-Aug-2026,94.1558,0.0405174
17-Aug-2026,28-Aug-2026,98.4356,0.00161022
17-Aug-2026,28-Aug-2026,102.715,2.24624e-05
17-Aug-2026,04-Sep-2026,68.477,17.2698
17-Aug-2026,04-Sep-2026,72.7568,13.0225
17-Aug-2026,04-Sep-2026,77.0366,8.89002
17-Aug-2026,04-Sep-2026,81.3164,5.16318
17-Aug-2026,04-Sep-2026,85.5962,2.33712
17-Aug-2026,04-Sep-2026,89.876,0.742175
17-Aug-2026,04-Sep-2026,94.1558,0.148159
17-Aug-2026,04-Sep-2026,98.4356,0.0168507
17-Aug-2026,04-Sep-2026,102.715,0.00102315
17-Aug-2026,11-Sep-2026,68.477,17.3515
17-Aug-2026,11-Sep-2026,72.7568,13.1553
17-Aug-2026,11-Sep-2026,77.0366,9.14577
17-Aug-2026,11-Sep-2026,81.3164,5.59299
17-Aug-2026,11-Sep-2026,85.5962,2.85119
17-Aug-2026,11-Sep-2026,89.876,1.13782
17-Aug-2026,11-Sep-2026,94.1558,0.332574
17-Aug-2026,11-Sep-2026,98.4356,0.0669683
17-Aug-2026,11-Sep-2026,102.715,0.00891353
17-Aug-2026,18-Sep-2026,68.477,17.4303
17-Aug-2026,18-Sep-2026,72.7568,13.2852
17-Aug-2026,18-Sep-2026,77.0366,9.36733
17-Aug-2026,18-Sep-2026,81.3164,5.91851
17-Aug-2026,18-Sep-2026,85.5962,3.22028
17-Aug-2026,18-Sep-2026,89.876,1.44105
17-Aug-2026,18-Sep-2026,94.1558,0.505004
17-Aug-2026,18-Sep-2026,98.4356,0.132425
17-Aug-2026,18-Sep-2026,102.715,0.0251931
17-Aug-2026,31-Aug-2026,68.477,17.2306
17-Aug-2026,31-Aug-2026,72.7568,12.9654
17-Aug-2026,31-Aug-2026,77.0366,8.76719
17-Aug-2026,31-Aug-2026,81.3164,4.9121
17-Aug-2026,31-Aug-2026,85.5962,2.01103
17-Aug-2026,31-Aug-2026,89.876,0.514728
17-Aug-2026,31-Aug-2026,94.1558,0.070165
17-Aug-2026,31-Aug-2026,98.4356,0.004431
17-Aug-2026,31-Aug-2026,102.715,0.000118507
17-Aug-2026,30-Sep-2026,68.477,17.5957
17-Aug-2026,30-Sep-2026,72.7568,13.5458
17-Aug-2026,30-Sep-2026,77.0366,9.76597
17-Aug-2026,30-Sep-2026,81.3164,6.45171
17-Aug-2026,30-Sep-2026,85.5962,3.80418
17-Aug-2026,30-Sep-2026,89.876,1.94261
17-Aug-2026,30-Sep-2026,94.1558,0.831903
17-Aug-2026,30-Sep-2026,98.4356,0.28991
17-Aug-2026,30-Sep-2026,102.715,0.0805569
17-Aug-2026,30-Oct-2026,68.477,18.1327
17-Aug-2026,30-Oct-2026,72.7568,14.3027
17-Aug-2026,30-Oct-2026,77.0366,10.7739
17-Aug-2026,30-Oct-2026,81.3164,7.6658
17-Aug-2026,30-Oct-2026,85.5962,5.08628
17-Aug-2026,30-Oct-2026,89.876,3.10183
17-Aug-2026,30-Oct-2026,94.1558,1.7122
17-Aug-2026,30-Oct-2026,98.4356,0.843424
17-Aug-2026,30-Oct-2026,102.715,0.36729
17-Aug-2026,30-Nov-2026,68.477,18.812
17-Aug-2026,30-Nov-2026,72.7568,15.1652
17-Aug-2026,30-Nov-2026,77.0366,11.8125
17-Aug-2026,30-Nov-2026,81.3164,8.83196
17-Aug-2026,30-Nov-2026,85.5962,6.29095
17-Aug-2026,30-Nov-2026,89.876,4.23335
17-Aug-2026,30-Nov-2026,94.1558,2.66792
17-Aug-2026,30-Nov-2026,98.4356,1.56221
17-Aug-2026,30-Nov-2026,102.715,0.845568
17-Aug-2026,31-Dec-2026,68.477,19.4522
17-Aug-2026,31-Dec-2026,72.7568,15.9327
17-Aug-2026,31-Dec-2026,77.0366,12.693
17-Aug-2026,31-Dec-2026,81.3164,9.79022
17-Aug-2026,31-Dec-2026,85.5962,7.27308
17-Aug-2026,31-Dec-2026,89.876,5.17458
17-Aug-2026,31-Dec-2026,94.1558,3.50539
17-Aug-2026,31-Dec-2026,98.4356,2.24929
17-Aug-2026,31-Dec-2026,102.715,1.36254
17-Aug-2026,29-Jan-2027,68.477,20.0906
17-Aug-2026,29-Jan-2027,72.7568,16.6734
17-Aug-2026,29-Jan-2027,77.0366,13.5208
17-Aug-2026,29-Jan-2027,81.3164,10.6771
17-Aug-2026,29-Jan-2027,85.5962,8.17947
17-Aug-2026,29-Jan-2027,89.876,6.054
17-Aug-2026,29-Jan-2027,94.1558,4.31141
17-Aug-2026,29-Jan-2027,98.4356,2.94364
17-Aug-2026,29-Jan-2027,102.715,1.92231
17-Aug-2026,26-Feb-2027,68.477,20.6764
17-Aug-2026,26-Feb-2027,72.7568,17.3387
17-Aug-2026,26-Feb-2027,77.0366,14.2526
17-Aug-2026,26-Feb-2027,81.3164,11.4538
17-Aug-2026,26-Feb-2027,85.5962,8.9725
17-Aug-2026,26-Feb-2027,89.876,6.83015
17-Aug-2026,26-Feb-2027,94.1558,5.03689
17-Aug-2026,26-Feb-2027,98.4356,3.58877
17-Aug-2026,26-Feb-2027,102.715,2.46619
17-Aug-2026,31-Mar-2027,68.477,21.3514
17-Aug-2026,31-Mar-2027,72.7568,18.0936
17-Aug-2026,31-Mar-2027,77.0366,15.0735
17-Aug-2026,31-Mar-2027,81.3164,12.3197
17-Aug-2026,31-Mar-2027,85.5962,9.85651
17-Aug-2026,31-Mar-2027,89.876,7.7014
17-Aug-2026,31-Mar-2027,94.1558,5.86353
17-Aug-2026,31-Mar-2027,98.4356,4.34155
17-Aug-2026,31-Mar-2027,102.715,3.12233
17-Aug-2026,30-Apr-2027,68.477,21.9414
17-Aug-2026,30-Apr-2027,72.7568,18.7458
17-Aug-2026,30-Apr-2027,77.0366,15.7769
17-Aug-2026,30-Apr-2027,81.3164,13.0587
17-Aug-2026,30-Apr-2027,85.5962,10.6112
17-Aug-2026,30-Apr-2027,89.876,8.44943
17-Aug-2026,30-Apr-2027,94.1558,6.58157
17-Aug-2026,30-Apr-2027,98.4356,5.00751
17-Aug-2026,30-Apr-2027,102.715,3.71774
17-Aug-2026,31-May-2027,68.477,22.5325
17-Aug-2026,31-May-2027,72.7568,19.394
17-Aug-2026,31-May-2027,77.0366,16.472
17-Aug-2026,31-May-2027,81.3164,13.7867
17-Aug-2026,31-May-2027,85.5962,11.3551
17-Aug-2026,31-May-2027,89.876,9.19012
17-Aug-2026,31-May-2027,94.1558,7.29879
17-Aug-2026,31-May-2027,98.4356,5.68171
17-Aug-2026,31-May-2027,102.715,4.33188
17-Aug-2026,30-Jun-2027,68.477,23.0976
17-Aug-2026,30-Jun-2027,72.7568,20.0097
17-Aug-2026,30-Jun-2027,77.0366,17.1293
17-Aug-2026,30-Jun-2027,81.3164,14.4738
17-Aug-2026,30-Jun-2027,85.5962,12.0578
17-Aug-2026,30-Jun-2027,89.876,9.8923
17-Aug-2026,30-Jun-2027,94.1558,7.98351
17-Aug-2026,30-Jun-2027,98.4356,6.33234
17-Aug-2026,30-Jun-2027,102.715,4.93341
18-Aug-2026,21-Aug-2026,68.0537,17.0319
18-Aug-2026,21-Aug-2026,72.3071,12.7797
18-Aug-2026,21-Aug-2026,76.5604,8.52755
18-Aug-2026,21-Aug-2026,80.8138,4.28748
18-Aug-2026,21-Aug-2026,85.0671,0.803186
18-Aug-2026,21-Aug-2026,89.3205,0.0105666
18-Aug-2026,21-Aug-2026,93.5738,2.06233e-06
18-Aug-2026,21-Aug-2026,97.8272,2.38643e-12
18-Aug-2026,28-Aug-2026,68.0537,17.0999
18-Aug-2026,28-Aug-2026,72.3071,12.8543
18-Aug-2026,28-Aug-2026,76.5604,8.64608
18-Aug-2026,28-Aug-2026,80.8138,4.71794
18-Aug-2026,28-Aug-2026,85.0671,1.76779
18-Aug-2026,28-Aug-2026,89.3205,0.367201
18-Aug-2026,28-Aug-2026,93.5738,0.0340878
18-Aug-2026,28-Aug-2026,97.8272,0.00118019
18-Aug-2026,28-Aug-2026,102.081,1.35887e-05
18-Aug-2026,04-Sep-2026,68.0537,17.1576
18-Aug-2026,04-Sep-2026,72.3071,12.9339
18-Aug-2026,04-Sep-2026,76.5604,8.81923
18-Aug-2026,04-Sep-2026,80.8138,5.10311
18-Aug-2026,04-Sep-2026,85.0671,2.28918
18-Aug-2026,04-Sep-2026,89.3205,0.714442
18-Aug-2026,04-Sep-2026,93.5738,0.138682
18-Aug-2026,04-Sep-2026,97.8272,0.0151503
18-Aug-2026,04-Sep-2026,102.081,0.000871276
18-Aug-2026,11-Sep-2026,68.0537,17.2385
18-Aug-2026,11-Sep-2026,72.3071,13.0651
18-Aug-2026,11-Sep-2026,76.5604,9.07482
18-Aug-2026,11-Sep-2026,80.8138,5.5381
18-Aug-2026,11-Sep-2026,85.0671,2.81216
18-Aug-2026,11-Sep-2026,89.3205,1.11524
18-Aug-2026,11-Sep-2026,93.5738,0.323141
18-Aug-2026,11-Sep-2026,97.8272,0.0643438
18-Aug-2026,11-Sep-2026,102.081,0.00844281
18-Aug-2026,18-Sep-2026,68.0537,17.3168
18-Aug-2026,18-Sep-2026,72.3071,13.1947
18-Aug-2026,18-Sep-2026,76.5604,9.29733
18-Aug-2026,18-Sep-2026,80.8138,5.86701
18-Aug-2026,18-Sep-2026,85.0671,3.18601
18-Aug-2026,18-Sep-2026,89.3205,1.422
18-Aug-2026,18-Sep-2026,93.5738,0.496864
18-Aug-2026,18-Sep-2026,97.8272,0.129909
18-Aug-2026,18-Sep-2026,102.081,0.0246358
18-Aug-2026,31-Aug-2026,68.0537,17.1186
18-Aug-2026,31-Aug-2026,72.3071,12.8781
18-Aug-2026,31-Aug-2026,76.5604,8.69801
18-Aug-2026,31-Aug-2026,80.8138,4.84885
18-Aug-2026,31-Aug-2026,85.0671,1.95518
18-Aug-2026,31-Aug-2026,89.3205,0.484035
18-Aug-2026,31-Aug-2026,93.5738,0.0622567
18-Aug-2026,31-Aug-2026,97.8272,0.00360223
18-Aug-2026,31-Aug-2026,102.081,8.54004e-05
18-Aug-2026,30-Sep-2026,68.0537,17.4819
18-Aug-2026,30-Sep-2026,72.3071,13.4557
18-Aug-2026,30-Sep-2026,76.5604,9.6983
18-Aug-2026,30-Sep-2026,80.8138,6.40486
18-Aug-2026,30-Sep-2026,85.0671,3.77572
18-Aug-2026,30-Sep-2026,89.3205,1.92854
18-Aug-2026,30-Sep-2026,93.5738,0.826873
18-Aug-2026,30-Sep-2026,97.8272,0.288915
18-Aug-2026,30-Sep-2026,102.081,0.0806031
18-Aug-2026,30-Oct-2026,68.0537,18.0206
18-Aug-2026,30-Oct-2026,72.3071,14.2161
18-Aug-2026,30-Oct-2026,76.5604,10.712
18-Aug-2026,30-Oct-2026,80.8138,7.62671
18-Aug-2026,30-Oct-2026,85.0671,5.06656
18-Aug-2026,30-Oct-2026,89.3205,3.09646
18-Aug-2026,30-Oct-2026,93.5738,1.71519
18-Aug-2026,30-Oct-2026,97.8272,0.849277
18-Aug-2026,30-Oct-2026,102.081,0.372399
18-Aug-2026,30-Nov-2026,68.0537,18.703
18-Aug-2026,30-Nov-2026,72.3071,15.0827
18-Aug-2026,30-Nov-2026,76.5604,11.7555
18-Aug-2026,30-Nov-2026,80.8138,8.79815
18-Aug-2026,30-Nov-2026,85.0671,6.27689
18-Aug-2026,30-Nov-2026,89.3205,4.23421
18-Aug-2026,30-Nov-2026,93.5738,2.67797
18-Aug-2026,30-Nov-2026,97.8272,1.57583
18-Aug-2026,30-Nov-2026,102.081,0.858358
18-Aug-2026,31-Dec-2026,68.0537,19.3461
18-Aug-2026,31-Dec-2026,72.3071,15.8535
18-Aug-2026,31-Dec-2026,76.5604,12.6393
18-Aug-2026,31-Dec-2026,80.8138,9.75988
18-Aug-2026,31-Dec-2026,85.0671,7.26268
18-Aug-2026,31-Dec-2026,89.3205,5.17961
18-Aug-2026,31-Dec-2026,93.5738,3.52053
18-Aug-2026,31-Dec-2026,97.8272,2.26907
18-Aug-2026,31-Dec-2026,102.081,1.38223
18-Aug-2026,29-Jan-2027,68.0537,19.9873
18-Aug-2026,29-Jan-2027,72.3071,16.5969
18-Aug-2026,29-Jan-2027,76.5604,13.4699
18-Aug-2026,29-Jan-2027,80.8138,10.6495
18-Aug-2026,29-Jan-2027,85.0671,8.17195
18-Aug-2026,29-Jan-2027,89.3205,6.06237
18-Aug-2026,29-Jan-2027,93.5738,4.33072
18-Aug-2026,29-Jan-2027,97.8272,2.96868
18-Aug-2026,29-Jan-2027,102.081,1.9483
18-Aug-2026,26-Feb-2027,68.0537,20.5753
18-Aug-2026,26-Feb-2027,72.3071,17.2645
18-Aug-2026,26-Feb-2027,76.5604,14.2039
18-Aug-2026,26-Feb-2027,80.8138,11.4284
18-Aug-2026,26-Feb-2027,85.0671,8.96722
18-Aug-2026,26-Feb-2027,89.3205,6.84112
18-Aug-2026,26-Feb-2027,93.5738,5.05949
18-Aug-2026,26-Feb-2027,97.8272,3.61805
18-Aug-2026,26-Feb-2027,102.081,2.49743
18-Aug-2026,31-Mar-2027,68.0537,21.2526
18-Aug-2026,31-Mar-2027,72.3071,18.0216
18-Aug-2026,31-Mar-2027,76.5604,15.0269
18-Aug-2026,31-Mar-2027,80.8138,12.2964
18-Aug-2026,31-Mar-2027,85.0671,9.85349
18-Aug-2026,31-Mar-2027,89.3205,7.71499
18-Aug-2026,31-Mar-2027,93.5738,5.88944
18-Aug-2026,31-Mar-2027,97.8272,4.37514
18-Aug-2026,31-Mar-2027,102.081,3.15905
18-Aug-2026,30-Apr-2027,68.0537,21.8445
18-Aug-2026,30-Apr-2027,72.3071,18.6757
18-Aug-2026,30-Apr-2027,76.5604,15.7321
18-Aug-2026,30-Apr-2027,80.8138,13.037
18-Aug-2026,30-Apr-2027,85.0671,10.6099
18-Aug-2026,30-Apr-2027,89.3205,8.46504
18-Aug-2026,30-Apr-2027,93.5738,6.61003
18-Aug-2026,30-Apr-2027,97.8272,5.04445
18-Aug-2026,30-Apr-2027,102.081,3.75879
18-Aug-2026,31-May-2027,68.0537,22.4374
18-Aug-2026,31-May-2027,72.3071,19.3256
18-Aug-2026,31-May-2027,76.5604,16.4287
18-Aug-2026,31-May-2027,80.8138,13.7665
18-Aug-2026,31-May-2027,85.0671,11.3555
18-Aug-2026,31-May-2027,89.3205,9.20756
18-Aug-2026,31-May-2027,93.5738,7.32956
18-Aug-2026,31-May-2027,97.8272,5.7217
18-Aug-2026,31-May-2027,102.081,4.37689
18-Aug-2026,30-Jun-2027,68.0537,23.004
18-Aug-2026,30-Jun-2027,72.3071,19.9427
18-Aug-2026,30-Jun-2027,76.5604,17.0874
18-Aug-2026,30-Jun-2027,80.8138,14.455
18-Aug-2026,30-Jun-2027,85.0671,12.0595
18-Aug-2026,30-Jun-2027,89.3205,9.91132
18-Aug-2026,30-Jun-2027,93.5738,8.01629
18-Aug-2026,30-Jun-2027,97.8272,6.37496
18-Aug-2026,30-Jun-2027,102.081,4.98187
19-Aug-2026,21-Aug-2026,67.5649,16.9036
19-Aug-2026,21-Aug-2026,71.7877,12.6816
19-Aug-2026,21-Aug-2026,76.0105,8.45952
19-Aug-2026,21-Aug-2026,80.2333,4.2401
19-Aug-2026,21-Aug-2026,84.4561,0.655764
19-Aug-2026,21-Aug-2026,88.6789,0.00214575
19-Aug-2026,21-Aug-2026,92.9018,1.24891e-08
19-Aug-2026,28-Aug-2026,67.5649,16.9716
19-Aug-2026,28-Aug-2026,71.7877,12.7556
19-Aug-2026,28-Aug-2026,76.0105,8.57113
19-Aug-2026,28-Aug-2026,80.2333,4.65027
19-Aug-2026,28-Aug-2026,84.4561,1.70607
19-Aug-2026,28-Aug-2026,88.6789,0.336744
19-Aug-2026,28-Aug-2026,92.9018,0.0284861
19-Aug-2026,28-Aug-2026,97.1246,0.000855485
19-Aug-2026,28-Aug-2026,101.347,8.08912e-06
19-Aug-2026,04-Sep-2026,67.5649,17.029
19-Aug-2026,04-Sep-2026,71.7877,12.8334
19-Aug-2026,04-Sep-2026,76.0105,8.74146
19-Aug-2026,04-Sep-2026,80.2333,5.04101
19-Aug-2026,04-Sep-2026,84.4561,2.2429
19-Aug-2026,04-Sep-2026,88.6789,0.68929
19-Aug-2026,04-Sep-2026,92.9018,0.130607
19-Aug-2026,04-Sep-2026,97.1246,0.0137967
19-Aug-2026,04-Sep-2026,101.347,0.000758961
19-Aug-2026,11-Sep-2026,67.5649,17.1094
19-Aug-2026,11-Sep-2026,71.7877,12.9636
19-Aug-2026,11-Sep-2026,76.0105,8.99764
19-Aug-2026,11-Sep-2026,80.2333,5.48226
19-Aug-2026,11-Sep-2026,84.4561,2.77605
19-Aug-2026,11-Sep-2026,88.6789,1.09657
19-Aug-2026,11-Sep-2026,92.9018,0.316266
19-Aug-2026,11-Sep-2026,97.1246,0.0626841
19-Aug-2026,11-Sep-2026,101.347,0.00818486
19-Aug-2026,18-Sep-2026,67.5649,17.1874
19-Aug-2026,18-Sep-2026,71.7877,13.0932
19-Aug-2026,18-Sep-2026,76.0105,9.22179
19-Aug-2026,18-Sep-2026,80.2333,5.81531
19-Aug-2026,18-Sep-2026,84.4561,3.15541
19-Aug-2026,18-Sep-2026,88.6789,1.40776
19-Aug-2026,18-Sep-2026,92.9018,0.492289
19-Aug-2026,18-Sep-2026,97.1246,0.129085
19-Aug-2026,18-Sep-2026,101.347,0.0246011
19-Aug-2026,31-Aug-2026,67.5649,16.9903
19-Aug-2026,31-Aug-2026,71.7877,12.7787
19-Aug-2026,31-Aug-2026,76.0105,8.62157
19-Aug-2026,31-Aug-2026,80.2333,4.7829
19-Aug-2026,31-Aug-2026,84.4561,1.8999
19-Aug-2026,31-Aug-2026,88.6789,0.455129
19-Aug-2026,31-Aug-2026,92.9018,0.0553026
19-Aug-2026,31-Aug-2026,97.1246,0.00294035
19-Aug-2026,31-Aug-2026,101.347,6.21005e-05
19-Aug-2026,30-Sep-2026,67.5649,17.3528
19-Aug-2026,30-Sep-2026,71.7877,13.3556
19-Aug-2026,30-Sep-2026,76.0105,9.62621
19-Aug-2026,30-Sep-2026,80.2333,6.35893
19-Aug-2026,30-Sep-2026,84.4561,3.75207
19-Aug-2026,30-Sep-2026,88.6789,1.9207
19-Aug-2026,30-Sep-2026,92.9018,0.827119
19-Aug-2026,30-Sep-2026,97.1246,0.291134
19-Aug-2026,30-Sep-2026,101.347,0.082077
19-Aug-2026,30-Oct-2026,67.5649,17.8951
19-Aug-2026,30-Oct-2026,71.7877,14.1218
19-Aug-2026,30-Oct-2026,76.0105,10.6483
19-Aug-2026,30-Oct-2026,80.2333,7.59097
19-Aug-2026,30-Oct-2026,84.4561,5.05415
19-Aug-2026,30-Oct-2026,88.6789,3.10039
19-Aug-2026,30-Oct-2026,92.9018,1.72736
19-Aug-2026,30-Oct-2026,97.1246,0.862529
19-Aug-2026,30-Oct-2026,101.347,0.382457
19-Aug-2026,30-Nov-2026,67.5649,18.5829
19-Aug-2026,30-Nov-2026,71.7877,14.995
19-Aug-2026,30-Nov-2026,76.0105,11.6989
19-Aug-2026,30-Nov-2026,80.2333,8.77013
19-Aug-2026,30-Nov-2026,84.4561,6.27272
19-Aug-2026,30-Nov-2026,88.6789,4.2474
19-Aug-2026,30-Nov-2026,92.9018,2.70096
19-Aug-2026,30-Nov-2026,97.1246,1.60122
19-Aug-2026,30-Nov-2026,101.347,0.880552
19-Aug-2026,31-Dec-2026,67.5649,19.2308
19-Aug-2026,31-Dec-2026,71.7877,15.771
19-Aug-2026,31-Dec-2026,76.0105,12.5883
19-Aug-2026,31-Dec-2026,80.2333,9.73744
19-Aug-2026,31-Dec-2026,84.4561,7.26444
19-Aug-2026,31-Dec-2026,88.6789,5.19961
19-Aug-2026,31-Dec-2026,92.9018,3.55174
19-Aug-2026,31-Dec-2026,97.1246,2.3043
19-Aug-2026,31-Dec-2026,101.347,1.41536
19-Aug-2026,29-Jan-2027,67.5649,19.8764
19-Aug-2026,29-Jan-2027,71.7877,16.5191
19-Aug-2026,29-Jan-2027,76.0105,13.4236
19-Aug-2026,29-Jan-2027,80.2333,10.6319
19-Aug-2026,29-Jan-2027,84.4561,8.17885
19-Aug-2026,29-Jan-2027,88.6789,6.08825
19-Aug-2026,29-Jan-2027,92.9018,4.36908
19-Aug-2026,29-Jan-2027,97.1246,3.01265
19-Aug-2026,29-Jan-2027,101.347,1.99161
19-Aug-2026,26-Feb-2027,67.5649,20.4682
19-Aug-2026,26-Feb-2027,71.7877,17.1906
19-Aug-2026,26-Feb-2027,76.0105,14.1616
19-Aug-2026,26-Feb-2027,80.2333,11.4148
19-Aug-2026,26-Feb-2027,84.4561,8.97842
19-Aug-2026,26-Feb-2027,88.6789,6.87191
19-Aug-2026,26-Feb-2027,92.9018,5.10379
19-Aug-2026,26-Feb-2027,97.1246,3.66933
19-Aug-2026,26-Feb-2027,101.347,2.54946
19-Aug-2026,31-Mar-2027,67.5649,21.1498
19-Aug-2026,31-Mar-2027,71.7877,17.9521
19-Aug-2026,31-Mar-2027,76.0105,14.989
19-Aug-2026,31-Mar-2027,80.2333,12.2873
19-Aug-2026,31-Mar-2027,84.4561,9.86932
19-Aug-2026,31-Mar-2027,88.6789,7.75104
19-Aug-2026,31-Mar-2027,92.9018,5.94004
19-Aug-2026,31-Mar-2027,97.1246,4.43417
19-Aug-2026,31-Mar-2027,101.347,3.22045
19-Aug-2026,30-Apr-2027,67.5649,21.7453
19-Aug-2026,30-Apr-2027,71.7877,18.6098
19-Aug-2026,30-Apr-2027,76.0105,15.6977
19-Aug-2026,30-Apr-2027,80.2333,13.0315
19-Aug-2026,30-Apr-2027,84.4561,10.6296
19-Aug-2026,30-Apr-2027,88.6789,8.50541
19-Aug-2026,30-Apr-2027,92.9018,6.66578
19-Aug-2026,30-Apr-2027,97.1246,5.10978
19-Aug-2026,30-Apr-2027,101.347,3.82785
19-Aug-2026,31-May-2027,67.5649,22.3416
19-Aug-2026,31-May-2027,71.7877,19.2631
19-Aug-2026,31-May-2027,76.0105,16.3978
19-Aug-2026,31-May-2027,80.2333,13.7645
19-Aug-2026,31-May-2027,84.4561,11.3788
19-Aug-2026,31-May-2027,88.6789,9.25206
19-Aug-2026,31-May-2027,92.9018,7.39018
19-Aug-2026,31-May-2027,97.1246,5.79294
19-Aug-2026,31-May-2027,101.347,4.45317
19-Aug-2026,30-Jun-2027,67.5649,22.9115
19-Aug-2026,30-Jun-2027,71.7877,19.8835
19-Aug-2026,30-Jun-2027,76.0105,17.0596
19-Aug-2026,30-Jun-2027,80.2333,14.4562
19-Aug-2026,30-Jun-2027,84.4561,12.0863
19-Aug-2026,30-Jun-2027,88.6789,9.95959
19-Aug-2026,30-Jun-2027,92.9018,8.08132
19-Aug-2026,30-Jun-2027,97.1246,6.45155
19-Aug-2026,30-Jun-2027,101.347,5.06466
20-Aug-2026,21-Aug-2026,68.3789,17.1012
20-Aug-2026,21-Aug-2026,72.6526,12.8279
20-Aug-2026,21-Aug-2026,76.9263,8.55461
20-Aug-2026,21-Aug-2026,81.2,4.28136
20-Aug-2026,21-Aug-2026,85.4736,0.458561
20-Aug-2026,21-Aug-2026,89.7473,1.87108e-05
20-Aug-2026,21-Aug-2026,94.021,2.13084e-16
20-Aug-2026,28-Aug-2026,68.3789,17.172
20-Aug-2026,28-Aug-2026,72.6526,12.9041
20-Aug-2026,28-Aug-2026,76.9263,8.65869
20-Aug-2026,28-Aug-2026,81.2,4.64711
20-Aug-2026,28-Aug-2026,85.4736,1.62652
20-Aug-2026,28-Aug-2026,89.7473,0.282417
20-Aug-2026,28-Aug-2026,94.021,0.0184835
20-Aug-2026,28-Aug-2026,98.2947,0.000363879
20-Aug-2026,28-Aug-2026,102.568,1.87734e-06
20-Aug-2026,04-Sep-2026,68.3789,17.2311
20-Aug-2026,04-Sep-2026,72.6526,12.98
20-Aug-2026,04-Sep-2026,76.9263,8.81917
20-Aug-2026,04-Sep-2026,81.2,5.03494
20-Aug-2026,04-Sep-2026,85.4736,2.17621
20-Aug-2026,04-Sep-2026,89.7473,0.627112
20-Aug-2026,04-Sep-2026,94.021,0.105592
20-Aug-2026,04-Sep-2026,98.2947,0.00924337
20-Aug-2026,04-Sep-2026,102.568,0.000389833
20-Aug-2026,11-Sep-2026,68.3789,17.3118
20-Aug-2026,11-Sep-2026,72.6526,13.1058
20-Aug-2026,11-Sep-2026,76.9263,9.0682
20-Aug-2026,11-Sep-2026,81.2,5.47645
20-Aug-2026,11-Sep-2026,85.4736,2.71663
20-Aug-2026,11-Sep-2026,89.7473,1.03059
20-Aug-2026,11-Sep-2026,94.021,0.277245
20-Aug-2026,11-Sep-2026,98.2947,0.0493524
20-Aug-2026,11-Sep-2026,102.568,0.00554919
20-Aug-2026,18-Sep-2026,68.3789,17.389
20-Aug-2026,18-Sep-2026,72.6526,13.2321
20-Aug-2026,18-Sep-2026,76.9263,9.28891
20-Aug-2026,18-Sep-2026,81.2,5.81033
20-Aug-2026,18-Sep-2026,85.4736,3.09955
20-Aug-2026,18-Sep-2026,89.7473,1.34009
20-Aug-2026,18-Sep-2026,94.021,0.444796
20-Aug-2026,18-Sep-2026,98.2947,0.107778
20-Aug-2026,18-Sep-2026,102.568,0.0184267
20-Aug-2026,31-Aug-2026,68.3789,17.1914
20-Aug-2026,31-Aug-2026,72.6526,12.9269
20-Aug-2026,31-Aug-2026,76.9263,8.7054
20-Aug-2026,31-Aug-2026,81.2,4.77803
20-Aug-2026,31-Aug-2026,85.4736,1.82598
20-Aug-2026,31-Aug-2026,89.7473,0.397191
20-Aug-2026,31-Aug-2026,94.021,0.0400518
20-Aug-2026,31-Aug-2026,98.2947,0.0015726
20-Aug-2026,31-Aug-2026,102.568,2.15456e-05
20-Aug-2026,30-Sep-2026,68.3789,17.5523
20-Aug-2026,30-Sep-2026,72.6526,13.4899
20-Aug-2026,30-Sep-2026,76.9263,9.69002
20-Aug-2026,30-Sep-2026,81.2,6.35571
20-Aug-2026,30-Sep-2026,85.4736,3.70041
20-Aug-2026,30-Sep-2026,89.7473,1.8513
20-Aug-2026,30-Sep-2026,94.021,0.768721
20-Aug-2026,30-Sep-2026,98.2947,0.256468
20-Aug-2026,30-Sep-2026,102.568,0.0672523
20-Aug-2026,30-Oct-2026,68.3789,18.0898
20-Aug-2026,30-Oct-2026,72.6526,14.2504
20-Aug-2026,30-Oct-2026,76.9263,10.7104
20-Aug-2026,30-Oct-2026,81.2,7.5926
20-Aug-2026,30-Oct-2026,85.4736,5.0093
20-Aug-2026,30-Oct-2026,89.7473,3.0297
20-Aug-2026,30-Oct-2026,94.021,1.65306
20-Aug-2026,30-Oct-2026,98.2947,0.80164
20-Aug-2026,30-Oct-2026,102.568,0.342107
20-Aug-2026,30-Nov-2026,68.3789,18.7755
20-Aug-2026,30-Nov-2026,72.6526,15.1228
20-Aug-2026,30-Nov-2026,76.9263,11.7635
20-Aug-2026,30-Nov-2026,81.2,8.7774
20-Aug-2026,30-Nov-2026,85.4736,6.23384
20-Aug-2026,30-Nov-2026,89.7473,4.17795
20-Aug-2026,30-Nov-2026,94.021,2.61868
20-Aug-2026,30-Nov-2026,98.2947,1.52248
20-Aug-2026,30-Nov-2026,102.568,0.816652
20-Aug-2026,31-Dec-2026,68.3789,19.4237
20-Aug-2026,31-Dec-2026,72.6526,15.9005
20-Aug-2026,31-Dec-2026,76.9263,12.6565
20-Aug-2026,31-Dec-2026,81.2,9.75011
20-Aug-2026,31-Dec-2026,85.4736,7.23093
20-Aug-2026,31-Dec-2026,89.7473,5.13277
20-Aug-2026,31-Dec-2026,94.021,3.46656
20-Aug-2026,31-Dec-2026,98.2947,2.21574
20-Aug-2026,31-Dec-2026,102.568,1.33567
20-Aug-2026,29-Jan-2027,68.3789,20.071
20-Aug-2026,29-Jan-2027,72.6526,16.6516
20-Aug-2026,29-Jan-2027,76.9263,13.4964
20-Aug-2026,29-Jan-2027,81.2,10.6502
20-Aug-2026,29-Jan-2027,85.4736,8.15086
20-Aug-2026,29-Jan-2027,89.7473,6.02499
20-Aug-2026,29-Jan-2027,94.021,4.28352
20-Aug-2026,29-Jan-2027,98.2947,2.91831
20-Aug-2026,29-Jan-2027,102.568,1.90064
20-Aug-2026,26-Feb-2027,68.3789,20.6653
20-Aug-2026,26-Feb-2027,72.6526,17.3266
20-Aug-2026,26-Feb-2027,76.9263,14.239
20-Aug-2026,26-Feb-2027,81.2,11.4385
20-Aug-2026,26-Feb-2027,85.4736,8.95576
20-Aug-2026,26-Feb-2027,89.7473,6.81264
20-Aug-2026,26-Feb-2027,94.021,5.01942
20-Aug-2026,26-Feb-2027,98.2947,3.57216
20-Aug-2026,26-Feb-2027,102.568,2.45115
20-Aug-2026,31-Mar-2027,68.3789,21.3505
20-Aug-2026,31-Mar-2027,72.6526,18.0928
20-Aug-2026,31-Mar-2027,76.9263,15.0721
20-Aug-2026,31-Mar-2027,81.2,12.3175
20-Aug-2026,31-Mar-2027,85.4736,9.85316
20-Aug-2026,31-Mar-2027,89.7473,7.69708
20-Aug-2026,31-Mar-2027,94.021,5.85844
20-Aug-2026,31-Mar-2027,98.2947,4.33598
20-Aug-2026,31-Mar-2027,102.568,3.11656
20-Aug-2026,30-Apr-2027,68.3789,21.9496
20-Aug-2026,30-Apr-2027,72.6526,18.755
20-Aug-2026,30-Apr-2027,76.9263,15.7863
20-Aug-2026,30-Apr-2027,81.2,13.0676
20-Aug-2026,30-Apr-2027,85.4736,10.6194
20-Aug-2026,30-Apr-2027,89.7473,8.45664
20-Aug-2026,30-Apr-2027,94.021,6.58759
20-Aug-2026,30-Apr-2027,98.2947,5.01225
20-Aug-2026,30-Apr-2027,102.568,3.72116
20-Aug-2026,31-May-2027,68.3789,22.5501
20-Aug-2026,31-May-2027,72.6526,19.4132
20-Aug-2026,31-May-2027,76.9263,16.492
20-Aug-2026,31-May-2027,81.2,13.8069
20-Aug-2026,31-May-2027,85.4736,11.3749
20-Aug-2026,31-May-2027,89.7473,9.20894
20-Aug-2026,31-May-2027,94.021,7.31618
20-Aug-2026,31-May-2027,98.2947,5.69728
20-Aug-2026,31-May-2027,102.568,4.3453
20-Aug-2026,30-Jun-2027,68.3789,23.1242
20-Aug-2026,30-Jun-2027,72.6526,20.0386
20-Aug-2026,30-Jun-2027,76.9263,17.1596
20-Aug-2026,30-Jun-2027,81.2,14.5048
20-Aug-2026,30-Jun-2027,85.4736,12.0887
20-Aug-2026,30-Jun-2027,89.7473,9.92227
20-Aug-2026,30-Jun-2027,94.021,8.01196
20-Aug-2026,30-Jun-2027,98.2947,6.35862
20-Aug-2026,30-Jun-2027,102.568,4.95697
21-Aug-2026,28-Aug-2026,70.5805,17.7184
21-Aug-2026,28-Aug-2026,74.9918,13.312
21-Aug-2026,28-Aug-2026,79.4031,8.91817
21-Aug-2026,28-Aug-2026,83.8144,4.7137
21-Aug-2026,28-Aug-2026,88.2257,1.52465
21-Aug-2026,28-Aug-2026,92.6369,0.208593
21-Aug-2026,28-Aug-2026,97.0482,0.00822148
21-Aug-2026,28-Aug-2026,101.46,6.8257e-05
21-Aug-2026,28-Aug-2026,105.871,1.01142e-07
21-Aug-2026,04-Sep-2026,70.5805,17.7788
21-Aug-2026,04-Sep-2026,74.9918,13.3844
21-Aug-2026,04-Sep-2026,79.4031,9.05988
21-Aug-2026,04-Sep-2026,83.8144,5.08529
21-Aug-2026,04-Sep-2026,88.2257,2.08247
21-Aug-2026,04-Sep-2026,92.6369,0.527526
21-Aug-2026,04-Sep-2026,97.0482,0.0692407
21-Aug-2026,04-Sep-2026,101.46,0.00402758
21-Aug-2026,04-Sep-2026,105.871,9.4997e-05
21-Aug-2026,11-Sep-2026,70.5805,17.8584
21-Aug-2026,11-Sep-2026,74.9918,13.5007
21-Aug-2026,11-Sep-2026,79.4031,9.29068
21-Aug-2026,11-Sep-2026,83.8144,5.51762
21-Aug-2026,11-Sep-2026,88.2257,2.62572
21-Aug-2026,11-Sep-2026,92.6369,0.913814
21-Aug-2026,11-Sep-2026,97.0482,0.210516
21-Aug-2026,11-Sep-2026,101.46,0.0293112
21-Aug-2026,11-Sep-2026,105.871,0.0023387
21-Aug-2026,18-Sep-2026,70.5805,17.9326
21-Aug-2026,18-Sep-2026,74.9918,13.6183
21-Aug-2026,18-Sep-2026,79.4031,9.50051
21-Aug-2026,18-Sep-2026,83.8144,5.84725
21-Aug-2026,18-Sep-2026,88.2257,3.00958
21-Aug-2026,18-Sep-2026,92.6369,1.21415
21-Aug-2026,18-Sep-2026,97.0482,0.357601
21-Aug-2026,18-Sep-2026,101.46,0.072017
21-Aug-2026,18-Sep-2026,105.871,0.00954114
21-Aug-2026,25-Sep-2026,70.5805,18.0165
21-Aug-2026,25-Sep-2026,74.9918,13.7511
21-Aug-2026,25-Sep-2026,79.4031,9.71769
21-Aug-2026,25-Sep-2026,83.8144,6.158
21-Aug-2026,25-Sep-2026,88.2257,3.35837
21-Aug-2026,25-Sep-2026,92.6369,1.50052
21-Aug-2026,25-Sep-2026,97.0482,0.520344
21-Aug-2026,25-Sep-2026,101.46,0.133209
21-Aug-2026,25-Sep-2026,105.871,0.0244418
21-Aug-2026,31-Aug-2026,70.5805,17.7384
21-Aug-2026,31-Aug-2026,74.9918,13.3344
21-Aug-2026,31-Aug-2026,79.4031,8.95852
21-Aug-2026,31-Aug-2026,83.8144,4.83754
21-Aug-2026,31-Aug-2026,88.2257,1.72809
21-Aug-2026,31-Aug-2026,92.6369,0.312685
21-Aug-2026,31-Aug-2026,97.0482,0.0216266
21-Aug-2026,31-Aug-2026,101.46,0.000450647
21-Aug-2026,31-Aug-2026,105.871,2.48399e-06
21-Aug-2026,30-Sep-2026,70.5805,18.0881
21-Aug-2026,30-Sep-2026,74.9918,13.8622
21-Aug-2026,30-Sep-2026,79.4031,9.88832
21-Aug-2026,30-Sep-2026,83.8144,6.38857
21-Aug-2026,30-Sep-2026,88.2257,3.61163
21-Aug-2026,30-Sep-2026,92.6369,1.71465
21-Aug-2026,30-Sep-2026,97.0482,0.653483
21-Aug-2026,30-Sep-2026,101.46,0.191747
21-Aug-2026,30-Sep-2026,105.871,0.0422631
21-Aug-2026,30-Oct-2026,70.5805,18.6053
21-Aug-2026,30-Oct-2026,74.9918,14.5994
21-Aug-2026,30-Oct-2026,79.4031,10.8934
21-Aug-2026,30-Oct-2026,83.8144,7.62502
21-Aug-2026,30-Oct-2026,88.2257,4.92598
21-Aug-2026,30-Oct-2026,92.6369,2.88191
21-Aug-2026,30-Oct-2026,97.0482,1.49584
21-Aug-2026,30-Oct-2026,101.46,0.675989
21-Aug-2026,30-Oct-2026,105.871,0.263092
21-Aug-2026,30-Nov-2026,70.5805,19.2772
21-Aug-2026,30-Nov-2026,74.9918,15.4618
21-Aug-2026,30-Nov-2026,79.4031,11.9453
21-Aug-2026,30-Nov-2026,83.8144,8.8181
21-Aug-2026,30-Nov-2026,88.2257,6.16185
21-Aug-2026,30-Nov-2026,92.6369,4.0323
21-Aug-2026,30-Nov-2026,97.0482,2.44328
21-Aug-2026,30-Nov-2026,101.46,1.3569
21-Aug-2026,30-Nov-2026,105.871,0.686611
21-Aug-2026,31-Dec-2026,70.5805,19.9203
21-Aug-2026,31-Dec-2026,74.9918,16.239
21-Aug-2026,31-Dec-2026,79.4031,12.8445
21-Aug-2026,31-Dec-2026,83.8144,9.80304
21-Aug-2026,31-Dec-2026,88.2257,7.17318
21-Aug-2026,31-Dec-2026,92.6369,4.99659
21-Aug-2026,31-Dec-2026,97.0482,3.28875
21-Aug-2026,31-Dec-2026,101.46,2.03207
21-Aug-2026,31-Dec-2026,105.871,1.17414
21-Aug-2026,29-Jan-2027,70.5805,20.5678
21-Aug-2026,29-Jan-2027,74.9918,16.995
21-Aug-2026,29-Jan-2027,79.4031,13.6949
21-Aug-2026,29-Jan-2027,83.8144,10.7184
21-Aug-2026,29-Jan-2027,88.2257,8.11018
21-Aug-2026,29-Jan-2027,92.6369,5.90298
21-Aug-2026,29-Jan-2027,97.0482,4.11168
21-Aug-2026,29-Jan-2027,101.46,2.7285
21-Aug-2026,29-Jan-2027,105.871,1.72032
21-Aug-2026,26-Feb-2027,70.5805,21.1658
21-Aug-2026,26-Feb-2027,74.9918,17.678
21-Aug-2026,26-Feb-2027,79.4031,14.4499
21-Aug-2026,26-Feb-2027,83.8144,11.5229
21-Aug-2026,26-Feb-2027,88.2257,8.93293
21-Aug-2026,26-Feb-2027,92.6369,6.70682
21-Aug-2026,26-Feb-2027,97.0482,4.85829
21-Aug-2026,26-Feb-2027,101.46,3.38427
21-Aug-2026,26-Feb-2027,105.871,2.26246
21-Aug-2026,31-Mar-2027,70.5805,21.8587
21-Aug-2026,31-Mar-2027,74.9918,18.4564
21-Aug-2026,31-Mar-2027,79.4031,15.3001
21-Aug-2026,31-Mar-2027,83.8144,12.4228
21-Aug-2026,31-Mar-2027,88.2257,9.85315
21-Aug-2026,31-Mar-2027,92.6369,7.61299
21-Aug-2026,31-Mar-2027,97.0482,5.71438
21-Aug-2026,31-Mar-2027,101.46,4.15713
21-Aug-2026,31-Mar-2027,105.871,2.92672
21-Aug-2026,30-Apr-2027,70.5805,22.4671
21-Aug-2026,30-Apr-2027,74.9918,19.1318
21-Aug-2026,30-Apr-2027,79.4031,16.0312
21-Aug-2026,30-Apr-2027,83.8144,13.193
21-Aug-2026,30-Apr-2027,88.2257,10.6411
21-Aug-2026,30-Apr-2027,92.6369,8.3938
21-Aug-2026,30-Apr-2027,97.0482,6.46177
21-Aug-2026,30-Apr-2027,101.46,4.84604
21-Aug-2026,30-Apr-2027,105.871,3.53642
21-Aug-2026,31-May-2027,70.5805,23.0789
21-Aug-2026,31-May-2027,74.9918,19.805
21-Aug-2026,31-May-2027,79.4031,16.7555
21-Aug-2026,31-May-2027,83.8144,13.9537
21-Aug-2026,31-May-2027,88.2257,11.4198
21-Aug-2026,31-May-2027,92.6369,9.16918
21-Aug-2026,31-May-2027,97.0482,7.21114
21-Aug-2026,31-May-2027,101.46,5.54731
21-Aug-2026,31-May-2027,105.871,4.17038
21-Aug-2026,30-Jun-2027,70.5805,23.6655
21-Aug-2026,30-Jun-2027,74.9918,20.4462
21-Aug-2026,30-Jun-2027,79.4031,17.4421
21-Aug-2026,30-Jun-2027,83.8144,14.6733
21-Aug-2026,30-Jun-2027,88.2257,12.1569
21-Aug-2026,30-Jun-2027,92.6369,9.90599
21-Aug-2026,30-Jun-2027,97.0482,7.92874
21-Aug-2026,30-Jun-2027,101.46,6.22694
21-Aug-2026,30-Jun-2027,105.871,4.79513
24-Aug-2026,28-Aug-2026,70.2061,17.5779
24-Aug-2026,28-Aug-2026,74.594,13.1916
24-Aug-2026,28-Aug-2026,78.9819,8.80544
24-Aug-2026,28-Aug-2026,83.3698,4.44228
24-Aug-2026,28-Aug-2026,87.7577,0.912217
24-Aug-2026,28-Aug-2026,92.1456,0.0198613
24-Aug-2026,28-Aug-2026,96.5334,1.22884e-05
24-Aug-2026,28-Aug-2026,100.921,9.15425e-11
24-Aug-2026,28-Aug-2026,105.309,2.75436e-16
24-Aug-2026,04-Sep-2026,70.2061,17.6503
24-Aug-2026,04-Sep-2026,74.594,13.2711
24-Aug-2026,04-Sep-2026,78.9819,8.92969
24-Aug-2026,04-Sep-2026,83.3698,4.87253
24-Aug-2026,04-Sep-2026,87.7577,1.81806
24-Aug-2026,04-Sep-2026,92.1456,0.370562
24-Aug-2026,04-Sep-2026,96.5334,0.032697
24-Aug-2026,04-Sep-2026,100.921,0.00102534
24-Aug-2026,04-Sep-2026,105.309,1.01722e-05
24-Aug-2026,11-Sep-2026,70.2061,17.7116
24-Aug-2026,11-Sep-2026,74.594,13.3539
24-Aug-2026,11-Sep-2026,78.9819,9.10454
24-Aug-2026,11-Sep-2026,83.3698,5.2587
24-Aug-2026,11-Sep-2026,87.7577,2.3423
24-Aug-2026,11-Sep-2026,92.1456,0.717386
24-Aug-2026,11-Sep-2026,96.5334,0.133921
24-Aug-2026,11-Sep-2026,100.921,0.0136856
24-Aug-2026,11-Sep-2026,105.309,0.000715316
24-Aug-2026,18-Sep-2026,70.2061,17.7967
24-Aug-2026,18-Sep-2026,74.594,13.4895
24-Aug-2026,18-Sep-2026,78.9819,9.36663
24-Aug-2026,18-Sep-2026,83.3698,5.70712
24-Aug-2026,18-Sep-2026,87.7577,2.88498
24-Aug-2026,18-Sep-2026,92.1456,1.13299
24-Aug-2026,18-Sep-2026,96.5334,0.322507
24-Aug-2026,18-Sep-2026,100.921,0.0624607
24-Aug-2026,18-Sep-2026,105.309,0.00789229
24-Aug-2026,25-Sep-2026,70.2061,17.8789
24-Aug-2026,25-Sep-2026,74.594,13.6247
24-Aug-2026,25-Sep-2026,78.9819,9.59966
24-Aug-2026,25-Sep-2026,83.3698,6.05425
24-Aug-2026,25-Sep-2026,87.7577,3.28264
24-Aug-2026,25-Sep-2026,92.1456,1.46086
24-Aug-2026,25-Sep-2026,96.5334,0.508175
24-Aug-2026,25-Sep-2026,100.921,0.132109
24-Aug-2026,25-Sep-2026,105.309,0.0248944
24-Aug-2026,31-Aug-2026,70.2061,17.6108
24-Aug-2026,31-Aug-2026,74.594,13.2267
24-Aug-2026,31-Aug-2026,78.9819,8.8488
24-Aug-2026,31-Aug-2026,83.3698,4.61694
24-Aug-2026,31-Aug-2026,87.7577,1.38837
24-Aug-2026,31-Aug-2026,92.1456,0.152341
24-Aug-2026,31-Aug-2026,96.5334,0.00384242
24-Aug-2026,31-Aug-2026,100.921,1.55168e-05
24-Aug-2026,31-Aug-2026,105.309,8.24979e-09
24-Aug-2026,30-Sep-2026,70.2061,17.9513
24-Aug-2026,30-Sep-2026,74.594,13.7415
24-Aug-2026,30-Sep-2026,78.9819,9.78639
24-Aug-2026,30-Sep-2026,83.3698,6.31371
24-Aug-2026,30-Sep-2026,87.7577,3.57237
24-Aug-2026,30-Sep-2026,92.1456,1.70866
24-Aug-2026,30-Sep-2026,96.5334,0.664676
24-Aug-2026,30-Sep-2026,100.921,0.20293
24-Aug-2026,30-Sep-2026,105.309,0.0474436
24-Aug-2026,30-Oct-2026,70.2061,18.5101
24-Aug-2026,30-Oct-2026,74.594,14.5606
24-Aug-2026,30-Oct-2026,78.9819,10.9253
24-Aug-2026,30-Oct-2026,83.3698,7.73407
24-Aug-2026,30-Oct-2026,87.7577,5.10226
24-Aug-2026,30-Oct-2026,92.1456,3.09534
24-Aug-2026,30-Oct-2026,96.5334,1.70348
24-Aug-2026,30-Oct-2026,100.921,0.839912
24-Aug-2026,30-Oct-2026,105.309,0.367656
24-Aug-2026,30-Nov-2026,70.2061,19.2861
24-Aug-2026,30-Nov-2026,74.594,15.5699
24-Aug-2026,30-Nov-2026,78.9819,12.1661
24-Aug-2026,30-Nov-2026,83.3698,9.152
24-Aug-2026,30-Nov-2026,87.7577,6.58997
24-Aug-2026,30-Nov-2026,92.1456,4.51496
24-Aug-2026,30-Nov-2026,96.5334,2.92591
24-Aug-2026,30-Nov-2026,100.921,1.784
24-Aug-2026,30-Nov-2026,105.309,1.01934
24-Aug-2026,31-Dec-2026,70.2061,20.0574
24-Aug-2026,31-Dec-2026,74.594,16.5089
24-Aug-2026,31-Dec-2026,78.9819,13.2576
24-Aug-2026,31-Dec-2026,83.3698,10.3553
24-Aug-2026,31-Dec-2026,87.7577,7.84146
24-Aug-2026,31-Dec-2026,92.1456,5.7378
24-Aug-2026,31-Dec-2026,96.5334,4.04425
24-Aug-2026,31-Dec-2026,100.921,2.73818
24-Aug-2026,31-Dec-2026,105.309,1.77706
24-Aug-2026,29-Jan-2027,70.2061,20.8533
24-Aug-2026,29-Jan-2027,74.594,17.4423
24-Aug-2026,29-Jan-2027,78.9819,14.3113
24-Aug-2026,29-Jan-2027,83.3698,11.4964
24-Aug-2026,29-Jan-2027,87.7577,9.02414
24-Aug-2026,29-Jan-2027,92.1456,6.90829
24-Aug-2026,29-Jan-2027,96.5334,5.14843
24-Aug-2026,29-Jan-2027,100.921,3.72939
24-Aug-2026,29-Jan-2027,105.309,2.62271
24-Aug-2026,26-Feb-2027,70.2061,21.6016
24-Aug-2026,26-Feb-2027,74.594,18.2993
24-Aug-2026,26-Feb-2027,78.9819,15.2615
24-Aug-2026,26-Feb-2027,83.3698,12.5147
24-Aug-2026,26-Feb-2027,87.7577,10.0776
24-Aug-2026,26-Feb-2027,92.1456,7.9593
24-Aug-2026,26-Feb-2027,96.5334,6.15878
24-Aug-2026,26-Feb-2027,100.921,4.6645
24-Aug-2026,26-Feb-2027,105.309,3.45542
24-Aug-2026,31-Mar-2027,70.2061,22.4437
24-Aug-2026,31-Mar-2027,74.594,19.2474
24-Aug-2026,31-Mar-2027,78.9819,16.2996
24-Aug-2026,31-Mar-2027,83.3698,13.6192
24-Aug-2026,31-Mar-2027,87.7577,11.2189
24-Aug-2026,31-Mar-2027,92.1456,9.10459
24-Aug-2026,31-Mar-2027,96.5334,7.27425
24-Aug-2026,31-Mar-2027,100.921,5.7187
24-Aug-2026,31-Mar-2027,105.309,4.42199
24-Aug-2026,30-Apr-2027,70.2061,23.225
24-Aug-2026,30-Apr-2027,74.594,20.1158
24-Aug-2026,30-Apr-2027,78.9819,17.2415
24-Aug-2026,30-Apr-2027,83.3698,14.6161
24-Aug-2026,30-Apr-2027,87.7577,12.2486
24-Aug-2026,30-Apr-2027,92.1456,10.1422
24-Aug-2026,30-Apr-2027,96.5334,8.29451
24-Aug-2026,30-Apr-2027,100.921,6.69765
24-Aug-2026,30-Apr-2027,105.309,5.33864
24-Aug-2026,31-May-2027,70.2061,24.0171
24-Aug-2026,31-May-2027,74.594,20.9879
24-Aug-2026,31-May-2027,78.9819,18.1811
24-Aug-2026,31-May-2027,83.3698,15.6069
24-Aug-2026,31-May-2027,87.7577,13.2713
24-Aug-2026,31-May-2027,92.1456,11.1761
24-Aug-2026,31-May-2027,96.5334,9.31816
24-Aug-2026,31-May-2027,100.921,7.69056
24-Aug-2026,31-May-2027,105.309,6.28234
24-Aug-2026,30-Jun-2027,70.2061,24.7813
24-Aug-2026,30-Jun-2027,74.594,21.823
24-Aug-2026,30-Jun-2027,78.9819,19.0761
24-Aug-2026,30-Jun-2027,83.3698,16.548
24-Aug-2026,30-Jun-2027,87.7577,14.2426
24-Aug-2026,30-Jun-2027,92.1456,12.1603
24-Aug-2026,30-Jun-2027,96.5334,10.2978
24-Aug-2026,30-Jun-2027,100.921,8.64863
24-Aug-2026,30-Jun-2027,105.309,7.20331
25-Aug-2026,28-Aug-2026,70.5331,17.653
25-Aug-2026,28-Aug-2026,74.9414,13.2459
25-Aug-2026,28-Aug-2026,79.3497,8.83883
25-Aug-2026,28-Aug-2026,83.758,4.4405
25-Aug-2026,28-Aug-2026,88.1663,0.789296
25-Aug-2026,28-Aug-2026,92.5747,0.00708194
25-Aug-2026,28-Aug-2026,96.983,4.79102e-07
25-Aug-2026,28-Aug-2026,101.391,7.91916e-14
25-Aug-2026,04-Sep-2026,70.5331,17.7253
25-Aug-2026,04-Sep-2026,74.9414,13.3244
25-Aug-2026,04-Sep-2026,79.3497,8.95445
25-Aug-2026,04-Sep-2026,83.758,4.8497
25-Aug-2026,04-Sep-2026,88.1663,1.75781
25-Aug-2026,04-Sep-2026,92.5747,0.3325
25-Aug-2026,04-Sep-2026,96.983,0.0253837
25-Aug-2026,04-Sep-2026,101.391,0.000630176
25-Aug-2026,04-Sep-2026,105.8,4.48738e-06
25-Aug-2026,11-Sep-2026,70.5331,17.786
25-Aug-2026,11-Sep-2026,74.9414,13.4045
25-Aug-2026,11-Sep-2026,79.3497,9.12347
25-Aug-2026,11-Sep-2026,83.758,5.23825
25-Aug-2026,11-Sep-2026,88.1663,2.29618
25-Aug-2026,11-Sep-2026,92.5747,0.679909
25-Aug-2026,11-Sep-2026,96.983,0.119579
25-Aug-2026,11-Sep-2026,101.391,0.0111436
25-Aug-2026,11-Sep-2026,105.8,0.000512213
25-Aug-2026,18-Sep-2026,70.5331,17.8697
25-Aug-2026,18-Sep-2026,74.9414,13.5367
25-Aug-2026,18-Sep-2026,79.3497,9.38279
25-Aug-2026,18-Sep-2026,83.758,5.69113
25-Aug-2026,18-Sep-2026,88.1663,2.849
25-Aug-2026,18-Sep-2026,92.5747,1.09888
25-Aug-2026,18-Sep-2026,96.983,0.303704
25-Aug-2026,18-Sep-2026,101.391,0.0562979
25-Aug-2026,18-Sep-2026,105.8,0.00670067
25-Aug-2026,25-Sep-2026,70.5331,17.9506
25-Aug-2026,25-Sep-2026,74.9414,13.6701
25-Aug-2026,25-Sep-2026,79.3497,9.61543
25-Aug-2026,25-Sep-2026,83.758,6.04185
25-Aug-2026,25-Sep-2026,88.1663,3.25267
25-Aug-2026,25-Sep-2026,92.5747,1.4299
25-Aug-2026,25-Sep-2026,96.983,0.487964
25-Aug-2026,25-Sep-2026,101.391,0.123394
25-Aug-2026,25-Sep-2026,105.8,0.0224038
25-Aug-2026,31-Aug-2026,70.5331,17.6859
25-Aug-2026,31-Aug-2026,74.9414,13.2809
25-Aug-2026,31-Aug-2026,79.3497,8.87945
25-Aug-2026,31-Aug-2026,83.758,4.59713
25-Aug-2026,31-Aug-2026,88.1663,1.30922
25-Aug-2026,31-Aug-2026,92.5747,0.119537
25-Aug-2026,31-Aug-2026,96.983,0.00203253
25-Aug-2026,31-Aug-2026,101.391,4.24688e-06
25-Aug-2026,31-Aug-2026,105.8,8.75748e-10
25-Aug-2026,30-Sep-2026,70.5331,18.0219
25-Aug-2026,30-Sep-2026,74.9414,13.7859
25-Aug-2026,30-Sep-2026,79.3497,9.80251
25-Aug-2026,30-Sep-2026,83.758,6.304
25-Aug-2026,30-Sep-2026,88.1663,3.54635
25-Aug-2026,30-Sep-2026,92.5747,1.68018
25-Aug-2026,30-Sep-2026,96.983,0.644242
25-Aug-2026,30-Sep-2026,101.391,0.192719
25-Aug-2026,30-Sep-2026,105.8,0.043852
25-Aug-2026,30-Oct-2026,70.5331,18.5783
25-Aug-2026,30-Oct-2026,74.9414,14.6055
25-Aug-2026,30-Oct-2026,79.3497,10.9483
25-Aug-2026,30-Oct-2026,83.758,7.73887
25-Aug-2026,30-Oct-2026,88.1663,5.09447
25-Aug-2026,30-Oct-2026,92.5747,3.08145
25-Aug-2026,30-Oct-2026,96.983,1.68917
25-Aug-2026,30-Oct-2026,101.391,0.828682
25-Aug-2026,30-Oct-2026,105.8,0.360487
25-Aug-2026,30-Nov-2026,70.5331,19.357
25-Aug-2026,30-Nov-2026,74.9414,15.6212
25-Aug-2026,30-Nov-2026,79.3497,12.1999
25-Aug-2026,30-Nov-2026,83.758,9.17149
25-Aug-2026,30-Nov-2026,88.1663,6.59876
25-Aug-2026,30-Nov-2026,92.5747,4.51678
25-Aug-2026,30-Nov-2026,96.983,2.92402
25-Aug-2026,30-Nov-2026,101.391,1.78078
25-Aug-2026,30-Nov-2026,105.8,1.01622
25-Aug-2026,31-Dec-2026,70.5331,20.1336
25-Aug-2026,31-Dec-2026,74.9414,16.5681
25-Aug-2026,31-Dec-2026,79.3497,13.3021
25-Aug-2026,31-Dec-2026,83.758,10.3876
25-Aug-2026,31-Dec-2026,88.1663,7.86421
25-Aug-2026,31-Dec-2026,92.5747,5.75354
25-Aug-2026,31-Dec-2026,96.983,4.05508
25-Aug-2026,31-Dec-2026,101.391,2.7457
25-Aug-2026,31-Dec-2026,105.8,1.78234
25-Aug-2026,29-Jan-2027,70.5331,20.9362
25-Aug-2026,29-Jan-2027,74.9414,17.5103
25-Aug-2026,29-Jan-2027,79.3497,14.3666
25-Aug-2026,29-Jan-2027,83.758,11.541
25-Aug-2026,29-Jan-2027,88.1663,9.06015
25-Aug-2026,29-Jan-2027,92.5747,6.9375
25-Aug-2026,29-Jan-2027,96.983,5.17227
25-Aug-2026,29-Jan-2027,101.391,3.74891
25-Aug-2026,29-Jan-2027,105.8,2.63861
25-Aug-2026,26-Feb-2027,70.5331,21.6914
25-Aug-2026,26-Feb-2027,74.9414,18.3758
25-Aug-2026,26-Feb-2027,79.3497,15.3267
25-Aug-2026,26-Feb-2027,83.758,12.5704
25-Aug-2026,26-Feb-2027,88.1663,10.1254
25-Aug-2026,26-Feb-2027,92.5747,8.00059
25-Aug-2026,26-Feb-2027,96.983,6.19459
25-Aug-2026,26-Feb-2027,101.391,4.69553
25-Aug-2026,26-Feb-2027,105.8,3.48212
25-Aug-2026,31-Mar-2027,70.5331,22.5416
25-Aug-2026,31-Mar-2027,74.9414,19.3336
25-Aug-2026,31-Mar-2027,79.3497,16.3757
25-Aug-2026,31-Mar-2027,83.758,13.6868
25-Aug-2026,31-Mar-2027,88.1663,11.2794
25-Aug-2026,31-Mar-2027,92.5747,9.15893
25-Aug-2026,31-Mar-2027,96.983,7.32316
25-Aug-2026,31-Mar-2027,101.391,5.76265
25-Aug-2026,31-Mar-2027,105.8,4.46121
25-Aug-2026,30-Apr-2027,70.5331,23.3307
25-Aug-2026,30-Apr-2027,74.9414,20.2109
25-Aug-2026,30-Apr-2027,79.3497,17.3276
25-Aug-2026,30-Apr-2027,83.758,14.6945
25-Aug-2026,30-Apr-2027,88.1663,12.3204
25-Aug-2026,30-Apr-2027,92.5747,10.2082
25-Aug-2026,30-Apr-2027,96.983,8.35523
25-Aug-2026,30-Apr-2027,101.391,6.7534
25-Aug-2026,30-Apr-2027,105.8,5.38952
25-Aug-2026,31-May-2027,70.5331,24.1307
25-Aug-2026,31-May-2027,74.9414,21.092
25-Aug-2026,31-May-2027,79.3497,18.277
25-Aug-2026,31-May-2027,83.758,15.6958
25-Aug-2026,31-May-2027,88.1663,13.3542
25-Aug-2026,31-May-2027,92.5747,11.2534
25-Aug-2026,31-May-2027,96.983,9.39048
25-Aug-2026,31-May-2027,101.391,7.758
25-Aug-2026,31-May-2027,105.8,6.34493
25-Aug-2026,30-Jun-2027,70.5331,24.9026
25-Aug-2026,30-Jun-2027,74.9414,21.9357
25-Aug-2026,30-Jun-2027,79.3497,19.1813
25-Aug-2026,30-Jun-2027,83.758,16.6467
25-Aug-2026,30-Jun-2027,88.1663,14.3357
25-Aug-2026,30-Jun-2027,92.5747,12.2482
25-Aug-2026,30-Jun-2027,96.983,10.3809
25-Aug-2026,30-Jun-2027,101.391,8.72706
25-Aug-2026,30-Jun-2027,105.8,7.27698
26-Aug-2026,28-Aug-2026,70.5164,17.642
26-Aug-2026,28-Aug-2026,74.9237,13.2356
26-Aug-2026,28-Aug-2026,79.331,8.82909
26-Aug-2026,28-Aug-2026,83.7383,4.42421
26-Aug-2026,28-Aug-2026,88.1456,0.64431
26-Aug-2026,28-Aug-2026,92.5528,0.00115992
26-Aug-2026,28-Aug-2026,96.9601,1.18591e-09
26-Aug-2026,04-Sep-2026,70.5164,17.7131
26-Aug-2026,04-Sep-2026,74.9237,13.3122
26-Aug-2026,04-Sep-2026,79.331,8.93648
26-Aug-2026,04-Sep-2026,83.7383,4.80745
26-Aug-2026,04-Sep-2026,88.1456,1.69581
26-Aug-2026,04-Sep-2026,92.5528,0.29888
26-Aug-2026,04-Sep-2026,96.9601,0.0199114
26-Aug-2026,04-Sep-2026,101.367,0.000397633
26-Aug-2026,04-Sep-2026,105.775,2.08063e-06
26-Aug-2026,11-Sep-2026,70.5164,17.7724
26-Aug-2026,11-Sep-2026,74.9237,13.389
26-Aug-2026,11-Sep-2026,79.331,9.09963
26-Aug-2026,11-Sep-2026,83.7383,5.1984
26-Aug-2026,11-Sep-2026,88.1456,2.24864
26-Aug-2026,11-Sep-2026,92.5528,0.647738
26-Aug-2026,11-Sep-2026,96.9601,0.10863
26-Aug-2026,11-Sep-2026,101.367,0.00941845
26-Aug-2026,11-Sep-2026,105.775,0.000391767
26-Aug-2026,18-Sep-2026,70.5164,17.8539
26-Aug-2026,18-Sep-2026,74.9237,13.5176
26-Aug-2026,18-Sep-2026,79.331,9.35613
26-Aug-2026,18-Sep-2026,83.7383,5.65521
26-Aug-2026,18-Sep-2026,88.1456,2.81068
26-Aug-2026,18-Sep-2026,92.5528,1.07027
26-Aug-2026,18-Sep-2026,96.9601,0.289871
26-Aug-2026,18-Sep-2026,101.367,0.0521906
26-Aug-2026,18-Sep-2026,105.775,0.00597281
26-Aug-2026,25-Sep-2026,70.5164,17.9329
26-Aug-2026,25-Sep-2026,74.9237,13.6488
26-Aug-2026,25-Sep-2026,79.331,9.58814
26-Aug-2026,25-Sep-2026,83.7383,6.00872
26-Aug-2026,25-Sep-2026,88.1456,3.21917
26-Aug-2026,25-Sep-2026,92.5528,1.404
26-Aug-2026,25-Sep-2026,96.9601,0.47351
26-Aug-2026,25-Sep-2026,101.367,0.117799
26-Aug-2026,25-Sep-2026,105.775,0.020933
26-Aug-2026,31-Aug-2026,70.5164,17.6743
26-Aug-2026,31-Aug-2026,74.9237,13.2699
26-Aug-2026,31-Aug-2026,79.331,8.86733
26-Aug-2026,31-Aug-2026,83.7383,4.55859
26-Aug-2026,31-Aug-2026,88.1456,1.22568
26-Aug-2026,31-Aug-2026,92.5528,0.0910676
26-Aug-2026,31-Aug-2026,96.9601,0.000990225
26-Aug-2026,31-Aug-2026,101.367,9.81936e-07
26-Aug-2026,31-Aug-2026,105.775,6.94059e-11
26-Aug-2026,30-Sep-2026,70.5164,18.0029
26-Aug-2026,30-Sep-2026,74.9237,13.7635
26-Aug-2026,30-Sep-2026,79.331,9.7752
26-Aug-2026,30-Sep-2026,83.7383,6.27274
26-Aug-2026,30-Sep-2026,88.1456,3.51572
26-Aug-2026,30-Sep-2026,92.5528,1.65617
26-Aug-2026,30-Sep-2026,96.9601,0.629858
26-Aug-2026,30-Sep-2026,101.367,0.186353
26-Aug-2026,30-Sep-2026,105.775,0.0418044
26-Aug-2026,30-Oct-2026,70.5164,18.5545
26-Aug-2026,30-Oct-2026,74.9237,14.5808
26-Aug-2026,30-Oct-2026,79.331,10.9235
26-Aug-2026,30-Oct-2026,83.7383,7.71544
26-Aug-2026,30-Oct-2026,88.1456,5.07415
26-Aug-2026,30-Oct-2026,92.5528,3.06566
26-Aug-2026,30-Oct-2026,96.9601,1.67839
26-Aug-2026,30-Oct-2026,101.367,0.822284
26-Aug-2026,30-Oct-2026,105.775,0.357195
26-Aug-2026,30-Nov-2026,70.5164,19.3319
26-Aug-2026,30-Nov-2026,74.9237,15.5975
26-Aug-2026,30-Nov-2026,79.331,12.1786
26-Aug-2026,30-Nov-2026,83.7383,9.15352
26-Aug-2026,30-Nov-2026,88.1456,6.5848
26-Aug-2026,30-Nov-2026,92.5528,4.50701
26-Aug-2026,30-Nov-2026,96.9601,2.91807
26-Aug-2026,30-Nov-2026,101.367,1.77781
26-Aug-2026,30-Nov-2026,105.775,1.01517
26-Aug-2026,31-Dec-2026,70.5164,20.1089
26-Aug-2026,31-Dec-2026,74.9237,16.5461
26-Aug-2026,31-Dec-2026,79.331,13.2837
26-Aug-2026,31-Dec-2026,83.7383,10.3734
26-Aug-2026,31-Dec-2026,88.1456,7.85444
26-Aug-2026,31-Dec-2026,92.5528,5.74799
26-Aug-2026,31-Dec-2026,96.9601,4.05312
26-Aug-2026,31-Dec-2026,101.367,2.74638
26-Aug-2026,31-Dec-2026,105.775,1.78459
26-Aug-2026,29-Jan-2027,70.5164,20.9125
26-Aug-2026,29-Jan-2027,74.9237,17.4903
26-Aug-2026,29-Jan-2027,79.331,14.3508
26-Aug-2026,29-Jan-2027,83.7383,11.53
26-Aug-2026,29-Jan-2027,88.1456,9.05383
26-Aug-2026,29-Jan-2027,92.5528,6.93551
26-Aug-2026,29-Jan-2027,96.9601,5.17389
26-Aug-2026,29-Jan-2027,101.367,3.75316
26-Aug-2026,29-Jan-2027,105.775,2.64443
26-Aug-2026,26-Feb-2027,70.5164,21.6689
26-Aug-2026,26-Feb-2027,74.9237,18.3577
26-Aug-2026,26-Feb-2027,79.331,15.3133
26-Aug-2026,26-Feb-2027,83.7383,12.562
26-Aug-2026,26-Feb-2027,88.1456,10.1219
26-Aug-2026,26-Feb-2027,92.5528,8.00154
26-Aug-2026,26-Feb-2027,96.9601,6.19924
26-Aug-2026,26-Feb-2027,101.367,4.70293
26-Aug-2026,26-Feb-2027,105.775,3.49122
26-Aug-2026,31-Mar-2027,70.5164,22.5208
26-Aug-2026,31-Mar-2027,74.9237,19.3176
26-Aug-2026,31-Mar-2027,79.331,16.3648
26-Aug-2026,31-Mar-2027,83.7383,13.6812
26-Aug-2026,31-Mar-2027,88.1456,11.2788
26-Aug-2026,31-Mar-2027,92.5528,9.1629
26-Aug-2026,31-Mar-2027,96.9601,7.33097
26-Aug-2026,31-Mar-2027,101.367,5.77337
26-Aug-2026,31-Mar-2027,105.775,4.47386
26-Aug-2026,30-Apr-2027,70.5164,23.3114
26-Aug-2026,30-Apr-2027,74.9237,20.1968
26-Aug-2026,30-Apr-2027,79.331,17.3189
26-Aug-2026,30-Apr-2027,83.7383,14.6912
26-Aug-2026,30-Apr-2027,88.1456,12.3223
26-Aug-2026,30-Apr-2027,92.5528,10.2147
26-Aug-2026,30-Apr-2027,96.9601,8.36577
26-Aug-2026,30-Apr-2027,101.367,6.76704
26-Aug-2026,30-Apr-2027,105.775,5.40531
26-Aug-2026,31-May-2027,70.5164,24.1131
26-Aug-2026,31-May-2027,74.9237,21.0798
26-Aug-2026,31-May-2027,79.331,18.2704
26-Aug-2026,31-May-2027,83.7383,15.6948
26-Aug-2026,31-May-2027,88.1456,13.3584
26-Aug-2026,31-May-2027,92.5528,11.2625
26-Aug-2026,31-May-2027,96.9601,9.40365
26-Aug-2026,31-May-2027,101.367,7.77445
26-Aug-2026,31-May-2027,105.775,6.36375
26-Aug-2026,30-Jun-2027,70.5164,24.8867
26-Aug-2026,30-Jun-2027,74.9237,21.9254
26-Aug-2026,30-Jun-2027,79.331,19.1767
26-Aug-2026,30-Jun-2027,83.7383,16.6478
26-Aug-2026,30-Jun-2027,88.1456,14.3422
26-Aug-2026,30-Jun-2027,92.5528,12.2596
26-Aug-2026,30-Jun-2027,96.9601,10.3965
26-Aug-2026,30-Jun-2027,101.367,8.74611
26-Aug-2026,30-Jun-2027,105.775,7.29861
27-Aug-2026,28-Aug-2026,70.4276,17.6134
27-Aug-2026,28-Aug-2026,74.8294,13.212
27-Aug-2026,28-Aug-2026,79.2311,8.8107
27-Aug-2026,28-Aug-2026,83.6328,4.4094
27-Aug-2026,28-Aug-2026,88.0345,0.465248
27-Aug-2026,28-Aug-2026,92.4363,1.45794e-05
27-Aug-2026,28-Aug-2026,96.838,3.03084e-15
27-Aug-2026,28-Aug-2026,101.24,2.332e-15
27-Aug-2026,28-Aug-2026,105.641,2.24775e-15
27-Aug-2026,04-Sep-2026,70.4276,17.6842
27-Aug-2026,04-Sep-2026,74.8294,13.2889
27-Aug-2026,04-Sep-2026,79.2311,8.92427
27-Aug-2026,04-Sep-2026,83.6328,4.83137
27-Aug-2026,04-Sep-2026,88.0345,1.76552
27-Aug-2026,04-Sep-2026,92.4363,0.349202
27-Aug-2026,04-Sep-2026,96.838,0.0303918
27-Aug-2026,04-Sep-2026,101.24,0.000990099
27-Aug-2026,04-Sep-2026,105.641,1.08801e-05
27-Aug-2026,11-Sep-2026,70.4276,17.7451
27-Aug-2026,11-Sep-2026,74.8294,13.3778
27-Aug-2026,11-Sep-2026,79.2311,9.13912
27-Aug-2026,11-Sep-2026,83.6328,5.34034
27-Aug-2026,11-Sep-2026,88.0345,2.47582
27-Aug-2026,11-Sep-2026,92.4363,0.839579
27-Aug-2026,11-Sep-2026,96.838,0.193138
27-Aug-2026,11-Sep-2026,101.24,0.028332
27-Aug-2026,11-Sep-2026,105.641,0.00253713
27-Aug-2026,18-Sep-2026,70.4276,17.8422
27-Aug-2026,18-Sep-2026,74.8294,13.5595
27-Aug-2026,18-Sep-2026,79.2311,9.51422
27-Aug-2026,18-Sep-2026,83.6328,5.97742
27-Aug-2026,18-Sep-2026,88.0345,3.24894
27-Aug-2026,18-Sep-2026,92.4363,1.47622
27-Aug-2026,18-Sep-2026,96.838,0.543539
27-Aug-2026,18-Sep-2026,101.24,0.15805
27-Aug-2026,18-Sep-2026,105.641,0.0356141
27-Aug-2026,25-Sep-2026,70.4276,17.9546
27-Aug-2026,25-Sep-2026,74.8294,13.7668
27-Aug-2026,25-Sep-2026,79.2311,9.87365
27-Aug-2026,25-Sep-2026,83.6328,6.49655
27-Aug-2026,25-Sep-2026,88.0345,3.84284
27-Aug-2026,25-Sep-2026,92.4363,2.00427
27-Aug-2026,25-Sep-2026,96.838,0.905959
27-Aug-2026,25-Sep-2026,101.24,0.349909
27-Aug-2026,25-Sep-2026,105.641,0.114272
27-Aug-2026,31-Aug-2026,70.4276,17.6456
27-Aug-2026,31-Aug-2026,74.8294,13.2463
27-Aug-2026,31-Aug-2026,79.2311,8.8483
27-Aug-2026,31-Aug-2026,83.6328,4.53459
27-Aug-2026,31-Aug-2026,88.0345,1.19327
27-Aug-2026,31-Aug-2026,92.4363,0.0838025
27-Aug-2026,31-Aug-2026,96.838,0.000852552
27-Aug-2026,31-Aug-2026,101.24,8.22137e-07
27-Aug-2026,31-Aug-2026,105.641,5.92723e-11
27-Aug-2026,30-Sep-2026,70.4276,18.0654
27-Aug-2026,30-Sep-2026,74.8294,13.9578
27-Aug-2026,30-Sep-2026,79.2311,10.1731
27-Aug-2026,30-Sep-2026,83.6328,6.89741
27-Aug-2026,30-Sep-2026,88.0345,4.28972
27-Aug-2026,30-Sep-2026,92.4363,2.41546
27-Aug-2026,30-Sep-2026,96.838,1.21741
27-Aug-2026,30-Sep-2026,101.24,0.544125
27-Aug-2026,30-Sep-2026,105.641,0.214194
27-Aug-2026,30-Oct-2026,70.4276,19.0893
27-Aug-2026,30-Oct-2026,74.8294,15.4349
27-Aug-2026,30-Oct-2026,79.2311,12.1317
27-Aug-2026,30-Oct-2026,83.6328,9.24556
27-Aug-2026,30-Oct-2026,88.0345,6.81682
27-Aug-2026,30-Oct-2026,92.4363,4.85387
27-Aug-2026,30-Oct-2026,96.838,3.33313
27-Aug-2026,30-Oct-2026,101.24,2.20524
27-Aug-2026,30-Oct-2026,105.641,1.40491
27-Aug-2026,30-Nov-2026,70.4276,20.6666
27-Aug-2026,30-Nov-2026,74.8294,17.3841
27-Aug-2026,30-Nov-2026,79.2311,14.4108
27-Aug-2026,30-Nov-2026,83.6328,11.7683
27-Aug-2026,30-Nov-2026,88.0345,9.46507
27-Aug-2026,30-Nov-2026,92.4363,7.49667
27-Aug-2026,30-Nov-2026,96.838,5.84719
27-Aug-2026,30-Nov-2026,101.24,4.4916
27-Aug-2026,30-Nov-2026,105.641,3.39866
27-Aug-2026,31-Dec-2026,70.4276,22.2756
27-Aug-2026,31-Dec-2026,74.8294,19.2414
27-Aug-2026,31-Dec-2026,79.2311,16.4769
27-Aug-2026,31-Dec-2026,83.6328,13.9886
27-Aug-2026,31-Dec-2026,88.0345,11.7753
27-Aug-2026,31-Dec-2026,92.4363,9.82968
27-Aug-2026,31-Dec-2026,96.838,8.13863
27-Aug-2026,31-Dec-2026,101.24,6.68495
27-Aug-2026,31-Dec-2026,105.641,5.44852
27-Aug-2026,29-Jan-2027,70.4276,23.9408
27-Aug-2026,29-Jan-2027,74.8294,21.1003
27-Aug-2026,29-Jan-2027,79.2311,18.4967
27-Aug-2026,29-Jan-2027,83.6328,16.1297
27-Aug-2026,29-Jan-2027,88.0345,13.9945
27-Aug-2026,29-Jan-2027,92.4363,12.0826
27-Aug-2026,29-Jan-2027,96.838,10.3829
27-Aug-2026,29-Jan-2027,101.24,8.88198
27-Aug-2026,29-Jan-2027,105.641,7.56517
27-Aug-2026,26-Feb-2027,70.4276,25.4983
27-Aug-2026,26-Feb-2027,74.8294,22.8056
27-Aug-2026,26-Feb-2027,79.2311,20.3252
27-Aug-2026,26-Feb-2027,83.6328,18.0534
27-Aug-2026,26-Feb-2027,88.0345,15.9838
27-Aug-2026,26-Feb-2027,92.4363,14.1081
27-Aug-2026,26-Feb-2027,96.838,12.4162
27-Aug-2026,26-Feb-2027,101.24,10.8971
27-Aug-2026,26-Feb-2027,105.641,9.53879
27-Aug-2026,31-Mar-2027,70.4276,27.2344
27-Aug-2026,31-Mar-2027,74.8294,24.6826
27-Aug-2026,31-Mar-2027,79.2311,22.3202
27-Aug-2026,31-Mar-2027,83.6328,20.1419
27-Aug-2026,31-Mar-2027,88.0345,18.1406
27-Aug-2026,31-Mar-2027,92.4363,16.3083
27-Aug-2026,31-Mar-2027,96.838,14.6359
27-Aug-2026,31-Mar-2027,101.24,13.114
27-Aug-2026,31-Mar-2027,105.641,11.7327
27-Aug-2026,30-Apr-2027,70.4276,28.8261
27-Aug-2026,30-Apr-2027,74.8294,26.3879
27-Aug-2026,30-Apr-2027,79.2311,24.1218
27-Aug-2026,30-Apr-2027,83.6328,22.0214
27-Aug-2026,30-Apr-2027,88.0345,20.0798
27-Aug-2026,30-Apr-2027,92.4363,18.289
27-Aug-2026,30-Apr-2027,96.838,16.641
27-Aug-2026,30-Apr-2027,101.24,15.1272
27-Aug-2026,30-Apr-2027,105.641,13.7393
27-Aug-2026,31-May-2027,70.4276,30.4189
27-Aug-2026,31-May-2027,74.8294,28.0839
27-Aug-2026,31-May-2027,79.2311,25.906
27-Aug-2026,31-May-2027,83.6328,23.8786
27-Aug-2026,31-May-2027,88.0345,21.9946
27-Aug-2026,31-May-2027,92.4363,20.2467
27-Aug-2026,31-May-2027,96.838,18.6273
27-Aug-2026,31-May-2027,101.24,17.1289
27-Aug-2026,31-May-2027,105.641,15.744
27-Aug-2026,30-Jun-2027,70.4276,31.9348
27-Aug-2026,30-Jun-2027,74.8294,29.6904
27-Aug-2026,30-Jun-2027,79.2311,27.5909
27-Aug-2026,30-Jun-2027,83.6328,25.6293
27-Aug-2026,30-Jun-2027,88.0345,23.7989
27-Aug-2026,30-Jun-2027,92.4363,22.0926
27-Aug-2026,30-Jun-2027,96.838,20.5034
27-Aug-2026,30-Jun-2027,101.24,19.0245
27-Aug-2026,30-Jun-2027,105.641,17.6492
