date,expiry date,strike,implied vol
09-Mar-2026,13-Mar-2026,80.0,0.281248
09-Mar-2026,13-Mar-2026,85.0,0.238346
09-Mar-2026,13-Mar-2026,90.0,0.225597
09-Mar-2026,13-Mar-2026,95.0,0.212658
09-Mar-2026,13-Mar-2026,100.0,0.199578
09-Mar-2026,13-Mar-2026,105.0,0.186669
09-Mar-2026,13-Mar-2026,110.0,0.17481
09-Mar-2026,20-Mar-2026,80.0,0.547572
09-Mar-2026,20-Mar-2026,85.0,0.4183
09-Mar-2026,20-Mar-2026,90.0,0.306737
09-Mar-2026,20-Mar-2026,95.0,0.255256
09-Mar-2026,20-Mar-2026,100.0,0.234132
09-Mar-2026,20-Mar-2026,105.0,0.217879
09-Mar-2026,20-Mar-2026,110.0,0.203651
09-Mar-2026,20-Mar-2026,115.0,0.192506
09-Mar-2026,20-Mar-2026,120.0,0.18537
09-Mar-2026,27-Mar-2026,80.0,0.452558
09-Mar-2026,27-Mar-2026,85.0,0.352573
09-Mar-2026,27-Mar-2026,90.0,0.282579
09-Mar-2026,27-Mar-2026,95.0,0.250134
09-Mar-2026,27-Mar-2026,100.0,0.230943
09-Mar-2026,27-Mar-2026,105.0,0.214924
09-Mar-2026,27-Mar-2026,110.0,0.200809
09-Mar-2026,27-Mar-2026,115.0,0.189699
09-Mar-2026,27-Mar-2026,120.0,0.182511
09-Mar-2026,02-Apr-2026,80.0,0.4364
09-Mar-2026,02-Apr-2026,85.0,0.352079
09-Mar-2026,02-Apr-2026,90.0,0.29683
09-Mar-2026,02-Apr-2026,95.0,0.266249
09-Mar-2026,02-Apr-2026,100.0,0.245462
09-Mar-2026,02-Apr-2026,105.0,0.228001
09-Mar-2026,02-Apr-2026,110.0,0.212754
09-Mar-2026,02-Apr-2026,115.0,0.200729
09-Mar-2026,02-Apr-2026,120.0,0.192844
09-Mar-2026,10-Apr-2026,80.0,0.392687
09-Mar-2026,10-Apr-2026,85.0,0.326751
09-Mar-2026,10-Apr-2026,90.0,0.284773
09-Mar-2026,10-Apr-2026,95.0,0.258829
09-Mar-2026,10-Apr-2026,100.0,0.239388
09-Mar-2026,10-Apr-2026,105.0,0.222533
09-Mar-2026,10-Apr-2026,110.0,0.207684
09-Mar-2026,10-Apr-2026,115.0,0.195873
09-Mar-2026,10-Apr-2026,120.0,0.18802
09-Mar-2026,31-Mar-2026,80.0,0.441952
09-Mar-2026,31-Mar-2026,85.0,0.352498
09-Mar-2026,31-Mar-2026,90.0,0.293193
09-Mar-2026,31-Mar-2026,95.0,0.262018
09-Mar-2026,31-Mar-2026,100.0,0.241602
09-Mar-2026,31-Mar-2026,105.0,0.22452
09-Mar-2026,31-Mar-2026,110.0,0.20958
09-Mar-2026,31-Mar-2026,115.0,0.197812
09-Mar-2026,31-Mar-2026,120.0,0.190131
09-Mar-2026,30-Apr-2026,80.0,0.358822
09-Mar-2026,30-Apr-2026,85.0,0.314611
09-Mar-2026,30-Apr-2026,90.0,0.283726
09-Mar-2026,30-Apr-2026,95.0,0.260804
09-Mar-2026,30-Apr-2026,100.0,0.241804
09-Mar-2026,30-Apr-2026,105.0,0.224898
09-Mar-2026,30-Apr-2026,110.0,0.2099
09-Mar-2026,30-Apr-2026,115.0,0.197728
09-Mar-2026,30-Apr-2026,120.0,0.189268
09-Mar-2026,29-May-2026,80.0,0.329225
09-Mar-2026,29-May-2026,85.0,0.29747
09-Mar-2026,29-May-2026,90.0,0.273038
09-Mar-2026,29-May-2026,95.0,0.25303
09-Mar-2026,29-May-2026,100.0,0.23552
09-Mar-2026,29-May-2026,105.0,0.219632
09-Mar-2026,29-May-2026,110.0,0.205389
09-Mar-2026,29-May-2026,115.0,0.193516
09-Mar-2026,29-May-2026,120.0,0.184785
09-Mar-2026,30-Jun-2026,80.0,0.317306
09-Mar-2026,30-Jun-2026,85.0,0.290793
09-Mar-2026,30-Jun-2026,90.0,0.269105
09-Mar-2026,30-Jun-2026,95.0,0.250525
09-Mar-2026,30-Jun-2026,100.0,0.233929
09-Mar-2026,30-Jun-2026,105.0,0.218797
09-Mar-2026,30-Jun-2026,110.0,0.205169
09-Mar-2026,30-Jun-2026,115.0,0.193535
09-Mar-2026,30-Jun-2026,120.0,0.184483
09-Mar-2026,31-Jul-2026,80.0,0.308268
09-Mar-2026,31-Jul-2026,85.0,0.28469
09-Mar-2026,31-Jul-2026,90.0,0.26479
09-Mar-2026,31-Jul-2026,95.0,0.247386
09-Mar-2026,31-Jul-2026,100.0,0.231706
09-Mar-2026,31-Jul-2026,105.0,0.217392
09-Mar-2026,31-Jul-2026,110.0,0.204461
09-Mar-2026,31-Jul-2026,115.0,0.19323
09-Mar-2026,31-Jul-2026,120.0,0.184126
09-Mar-2026,31-Aug-2026,80.0,0.301661
09-Mar-2026,31-Aug-2026,85.0,0.280025
09-Mar-2026,31-Aug-2026,90.0,0.261429
09-Mar-2026,31-Aug-2026,95.0,0.244991
09-Mar-2026,31-Aug-2026,100.0,0.230133
09-Mar-2026,31-Aug-2026,105.0,0.216574
09-Mar-2026,31-Aug-2026,110.0,0.204299
09-Mar-2026,31-Aug-2026,115.0,0.193503
09-Mar-2026,31-Aug-2026,120.0,0.184478
09-Mar-2026,30-Sep-2026,80.0,0.296886
09-Mar-2026,30-Sep-2026,85.0,0.276625
09-Mar-2026,30-Sep-2026,90.0,0.259025
09-Mar-2026,30-Sep-2026,95.0,0.243382
09-Mar-2026,30-Sep-2026,100.0,0.229231
09-Mar-2026,30-Sep-2026,105.0,0.216331
09-Mar-2026,30-Sep-2026,110.0,0.204635
09-Mar-2026,30-Sep-2026,115.0,0.194255
09-Mar-2026,30-Sep-2026,120.0,0.185383
09-Mar-2026,30-Oct-2026,80.0,0.295278
09-Mar-2026,30-Oct-2026,85.0,0.275921
09-Mar-2026,30-Oct-2026,90.0,0.259
09-Mar-2026,30-Oct-2026,95.0,0.243931
09-Mar-2026,30-Oct-2026,100.0,0.230317
09-Mar-2026,30-Oct-2026,105.0,0.217931
09-Mar-2026,30-Oct-2026,110.0,0.206698
09-Mar-2026,30-Oct-2026,115.0,0.196661
09-Mar-2026,30-Oct-2026,120.0,0.187931
09-Mar-2026,30-Nov-2026,80.0,0.291372
09-Mar-2026,30-Nov-2026,85.0,0.273029
09-Mar-2026,30-Nov-2026,90.0,0.256925
09-Mar-2026,30-Nov-2026,95.0,0.242558
09-Mar-2026,30-Nov-2026,100.0,0.229581
09-Mar-2026,30-Nov-2026,105.0,0.217782
09-Mar-2026,30-Nov-2026,110.0,0.207072
09-Mar-2026,30-Nov-2026,115.0,0.19745
09-Mar-2026,30-Nov-2026,120.0,0.188976
09-Mar-2026,31-Dec-2026,80.0,0.289008
09-Mar-2026,31-Dec-2026,85.0,0.271465
09-Mar-2026,31-Dec-2026,90.0,0.256021
09-Mar-2026,31-Dec-2026,95.0,0.242235
09-Mar-2026,31-Dec-2026,100.0,0.229793
09-Mar-2026,31-Dec-2026,105.0,0.218491
09-Mar-2026,31-Dec-2026,110.0,0.208226
09-Mar-2026,31-Dec-2026,115.0,0.198967
09-Mar-2026,31-Dec-2026,120.0,0.190735
09-Mar-2026,29-Jan-2027,80.0,0.286626
09-Mar-2026,29-Jan-2027,85.0,0.269784
09-Mar-2026,29-Jan-2027,90.0,0.254932
09-Mar-2026,29-Jan-2027,95.0,0.24167
09-Mar-2026,29-Jan-2027,100.0,0.229705
09-Mar-2026,29-Jan-2027,105.0,0.218844
09-Mar-2026,29-Jan-2027,110.0,0.208974
09-Mar-2026,29-Jan-2027,115.0,0.200043
09-Mar-2026,29-Jan-2027,120.0,0.19205
09-Mar-2026,26-Feb-2027,80.0,0.284786
09-Mar-2026,26-Feb-2027,85.0,0.268543
09-Mar-2026,26-Feb-2027,90.0,0.254203
09-Mar-2026,26-Feb-2027,95.0,0.241396
09-Mar-2026,26-Feb-2027,100.0,0.229848
09-Mar-2026,26-Feb-2027,105.0,0.21937
09-Mar-2026,26-Feb-2027,110.0,0.209843
09-Mar-2026,26-Feb-2027,115.0,0.201204
09-Mar-2026,26-Feb-2027,120.0,0.193432
10-Mar-2026,13-Mar-2026,80.7281,0.326855
10-Mar-2026,13-Mar-2026,85.7737,0.239014
10-Mar-2026,13-Mar-2026,90.8192,0.207185
10-Mar-2026,13-Mar-2026,95.8647,0.19306
10-Mar-2026,13-Mar-2026,100.91,0.17853
10-Mar-2026,13-Mar-2026,105.956,0.164101
10-Mar-2026,13-Mar-2026,111.001,0.151584
10-Mar-2026,13-Mar-2026,116.047,0.199246
10-Mar-2026,13-Mar-2026,121.092,0.259011
10-Mar-2026,20-Mar-2026,80.7281,0.573694
10-Mar-2026,20-Mar-2026,85.7737,0.437567
10-Mar-2026,20-Mar-2026,90.8192,0.310198
10-Mar-2026,20-Mar-2026,95.8647,0.238555
10-Mar-2026,20-Mar-2026,100.91,0.213102
10-Mar-2026,20-Mar-2026,105.956,0.194751
10-Mar-2026,20-Mar-2026,111.001,0.17953
10-Mar-2026,20-Mar-2026,116.047,0.1696
10-Mar-2026,20-Mar-2026,121.092,0.165056
10-Mar-2026,27-Mar-2026,80.7281,0.464826
10-Mar-2026,27-Mar-2026,85.7737,0.358305
10-Mar-2026,27-Mar-2026,90.8192,0.273172
10-Mar-2026,27-Mar-2026,95.8647,0.231527
10-Mar-2026,27-Mar-2026,100.91,0.209436
10-Mar-2026,27-Mar-2026,105.956,0.191514
10-Mar-2026,27-Mar-2026,111.001,0.176493
10-Mar-2026,27-Mar-2026,116.047,0.166544
10-Mar-2026,27-Mar-2026,121.092,0.161849
10-Mar-2026,02-Apr-2026,80.7281,0.443458
10-Mar-2026,02-Apr-2026,85.7737,0.35081
10-Mar-2026,02-Apr-2026,90.8192,0.28389
10-Mar-2026,02-Apr-2026,95.8647,0.246995
10-Mar-2026,02-Apr-2026,100.91,0.223383
10-Mar-2026,02-Apr-2026,105.956,0.203932
10-Mar-2026,02-Apr-2026,111.001,0.187709
10-Mar-2026,02-Apr-2026,116.047,0.176781
10-Mar-2026,02-Apr-2026,121.092,0.171399
10-Mar-2026,10-Apr-2026,80.7281,0.394766
10-Mar-2026,10-Apr-2026,85.7737,0.320417
10-Mar-2026,10-Apr-2026,90.8192,0.269977
10-Mar-2026,10-Apr-2026,95.8647,0.239658
10-Mar-2026,10-Apr-2026,100.91,0.217843
10-Mar-2026,10-Apr-2026,105.956,0.199171
10-Mar-2026,10-Apr-2026,111.001,0.183402
10-Mar-2026,10-Apr-2026,116.047,0.172572
10-Mar-2026,10-Apr-2026,121.092,0.167053
10-Mar-2026,31-Mar-2026,80.7281,0.450626
10-Mar-2026,31-Mar-2026,85.7737,0.353259
10-Mar-2026,31-Mar-2026,90.8192,0.281146
10-Mar-2026,31-Mar-2026,95.8647,0.242941
10-Mar-2026,31-Mar-2026,100.91,0.219657
10-Mar-2026,31-Mar-2026,105.956,0.2006
10-Mar-2026,31-Mar-2026,111.001,0.1847
10-Mar-2026,31-Mar-2026,116.047,0.174056
10-Mar-2026,31-Mar-2026,121.092,0.168887
10-Mar-2026,30-Apr-2026,80.7281,0.353706
10-Mar-2026,30-Apr-2026,85.7737,0.303399
10-Mar-2026,30-Apr-2026,90.8192,0.267959
10-Mar-2026,30-Apr-2026,95.8647,0.242255
10-Mar-2026,30-Apr-2026,100.91,0.221298
10-Mar-2026,30-Apr-2026,105.956,0.20279
10-Mar-2026,30-Apr-2026,111.001,0.186916
10-Mar-2026,30-Apr-2026,116.047,0.175405
10-Mar-2026,30-Apr-2026,121.092,0.168905
10-Mar-2026,29-May-2026,80.7281,0.320562
10-Mar-2026,29-May-2026,85.7737,0.285064
10-Mar-2026,29-May-2026,90.8192,0.257942
10-Mar-2026,29-May-2026,95.8647,0.236038
10-Mar-2026,29-May-2026,100.91,0.217018
10-Mar-2026,29-May-2026,105.956,0.199859
10-Mar-2026,29-May-2026,111.001,0.184863
10-Mar-2026,29-May-2026,116.047,0.173305
10-Mar-2026,29-May-2026,121.092,0.165985
10-Mar-2026,30-Jun-2026,80.7281,0.307751
10-Mar-2026,30-Jun-2026,85.7737,0.278733
10-Mar-2026,30-Jun-2026,90.8192,0.255161
10-Mar-2026,30-Jun-2026,95.8647,0.235136
10-Mar-2026,30-Jun-2026,100.91,0.217342
10-Mar-2026,30-Jun-2026,105.956,0.20121
10-Mar-2026,30-Jun-2026,111.001,0.186948
10-Mar-2026,30-Jun-2026,116.047,0.175372
10-Mar-2026,30-Jun-2026,121.092,0.167206
10-Mar-2026,31-Jul-2026,80.7281,0.298784
10-Mar-2026,31-Jul-2026,85.7737,0.273336
10-Mar-2026,31-Jul-2026,90.8192,0.251983
10-Mar-2026,31-Jul-2026,95.8647,0.233423
10-Mar-2026,31-Jul-2026,100.91,0.216777
10-Mar-2026,31-Jul-2026,105.956,0.201663
10-Mar-2026,31-Jul-2026,111.001,0.188197
10-Mar-2026,31-Jul-2026,116.047,0.176895
10-Mar-2026,31-Jul-2026,121.092,0.168316
10-Mar-2026,31-Aug-2026,80.7281,0.29257
10-Mar-2026,31-Aug-2026,85.7737,0.269459
10-Mar-2026,31-Aug-2026,90.8192,0.249692
10-Mar-2026,31-Aug-2026,95.8647,0.232306
10-Mar-2026,31-Aug-2026,100.91,0.216655
10-Mar-2026,31-Aug-2026,105.956,0.202444
10-Mar-2026,31-Aug-2026,111.001,0.189715
10-Mar-2026,31-Aug-2026,116.047,0.178781
10-Mar-2026,31-Aug-2026,121.092,0.17004
10-Mar-2026,30-Sep-2026,80.7281,0.28829
10-Mar-2026,30-Sep-2026,85.7737,0.266817
10-Mar-2026,30-Sep-2026,90.8192,0.248241
10-Mar-2026,30-Sep-2026,95.8647,0.231802
10-Mar-2026,30-Sep-2026,100.91,0.216986
10-Mar-2026,30-Sep-2026,105.956,0.20354
10-Mar-2026,30-Sep-2026,111.001,0.191452
10-Mar-2026,30-Sep-2026,116.047,0.180904
10-Mar-2026,30-Sep-2026,121.092,0.172166
10-Mar-2026,30-Oct-2026,80.7281,0.287251
10-Mar-2026,30-Oct-2026,85.7737,0.266874
10-Mar-2026,30-Oct-2026,90.8192,0.249123
10-Mar-2026,30-Oct-2026,95.8647,0.233373
10-Mar-2026,30-Oct-2026,100.91,0.21919
10-Mar-2026,30-Oct-2026,105.956,0.20634
10-Mar-2026,30-Oct-2026,111.001,0.194761
10-Mar-2026,30-Oct-2026,116.047,0.184541
10-Mar-2026,30-Oct-2026,121.092,0.175843
10-Mar-2026,30-Nov-2026,80.7281,0.283875
10-Mar-2026,30-Nov-2026,85.7737,0.264665
10-Mar-2026,30-Nov-2026,90.8192,0.24785
10-Mar-2026,30-Nov-2026,95.8647,0.232898
10-Mar-2026,30-Nov-2026,100.91,0.219432
10-Mar-2026,30-Nov-2026,105.956,0.207232
10-Mar-2026,30-Nov-2026,111.001,0.196216
10-Mar-2026,30-Nov-2026,116.047,0.18641
10-Mar-2026,30-Nov-2026,121.092,0.17791
10-Mar-2026,31-Dec-2026,80.7281,0.282034
10-Mar-2026,31-Dec-2026,85.7737,0.263742
10-Mar-2026,31-Dec-2026,90.8192,0.247682
10-Mar-2026,31-Dec-2026,95.8647,0.233385
10-Mar-2026,31-Dec-2026,100.91,0.220516
10-Mar-2026,31-Dec-2026,105.956,0.208863
10-Mar-2026,31-Dec-2026,111.001,0.198323
10-Mar-2026,31-Dec-2026,116.047,0.188884
10-Mar-2026,31-Dec-2026,121.092,0.180589
10-Mar-2026,29-Jan-2027,80.7281,0.280098
10-Mar-2026,29-Jan-2027,85.7737,0.262598
10-Mar-2026,29-Jan-2027,90.8192,0.2472
10-Mar-2026,29-Jan-2027,95.8647,0.233484
10-Mar-2026,29-Jan-2027,100.91,0.221139
10-Mar-2026,29-Jan-2027,105.956,0.209963
10-Mar-2026,29-Jan-2027,111.001,0.199843
10-Mar-2026,29-Jan-2027,116.047,0.190738
10-Mar-2026,29-Jan-2027,121.092,0.182663
10-Mar-2026,26-Feb-2027,80.7281,0.278662
10-Mar-2026,26-Feb-2027,85.7737,0.261832
10-Mar-2026,26-Feb-2027,90.8192,0.247002
10-Mar-2026,26-Feb-2027,95.8647,0.233786
10-Mar-2026,26-Feb-2027,100.91,0.221896
10-Mar-2026,26-Feb-2027,105.956,0.211131
10-Mar-2026,26-Feb-2027,111.001,0.201375
10-Mar-2026,26-Feb-2027,116.047,0.192569
10-Mar-2026,26-Feb-2027,121.092,0.184702
11-Mar-2026,13-Mar-2026,90.184,0.217383
11-Mar-2026,13-Mar-2026,95.1942,0.203906
11-Mar-2026,13-Mar-2026,100.204,0.190185
11-Mar-2026,13-Mar-2026,105.215,0.176607
11-Mar-2026,20-Mar-2026,80.1635,0.602932
11-Mar-2026,20-Mar-2026,85.1738,0.459743
11-Mar-2026,20-Mar-2026,90.184,0.326632
11-Mar-2026,20-Mar-2026,95.1942,0.254825
11-Mar-2026,20-Mar-2026,100.204,0.230131
11-Mar-2026,20-Mar-2026,105.215,0.212478
11-Mar-2026,20-Mar-2026,110.225,0.197397
11-Mar-2026,20-Mar-2026,115.235,0.186373
11-Mar-2026,20-Mar-2026,120.245,0.180154
11-Mar-2026,27-Mar-2026,80.1635,0.477632
11-Mar-2026,27-Mar-2026,85.1738,0.368695
11-Mar-2026,27-Mar-2026,90.184,0.284627
11-Mar-2026,27-Mar-2026,95.1942,0.245207
11-Mar-2026,27-Mar-2026,100.204,0.224152
11-Mar-2026,27-Mar-2026,105.215,0.207049
11-Mar-2026,27-Mar-2026,110.225,0.192291
11-Mar-2026,27-Mar-2026,115.235,0.181413
11-Mar-2026,27-Mar-2026,120.245,0.175172
11-Mar-2026,02-Apr-2026,80.1635,0.452192
11-Mar-2026,02-Apr-2026,85.1738,0.359701
11-Mar-2026,02-Apr-2026,90.184,0.295641
11-Mar-2026,02-Apr-2026,95.1942,0.260943
11-Mar-2026,02-Apr-2026,100.204,0.238478
11-Mar-2026,02-Apr-2026,105.215,0.2199
11-Mar-2026,02-Apr-2026,110.225,0.203977
11-Mar-2026,02-Apr-2026,115.235,0.192156
11-Mar-2026,02-Apr-2026,120.245,0.185219
11-Mar-2026,10-Apr-2026,80.1635,0.400911
11-Mar-2026,10-Apr-2026,85.1738,0.328359
11-Mar-2026,10-Apr-2026,90.184,0.280876
11-Mar-2026,10-Apr-2026,95.1942,0.252385
11-Mar-2026,10-Apr-2026,100.204,0.231657
11-Mar-2026,10-Apr-2026,105.215,0.213851
11-Mar-2026,10-Apr-2026,110.225,0.198424
11-Mar-2026,10-Apr-2026,115.235,0.18683
11-Mar-2026,10-Apr-2026,120.245,0.179884
11-Mar-2026,31-Mar-2026,80.1635,0.460366
11-Mar-2026,31-Mar-2026,85.1738,0.362397
11-Mar-2026,31-Mar-2026,90.184,0.29284
11-Mar-2026,31-Mar-2026,95.1942,0.256887
11-Mar-2026,31-Mar-2026,100.204,0.234727
11-Mar-2026,31-Mar-2026,105.215,0.216527
11-Mar-2026,31-Mar-2026,110.225,0.200914
11-Mar-2026,31-Mar-2026,115.235,0.189357
11-Mar-2026,31-Mar-2026,120.245,0.182627
11-Mar-2026,30-Apr-2026,80.1635,0.359211
11-Mar-2026,30-Apr-2026,85.1738,0.311439
11-Mar-2026,30-Apr-2026,90.184,0.278153
11-Mar-2026,30-Apr-2026,95.1942,0.253839
11-Mar-2026,30-Apr-2026,100.204,0.233878
11-Mar-2026,30-Apr-2026,105.215,0.216182
11-Mar-2026,30-Apr-2026,110.225,0.200687
11-Mar-2026,30-Apr-2026,115.235,0.188659
11-Mar-2026,30-Apr-2026,120.245,0.180971
11-Mar-2026,29-May-2026,80.1635,0.326297
11-Mar-2026,29-May-2026,85.1738,0.292735
11-Mar-2026,29-May-2026,90.184,0.267069
11-Mar-2026,29-May-2026,95.1942,0.246201
11-Mar-2026,29-May-2026,100.204,0.227997
11-Mar-2026,29-May-2026,105.215,0.211509
11-Mar-2026,29-May-2026,110.225,0.196873
11-Mar-2026,29-May-2026,115.235,0.185056
11-Mar-2026,29-May-2026,120.245,0.176888
11-Mar-2026,30-Jun-2026,80.1635,0.31346
11-Mar-2026,30-Jun-2026,85.1738,0.285877
11-Mar-2026,30-Jun-2026,90.184,0.263398
11-Mar-2026,30-Jun-2026,95.1942,0.244202
11-Mar-2026,30-Jun-2026,100.204,0.227077
11-Mar-2026,30-Jun-2026,105.215,0.211486
11-Mar-2026,30-Jun-2026,110.225,0.197546
11-Mar-2026,30-Jun-2026,115.235,0.185893
11-Mar-2026,30-Jun-2026,120.245,0.177197
11-Mar-2026,31-Jul-2026,80.1635,0.304248
11-Mar-2026,31-Jul-2026,85.1738,0.279935
11-Mar-2026,31-Jul-2026,90.184,0.259463
11-Mar-2026,31-Jul-2026,95.1942,0.241589
11-Mar-2026,31-Jul-2026,100.204,0.225497
11-Mar-2026,31-Jul-2026,105.215,0.210825
11-Mar-2026,31-Jul-2026,110.225,0.197642
11-Mar-2026,31-Jul-2026,115.235,0.186357
11-Mar-2026,31-Jul-2026,120.245,0.177467
11-Mar-2026,31-Aug-2026,80.1635,0.297713
11-Mar-2026,31-Aug-2026,85.1738,0.275538
11-Mar-2026,31-Aug-2026,90.184,0.256507
11-Mar-2026,31-Aug-2026,95.1942,0.2397
11-Mar-2026,31-Aug-2026,100.204,0.224516
11-Mar-2026,31-Aug-2026,105.215,0.210675
11-Mar-2026,31-Aug-2026,110.225,0.198194
11-Mar-2026,31-Aug-2026,115.235,0.187329
11-Mar-2026,31-Aug-2026,120.245,0.178422
11-Mar-2026,30-Sep-2026,80.1635,0.293098
11-Mar-2026,30-Sep-2026,85.1738,0.272424
11-Mar-2026,30-Sep-2026,90.184,0.254482
11-Mar-2026,30-Sep-2026,95.1942,0.238545
11-Mar-2026,30-Sep-2026,100.204,0.224132
11-Mar-2026,30-Sep-2026,105.215,0.211004
11-Mar-2026,30-Sep-2026,110.225,0.199139
11-Mar-2026,30-Sep-2026,115.235,0.188684
11-Mar-2026,30-Sep-2026,120.245,0.179871
11-Mar-2026,30-Oct-2026,80.1635,0.291694
11-Mar-2026,30-Oct-2026,85.1738,0.272017
11-Mar-2026,30-Oct-2026,90.184,0.254825
11-Mar-2026,30-Oct-2026,95.1942,0.23952
11-Mar-2026,30-Oct-2026,100.204,0.225694
11-Mar-2026,30-Oct-2026,105.215,0.213125
11-Mar-2026,30-Oct-2026,110.225,0.201752
11-Mar-2026,30-Oct-2026,115.235,0.19164
11-Mar-2026,30-Oct-2026,120.245,0.18293
11-Mar-2026,30-Nov-2026,80.1635,0.287993
11-Mar-2026,30-Nov-2026,85.1738,0.2694
11-Mar-2026,30-Nov-2026,90.184,0.253081
11-Mar-2026,30-Nov-2026,95.1942,0.238524
11-Mar-2026,30-Nov-2026,100.204,0.225376
11-Mar-2026,30-Nov-2026,105.215,0.213428
11-Mar-2026,30-Nov-2026,110.225,0.202599
11-Mar-2026,30-Nov-2026,115.235,0.192907
11-Mar-2026,30-Nov-2026,120.245,0.184432
11-Mar-2026,31-Dec-2026,80.1635,0.285833
11-Mar-2026,31-Dec-2026,85.1738,0.268095
11-Mar-2026,31-Dec-2026,90.184,0.252481
11-Mar-2026,31-Dec-2026,95.1942,0.238543
11-Mar-2026,31-Dec-2026,100.204,0.225962
11-Mar-2026,31-Dec-2026,105.215,0.214538
11-Mar-2026,31-Dec-2026,110.225,0.204174
11-Mar-2026,31-Dec-2026,115.235,0.194851
11-Mar-2026,31-Dec-2026,120.245,0.186604
11-Mar-2026,29-Jan-2027,80.1635,0.283629
11-Mar-2026,29-Jan-2027,85.1738,0.266633
11-Mar-2026,29-Jan-2027,90.184,0.251644
11-Mar-2026,29-Jan-2027,95.1942,0.238258
11-Mar-2026,29-Jan-2027,100.204,0.226179
11-Mar-2026,29-Jan-2027,105.215,0.215216
11-Mar-2026,29-Jan-2027,110.225,0.205261
11-Mar-2026,29-Jan-2027,115.235,0.196273
11-Mar-2026,29-Jan-2027,120.245,0.188259
11-Mar-2026,26-Feb-2027,80.1635,0.281951
11-Mar-2026,26-Feb-2027,85.1738,0.265586
11-Mar-2026,26-Feb-2027,90.184,0.251136
11-Mar-2026,26-Feb-2027,95.1942,0.238227
11-Mar-2026,26-Feb-2027,100.204,0.226585
11-Mar-2026,26-Feb-2027,105.215,0.216021
11-Mar-2026,26-Feb-2027,110.225,0.206422
11-Mar-2026,26-Feb-2027,115.235,0.197731
11-Mar-2026,26-Feb-2027,120.245,0.189935
12-Mar-2026,13-Mar-2026,80.313,0.556523
12-Mar-2026,13-Mar-2026,85.3325,0.411562
12-Mar-2026,13-Mar-2026,90.3521,0.267918
12-Mar-2026,13-Mar-2026,95.3717,0.19921
12-Mar-2026,13-Mar-2026,100.391,0.18512
12-Mar-2026,13-Mar-2026,105.411,0.172483
12-Mar-2026,13-Mar-2026,110.43,0.24101
12-Mar-2026,13-Mar-2026,115.45,0.339914
12-Mar-2026,13-Mar-2026,120.469,0.441469
12-Mar-2026,20-Mar-2026,80.313,0.639651
12-Mar-2026,20-Mar-2026,85.3325,0.487595
12-Mar-2026,20-Mar-2026,90.3521,0.34267
12-Mar-2026,20-Mar-2026,95.3717,0.256177
12-Mar-2026,20-Mar-2026,100.391,0.228727
12-Mar-2026,20-Mar-2026,105.411,0.210184
12-Mar-2026,20-Mar-2026,110.43,0.194615
12-Mar-2026,20-Mar-2026,115.45,0.183744
12-Mar-2026,20-Mar-2026,120.469,0.178092
12-Mar-2026,27-Mar-2026,80.313,0.49336
12-Mar-2026,27-Mar-2026,85.3325,0.379675
12-Mar-2026,27-Mar-2026,90.3521,0.287477
12-Mar-2026,27-Mar-2026,95.3717,0.24307
12-Mar-2026,27-Mar-2026,100.391,0.220784
12-Mar-2026,27-Mar-2026,105.411,0.203053
12-Mar-2026,27-Mar-2026,110.43,0.187973
12-Mar-2026,27-Mar-2026,115.45,0.177315
12-Mar-2026,27-Mar-2026,120.469,0.171645
12-Mar-2026,02-Apr-2026,80.313,0.462498
12-Mar-2026,02-Apr-2026,85.3325,0.365589
12-Mar-2026,02-Apr-2026,90.3521,0.296083
12-Mar-2026,02-Apr-2026,95.3717,0.258596
12-Mar-2026,02-Apr-2026,100.391,0.235081
12-Mar-2026,02-Apr-2026,105.411,0.215874
12-Mar-2026,02-Apr-2026,110.43,0.199625
12-Mar-2026,02-Apr-2026,115.45,0.188
12-Mar-2026,02-Apr-2026,120.469,0.181612
12-Mar-2026,10-Apr-2026,80.313,0.40683
12-Mar-2026,10-Apr-2026,85.3325,0.330557
12-Mar-2026,10-Apr-2026,90.3521,0.279573
12-Mar-2026,10-Apr-2026,95.3717,0.249411
12-Mar-2026,10-Apr-2026,100.391,0.227918
12-Mar-2026,10-Apr-2026,105.411,0.209604
12-Mar-2026,10-Apr-2026,110.43,0.193917
12-Mar-2026,10-Apr-2026,115.45,0.182513
12-Mar-2026,10-Apr-2026,120.469,0.176071
12-Mar-2026,31-Mar-2026,80.313,0.472165
12-Mar-2026,31-Mar-2026,85.3325,0.369659
12-Mar-2026,31-Mar-2026,90.3521,0.293862
12-Mar-2026,31-Mar-2026,95.3717,0.254627
12-Mar-2026,31-Mar-2026,100.391,0.231359
12-Mar-2026,31-Mar-2026,105.411,0.212522
12-Mar-2026,31-Mar-2026,110.43,0.196579
12-Mar-2026,31-Mar-2026,115.45,0.185226
12-Mar-2026,31-Mar-2026,120.469,0.179054
12-Mar-2026,30-Apr-2026,80.313,0.360716
12-Mar-2026,30-Apr-2026,85.3325,0.310773
12-Mar-2026,30-Apr-2026,90.3521,0.275967
12-Mar-2026,30-Apr-2026,95.3717,0.250814
12-Mar-2026,30-Apr-2026,100.391,0.230344
12-Mar-2026,30-Apr-2026,105.411,0.212283
12-Mar-2026,30-Apr-2026,110.43,0.1966
12-Mar-2026,30-Apr-2026,115.45,0.184698
12-Mar-2026,30-Apr-2026,120.469,0.177389
12-Mar-2026,29-May-2026,80.313,0.325894
12-Mar-2026,29-May-2026,85.3325,0.291223
12-Mar-2026,29-May-2026,90.3521,0.264829
12-Mar-2026,29-May-2026,95.3717,0.243513
12-Mar-2026,29-May-2026,100.391,0.225011
12-Mar-2026,29-May-2026,105.411,0.208314
12-Mar-2026,29-May-2026,110.43,0.193579
12-Mar-2026,29-May-2026,115.45,0.181834
12-Mar-2026,29-May-2026,120.469,0.173901
12-Mar-2026,30-Jun-2026,80.313,0.312632
12-Mar-2026,30-Jun-2026,85.3325,0.28443
12-Mar-2026,30-Jun-2026,90.3521,0.261545
12-Mar-2026,30-Jun-2026,95.3717,0.242095
12-Mar-2026,30-Jun-2026,100.391,0.22481
12-Mar-2026,30-Jun-2026,105.411,0.209124
12-Mar-2026,30-Jun-2026,110.43,0.195155
12-Mar-2026,30-Jun-2026,115.45,0.183551
12-Mar-2026,30-Jun-2026,120.469,0.17498
12-Mar-2026,31-Jul-2026,80.313,0.303429
12-Mar-2026,31-Jul-2026,85.3325,0.278738
12-Mar-2026,31-Jul-2026,90.3521,0.258026
12-Mar-2026,31-Jul-2026,95.3717,0.240013
12-Mar-2026,31-Jul-2026,100.391,0.223853
12-Mar-2026,31-Jul-2026,105.411,0.209162
12-Mar-2026,31-Jul-2026,110.43,0.195998
12-Mar-2026,31-Jul-2026,115.45,0.184764
12-Mar-2026,31-Jul-2026,120.469,0.175948
12-Mar-2026,31-Aug-2026,80.313,0.297055
12-Mar-2026,31-Aug-2026,85.3325,0.274648
12-Mar-2026,31-Aug-2026,90.3521,0.255484
12-Mar-2026,31-Aug-2026,95.3717,0.23862
12-Mar-2026,31-Aug-2026,100.391,0.223431
12-Mar-2026,31-Aug-2026,105.411,0.209621
12-Mar-2026,31-Aug-2026,110.43,0.197194
12-Mar-2026,31-Aug-2026,115.45,0.186389
12-Mar-2026,31-Aug-2026,120.469,0.177539
12-Mar-2026,30-Sep-2026,80.313,0.292653
12-Mar-2026,30-Sep-2026,85.3325,0.271844
12-Mar-2026,30-Sep-2026,90.3521,0.253843
12-Mar-2026,30-Sep-2026,95.3717,0.237903
12-Mar-2026,30-Sep-2026,100.391,0.223529
12-Mar-2026,30-Sep-2026,105.411,0.210467
12-Mar-2026,30-Sep-2026,110.43,0.198678
12-Mar-2026,30-Sep-2026,115.45,0.188295
12-Mar-2026,30-Sep-2026,120.469,0.179536
12-Mar-2026,30-Oct-2026,80.313,0.291516
12-Mar-2026,30-Oct-2026,85.3325,0.271777
12-Mar-2026,30-Oct-2026,90.3521,0.254581
12-Mar-2026,30-Oct-2026,95.3717,0.239317
12-Mar-2026,30-Oct-2026,100.391,0.225563
12-Mar-2026,30-Oct-2026,105.411,0.213083
12-Mar-2026,30-Oct-2026,110.43,0.201803
12-Mar-2026,30-Oct-2026,115.45,0.191775
12-Mar-2026,30-Oct-2026,120.469,0.183124
12-Mar-2026,30-Nov-2026,80.313,0.288045
12-Mar-2026,30-Nov-2026,85.3325,0.269444
12-Mar-2026,30-Nov-2026,90.3521,0.253162
12-Mar-2026,30-Nov-2026,95.3717,0.238676
12-Mar-2026,30-Nov-2026,100.391,0.225621
12-Mar-2026,30-Nov-2026,105.411,0.213779
12-Mar-2026,30-Nov-2026,110.43,0.203055
12-Mar-2026,30-Nov-2026,115.45,0.193454
12-Mar-2026,30-Nov-2026,120.469,0.185045
12-Mar-2026,31-Dec-2026,80.313,0.286122
12-Mar-2026,31-Dec-2026,85.3325,0.268418
12-Mar-2026,31-Dec-2026,90.3521,0.252872
12-Mar-2026,31-Dec-2026,95.3717,0.239027
12-Mar-2026,31-Dec-2026,100.391,0.226556
12-Mar-2026,31-Dec-2026,105.411,0.215249
12-Mar-2026,31-Dec-2026,110.43,0.204997
12-Mar-2026,31-Dec-2026,115.45,0.195773
12-Mar-2026,31-Dec-2026,120.469,0.187599
12-Mar-2026,29-Jan-2027,80.313,0.284118
12-Mar-2026,29-Jan-2027,85.3325,0.267186
12-Mar-2026,29-Jan-2027,90.3521,0.252287
12-Mar-2026,29-Jan-2027,95.3717,0.23901
12-Mar-2026,29-Jan-2027,100.391,0.227051
12-Mar-2026,29-Jan-2027,105.411,0.216211
12-Mar-2026,29-Jan-2027,110.43,0.206373
12-Mar-2026,29-Jan-2027,115.45,0.197488
12-Mar-2026,29-Jan-2027,120.469,0.189553
12-Mar-2026,26-Feb-2027,80.313,0.282623
12-Mar-2026,26-Feb-2027,85.3325,0.266345
12-Mar-2026,26-Feb-2027,90.3521,0.252001
12-Mar-2026,26-Feb-2027,95.3717,0.239213
12-Mar-2026,26-Feb-2027,100.391,0.227698
12-Mar-2026,26-Feb-2027,105.411,0.217261
12-Mar-2026,26-Feb-2027,110.43,0.207783
12-Mar-2026,26-Feb-2027,115.45,0.199198
12-Mar-2026,26-Feb-2027,120.469,0.191486
13-Mar-2026,20-Mar-2026,81.1427,0.68378
13-Mar-2026,20-Mar-2026,86.2141,0.521132
13-Mar-2026,20-Mar-2026,91.2855,0.363111
13-Mar-2026,20-Mar-2026,96.357,0.255502
13-Mar-2026,20-Mar-2026,101.428,0.22334
13-Mar-2026,20-Mar-2026,106.5,0.203348
13-Mar-2026,20-Mar-2026,111.571,0.18714
13-Mar-2026,20-Mar-2026,116.643,0.176939
13-Mar-2026,20-Mar-2026,121.714,0.173188
13-Mar-2026,27-Mar-2026,81.1427,0.510613
13-Mar-2026,27-Mar-2026,86.2141,0.391897
13-Mar-2026,27-Mar-2026,91.2855,0.289705
13-Mar-2026,27-Mar-2026,96.357,0.237369
13-Mar-2026,27-Mar-2026,101.428,0.213052
13-Mar-2026,27-Mar-2026,106.5,0.194252
13-Mar-2026,27-Mar-2026,111.571,0.178747
13-Mar-2026,27-Mar-2026,116.643,0.168793
13-Mar-2026,27-Mar-2026,121.714,0.164351
13-Mar-2026,02-Apr-2026,81.1427,0.473428
13-Mar-2026,02-Apr-2026,86.2141,0.371449
13-Mar-2026,02-Apr-2026,91.2855,0.294335
13-Mar-2026,02-Apr-2026,96.357,0.252371
13-Mar-2026,02-Apr-2026,101.428,0.227121
13-Mar-2026,02-Apr-2026,106.5,0.206834
13-Mar-2026,02-Apr-2026,111.571,0.190132
13-Mar-2026,02-Apr-2026,116.643,0.179164
13-Mar-2026,02-Apr-2026,121.714,0.173993
13-Mar-2026,10-Apr-2026,81.1427,0.412791
13-Mar-2026,10-Apr-2026,86.2141,0.331794
13-Mar-2026,10-Apr-2026,91.2855,0.275541
13-Mar-2026,10-Apr-2026,96.357,0.242623
13-Mar-2026,10-Apr-2026,101.428,0.219814
13-Mar-2026,10-Apr-2026,106.5,0.20058
13-Mar-2026,10-Apr-2026,111.571,0.184503
13-Mar-2026,10-Apr-2026,116.643,0.173689
13-Mar-2026,10-Apr-2026,121.714,0.16837
13-Mar-2026,17-Apr-2026,81.1427,0.392694
13-Mar-2026,17-Apr-2026,86.2141,0.323935
13-Mar-2026,17-Apr-2026,91.2855,0.27674
13-Mar-2026,17-Apr-2026,96.357,0.246408
13-Mar-2026,17-Apr-2026,101.428,0.223755
13-Mar-2026,17-Apr-2026,106.5,0.204337
13-Mar-2026,17-Apr-2026,111.571,0.188001
13-Mar-2026,17-Apr-2026,116.643,0.176731
13-Mar-2026,17-Apr-2026,121.714,0.170908
13-Mar-2026,31-Mar-2026,81.1427,0.484814
13-Mar-2026,31-Mar-2026,86.2141,0.377286
13-Mar-2026,31-Mar-2026,91.2855,0.293047
13-Mar-2026,31-Mar-2026,96.357,0.248559
13-Mar-2026,31-Mar-2026,101.428,0.223467
13-Mar-2026,31-Mar-2026,106.5,0.203544
13-Mar-2026,31-Mar-2026,111.571,0.187153
13-Mar-2026,31-Mar-2026,116.643,0.176475
13-Mar-2026,31-Mar-2026,121.714,0.17153
13-Mar-2026,30-Apr-2026,81.1427,0.361238
13-Mar-2026,30-Apr-2026,86.2141,0.308052
13-Mar-2026,30-Apr-2026,91.2855,0.270755
13-Mar-2026,30-Apr-2026,96.357,0.244134
13-Mar-2026,30-Apr-2026,101.428,0.222705
13-Mar-2026,30-Apr-2026,106.5,0.203903
13-Mar-2026,30-Apr-2026,111.571,0.187868
13-Mar-2026,30-Apr-2026,116.643,0.176355
13-Mar-2026,30-Apr-2026,121.714,0.169958
13-Mar-2026,29-May-2026,81.1427,0.323907
13-Mar-2026,29-May-2026,86.2141,0.287406
13-Mar-2026,29-May-2026,91.2855,0.259707
13-Mar-2026,29-May-2026,96.357,0.237511
13-Mar-2026,29-May-2026,101.428,0.218345
13-Mar-2026,29-May-2026,106.5,0.201116
13-Mar-2026,29-May-2026,111.571,0.186098
13-Mar-2026,29-May-2026,116.643,0.174543
13-Mar-2026,29-May-2026,121.714,0.167234
13-Mar-2026,30-Jun-2026,81.1427,0.310053
13-Mar-2026,30-Jun-2026,86.2141,0.280732
13-Mar-2026,30-Jun-2026,91.2855,0.257023
13-Mar-2026,30-Jun-2026,96.357,0.236967
13-Mar-2026,30-Jun-2026,101.428,0.219204
13-Mar-2026,30-Jun-2026,106.5,0.203139
13-Mar-2026,30-Jun-2026,111.571,0.188946
13-Mar-2026,30-Jun-2026,116.643,0.177397
13-Mar-2026,30-Jun-2026,121.714,0.169192
13-Mar-2026,31-Jul-2026,81.1427,0.300875
13-Mar-2026,31-Jul-2026,86.2141,0.275414
13-Mar-2026,31-Jul-2026,91.2855,0.254119
13-Mar-2026,31-Jul-2026,96.357,0.235662
13-Mar-2026,31-Jul-2026,101.428,0.219148
13-Mar-2026,31-Jul-2026,106.5,0.204179
13-Mar-2026,31-Jul-2026,111.571,0.19084
13-Mar-2026,31-Jul-2026,116.643,0.179601
13-Mar-2026,31-Jul-2026,121.714,0.170988
13-Mar-2026,31-Aug-2026,81.1427,0.294731
13-Mar-2026,31-Aug-2026,86.2141,0.271764
13-Mar-2026,31-Aug-2026,91.2855,0.252169
13-Mar-2026,31-Aug-2026,96.357,0.23497
13-Mar-2026,31-Aug-2026,101.428,0.219514
13-Mar-2026,31-Aug-2026,106.5,0.205496
13-Mar-2026,31-Aug-2026,111.571,0.192931
13-Mar-2026,31-Aug-2026,116.643,0.182094
13-Mar-2026,31-Aug-2026,121.714,0.173348
13-Mar-2026,30-Sep-2026,81.1427,0.290626
13-Mar-2026,30-Sep-2026,86.2141,0.269392
13-Mar-2026,30-Sep-2026,91.2855,0.25106
13-Mar-2026,30-Sep-2026,96.357,0.234862
13-Mar-2026,30-Sep-2026,101.428,0.220282
13-Mar-2026,30-Sep-2026,106.5,0.207058
13-Mar-2026,30-Sep-2026,111.571,0.195159
13-Mar-2026,30-Sep-2026,116.643,0.184734
13-Mar-2026,30-Sep-2026,121.714,0.176023
13-Mar-2026,30-Oct-2026,81.1427,0.289843
13-Mar-2026,30-Oct-2026,86.2141,0.269778
13-Mar-2026,30-Oct-2026,91.2855,0.252326
13-Mar-2026,30-Oct-2026,96.357,0.236859
13-Mar-2026,30-Oct-2026,101.428,0.222943
13-Mar-2026,30-Oct-2026,106.5,0.210337
13-Mar-2026,30-Oct-2026,111.571,0.198967
13-Mar-2026,30-Oct-2026,116.643,0.188894
13-Mar-2026,30-Oct-2026,121.714,0.180255
13-Mar-2026,30-Nov-2026,81.1427,0.286682
13-Mar-2026,30-Nov-2026,86.2141,0.267829
13-Mar-2026,30-Nov-2026,91.2855,0.251347
13-Mar-2026,30-Nov-2026,96.357,0.236703
13-Mar-2026,30-Nov-2026,101.428,0.223521
13-Mar-2026,30-Nov-2026,106.5,0.211577
13-Mar-2026,30-Nov-2026,111.571,0.200779
13-Mar-2026,30-Nov-2026,116.643,0.191135
13-Mar-2026,30-Nov-2026,121.714,0.182722
13-Mar-2026,31-Dec-2026,81.1427,0.28507
13-Mar-2026,31-Dec-2026,86.2141,0.26717
13-Mar-2026,31-Dec-2026,91.2855,0.251468
13-Mar-2026,31-Dec-2026,96.357,0.237498
13-Mar-2026,31-Dec-2026,101.428,0.224926
13-Mar-2026,31-Dec-2026,106.5,0.213537
13-Mar-2026,31-Dec-2026,111.571,0.203224
13-Mar-2026,31-Dec-2026,116.643,0.193959
13-Mar-2026,31-Dec-2026,121.714,0.185772
13-Mar-2026,29-Jan-2027,81.1427,0.283328
13-Mar-2026,29-Jan-2027,86.2141,0.26624
13-Mar-2026,29-Jan-2027,91.2855,0.251217
13-Mar-2026,29-Jan-2027,96.357,0.237838
13-Mar-2026,29-Jan-2027,101.428,0.225798
13-Mar-2026,29-Jan-2027,106.5,0.21489
13-Mar-2026,29-Jan-2027,111.571,0.205
13-Mar-2026,29-Jan-2027,116.643,0.196078
13-Mar-2026,29-Jan-2027,121.714,0.188125
13-Mar-2026,26-Feb-2027,81.1427,0.282069
13-Mar-2026,26-Feb-2027,86.2141,0.265667
13-Mar-2026,26-Feb-2027,91.2855,0.251223
13-Mar-2026,26-Feb-2027,96.357,0.238353
13-Mar-2026,26-Feb-2027,101.428,0.226769
13-Mar-2026,26-Feb-2027,106.5,0.216277
13-Mar-2026,26-Feb-2027,111.571,0.206753
13-Mar-2026,26-Feb-2027,116.643,0.198136
13-Mar-2026,26-Feb-2027,121.714,0.190404
16-Mar-2026,20-Mar-2026,86.2196,0.209631
16-Mar-2026,20-Mar-2026,91.2913,0.197521
16-Mar-2026,20-Mar-2026,96.3631,0.182737
16-Mar-2026,20-Mar-2026,101.435,0.167351
16-Mar-2026,20-Mar-2026,106.507,0.152023
16-Mar-2026,20-Mar-2026,111.578,0.139411
16-Mar-2026,27-Mar-2026,81.1479,0.546287
16-Mar-2026,27-Mar-2026,86.2196,0.416648
16-Mar-2026,27-Mar-2026,91.2913,0.29477
16-Mar-2026,27-Mar-2026,96.3631,0.223941
16-Mar-2026,27-Mar-2026,101.435,0.197926
16-Mar-2026,27-Mar-2026,106.507,0.178921
16-Mar-2026,27-Mar-2026,111.578,0.163812
16-Mar-2026,27-Mar-2026,116.65,0.155326
16-Mar-2026,27-Mar-2026,121.722,0.152471
16-Mar-2026,02-Apr-2026,81.1479,0.482771
16-Mar-2026,02-Apr-2026,86.2196,0.372704
16-Mar-2026,02-Apr-2026,91.2913,0.281107
16-Mar-2026,02-Apr-2026,96.3631,0.232454
16-Mar-2026,02-Apr-2026,101.435,0.207042
16-Mar-2026,02-Apr-2026,106.507,0.187074
16-Mar-2026,02-Apr-2026,111.578,0.171148
16-Mar-2026,02-Apr-2026,116.65,0.161903
16-Mar-2026,02-Apr-2026,121.722,0.158505
16-Mar-2026,10-Apr-2026,81.1479,0.424661
16-Mar-2026,10-Apr-2026,86.2196,0.335378
16-Mar-2026,10-Apr-2026,91.2913,0.269716
16-Mar-2026,10-Apr-2026,96.3631,0.232756
16-Mar-2026,10-Apr-2026,101.435,0.208796
16-Mar-2026,10-Apr-2026,106.507,0.188937
16-Mar-2026,10-Apr-2026,111.578,0.172871
16-Mar-2026,10-Apr-2026,116.65,0.16315
16-Mar-2026,10-Apr-2026,121.722,0.159237
16-Mar-2026,17-Apr-2026,81.1479,0.40008
16-Mar-2026,17-Apr-2026,86.2196,0.324128
16-Mar-2026,17-Apr-2026,91.2913,0.27057
16-Mar-2026,17-Apr-2026,96.3631,0.237446
16-Mar-2026,17-Apr-2026,101.435,0.213704
16-Mar-2026,17-Apr-2026,106.507,0.193616
16-Mar-2026,17-Apr-2026,111.578,0.177198
16-Mar-2026,17-Apr-2026,116.65,0.166866
16-Mar-2026,17-Apr-2026,121.722,0.162355
16-Mar-2026,31-Mar-2026,81.1479,0.513583
16-Mar-2026,31-Mar-2026,86.2196,0.395614
16-Mar-2026,31-Mar-2026,91.2913,0.293893
16-Mar-2026,31-Mar-2026,96.3631,0.238551
16-Mar-2026,31-Mar-2026,101.435,0.211542
16-Mar-2026,31-Mar-2026,106.507,0.190956
16-Mar-2026,31-Mar-2026,111.578,0.174655
16-Mar-2026,31-Mar-2026,116.65,0.165267
16-Mar-2026,31-Mar-2026,121.722,0.161868
16-Mar-2026,30-Apr-2026,81.1479,0.356988
16-Mar-2026,30-Apr-2026,86.2196,0.299322
16-Mar-2026,30-Apr-2026,91.2913,0.259201
16-Mar-2026,30-Apr-2026,96.3631,0.231606
16-Mar-2026,30-Apr-2026,101.435,0.209849
16-Mar-2026,30-Apr-2026,106.507,0.190841
16-Mar-2026,30-Apr-2026,111.578,0.174982
16-Mar-2026,30-Apr-2026,116.65,0.164443
16-Mar-2026,30-Apr-2026,121.722,0.159366
16-Mar-2026,29-May-2026,81.1479,0.321428
16-Mar-2026,29-May-2026,86.2196,0.282554
16-Mar-2026,29-May-2026,91.2913,0.25337
16-Mar-2026,29-May-2026,96.3631,0.230343
16-Mar-2026,29-May-2026,101.435,0.21064
16-Mar-2026,29-May-2026,106.507,0.193015
16-Mar-2026,29-May-2026,111.578,0.177873
16-Mar-2026,29-May-2026,116.65,0.166709
16-Mar-2026,29-May-2026,121.722,0.160186
16-Mar-2026,30-Jun-2026,81.1479,0.304044
16-Mar-2026,30-Jun-2026,86.2196,0.273724
16-Mar-2026,30-Jun-2026,91.2913,0.249458
16-Mar-2026,30-Jun-2026,96.3631,0.229107
16-Mar-2026,30-Jun-2026,101.435,0.211158
16-Mar-2026,30-Jun-2026,106.507,0.194969
16-Mar-2026,30-Jun-2026,111.578,0.180786
16-Mar-2026,30-Jun-2026,116.65,0.169524
16-Mar-2026,30-Jun-2026,121.722,0.161899
16-Mar-2026,31-Jul-2026,81.1479,0.297584
16-Mar-2026,31-Jul-2026,86.2196,0.271308
16-Mar-2026,31-Jul-2026,91.2913,0.249483
16-Mar-2026,31-Jul-2026,96.3631,0.230687
16-Mar-2026,31-Jul-2026,101.435,0.213945
16-Mar-2026,31-Jul-2026,106.507,0.198825
16-Mar-2026,31-Jul-2026,111.578,0.185431
16-Mar-2026,31-Jul-2026,116.65,0.174287
16-Mar-2026,31-Jul-2026,121.722,0.165946
16-Mar-2026,31-Aug-2026,81.1479,0.291689
16-Mar-2026,31-Aug-2026,86.2196,0.268175
16-Mar-2026,31-Aug-2026,91.2913,0.248227
16-Mar-2026,31-Aug-2026,96.3631,0.230806
16-Mar-2026,31-Aug-2026,101.435,0.215212
16-Mar-2026,31-Aug-2026,106.507,0.201114
16-Mar-2026,31-Aug-2026,111.578,0.188529
16-Mar-2026,31-Aug-2026,116.65,0.177754
16-Mar-2026,31-Aug-2026,121.722,0.169171
16-Mar-2026,30-Sep-2026,81.1479,0.287907
16-Mar-2026,30-Sep-2026,86.2196,0.266293
16-Mar-2026,30-Sep-2026,91.2913,0.247721
16-Mar-2026,30-Sep-2026,96.3631,0.231382
16-Mar-2026,30-Sep-2026,101.435,0.216725
16-Mar-2026,30-Sep-2026,106.507,0.203468
16-Mar-2026,30-Sep-2026,111.578,0.191576
16-Mar-2026,30-Sep-2026,116.65,0.181204
16-Mar-2026,30-Sep-2026,121.722,0.1726
16-Mar-2026,30-Oct-2026,81.1479,0.286286
16-Mar-2026,30-Oct-2026,86.2196,0.266051
16-Mar-2026,30-Oct-2026,91.2913,0.248523
16-Mar-2026,30-Oct-2026,96.3631,0.23304
16-Mar-2026,30-Oct-2026,101.435,0.219145
16-Mar-2026,30-Oct-2026,106.507,0.206582
16-Mar-2026,30-Oct-2026,111.578,0.195273
16-Mar-2026,30-Oct-2026,116.65,0.185284
16-Mar-2026,30-Oct-2026,121.722,0.176759
16-Mar-2026,30-Nov-2026,81.1479,0.283591
16-Mar-2026,30-Nov-2026,86.2196,0.264639
16-Mar-2026,30-Nov-2026,91.2913,0.248128
16-Mar-2026,30-Nov-2026,96.3631,0.233501
16-Mar-2026,30-Nov-2026,101.435,0.220364
16-Mar-2026,30-Nov-2026,106.507,0.208482
16-Mar-2026,30-Nov-2026,111.578,0.197756
16-Mar-2026,30-Nov-2026,116.65,0.188195
16-Mar-2026,30-Nov-2026,121.722,0.179876
16-Mar-2026,31-Dec-2026,81.1479,0.28341
16-Mar-2026,31-Dec-2026,86.2196,0.265391
16-Mar-2026,31-Dec-2026,91.2913,0.249636
16-Mar-2026,31-Dec-2026,96.3631,0.23566
16-Mar-2026,31-Dec-2026,101.435,0.223112
16-Mar-2026,31-Dec-2026,106.507,0.211767
16-Mar-2026,31-Dec-2026,111.578,0.201508
16-Mar-2026,31-Dec-2026,116.65,0.192304
16-Mar-2026,31-Dec-2026,121.722,0.18418
16-Mar-2026,29-Jan-2027,81.1479,0.28194
16-Mar-2026,29-Jan-2027,86.2196,0.264779
16-Mar-2026,29-Jan-2027,91.2913,0.249735
16-Mar-2026,29-Jan-2027,96.3631,0.236374
16-Mar-2026,29-Jan-2027,101.435,0.224375
16-Mar-2026,29-Jan-2027,106.507,0.213524
16-Mar-2026,29-Jan-2027,111.578,0.203697
16-Mar-2026,29-Jan-2027,116.65,0.19484
16-Mar-2026,29-Jan-2027,121.722,0.18695
16-Mar-2026,26-Feb-2027,81.1479,0.280097
16-Mar-2026,26-Feb-2027,86.2196,0.263708
16-Mar-2026,26-Feb-2027,91.2913,0.249314
16-Mar-2026,26-Feb-2027,96.3631,0.236515
16-Mar-2026,26-Feb-2027,101.435,0.225016
16-Mar-2026,26-Feb-2027,106.507,0.214612
16-Mar-2026,26-Feb-2027,111.578,0.205178
16-Mar-2026,26-Feb-2027,116.65,0.196646
16-Mar-2026,26-Feb-2027,121.722,0.188995
17-Mar-2026,20-Mar-2026,80.6983,0.319033
17-Mar-2026,20-Mar-2026,85.742,0.23272
17-Mar-2026,20-Mar-2026,90.7856,0.203411
17-Mar-2026,20-Mar-2026,95.8293,0.189029
17-Mar-2026,20-Mar-2026,100.873,0.17417
17-Mar-2026,20-Mar-2026,105.917,0.159397
17-Mar-2026,20-Mar-2026,110.96,0.146768
17-Mar-2026,27-Mar-2026,80.6983,0.573084
17-Mar-2026,27-Mar-2026,85.742,0.437036
17-Mar-2026,27-Mar-2026,90.7856,0.308851
17-Mar-2026,27-Mar-2026,95.8293,0.234626
17-Mar-2026,27-Mar-2026,100.873,0.208523
17-Mar-2026,27-Mar-2026,105.917,0.189846
17-Mar-2026,27-Mar-2026,110.96,0.174579
17-Mar-2026,27-Mar-2026,116.004,0.165091
17-Mar-2026,27-Mar-2026,121.047,0.161133
17-Mar-2026,02-Apr-2026,80.6983,0.497794
17-Mar-2026,02-Apr-2026,85.742,0.384402
17-Mar-2026,02-Apr-2026,90.7856,0.290898
17-Mar-2026,02-Apr-2026,95.8293,0.242252
17-Mar-2026,02-Apr-2026,100.873,0.217187
17-Mar-2026,02-Apr-2026,105.917,0.197617
17-Mar-2026,02-Apr-2026,110.96,0.181603
17-Mar-2026,02-Apr-2026,116.004,0.171416
17-Mar-2026,02-Apr-2026,121.047,0.166922
17-Mar-2026,10-Apr-2026,80.6983,0.433714
17-Mar-2026,10-Apr-2026,85.742,0.343236
17-Mar-2026,10-Apr-2026,90.7856,0.277863
17-Mar-2026,10-Apr-2026,95.8293,0.241552
17-Mar-2026,10-Apr-2026,100.873,0.218082
17-Mar-2026,10-Apr-2026,105.917,0.198672
17-Mar-2026,10-Apr-2026,110.96,0.1826
17-Mar-2026,10-Apr-2026,116.004,0.172054
17-Mar-2026,10-Apr-2026,121.047,0.167101
17-Mar-2026,17-Apr-2026,80.6983,0.40711
17-Mar-2026,17-Apr-2026,85.742,0.331064
17-Mar-2026,17-Apr-2026,90.7856,0.278334
17-Mar-2026,17-Apr-2026,95.8293,0.24593
17-Mar-2026,17-Apr-2026,100.873,0.222712
17-Mar-2026,17-Apr-2026,105.917,0.20308
17-Mar-2026,17-Apr-2026,110.96,0.186701
17-Mar-2026,17-Apr-2026,116.004,0.175631
17-Mar-2026,17-Apr-2026,121.047,0.170117
17-Mar-2026,31-Mar-2026,80.6983,0.53178
17-Mar-2026,31-Mar-2026,85.742,0.409666
17-Mar-2026,31-Mar-2026,90.7856,0.305033
17-Mar-2026,31-Mar-2026,95.8293,0.249233
17-Mar-2026,31-Mar-2026,100.873,0.222474
17-Mar-2026,31-Mar-2026,105.917,0.202242
17-Mar-2026,31-Mar-2026,110.96,0.185805
17-Mar-2026,31-Mar-2026,116.004,0.175414
17-Mar-2026,31-Mar-2026,121.047,0.170878
17-Mar-2026,30-Apr-2026,80.6983,0.362281
17-Mar-2026,30-Apr-2026,85.742,0.305335
17-Mar-2026,30-Apr-2026,90.7856,0.266154
17-Mar-2026,30-Apr-2026,95.8293,0.239224
17-Mar-2026,30-Apr-2026,100.873,0.21798
17-Mar-2026,30-Apr-2026,105.917,0.199416
17-Mar-2026,30-Apr-2026,110.96,0.183654
17-Mar-2026,30-Apr-2026,116.004,0.172539
17-Mar-2026,30-Apr-2026,121.047,0.166571
17-Mar-2026,29-May-2026,80.6983,0.326074
17-Mar-2026,29-May-2026,85.742,0.288073
17-Mar-2026,29-May-2026,90.7856,0.259607
17-Mar-2026,29-May-2026,95.8293,0.237111
17-Mar-2026,29-May-2026,100.873,0.217847
17-Mar-2026,29-May-2026,105.917,0.200594
17-Mar-2026,29-May-2026,110.96,0.185598
17-Mar-2026,29-May-2026,116.004,0.174124
17-Mar-2026,29-May-2026,121.047,0.166938
17-Mar-2026,30-Jun-2026,80.6983,0.308526
17-Mar-2026,30-Jun-2026,85.742,0.2789
17-Mar-2026,30-Jun-2026,90.7856,0.255178
17-Mar-2026,30-Jun-2026,95.8293,0.235252
17-Mar-2026,30-Jun-2026,100.873,0.217663
17-Mar-2026,30-Jun-2026,105.917,0.201771
17-Mar-2026,30-Jun-2026,110.96,0.187741
17-Mar-2026,30-Jun-2026,116.004,0.176346
17-Mar-2026,30-Jun-2026,121.047,0.168287
17-Mar-2026,31-Jul-2026,80.6983,0.301946
17-Mar-2026,31-Jul-2026,85.742,0.276228
17-Mar-2026,31-Jul-2026,90.7856,0.254845
17-Mar-2026,31-Jul-2026,95.8293,0.236403
17-Mar-2026,31-Jul-2026,100.873,0.219959
17-Mar-2026,31-Jul-2026,105.917,0.205082
17-Mar-2026,31-Jul-2026,110.96,0.191833
17-Mar-2026,31-Jul-2026,116.004,0.180653
17-Mar-2026,31-Jul-2026,121.047,0.172053
17-Mar-2026,31-Aug-2026,80.6983,0.295897
17-Mar-2026,31-Aug-2026,85.742,0.272846
17-Mar-2026,31-Aug-2026,90.7856,0.253268
17-Mar-2026,31-Aug-2026,95.8293,0.236148
17-Mar-2026,31-Aug-2026,100.873,0.220806
17-Mar-2026,31-Aug-2026,105.917,0.206912
17-Mar-2026,31-Aug-2026,110.96,0.19446
17-Mar-2026,31-Aug-2026,116.004,0.183699
17-Mar-2026,31-Aug-2026,121.047,0.174969
17-Mar-2026,30-Sep-2026,80.6983,0.29197
17-Mar-2026,30-Sep-2026,85.742,0.270752
17-Mar-2026,30-Sep-2026,90.7856,0.2525
17-Mar-2026,30-Sep-2026,95.8293,0.236422
17-Mar-2026,30-Sep-2026,100.873,0.221983
17-Mar-2026,30-Sep-2026,105.917,0.208903
17-Mar-2026,30-Sep-2026,110.96,0.197133
17-Mar-2026,30-Sep-2026,116.004,0.1868
17-Mar-2026,30-Sep-2026,121.047,0.178121
17-Mar-2026,30-Oct-2026,80.6983,0.290214
17-Mar-2026,30-Oct-2026,85.742,0.270326
17-Mar-2026,30-Oct-2026,90.7856,0.25308
17-Mar-2026,30-Oct-2026,95.8293,0.237829
17-Mar-2026,30-Oct-2026,100.873,0.224126
17-Mar-2026,30-Oct-2026,105.917,0.211719
17-Mar-2026,30-Oct-2026,110.96,0.200524
17-Mar-2026,30-Oct-2026,116.004,0.190587
17-Mar-2026,30-Oct-2026,121.047,0.182032
17-Mar-2026,30-Nov-2026,80.6983,0.287382
17-Mar-2026,30-Nov-2026,85.742,0.268737
17-Mar-2026,30-Nov-2026,90.7856,0.252477
17-Mar-2026,30-Nov-2026,95.8293,0.238057
17-Mar-2026,30-Nov-2026,100.873,0.225092
17-Mar-2026,30-Nov-2026,105.917,0.213351
17-Mar-2026,30-Nov-2026,110.96,0.20273
17-Mar-2026,30-Nov-2026,116.004,0.193228
17-Mar-2026,30-Nov-2026,121.047,0.184908
17-Mar-2026,31-Dec-2026,80.6983,0.287081
17-Mar-2026,31-Dec-2026,85.742,0.269339
17-Mar-2026,31-Dec-2026,90.7856,0.253812
17-Mar-2026,31-Dec-2026,95.8293,0.240024
17-Mar-2026,31-Dec-2026,100.873,0.227632
17-Mar-2026,31-Dec-2026,105.917,0.216416
17-Mar-2026,31-Dec-2026,110.96,0.206256
17-Mar-2026,31-Dec-2026,116.004,0.197115
17-Mar-2026,31-Dec-2026,121.047,0.189009
17-Mar-2026,29-Jan-2027,80.6983,0.285504
17-Mar-2026,29-Jan-2027,85.742,0.268597
17-Mar-2026,29-Jan-2027,90.7856,0.253763
17-Mar-2026,29-Jan-2027,95.8293,0.240575
17-Mar-2026,29-Jan-2027,100.873,0.228721
17-Mar-2026,29-Jan-2027,105.917,0.217989
17-Mar-2026,29-Jan-2027,110.96,0.208255
17-Mar-2026,29-Jan-2027,116.004,0.199463
17-Mar-2026,29-Jan-2027,121.047,0.191601
17-Mar-2026,26-Feb-2027,80.6983,0.283566
17-Mar-2026,26-Feb-2027,85.742,0.267413
17-Mar-2026,26-Feb-2027,90.7856,0.253213
17-Mar-2026,26-Feb-2027,95.8293,0.240576
17-Mar-2026,26-Feb-2027,100.873,0.229211
17-Mar-2026,26-Feb-2027,105.917,0.21892
17-Mar-2026,26-Feb-2027,110.96,0.209574
17-Mar-2026,26-Feb-2027,116.004,0.201107
17-Mar-2026,26-Feb-2027,121.047,0.19349
18-Mar-2026,20-Mar-2026,80.7058,0.400386
18-Mar-2026,20-Mar-2026,85.75,0.292818
18-Mar-2026,20-Mar-2026,90.7941,0.198365
18-Mar-2026,20-Mar-2026,95.8382,0.183086
18-Mar-2026,20-Mar-2026,100.882,0.167678
18-Mar-2026,20-Mar-2026,105.926,0.152334
18-Mar-2026,20-Mar-2026,110.971,0.170315
18-Mar-2026,20-Mar-2026,116.015,0.248199
18-Mar-2026,20-Mar-2026,121.059,0.322411
18-Mar-2026,27-Mar-2026,80.7058,0.606523
18-Mar-2026,27-Mar-2026,85.75,0.462553
18-Mar-2026,27-Mar-2026,90.7941,0.32392
18-Mar-2026,27-Mar-2026,95.8382,0.234119
18-Mar-2026,27-Mar-2026,100.882,0.204546
18-Mar-2026,27-Mar-2026,105.926,0.184764
18-Mar-2026,27-Mar-2026,110.971,0.169172
18-Mar-2026,27-Mar-2026,116.015,0.16041
18-Mar-2026,27-Mar-2026,121.059,0.15813
18-Mar-2026,02-Apr-2026,80.7058,0.51648
18-Mar-2026,02-Apr-2026,85.75,0.39802
18-Mar-2026,02-Apr-2026,90.7941,0.295681
18-Mar-2026,02-Apr-2026,95.8382,0.239679
18-Mar-2026,02-Apr-2026,100.882,0.212463
18-Mar-2026,02-Apr-2026,105.926,0.191867
18-Mar-2026,02-Apr-2026,110.971,0.175544
18-Mar-2026,02-Apr-2026,116.015,0.166049
18-Mar-2026,02-Apr-2026,121.059,0.162534
18-Mar-2026,10-Apr-2026,80.7058,0.444898
18-Mar-2026,10-Apr-2026,85.75,0.349921
18-Mar-2026,10-Apr-2026,90.7941,0.278123
18-Mar-2026,10-Apr-2026,95.8382,0.237942
18-Mar-2026,10-Apr-2026,100.882,0.212945
18-Mar-2026,10-Apr-2026,105.926,0.192643
18-Mar-2026,10-Apr-2026,110.971,0.176285
18-Mar-2026,10-Apr-2026,116.015,0.16635
18-Mar-2026,10-Apr-2026,121.059,0.16231
18-Mar-2026,17-Apr-2026,80.7058,0.415083
18-Mar-2026,17-Apr-2026,85.75,0.334752
18-Mar-2026,17-Apr-2026,90.7941,0.277267
18-Mar-2026,17-Apr-2026,95.8382,0.24214
18-Mar-2026,17-Apr-2026,100.882,0.217607
18-Mar-2026,17-Apr-2026,105.926,0.197137
18-Mar-2026,17-Apr-2026,110.971,0.180457
18-Mar-2026,17-Apr-2026,116.015,0.169906
18-Mar-2026,17-Apr-2026,121.059,0.165245
18-Mar-2026,31-Mar-2026,80.7058,0.554408
18-Mar-2026,31-Mar-2026,85.75,0.426549
18-Mar-2026,31-Mar-2026,90.7941,0.312362
18-Mar-2026,31-Mar-2026,95.8382,0.24754
18-Mar-2026,31-Mar-2026,100.882,0.218207
18-Mar-2026,31-Mar-2026,105.926,0.196834
18-Mar-2026,31-Mar-2026,110.971,0.180038
18-Mar-2026,31-Mar-2026,116.015,0.170348
18-Mar-2026,31-Mar-2026,121.059,0.166817
18-Mar-2026,30-Apr-2026,80.7058,0.36657
18-Mar-2026,30-Apr-2026,85.75,0.30611
18-Mar-2026,30-Apr-2026,90.7941,0.263904
18-Mar-2026,30-Apr-2026,95.8382,0.235248
18-Mar-2026,30-Apr-2026,100.882,0.213014
18-Mar-2026,30-Apr-2026,105.926,0.193764
18-Mar-2026,30-Apr-2026,110.971,0.177724
18-Mar-2026,30-Apr-2026,116.015,0.166998
18-Mar-2026,30-Apr-2026,121.059,0.161759
18-Mar-2026,29-May-2026,80.7058,0.327173
18-Mar-2026,29-May-2026,85.75,0.287081
18-Mar-2026,29-May-2026,90.7941,0.257079
18-Mar-2026,29-May-2026,95.8382,0.23359
18-Mar-2026,29-May-2026,100.882,0.213646
18-Mar-2026,29-May-2026,105.926,0.195893
18-Mar-2026,29-May-2026,110.971,0.18064
18-Mar-2026,29-May-2026,116.015,0.169314
18-Mar-2026,29-May-2026,121.059,0.162598
18-Mar-2026,30-Jun-2026,80.7058,0.308628
18-Mar-2026,30-Jun-2026,85.75,0.27768
18-Mar-2026,30-Jun-2026,90.7941,0.25299
18-Mar-2026,30-Jun-2026,95.8382,0.232387
18-Mar-2026,30-Jun-2026,100.882,0.214305
18-Mar-2026,30-Jun-2026,105.926,0.198044
18-Mar-2026,30-Jun-2026,110.971,0.183794
18-Mar-2026,30-Jun-2026,116.015,0.172407
18-Mar-2026,30-Jun-2026,121.059,0.164594
18-Mar-2026,31-Jul-2026,80.7058,0.301921
18-Mar-2026,31-Jul-2026,85.75,0.275258
18-Mar-2026,31-Jul-2026,90.7941,0.253168
18-Mar-2026,31-Jul-2026,95.8382,0.234209
18-Mar-2026,31-Jul-2026,100.882,0.217379
18-Mar-2026,31-Jul-2026,105.926,0.202213
18-Mar-2026,31-Jul-2026,110.971,0.188772
18-Mar-2026,31-Jul-2026,116.015,0.177534
18-Mar-2026,31-Jul-2026,121.059,0.16903
18-Mar-2026,31-Aug-2026,80.7058,0.295952
18-Mar-2026,31-Aug-2026,85.75,0.272181
18-Mar-2026,31-Aug-2026,90.7941,0.252054
18-Mar-2026,31-Aug-2026,95.8382,0.234524
18-Mar-2026,31-Aug-2026,100.882,0.218872
18-Mar-2026,31-Aug-2026,105.926,0.204743
18-Mar-2026,31-Aug-2026,110.971,0.192125
18-Mar-2026,31-Aug-2026,116.015,0.181281
18-Mar-2026,31-Aug-2026,121.059,0.172567
18-Mar-2026,30-Sep-2026,80.7058,0.292211
18-Mar-2026,30-Sep-2026,85.75,0.270414
18-Mar-2026,30-Sep-2026,90.7941,0.251716
18-Mar-2026,30-Sep-2026,95.8382,0.235298
18-Mar-2026,30-Sep-2026,100.882,0.220599
18-Mar-2026,30-Sep-2026,105.926,0.20732
18-Mar-2026,30-Sep-2026,110.971,0.195403
18-Mar-2026,30-Sep-2026,116.015,0.184978
18-Mar-2026,30-Sep-2026,121.059,0.176271
18-Mar-2026,30-Oct-2026,80.7058,0.290713
18-Mar-2026,30-Oct-2026,85.75,0.270344
18-Mar-2026,30-Oct-2026,90.7941,0.252721
18-Mar-2026,30-Oct-2026,95.8382,0.237179
18-Mar-2026,30-Oct-2026,100.882,0.223251
18-Mar-2026,30-Oct-2026,105.926,0.210668
18-Mar-2026,30-Oct-2026,110.971,0.199339
18-Mar-2026,30-Oct-2026,116.015,0.189308
18-Mar-2026,30-Oct-2026,121.059,0.180701
18-Mar-2026,30-Nov-2026,80.7058,0.28811
18-Mar-2026,30-Nov-2026,85.75,0.269059
18-Mar-2026,30-Nov-2026,90.7941,0.252477
18-Mar-2026,30-Nov-2026,95.8382,0.237805
18-Mar-2026,30-Nov-2026,100.882,0.224642
18-Mar-2026,30-Nov-2026,105.926,0.212744
18-Mar-2026,30-Nov-2026,110.971,0.202
18-Mar-2026,30-Nov-2026,116.015,0.192406
18-Mar-2026,30-Nov-2026,121.059,0.184022
18-Mar-2026,31-Dec-2026,80.7058,0.288092
18-Mar-2026,31-Dec-2026,85.75,0.269998
18-Mar-2026,31-Dec-2026,90.7941,0.254188
18-Mar-2026,31-Dec-2026,95.8382,0.240174
18-Mar-2026,31-Dec-2026,100.882,0.227602
18-Mar-2026,31-Dec-2026,105.926,0.216242
18-Mar-2026,31-Dec-2026,110.971,0.205966
18-Mar-2026,31-Dec-2026,116.015,0.196733
18-Mar-2026,31-Dec-2026,121.059,0.188556
18-Mar-2026,29-Jan-2027,80.7058,0.286722
18-Mar-2026,29-Jan-2027,85.75,0.269503
18-Mar-2026,29-Jan-2027,90.7941,0.254415
18-Mar-2026,29-Jan-2027,95.8382,0.241023
18-Mar-2026,29-Jan-2027,100.882,0.229003
18-Mar-2026,29-Jan-2027,105.926,0.218137
18-Mar-2026,29-Jan-2027,110.971,0.208294
18-Mar-2026,29-Jan-2027,116.015,0.199411
18-Mar-2026,29-Jan-2027,121.059,0.191477
18-Mar-2026,26-Feb-2027,80.7058,0.284952
18-Mar-2026,26-Feb-2027,85.75,0.268518
18-Mar-2026,26-Feb-2027,90.7941,0.254087
18-Mar-2026,26-Feb-2027,95.8382,0.241262
18-Mar-2026,26-Feb-2027,100.882,0.229745
18-Mar-2026,26-Feb-2027,105.926,0.219328
18-Mar-2026,26-Feb-2027,110.971,0.209878
18-Mar-2026,26-Feb-2027,116.015,0.201324
18-Mar-2026,26-Feb-2027,121.059,0.193635
19-Mar-2026,20-Mar-2026,80.5843,0.57258
19-Mar-2026,20-Mar-2026,85.6208,0.419918
19-Mar-2026,20-Mar-2026,90.6573,0.274263
19-Mar-2026,20-Mar-2026,95.6938,0.189186
19-Mar-2026,20-Mar-2026,100.73,0.174289
19-Mar-2026,20-Mar-2026,105.767,0.172972
19-Mar-2026,20-Mar-2026,115.84,0.337135
19-Mar-2026,20-Mar-2026,120.876,0.438036
19-Mar-2026,27-Mar-2026,80.5843,0.640951
19-Mar-2026,27-Mar-2026,85.6208,0.488624
19-Mar-2026,27-Mar-2026,90.6573,0.341694
19-Mar-2026,27-Mar-2026,95.6938,0.246648
19-Mar-2026,27-Mar-2026,100.73,0.216823
19-Mar-2026,27-Mar-2026,105.767,0.197328
19-Mar-2026,27-Mar-2026,110.803,0.181521
19-Mar-2026,27-Mar-2026,115.84,0.171673
19-Mar-2026,27-Mar-2026,120.876,0.167987
19-Mar-2026,02-Apr-2026,80.5843,0.532379
19-Mar-2026,02-Apr-2026,85.6208,0.410222
19-Mar-2026,02-Apr-2026,90.6573,0.30587
19-Mar-2026,02-Apr-2026,95.6938,0.250439
19-Mar-2026,02-Apr-2026,100.73,0.223827
19-Mar-2026,02-Apr-2026,105.767,0.203728
19-Mar-2026,02-Apr-2026,110.803,0.187352
19-Mar-2026,02-Apr-2026,115.84,0.176855
19-Mar-2026,02-Apr-2026,120.876,0.172146
19-Mar-2026,10-Apr-2026,80.5843,0.452973
19-Mar-2026,10-Apr-2026,85.6208,0.357055
19-Mar-2026,10-Apr-2026,90.6573,0.286392
19-Mar-2026,10-Apr-2026,95.6938,0.247644
19-Mar-2026,10-Apr-2026,100.73,0.223473
19-Mar-2026,10-Apr-2026,105.767,0.203806
19-Mar-2026,10-Apr-2026,110.803,0.187541
19-Mar-2026,10-Apr-2026,115.84,0.176731
19-Mar-2026,10-Apr-2026,120.876,0.171521
19-Mar-2026,17-Apr-2026,80.5843,0.420703
19-Mar-2026,17-Apr-2026,85.6208,0.340964
19-Mar-2026,17-Apr-2026,90.6573,0.285407
19-Mar-2026,17-Apr-2026,95.6938,0.251772
19-Mar-2026,17-Apr-2026,100.73,0.228154
19-Mar-2026,17-Apr-2026,105.767,0.208394
19-Mar-2026,17-Apr-2026,110.803,0.191899
19-Mar-2026,17-Apr-2026,115.84,0.180567
19-Mar-2026,17-Apr-2026,120.876,0.174738
19-Mar-2026,31-Mar-2026,80.5843,0.574646
19-Mar-2026,31-Mar-2026,85.6208,0.441987
19-Mar-2026,31-Mar-2026,90.6573,0.324389
19-Mar-2026,31-Mar-2026,95.6938,0.259461
19-Mar-2026,31-Mar-2026,100.73,0.230608
19-Mar-2026,31-Mar-2026,105.767,0.209666
19-Mar-2026,31-Mar-2026,110.803,0.192744
19-Mar-2026,31-Mar-2026,115.84,0.181978
19-Mar-2026,31-Mar-2026,120.876,0.177207
19-Mar-2026,30-Apr-2026,80.5843,0.37063
19-Mar-2026,30-Apr-2026,85.6208,0.311924
19-Mar-2026,30-Apr-2026,90.6573,0.271714
19-Mar-2026,30-Apr-2026,95.6938,0.244392
19-Mar-2026,30-Apr-2026,100.73,0.223074
19-Mar-2026,30-Apr-2026,105.767,0.20457
19-Mar-2026,30-Apr-2026,110.803,0.188821
19-Mar-2026,30-Apr-2026,115.84,0.177493
19-Mar-2026,30-Apr-2026,120.876,0.171171
19-Mar-2026,29-May-2026,80.5843,0.331694
19-Mar-2026,29-May-2026,85.6208,0.293614
19-Mar-2026,29-May-2026,90.6573,0.265226
19-Mar-2026,29-May-2026,95.6938,0.242887
19-Mar-2026,29-May-2026,100.73,0.223848
19-Mar-2026,29-May-2026,105.767,0.206856
19-Mar-2026,29-May-2026,110.803,0.192028
19-Mar-2026,29-May-2026,115.84,0.180438
19-Mar-2026,29-May-2026,120.876,0.172858
19-Mar-2026,30-Jun-2026,80.5843,0.314138
19-Mar-2026,30-Jun-2026,85.6208,0.28493
19-Mar-2026,30-Jun-2026,90.6573,0.261595
19-Mar-2026,30-Jun-2026,95.6938,0.24203
19-Mar-2026,30-Jun-2026,100.73,0.224807
19-Mar-2026,30-Jun-2026,105.767,0.209274
19-Mar-2026,30-Jun-2026,110.803,0.195503
19-Mar-2026,30-Jun-2026,115.84,0.18411
19-Mar-2026,30-Jun-2026,120.876,0.175732
19-Mar-2026,31-Jul-2026,80.5843,0.308246
19-Mar-2026,31-Jul-2026,85.6208,0.283133
19-Mar-2026,31-Jul-2026,90.6573,0.262271
19-Mar-2026,31-Jul-2026,95.6938,0.244294
19-Mar-2026,31-Jul-2026,100.73,0.228288
19-Mar-2026,31-Jul-2026,105.767,0.213816
19-Mar-2026,31-Jul-2026,110.803,0.200873
19-Mar-2026,31-Jul-2026,115.84,0.189788
19-Mar-2026,31-Jul-2026,120.876,0.180989
19-Mar-2026,31-Aug-2026,80.5843,0.302905
19-Mar-2026,31-Aug-2026,85.6208,0.280543
19-Mar-2026,31-Aug-2026,90.6573,0.261551
19-Mar-2026,31-Aug-2026,95.6938,0.244945
19-Mar-2026,31-Aug-2026,100.73,0.23007
19-Mar-2026,31-Aug-2026,105.767,0.216596
19-Mar-2026,31-Aug-2026,110.803,0.204472
19-Mar-2026,31-Aug-2026,115.84,0.193867
19-Mar-2026,31-Aug-2026,120.876,0.185047
19-Mar-2026,30-Sep-2026,80.5843,0.299674
19-Mar-2026,30-Sep-2026,85.6208,0.279188
19-Mar-2026,30-Sep-2026,90.6573,0.261557
19-Mar-2026,30-Sep-2026,95.6938,0.246018
19-Mar-2026,30-Sep-2026,100.73,0.232058
19-Mar-2026,30-Sep-2026,105.767,0.2194
19-Mar-2026,30-Sep-2026,110.803,0.207965
19-Mar-2026,30-Sep-2026,115.84,0.197826
19-Mar-2026,30-Sep-2026,120.876,0.18914
19-Mar-2026,30-Oct-2026,80.5843,0.298625
19-Mar-2026,30-Oct-2026,85.6208,0.2795
19-Mar-2026,30-Oct-2026,90.6573,0.262898
19-Mar-2026,30-Oct-2026,95.6938,0.2482
19-Mar-2026,30-Oct-2026,100.73,0.234982
19-Mar-2026,30-Oct-2026,105.767,0.222994
19-Mar-2026,30-Oct-2026,110.803,0.212136
19-Mar-2026,30-Oct-2026,115.84,0.202418
19-Mar-2026,30-Oct-2026,120.876,0.193919
19-Mar-2026,30-Nov-2026,80.5843,0.296399
19-Mar-2026,30-Nov-2026,85.6208,0.278527
19-Mar-2026,30-Nov-2026,90.6573,0.262917
19-Mar-2026,30-Nov-2026,95.6938,0.249051
19-Mar-2026,30-Nov-2026,100.73,0.236564
19-Mar-2026,30-Nov-2026,105.767,0.225233
19-Mar-2026,30-Nov-2026,110.803,0.214946
19-Mar-2026,30-Nov-2026,115.84,0.205676
19-Mar-2026,30-Nov-2026,120.876,0.197454
19-Mar-2026,31-Dec-2026,80.5843,0.296736
19-Mar-2026,31-Dec-2026,85.6208,0.279777
19-Mar-2026,31-Dec-2026,90.6573,0.264907
19-Mar-2026,31-Dec-2026,95.6938,0.251675
19-Mar-2026,31-Dec-2026,100.73,0.239759
19-Mar-2026,31-Dec-2026,105.767,0.228946
19-Mar-2026,31-Dec-2026,110.803,0.219116
19-Mar-2026,31-Dec-2026,115.84,0.210216
19-Mar-2026,31-Dec-2026,120.876,0.20224
19-Mar-2026,29-Jan-2027,80.5843,0.295633
19-Mar-2026,29-Jan-2027,85.6208,0.279506
19-Mar-2026,29-Jan-2027,90.6573,0.265326
19-Mar-2026,29-Jan-2027,95.6938,0.252688
19-Mar-2026,29-Jan-2027,100.73,0.2413
19-Mar-2026,29-Jan-2027,105.767,0.230963
19-Mar-2026,29-Jan-2027,110.803,0.221553
19-Mar-2026,29-Jan-2027,115.84,0.213004
19-Mar-2026,29-Jan-2027,120.876,0.205291
19-Mar-2026,26-Feb-2027,80.5843,0.29408
19-Mar-2026,26-Feb-2027,85.6208,0.278699
19-Mar-2026,26-Feb-2027,90.6573,0.265144
19-Mar-2026,26-Feb-2027,95.6938,0.253047
19-Mar-2026,26-Feb-2027,100.73,0.24214
19-Mar-2026,26-Feb-2027,105.767,0.232233
19-Mar-2026,26-Feb-2027,110.803,0.223205
19-Mar-2026,26-Feb-2027,115.84,0.214981
19-Mar-2026,26-Feb-2027,120.876,0.207525
20-Mar-2026,27-Mar-2026,80.4233,0.684987
20-Mar-2026,27-Mar-2026,85.4498,0.522111
20-Mar-2026,27-Mar-2026,90.4762,0.363171
20-Mar-2026,27-Mar-2026,95.5027,0.249123
20-Mar-2026,27-Mar-2026,100.529,0.214586
20-Mar-2026,27-Mar-2026,105.556,0.19366
20-Mar-2026,27-Mar-2026,110.582,0.177319
20-Mar-2026,27-Mar-2026,115.608,0.16822
20-Mar-2026,02-Apr-2026,80.4233,0.552272
20-Mar-2026,02-Apr-2026,85.4498,0.424855
20-Mar-2026,02-Apr-2026,90.4762,0.31175
20-Mar-2026,02-Apr-2026,95.5027,0.248226
20-Mar-2026,02-Apr-2026,100.529,0.219058
20-Mar-2026,02-Apr-2026,105.556,0.19752
20-Mar-2026,02-Apr-2026,110.582,0.180617
20-Mar-2026,02-Apr-2026,115.608,0.171038
20-Mar-2026,02-Apr-2026,120.635,0.167679
20-Mar-2026,10-Apr-2026,80.4233,0.463152
20-Mar-2026,10-Apr-2026,85.4498,0.363092
20-Mar-2026,10-Apr-2026,90.4762,0.286164
20-Mar-2026,10-Apr-2026,95.5027,0.243261
20-Mar-2026,10-Apr-2026,100.529,0.217084
20-Mar-2026,10-Apr-2026,105.556,0.195906
20-Mar-2026,10-Apr-2026,110.582,0.179036
20-Mar-2026,10-Apr-2026,115.608,0.169229
20-Mar-2026,10-Apr-2026,120.635,0.16557
20-Mar-2026,17-Apr-2026,80.4233,0.427102
20-Mar-2026,17-Apr-2026,85.4498,0.343447
20-Mar-2026,17-Apr-2026,90.4762,0.283185
20-Mar-2026,17-Apr-2026,95.5027,0.246453
20-Mar-2026,17-Apr-2026,100.529,0.22084
20-Mar-2026,17-Apr-2026,105.556,0.199382
20-Mar-2026,17-Apr-2026,110.582,0.18212
20-Mar-2026,17-Apr-2026,115.608,0.17182
20-Mar-2026,17-Apr-2026,120.635,0.167744
20-Mar-2026,24-Apr-2026,80.4233,0.392894
20-Mar-2026,24-Apr-2026,85.4498,0.322363
20-Mar-2026,24-Apr-2026,90.4762,0.272871
20-Mar-2026,24-Apr-2026,95.5027,0.240748
20-Mar-2026,24-Apr-2026,100.529,0.21665
20-Mar-2026,24-Apr-2026,105.556,0.195905
20-Mar-2026,24-Apr-2026,110.582,0.179013
20-Mar-2026,24-Apr-2026,115.608,0.168719
20-Mar-2026,24-Apr-2026,120.635,0.164482
20-Mar-2026,31-Mar-2026,80.4233,0.599996
20-Mar-2026,31-Mar-2026,85.4498,0.460995
20-Mar-2026,31-Mar-2026,90.4762,0.333683
20-Mar-2026,31-Mar-2026,95.5027,0.258635
20-Mar-2026,31-Mar-2026,100.529,0.226718
20-Mar-2026,31-Mar-2026,105.556,0.204219
20-Mar-2026,31-Mar-2026,110.582,0.186711
20-Mar-2026,31-Mar-2026,115.608,0.176839
20-Mar-2026,31-Mar-2026,120.635,0.173411
20-Mar-2026,30-Apr-2026,80.4233,0.373162
20-Mar-2026,30-Apr-2026,85.4498,0.311161
20-Mar-2026,30-Apr-2026,90.4762,0.267731
20-Mar-2026,30-Apr-2026,95.5027,0.23807
20-Mar-2026,30-Apr-2026,100.529,0.214816
20-Mar-2026,30-Apr-2026,105.556,0.194478
20-Mar-2026,30-Apr-2026,110.582,0.177774
20-Mar-2026,30-Apr-2026,115.608,0.167403
20-Mar-2026,30-Apr-2026,120.635,0.162986
20-Mar-2026,29-May-2026,80.4233,0.330818
20-Mar-2026,29-May-2026,85.4498,0.290383
20-Mar-2026,29-May-2026,90.4762,0.259728
20-Mar-2026,29-May-2026,95.5027,0.235252
20-Mar-2026,29-May-2026,100.529,0.214017
20-Mar-2026,29-May-2026,105.556,0.19479
20-Mar-2026,29-May-2026,110.582,0.178505
20-Mar-2026,29-May-2026,115.608,0.16745
20-Mar-2026,29-May-2026,120.635,0.161932
20-Mar-2026,30-Jun-2026,80.4233,0.311949
20-Mar-2026,30-Jun-2026,85.4498,0.280707
20-Mar-2026,30-Jun-2026,90.4762,0.255233
20-Mar-2026,30-Jun-2026,95.5027,0.233411
20-Mar-2026,30-Jun-2026,100.529,0.213743
20-Mar-2026,30-Jun-2026,105.556,0.195706
20-Mar-2026,30-Jun-2026,110.582,0.180076
20-Mar-2026,30-Jun-2026,115.608,0.168589
20-Mar-2026,30-Jun-2026,120.635,0.161975
20-Mar-2026,31-Jul-2026,80.4233,0.305457
20-Mar-2026,31-Jul-2026,85.4498,0.278324
20-Mar-2026,31-Jul-2026,90.4762,0.255233
20-Mar-2026,31-Jul-2026,95.5027,0.234818
20-Mar-2026,31-Jul-2026,100.529,0.216167
20-Mar-2026,31-Jul-2026,105.556,0.199013
20-Mar-2026,31-Jul-2026,110.582,0.183922
20-Mar-2026,31-Jul-2026,115.608,0.172143
20-Mar-2026,31-Jul-2026,120.635,0.164516
20-Mar-2026,31-Aug-2026,80.4233,0.299731
20-Mar-2026,31-Aug-2026,85.4498,0.275294
20-Mar-2026,31-Aug-2026,90.4762,0.253977
20-Mar-2026,31-Aug-2026,95.5027,0.234817
20-Mar-2026,31-Aug-2026,100.529,0.217201
20-Mar-2026,31-Aug-2026,105.556,0.200973
20-Mar-2026,31-Aug-2026,110.582,0.186541
20-Mar-2026,31-Aug-2026,115.608,0.174796
20-Mar-2026,31-Aug-2026,120.635,0.166511
20-Mar-2026,30-Sep-2026,80.4233,0.296209
20-Mar-2026,30-Sep-2026,85.4498,0.273574
20-Mar-2026,30-Sep-2026,90.4762,0.253531
20-Mar-2026,30-Sep-2026,95.5027,0.235358
20-Mar-2026,30-Sep-2026,100.529,0.218607
20-Mar-2026,30-Sep-2026,105.556,0.20317
20-Mar-2026,30-Sep-2026,110.582,0.189335
20-Mar-2026,30-Sep-2026,115.608,0.177737
20-Mar-2026,30-Sep-2026,120.635,0.169023
20-Mar-2026,30-Oct-2026,80.4233,0.294903
20-Mar-2026,30-Oct-2026,85.4498,0.273545
20-Mar-2026,30-Oct-2026,90.4762,0.254453
20-Mar-2026,30-Oct-2026,95.5027,0.237062
20-Mar-2026,30-Oct-2026,100.529,0.221024
20-Mar-2026,30-Oct-2026,105.556,0.20625
20-Mar-2026,30-Oct-2026,110.582,0.192931
20-Mar-2026,30-Oct-2026,115.608,0.181514
20-Mar-2026,30-Oct-2026,120.635,0.172506
20-Mar-2026,30-Nov-2026,80.4233,0.292448
20-Mar-2026,30-Nov-2026,85.4498,0.272284
20-Mar-2026,30-Nov-2026,90.4762,0.254143
20-Mar-2026,30-Nov-2026,95.5027,0.237567
20-Mar-2026,30-Nov-2026,100.529,0.222275
20-Mar-2026,30-Nov-2026,105.556,0.208185
20-Mar-2026,30-Nov-2026,110.582,0.195422
20-Mar-2026,30-Nov-2026,115.608,0.1843
20-Mar-2026,30-Nov-2026,120.635,0.175209
20-Mar-2026,31-Dec-2026,80.4233,0.292561
20-Mar-2026,31-Dec-2026,85.4498,0.273252
20-Mar-2026,31-Dec-2026,90.4762,0.25581
20-Mar-2026,31-Dec-2026,95.5027,0.239854
20-Mar-2026,31-Dec-2026,100.529,0.225146
20-Mar-2026,31-Dec-2026,105.556,0.211598
20-Mar-2026,31-Dec-2026,110.582,0.199284
20-Mar-2026,31-Dec-2026,115.608,0.188413
20-Mar-2026,31-Dec-2026,120.635,0.179269
20-Mar-2026,29-Jan-2027,80.4233,0.29128
20-Mar-2026,29-Jan-2027,85.4498,0.272776
20-Mar-2026,29-Jan-2027,90.4762,0.256017
20-Mar-2026,29-Jan-2027,95.5027,0.24067
20-Mar-2026,29-Jan-2027,100.529,0.226526
20-Mar-2026,29-Jan-2027,105.556,0.213497
20-Mar-2026,29-Jan-2027,110.582,0.201621
20-Mar-2026,29-Jan-2027,115.608,0.191043
20-Mar-2026,29-Jan-2027,120.635,0.181977
20-Mar-2026,26-Feb-2027,80.4233,0.28958
20-Mar-2026,26-Feb-2027,85.4498,0.27181
20-Mar-2026,26-Feb-2027,90.4762,0.255684
20-Mar-2026,26-Feb-2027,95.5027,0.240907
20-Mar-2026,26-Feb-2027,100.529,0.227288
20-Mar-2026,26-Feb-2027,105.556,0.214739
20-Mar-2026,26-Feb-2027,110.582,0.203273
20-Mar-2026,26-Feb-2027,115.608,0.192993
20-Mar-2026,26-Feb-2027,120.635,0.18406
23-Mar-2026,27-Mar-2026,86.9544,0.218234
23-Mar-2026,27-Mar-2026,92.0693,0.204429
23-Mar-2026,27-Mar-2026,97.1843,0.190107
23-Mar-2026,27-Mar-2026,102.299,0.175324
23-Mar-2026,27-Mar-2026,107.414,0.160627
23-Mar-2026,27-Mar-2026,112.529,0.148038
23-Mar-2026,02-Apr-2026,81.8394,0.604166
23-Mar-2026,02-Apr-2026,86.9544,0.462562
23-Mar-2026,02-Apr-2026,92.0693,0.331133
23-Mar-2026,02-Apr-2026,97.1843,0.255027
23-Mar-2026,02-Apr-2026,102.299,0.225723
23-Mar-2026,02-Apr-2026,107.414,0.205183
23-Mar-2026,02-Apr-2026,112.529,0.188604
23-Mar-2026,02-Apr-2026,117.644,0.17828
23-Mar-2026,02-Apr-2026,122.759,0.173918
23-Mar-2026,10-Apr-2026,81.8394,0.485525
23-Mar-2026,10-Apr-2026,86.9544,0.377986
23-Mar-2026,10-Apr-2026,92.0693,0.293826
23-Mar-2026,10-Apr-2026,97.1843,0.249165
23-Mar-2026,10-Apr-2026,102.299,0.223769
23-Mar-2026,10-Apr-2026,107.414,0.203537
23-Mar-2026,10-Apr-2026,112.529,0.186993
23-Mar-2026,10-Apr-2026,117.644,0.17648
23-Mar-2026,10-Apr-2026,122.759,0.171831
23-Mar-2026,17-Apr-2026,81.8394,0.425674
23-Mar-2026,17-Apr-2026,86.9544,0.338455
23-Mar-2026,17-Apr-2026,92.0693,0.27668
23-Mar-2026,17-Apr-2026,97.1843,0.241886
23-Mar-2026,17-Apr-2026,102.299,0.218654
23-Mar-2026,17-Apr-2026,107.414,0.199166
23-Mar-2026,17-Apr-2026,112.529,0.183022
23-Mar-2026,17-Apr-2026,117.644,0.172583
23-Mar-2026,17-Apr-2026,122.759,0.167814
23-Mar-2026,24-Apr-2026,81.8394,0.401949
23-Mar-2026,24-Apr-2026,86.9544,0.328783
23-Mar-2026,24-Apr-2026,92.0693,0.278493
23-Mar-2026,24-Apr-2026,97.1843,0.246962
23-Mar-2026,24-Apr-2026,102.299,0.223773
23-Mar-2026,24-Apr-2026,107.414,0.203904
23-Mar-2026,24-Apr-2026,112.529,0.187342
23-Mar-2026,24-Apr-2026,117.644,0.176402
23-Mar-2026,24-Apr-2026,122.759,0.171183
23-Mar-2026,31-Mar-2026,81.8394,0.59059
23-Mar-2026,31-Mar-2026,86.9544,0.447876
23-Mar-2026,31-Mar-2026,92.0693,0.309711
23-Mar-2026,31-Mar-2026,97.1843,0.221927
23-Mar-2026,31-Mar-2026,102.299,0.197507
23-Mar-2026,31-Mar-2026,107.414,0.180272
23-Mar-2026,31-Mar-2026,112.529,0.165978
23-Mar-2026,31-Mar-2026,117.644,0.157103
23-Mar-2026,30-Apr-2026,81.8394,0.379871
23-Mar-2026,30-Apr-2026,86.9544,0.31645
23-Mar-2026,30-Apr-2026,92.0693,0.273063
23-Mar-2026,30-Apr-2026,97.1843,0.244198
23-Mar-2026,30-Apr-2026,102.299,0.221864
23-Mar-2026,30-Apr-2026,107.414,0.202393
23-Mar-2026,30-Apr-2026,112.529,0.186033
23-Mar-2026,30-Apr-2026,117.644,0.175058
23-Mar-2026,30-Apr-2026,122.759,0.169678
23-Mar-2026,29-May-2026,81.8394,0.334911
23-Mar-2026,29-May-2026,86.9544,0.295166
23-Mar-2026,29-May-2026,92.0693,0.265425
23-Mar-2026,29-May-2026,97.1843,0.241844
23-Mar-2026,29-May-2026,102.299,0.221466
23-Mar-2026,29-May-2026,107.414,0.20303
23-Mar-2026,29-May-2026,112.529,0.187128
23-Mar-2026,29-May-2026,117.644,0.17565
23-Mar-2026,29-May-2026,122.759,0.16924
23-Mar-2026,30-Jun-2026,81.8394,0.316188
23-Mar-2026,30-Jun-2026,86.9544,0.285896
23-Mar-2026,30-Jun-2026,92.0693,0.261329
23-Mar-2026,30-Jun-2026,97.1843,0.24034
23-Mar-2026,30-Jun-2026,102.299,0.221464
23-Mar-2026,30-Jun-2026,107.414,0.204151
23-Mar-2026,30-Jun-2026,112.529,0.188937
23-Mar-2026,30-Jun-2026,117.644,0.177223
23-Mar-2026,30-Jun-2026,122.759,0.169854
23-Mar-2026,31-Jul-2026,81.8394,0.307932
23-Mar-2026,31-Jul-2026,86.9544,0.281944
23-Mar-2026,31-Jul-2026,92.0693,0.2599
23-Mar-2026,31-Jul-2026,97.1843,0.240435
23-Mar-2026,31-Jul-2026,102.299,0.222662
23-Mar-2026,31-Jul-2026,107.414,0.20629
23-Mar-2026,31-Jul-2026,112.529,0.191727
23-Mar-2026,31-Jul-2026,117.644,0.179978
23-Mar-2026,31-Jul-2026,122.759,0.171859
23-Mar-2026,31-Aug-2026,81.8394,0.303006
23-Mar-2026,31-Aug-2026,86.9544,0.279608
23-Mar-2026,31-Aug-2026,92.0693,0.259234
23-Mar-2026,31-Aug-2026,97.1843,0.240934
23-Mar-2026,31-Aug-2026,102.299,0.224115
23-Mar-2026,31-Aug-2026,107.414,0.208597
23-Mar-2026,31-Aug-2026,112.529,0.194676
23-Mar-2026,31-Aug-2026,117.644,0.183057
23-Mar-2026,31-Aug-2026,122.759,0.174432
23-Mar-2026,30-Sep-2026,81.8394,0.300082
23-Mar-2026,30-Sep-2026,86.9544,0.278403
23-Mar-2026,30-Sep-2026,92.0693,0.259229
23-Mar-2026,30-Sep-2026,97.1843,0.241852
23-Mar-2026,30-Sep-2026,102.299,0.225839
23-Mar-2026,30-Sep-2026,107.414,0.211059
23-Mar-2026,30-Sep-2026,112.529,0.197718
23-Mar-2026,30-Sep-2026,117.644,0.186313
23-Mar-2026,30-Sep-2026,122.759,0.177395
23-Mar-2026,30-Oct-2026,81.8394,0.300623
23-Mar-2026,30-Oct-2026,86.9544,0.280052
23-Mar-2026,30-Oct-2026,92.0693,0.261681
23-Mar-2026,30-Oct-2026,97.1843,0.244961
23-Mar-2026,30-Oct-2026,102.299,0.229552
23-Mar-2026,30-Oct-2026,107.414,0.215344
23-Mar-2026,30-Oct-2026,112.529,0.202462
23-Mar-2026,30-Oct-2026,117.644,0.191244
23-Mar-2026,30-Oct-2026,122.759,0.182099
23-Mar-2026,30-Nov-2026,81.8394,0.298387
23-Mar-2026,30-Nov-2026,86.9544,0.278976
23-Mar-2026,30-Nov-2026,92.0693,0.261527
23-Mar-2026,30-Nov-2026,97.1843,0.245594
23-Mar-2026,30-Nov-2026,102.299,0.230901
23-Mar-2026,30-Nov-2026,107.414,0.21735
23-Mar-2026,30-Nov-2026,112.529,0.205018
23-Mar-2026,30-Nov-2026,117.644,0.194134
23-Mar-2026,30-Nov-2026,122.759,0.185005
23-Mar-2026,31-Dec-2026,81.8394,0.298739
23-Mar-2026,31-Dec-2026,86.9544,0.280158
23-Mar-2026,31-Dec-2026,92.0693,0.263386
23-Mar-2026,31-Dec-2026,97.1843,0.248052
23-Mar-2026,31-Dec-2026,102.299,0.233919
23-Mar-2026,31-Dec-2026,107.414,0.22089
23-Mar-2026,31-Dec-2026,112.529,0.209
23-Mar-2026,31-Dec-2026,117.644,0.198397
23-Mar-2026,31-Dec-2026,122.759,0.189296
23-Mar-2026,29-Jan-2027,81.8394,0.296666
23-Mar-2026,29-Jan-2027,86.9544,0.278927
23-Mar-2026,29-Jan-2027,92.0693,0.262869
23-Mar-2026,29-Jan-2027,97.1843,0.248166
23-Mar-2026,29-Jan-2027,102.299,0.234613
23-Mar-2026,29-Jan-2027,107.414,0.222114
23-Mar-2026,29-Jan-2027,112.529,0.210679
23-Mar-2026,29-Jan-2027,117.644,0.20041
23-Mar-2026,29-Jan-2027,122.759,0.191466
23-Mar-2026,26-Feb-2027,81.8394,0.296042
23-Mar-2026,26-Feb-2027,86.9544,0.278956
23-Mar-2026,26-Feb-2027,92.0693,0.263459
23-Mar-2026,26-Feb-2027,97.1843,0.249264
23-Mar-2026,26-Feb-2027,102.299,0.236181
23-Mar-2026,26-Feb-2027,107.414,0.224115
23-Mar-2026,26-Feb-2027,112.529,0.213056
23-Mar-2026,26-Feb-2027,117.644,0.203069
23-Mar-2026,26-Feb-2027,122.759,0.194268
24-Mar-2026,27-Mar-2026,82.1345,0.322206
24-Mar-2026,27-Mar-2026,87.2679,0.235122
24-Mar-2026,27-Mar-2026,92.4013,0.21132
24-Mar-2026,27-Mar-2026,97.5347,0.197454
24-Mar-2026,27-Mar-2026,102.668,0.18325
24-Mar-2026,27-Mar-2026,107.802,0.169165
24-Mar-2026,27-Mar-2026,112.935,0.156745
24-Mar-2026,27-Mar-2026,118.068,0.200906
24-Mar-2026,27-Mar-2026,123.202,0.261048
24-Mar-2026,02-Apr-2026,82.1345,0.63479
24-Mar-2026,02-Apr-2026,87.2679,0.485842
24-Mar-2026,02-Apr-2026,92.4013,0.347886
24-Mar-2026,02-Apr-2026,97.5347,0.269694
24-Mar-2026,02-Apr-2026,102.668,0.24056
24-Mar-2026,02-Apr-2026,107.802,0.220379
24-Mar-2026,02-Apr-2026,112.935,0.20369
24-Mar-2026,02-Apr-2026,118.068,0.192284
24-Mar-2026,02-Apr-2026,123.202,0.186545
24-Mar-2026,10-Apr-2026,82.1345,0.49787
24-Mar-2026,10-Apr-2026,87.2679,0.388042
24-Mar-2026,10-Apr-2026,92.4013,0.304001
24-Mar-2026,10-Apr-2026,97.5347,0.260564
24-Mar-2026,10-Apr-2026,102.668,0.235909
24-Mar-2026,10-Apr-2026,107.802,0.216271
24-Mar-2026,10-Apr-2026,112.935,0.19982
24-Mar-2026,10-Apr-2026,118.068,0.18841
24-Mar-2026,10-Apr-2026,123.202,0.182487
24-Mar-2026,17-Apr-2026,82.1345,0.433133
24-Mar-2026,17-Apr-2026,87.2679,0.345672
24-Mar-2026,17-Apr-2026,92.4013,0.285457
24-Mar-2026,17-Apr-2026,97.5347,0.251998
24-Mar-2026,17-Apr-2026,102.668,0.229571
24-Mar-2026,17-Apr-2026,107.802,0.21074
24-Mar-2026,17-Apr-2026,112.935,0.194771
24-Mar-2026,17-Apr-2026,118.068,0.183545
24-Mar-2026,17-Apr-2026,123.202,0.17758
24-Mar-2026,24-Apr-2026,82.1345,0.407654
24-Mar-2026,24-Apr-2026,87.2679,0.335501
24-Mar-2026,24-Apr-2026,92.4013,0.287081
24-Mar-2026,24-Apr-2026,97.5347,0.256846
24-Mar-2026,24-Apr-2026,102.668,0.234508
24-Mar-2026,24-Apr-2026,107.802,0.215339
24-Mar-2026,24-Apr-2026,112.935,0.199005
24-Mar-2026,24-Apr-2026,118.068,0.187343
24-Mar-2026,24-Apr-2026,123.202,0.18095
24-Mar-2026,31-Mar-2026,82.1345,0.629651
24-Mar-2026,31-Mar-2026,87.2679,0.477362
24-Mar-2026,31-Mar-2026,92.4013,0.32954
24-Mar-2026,31-Mar-2026,97.5347,0.234033
24-Mar-2026,31-Mar-2026,102.668,0.209301
24-Mar-2026,31-Mar-2026,107.802,0.192485
24-Mar-2026,31-Mar-2026,112.935,0.178179
24-Mar-2026,31-Mar-2026,118.068,0.168393
24-Mar-2026,31-Mar-2026,123.202,0.16619
24-Mar-2026,30-Apr-2026,82.1345,0.384818
24-Mar-2026,30-Apr-2026,87.2679,0.32289
24-Mar-2026,30-Apr-2026,92.4013,0.281325
24-Mar-2026,30-Apr-2026,97.5347,0.253668
24-Mar-2026,30-Apr-2026,102.668,0.232179
24-Mar-2026,30-Apr-2026,107.802,0.213415
24-Mar-2026,30-Apr-2026,112.935,0.197315
24-Mar-2026,30-Apr-2026,118.068,0.185683
24-Mar-2026,30-Apr-2026,123.202,0.179176
24-Mar-2026,29-May-2026,82.1345,0.339584
24-Mar-2026,29-May-2026,87.2679,0.301506
24-Mar-2026,29-May-2026,92.4013,0.273087
24-Mar-2026,29-May-2026,97.5347,0.250468
24-Mar-2026,29-May-2026,102.668,0.230884
24-Mar-2026,29-May-2026,107.802,0.213142
24-Mar-2026,29-May-2026,112.935,0.197587
24-Mar-2026,29-May-2026,118.068,0.185712
24-Mar-2026,29-May-2026,123.202,0.178368
24-Mar-2026,30-Jun-2026,82.1345,0.321178
24-Mar-2026,30-Jun-2026,87.2679,0.292188
24-Mar-2026,30-Jun-2026,92.4013,0.268645
24-Mar-2026,30-Jun-2026,97.5347,0.248475
24-Mar-2026,30-Jun-2026,102.668,0.23032
24-Mar-2026,30-Jun-2026,107.802,0.213645
24-Mar-2026,30-Jun-2026,112.935,0.198809
24-Mar-2026,30-Jun-2026,118.068,0.186919
24-Mar-2026,30-Jun-2026,123.202,0.178841
24-Mar-2026,31-Jul-2026,82.1345,0.313079
24-Mar-2026,31-Jul-2026,87.2679,0.288162
24-Mar-2026,31-Jul-2026,92.4013,0.266989
24-Mar-2026,31-Jul-2026,97.5347,0.248257
24-Mar-2026,31-Jul-2026,102.668,0.231144
24-Mar-2026,31-Jul-2026,107.802,0.215354
24-Mar-2026,31-Jul-2026,112.935,0.201176
24-Mar-2026,31-Jul-2026,118.068,0.189402
24-Mar-2026,31-Jul-2026,123.202,0.180786
24-Mar-2026,31-Aug-2026,82.1345,0.30821
24-Mar-2026,31-Aug-2026,87.2679,0.285736
24-Mar-2026,31-Aug-2026,92.4013,0.266134
24-Mar-2026,31-Aug-2026,97.5347,0.248504
24-Mar-2026,31-Aug-2026,102.668,0.23229
24-Mar-2026,31-Aug-2026,107.802,0.217307
24-Mar-2026,31-Aug-2026,112.935,0.203765
24-Mar-2026,31-Aug-2026,118.068,0.192222
24-Mar-2026,31-Aug-2026,123.202,0.183282
24-Mar-2026,30-Sep-2026,82.1345,0.305292
24-Mar-2026,30-Sep-2026,87.2679,0.284439
24-Mar-2026,30-Sep-2026,92.4013,0.26597
24-Mar-2026,30-Sep-2026,97.5347,0.249215
24-Mar-2026,30-Sep-2026,102.668,0.233762
24-Mar-2026,30-Sep-2026,107.802,0.219478
24-Mar-2026,30-Sep-2026,112.935,0.206507
24-Mar-2026,30-Sep-2026,118.068,0.195242
24-Mar-2026,30-Sep-2026,123.202,0.186148
24-Mar-2026,30-Oct-2026,82.1345,0.305812
24-Mar-2026,30-Oct-2026,87.2679,0.286003
24-Mar-2026,30-Oct-2026,92.4013,0.268293
24-Mar-2026,30-Oct-2026,97.5347,0.252159
24-Mar-2026,30-Oct-2026,102.668,0.237279
24-Mar-2026,30-Oct-2026,107.802,0.223536
24-Mar-2026,30-Oct-2026,112.935,0.211018
24-Mar-2026,30-Oct-2026,118.068,0.199986
24-Mar-2026,30-Oct-2026,123.202,0.190779
24-Mar-2026,30-Nov-2026,82.1345,0.303537
24-Mar-2026,30-Nov-2026,87.2679,0.284829
24-Mar-2026,30-Nov-2026,92.4013,0.267994
24-Mar-2026,30-Nov-2026,97.5347,0.25261
24-Mar-2026,30-Nov-2026,102.668,0.238413
24-Mar-2026,30-Nov-2026,107.802,0.225299
24-Mar-2026,30-Nov-2026,112.935,0.213316
24-Mar-2026,30-Nov-2026,118.068,0.202644
24-Mar-2026,30-Nov-2026,123.202,0.193528
24-Mar-2026,31-Dec-2026,82.1345,0.303838
24-Mar-2026,31-Dec-2026,87.2679,0.285918
24-Mar-2026,31-Dec-2026,92.4013,0.269729
24-Mar-2026,31-Dec-2026,97.5347,0.254916
24-Mar-2026,31-Dec-2026,102.668,0.241254
24-Mar-2026,31-Dec-2026,107.802,0.228641
24-Mar-2026,31-Dec-2026,112.935,0.217091
24-Mar-2026,31-Dec-2026,118.068,0.206717
24-Mar-2026,31-Dec-2026,123.202,0.197689
24-Mar-2026,29-Jan-2027,82.1345,0.301716
24-Mar-2026,29-Jan-2027,87.2679,0.2846
24-Mar-2026,29-Jan-2027,92.4013,0.269093
24-Mar-2026,29-Jan-2027,97.5347,0.254886
24-Mar-2026,29-Jan-2027,102.668,0.241779
24-Mar-2026,29-Jan-2027,107.802,0.229675
24-Mar-2026,29-Jan-2027,112.935,0.218569
24-Mar-2026,29-Jan-2027,118.068,0.208536
24-Mar-2026,29-Jan-2027,123.202,0.199698
24-Mar-2026,26-Feb-2027,82.1345,0.301041
24-Mar-2026,26-Feb-2027,87.2679,0.284549
24-Mar-2026,26-Feb-2027,92.4013,0.269581
24-Mar-2026,26-Feb-2027,97.5347,0.25586
24-Mar-2026,26-Feb-2027,102.668,0.243205
24-Mar-2026,26-Feb-2027,107.802,0.231518
24-Mar-2026,26-Feb-2027,112.935,0.220779
24-Mar-2026,26-Feb-2027,118.068,0.211032
24-Mar-2026,26-Feb-2027,123.202,0.202363
25-Mar-2026,27-Mar-2026,82.8085,0.393838
25-Mar-2026,27-Mar-2026,87.984,0.287661
25-Mar-2026,27-Mar-2026,93.1595,0.212655
25-Mar-2026,27-Mar-2026,98.335,0.198864
25-Mar-2026,27-Mar-2026,103.511,0.184754
25-Mar-2026,27-Mar-2026,108.686,0.17077
25-Mar-2026,02-Apr-2026,82.8085,0.671992
25-Mar-2026,02-Apr-2026,87.984,0.514089
25-Mar-2026,02-Apr-2026,93.1595,0.365966
25-Mar-2026,02-Apr-2026,98.335,0.279296
25-Mar-2026,02-Apr-2026,103.511,0.248576
25-Mar-2026,02-Apr-2026,108.686,0.227953
25-Mar-2026,02-Apr-2026,113.862,0.210899
25-Mar-2026,02-Apr-2026,119.037,0.199083
25-Mar-2026,02-Apr-2026,124.213,0.192983
25-Mar-2026,10-Apr-2026,82.8085,0.512032
25-Mar-2026,10-Apr-2026,87.984,0.398461
25-Mar-2026,10-Apr-2026,93.1595,0.310683
25-Mar-2026,10-Apr-2026,98.335,0.265594
25-Mar-2026,10-Apr-2026,103.511,0.240569
25-Mar-2026,10-Apr-2026,108.686,0.220805
25-Mar-2026,10-Apr-2026,113.862,0.204219
25-Mar-2026,10-Apr-2026,119.037,0.192565
25-Mar-2026,10-Apr-2026,124.213,0.186369
25-Mar-2026,17-Apr-2026,82.8085,0.441304
25-Mar-2026,17-Apr-2026,87.984,0.351593
25-Mar-2026,17-Apr-2026,93.1595,0.289683
25-Mar-2026,17-Apr-2026,98.335,0.25564
25-Mar-2026,17-Apr-2026,103.511,0.233089
25-Mar-2026,17-Apr-2026,108.686,0.214235
25-Mar-2026,17-Apr-2026,113.862,0.198208
25-Mar-2026,17-Apr-2026,119.037,0.1868
25-Mar-2026,17-Apr-2026,124.213,0.180599
25-Mar-2026,24-Apr-2026,82.8085,0.413207
25-Mar-2026,24-Apr-2026,87.984,0.339742
25-Mar-2026,24-Apr-2026,93.1595,0.290589
25-Mar-2026,24-Apr-2026,98.335,0.26013
25-Mar-2026,24-Apr-2026,103.511,0.237755
25-Mar-2026,24-Apr-2026,108.686,0.218598
25-Mar-2026,24-Apr-2026,113.862,0.202232
25-Mar-2026,24-Apr-2026,119.037,0.190412
25-Mar-2026,24-Apr-2026,124.213,0.183794
25-Mar-2026,31-Mar-2026,82.8085,0.678976
25-Mar-2026,31-Mar-2026,87.984,0.51465
25-Mar-2026,31-Mar-2026,93.1595,0.354265
25-Mar-2026,31-Mar-2026,98.335,0.242047
25-Mar-2026,31-Mar-2026,103.511,0.214948
25-Mar-2026,31-Mar-2026,108.686,0.197876
25-Mar-2026,31-Mar-2026,113.862,0.183349
25-Mar-2026,31-Mar-2026,119.037,0.173268
25-Mar-2026,31-Mar-2026,124.213,0.179581
25-Mar-2026,30-Apr-2026,82.8085,0.389011
25-Mar-2026,30-Apr-2026,87.984,0.326263
25-Mar-2026,30-Apr-2026,93.1595,0.284324
25-Mar-2026,30-Apr-2026,98.335,0.256581
25-Mar-2026,30-Apr-2026,103.511,0.235104
25-Mar-2026,30-Apr-2026,108.686,0.216379
25-Mar-2026,30-Apr-2026,113.862,0.20027
25-Mar-2026,30-Apr-2026,119.037,0.188503
25-Mar-2026,30-Apr-2026,124.213,0.181786
25-Mar-2026,29-May-2026,82.8085,0.341611
25-Mar-2026,29-May-2026,87.984,0.303564
25-Mar-2026,29-May-2026,93.1595,0.275233
25-Mar-2026,29-May-2026,98.335,0.252708
25-Mar-2026,29-May-2026,103.511,0.233216
25-Mar-2026,29-May-2026,108.686,0.21556
25-Mar-2026,29-May-2026,113.862,0.200044
25-Mar-2026,29-May-2026,119.037,0.188099
25-Mar-2026,29-May-2026,124.213,0.180594
25-Mar-2026,30-Jun-2026,82.8085,0.322718
25-Mar-2026,30-Jun-2026,87.984,0.29389
25-Mar-2026,30-Jun-2026,93.1595,0.270492
25-Mar-2026,30-Jun-2026,98.335,0.250445
25-Mar-2026,30-Jun-2026,103.511,0.2324
25-Mar-2026,30-Jun-2026,108.686,0.215821
25-Mar-2026,30-Jun-2026,113.862,0.201043
25-Mar-2026,30-Jun-2026,119.037,0.189126
25-Mar-2026,30-Jun-2026,124.213,0.180933
25-Mar-2026,31-Jul-2026,82.8085,0.314465
25-Mar-2026,31-Jul-2026,87.984,0.289728
25-Mar-2026,31-Jul-2026,93.1595,0.268706
25-Mar-2026,31-Jul-2026,98.335,0.250101
25-Mar-2026,31-Jul-2026,103.511,0.2331
25-Mar-2026,31-Jul-2026,108.686,0.217406
25-Mar-2026,31-Jul-2026,113.862,0.203294
25-Mar-2026,31-Jul-2026,119.037,0.191521
25-Mar-2026,31-Jul-2026,124.213,0.18283
25-Mar-2026,31-Aug-2026,82.8085,0.309525
25-Mar-2026,31-Aug-2026,87.984,0.287228
25-Mar-2026,31-Aug-2026,93.1595,0.267774
25-Mar-2026,31-Aug-2026,98.335,0.25027
25-Mar-2026,31-Aug-2026,103.511,0.234166
25-Mar-2026,31-Aug-2026,108.686,0.219277
25-Mar-2026,31-Aug-2026,113.862,0.205804
25-Mar-2026,31-Aug-2026,119.037,0.19428
25-Mar-2026,31-Aug-2026,124.213,0.185296
25-Mar-2026,30-Sep-2026,82.8085,0.306567
25-Mar-2026,30-Sep-2026,87.984,0.285886
25-Mar-2026,30-Sep-2026,93.1595,0.26756
25-Mar-2026,30-Sep-2026,98.335,0.250927
25-Mar-2026,30-Sep-2026,103.511,0.235582
25-Mar-2026,30-Sep-2026,108.686,0.221389
25-Mar-2026,30-Sep-2026,113.862,0.208489
25-Mar-2026,30-Sep-2026,119.037,0.197255
25-Mar-2026,30-Sep-2026,124.213,0.188141
25-Mar-2026,30-Oct-2026,82.8085,0.307064
25-Mar-2026,30-Oct-2026,87.984,0.287421
25-Mar-2026,30-Oct-2026,93.1595,0.269852
25-Mar-2026,30-Oct-2026,98.335,0.253839
25-Mar-2026,30-Oct-2026,103.511,0.239065
25-Mar-2026,30-Oct-2026,108.686,0.225413
25-Mar-2026,30-Oct-2026,113.862,0.212965
25-Mar-2026,30-Oct-2026,119.037,0.201974
25-Mar-2026,30-Oct-2026,124.213,0.192766
25-Mar-2026,30-Nov-2026,82.8085,0.304767
25-Mar-2026,30-Nov-2026,87.984,0.286219
25-Mar-2026,30-Nov-2026,93.1595,0.269521
25-Mar-2026,30-Nov-2026,98.335,0.254253
25-Mar-2026,30-Nov-2026,103.511,0.240158
25-Mar-2026,30-Nov-2026,108.686,0.227131
25-Mar-2026,30-Nov-2026,113.862,0.215219
25-Mar-2026,30-Nov-2026,119.037,0.204592
25-Mar-2026,30-Nov-2026,124.213,0.195488
25-Mar-2026,31-Dec-2026,82.8085,0.305053
25-Mar-2026,31-Dec-2026,87.984,0.287288
25-Mar-2026,31-Dec-2026,93.1595,0.271232
25-Mar-2026,31-Dec-2026,98.335,0.256534
25-Mar-2026,31-Dec-2026,103.511,0.242971
25-Mar-2026,31-Dec-2026,108.686,0.230444
25-Mar-2026,31-Dec-2026,113.862,0.218965
25-Mar-2026,31-Dec-2026,119.037,0.208641
25-Mar-2026,31-Dec-2026,124.213,0.199635
25-Mar-2026,29-Jan-2027,82.8085,0.302918
25-Mar-2026,29-Jan-2027,87.984,0.285951
25-Mar-2026,29-Jan-2027,93.1595,0.270573
25-Mar-2026,29-Jan-2027,98.335,0.256477
25-Mar-2026,29-Jan-2027,103.511,0.243466
25-Mar-2026,29-Jan-2027,108.686,0.231446
25-Mar-2026,29-Jan-2027,113.862,0.220409
25-Mar-2026,29-Jan-2027,119.037,0.210427
25-Mar-2026,29-Jan-2027,124.213,0.201618
25-Mar-2026,26-Feb-2027,82.8085,0.302233
25-Mar-2026,26-Feb-2027,87.984,0.285886
25-Mar-2026,26-Feb-2027,93.1595,0.271043
25-Mar-2026,26-Feb-2027,98.335,0.257431
25-Mar-2026,26-Feb-2027,103.511,0.24487
25-Mar-2026,26-Feb-2027,108.686,0.233264
25-Mar-2026,26-Feb-2027,113.862,0.222594
25-Mar-2026,26-Feb-2027,119.037,0.2129
25-Mar-2026,26-Feb-2027,124.213,0.204264
26-Mar-2026,27-Mar-2026,87.6863,0.398354
26-Mar-2026,27-Mar-2026,92.8443,0.258651
26-Mar-2026,27-Mar-2026,98.0023,0.198251
26-Mar-2026,27-Mar-2026,103.16,0.184078
26-Mar-2026,27-Mar-2026,108.318,0.171834
26-Mar-2026,27-Mar-2026,113.476,0.242056
26-Mar-2026,27-Mar-2026,118.634,0.346888
26-Mar-2026,27-Mar-2026,123.792,0.450755
26-Mar-2026,02-Apr-2026,82.5282,0.717488
26-Mar-2026,02-Apr-2026,87.6863,0.548701
26-Mar-2026,02-Apr-2026,92.8443,0.388053
26-Mar-2026,02-Apr-2026,98.0023,0.289081
26-Mar-2026,02-Apr-2026,103.16,0.255774
26-Mar-2026,02-Apr-2026,108.318,0.234347
26-Mar-2026,02-Apr-2026,113.476,0.216746
26-Mar-2026,02-Apr-2026,118.634,0.204637
26-Mar-2026,02-Apr-2026,123.792,0.198462
26-Mar-2026,10-Apr-2026,82.5282,0.528018
26-Mar-2026,10-Apr-2026,87.6863,0.410086
26-Mar-2026,10-Apr-2026,92.8443,0.317257
26-Mar-2026,10-Apr-2026,98.0023,0.269515
26-Mar-2026,10-Apr-2026,103.16,0.243751
26-Mar-2026,10-Apr-2026,108.318,0.223636
26-Mar-2026,10-Apr-2026,113.476,0.206818
26-Mar-2026,10-Apr-2026,118.634,0.19506
26-Mar-2026,10-Apr-2026,123.792,0.188858
26-Mar-2026,17-Apr-2026,82.5282,0.450345
26-Mar-2026,17-Apr-2026,87.6863,0.357837
26-Mar-2026,17-Apr-2026,92.8443,0.293386
26-Mar-2026,17-Apr-2026,98.0023,0.258246
26-Mar-2026,17-Apr-2026,103.16,0.235313
26-Mar-2026,17-Apr-2026,108.318,0.216248
26-Mar-2026,17-Apr-2026,113.476,0.200084
26-Mar-2026,17-Apr-2026,118.634,0.188621
26-Mar-2026,17-Apr-2026,123.792,0.182425
26-Mar-2026,24-Apr-2026,82.5282,0.419295
26-Mar-2026,24-Apr-2026,87.6863,0.344078
26-Mar-2026,24-Apr-2026,92.8443,0.293695
26-Mar-2026,24-Apr-2026,98.0023,0.262691
26-Mar-2026,24-Apr-2026,103.16,0.240066
26-Mar-2026,24-Apr-2026,108.318,0.22075
26-Mar-2026,24-Apr-2026,113.476,0.204277
26-Mar-2026,24-Apr-2026,118.634,0.192406
26-Mar-2026,24-Apr-2026,123.792,0.185781
26-Mar-2026,31-Mar-2026,82.5282,0.742969
26-Mar-2026,31-Mar-2026,87.6863,0.563061
26-Mar-2026,31-Mar-2026,92.8443,0.386841
26-Mar-2026,31-Mar-2026,98.0023,0.251219
26-Mar-2026,31-Mar-2026,103.16,0.219771
26-Mar-2026,31-Mar-2026,108.318,0.202119
26-Mar-2026,31-Mar-2026,113.476,0.187206
26-Mar-2026,31-Mar-2026,118.634,0.17694
26-Mar-2026,31-Mar-2026,123.792,0.197152
26-Mar-2026,30-Apr-2026,82.5282,0.393609
26-Mar-2026,30-Apr-2026,87.6863,0.329714
26-Mar-2026,30-Apr-2026,92.8443,0.287067
26-Mar-2026,30-Apr-2026,98.0023,0.258996
26-Mar-2026,30-Apr-2026,103.16,0.237348
26-Mar-2026,30-Apr-2026,108.318,0.218507
26-Mar-2026,30-Apr-2026,113.476,0.202318
26-Mar-2026,30-Apr-2026,118.634,0.19051
26-Mar-2026,30-Apr-2026,123.792,0.18378
26-Mar-2026,29-May-2026,82.5282,0.344429
26-Mar-2026,29-May-2026,87.6863,0.306452
26-Mar-2026,29-May-2026,92.8443,0.27817
26-Mar-2026,29-May-2026,98.0023,0.255653
26-Mar-2026,29-May-2026,103.16,0.236148
26-Mar-2026,29-May-2026,108.318,0.218474
26-Mar-2026,29-May-2026,113.476,0.202935
26-Mar-2026,29-May-2026,118.634,0.190956
26-Mar-2026,29-May-2026,123.792,0.183407
26-Mar-2026,30-Jun-2026,82.5282,0.325999
26-Mar-2026,30-Jun-2026,87.6863,0.297489
26-Mar-2026,30-Jun-2026,92.8443,0.274278
26-Mar-2026,30-Jun-2026,98.0023,0.254326
26-Mar-2026,30-Jun-2026,103.16,0.236329
26-Mar-2026,30-Jun-2026,108.318,0.219773
26-Mar-2026,30-Jun-2026,113.476,0.204995
26-Mar-2026,30-Jun-2026,118.634,0.193046
26-Mar-2026,30-Jun-2026,123.792,0.184788
26-Mar-2026,31-Jul-2026,82.5282,0.318579
26-Mar-2026,31-Jul-2026,87.6863,0.294214
26-Mar-2026,31-Jul-2026,92.8443,0.273418
26-Mar-2026,31-Jul-2026,98.0023,0.254943
26-Mar-2026,31-Jul-2026,103.16,0.238015
26-Mar-2026,31-Jul-2026,108.318,0.222361
26-Mar-2026,31-Jul-2026,113.476,0.208255
26-Mar-2026,31-Jul-2026,118.634,0.196449
26-Mar-2026,31-Jul-2026,123.792,0.187685
26-Mar-2026,31-Aug-2026,82.5282,0.31452
26-Mar-2026,31-Aug-2026,87.6863,0.292606
26-Mar-2026,31-Aug-2026,92.8443,0.273393
26-Mar-2026,31-Aug-2026,98.0023,0.256034
26-Mar-2026,31-Aug-2026,103.16,0.240014
26-Mar-2026,31-Aug-2026,108.318,0.225167
26-Mar-2026,31-Aug-2026,113.476,0.2117
26-Mar-2026,31-Aug-2026,118.634,0.200142
26-Mar-2026,31-Aug-2026,123.792,0.191083
26-Mar-2026,30-Sep-2026,82.5282,0.312406
26-Mar-2026,30-Sep-2026,87.6863,0.292106
26-Mar-2026,30-Sep-2026,92.8443,0.274027
26-Mar-2026,30-Sep-2026,98.0023,0.257543
26-Mar-2026,30-Sep-2026,103.16,0.242284
26-Mar-2026,30-Sep-2026,108.318,0.228132
26-Mar-2026,30-Sep-2026,113.476,0.215232
26-Mar-2026,30-Sep-2026,118.634,0.203961
26-Mar-2026,30-Sep-2026,123.792,0.194772
26-Mar-2026,30-Oct-2026,82.5282,0.313804
26-Mar-2026,30-Oct-2026,87.6863,0.294547
26-Mar-2026,30-Oct-2026,92.8443,0.277231
26-Mar-2026,30-Oct-2026,98.0023,0.261373
26-Mar-2026,30-Oct-2026,103.16,0.246685
26-Mar-2026,30-Oct-2026,108.318,0.23307
26-Mar-2026,30-Oct-2026,113.476,0.220618
26-Mar-2026,30-Oct-2026,118.634,0.209585
26-Mar-2026,30-Oct-2026,123.792,0.2003
26-Mar-2026,30-Nov-2026,82.5282,0.312273
26-Mar-2026,30-Nov-2026,87.6863,0.294101
26-Mar-2026,30-Nov-2026,92.8443,0.277648
26-Mar-2026,30-Nov-2026,98.0023,0.262531
26-Mar-2026,30-Nov-2026,103.16,0.248516
26-Mar-2026,30-Nov-2026,108.318,0.235519
26-Mar-2026,30-Nov-2026,113.476,0.223596
26-Mar-2026,30-Nov-2026,118.634,0.212922
26-Mar-2026,30-Nov-2026,123.792,0.203741
26-Mar-2026,31-Dec-2026,82.5282,0.313365
26-Mar-2026,31-Dec-2026,87.6863,0.295972
26-Mar-2026,31-Dec-2026,92.8443,0.28016
26-Mar-2026,31-Dec-2026,98.0023,0.265609
26-Mar-2026,31-Dec-2026,103.16,0.252123
26-Mar-2026,31-Dec-2026,108.318,0.239619
26-Mar-2026,31-Dec-2026,113.476,0.228122
26-Mar-2026,31-Dec-2026,118.634,0.217746
26-Mar-2026,31-Dec-2026,123.792,0.208661
26-Mar-2026,29-Jan-2027,82.5282,0.311831
26-Mar-2026,29-Jan-2027,87.6863,0.295221
26-Mar-2026,29-Jan-2027,92.8443,0.280075
26-Mar-2026,29-Jan-2027,98.0023,0.266118
26-Mar-2026,29-Jan-2027,103.16,0.253176
26-Mar-2026,29-Jan-2027,108.318,0.241171
26-Mar-2026,29-Jan-2027,113.476,0.23011
26-Mar-2026,29-Jan-2027,118.634,0.220072
26-Mar-2026,29-Jan-2027,123.792,0.211181
26-Mar-2026,26-Feb-2027,82.5282,0.311737
26-Mar-2026,26-Feb-2027,87.6863,0.295737
26-Mar-2026,26-Feb-2027,92.8443,0.281119
26-Mar-2026,26-Feb-2027,98.0023,0.26764
26-Mar-2026,26-Feb-2027,103.16,0.255141
26-Mar-2026,26-Feb-2027,108.318,0.243546
26-Mar-2026,26-Feb-2027,113.476,0.232846
26-Mar-2026,26-Feb-2027,118.634,0.223092
26-Mar-2026,26-Feb-2027,123.792,0.214371
27-Mar-2026,02-Apr-2026,82.1707,0.773849
27-Mar-2026,02-Apr-2026,87.3064,0.591609
27-Mar-2026,02-Apr-2026,92.442,0.415104
27-Mar-2026,02-Apr-2026,97.5777,0.295393
27-Mar-2026,02-Apr-2026,102.713,0.256948
27-Mar-2026,02-Apr-2026,107.849,0.23384
27-Mar-2026,02-Apr-2026,112.985,0.215331
27-Mar-2026,02-Apr-2026,118.12,0.20347
27-Mar-2026,02-Apr-2026,123.256,0.198224
27-Mar-2026,10-Apr-2026,82.1707,0.545551
27-Mar-2026,10-Apr-2026,87.3064,0.422177
27-Mar-2026,10-Apr-2026,92.442,0.320465
27-Mar-2026,10-Apr-2026,97.5777,0.266607
27-Mar-2026,10-Apr-2026,102.713,0.238925
27-Mar-2026,10-Apr-2026,107.849,0.217734
27-Mar-2026,10-Apr-2026,112.985,0.200403
27-Mar-2026,10-Apr-2026,118.12,0.189111
27-Mar-2026,10-Apr-2026,123.256,0.183871
27-Mar-2026,17-Apr-2026,82.1707,0.459605
27-Mar-2026,17-Apr-2026,87.3064,0.362452
27-Mar-2026,17-Apr-2026,92.442,0.291814
27-Mar-2026,17-Apr-2026,97.5777,0.253362
27-Mar-2026,17-Apr-2026,102.713,0.229073
27-Mar-2026,17-Apr-2026,107.849,0.209088
27-Mar-2026,17-Apr-2026,112.985,0.192491
27-Mar-2026,17-Apr-2026,118.12,0.181517
27-Mar-2026,17-Apr-2026,123.256,0.176289
27-Mar-2026,24-Apr-2026,82.1707,0.424477
27-Mar-2026,24-Apr-2026,87.3064,0.344889
27-Mar-2026,24-Apr-2026,92.442,0.290152
27-Mar-2026,24-Apr-2026,97.5777,0.256843
27-Mar-2026,24-Apr-2026,102.713,0.232995
27-Mar-2026,24-Apr-2026,107.849,0.212753
27-Mar-2026,24-Apr-2026,112.985,0.195825
27-Mar-2026,24-Apr-2026,118.12,0.184436
27-Mar-2026,24-Apr-2026,123.256,0.178812
27-Mar-2026,30-Apr-2026,82.1707,0.396453
27-Mar-2026,30-Apr-2026,87.3064,0.328583
27-Mar-2026,30-Apr-2026,92.442,0.282515
27-Mar-2026,30-Apr-2026,97.5777,0.252593
27-Mar-2026,30-Apr-2026,102.713,0.229831
27-Mar-2026,30-Apr-2026,107.849,0.210096
27-Mar-2026,30-Apr-2026,112.985,0.193454
27-Mar-2026,30-Apr-2026,118.12,0.182109
27-Mar-2026,30-Apr-2026,123.256,0.176378
27-Mar-2026,31-Mar-2026,82.1707,0.829621
27-Mar-2026,31-Mar-2026,87.3064,0.628622
27-Mar-2026,31-Mar-2026,92.442,0.431409
27-Mar-2026,31-Mar-2026,97.5777,0.261426
27-Mar-2026,31-Mar-2026,102.713,0.220313
27-Mar-2026,31-Mar-2026,107.849,0.201326
27-Mar-2026,31-Mar-2026,112.985,0.185702
27-Mar-2026,31-Mar-2026,118.12,0.176513
27-Mar-2026,31-Mar-2026,123.256,0.224353
27-Mar-2026,29-May-2026,82.1707,0.341657
27-Mar-2026,29-May-2026,87.3064,0.301303
27-Mar-2026,29-May-2026,92.442,0.271324
27-Mar-2026,29-May-2026,97.5777,0.247635
27-Mar-2026,29-May-2026,102.713,0.227165
27-Mar-2026,29-May-2026,107.849,0.208616
27-Mar-2026,29-May-2026,112.985,0.192562
27-Mar-2026,29-May-2026,118.12,0.180897
27-Mar-2026,29-May-2026,123.256,0.174306
27-Mar-2026,30-Jun-2026,82.1707,0.320722
27-Mar-2026,30-Jun-2026,87.3064,0.290582
27-Mar-2026,30-Jun-2026,92.442,0.266132
27-Mar-2026,30-Jun-2026,97.5777,0.245177
27-Mar-2026,30-Jun-2026,102.713,0.226259
27-Mar-2026,30-Jun-2026,107.849,0.208841
27-Mar-2026,30-Jun-2026,112.985,0.193492
27-Mar-2026,30-Jun-2026,118.12,0.181668
27-Mar-2026,30-Jun-2026,123.256,0.174232
27-Mar-2026,31-Jul-2026,82.1707,0.31186
27-Mar-2026,31-Jul-2026,87.3064,0.286166
27-Mar-2026,31-Jul-2026,92.442,0.264289
27-Mar-2026,31-Jul-2026,97.5777,0.244868
27-Mar-2026,31-Jul-2026,102.713,0.227041
27-Mar-2026,31-Jul-2026,107.849,0.210542
27-Mar-2026,31-Jul-2026,112.985,0.195834
27-Mar-2026,31-Jul-2026,118.12,0.183991
27-Mar-2026,31-Jul-2026,123.256,0.175862
27-Mar-2026,31-Aug-2026,82.1707,0.306726
27-Mar-2026,31-Aug-2026,87.3064,0.283634
27-Mar-2026,31-Aug-2026,92.442,0.263416
27-Mar-2026,31-Aug-2026,97.5777,0.245141
27-Mar-2026,31-Aug-2026,102.713,0.228244
27-Mar-2026,31-Aug-2026,107.849,0.21258
27-Mar-2026,31-Aug-2026,112.985,0.198497
27-Mar-2026,31-Aug-2026,118.12,0.186776
27-Mar-2026,31-Aug-2026,123.256,0.178156
27-Mar-2026,30-Sep-2026,82.1707,0.30374
27-Mar-2026,30-Sep-2026,87.3064,0.282345
27-Mar-2026,30-Sep-2026,92.442,0.263302
27-Mar-2026,30-Sep-2026,97.5777,0.245927
27-Mar-2026,30-Sep-2026,102.713,0.229815
27-Mar-2026,30-Sep-2026,107.849,0.214871
27-Mar-2026,30-Sep-2026,112.985,0.201354
27-Mar-2026,30-Sep-2026,118.12,0.189832
27-Mar-2026,30-Sep-2026,123.256,0.180908
27-Mar-2026,30-Oct-2026,82.1707,0.304288
27-Mar-2026,30-Oct-2026,87.3064,0.283976
27-Mar-2026,30-Oct-2026,92.442,0.265713
27-Mar-2026,30-Oct-2026,97.5777,0.248975
27-Mar-2026,30-Oct-2026,102.713,0.23345
27-Mar-2026,30-Oct-2026,107.849,0.219066
27-Mar-2026,30-Oct-2026,112.985,0.205997
27-Mar-2026,30-Oct-2026,118.12,0.194642
27-Mar-2026,30-Oct-2026,123.256,0.185467
27-Mar-2026,30-Nov-2026,82.1707,0.302065
27-Mar-2026,30-Nov-2026,87.3064,0.28288
27-Mar-2026,30-Nov-2026,92.442,0.265511
27-Mar-2026,30-Nov-2026,97.5777,0.249539
27-Mar-2026,30-Nov-2026,102.713,0.234718
27-Mar-2026,30-Nov-2026,107.849,0.220982
27-Mar-2026,30-Nov-2026,112.985,0.208453
27-Mar-2026,30-Nov-2026,118.12,0.197418
27-Mar-2026,30-Nov-2026,123.256,0.188233
27-Mar-2026,31-Dec-2026,82.1707,0.30245
27-Mar-2026,31-Dec-2026,87.3064,0.284068
27-Mar-2026,31-Dec-2026,92.442,0.267356
27-Mar-2026,31-Dec-2026,97.5777,0.251969
27-Mar-2026,31-Dec-2026,102.713,0.237699
27-Mar-2026,31-Dec-2026,107.849,0.22448
27-Mar-2026,31-Dec-2026,112.985,0.212389
27-Mar-2026,31-Dec-2026,118.12,0.201621
27-Mar-2026,31-Dec-2026,123.256,0.192437
27-Mar-2026,29-Jan-2027,82.1707,0.300407
27-Mar-2026,29-Jan-2027,87.3064,0.282839
27-Mar-2026,29-Jan-2027,92.442,0.266821
27-Mar-2026,29-Jan-2027,97.5777,0.252052
27-Mar-2026,29-Jan-2027,102.713,0.238355
27-Mar-2026,29-Jan-2027,107.849,0.225663
27-Mar-2026,29-Jan-2027,112.985,0.214024
27-Mar-2026,29-Jan-2027,118.12,0.203581
27-Mar-2026,29-Jan-2027,123.256,0.194534
27-Mar-2026,26-Feb-2027,82.1707,0.299815
27-Mar-2026,26-Feb-2027,87.3064,0.28288
27-Mar-2026,26-Feb-2027,92.442,0.267409
27-Mar-2026,26-Feb-2027,97.5777,0.253139
27-Mar-2026,26-Feb-2027,102.713,0.239907
27-Mar-2026,26-Feb-2027,107.849,0.227647
27-Mar-2026,26-Feb-2027,112.985,0.216383
27-Mar-2026,26-Feb-2027,118.12,0.206215
27-Mar-2026,26-Feb-2027,123.256,0.197295
30-Mar-2026,02-Apr-2026,81.3185,0.33131
30-Mar-2026,02-Apr-2026,86.4009,0.242282
30-Mar-2026,02-Apr-2026,91.4833,0.19995
30-Mar-2026,02-Apr-2026,96.5657,0.185287
30-Mar-2026,02-Apr-2026,101.648,0.170067
30-Mar-2026,02-Apr-2026,106.731,0.154916
30-Mar-2026,02-Apr-2026,111.813,0.142217
30-Mar-2026,10-Apr-2026,81.3185,0.574912
30-Mar-2026,10-Apr-2026,86.4009,0.440191
30-Mar-2026,10-Apr-2026,91.4833,0.315843
30-Mar-2026,10-Apr-2026,96.5657,0.244295
30-Mar-2026,10-Apr-2026,101.648,0.215619
30-Mar-2026,10-Apr-2026,106.731,0.195014
30-Mar-2026,10-Apr-2026,111.813,0.178679
30-Mar-2026,10-Apr-2026,116.895,0.169234
30-Mar-2026,10-Apr-2026,121.978,0.165804
30-Mar-2026,17-Apr-2026,81.3185,0.48422
30-Mar-2026,17-Apr-2026,86.4009,0.3763
30-Mar-2026,17-Apr-2026,91.4833,0.290265
30-Mar-2026,17-Apr-2026,96.5657,0.244013
30-Mar-2026,17-Apr-2026,101.648,0.217931
30-Mar-2026,17-Apr-2026,106.731,0.197185
30-Mar-2026,17-Apr-2026,111.813,0.180567
30-Mar-2026,17-Apr-2026,116.895,0.170727
30-Mar-2026,17-Apr-2026,121.978,0.166932
30-Mar-2026,24-Apr-2026,81.3185,0.429732
30-Mar-2026,24-Apr-2026,86.4009,0.341262
30-Mar-2026,24-Apr-2026,91.4833,0.277376
30-Mar-2026,24-Apr-2026,96.5657,0.240818
30-Mar-2026,24-Apr-2026,101.648,0.216453
30-Mar-2026,24-Apr-2026,106.731,0.196097
30-Mar-2026,24-Apr-2026,111.813,0.179586
30-Mar-2026,24-Apr-2026,116.895,0.169578
30-Mar-2026,24-Apr-2026,121.978,0.165521
30-Mar-2026,30-Apr-2026,81.3185,0.397525
30-Mar-2026,30-Apr-2026,86.4009,0.322025
30-Mar-2026,30-Apr-2026,91.4833,0.269734
30-Mar-2026,30-Apr-2026,96.5657,0.237722
30-Mar-2026,30-Apr-2026,101.648,0.214504
30-Mar-2026,30-Apr-2026,106.731,0.194583
30-Mar-2026,30-Apr-2026,111.813,0.178261
30-Mar-2026,30-Apr-2026,116.895,0.168176
30-Mar-2026,30-Apr-2026,121.978,0.163933
30-Mar-2026,31-Mar-2026,81.3185,0.564085
30-Mar-2026,31-Mar-2026,86.4009,0.41354
30-Mar-2026,31-Mar-2026,91.4833,0.270425
30-Mar-2026,31-Mar-2026,96.5657,0.185244
30-Mar-2026,31-Mar-2026,101.648,0.169986
30-Mar-2026,31-Mar-2026,106.731,0.175819
30-Mar-2026,31-Mar-2026,116.895,0.341141
30-Mar-2026,31-Mar-2026,121.978,0.443139
30-Mar-2026,29-May-2026,81.3185,0.336589
30-Mar-2026,29-May-2026,86.4009,0.292976
30-Mar-2026,29-May-2026,91.4833,0.26113
30-Mar-2026,29-May-2026,96.5657,0.236579
30-Mar-2026,29-May-2026,101.648,0.21562
30-Mar-2026,29-May-2026,106.731,0.196706
30-Mar-2026,29-May-2026,111.813,0.180672
30-Mar-2026,29-May-2026,116.895,0.169806
30-Mar-2026,29-May-2026,121.978,0.164395
30-Mar-2026,30-Jun-2026,81.3185,0.318238
30-Mar-2026,30-Jun-2026,86.4009,0.286158
30-Mar-2026,30-Jun-2026,91.4833,0.260412
30-Mar-2026,30-Jun-2026,96.5657,0.238589
30-Mar-2026,30-Jun-2026,101.648,0.219013
30-Mar-2026,30-Jun-2026,106.731,0.20107
30-Mar-2026,30-Jun-2026,111.813,0.185485
30-Mar-2026,30-Jun-2026,116.895,0.173981
30-Mar-2026,30-Jun-2026,121.978,0.167297
30-Mar-2026,31-Jul-2026,81.3185,0.309044
30-Mar-2026,31-Jul-2026,86.4009,0.282092
30-Mar-2026,31-Jul-2026,91.4833,0.259322
30-Mar-2026,31-Jul-2026,96.5657,0.239246
30-Mar-2026,31-Jul-2026,101.648,0.220897
30-Mar-2026,31-Jul-2026,106.731,0.203979
30-Mar-2026,31-Jul-2026,111.813,0.189046
30-Mar-2026,31-Jul-2026,116.895,0.177347
30-Mar-2026,31-Jul-2026,121.978,0.169729
30-Mar-2026,31-Aug-2026,81.3185,0.304065
30-Mar-2026,31-Aug-2026,86.4009,0.280064
30-Mar-2026,31-Aug-2026,91.4833,0.259171
30-Mar-2026,31-Aug-2026,96.5657,0.24038
30-Mar-2026,31-Aug-2026,101.648,0.223065
30-Mar-2026,31-Aug-2026,106.731,0.207064
30-Mar-2026,31-Aug-2026,111.813,0.19278
30-Mar-2026,31-Aug-2026,116.895,0.1811
30-Mar-2026,31-Aug-2026,121.978,0.1728
30-Mar-2026,30-Sep-2026,81.3185,0.301403
30-Mar-2026,30-Sep-2026,86.4009,0.279304
30-Mar-2026,30-Sep-2026,91.4833,0.259723
30-Mar-2026,30-Sep-2026,96.5657,0.241928
30-Mar-2026,30-Sep-2026,101.648,0.225473
30-Mar-2026,30-Sep-2026,106.731,0.210256
30-Mar-2026,30-Sep-2026,111.813,0.196563
30-Mar-2026,30-Sep-2026,116.895,0.185026
30-Mar-2026,30-Sep-2026,121.978,0.176288
30-Mar-2026,30-Oct-2026,81.3185,0.301043
30-Mar-2026,30-Oct-2026,86.4009,0.280264
30-Mar-2026,30-Oct-2026,91.4833,0.261648
30-Mar-2026,30-Oct-2026,96.5657,0.244634
30-Mar-2026,30-Oct-2026,101.648,0.228888
30-Mar-2026,30-Oct-2026,106.731,0.214327
30-Mar-2026,30-Oct-2026,111.813,0.201147
30-Mar-2026,30-Oct-2026,116.895,0.189788
30-Mar-2026,30-Oct-2026,121.978,0.180755
30-Mar-2026,30-Nov-2026,81.3185,0.300604
30-Mar-2026,30-Nov-2026,86.4009,0.280955
30-Mar-2026,30-Nov-2026,91.4833,0.26322
30-Mar-2026,30-Nov-2026,96.5657,0.246957
30-Mar-2026,30-Nov-2026,101.648,0.2319
30-Mar-2026,30-Nov-2026,106.731,0.217976
30-Mar-2026,30-Nov-2026,111.813,0.205312
30-Mar-2026,30-Nov-2026,116.895,0.194214
30-Mar-2026,30-Nov-2026,121.978,0.185061
30-Mar-2026,31-Dec-2026,81.3185,0.300376
30-Mar-2026,31-Dec-2026,86.4009,0.281676
30-Mar-2026,31-Dec-2026,91.4833,0.264718
30-Mar-2026,31-Dec-2026,96.5657,0.249135
30-Mar-2026,31-Dec-2026,101.648,0.234709
30-Mar-2026,31-Dec-2026,106.731,0.221367
30-Mar-2026,31-Dec-2026,111.813,0.209186
30-Mar-2026,31-Dec-2026,116.895,0.198379
30-Mar-2026,31-Dec-2026,121.978,0.189224
30-Mar-2026,29-Jan-2027,81.3185,0.299752
30-Mar-2026,29-Jan-2027,86.4009,0.281858
30-Mar-2026,29-Jan-2027,91.4833,0.265579
30-Mar-2026,29-Jan-2027,96.5657,0.250603
30-Mar-2026,29-Jan-2027,101.648,0.236736
30-Mar-2026,29-Jan-2027,106.731,0.223909
30-Mar-2026,29-Jan-2027,111.813,0.212165
30-Mar-2026,29-Jan-2027,116.895,0.201654
30-Mar-2026,29-Jan-2027,121.978,0.192584
30-Mar-2026,26-Feb-2027,81.3185,0.299515
30-Mar-2026,26-Feb-2027,86.4009,0.282298
30-Mar-2026,26-Feb-2027,91.4833,0.266602
30-Mar-2026,26-Feb-2027,96.5657,0.252152
30-Mar-2026,26-Feb-2027,101.648,0.238774
30-Mar-2026,26-Feb-2027,106.731,0.226396
30-Mar-2026,26-Feb-2027,111.813,0.215038
30-Mar-2026,26-Feb-2027,116.895,0.204804
30-Mar-2026,26-Feb-2027,121.978,0.195849
31-Mar-2026,02-Apr-2026,81.8163,0.396087
31-Mar-2026,02-Apr-2026,86.9298,0.283111
31-Mar-2026,02-Apr-2026,92.0433,0.196214
31-Mar-2026,02-Apr-2026,97.1569,0.181034
31-Mar-2026,02-Apr-2026,102.27,0.16541
31-Mar-2026,02-Apr-2026,107.384,0.149843
31-Mar-2026,10-Apr-2026,81.8163,0.603035
31-Mar-2026,10-Apr-2026,86.9298,0.461515
31-Mar-2026,10-Apr-2026,92.0433,0.327829
31-Mar-2026,10-Apr-2026,97.1569,0.245203
31-Mar-2026,10-Apr-2026,102.27,0.213846
31-Mar-2026,10-Apr-2026,107.384,0.192253
31-Mar-2026,10-Apr-2026,112.497,0.175631
31-Mar-2026,10-Apr-2026,117.611,0.166765
31-Mar-2026,10-Apr-2026,122.724,0.16409
31-Mar-2026,17-Apr-2026,81.8163,0.498226
31-Mar-2026,17-Apr-2026,86.9298,0.386066
31-Mar-2026,17-Apr-2026,92.0433,0.293359
31-Mar-2026,17-Apr-2026,97.1569,0.242424
31-Mar-2026,17-Apr-2026,102.27,0.214836
31-Mar-2026,17-Apr-2026,107.384,0.193289
31-Mar-2026,17-Apr-2026,112.497,0.176471
31-Mar-2026,17-Apr-2026,117.611,0.167216
31-Mar-2026,17-Apr-2026,122.724,0.164162
31-Mar-2026,24-Apr-2026,81.8163,0.438242
31-Mar-2026,24-Apr-2026,86.9298,0.34612
31-Mar-2026,24-Apr-2026,92.0433,0.277524
31-Mar-2026,24-Apr-2026,97.1569,0.238294
31-Mar-2026,24-Apr-2026,102.27,0.212834
31-Mar-2026,24-Apr-2026,107.384,0.191795
31-Mar-2026,24-Apr-2026,112.497,0.175121
31-Mar-2026,24-Apr-2026,117.611,0.16567
31-Mar-2026,24-Apr-2026,122.724,0.162324
31-Mar-2026,30-Apr-2026,81.8163,0.403373
31-Mar-2026,30-Apr-2026,86.9298,0.324555
31-Mar-2026,30-Apr-2026,92.0433,0.268715
31-Mar-2026,30-Apr-2026,97.1569,0.23481
31-Mar-2026,30-Apr-2026,102.27,0.210689
31-Mar-2026,30-Apr-2026,107.384,0.190157
31-Mar-2026,30-Apr-2026,112.497,0.173689
31-Mar-2026,30-Apr-2026,117.611,0.164129
31-Mar-2026,30-Apr-2026,122.724,0.160569
31-Mar-2026,29-May-2026,81.8163,0.337217
31-Mar-2026,29-May-2026,86.9298,0.291814
31-Mar-2026,29-May-2026,92.0433,0.258677
31-Mar-2026,29-May-2026,97.1569,0.233335
31-Mar-2026,29-May-2026,102.27,0.211825
31-Mar-2026,29-May-2026,107.384,0.19248
31-Mar-2026,29-May-2026,112.497,0.176308
31-Mar-2026,29-May-2026,117.611,0.165794
31-Mar-2026,29-May-2026,122.724,0.160937
31-Mar-2026,30-Jun-2026,81.8163,0.317363
31-Mar-2026,30-Jun-2026,86.9298,0.284315
31-Mar-2026,30-Jun-2026,92.0433,0.257874
31-Mar-2026,30-Jun-2026,97.1569,0.23556
31-Mar-2026,30-Jun-2026,102.27,0.215599
31-Mar-2026,30-Jun-2026,107.384,0.19735
31-Mar-2026,30-Jun-2026,112.497,0.181639
31-Mar-2026,30-Jun-2026,117.611,0.170328
31-Mar-2026,30-Jun-2026,122.724,0.16405
31-Mar-2026,31-Jul-2026,81.8163,0.30774
31-Mar-2026,31-Jul-2026,86.9298,0.280166
31-Mar-2026,31-Jul-2026,92.0433,0.256935
31-Mar-2026,31-Jul-2026,97.1569,0.236513
31-Mar-2026,31-Jul-2026,102.27,0.217885
31-Mar-2026,31-Jul-2026,107.384,0.200748
31-Mar-2026,31-Jul-2026,112.497,0.185712
31-Mar-2026,31-Jul-2026,117.611,0.174111
31-Mar-2026,31-Jul-2026,122.724,0.166771
31-Mar-2026,31-Aug-2026,81.8163,0.302666
31-Mar-2026,31-Aug-2026,86.9298,0.27823
31-Mar-2026,31-Aug-2026,92.0433,0.257007
31-Mar-2026,31-Aug-2026,97.1569,0.237962
31-Mar-2026,31-Aug-2026,102.27,0.220442
31-Mar-2026,31-Aug-2026,107.384,0.204285
31-Mar-2026,31-Aug-2026,112.497,0.18992
31-Mar-2026,31-Aug-2026,117.611,0.178286
31-Mar-2026,31-Aug-2026,122.724,0.170165
31-Mar-2026,30-Sep-2026,81.8163,0.300046
31-Mar-2026,30-Sep-2026,86.9298,0.277624
31-Mar-2026,30-Sep-2026,92.0433,0.257797
31-Mar-2026,30-Sep-2026,97.1569,0.23981
31-Mar-2026,30-Sep-2026,102.27,0.223205
31-Mar-2026,30-Sep-2026,107.384,0.207875
31-Mar-2026,30-Sep-2026,112.497,0.194121
31-Mar-2026,30-Sep-2026,117.611,0.182603
31-Mar-2026,30-Sep-2026,122.724,0.173978
31-Mar-2026,30-Oct-2026,81.8163,0.2998
31-Mar-2026,30-Oct-2026,86.9298,0.278777
31-Mar-2026,30-Oct-2026,92.0433,0.259973
31-Mar-2026,30-Oct-2026,97.1569,0.242816
31-Mar-2026,30-Oct-2026,102.27,0.226959
31-Mar-2026,30-Oct-2026,107.384,0.212318
31-Mar-2026,30-Oct-2026,112.497,0.199094
31-Mar-2026,30-Oct-2026,117.611,0.187742
31-Mar-2026,30-Oct-2026,122.724,0.178777
31-Mar-2026,30-Nov-2026,81.8163,0.299506
31-Mar-2026,30-Nov-2026,86.9298,0.27967
31-Mar-2026,30-Nov-2026,92.0433,0.261794
31-Mar-2026,30-Nov-2026,97.1569,0.245425
31-Mar-2026,30-Nov-2026,102.27,0.230289
31-Mar-2026,30-Nov-2026,107.384,0.21631
31-Mar-2026,30-Nov-2026,112.497,0.203616
31-Mar-2026,30-Nov-2026,117.611,0.192521
31-Mar-2026,30-Nov-2026,122.724,0.183409
31-Mar-2026,31-Dec-2026,81.8163,0.299434
31-Mar-2026,31-Dec-2026,86.9298,0.280593
31-Mar-2026,31-Dec-2026,92.0433,0.263528
31-Mar-2026,31-Dec-2026,97.1569,0.247869
31-Mar-2026,31-Dec-2026,102.27,0.233387
31-Mar-2026,31-Dec-2026,107.384,0.220008
31-Mar-2026,31-Dec-2026,112.497,0.20781
31-Mar-2026,31-Dec-2026,117.611,0.197005
31-Mar-2026,31-Dec-2026,122.724,0.187876
31-Mar-2026,29-Jan-2027,81.8163,0.298954
31-Mar-2026,29-Jan-2027,86.9298,0.28095
31-Mar-2026,29-Jan-2027,92.0433,0.264592
31-Mar-2026,29-Jan-2027,97.1569,0.249559
31-Mar-2026,29-Jan-2027,102.27,0.235655
31-Mar-2026,29-Jan-2027,107.384,0.222804
31-Mar-2026,29-Jan-2027,112.497,0.211051
31-Mar-2026,29-Jan-2027,117.611,0.200544
31-Mar-2026,29-Jan-2027,122.724,0.191493
31-Mar-2026,26-Feb-2027,81.8163,0.298856
31-Mar-2026,26-Feb-2027,86.9298,0.281555
31-Mar-2026,26-Feb-2027,92.0433,0.2658
31-Mar-2026,26-Feb-2027,97.1569,0.25131
31-Mar-2026,26-Feb-2027,102.27,0.237907
31-Mar-2026,26-Feb-2027,107.384,0.225516
31-Mar-2026,26-Feb-2027,112.497,0.214156
31-Mar-2026,26-Feb-2027,117.611,0.203928
31-Mar-2026,26-Feb-2027,122.724,0.194988
01-Apr-2026,02-Apr-2026,81.5341,0.554933
01-Apr-2026,02-Apr-2026,86.63,0.407
01-Apr-2026,02-Apr-2026,91.7259,0.268147
01-Apr-2026,02-Apr-2026,96.8217,0.180611
01-Apr-2026,02-Apr-2026,101.918,0.164918
01-Apr-2026,02-Apr-2026,107.014,0.179399
01-Apr-2026,02-Apr-2026,117.205,0.349111
01-Apr-2026,02-Apr-2026,122.301,0.453716
01-Apr-2026,10-Apr-2026,81.5341,0.636995
01-Apr-2026,10-Apr-2026,86.63,0.487468
01-Apr-2026,10-Apr-2026,91.7259,0.344434
01-Apr-2026,10-Apr-2026,96.8217,0.251526
01-Apr-2026,10-Apr-2026,101.918,0.217746
01-Apr-2026,10-Apr-2026,107.014,0.195466
01-Apr-2026,10-Apr-2026,112.109,0.178475
01-Apr-2026,10-Apr-2026,117.205,0.169535
01-Apr-2026,10-Apr-2026,122.301,0.166958
01-Apr-2026,17-Apr-2026,81.5341,0.514744
01-Apr-2026,17-Apr-2026,86.63,0.398355
01-Apr-2026,17-Apr-2026,91.7259,0.300152
01-Apr-2026,17-Apr-2026,96.8217,0.245435
01-Apr-2026,17-Apr-2026,101.918,0.216744
01-Apr-2026,17-Apr-2026,107.014,0.194725
01-Apr-2026,17-Apr-2026,112.109,0.177669
01-Apr-2026,17-Apr-2026,117.205,0.168416
01-Apr-2026,17-Apr-2026,122.301,0.165457
01-Apr-2026,24-Apr-2026,81.5341,0.448619
01-Apr-2026,24-Apr-2026,86.63,0.353391
01-Apr-2026,24-Apr-2026,91.7259,0.281247
01-Apr-2026,24-Apr-2026,96.8217,0.240032
01-Apr-2026,24-Apr-2026,101.918,0.213851
01-Apr-2026,24-Apr-2026,107.014,0.192436
01-Apr-2026,24-Apr-2026,112.109,0.175579
01-Apr-2026,24-Apr-2026,117.205,0.166161
01-Apr-2026,24-Apr-2026,122.301,0.162925
01-Apr-2026,30-Apr-2026,81.5341,0.41099
01-Apr-2026,30-Apr-2026,86.63,0.329596
01-Apr-2026,30-Apr-2026,91.7259,0.271199
01-Apr-2026,30-Apr-2026,96.8217,0.235951
01-Apr-2026,30-Apr-2026,101.918,0.211266
01-Apr-2026,30-Apr-2026,107.014,0.190405
01-Apr-2026,30-Apr-2026,112.109,0.173778
01-Apr-2026,30-Apr-2026,117.205,0.164265
01-Apr-2026,30-Apr-2026,122.301,0.160824
01-Apr-2026,29-May-2026,81.5341,0.34006
01-Apr-2026,29-May-2026,86.63,0.293423
01-Apr-2026,29-May-2026,91.7259,0.25939
01-Apr-2026,29-May-2026,96.8217,0.233503
01-Apr-2026,29-May-2026,101.918,0.211636
01-Apr-2026,29-May-2026,107.014,0.192015
01-Apr-2026,29-May-2026,112.109,0.17569
01-Apr-2026,29-May-2026,117.205,0.165225
01-Apr-2026,29-May-2026,122.301,0.160512
01-Apr-2026,30-Jun-2026,81.5341,0.318802
01-Apr-2026,30-Jun-2026,86.63,0.285035
01-Apr-2026,30-Jun-2026,91.7259,0.258059
01-Apr-2026,30-Jun-2026,96.8217,0.235355
01-Apr-2026,30-Jun-2026,101.918,0.215082
01-Apr-2026,30-Jun-2026,107.014,0.196563
01-Apr-2026,30-Jun-2026,112.109,0.180676
01-Apr-2026,30-Jun-2026,117.205,0.169374
01-Apr-2026,30-Jun-2026,122.301,0.163241
01-Apr-2026,31-Jul-2026,81.5341,0.308588
01-Apr-2026,31-Jul-2026,86.63,0.280489
01-Apr-2026,31-Jul-2026,91.7259,0.256843
01-Apr-2026,31-Jul-2026,96.8217,0.236086
01-Apr-2026,31-Jul-2026,101.918,0.217164
01-Apr-2026,31-Jul-2026,107.014,0.199764
01-Apr-2026,31-Jul-2026,112.109,0.184538
01-Apr-2026,31-Jul-2026,117.205,0.172903
01-Apr-2026,31-Jul-2026,122.301,0.165682
01-Apr-2026,31-Aug-2026,81.5341,0.303183
01-Apr-2026,31-Aug-2026,86.63,0.278314
01-Apr-2026,31-Aug-2026,91.7259,0.256731
01-Apr-2026,31-Aug-2026,96.8217,0.237376
01-Apr-2026,31-Aug-2026,101.918,0.219575
01-Apr-2026,31-Aug-2026,107.014,0.203161
01-Apr-2026,31-Aug-2026,112.109,0.188598
01-Apr-2026,31-Aug-2026,117.205,0.176891
01-Apr-2026,31-Aug-2026,122.301,0.168849
01-Apr-2026,30-Sep-2026,81.5341,0.300351
01-Apr-2026,30-Sep-2026,86.63,0.277546
01-Apr-2026,30-Sep-2026,91.7259,0.257387
01-Apr-2026,30-Sep-2026,96.8217,0.239106
01-Apr-2026,30-Sep-2026,101.918,0.222228
01-Apr-2026,30-Sep-2026,107.014,0.206647
01-Apr-2026,30-Sep-2026,112.109,0.192691
01-Apr-2026,30-Sep-2026,117.205,0.181071
01-Apr-2026,30-Sep-2026,122.301,0.172481
01-Apr-2026,30-Oct-2026,81.5341,0.299958
01-Apr-2026,30-Oct-2026,86.63,0.27858
01-Apr-2026,30-Oct-2026,91.7259,0.259461
01-Apr-2026,30-Oct-2026,96.8217,0.242017
01-Apr-2026,30-Oct-2026,101.918,0.225892
01-Apr-2026,30-Oct-2026,107.014,0.211004
01-Apr-2026,30-Oct-2026,112.109,0.197575
01-Apr-2026,30-Oct-2026,117.205,0.186099
01-Apr-2026,30-Oct-2026,122.301,0.177128
01-Apr-2026,30-Nov-2026,81.5341,0.29954
01-Apr-2026,30-Nov-2026,86.63,0.27937
01-Apr-2026,30-Nov-2026,91.7259,0.261191
01-Apr-2026,30-Nov-2026,96.8217,0.244543
01-Apr-2026,30-Nov-2026,101.918,0.229146
01-Apr-2026,30-Nov-2026,107.014,0.214925
01-Apr-2026,30-Nov-2026,112.109,0.202026
01-Apr-2026,30-Nov-2026,117.205,0.190792
01-Apr-2026,30-Nov-2026,122.301,0.181638
01-Apr-2026,31-Dec-2026,81.5341,0.299366
01-Apr-2026,31-Dec-2026,86.63,0.280205
01-Apr-2026,31-Dec-2026,91.7259,0.262848
01-Apr-2026,31-Dec-2026,96.8217,0.246917
01-Apr-2026,31-Dec-2026,101.918,0.23218
01-Apr-2026,31-Dec-2026,107.014,0.218566
01-Apr-2026,31-Dec-2026,112.109,0.206164
01-Apr-2026,31-Dec-2026,117.205,0.19521
01-Apr-2026,31-Dec-2026,122.301,0.186013
01-Apr-2026,29-Jan-2027,81.5341,0.298802
01-Apr-2026,29-Jan-2027,86.63,0.280491
01-Apr-2026,29-Jan-2027,91.7259,0.263848
01-Apr-2026,29-Jan-2027,96.8217,0.24855
01-Apr-2026,29-Jan-2027,101.918,0.234398
01-Apr-2026,29-Jan-2027,107.014,0.221318
01-Apr-2026,29-Jan-2027,112.109,0.209364
01-Apr-2026,29-Jan-2027,117.205,0.198702
01-Apr-2026,29-Jan-2027,122.301,0.189565
01-Apr-2026,26-Feb-2027,81.5341,0.298636
01-Apr-2026,26-Feb-2027,86.63,0.281036
01-Apr-2026,26-Feb-2027,91.7259,0.265004
01-Apr-2026,26-Feb-2027,96.8217,0.250255
01-Apr-2026,26-Feb-2027,101.918,0.23661
01-Apr-2026,26-Feb-2027,107.014,0.223995
01-Apr-2026,26-Feb-2027,112.109,0.212436
01-Apr-2026,26-Feb-2027,117.205,0.20205
01-Apr-2026,26-Feb-2027,122.301,0.193011
02-Apr-2026,10-Apr-2026,81.7175,0.675781
02-Apr-2026,10-Apr-2026,86.8248,0.517075
02-Apr-2026,10-Apr-2026,91.9322,0.364217
02-Apr-2026,10-Apr-2026,97.0395,0.26235
02-Apr-2026,10-Apr-2026,102.147,0.22726
02-Apr-2026,10-Apr-2026,107.254,0.205283
02-Apr-2026,10-Apr-2026,112.362,0.188228
02-Apr-2026,10-Apr-2026,117.469,0.178354
02-Apr-2026,10-Apr-2026,122.576,0.174756
02-Apr-2026,17-Apr-2026,81.7175,0.531769
02-Apr-2026,17-Apr-2026,86.8248,0.411496
02-Apr-2026,17-Apr-2026,91.9322,0.31057
02-Apr-2026,17-Apr-2026,97.0395,0.255829
02-Apr-2026,17-Apr-2026,102.147,0.22826
02-Apr-2026,17-Apr-2026,107.254,0.207669
02-Apr-2026,17-Apr-2026,112.362,0.191135
02-Apr-2026,17-Apr-2026,117.469,0.180535
02-Apr-2026,17-Apr-2026,122.576,0.175735
02-Apr-2026,24-Apr-2026,81.7175,0.458972
02-Apr-2026,24-Apr-2026,86.8248,0.362423
02-Apr-2026,24-Apr-2026,91.9322,0.291338
02-Apr-2026,24-Apr-2026,97.0395,0.252233
02-Apr-2026,24-Apr-2026,102.147,0.228112
02-Apr-2026,24-Apr-2026,107.254,0.208854
02-Apr-2026,24-Apr-2026,112.362,0.192985
02-Apr-2026,24-Apr-2026,117.469,0.182048
02-Apr-2026,24-Apr-2026,122.576,0.17636
02-Apr-2026,30-Apr-2026,81.7175,0.418942
02-Apr-2026,30-Apr-2026,86.8248,0.338045
02-Apr-2026,30-Apr-2026,91.9322,0.282369
02-Apr-2026,30-Apr-2026,97.0395,0.249932
02-Apr-2026,30-Apr-2026,102.147,0.227808
02-Apr-2026,30-Apr-2026,107.254,0.209562
02-Apr-2026,30-Apr-2026,112.362,0.194269
02-Apr-2026,30-Apr-2026,117.469,0.183224
02-Apr-2026,30-Apr-2026,122.576,0.176956
02-Apr-2026,08-May-2026,81.7175,0.390127
02-Apr-2026,08-May-2026,86.8248,0.324935
02-Apr-2026,08-May-2026,91.9322,0.281339
02-Apr-2026,08-May-2026,97.0395,0.253487
02-Apr-2026,08-May-2026,102.147,0.232836
02-Apr-2026,08-May-2026,107.254,0.215405
02-Apr-2026,08-May-2026,112.362,0.200556
02-Apr-2026,08-May-2026,117.469,0.189242
02-Apr-2026,08-May-2026,122.576,0.182121
02-Apr-2026,29-May-2026,81.7175,0.350219
02-Apr-2026,29-May-2026,86.8248,0.308674
02-Apr-2026,29-May-2026,91.9322,0.279557
02-Apr-2026,29-May-2026,97.0395,0.257971
02-Apr-2026,29-May-2026,102.147,0.240304
02-Apr-2026,29-May-2026,107.254,0.224891
02-Apr-2026,29-May-2026,112.362,0.21139
02-Apr-2026,29-May-2026,117.469,0.200234
02-Apr-2026,29-May-2026,122.576,0.191976
02-Apr-2026,30-Jun-2026,81.7175,0.337083
02-Apr-2026,30-Jun-2026,86.8248,0.309333
02-Apr-2026,30-Jun-2026,91.9322,0.287858
02-Apr-2026,30-Jun-2026,97.0395,0.27031
02-Apr-2026,30-Jun-2026,102.147,0.255195
02-Apr-2026,30-Jun-2026,107.254,0.241755
02-Apr-2026,30-Jun-2026,112.362,0.229742
02-Apr-2026,30-Jun-2026,117.469,0.219237
02-Apr-2026,30-Jun-2026,122.576,0.210472
02-Apr-2026,31-Jul-2026,81.7175,0.334049
02-Apr-2026,31-Jul-2026,86.8248,0.312155
02-Apr-2026,31-Jul-2026,91.9322,0.294288
02-Apr-2026,31-Jul-2026,97.0395,0.2791
02-Apr-2026,31-Jul-2026,102.147,0.265738
02-Apr-2026,31-Jul-2026,107.254,0.253737
02-Apr-2026,31-Jul-2026,112.362,0.242894
02-Apr-2026,31-Jul-2026,117.469,0.233184
02-Apr-2026,31-Jul-2026,122.576,0.224681
02-Apr-2026,31-Aug-2026,81.7175,0.334957
02-Apr-2026,31-Aug-2026,86.8248,0.316379
02-Apr-2026,31-Aug-2026,91.9322,0.300746
02-Apr-2026,31-Aug-2026,97.0395,0.287176
02-Apr-2026,31-Aug-2026,102.147,0.275101
02-Apr-2026,31-Aug-2026,107.254,0.264186
02-Apr-2026,31-Aug-2026,112.362,0.254259
02-Apr-2026,31-Aug-2026,117.469,0.245254
02-Apr-2026,31-Aug-2026,122.576,0.237177
02-Apr-2026,30-Sep-2026,81.7175,0.337522
02-Apr-2026,30-Sep-2026,86.8248,0.321053
02-Apr-2026,30-Sep-2026,91.9322,0.306936
02-Apr-2026,30-Sep-2026,97.0395,0.294532
02-Apr-2026,30-Sep-2026,102.147,0.283418
02-Apr-2026,30-Sep-2026,107.254,0.27333
02-Apr-2026,30-Sep-2026,112.362,0.264115
02-Apr-2026,30-Sep-2026,117.469,0.255695
02-Apr-2026,30-Sep-2026,122.576,0.24804
02-Apr-2026,30-Oct-2026,81.7175,0.342128
02-Apr-2026,30-Oct-2026,86.8248,0.327132
02-Apr-2026,30-Oct-2026,91.9322,0.314122
02-Apr-2026,30-Oct-2026,97.0395,0.3026
02-Apr-2026,30-Oct-2026,102.147,0.292231
02-Apr-2026,30-Oct-2026,107.254,0.282793
02-Apr-2026,30-Oct-2026,112.362,0.274147
02-Apr-2026,30-Oct-2026,117.469,0.26621
02-Apr-2026,30-Oct-2026,122.576,0.258935
02-Apr-2026,30-Nov-2026,81.7175,0.346144
02-Apr-2026,30-Nov-2026,86.8248,0.332349
02-Apr-2026,30-Nov-2026,91.9322,0.320275
02-Apr-2026,30-Nov-2026,97.0395,0.30952
02-Apr-2026,30-Nov-2026,102.147,0.299807
02-Apr-2026,30-Nov-2026,107.254,0.290946
02-Apr-2026,30-Nov-2026,112.362,0.28281
02-Apr-2026,30-Nov-2026,117.469,0.275316
02-Apr-2026,30-Nov-2026,122.576,0.26841
02-Apr-2026,31-Dec-2026,81.7175,0.349824
02-Apr-2026,31-Dec-2026,86.8248,0.336997
02-Apr-2026,31-Dec-2026,91.9322,0.325698
02-Apr-2026,31-Dec-2026,97.0395,0.31559
02-Apr-2026,31-Dec-2026,102.147,0.306438
02-Apr-2026,31-Dec-2026,107.254,0.298073
02-Apr-2026,31-Dec-2026,112.362,0.290378
02-Apr-2026,31-Dec-2026,117.469,0.283273
02-Apr-2026,31-Dec-2026,122.576,0.276702
02-Apr-2026,29-Jan-2027,81.7175,0.352293
02-Apr-2026,29-Jan-2027,86.8248,0.340241
02-Apr-2026,29-Jan-2027,91.9322,0.329576
02-Apr-2026,29-Jan-2027,97.0395,0.320006
02-Apr-2026,29-Jan-2027,102.147,0.311321
02-Apr-2026,29-Jan-2027,107.254,0.303372
02-Apr-2026,29-Jan-2027,112.362,0.296048
02-Apr-2026,29-Jan-2027,117.469,0.289274
02-Apr-2026,29-Jan-2027,122.576,0.282994
02-Apr-2026,26-Feb-2027,81.7175,0.354752
02-Apr-2026,26-Feb-2027,86.8248,0.343335
02-Apr-2026,26-Feb-2027,91.9322,0.333196
02-Apr-2026,26-Feb-2027,97.0395,0.324075
02-Apr-2026,26-Feb-2027,102.147,0.315785
02-Apr-2026,26-Feb-2027,107.254,0.308187
02-Apr-2026,26-Feb-2027,112.362,0.301181
02-Apr-2026,26-Feb-2027,117.469,0.294691
02-Apr-2026,26-Feb-2027,122.576,0.288663
07-Apr-2026,10-Apr-2026,81.6175,0.32639
07-Apr-2026,10-Apr-2026,86.7186,0.237382
07-Apr-2026,10-Apr-2026,91.8197,0.194934
07-Apr-2026,10-Apr-2026,96.9207,0.17994
07-Apr-2026,10-Apr-2026,102.022,0.164287
07-Apr-2026,10-Apr-2026,107.123,0.148702
07-Apr-2026,10-Apr-2026,112.224,0.138425
07-Apr-2026,10-Apr-2026,117.325,0.200398
07-Apr-2026,10-Apr-2026,122.426,0.260358
07-Apr-2026,17-Apr-2026,81.6175,0.574899
07-Apr-2026,17-Apr-2026,86.7186,0.438487
07-Apr-2026,17-Apr-2026,91.8197,0.30867
07-Apr-2026,17-Apr-2026,96.9207,0.229608
07-Apr-2026,17-Apr-2026,102.022,0.202243
07-Apr-2026,17-Apr-2026,107.123,0.183154
07-Apr-2026,17-Apr-2026,112.224,0.168044
07-Apr-2026,17-Apr-2026,117.325,0.159407
07-Apr-2026,17-Apr-2026,122.426,0.156395
07-Apr-2026,24-Apr-2026,81.6175,0.465861
07-Apr-2026,24-Apr-2026,86.7186,0.358636
07-Apr-2026,24-Apr-2026,91.8197,0.270436
07-Apr-2026,24-Apr-2026,96.9207,0.226138
07-Apr-2026,24-Apr-2026,102.022,0.203362
07-Apr-2026,24-Apr-2026,107.123,0.185223
07-Apr-2026,24-Apr-2026,112.224,0.170461
07-Apr-2026,24-Apr-2026,117.325,0.161319
07-Apr-2026,24-Apr-2026,122.426,0.157505
07-Apr-2026,30-Apr-2026,81.6175,0.43855
07-Apr-2026,30-Apr-2026,86.7186,0.345938
07-Apr-2026,30-Apr-2026,91.8197,0.278684
07-Apr-2026,30-Apr-2026,96.9207,0.242158
07-Apr-2026,30-Apr-2026,102.022,0.219196
07-Apr-2026,30-Apr-2026,107.123,0.200484
07-Apr-2026,30-Apr-2026,112.224,0.185064
07-Apr-2026,30-Apr-2026,117.325,0.174766
07-Apr-2026,30-Apr-2026,122.426,0.169742
07-Apr-2026,08-May-2026,81.6175,0.391351
07-Apr-2026,08-May-2026,86.7186,0.318053
07-Apr-2026,08-May-2026,91.8197,0.269107
07-Apr-2026,08-May-2026,96.9207,0.240066
07-Apr-2026,08-May-2026,102.022,0.219316
07-Apr-2026,08-May-2026,107.123,0.201734
07-Apr-2026,08-May-2026,112.224,0.186929
07-Apr-2026,08-May-2026,117.325,0.176449
07-Apr-2026,08-May-2026,122.426,0.170757
07-Apr-2026,29-May-2026,81.6175,0.345902
07-Apr-2026,29-May-2026,86.7186,0.30162
07-Apr-2026,29-May-2026,91.8197,0.271269
07-Apr-2026,29-May-2026,96.9207,0.24917
07-Apr-2026,29-May-2026,102.022,0.231058
07-Apr-2026,29-May-2026,107.123,0.215124
07-Apr-2026,29-May-2026,112.224,0.201246
07-Apr-2026,29-May-2026,117.325,0.190282
07-Apr-2026,29-May-2026,122.426,0.182927
07-Apr-2026,30-Jun-2026,81.6175,0.334904
07-Apr-2026,30-Jun-2026,86.7186,0.306493
07-Apr-2026,30-Jun-2026,91.8197,0.284467
07-Apr-2026,30-Jun-2026,96.9207,0.26633
07-Apr-2026,30-Jun-2026,102.022,0.250539
07-Apr-2026,30-Jun-2026,107.123,0.236375
07-Apr-2026,30-Jun-2026,112.224,0.223726
07-Apr-2026,30-Jun-2026,117.325,0.212891
07-Apr-2026,30-Jun-2026,122.426,0.204298
07-Apr-2026,31-Jul-2026,81.6175,0.335043
07-Apr-2026,31-Jul-2026,86.7186,0.312835
07-Apr-2026,31-Jul-2026,91.8197,0.294486
07-Apr-2026,31-Jul-2026,96.9207,0.278673
07-Apr-2026,31-Jul-2026,102.022,0.264588
07-Apr-2026,31-Jul-2026,107.123,0.251825
07-Apr-2026,31-Jul-2026,112.224,0.240273
07-Apr-2026,31-Jul-2026,117.325,0.230034
07-Apr-2026,31-Jul-2026,122.426,0.221316
07-Apr-2026,31-Aug-2026,81.6175,0.339225
07-Apr-2026,31-Aug-2026,86.7186,0.320383
07-Apr-2026,31-Aug-2026,91.8197,0.304263
07-Apr-2026,31-Aug-2026,96.9207,0.290054
07-Apr-2026,31-Aug-2026,102.022,0.277246
07-Apr-2026,31-Aug-2026,107.123,0.265566
07-Apr-2026,31-Aug-2026,112.224,0.254906
07-Apr-2026,31-Aug-2026,117.325,0.245284
07-Apr-2026,31-Aug-2026,122.426,0.236788
07-Apr-2026,30-Sep-2026,81.6175,0.344927
07-Apr-2026,30-Sep-2026,86.7186,0.328185
07-Apr-2026,30-Sep-2026,91.8197,0.313573
07-Apr-2026,30-Sep-2026,96.9207,0.300526
07-Apr-2026,30-Sep-2026,102.022,0.288684
07-Apr-2026,30-Sep-2026,107.123,0.277837
07-Apr-2026,30-Sep-2026,112.224,0.267884
07-Apr-2026,30-Sep-2026,117.325,0.258802
07-Apr-2026,30-Sep-2026,122.426,0.250623
07-Apr-2026,30-Oct-2026,81.6175,0.35469
07-Apr-2026,30-Oct-2026,86.7186,0.339337
07-Apr-2026,30-Oct-2026,91.8197,0.325765
07-Apr-2026,30-Oct-2026,96.9207,0.313553
07-Apr-2026,30-Oct-2026,102.022,0.302423
07-Apr-2026,30-Oct-2026,107.123,0.2922
07-Apr-2026,30-Oct-2026,112.224,0.282786
07-Apr-2026,30-Oct-2026,117.325,0.274137
07-Apr-2026,30-Oct-2026,122.426,0.266246
07-Apr-2026,30-Nov-2026,81.6175,0.359988
07-Apr-2026,30-Nov-2026,86.7186,0.345888
07-Apr-2026,30-Nov-2026,91.8197,0.333308
07-Apr-2026,30-Nov-2026,96.9207,0.321919
07-Apr-2026,30-Nov-2026,102.022,0.311497
07-Apr-2026,30-Nov-2026,107.123,0.301896
07-Apr-2026,30-Nov-2026,112.224,0.293025
07-Apr-2026,30-Nov-2026,117.325,0.284834
07-Apr-2026,30-Nov-2026,122.426,0.2773
07-Apr-2026,31-Dec-2026,81.6175,0.366743
07-Apr-2026,31-Dec-2026,86.7186,0.3536
07-Apr-2026,31-Dec-2026,91.8197,0.341796
07-Apr-2026,31-Dec-2026,96.9207,0.331063
07-Apr-2026,31-Dec-2026,102.022,0.321214
07-Apr-2026,31-Dec-2026,107.123,0.312121
07-Apr-2026,31-Dec-2026,112.224,0.303698
07-Apr-2026,31-Dec-2026,117.325,0.295892
07-Apr-2026,31-Dec-2026,122.426,0.288672
07-Apr-2026,29-Jan-2027,81.6175,0.371884
07-Apr-2026,29-Jan-2027,86.7186,0.359507
07-Apr-2026,29-Jan-2027,91.8197,0.348339
07-Apr-2026,29-Jan-2027,96.9207,0.338152
07-Apr-2026,29-Jan-2027,102.022,0.328782
07-Apr-2026,29-Jan-2027,107.123,0.320116
07-Apr-2026,29-Jan-2027,112.224,0.312073
07-Apr-2026,29-Jan-2027,117.325,0.304599
07-Apr-2026,29-Jan-2027,122.426,0.297659
07-Apr-2026,26-Feb-2027,81.6175,0.376867
07-Apr-2026,26-Feb-2027,86.7186,0.365117
07-Apr-2026,26-Feb-2027,91.8197,0.354477
07-Apr-2026,26-Feb-2027,96.9207,0.344748
07-Apr-2026,26-Feb-2027,102.022,0.335784
07-Apr-2026,26-Feb-2027,107.123,0.32748
07-Apr-2026,26-Feb-2027,112.224,0.319761
07-Apr-2026,26-Feb-2027,117.325,0.312574
07-Apr-2026,26-Feb-2027,122.426,0.305881
08-Apr-2026,10-Apr-2026,82.559,0.397119
08-Apr-2026,10-Apr-2026,87.7189,0.290327
08-Apr-2026,10-Apr-2026,92.8789,0.202702
08-Apr-2026,10-Apr-2026,98.0388,0.187867
08-Apr-2026,10-Apr-2026,103.199,0.172895
08-Apr-2026,10-Apr-2026,108.359,0.158016
08-Apr-2026,10-Apr-2026,113.519,0.169399
08-Apr-2026,10-Apr-2026,118.679,0.246981
08-Apr-2026,10-Apr-2026,123.838,0.320858
08-Apr-2026,17-Apr-2026,82.559,0.60557
08-Apr-2026,17-Apr-2026,87.7189,0.461808
08-Apr-2026,17-Apr-2026,92.8789,0.325021
08-Apr-2026,17-Apr-2026,98.0388,0.24291
08-Apr-2026,17-Apr-2026,103.199,0.215664
08-Apr-2026,17-Apr-2026,108.359,0.197
08-Apr-2026,17-Apr-2026,113.519,0.18172
08-Apr-2026,17-Apr-2026,118.679,0.17188
08-Apr-2026,17-Apr-2026,123.838,0.167455
08-Apr-2026,24-Apr-2026,82.559,0.479856
08-Apr-2026,24-Apr-2026,87.7189,0.369597
08-Apr-2026,24-Apr-2026,92.8789,0.280438
08-Apr-2026,24-Apr-2026,98.0388,0.236998
08-Apr-2026,24-Apr-2026,103.199,0.214828
08-Apr-2026,24-Apr-2026,108.359,0.197221
08-Apr-2026,24-Apr-2026,113.519,0.182485
08-Apr-2026,24-Apr-2026,118.679,0.172427
08-Apr-2026,24-Apr-2026,123.838,0.167374
08-Apr-2026,30-Apr-2026,82.559,0.448253
08-Apr-2026,30-Apr-2026,87.7189,0.354694
08-Apr-2026,30-Apr-2026,92.8789,0.28854
08-Apr-2026,30-Apr-2026,98.0388,0.253173
08-Apr-2026,30-Apr-2026,103.199,0.230879
08-Apr-2026,30-Apr-2026,108.359,0.212694
08-Apr-2026,30-Apr-2026,113.519,0.197377
08-Apr-2026,30-Apr-2026,118.679,0.186346
08-Apr-2026,30-Apr-2026,123.838,0.180161
08-Apr-2026,08-May-2026,82.559,0.398208
08-Apr-2026,08-May-2026,87.7189,0.325555
08-Apr-2026,08-May-2026,92.8789,0.278202
08-Apr-2026,08-May-2026,98.0388,0.250197
08-Apr-2026,08-May-2026,103.199,0.230093
08-Apr-2026,08-May-2026,108.359,0.213028
08-Apr-2026,08-May-2026,113.519,0.198398
08-Apr-2026,08-May-2026,118.679,0.187394
08-Apr-2026,08-May-2026,123.838,0.180707
08-Apr-2026,29-May-2026,82.559,0.351804
08-Apr-2026,29-May-2026,87.7189,0.309061
08-Apr-2026,29-May-2026,92.8789,0.279894
08-Apr-2026,29-May-2026,98.0388,0.258541
08-Apr-2026,29-May-2026,103.199,0.240974
08-Apr-2026,29-May-2026,108.359,0.225484
08-Apr-2026,29-May-2026,113.519,0.211847
08-Apr-2026,29-May-2026,118.679,0.20071
08-Apr-2026,29-May-2026,123.838,0.192744
08-Apr-2026,30-Jun-2026,82.559,0.34147
08-Apr-2026,30-Jun-2026,87.7189,0.314101
08-Apr-2026,30-Jun-2026,92.8789,0.292812
08-Apr-2026,30-Jun-2026,98.0388,0.275208
08-Apr-2026,30-Jun-2026,103.199,0.259841
08-Apr-2026,30-Jun-2026,108.359,0.246027
08-Apr-2026,30-Jun-2026,113.519,0.233619
08-Apr-2026,30-Jun-2026,118.679,0.222832
08-Apr-2026,30-Jun-2026,123.838,0.214027
08-Apr-2026,31-Jul-2026,82.559,0.341868
08-Apr-2026,31-Jul-2026,87.7189,0.320388
08-Apr-2026,31-Jul-2026,92.8789,0.302578
08-Apr-2026,31-Jul-2026,98.0388,0.287184
08-Apr-2026,31-Jul-2026,103.199,0.273445
08-Apr-2026,31-Jul-2026,108.359,0.260971
08-Apr-2026,31-Jul-2026,113.519,0.249639
08-Apr-2026,31-Jul-2026,118.679,0.239513
08-Apr-2026,31-Jul-2026,123.838,0.230757
08-Apr-2026,31-Aug-2026,82.559,0.346138
08-Apr-2026,31-Aug-2026,87.7189,0.327851
08-Apr-2026,31-Aug-2026,92.8789,0.312162
08-Apr-2026,31-Aug-2026,98.0388,0.298299
08-Apr-2026,31-Aug-2026,103.199,0.285785
08-Apr-2026,31-Aug-2026,108.359,0.274353
08-Apr-2026,31-Aug-2026,113.519,0.263892
08-Apr-2026,31-Aug-2026,118.679,0.2544
08-Apr-2026,31-Aug-2026,123.838,0.245945
08-Apr-2026,30-Sep-2026,82.559,0.351862
08-Apr-2026,30-Sep-2026,87.7189,0.335574
08-Apr-2026,30-Sep-2026,92.8789,0.321324
08-Apr-2026,30-Sep-2026,98.0388,0.308578
08-Apr-2026,30-Sep-2026,103.199,0.296993
08-Apr-2026,30-Sep-2026,108.359,0.286366
08-Apr-2026,30-Sep-2026,113.519,0.276594
08-Apr-2026,30-Sep-2026,118.679,0.267647
08-Apr-2026,30-Sep-2026,123.838,0.259542
08-Apr-2026,30-Oct-2026,82.559,0.361657
08-Apr-2026,30-Oct-2026,87.7189,0.346692
08-Apr-2026,30-Oct-2026,92.8789,0.333437
08-Apr-2026,30-Oct-2026,98.0388,0.321494
08-Apr-2026,30-Oct-2026,103.199,0.310596
08-Apr-2026,30-Oct-2026,108.359,0.300573
08-Apr-2026,30-Oct-2026,113.519,0.291328
08-Apr-2026,30-Oct-2026,118.679,0.282813
08-Apr-2026,30-Oct-2026,123.838,0.275014
08-Apr-2026,30-Nov-2026,82.559,0.366921
08-Apr-2026,30-Nov-2026,87.7189,0.353159
08-Apr-2026,30-Nov-2026,92.8789,0.340861
08-Apr-2026,30-Nov-2026,98.0388,0.329713
08-Apr-2026,30-Nov-2026,103.199,0.319502
08-Apr-2026,30-Nov-2026,108.359,0.310084
08-Apr-2026,30-Nov-2026,113.519,0.301371
08-Apr-2026,30-Nov-2026,118.679,0.29331
08-Apr-2026,30-Nov-2026,123.838,0.285874
08-Apr-2026,31-Dec-2026,82.559,0.373654
08-Apr-2026,31-Dec-2026,87.7189,0.360813
08-Apr-2026,31-Dec-2026,92.8789,0.349265
08-Apr-2026,31-Dec-2026,98.0388,0.338753
08-Apr-2026,31-Dec-2026,103.199,0.329098
08-Apr-2026,31-Dec-2026,108.359,0.320176
08-Apr-2026,31-Dec-2026,113.519,0.311902
08-Apr-2026,31-Dec-2026,118.679,0.304221
08-Apr-2026,31-Dec-2026,123.838,0.297101
08-Apr-2026,29-Jan-2027,82.559,0.378764
08-Apr-2026,29-Jan-2027,87.7189,0.366663
08-Apr-2026,29-Jan-2027,92.8789,0.355731
08-Apr-2026,29-Jan-2027,98.0388,0.34575
08-Apr-2026,29-Jan-2027,103.199,0.336562
08-Apr-2026,29-Jan-2027,108.359,0.328056
08-Apr-2026,29-Jan-2027,113.519,0.320154
08-Apr-2026,29-Jan-2027,118.679,0.312801
08-Apr-2026,29-Jan-2027,123.838,0.305962
08-Apr-2026,26-Feb-2027,82.559,0.383721
08-Apr-2026,26-Feb-2027,87.7189,0.372226
08-Apr-2026,26-Feb-2027,92.8789,0.361807
08-Apr-2026,26-Feb-2027,98.0388,0.352271
08-Apr-2026,26-Feb-2027,103.199,0.343478
08-Apr-2026,26-Feb-2027,108.359,0.335327
08-Apr-2026,26-Feb-2027,113.519,0.327743
08-Apr-2026,26-Feb-2027,118.679,0.320673
08-Apr-2026,26-Feb-2027,123.838,0.31408
09-Apr-2026,10-Apr-2026,81.2687,0.561008
09-Apr-2026,10-Apr-2026,86.3479,0.409757
09-Apr-2026,10-Apr-2026,91.4272,0.26861
09-Apr-2026,10-Apr-2026,96.5065,0.184915
09-Apr-2026,10-Apr-2026,101.586,0.169646
09-Apr-2026,10-Apr-2026,106.665,0.176041
09-Apr-2026,17-Apr-2026,81.2687,0.641321
09-Apr-2026,17-Apr-2026,86.3479,0.488925
09-Apr-2026,17-Apr-2026,91.4272,0.341787
09-Apr-2026,17-Apr-2026,96.5065,0.245887
09-Apr-2026,17-Apr-2026,101.586,0.215864
09-Apr-2026,17-Apr-2026,106.665,0.196398
09-Apr-2026,17-Apr-2026,111.744,0.180737
09-Apr-2026,17-Apr-2026,116.824,0.171108
09-Apr-2026,17-Apr-2026,121.903,0.167031
09-Apr-2026,24-Apr-2026,81.2687,0.494739
09-Apr-2026,24-Apr-2026,86.3479,0.380261
09-Apr-2026,24-Apr-2026,91.4272,0.284242
09-Apr-2026,24-Apr-2026,96.5065,0.236208
09-Apr-2026,24-Apr-2026,101.586,0.212947
09-Apr-2026,24-Apr-2026,106.665,0.194802
09-Apr-2026,24-Apr-2026,111.744,0.179815
09-Apr-2026,24-Apr-2026,116.824,0.169976
09-Apr-2026,24-Apr-2026,121.903,0.165377
09-Apr-2026,30-Apr-2026,81.2687,0.457629
09-Apr-2026,30-Apr-2026,86.3479,0.360332
09-Apr-2026,30-Apr-2026,91.4272,0.289544
09-Apr-2026,30-Apr-2026,96.5065,0.251825
09-Apr-2026,30-Apr-2026,101.586,0.228683
09-Apr-2026,30-Apr-2026,106.665,0.209984
09-Apr-2026,30-Apr-2026,111.744,0.194398
09-Apr-2026,30-Apr-2026,116.824,0.183517
09-Apr-2026,30-Apr-2026,121.903,0.177753
09-Apr-2026,08-May-2026,81.2687,0.403376
09-Apr-2026,08-May-2026,86.3479,0.327583
09-Apr-2026,08-May-2026,91.4272,0.277369
09-Apr-2026,08-May-2026,96.5065,0.248046
09-Apr-2026,08-May-2026,101.586,0.227337
09-Apr-2026,08-May-2026,106.665,0.209855
09-Apr-2026,08-May-2026,111.744,0.194991
09-Apr-2026,08-May-2026,116.824,0.184094
09-Apr-2026,08-May-2026,121.903,0.177778
09-Apr-2026,29-May-2026,81.2687,0.352298
09-Apr-2026,29-May-2026,86.3479,0.307846
09-Apr-2026,29-May-2026,91.4272,0.277596
09-Apr-2026,29-May-2026,96.5065,0.255649
09-Apr-2026,29-May-2026,101.586,0.237689
09-Apr-2026,29-May-2026,106.665,0.221886
09-Apr-2026,29-May-2026,111.744,0.208042
09-Apr-2026,29-May-2026,116.824,0.196902
09-Apr-2026,29-May-2026,121.903,0.189162
09-Apr-2026,30-Jun-2026,81.2687,0.33972
09-Apr-2026,30-Jun-2026,86.3479,0.311591
09-Apr-2026,30-Jun-2026,91.4272,0.289799
09-Apr-2026,30-Jun-2026,96.5065,0.271844
09-Apr-2026,30-Jun-2026,101.586,0.256199
09-Apr-2026,30-Jun-2026,106.665,0.242151
09-Apr-2026,30-Jun-2026,111.744,0.229564
09-Apr-2026,30-Jun-2026,116.824,0.218699
09-Apr-2026,30-Jun-2026,121.903,0.209953
09-Apr-2026,31-Jul-2026,81.2687,0.339299
09-Apr-2026,31-Jul-2026,86.3479,0.317354
09-Apr-2026,31-Jul-2026,91.4272,0.299209
09-Apr-2026,31-Jul-2026,96.5065,0.283554
09-Apr-2026,31-Jul-2026,101.586,0.269595
09-Apr-2026,31-Jul-2026,106.665,0.256932
09-Apr-2026,31-Jul-2026,111.744,0.245447
09-Apr-2026,31-Jul-2026,116.824,0.235224
09-Apr-2026,31-Jul-2026,121.903,0.226454
09-Apr-2026,31-Aug-2026,81.2687,0.343111
09-Apr-2026,31-Aug-2026,86.3479,0.324489
09-Apr-2026,31-Aug-2026,91.4272,0.308541
09-Apr-2026,31-Aug-2026,96.5065,0.294467
09-Apr-2026,31-Aug-2026,101.586,0.28177
09-Apr-2026,31-Aug-2026,106.665,0.270178
09-Apr-2026,31-Aug-2026,111.744,0.259583
09-Apr-2026,31-Aug-2026,116.824,0.249995
09-Apr-2026,31-Aug-2026,121.903,0.241493
09-Apr-2026,30-Sep-2026,81.2687,0.348523
09-Apr-2026,30-Sep-2026,86.3479,0.331968
09-Apr-2026,30-Sep-2026,91.4272,0.317504
09-Apr-2026,30-Sep-2026,96.5065,0.304577
09-Apr-2026,30-Sep-2026,101.586,0.292833
09-Apr-2026,30-Sep-2026,106.665,0.282067
09-Apr-2026,30-Sep-2026,111.744,0.272176
09-Apr-2026,30-Sep-2026,116.824,0.263136
09-Apr-2026,30-Sep-2026,121.903,0.254971
09-Apr-2026,30-Oct-2026,81.2687,0.358045
09-Apr-2026,30-Oct-2026,86.3479,0.342854
09-Apr-2026,30-Oct-2026,91.4272,0.329413
09-Apr-2026,30-Oct-2026,96.5065,0.317309
09-Apr-2026,30-Oct-2026,101.586,0.30627
09-Apr-2026,30-Oct-2026,106.665,0.296123
09-Apr-2026,30-Oct-2026,111.744,0.286769
09-Apr-2026,30-Oct-2026,116.824,0.278165
09-Apr-2026,30-Oct-2026,121.903,0.270301
09-Apr-2026,30-Nov-2026,81.2687,0.363101
09-Apr-2026,30-Nov-2026,86.3479,0.349143
09-Apr-2026,30-Nov-2026,91.4272,0.336681
09-Apr-2026,30-Nov-2026,96.5065,0.32539
09-Apr-2026,30-Nov-2026,101.586,0.315052
09-Apr-2026,30-Nov-2026,106.665,0.305522
09-Apr-2026,30-Nov-2026,111.744,0.29671
09-Apr-2026,30-Nov-2026,116.824,0.288566
09-Apr-2026,30-Nov-2026,121.903,0.281065
09-Apr-2026,31-Dec-2026,81.2687,0.369639
09-Apr-2026,31-Dec-2026,86.3479,0.356624
09-Apr-2026,31-Dec-2026,91.4272,0.344927
09-Apr-2026,31-Dec-2026,96.5065,0.334286
09-Apr-2026,31-Dec-2026,101.586,0.324516
09-Apr-2026,31-Dec-2026,106.665,0.315491
09-Apr-2026,31-Dec-2026,111.744,0.307126
09-Apr-2026,31-Dec-2026,116.824,0.299367
09-Apr-2026,31-Dec-2026,121.903,0.292184
09-Apr-2026,29-Jan-2027,81.2687,0.374593
09-Apr-2026,29-Jan-2027,86.3479,0.362333
09-Apr-2026,29-Jan-2027,91.4272,0.351265
09-Apr-2026,29-Jan-2027,96.5065,0.341164
09-Apr-2026,29-Jan-2027,101.586,0.33187
09-Apr-2026,29-Jan-2027,106.665,0.323269
09-Apr-2026,29-Jan-2027,111.744,0.315282
09-Apr-2026,29-Jan-2027,116.824,0.307856
09-Apr-2026,29-Jan-2027,121.903,0.300955
09-Apr-2026,26-Feb-2027,81.2687,0.379408
09-Apr-2026,26-Feb-2027,86.3479,0.367768
09-Apr-2026,26-Feb-2027,91.4272,0.357222
09-Apr-2026,26-Feb-2027,96.5065,0.347575
09-Apr-2026,26-Feb-2027,101.586,0.338682
09-Apr-2026,26-Feb-2027,106.665,0.330442
09-Apr-2026,26-Feb-2027,111.744,0.322778
09-Apr-2026,26-Feb-2027,116.824,0.315639
09-Apr-2026,26-Feb-2027,121.903,0.308986
10-Apr-2026,17-Apr-2026,81.1468,0.682406
10-Apr-2026,17-Apr-2026,86.2185,0.520007
10-Apr-2026,17-Apr-2026,91.2901,0.362019
10-Apr-2026,17-Apr-2026,96.3618,0.252962
10-Apr-2026,17-Apr-2026,101.433,0.22044
10-Apr-2026,17-Apr-2026,106.505,0.200389
10-Apr-2026,17-Apr-2026,111.577,0.184341
10-Apr-2026,17-Apr-2026,116.649,0.174561
10-Apr-2026,24-Apr-2026,81.1468,0.509494
10-Apr-2026,24-Apr-2026,86.2185,0.391044
10-Apr-2026,24-Apr-2026,91.2901,0.289717
10-Apr-2026,24-Apr-2026,96.3618,0.238464
10-Apr-2026,24-Apr-2026,101.433,0.214605
10-Apr-2026,24-Apr-2026,106.505,0.196206
10-Apr-2026,24-Apr-2026,111.577,0.181053
10-Apr-2026,24-Apr-2026,116.649,0.171173
10-Apr-2026,24-Apr-2026,121.72,0.166617
10-Apr-2026,30-Apr-2026,81.1468,0.466103
10-Apr-2026,30-Apr-2026,86.2185,0.366028
10-Apr-2026,30-Apr-2026,91.2901,0.292447
10-Apr-2026,30-Apr-2026,96.3618,0.25357
10-Apr-2026,30-Apr-2026,101.433,0.230096
10-Apr-2026,30-Apr-2026,106.505,0.2112
10-Apr-2026,30-Apr-2026,111.577,0.195474
10-Apr-2026,30-Apr-2026,116.649,0.184554
10-Apr-2026,30-Apr-2026,121.72,0.178826
10-Apr-2026,08-May-2026,81.1468,0.407724
10-Apr-2026,08-May-2026,86.2185,0.330166
10-Apr-2026,08-May-2026,91.2901,0.278691
10-Apr-2026,08-May-2026,96.3618,0.248939
10-Apr-2026,08-May-2026,101.433,0.228074
10-Apr-2026,08-May-2026,106.505,0.210477
10-Apr-2026,08-May-2026,111.577,0.195528
10-Apr-2026,08-May-2026,116.649,0.184614
10-Apr-2026,08-May-2026,121.72,0.178338
10-Apr-2026,15-May-2026,81.1468,0.386673
10-Apr-2026,15-May-2026,86.2185,0.323221
10-Apr-2026,15-May-2026,91.2901,0.281717
10-Apr-2026,15-May-2026,96.3618,0.255165
10-Apr-2026,15-May-2026,101.433,0.235099
10-Apr-2026,15-May-2026,106.505,0.217889
10-Apr-2026,15-May-2026,111.577,0.203104
10-Apr-2026,15-May-2026,116.649,0.191847
10-Apr-2026,15-May-2026,121.72,0.184819
10-Apr-2026,29-May-2026,81.1468,0.353071
10-Apr-2026,29-May-2026,86.2185,0.308252
10-Apr-2026,29-May-2026,91.2901,0.277882
10-Apr-2026,29-May-2026,96.3618,0.255908
10-Apr-2026,29-May-2026,101.433,0.237925
10-Apr-2026,29-May-2026,106.505,0.222088
10-Apr-2026,29-May-2026,111.577,0.208214
10-Apr-2026,29-May-2026,116.649,0.197071
10-Apr-2026,29-May-2026,121.72,0.189361
10-Apr-2026,30-Jun-2026,81.1468,0.339464
10-Apr-2026,30-Jun-2026,86.2185,0.311436
10-Apr-2026,30-Jun-2026,91.2901,0.289737
10-Apr-2026,30-Jun-2026,96.3618,0.271845
10-Apr-2026,30-Jun-2026,101.433,0.256234
10-Apr-2026,30-Jun-2026,106.505,0.2422
10-Apr-2026,30-Jun-2026,111.577,0.229621
10-Apr-2026,30-Jun-2026,116.649,0.218765
10-Apr-2026,30-Jun-2026,121.72,0.21004
10-Apr-2026,31-Jul-2026,81.1468,0.338855
10-Apr-2026,31-Jul-2026,86.2185,0.317067
10-Apr-2026,31-Jul-2026,91.2901,0.299037
10-Apr-2026,31-Jul-2026,96.3618,0.283462
10-Apr-2026,31-Jul-2026,101.433,0.269556
10-Apr-2026,31-Jul-2026,106.505,0.256927
10-Apr-2026,31-Jul-2026,111.577,0.245466
10-Apr-2026,31-Jul-2026,116.649,0.235264
10-Apr-2026,31-Jul-2026,121.72,0.226516
10-Apr-2026,31-Aug-2026,81.1468,0.342623
10-Apr-2026,31-Aug-2026,86.2185,0.324158
10-Apr-2026,31-Aug-2026,91.2901,0.308327
10-Apr-2026,31-Aug-2026,96.3618,0.294337
10-Apr-2026,31-Aug-2026,101.433,0.281701
10-Apr-2026,31-Aug-2026,106.505,0.270153
10-Apr-2026,31-Aug-2026,111.577,0.259593
10-Apr-2026,31-Aug-2026,116.649,0.250032
10-Apr-2026,31-Aug-2026,121.72,0.241556
10-Apr-2026,30-Sep-2026,81.1468,0.348028
10-Apr-2026,30-Sep-2026,86.2185,0.331623
10-Apr-2026,30-Sep-2026,91.2901,0.317272
10-Apr-2026,30-Sep-2026,96.3618,0.304431
10-Apr-2026,30-Sep-2026,101.433,0.292752
10-Apr-2026,30-Sep-2026,106.505,0.282035
10-Apr-2026,30-Sep-2026,111.577,0.272184
10-Apr-2026,30-Sep-2026,116.649,0.263177
10-Apr-2026,30-Sep-2026,121.72,0.255041
10-Apr-2026,30-Oct-2026,81.1468,0.35754
10-Apr-2026,30-Oct-2026,86.2185,0.342494
10-Apr-2026,30-Oct-2026,91.2901,0.329165
10-Apr-2026,30-Oct-2026,96.3618,0.31715
10-Apr-2026,30-Oct-2026,101.433,0.306179
10-Apr-2026,30-Oct-2026,106.505,0.296087
10-Apr-2026,30-Oct-2026,111.577,0.286779
10-Apr-2026,30-Oct-2026,116.649,0.278213
10-Apr-2026,30-Oct-2026,121.72,0.270381
10-Apr-2026,30-Nov-2026,81.1468,0.362608
10-Apr-2026,30-Nov-2026,86.2185,0.348786
10-Apr-2026,30-Nov-2026,91.2901,0.336431
10-Apr-2026,30-Nov-2026,96.3618,0.325227
10-Apr-2026,30-Nov-2026,101.433,0.314958
10-Apr-2026,30-Nov-2026,106.505,0.305484
10-Apr-2026,30-Nov-2026,111.577,0.296719
10-Apr-2026,30-Nov-2026,116.649,0.288615
10-Apr-2026,30-Nov-2026,121.72,0.281148
10-Apr-2026,31-Dec-2026,81.1468,0.369153
10-Apr-2026,31-Dec-2026,86.2185,0.356267
10-Apr-2026,31-Dec-2026,91.2901,0.344674
10-Apr-2026,31-Dec-2026,96.3618,0.334118
10-Apr-2026,31-Dec-2026,101.433,0.324417
10-Apr-2026,31-Dec-2026,106.505,0.31545
10-Apr-2026,31-Dec-2026,111.577,0.307133
10-Apr-2026,31-Dec-2026,116.649,0.299417
10-Apr-2026,31-Dec-2026,121.72,0.292269
10-Apr-2026,29-Jan-2027,81.1468,0.374115
10-Apr-2026,29-Jan-2027,86.2185,0.361979
10-Apr-2026,29-Jan-2027,91.2901,0.351012
10-Apr-2026,29-Jan-2027,96.3618,0.340994
10-Apr-2026,29-Jan-2027,101.433,0.331768
10-Apr-2026,29-Jan-2027,106.505,0.323225
10-Apr-2026,29-Jan-2027,111.577,0.315288
10-Apr-2026,29-Jan-2027,116.649,0.307904
10-Apr-2026,29-Jan-2027,121.72,0.30104
10-Apr-2026,26-Feb-2027,81.1468,0.378937
10-Apr-2026,26-Feb-2027,86.2185,0.367416
10-Apr-2026,26-Feb-2027,91.2901,0.356968
10-Apr-2026,26-Feb-2027,96.3618,0.347402
10-Apr-2026,26-Feb-2027,101.433,0.338578
10-Apr-2026,26-Feb-2027,106.505,0.330395
10-Apr-2026,26-Feb-2027,111.577,0.322781
10-Apr-2026,26-Feb-2027,116.649,0.315685
10-Apr-2026,26-Feb-2027,121.72,0.309071
13-Apr-2026,17-Apr-2026,79.3796,0.271671
13-Apr-2026,17-Apr-2026,84.3408,0.210756
13-Apr-2026,17-Apr-2026,89.302,0.196474
13-Apr-2026,17-Apr-2026,94.2632,0.181628
13-Apr-2026,17-Apr-2026,99.2245,0.166171
13-Apr-2026,17-Apr-2026,104.186,0.150792
13-Apr-2026,17-Apr-2026,109.147,0.138249
13-Apr-2026,24-Apr-2026,79.3796,0.54682
13-Apr-2026,24-Apr-2026,84.3408,0.41711
13-Apr-2026,24-Apr-2026,89.302,0.295864
13-Apr-2026,24-Apr-2026,94.2632,0.227077
13-Apr-2026,24-Apr-2026,99.2245,0.201741
13-Apr-2026,24-Apr-2026,104.186,0.183259
13-Apr-2026,24-Apr-2026,109.147,0.168406
13-Apr-2026,24-Apr-2026,114.108,0.159602
13-Apr-2026,24-Apr-2026,119.069,0.156263
13-Apr-2026,30-Apr-2026,79.3796,0.474366
13-Apr-2026,30-Apr-2026,84.3408,0.366081
13-Apr-2026,30-Apr-2026,89.302,0.278224
13-Apr-2026,30-Apr-2026,94.2632,0.233759
13-Apr-2026,30-Apr-2026,99.2245,0.210464
13-Apr-2026,30-Apr-2026,104.186,0.192027
13-Apr-2026,30-Apr-2026,109.147,0.176954
13-Apr-2026,30-Apr-2026,114.108,0.167338
13-Apr-2026,30-Apr-2026,119.069,0.163072
13-Apr-2026,08-May-2026,79.3796,0.420022
13-Apr-2026,08-May-2026,84.3408,0.333779
13-Apr-2026,08-May-2026,89.302,0.273683
13-Apr-2026,08-May-2026,94.2632,0.240724
13-Apr-2026,08-May-2026,99.2245,0.219041
13-Apr-2026,08-May-2026,104.186,0.201042
13-Apr-2026,08-May-2026,109.147,0.186013
13-Apr-2026,08-May-2026,114.108,0.175643
13-Apr-2026,08-May-2026,119.069,0.170278
13-Apr-2026,15-May-2026,79.3796,0.384709
13-Apr-2026,15-May-2026,84.3408,0.314499
13-Apr-2026,15-May-2026,89.302,0.268409
13-Apr-2026,15-May-2026,94.2632,0.240759
13-Apr-2026,15-May-2026,99.2245,0.220648
13-Apr-2026,15-May-2026,104.186,0.203481
13-Apr-2026,15-May-2026,109.147,0.188907
13-Apr-2026,15-May-2026,114.108,0.178358
13-Apr-2026,15-May-2026,119.069,0.172391
13-Apr-2026,29-May-2026,79.3796,0.354188
13-Apr-2026,29-May-2026,84.3408,0.304928
13-Apr-2026,29-May-2026,89.302,0.272029
13-Apr-2026,29-May-2026,94.2632,0.249002
13-Apr-2026,29-May-2026,99.2245,0.230516
13-Apr-2026,29-May-2026,104.186,0.214346
13-Apr-2026,29-May-2026,109.147,0.200313
13-Apr-2026,29-May-2026,114.108,0.189354
13-Apr-2026,29-May-2026,119.069,0.182171
13-Apr-2026,30-Jun-2026,79.3796,0.332713
13-Apr-2026,30-Jun-2026,84.3408,0.303378
13-Apr-2026,30-Jun-2026,89.302,0.281062
13-Apr-2026,30-Jun-2026,94.2632,0.262898
13-Apr-2026,30-Jun-2026,99.2245,0.24714
13-Apr-2026,30-Jun-2026,104.186,0.233005
13-Apr-2026,30-Jun-2026,109.147,0.220386
13-Apr-2026,30-Jun-2026,114.108,0.209629
13-Apr-2026,30-Jun-2026,119.069,0.201198
13-Apr-2026,31-Jul-2026,79.3796,0.336039
13-Apr-2026,31-Jul-2026,84.3408,0.313417
13-Apr-2026,31-Jul-2026,89.302,0.294872
13-Apr-2026,31-Jul-2026,94.2632,0.278965
13-Apr-2026,31-Jul-2026,99.2245,0.264828
13-Apr-2026,31-Jul-2026,104.186,0.252028
13-Apr-2026,31-Jul-2026,109.147,0.240448
13-Apr-2026,31-Jul-2026,114.108,0.230193
13-Apr-2026,31-Jul-2026,119.069,0.22148
13-Apr-2026,31-Aug-2026,79.3796,0.33995
13-Apr-2026,31-Aug-2026,84.3408,0.32097
13-Apr-2026,31-Aug-2026,89.302,0.304799
13-Apr-2026,31-Aug-2026,94.2632,0.290577
13-Apr-2026,31-Aug-2026,99.2245,0.277772
13-Apr-2026,31-Aug-2026,104.186,0.266098
13-Apr-2026,31-Aug-2026,109.147,0.255446
13-Apr-2026,31-Aug-2026,114.108,0.245831
13-Apr-2026,31-Aug-2026,119.069,0.237346
13-Apr-2026,30-Sep-2026,79.3796,0.345645
13-Apr-2026,30-Sep-2026,84.3408,0.328881
13-Apr-2026,30-Sep-2026,89.302,0.314283
13-Apr-2026,30-Sep-2026,94.2632,0.301266
13-Apr-2026,30-Sep-2026,99.2245,0.289458
13-Apr-2026,30-Sep-2026,104.186,0.278645
13-Apr-2026,30-Sep-2026,109.147,0.268721
13-Apr-2026,30-Sep-2026,114.108,0.259666
13-Apr-2026,30-Sep-2026,119.069,0.251509
13-Apr-2026,30-Oct-2026,79.3796,0.353608
13-Apr-2026,30-Oct-2026,84.3408,0.338357
13-Apr-2026,30-Oct-2026,89.302,0.324893
13-Apr-2026,30-Oct-2026,94.2632,0.312785
13-Apr-2026,30-Oct-2026,99.2245,0.30175
13-Apr-2026,30-Oct-2026,104.186,0.291611
13-Apr-2026,30-Oct-2026,109.147,0.282272
13-Apr-2026,30-Oct-2026,114.108,0.273689
13-Apr-2026,30-Oct-2026,119.069,0.265857
13-Apr-2026,30-Nov-2026,79.3796,0.359181
13-Apr-2026,30-Nov-2026,84.3408,0.345204
13-Apr-2026,30-Nov-2026,89.302,0.332743
13-Apr-2026,30-Nov-2026,94.2632,0.321465
13-Apr-2026,30-Nov-2026,99.2245,0.311144
13-Apr-2026,30-Nov-2026,104.186,0.301634
13-Apr-2026,30-Nov-2026,109.147,0.292844
13-Apr-2026,30-Nov-2026,114.108,0.284725
13-Apr-2026,30-Nov-2026,119.069,0.277255
13-Apr-2026,31-Dec-2026,79.3796,0.367765
13-Apr-2026,31-Dec-2026,84.3408,0.354711
13-Apr-2026,31-Dec-2026,89.302,0.342995
13-Apr-2026,31-Dec-2026,94.2632,0.332347
13-Apr-2026,31-Dec-2026,99.2245,0.322577
13-Apr-2026,31-Dec-2026,104.186,0.313557
13-Apr-2026,31-Dec-2026,109.147,0.3052
13-Apr-2026,31-Dec-2026,114.108,0.297453
13-Apr-2026,31-Dec-2026,119.069,0.290284
13-Apr-2026,29-Jan-2027,79.3796,0.372969
13-Apr-2026,29-Jan-2027,84.3408,0.360694
13-Apr-2026,29-Jan-2027,89.302,0.349624
13-Apr-2026,29-Jan-2027,94.2632,0.339529
13-Apr-2026,29-Jan-2027,99.2245,0.330245
13-Apr-2026,29-Jan-2027,104.186,0.321657
13-Apr-2026,29-Jan-2027,109.147,0.313686
13-Apr-2026,29-Jan-2027,114.108,0.306277
13-Apr-2026,29-Jan-2027,119.069,0.299394
13-Apr-2026,26-Feb-2027,79.3796,0.376688
13-Apr-2026,26-Feb-2027,84.3408,0.365079
13-Apr-2026,26-Feb-2027,89.302,0.354569
13-Apr-2026,26-Feb-2027,94.2632,0.344958
13-Apr-2026,26-Feb-2027,99.2245,0.336103
13-Apr-2026,26-Feb-2027,104.186,0.327898
13-Apr-2026,26-Feb-2027,109.147,0.320269
13-Apr-2026,26-Feb-2027,114.108,0.313164
13-Apr-2026,26-Feb-2027,119.069,0.306544
14-Apr-2026,17-Apr-2026,78.13,0.325663
14-Apr-2026,17-Apr-2026,83.0132,0.237721
14-Apr-2026,17-Apr-2026,87.8963,0.191332
14-Apr-2026,17-Apr-2026,92.7794,0.176065
14-Apr-2026,17-Apr-2026,97.6625,0.160045
14-Apr-2026,17-Apr-2026,102.546,0.144083
14-Apr-2026,24-Apr-2026,78.13,0.574257
14-Apr-2026,24-Apr-2026,83.0132,0.437944
14-Apr-2026,24-Apr-2026,87.8963,0.307538
14-Apr-2026,24-Apr-2026,92.7794,0.225765
14-Apr-2026,24-Apr-2026,97.6625,0.197642
14-Apr-2026,24-Apr-2026,102.546,0.178209
14-Apr-2026,24-Apr-2026,107.429,0.163149
14-Apr-2026,24-Apr-2026,112.312,0.155089
14-Apr-2026,24-Apr-2026,117.195,0.152693
14-Apr-2026,30-Apr-2026,78.13,0.489643
14-Apr-2026,30-Apr-2026,83.0132,0.37696
14-Apr-2026,30-Apr-2026,87.8963,0.281214
14-Apr-2026,30-Apr-2026,92.7794,0.230728
14-Apr-2026,30-Apr-2026,97.6625,0.205789
14-Apr-2026,30-Apr-2026,102.546,0.186548
14-Apr-2026,30-Apr-2026,107.429,0.171252
14-Apr-2026,30-Apr-2026,112.312,0.162238
14-Apr-2026,30-Apr-2026,117.195,0.158827
14-Apr-2026,08-May-2026,78.13,0.428898
14-Apr-2026,08-May-2026,83.0132,0.338484
14-Apr-2026,08-May-2026,87.8963,0.272858
14-Apr-2026,08-May-2026,92.7794,0.236954
14-Apr-2026,08-May-2026,97.6625,0.214143
14-Apr-2026,08-May-2026,102.546,0.19548
14-Apr-2026,08-May-2026,107.429,0.18021
14-Apr-2026,08-May-2026,112.312,0.170262
14-Apr-2026,08-May-2026,117.195,0.165631
14-Apr-2026,15-May-2026,78.13,0.390404
14-Apr-2026,15-May-2026,83.0132,0.316249
14-Apr-2026,15-May-2026,87.8963,0.266241
14-Apr-2026,15-May-2026,92.7794,0.236679
14-Apr-2026,15-May-2026,97.6625,0.215699
14-Apr-2026,15-May-2026,102.546,0.197976
14-Apr-2026,15-May-2026,107.429,0.183171
14-Apr-2026,15-May-2026,112.312,0.172929
14-Apr-2026,15-May-2026,117.195,0.167593
14-Apr-2026,29-May-2026,78.13,0.356198
14-Apr-2026,29-May-2026,83.0132,0.303977
14-Apr-2026,29-May-2026,87.8963,0.268977
14-Apr-2026,29-May-2026,92.7794,0.244862
14-Apr-2026,29-May-2026,97.6625,0.225759
14-Apr-2026,29-May-2026,102.546,0.209164
14-Apr-2026,29-May-2026,107.429,0.194913
14-Apr-2026,29-May-2026,112.312,0.184082
14-Apr-2026,29-May-2026,117.195,0.177328
14-Apr-2026,30-Jun-2026,78.13,0.331537
14-Apr-2026,30-Jun-2026,83.0132,0.300894
14-Apr-2026,30-Jun-2026,87.8963,0.277752
14-Apr-2026,30-Jun-2026,92.7794,0.259078
14-Apr-2026,30-Jun-2026,97.6625,0.242975
14-Apr-2026,30-Jun-2026,102.546,0.22859
14-Apr-2026,30-Jun-2026,107.429,0.215814
14-Apr-2026,30-Jun-2026,112.312,0.205033
14-Apr-2026,30-Jun-2026,117.195,0.19674
14-Apr-2026,31-Jul-2026,78.13,0.334149
14-Apr-2026,31-Jul-2026,83.0132,0.310819
14-Apr-2026,31-Jul-2026,87.8963,0.291804
14-Apr-2026,31-Jul-2026,92.7794,0.275581
14-Apr-2026,31-Jul-2026,97.6625,0.261219
14-Apr-2026,31-Jul-2026,102.546,0.248254
14-Apr-2026,31-Jul-2026,107.429,0.236561
14-Apr-2026,31-Jul-2026,112.312,0.226255
14-Apr-2026,31-Jul-2026,117.195,0.217568
14-Apr-2026,31-Aug-2026,78.13,0.337907
14-Apr-2026,31-Aug-2026,83.0132,0.318483
14-Apr-2026,31-Aug-2026,87.8963,0.302006
14-Apr-2026,31-Aug-2026,92.7794,0.28757
14-Apr-2026,31-Aug-2026,97.6625,0.27461
14-Apr-2026,31-Aug-2026,102.546,0.262821
14-Apr-2026,31-Aug-2026,107.429,0.252087
14-Apr-2026,31-Aug-2026,112.312,0.242426
14-Apr-2026,31-Aug-2026,117.195,0.233934
14-Apr-2026,30-Sep-2026,78.13,0.343642
14-Apr-2026,30-Sep-2026,83.0132,0.326568
14-Apr-2026,30-Sep-2026,87.8963,0.311752
14-Apr-2026,30-Sep-2026,92.7794,0.29858
14-Apr-2026,30-Sep-2026,97.6625,0.286658
14-Apr-2026,30-Sep-2026,102.546,0.27576
14-Apr-2026,30-Sep-2026,107.429,0.265777
14-Apr-2026,30-Sep-2026,112.312,0.256683
14-Apr-2026,30-Sep-2026,117.195,0.248511
14-Apr-2026,30-Oct-2026,78.13,0.351721
14-Apr-2026,30-Oct-2026,83.0132,0.336242
14-Apr-2026,30-Oct-2026,87.8963,0.322615
14-Apr-2026,30-Oct-2026,92.7794,0.310388
14-Apr-2026,30-Oct-2026,97.6625,0.299266
14-Apr-2026,30-Oct-2026,102.546,0.289064
14-Apr-2026,30-Oct-2026,107.429,0.279678
14-Apr-2026,30-Oct-2026,112.312,0.271064
14-Apr-2026,30-Oct-2026,117.195,0.263215
14-Apr-2026,30-Nov-2026,78.13,0.357413
14-Apr-2026,30-Nov-2026,83.0132,0.343263
14-Apr-2026,30-Nov-2026,87.8963,0.330677
14-Apr-2026,30-Nov-2026,92.7794,0.319308
14-Apr-2026,30-Nov-2026,97.6625,0.30892
14-Apr-2026,30-Nov-2026,102.546,0.299361
14-Apr-2026,30-Nov-2026,107.429,0.290535
14-Apr-2026,30-Nov-2026,112.312,0.282392
14-Apr-2026,30-Nov-2026,117.195,0.274907
14-Apr-2026,31-Dec-2026,78.13,0.366142
14-Apr-2026,31-Dec-2026,83.0132,0.352952
14-Apr-2026,31-Dec-2026,87.8963,0.341137
14-Apr-2026,31-Dec-2026,92.7794,0.330415
14-Apr-2026,31-Dec-2026,97.6625,0.320592
14-Apr-2026,31-Dec-2026,102.546,0.311532
14-Apr-2026,31-Dec-2026,107.429,0.303147
14-Apr-2026,31-Dec-2026,112.312,0.295381
14-Apr-2026,31-Dec-2026,117.195,0.2882
14-Apr-2026,29-Jan-2027,78.13,0.371456
14-Apr-2026,29-Jan-2027,83.0132,0.35907
14-Apr-2026,29-Jan-2027,87.8963,0.347918
14-Apr-2026,29-Jan-2027,92.7794,0.337763
14-Apr-2026,29-Jan-2027,97.6625,0.328436
14-Apr-2026,29-Jan-2027,102.546,0.319816
14-Apr-2026,29-Jan-2027,107.429,0.311822
14-Apr-2026,29-Jan-2027,112.312,0.304397
14-Apr-2026,29-Jan-2027,117.195,0.297504
14-Apr-2026,26-Feb-2027,78.13,0.375266
14-Apr-2026,26-Feb-2027,83.0132,0.363564
14-Apr-2026,26-Feb-2027,87.8963,0.352986
14-Apr-2026,26-Feb-2027,92.7794,0.343326
14-Apr-2026,26-Feb-2027,97.6625,0.334434
14-Apr-2026,26-Feb-2027,102.546,0.326203
14-Apr-2026,26-Feb-2027,107.429,0.318556
14-Apr-2026,26-Feb-2027,112.312,0.311438
14-Apr-2026,26-Feb-2027,117.195,0.30481
15-Apr-2026,17-Apr-2026,83.8866,0.282587
15-Apr-2026,17-Apr-2026,88.8211,0.191046
15-Apr-2026,17-Apr-2026,93.7556,0.175859
15-Apr-2026,17-Apr-2026,98.6901,0.15972
15-Apr-2026,17-Apr-2026,103.625,0.143619
15-Apr-2026,24-Apr-2026,78.9521,0.605707
15-Apr-2026,24-Apr-2026,83.8866,0.461871
15-Apr-2026,24-Apr-2026,88.8211,0.322483
15-Apr-2026,24-Apr-2026,93.7556,0.227271
15-Apr-2026,24-Apr-2026,98.6901,0.195634
15-Apr-2026,24-Apr-2026,103.625,0.174745
15-Apr-2026,24-Apr-2026,108.559,0.159231
15-Apr-2026,24-Apr-2026,113.494,0.15203
15-Apr-2026,24-Apr-2026,118.428,0.149436
15-Apr-2026,30-Apr-2026,78.9521,0.506056
15-Apr-2026,30-Apr-2026,83.8866,0.388949
15-Apr-2026,30-Apr-2026,88.8211,0.28515
15-Apr-2026,30-Apr-2026,93.7556,0.226731
15-Apr-2026,30-Apr-2026,98.6901,0.19889
15-Apr-2026,30-Apr-2026,103.625,0.177652
15-Apr-2026,30-Apr-2026,108.559,0.161736
15-Apr-2026,30-Apr-2026,113.494,0.154144
15-Apr-2026,30-Apr-2026,118.428,0.152481
15-Apr-2026,08-May-2026,78.9521,0.438048
15-Apr-2026,08-May-2026,83.8866,0.343006
15-Apr-2026,08-May-2026,88.8211,0.26939
15-Apr-2026,08-May-2026,93.7556,0.227739
15-Apr-2026,08-May-2026,98.6901,0.201734
15-Apr-2026,08-May-2026,103.625,0.180363
15-Apr-2026,08-May-2026,108.559,0.164097
15-Apr-2026,08-May-2026,113.494,0.156043
15-Apr-2026,08-May-2026,118.428,0.154011
15-Apr-2026,15-May-2026,78.9521,0.395844
15-Apr-2026,15-May-2026,83.8866,0.316137
15-Apr-2026,15-May-2026,88.8211,0.25863
15-Apr-2026,15-May-2026,93.7556,0.224062
15-Apr-2026,15-May-2026,98.6901,0.199679
15-Apr-2026,15-May-2026,103.625,0.178843
15-Apr-2026,15-May-2026,108.559,0.162741
15-Apr-2026,15-May-2026,113.494,0.154536
15-Apr-2026,15-May-2026,118.428,0.152284
15-Apr-2026,29-May-2026,78.9521,0.355511
15-Apr-2026,29-May-2026,83.8866,0.296261
15-Apr-2026,29-May-2026,88.8211,0.254518
15-Apr-2026,29-May-2026,93.7556,0.225544
15-Apr-2026,29-May-2026,98.6901,0.202325
15-Apr-2026,29-May-2026,103.625,0.181741
15-Apr-2026,29-May-2026,108.559,0.165439
15-Apr-2026,29-May-2026,113.494,0.156597
15-Apr-2026,29-May-2026,118.428,0.15375
15-Apr-2026,30-Jun-2026,78.9521,0.318205
15-Apr-2026,30-Jun-2026,83.8866,0.28035
15-Apr-2026,30-Jun-2026,88.8211,0.251099
15-Apr-2026,30-Jun-2026,93.7556,0.227117
15-Apr-2026,30-Jun-2026,98.6901,0.205808
15-Apr-2026,30-Jun-2026,103.625,0.186257
15-Apr-2026,30-Jun-2026,108.559,0.170071
15-Apr-2026,30-Jun-2026,113.494,0.1601
15-Apr-2026,30-Jun-2026,118.428,0.155968
15-Apr-2026,31-Jul-2026,78.9521,0.310071
15-Apr-2026,31-Jul-2026,83.8866,0.279704
15-Apr-2026,31-Jul-2026,88.8211,0.254422
15-Apr-2026,31-Jul-2026,93.7556,0.232305
15-Apr-2026,31-Jul-2026,98.6901,0.212021
15-Apr-2026,31-Jul-2026,103.625,0.193237
15-Apr-2026,31-Jul-2026,108.559,0.177205
15-Apr-2026,31-Jul-2026,113.494,0.166224
15-Apr-2026,31-Jul-2026,118.428,0.160715
15-Apr-2026,31-Aug-2026,78.9521,0.30494
15-Apr-2026,31-Aug-2026,83.8866,0.278607
15-Apr-2026,31-Aug-2026,88.8211,0.255743
15-Apr-2026,31-Aug-2026,93.7556,0.235116
15-Apr-2026,31-Aug-2026,98.6901,0.215935
15-Apr-2026,31-Aug-2026,103.625,0.198093
15-Apr-2026,31-Aug-2026,108.559,0.182536
15-Apr-2026,31-Aug-2026,113.494,0.171029
15-Apr-2026,31-Aug-2026,118.428,0.16438
15-Apr-2026,30-Sep-2026,78.9521,0.303024
15-Apr-2026,30-Sep-2026,83.8866,0.279081
15-Apr-2026,30-Sep-2026,88.8211,0.257772
15-Apr-2026,30-Sep-2026,93.7556,0.238242
15-Apr-2026,30-Sep-2026,98.6901,0.219973
15-Apr-2026,30-Sep-2026,103.625,0.20295
15-Apr-2026,30-Sep-2026,108.559,0.187881
15-Apr-2026,30-Sep-2026,113.494,0.176101
15-Apr-2026,30-Sep-2026,118.428,0.168523
15-Apr-2026,30-Oct-2026,78.9521,0.303897
15-Apr-2026,30-Oct-2026,83.8866,0.281521
15-Apr-2026,30-Oct-2026,88.8211,0.261296
15-Apr-2026,30-Oct-2026,93.7556,0.242598
15-Apr-2026,30-Oct-2026,98.6901,0.225072
15-Apr-2026,30-Oct-2026,103.625,0.208733
15-Apr-2026,30-Oct-2026,108.559,0.194105
15-Apr-2026,30-Oct-2026,113.494,0.182179
15-Apr-2026,30-Oct-2026,118.428,0.173817
15-Apr-2026,30-Nov-2026,78.9521,0.303348
15-Apr-2026,30-Nov-2026,83.8866,0.282353
15-Apr-2026,30-Nov-2026,88.8211,0.263179
15-Apr-2026,30-Nov-2026,93.7556,0.245356
15-Apr-2026,30-Nov-2026,98.6901,0.228626
15-Apr-2026,30-Nov-2026,103.625,0.213016
15-Apr-2026,30-Nov-2026,108.559,0.198918
15-Apr-2026,30-Nov-2026,113.494,0.187073
15-Apr-2026,30-Nov-2026,118.428,0.178225
15-Apr-2026,31-Dec-2026,78.9521,0.305814
15-Apr-2026,31-Dec-2026,83.8866,0.285769
15-Apr-2026,31-Dec-2026,88.8211,0.267344
15-Apr-2026,31-Dec-2026,93.7556,0.25017
15-Apr-2026,31-Dec-2026,98.6901,0.234052
15-Apr-2026,31-Dec-2026,103.625,0.219013
15-Apr-2026,31-Dec-2026,108.559,0.205337
15-Apr-2026,31-Dec-2026,113.494,0.193568
15-Apr-2026,31-Dec-2026,118.428,0.184312
15-Apr-2026,29-Jan-2027,78.9521,0.306319
15-Apr-2026,29-Jan-2027,83.8866,0.287148
15-Apr-2026,29-Jan-2027,88.8211,0.269449
15-Apr-2026,29-Jan-2027,93.7556,0.252921
15-Apr-2026,29-Jan-2027,98.6901,0.237408
15-Apr-2026,29-Jan-2027,103.625,0.222925
15-Apr-2026,29-Jan-2027,108.559,0.209689
15-Apr-2026,29-Jan-2027,113.494,0.198117
15-Apr-2026,29-Jan-2027,118.428,0.188702
15-Apr-2026,26-Feb-2027,78.9521,0.30615
15-Apr-2026,26-Feb-2027,83.8866,0.28776
15-Apr-2026,26-Feb-2027,88.8211,0.27073
15-Apr-2026,26-Feb-2027,93.7556,0.254807
15-Apr-2026,26-Feb-2027,98.6901,0.239857
15-Apr-2026,26-Feb-2027,103.625,0.225892
15-Apr-2026,26-Feb-2027,108.559,0.213079
15-Apr-2026,26-Feb-2027,113.494,0.201745
15-Apr-2026,26-Feb-2027,118.428,0.192295
16-Apr-2026,17-Apr-2026,78.7261,0.57222
16-Apr-2026,17-Apr-2026,83.6465,0.417975
16-Apr-2026,17-Apr-2026,88.5668,0.27494
16-Apr-2026,17-Apr-2026,93.4872,0.172472
16-Apr-2026,17-Apr-2026,98.4076,0.15592
16-Apr-2026,17-Apr-2026,103.328,0.185655
16-Apr-2026,24-Apr-2026,78.7261,0.642111
16-Apr-2026,24-Apr-2026,83.6465,0.48955
16-Apr-2026,24-Apr-2026,88.5668,0.340464
16-Apr-2026,24-Apr-2026,93.4872,0.229974
16-Apr-2026,24-Apr-2026,98.4076,0.1943
16-Apr-2026,24-Apr-2026,103.328,0.172277
16-Apr-2026,24-Apr-2026,108.248,0.156645
16-Apr-2026,24-Apr-2026,113.169,0.150266
16-Apr-2026,30-Apr-2026,78.7261,0.523518
16-Apr-2026,30-Apr-2026,83.6465,0.401963
16-Apr-2026,30-Apr-2026,88.5668,0.291188
16-Apr-2026,30-Apr-2026,93.4872,0.225609
16-Apr-2026,30-Apr-2026,98.4076,0.19564
16-Apr-2026,30-Apr-2026,103.328,0.17331
16-Apr-2026,30-Apr-2026,108.248,0.157357
16-Apr-2026,30-Apr-2026,113.169,0.150761
16-Apr-2026,30-Apr-2026,118.089,0.150039
16-Apr-2026,08-May-2026,78.7261,0.447444
16-Apr-2026,08-May-2026,83.6465,0.349029
16-Apr-2026,08-May-2026,88.5668,0.270159
16-Apr-2026,08-May-2026,93.4872,0.224811
16-Apr-2026,08-May-2026,98.4076,0.197157
16-Apr-2026,08-May-2026,103.328,0.174609
16-Apr-2026,08-May-2026,108.248,0.158309
16-Apr-2026,08-May-2026,113.169,0.151429
16-Apr-2026,08-May-2026,118.089,0.150508
16-Apr-2026,15-May-2026,78.7261,0.401864
16-Apr-2026,15-May-2026,83.6465,0.319019
16-Apr-2026,15-May-2026,88.5668,0.257413
16-Apr-2026,15-May-2026,93.4872,0.22024
16-Apr-2026,15-May-2026,98.4076,0.194365
16-Apr-2026,15-May-2026,103.328,0.172297
16-Apr-2026,15-May-2026,108.248,0.156144
16-Apr-2026,15-May-2026,113.169,0.14921
16-Apr-2026,15-May-2026,118.089,0.148175
16-Apr-2026,29-May-2026,78.7261,0.357959
16-Apr-2026,29-May-2026,83.6465,0.295928
16-Apr-2026,29-May-2026,88.5668,0.251455
16-Apr-2026,29-May-2026,93.4872,0.220588
16-Apr-2026,29-May-2026,98.4076,0.195837
16-Apr-2026,29-May-2026,103.328,0.173786
16-Apr-2026,29-May-2026,108.248,0.157317
16-Apr-2026,29-May-2026,113.169,0.149953
16-Apr-2026,29-May-2026,118.089,0.148593
16-Apr-2026,30-Jun-2026,78.7261,0.31701
16-Apr-2026,30-Jun-2026,83.6465,0.27716
16-Apr-2026,30-Jun-2026,88.5668,0.246092
16-Apr-2026,30-Jun-2026,93.4872,0.220433
16-Apr-2026,30-Jun-2026,98.4076,0.197313
16-Apr-2026,30-Jun-2026,103.328,0.175831
16-Apr-2026,30-Jun-2026,108.248,0.1591
16-Apr-2026,30-Jun-2026,113.169,0.150839
16-Apr-2026,30-Jun-2026,118.089,0.148743
16-Apr-2026,31-Jul-2026,78.7261,0.307231
16-Apr-2026,31-Jul-2026,83.6465,0.275132
16-Apr-2026,31-Jul-2026,88.5668,0.248114
16-Apr-2026,31-Jul-2026,93.4872,0.224149
16-Apr-2026,31-Jul-2026,98.4076,0.201716
16-Apr-2026,31-Jul-2026,103.328,0.180615
16-Apr-2026,31-Jul-2026,108.248,0.163585
16-Apr-2026,31-Jul-2026,113.169,0.154239
16-Apr-2026,31-Jul-2026,118.089,0.151243
16-Apr-2026,31-Aug-2026,78.7261,0.301047
16-Apr-2026,31-Aug-2026,83.6465,0.273032
16-Apr-2026,31-Aug-2026,88.5668,0.248368
16-Apr-2026,31-Aug-2026,93.4872,0.225712
16-Apr-2026,31-Aug-2026,98.4076,0.204141
16-Apr-2026,31-Aug-2026,103.328,0.183747
16-Apr-2026,31-Aug-2026,108.248,0.166801
16-Apr-2026,31-Aug-2026,113.169,0.156592
16-Apr-2026,31-Aug-2026,118.089,0.152692
16-Apr-2026,30-Sep-2026,78.7261,0.29833
16-Apr-2026,30-Sep-2026,83.6465,0.272662
16-Apr-2026,30-Sep-2026,88.5668,0.24944
16-Apr-2026,30-Sep-2026,93.4872,0.227709
16-Apr-2026,30-Sep-2026,98.4076,0.206873
16-Apr-2026,30-Sep-2026,103.328,0.187139
16-Apr-2026,30-Sep-2026,108.248,0.170364
16-Apr-2026,30-Sep-2026,113.169,0.159426
16-Apr-2026,30-Sep-2026,118.089,0.154594
16-Apr-2026,30-Oct-2026,78.7261,0.298483
16-Apr-2026,30-Oct-2026,83.6465,0.274289
16-Apr-2026,30-Oct-2026,88.5668,0.252012
16-Apr-2026,30-Oct-2026,93.4872,0.230951
16-Apr-2026,30-Oct-2026,98.4076,0.210711
16-Apr-2026,30-Oct-2026,103.328,0.191542
16-Apr-2026,30-Oct-2026,108.248,0.174937
16-Apr-2026,30-Oct-2026,113.169,0.163338
16-Apr-2026,30-Oct-2026,118.089,0.157505
16-Apr-2026,30-Nov-2026,78.7261,0.297291
16-Apr-2026,30-Nov-2026,83.6465,0.274389
16-Apr-2026,30-Nov-2026,88.5668,0.253054
16-Apr-2026,30-Nov-2026,93.4872,0.232755
16-Apr-2026,30-Nov-2026,98.4076,0.213229
16-Apr-2026,30-Nov-2026,103.328,0.194732
16-Apr-2026,30-Nov-2026,108.248,0.178469
16-Apr-2026,30-Nov-2026,113.169,0.166473
16-Apr-2026,30-Nov-2026,118.089,0.159773
16-Apr-2026,31-Dec-2026,78.7261,0.299108
16-Apr-2026,31-Dec-2026,83.6465,0.277045
16-Apr-2026,31-Dec-2026,88.5668,0.256336
16-Apr-2026,31-Dec-2026,93.4872,0.236575
16-Apr-2026,31-Dec-2026,98.4076,0.217584
16-Apr-2026,31-Dec-2026,103.328,0.199604
16-Apr-2026,31-Dec-2026,108.248,0.183595
16-Apr-2026,31-Dec-2026,113.169,0.171216
16-Apr-2026,31-Dec-2026,118.089,0.163608
16-Apr-2026,29-Jan-2027,78.7261,0.29909
16-Apr-2026,29-Jan-2027,83.6465,0.277823
16-Apr-2026,29-Jan-2027,88.5668,0.257765
16-Apr-2026,29-Jan-2027,93.4872,0.238591
16-Apr-2026,29-Jan-2027,98.4076,0.220177
16-Apr-2026,29-Jan-2027,103.328,0.202744
16-Apr-2026,29-Jan-2027,108.248,0.18708
16-Apr-2026,29-Jan-2027,113.169,0.174565
16-Apr-2026,29-Jan-2027,118.089,0.166334
16-Apr-2026,26-Feb-2027,78.7261,0.298473
16-Apr-2026,26-Feb-2027,83.6465,0.277929
16-Apr-2026,26-Feb-2027,88.5668,0.25849
16-Apr-2026,26-Feb-2027,93.4872,0.239888
16-Apr-2026,26-Feb-2027,98.4076,0.222033
16-Apr-2026,26-Feb-2027,103.328,0.205126
16-Apr-2026,26-Feb-2027,108.248,0.189829
16-Apr-2026,26-Feb-2027,113.169,0.1773
16-Apr-2026,26-Feb-2027,118.089,0.168616
17-Apr-2026,24-Apr-2026,77.9004,0.685977
17-Apr-2026,24-Apr-2026,82.7692,0.522916
17-Apr-2026,24-Apr-2026,87.6379,0.363271
17-Apr-2026,24-Apr-2026,92.5067,0.242899
17-Apr-2026,24-Apr-2026,97.3755,0.20565
17-Apr-2026,24-Apr-2026,102.244,0.183676
17-Apr-2026,24-Apr-2026,107.113,0.167415
17-Apr-2026,24-Apr-2026,111.982,0.15977
17-Apr-2026,24-Apr-2026,116.851,0.169369
17-Apr-2026,30-Apr-2026,77.9004,0.542887
17-Apr-2026,30-Apr-2026,82.7692,0.416752
17-Apr-2026,30-Apr-2026,87.6379,0.301844
17-Apr-2026,30-Apr-2026,92.5067,0.234662
17-Apr-2026,30-Apr-2026,97.3755,0.204791
17-Apr-2026,30-Apr-2026,102.244,0.182793
17-Apr-2026,30-Apr-2026,107.113,0.166393
17-Apr-2026,30-Apr-2026,111.982,0.158613
17-Apr-2026,30-Apr-2026,116.851,0.156932
17-Apr-2026,08-May-2026,77.9004,0.457647
17-Apr-2026,08-May-2026,82.7692,0.35717
17-Apr-2026,08-May-2026,87.6379,0.277506
17-Apr-2026,08-May-2026,92.5067,0.23249
17-Apr-2026,08-May-2026,97.3755,0.205306
17-Apr-2026,08-May-2026,102.244,0.183231
17-Apr-2026,08-May-2026,107.113,0.166584
17-Apr-2026,08-May-2026,111.982,0.158563
17-Apr-2026,08-May-2026,116.851,0.156689
17-Apr-2026,15-May-2026,77.9004,0.408784
17-Apr-2026,15-May-2026,82.7692,0.325073
17-Apr-2026,15-May-2026,87.6379,0.263739
17-Apr-2026,15-May-2026,92.5067,0.227188
17-Apr-2026,15-May-2026,97.3755,0.201874
17-Apr-2026,15-May-2026,102.244,0.180338
17-Apr-2026,15-May-2026,107.113,0.163901
17-Apr-2026,15-May-2026,111.982,0.155876
17-Apr-2026,15-May-2026,116.851,0.153908
17-Apr-2026,22-May-2026,77.9004,0.385356
17-Apr-2026,22-May-2026,82.7692,0.313787
17-Apr-2026,22-May-2026,87.6379,0.262804
17-Apr-2026,22-May-2026,92.5067,0.229686
17-Apr-2026,22-May-2026,97.3755,0.204646
17-Apr-2026,22-May-2026,102.244,0.182829
17-Apr-2026,22-May-2026,107.113,0.166038
17-Apr-2026,22-May-2026,111.982,0.157699
17-Apr-2026,22-May-2026,116.851,0.155522
17-Apr-2026,29-May-2026,77.9004,0.362544
17-Apr-2026,29-May-2026,82.7692,0.300883
17-Apr-2026,29-May-2026,87.6379,0.257222
17-Apr-2026,29-May-2026,92.5067,0.227053
17-Apr-2026,29-May-2026,97.3755,0.202925
17-Apr-2026,29-May-2026,102.244,0.181461
17-Apr-2026,29-May-2026,107.113,0.164783
17-Apr-2026,29-May-2026,111.982,0.156375
17-Apr-2026,29-May-2026,116.851,0.154086
17-Apr-2026,30-Jun-2026,77.9004,0.32083
17-Apr-2026,30-Jun-2026,82.7692,0.28179
17-Apr-2026,30-Jun-2026,87.6379,0.251459
17-Apr-2026,30-Jun-2026,92.5067,0.226428
17-Apr-2026,30-Jun-2026,97.3755,0.203938
17-Apr-2026,30-Jun-2026,102.244,0.183058
17-Apr-2026,30-Jun-2026,107.113,0.166251
17-Apr-2026,30-Jun-2026,111.982,0.157066
17-Apr-2026,30-Jun-2026,116.851,0.154056
17-Apr-2026,31-Jul-2026,77.9004,0.311176
17-Apr-2026,31-Jul-2026,82.7692,0.279788
17-Apr-2026,31-Jul-2026,87.6379,0.253399
17-Apr-2026,31-Jul-2026,92.5067,0.230016
17-Apr-2026,31-Jul-2026,97.3755,0.20819
17-Apr-2026,31-Jul-2026,102.244,0.187665
17-Apr-2026,31-Jul-2026,107.113,0.170666
17-Apr-2026,31-Jul-2026,111.982,0.160533
17-Apr-2026,31-Jul-2026,116.851,0.156634
17-Apr-2026,31-Aug-2026,77.9004,0.305086
17-Apr-2026,31-Aug-2026,82.7692,0.277685
17-Apr-2026,31-Aug-2026,87.6379,0.253578
17-Apr-2026,31-Aug-2026,92.5067,0.231461
17-Apr-2026,31-Aug-2026,97.3755,0.210458
17-Apr-2026,31-Aug-2026,102.244,0.190597
17-Apr-2026,31-Aug-2026,107.113,0.173761
17-Apr-2026,31-Aug-2026,111.982,0.162919
17-Apr-2026,31-Aug-2026,116.851,0.158155
17-Apr-2026,30-Sep-2026,77.9004,0.302441
17-Apr-2026,30-Sep-2026,82.7692,0.277318
17-Apr-2026,30-Sep-2026,87.6379,0.254605
17-Apr-2026,30-Sep-2026,92.5067,0.233379
17-Apr-2026,30-Sep-2026,97.3755,0.21307
17-Apr-2026,30-Sep-2026,102.244,0.193832
17-Apr-2026,30-Sep-2026,107.113,0.17722
17-Apr-2026,30-Sep-2026,111.982,0.165796
17-Apr-2026,30-Sep-2026,116.851,0.160159
17-Apr-2026,30-Oct-2026,77.9004,0.302656
17-Apr-2026,30-Oct-2026,82.7692,0.278959
17-Apr-2026,30-Oct-2026,87.6379,0.257156
17-Apr-2026,30-Oct-2026,92.5067,0.23657
17-Apr-2026,30-Oct-2026,97.3755,0.216822
17-Apr-2026,30-Oct-2026,102.244,0.198113
17-Apr-2026,30-Oct-2026,107.113,0.181711
17-Apr-2026,30-Oct-2026,111.982,0.169764
17-Apr-2026,30-Oct-2026,116.851,0.163206
17-Apr-2026,30-Nov-2026,77.9004,0.301496
17-Apr-2026,30-Nov-2026,82.7692,0.279051
17-Apr-2026,30-Nov-2026,87.6379,0.258156
17-Apr-2026,30-Nov-2026,92.5067,0.238301
17-Apr-2026,30-Nov-2026,97.3755,0.219231
17-Apr-2026,30-Nov-2026,102.244,0.201162
17-Apr-2026,30-Nov-2026,107.113,0.185123
17-Apr-2026,30-Nov-2026,111.982,0.172897
17-Apr-2026,30-Nov-2026,116.851,0.165568
17-Apr-2026,31-Dec-2026,77.9004,0.30335
17-Apr-2026,31-Dec-2026,82.7692,0.281715
17-Apr-2026,31-Dec-2026,87.6379,0.261421
17-Apr-2026,31-Dec-2026,92.5067,0.242079
17-Apr-2026,31-Dec-2026,97.3755,0.223514
17-Apr-2026,31-Dec-2026,102.244,0.205935
17-Apr-2026,31-Dec-2026,107.113,0.190167
17-Apr-2026,31-Dec-2026,111.982,0.17766
17-Apr-2026,31-Dec-2026,116.851,0.16953
17-Apr-2026,29-Jan-2027,77.9004,0.303345
17-Apr-2026,29-Jan-2027,82.7692,0.282479
17-Apr-2026,29-Jan-2027,87.6379,0.262814
17-Apr-2026,29-Jan-2027,92.5067,0.244036
17-Apr-2026,29-Jan-2027,97.3755,0.226023
17-Apr-2026,29-Jan-2027,102.244,0.208966
17-Apr-2026,29-Jan-2027,107.113,0.193551
17-Apr-2026,29-Jan-2027,111.982,0.180978
17-Apr-2026,29-Jan-2027,116.851,0.172319
17-Apr-2026,26-Feb-2027,77.9004,0.30273
17-Apr-2026,26-Feb-2027,82.7692,0.282565
17-Apr-2026,26-Feb-2027,87.6379,0.263498
17-Apr-2026,26-Feb-2027,92.5067,0.245271
17-Apr-2026,26-Feb-2027,97.3755,0.227794
17-Apr-2026,26-Feb-2027,102.244,0.211244
17-Apr-2026,26-Feb-2027,107.113,0.196196
17-Apr-2026,26-Feb-2027,111.982,0.183661
17-Apr-2026,26-Feb-2027,116.851,0.174632
20-Apr-2026,24-Apr-2026,78.7377,0.28332
20-Apr-2026,24-Apr-2026,83.6588,0.208201
20-Apr-2026,24-Apr-2026,88.5799,0.191225
20-Apr-2026,24-Apr-2026,93.501,0.175871
20-Apr-2026,24-Apr-2026,98.4221,0.159727
20-Apr-2026,24-Apr-2026,103.343,0.143609
20-Apr-2026,24-Apr-2026,108.264,0.131171
20-Apr-2026,24-Apr-2026,113.185,0.169729
20-Apr-2026,24-Apr-2026,118.107,0.220653
20-Apr-2026,30-Apr-2026,78.7377,0.587369
20-Apr-2026,30-Apr-2026,83.6588,0.448622
20-Apr-2026,30-Apr-2026,88.5799,0.31587
20-Apr-2026,30-Apr-2026,93.501,0.230356
20-Apr-2026,30-Apr-2026,98.4221,0.199129
20-Apr-2026,30-Apr-2026,103.343,0.177552
20-Apr-2026,30-Apr-2026,108.264,0.161653
20-Apr-2026,30-Apr-2026,113.185,0.154446
20-Apr-2026,30-Apr-2026,118.107,0.153133
20-Apr-2026,08-May-2026,78.7377,0.459037
20-Apr-2026,08-May-2026,83.6588,0.353641
20-Apr-2026,08-May-2026,88.5799,0.265228
20-Apr-2026,08-May-2026,93.501,0.217815
20-Apr-2026,08-May-2026,98.4221,0.192298
20-Apr-2026,08-May-2026,103.343,0.17163
20-Apr-2026,08-May-2026,108.264,0.156159
20-Apr-2026,08-May-2026,113.185,0.149055
20-Apr-2026,08-May-2026,118.107,0.1477
20-Apr-2026,15-May-2026,78.7377,0.417256
20-Apr-2026,15-May-2026,83.6588,0.327979
20-Apr-2026,15-May-2026,88.5799,0.26083
20-Apr-2026,15-May-2026,93.501,0.222528
20-Apr-2026,15-May-2026,98.4221,0.197287
20-Apr-2026,15-May-2026,103.343,0.175961
20-Apr-2026,15-May-2026,108.264,0.159907
20-Apr-2026,15-May-2026,113.185,0.15242
20-Apr-2026,15-May-2026,118.107,0.150857
20-Apr-2026,22-May-2026,78.7377,0.380806
20-Apr-2026,22-May-2026,83.6588,0.305647
20-Apr-2026,22-May-2026,88.5799,0.252361
20-Apr-2026,22-May-2026,93.501,0.219646
20-Apr-2026,22-May-2026,98.4221,0.195596
20-Apr-2026,22-May-2026,103.343,0.174586
20-Apr-2026,22-May-2026,108.264,0.158611
20-Apr-2026,22-May-2026,113.185,0.151052
20-Apr-2026,22-May-2026,118.107,0.14938
20-Apr-2026,29-May-2026,78.7377,0.363984
20-Apr-2026,29-May-2026,83.6588,0.299087
20-Apr-2026,29-May-2026,88.5799,0.253482
20-Apr-2026,29-May-2026,93.501,0.222942
20-Apr-2026,29-May-2026,98.4221,0.198901
20-Apr-2026,29-May-2026,103.343,0.177546
20-Apr-2026,29-May-2026,108.264,0.161186
20-Apr-2026,29-May-2026,113.185,0.153298
20-Apr-2026,29-May-2026,118.107,0.15142
20-Apr-2026,30-Jun-2026,78.7377,0.318016
20-Apr-2026,30-Jun-2026,83.6588,0.278284
20-Apr-2026,30-Jun-2026,88.5799,0.247767
20-Apr-2026,30-Jun-2026,93.501,0.222782
20-Apr-2026,30-Jun-2026,98.4221,0.200349
20-Apr-2026,30-Jun-2026,103.343,0.1795
20-Apr-2026,30-Jun-2026,108.264,0.162938
20-Apr-2026,30-Jun-2026,113.185,0.154252
20-Apr-2026,30-Jun-2026,118.107,0.151665
20-Apr-2026,31-Jul-2026,78.7377,0.304807
20-Apr-2026,31-Jul-2026,83.6588,0.273618
20-Apr-2026,31-Jul-2026,88.5799,0.247574
20-Apr-2026,31-Jul-2026,93.501,0.224535
20-Apr-2026,31-Jul-2026,98.4221,0.202971
20-Apr-2026,31-Jul-2026,103.343,0.182646
20-Apr-2026,31-Jul-2026,108.264,0.166012
20-Apr-2026,31-Jul-2026,113.185,0.156489
20-Apr-2026,31-Jul-2026,118.107,0.153115
20-Apr-2026,31-Aug-2026,78.7377,0.299274
20-Apr-2026,31-Aug-2026,83.6588,0.272148
20-Apr-2026,31-Aug-2026,88.5799,0.248343
20-Apr-2026,31-Aug-2026,93.501,0.226487
20-Apr-2026,31-Aug-2026,98.4221,0.205669
20-Apr-2026,31-Aug-2026,103.343,0.185952
20-Apr-2026,31-Aug-2026,108.264,0.169406
20-Apr-2026,31-Aug-2026,113.185,0.159113
20-Apr-2026,31-Aug-2026,118.107,0.15488
20-Apr-2026,30-Sep-2026,78.7377,0.297033
20-Apr-2026,30-Sep-2026,83.6588,0.272181
20-Apr-2026,30-Sep-2026,88.5799,0.249725
20-Apr-2026,30-Sep-2026,93.501,0.228707
20-Apr-2026,30-Sep-2026,98.4221,0.208542
20-Apr-2026,30-Sep-2026,103.343,0.189419
20-Apr-2026,30-Sep-2026,108.264,0.173049
20-Apr-2026,30-Sep-2026,113.185,0.162111
20-Apr-2026,30-Sep-2026,118.107,0.157
20-Apr-2026,30-Oct-2026,78.7377,0.299131
20-Apr-2026,30-Oct-2026,83.6588,0.275541
20-Apr-2026,30-Oct-2026,88.5799,0.25383
20-Apr-2026,30-Oct-2026,93.501,0.233302
20-Apr-2026,30-Oct-2026,98.4221,0.213576
20-Apr-2026,30-Oct-2026,103.343,0.194887
20-Apr-2026,30-Oct-2026,108.264,0.178612
20-Apr-2026,30-Oct-2026,113.185,0.167004
20-Apr-2026,30-Oct-2026,118.107,0.160879
20-Apr-2026,30-Nov-2026,78.7377,0.297976
20-Apr-2026,30-Nov-2026,83.6588,0.275644
20-Apr-2026,30-Nov-2026,88.5799,0.254841
20-Apr-2026,30-Nov-2026,93.501,0.235045
20-Apr-2026,30-Nov-2026,98.4221,0.216003
20-Apr-2026,30-Nov-2026,103.343,0.197964
20-Apr-2026,30-Nov-2026,108.264,0.182043
20-Apr-2026,30-Nov-2026,113.185,0.170115
20-Apr-2026,30-Nov-2026,118.107,0.163194
20-Apr-2026,31-Dec-2026,78.7377,0.299815
20-Apr-2026,31-Dec-2026,83.6588,0.278293
20-Apr-2026,31-Dec-2026,88.5799,0.25809
20-Apr-2026,31-Dec-2026,93.501,0.238808
20-Apr-2026,31-Dec-2026,98.4221,0.220281
20-Apr-2026,31-Dec-2026,103.343,0.202742
20-Apr-2026,31-Dec-2026,108.264,0.187087
20-Apr-2026,31-Dec-2026,113.185,0.174841
20-Apr-2026,31-Dec-2026,118.107,0.167092
20-Apr-2026,29-Jan-2027,78.7377,0.298709
20-Apr-2026,29-Jan-2027,83.6588,0.278033
20-Apr-2026,29-Jan-2027,88.5799,0.258526
20-Apr-2026,29-Jan-2027,93.501,0.239872
20-Apr-2026,29-Jan-2027,98.4221,0.221956
20-Apr-2026,29-Jan-2027,103.343,0.204993
20-Apr-2026,29-Jan-2027,108.264,0.18973
20-Apr-2026,29-Jan-2027,113.185,0.177443
20-Apr-2026,29-Jan-2027,118.107,0.169196
20-Apr-2026,26-Feb-2027,78.7377,0.299191
20-Apr-2026,26-Feb-2027,83.6588,0.279139
20-Apr-2026,26-Feb-2027,88.5799,0.260161
20-Apr-2026,26-Feb-2027,93.501,0.242
20-Apr-2026,26-Feb-2027,98.4221,0.224574
20-Apr-2026,26-Feb-2027,103.343,0.208078
20-Apr-2026,26-Feb-2027,108.264,0.193136
20-Apr-2026,26-Feb-2027,113.185,0.180814
20-Apr-2026,26-Feb-2027,118.107,0.172109
21-Apr-2026,24-Apr-2026,78.156,0.331439
21-Apr-2026,24-Apr-2026,83.0408,0.242889
21-Apr-2026,24-Apr-2026,87.9255,0.194024
21-Apr-2026,24-Apr-2026,92.8103,0.178885
21-Apr-2026,24-Apr-2026,97.695,0.163035
21-Apr-2026,24-Apr-2026,102.58,0.147228
21-Apr-2026,30-Apr-2026,78.156,0.62112
21-Apr-2026,30-Apr-2026,83.0408,0.474445
21-Apr-2026,30-Apr-2026,87.9255,0.333253
21-Apr-2026,30-Apr-2026,92.8103,0.239831
21-Apr-2026,30-Apr-2026,97.695,0.207168
21-Apr-2026,30-Apr-2026,102.58,0.18547
21-Apr-2026,30-Apr-2026,107.465,0.169148
21-Apr-2026,30-Apr-2026,112.349,0.161134
21-Apr-2026,30-Apr-2026,117.234,0.160054
21-Apr-2026,08-May-2026,78.156,0.47398
21-Apr-2026,08-May-2026,83.0408,0.365055
21-Apr-2026,08-May-2026,87.9255,0.273036
21-Apr-2026,08-May-2026,92.8103,0.22379
21-Apr-2026,08-May-2026,97.695,0.198079
21-Apr-2026,08-May-2026,102.58,0.177558
21-Apr-2026,08-May-2026,107.465,0.161842
21-Apr-2026,08-May-2026,112.349,0.154026
21-Apr-2026,08-May-2026,117.234,0.152066
21-Apr-2026,15-May-2026,78.156,0.427477
21-Apr-2026,15-May-2026,83.0408,0.33595
21-Apr-2026,15-May-2026,87.9255,0.267064
21-Apr-2026,15-May-2026,92.8103,0.228122
21-Apr-2026,15-May-2026,97.695,0.202896
21-Apr-2026,15-May-2026,102.58,0.181775
21-Apr-2026,15-May-2026,107.465,0.165504
21-Apr-2026,15-May-2026,112.349,0.157293
21-Apr-2026,15-May-2026,117.234,0.1551
21-Apr-2026,22-May-2026,78.156,0.388449
21-Apr-2026,22-May-2026,83.0408,0.311856
21-Apr-2026,22-May-2026,87.9255,0.25771
21-Apr-2026,22-May-2026,92.8103,0.224769
21-Apr-2026,22-May-2026,97.695,0.200852
21-Apr-2026,22-May-2026,102.58,0.180101
21-Apr-2026,22-May-2026,107.465,0.163946
21-Apr-2026,22-May-2026,112.349,0.15568
21-Apr-2026,22-May-2026,117.234,0.153376
21-Apr-2026,29-May-2026,78.156,0.370402
21-Apr-2026,29-May-2026,83.0408,0.304621
21-Apr-2026,29-May-2026,87.9255,0.258602
21-Apr-2026,29-May-2026,92.8103,0.228014
21-Apr-2026,29-May-2026,97.695,0.204163
21-Apr-2026,29-May-2026,102.58,0.183096
21-Apr-2026,29-May-2026,107.465,0.166574
21-Apr-2026,29-May-2026,112.349,0.15797
21-Apr-2026,29-May-2026,117.234,0.155438
21-Apr-2026,30-Jun-2026,78.156,0.32252
21-Apr-2026,30-Jun-2026,83.0408,0.282774
21-Apr-2026,30-Jun-2026,87.9255,0.252357
21-Apr-2026,30-Jun-2026,92.8103,0.227566
21-Apr-2026,30-Jun-2026,97.695,0.205447
21-Apr-2026,30-Jun-2026,102.58,0.184964
21-Apr-2026,30-Jun-2026,107.465,0.168329
21-Apr-2026,30-Jun-2026,112.349,0.158955
21-Apr-2026,30-Jun-2026,117.234,0.155671
21-Apr-2026,31-Jul-2026,78.156,0.309079
21-Apr-2026,31-Jul-2026,83.0408,0.278023
21-Apr-2026,31-Jul-2026,87.9255,0.252164
21-Apr-2026,31-Jul-2026,92.8103,0.229382
21-Apr-2026,31-Jul-2026,97.695,0.208176
21-Apr-2026,31-Jul-2026,102.58,0.188242
21-Apr-2026,31-Jul-2026,107.465,0.17161
21-Apr-2026,31-Jul-2026,112.349,0.161451
21-Apr-2026,31-Jul-2026,117.234,0.157339
21-Apr-2026,31-Aug-2026,78.156,0.303565
21-Apr-2026,31-Aug-2026,83.0408,0.276618
21-Apr-2026,31-Aug-2026,87.9255,0.253036
21-Apr-2026,31-Aug-2026,92.8103,0.231469
21-Apr-2026,31-Aug-2026,97.695,0.211029
21-Apr-2026,31-Aug-2026,102.58,0.191708
21-Apr-2026,31-Aug-2026,107.465,0.175229
21-Apr-2026,31-Aug-2026,112.349,0.164381
21-Apr-2026,31-Aug-2026,117.234,0.15939
21-Apr-2026,30-Sep-2026,78.156,0.30142
21-Apr-2026,30-Sep-2026,83.0408,0.276769
21-Apr-2026,30-Sep-2026,87.9255,0.254559
21-Apr-2026,30-Sep-2026,92.8103,0.23385
21-Apr-2026,30-Sep-2026,97.695,0.21407
21-Apr-2026,30-Sep-2026,102.58,0.195341
21-Apr-2026,30-Sep-2026,107.465,0.179089
21-Apr-2026,30-Sep-2026,112.349,0.167691
21-Apr-2026,30-Sep-2026,117.234,0.161827
21-Apr-2026,30-Oct-2026,78.156,0.303706
21-Apr-2026,30-Oct-2026,83.0408,0.280337
21-Apr-2026,30-Oct-2026,87.9255,0.258888
21-Apr-2026,30-Oct-2026,92.8103,0.238683
21-Apr-2026,30-Oct-2026,97.695,0.219344
21-Apr-2026,30-Oct-2026,102.58,0.201046
21-Apr-2026,30-Oct-2026,107.465,0.184933
21-Apr-2026,30-Oct-2026,112.349,0.17297
21-Apr-2026,30-Oct-2026,117.234,0.16612
21-Apr-2026,30-Nov-2026,78.156,0.302671
21-Apr-2026,30-Nov-2026,83.0408,0.280572
21-Apr-2026,30-Nov-2026,87.9255,0.260043
21-Apr-2026,30-Nov-2026,92.8103,0.240577
21-Apr-2026,30-Nov-2026,97.695,0.221919
21-Apr-2026,30-Nov-2026,102.58,0.204262
21-Apr-2026,30-Nov-2026,107.465,0.188535
21-Apr-2026,30-Nov-2026,112.349,0.176348
21-Apr-2026,30-Nov-2026,117.234,0.168764
21-Apr-2026,31-Dec-2026,78.156,0.304693
21-Apr-2026,31-Dec-2026,83.0408,0.283415
21-Apr-2026,31-Dec-2026,87.9255,0.263497
21-Apr-2026,31-Dec-2026,92.8103,0.244549
21-Apr-2026,31-Dec-2026,97.695,0.226401
21-Apr-2026,31-Dec-2026,102.58,0.209237
21-Apr-2026,31-Dec-2026,107.465,0.1938
21-Apr-2026,31-Dec-2026,112.349,0.181387
21-Apr-2026,31-Dec-2026,117.234,0.173055
21-Apr-2026,29-Jan-2027,78.156,0.303688
21-Apr-2026,29-Jan-2027,83.0408,0.283263
21-Apr-2026,29-Jan-2027,87.9255,0.264046
21-Apr-2026,29-Jan-2027,92.8103,0.245726
21-Apr-2026,29-Jan-2027,97.695,0.228182
21-Apr-2026,29-Jan-2027,102.58,0.211586
21-Apr-2026,29-Jan-2027,107.465,0.196555
21-Apr-2026,29-Jan-2027,112.349,0.184168
21-Apr-2026,29-Jan-2027,117.234,0.175416
21-Apr-2026,26-Feb-2027,78.156,0.304299
21-Apr-2026,26-Feb-2027,83.0408,0.284504
21-Apr-2026,26-Feb-2027,87.9255,0.26582
21-Apr-2026,26-Feb-2027,92.8103,0.247992
21-Apr-2026,26-Feb-2027,97.695,0.230931
21-Apr-2026,26-Feb-2027,102.58,0.214795
21-Apr-2026,26-Feb-2027,107.465,0.200096
21-Apr-2026,26-Feb-2027,112.349,0.18773
21-Apr-2026,26-Feb-2027,117.234,0.1786
22-Apr-2026,24-Apr-2026,78.063,0.40489
22-Apr-2026,24-Apr-2026,82.942,0.296166
22-Apr-2026,24-Apr-2026,87.8209,0.196277
22-Apr-2026,24-Apr-2026,92.6998,0.179133
22-Apr-2026,24-Apr-2026,97.5788,0.163304
22-Apr-2026,24-Apr-2026,102.458,0.147522
22-Apr-2026,24-Apr-2026,107.337,0.165977
22-Apr-2026,24-Apr-2026,112.216,0.24139
22-Apr-2026,24-Apr-2026,117.095,0.313077
22-Apr-2026,30-Apr-2026,78.063,0.664451
22-Apr-2026,30-Apr-2026,82.942,0.507794
22-Apr-2026,30-Apr-2026,87.8209,0.355612
22-Apr-2026,30-Apr-2026,92.6998,0.248604
22-Apr-2026,30-Apr-2026,97.5788,0.212534
22-Apr-2026,30-Apr-2026,102.458,0.19014
22-Apr-2026,30-Apr-2026,107.337,0.173397
22-Apr-2026,30-Apr-2026,112.216,0.165117
22-Apr-2026,30-Apr-2026,117.095,0.164034
22-Apr-2026,08-May-2026,78.063,0.493102
22-Apr-2026,08-May-2026,82.942,0.379625
22-Apr-2026,08-May-2026,87.8209,0.281442
22-Apr-2026,08-May-2026,92.6998,0.227522
22-Apr-2026,08-May-2026,97.5788,0.200662
22-Apr-2026,08-May-2026,102.458,0.179814
22-Apr-2026,08-May-2026,107.337,0.163888
22-Apr-2026,08-May-2026,112.216,0.155896
22-Apr-2026,08-May-2026,117.095,0.153832
22-Apr-2026,15-May-2026,78.063,0.44103
22-Apr-2026,15-May-2026,82.942,0.345924
22-Apr-2026,15-May-2026,87.8209,0.272742
22-Apr-2026,15-May-2026,92.6998,0.231257
22-Apr-2026,15-May-2026,97.5788,0.20522
22-Apr-2026,15-May-2026,102.458,0.18381
22-Apr-2026,15-May-2026,107.337,0.167337
22-Apr-2026,15-May-2026,112.216,0.158934
22-Apr-2026,15-May-2026,117.095,0.156617
22-Apr-2026,22-May-2026,78.063,0.398778
22-Apr-2026,22-May-2026,82.942,0.319174
22-Apr-2026,22-May-2026,87.8209,0.261934
22-Apr-2026,22-May-2026,92.6998,0.227343
22-Apr-2026,22-May-2026,97.5788,0.202837
22-Apr-2026,22-May-2026,102.458,0.181862
22-Apr-2026,22-May-2026,107.337,0.16553
22-Apr-2026,22-May-2026,112.216,0.157072
22-Apr-2026,22-May-2026,117.095,0.154634
22-Apr-2026,29-May-2026,78.063,0.379066
22-Apr-2026,29-May-2026,82.942,0.310683
22-Apr-2026,29-May-2026,87.8209,0.26234
22-Apr-2026,29-May-2026,92.6998,0.23051
22-Apr-2026,29-May-2026,97.5788,0.206154
22-Apr-2026,29-May-2026,102.458,0.184877
22-Apr-2026,29-May-2026,107.337,0.168172
22-Apr-2026,29-May-2026,112.216,0.159353
22-Apr-2026,29-May-2026,117.095,0.156666
22-Apr-2026,30-Jun-2026,78.063,0.327658
22-Apr-2026,30-Jun-2026,82.942,0.286528
22-Apr-2026,30-Jun-2026,87.8209,0.255133
22-Apr-2026,30-Jun-2026,92.6998,0.229787
22-Apr-2026,30-Jun-2026,97.5788,0.207401
22-Apr-2026,30-Jun-2026,102.458,0.186799
22-Apr-2026,30-Jun-2026,107.337,0.17
22-Apr-2026,30-Jun-2026,112.216,0.160354
22-Apr-2026,30-Jun-2026,117.095,0.156841
22-Apr-2026,31-Jul-2026,78.063,0.313265
22-Apr-2026,31-Jul-2026,82.942,0.28133
22-Apr-2026,31-Jul-2026,87.8209,0.254868
22-Apr-2026,31-Jul-2026,92.6998,0.23173
22-Apr-2026,31-Jul-2026,97.5788,0.210353
22-Apr-2026,31-Jul-2026,102.458,0.190346
22-Apr-2026,31-Jul-2026,107.337,0.173564
22-Apr-2026,31-Jul-2026,112.216,0.163095
22-Apr-2026,31-Jul-2026,117.095,0.158684
22-Apr-2026,31-Aug-2026,78.063,0.307419
22-Apr-2026,31-Aug-2026,82.942,0.279847
22-Apr-2026,31-Aug-2026,87.8209,0.255838
22-Apr-2026,31-Aug-2026,92.6998,0.234022
22-Apr-2026,31-Aug-2026,97.5788,0.213471
22-Apr-2026,31-Aug-2026,102.458,0.194109
22-Apr-2026,31-Aug-2026,107.337,0.177501
22-Apr-2026,31-Aug-2026,112.216,0.166329
22-Apr-2026,31-Aug-2026,117.095,0.160977
22-Apr-2026,30-Sep-2026,78.063,0.305188
22-Apr-2026,30-Sep-2026,82.942,0.280059
22-Apr-2026,30-Sep-2026,87.8209,0.257526
22-Apr-2026,30-Sep-2026,92.6998,0.236633
22-Apr-2026,30-Sep-2026,97.5788,0.216782
22-Apr-2026,30-Sep-2026,102.458,0.198034
22-Apr-2026,30-Sep-2026,107.337,0.181675
22-Apr-2026,30-Sep-2026,112.216,0.169961
22-Apr-2026,30-Sep-2026,117.095,0.163693
22-Apr-2026,30-Oct-2026,78.063,0.3076
22-Apr-2026,30-Oct-2026,82.942,0.283844
22-Apr-2026,30-Oct-2026,87.8209,0.262138
22-Apr-2026,30-Oct-2026,92.6998,0.241791
22-Apr-2026,30-Oct-2026,97.5788,0.222404
22-Apr-2026,30-Oct-2026,102.458,0.204098
22-Apr-2026,30-Oct-2026,107.337,0.187897
22-Apr-2026,30-Oct-2026,112.216,0.175636
22-Apr-2026,30-Oct-2026,117.095,0.168352
22-Apr-2026,30-Nov-2026,78.063,0.306612
22-Apr-2026,30-Nov-2026,82.942,0.284204
22-Apr-2026,30-Nov-2026,87.8209,0.263474
22-Apr-2026,30-Nov-2026,92.6998,0.243905
22-Apr-2026,30-Nov-2026,97.5788,0.225224
22-Apr-2026,30-Nov-2026,102.458,0.207573
22-Apr-2026,30-Nov-2026,107.337,0.191779
22-Apr-2026,30-Nov-2026,112.216,0.179327
22-Apr-2026,30-Nov-2026,117.095,0.17131
22-Apr-2026,31-Dec-2026,78.063,0.308806
22-Apr-2026,31-Dec-2026,82.942,0.287273
22-Apr-2026,31-Dec-2026,87.8209,0.267193
22-Apr-2026,31-Dec-2026,92.6998,0.248169
22-Apr-2026,31-Dec-2026,97.5788,0.230012
22-Apr-2026,31-Dec-2026,102.458,0.212862
22-Apr-2026,31-Dec-2026,107.337,0.197374
22-Apr-2026,31-Dec-2026,112.216,0.18473
22-Apr-2026,31-Dec-2026,117.095,0.17598
22-Apr-2026,29-Jan-2027,78.063,0.307868
22-Apr-2026,29-Jan-2027,82.942,0.287232
22-Apr-2026,29-Jan-2027,87.8209,0.267887
22-Apr-2026,29-Jan-2027,92.6998,0.249515
22-Apr-2026,29-Jan-2027,97.5788,0.231976
22-Apr-2026,29-Jan-2027,102.458,0.215403
22-Apr-2026,29-Jan-2027,107.337,0.200338
22-Apr-2026,29-Jan-2027,112.216,0.187753
22-Apr-2026,29-Jan-2027,117.095,0.17861
22-Apr-2026,26-Feb-2027,78.063,0.308603
22-Apr-2026,26-Feb-2027,82.942,0.28863
22-Apr-2026,26-Feb-2027,87.8209,0.269843
22-Apr-2026,26-Feb-2027,92.6998,0.251979
22-Apr-2026,26-Feb-2027,97.5788,0.234934
22-Apr-2026,26-Feb-2027,102.458,0.218826
22-Apr-2026,26-Feb-2027,107.337,0.204105
22-Apr-2026,26-Feb-2027,112.216,0.19157
22-Apr-2026,26-Feb-2027,117.095,0.18208
23-Apr-2026,24-Apr-2026,78.2758,0.561027
23-Apr-2026,24-Apr-2026,83.168,0.411471
23-Apr-2026,24-Apr-2026,88.0602,0.27129
23-Apr-2026,24-Apr-2026,92.9525,0.175206
23-Apr-2026,24-Apr-2026,97.8447,0.158944
23-Apr-2026,24-Apr-2026,102.737,0.1836
23-Apr-2026,30-Apr-2026,78.2758,0.708195
23-Apr-2026,30-Apr-2026,83.168,0.541033
23-Apr-2026,30-Apr-2026,88.0602,0.377381
23-Apr-2026,30-Apr-2026,92.9525,0.25353
23-Apr-2026,30-Apr-2026,97.8447,0.212749
23-Apr-2026,30-Apr-2026,102.737,0.18911
23-Apr-2026,30-Apr-2026,107.629,0.172084
23-Apr-2026,30-Apr-2026,112.521,0.164481
23-Apr-2026,08-May-2026,78.2758,0.507608
23-Apr-2026,08-May-2026,83.168,0.390188
23-Apr-2026,08-May-2026,88.0602,0.285591
23-Apr-2026,08-May-2026,92.9525,0.22596
23-Apr-2026,08-May-2026,97.8447,0.197569
23-Apr-2026,08-May-2026,102.737,0.17598
23-Apr-2026,08-May-2026,107.629,0.160039
23-Apr-2026,08-May-2026,112.521,0.152782
23-Apr-2026,08-May-2026,117.414,0.151443
23-Apr-2026,15-May-2026,78.2758,0.449143
23-Apr-2026,15-May-2026,83.168,0.350894
23-Apr-2026,15-May-2026,88.0602,0.273093
23-Apr-2026,15-May-2026,92.9525,0.228715
23-Apr-2026,15-May-2026,97.8447,0.201594
23-Apr-2026,15-May-2026,102.737,0.179515
23-Apr-2026,15-May-2026,107.629,0.163055
23-Apr-2026,15-May-2026,112.521,0.155397
23-Apr-2026,15-May-2026,117.414,0.153807
23-Apr-2026,22-May-2026,78.2758,0.40359
23-Apr-2026,22-May-2026,83.168,0.321203
23-Apr-2026,22-May-2026,88.0602,0.260652
23-Apr-2026,22-May-2026,92.9525,0.224247
23-Apr-2026,22-May-2026,97.8447,0.198899
23-Apr-2026,22-May-2026,102.737,0.177331
23-Apr-2026,22-May-2026,107.629,0.161035
23-Apr-2026,22-May-2026,112.521,0.153305
23-Apr-2026,22-May-2026,117.414,0.151575
23-Apr-2026,29-May-2026,78.2758,0.381868
23-Apr-2026,29-May-2026,83.168,0.311029
23-Apr-2026,29-May-2026,88.0602,0.260308
23-Apr-2026,29-May-2026,92.9525,0.22717
23-Apr-2026,29-May-2026,97.8447,0.202076
23-Apr-2026,29-May-2026,102.737,0.180238
23-Apr-2026,29-May-2026,107.629,0.16357
23-Apr-2026,29-May-2026,112.521,0.155467
23-Apr-2026,29-May-2026,117.414,0.153484
23-Apr-2026,30-Jun-2026,78.2758,0.326566
23-Apr-2026,30-Jun-2026,83.168,0.284252
23-Apr-2026,30-Jun-2026,88.0602,0.252
23-Apr-2026,30-Jun-2026,92.9525,0.226074
23-Apr-2026,30-Jun-2026,97.8447,0.203206
23-Apr-2026,30-Jun-2026,102.737,0.182184
23-Apr-2026,30-Jun-2026,107.629,0.165408
23-Apr-2026,30-Jun-2026,112.521,0.15637
23-Apr-2026,30-Jun-2026,117.414,0.153504
23-Apr-2026,31-Jul-2026,78.2758,0.311091
23-Apr-2026,31-Jul-2026,83.168,0.278506
23-Apr-2026,31-Jul-2026,88.0602,0.251557
23-Apr-2026,31-Jul-2026,92.9525,0.22803
23-Apr-2026,31-Jul-2026,97.8447,0.206289
23-Apr-2026,31-Jul-2026,102.737,0.185962
23-Apr-2026,31-Jul-2026,107.629,0.169183
23-Apr-2026,31-Jul-2026,112.521,0.159204
23-Apr-2026,31-Jul-2026,117.414,0.155381
23-Apr-2026,31-Aug-2026,78.2758,0.30485
23-Apr-2026,31-Aug-2026,83.168,0.276866
23-Apr-2026,31-Aug-2026,88.0602,0.252529
23-Apr-2026,31-Aug-2026,92.9525,0.230426
23-Apr-2026,31-Aug-2026,97.8447,0.209596
23-Apr-2026,31-Aug-2026,102.737,0.189998
23-Apr-2026,31-Aug-2026,107.629,0.173384
23-Apr-2026,31-Aug-2026,112.521,0.162591
23-Apr-2026,31-Aug-2026,117.414,0.15776
23-Apr-2026,30-Sep-2026,78.2758,0.302471
23-Apr-2026,30-Sep-2026,83.168,0.277054
23-Apr-2026,30-Sep-2026,88.0602,0.254281
23-Apr-2026,30-Sep-2026,92.9525,0.23317
23-Apr-2026,30-Sep-2026,97.8447,0.213109
23-Apr-2026,30-Sep-2026,102.737,0.194191
23-Apr-2026,30-Sep-2026,107.629,0.177827
23-Apr-2026,30-Sep-2026,112.521,0.166404
23-Apr-2026,30-Sep-2026,117.414,0.160584
23-Apr-2026,30-Oct-2026,78.2758,0.304825
23-Apr-2026,30-Oct-2026,83.168,0.280863
23-Apr-2026,30-Oct-2026,88.0602,0.25898
23-Apr-2026,30-Oct-2026,92.9525,0.238472
23-Apr-2026,30-Oct-2026,97.8447,0.218935
23-Apr-2026,30-Oct-2026,102.737,0.200514
23-Apr-2026,30-Oct-2026,107.629,0.184316
23-Apr-2026,30-Oct-2026,112.521,0.172274
23-Apr-2026,30-Oct-2026,117.414,0.165365
23-Apr-2026,30-Nov-2026,78.2758,0.303851
23-Apr-2026,30-Nov-2026,83.168,0.281294
23-Apr-2026,30-Nov-2026,88.0602,0.260437
23-Apr-2026,30-Nov-2026,92.9525,0.240753
23-Apr-2026,30-Nov-2026,97.8447,0.22197
23-Apr-2026,30-Nov-2026,102.737,0.204248
23-Apr-2026,30-Nov-2026,107.629,0.188468
23-Apr-2026,30-Nov-2026,112.521,0.176188
23-Apr-2026,30-Nov-2026,117.414,0.168479
23-Apr-2026,31-Dec-2026,78.2758,0.306085
23-Apr-2026,31-Dec-2026,83.168,0.284449
23-Apr-2026,31-Dec-2026,88.0602,0.264283
23-Apr-2026,31-Dec-2026,92.9525,0.245185
23-Apr-2026,31-Dec-2026,97.8447,0.226967
23-Apr-2026,31-Dec-2026,102.737,0.209783
23-Apr-2026,31-Dec-2026,107.629,0.194323
23-Apr-2026,31-Dec-2026,112.521,0.181819
23-Apr-2026,31-Dec-2026,117.414,0.173317
23-Apr-2026,29-Jan-2027,78.2758,0.305215
23-Apr-2026,29-Jan-2027,83.168,0.284508
23-Apr-2026,29-Jan-2027,88.0602,0.265108
23-Apr-2026,29-Jan-2027,92.9525,0.24669
23-Apr-2026,29-Jan-2027,97.8447,0.229119
23-Apr-2026,29-Jan-2027,102.737,0.212538
23-Apr-2026,29-Jan-2027,107.629,0.197511
23-Apr-2026,29-Jan-2027,112.521,0.185047
23-Apr-2026,29-Jan-2027,117.414,0.176113
23-Apr-2026,26-Feb-2027,78.2758,0.306023
23-Apr-2026,26-Feb-2027,83.168,0.286007
23-Apr-2026,26-Feb-2027,88.0602,0.267189
23-Apr-2026,26-Feb-2027,92.9525,0.249305
23-Apr-2026,26-Feb-2027,97.8447,0.232251
23-Apr-2026,26-Feb-2027,102.737,0.216156
23-Apr-2026,26-Feb-2027,107.629,0.201484
23-Apr-2026,26-Feb-2027,112.521,0.189058
23-Apr-2026,26-Feb-2027,117.414,0.179747
24-Apr-2026,30-Apr-2026,77.4424,0.766225
24-Apr-2026,30-Apr-2026,82.2825,0.585378
24-Apr-2026,30-Apr-2026,87.1227,0.4077
24-Apr-2026,30-Apr-2026,91.9628,0.266936
24-Apr-2026,30-Apr-2026,96.803,0.22142
24-Apr-2026,30-Apr-2026,101.643,0.196893
24-Apr-2026,30-Apr-2026,106.483,0.179227
24-Apr-2026,30-Apr-2026,111.323,0.171169
24-Apr-2026,08-May-2026,77.4424,0.526391
24-Apr-2026,08-May-2026,82.2825,0.404456
24-Apr-2026,08-May-2026,87.1227,0.294333
24-Apr-2026,08-May-2026,91.9628,0.230362
24-Apr-2026,08-May-2026,96.803,0.201022
24-Apr-2026,08-May-2026,101.643,0.179193
24-Apr-2026,08-May-2026,106.483,0.16302
24-Apr-2026,08-May-2026,111.323,0.155501
24-Apr-2026,08-May-2026,116.164,0.153991
24-Apr-2026,15-May-2026,77.4424,0.460598
24-Apr-2026,15-May-2026,82.2825,0.359383
24-Apr-2026,15-May-2026,87.1227,0.278294
24-Apr-2026,15-May-2026,91.9628,0.232065
24-Apr-2026,15-May-2026,96.803,0.20444
24-Apr-2026,15-May-2026,101.643,0.182204
24-Apr-2026,15-May-2026,106.483,0.16556
24-Apr-2026,15-May-2026,111.323,0.157654
24-Apr-2026,15-May-2026,116.164,0.155889
24-Apr-2026,22-May-2026,77.4424,0.411463
24-Apr-2026,22-May-2026,82.2825,0.326896
24-Apr-2026,22-May-2026,87.1227,0.264281
24-Apr-2026,22-May-2026,91.9628,0.226872
24-Apr-2026,22-May-2026,96.803,0.201228
24-Apr-2026,22-May-2026,101.643,0.179574
24-Apr-2026,22-May-2026,106.483,0.163137
24-Apr-2026,22-May-2026,111.323,0.155179
24-Apr-2026,22-May-2026,116.164,0.153277
24-Apr-2026,29-May-2026,77.4424,0.387916
24-Apr-2026,29-May-2026,82.2825,0.315417
24-Apr-2026,29-May-2026,87.1227,0.263351
24-Apr-2026,29-May-2026,91.9628,0.229573
24-Apr-2026,29-May-2026,96.803,0.204268
24-Apr-2026,29-May-2026,101.643,0.182369
24-Apr-2026,29-May-2026,106.483,0.165572
24-Apr-2026,29-May-2026,111.323,0.157243
24-Apr-2026,29-May-2026,116.164,0.155081
24-Apr-2026,30-Jun-2026,77.4424,0.329476
24-Apr-2026,30-Jun-2026,82.2825,0.286596
24-Apr-2026,30-Jun-2026,87.1227,0.253989
24-Apr-2026,30-Jun-2026,91.9628,0.227895
24-Apr-2026,30-Jun-2026,96.803,0.20498
24-Apr-2026,30-Jun-2026,101.643,0.183967
24-Apr-2026,30-Jun-2026,106.483,0.167113
24-Apr-2026,30-Jun-2026,111.323,0.15787
24-Apr-2026,30-Jun-2026,116.164,0.154815
24-Apr-2026,31-Jul-2026,77.4424,0.313284
24-Apr-2026,31-Jul-2026,82.2825,0.280433
24-Apr-2026,31-Jul-2026,87.1227,0.253325
24-Apr-2026,31-Jul-2026,91.9628,0.229729
24-Apr-2026,31-Jul-2026,96.803,0.207986
24-Apr-2026,31-Jul-2026,101.643,0.187689
24-Apr-2026,31-Jul-2026,106.483,0.170859
24-Apr-2026,31-Jul-2026,111.323,0.160692
24-Apr-2026,31-Jul-2026,116.164,0.156668
24-Apr-2026,31-Aug-2026,77.4424,0.306783
24-Apr-2026,31-Aug-2026,82.2825,0.278649
24-Apr-2026,31-Aug-2026,87.1227,0.254227
24-Apr-2026,31-Aug-2026,91.9628,0.232096
24-Apr-2026,31-Aug-2026,96.803,0.211287
24-Apr-2026,31-Aug-2026,101.643,0.191727
24-Apr-2026,31-Aug-2026,106.483,0.175083
24-Apr-2026,31-Aug-2026,111.323,0.164124
24-Apr-2026,31-Aug-2026,116.164,0.159087
24-Apr-2026,30-Sep-2026,77.4424,0.304299
24-Apr-2026,30-Sep-2026,82.2825,0.278789
24-Apr-2026,30-Sep-2026,87.1227,0.255967
24-Apr-2026,30-Sep-2026,91.9628,0.234852
24-Apr-2026,30-Sep-2026,96.803,0.214821
24-Apr-2026,30-Sep-2026,101.643,0.195945
24-Apr-2026,30-Sep-2026,106.483,0.179566
24-Apr-2026,30-Sep-2026,111.323,0.168002
24-Apr-2026,30-Sep-2026,116.164,0.161977
24-Apr-2026,30-Oct-2026,77.4424,0.306646
24-Apr-2026,30-Oct-2026,82.2825,0.282622
24-Apr-2026,30-Oct-2026,87.1227,0.260712
24-Apr-2026,30-Oct-2026,91.9628,0.240211
24-Apr-2026,30-Oct-2026,96.803,0.220708
24-Apr-2026,30-Oct-2026,101.643,0.20233
24-Apr-2026,30-Oct-2026,106.483,0.186128
24-Apr-2026,30-Oct-2026,111.323,0.173972
24-Apr-2026,30-Oct-2026,116.164,0.166864
24-Apr-2026,30-Nov-2026,77.4424,0.305648
24-Apr-2026,30-Nov-2026,82.2825,0.28305
24-Apr-2026,30-Nov-2026,87.1227,0.262182
24-Apr-2026,30-Nov-2026,91.9628,0.242515
24-Apr-2026,30-Nov-2026,96.803,0.223771
24-Apr-2026,30-Nov-2026,101.643,0.206093
24-Apr-2026,30-Nov-2026,106.483,0.190319
24-Apr-2026,30-Nov-2026,111.323,0.177949
24-Apr-2026,30-Nov-2026,116.164,0.170058
24-Apr-2026,31-Dec-2026,77.4424,0.307904
24-Apr-2026,31-Dec-2026,82.2825,0.286244
24-Apr-2026,31-Dec-2026,87.1227,0.266076
24-Apr-2026,31-Dec-2026,91.9628,0.247001
24-Apr-2026,31-Dec-2026,96.803,0.228823
24-Apr-2026,31-Dec-2026,101.643,0.211683
24-Apr-2026,31-Dec-2026,106.483,0.196236
24-Apr-2026,31-Dec-2026,111.323,0.183663
24-Apr-2026,31-Dec-2026,116.164,0.175001
24-Apr-2026,29-Jan-2027,77.4424,0.307029
24-Apr-2026,29-Jan-2027,82.2825,0.286309
24-Apr-2026,29-Jan-2027,87.1227,0.266915
24-Apr-2026,29-Jan-2027,91.9628,0.248525
24-Apr-2026,29-Jan-2027,96.803,0.230995
24-Apr-2026,29-Jan-2027,101.643,0.214458
24-Apr-2026,29-Jan-2027,106.483,0.19945
24-Apr-2026,29-Jan-2027,111.323,0.186934
24-Apr-2026,29-Jan-2027,116.164,0.17786
24-Apr-2026,26-Feb-2027,77.4424,0.307854
24-Apr-2026,26-Feb-2027,82.2825,0.287832
24-Apr-2026,26-Feb-2027,87.1227,0.269026
24-Apr-2026,26-Feb-2027,91.9628,0.251172
24-Apr-2026,26-Feb-2027,96.803,0.234161
24-Apr-2026,26-Feb-2027,101.643,0.21811
24-Apr-2026,26-Feb-2027,106.483,0.20346
24-Apr-2026,26-Feb-2027,111.323,0.190997
24-Apr-2026,26-Feb-2027,116.164,0.181565
27-Apr-2026,30-Apr-2026,77.3734,0.325327
27-Apr-2026,30-Apr-2026,82.2092,0.239191
27-Apr-2026,30-Apr-2026,87.0451,0.194327
27-Apr-2026,30-Apr-2026,91.8809,0.179213
27-Apr-2026,30-Apr-2026,96.7167,0.163396
27-Apr-2026,30-Apr-2026,101.553,0.147622
27-Apr-2026,30-Apr-2026,106.388,0.136561
27-Apr-2026,30-Apr-2026,111.224,0.197128
27-Apr-2026,30-Apr-2026,116.06,0.256102
27-Apr-2026,08-May-2026,77.3734,0.565459
27-Apr-2026,08-May-2026,82.2092,0.432317
27-Apr-2026,08-May-2026,87.0451,0.306773
27-Apr-2026,08-May-2026,91.8809,0.230223
27-Apr-2026,08-May-2026,96.7167,0.200896
27-Apr-2026,08-May-2026,101.553,0.180077
27-Apr-2026,08-May-2026,106.388,0.164263
27-Apr-2026,08-May-2026,111.224,0.156394
27-Apr-2026,08-May-2026,116.06,0.154441
27-Apr-2026,15-May-2026,77.3734,0.463704
27-Apr-2026,15-May-2026,82.2092,0.357729
27-Apr-2026,15-May-2026,87.0451,0.269533
27-Apr-2026,15-May-2026,91.8809,0.222462
27-Apr-2026,15-May-2026,96.7167,0.197186
27-Apr-2026,15-May-2026,101.553,0.176879
27-Apr-2026,15-May-2026,106.388,0.161253
27-Apr-2026,15-May-2026,111.224,0.153376
27-Apr-2026,15-May-2026,116.06,0.15132
27-Apr-2026,22-May-2026,77.3734,0.42203
27-Apr-2026,22-May-2026,82.2092,0.332498
27-Apr-2026,22-May-2026,87.0451,0.265603
27-Apr-2026,22-May-2026,91.8809,0.227472
27-Apr-2026,22-May-2026,96.7167,0.202485
27-Apr-2026,22-May-2026,101.553,0.181535
27-Apr-2026,22-May-2026,106.388,0.16532
27-Apr-2026,22-May-2026,111.224,0.15701
27-Apr-2026,22-May-2026,116.06,0.154696
27-Apr-2026,29-May-2026,77.3734,0.385494
27-Apr-2026,29-May-2026,82.2092,0.310288
27-Apr-2026,29-May-2026,87.0451,0.257207
27-Apr-2026,29-May-2026,91.8809,0.224635
27-Apr-2026,29-May-2026,96.7167,0.200868
27-Apr-2026,29-May-2026,101.553,0.180254
27-Apr-2026,29-May-2026,106.388,0.164125
27-Apr-2026,29-May-2026,111.224,0.155732
27-Apr-2026,29-May-2026,116.06,0.15329
27-Apr-2026,30-Jun-2026,77.3734,0.330465
27-Apr-2026,30-Jun-2026,82.2092,0.287291
27-Apr-2026,30-Jun-2026,87.0451,0.254901
27-Apr-2026,30-Jun-2026,91.8809,0.229235
27-Apr-2026,30-Jun-2026,96.7167,0.206785
27-Apr-2026,30-Jun-2026,101.553,0.186188
27-Apr-2026,30-Jun-2026,106.388,0.169472
27-Apr-2026,30-Jun-2026,111.224,0.159998
27-Apr-2026,30-Jun-2026,116.06,0.156633
27-Apr-2026,31-Jul-2026,77.3734,0.313714
27-Apr-2026,31-Jul-2026,82.2092,0.281084
27-Apr-2026,31-Jul-2026,87.0451,0.254317
27-Apr-2026,31-Jul-2026,91.8809,0.231082
27-Apr-2026,31-Jul-2026,96.7167,0.209683
27-Apr-2026,31-Jul-2026,101.553,0.189672
27-Apr-2026,31-Jul-2026,106.388,0.172955
27-Apr-2026,31-Jul-2026,111.224,0.162658
27-Apr-2026,31-Jul-2026,116.06,0.158411
27-Apr-2026,31-Aug-2026,77.3734,0.307164
27-Apr-2026,31-Aug-2026,82.2092,0.279314
27-Apr-2026,31-Aug-2026,87.0451,0.255194
27-Apr-2026,31-Aug-2026,91.8809,0.233346
27-Apr-2026,31-Aug-2026,96.7167,0.212785
27-Apr-2026,31-Aug-2026,101.553,0.193416
27-Apr-2026,31-Aug-2026,106.388,0.176859
27-Apr-2026,31-Aug-2026,111.224,0.165847
27-Apr-2026,31-Aug-2026,116.06,0.160672
27-Apr-2026,30-Sep-2026,77.3734,0.304674
27-Apr-2026,30-Sep-2026,82.2092,0.279425
27-Apr-2026,30-Sep-2026,87.0451,0.256851
27-Apr-2026,30-Sep-2026,91.8809,0.235951
27-Apr-2026,30-Sep-2026,96.7167,0.216095
27-Apr-2026,30-Sep-2026,101.553,0.197341
27-Apr-2026,30-Sep-2026,106.388,0.181024
27-Apr-2026,30-Sep-2026,111.224,0.169453
27-Apr-2026,30-Sep-2026,116.06,0.163365
27-Apr-2026,30-Oct-2026,77.3734,0.305317
27-Apr-2026,30-Oct-2026,82.2092,0.281652
27-Apr-2026,30-Oct-2026,87.0451,0.260064
27-Apr-2026,30-Oct-2026,91.8809,0.239834
27-Apr-2026,30-Oct-2026,96.7167,0.220544
27-Apr-2026,30-Oct-2026,101.553,0.202318
27-Apr-2026,30-Oct-2026,106.388,0.186231
27-Apr-2026,30-Oct-2026,111.224,0.17418
27-Apr-2026,30-Oct-2026,116.06,0.167154
27-Apr-2026,30-Nov-2026,77.3734,0.305941
27-Apr-2026,30-Nov-2026,82.2092,0.283521
27-Apr-2026,30-Nov-2026,87.0451,0.262798
27-Apr-2026,30-Nov-2026,91.8809,0.243238
27-Apr-2026,30-Nov-2026,96.7167,0.224559
27-Apr-2026,30-Nov-2026,101.553,0.20691
27-Apr-2026,30-Nov-2026,106.388,0.191148
27-Apr-2026,30-Nov-2026,111.224,0.178804
27-Apr-2026,30-Nov-2026,116.06,0.170951
27-Apr-2026,31-Dec-2026,77.3734,0.306813
27-Apr-2026,31-Dec-2026,82.2092,0.285381
27-Apr-2026,31-Dec-2026,87.0451,0.265401
27-Apr-2026,31-Dec-2026,91.8809,0.246465
27-Apr-2026,31-Dec-2026,96.7167,0.228379
27-Apr-2026,31-Dec-2026,101.553,0.211291
27-Apr-2026,31-Dec-2026,106.388,0.195888
27-Apr-2026,31-Dec-2026,111.224,0.183396
27-Apr-2026,31-Dec-2026,116.06,0.174862
27-Apr-2026,29-Jan-2027,77.3734,0.307126
27-Apr-2026,29-Jan-2027,82.2092,0.286513
27-Apr-2026,29-Jan-2027,87.0451,0.267193
27-Apr-2026,29-Jan-2027,91.8809,0.24884
27-Apr-2026,29-Jan-2027,96.7167,0.231313
27-Apr-2026,29-Jan-2027,101.553,0.214753
27-Apr-2026,29-Jan-2027,106.388,0.199722
27-Apr-2026,29-Jan-2027,111.224,0.187221
27-Apr-2026,29-Jan-2027,116.06,0.178214
27-Apr-2026,26-Feb-2027,77.3734,0.307841
27-Apr-2026,26-Feb-2027,82.2092,0.2879
27-Apr-2026,26-Feb-2027,87.0451,0.269142
27-Apr-2026,26-Feb-2027,91.8809,0.251302
27-Apr-2026,26-Feb-2027,96.7167,0.234272
27-Apr-2026,26-Feb-2027,101.553,0.218182
27-Apr-2026,26-Feb-2027,106.388,0.203496
27-Apr-2026,26-Feb-2027,111.224,0.191038
27-Apr-2026,26-Feb-2027,116.06,0.181672
28-Apr-2026,30-Apr-2026,77.3617,0.396835
28-Apr-2026,30-Apr-2026,82.1968,0.29173
28-Apr-2026,30-Apr-2026,87.0319,0.19852
28-Apr-2026,30-Apr-2026,91.8671,0.183641
28-Apr-2026,30-Apr-2026,96.7022,0.168236
28-Apr-2026,30-Apr-2026,101.537,0.152896
28-Apr-2026,30-Apr-2026,106.372,0.169198
28-Apr-2026,30-Apr-2026,111.207,0.246578
28-Apr-2026,30-Apr-2026,116.043,0.320329
28-Apr-2026,08-May-2026,77.3617,0.592394
28-Apr-2026,08-May-2026,82.1968,0.4528
28-Apr-2026,08-May-2026,87.0319,0.320661
28-Apr-2026,08-May-2026,91.8671,0.239765
28-Apr-2026,08-May-2026,96.7022,0.21003
28-Apr-2026,08-May-2026,101.537,0.189382
28-Apr-2026,08-May-2026,106.372,0.173266
28-Apr-2026,08-May-2026,111.207,0.164436
28-Apr-2026,08-May-2026,116.043,0.1616
28-Apr-2026,15-May-2026,77.3617,0.47658
28-Apr-2026,15-May-2026,82.1968,0.367576
28-Apr-2026,15-May-2026,87.0319,0.277137
28-Apr-2026,15-May-2026,91.8671,0.22964
28-Apr-2026,15-May-2026,96.7022,0.204618
28-Apr-2026,15-May-2026,101.537,0.184662
28-Apr-2026,15-May-2026,106.372,0.168871
28-Apr-2026,15-May-2026,111.207,0.160125
28-Apr-2026,15-May-2026,116.043,0.157226
28-Apr-2026,22-May-2026,77.3617,0.430229
28-Apr-2026,22-May-2026,82.1968,0.339226
28-Apr-2026,22-May-2026,87.0319,0.272019
28-Apr-2026,22-May-2026,91.8671,0.234245
28-Apr-2026,22-May-2026,96.7022,0.209673
28-Apr-2026,22-May-2026,101.537,0.189143
28-Apr-2026,22-May-2026,106.372,0.172809
28-Apr-2026,22-May-2026,111.207,0.163641
28-Apr-2026,22-May-2026,116.043,0.160471
28-Apr-2026,29-May-2026,77.3617,0.39134
28-Apr-2026,29-May-2026,82.1968,0.315644
28-Apr-2026,29-May-2026,87.0319,0.262952
28-Apr-2026,29-May-2026,91.8671,0.23091
28-Apr-2026,29-May-2026,96.7022,0.20762
28-Apr-2026,29-May-2026,101.537,0.187468
28-Apr-2026,29-May-2026,106.372,0.171267
28-Apr-2026,29-May-2026,111.207,0.162055
28-Apr-2026,29-May-2026,116.043,0.158772
28-Apr-2026,30-Jun-2026,77.3617,0.334188
28-Apr-2026,30-Jun-2026,82.1968,0.291768
28-Apr-2026,30-Jun-2026,87.0319,0.26009
28-Apr-2026,30-Jun-2026,91.8671,0.235007
28-Apr-2026,30-Jun-2026,96.7022,0.213111
28-Apr-2026,30-Jun-2026,101.537,0.193047
28-Apr-2026,30-Jun-2026,106.372,0.176386
28-Apr-2026,30-Jun-2026,111.207,0.166204
28-Apr-2026,30-Jun-2026,116.043,0.162004
28-Apr-2026,31-Jul-2026,77.3617,0.317443
28-Apr-2026,31-Jul-2026,82.1968,0.285522
28-Apr-2026,31-Jul-2026,87.0319,0.259366
28-Apr-2026,31-Jul-2026,91.8671,0.236676
28-Apr-2026,31-Jul-2026,96.7022,0.215827
28-Apr-2026,31-Jul-2026,101.537,0.196346
28-Apr-2026,31-Jul-2026,106.372,0.179768
28-Apr-2026,31-Jul-2026,111.207,0.168895
28-Apr-2026,31-Jul-2026,116.043,0.163844
28-Apr-2026,31-Aug-2026,77.3617,0.311011
28-Apr-2026,31-Aug-2026,82.1968,0.283777
28-Apr-2026,31-Aug-2026,87.0319,0.260203
28-Apr-2026,31-Aug-2026,91.8671,0.23887
28-Apr-2026,31-Aug-2026,96.7022,0.218839
28-Apr-2026,31-Aug-2026,101.537,0.199979
28-Apr-2026,31-Aug-2026,106.372,0.18362
28-Apr-2026,31-Aug-2026,111.207,0.172174
28-Apr-2026,31-Aug-2026,116.043,0.166245
28-Apr-2026,30-Sep-2026,77.3617,0.308625
28-Apr-2026,30-Sep-2026,82.1968,0.283928
28-Apr-2026,30-Sep-2026,87.0319,0.261858
28-Apr-2026,30-Sep-2026,91.8671,0.241448
28-Apr-2026,30-Sep-2026,96.7022,0.222099
28-Apr-2026,30-Sep-2026,101.537,0.20383
28-Apr-2026,30-Sep-2026,106.372,0.187749
28-Apr-2026,30-Sep-2026,111.207,0.175875
28-Apr-2026,30-Sep-2026,116.043,0.169105
28-Apr-2026,30-Oct-2026,77.3617,0.309367
28-Apr-2026,30-Oct-2026,82.1968,0.286209
28-Apr-2026,30-Oct-2026,87.0319,0.265098
28-Apr-2026,30-Oct-2026,91.8671,0.24534
28-Apr-2026,30-Oct-2026,96.7022,0.226534
28-Apr-2026,30-Oct-2026,101.537,0.208769
28-Apr-2026,30-Oct-2026,106.372,0.192946
28-Apr-2026,30-Oct-2026,111.207,0.18071
28-Apr-2026,30-Oct-2026,116.043,0.173096
28-Apr-2026,30-Nov-2026,77.3617,0.310072
28-Apr-2026,30-Nov-2026,82.1968,0.288125
28-Apr-2026,30-Nov-2026,87.0319,0.267855
28-Apr-2026,30-Nov-2026,91.8671,0.248746
28-Apr-2026,30-Nov-2026,96.7022,0.230527
28-Apr-2026,30-Nov-2026,101.537,0.213315
28-Apr-2026,30-Nov-2026,106.372,0.197836
28-Apr-2026,30-Nov-2026,111.207,0.185406
28-Apr-2026,30-Nov-2026,116.043,0.17707
28-Apr-2026,31-Dec-2026,77.3617,0.311012
28-Apr-2026,31-Dec-2026,82.1968,0.290027
28-Apr-2026,31-Dec-2026,87.0319,0.270478
28-Apr-2026,31-Dec-2026,91.8671,0.251975
28-Apr-2026,31-Dec-2026,96.7022,0.234326
28-Apr-2026,31-Dec-2026,101.537,0.217654
28-Apr-2026,31-Dec-2026,106.372,0.202542
28-Apr-2026,31-Dec-2026,111.207,0.190044
28-Apr-2026,31-Dec-2026,116.043,0.181132
28-Apr-2026,29-Jan-2027,77.3617,0.311375
28-Apr-2026,29-Jan-2027,82.1968,0.291187
28-Apr-2026,29-Jan-2027,87.0319,0.27228
28-Apr-2026,29-Jan-2027,91.8671,0.254342
28-Apr-2026,29-Jan-2027,96.7022,0.237233
28-Apr-2026,29-Jan-2027,101.537,0.22107
28-Apr-2026,29-Jan-2027,106.372,0.206332
28-Apr-2026,29-Jan-2027,111.207,0.19388
28-Apr-2026,29-Jan-2027,116.043,0.184588
28-Apr-2026,26-Feb-2027,77.3617,0.312135
28-Apr-2026,26-Feb-2027,82.1968,0.2926
28-Apr-2026,26-Feb-2027,87.0319,0.274241
28-Apr-2026,26-Feb-2027,91.8671,0.2568
28-Apr-2026,26-Feb-2027,96.7022,0.240172
28-Apr-2026,26-Feb-2027,101.537,0.224462
28-Apr-2026,26-Feb-2027,106.372,0.21007
28-Apr-2026,26-Feb-2027,111.207,0.197702
28-Apr-2026,26-Feb-2027,116.043,0.188129
29-Apr-2026,30-Apr-2026,77.303,0.524826
29-Apr-2026,30-Apr-2026,86.9658,0.264587
29-Apr-2026,30-Apr-2026,91.7973,0.185337
29-Apr-2026,30-Apr-2026,96.6287,0.170078
29-Apr-2026,30-Apr-2026,101.46,0.175763
29-Apr-2026,08-May-2026,77.303,0.624062
29-Apr-2026,08-May-2026,82.1344,0.476892
29-Apr-2026,08-May-2026,86.9658,0.336343
29-Apr-2026,08-May-2026,91.7973,0.247542
29-Apr-2026,08-May-2026,96.6287,0.216401
29-Apr-2026,08-May-2026,101.46,0.195514
29-Apr-2026,08-May-2026,106.292,0.179105
29-Apr-2026,08-May-2026,111.123,0.169803
29-Apr-2026,08-May-2026,115.954,0.166591
29-Apr-2026,15-May-2026,77.303,0.490922
29-Apr-2026,15-May-2026,82.1344,0.378308
29-Apr-2026,15-May-2026,86.9658,0.283858
29-Apr-2026,15-May-2026,91.7973,0.23427
29-Apr-2026,15-May-2026,96.6287,0.208935
29-Apr-2026,15-May-2026,101.46,0.188982
29-Apr-2026,15-May-2026,106.292,0.173062
29-Apr-2026,15-May-2026,111.123,0.163932
29-Apr-2026,15-May-2026,115.954,0.160663
29-Apr-2026,22-May-2026,77.303,0.439112
29-Apr-2026,22-May-2026,82.1344,0.345841
29-Apr-2026,22-May-2026,86.9658,0.27677
29-Apr-2026,22-May-2026,91.7973,0.238316
29-Apr-2026,22-May-2026,96.6287,0.213678
29-Apr-2026,22-May-2026,101.46,0.193227
29-Apr-2026,22-May-2026,106.292,0.17681
29-Apr-2026,22-May-2026,111.123,0.167264
29-Apr-2026,22-May-2026,115.954,0.163708
29-Apr-2026,29-May-2026,77.303,0.397428
29-Apr-2026,29-May-2026,82.1344,0.320307
29-Apr-2026,29-May-2026,86.9658,0.266739
29-Apr-2026,29-May-2026,91.7973,0.234472
29-Apr-2026,29-May-2026,96.6287,0.21124
29-Apr-2026,29-May-2026,101.46,0.19123
29-Apr-2026,29-May-2026,106.292,0.17499
29-Apr-2026,29-May-2026,111.123,0.165418
29-Apr-2026,29-May-2026,115.954,0.161747
29-Apr-2026,30-Jun-2026,77.303,0.337034
29-Apr-2026,30-Jun-2026,82.1344,0.294644
29-Apr-2026,30-Jun-2026,86.9658,0.263114
29-Apr-2026,30-Jun-2026,91.7973,0.238226
29-Apr-2026,30-Jun-2026,96.6287,0.216575
29-Apr-2026,30-Jun-2026,101.46,0.196784
29-Apr-2026,30-Jun-2026,106.292,0.180192
29-Apr-2026,30-Jun-2026,111.123,0.169676
29-Apr-2026,30-Jun-2026,115.954,0.165036
29-Apr-2026,31-Jul-2026,77.303,0.319939
29-Apr-2026,31-Jul-2026,82.1344,0.288263
29-Apr-2026,31-Jul-2026,86.9658,0.262366
29-Apr-2026,31-Jul-2026,91.7973,0.239949
29-Apr-2026,31-Jul-2026,96.6287,0.219414
29-Apr-2026,31-Jul-2026,101.46,0.200269
29-Apr-2026,31-Jul-2026,106.292,0.183833
29-Apr-2026,31-Jul-2026,111.123,0.172677
29-Apr-2026,31-Jul-2026,115.954,0.167156
29-Apr-2026,31-Aug-2026,77.303,0.313542
29-Apr-2026,31-Aug-2026,82.1344,0.286604
29-Apr-2026,31-Aug-2026,86.9658,0.263326
29-Apr-2026,31-Aug-2026,91.7973,0.242308
29-Apr-2026,31-Aug-2026,96.6287,0.222633
29-Apr-2026,31-Aug-2026,101.46,0.204146
29-Apr-2026,31-Aug-2026,106.292,0.187988
29-Apr-2026,31-Aug-2026,111.123,0.176328
29-Apr-2026,31-Aug-2026,115.954,0.169921
29-Apr-2026,30-Sep-2026,77.303,0.311284
29-Apr-2026,30-Sep-2026,82.1344,0.286903
29-Apr-2026,30-Sep-2026,86.9658,0.265153
29-Apr-2026,30-Sep-2026,91.7973,0.245087
29-Apr-2026,30-Sep-2026,96.6287,0.22612
29-Apr-2026,30-Sep-2026,101.46,0.208246
29-Apr-2026,30-Sep-2026,106.292,0.192413
29-Apr-2026,30-Sep-2026,111.123,0.180401
29-Apr-2026,30-Sep-2026,115.954,0.173174
29-Apr-2026,30-Oct-2026,77.303,0.312202
29-Apr-2026,30-Oct-2026,82.1344,0.289377
29-Apr-2026,30-Oct-2026,86.9658,0.268607
29-Apr-2026,30-Oct-2026,91.7973,0.249216
29-Apr-2026,30-Oct-2026,96.6287,0.230814
29-Apr-2026,30-Oct-2026,101.46,0.213461
29-Apr-2026,30-Oct-2026,106.292,0.197922
29-Apr-2026,30-Oct-2026,111.123,0.185628
29-Apr-2026,30-Oct-2026,115.954,0.177605
29-Apr-2026,30-Nov-2026,77.303,0.313093
29-Apr-2026,30-Nov-2026,82.1344,0.291492
29-Apr-2026,30-Nov-2026,86.9658,0.27158
29-Apr-2026,30-Nov-2026,91.7973,0.252856
29-Apr-2026,30-Nov-2026,96.6287,0.235055
29-Apr-2026,30-Nov-2026,101.46,0.218264
29-Apr-2026,30-Nov-2026,106.292,0.203096
29-Apr-2026,30-Nov-2026,111.123,0.190684
29-Apr-2026,30-Nov-2026,115.954,0.182008
29-Apr-2026,31-Dec-2026,77.303,0.314223
29-Apr-2026,31-Dec-2026,82.1344,0.293594
29-Apr-2026,31-Dec-2026,86.9658,0.274417
29-Apr-2026,31-Dec-2026,91.7973,0.256311
29-Apr-2026,31-Dec-2026,96.6287,0.239088
29-Apr-2026,31-Dec-2026,101.46,0.222842
29-Apr-2026,31-Dec-2026,106.292,0.208062
29-Apr-2026,31-Dec-2026,111.123,0.195645
29-Apr-2026,31-Dec-2026,115.954,0.186471
29-Apr-2026,29-Jan-2027,77.303,0.314753
29-Apr-2026,29-Jan-2027,82.1344,0.29493
29-Apr-2026,29-Jan-2027,86.9658,0.276404
29-Apr-2026,29-Jan-2027,91.7973,0.25887
29-Apr-2026,29-Jan-2027,96.6287,0.24219
29-Apr-2026,29-Jan-2027,101.46,0.226453
29-Apr-2026,29-Jan-2027,106.292,0.212061
29-Apr-2026,29-Jan-2027,111.123,0.199736
29-Apr-2026,29-Jan-2027,115.954,0.190254
29-Apr-2026,26-Feb-2027,77.303,0.315678
29-Apr-2026,26-Feb-2027,82.1344,0.296515
29-Apr-2026,26-Feb-2027,86.9658,0.278543
29-Apr-2026,26-Feb-2027,91.7973,0.261511
29-Apr-2026,26-Feb-2027,96.6287,0.245313
29-Apr-2026,26-Feb-2027,101.46,0.230029
29-Apr-2026,26-Feb-2027,106.292,0.215991
29-Apr-2026,26-Feb-2027,111.123,0.203788
29-Apr-2026,26-Feb-2027,115.954,0.194091
30-Apr-2026,08-May-2026,77.2169,0.66099
30-Apr-2026,08-May-2026,82.043,0.504969
30-Apr-2026,08-May-2026,86.8691,0.354428
30-Apr-2026,08-May-2026,91.6951,0.254296
30-Apr-2026,08-May-2026,96.5212,0.220769
30-Apr-2026,08-May-2026,101.347,0.199281
30-Apr-2026,08-May-2026,106.173,0.18251
30-Apr-2026,08-May-2026,110.999,0.173072
30-Apr-2026,15-May-2026,77.2169,0.506243
30-Apr-2026,15-May-2026,82.043,0.389618
30-Apr-2026,15-May-2026,86.8691,0.289829
30-Apr-2026,15-May-2026,91.6951,0.236741
30-Apr-2026,15-May-2026,96.5212,0.210639
30-Apr-2026,15-May-2026,101.347,0.190397
30-Apr-2026,15-May-2026,106.173,0.174318
30-Apr-2026,15-May-2026,110.999,0.165159
30-Apr-2026,15-May-2026,115.825,0.161925
30-Apr-2026,22-May-2026,77.2169,0.448093
30-Apr-2026,22-May-2026,82.043,0.35201
30-Apr-2026,22-May-2026,86.8691,0.279879
30-Apr-2026,22-May-2026,91.6951,0.239938
30-Apr-2026,22-May-2026,96.5212,0.214849
30-Apr-2026,22-May-2026,101.347,0.19418
30-Apr-2026,22-May-2026,106.173,0.177645
30-Apr-2026,22-May-2026,110.999,0.168089
30-Apr-2026,22-May-2026,115.825,0.164571
30-Apr-2026,29-May-2026,77.2169,0.403207
30-Apr-2026,29-May-2026,82.043,0.32398
30-Apr-2026,29-May-2026,86.8691,0.268563
30-Apr-2026,29-May-2026,91.6951,0.235488
30-Apr-2026,29-May-2026,96.5212,0.211965
30-Apr-2026,29-May-2026,101.347,0.191797
30-Apr-2026,29-May-2026,106.173,0.175478
30-Apr-2026,29-May-2026,110.999,0.165912
30-Apr-2026,29-May-2026,115.825,0.162282
30-Apr-2026,05-Jun-2026,77.2169,0.38243
30-Apr-2026,05-Jun-2026,82.043,0.315306
30-Apr-2026,05-Jun-2026,86.8691,0.268968
30-Apr-2026,05-Jun-2026,91.6951,0.238608
30-Apr-2026,05-Jun-2026,96.5212,0.215289
30-Apr-2026,05-Jun-2026,101.347,0.194892
30-Apr-2026,05-Jun-2026,106.173,0.178264
30-Apr-2026,05-Jun-2026,110.999,0.168351
30-Apr-2026,05-Jun-2026,115.825,0.164444
30-Apr-2026,30-Jun-2026,77.2169,0.338461
30-Apr-2026,30-Jun-2026,82.043,0.295508
30-Apr-2026,30-Jun-2026,86.8691,0.263646
30-Apr-2026,30-Jun-2026,91.6951,0.23859
30-Apr-2026,30-Jun-2026,96.5212,0.216843
30-Apr-2026,30-Jun-2026,101.347,0.196989
30-Apr-2026,30-Jun-2026,106.173,0.18037
30-Apr-2026,30-Jun-2026,110.999,0.16987
30-Apr-2026,30-Jun-2026,115.825,0.165261
30-Apr-2026,31-Jul-2026,77.2169,0.320523
30-Apr-2026,31-Jul-2026,82.043,0.288656
30-Apr-2026,31-Jul-2026,86.8691,0.26265
30-Apr-2026,31-Jul-2026,91.6951,0.240172
30-Apr-2026,31-Jul-2026,96.5212,0.219602
30-Apr-2026,31-Jul-2026,101.347,0.200438
30-Apr-2026,31-Jul-2026,106.173,0.183999
30-Apr-2026,31-Jul-2026,110.999,0.172858
30-Apr-2026,31-Jul-2026,115.825,0.167354
30-Apr-2026,31-Aug-2026,77.2169,0.313867
30-Apr-2026,31-Aug-2026,82.043,0.286861
30-Apr-2026,31-Aug-2026,86.8691,0.263547
30-Apr-2026,31-Aug-2026,91.6951,0.242514
30-Apr-2026,31-Aug-2026,96.5212,0.222836
30-Apr-2026,31-Aug-2026,101.347,0.204357
30-Apr-2026,31-Aug-2026,106.173,0.188214
30-Apr-2026,31-Aug-2026,110.999,0.176569
30-Apr-2026,31-Aug-2026,115.825,0.170169
30-Apr-2026,30-Sep-2026,77.2169,0.311523
30-Apr-2026,30-Sep-2026,82.043,0.287126
30-Apr-2026,30-Sep-2026,86.8691,0.265376
30-Apr-2026,30-Sep-2026,91.6951,0.24532
30-Apr-2026,30-Sep-2026,96.5212,0.226373
30-Apr-2026,30-Sep-2026,101.347,0.208525
30-Apr-2026,30-Sep-2026,106.173,0.19272
30-Apr-2026,30-Sep-2026,110.999,0.180726
30-Apr-2026,30-Sep-2026,115.825,0.1735
30-Apr-2026,30-Oct-2026,77.2169,0.312424
30-Apr-2026,30-Oct-2026,82.043,0.289612
30-Apr-2026,30-Oct-2026,86.8691,0.268865
30-Apr-2026,30-Oct-2026,91.6951,0.249503
30-Apr-2026,30-Oct-2026,96.5212,0.231136
30-Apr-2026,30-Oct-2026,101.347,0.213824
30-Apr-2026,30-Oct-2026,106.173,0.198326
30-Apr-2026,30-Oct-2026,110.999,0.186055
30-Apr-2026,30-Oct-2026,115.825,0.178029
30-Apr-2026,30-Nov-2026,77.2169,0.313327
30-Apr-2026,30-Nov-2026,82.043,0.291759
30-Apr-2026,30-Nov-2026,86.8691,0.271885
30-Apr-2026,30-Nov-2026,91.6951,0.253204
30-Apr-2026,30-Nov-2026,96.5212,0.235451
30-Apr-2026,30-Nov-2026,101.347,0.218713
30-Apr-2026,30-Nov-2026,106.173,0.203595
30-Apr-2026,30-Nov-2026,110.999,0.191212
30-Apr-2026,30-Nov-2026,115.825,0.182535
30-Apr-2026,31-Dec-2026,77.2169,0.314486
30-Apr-2026,31-Dec-2026,82.043,0.293904
30-Apr-2026,31-Dec-2026,86.8691,0.274777
30-Apr-2026,31-Dec-2026,91.6951,0.256725
30-Apr-2026,31-Dec-2026,96.5212,0.23956
30-Apr-2026,31-Dec-2026,101.347,0.223375
30-Apr-2026,31-Dec-2026,106.173,0.208652
30-Apr-2026,31-Dec-2026,110.999,0.196271
30-Apr-2026,31-Dec-2026,115.825,0.187102
30-Apr-2026,29-Jan-2027,77.2169,0.315051
30-Apr-2026,29-Jan-2027,82.043,0.295284
30-Apr-2026,29-Jan-2027,86.8691,0.276816
30-Apr-2026,29-Jan-2027,91.6951,0.259344
30-Apr-2026,29-Jan-2027,96.5212,0.242729
30-Apr-2026,29-Jan-2027,101.347,0.227059
30-Apr-2026,29-Jan-2027,106.173,0.212729
30-Apr-2026,29-Jan-2027,110.999,0.200447
30-Apr-2026,29-Jan-2027,115.825,0.190975
30-Apr-2026,26-Feb-2027,77.2169,0.316016
30-Apr-2026,26-Feb-2027,82.043,0.296916
30-Apr-2026,26-Feb-2027,86.8691,0.279009
30-Apr-2026,26-Feb-2027,91.6951,0.262044
30-Apr-2026,26-Feb-2027,96.5212,0.245916
30-Apr-2026,26-Feb-2027,101.347,0.230704
30-Apr-2026,26-Feb-2027,106.173,0.216732
30-Apr-2026,26-Feb-2027,110.999,0.204577
30-Apr-2026,26-Feb-2027,115.825,0.194897
30-Apr-2026,31-Mar-2027,77.2169,0.3162
30-Apr-2026,31-Mar-2027,82.043,0.297853
30-Apr-2026,31-Mar-2027,86.8691,0.280599
30-Apr-2026,31-Mar-2027,91.6951,0.264236
30-Apr-2026,31-Mar-2027,96.5212,0.248683
30-Apr-2026,31-Mar-2027,101.347,0.234009
30-Apr-2026,31-Mar-2027,106.173,0.220474
30-Apr-2026,31-Mar-2027,110.999,0.20854
30-Apr-2026,31-Mar-2027,115.825,0.198753
04-May-2026,08-May-2026,76.6617,0.279286
04-May-2026,08-May-2026,81.4531,0.218639
04-May-2026,08-May-2026,86.2444,0.204759
04-May-2026,08-May-2026,91.0358,0.190421
04-May-2026,08-May-2026,95.8271,0.175622
04-May-2026,08-May-2026,100.619,0.16091
04-May-2026,08-May-2026,105.41,0.148309
04-May-2026,15-May-2026,76.6617,0.548367
04-May-2026,15-May-2026,81.4531,0.418449
04-May-2026,15-May-2026,86.2444,0.298544
04-May-2026,15-May-2026,91.0358,0.233137
04-May-2026,15-May-2026,95.8271,0.208252
04-May-2026,15-May-2026,100.619,0.189732
04-May-2026,15-May-2026,105.41,0.174555
04-May-2026,15-May-2026,110.201,0.165161
04-May-2026,15-May-2026,114.993,0.161275
04-May-2026,22-May-2026,76.6617,0.453001
04-May-2026,22-May-2026,81.4531,0.349878
04-May-2026,22-May-2026,86.2444,0.269068
04-May-2026,22-May-2026,91.0358,0.229193
04-May-2026,22-May-2026,95.8271,0.206979
04-May-2026,22-May-2026,100.619,0.188661
04-May-2026,22-May-2026,105.41,0.173519
04-May-2026,22-May-2026,110.201,0.164057
04-May-2026,22-May-2026,114.993,0.160052
04-May-2026,29-May-2026,76.6617,0.415422
04-May-2026,29-May-2026,81.4531,0.329612
04-May-2026,29-May-2026,86.2444,0.269568
04-May-2026,29-May-2026,91.0358,0.236338
04-May-2026,29-May-2026,95.8271,0.213955
04-May-2026,29-May-2026,100.619,0.19492
04-May-2026,29-May-2026,105.41,0.179153
04-May-2026,29-May-2026,110.201,0.169193
04-May-2026,29-May-2026,114.993,0.164851
04-May-2026,05-Jun-2026,76.6617,0.380965
04-May-2026,05-Jun-2026,81.4531,0.310267
04-May-2026,05-Jun-2026,86.2444,0.263132
04-May-2026,05-Jun-2026,91.0358,0.234375
04-May-2026,05-Jun-2026,95.8271,0.212929
04-May-2026,05-Jun-2026,100.619,0.194153
04-May-2026,05-Jun-2026,105.41,0.178468
04-May-2026,05-Jun-2026,110.201,0.168444
04-May-2026,05-Jun-2026,114.993,0.163974
04-May-2026,30-Jun-2026,76.6617,0.335622
04-May-2026,30-Jun-2026,81.4531,0.292781
04-May-2026,30-Jun-2026,86.2444,0.261953
04-May-2026,30-Jun-2026,91.0358,0.238196
04-May-2026,30-Jun-2026,95.8271,0.217721
04-May-2026,30-Jun-2026,100.619,0.19902
04-May-2026,30-Jun-2026,105.41,0.183067
04-May-2026,30-Jun-2026,110.201,0.172389
04-May-2026,30-Jun-2026,114.993,0.167203
04-May-2026,31-Jul-2026,76.6617,0.319209
04-May-2026,31-Jul-2026,81.4531,0.288153
04-May-2026,31-Jul-2026,86.2444,0.263126
04-May-2026,31-Jul-2026,91.0358,0.241639
04-May-2026,31-Jul-2026,95.8271,0.222036
04-May-2026,31-Jul-2026,100.619,0.203762
04-May-2026,31-Jul-2026,105.41,0.187856
04-May-2026,31-Jul-2026,110.201,0.176575
04-May-2026,31-Jul-2026,114.993,0.17053
04-May-2026,31-Aug-2026,76.6617,0.313844
04-May-2026,31-Aug-2026,81.4531,0.28764
04-May-2026,31-Aug-2026,86.2444,0.265153
04-May-2026,31-Aug-2026,91.0358,0.244933
04-May-2026,31-Aug-2026,95.8271,0.226053
04-May-2026,31-Aug-2026,100.619,0.208309
04-May-2026,31-Aug-2026,105.41,0.192631
04-May-2026,31-Aug-2026,110.201,0.180914
04-May-2026,31-Aug-2026,114.993,0.174037
04-May-2026,30-Sep-2026,76.6617,0.312386
04-May-2026,30-Sep-2026,81.4531,0.288709
04-May-2026,30-Sep-2026,86.2444,0.267672
04-May-2026,30-Sep-2026,91.0358,0.248316
04-May-2026,30-Sep-2026,95.8271,0.230056
04-May-2026,30-Sep-2026,100.619,0.212841
04-May-2026,30-Sep-2026,105.41,0.197459
04-May-2026,30-Sep-2026,110.201,0.185459
04-May-2026,30-Sep-2026,114.993,0.177832
04-May-2026,30-Oct-2026,76.6617,0.315794
04-May-2026,30-Oct-2026,81.4531,0.293474
04-May-2026,30-Oct-2026,86.2444,0.273221
04-May-2026,30-Oct-2026,91.0358,0.254358
04-May-2026,30-Oct-2026,95.8271,0.236496
04-May-2026,30-Oct-2026,100.619,0.219656
04-May-2026,30-Oct-2026,105.41,0.204474
04-May-2026,30-Oct-2026,110.201,0.192178
04-May-2026,30-Oct-2026,114.993,0.183757
04-May-2026,30-Nov-2026,76.6617,0.315388
04-May-2026,30-Nov-2026,81.4531,0.294392
04-May-2026,30-Nov-2026,86.2444,0.275078
04-May-2026,30-Nov-2026,91.0358,0.256947
04-May-2026,30-Nov-2026,95.8271,0.239732
04-May-2026,30-Nov-2026,100.619,0.22349
04-May-2026,30-Nov-2026,105.41,0.20874
04-May-2026,30-Nov-2026,110.201,0.196455
04-May-2026,30-Nov-2026,114.993,0.187547
04-May-2026,31-Dec-2026,76.6617,0.318284
04-May-2026,31-Dec-2026,81.4531,0.298134
04-May-2026,31-Dec-2026,86.2444,0.279435
04-May-2026,31-Dec-2026,91.0358,0.26181
04-May-2026,31-Dec-2026,95.8271,0.245072
04-May-2026,31-Dec-2026,100.619,0.229285
04-May-2026,31-Dec-2026,105.41,0.214861
04-May-2026,31-Dec-2026,110.201,0.202562
04-May-2026,31-Dec-2026,114.993,0.193181
04-May-2026,29-Jan-2027,76.6617,0.317742
04-May-2026,29-Jan-2027,81.4531,0.298459
04-May-2026,29-Jan-2027,86.2444,0.280462
04-May-2026,29-Jan-2027,91.0358,0.263453
04-May-2026,29-Jan-2027,95.8271,0.247288
04-May-2026,29-Jan-2027,100.619,0.232036
04-May-2026,29-Jan-2027,105.41,0.218037
04-May-2026,29-Jan-2027,110.201,0.205912
04-May-2026,29-Jan-2027,114.993,0.196346
04-May-2026,26-Feb-2027,76.6617,0.318914
04-May-2026,26-Feb-2027,81.4531,0.300267
04-May-2026,26-Feb-2027,86.2444,0.282801
04-May-2026,26-Feb-2027,91.0358,0.266269
04-May-2026,26-Feb-2027,95.8271,0.250561
04-May-2026,26-Feb-2027,100.619,0.235739
04-May-2026,26-Feb-2027,105.41,0.222085
04-May-2026,26-Feb-2027,110.201,0.210103
04-May-2026,26-Feb-2027,114.993,0.20038
04-May-2026,31-Mar-2027,76.6617,0.320304
04-May-2026,31-Mar-2027,81.4531,0.302324
04-May-2026,31-Mar-2027,86.2444,0.285434
04-May-2026,31-Mar-2027,91.0358,0.269431
04-May-2026,31-Mar-2027,95.8271,0.254233
04-May-2026,31-Mar-2027,100.619,0.239891
04-May-2026,31-Mar-2027,105.41,0.226631
04-May-2026,31-Mar-2027,110.201,0.214849
04-May-2026,31-Mar-2027,114.993,0.205029
05-May-2026,08-May-2026,76.9076,0.331273
05-May-2026,08-May-2026,81.7143,0.242651
05-May-2026,08-May-2026,86.5211,0.205026
05-May-2026,08-May-2026,91.3278,0.19072
05-May-2026,08-May-2026,96.1345,0.175966
05-May-2026,08-May-2026,100.941,0.161307
05-May-2026,08-May-2026,105.748,0.148752
05-May-2026,08-May-2026,110.555,0.196923
05-May-2026,08-May-2026,115.361,0.255773
05-May-2026,15-May-2026,76.9076,0.574096
05-May-2026,15-May-2026,81.7143,0.4379
05-May-2026,15-May-2026,86.5211,0.310551
05-May-2026,15-May-2026,91.3278,0.238924
05-May-2026,15-May-2026,96.1345,0.213308
05-May-2026,15-May-2026,100.941,0.194826
05-May-2026,15-May-2026,105.748,0.17961
05-May-2026,15-May-2026,110.555,0.169877
05-May-2026,15-May-2026,115.361,0.165577
05-May-2026,22-May-2026,76.9076,0.465205
05-May-2026,22-May-2026,81.7143,0.358926
05-May-2026,22-May-2026,86.5211,0.275061
05-May-2026,22-May-2026,91.3278,0.234218
05-May-2026,22-May-2026,96.1345,0.212175
05-May-2026,22-May-2026,100.941,0.194238
05-May-2026,22-May-2026,105.748,0.179263
05-May-2026,22-May-2026,110.555,0.169407
05-May-2026,22-May-2026,115.361,0.164795
05-May-2026,29-May-2026,76.9076,0.423086
05-May-2026,29-May-2026,81.7143,0.33579
05-May-2026,29-May-2026,86.5211,0.275371
05-May-2026,29-May-2026,91.3278,0.242538
05-May-2026,29-May-2026,96.1345,0.220749
05-May-2026,29-May-2026,100.941,0.202401
05-May-2026,29-May-2026,105.748,0.186986
05-May-2026,29-May-2026,110.555,0.176522
05-May-2026,29-May-2026,115.361,0.171302
05-May-2026,05-Jun-2026,76.9076,0.386471
05-May-2026,05-Jun-2026,81.7143,0.315609
05-May-2026,05-Jun-2026,86.5211,0.269228
05-May-2026,05-Jun-2026,91.3278,0.241324
05-May-2026,05-Jun-2026,96.1345,0.22073
05-May-2026,05-Jun-2026,100.941,0.20287
05-May-2026,05-Jun-2026,105.748,0.187692
05-May-2026,05-Jun-2026,110.555,0.177121
05-May-2026,05-Jun-2026,115.361,0.171595
05-May-2026,30-Jun-2026,76.9076,0.341172
05-May-2026,30-Jun-2026,81.7143,0.300414
05-May-2026,30-Jun-2026,86.5211,0.271462
05-May-2026,30-Jun-2026,91.3278,0.24929
05-May-2026,30-Jun-2026,96.1345,0.230392
05-May-2026,30-Jun-2026,100.941,0.213352
05-May-2026,30-Jun-2026,105.748,0.198476
05-May-2026,30-Jun-2026,110.555,0.187238
05-May-2026,30-Jun-2026,115.361,0.18041
05-May-2026,31-Jul-2026,76.9076,0.328558
05-May-2026,31-Jul-2026,81.7143,0.300079
05-May-2026,31-Jul-2026,86.5211,0.277302
05-May-2026,31-Jul-2026,91.3278,0.257927
05-May-2026,31-Jul-2026,96.1345,0.24054
05-May-2026,31-Jul-2026,100.941,0.224592
05-May-2026,31-Jul-2026,105.748,0.210371
05-May-2026,31-Jul-2026,110.555,0.198857
05-May-2026,31-Jul-2026,115.361,0.190865
05-May-2026,31-Aug-2026,76.9076,0.327347
05-May-2026,31-Aug-2026,81.7143,0.3039
05-May-2026,31-Aug-2026,86.5211,0.283952
05-May-2026,31-Aug-2026,91.3278,0.266254
05-May-2026,31-Aug-2026,96.1345,0.250059
05-May-2026,31-Aug-2026,100.941,0.235095
05-May-2026,31-Aug-2026,105.748,0.221574
05-May-2026,31-Aug-2026,110.555,0.210127
05-May-2026,31-Aug-2026,115.361,0.201423
05-May-2026,30-Sep-2026,76.9076,0.329875
05-May-2026,30-Sep-2026,81.7143,0.309114
05-May-2026,30-Sep-2026,86.5211,0.290869
05-May-2026,30-Sep-2026,91.3278,0.274357
05-May-2026,30-Sep-2026,96.1345,0.259114
05-May-2026,30-Sep-2026,100.941,0.244978
05-May-2026,30-Sep-2026,105.748,0.232094
05-May-2026,30-Sep-2026,110.555,0.220872
05-May-2026,30-Sep-2026,115.361,0.211811
05-May-2026,30-Oct-2026,76.9076,0.33759
05-May-2026,30-Oct-2026,81.7143,0.318406
05-May-2026,30-Oct-2026,86.5211,0.301229
05-May-2026,30-Oct-2026,91.3278,0.285524
05-May-2026,30-Oct-2026,96.1345,0.270971
05-May-2026,30-Oct-2026,100.941,0.257457
05-May-2026,30-Oct-2026,105.748,0.245064
05-May-2026,30-Oct-2026,110.555,0.234051
05-May-2026,30-Oct-2026,115.361,0.224764
05-May-2026,30-Nov-2026,76.9076,0.341005
05-May-2026,30-Nov-2026,81.7143,0.323271
05-May-2026,30-Nov-2026,86.5211,0.307199
05-May-2026,30-Nov-2026,91.3278,0.292398
05-May-2026,30-Nov-2026,96.1345,0.278638
05-May-2026,30-Nov-2026,100.941,0.265831
05-May-2026,30-Nov-2026,105.748,0.254027
05-May-2026,30-Nov-2026,110.555,0.243397
05-May-2026,30-Nov-2026,115.361,0.23418
05-May-2026,31-Dec-2026,76.9076,0.34802
05-May-2026,31-Dec-2026,81.7143,0.331291
05-May-2026,31-Dec-2026,86.5211,0.316014
05-May-2026,31-Dec-2026,91.3278,0.301888
05-May-2026,31-Dec-2026,96.1345,0.288733
05-May-2026,31-Dec-2026,100.941,0.276476
05-May-2026,31-Dec-2026,105.748,0.265137
05-May-2026,31-Dec-2026,110.555,0.254821
05-May-2026,31-Dec-2026,115.361,0.245689
05-May-2026,29-Jan-2027,76.9076,0.350663
05-May-2026,29-Jan-2027,81.7143,0.334865
05-May-2026,29-Jan-2027,86.5211,0.32036
05-May-2026,29-Jan-2027,91.3278,0.306907
05-May-2026,29-Jan-2027,96.1345,0.294356
05-May-2026,29-Jan-2027,100.941,0.282643
05-May-2026,29-Jan-2027,105.748,0.271774
05-May-2026,29-Jan-2027,110.555,0.261821
05-May-2026,29-Jan-2027,115.361,0.252897
05-May-2026,26-Feb-2027,76.9076,0.355045
05-May-2026,26-Feb-2027,81.7143,0.339956
05-May-2026,26-Feb-2027,86.5211,0.326052
05-May-2026,26-Feb-2027,91.3278,0.31313
05-May-2026,26-Feb-2027,96.1345,0.301062
05-May-2026,26-Feb-2027,100.941,0.289786
05-May-2026,26-Feb-2027,105.748,0.2793
05-May-2026,26-Feb-2027,110.555,0.269647
05-May-2026,26-Feb-2027,115.361,0.260906
05-May-2026,31-Mar-2027,76.9076,0.360051
05-May-2026,31-Mar-2027,81.7143,0.345691
05-May-2026,31-Mar-2027,86.5211,0.332418
05-May-2026,31-Mar-2027,91.3278,0.32006
05-May-2026,31-Mar-2027,96.1345,0.308506
05-May-2026,31-Mar-2027,100.941,0.297699
05-May-2026,31-Mar-2027,105.748,0.287625
05-May-2026,31-Mar-2027,110.555,0.278307
05-May-2026,31-Mar-2027,115.361,0.269794
06-May-2026,08-May-2026,76.6072,0.395994
06-May-2026,08-May-2026,81.3951,0.28971
06-May-2026,08-May-2026,86.1831,0.208135
06-May-2026,08-May-2026,90.971,0.194014
06-May-2026,08-May-2026,95.759,0.179518
06-May-2026,08-May-2026,100.547,0.165132
06-May-2026,08-May-2026,105.335,0.168113
06-May-2026,08-May-2026,110.123,0.245091
06-May-2026,08-May-2026,114.911,0.318342
06-May-2026,15-May-2026,76.6072,0.605783
06-May-2026,15-May-2026,81.3951,0.462011
06-May-2026,15-May-2026,86.1831,0.32625
06-May-2026,15-May-2026,90.971,0.24763
06-May-2026,15-May-2026,95.759,0.221057
06-May-2026,15-May-2026,100.547,0.20252
06-May-2026,15-May-2026,105.335,0.187136
06-May-2026,15-May-2026,110.123,0.176874
06-May-2026,15-May-2026,114.911,0.171967
06-May-2026,22-May-2026,76.6072,0.480065
06-May-2026,22-May-2026,81.3951,0.370129
06-May-2026,22-May-2026,86.1831,0.282647
06-May-2026,22-May-2026,90.971,0.240325
06-May-2026,22-May-2026,95.759,0.218154
06-May-2026,22-May-2026,100.547,0.200326
06-May-2026,22-May-2026,105.335,0.185313
06-May-2026,22-May-2026,110.123,0.175043
06-May-2026,22-May-2026,114.911,0.16988
06-May-2026,29-May-2026,76.6072,0.432713
06-May-2026,29-May-2026,81.3951,0.343283
06-May-2026,29-May-2026,86.1831,0.281478
06-May-2026,29-May-2026,90.971,0.248259
06-May-2026,29-May-2026,95.759,0.226507
06-May-2026,29-May-2026,100.547,0.208304
06-May-2026,29-May-2026,105.335,0.192888
06-May-2026,29-May-2026,110.123,0.182055
06-May-2026,29-May-2026,114.911,0.176297
06-May-2026,05-Jun-2026,76.6072,0.393408
06-May-2026,05-Jun-2026,81.3951,0.321379
06-May-2026,05-Jun-2026,86.1831,0.274484
06-May-2026,05-Jun-2026,90.971,0.246516
06-May-2026,05-Jun-2026,95.759,0.226042
06-May-2026,05-Jun-2026,100.547,0.208361
06-May-2026,05-Jun-2026,105.335,0.19322
06-May-2026,05-Jun-2026,110.123,0.182334
06-May-2026,05-Jun-2026,114.911,0.176303
06-May-2026,30-Jun-2026,76.6072,0.34551
06-May-2026,30-Jun-2026,81.3951,0.304798
06-May-2026,30-Jun-2026,86.1831,0.27598
06-May-2026,30-Jun-2026,90.971,0.253969
06-May-2026,30-Jun-2026,95.759,0.235264
06-May-2026,30-Jun-2026,100.547,0.218427
06-May-2026,30-Jun-2026,105.335,0.203647
06-May-2026,30-Jun-2026,110.123,0.192226
06-May-2026,30-Jun-2026,114.911,0.184989
06-May-2026,31-Jul-2026,76.6072,0.332448
06-May-2026,31-Jul-2026,81.3951,0.304168
06-May-2026,31-Jul-2026,86.1831,0.281579
06-May-2026,31-Jul-2026,90.971,0.26239
06-May-2026,31-Jul-2026,95.759,0.245201
06-May-2026,31-Jul-2026,100.547,0.229449
06-May-2026,31-Jul-2026,105.335,0.215349
06-May-2026,31-Jul-2026,110.123,0.203763
06-May-2026,31-Jul-2026,114.911,0.195484
06-May-2026,31-Aug-2026,76.6072,0.331155
06-May-2026,31-Aug-2026,81.3951,0.307905
06-May-2026,31-Aug-2026,86.1831,0.28814
06-May-2026,31-Aug-2026,90.971,0.270624
06-May-2026,31-Aug-2026,95.759,0.254616
06-May-2026,31-Aug-2026,100.547,0.239833
06-May-2026,31-Aug-2026,105.335,0.226439
06-May-2026,31-Aug-2026,110.123,0.214987
06-May-2026,31-Aug-2026,114.911,0.206104
06-May-2026,30-Sep-2026,76.6072,0.333671
06-May-2026,30-Sep-2026,81.3951,0.313092
06-May-2026,30-Sep-2026,86.1831,0.295021
06-May-2026,30-Sep-2026,90.971,0.278682
06-May-2026,30-Sep-2026,95.759,0.263614
06-May-2026,30-Sep-2026,100.547,0.249645
06-May-2026,30-Sep-2026,105.335,0.236885
06-May-2026,30-Sep-2026,110.123,0.225697
06-May-2026,30-Sep-2026,114.911,0.216536
06-May-2026,30-Oct-2026,76.6072,0.341435
06-May-2026,30-Oct-2026,81.3951,0.322422
06-May-2026,30-Oct-2026,86.1831,0.30541
06-May-2026,30-Oct-2026,90.971,0.289868
06-May-2026,30-Oct-2026,95.759,0.275478
06-May-2026,30-Oct-2026,100.547,0.262116
06-May-2026,30-Oct-2026,105.335,0.249845
06-May-2026,30-Oct-2026,110.123,0.23889
06-May-2026,30-Oct-2026,114.911,0.22956
06-May-2026,30-Nov-2026,76.6072,0.344844
06-May-2026,30-Nov-2026,81.3951,0.327269
06-May-2026,30-Nov-2026,86.1831,0.311352
06-May-2026,30-Nov-2026,90.971,0.296704
06-May-2026,30-Nov-2026,95.759,0.283095
06-May-2026,30-Nov-2026,100.547,0.270431
06-May-2026,30-Nov-2026,105.335,0.258745
06-May-2026,30-Nov-2026,110.123,0.248184
06-May-2026,30-Nov-2026,114.911,0.238962
06-May-2026,31-Dec-2026,76.6072,0.351889
06-May-2026,31-Dec-2026,81.3951,0.335311
06-May-2026,31-Dec-2026,86.1831,0.32018
06-May-2026,31-Dec-2026,90.971,0.306198
06-May-2026,31-Dec-2026,95.759,0.293186
06-May-2026,31-Dec-2026,100.547,0.281061
06-May-2026,31-Dec-2026,105.335,0.269835
06-May-2026,31-Dec-2026,110.123,0.259596
06-May-2026,31-Dec-2026,114.911,0.250484
06-May-2026,29-Jan-2027,76.6072,0.354516
06-May-2026,29-Jan-2027,81.3951,0.338861
06-May-2026,29-Jan-2027,86.1831,0.324496
06-May-2026,29-Jan-2027,90.971,0.311179
06-May-2026,29-Jan-2027,95.759,0.298763
06-May-2026,29-Jan-2027,100.547,0.287175
06-May-2026,29-Jan-2027,105.335,0.276416
06-May-2026,29-Jan-2027,110.123,0.266542
06-May-2026,29-Jan-2027,114.911,0.257652
06-May-2026,26-Feb-2027,76.6072,0.3589
06-May-2026,26-Feb-2027,81.3951,0.343948
06-May-2026,26-Feb-2027,86.1831,0.330177
06-May-2026,26-Feb-2027,90.971,0.317386
06-May-2026,26-Feb-2027,95.759,0.305445
06-May-2026,26-Feb-2027,100.547,0.29429
06-May-2026,26-Feb-2027,105.335,0.283909
06-May-2026,26-Feb-2027,110.123,0.274337
06-May-2026,26-Feb-2027,114.911,0.26564
06-May-2026,31-Mar-2027,76.6072,0.363905
06-May-2026,31-Mar-2027,81.3951,0.349676
06-May-2026,31-Mar-2027,86.1831,0.33653
06-May-2026,31-Mar-2027,90.971,0.324296
06-May-2026,31-Mar-2027,95.759,0.312863
06-May-2026,31-Mar-2027,100.547,0.302169
06-May-2026,31-Mar-2027,105.335,0.292196
06-May-2026,31-Mar-2027,110.123,0.28296
06-May-2026,31-Mar-2027,114.911,0.2745
07-May-2026,08-May-2026,90.7079,0.19446
07-May-2026,08-May-2026,95.482,0.179988
07-May-2026,08-May-2026,100.256,0.170788
07-May-2026,15-May-2026,76.3856,0.643556
07-May-2026,15-May-2026,81.1597,0.490778
07-May-2026,15-May-2026,85.9338,0.344561
07-May-2026,15-May-2026,90.7079,0.254682
07-May-2026,15-May-2026,95.482,0.226127
07-May-2026,15-May-2026,100.256,0.207168
07-May-2026,15-May-2026,105.03,0.19149
07-May-2026,15-May-2026,109.804,0.180972
07-May-2026,15-May-2026,114.578,0.175869
07-May-2026,22-May-2026,76.3856,0.496656
07-May-2026,22-May-2026,81.1597,0.382391
07-May-2026,22-May-2026,85.9338,0.289273
07-May-2026,22-May-2026,90.7079,0.243816
07-May-2026,22-May-2026,95.482,0.221029
07-May-2026,22-May-2026,100.256,0.203022
07-May-2026,22-May-2026,105.03,0.187881
07-May-2026,22-May-2026,109.804,0.177456
07-May-2026,22-May-2026,114.578,0.172147
07-May-2026,29-May-2026,76.3856,0.443113
07-May-2026,29-May-2026,81.1597,0.350576
07-May-2026,29-May-2026,85.9338,0.285744
07-May-2026,29-May-2026,90.7079,0.251219
07-May-2026,29-May-2026,95.482,0.22911
07-May-2026,29-May-2026,100.256,0.210786
07-May-2026,29-May-2026,105.03,0.195279
07-May-2026,29-May-2026,109.804,0.184306
07-May-2026,29-May-2026,114.578,0.178393
07-May-2026,05-Jun-2026,76.3856,0.400558
07-May-2026,05-Jun-2026,81.1597,0.326255
07-May-2026,05-Jun-2026,85.9338,0.277617
07-May-2026,05-Jun-2026,90.7079,0.248956
07-May-2026,05-Jun-2026,95.482,0.228275
07-May-2026,05-Jun-2026,100.256,0.210532
07-May-2026,05-Jun-2026,105.03,0.195341
07-May-2026,05-Jun-2026,109.804,0.184339
07-May-2026,05-Jun-2026,114.578,0.178156
07-May-2026,30-Jun-2026,76.3856,0.348889
07-May-2026,30-Jun-2026,81.1597,0.307461
07-May-2026,30-Jun-2026,85.9338,0.278255
07-May-2026,30-Jun-2026,90.7079,0.256091
07-May-2026,30-Jun-2026,95.482,0.237359
07-May-2026,30-Jun-2026,100.256,0.220552
07-May-2026,30-Jun-2026,105.03,0.20579
07-May-2026,30-Jun-2026,109.804,0.194298
07-May-2026,30-Jun-2026,114.578,0.186903
07-May-2026,31-Jul-2026,76.3856,0.334957
07-May-2026,31-Jul-2026,81.1597,0.306472
07-May-2026,31-Jul-2026,85.9338,0.283796
07-May-2026,31-Jul-2026,90.7079,0.264605
07-May-2026,31-Jul-2026,95.482,0.247471
07-May-2026,31-Jul-2026,100.256,0.231801
07-May-2026,31-Jul-2026,105.03,0.217768
07-May-2026,31-Jul-2026,109.804,0.206161
07-May-2026,31-Jul-2026,114.578,0.197751
07-May-2026,31-Aug-2026,76.3856,0.333548
07-May-2026,31-Aug-2026,81.1597,0.310252
07-May-2026,31-Aug-2026,85.9338,0.290501
07-May-2026,31-Aug-2026,90.7079,0.273045
07-May-2026,31-Aug-2026,95.482,0.257132
07-May-2026,31-Aug-2026,100.256,0.242462
07-May-2026,31-Aug-2026,105.03,0.229162
07-May-2026,31-Aug-2026,109.804,0.217734
07-May-2026,31-Aug-2026,114.578,0.208764
07-May-2026,30-Sep-2026,76.3856,0.336138
07-May-2026,30-Sep-2026,81.1597,0.315584
07-May-2026,30-Sep-2026,85.9338,0.297576
07-May-2026,30-Sep-2026,90.7079,0.28133
07-May-2026,30-Sep-2026,95.482,0.26638
07-May-2026,30-Sep-2026,100.256,0.25254
07-May-2026,30-Sep-2026,105.03,0.239893
07-May-2026,30-Sep-2026,109.804,0.228759
07-May-2026,30-Sep-2026,114.578,0.219557
07-May-2026,30-Oct-2026,76.3856,0.344096
07-May-2026,30-Oct-2026,81.1597,0.325149
07-May-2026,30-Oct-2026,85.9338,0.30823
07-May-2026,30-Oct-2026,90.7079,0.292804
07-May-2026,30-Oct-2026,95.482,0.278547
07-May-2026,30-Oct-2026,100.256,0.265324
07-May-2026,30-Oct-2026,105.03,0.253177
07-May-2026,30-Oct-2026,109.804,0.2423
07-May-2026,30-Oct-2026,114.578,0.23297
07-May-2026,30-Nov-2026,76.3856,0.347648
07-May-2026,30-Nov-2026,81.1597,0.330167
07-May-2026,30-Nov-2026,85.9338,0.314362
07-May-2026,30-Nov-2026,90.7079,0.299845
07-May-2026,30-Nov-2026,95.482,0.286377
07-May-2026,30-Nov-2026,100.256,0.273857
07-May-2026,30-Nov-2026,105.03,0.262302
07-May-2026,30-Nov-2026,109.804,0.251834
07-May-2026,30-Nov-2026,114.578,0.242641
07-May-2026,31-Dec-2026,76.3856,0.354895
07-May-2026,31-Dec-2026,81.1597,0.338429
07-May-2026,31-Dec-2026,85.9338,0.323424
07-May-2026,31-Dec-2026,90.7079,0.309582
07-May-2026,31-Dec-2026,95.482,0.296716
07-May-2026,31-Dec-2026,100.256,0.284739
07-May-2026,31-Dec-2026,105.03,0.273648
07-May-2026,31-Dec-2026,109.804,0.263514
07-May-2026,31-Dec-2026,114.578,0.254455
07-May-2026,29-Jan-2027,76.3856,0.357646
07-May-2026,29-Jan-2027,81.1597,0.342114
07-May-2026,29-Jan-2027,85.9338,0.327884
07-May-2026,29-Jan-2027,90.7079,0.314711
07-May-2026,29-Jan-2027,95.482,0.302444
07-May-2026,29-Jan-2027,100.256,0.291005
07-May-2026,29-Jan-2027,105.03,0.280382
07-May-2026,29-Jan-2027,109.804,0.270619
07-May-2026,29-Jan-2027,114.578,0.261797
07-May-2026,26-Feb-2027,76.3856,0.362174
07-May-2026,26-Feb-2027,81.1597,0.347352
07-May-2026,26-Feb-2027,85.9338,0.333722
07-May-2026,26-Feb-2027,90.7079,0.321078
07-May-2026,26-Feb-2027,95.482,0.309288
07-May-2026,26-Feb-2027,100.256,0.298281
07-May-2026,26-Feb-2027,105.03,0.288038
07-May-2026,26-Feb-2027,109.804,0.27858
07-May-2026,26-Feb-2027,114.578,0.269962
07-May-2026,31-Mar-2027,76.3856,0.367338
07-May-2026,31-Mar-2027,81.1597,0.353247
07-May-2026,31-Mar-2027,85.9338,0.340245
07-May-2026,31-Mar-2027,90.7079,0.32816
07-May-2026,31-Mar-2027,95.482,0.316878
07-May-2026,31-Mar-2027,100.256,0.306332
07-May-2026,31-Mar-2027,105.03,0.296497
07-May-2026,31-Mar-2027,109.804,0.287377
07-May-2026,31-Mar-2027,114.578,0.279005
08-May-2026,15-May-2026,75.9883,0.683592
08-May-2026,15-May-2026,80.7376,0.52099
08-May-2026,15-May-2026,85.4868,0.36399
08-May-2026,15-May-2026,90.2361,0.262885
08-May-2026,15-May-2026,94.9854,0.232571
08-May-2026,15-May-2026,99.7346,0.21323
08-May-2026,15-May-2026,104.484,0.197228
08-May-2026,15-May-2026,109.233,0.18639
08-May-2026,15-May-2026,113.982,0.181502
08-May-2026,22-May-2026,75.9883,0.510488
08-May-2026,22-May-2026,80.7376,0.392427
08-May-2026,22-May-2026,85.4868,0.294879
08-May-2026,22-May-2026,90.2361,0.247424
08-May-2026,22-May-2026,94.9854,0.224389
08-May-2026,22-May-2026,99.7346,0.206318
08-May-2026,22-May-2026,104.484,0.191087
08-May-2026,22-May-2026,109.233,0.180496
08-May-2026,22-May-2026,113.982,0.175006
08-May-2026,29-May-2026,75.9883,0.449911
08-May-2026,29-May-2026,80.7376,0.35526
08-May-2026,29-May-2026,85.4868,0.288935
08-May-2026,29-May-2026,90.2361,0.254102
08-May-2026,29-May-2026,94.9854,0.232008
08-May-2026,29-May-2026,99.7346,0.213714
08-May-2026,29-May-2026,104.484,0.198186
08-May-2026,29-May-2026,109.233,0.187087
08-May-2026,29-May-2026,113.982,0.180998
08-May-2026,05-Jun-2026,75.9883,0.404192
08-May-2026,05-Jun-2026,80.7376,0.328843
08-May-2026,05-Jun-2026,85.4868,0.279861
08-May-2026,05-Jun-2026,90.2361,0.251285
08-May-2026,05-Jun-2026,94.9854,0.230723
08-May-2026,05-Jun-2026,99.7346,0.213071
08-May-2026,05-Jun-2026,104.484,0.197911
08-May-2026,05-Jun-2026,109.233,0.18682
08-May-2026,05-Jun-2026,113.982,0.180473
08-May-2026,12-Jun-2026,75.9883,0.375944
08-May-2026,12-Jun-2026,80.7376,0.314855
08-May-2026,12-Jun-2026,85.4868,0.275636
08-May-2026,12-Jun-2026,90.2361,0.250398
08-May-2026,12-Jun-2026,94.9854,0.230839
08-May-2026,12-Jun-2026,99.7346,0.213679
08-May-2026,12-Jun-2026,104.484,0.198801
08-May-2026,12-Jun-2026,109.233,0.187682
08-May-2026,12-Jun-2026,113.982,0.181068
08-May-2026,30-Jun-2026,75.9883,0.349577
08-May-2026,30-Jun-2026,80.7376,0.308614
08-May-2026,30-Jun-2026,85.4868,0.279864
08-May-2026,30-Jun-2026,90.2361,0.258031
08-May-2026,30-Jun-2026,94.9854,0.239541
08-May-2026,30-Jun-2026,99.7346,0.222927
08-May-2026,30-Jun-2026,104.484,0.208292
08-May-2026,30-Jun-2026,109.233,0.196795
08-May-2026,30-Jun-2026,113.982,0.189269
08-May-2026,31-Jul-2026,75.9883,0.335525
08-May-2026,31-Jul-2026,80.7376,0.307648
08-May-2026,31-Jul-2026,85.4868,0.285442
08-May-2026,31-Jul-2026,90.2361,0.266607
08-May-2026,31-Jul-2026,94.9854,0.249759
08-May-2026,31-Jul-2026,99.7346,0.234335
08-May-2026,31-Jul-2026,104.484,0.220489
08-May-2026,31-Jul-2026,109.233,0.208955
08-May-2026,31-Jul-2026,113.982,0.200475
08-May-2026,31-Aug-2026,75.9883,0.33438
08-May-2026,31-Aug-2026,80.7376,0.311644
08-May-2026,31-Aug-2026,85.4868,0.292335
08-May-2026,31-Aug-2026,90.2361,0.275237
08-May-2026,31-Aug-2026,94.9854,0.25963
08-May-2026,31-Aug-2026,99.7346,0.245229
08-May-2026,31-Aug-2026,104.484,0.23215
08-May-2026,31-Aug-2026,109.233,0.220849
08-May-2026,31-Aug-2026,113.982,0.211876
08-May-2026,30-Sep-2026,75.9883,0.337253
08-May-2026,30-Sep-2026,80.7376,0.317215
08-May-2026,30-Sep-2026,85.4868,0.299629
08-May-2026,30-Sep-2026,90.2361,0.283741
08-May-2026,30-Sep-2026,94.9854,0.269105
08-May-2026,30-Sep-2026,99.7346,0.255546
08-May-2026,30-Sep-2026,104.484,0.243136
08-May-2026,30-Sep-2026,109.233,0.232166
08-May-2026,30-Sep-2026,113.982,0.223017
08-May-2026,30-Oct-2026,75.9883,0.345487
08-May-2026,30-Oct-2026,80.7376,0.327033
08-May-2026,30-Oct-2026,85.4868,0.31053
08-May-2026,30-Oct-2026,90.2361,0.295466
08-May-2026,30-Oct-2026,94.9854,0.281533
08-May-2026,30-Oct-2026,99.7346,0.268602
08-May-2026,30-Oct-2026,104.484,0.256708
08-May-2026,30-Oct-2026,109.233,0.246021
08-May-2026,30-Oct-2026,113.982,0.236793
08-May-2026,30-Nov-2026,75.9883,0.34931
08-May-2026,30-Nov-2026,80.7376,0.332292
08-May-2026,30-Nov-2026,85.4868,0.316887
08-May-2026,30-Nov-2026,90.2361,0.302724
08-May-2026,30-Nov-2026,94.9854,0.289577
08-May-2026,30-Nov-2026,99.7346,0.277348
08-May-2026,30-Nov-2026,104.484,0.266048
08-May-2026,30-Nov-2026,109.233,0.255785
08-May-2026,30-Nov-2026,113.982,0.246724
08-May-2026,31-Dec-2026,75.9883,0.356817
08-May-2026,31-Dec-2026,80.7376,0.340797
08-May-2026,31-Dec-2026,85.4868,0.326185
08-May-2026,31-Dec-2026,90.2361,0.312695
08-May-2026,31-Dec-2026,94.9854,0.300149
08-May-2026,31-Dec-2026,99.7346,0.288464
08-May-2026,31-Dec-2026,104.484,0.277632
08-May-2026,31-Dec-2026,109.233,0.267713
08-May-2026,31-Dec-2026,113.982,0.25881
08-May-2026,29-Jan-2027,75.9883,0.359791
08-May-2026,29-Jan-2027,80.7376,0.344685
08-May-2026,29-Jan-2027,85.4868,0.330833
08-May-2026,29-Jan-2027,90.2361,0.318002
08-May-2026,29-Jan-2027,94.9854,0.306048
08-May-2026,29-Jan-2027,99.7346,0.294894
08-May-2026,29-Jan-2027,104.484,0.284527
08-May-2026,29-Jan-2027,109.233,0.274982
08-May-2026,29-Jan-2027,113.982,0.266327
08-May-2026,26-Feb-2027,75.9883,0.364525
08-May-2026,26-Feb-2027,80.7376,0.350116
08-May-2026,26-Feb-2027,85.4868,0.336855
08-May-2026,26-Feb-2027,90.2361,0.324546
08-May-2026,26-Feb-2027,94.9854,0.313063
08-May-2026,26-Feb-2027,99.7346,0.302338
08-May-2026,26-Feb-2027,104.484,0.292348
08-May-2026,26-Feb-2027,109.233,0.28311
08-May-2026,26-Feb-2027,113.982,0.274669
08-May-2026,31-Mar-2027,75.9883,0.369919
08-May-2026,31-Mar-2027,80.7376,0.356225
08-May-2026,31-Mar-2027,85.4868,0.343581
08-May-2026,31-Mar-2027,90.2361,0.331823
08-May-2026,31-Mar-2027,94.9854,0.320842
08-May-2026,31-Mar-2027,99.7346,0.310572
08-May-2026,31-Mar-2027,104.484,0.300987
08-May-2026,31-Mar-2027,109.233,0.292088
08-May-2026,31-Mar-2027,113.982,0.283898
11-May-2026,15-May-2026,75.1093,0.286971
11-May-2026,15-May-2026,79.8037,0.227555
11-May-2026,15-May-2026,84.498,0.214165
11-May-2026,15-May-2026,89.1923,0.20049
11-May-2026,15-May-2026,93.8867,0.186526
11-May-2026,15-May-2026,98.581,0.172698
11-May-2026,15-May-2026,103.275,0.16038
11-May-2026,22-May-2026,75.1093,0.546754
11-May-2026,22-May-2026,79.8037,0.41736
11-May-2026,22-May-2026,84.498,0.302162
11-May-2026,22-May-2026,89.1923,0.245482
11-May-2026,22-May-2026,93.8867,0.222974
11-May-2026,22-May-2026,98.581,0.205847
11-May-2026,22-May-2026,103.275,0.191209
11-May-2026,22-May-2026,107.97,0.18067
11-May-2026,22-May-2026,112.664,0.174881
11-May-2026,29-May-2026,75.1093,0.451715
11-May-2026,29-May-2026,79.8037,0.35079
11-May-2026,29-May-2026,84.498,0.277653
11-May-2026,29-May-2026,89.1923,0.243231
11-May-2026,29-May-2026,93.8867,0.223147
11-May-2026,29-May-2026,98.581,0.206434
11-May-2026,29-May-2026,103.275,0.192005
11-May-2026,29-May-2026,107.97,0.181394
11-May-2026,29-May-2026,112.664,0.175318
11-May-2026,05-Jun-2026,75.1093,0.415095
11-May-2026,05-Jun-2026,79.8037,0.333999
11-May-2026,05-Jun-2026,84.498,0.281433
11-May-2026,05-Jun-2026,89.1923,0.252524
11-May-2026,05-Jun-2026,93.8867,0.232484
11-May-2026,05-Jun-2026,98.581,0.215385
11-May-2026,05-Jun-2026,103.275,0.200581
11-May-2026,05-Jun-2026,107.97,0.189455
11-May-2026,05-Jun-2026,112.664,0.182782
11-May-2026,12-Jun-2026,75.1093,0.382314
11-May-2026,12-Jun-2026,79.8037,0.317638
11-May-2026,12-Jun-2026,84.498,0.276989
11-May-2026,12-Jun-2026,89.1923,0.251912
11-May-2026,12-Jun-2026,93.8867,0.232866
11-May-2026,12-Jun-2026,98.581,0.21621
11-May-2026,12-Jun-2026,103.275,0.201661
11-May-2026,12-Jun-2026,107.97,0.19052
11-May-2026,12-Jun-2026,112.664,0.1836
11-May-2026,30-Jun-2026,75.1093,0.352811
11-May-2026,30-Jun-2026,79.8037,0.310962
11-May-2026,30-Jun-2026,84.498,0.282165
11-May-2026,30-Jun-2026,89.1923,0.260642
11-May-2026,30-Jun-2026,93.8867,0.242546
11-May-2026,30-Jun-2026,98.581,0.226312
11-May-2026,30-Jun-2026,103.275,0.211936
11-May-2026,30-Jun-2026,107.97,0.200434
11-May-2026,30-Jun-2026,112.664,0.192647
11-May-2026,31-Jul-2026,75.1093,0.338127
11-May-2026,31-Jul-2026,79.8037,0.310346
11-May-2026,31-Jul-2026,84.498,0.288389
11-May-2026,31-Jul-2026,89.1923,0.269855
11-May-2026,31-Jul-2026,93.8867,0.25332
11-May-2026,31-Jul-2026,98.581,0.23819
11-May-2026,31-Jul-2026,103.275,0.224559
11-May-2026,31-Jul-2026,107.97,0.21307
11-May-2026,31-Jul-2026,112.664,0.204426
11-May-2026,31-Aug-2026,75.1093,0.337234
11-May-2026,31-Aug-2026,79.8037,0.31472
11-May-2026,31-Aug-2026,84.498,0.295667
11-May-2026,31-Aug-2026,89.1923,0.278834
11-May-2026,31-Aug-2026,93.8867,0.263492
11-May-2026,31-Aug-2026,98.581,0.249338
11-May-2026,31-Aug-2026,103.275,0.236448
11-May-2026,31-Aug-2026,107.97,0.225223
11-May-2026,31-Aug-2026,112.664,0.216169
11-May-2026,30-Sep-2026,75.1093,0.340382
11-May-2026,30-Sep-2026,79.8037,0.320575
11-May-2026,30-Sep-2026,84.498,0.303225
11-May-2026,30-Sep-2026,89.1923,0.287574
11-May-2026,30-Sep-2026,93.8867,0.273171
11-May-2026,30-Sep-2026,98.581,0.259827
11-May-2026,30-Sep-2026,103.275,0.247592
11-May-2026,30-Sep-2026,107.97,0.236714
11-May-2026,30-Sep-2026,112.664,0.227541
11-May-2026,30-Oct-2026,75.1093,0.346807
11-May-2026,30-Oct-2026,79.8037,0.328674
11-May-2026,30-Oct-2026,84.498,0.312479
11-May-2026,30-Oct-2026,89.1923,0.297706
11-May-2026,30-Oct-2026,93.8867,0.284045
11-May-2026,30-Oct-2026,98.581,0.271361
11-May-2026,30-Oct-2026,103.275,0.259674
11-May-2026,30-Oct-2026,107.97,0.249135
11-May-2026,30-Oct-2026,112.664,0.239971
11-May-2026,30-Nov-2026,75.1093,0.352919
11-May-2026,30-Nov-2026,79.8037,0.336104
11-May-2026,30-Nov-2026,84.498,0.320899
11-May-2026,30-Nov-2026,89.1923,0.306932
11-May-2026,30-Nov-2026,93.8867,0.293974
11-May-2026,30-Nov-2026,98.581,0.281921
11-May-2026,30-Nov-2026,103.275,0.270771
11-May-2026,30-Nov-2026,107.97,0.260614
11-May-2026,30-Nov-2026,112.664,0.251595
11-May-2026,31-Dec-2026,75.1093,0.358959
11-May-2026,31-Dec-2026,79.8037,0.343191
11-May-2026,31-Dec-2026,84.498,0.328819
11-May-2026,31-Dec-2026,89.1923,0.315556
11-May-2026,31-Dec-2026,93.8867,0.303224
11-May-2026,31-Dec-2026,98.581,0.291735
11-May-2026,31-Dec-2026,103.275,0.281075
11-May-2026,31-Dec-2026,107.97,0.271291
11-May-2026,31-Dec-2026,112.664,0.262476
11-May-2026,29-Jan-2027,75.1093,0.363662
11-May-2026,29-Jan-2027,79.8037,0.348738
11-May-2026,29-Jan-2027,84.498,0.335063
11-May-2026,29-Jan-2027,89.1923,0.322404
11-May-2026,29-Jan-2027,93.8867,0.310615
11-May-2026,29-Jan-2027,98.581,0.299616
11-May-2026,29-Jan-2027,103.275,0.289385
11-May-2026,29-Jan-2027,107.97,0.279947
11-May-2026,29-Jan-2027,112.664,0.27136
11-May-2026,26-Feb-2027,75.1093,0.368486
11-May-2026,26-Feb-2027,79.8037,0.354251
11-May-2026,26-Feb-2027,84.498,0.341158
11-May-2026,26-Feb-2027,89.1923,0.329013
11-May-2026,26-Feb-2027,93.8867,0.317688
11-May-2026,26-Feb-2027,98.581,0.307109
11-May-2026,26-Feb-2027,103.275,0.29725
11-May-2026,26-Feb-2027,107.97,0.288119
11-May-2026,26-Feb-2027,112.664,0.279752
11-May-2026,31-Mar-2027,75.1093,0.37268
11-May-2026,31-Mar-2027,79.8037,0.359186
11-May-2026,31-Mar-2027,84.498,0.346733
11-May-2026,31-Mar-2027,89.1923,0.335156
11-May-2026,31-Mar-2027,93.8867,0.324346
11-May-2026,31-Mar-2027,98.581,0.314236
11-May-2026,31-Mar-2027,103.275,0.304794
11-May-2026,31-Mar-2027,107.97,0.296017
11-May-2026,31-Mar-2027,112.664,0.287924
12-May-2026,15-May-2026,75.2485,0.32342
12-May-2026,15-May-2026,79.9515,0.236444
12-May-2026,15-May-2026,84.6545,0.211754
12-May-2026,15-May-2026,89.3576,0.197913
12-May-2026,15-May-2026,94.0606,0.183745
12-May-2026,15-May-2026,98.7636,0.169703
12-May-2026,15-May-2026,103.467,0.157311
12-May-2026,15-May-2026,108.17,0.199737
12-May-2026,15-May-2026,112.873,0.259538
12-May-2026,22-May-2026,75.2485,0.574944
12-May-2026,22-May-2026,79.9515,0.438687
12-May-2026,22-May-2026,84.6545,0.313488
12-May-2026,22-May-2026,89.3576,0.247308
12-May-2026,22-May-2026,94.0606,0.223124
12-May-2026,22-May-2026,98.7636,0.205454
12-May-2026,22-May-2026,103.467,0.19052
12-May-2026,22-May-2026,108.17,0.180017
12-May-2026,22-May-2026,112.873,0.174481
12-May-2026,29-May-2026,75.2485,0.466034
12-May-2026,29-May-2026,79.9515,0.360625
12-May-2026,29-May-2026,84.6545,0.280908
12-May-2026,29-May-2026,89.3576,0.243184
12-May-2026,29-May-2026,94.0606,0.222283
12-May-2026,29-May-2026,98.7636,0.205196
12-May-2026,29-May-2026,103.467,0.190572
12-May-2026,29-May-2026,108.17,0.180018
12-May-2026,29-May-2026,112.873,0.174168
12-May-2026,05-Jun-2026,75.2485,0.424439
12-May-2026,05-Jun-2026,79.9515,0.339428
12-May-2026,05-Jun-2026,84.6545,0.282924
12-May-2026,05-Jun-2026,89.3576,0.252299
12-May-2026,05-Jun-2026,94.0606,0.231655
12-May-2026,05-Jun-2026,98.7636,0.214239
12-May-2026,05-Jun-2026,103.467,0.199267
12-May-2026,05-Jun-2026,108.17,0.188174
12-May-2026,05-Jun-2026,112.873,0.181679
12-May-2026,12-Jun-2026,75.2485,0.38863
12-May-2026,12-Jun-2026,79.9515,0.320737
12-May-2026,12-Jun-2026,84.6545,0.277588
12-May-2026,12-Jun-2026,89.3576,0.251443
12-May-2026,12-Jun-2026,94.0606,0.231957
12-May-2026,12-Jun-2026,98.7636,0.215056
12-May-2026,12-Jun-2026,103.467,0.200381
12-May-2026,12-Jun-2026,108.17,0.189267
12-May-2026,12-Jun-2026,112.873,0.18249
12-May-2026,30-Jun-2026,75.2485,0.35572
12-May-2026,30-Jun-2026,79.9515,0.312198
12-May-2026,30-Jun-2026,84.6545,0.282393
12-May-2026,30-Jun-2026,89.3576,0.260378
12-May-2026,30-Jun-2026,94.0606,0.242039
12-May-2026,30-Jun-2026,98.7636,0.225674
12-May-2026,30-Jun-2026,103.467,0.211239
12-May-2026,30-Jun-2026,108.17,0.199744
12-May-2026,30-Jun-2026,112.873,0.192012
12-May-2026,31-Jul-2026,75.2485,0.339631
12-May-2026,31-Jul-2026,79.9515,0.311243
12-May-2026,31-Jul-2026,84.6545,0.288942
12-May-2026,31-Jul-2026,89.3576,0.27024
12-May-2026,31-Jul-2026,94.0606,0.253643
12-May-2026,31-Jul-2026,98.7636,0.238514
12-May-2026,31-Jul-2026,103.467,0.224914
12-May-2026,31-Jul-2026,108.17,0.213449
12-May-2026,31-Jul-2026,112.873,0.204796
12-May-2026,31-Aug-2026,75.2485,0.338755
12-May-2026,31-Aug-2026,79.9515,0.315996
12-May-2026,31-Aug-2026,84.6545,0.296827
12-May-2026,31-Aug-2026,89.3576,0.279971
12-May-2026,31-Aug-2026,94.0606,0.264669
12-May-2026,31-Aug-2026,98.7636,0.250596
12-May-2026,31-Aug-2026,103.467,0.237799
12-May-2026,31-Aug-2026,108.17,0.226635
12-May-2026,31-Aug-2026,112.873,0.217575
12-May-2026,30-Sep-2026,75.2485,0.342263
12-May-2026,30-Sep-2026,79.9515,0.322378
12-May-2026,30-Sep-2026,84.6545,0.305029
12-May-2026,30-Sep-2026,89.3576,0.289437
12-May-2026,30-Sep-2026,94.0606,0.275138
12-May-2026,30-Sep-2026,98.7636,0.261925
12-May-2026,30-Sep-2026,103.467,0.249822
12-May-2026,30-Sep-2026,108.17,0.239041
12-May-2026,30-Sep-2026,112.873,0.229891
12-May-2026,30-Oct-2026,75.2485,0.349201
12-May-2026,30-Oct-2026,79.9515,0.331091
12-May-2026,30-Oct-2026,84.6545,0.31497
12-May-2026,30-Oct-2026,89.3576,0.300312
12-May-2026,30-Oct-2026,94.0606,0.286798
12-May-2026,30-Oct-2026,98.7636,0.274278
12-May-2026,30-Oct-2026,103.467,0.262752
12-May-2026,30-Oct-2026,108.17,0.252339
12-May-2026,30-Oct-2026,112.873,0.243233
12-May-2026,30-Nov-2026,75.2485,0.355856
12-May-2026,30-Nov-2026,79.9515,0.339131
12-May-2026,30-Nov-2026,84.6545,0.324051
12-May-2026,30-Nov-2026,89.3576,0.310239
12-May-2026,30-Nov-2026,94.0606,0.297458
12-May-2026,30-Nov-2026,98.7636,0.285591
12-May-2026,30-Nov-2026,103.467,0.274621
12-May-2026,30-Nov-2026,108.17,0.264611
12-May-2026,30-Nov-2026,112.873,0.25568
12-May-2026,31-Dec-2026,75.2485,0.362437
12-May-2026,31-Dec-2026,79.9515,0.346804
12-May-2026,31-Dec-2026,84.6545,0.332593
12-May-2026,31-Dec-2026,89.3576,0.319512
12-May-2026,31-Dec-2026,94.0606,0.307377
12-May-2026,31-Dec-2026,98.7636,0.296088
12-May-2026,31-Dec-2026,103.467,0.285619
12-May-2026,31-Dec-2026,108.17,0.275998
12-May-2026,31-Dec-2026,112.873,0.267295
12-May-2026,29-Jan-2027,75.2485,0.367609
12-May-2026,29-Jan-2027,79.9515,0.35285
12-May-2026,29-Jan-2027,84.6545,0.339358
12-May-2026,29-Jan-2027,89.3576,0.326899
12-May-2026,29-Jan-2027,94.0606,0.315318
12-May-2026,29-Jan-2027,98.7636,0.304527
12-May-2026,29-Jan-2027,103.467,0.294494
12-May-2026,29-Jan-2027,108.17,0.285229
12-May-2026,29-Jan-2027,112.873,0.276771
12-May-2026,26-Feb-2027,75.2485,0.372878
12-May-2026,26-Feb-2027,79.9515,0.35883
12-May-2026,26-Feb-2027,84.6545,0.345937
12-May-2026,26-Feb-2027,89.3576,0.334002
12-May-2026,26-Feb-2027,94.0606,0.322892
12-May-2026,26-Feb-2027,98.7636,0.312528
12-May-2026,26-Feb-2027,103.467,0.302871
12-May-2026,26-Feb-2027,108.17,0.293919
12-May-2026,26-Feb-2027,112.873,0.285693
12-May-2026,31-Mar-2027,75.2485,0.377533
12-May-2026,31-Mar-2027,79.9515,0.364243
12-May-2026,31-Mar-2027,84.6545,0.352003
12-May-2026,31-Mar-2027,89.3576,0.340645
12-May-2026,31-Mar-2027,94.0606,0.330056
12-May-2026,31-Mar-2027,98.7636,0.320162
12-May-2026,31-Mar-2027,103.467,0.310925
12-May-2026,31-Mar-2027,108.17,0.302331
12-May-2026,31-Mar-2027,112.873,0.294388
13-May-2026,15-May-2026,77.0326,0.387835
13-May-2026,15-May-2026,86.6617,0.206753
13-May-2026,15-May-2026,91.4762,0.192549
13-May-2026,15-May-2026,96.2907,0.177941
13-May-2026,15-May-2026,101.105,0.163439
13-May-2026,22-May-2026,77.0326,0.604276
13-May-2026,22-May-2026,81.8471,0.460774
13-May-2026,22-May-2026,86.6617,0.325155
13-May-2026,22-May-2026,91.4762,0.246467
13-May-2026,22-May-2026,96.2907,0.219942
13-May-2026,22-May-2026,101.105,0.201417
13-May-2026,22-May-2026,105.92,0.186072
13-May-2026,22-May-2026,110.734,0.175907
13-May-2026,22-May-2026,115.549,0.17111
13-May-2026,29-May-2026,77.0326,0.478758
13-May-2026,29-May-2026,81.8471,0.36903
13-May-2026,29-May-2026,86.6617,0.281784
13-May-2026,29-May-2026,91.4762,0.239728
13-May-2026,29-May-2026,96.2907,0.217701
13-May-2026,29-May-2026,101.105,0.199977
13-May-2026,29-May-2026,105.92,0.185056
13-May-2026,29-May-2026,110.734,0.174834
13-May-2026,29-May-2026,115.549,0.16968
13-May-2026,05-Jun-2026,77.0326,0.431422
13-May-2026,05-Jun-2026,81.8471,0.342339
13-May-2026,05-Jun-2026,86.6617,0.28109
13-May-2026,05-Jun-2026,91.4762,0.248294
13-May-2026,05-Jun-2026,96.2907,0.2268
13-May-2026,05-Jun-2026,101.105,0.208816
13-May-2026,05-Jun-2026,105.92,0.193565
13-May-2026,05-Jun-2026,110.734,0.182749
13-May-2026,05-Jun-2026,115.549,0.176897
13-May-2026,12-Jun-2026,77.0326,0.392289
13-May-2026,12-Jun-2026,81.8471,0.320812
13-May-2026,12-Jun-2026,86.6617,0.274594
13-May-2026,12-Jun-2026,91.4762,0.247087
13-May-2026,12-Jun-2026,96.2907,0.226937
13-May-2026,12-Jun-2026,101.105,0.209549
13-May-2026,12-Jun-2026,105.92,0.194627
13-May-2026,12-Jun-2026,110.734,0.183746
13-May-2026,12-Jun-2026,115.549,0.177552
13-May-2026,30-Jun-2026,77.0326,0.355141
13-May-2026,30-Jun-2026,81.8471,0.309614
13-May-2026,30-Jun-2026,86.6617,0.278553
13-May-2026,30-Jun-2026,91.4762,0.255861
13-May-2026,30-Jun-2026,96.2907,0.23707
13-May-2026,30-Jun-2026,101.105,0.220343
13-May-2026,30-Jun-2026,105.92,0.205706
13-May-2026,30-Jun-2026,110.734,0.194339
13-May-2026,30-Jun-2026,115.549,0.18704
13-May-2026,31-Jul-2026,77.0326,0.336947
13-May-2026,31-Jul-2026,81.8471,0.307781
13-May-2026,31-Jul-2026,86.6617,0.284985
13-May-2026,31-Jul-2026,91.4762,0.265948
13-May-2026,31-Jul-2026,96.2907,0.249086
13-May-2026,31-Jul-2026,101.105,0.233738
13-May-2026,31-Jul-2026,105.92,0.220005
13-May-2026,31-Jul-2026,110.734,0.208577
13-May-2026,31-Jul-2026,115.549,0.200163
13-May-2026,31-Aug-2026,77.0326,0.335667
13-May-2026,31-Aug-2026,81.8471,0.31253
13-May-2026,31-Aug-2026,86.6617,0.293101
13-May-2026,31-Aug-2026,91.4762,0.276051
13-May-2026,31-Aug-2026,96.2907,0.26059
13-May-2026,31-Aug-2026,101.105,0.246388
13-May-2026,31-Aug-2026,105.92,0.233513
13-May-2026,31-Aug-2026,110.734,0.22236
13-May-2026,31-Aug-2026,115.549,0.213428
13-May-2026,30-Sep-2026,77.0326,0.339192
13-May-2026,30-Sep-2026,81.8471,0.3191
13-May-2026,30-Sep-2026,86.6617,0.301603
13-May-2026,30-Sep-2026,91.4762,0.285899
13-May-2026,30-Sep-2026,96.2907,0.271508
13-May-2026,30-Sep-2026,101.105,0.258225
13-May-2026,30-Sep-2026,105.92,0.246083
13-May-2026,30-Sep-2026,110.734,0.235313
13-May-2026,30-Sep-2026,115.549,0.22624
13-May-2026,30-Oct-2026,77.0326,0.346289
13-May-2026,30-Oct-2026,81.8471,0.328068
13-May-2026,30-Oct-2026,86.6617,0.311869
13-May-2026,30-Oct-2026,91.4762,0.297154
13-May-2026,30-Oct-2026,96.2907,0.283597
13-May-2026,30-Oct-2026,101.105,0.271049
13-May-2026,30-Oct-2026,105.92,0.259513
13-May-2026,30-Oct-2026,110.734,0.249119
13-May-2026,30-Oct-2026,115.549,0.240068
13-May-2026,30-Nov-2026,77.0326,0.353166
13-May-2026,30-Nov-2026,81.8471,0.336392
13-May-2026,30-Nov-2026,86.6617,0.321283
13-May-2026,30-Nov-2026,91.4762,0.307453
13-May-2026,30-Nov-2026,96.2907,0.294664
13-May-2026,30-Nov-2026,101.105,0.282799
13-May-2026,30-Nov-2026,105.92,0.271842
13-May-2026,30-Nov-2026,110.734,0.261861
13-May-2026,30-Nov-2026,115.549,0.252977
13-May-2026,31-Dec-2026,77.0326,0.359993
13-May-2026,31-Dec-2026,81.8471,0.344353
13-May-2026,31-Dec-2026,86.6617,0.330145
13-May-2026,31-Dec-2026,91.4762,0.317075
13-May-2026,31-Dec-2026,96.2907,0.304957
13-May-2026,31-Dec-2026,101.105,0.293691
13-May-2026,31-Dec-2026,105.92,0.283252
13-May-2026,31-Dec-2026,110.734,0.273668
13-May-2026,31-Dec-2026,115.549,0.265013
13-May-2026,29-Jan-2027,77.0326,0.365398
13-May-2026,29-Jan-2027,81.8471,0.350658
13-May-2026,29-Jan-2027,86.6617,0.337193
13-May-2026,29-Jan-2027,91.4762,0.324763
13-May-2026,29-Jan-2027,96.2907,0.313215
13-May-2026,29-Jan-2027,101.105,0.302462
13-May-2026,29-Jan-2027,105.92,0.292469
13-May-2026,29-Jan-2027,110.734,0.283248
13-May-2026,29-Jan-2027,115.549,0.274839
13-May-2026,26-Feb-2027,77.0326,0.370892
13-May-2026,26-Feb-2027,81.8471,0.356882
13-May-2026,26-Feb-2027,86.6617,0.344032
13-May-2026,26-Feb-2027,91.4762,0.332141
13-May-2026,26-Feb-2027,96.2907,0.321076
13-May-2026,26-Feb-2027,101.105,0.310758
13-May-2026,26-Feb-2027,105.92,0.30115
13-May-2026,26-Feb-2027,110.734,0.292248
13-May-2026,26-Feb-2027,115.549,0.284073
13-May-2026,31-Mar-2027,77.0326,0.375798
13-May-2026,31-Mar-2027,81.8471,0.362563
13-May-2026,31-Mar-2027,86.6617,0.350378
13-May-2026,31-Mar-2027,91.4762,0.339076
13-May-2026,31-Mar-2027,96.2907,0.328542
13-May-2026,31-Mar-2027,101.105,0.318703
13-May-2026,31-Mar-2027,105.92,0.309521
13-May-2026,31-Mar-2027,110.734,0.300982
13-May-2026,31-Mar-2027,115.549,0.293093
14-May-2026,15-May-2026,76.5809,0.561389
14-May-2026,15-May-2026,81.3673,0.410063
14-May-2026,15-May-2026,86.1536,0.268853
14-May-2026,15-May-2026,90.9399,0.193559
14-May-2026,15-May-2026,95.7262,0.179018
14-May-2026,15-May-2026,100.512,0.170915
14-May-2026,15-May-2026,105.299,0.238492
14-May-2026,15-May-2026,110.085,0.348095
14-May-2026,15-May-2026,114.871,0.452044
14-May-2026,22-May-2026,76.5809,0.642399
14-May-2026,22-May-2026,81.3673,0.48983
14-May-2026,22-May-2026,86.1536,0.343805
14-May-2026,22-May-2026,90.9399,0.254123
14-May-2026,22-May-2026,95.7262,0.225684
14-May-2026,22-May-2026,100.512,0.206773
14-May-2026,22-May-2026,105.299,0.191139
14-May-2026,22-May-2026,110.085,0.180663
14-May-2026,22-May-2026,114.871,0.175568
14-May-2026,29-May-2026,76.5809,0.49568
14-May-2026,29-May-2026,81.3673,0.381606
14-May-2026,29-May-2026,86.1536,0.288862
14-May-2026,29-May-2026,90.9399,0.243801
14-May-2026,29-May-2026,95.7262,0.221195
14-May-2026,29-May-2026,100.512,0.20332
14-May-2026,29-May-2026,105.299,0.188272
14-May-2026,29-May-2026,110.085,0.177851
14-May-2026,29-May-2026,114.871,0.172485
14-May-2026,05-Jun-2026,76.5809,0.442179
14-May-2026,05-Jun-2026,81.3673,0.350019
14-May-2026,05-Jun-2026,86.1536,0.285857
14-May-2026,05-Jun-2026,90.9399,0.251816
14-May-2026,05-Jun-2026,95.7262,0.229988
14-May-2026,05-Jun-2026,100.512,0.211898
14-May-2026,05-Jun-2026,105.299,0.196556
14-May-2026,05-Jun-2026,110.085,0.185565
14-May-2026,05-Jun-2026,114.871,0.179502
14-May-2026,12-Jun-2026,76.5809,0.399804
14-May-2026,12-Jun-2026,81.3673,0.326102
14-May-2026,12-Jun-2026,86.1536,0.278218
14-May-2026,12-Jun-2026,90.9399,0.250048
14-May-2026,12-Jun-2026,95.7262,0.229703
14-May-2026,12-Jun-2026,100.512,0.212261
14-May-2026,12-Jun-2026,105.299,0.197285
14-May-2026,12-Jun-2026,110.085,0.186262
14-May-2026,12-Jun-2026,114.871,0.179872
14-May-2026,30-Jun-2026,76.5809,0.359499
14-May-2026,30-Jun-2026,81.3673,0.313017
14-May-2026,30-Jun-2026,86.1536,0.281408
14-May-2026,30-Jun-2026,90.9399,0.258482
14-May-2026,30-Jun-2026,95.7262,0.239618
14-May-2026,30-Jun-2026,100.512,0.222885
14-May-2026,30-Jun-2026,105.299,0.208234
14-May-2026,30-Jun-2026,110.085,0.196769
14-May-2026,30-Jun-2026,114.871,0.189295
14-May-2026,31-Jul-2026,76.5809,0.339935
14-May-2026,31-Jul-2026,81.3673,0.310468
14-May-2026,31-Jul-2026,86.1536,0.287514
14-May-2026,31-Jul-2026,90.9399,0.268415
14-May-2026,31-Jul-2026,95.7262,0.251555
14-May-2026,31-Jul-2026,100.512,0.236238
14-May-2026,31-Jul-2026,105.299,0.222525
14-May-2026,31-Jul-2026,110.085,0.211057
14-May-2026,31-Jul-2026,114.871,0.202518
14-May-2026,31-Aug-2026,76.5809,0.338353
14-May-2026,31-Aug-2026,81.3673,0.315092
14-May-2026,31-Aug-2026,86.1536,0.295607
14-May-2026,31-Aug-2026,90.9399,0.278551
14-May-2026,31-Aug-2026,95.7262,0.26312
14-May-2026,31-Aug-2026,100.512,0.248964
14-May-2026,31-Aug-2026,105.299,0.236126
14-May-2026,31-Aug-2026,110.085,0.224967
14-May-2026,31-Aug-2026,114.871,0.21596
14-May-2026,30-Sep-2026,76.5809,0.341823
14-May-2026,30-Sep-2026,81.3673,0.321677
14-May-2026,30-Sep-2026,86.1536,0.304167
14-May-2026,30-Sep-2026,90.9399,0.288482
14-May-2026,30-Sep-2026,95.7262,0.274134
14-May-2026,30-Sep-2026,100.512,0.260904
14-May-2026,30-Sep-2026,105.299,0.248807
14-May-2026,30-Sep-2026,110.085,0.238051
14-May-2026,30-Sep-2026,114.871,0.228939
14-May-2026,30-Oct-2026,76.5809,0.348968
14-May-2026,30-Oct-2026,81.3673,0.330729
14-May-2026,30-Oct-2026,86.1536,0.31454
14-May-2026,30-Oct-2026,90.9399,0.299858
14-May-2026,30-Oct-2026,95.7262,0.28635
14-May-2026,30-Oct-2026,100.512,0.273857
14-May-2026,30-Oct-2026,105.299,0.262371
14-May-2026,30-Oct-2026,110.085,0.252004
14-May-2026,30-Oct-2026,114.871,0.24294
14-May-2026,30-Nov-2026,76.5809,0.35591
14-May-2026,30-Nov-2026,81.3673,0.33914
14-May-2026,30-Nov-2026,86.1536,0.324055
14-May-2026,30-Nov-2026,90.9399,0.310267
14-May-2026,30-Nov-2026,95.7262,0.29753
14-May-2026,30-Nov-2026,100.512,0.285722
14-May-2026,30-Nov-2026,105.299,0.274817
14-May-2026,30-Nov-2026,110.085,0.264871
14-May-2026,30-Nov-2026,114.871,0.255993
14-May-2026,31-Dec-2026,76.5809,0.362809
14-May-2026,31-Dec-2026,81.3673,0.347187
14-May-2026,31-Dec-2026,86.1536,0.333013
14-May-2026,31-Dec-2026,90.9399,0.31999
14-May-2026,31-Dec-2026,95.7262,0.307926
14-May-2026,31-Dec-2026,100.512,0.296718
14-May-2026,31-Dec-2026,105.299,0.286331
14-May-2026,31-Dec-2026,110.085,0.276788
14-May-2026,31-Dec-2026,114.871,0.26815
14-May-2026,29-Jan-2027,76.5809,0.368272
14-May-2026,29-Jan-2027,81.3673,0.353559
14-May-2026,29-Jan-2027,86.1536,0.340134
14-May-2026,29-Jan-2027,90.9399,0.327754
14-May-2026,29-Jan-2027,95.7262,0.316262
14-May-2026,29-Jan-2027,100.512,0.305566
14-May-2026,29-Jan-2027,105.299,0.295627
14-May-2026,29-Jan-2027,110.085,0.286449
14-May-2026,29-Jan-2027,114.871,0.278065
14-May-2026,26-Feb-2027,76.5809,0.373826
14-May-2026,26-Feb-2027,81.3673,0.359849
14-May-2026,26-Feb-2027,86.1536,0.347043
14-May-2026,26-Feb-2027,90.9399,0.335203
14-May-2026,26-Feb-2027,95.7262,0.324195
14-May-2026,26-Feb-2027,100.512,0.313934
14-May-2026,26-Feb-2027,105.299,0.30438
14-May-2026,26-Feb-2027,110.085,0.295522
14-May-2026,26-Feb-2027,114.871,0.287378
14-May-2026,31-Mar-2027,76.5809,0.378782
14-May-2026,31-Mar-2027,81.3673,0.365586
14-May-2026,31-Mar-2027,86.1536,0.353448
14-May-2026,31-Mar-2027,90.9399,0.342199
14-May-2026,31-Mar-2027,95.7262,0.331721
14-May-2026,31-Mar-2027,100.512,0.321939
14-May-2026,31-Mar-2027,105.299,0.31281
14-May-2026,31-Mar-2027,110.085,0.304318
14-May-2026,31-Mar-2027,114.871,0.296463
15-May-2026,22-May-2026,75.1006,0.684144
15-May-2026,22-May-2026,79.7944,0.52145
15-May-2026,22-May-2026,84.4881,0.36492
15-May-2026,22-May-2026,89.1819,0.266854
15-May-2026,22-May-2026,93.8757,0.237411
15-May-2026,22-May-2026,98.5695,0.218465
15-May-2026,22-May-2026,103.263,0.202623
15-May-2026,22-May-2026,107.957,0.191453
15-May-2026,22-May-2026,112.651,0.18551
15-May-2026,29-May-2026,75.1006,0.510955
15-May-2026,29-May-2026,79.7944,0.393127
15-May-2026,29-May-2026,84.4881,0.297467
15-May-2026,29-May-2026,89.1819,0.251816
15-May-2026,29-May-2026,93.8757,0.229376
15-May-2026,29-May-2026,98.5695,0.211726
15-May-2026,29-May-2026,103.263,0.196694
15-May-2026,29-May-2026,107.957,0.185811
15-May-2026,29-May-2026,112.651,0.179733
15-May-2026,05-Jun-2026,75.1006,0.450569
15-May-2026,05-Jun-2026,79.7944,0.356926
15-May-2026,05-Jun-2026,84.4881,0.292653
15-May-2026,05-Jun-2026,89.1819,0.259029
15-May-2026,05-Jun-2026,93.8757,0.23753
15-May-2026,05-Jun-2026,98.5695,0.219714
15-May-2026,05-Jun-2026,103.263,0.204443
15-May-2026,05-Jun-2026,107.957,0.193087
15-May-2026,05-Jun-2026,112.651,0.186383
15-May-2026,12-Jun-2026,75.1006,0.40523
15-May-2026,12-Jun-2026,79.7944,0.331353
15-May-2026,12-Jun-2026,84.4881,0.284112
15-May-2026,12-Jun-2026,89.1819,0.256484
15-May-2026,12-Jun-2026,93.8757,0.236504
15-May-2026,12-Jun-2026,98.5695,0.219356
15-May-2026,12-Jun-2026,103.263,0.20449
15-May-2026,12-Jun-2026,107.957,0.193186
15-May-2026,12-Jun-2026,112.651,0.186232
15-May-2026,19-Jun-2026,75.1006,0.377516
15-May-2026,19-Jun-2026,79.7944,0.318062
15-May-2026,19-Jun-2026,84.4881,0.280288
15-May-2026,19-Jun-2026,89.1819,0.255873
15-May-2026,19-Jun-2026,93.8757,0.236898
15-May-2026,19-Jun-2026,98.5695,0.220265
15-May-2026,19-Jun-2026,103.263,0.205718
15-May-2026,19-Jun-2026,107.957,0.19443
15-May-2026,19-Jun-2026,112.651,0.187222
15-May-2026,30-Jun-2026,75.1006,0.362974
15-May-2026,30-Jun-2026,79.7944,0.317393
15-May-2026,30-Jun-2026,84.4881,0.286562
15-May-2026,30-Jun-2026,89.1819,0.264141
15-May-2026,30-Jun-2026,93.8757,0.245635
15-May-2026,30-Jun-2026,98.5695,0.229185
15-May-2026,30-Jun-2026,103.263,0.214679
15-May-2026,30-Jun-2026,107.957,0.203076
15-May-2026,30-Jun-2026,112.651,0.195198
15-May-2026,31-Jul-2026,75.1006,0.343141
15-May-2026,31-Jul-2026,79.7944,0.31442
15-May-2026,31-Jul-2026,84.4881,0.291999
15-May-2026,31-Jul-2026,89.1819,0.273278
15-May-2026,31-Jul-2026,93.8757,0.256708
15-May-2026,31-Jul-2026,98.5695,0.241622
15-May-2026,31-Jul-2026,103.263,0.228054
15-May-2026,31-Jul-2026,107.957,0.216572
15-May-2026,31-Jul-2026,112.651,0.207832
15-May-2026,31-Aug-2026,75.1006,0.341465
15-May-2026,31-Aug-2026,79.7944,0.318738
15-May-2026,31-Aug-2026,84.4881,0.299644
15-May-2026,31-Aug-2026,89.1819,0.282882
15-May-2026,31-Aug-2026,93.8757,0.267682
15-May-2026,31-Aug-2026,98.5695,0.253711
15-May-2026,31-Aug-2026,103.263,0.240999
15-May-2026,31-Aug-2026,107.957,0.229875
15-May-2026,31-Aug-2026,112.651,0.220784
15-May-2026,30-Sep-2026,75.1006,0.34479
15-May-2026,30-Sep-2026,79.7944,0.325049
15-May-2026,30-Sep-2026,84.4881,0.307846
15-May-2026,30-Sep-2026,89.1819,0.292398
15-May-2026,30-Sep-2026,93.8757,0.278239
15-May-2026,30-Sep-2026,98.5695,0.265159
15-May-2026,30-Sep-2026,103.263,0.253172
15-May-2026,30-Sep-2026,107.957,0.242467
15-May-2026,30-Sep-2026,112.651,0.233331
15-May-2026,30-Oct-2026,75.1006,0.351755
15-May-2026,30-Oct-2026,79.7944,0.333839
15-May-2026,30-Oct-2026,84.4881,0.3179
15-May-2026,30-Oct-2026,89.1819,0.303414
15-May-2026,30-Oct-2026,93.8757,0.290064
15-May-2026,30-Oct-2026,98.5695,0.277698
15-May-2026,30-Oct-2026,103.263,0.266306
15-May-2026,30-Oct-2026,107.957,0.255995
15-May-2026,30-Oct-2026,112.651,0.246939
15-May-2026,30-Nov-2026,75.1006,0.358498
15-May-2026,30-Nov-2026,79.7944,0.341991
15-May-2026,30-Nov-2026,84.4881,0.327114
15-May-2026,30-Nov-2026,89.1819,0.31349
15-May-2026,30-Nov-2026,93.8757,0.300887
15-May-2026,30-Nov-2026,98.5695,0.289186
15-May-2026,30-Nov-2026,103.263,0.278363
15-May-2026,30-Nov-2026,107.957,0.268472
15-May-2026,30-Nov-2026,112.651,0.259618
15-May-2026,31-Dec-2026,75.1006,0.365197
15-May-2026,31-Dec-2026,79.7944,0.349795
15-May-2026,31-Dec-2026,84.4881,0.335796
15-May-2026,31-Dec-2026,89.1819,0.322913
15-May-2026,31-Dec-2026,93.8757,0.310964
15-May-2026,31-Dec-2026,98.5695,0.299848
15-May-2026,31-Dec-2026,103.263,0.289534
15-May-2026,31-Dec-2026,107.957,0.280044
15-May-2026,31-Dec-2026,112.651,0.271436
15-May-2026,29-Jan-2027,75.1006,0.370481
15-May-2026,29-Jan-2027,79.7944,0.355957
15-May-2026,29-Jan-2027,84.4881,0.342683
15-May-2026,29-Jan-2027,89.1819,0.330426
15-May-2026,29-Jan-2027,93.8757,0.319034
15-May-2026,29-Jan-2027,98.5695,0.308419
15-May-2026,29-Jan-2027,103.263,0.298545
15-May-2026,29-Jan-2027,107.957,0.289417
15-May-2026,29-Jan-2027,112.651,0.281066
15-May-2026,26-Feb-2027,75.1006,0.375866
15-May-2026,26-Feb-2027,79.7944,0.362054
15-May-2026,26-Feb-2027,84.4881,0.349381
15-May-2026,26-Feb-2027,89.1819,0.337651
15-May-2026,26-Feb-2027,93.8757,0.326732
15-May-2026,26-Feb-2027,98.5695,0.316544
15-May-2026,26-Feb-2027,103.263,0.307049
15-May-2026,26-Feb-2027,107.957,0.298238
15-May-2026,26-Feb-2027,112.651,0.290127
15-May-2026,31-Mar-2027,75.1006,0.380641
15-May-2026,31-Mar-2027,79.7944,0.367587
15-May-2026,31-Mar-2027,84.4881,0.355566
15-May-2026,31-Mar-2027,89.1819,0.344412
15-May-2026,31-Mar-2027,93.8757,0.334013
15-May-2026,31-Mar-2027,98.5695,0.324296
15-May-2026,31-Mar-2027,103.263,0.315221
15-May-2026,31-Mar-2027,107.957,0.306771
15-May-2026,31-Mar-2027,112.651,0.298949
18-May-2026,22-May-2026,74.7191,0.281269
18-May-2026,22-May-2026,79.389,0.229884
18-May-2026,22-May-2026,84.059,0.216667
18-May-2026,22-May-2026,88.7289,0.20316
18-May-2026,22-May-2026,93.3989,0.189403
18-May-2026,22-May-2026,98.0688,0.175792
18-May-2026,22-May-2026,102.739,0.163574
18-May-2026,29-May-2026,74.7191,0.54819
18-May-2026,29-May-2026,79.389,0.418614
18-May-2026,29-May-2026,84.059,0.304286
18-May-2026,29-May-2026,88.7289,0.24906
18-May-2026,29-May-2026,93.3989,0.226946
18-May-2026,29-May-2026,98.0688,0.210123
18-May-2026,29-May-2026,102.739,0.195649
18-May-2026,29-May-2026,107.409,0.184917
18-May-2026,29-May-2026,112.079,0.178688
18-May-2026,05-Jun-2026,74.7191,0.453068
18-May-2026,05-Jun-2026,79.389,0.352476
18-May-2026,05-Jun-2026,84.059,0.28078
18-May-2026,05-Jun-2026,88.7289,0.247222
18-May-2026,05-Jun-2026,93.3989,0.227527
18-May-2026,05-Jun-2026,98.0688,0.211163
18-May-2026,05-Jun-2026,102.739,0.19694
18-May-2026,05-Jun-2026,107.409,0.186159
18-May-2026,05-Jun-2026,112.079,0.179621
18-May-2026,12-Jun-2026,74.7191,0.416772
18-May-2026,12-Jun-2026,79.389,0.3366
18-May-2026,12-Jun-2026,84.059,0.285346
18-May-2026,12-Jun-2026,88.7289,0.257133
18-May-2026,12-Jun-2026,93.3989,0.237531
18-May-2026,12-Jun-2026,98.0688,0.220842
18-May-2026,12-Jun-2026,102.739,0.206302
18-May-2026,12-Jun-2026,107.409,0.195035
18-May-2026,12-Jun-2026,112.079,0.18787
18-May-2026,19-Jun-2026,74.7191,0.384378
18-May-2026,19-Jun-2026,79.389,0.320881
18-May-2026,19-Jun-2026,84.059,0.281339
18-May-2026,19-Jun-2026,88.7289,0.256879
18-May-2026,19-Jun-2026,93.3989,0.238296
18-May-2026,19-Jun-2026,98.0688,0.222085
18-May-2026,19-Jun-2026,102.739,0.207839
18-May-2026,19-Jun-2026,107.409,0.196594
18-May-2026,19-Jun-2026,112.079,0.189185
18-May-2026,30-Jun-2026,74.7191,0.359812
18-May-2026,30-Jun-2026,79.389,0.312939
18-May-2026,30-Jun-2026,84.059,0.282307
18-May-2026,30-Jun-2026,88.7289,0.260659
18-May-2026,30-Jun-2026,93.3989,0.24295
18-May-2026,30-Jun-2026,98.0688,0.227194
18-May-2026,30-Jun-2026,102.739,0.213219
18-May-2026,30-Jun-2026,107.409,0.201897
18-May-2026,30-Jun-2026,112.079,0.19404
18-May-2026,31-Jul-2026,74.7191,0.341497
18-May-2026,31-Jul-2026,79.389,0.313002
18-May-2026,31-Jul-2026,84.059,0.291048
18-May-2026,31-Jul-2026,88.7289,0.272849
18-May-2026,31-Jul-2026,93.3989,0.256782
18-May-2026,31-Jul-2026,98.0688,0.242151
18-May-2026,31-Jul-2026,102.739,0.228948
18-May-2026,31-Jul-2026,107.409,0.217677
18-May-2026,31-Jul-2026,112.079,0.208953
18-May-2026,31-Aug-2026,74.7191,0.344872
18-May-2026,31-Aug-2026,79.389,0.322252
18-May-2026,31-Aug-2026,84.059,0.303346
18-May-2026,31-Aug-2026,88.7289,0.286815
18-May-2026,31-Aug-2026,93.3989,0.271866
18-May-2026,31-Aug-2026,98.0688,0.258142
18-May-2026,31-Aug-2026,102.739,0.245634
18-May-2026,31-Aug-2026,107.409,0.234616
18-May-2026,31-Aug-2026,112.079,0.225481
18-May-2026,30-Sep-2026,74.7191,0.348662
18-May-2026,30-Sep-2026,79.389,0.329095
18-May-2026,30-Sep-2026,84.059,0.312099
18-May-2026,30-Sep-2026,88.7289,0.296878
18-May-2026,30-Sep-2026,93.3989,0.282954
18-May-2026,30-Sep-2026,98.0688,0.270105
18-May-2026,30-Sep-2026,102.739,0.258314
18-May-2026,30-Sep-2026,107.409,0.247734
18-May-2026,30-Sep-2026,112.079,0.238611
18-May-2026,30-Oct-2026,74.7191,0.356139
18-May-2026,30-Oct-2026,79.389,0.338415
18-May-2026,30-Oct-2026,84.059,0.322685
18-May-2026,30-Oct-2026,88.7289,0.308419
18-May-2026,30-Oct-2026,93.3989,0.295291
18-May-2026,30-Oct-2026,98.0688,0.283141
18-May-2026,30-Oct-2026,102.739,0.271939
18-May-2026,30-Oct-2026,107.409,0.261764
18-May-2026,30-Oct-2026,112.079,0.25276
18-May-2026,30-Nov-2026,74.7191,0.361311
18-May-2026,30-Nov-2026,79.389,0.345084
18-May-2026,30-Nov-2026,84.059,0.330484
18-May-2026,30-Nov-2026,88.7289,0.317133
18-May-2026,30-Nov-2026,93.3989,0.304793
18-May-2026,30-Nov-2026,98.0688,0.293339
18-May-2026,30-Nov-2026,102.739,0.282737
18-May-2026,30-Nov-2026,107.409,0.273023
18-May-2026,30-Nov-2026,112.079,0.264282
18-May-2026,31-Dec-2026,74.7191,0.370399
18-May-2026,31-Dec-2026,79.389,0.355199
18-May-2026,31-Dec-2026,84.059,0.341406
18-May-2026,31-Dec-2026,88.7289,0.328731
18-May-2026,31-Dec-2026,93.3989,0.316988
18-May-2026,31-Dec-2026,98.0688,0.306069
18-May-2026,31-Dec-2026,102.739,0.295934
18-May-2026,31-Dec-2026,107.409,0.286589
18-May-2026,31-Dec-2026,112.079,0.278077
18-May-2026,29-Jan-2027,74.7191,0.375976
18-May-2026,29-Jan-2027,79.389,0.361655
18-May-2026,29-Jan-2027,84.059,0.348584
18-May-2026,29-Jan-2027,88.7289,0.33653
18-May-2026,29-Jan-2027,93.3989,0.325338
18-May-2026,29-Jan-2027,98.0688,0.314915
18-May-2026,29-Jan-2027,102.739,0.305215
18-May-2026,29-Jan-2027,107.409,0.296233
18-May-2026,29-Jan-2027,112.079,0.287988
18-May-2026,26-Feb-2027,74.7191,0.380132
18-May-2026,26-Feb-2027,79.389,0.366562
18-May-2026,26-Feb-2027,84.059,0.354125
18-May-2026,26-Feb-2027,88.7289,0.342623
18-May-2026,26-Feb-2027,93.3989,0.331925
18-May-2026,26-Feb-2027,98.0688,0.321946
18-May-2026,26-Feb-2027,102.739,0.312641
18-May-2026,26-Feb-2027,107.409,0.303995
18-May-2026,26-Feb-2027,112.079,0.296015
18-May-2026,31-Mar-2027,74.7191,0.386654
18-May-2026,31-Mar-2027,79.389,0.3738
18-May-2026,31-Mar-2027,84.059,0.361975
18-May-2026,31-Mar-2027,88.7289,0.351015
18-May-2026,31-Mar-2027,93.3989,0.340805
18-May-2026,31-Mar-2027,98.0688,0.331268
18-May-2026,31-Mar-2027,102.739,0.322358
18-May-2026,31-Mar-2027,107.409,0.314053
18-May-2026,31-Mar-2027,112.079,0.306348
19-May-2026,22-May-2026,74.927,0.323649
19-May-2026,22-May-2026,79.6099,0.237551
19-May-2026,22-May-2026,84.2928,0.217921
19-May-2026,22-May-2026,88.9758,0.20448
19-May-2026,22-May-2026,93.6587,0.190805
19-May-2026,22-May-2026,98.3417,0.177282
19-May-2026,22-May-2026,103.025,0.165102
19-May-2026,29-May-2026,74.927,0.574872
19-May-2026,29-May-2026,79.6099,0.438751
19-May-2026,29-May-2026,84.2928,0.316077
19-May-2026,29-May-2026,88.9758,0.254789
19-May-2026,29-May-2026,93.6587,0.231817
19-May-2026,29-May-2026,98.3417,0.214817
19-May-2026,29-May-2026,103.025,0.200199
19-May-2026,29-May-2026,107.708,0.189246
19-May-2026,29-May-2026,112.39,0.182758
19-May-2026,05-Jun-2026,74.927,0.46607
19-May-2026,05-Jun-2026,79.6099,0.361804
19-May-2026,05-Jun-2026,84.2928,0.286139
19-May-2026,05-Jun-2026,88.9758,0.251051
19-May-2026,05-Jun-2026,93.6587,0.231096
19-May-2026,05-Jun-2026,98.3417,0.214688
19-May-2026,05-Jun-2026,103.025,0.20042
19-May-2026,05-Jun-2026,107.708,0.189495
19-May-2026,05-Jun-2026,112.39,0.182738
19-May-2026,12-Jun-2026,74.927,0.425058
19-May-2026,12-Jun-2026,79.6099,0.342487
19-May-2026,12-Jun-2026,84.2928,0.289502
19-May-2026,12-Jun-2026,88.9758,0.260713
19-May-2026,12-Jun-2026,93.6587,0.240994
19-May-2026,12-Jun-2026,98.3417,0.224301
19-May-2026,12-Jun-2026,103.025,0.209746
19-May-2026,12-Jun-2026,107.708,0.198361
19-May-2026,12-Jun-2026,112.39,0.190985
19-May-2026,19-Jun-2026,74.927,0.390128
19-May-2026,19-Jun-2026,79.6099,0.325139
19-May-2026,19-Jun-2026,84.2928,0.284769
19-May-2026,19-Jun-2026,88.9758,0.260063
19-May-2026,19-Jun-2026,93.6587,0.241452
19-May-2026,19-Jun-2026,98.3417,0.225278
19-May-2026,19-Jun-2026,103.025,0.21105
19-May-2026,19-Jun-2026,107.708,0.199718
19-May-2026,19-Jun-2026,112.39,0.192118
19-May-2026,30-Jun-2026,74.927,0.363754
19-May-2026,30-Jun-2026,79.6099,0.316239
19-May-2026,30-Jun-2026,84.2928,0.28534
19-May-2026,30-Jun-2026,88.9758,0.26364
19-May-2026,30-Jun-2026,93.6587,0.24597
19-May-2026,30-Jun-2026,98.3417,0.230286
19-May-2026,30-Jun-2026,103.025,0.21636
19-May-2026,30-Jun-2026,107.708,0.204987
19-May-2026,30-Jun-2026,112.39,0.196964
19-May-2026,31-Jul-2026,74.927,0.34427
19-May-2026,31-Jul-2026,79.6099,0.3158
19-May-2026,31-Jul-2026,84.2928,0.293915
19-May-2026,31-Jul-2026,88.9758,0.275811
19-May-2026,31-Jul-2026,93.6587,0.259857
19-May-2026,31-Jul-2026,98.3417,0.245346
19-May-2026,31-Jul-2026,103.025,0.232239
19-May-2026,31-Jul-2026,107.708,0.220986
19-May-2026,31-Jul-2026,112.39,0.212168
19-May-2026,31-Aug-2026,74.927,0.347642
19-May-2026,31-Aug-2026,79.6099,0.325156
19-May-2026,31-Aug-2026,84.2928,0.306385
19-May-2026,31-Aug-2026,88.9758,0.289991
19-May-2026,31-Aug-2026,93.6587,0.275183
19-May-2026,31-Aug-2026,98.3417,0.261599
19-May-2026,31-Aug-2026,103.025,0.24921
19-May-2026,31-Aug-2026,107.708,0.238254
19-May-2026,31-Aug-2026,112.39,0.22909
19-May-2026,30-Sep-2026,74.927,0.351555
19-May-2026,30-Sep-2026,79.6099,0.332151
19-May-2026,30-Sep-2026,84.2928,0.315311
19-May-2026,30-Sep-2026,88.9758,0.300243
19-May-2026,30-Sep-2026,93.6587,0.286473
19-May-2026,30-Sep-2026,98.3417,0.273772
19-May-2026,30-Sep-2026,103.025,0.262111
19-May-2026,30-Sep-2026,107.708,0.251617
19-May-2026,30-Sep-2026,112.39,0.242512
19-May-2026,30-Oct-2026,74.927,0.359227
19-May-2026,30-Oct-2026,79.6099,0.341679
19-May-2026,30-Oct-2026,84.2928,0.326115
19-May-2026,30-Oct-2026,88.9758,0.312012
19-May-2026,30-Oct-2026,93.6587,0.299044
19-May-2026,30-Oct-2026,98.3417,0.287046
19-May-2026,30-Oct-2026,103.025,0.275979
19-May-2026,30-Oct-2026,107.708,0.265906
19-May-2026,30-Oct-2026,112.39,0.256951
19-May-2026,30-Nov-2026,74.927,0.364572
19-May-2026,30-Nov-2026,79.6099,0.348525
19-May-2026,30-Nov-2026,84.2928,0.334096
19-May-2026,30-Nov-2026,88.9758,0.320909
19-May-2026,30-Nov-2026,93.6587,0.30873
19-May-2026,30-Nov-2026,98.3417,0.297429
19-May-2026,30-Nov-2026,103.025,0.286964
19-May-2026,30-Nov-2026,107.708,0.27736
19-May-2026,30-Nov-2026,112.39,0.268688
19-May-2026,31-Dec-2026,74.927,0.373878
19-May-2026,31-Dec-2026,79.6099,0.35886
19-May-2026,31-Dec-2026,84.2928,0.345241
19-May-2026,31-Dec-2026,88.9758,0.332733
19-May-2026,31-Dec-2026,93.6587,0.32115
19-May-2026,31-Dec-2026,98.3417,0.310384
19-May-2026,31-Dec-2026,103.025,0.300387
19-May-2026,31-Dec-2026,107.708,0.291157
19-May-2026,31-Dec-2026,112.39,0.282729
19-May-2026,29-Jan-2027,74.927,0.379615
19-May-2026,29-Jan-2027,79.6099,0.365476
19-May-2026,29-Jan-2027,84.2928,0.352578
19-May-2026,29-Jan-2027,88.9758,0.34069
19-May-2026,29-Jan-2027,93.6587,0.329657
19-May-2026,29-Jan-2027,98.3417,0.319383
19-May-2026,29-Jan-2027,103.025,0.309821
19-May-2026,29-Jan-2027,107.708,0.300956
19-May-2026,29-Jan-2027,112.39,0.292803
19-May-2026,26-Feb-2027,74.927,0.383904
19-May-2026,26-Feb-2027,79.6099,0.370514
19-May-2026,26-Feb-2027,84.2928,0.358247
19-May-2026,26-Feb-2027,88.9758,0.346909
19-May-2026,26-Feb-2027,93.6587,0.336367
19-May-2026,26-Feb-2027,98.3417,0.326535
19-May-2026,26-Feb-2027,103.025,0.317365
19-May-2026,26-Feb-2027,107.708,0.308838
19-May-2026,26-Feb-2027,112.39,0.300953
19-May-2026,31-Mar-2027,74.927,0.390593
19-May-2026,31-Mar-2027,79.6099,0.377916
19-May-2026,31-Mar-2027,84.2928,0.36626
19-May-2026,31-Mar-2027,88.9758,0.355461
19-May-2026,31-Mar-2027,93.6587,0.345404
19-May-2026,31-Mar-2027,98.3417,0.336011
19-May-2026,31-Mar-2027,103.025,0.327234
19-May-2026,31-Mar-2027,107.708,0.319048
19-May-2026,31-Mar-2027,112.39,0.311442
20-May-2026,22-May-2026,80.4939,0.28488
20-May-2026,22-May-2026,85.2288,0.20398
20-May-2026,22-May-2026,89.9638,0.18973
20-May-2026,22-May-2026,94.6987,0.174921
20-May-2026,22-May-2026,99.4336,0.160216
20-May-2026,29-May-2026,75.759,0.606243
20-May-2026,29-May-2026,80.4939,0.462377
20-May-2026,29-May-2026,85.2288,0.32618
20-May-2026,29-May-2026,89.9638,0.2465
20-May-2026,29-May-2026,94.6987,0.219925
20-May-2026,29-May-2026,99.4336,0.201628
20-May-2026,29-May-2026,104.169,0.186496
20-May-2026,29-May-2026,108.903,0.176345
20-May-2026,29-May-2026,113.638,0.171422
20-May-2026,05-Jun-2026,75.759,0.480466
20-May-2026,05-Jun-2026,80.4939,0.370538
20-May-2026,05-Jun-2026,85.2288,0.283526
20-May-2026,05-Jun-2026,89.9638,0.241916
20-May-2026,05-Jun-2026,94.6987,0.220371
20-May-2026,05-Jun-2026,99.4336,0.203227
20-May-2026,05-Jun-2026,104.169,0.188727
20-May-2026,05-Jun-2026,108.903,0.178388
20-May-2026,05-Jun-2026,113.638,0.172748
20-May-2026,12-Jun-2026,75.759,0.433312
20-May-2026,12-Jun-2026,80.4939,0.344807
20-May-2026,12-Jun-2026,85.2288,0.284982
20-May-2026,12-Jun-2026,89.9638,0.253298
20-May-2026,12-Jun-2026,94.6987,0.232726
20-May-2026,12-Jun-2026,99.4336,0.215708
20-May-2026,12-Jun-2026,104.169,0.201158
20-May-2026,12-Jun-2026,108.903,0.190196
20-May-2026,12-Jun-2026,113.638,0.183518
20-May-2026,19-Jun-2026,75.759,0.394629
20-May-2026,19-Jun-2026,80.4939,0.324641
20-May-2026,19-Jun-2026,85.2288,0.280343
20-May-2026,19-Jun-2026,89.9638,0.254202
20-May-2026,19-Jun-2026,94.6987,0.235233
20-May-2026,19-Jun-2026,99.4336,0.219057
20-May-2026,19-Jun-2026,104.169,0.205036
20-May-2026,19-Jun-2026,108.903,0.194076
20-May-2026,19-Jun-2026,113.638,0.186906
20-May-2026,30-Jun-2026,75.759,0.365348
20-May-2026,30-Jun-2026,80.4939,0.315033
20-May-2026,30-Jun-2026,85.2288,0.28268
20-May-2026,30-Jun-2026,89.9638,0.260652
20-May-2026,30-Jun-2026,94.6987,0.243163
20-May-2026,30-Jun-2026,99.4336,0.22789
20-May-2026,30-Jun-2026,104.169,0.21446
20-May-2026,30-Jun-2026,108.903,0.203482
20-May-2026,30-Jun-2026,113.638,0.195621
20-May-2026,31-Jul-2026,75.759,0.347144
20-May-2026,31-Jul-2026,80.4939,0.319171
20-May-2026,31-Jul-2026,85.2288,0.298042
20-May-2026,31-Jul-2026,89.9638,0.280869
20-May-2026,31-Jul-2026,94.6987,0.265982
20-May-2026,31-Jul-2026,99.4336,0.252621
20-May-2026,31-Jul-2026,104.169,0.240599
20-May-2026,31-Jul-2026,108.903,0.230091
20-May-2026,31-Jul-2026,113.638,0.221424
20-May-2026,31-Aug-2026,75.759,0.355791
20-May-2026,31-Aug-2026,80.4939,0.334801
20-May-2026,31-Aug-2026,85.2288,0.31751
20-May-2026,31-Aug-2026,89.9638,0.302616
20-May-2026,31-Aug-2026,94.6987,0.289348
20-May-2026,31-Aug-2026,99.4336,0.277307
20-May-2026,31-Aug-2026,104.169,0.266348
20-May-2026,31-Aug-2026,108.903,0.25649
20-May-2026,31-Aug-2026,113.638,0.247852
20-May-2026,30-Sep-2026,75.759,0.36485
20-May-2026,30-Sep-2026,80.4939,0.34732
20-May-2026,30-Sep-2026,85.2288,0.332279
20-May-2026,30-Sep-2026,89.9638,0.318982
20-May-2026,30-Sep-2026,94.6987,0.306972
20-May-2026,30-Sep-2026,99.4336,0.295992
20-May-2026,30-Sep-2026,104.169,0.285921
20-May-2026,30-Sep-2026,108.903,0.276733
20-May-2026,30-Sep-2026,113.638,0.268461
20-May-2026,30-Oct-2026,75.759,0.377679
20-May-2026,30-Oct-2026,80.4939,0.362218
20-May-2026,30-Oct-2026,85.2288,0.348644
20-May-2026,30-Oct-2026,89.9638,0.336473
20-May-2026,30-Oct-2026,94.6987,0.325392
20-May-2026,30-Oct-2026,99.4336,0.315211
20-May-2026,30-Oct-2026,104.169,0.305826
20-May-2026,30-Oct-2026,108.903,0.297189
20-May-2026,30-Oct-2026,113.638,0.289295
20-May-2026,30-Nov-2026,75.759,0.387583
20-May-2026,30-Nov-2026,80.4939,0.373713
20-May-2026,30-Nov-2026,85.2288,0.361355
20-May-2026,30-Nov-2026,89.9638,0.350166
20-May-2026,30-Nov-2026,94.6987,0.339917
20-May-2026,30-Nov-2026,99.4336,0.330461
20-May-2026,30-Nov-2026,104.169,0.321706
20-May-2026,30-Nov-2026,108.903,0.313601
20-May-2026,30-Nov-2026,113.638,0.306123
20-May-2026,31-Dec-2026,75.759,0.401541
20-May-2026,31-Dec-2026,80.4939,0.388768
20-May-2026,31-Dec-2026,85.2288,0.377279
20-May-2026,31-Dec-2026,89.9638,0.366812
20-May-2026,31-Dec-2026,94.6987,0.357186
20-May-2026,31-Dec-2026,99.4336,0.348279
20-May-2026,31-Dec-2026,104.169,0.340007
20-May-2026,31-Dec-2026,108.903,0.332318
20-May-2026,31-Dec-2026,113.638,0.325179
20-May-2026,29-Jan-2027,75.759,0.410863
20-May-2026,29-Jan-2027,80.4939,0.398976
20-May-2026,29-Jan-2027,85.2288,0.388212
20-May-2026,29-Jan-2027,89.9638,0.378361
20-May-2026,29-Jan-2027,94.6987,0.369273
20-May-2026,29-Jan-2027,99.4336,0.360841
20-May-2026,29-Jan-2027,104.169,0.352992
20-May-2026,29-Jan-2027,108.903,0.345673
20-May-2026,29-Jan-2027,113.638,0.33885
20-May-2026,26-Feb-2027,75.759,0.418129
20-May-2026,26-Feb-2027,80.4939,0.406972
20-May-2026,26-Feb-2027,85.2288,0.396821
20-May-2026,26-Feb-2027,89.9638,0.387497
20-May-2026,26-Feb-2027,94.6987,0.378873
20-May-2026,26-Feb-2027,99.4336,0.370854
20-May-2026,26-Feb-2027,104.169,0.363374
20-May-2026,26-Feb-2027,108.903,0.356383
20-May-2026,26-Feb-2027,113.638,0.349845
20-May-2026,31-Mar-2027,75.759,0.428236
20-May-2026,31-Mar-2027,80.4939,0.417769
20-May-2026,31-Mar-2027,85.2288,0.408204
20-May-2026,31-Mar-2027,89.9638,0.399391
20-May-2026,31-Mar-2027,94.6987,0.391219
20-May-2026,31-Mar-2027,99.4336,0.383607
20-May-2026,31-Mar-2027,104.169,0.376492
20-May-2026,31-Mar-2027,108.903,0.369828
20-May-2026,31-Mar-2027,113.638,0.363578
21-May-2026,22-May-2026,76.5887,0.555812
21-May-2026,22-May-2026,81.3755,0.40405
21-May-2026,22-May-2026,86.1623,0.265526
21-May-2026,22-May-2026,90.9491,0.190485
21-May-2026,22-May-2026,95.7359,0.175706
21-May-2026,22-May-2026,100.523,0.172166
21-May-2026,29-May-2026,76.5887,0.644539
21-May-2026,29-May-2026,81.3755,0.491577
21-May-2026,29-May-2026,86.1623,0.344934
21-May-2026,29-May-2026,90.9491,0.253926
21-May-2026,29-May-2026,95.7359,0.225303
21-May-2026,29-May-2026,100.523,0.206565
21-May-2026,29-May-2026,105.309,0.191118
21-May-2026,29-May-2026,110.096,0.180689
21-May-2026,29-May-2026,114.883,0.175542
21-May-2026,05-Jun-2026,76.5887,0.497489
21-May-2026,05-Jun-2026,81.3755,0.383161
21-May-2026,05-Jun-2026,86.1623,0.290476
21-May-2026,05-Jun-2026,90.9491,0.24572
21-May-2026,05-Jun-2026,95.7359,0.223528
21-May-2026,05-Jun-2026,100.523,0.206179
21-May-2026,05-Jun-2026,105.309,0.191528
21-May-2026,05-Jun-2026,110.096,0.181023
21-May-2026,05-Jun-2026,114.883,0.175229
21-May-2026,12-Jun-2026,76.5887,0.444123
21-May-2026,12-Jun-2026,81.3755,0.352418
21-May-2026,12-Jun-2026,86.1623,0.289543
21-May-2026,12-Jun-2026,90.9491,0.256541
21-May-2026,12-Jun-2026,95.7359,0.235576
21-May-2026,12-Jun-2026,100.523,0.218396
21-May-2026,12-Jun-2026,105.309,0.203726
21-May-2026,12-Jun-2026,110.096,0.192627
21-May-2026,12-Jun-2026,114.883,0.185805
21-May-2026,19-Jun-2026,76.5887,0.402135
21-May-2026,19-Jun-2026,81.3755,0.329789
21-May-2026,19-Jun-2026,86.1623,0.283737
21-May-2026,19-Jun-2026,90.9491,0.256877
21-May-2026,19-Jun-2026,95.7359,0.237656
21-May-2026,19-Jun-2026,100.523,0.221369
21-May-2026,19-Jun-2026,105.309,0.207265
21-May-2026,19-Jun-2026,110.096,0.1962
21-May-2026,19-Jun-2026,114.883,0.188905
21-May-2026,30-Jun-2026,76.5887,0.370333
21-May-2026,30-Jun-2026,81.3755,0.318598
21-May-2026,30-Jun-2026,86.1623,0.28539
21-May-2026,30-Jun-2026,90.9491,0.262987
21-May-2026,30-Jun-2026,95.7359,0.245341
21-May-2026,30-Jun-2026,100.523,0.229993
21-May-2026,30-Jun-2026,105.309,0.216506
21-May-2026,30-Jun-2026,110.096,0.205452
21-May-2026,30-Jun-2026,114.883,0.197488
21-May-2026,31-Jul-2026,76.5887,0.35004
21-May-2026,31-Jul-2026,81.3755,0.32164
21-May-2026,31-Jul-2026,86.1623,0.300265
21-May-2026,31-Jul-2026,90.9491,0.28296
21-May-2026,31-Jul-2026,95.7359,0.268005
21-May-2026,31-Jul-2026,100.523,0.254608
21-May-2026,31-Jul-2026,105.309,0.24256
21-May-2026,31-Jul-2026,110.096,0.232018
21-May-2026,31-Jul-2026,114.883,0.223295
21-May-2026,31-Aug-2026,76.5887,0.358308
21-May-2026,31-Aug-2026,81.3755,0.337121
21-May-2026,31-Aug-2026,86.1623,0.319707
21-May-2026,31-Aug-2026,90.9491,0.304741
21-May-2026,31-Aug-2026,95.7359,0.291432
21-May-2026,31-Aug-2026,100.523,0.279369
21-May-2026,31-Aug-2026,105.309,0.268395
21-May-2026,31-Aug-2026,110.096,0.258519
21-May-2026,31-Aug-2026,114.883,0.249852
21-May-2026,30-Sep-2026,76.5887,0.367249
21-May-2026,30-Sep-2026,81.3755,0.349602
21-May-2026,30-Sep-2026,86.1623,0.334487
21-May-2026,30-Sep-2026,90.9491,0.321144
21-May-2026,30-Sep-2026,95.7359,0.309109
21-May-2026,30-Sep-2026,100.523,0.298115
21-May-2026,30-Sep-2026,105.309,0.288035
21-May-2026,30-Sep-2026,110.096,0.278838
21-May-2026,30-Sep-2026,114.883,0.270551
21-May-2026,30-Oct-2026,76.5887,0.380086
21-May-2026,30-Oct-2026,81.3755,0.364548
21-May-2026,30-Oct-2026,86.1623,0.350923
21-May-2026,30-Oct-2026,90.9491,0.33872
21-May-2026,30-Oct-2026,95.7359,0.327621
21-May-2026,30-Oct-2026,100.523,0.317431
21-May-2026,30-Oct-2026,105.309,0.308041
21-May-2026,30-Oct-2026,110.096,0.299399
21-May-2026,30-Oct-2026,114.883,0.291496
21-May-2026,30-Nov-2026,76.5887,0.389996
21-May-2026,30-Nov-2026,81.3755,0.376073
21-May-2026,30-Nov-2026,86.1623,0.36368
21-May-2026,30-Nov-2026,90.9491,0.352469
21-May-2026,30-Nov-2026,95.7359,0.342209
21-May-2026,30-Nov-2026,100.523,0.332747
21-May-2026,30-Nov-2026,105.309,0.323989
21-May-2026,30-Nov-2026,110.096,0.315883
21-May-2026,30-Nov-2026,114.883,0.308401
21-May-2026,31-Dec-2026,76.5887,0.404026
21-May-2026,31-Dec-2026,81.3755,0.391213
21-May-2026,31-Dec-2026,86.1623,0.379698
21-May-2026,31-Dec-2026,90.9491,0.369214
21-May-2026,31-Dec-2026,95.7359,0.35958
21-May-2026,31-Dec-2026,100.523,0.350669
21-May-2026,31-Dec-2026,105.309,0.342396
21-May-2026,31-Dec-2026,110.096,0.334707
21-May-2026,31-Dec-2026,114.883,0.327566
21-May-2026,29-Jan-2027,76.5887,0.413385
21-May-2026,29-Jan-2027,81.3755,0.401467
21-May-2026,29-Jan-2027,86.1623,0.390684
21-May-2026,29-Jan-2027,90.9491,0.380821
21-May-2026,29-Jan-2027,95.7359,0.371727
21-May-2026,29-Jan-2027,100.523,0.363293
21-May-2026,29-Jan-2027,105.309,0.355444
21-May-2026,29-Jan-2027,110.096,0.348127
21-May-2026,29-Jan-2027,114.883,0.341304
21-May-2026,26-Feb-2027,76.5887,0.420677
21-May-2026,26-Feb-2027,81.3755,0.409496
21-May-2026,26-Feb-2027,86.1623,0.39933
21-May-2026,26-Feb-2027,90.9491,0.389998
21-May-2026,26-Feb-2027,95.7359,0.38137
21-May-2026,26-Feb-2027,100.523,0.373351
21-May-2026,26-Feb-2027,105.309,0.365872
21-May-2026,26-Feb-2027,110.096,0.358883
21-May-2026,26-Feb-2027,114.883,0.352347
21-May-2026,31-Mar-2027,76.5887,0.430835
21-May-2026,31-Mar-2027,81.3755,0.420351
21-May-2026,31-Mar-2027,86.1623,0.410774
21-May-2026,31-Mar-2027,90.9491,0.401956
21-May-2026,31-Mar-2027,95.7359,0.393783
21-May-2026,31-Mar-2027,100.523,0.386171
21-May-2026,31-Mar-2027,105.309,0.379058
21-May-2026,31-Mar-2027,110.096,0.372397
21-May-2026,31-Mar-2027,114.883,0.36615
22-May-2026,29-May-2026,75.8119,0.689847
22-May-2026,29-May-2026,80.5502,0.526123
22-May-2026,29-May-2026,85.2884,0.369162
22-May-2026,29-May-2026,90.0267,0.272965
22-May-2026,29-May-2026,94.7649,0.244096
22-May-2026,29-May-2026,99.5031,0.225716
22-May-2026,29-May-2026,104.241,0.210232
22-May-2026,29-May-2026,108.98,0.198747
22-May-2026,29-May-2026,113.718,0.19203
22-May-2026,05-Jun-2026,75.8119,0.515646
22-May-2026,05-Jun-2026,80.5502,0.397515
22-May-2026,05-Jun-2026,85.2884,0.303769
22-May-2026,05-Jun-2026,90.0267,0.259941
22-May-2026,05-Jun-2026,94.7649,0.238345
22-May-2026,05-Jun-2026,99.5031,0.221541
22-May-2026,05-Jun-2026,104.241,0.207084
22-May-2026,05-Jun-2026,108.98,0.195927
22-May-2026,05-Jun-2026,113.718,0.188869
22-May-2026,12-Jun-2026,75.8119,0.455613
22-May-2026,12-Jun-2026,80.5502,0.363276
22-May-2026,12-Jun-2026,85.2884,0.301923
22-May-2026,12-Jun-2026,90.0267,0.270081
22-May-2026,12-Jun-2026,94.7649,0.249763
22-May-2026,12-Jun-2026,99.5031,0.233119
22-May-2026,12-Jun-2026,104.241,0.218698
22-May-2026,12-Jun-2026,108.98,0.207174
22-May-2026,12-Jun-2026,113.718,0.199314
22-May-2026,19-Jun-2026,75.8119,0.410983
22-May-2026,19-Jun-2026,80.5502,0.339654
22-May-2026,19-Jun-2026,85.2884,0.295354
22-May-2026,19-Jun-2026,90.0267,0.269492
22-May-2026,19-Jun-2026,94.7649,0.250891
22-May-2026,19-Jun-2026,99.5031,0.235115
22-May-2026,19-Jun-2026,104.241,0.221287
22-May-2026,19-Jun-2026,108.98,0.209956
22-May-2026,19-Jun-2026,113.718,0.20183
22-May-2026,26-Jun-2026,75.8119,0.384606
22-May-2026,26-Jun-2026,80.5502,0.328376
22-May-2026,26-Jun-2026,85.2884,0.293403
22-May-2026,26-Jun-2026,90.0267,0.2708
22-May-2026,26-Jun-2026,94.7649,0.253375
22-May-2026,26-Jun-2026,99.5031,0.238288
22-May-2026,26-Jun-2026,104.241,0.224946
22-May-2026,26-Jun-2026,108.98,0.213791
22-May-2026,26-Jun-2026,113.718,0.205453
22-May-2026,30-Jun-2026,75.8119,0.378337
22-May-2026,30-Jun-2026,80.5502,0.328334
22-May-2026,30-Jun-2026,85.2884,0.296507
22-May-2026,30-Jun-2026,90.0267,0.274894
22-May-2026,30-Jun-2026,94.7649,0.257798
22-May-2026,30-Jun-2026,99.5031,0.242906
22-May-2026,30-Jun-2026,104.241,0.229699
22-May-2026,30-Jun-2026,108.98,0.218543
22-May-2026,30-Jun-2026,113.718,0.210008
22-May-2026,31-Jul-2026,75.8119,0.358622
22-May-2026,31-Jul-2026,80.5502,0.331283
22-May-2026,31-Jul-2026,85.2884,0.310609
22-May-2026,31-Jul-2026,90.0267,0.293792
22-May-2026,31-Jul-2026,94.7649,0.279225
22-May-2026,31-Jul-2026,99.5031,0.266153
22-May-2026,31-Jul-2026,104.241,0.254339
22-May-2026,31-Jul-2026,108.98,0.243873
22-May-2026,31-Jul-2026,113.718,0.234997
22-May-2026,31-Aug-2026,75.8119,0.367078
22-May-2026,31-Aug-2026,80.5502,0.346517
22-May-2026,31-Aug-2026,85.2884,0.329555
22-May-2026,31-Aug-2026,90.0267,0.314936
22-May-2026,31-Aug-2026,94.7649,0.301914
22-May-2026,31-Aug-2026,99.5031,0.290092
22-May-2026,31-Aug-2026,104.241,0.279305
22-May-2026,31-Aug-2026,108.98,0.269538
22-May-2026,31-Aug-2026,113.718,0.260868
22-May-2026,30-Sep-2026,75.8119,0.375875
22-May-2026,30-Sep-2026,80.5502,0.35866
22-May-2026,30-Sep-2026,85.2884,0.343873
22-May-2026,30-Sep-2026,90.0267,0.330797
22-May-2026,30-Sep-2026,94.7649,0.318986
22-May-2026,30-Sep-2026,99.5031,0.308184
22-May-2026,30-Sep-2026,104.241,0.29826
22-May-2026,30-Sep-2026,108.98,0.28917
22-May-2026,30-Sep-2026,113.718,0.280928
22-May-2026,30-Oct-2026,75.8119,0.388534
22-May-2026,30-Oct-2026,80.5502,0.373317
22-May-2026,30-Oct-2026,85.2884,0.359949
22-May-2026,30-Oct-2026,90.0267,0.347959
22-May-2026,30-Oct-2026,94.7649,0.337044
22-May-2026,30-Oct-2026,99.5031,0.327012
22-May-2026,30-Oct-2026,104.241,0.317754
22-May-2026,30-Oct-2026,108.98,0.309213
22-May-2026,30-Oct-2026,113.718,0.301372
22-May-2026,30-Nov-2026,75.8119,0.398195
22-May-2026,30-Nov-2026,80.5502,0.384524
22-May-2026,30-Nov-2026,85.2884,0.372339
22-May-2026,30-Nov-2026,90.0267,0.361306
22-May-2026,30-Nov-2026,94.7649,0.3512
22-May-2026,30-Nov-2026,99.5031,0.341872
22-May-2026,30-Nov-2026,104.241,0.33323
22-May-2026,30-Nov-2026,108.98,0.325216
22-May-2026,30-Nov-2026,113.718,0.3178
22-May-2026,31-Dec-2026,75.8119,0.412023
22-May-2026,31-Dec-2026,80.5502,0.399417
22-May-2026,31-Dec-2026,85.2884,0.388076
22-May-2026,31-Dec-2026,90.0267,0.377744
22-May-2026,31-Dec-2026,94.7649,0.368243
22-May-2026,31-Dec-2026,99.5031,0.359449
22-May-2026,31-Dec-2026,104.241,0.351277
22-May-2026,31-Dec-2026,108.98,0.343673
22-May-2026,31-Dec-2026,113.718,0.336599
22-May-2026,29-Jan-2027,75.8119,0.421168
22-May-2026,29-Jan-2027,80.5502,0.409427
22-May-2026,29-Jan-2027,85.2884,0.398795
22-May-2026,29-Jan-2027,90.0267,0.389065
22-May-2026,29-Jan-2027,94.7649,0.380089
22-May-2026,29-Jan-2027,99.5031,0.371761
22-May-2026,29-Jan-2027,104.241,0.364004
22-May-2026,29-Jan-2027,108.98,0.356766
22-May-2026,29-Jan-2027,113.718,0.350008
22-May-2026,26-Feb-2027,75.8119,0.428252
22-May-2026,26-Feb-2027,80.5502,0.417227
22-May-2026,26-Feb-2027,85.2884,0.407196
22-May-2026,26-Feb-2027,90.0267,0.397983
22-May-2026,26-Feb-2027,94.7649,0.389463
22-May-2026,26-Feb-2027,99.5031,0.38154
22-May-2026,26-Feb-2027,104.241,0.374146
22-May-2026,26-Feb-2027,108.98,0.367232
22-May-2026,26-Feb-2027,113.718,0.360759
22-May-2026,31-Mar-2027,75.8119,0.438196
22-May-2026,31-Mar-2027,80.5502,0.427848
22-May-2026,31-Mar-2027,85.2884,0.418392
22-May-2026,31-Mar-2027,90.0267,0.409681
22-May-2026,31-Mar-2027,94.7649,0.401604
22-May-2026,31-Mar-2027,99.5031,0.39408
22-May-2026,31-Mar-2027,104.241,0.387046
22-May-2026,31-Mar-2027,108.98,0.380454
22-May-2026,31-Mar-2027,113.718,0.374268
25-May-2026,29-May-2026,75.4717,0.281341
25-May-2026,29-May-2026,80.1887,0.233136
25-May-2026,29-May-2026,84.9056,0.22013
25-May-2026,29-May-2026,89.6226,0.206881
25-May-2026,29-May-2026,94.3396,0.193439
25-May-2026,29-May-2026,99.0566,0.180167
25-May-2026,29-May-2026,103.774,0.168137
25-May-2026,05-Jun-2026,75.4717,0.552185
25-May-2026,05-Jun-2026,80.1887,0.422055
25-May-2026,05-Jun-2026,84.9056,0.309105
25-May-2026,05-Jun-2026,89.6226,0.256142
25-May-2026,05-Jun-2026,94.3396,0.234766
25-May-2026,05-Jun-2026,99.0566,0.218623
25-May-2026,05-Jun-2026,103.774,0.204617
25-May-2026,05-Jun-2026,108.491,0.19368
25-May-2026,05-Jun-2026,113.208,0.186658
25-May-2026,12-Jun-2026,75.4717,0.456824
25-May-2026,12-Jun-2026,80.1887,0.356918
25-May-2026,12-Jun-2026,84.9056,0.288137
25-May-2026,12-Jun-2026,89.6226,0.256323
25-May-2026,12-Jun-2026,94.3396,0.237568
25-May-2026,12-Jun-2026,99.0566,0.222117
25-May-2026,12-Jun-2026,103.774,0.208561
25-May-2026,12-Jun-2026,108.491,0.19766
25-May-2026,12-Jun-2026,113.208,0.190218
25-May-2026,19-Jun-2026,75.4717,0.421461
25-May-2026,19-Jun-2026,80.1887,0.343624
25-May-2026,19-Jun-2026,84.9056,0.295473
25-May-2026,19-Jun-2026,89.6226,0.26899
25-May-2026,19-Jun-2026,94.3396,0.250609
25-May-2026,19-Jun-2026,99.0566,0.235108
25-May-2026,19-Jun-2026,103.774,0.221477
25-May-2026,19-Jun-2026,108.491,0.210235
25-May-2026,19-Jun-2026,113.208,0.202094
25-May-2026,26-Jun-2026,75.4717,0.390299
25-May-2026,26-Jun-2026,80.1887,0.329993
25-May-2026,26-Jun-2026,84.9056,0.293326
25-May-2026,26-Jun-2026,89.6226,0.270586
25-May-2026,26-Jun-2026,94.3396,0.253383
25-May-2026,26-Jun-2026,99.0566,0.238527
25-May-2026,26-Jun-2026,103.774,0.225353
25-May-2026,26-Jun-2026,108.491,0.214278
25-May-2026,26-Jun-2026,113.208,0.205933
25-May-2026,30-Jun-2026,75.4717,0.382869
25-May-2026,30-Jun-2026,80.1887,0.329762
25-May-2026,30-Jun-2026,84.9056,0.296783
25-May-2026,30-Jun-2026,89.6226,0.275094
25-May-2026,30-Jun-2026,94.3396,0.258181
25-May-2026,30-Jun-2026,99.0566,0.24348
25-May-2026,30-Jun-2026,103.774,0.230415
25-May-2026,30-Jun-2026,108.491,0.219325
25-May-2026,30-Jun-2026,113.208,0.21078
25-May-2026,31-Jul-2026,75.4717,0.360286
25-May-2026,31-Jul-2026,80.1887,0.332559
25-May-2026,31-Jul-2026,84.9056,0.311821
25-May-2026,31-Jul-2026,89.6226,0.295067
25-May-2026,31-Jul-2026,94.3396,0.280596
25-May-2026,31-Jul-2026,99.0566,0.267613
25-May-2026,31-Jul-2026,103.774,0.255869
25-May-2026,31-Jul-2026,108.491,0.24544
25-May-2026,31-Jul-2026,113.208,0.236565
25-May-2026,31-Aug-2026,75.4717,0.364931
25-May-2026,31-Aug-2026,80.1887,0.344513
25-May-2026,31-Aug-2026,84.9056,0.327747
25-May-2026,31-Aug-2026,89.6226,0.313322
25-May-2026,31-Aug-2026,94.3396,0.300472
25-May-2026,31-Aug-2026,99.0566,0.288795
25-May-2026,31-Aug-2026,103.774,0.278127
25-May-2026,31-Aug-2026,108.491,0.268455
25-May-2026,31-Aug-2026,113.208,0.259859
25-May-2026,30-Sep-2026,75.4717,0.374729
25-May-2026,30-Sep-2026,80.1887,0.357644
25-May-2026,30-Sep-2026,84.9056,0.342997
25-May-2026,30-Sep-2026,89.6226,0.330053
25-May-2026,30-Sep-2026,94.3396,0.318359
25-May-2026,30-Sep-2026,99.0566,0.307657
25-May-2026,30-Sep-2026,103.774,0.297817
25-May-2026,30-Sep-2026,108.491,0.288797
25-May-2026,30-Sep-2026,113.208,0.28061
25-May-2026,30-Oct-2026,75.4717,0.390924
25-May-2026,30-Oct-2026,80.1887,0.375715
25-May-2026,30-Oct-2026,84.9056,0.36237
25-May-2026,30-Oct-2026,89.6226,0.350409
25-May-2026,30-Oct-2026,94.3396,0.339523
25-May-2026,30-Oct-2026,99.0566,0.32952
25-May-2026,30-Oct-2026,103.774,0.320286
25-May-2026,30-Oct-2026,108.491,0.311764
25-May-2026,30-Oct-2026,113.208,0.303933
25-May-2026,30-Nov-2026,75.4717,0.400741
25-May-2026,30-Nov-2026,80.1887,0.387087
25-May-2026,30-Nov-2026,84.9056,0.374926
25-May-2026,30-Nov-2026,89.6226,0.363919
25-May-2026,30-Nov-2026,94.3396,0.353839
25-May-2026,30-Nov-2026,99.0566,0.344537
25-May-2026,30-Nov-2026,103.774,0.335917
25-May-2026,30-Nov-2026,108.491,0.32792
25-May-2026,30-Nov-2026,113.208,0.320517
25-May-2026,31-Dec-2026,75.4717,0.412651
25-May-2026,31-Dec-2026,80.1887,0.40011
25-May-2026,31-Dec-2026,84.9056,0.38883
25-May-2026,31-Dec-2026,89.6226,0.378556
25-May-2026,31-Dec-2026,94.3396,0.369107
25-May-2026,31-Dec-2026,99.0566,0.36036
25-May-2026,31-Dec-2026,103.774,0.352232
25-May-2026,31-Dec-2026,108.491,0.344664
25-May-2026,31-Dec-2026,113.208,0.337622
25-May-2026,29-Jan-2027,75.4717,0.422106
25-May-2026,29-Jan-2027,80.1887,0.410421
25-May-2026,29-Jan-2027,84.9056,0.399843
25-May-2026,29-Jan-2027,89.6226,0.390163
25-May-2026,29-Jan-2027,94.3396,0.381233
25-May-2026,29-Jan-2027,99.0566,0.372946
25-May-2026,29-Jan-2027,103.774,0.365227
25-May-2026,29-Jan-2027,108.491,0.358022
25-May-2026,29-Jan-2027,113.208,0.351293
25-May-2026,26-Feb-2027,75.4717,0.431226
25-May-2026,26-Feb-2027,80.1887,0.420221
25-May-2026,26-Feb-2027,84.9056,0.410211
25-May-2026,26-Feb-2027,89.6226,0.40102
25-May-2026,26-Feb-2027,94.3396,0.39252
25-May-2026,26-Feb-2027,99.0566,0.384617
25-May-2026,26-Feb-2027,103.774,0.377242
25-May-2026,26-Feb-2027,108.491,0.370344
25-May-2026,26-Feb-2027,113.208,0.363884
25-May-2026,31-Mar-2027,75.4717,0.439636
25-May-2026,31-Mar-2027,80.1887,0.429333
25-May-2026,31-Mar-2027,84.9056,0.41992
25-May-2026,31-Mar-2027,89.6226,0.411249
25-May-2026,31-Mar-2027,94.3396,0.40321
25-May-2026,31-Mar-2027,99.0566,0.39572
25-May-2026,31-Mar-2027,103.774,0.388717
25-May-2026,31-Mar-2027,108.491,0.382153
25-May-2026,31-Mar-2027,113.208,0.375992
26-May-2026,29-May-2026,74.9283,0.324773
26-May-2026,29-May-2026,79.6113,0.236296
26-May-2026,29-May-2026,84.2944,0.214167
26-May-2026,29-May-2026,88.9774,0.200521
26-May-2026,29-May-2026,93.6604,0.186595
26-May-2026,29-May-2026,98.3434,0.172815
26-May-2026,29-May-2026,103.026,0.160479
26-May-2026,05-Jun-2026,74.9283,0.578166
26-May-2026,05-Jun-2026,79.6113,0.441399
26-May-2026,05-Jun-2026,84.2944,0.317074
26-May-2026,05-Jun-2026,88.9774,0.253355
26-May-2026,05-Jun-2026,93.6604,0.22997
26-May-2026,05-Jun-2026,98.3434,0.212987
26-May-2026,05-Jun-2026,103.026,0.198482
26-May-2026,05-Jun-2026,107.709,0.187669
26-May-2026,05-Jun-2026,112.392,0.1813
26-May-2026,12-Jun-2026,74.9283,0.468971
26-May-2026,12-Jun-2026,79.6113,0.363996
26-May-2026,12-Jun-2026,84.2944,0.287136
26-May-2026,12-Jun-2026,88.9774,0.25147
26-May-2026,12-Jun-2026,93.6604,0.231602
26-May-2026,12-Jun-2026,98.3434,0.215489
26-May-2026,12-Jun-2026,103.026,0.201521
26-May-2026,12-Jun-2026,107.709,0.190699
26-May-2026,12-Jun-2026,112.392,0.183815
26-May-2026,19-Jun-2026,74.9283,0.428064
26-May-2026,19-Jun-2026,79.6113,0.345204
26-May-2026,19-Jun-2026,84.2944,0.292154
26-May-2026,19-Jun-2026,88.9774,0.263574
26-May-2026,19-Jun-2026,93.6604,0.244303
26-May-2026,19-Jun-2026,98.3434,0.228197
26-May-2026,19-Jun-2026,103.026,0.214169
26-May-2026,19-Jun-2026,107.709,0.202925
26-May-2026,19-Jun-2026,112.392,0.195222
26-May-2026,26-Jun-2026,74.9283,0.393353
26-May-2026,26-Jun-2026,79.6113,0.328723
26-May-2026,26-Jun-2026,84.2944,0.288906
26-May-2026,26-Jun-2026,88.9774,0.264776
26-May-2026,26-Jun-2026,93.6604,0.246852
26-May-2026,26-Jun-2026,98.3434,0.231466
26-May-2026,26-Jun-2026,103.026,0.217929
26-May-2026,26-Jun-2026,107.709,0.206811
26-May-2026,26-Jun-2026,112.392,0.198809
26-May-2026,30-Jun-2026,74.9283,0.384434
26-May-2026,30-Jun-2026,79.6113,0.327521
26-May-2026,30-Jun-2026,84.2944,0.292026
26-May-2026,30-Jun-2026,88.9774,0.269157
26-May-2026,30-Jun-2026,93.6604,0.251577
26-May-2026,30-Jun-2026,98.3434,0.236374
26-May-2026,30-Jun-2026,103.026,0.222955
26-May-2026,30-Jun-2026,107.709,0.211795
26-May-2026,30-Jun-2026,112.392,0.203538
26-May-2026,31-Jul-2026,74.9283,0.356757
26-May-2026,31-Jul-2026,79.6113,0.32764
26-May-2026,31-Jul-2026,84.2944,0.306046
26-May-2026,31-Jul-2026,88.9774,0.288734
26-May-2026,31-Jul-2026,93.6604,0.273841
26-May-2026,31-Jul-2026,98.3434,0.26051
26-May-2026,31-Jul-2026,103.026,0.248493
26-May-2026,31-Jul-2026,107.709,0.237917
26-May-2026,31-Jul-2026,112.392,0.229074
26-May-2026,31-Aug-2026,74.9283,0.360134
26-May-2026,31-Aug-2026,79.6113,0.338997
26-May-2026,31-Aug-2026,84.2944,0.321729
26-May-2026,31-Aug-2026,88.9774,0.306925
26-May-2026,31-Aug-2026,93.6604,0.293764
26-May-2026,31-Aug-2026,98.3434,0.281821
26-May-2026,31-Aug-2026,103.026,0.270934
26-May-2026,31-Aug-2026,107.709,0.26111
26-May-2026,31-Aug-2026,112.392,0.252455
26-May-2026,30-Sep-2026,74.9283,0.369465
26-May-2026,30-Sep-2026,79.6113,0.351904
26-May-2026,30-Sep-2026,84.2944,0.336896
26-May-2026,30-Sep-2026,88.9774,0.323659
26-May-2026,30-Sep-2026,93.6604,0.311717
26-May-2026,30-Sep-2026,98.3434,0.300799
26-May-2026,30-Sep-2026,103.026,0.290775
26-May-2026,30-Sep-2026,107.709,0.281613
26-May-2026,30-Sep-2026,112.392,0.273339
26-May-2026,30-Oct-2026,74.9283,0.385401
26-May-2026,30-Oct-2026,79.6113,0.369836
26-May-2026,30-Oct-2026,84.2944,0.356204
26-May-2026,30-Oct-2026,88.9774,0.344002
26-May-2026,30-Oct-2026,93.6604,0.332908
26-May-2026,30-Oct-2026,98.3434,0.322721
26-May-2026,30-Oct-2026,103.026,0.313329
26-May-2026,30-Oct-2026,107.709,0.304676
26-May-2026,30-Oct-2026,112.392,0.29675
26-May-2026,30-Nov-2026,74.9283,0.395091
26-May-2026,30-Nov-2026,79.6113,0.381154
26-May-2026,30-Nov-2026,84.2944,0.368758
26-May-2026,30-Nov-2026,88.9774,0.357548
26-May-2026,30-Nov-2026,93.6604,0.34729
26-May-2026,30-Nov-2026,98.3434,0.33783
26-May-2026,30-Nov-2026,103.026,0.32907
26-May-2026,30-Nov-2026,107.709,0.320956
26-May-2026,30-Nov-2026,112.392,0.313459
26-May-2026,31-Dec-2026,74.9283,0.406913
26-May-2026,31-Dec-2026,79.6113,0.394136
26-May-2026,31-Dec-2026,84.2944,0.382656
26-May-2026,31-Dec-2026,88.9774,0.372206
26-May-2026,31-Dec-2026,93.6604,0.3626
26-May-2026,31-Dec-2026,98.3434,0.353714
26-May-2026,31-Dec-2026,103.026,0.34546
26-May-2026,31-Dec-2026,107.709,0.337785
26-May-2026,31-Dec-2026,112.392,0.330652
26-May-2026,29-Jan-2027,74.9283,0.416321
26-May-2026,29-Jan-2027,79.6113,0.404431
26-May-2026,29-Jan-2027,84.2944,0.393676
26-May-2026,29-Jan-2027,88.9774,0.383839
26-May-2026,29-Jan-2027,93.6604,0.374768
26-May-2026,29-Jan-2027,98.3434,0.366354
26-May-2026,29-Jan-2027,103.026,0.358522
26-May-2026,29-Jan-2027,107.709,0.351216
26-May-2026,29-Jan-2027,112.392,0.344401
26-May-2026,26-Feb-2027,74.9283,0.425407
26-May-2026,26-Feb-2027,79.6113,0.41422
26-May-2026,26-Feb-2027,84.2944,0.40405
26-May-2026,26-Feb-2027,88.9774,0.394716
26-May-2026,26-Feb-2027,93.6604,0.386087
26-May-2026,26-Feb-2027,98.3434,0.378068
26-May-2026,26-Feb-2027,103.026,0.370587
26-May-2026,26-Feb-2027,107.709,0.363595
26-May-2026,26-Feb-2027,112.392,0.357054
26-May-2026,31-Mar-2027,74.9283,0.4338
26-May-2026,31-Mar-2027,79.6113,0.423336
26-May-2026,31-Mar-2027,84.2944,0.413779
26-May-2026,31-Mar-2027,88.9774,0.404979
26-May-2026,31-Mar-2027,93.6604,0.396822
26-May-2026,31-Mar-2027,98.3434,0.389226
26-May-2026,31-Mar-2027,103.026,0.382126
26-May-2026,31-Mar-2027,107.709,0.375475
26-May-2026,31-Mar-2027,112.392,0.369236
27-May-2026,29-May-2026,74.6772,0.393837
27-May-2026,29-May-2026,79.3445,0.289892
27-May-2026,29-May-2026,84.0118,0.212234
27-May-2026,29-May-2026,88.6791,0.198405
27-May-2026,29-May-2026,93.3465,0.184289
27-May-2026,29-May-2026,98.0138,0.170308
27-May-2026,05-Jun-2026,74.6772,0.611476
27-May-2026,05-Jun-2026,79.3445,0.46673
27-May-2026,05-Jun-2026,84.0118,0.331583
27-May-2026,05-Jun-2026,88.6791,0.256756
27-May-2026,05-Jun-2026,93.3465,0.231331
27-May-2026,05-Jun-2026,98.0138,0.21373
27-May-2026,05-Jun-2026,102.681,0.198857
27-May-2026,05-Jun-2026,107.348,0.187982
27-May-2026,05-Jun-2026,112.016,0.181791
27-May-2026,12-Jun-2026,74.6772,0.485078
27-May-2026,12-Jun-2026,79.3445,0.375323
27-May-2026,12-Jun-2026,84.0118,0.291562
27-May-2026,12-Jun-2026,88.6791,0.2523
27-May-2026,12-Jun-2026,93.3465,0.231519
27-May-2026,12-Jun-2026,98.0138,0.214984
27-May-2026,12-Jun-2026,102.681,0.200762
27-May-2026,12-Jun-2026,107.348,0.189908
27-May-2026,12-Jun-2026,112.016,0.183187
27-May-2026,19-Jun-2026,74.6772,0.438492
27-May-2026,19-Jun-2026,79.3445,0.351566
27-May-2026,19-Jun-2026,84.0118,0.294514
27-May-2026,19-Jun-2026,88.6791,0.264147
27-May-2026,19-Jun-2026,93.3465,0.244202
27-May-2026,19-Jun-2026,98.0138,0.22772
27-May-2026,19-Jun-2026,102.681,0.213452
27-May-2026,19-Jun-2026,107.348,0.202146
27-May-2026,19-Jun-2026,112.016,0.194556
27-May-2026,26-Jun-2026,74.6772,0.400447
27-May-2026,26-Jun-2026,79.3445,0.332565
27-May-2026,26-Jun-2026,84.0118,0.290281
27-May-2026,26-Jun-2026,88.6791,0.265044
27-May-2026,26-Jun-2026,93.3465,0.246613
27-May-2026,26-Jun-2026,98.0138,0.230914
27-May-2026,26-Jun-2026,102.681,0.21717
27-May-2026,26-Jun-2026,107.348,0.205983
27-May-2026,26-Jun-2026,112.016,0.198062
27-May-2026,30-Jun-2026,74.6772,0.390356
27-May-2026,30-Jun-2026,79.3445,0.330662
27-May-2026,30-Jun-2026,84.0118,0.29324
27-May-2026,30-Jun-2026,88.6791,0.269462
27-May-2026,30-Jun-2026,93.3465,0.251422
27-May-2026,30-Jun-2026,98.0138,0.235923
27-May-2026,30-Jun-2026,102.681,0.222304
27-May-2026,30-Jun-2026,107.348,0.211067
27-May-2026,30-Jun-2026,112.016,0.202869
27-May-2026,31-Jul-2026,74.6772,0.359427
27-May-2026,31-Jul-2026,79.3445,0.32945
27-May-2026,31-Jul-2026,84.0118,0.307296
27-May-2026,31-Jul-2026,88.6791,0.289621
27-May-2026,31-Jul-2026,93.3465,0.274472
27-May-2026,31-Jul-2026,98.0138,0.260946
27-May-2026,31-Jul-2026,102.681,0.248782
27-May-2026,31-Jul-2026,107.348,0.23811
27-May-2026,31-Jul-2026,112.016,0.229236
27-May-2026,31-Aug-2026,74.6772,0.362901
27-May-2026,31-Aug-2026,79.3445,0.341381
27-May-2026,31-Aug-2026,84.0118,0.323824
27-May-2026,31-Aug-2026,88.6791,0.308798
27-May-2026,31-Aug-2026,93.3465,0.295459
27-May-2026,31-Aug-2026,98.0138,0.28337
27-May-2026,31-Aug-2026,102.681,0.272364
27-May-2026,31-Aug-2026,107.348,0.262449
27-May-2026,31-Aug-2026,112.016,0.253736
27-May-2026,30-Sep-2026,74.6772,0.372985
27-May-2026,30-Sep-2026,79.3445,0.355204
27-May-2026,30-Sep-2026,84.0118,0.340009
27-May-2026,30-Sep-2026,88.6791,0.326613
27-May-2026,30-Sep-2026,93.3465,0.314534
27-May-2026,30-Sep-2026,98.0138,0.303498
27-May-2026,30-Sep-2026,102.681,0.293373
27-May-2026,30-Sep-2026,107.348,0.284128
27-May-2026,30-Sep-2026,112.016,0.275789
27-May-2026,30-Oct-2026,74.6772,0.390067
27-May-2026,30-Oct-2026,79.3445,0.374361
27-May-2026,30-Oct-2026,84.0118,0.360595
27-May-2026,30-Oct-2026,88.6791,0.348271
27-May-2026,30-Oct-2026,93.3465,0.337064
27-May-2026,30-Oct-2026,98.0138,0.326776
27-May-2026,30-Oct-2026,102.681,0.317294
27-May-2026,30-Oct-2026,107.348,0.308563
27-May-2026,30-Oct-2026,112.016,0.30057
27-May-2026,30-Nov-2026,74.6772,0.400832
27-May-2026,30-Nov-2026,79.3445,0.386799
27-May-2026,30-Nov-2026,84.0118,0.374302
27-May-2026,30-Nov-2026,88.6791,0.362995
27-May-2026,30-Nov-2026,93.3465,0.352644
27-May-2026,30-Nov-2026,98.0138,0.343097
27-May-2026,30-Nov-2026,102.681,0.334258
27-May-2026,30-Nov-2026,107.348,0.326072
27-May-2026,30-Nov-2026,112.016,0.318511
27-May-2026,31-Dec-2026,74.6772,0.413879
27-May-2026,31-Dec-2026,79.3445,0.401033
27-May-2026,31-Dec-2026,84.0118,0.389475
27-May-2026,31-Dec-2026,88.6791,0.378944
27-May-2026,31-Dec-2026,93.3465,0.36926
27-May-2026,31-Dec-2026,98.0138,0.360296
27-May-2026,31-Dec-2026,102.681,0.351971
27-May-2026,31-Dec-2026,107.348,0.344228
27-May-2026,31-Dec-2026,112.016,0.337033
27-May-2026,29-Jan-2027,74.6772,0.424415
27-May-2026,29-Jan-2027,79.3445,0.412474
27-May-2026,29-Jan-2027,84.0118,0.401655
27-May-2026,29-Jan-2027,88.6791,0.39175
27-May-2026,29-Jan-2027,93.3465,0.382609
27-May-2026,29-Jan-2027,98.0138,0.374127
27-May-2026,29-Jan-2027,102.681,0.366227
27-May-2026,29-Jan-2027,107.348,0.358858
27-May-2026,29-Jan-2027,112.016,0.351983
27-May-2026,26-Feb-2027,74.6772,0.43463
27-May-2026,26-Feb-2027,79.3445,0.423403
27-May-2026,26-Feb-2027,84.0118,0.41318
27-May-2026,26-Feb-2027,88.6791,0.403786
27-May-2026,26-Feb-2027,93.3465,0.395095
27-May-2026,26-Feb-2027,98.0138,0.387012
27-May-2026,26-Feb-2027,102.681,0.379469
27-May-2026,26-Feb-2027,107.348,0.372416
27-May-2026,26-Feb-2027,112.016,0.365816
27-May-2026,31-Mar-2027,74.6772,0.444275
27-May-2026,31-Mar-2027,79.3445,0.43378
27-May-2026,31-Mar-2027,84.0118,0.424179
27-May-2026,31-Mar-2027,88.6791,0.415326
27-May-2026,31-Mar-2027,93.3465,0.407113
27-May-2026,31-Mar-2027,98.0138,0.399458
27-May-2026,31-Mar-2027,102.681,0.3923
27-May-2026,31-Mar-2027,107.348,0.385591
27-May-2026,31-Mar-2027,112.016,0.379296
28-May-2026,29-May-2026,74.5818,0.563853
28-May-2026,29-May-2026,79.2432,0.413066
28-May-2026,29-May-2026,83.9045,0.271009
28-May-2026,29-May-2026,88.5659,0.182165
28-May-2026,29-May-2026,93.2272,0.166645
28-May-2026,29-May-2026,97.8886,0.178154
28-May-2026,29-May-2026,107.211,0.346283
28-May-2026,29-May-2026,111.873,0.449942
28-May-2026,05-Jun-2026,74.5818,0.646635
28-May-2026,05-Jun-2026,79.2432,0.49327
28-May-2026,05-Jun-2026,83.9045,0.344879
28-May-2026,05-Jun-2026,88.5659,0.24619
28-May-2026,05-Jun-2026,93.2272,0.215279
28-May-2026,05-Jun-2026,97.8886,0.195716
28-May-2026,05-Jun-2026,102.55,0.180115
28-May-2026,05-Jun-2026,107.211,0.170609
28-May-2026,05-Jun-2026,111.873,0.166673
28-May-2026,12-Jun-2026,74.5818,0.499228
28-May-2026,12-Jun-2026,79.2432,0.383975
28-May-2026,12-Jun-2026,83.9045,0.286983
28-May-2026,12-Jun-2026,88.5659,0.238032
28-May-2026,12-Jun-2026,93.2272,0.214594
28-May-2026,12-Jun-2026,97.8886,0.196574
28-May-2026,12-Jun-2026,102.55,0.181728
28-May-2026,12-Jun-2026,107.211,0.171852
28-May-2026,12-Jun-2026,111.873,0.167104
28-May-2026,19-Jun-2026,74.5818,0.445504
28-May-2026,19-Jun-2026,79.2432,0.351611
28-May-2026,19-Jun-2026,83.9045,0.284661
28-May-2026,19-Jun-2026,88.5659,0.249284
28-May-2026,19-Jun-2026,93.2272,0.227369
28-May-2026,19-Jun-2026,97.8886,0.20962
28-May-2026,19-Jun-2026,102.55,0.194736
28-May-2026,19-Jun-2026,107.211,0.184037
28-May-2026,19-Jun-2026,111.873,0.178042
28-May-2026,26-Jun-2026,74.5818,0.402783
28-May-2026,26-Jun-2026,79.2432,0.32772
28-May-2026,26-Jun-2026,83.9045,0.278608
28-May-2026,26-Jun-2026,88.5659,0.250193
28-May-2026,26-Jun-2026,93.2272,0.230238
28-May-2026,26-Jun-2026,97.8886,0.21348
28-May-2026,26-Jun-2026,102.55,0.199173
28-May-2026,26-Jun-2026,107.211,0.188368
28-May-2026,26-Jun-2026,111.873,0.181719
28-May-2026,30-Jun-2026,74.5818,0.390482
28-May-2026,30-Jun-2026,79.2432,0.323999
28-May-2026,30-Jun-2026,83.9045,0.281088
28-May-2026,30-Jun-2026,88.5659,0.254702
28-May-2026,30-Jun-2026,93.2272,0.235297
28-May-2026,30-Jun-2026,97.8886,0.21883
28-May-2026,30-Jun-2026,102.55,0.204673
28-May-2026,30-Jun-2026,107.211,0.193703
28-May-2026,30-Jun-2026,111.873,0.186599
28-May-2026,31-Jul-2026,74.5818,0.351404
28-May-2026,31-Jul-2026,79.2432,0.318749
28-May-2026,31-Jul-2026,83.9045,0.29498
28-May-2026,31-Jul-2026,88.5659,0.276333
28-May-2026,31-Jul-2026,93.2272,0.260515
28-May-2026,31-Jul-2026,97.8886,0.246483
28-May-2026,31-Jul-2026,102.55,0.233987
28-May-2026,31-Jul-2026,107.211,0.223257
28-May-2026,31-Jul-2026,111.873,0.214685
28-May-2026,31-Aug-2026,74.5818,0.35358
28-May-2026,31-Aug-2026,79.2432,0.330894
28-May-2026,31-Aug-2026,83.9045,0.312589
28-May-2026,31-Aug-2026,88.5659,0.297056
28-May-2026,31-Aug-2026,93.2272,0.283347
28-May-2026,31-Aug-2026,97.8886,0.270979
28-May-2026,31-Aug-2026,102.55,0.25978
28-May-2026,31-Aug-2026,107.211,0.249787
28-May-2026,31-Aug-2026,111.873,0.241145
28-May-2026,30-Sep-2026,74.5818,0.363886
28-May-2026,30-Sep-2026,79.2432,0.345491
28-May-2026,30-Sep-2026,83.9045,0.329883
28-May-2026,30-Sep-2026,88.5659,0.316197
28-May-2026,30-Sep-2026,93.2272,0.303904
28-May-2026,30-Sep-2026,97.8886,0.292708
28-May-2026,30-Sep-2026,102.55,0.282475
28-May-2026,30-Sep-2026,107.211,0.273178
28-May-2026,30-Sep-2026,111.873,0.264858
28-May-2026,30-Oct-2026,74.5818,0.381583
28-May-2026,30-Oct-2026,79.2432,0.365532
28-May-2026,30-Oct-2026,83.9045,0.351531
28-May-2026,30-Oct-2026,88.5659,0.339042
28-May-2026,30-Oct-2026,93.2272,0.327717
28-May-2026,30-Oct-2026,97.8886,0.317346
28-May-2026,30-Oct-2026,102.55,0.30781
28-May-2026,30-Oct-2026,107.211,0.299056
28-May-2026,30-Oct-2026,111.873,0.291076
28-May-2026,30-Nov-2026,74.5818,0.393054
28-May-2026,30-Nov-2026,79.2432,0.378826
28-May-2026,30-Nov-2026,83.9045,0.366199
28-May-2026,30-Nov-2026,88.5659,0.354803
28-May-2026,30-Nov-2026,93.2272,0.344393
28-May-2026,30-Nov-2026,97.8886,0.334809
28-May-2026,30-Nov-2026,102.55,0.325952
28-May-2026,30-Nov-2026,107.211,0.317765
28-May-2026,30-Nov-2026,111.873,0.310223
28-May-2026,31-Dec-2026,74.5818,0.406816
28-May-2026,31-Dec-2026,79.2432,0.393866
28-May-2026,31-Dec-2026,83.9045,0.382243
28-May-2026,31-Dec-2026,88.5659,0.371674
28-May-2026,31-Dec-2026,93.2272,0.36197
28-May-2026,31-Dec-2026,97.8886,0.353001
28-May-2026,31-Dec-2026,102.55,0.344682
28-May-2026,31-Dec-2026,107.211,0.336955
28-May-2026,31-Dec-2026,111.873,0.329787
28-May-2026,29-Jan-2027,74.5818,0.417981
28-May-2026,29-Jan-2027,79.2432,0.405989
28-May-2026,29-Jan-2027,83.9045,0.395146
28-May-2026,29-Jan-2027,88.5659,0.385233
28-May-2026,29-Jan-2027,93.2272,0.376097
28-May-2026,29-Jan-2027,97.8886,0.367629
28-May-2026,29-Jan-2027,102.55,0.359751
28-May-2026,29-Jan-2027,107.211,0.352409
28-May-2026,29-Jan-2027,111.873,0.345568
28-May-2026,26-Feb-2027,74.5818,0.428765
28-May-2026,26-Feb-2027,79.2432,0.417524
28-May-2026,26-Feb-2027,83.9045,0.407304
28-May-2026,26-Feb-2027,88.5659,0.397924
28-May-2026,26-Feb-2027,93.2272,0.389254
28-May-2026,26-Feb-2027,97.8886,0.381199
28-May-2026,26-Feb-2027,102.55,0.373688
28-May-2026,26-Feb-2027,107.211,0.366671
28-May-2026,26-Feb-2027,111.873,0.360111
28-May-2026,31-Mar-2027,74.5818,0.439016
28-May-2026,31-Mar-2027,79.2432,0.428535
28-May-2026,31-Mar-2027,83.9045,0.418958
28-May-2026,31-Mar-2027,88.5659,0.410137
28-May-2026,31-Mar-2027,93.2272,0.40196
28-May-2026,31-Mar-2027,97.8886,0.394343
28-May-2026,31-Mar-2027,102.55,0.387226
28-May-2026,31-Mar-2027,107.211,0.380559
28-May-2026,31-Mar-2027,111.873,0.374308
29-May-2026,05-Jun-2026,73.0696,0.688733
29-May-2026,05-Jun-2026,77.6365,0.525334
29-May-2026,05-Jun-2026,82.2033,0.37341
29-May-2026,05-Jun-2026,86.7702,0.293322
29-May-2026,05-Jun-2026,91.337,0.268149
29-May-2026,05-Jun-2026,95.9039,0.251172
29-May-2026,05-Jun-2026,100.471,0.23642
29-May-2026,05-Jun-2026,105.038,0.224279
29-May-2026,05-Jun-2026,109.604,0.215644
29-May-2026,12-Jun-2026,73.0696,0.514905
29-May-2026,12-Jun-2026,77.6365,0.399246
29-May-2026,12-Jun-2026,82.2033,0.315348
29-May-2026,12-Jun-2026,86.7702,0.278138
29-May-2026,12-Jun-2026,91.337,0.25831
29-May-2026,12-Jun-2026,95.9039,0.242454
29-May-2026,12-Jun-2026,100.471,0.228464
29-May-2026,12-Jun-2026,105.038,0.216839
29-May-2026,12-Jun-2026,109.604,0.2084
29-May-2026,19-Jun-2026,73.0696,0.456093
29-May-2026,19-Jun-2026,77.6365,0.368843
29-May-2026,19-Jun-2026,82.2033,0.314478
29-May-2026,19-Jun-2026,86.7702,0.285773
29-May-2026,19-Jun-2026,91.337,0.26653
29-May-2026,19-Jun-2026,95.9039,0.250439
29-May-2026,19-Jun-2026,100.471,0.236213
29-May-2026,19-Jun-2026,105.038,0.224296
29-May-2026,19-Jun-2026,109.604,0.215453
29-May-2026,26-Jun-2026,73.0696,0.413046
29-May-2026,26-Jun-2026,77.6365,0.346833
29-May-2026,26-Jun-2026,82.2033,0.306837
29-May-2026,26-Jun-2026,86.7702,0.282687
29-May-2026,26-Jun-2026,91.337,0.264683
29-May-2026,26-Jun-2026,95.9039,0.249143
29-May-2026,26-Jun-2026,100.471,0.23529
29-May-2026,26-Jun-2026,105.038,0.223577
29-May-2026,26-Jun-2026,109.604,0.214727
29-May-2026,03-Jul-2026,73.0696,0.38791
29-May-2026,03-Jul-2026,77.6365,0.335734
29-May-2026,03-Jul-2026,82.2033,0.303321
29-May-2026,03-Jul-2026,86.7702,0.281645
29-May-2026,03-Jul-2026,91.337,0.264458
29-May-2026,03-Jul-2026,95.9039,0.249335
29-May-2026,03-Jul-2026,100.471,0.235767
29-May-2026,03-Jul-2026,105.038,0.224198
29-May-2026,03-Jul-2026,109.604,0.215309
29-May-2026,30-Jun-2026,73.0696,0.401571
29-May-2026,30-Jun-2026,77.6365,0.343773
29-May-2026,30-Jun-2026,82.2033,0.30817
29-May-2026,30-Jun-2026,86.7702,0.285185
29-May-2026,30-Jun-2026,91.337,0.267397
29-May-2026,30-Jun-2026,95.9039,0.2519
29-May-2026,30-Jun-2026,100.471,0.238055
29-May-2026,30-Jun-2026,105.038,0.226294
29-May-2026,30-Jun-2026,109.604,0.217311
29-May-2026,31-Jul-2026,73.0696,0.36354
29-May-2026,31-Jul-2026,77.6365,0.333522
29-May-2026,31-Jul-2026,82.2033,0.311043
29-May-2026,31-Jul-2026,86.7702,0.292803
29-May-2026,31-Jul-2026,91.337,0.276908
29-May-2026,31-Jul-2026,95.9039,0.262505
29-May-2026,31-Jul-2026,100.471,0.249423
29-May-2026,31-Jul-2026,105.038,0.237963
29-May-2026,31-Jul-2026,109.604,0.228624
29-May-2026,31-Aug-2026,73.0696,0.359354
29-May-2026,31-Aug-2026,77.6365,0.336666
29-May-2026,31-Aug-2026,82.2033,0.317913
29-May-2026,31-Aug-2026,86.7702,0.301624
29-May-2026,31-Aug-2026,91.337,0.28694
29-May-2026,31-Aug-2026,95.9039,0.273452
29-May-2026,31-Aug-2026,100.471,0.261087
29-May-2026,31-Aug-2026,105.038,0.250036
29-May-2026,31-Aug-2026,109.604,0.240629
29-May-2026,30-Sep-2026,73.0696,0.361983
29-May-2026,30-Sep-2026,77.6365,0.34249
29-May-2026,30-Sep-2026,82.2033,0.325631
29-May-2026,30-Sep-2026,86.7702,0.310566
29-May-2026,30-Sep-2026,91.337,0.29679
29-May-2026,30-Sep-2026,95.9039,0.284056
29-May-2026,30-Sep-2026,100.471,0.272317
29-May-2026,30-Sep-2026,105.038,0.261687
29-May-2026,30-Sep-2026,109.604,0.252379
29-May-2026,30-Oct-2026,73.0696,0.371234
29-May-2026,30-Oct-2026,77.6365,0.353442
29-May-2026,30-Oct-2026,82.2033,0.337674
29-May-2026,30-Oct-2026,86.7702,0.323385
29-May-2026,30-Oct-2026,91.337,0.310233
29-May-2026,30-Oct-2026,95.9039,0.298042
29-May-2026,30-Oct-2026,100.471,0.286765
29-May-2026,30-Oct-2026,105.038,0.27646
29-May-2026,30-Oct-2026,109.604,0.267254
29-May-2026,30-Nov-2026,73.0696,0.375238
29-May-2026,30-Nov-2026,77.6365,0.358938
29-May-2026,30-Nov-2026,82.2033,0.344275
29-May-2026,30-Nov-2026,86.7702,0.330862
29-May-2026,30-Nov-2026,91.337,0.318454
29-May-2026,30-Nov-2026,95.9039,0.306918
29-May-2026,30-Nov-2026,100.471,0.29621
29-May-2026,30-Nov-2026,105.038,0.286358
29-May-2026,30-Nov-2026,109.604,0.277438
29-May-2026,31-Dec-2026,73.0696,0.381649
29-May-2026,31-Dec-2026,77.6365,0.366412
29-May-2026,31-Dec-2026,82.2033,0.352576
29-May-2026,31-Dec-2026,86.7702,0.339846
29-May-2026,31-Dec-2026,91.337,0.328035
29-May-2026,31-Dec-2026,95.9039,0.317033
29-May-2026,31-Dec-2026,100.471,0.306796
29-May-2026,31-Dec-2026,105.038,0.297328
29-May-2026,31-Dec-2026,109.604,0.288673
29-May-2026,29-Jan-2027,73.0696,0.386604
29-May-2026,29-Jan-2027,77.6365,0.372213
29-May-2026,29-Jan-2027,82.2033,0.359064
29-May-2026,29-Jan-2027,86.7702,0.346922
29-May-2026,29-Jan-2027,91.337,0.335632
29-May-2026,29-Jan-2027,95.9039,0.325098
29-May-2026,29-Jan-2027,100.471,0.315277
29-May-2026,29-Jan-2027,105.038,0.30616
29-May-2026,29-Jan-2027,109.604,0.29777
29-May-2026,26-Feb-2027,73.0696,0.391716
29-May-2026,26-Feb-2027,77.6365,0.378008
29-May-2026,26-Feb-2027,82.2033,0.36543
29-May-2026,26-Feb-2027,86.7702,0.353785
29-May-2026,26-Feb-2027,91.337,0.342939
29-May-2026,26-Feb-2027,95.9039,0.332808
29-May-2026,26-Feb-2027,100.471,0.323346
29-May-2026,26-Feb-2027,105.038,0.314539
29-May-2026,26-Feb-2027,109.604,0.306392
29-May-2026,31-Mar-2027,73.0696,0.396108
29-May-2026,31-Mar-2027,77.6365,0.383133
29-May-2026,31-Mar-2027,82.2033,0.371182
29-May-2026,31-Mar-2027,86.7702,0.36009
29-May-2026,31-Mar-2027,91.337,0.349741
29-May-2026,31-Mar-2027,95.9039,0.340062
29-May-2026,31-Mar-2027,100.471,0.331005
29-May-2026,31-Mar-2027,105.038,0.322552
29-May-2026,31-Mar-2027,109.604,0.314697
29-May-2026,30-Apr-2027,73.0696,0.400889
29-May-2026,30-Apr-2027,77.6365,0.388472
29-May-2026,30-Apr-2027,82.2033,0.377006
29-May-2026,30-Apr-2027,86.7702,0.366345
29-May-2026,30-Apr-2027,91.337,0.356389
29-May-2026,30-Apr-2027,95.9039,0.347066
29-May-2026,30-Apr-2027,100.471,0.338332
29-May-2026,30-Apr-2027,105.038,0.330163
29-May-2026,30-Apr-2027,109.604,0.322547
01-Jun-2026,05-Jun-2026,74.2367,0.269319
01-Jun-2026,05-Jun-2026,78.8765,0.21962
01-Jun-2026,05-Jun-2026,83.5162,0.205833
01-Jun-2026,05-Jun-2026,88.156,0.191611
01-Jun-2026,05-Jun-2026,92.7958,0.176962
01-Jun-2026,05-Jun-2026,97.4356,0.162417
01-Jun-2026,05-Jun-2026,102.075,0.149884
01-Jun-2026,05-Jun-2026,106.715,0.171857
01-Jun-2026,05-Jun-2026,111.355,0.223303
01-Jun-2026,12-Jun-2026,74.2367,0.551043
01-Jun-2026,12-Jun-2026,78.8765,0.420684
01-Jun-2026,12-Jun-2026,83.5162,0.30112
01-Jun-2026,12-Jun-2026,88.156,0.237131
01-Jun-2026,12-Jun-2026,92.7958,0.212819
01-Jun-2026,12-Jun-2026,97.4356,0.19487
01-Jun-2026,12-Jun-2026,102.075,0.179968
01-Jun-2026,12-Jun-2026,106.715,0.170147
01-Jun-2026,12-Jun-2026,111.355,0.165555
01-Jun-2026,19-Jun-2026,74.2367,0.45546
01-Jun-2026,19-Jun-2026,78.8765,0.352451
01-Jun-2026,19-Jun-2026,83.5162,0.273449
01-Jun-2026,19-Jun-2026,88.156,0.235142
01-Jun-2026,19-Jun-2026,92.7958,0.213808
01-Jun-2026,19-Jun-2026,97.4356,0.196378
01-Jun-2026,19-Jun-2026,102.075,0.181696
01-Jun-2026,19-Jun-2026,106.715,0.171658
01-Jun-2026,19-Jun-2026,111.355,0.166613
01-Jun-2026,26-Jun-2026,74.2367,0.418291
01-Jun-2026,26-Jun-2026,78.8765,0.333762
01-Jun-2026,26-Jun-2026,83.5162,0.276355
01-Jun-2026,26-Jun-2026,88.156,0.244907
01-Jun-2026,26-Jun-2026,92.7958,0.223802
01-Jun-2026,26-Jun-2026,97.4356,0.206058
01-Jun-2026,26-Jun-2026,102.075,0.19101
01-Jun-2026,26-Jun-2026,106.715,0.180326
01-Jun-2026,26-Jun-2026,111.355,0.174531
01-Jun-2026,03-Jul-2026,74.2367,0.384469
01-Jun-2026,03-Jul-2026,78.8765,0.316027
01-Jun-2026,03-Jul-2026,83.5162,0.271721
01-Jun-2026,03-Jul-2026,88.156,0.244835
01-Jun-2026,03-Jul-2026,92.7958,0.224921
01-Jun-2026,03-Jul-2026,97.4356,0.207717
01-Jun-2026,03-Jul-2026,102.075,0.192955
01-Jun-2026,03-Jul-2026,106.715,0.182161
01-Jun-2026,03-Jul-2026,111.355,0.17598
01-Jun-2026,30-Jun-2026,74.2367,0.390344
01-Jun-2026,30-Jun-2026,78.8765,0.316147
01-Jun-2026,30-Jun-2026,83.5162,0.267921
01-Jun-2026,30-Jun-2026,88.156,0.240225
01-Jun-2026,30-Jun-2026,92.7958,0.220385
01-Jun-2026,30-Jun-2026,97.4356,0.203313
01-Jun-2026,30-Jun-2026,102.075,0.188698
01-Jun-2026,30-Jun-2026,106.715,0.178167
01-Jun-2026,30-Jun-2026,111.355,0.172311
01-Jun-2026,31-Jul-2026,74.2367,0.344833
01-Jun-2026,31-Jul-2026,78.8765,0.307277
01-Jun-2026,31-Jul-2026,83.5162,0.280164
01-Jun-2026,31-Jul-2026,88.156,0.259079
01-Jun-2026,31-Jul-2026,92.7958,0.241098
01-Jun-2026,31-Jul-2026,97.4356,0.224977
01-Jun-2026,31-Jul-2026,102.075,0.210753
01-Jun-2026,31-Jul-2026,106.715,0.19934
01-Jun-2026,31-Jul-2026,111.355,0.191518
01-Jun-2026,31-Aug-2026,74.2367,0.336855
01-Jun-2026,31-Aug-2026,78.8765,0.3102
01-Jun-2026,31-Aug-2026,83.5162,0.288757
01-Jun-2026,31-Aug-2026,88.156,0.270513
01-Jun-2026,31-Aug-2026,92.7958,0.25425
01-Jun-2026,31-Aug-2026,97.4356,0.239437
01-Jun-2026,31-Aug-2026,102.075,0.226121
01-Jun-2026,31-Aug-2026,106.715,0.214808
01-Jun-2026,31-Aug-2026,111.355,0.206089
01-Jun-2026,30-Sep-2026,74.2367,0.339011
01-Jun-2026,30-Sep-2026,78.8765,0.316926
01-Jun-2026,30-Sep-2026,83.5162,0.298167
01-Jun-2026,30-Sep-2026,88.156,0.281619
01-Jun-2026,30-Sep-2026,92.7958,0.266609
01-Jun-2026,30-Sep-2026,97.4356,0.252836
01-Jun-2026,30-Sep-2026,102.075,0.240319
01-Jun-2026,30-Sep-2026,106.715,0.229338
01-Jun-2026,30-Sep-2026,111.355,0.220282
01-Jun-2026,30-Oct-2026,74.2367,0.345013
01-Jun-2026,30-Oct-2026,78.8765,0.325524
01-Jun-2026,30-Oct-2026,83.5162,0.30847
01-Jun-2026,30-Oct-2026,88.156,0.293147
01-Jun-2026,30-Oct-2026,92.7958,0.279125
01-Jun-2026,30-Oct-2026,97.4356,0.266205
01-Jun-2026,30-Oct-2026,102.075,0.254377
01-Jun-2026,30-Oct-2026,106.715,0.243791
01-Jun-2026,30-Oct-2026,111.355,0.234688
01-Jun-2026,30-Nov-2026,74.2367,0.351395
01-Jun-2026,30-Nov-2026,78.8765,0.333761
01-Jun-2026,30-Nov-2026,83.5162,0.318047
01-Jun-2026,30-Nov-2026,88.156,0.303771
01-Jun-2026,30-Nov-2026,92.7958,0.290634
01-Jun-2026,30-Nov-2026,97.4356,0.278488
01-Jun-2026,30-Nov-2026,102.075,0.267307
01-Jun-2026,30-Nov-2026,106.715,0.257168
01-Jun-2026,30-Nov-2026,111.355,0.248211
01-Jun-2026,31-Dec-2026,74.2367,0.3609
01-Jun-2026,31-Dec-2026,78.8765,0.344539
01-Jun-2026,31-Dec-2026,83.5162,0.329795
01-Jun-2026,31-Dec-2026,88.156,0.316312
01-Jun-2026,31-Dec-2026,92.7958,0.303864
01-Jun-2026,31-Dec-2026,97.4356,0.292329
01-Jun-2026,31-Dec-2026,102.075,0.281669
01-Jun-2026,31-Dec-2026,106.715,0.271912
01-Jun-2026,31-Dec-2026,111.355,0.263136
01-Jun-2026,29-Jan-2027,74.2367,0.366766
01-Jun-2026,29-Jan-2027,78.8765,0.35146
01-Jun-2026,29-Jan-2027,83.5162,0.337564
01-Jun-2026,29-Jan-2027,88.156,0.324799
01-Jun-2026,29-Jan-2027,92.7958,0.312981
01-Jun-2026,29-Jan-2027,97.4356,0.302006
01-Jun-2026,29-Jan-2027,102.075,0.29183
01-Jun-2026,29-Jan-2027,106.715,0.282461
01-Jun-2026,29-Jan-2027,111.355,0.273941
01-Jun-2026,26-Feb-2027,74.2367,0.371192
01-Jun-2026,26-Feb-2027,78.8765,0.356768
01-Jun-2026,26-Feb-2027,83.5162,0.343604
01-Jun-2026,26-Feb-2027,88.156,0.331469
01-Jun-2026,26-Feb-2027,92.7958,0.320209
01-Jun-2026,26-Feb-2027,97.4356,0.309732
01-Jun-2026,26-Feb-2027,102.075,0.299993
01-Jun-2026,26-Feb-2027,106.715,0.290986
01-Jun-2026,26-Feb-2027,111.355,0.282732
01-Jun-2026,31-Mar-2027,74.2367,0.378157
01-Jun-2026,31-Mar-2027,78.8765,0.36456
01-Jun-2026,31-Mar-2027,83.5162,0.352094
01-Jun-2026,31-Mar-2027,88.156,0.34057
01-Jun-2026,31-Mar-2027,92.7958,0.329856
01-Jun-2026,31-Mar-2027,97.4356,0.31987
01-Jun-2026,31-Mar-2027,102.075,0.310565
01-Jun-2026,31-Mar-2027,106.715,0.301924
01-Jun-2026,31-Mar-2027,111.355,0.29395
01-Jun-2026,30-Apr-2027,74.2367,0.383828
01-Jun-2026,30-Apr-2027,78.8765,0.370888
01-Jun-2026,30-Apr-2027,83.5162,0.358987
01-Jun-2026,30-Apr-2027,88.156,0.347962
01-Jun-2026,30-Apr-2027,92.7958,0.337697
01-Jun-2026,30-Apr-2027,97.4356,0.328115
01-Jun-2026,30-Apr-2027,102.075,0.31917
01-Jun-2026,30-Apr-2027,106.715,0.310838
01-Jun-2026,30-Apr-2027,111.355,0.303113
02-Jun-2026,05-Jun-2026,83.6617,0.202046
02-Jun-2026,05-Jun-2026,88.3095,0.187544
02-Jun-2026,05-Jun-2026,92.9574,0.172538
02-Jun-2026,05-Jun-2026,97.6053,0.157621
02-Jun-2026,05-Jun-2026,102.253,0.145072
02-Jun-2026,05-Jun-2026,106.901,0.197719
02-Jun-2026,05-Jun-2026,111.549,0.256789
02-Jun-2026,12-Jun-2026,74.3659,0.577461
02-Jun-2026,12-Jun-2026,79.0138,0.440632
02-Jun-2026,12-Jun-2026,83.6617,0.311846
02-Jun-2026,12-Jun-2026,88.3095,0.237182
02-Jun-2026,12-Jun-2026,92.9574,0.210831
02-Jun-2026,12-Jun-2026,97.6053,0.192182
02-Jun-2026,12-Jun-2026,102.253,0.176993
02-Jun-2026,12-Jun-2026,106.901,0.167496
02-Jun-2026,12-Jun-2026,111.549,0.16348
02-Jun-2026,19-Jun-2026,74.3659,0.46817
02-Jun-2026,19-Jun-2026,79.0138,0.361134
02-Jun-2026,19-Jun-2026,83.6617,0.275466
02-Jun-2026,19-Jun-2026,88.3095,0.233226
02-Jun-2026,19-Jun-2026,92.9574,0.210892
02-Jun-2026,19-Jun-2026,97.6053,0.192953
02-Jun-2026,19-Jun-2026,102.253,0.17807
02-Jun-2026,19-Jun-2026,106.901,0.168323
02-Jun-2026,19-Jun-2026,111.549,0.163796
02-Jun-2026,26-Jun-2026,74.3659,0.426018
02-Jun-2026,26-Jun-2026,79.0138,0.337816
02-Jun-2026,26-Jun-2026,83.6617,0.276149
02-Jun-2026,26-Jun-2026,88.3095,0.242695
02-Jun-2026,26-Jun-2026,92.9574,0.220856
02-Jun-2026,26-Jun-2026,97.6053,0.202677
02-Jun-2026,26-Jun-2026,102.253,0.187445
02-Jun-2026,26-Jun-2026,106.901,0.176988
02-Jun-2026,26-Jun-2026,111.549,0.171646
02-Jun-2026,03-Jul-2026,74.3659,0.389211
02-Jun-2026,03-Jul-2026,79.0138,0.317587
02-Jun-2026,03-Jul-2026,83.6617,0.270504
02-Jun-2026,03-Jul-2026,88.3095,0.242379
02-Jun-2026,03-Jul-2026,92.9574,0.221918
02-Jun-2026,03-Jul-2026,97.6053,0.204364
02-Jun-2026,03-Jul-2026,102.253,0.189451
02-Jun-2026,03-Jul-2026,106.901,0.17884
02-Jun-2026,03-Jul-2026,111.549,0.173051
02-Jun-2026,30-Jun-2026,74.3659,0.396124
02-Jun-2026,30-Jun-2026,79.0138,0.318512
02-Jun-2026,30-Jun-2026,83.6617,0.266916
02-Jun-2026,30-Jun-2026,88.3095,0.237744
02-Jun-2026,30-Jun-2026,92.9574,0.217311
02-Jun-2026,30-Jun-2026,97.6053,0.199867
02-Jun-2026,30-Jun-2026,102.253,0.185096
02-Jun-2026,30-Jun-2026,106.901,0.174774
02-Jun-2026,30-Jun-2026,111.549,0.16934
02-Jun-2026,31-Jul-2026,74.3659,0.345006
02-Jun-2026,31-Jul-2026,79.0138,0.306213
02-Jun-2026,31-Jul-2026,83.6617,0.278358
02-Jun-2026,31-Jul-2026,88.3095,0.256877
02-Jun-2026,31-Jul-2026,92.9574,0.238661
02-Jun-2026,31-Jul-2026,97.6053,0.222387
02-Jun-2026,31-Jul-2026,102.253,0.208097
02-Jun-2026,31-Jul-2026,106.901,0.196752
02-Jun-2026,31-Jul-2026,111.549,0.189118
02-Jun-2026,31-Aug-2026,74.3659,0.336108
02-Jun-2026,31-Aug-2026,79.0138,0.308996
02-Jun-2026,31-Aug-2026,83.6617,0.287289
02-Jun-2026,31-Aug-2026,88.3095,0.268903
02-Jun-2026,31-Aug-2026,92.9574,0.252566
02-Jun-2026,31-Aug-2026,97.6053,0.237724
02-Jun-2026,31-Aug-2026,102.253,0.224417
02-Jun-2026,31-Aug-2026,106.901,0.213153
02-Jun-2026,31-Aug-2026,111.549,0.204519
02-Jun-2026,30-Sep-2026,74.3659,0.338298
02-Jun-2026,30-Sep-2026,79.0138,0.316039
02-Jun-2026,30-Sep-2026,83.6617,0.297196
02-Jun-2026,30-Sep-2026,88.3095,0.280624
02-Jun-2026,30-Sep-2026,92.9574,0.26563
02-Jun-2026,30-Sep-2026,97.6053,0.251899
02-Jun-2026,30-Sep-2026,102.253,0.239442
02-Jun-2026,30-Sep-2026,106.901,0.228527
02-Jun-2026,30-Sep-2026,111.549,0.21953
02-Jun-2026,30-Oct-2026,74.3659,0.344597
02-Jun-2026,30-Oct-2026,79.0138,0.325073
02-Jun-2026,30-Oct-2026,83.6617,0.308032
02-Jun-2026,30-Oct-2026,88.3095,0.292756
02-Jun-2026,30-Oct-2026,92.9574,0.278807
02-Jun-2026,30-Oct-2026,97.6053,0.265974
02-Jun-2026,30-Oct-2026,102.253,0.25424
02-Jun-2026,30-Oct-2026,106.901,0.243742
02-Jun-2026,30-Oct-2026,111.549,0.234704
02-Jun-2026,30-Nov-2026,74.3659,0.35136
02-Jun-2026,30-Nov-2026,79.0138,0.333772
02-Jun-2026,30-Nov-2026,83.6617,0.318132
02-Jun-2026,30-Nov-2026,88.3095,0.30395
02-Jun-2026,30-Nov-2026,92.9574,0.290923
02-Jun-2026,30-Nov-2026,97.6053,0.278894
02-Jun-2026,30-Nov-2026,102.253,0.26783
02-Jun-2026,30-Nov-2026,106.901,0.257796
02-Jun-2026,30-Nov-2026,111.549,0.248919
02-Jun-2026,31-Dec-2026,74.3659,0.361304
02-Jun-2026,31-Dec-2026,79.0138,0.345043
02-Jun-2026,31-Dec-2026,83.6617,0.330413
02-Jun-2026,31-Dec-2026,88.3095,0.317057
02-Jun-2026,31-Dec-2026,92.9574,0.304745
02-Jun-2026,31-Dec-2026,97.6053,0.293347
02-Jun-2026,31-Dec-2026,102.253,0.282821
02-Jun-2026,31-Dec-2026,106.901,0.273184
02-Jun-2026,31-Dec-2026,111.549,0.264503
02-Jun-2026,29-Jan-2027,74.3659,0.36754
02-Jun-2026,29-Jan-2027,79.0138,0.352363
02-Jun-2026,29-Jan-2027,83.6617,0.338606
02-Jun-2026,29-Jan-2027,88.3095,0.325986
02-Jun-2026,29-Jan-2027,92.9574,0.314318
02-Jun-2026,29-Jan-2027,97.6053,0.303491
02-Jun-2026,29-Jan-2027,102.253,0.293458
02-Jun-2026,29-Jan-2027,106.901,0.284218
02-Jun-2026,29-Jan-2027,111.549,0.275803
02-Jun-2026,26-Feb-2027,74.3659,0.372292
02-Jun-2026,26-Feb-2027,79.0138,0.358017
02-Jun-2026,26-Feb-2027,83.6617,0.345007
02-Jun-2026,26-Feb-2027,88.3095,0.333029
02-Jun-2026,26-Feb-2027,92.9574,0.321927
02-Jun-2026,26-Feb-2027,97.6053,0.311605
02-Jun-2026,26-Feb-2027,102.253,0.302014
02-Jun-2026,26-Feb-2027,106.901,0.29314
02-Jun-2026,26-Feb-2027,111.549,0.284999
02-Jun-2026,31-Mar-2027,74.3659,0.379647
02-Jun-2026,31-Mar-2027,79.0138,0.366216
02-Jun-2026,31-Mar-2027,83.6617,0.353918
02-Jun-2026,31-Mar-2027,88.3095,0.34256
02-Jun-2026,31-Mar-2027,92.9574,0.332011
02-Jun-2026,31-Mar-2027,97.6053,0.322185
02-Jun-2026,31-Mar-2027,102.253,0.313032
02-Jun-2026,31-Mar-2027,106.901,0.304529
02-Jun-2026,31-Mar-2027,111.549,0.296675
02-Jun-2026,30-Apr-2027,74.3659,0.385645
02-Jun-2026,30-Apr-2027,79.0138,0.372881
02-Jun-2026,30-Apr-2027,83.6617,0.361155
02-Jun-2026,30-Apr-2027,88.3095,0.350301
02-Jun-2026,30-Apr-2027,92.9574,0.340205
02-Jun-2026,30-Apr-2027,97.6053,0.330785
02-Jun-2026,30-Apr-2027,102.253,0.321994
02-Jun-2026,30-Apr-2027,106.901,0.313803
02-Jun-2026,30-Apr-2027,111.549,0.306202
03-Jun-2026,05-Jun-2026,74.2317,0.405213
03-Jun-2026,05-Jun-2026,78.8712,0.297171
03-Jun-2026,05-Jun-2026,83.5107,0.195776
03-Jun-2026,05-Jun-2026,88.1502,0.176847
03-Jun-2026,05-Jun-2026,92.7897,0.160833
03-Jun-2026,05-Jun-2026,97.4292,0.144871
03-Jun-2026,05-Jun-2026,102.069,0.166146
03-Jun-2026,05-Jun-2026,106.708,0.24268
03-Jun-2026,05-Jun-2026,111.348,0.315555
03-Jun-2026,12-Jun-2026,74.2317,0.609927
03-Jun-2026,12-Jun-2026,78.8712,0.465332
03-Jun-2026,12-Jun-2026,83.5107,0.325506
03-Jun-2026,12-Jun-2026,88.1502,0.231656
03-Jun-2026,12-Jun-2026,92.7897,0.200652
03-Jun-2026,12-Jun-2026,97.4292,0.180392
03-Jun-2026,12-Jun-2026,102.069,0.164923
03-Jun-2026,12-Jun-2026,106.708,0.156926
03-Jun-2026,12-Jun-2026,111.348,0.155589
03-Jun-2026,19-Jun-2026,74.2317,0.483584
03-Jun-2026,19-Jun-2026,78.8712,0.371731
03-Jun-2026,19-Jun-2026,83.5107,0.275494
03-Jun-2026,19-Jun-2026,88.1502,0.224525
03-Jun-2026,19-Jun-2026,92.7897,0.199724
03-Jun-2026,19-Jun-2026,97.4292,0.180466
03-Jun-2026,19-Jun-2026,102.069,0.165317
03-Jun-2026,19-Jun-2026,106.708,0.156866
03-Jun-2026,19-Jun-2026,111.348,0.154038
03-Jun-2026,26-Jun-2026,74.2317,0.435612
03-Jun-2026,26-Jun-2026,78.8712,0.34194
03-Jun-2026,26-Jun-2026,83.5107,0.271713
03-Jun-2026,26-Jun-2026,88.1502,0.2333
03-Jun-2026,26-Jun-2026,92.7897,0.209495
03-Jun-2026,26-Jun-2026,97.4292,0.190088
03-Jun-2026,26-Jun-2026,102.069,0.174513
03-Jun-2026,26-Jun-2026,106.708,0.165125
03-Jun-2026,26-Jun-2026,111.348,0.161374
03-Jun-2026,03-Jul-2026,74.2317,0.39501
03-Jun-2026,03-Jul-2026,78.8712,0.317647
03-Jun-2026,03-Jul-2026,83.5107,0.264132
03-Jun-2026,03-Jul-2026,88.1502,0.232674
03-Jun-2026,03-Jul-2026,92.7897,0.210615
03-Jun-2026,03-Jul-2026,97.4292,0.19197
03-Jun-2026,03-Jul-2026,102.069,0.176693
03-Jun-2026,03-Jul-2026,106.708,0.166959
03-Jun-2026,03-Jul-2026,111.348,0.16262
03-Jun-2026,30-Jun-2026,74.2317,0.403303
03-Jun-2026,30-Jun-2026,78.8712,0.320061
03-Jun-2026,30-Jun-2026,83.5107,0.261114
03-Jun-2026,30-Jun-2026,88.1502,0.228108
03-Jun-2026,30-Jun-2026,92.7897,0.206001
03-Jun-2026,30-Jun-2026,97.4292,0.187439
03-Jun-2026,30-Jun-2026,102.069,0.172334
03-Jun-2026,30-Jun-2026,106.708,0.162982
03-Jun-2026,30-Jun-2026,111.348,0.159052
03-Jun-2026,31-Jul-2026,74.2317,0.342916
03-Jun-2026,31-Jul-2026,78.8712,0.300533
03-Jun-2026,31-Jul-2026,83.5107,0.270221
03-Jun-2026,31-Jul-2026,88.1502,0.247255
03-Jun-2026,31-Jul-2026,92.7897,0.228023
03-Jun-2026,31-Jul-2026,97.4292,0.210972
03-Jun-2026,31-Jul-2026,102.069,0.196279
03-Jun-2026,31-Jul-2026,106.708,0.18522
03-Jun-2026,31-Jul-2026,111.348,0.178477
03-Jun-2026,31-Aug-2026,74.2317,0.331222
03-Jun-2026,31-Aug-2026,78.8712,0.302183
03-Jun-2026,31-Aug-2026,83.5107,0.279155
03-Jun-2026,31-Aug-2026,88.1502,0.259848
03-Jun-2026,31-Aug-2026,92.7897,0.24281
03-Jun-2026,31-Aug-2026,97.4292,0.227415
03-Jun-2026,31-Aug-2026,102.069,0.213762
03-Jun-2026,31-Aug-2026,106.708,0.202503
03-Jun-2026,31-Aug-2026,111.348,0.194293
03-Jun-2026,30-Sep-2026,74.2317,0.332602
03-Jun-2026,30-Sep-2026,78.8712,0.309119
03-Jun-2026,30-Sep-2026,83.5107,0.289394
03-Jun-2026,30-Sep-2026,88.1502,0.272162
03-Jun-2026,30-Sep-2026,92.7897,0.256647
03-Jun-2026,30-Sep-2026,97.4292,0.242502
03-Jun-2026,30-Sep-2026,102.069,0.229759
03-Jun-2026,30-Sep-2026,106.708,0.218755
03-Jun-2026,30-Sep-2026,111.348,0.209926
03-Jun-2026,30-Oct-2026,74.2317,0.338712
03-Jun-2026,30-Oct-2026,78.8712,0.318327
03-Jun-2026,30-Oct-2026,83.5107,0.300639
03-Jun-2026,30-Oct-2026,88.1502,0.284863
03-Jun-2026,30-Oct-2026,92.7897,0.270512
03-Jun-2026,30-Oct-2026,97.4292,0.257357
03-Jun-2026,30-Oct-2026,102.069,0.245387
03-Jun-2026,30-Oct-2026,106.708,0.234773
03-Jun-2026,30-Oct-2026,111.348,0.225773
03-Jun-2026,30-Nov-2026,74.2317,0.345532
03-Jun-2026,30-Nov-2026,78.8712,0.327304
03-Jun-2026,30-Nov-2026,83.5107,0.31117
03-Jun-2026,30-Nov-2026,88.1502,0.296598
03-Jun-2026,30-Nov-2026,92.7897,0.283254
03-Jun-2026,30-Nov-2026,97.4292,0.270969
03-Jun-2026,30-Nov-2026,102.069,0.259711
03-Jun-2026,30-Nov-2026,106.708,0.249559
03-Jun-2026,30-Nov-2026,111.348,0.240662
03-Jun-2026,31-Dec-2026,74.2317,0.355665
03-Jun-2026,31-Dec-2026,78.8712,0.338906
03-Jun-2026,31-Dec-2026,83.5107,0.323884
03-Jun-2026,31-Dec-2026,88.1502,0.310212
03-Jun-2026,31-Dec-2026,92.7897,0.297642
03-Jun-2026,31-Dec-2026,97.4292,0.286035
03-Jun-2026,31-Dec-2026,102.069,0.275345
03-Jun-2026,31-Dec-2026,106.708,0.265598
03-Jun-2026,31-Dec-2026,111.348,0.256869
03-Jun-2026,29-Jan-2027,74.2317,0.362102
03-Jun-2026,29-Jan-2027,78.8712,0.346521
03-Jun-2026,29-Jan-2027,83.5107,0.332441
03-Jun-2026,29-Jan-2027,88.1502,0.319559
03-Jun-2026,29-Jan-2027,92.7897,0.307675
03-Jun-2026,29-Jan-2027,97.4292,0.296673
03-Jun-2026,29-Jan-2027,102.069,0.2865
03-Jun-2026,29-Jan-2027,106.708,0.277159
03-Jun-2026,29-Jan-2027,111.348,0.268687
03-Jun-2026,26-Feb-2027,74.2317,0.367056
03-Jun-2026,26-Feb-2027,78.8712,0.352444
03-Jun-2026,26-Feb-2027,83.5107,0.339162
03-Jun-2026,26-Feb-2027,88.1502,0.326961
03-Jun-2026,26-Feb-2027,92.7897,0.315676
03-Jun-2026,26-Feb-2027,97.4292,0.305203
03-Jun-2026,26-Feb-2027,102.069,0.29549
03-Jun-2026,26-Feb-2027,106.708,0.286526
03-Jun-2026,26-Feb-2027,111.348,0.278326
03-Jun-2026,31-Mar-2027,74.2317,0.374667
03-Jun-2026,31-Mar-2027,78.8712,0.360958
03-Jun-2026,31-Mar-2027,83.5107,0.348433
03-Jun-2026,31-Mar-2027,88.1502,0.336889
03-Jun-2026,31-Mar-2027,92.7897,0.326186
03-Jun-2026,31-Mar-2027,97.4292,0.316231
03-Jun-2026,31-Mar-2027,102.069,0.306973
03-Jun-2026,31-Mar-2027,106.708,0.298389
03-Jun-2026,31-Mar-2027,111.348,0.290478
03-Jun-2026,30-Apr-2027,74.2317,0.380892
03-Jun-2026,30-Apr-2027,78.8712,0.36789
03-Jun-2026,30-Apr-2027,83.5107,0.35597
03-Jun-2026,30-Apr-2027,88.1502,0.344955
03-Jun-2026,30-Apr-2027,92.7897,0.334724
03-Jun-2026,30-Apr-2027,97.4292,0.325192
03-Jun-2026,30-Apr-2027,102.069,0.316309
03-Jun-2026,30-Apr-2027,106.708,0.308045
03-Jun-2026,30-Apr-2027,111.348,0.300389
04-Jun-2026,05-Jun-2026,74.5988,0.573683
04-Jun-2026,05-Jun-2026,79.2612,0.420744
04-Jun-2026,05-Jun-2026,83.9236,0.276024
04-Jun-2026,05-Jun-2026,88.5861,0.171932
04-Jun-2026,05-Jun-2026,93.2485,0.155337
04-Jun-2026,05-Jun-2026,97.9109,0.186042
04-Jun-2026,05-Jun-2026,107.236,0.345616
04-Jun-2026,05-Jun-2026,111.898,0.449775
04-Jun-2026,12-Jun-2026,74.5988,0.644861
04-Jun-2026,12-Jun-2026,79.2612,0.4918
04-Jun-2026,12-Jun-2026,83.9236,0.34222
04-Jun-2026,12-Jun-2026,88.5861,0.231437
04-Jun-2026,12-Jun-2026,93.2485,0.195779
04-Jun-2026,12-Jun-2026,97.9109,0.174024
04-Jun-2026,12-Jun-2026,102.573,0.158397
04-Jun-2026,12-Jun-2026,107.236,0.151694
04-Jun-2026,12-Jun-2026,111.898,0.160906
04-Jun-2026,19-Jun-2026,74.5988,0.497693
04-Jun-2026,19-Jun-2026,79.2612,0.381856
04-Jun-2026,19-Jun-2026,83.9236,0.277773
04-Jun-2026,19-Jun-2026,88.5861,0.218779
04-Jun-2026,19-Jun-2026,93.2485,0.191554
04-Jun-2026,19-Jun-2026,97.9109,0.170845
04-Jun-2026,19-Jun-2026,102.573,0.155543
04-Jun-2026,19-Jun-2026,107.236,0.148568
04-Jun-2026,19-Jun-2026,111.898,0.147302
04-Jun-2026,26-Jun-2026,74.5988,0.443374
04-Jun-2026,26-Jun-2026,79.2612,0.345736
04-Jun-2026,26-Jun-2026,83.9236,0.268338
04-Jun-2026,26-Jun-2026,88.5861,0.224949
04-Jun-2026,26-Jun-2026,93.2485,0.198893
04-Jun-2026,26-Jun-2026,97.9109,0.17779
04-Jun-2026,26-Jun-2026,102.573,0.16188
04-Jun-2026,26-Jun-2026,107.236,0.154119
04-Jun-2026,26-Jun-2026,111.898,0.152267
04-Jun-2026,03-Jul-2026,74.5988,0.399154
04-Jun-2026,03-Jul-2026,79.2612,0.31734
04-Jun-2026,03-Jul-2026,83.9236,0.257722
04-Jun-2026,03-Jul-2026,88.5861,0.222538
04-Jun-2026,03-Jul-2026,93.2485,0.198332
04-Jun-2026,03-Jul-2026,97.9109,0.177881
04-Jun-2026,03-Jul-2026,102.573,0.16212
04-Jun-2026,03-Jul-2026,107.236,0.154023
04-Jun-2026,03-Jul-2026,111.898,0.151771
04-Jun-2026,30-Jun-2026,74.5988,0.408806
04-Jun-2026,30-Jun-2026,79.2612,0.321428
04-Jun-2026,30-Jun-2026,83.9236,0.255931
04-Jun-2026,30-Jun-2026,88.5861,0.218869
04-Jun-2026,30-Jun-2026,93.2485,0.194681
04-Jun-2026,30-Jun-2026,97.9109,0.174428
04-Jun-2026,30-Jun-2026,102.573,0.15894
04-Jun-2026,30-Jun-2026,107.236,0.151202
04-Jun-2026,30-Jun-2026,111.898,0.149225
04-Jun-2026,31-Jul-2026,74.5988,0.337882
04-Jun-2026,31-Jul-2026,79.2612,0.29085
04-Jun-2026,31-Jul-2026,83.9236,0.256756
04-Jun-2026,31-Jul-2026,88.5861,0.231008
04-Jun-2026,31-Jul-2026,93.2485,0.209334
04-Jun-2026,31-Jul-2026,97.9109,0.189956
04-Jun-2026,31-Jul-2026,102.573,0.174046
04-Jun-2026,31-Jul-2026,107.236,0.164184
04-Jun-2026,31-Jul-2026,111.898,0.160019
04-Jun-2026,31-Aug-2026,74.5988,0.319344
04-Jun-2026,31-Aug-2026,79.2612,0.286445
04-Jun-2026,31-Aug-2026,83.9236,0.260245
04-Jun-2026,31-Aug-2026,88.5861,0.238183
04-Jun-2026,31-Aug-2026,93.2485,0.218477
04-Jun-2026,31-Aug-2026,97.9109,0.200498
04-Jun-2026,31-Aug-2026,102.573,0.185094
04-Jun-2026,31-Aug-2026,107.236,0.174133
04-Jun-2026,31-Aug-2026,111.898,0.168178
04-Jun-2026,30-Sep-2026,74.5988,0.315549
04-Jun-2026,30-Sep-2026,79.2612,0.288592
04-Jun-2026,30-Sep-2026,83.9236,0.265835
04-Jun-2026,30-Sep-2026,88.5861,0.245786
04-Jun-2026,30-Sep-2026,93.2485,0.227488
04-Jun-2026,30-Sep-2026,97.9109,0.21066
04-Jun-2026,30-Sep-2026,102.573,0.195873
04-Jun-2026,30-Sep-2026,107.236,0.184399
04-Jun-2026,30-Sep-2026,111.898,0.177058
04-Jun-2026,30-Oct-2026,74.5988,0.317103
04-Jun-2026,30-Oct-2026,79.2612,0.293417
04-Jun-2026,30-Oct-2026,83.9236,0.272728
04-Jun-2026,30-Oct-2026,88.5861,0.254084
04-Jun-2026,30-Oct-2026,93.2485,0.236904
04-Jun-2026,30-Oct-2026,97.9109,0.22104
04-Jun-2026,30-Oct-2026,102.573,0.206869
04-Jun-2026,30-Oct-2026,107.236,0.195232
04-Jun-2026,30-Oct-2026,111.898,0.186894
04-Jun-2026,30-Nov-2026,74.5988,0.319752
04-Jun-2026,30-Nov-2026,79.2612,0.298331
04-Jun-2026,30-Nov-2026,83.9236,0.279222
04-Jun-2026,30-Nov-2026,88.5861,0.261778
04-Jun-2026,30-Nov-2026,93.2485,0.245617
04-Jun-2026,30-Nov-2026,97.9109,0.230649
04-Jun-2026,30-Nov-2026,102.573,0.217121
04-Jun-2026,30-Nov-2026,107.236,0.20559
04-Jun-2026,30-Nov-2026,111.898,0.196661
04-Jun-2026,31-Dec-2026,74.5988,0.325759
04-Jun-2026,31-Dec-2026,79.2612,0.30585
04-Jun-2026,31-Dec-2026,83.9236,0.287857
04-Jun-2026,31-Dec-2026,88.5861,0.271314
04-Jun-2026,31-Dec-2026,93.2485,0.255947
04-Jun-2026,31-Dec-2026,97.9109,0.24169
04-Jun-2026,31-Dec-2026,102.573,0.228697
04-Jun-2026,31-Dec-2026,107.236,0.217331
04-Jun-2026,31-Dec-2026,111.898,0.208033
04-Jun-2026,29-Jan-2027,74.5988,0.328951
04-Jun-2026,29-Jan-2027,79.2612,0.310289
04-Jun-2026,29-Jan-2027,83.9236,0.293284
04-Jun-2026,29-Jan-2027,88.5861,0.277575
04-Jun-2026,29-Jan-2027,93.2485,0.262953
04-Jun-2026,29-Jan-2027,97.9109,0.24936
04-Jun-2026,29-Jan-2027,102.573,0.2369
04-Jun-2026,29-Jan-2027,107.236,0.225825
04-Jun-2026,29-Jan-2027,111.898,0.216462
04-Jun-2026,26-Feb-2027,74.5988,0.331157
04-Jun-2026,26-Feb-2027,79.2612,0.313537
04-Jun-2026,26-Feb-2027,83.9236,0.297389
04-Jun-2026,26-Feb-2027,88.5861,0.282422
04-Jun-2026,26-Feb-2027,93.2485,0.268466
04-Jun-2026,26-Feb-2027,97.9109,0.25547
04-Jun-2026,26-Feb-2027,102.573,0.243505
04-Jun-2026,26-Feb-2027,107.236,0.232751
04-Jun-2026,26-Feb-2027,111.898,0.223454
04-Jun-2026,31-Mar-2027,74.5988,0.335549
04-Jun-2026,31-Mar-2027,79.2612,0.318898
04-Jun-2026,31-Mar-2027,83.9236,0.303565
04-Jun-2026,31-Mar-2027,88.5861,0.289317
04-Jun-2026,31-Mar-2027,93.2485,0.276013
04-Jun-2026,31-Mar-2027,97.9109,0.263607
04-Jun-2026,31-Mar-2027,102.573,0.252136
04-Jun-2026,31-Mar-2027,107.236,0.241722
04-Jun-2026,31-Mar-2027,111.898,0.232537
04-Jun-2026,30-Apr-2027,74.5988,0.339127
04-Jun-2026,30-Apr-2027,79.2612,0.323247
04-Jun-2026,30-Apr-2027,83.9236,0.308578
04-Jun-2026,30-Apr-2027,88.5861,0.294921
04-Jun-2026,30-Apr-2027,93.2485,0.282157
04-Jun-2026,30-Apr-2027,97.9109,0.270238
04-Jun-2026,30-Apr-2027,102.573,0.259185
04-Jun-2026,30-Apr-2027,107.236,0.249081
04-Jun-2026,30-Apr-2027,111.898,0.240049
05-Jun-2026,12-Jun-2026,73.7984,0.686622
05-Jun-2026,12-Jun-2026,78.4108,0.523456
05-Jun-2026,12-Jun-2026,83.0232,0.365052
05-Jun-2026,12-Jun-2026,87.6356,0.257757
05-Jun-2026,12-Jun-2026,92.248,0.22547
05-Jun-2026,12-Jun-2026,96.8604,0.205426
05-Jun-2026,12-Jun-2026,101.473,0.189207
05-Jun-2026,12-Jun-2026,106.085,0.178983
05-Jun-2026,12-Jun-2026,110.698,0.174631
05-Jun-2026,19-Jun-2026,73.7984,0.512944
05-Jun-2026,19-Jun-2026,78.4108,0.394018
05-Jun-2026,19-Jun-2026,83.0232,0.29277
05-Jun-2026,19-Jun-2026,87.6356,0.241377
05-Jun-2026,19-Jun-2026,92.248,0.217091
05-Jun-2026,19-Jun-2026,96.8604,0.19828
05-Jun-2026,19-Jun-2026,101.473,0.182765
05-Jun-2026,19-Jun-2026,106.085,0.172736
05-Jun-2026,19-Jun-2026,110.698,0.168192
05-Jun-2026,26-Jun-2026,73.7984,0.452049
05-Jun-2026,26-Jun-2026,78.4108,0.355328
05-Jun-2026,26-Jun-2026,83.0232,0.284807
05-Jun-2026,26-Jun-2026,87.6356,0.247279
05-Jun-2026,26-Jun-2026,92.248,0.223977
05-Jun-2026,26-Jun-2026,96.8604,0.204831
05-Jun-2026,26-Jun-2026,101.473,0.188917
05-Jun-2026,26-Jun-2026,106.085,0.178344
05-Jun-2026,26-Jun-2026,110.698,0.173264
05-Jun-2026,03-Jul-2026,73.7984,0.40557
05-Jun-2026,03-Jul-2026,78.4108,0.327329
05-Jun-2026,03-Jul-2026,83.0232,0.274677
05-Jun-2026,03-Jul-2026,87.6356,0.244026
05-Jun-2026,03-Jul-2026,92.248,0.22232
05-Jun-2026,03-Jul-2026,96.8604,0.203775
05-Jun-2026,03-Jul-2026,101.473,0.188163
05-Jun-2026,03-Jul-2026,106.085,0.177542
05-Jun-2026,03-Jul-2026,110.698,0.172215
05-Jun-2026,10-Jul-2026,73.7984,0.376358
05-Jun-2026,10-Jul-2026,78.4108,0.312026
05-Jun-2026,10-Jul-2026,83.0232,0.269712
05-Jun-2026,10-Jul-2026,87.6356,0.242716
05-Jun-2026,10-Jul-2026,92.248,0.222033
05-Jun-2026,10-Jul-2026,96.8604,0.203941
05-Jun-2026,10-Jul-2026,101.473,0.18855
05-Jun-2026,10-Jul-2026,106.085,0.177841
05-Jun-2026,10-Jul-2026,110.698,0.17225
05-Jun-2026,30-Jun-2026,73.7984,0.415693
05-Jun-2026,30-Jun-2026,78.4108,0.330769
05-Jun-2026,30-Jun-2026,83.0232,0.272404
05-Jun-2026,30-Jun-2026,87.6356,0.240297
05-Jun-2026,30-Jun-2026,92.248,0.218639
05-Jun-2026,30-Jun-2026,96.8604,0.200287
05-Jun-2026,30-Jun-2026,101.473,0.184878
05-Jun-2026,30-Jun-2026,106.085,0.174518
05-Jun-2026,30-Jun-2026,110.698,0.169444
05-Jun-2026,31-Jul-2026,73.7984,0.346706
05-Jun-2026,31-Jul-2026,78.4108,0.304652
05-Jun-2026,31-Jul-2026,83.0232,0.2745
05-Jun-2026,31-Jul-2026,87.6356,0.251376
05-Jun-2026,31-Jul-2026,92.248,0.231708
05-Jun-2026,31-Jul-2026,96.8604,0.214005
05-Jun-2026,31-Jul-2026,101.473,0.198628
05-Jun-2026,31-Jul-2026,106.085,0.187208
05-Jun-2026,31-Jul-2026,110.698,0.180483
05-Jun-2026,31-Aug-2026,73.7984,0.330932
05-Jun-2026,31-Aug-2026,78.4108,0.30139
05-Jun-2026,31-Aug-2026,83.0232,0.277709
05-Jun-2026,31-Aug-2026,87.6356,0.257564
05-Jun-2026,31-Aug-2026,92.248,0.239481
05-Jun-2026,31-Aug-2026,96.8604,0.222888
05-Jun-2026,31-Aug-2026,101.473,0.208153
05-Jun-2026,31-Aug-2026,106.085,0.19643
05-Jun-2026,31-Aug-2026,110.698,0.188578
05-Jun-2026,30-Sep-2026,73.7984,0.32828
05-Jun-2026,30-Sep-2026,78.4108,0.303752
05-Jun-2026,30-Sep-2026,83.0232,0.282891
05-Jun-2026,30-Sep-2026,87.6356,0.264388
05-Jun-2026,30-Sep-2026,92.248,0.247443
05-Jun-2026,30-Sep-2026,96.8604,0.231775
05-Jun-2026,30-Sep-2026,101.473,0.21767
05-Jun-2026,30-Sep-2026,106.085,0.205923
05-Jun-2026,30-Sep-2026,110.698,0.197299
05-Jun-2026,30-Oct-2026,73.7984,0.330301
05-Jun-2026,30-Oct-2026,78.4108,0.308507
05-Jun-2026,30-Oct-2026,83.0232,0.289351
05-Jun-2026,30-Oct-2026,87.6356,0.272005
05-Jun-2026,30-Oct-2026,92.248,0.255972
05-Jun-2026,30-Oct-2026,96.8604,0.241093
05-Jun-2026,30-Oct-2026,101.473,0.227573
05-Jun-2026,30-Oct-2026,106.085,0.215951
05-Jun-2026,30-Oct-2026,110.698,0.206832
05-Jun-2026,30-Nov-2026,73.7984,0.333085
05-Jun-2026,30-Nov-2026,78.4108,0.313199
05-Jun-2026,30-Nov-2026,83.0232,0.295369
05-Jun-2026,30-Nov-2026,87.6356,0.27903
05-Jun-2026,30-Nov-2026,92.248,0.26385
05-Jun-2026,30-Nov-2026,96.8604,0.249728
05-Jun-2026,30-Nov-2026,101.473,0.236805
05-Jun-2026,30-Nov-2026,106.085,0.225446
05-Jun-2026,30-Nov-2026,110.698,0.2161
05-Jun-2026,31-Dec-2026,73.7984,0.339067
05-Jun-2026,31-Dec-2026,78.4108,0.320453
05-Jun-2026,31-Dec-2026,83.0232,0.303559
05-Jun-2026,31-Dec-2026,87.6356,0.287977
05-Jun-2026,31-Dec-2026,92.248,0.273466
05-Jun-2026,31-Dec-2026,96.8604,0.259949
05-Jun-2026,31-Dec-2026,101.473,0.247516
05-Jun-2026,31-Dec-2026,106.085,0.236409
05-Jun-2026,31-Dec-2026,110.698,0.226946
05-Jun-2026,29-Jan-2027,73.7984,0.342127
05-Jun-2026,29-Jan-2027,78.4108,0.324587
05-Jun-2026,29-Jan-2027,83.0232,0.308548
05-Jun-2026,29-Jan-2027,87.6356,0.29369
05-Jun-2026,29-Jan-2027,92.248,0.279826
05-Jun-2026,29-Jan-2027,96.8604,0.266893
05-Jun-2026,29-Jan-2027,101.473,0.254951
05-Jun-2026,29-Jan-2027,106.085,0.244169
05-Jun-2026,29-Jan-2027,110.698,0.234781
05-Jun-2026,26-Feb-2027,73.7984,0.344157
05-Jun-2026,26-Feb-2027,78.4108,0.327528
05-Jun-2026,26-Feb-2027,83.0232,0.312241
05-Jun-2026,26-Feb-2027,87.6356,0.298037
05-Jun-2026,26-Feb-2027,92.248,0.284763
05-Jun-2026,26-Feb-2027,96.8604,0.272363
05-Jun-2026,26-Feb-2027,101.473,0.260878
05-Jun-2026,26-Feb-2027,106.085,0.250429
05-Jun-2026,26-Feb-2027,110.698,0.241191
05-Jun-2026,31-Mar-2027,73.7984,0.348316
05-Jun-2026,31-Mar-2027,78.4108,0.332536
05-Jun-2026,31-Mar-2027,83.0232,0.317967
05-Jun-2026,31-Mar-2027,87.6356,0.304399
05-Jun-2026,31-Mar-2027,92.248,0.291705
05-Jun-2026,31-Mar-2027,96.8604,0.279835
05-Jun-2026,31-Mar-2027,101.473,0.268808
05-Jun-2026,31-Mar-2027,106.085,0.258703
05-Jun-2026,31-Mar-2027,110.698,0.249642
05-Jun-2026,30-Apr-2027,73.7984,0.351664
05-Jun-2026,30-Apr-2027,78.4108,0.336568
05-Jun-2026,30-Apr-2027,83.0232,0.32259
05-Jun-2026,30-Apr-2027,87.6356,0.309552
05-Jun-2026,30-Apr-2027,92.248,0.297344
05-Jun-2026,30-Apr-2027,96.8604,0.285917
05-Jun-2026,30-Apr-2027,101.473,0.275277
05-Jun-2026,30-Apr-2027,106.085,0.265478
05-Jun-2026,30-Apr-2027,110.698,0.256608
08-Jun-2026,12-Jun-2026,78.4201,0.223541
08-Jun-2026,12-Jun-2026,83.0331,0.209985
08-Jun-2026,12-Jun-2026,87.646,0.196023
08-Jun-2026,12-Jun-2026,92.259,0.181703
08-Jun-2026,12-Jun-2026,96.8719,0.167497
08-Jun-2026,12-Jun-2026,101.485,0.155034
08-Jun-2026,19-Jun-2026,73.8072,0.548998
08-Jun-2026,19-Jun-2026,78.4201,0.419074
08-Jun-2026,19-Jun-2026,83.0331,0.301246
08-Jun-2026,19-Jun-2026,87.646,0.240293
08-Jun-2026,19-Jun-2026,92.259,0.21666
08-Jun-2026,19-Jun-2026,96.8719,0.19893
08-Jun-2026,19-Jun-2026,101.485,0.184024
08-Jun-2026,19-Jun-2026,106.098,0.173885
08-Jun-2026,19-Jun-2026,110.711,0.168865
08-Jun-2026,26-Jun-2026,73.8072,0.45365
08-Jun-2026,26-Jun-2026,78.4201,0.351387
08-Jun-2026,26-Jun-2026,83.0331,0.274375
08-Jun-2026,26-Jun-2026,87.646,0.237371
08-Jun-2026,26-Jun-2026,92.259,0.21632
08-Jun-2026,26-Jun-2026,96.8719,0.198931
08-Jun-2026,26-Jun-2026,101.485,0.184161
08-Jun-2026,26-Jun-2026,106.098,0.17392
08-Jun-2026,26-Jun-2026,110.711,0.168653
08-Jun-2026,03-Jul-2026,73.8072,0.416569
08-Jun-2026,03-Jul-2026,78.4201,0.332963
08-Jun-2026,03-Jul-2026,83.0331,0.276782
08-Jun-2026,03-Jul-2026,87.646,0.245868
08-Jun-2026,03-Jul-2026,92.259,0.224796
08-Jun-2026,03-Jul-2026,96.8719,0.206899
08-Jun-2026,03-Jul-2026,101.485,0.191648
08-Jun-2026,03-Jul-2026,106.098,0.180853
08-Jun-2026,03-Jul-2026,110.711,0.175054
08-Jun-2026,10-Jul-2026,73.8072,0.382904
08-Jun-2026,10-Jul-2026,78.4201,0.315192
08-Jun-2026,10-Jul-2026,83.0331,0.271498
08-Jun-2026,10-Jul-2026,87.646,0.244753
08-Jun-2026,10-Jul-2026,92.259,0.22468
08-Jun-2026,10-Jul-2026,96.8719,0.207169
08-Jun-2026,10-Jul-2026,101.485,0.192107
08-Jun-2026,10-Jul-2026,106.098,0.181247
08-Jun-2026,10-Jul-2026,110.711,0.175215
08-Jun-2026,30-Jun-2026,73.8072,0.428303
08-Jun-2026,30-Jun-2026,78.4201,0.337266
08-Jun-2026,30-Jun-2026,83.0331,0.273962
08-Jun-2026,30-Jun-2026,87.646,0.241328
08-Jun-2026,30-Jun-2026,92.259,0.220412
08-Jun-2026,30-Jun-2026,96.8719,0.202798
08-Jun-2026,30-Jun-2026,101.485,0.187804
08-Jun-2026,30-Jun-2026,106.098,0.177287
08-Jun-2026,30-Jun-2026,110.711,0.171747
08-Jun-2026,31-Jul-2026,73.8072,0.343779
08-Jun-2026,31-Jul-2026,78.4201,0.301682
08-Jun-2026,31-Jul-2026,83.0331,0.272263
08-Jun-2026,31-Jul-2026,87.646,0.250058
08-Jun-2026,31-Jul-2026,92.259,0.231236
08-Jun-2026,31-Jul-2026,96.8719,0.214252
08-Jun-2026,31-Jul-2026,101.485,0.199364
08-Jun-2026,31-Jul-2026,106.098,0.188058
08-Jun-2026,31-Jul-2026,110.711,0.181145
08-Jun-2026,31-Aug-2026,73.8072,0.329523
08-Jun-2026,31-Aug-2026,78.4201,0.300485
08-Jun-2026,31-Aug-2026,83.0331,0.277413
08-Jun-2026,31-Aug-2026,87.646,0.257854
08-Jun-2026,31-Aug-2026,92.259,0.240301
08-Jun-2026,31-Aug-2026,96.8719,0.224159
08-Jun-2026,31-Aug-2026,101.485,0.20974
08-Jun-2026,31-Aug-2026,106.098,0.198116
08-Jun-2026,31-Aug-2026,110.711,0.190152
08-Jun-2026,30-Sep-2026,73.8072,0.327951
08-Jun-2026,30-Sep-2026,78.4201,0.303868
08-Jun-2026,30-Sep-2026,83.0331,0.283452
08-Jun-2026,30-Sep-2026,87.646,0.26536
08-Jun-2026,30-Sep-2026,92.259,0.248781
08-Jun-2026,30-Sep-2026,96.8719,0.233421
08-Jun-2026,30-Sep-2026,101.485,0.219537
08-Jun-2026,30-Sep-2026,106.098,0.207878
08-Jun-2026,30-Sep-2026,110.711,0.199199
08-Jun-2026,30-Oct-2026,73.8072,0.333083
08-Jun-2026,30-Oct-2026,78.4201,0.311468
08-Jun-2026,30-Oct-2026,83.0331,0.292491
08-Jun-2026,30-Oct-2026,87.646,0.275315
08-Jun-2026,30-Oct-2026,92.259,0.259438
08-Jun-2026,30-Oct-2026,96.8719,0.24469
08-Jun-2026,30-Oct-2026,101.485,0.231252
08-Jun-2026,30-Oct-2026,106.098,0.21963
08-Jun-2026,30-Oct-2026,110.711,0.210411
08-Jun-2026,30-Nov-2026,73.8072,0.335904
08-Jun-2026,30-Nov-2026,78.4201,0.316164
08-Jun-2026,30-Nov-2026,83.0331,0.298473
08-Jun-2026,30-Nov-2026,87.646,0.282261
08-Jun-2026,30-Nov-2026,92.259,0.267193
08-Jun-2026,30-Nov-2026,96.8719,0.253162
08-Jun-2026,30-Nov-2026,101.485,0.240295
08-Jun-2026,30-Nov-2026,106.098,0.228939
08-Jun-2026,30-Nov-2026,110.711,0.219529
08-Jun-2026,31-Dec-2026,73.8072,0.33842
08-Jun-2026,31-Dec-2026,78.4201,0.320101
08-Jun-2026,31-Dec-2026,83.0331,0.30347
08-Jun-2026,31-Dec-2026,87.646,0.288116
08-Jun-2026,31-Dec-2026,92.259,0.273798
08-Jun-2026,31-Dec-2026,96.8719,0.26044
08-Jun-2026,31-Dec-2026,101.485,0.24813
08-Jun-2026,31-Dec-2026,106.098,0.237109
08-Jun-2026,31-Dec-2026,110.711,0.227696
08-Jun-2026,29-Jan-2027,73.8072,0.343386
08-Jun-2026,29-Jan-2027,78.4201,0.326008
08-Jun-2026,29-Jan-2027,83.0331,0.31011
08-Jun-2026,29-Jan-2027,87.646,0.295374
08-Jun-2026,29-Jan-2027,92.259,0.281613
08-Jun-2026,29-Jan-2027,96.8719,0.268761
08-Jun-2026,29-Jan-2027,101.485,0.256877
08-Jun-2026,29-Jan-2027,106.098,0.246128
08-Jun-2026,29-Jan-2027,110.711,0.236745
08-Jun-2026,26-Feb-2027,73.8072,0.346926
08-Jun-2026,26-Feb-2027,78.4201,0.330369
08-Jun-2026,26-Feb-2027,83.0331,0.315143
08-Jun-2026,26-Feb-2027,87.646,0.30099
08-Jun-2026,26-Feb-2027,92.259,0.287756
08-Jun-2026,26-Feb-2027,96.8719,0.275385
08-Jun-2026,26-Feb-2027,101.485,0.263913
08-Jun-2026,26-Feb-2027,106.098,0.253459
08-Jun-2026,26-Feb-2027,110.711,0.244195
08-Jun-2026,31-Mar-2027,73.8072,0.351032
08-Jun-2026,31-Mar-2027,78.4201,0.335305
08-Jun-2026,31-Mar-2027,83.0331,0.32078
08-Jun-2026,31-Mar-2027,87.646,0.307246
08-Jun-2026,31-Mar-2027,92.259,0.294578
08-Jun-2026,31-Mar-2027,96.8719,0.282723
08-Jun-2026,31-Mar-2027,101.485,0.2717
08-Jun-2026,31-Mar-2027,106.098,0.261587
08-Jun-2026,31-Mar-2027,110.711,0.252503
08-Jun-2026,30-Apr-2027,73.8072,0.354323
08-Jun-2026,30-Apr-2027,78.4201,0.339266
08-Jun-2026,30-Apr-2027,83.0331,0.325319
08-Jun-2026,30-Apr-2027,87.646,0.312304
08-Jun-2026,30-Apr-2027,92.259,0.300111
08-Jun-2026,30-Apr-2027,96.8719,0.288691
08-Jun-2026,30-Apr-2027,101.485,0.278049
08-Jun-2026,30-Apr-2027,106.098,0.26824
08-Jun-2026,30-Apr-2027,110.711,0.259347
09-Jun-2026,12-Jun-2026,73.725,0.32241
09-Jun-2026,12-Jun-2026,78.3328,0.238083
09-Jun-2026,12-Jun-2026,82.9406,0.214831
09-Jun-2026,12-Jun-2026,87.5484,0.20118
09-Jun-2026,12-Jun-2026,92.1562,0.187245
09-Jun-2026,12-Jun-2026,96.764,0.173446
09-Jun-2026,12-Jun-2026,101.372,0.161134
09-Jun-2026,12-Jun-2026,105.98,0.198712
09-Jun-2026,12-Jun-2026,110.587,0.258212
09-Jun-2026,19-Jun-2026,73.725,0.574554
09-Jun-2026,19-Jun-2026,78.3328,0.438409
09-Jun-2026,19-Jun-2026,82.9406,0.314191
09-Jun-2026,19-Jun-2026,87.5484,0.249918
09-Jun-2026,19-Jun-2026,92.1562,0.226138
09-Jun-2026,19-Jun-2026,96.764,0.208621
09-Jun-2026,19-Jun-2026,101.372,0.193711
09-Jun-2026,19-Jun-2026,105.98,0.183007
09-Jun-2026,19-Jun-2026,110.587,0.177156
09-Jun-2026,26-Jun-2026,73.725,0.465714
09-Jun-2026,26-Jun-2026,78.3328,0.360668
09-Jun-2026,26-Jun-2026,82.9406,0.28213
09-Jun-2026,26-Jun-2026,87.5484,0.245124
09-Jun-2026,26-Jun-2026,92.1562,0.224374
09-Jun-2026,26-Jun-2026,96.764,0.207321
09-Jun-2026,26-Jun-2026,101.372,0.192651
09-Jun-2026,26-Jun-2026,105.98,0.181953
09-Jun-2026,26-Jun-2026,110.587,0.17592
09-Jun-2026,03-Jul-2026,73.725,0.424208
09-Jun-2026,03-Jul-2026,78.3328,0.339674
09-Jun-2026,03-Jul-2026,82.9406,0.283793
09-Jun-2026,03-Jul-2026,87.5484,0.25339
09-Jun-2026,03-Jul-2026,92.1562,0.23273
09-Jun-2026,03-Jul-2026,96.764,0.215214
09-Jun-2026,03-Jul-2026,101.372,0.200109
09-Jun-2026,03-Jul-2026,105.98,0.188909
09-Jun-2026,03-Jul-2026,110.587,0.182364
09-Jun-2026,10-Jul-2026,73.725,0.388462
09-Jun-2026,10-Jul-2026,78.3328,0.320891
09-Jun-2026,10-Jul-2026,82.9406,0.277964
09-Jun-2026,10-Jul-2026,87.5484,0.251809
09-Jun-2026,10-Jul-2026,92.1562,0.232186
09-Jun-2026,10-Jul-2026,96.764,0.215082
09-Jun-2026,10-Jul-2026,101.372,0.200203
09-Jun-2026,10-Jul-2026,105.98,0.188999
09-Jun-2026,10-Jul-2026,110.587,0.182264
09-Jun-2026,30-Jun-2026,73.725,0.437348
09-Jun-2026,30-Jun-2026,78.3328,0.344666
09-Jun-2026,30-Jun-2026,82.9406,0.281123
09-Jun-2026,30-Jun-2026,87.5484,0.248873
09-Jun-2026,30-Jun-2026,92.1562,0.228332
09-Jun-2026,30-Jun-2026,96.764,0.211082
09-Jun-2026,30-Jun-2026,101.372,0.196216
09-Jun-2026,30-Jun-2026,105.98,0.185274
09-Jun-2026,30-Jun-2026,110.587,0.17898
09-Jun-2026,31-Jul-2026,73.725,0.348021
09-Jun-2026,31-Jul-2026,78.3328,0.306916
09-Jun-2026,31-Jul-2026,82.9406,0.278309
09-Jun-2026,31-Jul-2026,87.5484,0.256678
09-Jun-2026,31-Jul-2026,92.1562,0.238334
09-Jun-2026,31-Jul-2026,96.764,0.221781
09-Jun-2026,31-Jul-2026,101.372,0.207138
09-Jun-2026,31-Jul-2026,105.98,0.195627
09-Jun-2026,31-Jul-2026,110.587,0.188125
09-Jun-2026,31-Aug-2026,73.725,0.333935
09-Jun-2026,31-Aug-2026,78.3328,0.305733
09-Jun-2026,31-Aug-2026,82.9406,0.283302
09-Jun-2026,31-Aug-2026,87.5484,0.264258
09-Jun-2026,31-Aug-2026,92.1562,0.247166
09-Jun-2026,31-Aug-2026,96.764,0.231446
09-Jun-2026,31-Aug-2026,101.372,0.217309
09-Jun-2026,31-Aug-2026,105.98,0.205636
09-Jun-2026,31-Aug-2026,110.587,0.197254
09-Jun-2026,30-Sep-2026,73.725,0.332575
09-Jun-2026,30-Sep-2026,78.3328,0.309171
09-Jun-2026,30-Sep-2026,82.9406,0.289304
09-Jun-2026,30-Sep-2026,87.5484,0.271684
09-Jun-2026,30-Sep-2026,92.1562,0.255541
09-Jun-2026,30-Sep-2026,96.764,0.240581
09-Jun-2026,30-Sep-2026,101.372,0.226989
09-Jun-2026,30-Sep-2026,105.98,0.215382
09-Jun-2026,30-Sep-2026,110.587,0.206439
09-Jun-2026,30-Oct-2026,73.725,0.337886
09-Jun-2026,30-Oct-2026,78.3328,0.316856
09-Jun-2026,30-Oct-2026,82.9406,0.298376
09-Jun-2026,30-Oct-2026,87.5484,0.281644
09-Jun-2026,30-Oct-2026,92.1562,0.266181
09-Jun-2026,30-Oct-2026,96.764,0.251812
09-Jun-2026,30-Oct-2026,101.372,0.238668
09-Jun-2026,30-Oct-2026,105.98,0.227165
09-Jun-2026,30-Oct-2026,110.587,0.217815
09-Jun-2026,30-Nov-2026,73.725,0.340813
09-Jun-2026,30-Nov-2026,78.3328,0.321592
09-Jun-2026,30-Nov-2026,82.9406,0.304354
09-Jun-2026,30-Nov-2026,87.5484,0.288556
09-Jun-2026,30-Nov-2026,92.1562,0.273876
09-Jun-2026,30-Nov-2026,96.764,0.2602
09-Jun-2026,30-Nov-2026,101.372,0.247622
09-Jun-2026,30-Nov-2026,105.98,0.236424
09-Jun-2026,30-Nov-2026,110.587,0.226978
09-Jun-2026,31-Dec-2026,73.725,0.343404
09-Jun-2026,31-Dec-2026,78.3328,0.325553
09-Jun-2026,31-Dec-2026,82.9406,0.309342
09-Jun-2026,31-Dec-2026,87.5484,0.294375
09-Jun-2026,31-Dec-2026,92.1562,0.280421
09-Jun-2026,31-Dec-2026,96.764,0.267397
09-Jun-2026,31-Dec-2026,101.372,0.255366
09-Jun-2026,31-Dec-2026,105.98,0.244525
09-Jun-2026,31-Dec-2026,110.587,0.235141
09-Jun-2026,29-Jan-2027,73.725,0.348441
09-Jun-2026,29-Jan-2027,78.3328,0.331499
09-Jun-2026,29-Jan-2027,82.9406,0.315998
09-Jun-2026,29-Jan-2027,87.5484,0.301631
09-Jun-2026,29-Jan-2027,92.1562,0.288215
09-Jun-2026,29-Jan-2027,96.764,0.275681
09-Jun-2026,29-Jan-2027,101.372,0.26407
09-Jun-2026,29-Jan-2027,105.98,0.253512
09-Jun-2026,29-Jan-2027,110.587,0.244203
09-Jun-2026,26-Feb-2027,73.725,0.352028
09-Jun-2026,26-Feb-2027,78.3328,0.335881
09-Jun-2026,26-Feb-2027,82.9406,0.321031
09-Jun-2026,26-Feb-2027,87.5484,0.307229
09-Jun-2026,26-Feb-2027,92.1562,0.294324
09-Jun-2026,26-Feb-2027,96.764,0.282257
09-Jun-2026,26-Feb-2027,101.372,0.271049
09-Jun-2026,26-Feb-2027,105.98,0.260793
09-Jun-2026,26-Feb-2027,110.587,0.251632
09-Jun-2026,31-Mar-2027,73.725,0.356178
09-Jun-2026,31-Mar-2027,78.3328,0.340836
09-Jun-2026,31-Mar-2027,82.9406,0.326665
09-Jun-2026,31-Mar-2027,87.5484,0.313464
09-Jun-2026,31-Mar-2027,92.1562,0.301108
09-Jun-2026,31-Mar-2027,96.764,0.289542
09-Jun-2026,31-Mar-2027,101.372,0.278773
09-Jun-2026,31-Mar-2027,105.98,0.268861
09-Jun-2026,31-Mar-2027,110.587,0.259903
09-Jun-2026,30-Apr-2027,73.725,0.359498
09-Jun-2026,30-Apr-2027,78.3328,0.344805
09-Jun-2026,30-Apr-2027,82.9406,0.331196
09-Jun-2026,30-Apr-2027,87.5484,0.318499
09-Jun-2026,30-Apr-2027,92.1562,0.306604
09-Jun-2026,30-Apr-2027,96.764,0.295461
09-Jun-2026,30-Apr-2027,101.372,0.285065
09-Jun-2026,30-Apr-2027,105.98,0.275456
09-Jun-2026,30-Apr-2027,110.587,0.266703
10-Jun-2026,12-Jun-2026,83.4268,0.205229
10-Jun-2026,12-Jun-2026,88.0616,0.190982
10-Jun-2026,12-Jun-2026,92.6964,0.176234
10-Jun-2026,12-Jun-2026,97.3312,0.161583
10-Jun-2026,12-Jun-2026,101.966,0.166789
10-Jun-2026,12-Jun-2026,106.601,0.243234
10-Jun-2026,12-Jun-2026,111.236,0.315883
10-Jun-2026,19-Jun-2026,74.1571,0.604492
10-Jun-2026,19-Jun-2026,78.7919,0.460935
10-Jun-2026,19-Jun-2026,83.4268,0.324691
10-Jun-2026,19-Jun-2026,88.0616,0.243875
10-Jun-2026,19-Jun-2026,92.6964,0.216706
10-Jun-2026,19-Jun-2026,97.3312,0.197819
10-Jun-2026,19-Jun-2026,101.966,0.182329
10-Jun-2026,19-Jun-2026,106.601,0.172448
10-Jun-2026,19-Jun-2026,111.236,0.168101
10-Jun-2026,26-Jun-2026,74.1571,0.478925
10-Jun-2026,26-Jun-2026,78.7919,0.368857
10-Jun-2026,26-Jun-2026,83.4268,0.279886
10-Jun-2026,26-Jun-2026,88.0616,0.236266
10-Jun-2026,26-Jun-2026,92.6964,0.213622
10-Jun-2026,26-Jun-2026,97.3312,0.195418
10-Jun-2026,26-Jun-2026,101.966,0.180267
10-Jun-2026,26-Jun-2026,106.601,0.170358
10-Jun-2026,26-Jun-2026,111.236,0.165774
10-Jun-2026,03-Jul-2026,74.1571,0.431391
10-Jun-2026,03-Jul-2026,78.7919,0.341227
10-Jun-2026,03-Jul-2026,83.4268,0.277884
10-Jun-2026,03-Jul-2026,88.0616,0.243756
10-Jun-2026,03-Jul-2026,92.6964,0.221518
10-Jun-2026,03-Jul-2026,97.3312,0.202894
10-Jun-2026,03-Jul-2026,101.966,0.187296
10-Jun-2026,03-Jul-2026,106.601,0.17681
10-Jun-2026,03-Jul-2026,111.236,0.171672
10-Jun-2026,10-Jul-2026,74.1571,0.391821
10-Jun-2026,10-Jul-2026,78.7919,0.318709
10-Jun-2026,10-Jul-2026,83.4268,0.2705
10-Jun-2026,10-Jul-2026,88.0616,0.241799
10-Jun-2026,10-Jul-2026,92.6964,0.220841
10-Jun-2026,10-Jul-2026,97.3312,0.202716
10-Jun-2026,10-Jul-2026,101.966,0.187361
10-Jun-2026,10-Jul-2026,106.601,0.176793
10-Jun-2026,10-Jul-2026,111.236,0.171388
10-Jun-2026,30-Jun-2026,74.1571,0.446681
10-Jun-2026,30-Jun-2026,78.7919,0.348625
10-Jun-2026,30-Jun-2026,83.4268,0.276337
10-Jun-2026,30-Jun-2026,88.0616,0.239504
10-Jun-2026,30-Jun-2026,92.6964,0.217293
10-Jun-2026,30-Jun-2026,97.3312,0.198926
10-Jun-2026,30-Jun-2026,101.966,0.183577
10-Jun-2026,30-Jun-2026,106.601,0.173384
10-Jun-2026,30-Jun-2026,111.236,0.168515
10-Jun-2026,31-Jul-2026,74.1571,0.345068
10-Jun-2026,31-Jul-2026,78.7919,0.300386
10-Jun-2026,31-Jul-2026,83.4268,0.269388
10-Jun-2026,31-Jul-2026,88.0616,0.246344
10-Jun-2026,31-Jul-2026,92.6964,0.226971
10-Jun-2026,31-Jul-2026,97.3312,0.209548
10-Jun-2026,31-Jul-2026,101.966,0.194437
10-Jun-2026,31-Jul-2026,106.601,0.183335
10-Jun-2026,31-Jul-2026,111.236,0.176937
10-Jun-2026,31-Aug-2026,74.1571,0.327739
10-Jun-2026,31-Aug-2026,78.7919,0.297692
10-Jun-2026,31-Aug-2026,83.4268,0.273983
10-Jun-2026,31-Aug-2026,88.0616,0.253997
10-Jun-2026,31-Aug-2026,92.6964,0.236106
10-Jun-2026,31-Aug-2026,97.3312,0.219685
10-Jun-2026,31-Aug-2026,101.966,0.205114
10-Jun-2026,31-Aug-2026,106.601,0.193596
10-Jun-2026,31-Aug-2026,111.236,0.185985
10-Jun-2026,30-Sep-2026,74.1571,0.325355
10-Jun-2026,30-Sep-2026,78.7919,0.300758
10-Jun-2026,30-Sep-2026,83.4268,0.279991
10-Jun-2026,30-Sep-2026,88.0616,0.261638
10-Jun-2026,30-Sep-2026,92.6964,0.244843
10-Jun-2026,30-Sep-2026,97.3312,0.229308
10-Jun-2026,30-Sep-2026,101.966,0.21533
10-Jun-2026,30-Sep-2026,106.601,0.20373
10-Jun-2026,30-Sep-2026,111.236,0.195284
10-Jun-2026,30-Oct-2026,74.1571,0.330244
10-Jun-2026,30-Oct-2026,78.7919,0.308338
10-Jun-2026,30-Oct-2026,83.4268,0.289154
10-Jun-2026,30-Oct-2026,88.0616,0.27182
10-Jun-2026,30-Oct-2026,92.6964,0.255814
10-Jun-2026,30-Oct-2026,97.3312,0.240968
10-Jun-2026,30-Oct-2026,101.966,0.227484
10-Jun-2026,30-Oct-2026,106.601,0.215905
10-Jun-2026,30-Oct-2026,111.236,0.206839
10-Jun-2026,30-Nov-2026,74.1571,0.333024
10-Jun-2026,30-Nov-2026,78.7919,0.31312
10-Jun-2026,30-Nov-2026,83.4268,0.295312
10-Jun-2026,30-Nov-2026,88.0616,0.279014
10-Jun-2026,30-Nov-2026,92.6964,0.263883
10-Jun-2026,30-Nov-2026,97.3312,0.24981
10-Jun-2026,30-Nov-2026,101.966,0.236937
10-Jun-2026,30-Nov-2026,106.601,0.225626
10-Jun-2026,30-Nov-2026,111.236,0.216326
10-Jun-2026,31-Dec-2026,74.1571,0.335599
10-Jun-2026,31-Dec-2026,78.7919,0.317194
10-Jun-2026,31-Dec-2026,83.4268,0.300508
10-Jun-2026,31-Dec-2026,88.0616,0.28512
10-Jun-2026,31-Dec-2026,92.6964,0.270785
10-Jun-2026,31-Dec-2026,97.3312,0.257427
10-Jun-2026,31-Dec-2026,101.966,0.245139
10-Jun-2026,31-Dec-2026,106.601,0.234171
10-Jun-2026,31-Dec-2026,111.236,0.224848
10-Jun-2026,29-Jan-2027,74.1571,0.340667
10-Jun-2026,29-Jan-2027,78.7919,0.323257
10-Jun-2026,29-Jan-2027,83.4268,0.307349
10-Jun-2026,29-Jan-2027,88.0616,0.292618
10-Jun-2026,29-Jan-2027,92.6964,0.278873
10-Jun-2026,29-Jan-2027,97.3312,0.266051
10-Jun-2026,29-Jan-2027,101.966,0.254212
10-Jun-2026,29-Jan-2027,106.601,0.243525
10-Jun-2026,29-Jan-2027,111.236,0.234225
10-Jun-2026,26-Feb-2027,74.1571,0.344326
10-Jun-2026,26-Feb-2027,78.7919,0.327775
10-Jun-2026,26-Feb-2027,83.4268,0.31257
10-Jun-2026,26-Feb-2027,88.0616,0.298449
10-Jun-2026,26-Feb-2027,92.6964,0.285257
10-Jun-2026,26-Feb-2027,97.3312,0.272938
10-Jun-2026,26-Feb-2027,101.966,0.261527
10-Jun-2026,26-Feb-2027,106.601,0.251144
10-Jun-2026,26-Feb-2027,111.236,0.241961
10-Jun-2026,31-Mar-2027,74.1571,0.348585
10-Jun-2026,31-Mar-2027,78.7919,0.332897
10-Jun-2026,31-Mar-2027,83.4268,0.318421
10-Jun-2026,31-Mar-2027,88.0616,0.304945
10-Jun-2026,31-Mar-2027,92.6964,0.292341
10-Jun-2026,31-Mar-2027,97.3312,0.280557
10-Jun-2026,31-Mar-2027,101.966,0.26961
10-Jun-2026,31-Mar-2027,106.601,0.259577
10-Jun-2026,31-Mar-2027,111.236,0.250577
10-Jun-2026,30-Apr-2027,74.1571,0.352019
10-Jun-2026,30-Apr-2027,78.7919,0.337024
10-Jun-2026,30-Apr-2027,83.4268,0.323146
10-Jun-2026,30-Apr-2027,88.0616,0.310205
10-Jun-2026,30-Apr-2027,92.6964,0.298091
10-Jun-2026,30-Apr-2027,97.3312,0.286755
10-Jun-2026,30-Apr-2027,101.966,0.276199
10-Jun-2026,30-Apr-2027,106.601,0.266477
10-Jun-2026,30-Apr-2027,111.236,0.257671
11-Jun-2026,12-Jun-2026,73.514,0.559746
11-Jun-2026,12-Jun-2026,78.1087,0.409029
11-Jun-2026,12-Jun-2026,82.7033,0.266574
11-Jun-2026,12-Jun-2026,87.2979,0.20458
11-Jun-2026,12-Jun-2026,91.8926,0.190876
11-Jun-2026,12-Jun-2026,96.4872,0.177539
11-Jun-2026,12-Jun-2026,101.082,0.237527
11-Jun-2026,19-Jun-2026,73.514,0.641486
11-Jun-2026,19-Jun-2026,78.1087,0.48914
11-Jun-2026,19-Jun-2026,82.7033,0.345677
11-Jun-2026,19-Jun-2026,87.2979,0.264897
11-Jun-2026,19-Jun-2026,91.8926,0.238699
11-Jun-2026,19-Jun-2026,96.4872,0.22071
11-Jun-2026,19-Jun-2026,101.082,0.205396
11-Jun-2026,19-Jun-2026,105.676,0.194086
11-Jun-2026,19-Jun-2026,110.271,0.187562
11-Jun-2026,26-Jun-2026,73.514,0.494975
11-Jun-2026,26-Jun-2026,78.1087,0.382061
11-Jun-2026,26-Jun-2026,82.7033,0.294716
11-Jun-2026,26-Jun-2026,87.2979,0.253985
11-Jun-2026,26-Jun-2026,91.8926,0.232635
11-Jun-2026,26-Jun-2026,96.4872,0.215486
11-Jun-2026,26-Jun-2026,101.082,0.20069
11-Jun-2026,26-Jun-2026,105.676,0.189607
11-Jun-2026,26-Jun-2026,110.271,0.183036
11-Jun-2026,03-Jul-2026,73.514,0.44199
11-Jun-2026,03-Jul-2026,78.1087,0.352485
11-Jun-2026,03-Jul-2026,82.7033,0.292842
11-Jun-2026,03-Jul-2026,87.2979,0.261174
11-Jun-2026,03-Jul-2026,91.8926,0.240268
11-Jun-2026,03-Jul-2026,96.4872,0.222739
11-Jun-2026,03-Jul-2026,101.082,0.207569
11-Jun-2026,03-Jul-2026,105.676,0.196044
11-Jun-2026,03-Jul-2026,110.271,0.188993
11-Jun-2026,10-Jul-2026,73.514,0.400427
11-Jun-2026,10-Jul-2026,78.1087,0.329794
11-Jun-2026,10-Jul-2026,82.7033,0.285116
11-Jun-2026,10-Jul-2026,87.2979,0.258445
11-Jun-2026,10-Jul-2026,91.8926,0.238764
11-Jun-2026,10-Jul-2026,96.4872,0.221726
11-Jun-2026,10-Jul-2026,101.082,0.206845
11-Jun-2026,10-Jul-2026,105.676,0.195383
11-Jun-2026,10-Jul-2026,110.271,0.188192
11-Jun-2026,30-Jun-2026,73.514,0.458841
11-Jun-2026,30-Jun-2026,78.1087,0.360087
11-Jun-2026,30-Jun-2026,82.7033,0.291099
11-Jun-2026,30-Jun-2026,87.2979,0.256921
11-Jun-2026,30-Jun-2026,91.8926,0.23603
11-Jun-2026,30-Jun-2026,96.4872,0.218743
11-Jun-2026,30-Jun-2026,101.082,0.203794
11-Jun-2026,30-Jun-2026,105.676,0.192508
11-Jun-2026,30-Jun-2026,110.271,0.185698
11-Jun-2026,31-Jul-2026,73.514,0.354209
11-Jun-2026,31-Jul-2026,78.1087,0.312538
11-Jun-2026,31-Jul-2026,82.7033,0.283764
11-Jun-2026,31-Jul-2026,87.2979,0.26216
11-Jun-2026,31-Jul-2026,91.8926,0.24393
11-Jun-2026,31-Jul-2026,96.4872,0.227522
11-Jun-2026,31-Jul-2026,101.082,0.212951
11-Jun-2026,31-Jul-2026,105.676,0.201291
11-Jun-2026,31-Jul-2026,110.271,0.193427
11-Jun-2026,31-Aug-2026,73.514,0.338443
11-Jun-2026,31-Aug-2026,78.1087,0.310331
11-Jun-2026,31-Aug-2026,82.7033,0.288033
11-Jun-2026,31-Aug-2026,87.2979,0.269143
11-Jun-2026,31-Aug-2026,91.8926,0.252221
11-Jun-2026,31-Aug-2026,96.4872,0.236672
11-Jun-2026,31-Aug-2026,101.082,0.222645
11-Jun-2026,31-Aug-2026,105.676,0.21092
11-Jun-2026,31-Aug-2026,110.271,0.202291
11-Jun-2026,30-Sep-2026,73.514,0.33666
11-Jun-2026,30-Sep-2026,78.1087,0.313441
11-Jun-2026,30-Sep-2026,82.7033,0.293754
11-Jun-2026,30-Sep-2026,87.2979,0.27631
11-Jun-2026,30-Sep-2026,91.8926,0.260346
11-Jun-2026,30-Sep-2026,96.4872,0.245556
11-Jun-2026,30-Sep-2026,101.082,0.232087
11-Jun-2026,30-Sep-2026,105.676,0.220484
11-Jun-2026,30-Sep-2026,110.271,0.211385
11-Jun-2026,30-Oct-2026,73.514,0.341834
11-Jun-2026,30-Oct-2026,78.1087,0.321008
11-Jun-2026,30-Oct-2026,82.7033,0.302716
11-Jun-2026,30-Oct-2026,87.2979,0.286164
11-Jun-2026,30-Oct-2026,91.8926,0.270877
11-Jun-2026,30-Oct-2026,96.4872,0.256671
11-Jun-2026,30-Oct-2026,101.082,0.243654
11-Jun-2026,30-Oct-2026,105.676,0.232191
11-Jun-2026,30-Oct-2026,110.271,0.222757
11-Jun-2026,30-Nov-2026,73.514,0.344652
11-Jun-2026,30-Nov-2026,78.1087,0.325632
11-Jun-2026,30-Nov-2026,82.7033,0.308579
11-Jun-2026,30-Nov-2026,87.2979,0.292956
11-Jun-2026,30-Nov-2026,91.8926,0.278445
11-Jun-2026,30-Nov-2026,96.4872,0.264925
11-Jun-2026,30-Nov-2026,101.082,0.252471
11-Jun-2026,30-Nov-2026,105.676,0.241335
11-Jun-2026,30-Nov-2026,110.271,0.231857
11-Jun-2026,31-Dec-2026,73.514,0.347164
11-Jun-2026,31-Dec-2026,78.1087,0.329506
11-Jun-2026,31-Dec-2026,82.7033,0.313472
11-Jun-2026,31-Dec-2026,87.2979,0.298674
11-Jun-2026,31-Dec-2026,91.8926,0.284881
11-Jun-2026,31-Dec-2026,96.4872,0.272005
11-Jun-2026,31-Dec-2026,101.082,0.260097
11-Jun-2026,31-Dec-2026,105.676,0.249329
11-Jun-2026,31-Dec-2026,110.271,0.239946
11-Jun-2026,29-Jan-2027,73.514,0.352169
11-Jun-2026,29-Jan-2027,78.1087,0.335413
11-Jun-2026,29-Jan-2027,82.7033,0.320084
11-Jun-2026,29-Jan-2027,87.2979,0.305879
11-Jun-2026,29-Jan-2027,91.8926,0.292616
11-Jun-2026,29-Jan-2027,96.4872,0.280224
11-Jun-2026,29-Jan-2027,101.082,0.268732
11-Jun-2026,29-Jan-2027,105.676,0.258256
11-Jun-2026,29-Jan-2027,110.271,0.248972
11-Jun-2026,26-Feb-2027,73.514,0.355722
11-Jun-2026,26-Feb-2027,78.1087,0.339753
11-Jun-2026,26-Feb-2027,82.7033,0.325068
11-Jun-2026,26-Feb-2027,87.2979,0.311422
11-Jun-2026,26-Feb-2027,91.8926,0.298664
11-Jun-2026,26-Feb-2027,96.4872,0.286733
11-Jun-2026,26-Feb-2027,101.082,0.275641
11-Jun-2026,26-Feb-2027,105.676,0.265471
11-Jun-2026,26-Feb-2027,110.271,0.256348
11-Jun-2026,31-Mar-2027,73.514,0.359838
11-Jun-2026,31-Mar-2027,78.1087,0.344665
11-Jun-2026,31-Mar-2027,82.7033,0.330652
11-Jun-2026,31-Mar-2027,87.2979,0.3176
11-Jun-2026,31-Mar-2027,91.8926,0.305385
11-Jun-2026,31-Mar-2027,96.4872,0.293948
11-Jun-2026,31-Mar-2027,101.082,0.283292
11-Jun-2026,31-Mar-2027,105.676,0.273468
11-Jun-2026,31-Mar-2027,110.271,0.264561
11-Jun-2026,30-Apr-2027,73.514,0.363128
11-Jun-2026,30-Apr-2027,78.1087,0.348598
11-Jun-2026,30-Apr-2027,82.7033,0.335141
11-Jun-2026,30-Apr-2027,87.2979,0.322586
11-Jun-2026,30-Apr-2027,91.8926,0.310826
11-Jun-2026,30-Apr-2027,96.4872,0.299807
11-Jun-2026,30-Apr-2027,101.082,0.289521
11-Jun-2026,30-Apr-2027,105.676,0.280001
11-Jun-2026,30-Apr-2027,110.271,0.271305
12-Jun-2026,19-Jun-2026,74.6209,0.685858
12-Jun-2026,19-Jun-2026,79.2847,0.522823
12-Jun-2026,19-Jun-2026,83.9485,0.363682
12-Jun-2026,19-Jun-2026,88.6123,0.249016
12-Jun-2026,19-Jun-2026,93.2761,0.214207
12-Jun-2026,19-Jun-2026,97.9399,0.193222
12-Jun-2026,19-Jun-2026,102.604,0.176944
12-Jun-2026,19-Jun-2026,107.268,0.168006
12-Jun-2026,19-Jun-2026,111.931,0.166633
12-Jun-2026,26-Jun-2026,74.6209,0.512302
12-Jun-2026,26-Jun-2026,79.2847,0.393061
12-Jun-2026,26-Jun-2026,83.9485,0.288275
12-Jun-2026,26-Jun-2026,88.6123,0.232349
12-Jun-2026,26-Jun-2026,93.2761,0.206674
12-Jun-2026,26-Jun-2026,97.9399,0.187025
12-Jun-2026,26-Jun-2026,102.604,0.171419
12-Jun-2026,26-Jun-2026,107.268,0.162496
12-Jun-2026,26-Jun-2026,111.931,0.159337
12-Jun-2026,03-Jul-2026,74.6209,0.451174
12-Jun-2026,03-Jul-2026,79.2847,0.352939
12-Jun-2026,03-Jul-2026,83.9485,0.278427
12-Jun-2026,03-Jul-2026,88.6123,0.238206
12-Jun-2026,03-Jul-2026,93.2761,0.213773
12-Jun-2026,03-Jul-2026,97.9399,0.193842
12-Jun-2026,03-Jul-2026,102.604,0.177806
12-Jun-2026,03-Jul-2026,107.268,0.168217
12-Jun-2026,03-Jul-2026,111.931,0.164447
12-Jun-2026,10-Jul-2026,74.6209,0.404222
12-Jun-2026,10-Jul-2026,79.2847,0.323706
12-Jun-2026,10-Jul-2026,83.9485,0.267741
12-Jun-2026,10-Jul-2026,88.6123,0.235241
12-Jun-2026,10-Jul-2026,93.2761,0.212587
12-Jun-2026,10-Jul-2026,97.9399,0.193331
12-Jun-2026,10-Jul-2026,102.604,0.177583
12-Jun-2026,10-Jul-2026,107.268,0.167823
12-Jun-2026,10-Jul-2026,111.931,0.163702
12-Jun-2026,17-Jul-2026,74.6209,0.374353
12-Jun-2026,17-Jul-2026,79.2847,0.307496
12-Jun-2026,17-Jul-2026,83.9485,0.262593
12-Jun-2026,17-Jul-2026,88.6123,0.2342
12-Jun-2026,17-Jul-2026,93.2761,0.212693
12-Jun-2026,17-Jul-2026,97.9399,0.193955
12-Jun-2026,17-Jul-2026,102.604,0.17842
12-Jun-2026,17-Jul-2026,107.268,0.168466
12-Jun-2026,17-Jul-2026,111.931,0.163988
12-Jun-2026,30-Jun-2026,74.6209,0.470911
12-Jun-2026,30-Jun-2026,79.2847,0.364598
12-Jun-2026,30-Jun-2026,83.9485,0.279153
12-Jun-2026,30-Jun-2026,88.6123,0.234407
12-Jun-2026,30-Jun-2026,93.2761,0.209762
12-Jun-2026,30-Jun-2026,97.9399,0.190047
12-Jun-2026,30-Jun-2026,102.604,0.174266
12-Jun-2026,30-Jun-2026,107.268,0.165015
12-Jun-2026,30-Jun-2026,111.931,0.161539
12-Jun-2026,31-Jul-2026,74.6209,0.34739
12-Jun-2026,31-Jul-2026,79.2847,0.298101
12-Jun-2026,31-Jul-2026,83.9485,0.263932
12-Jun-2026,31-Jul-2026,88.6123,0.239135
12-Jun-2026,31-Jul-2026,93.2761,0.218642
12-Jun-2026,31-Jul-2026,97.9399,0.200366
12-Jun-2026,31-Jul-2026,102.604,0.184894
12-Jun-2026,31-Jul-2026,107.268,0.174317
12-Jun-2026,31-Jul-2026,111.931,0.168953
12-Jun-2026,31-Aug-2026,74.6209,0.325446
12-Jun-2026,31-Aug-2026,79.2847,0.293201
12-Jun-2026,31-Aug-2026,83.9485,0.268025
12-Jun-2026,31-Aug-2026,88.6123,0.247055
12-Jun-2026,31-Aug-2026,93.2761,0.228419
12-Jun-2026,31-Aug-2026,97.9399,0.211405
12-Jun-2026,31-Aug-2026,102.604,0.196531
12-Jun-2026,31-Aug-2026,107.268,0.185241
12-Jun-2026,31-Aug-2026,111.931,0.178313
12-Jun-2026,30-Sep-2026,74.6209,0.321836
12-Jun-2026,30-Sep-2026,79.2847,0.295945
12-Jun-2026,30-Sep-2026,83.9485,0.274266
12-Jun-2026,30-Sep-2026,88.6123,0.255244
12-Jun-2026,30-Sep-2026,93.2761,0.237921
12-Jun-2026,30-Sep-2026,97.9399,0.221969
12-Jun-2026,30-Sep-2026,102.604,0.207754
12-Jun-2026,30-Sep-2026,107.268,0.196231
12-Jun-2026,30-Sep-2026,111.931,0.188199
12-Jun-2026,30-Oct-2026,74.6209,0.326473
12-Jun-2026,30-Oct-2026,79.2847,0.303709
12-Jun-2026,30-Oct-2026,83.9485,0.283894
12-Jun-2026,30-Oct-2026,88.6123,0.26608
12-Jun-2026,30-Oct-2026,93.2761,0.249696
12-Jun-2026,30-Oct-2026,97.9399,0.234558
12-Jun-2026,30-Oct-2026,102.604,0.220899
12-Jun-2026,30-Oct-2026,107.268,0.209328
12-Jun-2026,30-Oct-2026,111.931,0.200488
12-Jun-2026,30-Nov-2026,74.6209,0.329311
12-Jun-2026,30-Nov-2026,79.2847,0.30881
12-Jun-2026,30-Nov-2026,83.9485,0.290556
12-Jun-2026,30-Nov-2026,88.6123,0.273917
12-Jun-2026,30-Nov-2026,93.2761,0.25852
12-Jun-2026,30-Nov-2026,97.9399,0.24425
12-Jun-2026,30-Nov-2026,102.604,0.231257
12-Jun-2026,30-Nov-2026,107.268,0.219935
12-Jun-2026,30-Nov-2026,111.931,0.210759
12-Jun-2026,31-Dec-2026,74.6209,0.332099
12-Jun-2026,31-Dec-2026,79.2847,0.313266
12-Jun-2026,31-Dec-2026,83.9485,0.29626
12-Jun-2026,31-Dec-2026,88.6123,0.280631
12-Jun-2026,31-Dec-2026,93.2761,0.266114
12-Jun-2026,31-Dec-2026,97.9399,0.252625
12-Jun-2026,31-Dec-2026,102.604,0.240262
12-Jun-2026,31-Dec-2026,107.268,0.229286
12-Jun-2026,31-Dec-2026,111.931,0.220036
12-Jun-2026,29-Jan-2027,74.6209,0.337477
12-Jun-2026,29-Jan-2027,79.2847,0.319751
12-Jun-2026,29-Jan-2027,83.9485,0.303609
12-Jun-2026,29-Jan-2027,88.6123,0.288706
12-Jun-2026,29-Jan-2027,93.2761,0.274838
12-Jun-2026,29-Jan-2027,97.9399,0.261934
12-Jun-2026,29-Jan-2027,102.604,0.250053
12-Jun-2026,29-Jan-2027,107.268,0.239367
12-Jun-2026,29-Jan-2027,111.931,0.230115
12-Jun-2026,26-Feb-2027,74.6209,0.341449
12-Jun-2026,26-Feb-2027,79.2847,0.324662
12-Jun-2026,26-Feb-2027,83.9485,0.309287
12-Jun-2026,26-Feb-2027,88.6123,0.295047
12-Jun-2026,26-Feb-2027,93.2761,0.281775
12-Jun-2026,26-Feb-2027,97.9399,0.269409
12-Jun-2026,26-Feb-2027,102.604,0.257981
12-Jun-2026,26-Feb-2027,107.268,0.24761
12-Jun-2026,26-Feb-2027,111.931,0.238468
12-Jun-2026,31-Mar-2027,74.6209,0.346093
12-Jun-2026,31-Mar-2027,79.2847,0.330242
12-Jun-2026,31-Mar-2027,83.9485,0.315654
12-Jun-2026,31-Mar-2027,88.6123,0.302106
12-Jun-2026,31-Mar-2027,93.2761,0.289462
12-Jun-2026,31-Mar-2027,97.9399,0.277663
12-Jun-2026,31-Mar-2027,102.604,0.266722
12-Jun-2026,31-Mar-2027,107.268,0.256713
12-Jun-2026,31-Mar-2027,111.931,0.247752
12-Jun-2026,30-Apr-2027,74.6209,0.349874
12-Jun-2026,30-Apr-2027,79.2847,0.334765
12-Jun-2026,30-Apr-2027,83.9485,0.320816
12-Jun-2026,30-Apr-2027,88.6123,0.307837
12-Jun-2026,30-Apr-2027,93.2761,0.295711
12-Jun-2026,30-Apr-2027,97.9399,0.284381
12-Jun-2026,30-Apr-2027,102.604,0.273849
12-Jun-2026,30-Apr-2027,107.268,0.26416
12-Jun-2026,30-Apr-2027,111.931,0.255397
15-Jun-2026,19-Jun-2026,74.4507,0.27813
15-Jun-2026,19-Jun-2026,79.1038,0.216711
15-Jun-2026,19-Jun-2026,83.757,0.202601
15-Jun-2026,19-Jun-2026,88.4102,0.188134
15-Jun-2026,19-Jun-2026,93.0633,0.173171
15-Jun-2026,19-Jun-2026,97.7165,0.158293
15-Jun-2026,19-Jun-2026,102.37,0.145694
15-Jun-2026,19-Jun-2026,107.023,0.172997
15-Jun-2026,19-Jun-2026,111.676,0.224812
15-Jun-2026,26-Jun-2026,74.4507,0.548029
15-Jun-2026,26-Jun-2026,79.1038,0.418156
15-Jun-2026,26-Jun-2026,83.757,0.297995
15-Jun-2026,26-Jun-2026,88.4102,0.23201
15-Jun-2026,26-Jun-2026,93.0633,0.207092
15-Jun-2026,26-Jun-2026,97.7165,0.188638
15-Jun-2026,26-Jun-2026,102.37,0.17357
15-Jun-2026,26-Jun-2026,107.023,0.164291
15-Jun-2026,26-Jun-2026,111.676,0.16049
15-Jun-2026,03-Jul-2026,74.4507,0.452694
15-Jun-2026,03-Jul-2026,79.1038,0.349605
15-Jun-2026,03-Jul-2026,83.757,0.268857
15-Jun-2026,03-Jul-2026,88.4102,0.229173
15-Jun-2026,03-Jul-2026,93.0633,0.207189
15-Jun-2026,03-Jul-2026,97.7165,0.189142
15-Jun-2026,03-Jul-2026,102.37,0.174206
15-Jun-2026,03-Jul-2026,107.023,0.164721
15-Jun-2026,03-Jul-2026,111.676,0.160575
15-Jun-2026,10-Jul-2026,74.4507,0.415164
15-Jun-2026,10-Jul-2026,79.1038,0.329688
15-Jun-2026,10-Jul-2026,83.757,0.270344
15-Jun-2026,10-Jul-2026,88.4102,0.237717
15-Jun-2026,10-Jul-2026,93.0633,0.215835
15-Jun-2026,10-Jul-2026,97.7165,0.19733
15-Jun-2026,10-Jul-2026,102.37,0.181911
15-Jun-2026,10-Jul-2026,107.023,0.171786
15-Jun-2026,10-Jul-2026,111.676,0.167035
15-Jun-2026,17-Jul-2026,74.4507,0.380925
15-Jun-2026,17-Jul-2026,79.1038,0.310972
15-Jun-2026,17-Jul-2026,83.757,0.264861
15-Jun-2026,17-Jul-2026,88.4102,0.236885
15-Jun-2026,17-Jul-2026,93.0633,0.216119
15-Jun-2026,17-Jul-2026,97.7165,0.198064
15-Jun-2026,17-Jul-2026,102.37,0.182841
15-Jun-2026,17-Jul-2026,107.023,0.172564
15-Jun-2026,17-Jul-2026,111.676,0.16749
15-Jun-2026,30-Jun-2026,74.4507,0.495318
15-Jun-2026,30-Jun-2026,79.1038,0.380733
15-Jun-2026,30-Jun-2026,83.757,0.284387
15-Jun-2026,30-Jun-2026,88.4102,0.23569
15-Jun-2026,30-Jun-2026,93.0633,0.211836
15-Jun-2026,30-Jun-2026,97.7165,0.193087
15-Jun-2026,30-Jun-2026,102.37,0.177723
15-Jun-2026,30-Jun-2026,107.023,0.168077
15-Jun-2026,30-Jun-2026,111.676,0.163945
15-Jun-2026,31-Jul-2026,74.4507,0.351126
15-Jun-2026,31-Jul-2026,79.1038,0.300905
15-Jun-2026,31-Jul-2026,83.757,0.266835
15-Jun-2026,31-Jul-2026,88.4102,0.242576
15-Jun-2026,31-Jul-2026,93.0633,0.222688
15-Jun-2026,31-Jul-2026,97.7165,0.20496
15-Jun-2026,31-Jul-2026,102.37,0.189756
15-Jun-2026,31-Jul-2026,107.023,0.178927
15-Jun-2026,31-Jul-2026,111.676,0.173021
15-Jun-2026,31-Aug-2026,74.4507,0.328214
15-Jun-2026,31-Aug-2026,79.1038,0.296266
15-Jun-2026,31-Aug-2026,83.757,0.271533
15-Jun-2026,31-Aug-2026,88.4102,0.251025
15-Jun-2026,31-Aug-2026,93.0633,0.232836
15-Jun-2026,31-Aug-2026,97.7165,0.216219
15-Jun-2026,31-Aug-2026,102.37,0.20157
15-Jun-2026,31-Aug-2026,107.023,0.190172
15-Jun-2026,31-Aug-2026,111.676,0.182851
15-Jun-2026,30-Sep-2026,74.4507,0.324857
15-Jun-2026,30-Sep-2026,79.1038,0.299356
15-Jun-2026,30-Sep-2026,83.757,0.278071
15-Jun-2026,30-Sep-2026,88.4102,0.259424
15-Jun-2026,30-Sep-2026,93.0633,0.242452
15-Jun-2026,30-Sep-2026,97.7165,0.226809
15-Jun-2026,30-Sep-2026,102.37,0.21279
15-Jun-2026,30-Sep-2026,107.023,0.201247
15-Jun-2026,30-Sep-2026,111.676,0.192957
15-Jun-2026,30-Oct-2026,74.4507,0.326046
15-Jun-2026,30-Oct-2026,79.1038,0.303893
15-Jun-2026,30-Oct-2026,83.757,0.284639
15-Jun-2026,30-Oct-2026,88.4102,0.267327
15-Jun-2026,30-Oct-2026,93.0633,0.251387
15-Jun-2026,30-Oct-2026,97.7165,0.236628
15-Jun-2026,30-Oct-2026,102.37,0.223254
15-Jun-2026,30-Oct-2026,107.023,0.211829
15-Jun-2026,30-Oct-2026,111.676,0.202967
15-Jun-2026,30-Nov-2026,74.4507,0.332838
15-Jun-2026,30-Nov-2026,79.1038,0.312641
15-Jun-2026,30-Nov-2026,83.757,0.294665
15-Jun-2026,30-Nov-2026,88.4102,0.278284
15-Jun-2026,30-Nov-2026,93.0633,0.263124
15-Jun-2026,30-Nov-2026,97.7165,0.24906
15-Jun-2026,30-Nov-2026,102.37,0.236218
15-Jun-2026,30-Nov-2026,107.023,0.224952
15-Jun-2026,30-Nov-2026,111.676,0.215701
15-Jun-2026,31-Dec-2026,74.4507,0.335713
15-Jun-2026,31-Dec-2026,79.1038,0.317146
15-Jun-2026,31-Dec-2026,83.757,0.300382
15-Jun-2026,31-Dec-2026,88.4102,0.284976
15-Jun-2026,31-Dec-2026,93.0633,0.270662
15-Jun-2026,31-Dec-2026,97.7165,0.257352
15-Jun-2026,31-Dec-2026,102.37,0.245125
15-Jun-2026,31-Dec-2026,107.023,0.234217
15-Jun-2026,31-Dec-2026,111.676,0.224939
15-Jun-2026,29-Jan-2027,74.4507,0.341188
15-Jun-2026,29-Jan-2027,79.1038,0.323695
15-Jun-2026,29-Jan-2027,83.757,0.307767
15-Jun-2026,29-Jan-2027,88.4102,0.29306
15-Jun-2026,29-Jan-2027,93.0633,0.279371
15-Jun-2026,29-Jan-2027,97.7165,0.266624
15-Jun-2026,29-Jan-2027,102.37,0.254867
15-Jun-2026,29-Jan-2027,107.023,0.244253
15-Jun-2026,29-Jan-2027,111.676,0.235004
15-Jun-2026,26-Feb-2027,74.4507,0.345204
15-Jun-2026,26-Feb-2027,79.1038,0.328627
15-Jun-2026,26-Feb-2027,83.757,0.313444
15-Jun-2026,26-Feb-2027,88.4102,0.29938
15-Jun-2026,26-Feb-2027,93.0633,0.286269
15-Jun-2026,26-Feb-2027,97.7165,0.274044
15-Jun-2026,26-Feb-2027,102.37,0.262731
15-Jun-2026,26-Feb-2027,107.023,0.252435
15-Jun-2026,26-Feb-2027,111.676,0.243313
15-Jun-2026,31-Mar-2027,74.4507,0.348534
15-Jun-2026,31-Mar-2027,79.1038,0.332918
15-Jun-2026,31-Mar-2027,83.757,0.318544
15-Jun-2026,31-Mar-2027,88.4102,0.305189
15-Jun-2026,31-Mar-2027,93.0633,0.29272
15-Jun-2026,31-Mar-2027,97.7165,0.281075
15-Jun-2026,31-Mar-2027,102.37,0.270264
15-Jun-2026,31-Mar-2027,107.023,0.260354
15-Jun-2026,31-Mar-2027,111.676,0.251452
15-Jun-2026,30-Apr-2027,74.4507,0.352426
15-Jun-2026,30-Apr-2027,79.1038,0.337529
15-Jun-2026,30-Apr-2027,83.757,0.323772
15-Jun-2026,30-Apr-2027,88.4102,0.310968
15-Jun-2026,30-Apr-2027,93.0633,0.298999
15-Jun-2026,30-Apr-2027,97.7165,0.28781
15-Jun-2026,30-Apr-2027,102.37,0.277397
15-Jun-2026,30-Apr-2027,107.023,0.267803
15-Jun-2026,30-Apr-2027,111.676,0.259101
16-Jun-2026,19-Jun-2026,74.9206,0.323695
16-Jun-2026,19-Jun-2026,79.6031,0.237364
16-Jun-2026,19-Jun-2026,84.2856,0.195077
16-Jun-2026,19-Jun-2026,88.9682,0.180044
16-Jun-2026,19-Jun-2026,93.6507,0.164338
16-Jun-2026,19-Jun-2026,98.3333,0.148687
16-Jun-2026,19-Jun-2026,103.016,0.134913
16-Jun-2026,26-Jun-2026,74.9206,0.574698
16-Jun-2026,26-Jun-2026,79.6031,0.438316
16-Jun-2026,26-Jun-2026,84.2856,0.308228
16-Jun-2026,26-Jun-2026,88.9682,0.227776
16-Jun-2026,26-Jun-2026,93.6507,0.199692
16-Jun-2026,26-Jun-2026,98.3333,0.180015
16-Jun-2026,26-Jun-2026,103.016,0.164708
16-Jun-2026,26-Jun-2026,107.698,0.156545
16-Jun-2026,26-Jun-2026,112.381,0.154183
16-Jun-2026,03-Jul-2026,74.9206,0.465673
16-Jun-2026,03-Jul-2026,79.6031,0.358276
16-Jun-2026,03-Jul-2026,84.2856,0.268702
16-Jun-2026,03-Jul-2026,88.9682,0.222674
16-Jun-2026,03-Jul-2026,93.6507,0.198884
16-Jun-2026,03-Jul-2026,98.3333,0.179803
16-Jun-2026,03-Jul-2026,103.016,0.164666
16-Jun-2026,03-Jul-2026,107.698,0.156218
16-Jun-2026,03-Jul-2026,112.381,0.153389
16-Jun-2026,10-Jul-2026,74.9206,0.423063
16-Jun-2026,10-Jul-2026,79.6031,0.332951
16-Jun-2026,10-Jul-2026,84.2856,0.266919
16-Jun-2026,10-Jul-2026,88.9682,0.230642
16-Jun-2026,10-Jul-2026,93.6507,0.207269
16-Jun-2026,10-Jul-2026,98.3333,0.187777
16-Jun-2026,10-Jul-2026,103.016,0.172118
16-Jun-2026,10-Jul-2026,107.698,0.162929
16-Jun-2026,10-Jul-2026,112.381,0.15946
16-Jun-2026,17-Jul-2026,74.9206,0.385556
16-Jun-2026,17-Jul-2026,79.6031,0.310968
16-Jun-2026,17-Jul-2026,84.2856,0.259944
16-Jun-2026,17-Jul-2026,88.9682,0.229484
16-Jun-2026,17-Jul-2026,93.6507,0.207478
16-Jun-2026,17-Jul-2026,98.3333,0.188525
16-Jun-2026,17-Jul-2026,103.016,0.173054
16-Jun-2026,17-Jul-2026,107.698,0.163613
16-Jun-2026,17-Jul-2026,112.381,0.159751
16-Jun-2026,30-Jun-2026,74.9206,0.51261
16-Jun-2026,30-Jun-2026,79.6031,0.393217
16-Jun-2026,30-Jun-2026,84.2856,0.287398
16-Jun-2026,30-Jun-2026,88.9682,0.229983
16-Jun-2026,30-Jun-2026,93.6507,0.20385
16-Jun-2026,30-Jun-2026,98.3333,0.183952
16-Jun-2026,30-Jun-2026,103.016,0.168355
16-Jun-2026,30-Jun-2026,107.698,0.159786
16-Jun-2026,30-Jun-2026,112.381,0.157016
16-Jun-2026,31-Jul-2026,74.9206,0.351673
16-Jun-2026,31-Jul-2026,79.6031,0.297706
16-Jun-2026,31-Jul-2026,84.2856,0.260803
16-Jun-2026,31-Jul-2026,88.9682,0.234981
16-Jun-2026,31-Jul-2026,93.6507,0.214089
16-Jun-2026,31-Jul-2026,98.3333,0.195575
16-Jun-2026,31-Jul-2026,103.016,0.18009
16-Jun-2026,31-Jul-2026,107.698,0.169895
16-Jun-2026,31-Jul-2026,112.381,0.165068
16-Jun-2026,31-Aug-2026,74.9206,0.324898
16-Jun-2026,31-Aug-2026,79.6031,0.29102
16-Jun-2026,31-Aug-2026,84.2856,0.264968
16-Jun-2026,31-Aug-2026,88.9682,0.243558
16-Jun-2026,31-Aug-2026,93.6507,0.22466
16-Jun-2026,31-Aug-2026,98.3333,0.207457
16-Jun-2026,31-Aug-2026,103.016,0.19252
16-Jun-2026,31-Aug-2026,107.698,0.181415
16-Jun-2026,31-Aug-2026,112.381,0.174856
16-Jun-2026,30-Sep-2026,74.9206,0.320369
16-Jun-2026,30-Sep-2026,79.6031,0.293692
16-Jun-2026,30-Sep-2026,84.2856,0.271557
16-Jun-2026,30-Sep-2026,88.9682,0.252262
16-Jun-2026,30-Sep-2026,93.6507,0.234753
16-Jun-2026,30-Sep-2026,98.3333,0.218662
16-Jun-2026,30-Sep-2026,103.016,0.204383
16-Jun-2026,30-Sep-2026,107.698,0.192941
16-Jun-2026,30-Sep-2026,112.381,0.185138
16-Jun-2026,30-Oct-2026,74.9206,0.321153
16-Jun-2026,30-Oct-2026,79.6031,0.298188
16-Jun-2026,30-Oct-2026,84.2856,0.278316
16-Jun-2026,30-Oct-2026,88.9682,0.26051
16-Jun-2026,30-Oct-2026,93.6507,0.244152
16-Jun-2026,30-Oct-2026,98.3333,0.229045
16-Jun-2026,30-Oct-2026,103.016,0.21545
16-Jun-2026,30-Oct-2026,107.698,0.204029
16-Jun-2026,30-Oct-2026,112.381,0.195453
16-Jun-2026,30-Nov-2026,74.9206,0.327839
16-Jun-2026,30-Nov-2026,79.6031,0.307042
16-Jun-2026,30-Nov-2026,84.2856,0.288593
16-Jun-2026,30-Nov-2026,88.9682,0.271823
16-Jun-2026,30-Nov-2026,93.6507,0.256334
16-Jun-2026,30-Nov-2026,98.3333,0.241998
16-Jun-2026,30-Nov-2026,103.016,0.22897
16-Jun-2026,30-Nov-2026,107.698,0.21766
16-Jun-2026,30-Nov-2026,112.381,0.208554
16-Jun-2026,31-Dec-2026,74.9206,0.330741
16-Jun-2026,31-Dec-2026,79.6031,0.311711
16-Jun-2026,31-Dec-2026,84.2856,0.294576
16-Jun-2026,31-Dec-2026,88.9682,0.278861
16-Jun-2026,31-Dec-2026,93.6507,0.264285
16-Jun-2026,31-Dec-2026,98.3333,0.250758
16-Jun-2026,31-Dec-2026,103.016,0.238378
16-Jun-2026,31-Dec-2026,107.698,0.227411
16-Jun-2026,31-Dec-2026,112.381,0.218204
16-Jun-2026,29-Jan-2027,74.9206,0.33631
16-Jun-2026,29-Jan-2027,79.6031,0.318445
16-Jun-2026,29-Jan-2027,84.2856,0.302213
16-Jun-2026,29-Jan-2027,88.9682,0.287252
16-Jun-2026,29-Jan-2027,93.6507,0.273349
16-Jun-2026,29-Jan-2027,98.3333,0.260425
16-Jun-2026,29-Jan-2027,103.016,0.248539
16-Jun-2026,29-Jan-2027,107.698,0.237864
16-Jun-2026,29-Jan-2027,112.381,0.228641
16-Jun-2026,26-Feb-2027,74.9206,0.340445
16-Jun-2026,26-Feb-2027,79.6031,0.323561
16-Jun-2026,26-Feb-2027,84.2856,0.308125
16-Jun-2026,26-Feb-2027,88.9682,0.29385
16-Jun-2026,26-Feb-2027,93.6507,0.280561
16-Jun-2026,26-Feb-2027,98.3333,0.268189
16-Jun-2026,26-Feb-2027,103.016,0.256767
16-Jun-2026,26-Feb-2027,107.698,0.246411
16-Jun-2026,26-Feb-2027,112.381,0.237293
16-Jun-2026,31-Mar-2027,74.9206,0.343931
16-Jun-2026,31-Mar-2027,79.6031,0.328066
16-Jun-2026,31-Mar-2027,84.2856,0.313485
16-Jun-2026,31-Mar-2027,88.9682,0.299959
16-Jun-2026,31-Mar-2027,93.6507,0.287344
16-Jun-2026,31-Mar-2027,98.3333,0.275581
16-Jun-2026,31-Mar-2027,103.016,0.26468
16-Jun-2026,31-Mar-2027,107.698,0.254715
16-Jun-2026,31-Mar-2027,112.381,0.245804
16-Jun-2026,30-Apr-2027,74.9206,0.347975
16-Jun-2026,30-Apr-2027,79.6031,0.33287
16-Jun-2026,30-Apr-2027,84.2856,0.31894
16-Jun-2026,30-Apr-2027,88.9682,0.305991
16-Jun-2026,30-Apr-2027,93.6507,0.293902
16-Jun-2026,30-Apr-2027,98.3333,0.282613
16-Jun-2026,30-Apr-2027,103.016,0.272124
16-Jun-2026,30-Apr-2027,107.698,0.262481
16-Jun-2026,30-Apr-2027,112.381,0.253765
17-Jun-2026,19-Jun-2026,75.5094,0.397374
17-Jun-2026,19-Jun-2026,80.2287,0.290547
17-Jun-2026,19-Jun-2026,84.9481,0.189512
17-Jun-2026,19-Jun-2026,89.6674,0.166916
17-Jun-2026,19-Jun-2026,94.3868,0.149839
17-Jun-2026,19-Jun-2026,99.1061,0.132794
17-Jun-2026,19-Jun-2026,108.545,0.239537
17-Jun-2026,19-Jun-2026,113.264,0.311193
17-Jun-2026,26-Jun-2026,75.5094,0.604572
17-Jun-2026,26-Jun-2026,80.2287,0.460932
17-Jun-2026,26-Jun-2026,84.9481,0.32094
17-Jun-2026,26-Jun-2026,89.6674,0.219667
17-Jun-2026,26-Jun-2026,94.3868,0.185863
17-Jun-2026,26-Jun-2026,99.1061,0.164167
17-Jun-2026,26-Jun-2026,103.825,0.149225
17-Jun-2026,26-Jun-2026,108.545,0.143684
17-Jun-2026,26-Jun-2026,113.264,0.152083
17-Jun-2026,03-Jul-2026,75.5094,0.478921
17-Jun-2026,03-Jul-2026,80.2287,0.36736
17-Jun-2026,03-Jul-2026,84.9481,0.267552
17-Jun-2026,03-Jul-2026,89.6674,0.211078
17-Jun-2026,03-Jul-2026,94.3868,0.184201
17-Jun-2026,03-Jul-2026,99.1061,0.163399
17-Jun-2026,03-Jul-2026,103.825,0.14856
17-Jun-2026,03-Jul-2026,108.545,0.142529
17-Jun-2026,03-Jul-2026,113.264,0.141997
17-Jun-2026,10-Jul-2026,75.5094,0.430635
17-Jun-2026,10-Jul-2026,80.2287,0.335688
17-Jun-2026,10-Jul-2026,84.9481,0.260501
17-Jun-2026,10-Jul-2026,89.6674,0.218143
17-Jun-2026,10-Jul-2026,94.3868,0.192282
17-Jun-2026,10-Jul-2026,99.1061,0.171156
17-Jun-2026,10-Jul-2026,103.825,0.155647
17-Jun-2026,10-Jul-2026,108.545,0.14869
17-Jun-2026,10-Jul-2026,113.264,0.147492
17-Jun-2026,17-Jul-2026,75.5094,0.389592
17-Jun-2026,17-Jul-2026,80.2287,0.309582
17-Jun-2026,17-Jul-2026,84.9481,0.251262
17-Jun-2026,17-Jul-2026,89.6674,0.216667
17-Jun-2026,17-Jul-2026,94.3868,0.192596
17-Jun-2026,17-Jul-2026,99.1061,0.172157
17-Jun-2026,17-Jul-2026,103.825,0.156737
17-Jun-2026,17-Jul-2026,108.545,0.14931
17-Jun-2026,17-Jul-2026,113.264,0.147622
17-Jun-2026,30-Jun-2026,75.5094,0.530806
17-Jun-2026,30-Jun-2026,80.2287,0.40656
17-Jun-2026,30-Jun-2026,84.9481,0.29052
17-Jun-2026,30-Jun-2026,89.6674,0.219345
17-Jun-2026,30-Jun-2026,94.3868,0.189299
17-Jun-2026,30-Jun-2026,99.1061,0.16751
17-Jun-2026,30-Jun-2026,103.825,0.152225
17-Jun-2026,30-Jun-2026,108.545,0.146192
17-Jun-2026,30-Jun-2026,113.264,0.145804
17-Jun-2026,31-Jul-2026,75.5094,0.350845
17-Jun-2026,31-Jul-2026,80.2287,0.291729
17-Jun-2026,31-Jul-2026,84.9481,0.250371
17-Jun-2026,31-Jul-2026,89.6674,0.221998
17-Jun-2026,31-Jul-2026,94.3868,0.199456
17-Jun-2026,31-Jul-2026,99.1061,0.179658
17-Jun-2026,31-Jul-2026,103.825,0.164043
17-Jun-2026,31-Jul-2026,108.545,0.155443
17-Jun-2026,31-Jul-2026,113.264,0.152614
17-Jun-2026,31-Aug-2026,75.5094,0.318727
17-Jun-2026,31-Aug-2026,80.2287,0.281913
17-Jun-2026,31-Aug-2026,84.9481,0.253785
17-Jun-2026,31-Aug-2026,89.6674,0.230949
17-Jun-2026,31-Aug-2026,94.3868,0.210916
17-Jun-2026,31-Aug-2026,99.1061,0.192788
17-Jun-2026,31-Aug-2026,103.825,0.177551
17-Jun-2026,31-Aug-2026,108.545,0.167284
17-Jun-2026,31-Aug-2026,113.264,0.162232
17-Jun-2026,30-Sep-2026,75.5094,0.312409
17-Jun-2026,30-Sep-2026,80.2287,0.283939
17-Jun-2026,30-Sep-2026,84.9481,0.260494
17-Jun-2026,30-Sep-2026,89.6674,0.240202
17-Jun-2026,30-Sep-2026,94.3868,0.221856
17-Jun-2026,30-Sep-2026,99.1061,0.20508
17-Jun-2026,30-Sep-2026,103.825,0.190484
17-Jun-2026,30-Sep-2026,108.545,0.179425
17-Jun-2026,30-Sep-2026,113.264,0.172644
17-Jun-2026,30-Oct-2026,75.5094,0.312561
17-Jun-2026,30-Oct-2026,80.2287,0.288376
17-Jun-2026,30-Oct-2026,84.9481,0.267575
17-Jun-2026,30-Oct-2026,89.6674,0.249024
17-Jun-2026,30-Oct-2026,94.3868,0.232033
17-Jun-2026,30-Oct-2026,99.1061,0.216409
17-Jun-2026,30-Oct-2026,103.825,0.202529
17-Jun-2026,30-Oct-2026,108.545,0.191252
17-Jun-2026,30-Oct-2026,113.264,0.183313
17-Jun-2026,30-Nov-2026,75.5094,0.319049
17-Jun-2026,30-Nov-2026,80.2287,0.297371
17-Jun-2026,30-Nov-2026,84.9481,0.278228
17-Jun-2026,30-Nov-2026,89.6674,0.260889
17-Jun-2026,30-Nov-2026,94.3868,0.244917
17-Jun-2026,30-Nov-2026,99.1061,0.230188
17-Jun-2026,30-Nov-2026,103.825,0.216919
17-Jun-2026,30-Nov-2026,108.545,0.205627
17-Jun-2026,30-Nov-2026,113.264,0.196874
17-Jun-2026,31-Dec-2026,75.5094,0.321997
17-Jun-2026,31-Dec-2026,80.2287,0.302302
17-Jun-2026,31-Dec-2026,84.9481,0.284632
17-Jun-2026,31-Dec-2026,89.6674,0.268473
17-Jun-2026,31-Dec-2026,94.3868,0.253522
17-Jun-2026,31-Dec-2026,99.1061,0.23969
17-Jun-2026,31-Dec-2026,103.825,0.227111
17-Jun-2026,31-Dec-2026,108.545,0.216114
17-Jun-2026,31-Dec-2026,113.264,0.207104
17-Jun-2026,29-Jan-2027,75.5094,0.327696
17-Jun-2026,29-Jan-2027,80.2287,0.309304
17-Jun-2026,29-Jan-2027,84.9481,0.292645
17-Jun-2026,29-Jan-2027,89.6674,0.277328
17-Jun-2026,29-Jan-2027,94.3868,0.263125
17-Jun-2026,29-Jan-2027,99.1061,0.249958
17-Jun-2026,29-Jan-2027,103.825,0.237906
17-Jun-2026,29-Jan-2027,108.545,0.227181
17-Jun-2026,29-Jan-2027,113.264,0.218067
17-Jun-2026,26-Feb-2027,75.5094,0.332006
17-Jun-2026,26-Feb-2027,80.2287,0.314694
17-Jun-2026,26-Feb-2027,84.9481,0.298911
17-Jun-2026,26-Feb-2027,89.6674,0.284345
17-Jun-2026,26-Feb-2027,94.3868,0.270811
17-Jun-2026,26-Feb-2027,99.1061,0.258242
17-Jun-2026,26-Feb-2027,103.825,0.246681
17-Jun-2026,26-Feb-2027,108.545,0.23627
17-Jun-2026,26-Feb-2027,113.264,0.227211
17-Jun-2026,31-Mar-2027,75.5094,0.335728
17-Jun-2026,31-Mar-2027,80.2287,0.319524
17-Jun-2026,31-Mar-2027,84.9481,0.304665
17-Jun-2026,31-Mar-2027,89.6674,0.290907
17-Jun-2026,31-Mar-2027,94.3868,0.278098
17-Jun-2026,31-Mar-2027,99.1061,0.266177
17-Jun-2026,31-Mar-2027,103.825,0.255163
17-Jun-2026,31-Mar-2027,108.545,0.245146
17-Jun-2026,31-Mar-2027,113.264,0.236263
17-Jun-2026,30-Apr-2027,75.5094,0.339995
17-Jun-2026,30-Apr-2027,80.2287,0.324611
17-Jun-2026,30-Apr-2027,84.9481,0.310453
17-Jun-2026,30-Apr-2027,89.6674,0.297313
17-Jun-2026,30-Apr-2027,94.3868,0.285064
17-Jun-2026,30-Apr-2027,99.1061,0.273647
17-Jun-2026,30-Apr-2027,103.825,0.263065
17-Jun-2026,30-Apr-2027,108.545,0.253374
17-Jun-2026,30-Apr-2027,113.264,0.244669
18-Jun-2026,19-Jun-2026,75.6809,0.550267
18-Jun-2026,19-Jun-2026,80.411,0.407063
18-Jun-2026,19-Jun-2026,94.6011,0.139643
18-Jun-2026,19-Jun-2026,104.061,0.259967
18-Jun-2026,26-Jun-2026,75.6809,0.642198
18-Jun-2026,26-Jun-2026,80.411,0.489616
18-Jun-2026,26-Jun-2026,85.141,0.339754
18-Jun-2026,26-Jun-2026,89.8711,0.218208
18-Jun-2026,26-Jun-2026,94.6011,0.177295
18-Jun-2026,26-Jun-2026,99.3312,0.153752
18-Jun-2026,26-Jun-2026,104.061,0.139691
18-Jun-2026,26-Jun-2026,108.791,0.136427
18-Jun-2026,26-Jun-2026,113.521,0.157953
18-Jun-2026,03-Jul-2026,75.6809,0.495435
18-Jun-2026,03-Jul-2026,80.411,0.379655
18-Jun-2026,03-Jul-2026,85.141,0.271725
18-Jun-2026,03-Jul-2026,89.8711,0.204437
18-Jun-2026,03-Jul-2026,94.6011,0.174313
18-Jun-2026,03-Jul-2026,99.3312,0.152012
18-Jun-2026,03-Jul-2026,104.061,0.13795
18-Jun-2026,03-Jul-2026,108.791,0.134045
18-Jun-2026,03-Jul-2026,113.521,0.135132
18-Jun-2026,10-Jul-2026,75.6809,0.440942
18-Jun-2026,10-Jul-2026,80.411,0.342059
18-Jun-2026,10-Jul-2026,85.141,0.259065
18-Jun-2026,10-Jul-2026,89.8711,0.21037
18-Jun-2026,10-Jul-2026,94.6011,0.182038
18-Jun-2026,10-Jul-2026,99.3312,0.159481
18-Jun-2026,10-Jul-2026,104.061,0.14455
18-Jun-2026,10-Jul-2026,108.791,0.139616
18-Jun-2026,10-Jul-2026,113.521,0.140058
18-Jun-2026,17-Jul-2026,75.6809,0.396378
18-Jun-2026,17-Jul-2026,80.411,0.312132
18-Jun-2026,17-Jul-2026,85.141,0.247217
18-Jun-2026,17-Jul-2026,89.8711,0.208356
18-Jun-2026,17-Jul-2026,94.6011,0.182293
18-Jun-2026,17-Jul-2026,99.3312,0.160553
18-Jun-2026,17-Jul-2026,104.061,0.14556
18-Jun-2026,17-Jul-2026,108.791,0.14
18-Jun-2026,17-Jul-2026,113.521,0.139913
18-Jun-2026,30-Jun-2026,75.6809,0.553387
18-Jun-2026,30-Jun-2026,80.411,0.423705
18-Jun-2026,30-Jun-2026,85.141,0.299243
18-Jun-2026,30-Jun-2026,89.8711,0.214141
18-Jun-2026,30-Jun-2026,94.6011,0.179776
18-Jun-2026,30-Jun-2026,99.3312,0.156302
18-Jun-2026,30-Jun-2026,104.061,0.141834
18-Jun-2026,30-Jun-2026,108.791,0.138021
18-Jun-2026,30-Jun-2026,113.521,0.139694
18-Jun-2026,31-Jul-2026,75.6809,0.353373
18-Jun-2026,31-Jul-2026,80.411,0.289906
18-Jun-2026,31-Jul-2026,85.141,0.244245
18-Jun-2026,31-Jul-2026,89.8711,0.213307
18-Jun-2026,31-Jul-2026,94.6011,0.189197
18-Jun-2026,31-Jul-2026,99.3312,0.168255
18-Jun-2026,31-Jul-2026,104.061,0.152782
18-Jun-2026,31-Jul-2026,108.791,0.145737
18-Jun-2026,31-Jul-2026,113.521,0.144451
18-Jun-2026,31-Aug-2026,75.6809,0.316315
18-Jun-2026,31-Aug-2026,80.411,0.276687
18-Jun-2026,31-Aug-2026,85.141,0.246468
18-Jun-2026,31-Aug-2026,89.8711,0.222207
18-Jun-2026,31-Aug-2026,94.6011,0.20108
18-Jun-2026,31-Aug-2026,99.3312,0.182084
18-Jun-2026,31-Aug-2026,104.061,0.166655
18-Jun-2026,31-Aug-2026,108.791,0.157268
18-Jun-2026,31-Aug-2026,113.521,0.153502
18-Jun-2026,30-Sep-2026,75.6809,0.308061
18-Jun-2026,30-Sep-2026,80.411,0.277768
18-Jun-2026,30-Sep-2026,85.141,0.252965
18-Jun-2026,30-Sep-2026,89.8711,0.231647
18-Jun-2026,30-Sep-2026,94.6011,0.212457
18-Jun-2026,30-Sep-2026,99.3312,0.194994
18-Jun-2026,30-Sep-2026,104.061,0.180098
18-Jun-2026,30-Sep-2026,108.791,0.169444
18-Jun-2026,30-Sep-2026,113.521,0.163601
18-Jun-2026,30-Oct-2026,75.6809,0.30735
18-Jun-2026,30-Oct-2026,80.411,0.281866
18-Jun-2026,30-Oct-2026,85.141,0.260061
18-Jun-2026,30-Oct-2026,89.8711,0.240709
18-Jun-2026,30-Oct-2026,94.6011,0.223038
18-Jun-2026,30-Oct-2026,99.3312,0.206854
18-Jun-2026,30-Oct-2026,104.061,0.192653
18-Jun-2026,30-Oct-2026,108.791,0.181502
18-Jun-2026,30-Oct-2026,113.521,0.174162
18-Jun-2026,30-Nov-2026,75.6809,0.313419
18-Jun-2026,30-Nov-2026,80.411,0.290747
18-Jun-2026,30-Nov-2026,85.141,0.27081
18-Jun-2026,30-Nov-2026,89.8711,0.252813
18-Jun-2026,30-Nov-2026,94.6011,0.236276
18-Jun-2026,30-Nov-2026,99.3312,0.221076
18-Jun-2026,30-Nov-2026,104.061,0.207492
18-Jun-2026,30-Nov-2026,108.791,0.196164
18-Jun-2026,30-Nov-2026,113.521,0.187729
18-Jun-2026,31-Dec-2026,75.6809,0.316165
18-Jun-2026,31-Dec-2026,80.411,0.295675
18-Jun-2026,31-Dec-2026,85.141,0.277353
18-Jun-2026,31-Dec-2026,89.8711,0.260644
18-Jun-2026,31-Dec-2026,94.6011,0.245216
18-Jun-2026,31-Dec-2026,99.3312,0.23098
18-Jun-2026,31-Dec-2026,104.061,0.218108
18-Jun-2026,31-Dec-2026,108.791,0.207005
18-Jun-2026,31-Dec-2026,113.521,0.198144
18-Jun-2026,29-Jan-2027,75.6809,0.321782
18-Jun-2026,29-Jan-2027,80.411,0.302721
18-Jun-2026,29-Jan-2027,85.141,0.285503
18-Jun-2026,29-Jan-2027,89.8711,0.269708
18-Jun-2026,29-Jan-2027,94.6011,0.255086
18-Jun-2026,29-Jan-2027,99.3312,0.241563
18-Jun-2026,29-Jan-2027,104.061,0.229238
18-Jun-2026,29-Jan-2027,108.791,0.218371
18-Jun-2026,29-Jan-2027,113.521,0.209299
18-Jun-2026,26-Feb-2027,75.6809,0.326068
18-Jun-2026,26-Feb-2027,80.411,0.308178
18-Jun-2026,26-Feb-2027,85.141,0.291904
18-Jun-2026,26-Feb-2027,89.8711,0.276914
18-Jun-2026,26-Feb-2027,94.6011,0.263008
18-Jun-2026,26-Feb-2027,99.3312,0.250118
18-Jun-2026,26-Feb-2027,104.061,0.238303
18-Jun-2026,26-Feb-2027,108.791,0.227736
18-Jun-2026,26-Feb-2027,113.521,0.218659
18-Jun-2026,31-Mar-2027,75.6809,0.329801
18-Jun-2026,31-Mar-2027,80.411,0.313099
18-Jun-2026,31-Mar-2027,85.141,0.297814
18-Jun-2026,31-Mar-2027,89.8711,0.283683
18-Jun-2026,31-Mar-2027,94.6011,0.270545
18-Jun-2026,31-Mar-2027,99.3312,0.258338
18-Jun-2026,31-Mar-2027,104.061,0.24709
18-Jun-2026,31-Mar-2027,108.791,0.236913
18-Jun-2026,31-Mar-2027,113.521,0.22797
18-Jun-2026,30-Apr-2027,75.6809,0.3341
18-Jun-2026,30-Apr-2027,80.411,0.318275
18-Jun-2026,30-Apr-2027,85.141,0.303735
18-Jun-2026,30-Apr-2027,89.8711,0.290259
18-Jun-2026,30-Apr-2027,94.6011,0.277712
18-Jun-2026,30-Apr-2027,99.3312,0.266033
18-Jun-2026,30-Apr-2027,104.061,0.255233
18-Jun-2026,30-Apr-2027,108.791,0.245383
18-Jun-2026,30-Apr-2027,113.521,0.236595
19-Jun-2026,26-Jun-2026,75.7075,0.684873
19-Jun-2026,26-Jun-2026,80.4392,0.522011
19-Jun-2026,26-Jun-2026,85.1709,0.361946
19-Jun-2026,26-Jun-2026,89.9026,0.230962
19-Jun-2026,26-Jun-2026,94.6343,0.188552
19-Jun-2026,26-Jun-2026,99.366,0.16508
19-Jun-2026,26-Jun-2026,104.098,0.149917
19-Jun-2026,26-Jun-2026,108.829,0.145198
19-Jun-2026,03-Jul-2026,75.7075,0.511481
19-Jun-2026,03-Jul-2026,80.4392,0.39183
19-Jun-2026,03-Jul-2026,85.1709,0.280496
19-Jun-2026,03-Jul-2026,89.9026,0.212295
19-Jun-2026,03-Jul-2026,94.6343,0.182533
19-Jun-2026,03-Jul-2026,99.366,0.160595
19-Jun-2026,03-Jul-2026,104.098,0.145791
19-Jun-2026,03-Jul-2026,108.829,0.14065
19-Jun-2026,03-Jul-2026,113.561,0.140899
19-Jun-2026,10-Jul-2026,75.7075,0.45003
19-Jun-2026,10-Jul-2026,80.4392,0.349184
19-Jun-2026,10-Jul-2026,85.1709,0.26549
19-Jun-2026,10-Jul-2026,89.9026,0.217401
19-Jun-2026,10-Jul-2026,94.6343,0.189611
19-Jun-2026,10-Jul-2026,99.366,0.167444
19-Jun-2026,10-Jul-2026,104.098,0.15194
19-Jun-2026,10-Jul-2026,108.829,0.145873
19-Jun-2026,10-Jul-2026,113.561,0.145491
19-Jun-2026,17-Jul-2026,75.7075,0.402269
19-Jun-2026,17-Jul-2026,80.4392,0.317198
19-Jun-2026,17-Jul-2026,85.1709,0.252696
19-Jun-2026,17-Jul-2026,89.9026,0.21463
19-Jun-2026,17-Jul-2026,94.6343,0.189114
19-Jun-2026,17-Jul-2026,99.366,0.167763
19-Jun-2026,17-Jul-2026,104.098,0.152336
19-Jun-2026,17-Jul-2026,108.829,0.145769
19-Jun-2026,17-Jul-2026,113.561,0.144901
19-Jun-2026,24-Jul-2026,75.7075,0.371097
19-Jun-2026,24-Jul-2026,80.4392,0.29857
19-Jun-2026,24-Jul-2026,85.1709,0.246473
19-Jun-2026,24-Jul-2026,89.9026,0.213795
19-Jun-2026,24-Jul-2026,94.6343,0.18974
19-Jun-2026,24-Jul-2026,99.366,0.169032
19-Jun-2026,24-Jul-2026,104.098,0.153644
19-Jun-2026,24-Jul-2026,108.829,0.14658
19-Jun-2026,24-Jul-2026,113.561,0.145233
19-Jun-2026,30-Jun-2026,75.7075,0.576488
19-Jun-2026,30-Jun-2026,80.4392,0.441257
19-Jun-2026,30-Jun-2026,85.1709,0.311454
19-Jun-2026,30-Jun-2026,89.9026,0.223608
19-Jun-2026,30-Jun-2026,94.6343,0.189292
19-Jun-2026,30-Jun-2026,99.366,0.166085
19-Jun-2026,30-Jun-2026,104.098,0.150729
19-Jun-2026,30-Jun-2026,108.829,0.145581
19-Jun-2026,30-Jun-2026,113.561,0.146004
19-Jun-2026,31-Jul-2026,75.7075,0.356916
19-Jun-2026,31-Jul-2026,80.4392,0.293855
19-Jun-2026,31-Jul-2026,85.1709,0.24909
19-Jun-2026,31-Jul-2026,89.9026,0.218842
19-Jun-2026,31-Jul-2026,94.6343,0.195208
19-Jun-2026,31-Jul-2026,99.366,0.174595
19-Jun-2026,31-Jul-2026,104.098,0.158876
19-Jun-2026,31-Jul-2026,108.829,0.151043
19-Jun-2026,31-Jul-2026,113.561,0.149055
19-Jun-2026,31-Aug-2026,75.7075,0.318987
19-Jun-2026,31-Aug-2026,80.4392,0.280095
19-Jun-2026,31-Aug-2026,85.1709,0.250483
19-Jun-2026,31-Aug-2026,89.9026,0.226636
19-Jun-2026,31-Aug-2026,94.6343,0.205801
19-Jun-2026,31-Aug-2026,99.366,0.186992
19-Jun-2026,31-Aug-2026,104.098,0.171495
19-Jun-2026,31-Aug-2026,108.829,0.161703
19-Jun-2026,31-Aug-2026,113.561,0.157448
19-Jun-2026,30-Sep-2026,75.7075,0.310535
19-Jun-2026,30-Sep-2026,80.4392,0.280756
19-Jun-2026,30-Sep-2026,85.1709,0.256329
19-Jun-2026,30-Sep-2026,89.9026,0.235263
19-Jun-2026,30-Sep-2026,94.6343,0.216236
19-Jun-2026,30-Sep-2026,99.366,0.198861
19-Jun-2026,30-Sep-2026,104.098,0.183933
19-Jun-2026,30-Sep-2026,108.829,0.173083
19-Jun-2026,30-Sep-2026,113.561,0.166945
19-Jun-2026,30-Oct-2026,75.7075,0.309547
19-Jun-2026,30-Oct-2026,80.4392,0.2844
19-Jun-2026,30-Oct-2026,85.1709,0.262828
19-Jun-2026,30-Oct-2026,89.9026,0.24362
19-Jun-2026,30-Oct-2026,94.6343,0.226028
19-Jun-2026,30-Oct-2026,99.366,0.209866
19-Jun-2026,30-Oct-2026,104.098,0.195628
19-Jun-2026,30-Oct-2026,108.829,0.184373
19-Jun-2026,30-Oct-2026,113.561,0.176874
19-Jun-2026,30-Nov-2026,75.7075,0.315242
19-Jun-2026,30-Nov-2026,80.4392,0.292781
19-Jun-2026,30-Nov-2026,85.1709,0.272976
19-Jun-2026,30-Nov-2026,89.9026,0.255047
19-Jun-2026,30-Nov-2026,94.6343,0.238528
19-Jun-2026,30-Nov-2026,99.366,0.223306
19-Jun-2026,30-Nov-2026,104.098,0.209671
19-Jun-2026,30-Nov-2026,108.829,0.198272
19-Jun-2026,30-Nov-2026,113.561,0.189756
19-Jun-2026,31-Dec-2026,75.7075,0.31761
19-Jun-2026,31-Dec-2026,80.4392,0.297245
19-Jun-2026,31-Dec-2026,85.1709,0.27899
19-Jun-2026,31-Dec-2026,89.9026,0.262298
19-Jun-2026,31-Dec-2026,94.6343,0.246849
19-Jun-2026,31-Dec-2026,99.366,0.232564
19-Jun-2026,31-Dec-2026,104.098,0.219628
19-Jun-2026,31-Dec-2026,108.829,0.208461
19-Jun-2026,31-Dec-2026,113.561,0.199547
19-Jun-2026,29-Jan-2027,75.7075,0.322846
19-Jun-2026,29-Jan-2027,80.4392,0.303853
19-Jun-2026,29-Jan-2027,85.1709,0.286656
19-Jun-2026,29-Jan-2027,89.9026,0.270844
19-Jun-2026,29-Jan-2027,94.6343,0.256177
19-Jun-2026,29-Jan-2027,99.366,0.242586
19-Jun-2026,29-Jan-2027,104.098,0.230187
19-Jun-2026,29-Jan-2027,108.829,0.219254
19-Jun-2026,29-Jan-2027,113.561,0.210137
19-Jun-2026,26-Feb-2027,75.7075,0.326783
19-Jun-2026,26-Feb-2027,80.4392,0.30892
19-Jun-2026,26-Feb-2027,85.1709,0.292636
19-Jun-2026,26-Feb-2027,89.9026,0.277605
19-Jun-2026,26-Feb-2027,94.6343,0.263636
19-Jun-2026,26-Feb-2027,99.366,0.250668
19-Jun-2026,26-Feb-2027,104.098,0.238772
19-Jun-2026,26-Feb-2027,108.829,0.228135
19-Jun-2026,26-Feb-2027,113.561,0.219012
19-Jun-2026,31-Mar-2027,75.7075,0.330136
19-Jun-2026,31-Mar-2027,80.4392,0.313427
19-Jun-2026,31-Mar-2027,85.1709,0.298106
19-Jun-2026,31-Mar-2027,89.9026,0.283915
19-Jun-2026,31-Mar-2027,94.6343,0.2707
19-Jun-2026,31-Mar-2027,99.366,0.258406
19-Jun-2026,31-Mar-2027,104.098,0.247072
19-Jun-2026,31-Mar-2027,108.829,0.23682
19-Jun-2026,31-Mar-2027,113.561,0.227826
19-Jun-2026,30-Apr-2027,75.7075,0.334096
19-Jun-2026,30-Apr-2027,80.4392,0.31824
19-Jun-2026,30-Apr-2027,85.1709,0.303645
19-Jun-2026,30-Apr-2027,89.9026,0.290097
19-Jun-2026,30-Apr-2027,94.6343,0.277465
19-Jun-2026,30-Apr-2027,99.366,0.265694
19-Jun-2026,30-Apr-2027,104.098,0.254804
19-Jun-2026,30-Apr-2027,108.829,0.244875
19-Jun-2026,30-Apr-2027,113.561,0.236032
22-Jun-2026,26-Jun-2026,73.9382,0.270945
22-Jun-2026,26-Jun-2026,78.5594,0.23271
22-Jun-2026,26-Jun-2026,83.1805,0.219627
22-Jun-2026,26-Jun-2026,87.8016,0.206272
22-Jun-2026,26-Jun-2026,92.4228,0.192696
22-Jun-2026,26-Jun-2026,97.0439,0.179269
22-Jun-2026,26-Jun-2026,101.665,0.167116
22-Jun-2026,03-Jul-2026,73.9382,0.548675
22-Jun-2026,03-Jul-2026,78.5594,0.41904
22-Jun-2026,03-Jul-2026,83.1805,0.304965
22-Jun-2026,03-Jul-2026,87.8016,0.250005
22-Jun-2026,03-Jul-2026,92.4228,0.227795
22-Jun-2026,03-Jul-2026,97.0439,0.210816
22-Jun-2026,03-Jul-2026,101.665,0.19617
22-Jun-2026,03-Jul-2026,106.286,0.185318
22-Jun-2026,03-Jul-2026,110.907,0.179048
22-Jun-2026,10-Jul-2026,73.9382,0.453492
22-Jun-2026,10-Jul-2026,78.5594,0.352666
22-Jun-2026,10-Jul-2026,83.1805,0.280277
22-Jun-2026,10-Jul-2026,87.8016,0.246111
22-Jun-2026,10-Jul-2026,92.4228,0.225983
22-Jun-2026,10-Jul-2026,97.0439,0.209177
22-Jun-2026,10-Jul-2026,101.665,0.19458
22-Jun-2026,10-Jul-2026,106.286,0.183726
22-Jun-2026,10-Jul-2026,110.907,0.177409
22-Jun-2026,17-Jul-2026,73.9382,0.416928
22-Jun-2026,17-Jul-2026,78.5594,0.335645
22-Jun-2026,17-Jul-2026,83.1805,0.282748
22-Jun-2026,17-Jul-2026,87.8016,0.253442
22-Jun-2026,17-Jul-2026,92.4228,0.233031
22-Jun-2026,17-Jul-2026,97.0439,0.215539
22-Jun-2026,17-Jul-2026,101.665,0.200353
22-Jun-2026,17-Jul-2026,106.286,0.18903
22-Jun-2026,17-Jul-2026,110.907,0.182377
22-Jun-2026,24-Jul-2026,73.9382,0.383836
22-Jun-2026,24-Jul-2026,78.5594,0.318429
22-Jun-2026,24-Jul-2026,83.1805,0.276908
22-Jun-2026,24-Jul-2026,87.8016,0.251151
22-Jun-2026,24-Jul-2026,92.4228,0.231514
22-Jun-2026,24-Jul-2026,97.0439,0.214242
22-Jun-2026,24-Jul-2026,101.665,0.199147
22-Jun-2026,24-Jul-2026,106.286,0.187831
22-Jun-2026,24-Jul-2026,110.907,0.181123
22-Jun-2026,30-Jun-2026,73.9382,0.592375
22-Jun-2026,30-Jun-2026,78.5594,0.449345
22-Jun-2026,30-Jun-2026,83.1805,0.313255
22-Jun-2026,30-Jun-2026,87.8016,0.238634
22-Jun-2026,30-Jun-2026,92.4228,0.217045
22-Jun-2026,30-Jun-2026,97.0439,0.201188
22-Jun-2026,30-Jun-2026,101.665,0.187354
22-Jun-2026,30-Jun-2026,106.286,0.177081
22-Jun-2026,30-Jun-2026,110.907,0.171414
22-Jun-2026,31-Jul-2026,73.9382,0.362672
22-Jun-2026,31-Jul-2026,78.5594,0.30855
22-Jun-2026,31-Jul-2026,83.1805,0.273566
22-Jun-2026,31-Jul-2026,87.8016,0.249844
22-Jun-2026,31-Jul-2026,92.4228,0.230719
22-Jun-2026,31-Jul-2026,97.0439,0.213607
22-Jun-2026,31-Jul-2026,101.665,0.19857
22-Jun-2026,31-Jul-2026,106.286,0.187233
22-Jun-2026,31-Jul-2026,110.907,0.180452
22-Jun-2026,31-Aug-2026,73.9382,0.336942
22-Jun-2026,31-Aug-2026,78.5594,0.303385
22-Jun-2026,31-Aug-2026,83.1805,0.277728
22-Jun-2026,31-Aug-2026,87.8016,0.256594
22-Jun-2026,31-Aug-2026,92.4228,0.237803
22-Jun-2026,31-Aug-2026,97.0439,0.220467
22-Jun-2026,31-Aug-2026,101.665,0.205024
22-Jun-2026,31-Aug-2026,106.286,0.193058
22-Jun-2026,31-Aug-2026,110.907,0.185535
22-Jun-2026,30-Sep-2026,73.9382,0.327976
22-Jun-2026,30-Sep-2026,78.5594,0.300982
22-Jun-2026,30-Sep-2026,83.1805,0.278485
22-Jun-2026,30-Sep-2026,87.8016,0.258697
22-Jun-2026,30-Sep-2026,92.4228,0.240488
22-Jun-2026,30-Sep-2026,97.0439,0.223454
22-Jun-2026,30-Sep-2026,101.665,0.208121
22-Jun-2026,30-Sep-2026,106.286,0.195912
22-Jun-2026,30-Sep-2026,110.907,0.187845
22-Jun-2026,30-Oct-2026,73.9382,0.324307
22-Jun-2026,30-Oct-2026,78.5594,0.300438
22-Jun-2026,30-Oct-2026,83.1805,0.279603
22-Jun-2026,30-Oct-2026,87.8016,0.260684
22-Jun-2026,30-Oct-2026,92.4228,0.242989
22-Jun-2026,30-Oct-2026,97.0439,0.226329
22-Jun-2026,30-Oct-2026,101.665,0.211222
22-Jun-2026,30-Oct-2026,106.286,0.198885
22-Jun-2026,30-Oct-2026,110.907,0.190326
22-Jun-2026,30-Nov-2026,73.9382,0.324128
22-Jun-2026,30-Nov-2026,78.5594,0.302034
22-Jun-2026,30-Nov-2026,83.1805,0.282203
22-Jun-2026,30-Nov-2026,87.8016,0.263875
22-Jun-2026,30-Nov-2026,92.4228,0.246592
22-Jun-2026,30-Nov-2026,97.0439,0.230281
22-Jun-2026,30-Nov-2026,101.665,0.215406
22-Jun-2026,30-Nov-2026,106.286,0.202973
22-Jun-2026,30-Nov-2026,110.907,0.193922
22-Jun-2026,31-Dec-2026,73.9382,0.322701
22-Jun-2026,31-Dec-2026,78.5594,0.30196
22-Jun-2026,31-Dec-2026,83.1805,0.283021
22-Jun-2026,31-Dec-2026,87.8016,0.265332
22-Jun-2026,31-Dec-2026,92.4228,0.248575
22-Jun-2026,31-Dec-2026,97.0439,0.232739
22-Jun-2026,31-Dec-2026,101.665,0.218228
22-Jun-2026,31-Dec-2026,106.286,0.205868
22-Jun-2026,31-Dec-2026,110.907,0.196501
22-Jun-2026,29-Jan-2027,73.9382,0.325439
22-Jun-2026,29-Jan-2027,78.5594,0.305398
22-Jun-2026,29-Jan-2027,83.1805,0.286911
22-Jun-2026,29-Jan-2027,87.8016,0.269552
22-Jun-2026,29-Jan-2027,92.4228,0.253091
22-Jun-2026,29-Jan-2027,97.0439,0.237541
22-Jun-2026,29-Jan-2027,101.665,0.223245
22-Jun-2026,29-Jan-2027,106.286,0.21087
22-Jun-2026,29-Jan-2027,110.907,0.201152
22-Jun-2026,26-Feb-2027,73.9382,0.324148
22-Jun-2026,26-Feb-2027,78.5594,0.304928
22-Jun-2026,26-Feb-2027,83.1805,0.287074
22-Jun-2026,26-Feb-2027,87.8016,0.270245
22-Jun-2026,26-Feb-2027,92.4228,0.254267
22-Jun-2026,26-Feb-2027,97.0439,0.239169
22-Jun-2026,26-Feb-2027,101.665,0.225245
22-Jun-2026,26-Feb-2027,106.286,0.213052
22-Jun-2026,26-Feb-2027,110.907,0.203229
22-Jun-2026,31-Mar-2027,73.9382,0.324408
22-Jun-2026,31-Mar-2027,78.5594,0.305908
22-Jun-2026,31-Mar-2027,83.1805,0.288629
22-Jun-2026,31-Mar-2027,87.8016,0.272303
22-Jun-2026,31-Mar-2027,92.4228,0.256797
22-Jun-2026,31-Mar-2027,97.0439,0.24215
22-Jun-2026,31-Mar-2027,101.665,0.228599
22-Jun-2026,31-Mar-2027,106.286,0.216593
22-Jun-2026,31-Mar-2027,110.907,0.206665
22-Jun-2026,30-Apr-2027,73.9382,0.324374
22-Jun-2026,30-Apr-2027,78.5594,0.306468
22-Jun-2026,30-Apr-2027,83.1805,0.289686
22-Jun-2026,30-Apr-2027,87.8016,0.273808
22-Jun-2026,30-Apr-2027,92.4228,0.25873
22-Jun-2026,30-Apr-2027,97.0439,0.244487
22-Jun-2026,30-Apr-2027,101.665,0.231281
22-Jun-2026,30-Apr-2027,106.286,0.219477
22-Jun-2026,30-Apr-2027,110.907,0.209526
23-Jun-2026,26-Jun-2026,73.7257,0.327551
23-Jun-2026,26-Jun-2026,78.3336,0.239618
23-Jun-2026,26-Jun-2026,82.9414,0.220377
23-Jun-2026,26-Jun-2026,87.5493,0.207065
23-Jun-2026,26-Jun-2026,92.1571,0.193545
23-Jun-2026,26-Jun-2026,96.765,0.180177
23-Jun-2026,26-Jun-2026,101.373,0.168058
23-Jun-2026,26-Jun-2026,105.981,0.199698
23-Jun-2026,26-Jun-2026,110.589,0.25945
23-Jun-2026,03-Jul-2026,73.7257,0.574517
23-Jun-2026,03-Jul-2026,78.3336,0.438466
23-Jun-2026,03-Jul-2026,82.9414,0.315947
23-Jun-2026,03-Jul-2026,87.5493,0.254775
23-Jun-2026,03-Jul-2026,92.1571,0.231688
23-Jun-2026,03-Jul-2026,96.765,0.214502
23-Jun-2026,03-Jul-2026,101.373,0.199697
23-Jun-2026,03-Jul-2026,105.981,0.18866
23-Jun-2026,03-Jul-2026,110.589,0.182207
23-Jun-2026,10-Jul-2026,73.7257,0.46573
23-Jun-2026,10-Jul-2026,78.3336,0.361236
23-Jun-2026,10-Jul-2026,82.9414,0.284599
23-Jun-2026,10-Jul-2026,87.5493,0.24875
23-Jun-2026,10-Jul-2026,92.1571,0.228323
23-Jun-2026,10-Jul-2026,96.765,0.211435
23-Jun-2026,10-Jul-2026,101.373,0.19677
23-Jun-2026,10-Jul-2026,105.981,0.1858
23-Jun-2026,10-Jul-2026,110.589,0.179343
23-Jun-2026,17-Jul-2026,73.7257,0.424362
23-Jun-2026,17-Jul-2026,78.3336,0.340488
23-Jun-2026,17-Jul-2026,82.9414,0.285515
23-Jun-2026,17-Jul-2026,87.5493,0.255494
23-Jun-2026,17-Jul-2026,92.1571,0.234915
23-Jun-2026,17-Jul-2026,96.765,0.217373
23-Jun-2026,17-Jul-2026,101.373,0.202141
23-Jun-2026,17-Jul-2026,105.981,0.190719
23-Jun-2026,17-Jul-2026,110.589,0.183933
23-Jun-2026,24-Jul-2026,73.7257,0.388625
23-Jun-2026,24-Jul-2026,78.3336,0.32139
23-Jun-2026,24-Jul-2026,82.9414,0.278719
23-Jun-2026,24-Jul-2026,87.5493,0.25259
23-Jun-2026,24-Jul-2026,92.1571,0.232867
23-Jun-2026,24-Jul-2026,96.765,0.215581
23-Jun-2026,24-Jul-2026,101.373,0.200468
23-Jun-2026,24-Jul-2026,105.981,0.189074
23-Jun-2026,24-Jul-2026,110.589,0.182249
23-Jun-2026,30-Jun-2026,73.7257,0.63234
23-Jun-2026,30-Jun-2026,78.3336,0.479544
23-Jun-2026,30-Jun-2026,82.9414,0.332241
23-Jun-2026,30-Jun-2026,87.5493,0.244177
23-Jun-2026,30-Jun-2026,92.1571,0.221049
23-Jun-2026,30-Jun-2026,96.765,0.204978
23-Jun-2026,30-Jun-2026,101.373,0.190982
23-Jun-2026,30-Jun-2026,105.981,0.180523
23-Jun-2026,30-Jun-2026,110.589,0.174033
23-Jun-2026,31-Jul-2026,73.7257,0.365905
23-Jun-2026,31-Jul-2026,78.3336,0.310487
23-Jun-2026,31-Jul-2026,82.9414,0.274806
23-Jun-2026,31-Jul-2026,87.5493,0.250867
23-Jun-2026,31-Jul-2026,92.1571,0.231701
23-Jun-2026,31-Jul-2026,96.765,0.214598
23-Jun-2026,31-Jul-2026,101.373,0.19956
23-Jun-2026,31-Jul-2026,105.981,0.18816
23-Jun-2026,31-Jul-2026,110.589,0.181271
23-Jun-2026,31-Aug-2026,73.7257,0.337443
23-Jun-2026,31-Aug-2026,78.3336,0.303493
23-Jun-2026,31-Aug-2026,82.9414,0.27767
23-Jun-2026,31-Aug-2026,87.5493,0.256501
23-Jun-2026,31-Aug-2026,92.1571,0.237738
23-Jun-2026,31-Aug-2026,96.765,0.220456
23-Jun-2026,31-Aug-2026,101.373,0.205054
23-Jun-2026,31-Aug-2026,105.981,0.193064
23-Jun-2026,31-Aug-2026,110.589,0.185457
23-Jun-2026,30-Sep-2026,73.7257,0.327324
23-Jun-2026,30-Sep-2026,78.3336,0.300126
23-Jun-2026,30-Sep-2026,82.9414,0.27756
23-Jun-2026,30-Sep-2026,87.5493,0.257783
23-Jun-2026,30-Sep-2026,92.1571,0.23963
23-Jun-2026,30-Sep-2026,96.765,0.222677
23-Jun-2026,30-Sep-2026,101.373,0.207417
23-Jun-2026,30-Sep-2026,105.981,0.195216
23-Jun-2026,30-Sep-2026,110.589,0.187084
23-Jun-2026,30-Oct-2026,73.7257,0.322811
23-Jun-2026,30-Oct-2026,78.3336,0.29881
23-Jun-2026,30-Oct-2026,82.9414,0.277943
23-Jun-2026,30-Oct-2026,87.5493,0.259058
23-Jun-2026,30-Oct-2026,92.1571,0.24144
23-Jun-2026,30-Oct-2026,96.765,0.224883
23-Jun-2026,30-Oct-2026,101.373,0.209874
23-Jun-2026,30-Oct-2026,105.981,0.197575
23-Jun-2026,30-Oct-2026,110.589,0.188971
23-Jun-2026,30-Nov-2026,73.7257,0.321859
23-Jun-2026,30-Nov-2026,78.3336,0.299669
23-Jun-2026,30-Nov-2026,82.9414,0.279828
23-Jun-2026,30-Nov-2026,87.5493,0.261551
23-Jun-2026,30-Nov-2026,92.1571,0.244362
23-Jun-2026,30-Nov-2026,96.765,0.228175
23-Jun-2026,30-Nov-2026,101.373,0.213422
23-Jun-2026,30-Nov-2026,105.981,0.201058
23-Jun-2026,30-Nov-2026,110.589,0.191987
23-Jun-2026,31-Dec-2026,73.7257,0.319753
23-Jun-2026,31-Dec-2026,78.3336,0.298942
23-Jun-2026,31-Dec-2026,82.9414,0.280011
23-Jun-2026,31-Dec-2026,87.5493,0.262388
23-Jun-2026,31-Dec-2026,92.1571,0.245742
23-Jun-2026,31-Dec-2026,96.765,0.230047
23-Jun-2026,31-Dec-2026,101.373,0.215679
23-Jun-2026,31-Dec-2026,105.981,0.203414
23-Jun-2026,31-Dec-2026,110.589,0.194053
23-Jun-2026,29-Jan-2027,73.7257,0.321821
23-Jun-2026,29-Jan-2027,78.3336,0.301725
23-Jun-2026,29-Jan-2027,82.9414,0.283259
23-Jun-2026,29-Jan-2027,87.5493,0.265979
23-Jun-2026,29-Jan-2027,92.1571,0.249642
23-Jun-2026,29-Jan-2027,96.765,0.23425
23-Jun-2026,29-Jan-2027,101.373,0.220115
23-Jun-2026,29-Jan-2027,105.981,0.207861
23-Jun-2026,29-Jan-2027,110.589,0.198177
23-Jun-2026,26-Feb-2027,73.7257,0.32
23-Jun-2026,26-Feb-2027,78.3336,0.300741
23-Jun-2026,26-Feb-2027,82.9414,0.282921
23-Jun-2026,26-Feb-2027,87.5493,0.266184
23-Jun-2026,26-Feb-2027,92.1571,0.250343
23-Jun-2026,26-Feb-2027,96.765,0.235414
23-Jun-2026,26-Feb-2027,101.373,0.221665
23-Jun-2026,26-Feb-2027,105.981,0.209611
23-Jun-2026,26-Feb-2027,110.589,0.199847
23-Jun-2026,31-Mar-2027,73.7257,0.31963
23-Jun-2026,31-Mar-2027,78.3336,0.301108
23-Jun-2026,31-Mar-2027,82.9414,0.283877
23-Jun-2026,31-Mar-2027,87.5493,0.267656
23-Jun-2026,31-Mar-2027,92.1571,0.252301
23-Jun-2026,31-Mar-2027,96.765,0.237835
23-Jun-2026,31-Mar-2027,101.373,0.224475
23-Jun-2026,31-Mar-2027,105.981,0.212628
23-Jun-2026,31-Mar-2027,110.589,0.202785
23-Jun-2026,30-Apr-2027,73.7257,0.319062
23-Jun-2026,30-Apr-2027,78.3336,0.301146
23-Jun-2026,30-Apr-2027,82.9414,0.284425
23-Jun-2026,30-Apr-2027,87.5493,0.268663
23-Jun-2026,30-Apr-2027,92.1571,0.253746
23-Jun-2026,30-Apr-2027,96.765,0.239696
23-Jun-2026,30-Apr-2027,101.373,0.226691
23-Jun-2026,30-Apr-2027,105.981,0.215061
23-Jun-2026,30-Apr-2027,110.589,0.205219
24-Jun-2026,26-Jun-2026,74.763,0.395502
24-Jun-2026,26-Jun-2026,79.4357,0.290765
24-Jun-2026,26-Jun-2026,84.1084,0.20952
24-Jun-2026,26-Jun-2026,88.7811,0.195528
24-Jun-2026,26-Jun-2026,93.4537,0.181141
24-Jun-2026,26-Jun-2026,98.1264,0.166866
24-Jun-2026,26-Jun-2026,102.799,0.167569
24-Jun-2026,26-Jun-2026,107.472,0.244453
24-Jun-2026,26-Jun-2026,112.144,0.317659
24-Jun-2026,03-Jul-2026,74.763,0.610387
24-Jun-2026,03-Jul-2026,79.4357,0.465777
24-Jun-2026,03-Jul-2026,84.1084,0.328868
24-Jun-2026,03-Jul-2026,88.7811,0.248164
24-Jun-2026,03-Jul-2026,93.4537,0.220899
24-Jun-2026,03-Jul-2026,98.1264,0.202119
24-Jun-2026,03-Jul-2026,102.799,0.186578
24-Jun-2026,03-Jul-2026,107.472,0.176284
24-Jun-2026,03-Jul-2026,112.144,0.171429
24-Jun-2026,10-Jul-2026,74.763,0.484044
24-Jun-2026,10-Jul-2026,79.4357,0.373179
24-Jun-2026,10-Jul-2026,84.1084,0.283491
24-Jun-2026,10-Jul-2026,88.7811,0.239155
24-Jun-2026,10-Jul-2026,93.4537,0.216244
24-Jun-2026,10-Jul-2026,98.1264,0.197956
24-Jun-2026,10-Jul-2026,102.799,0.182653
24-Jun-2026,10-Jul-2026,107.472,0.17245
24-Jun-2026,10-Jul-2026,112.144,0.167564
24-Jun-2026,17-Jul-2026,74.763,0.436503
24-Jun-2026,17-Jul-2026,79.4357,0.345282
24-Jun-2026,17-Jul-2026,84.1084,0.280425
24-Jun-2026,17-Jul-2026,88.7811,0.245198
24-Jun-2026,17-Jul-2026,93.4537,0.222441
24-Jun-2026,17-Jul-2026,98.1264,0.203476
24-Jun-2026,17-Jul-2026,102.799,0.187577
24-Jun-2026,17-Jul-2026,107.472,0.176901
24-Jun-2026,17-Jul-2026,112.144,0.171688
24-Jun-2026,24-Jul-2026,74.763,0.396448
24-Jun-2026,24-Jul-2026,79.4357,0.321817
24-Jun-2026,24-Jul-2026,84.1084,0.271777
24-Jun-2026,24-Jul-2026,88.7811,0.241918
24-Jun-2026,24-Jul-2026,93.4537,0.220308
24-Jun-2026,24-Jul-2026,98.1264,0.201669
24-Jun-2026,24-Jul-2026,102.799,0.185904
24-Jun-2026,24-Jul-2026,107.472,0.175222
24-Jun-2026,24-Jul-2026,112.144,0.169923
24-Jun-2026,30-Jun-2026,74.763,0.68774
24-Jun-2026,30-Jun-2026,79.4357,0.521734
24-Jun-2026,30-Jun-2026,84.1084,0.359374
24-Jun-2026,30-Jun-2026,88.7811,0.240422
24-Jun-2026,30-Jun-2026,93.4537,0.211086
24-Jun-2026,30-Jun-2026,98.1264,0.193491
24-Jun-2026,30-Jun-2026,102.799,0.178779
24-Jun-2026,30-Jun-2026,107.472,0.16903
24-Jun-2026,30-Jun-2026,112.144,0.180547
24-Jun-2026,31-Jul-2026,74.763,0.370578
24-Jun-2026,31-Jul-2026,79.4357,0.308288
24-Jun-2026,31-Jul-2026,84.1084,0.266947
24-Jun-2026,31-Jul-2026,88.7811,0.240049
24-Jun-2026,31-Jul-2026,93.4537,0.21917
24-Jun-2026,31-Jul-2026,98.1264,0.200761
24-Jun-2026,31-Jul-2026,102.799,0.185077
24-Jun-2026,31-Jul-2026,107.472,0.174349
24-Jun-2026,31-Jul-2026,112.144,0.168942
24-Jun-2026,31-Aug-2026,74.763,0.335364
24-Jun-2026,31-Aug-2026,79.4357,0.297463
24-Jun-2026,31-Aug-2026,84.1084,0.268853
24-Jun-2026,31-Aug-2026,88.7811,0.245803
24-Jun-2026,31-Aug-2026,93.4537,0.22559
24-Jun-2026,31-Aug-2026,98.1264,0.207078
24-Jun-2026,31-Aug-2026,102.799,0.190986
24-Jun-2026,31-Aug-2026,107.472,0.179449
24-Jun-2026,31-Aug-2026,112.144,0.173125
24-Jun-2026,30-Sep-2026,74.763,0.323153
24-Jun-2026,30-Sep-2026,79.4357,0.293319
24-Jun-2026,30-Sep-2026,84.1084,0.268793
24-Jun-2026,30-Sep-2026,88.7811,0.247516
24-Jun-2026,30-Sep-2026,93.4537,0.228095
24-Jun-2026,30-Sep-2026,98.1264,0.210029
24-Jun-2026,30-Sep-2026,102.799,0.194088
24-Jun-2026,30-Sep-2026,107.472,0.182134
24-Jun-2026,30-Sep-2026,112.144,0.175056
24-Jun-2026,30-Oct-2026,74.763,0.317885
24-Jun-2026,30-Oct-2026,79.4357,0.291889
24-Jun-2026,30-Oct-2026,84.1084,0.269459
24-Jun-2026,30-Oct-2026,88.7811,0.249294
24-Jun-2026,30-Oct-2026,93.4537,0.230547
24-Jun-2026,30-Oct-2026,98.1264,0.212993
24-Jun-2026,30-Oct-2026,102.799,0.197329
24-Jun-2026,30-Oct-2026,107.472,0.185105
24-Jun-2026,30-Oct-2026,112.144,0.177318
24-Jun-2026,30-Nov-2026,74.763,0.31672
24-Jun-2026,30-Nov-2026,79.4357,0.29291
24-Jun-2026,30-Nov-2026,84.1084,0.271744
24-Jun-2026,30-Nov-2026,88.7811,0.252338
24-Jun-2026,30-Nov-2026,93.4537,0.234139
24-Jun-2026,30-Nov-2026,98.1264,0.217058
24-Jun-2026,30-Nov-2026,102.799,0.201683
24-Jun-2026,30-Nov-2026,107.472,0.189251
24-Jun-2026,30-Nov-2026,112.144,0.18076
24-Jun-2026,31-Dec-2026,74.763,0.314595
24-Jun-2026,31-Dec-2026,79.4357,0.292415
24-Jun-2026,31-Dec-2026,84.1084,0.272335
24-Jun-2026,31-Dec-2026,88.7811,0.253712
24-Jun-2026,31-Dec-2026,93.4537,0.236166
24-Jun-2026,31-Dec-2026,98.1264,0.219675
24-Jun-2026,31-Dec-2026,102.799,0.204725
24-Jun-2026,31-Dec-2026,107.472,0.192302
24-Jun-2026,31-Dec-2026,112.144,0.183323
24-Jun-2026,29-Jan-2027,74.763,0.316856
24-Jun-2026,29-Jan-2027,79.4357,0.295547
24-Jun-2026,29-Jan-2027,84.1084,0.276042
24-Jun-2026,29-Jan-2027,88.7811,0.25785
24-Jun-2026,29-Jan-2027,93.4537,0.240691
24-Jun-2026,29-Jan-2027,98.1264,0.224573
24-Jun-2026,29-Jan-2027,102.799,0.209886
24-Jun-2026,29-Jan-2027,107.472,0.197404
24-Jun-2026,29-Jan-2027,112.144,0.187933
24-Jun-2026,26-Feb-2027,74.763,0.315173
24-Jun-2026,26-Feb-2027,79.4357,0.294832
24-Jun-2026,26-Feb-2027,84.1084,0.276077
24-Jun-2026,26-Feb-2027,88.7811,0.258513
24-Jun-2026,26-Feb-2027,93.4537,0.241926
24-Jun-2026,26-Feb-2027,98.1264,0.226339
24-Jun-2026,26-Feb-2027,102.799,0.212073
24-Jun-2026,26-Feb-2027,107.472,0.19976
24-Jun-2026,26-Feb-2027,112.144,0.190099
24-Jun-2026,31-Mar-2027,74.763,0.315054
24-Jun-2026,31-Mar-2027,79.4357,0.295569
24-Jun-2026,31-Mar-2027,84.1084,0.277499
24-Jun-2026,31-Mar-2027,88.7811,0.260532
24-Jun-2026,31-Mar-2027,93.4537,0.244505
24-Jun-2026,31-Mar-2027,98.1264,0.229444
24-Jun-2026,31-Mar-2027,102.799,0.215603
24-Jun-2026,31-Mar-2027,107.472,0.203472
24-Jun-2026,31-Mar-2027,112.144,0.193629
24-Jun-2026,30-Apr-2027,74.763,0.314728
24-Jun-2026,30-Apr-2027,79.4357,0.29594
24-Jun-2026,30-Apr-2027,84.1084,0.278453
24-Jun-2026,30-Apr-2027,88.7811,0.262009
24-Jun-2026,30-Apr-2027,93.4537,0.246478
24-Jun-2026,30-Apr-2027,98.1264,0.231882
24-Jun-2026,30-Apr-2027,102.799,0.218427
24-Jun-2026,30-Apr-2027,107.472,0.206503
24-Jun-2026,30-Apr-2027,112.144,0.196593
25-Jun-2026,26-Jun-2026,73.2299,0.574518
25-Jun-2026,26-Jun-2026,77.8068,0.420734
25-Jun-2026,26-Jun-2026,82.3836,0.274886
25-Jun-2026,26-Jun-2026,86.9605,0.212994
25-Jun-2026,26-Jun-2026,91.5374,0.199866
25-Jun-2026,26-Jun-2026,96.1143,0.186926
25-Jun-2026,03-Jul-2026,73.2299,0.646511
25-Jun-2026,03-Jul-2026,77.8068,0.493308
25-Jun-2026,03-Jul-2026,82.3836,0.350601
25-Jun-2026,03-Jul-2026,86.9605,0.273397
25-Jun-2026,03-Jul-2026,91.5374,0.247941
25-Jun-2026,03-Jul-2026,96.1143,0.230419
25-Jun-2026,03-Jul-2026,100.691,0.215335
25-Jun-2026,03-Jul-2026,105.268,0.203621
25-Jun-2026,03-Jul-2026,109.845,0.196201
25-Jun-2026,10-Jul-2026,73.2299,0.499269
25-Jun-2026,10-Jul-2026,77.8068,0.386268
25-Jun-2026,10-Jul-2026,82.3836,0.300696
25-Jun-2026,10-Jul-2026,86.9605,0.261085
25-Jun-2026,10-Jul-2026,91.5374,0.240072
25-Jun-2026,10-Jul-2026,96.1143,0.223219
25-Jun-2026,10-Jul-2026,100.691,0.208536
25-Jun-2026,10-Jul-2026,105.268,0.197098
25-Jun-2026,10-Jul-2026,109.845,0.189814
25-Jun-2026,17-Jul-2026,73.2299,0.446494
25-Jun-2026,17-Jul-2026,77.8068,0.357293
25-Jun-2026,17-Jul-2026,82.3836,0.298348
25-Jun-2026,17-Jul-2026,86.9605,0.266882
25-Jun-2026,17-Jul-2026,91.5374,0.246058
25-Jun-2026,17-Jul-2026,96.1143,0.228625
25-Jun-2026,17-Jul-2026,100.691,0.213423
25-Jun-2026,17-Jul-2026,105.268,0.201563
25-Jun-2026,17-Jul-2026,109.845,0.193957
25-Jun-2026,24-Jul-2026,73.2299,0.404822
25-Jun-2026,24-Jul-2026,77.8068,0.334253
25-Jun-2026,24-Jul-2026,82.3836,0.28957
25-Jun-2026,24-Jul-2026,86.9605,0.262771
25-Jun-2026,24-Jul-2026,91.5374,0.243011
25-Jun-2026,24-Jul-2026,96.1143,0.225917
25-Jun-2026,24-Jul-2026,100.691,0.210892
25-Jun-2026,24-Jul-2026,105.268,0.199112
25-Jun-2026,24-Jul-2026,109.845,0.191506
25-Jun-2026,30-Jun-2026,73.2299,0.752421
25-Jun-2026,30-Jun-2026,77.8068,0.570696
25-Jun-2026,30-Jun-2026,82.3836,0.393077
25-Jun-2026,30-Jun-2026,86.9605,0.26699
25-Jun-2026,30-Jun-2026,91.5374,0.23846
25-Jun-2026,30-Jun-2026,96.1143,0.221944
25-Jun-2026,30-Jun-2026,100.691,0.207588
25-Jun-2026,30-Jun-2026,105.268,0.196399
25-Jun-2026,31-Jul-2026,73.2299,0.378956
25-Jun-2026,31-Jul-2026,77.8068,0.321435
25-Jun-2026,31-Jul-2026,82.3836,0.284645
25-Jun-2026,31-Jul-2026,86.9605,0.260377
25-Jun-2026,31-Jul-2026,91.5374,0.241282
25-Jun-2026,31-Jul-2026,96.1143,0.224415
25-Jun-2026,31-Jul-2026,100.691,0.2095
25-Jun-2026,31-Jul-2026,105.268,0.197748
25-Jun-2026,31-Jul-2026,109.845,0.190104
25-Jun-2026,31-Aug-2026,73.2299,0.346774
25-Jun-2026,31-Aug-2026,77.8068,0.312459
25-Jun-2026,31-Aug-2026,82.3836,0.286505
25-Jun-2026,31-Aug-2026,86.9605,0.265393
25-Jun-2026,31-Aug-2026,91.5374,0.246838
25-Jun-2026,31-Aug-2026,96.1143,0.229847
25-Jun-2026,31-Aug-2026,100.691,0.214608
25-Jun-2026,31-Aug-2026,105.268,0.202334
25-Jun-2026,31-Aug-2026,109.845,0.194022
25-Jun-2026,30-Sep-2026,73.2299,0.335845
25-Jun-2026,30-Sep-2026,77.8068,0.308572
25-Jun-2026,30-Sep-2026,82.3836,0.28604
25-Jun-2026,30-Sep-2026,86.9605,0.266405
25-Jun-2026,30-Sep-2026,91.5374,0.248498
25-Jun-2026,30-Sep-2026,96.1143,0.231841
25-Jun-2026,30-Sep-2026,100.691,0.216753
25-Jun-2026,30-Sep-2026,105.268,0.204332
25-Jun-2026,30-Sep-2026,109.845,0.195567
25-Jun-2026,30-Oct-2026,73.2299,0.331058
25-Jun-2026,30-Oct-2026,77.8068,0.307073
25-Jun-2026,30-Oct-2026,82.3836,0.286297
25-Jun-2026,30-Oct-2026,86.9605,0.267585
25-Jun-2026,30-Oct-2026,91.5374,0.250217
25-Jun-2026,30-Oct-2026,96.1143,0.23394
25-Jun-2026,30-Oct-2026,100.691,0.219099
25-Jun-2026,30-Oct-2026,105.268,0.206636
25-Jun-2026,30-Oct-2026,109.845,0.197479
25-Jun-2026,30-Nov-2026,73.2299,0.330061
25-Jun-2026,30-Nov-2026,77.8068,0.307927
25-Jun-2026,30-Nov-2026,82.3836,0.288201
25-Jun-2026,30-Nov-2026,86.9605,0.270104
25-Jun-2026,30-Nov-2026,91.5374,0.253154
25-Jun-2026,30-Nov-2026,96.1143,0.237222
25-Jun-2026,30-Nov-2026,100.691,0.222626
25-Jun-2026,30-Nov-2026,105.268,0.210143
25-Jun-2026,30-Nov-2026,109.845,0.200604
25-Jun-2026,31-Dec-2026,73.2299,0.327905
25-Jun-2026,31-Dec-2026,77.8068,0.30717
25-Jun-2026,31-Dec-2026,82.3836,0.288366
25-Jun-2026,31-Dec-2026,86.9605,0.270922
25-Jun-2026,31-Dec-2026,91.5374,0.2545
25-Jun-2026,31-Dec-2026,96.1143,0.239036
25-Jun-2026,31-Dec-2026,100.691,0.224814
25-Jun-2026,31-Dec-2026,105.268,0.212468
25-Jun-2026,31-Dec-2026,109.845,0.202718
25-Jun-2026,29-Jan-2027,73.2299,0.330093
25-Jun-2026,29-Jan-2027,77.8068,0.310081
25-Jun-2026,29-Jan-2027,82.3836,0.29174
25-Jun-2026,29-Jan-2027,86.9605,0.274631
25-Jun-2026,29-Jan-2027,91.5374,0.258499
25-Jun-2026,29-Jan-2027,96.1143,0.243311
25-Jun-2026,29-Jan-2027,100.691,0.229307
25-Jun-2026,29-Jan-2027,105.268,0.216999
25-Jun-2026,29-Jan-2027,109.845,0.206994
25-Jun-2026,26-Feb-2027,73.2299,0.328251
25-Jun-2026,26-Feb-2027,77.8068,0.309081
25-Jun-2026,26-Feb-2027,82.3836,0.291388
25-Jun-2026,26-Feb-2027,86.9605,0.274814
25-Jun-2026,26-Feb-2027,91.5374,0.259162
25-Jun-2026,26-Feb-2027,96.1143,0.24442
25-Jun-2026,26-Feb-2027,100.691,0.230793
25-Jun-2026,26-Feb-2027,105.268,0.218704
25-Jun-2026,26-Feb-2027,109.845,0.208674
25-Jun-2026,31-Mar-2027,73.2299,0.327926
25-Jun-2026,31-Mar-2027,77.8068,0.309494
25-Jun-2026,31-Mar-2027,82.3836,0.292386
25-Jun-2026,31-Mar-2027,86.9605,0.276316
25-Jun-2026,31-Mar-2027,91.5374,0.261133
25-Jun-2026,31-Mar-2027,96.1143,0.246832
25-Jun-2026,31-Mar-2027,100.691,0.233582
25-Jun-2026,31-Mar-2027,105.268,0.221717
25-Jun-2026,31-Mar-2027,109.845,0.211663
25-Jun-2026,30-Apr-2027,73.2299,0.327389
25-Jun-2026,30-Apr-2027,77.8068,0.309564
25-Jun-2026,30-Apr-2027,82.3836,0.29296
25-Jun-2026,30-Apr-2027,86.9605,0.27734
25-Jun-2026,30-Apr-2027,91.5374,0.262579
25-Jun-2026,30-Apr-2027,96.1143,0.248678
25-Jun-2026,30-Apr-2027,100.691,0.235773
25-Jun-2026,30-Apr-2027,105.268,0.224137
25-Jun-2026,30-Apr-2027,109.845,0.214123
26-Jun-2026,03-Jul-2026,71.8293,0.689799
26-Jun-2026,03-Jul-2026,76.3186,0.526262
26-Jun-2026,03-Jul-2026,80.8079,0.375716
26-Jun-2026,03-Jul-2026,85.2973,0.299004
26-Jun-2026,03-Jul-2026,89.7866,0.27447
26-Jun-2026,03-Jul-2026,94.2759,0.25776
26-Jun-2026,03-Jul-2026,98.7653,0.243162
26-Jun-2026,03-Jul-2026,103.255,0.230926
26-Jun-2026,03-Jul-2026,107.744,0.221908
26-Jun-2026,10-Jul-2026,71.8293,0.515826
26-Jun-2026,10-Jul-2026,76.3186,0.400555
26-Jun-2026,10-Jul-2026,80.8079,0.318203
26-Jun-2026,10-Jul-2026,85.2973,0.281772
26-Jun-2026,10-Jul-2026,89.7866,0.262092
26-Jun-2026,10-Jul-2026,94.2759,0.246285
26-Jun-2026,10-Jul-2026,98.7653,0.232275
26-Jun-2026,10-Jul-2026,103.255,0.220511
26-Jun-2026,10-Jul-2026,107.744,0.211818
26-Jun-2026,17-Jul-2026,71.8293,0.457083
26-Jun-2026,17-Jul-2026,76.3186,0.37003
26-Jun-2026,17-Jul-2026,80.8079,0.315828
26-Jun-2026,17-Jul-2026,85.2973,0.287045
26-Jun-2026,17-Jul-2026,89.7866,0.26764
26-Jun-2026,17-Jul-2026,94.2759,0.251349
26-Jun-2026,17-Jul-2026,98.7653,0.236894
26-Jun-2026,17-Jul-2026,103.255,0.224761
26-Jun-2026,17-Jul-2026,107.744,0.215771
26-Jun-2026,24-Jul-2026,71.8293,0.413719
26-Jun-2026,24-Jul-2026,76.3186,0.347052
26-Jun-2026,24-Jul-2026,80.8079,0.306537
26-Jun-2026,24-Jul-2026,85.2973,0.281977
26-Jun-2026,24-Jul-2026,89.7866,0.263603
26-Jun-2026,24-Jul-2026,94.2759,0.247675
26-Jun-2026,24-Jul-2026,98.7653,0.233431
26-Jun-2026,24-Jul-2026,103.255,0.221436
26-Jun-2026,24-Jul-2026,107.744,0.212513
26-Jun-2026,31-Jul-2026,71.8293,0.387846
26-Jun-2026,31-Jul-2026,76.3186,0.334617
26-Jun-2026,31-Jul-2026,80.8079,0.301318
26-Jun-2026,31-Jul-2026,85.2973,0.279011
26-Jun-2026,31-Jul-2026,89.7866,0.26127
26-Jun-2026,31-Jul-2026,94.2759,0.245579
26-Jun-2026,31-Jul-2026,98.7653,0.231466
26-Jun-2026,31-Jul-2026,103.255,0.219541
26-Jun-2026,31-Jul-2026,107.744,0.210633
26-Jun-2026,30-Jun-2026,71.8293,0.839747
26-Jun-2026,30-Jun-2026,76.3186,0.636791
26-Jun-2026,30-Jun-2026,80.8079,0.438275
26-Jun-2026,30-Jun-2026,85.2973,0.296663
26-Jun-2026,30-Jun-2026,89.7866,0.267142
26-Jun-2026,30-Jun-2026,94.2759,0.251181
26-Jun-2026,30-Jun-2026,98.7653,0.237136
26-Jun-2026,30-Jun-2026,103.255,0.225307
26-Jun-2026,30-Jun-2026,107.744,0.222298
26-Jun-2026,31-Aug-2026,71.8293,0.358143
26-Jun-2026,31-Aug-2026,76.3186,0.326761
26-Jun-2026,31-Aug-2026,80.8079,0.302894
26-Jun-2026,31-Aug-2026,85.2973,0.283313
26-Jun-2026,31-Aug-2026,89.7866,0.266065
26-Jun-2026,31-Aug-2026,94.2759,0.250274
26-Jun-2026,31-Aug-2026,98.7653,0.2359
26-Jun-2026,31-Aug-2026,103.255,0.223602
26-Jun-2026,31-Aug-2026,107.744,0.214208
26-Jun-2026,30-Sep-2026,71.8293,0.348117
26-Jun-2026,30-Sep-2026,76.3186,0.322943
26-Jun-2026,30-Sep-2026,80.8079,0.302028
26-Jun-2026,30-Sep-2026,85.2973,0.283733
26-Jun-2026,30-Sep-2026,89.7866,0.267054
26-Jun-2026,30-Sep-2026,94.2759,0.25155
26-Jun-2026,30-Sep-2026,98.7653,0.23732
26-Jun-2026,30-Sep-2026,103.255,0.224993
26-Jun-2026,30-Sep-2026,107.744,0.21535
26-Jun-2026,30-Oct-2026,71.8293,0.34364
26-Jun-2026,30-Oct-2026,76.3186,0.321332
26-Jun-2026,30-Oct-2026,80.8079,0.301936
26-Jun-2026,30-Oct-2026,85.2973,0.284442
26-Jun-2026,30-Oct-2026,89.7866,0.268226
26-Jun-2026,30-Oct-2026,94.2759,0.253035
26-Jun-2026,30-Oct-2026,98.7653,0.239021
26-Jun-2026,30-Oct-2026,103.255,0.226746
26-Jun-2026,30-Oct-2026,107.744,0.216915
26-Jun-2026,30-Nov-2026,71.8293,0.342742
26-Jun-2026,30-Nov-2026,76.3186,0.322036
26-Jun-2026,30-Nov-2026,80.8079,0.303544
26-Jun-2026,30-Nov-2026,85.2973,0.286574
26-Jun-2026,30-Nov-2026,89.7866,0.270704
26-Jun-2026,30-Nov-2026,94.2759,0.255785
26-Jun-2026,30-Nov-2026,98.7653,0.241977
26-Jun-2026,30-Nov-2026,103.255,0.22976
26-Jun-2026,30-Nov-2026,107.744,0.219744
26-Jun-2026,31-Dec-2026,71.8293,0.34054
26-Jun-2026,31-Dec-2026,76.3186,0.321063
26-Jun-2026,31-Dec-2026,80.8079,0.303378
26-Jun-2026,31-Dec-2026,85.2973,0.286977
26-Jun-2026,31-Dec-2026,89.7866,0.271557
26-Jun-2026,31-Dec-2026,94.2759,0.257029
26-Jun-2026,31-Dec-2026,98.7653,0.243548
26-Jun-2026,31-Dec-2026,103.255,0.231518
26-Jun-2026,31-Dec-2026,107.744,0.221458
26-Jun-2026,29-Jan-2027,71.8293,0.342675
26-Jun-2026,29-Jan-2027,76.3186,0.323816
26-Jun-2026,29-Jan-2027,80.8079,0.306521
26-Jun-2026,29-Jan-2027,85.2973,0.290395
26-Jun-2026,29-Jan-2027,89.7866,0.275205
26-Jun-2026,29-Jan-2027,94.2759,0.260891
26-Jun-2026,29-Jan-2027,98.7653,0.247593
26-Jun-2026,29-Jan-2027,103.255,0.23564
26-Jun-2026,29-Jan-2027,107.744,0.225467
26-Jun-2026,26-Feb-2027,71.8293,0.340703
26-Jun-2026,26-Feb-2027,76.3186,0.322594
26-Jun-2026,26-Feb-2027,80.8079,0.305873
26-Jun-2026,26-Feb-2027,85.2973,0.290219
26-Jun-2026,26-Feb-2027,89.7866,0.275446
26-Jun-2026,26-Feb-2027,94.2759,0.261518
26-Jun-2026,26-Feb-2027,98.7653,0.248557
26-Jun-2026,26-Feb-2027,103.255,0.23684
26-Jun-2026,26-Feb-2027,107.744,0.226738
26-Jun-2026,31-Mar-2027,71.8293,0.340221
26-Jun-2026,31-Mar-2027,76.3186,0.322765
26-Jun-2026,31-Mar-2027,80.8079,0.30656
26-Jun-2026,31-Mar-2027,85.2973,0.291345
26-Jun-2026,31-Mar-2027,89.7866,0.276977
26-Jun-2026,31-Mar-2027,94.2759,0.263429
26-Jun-2026,31-Mar-2027,98.7653,0.250804
26-Jun-2026,31-Mar-2027,103.255,0.239325
26-Jun-2026,31-Mar-2027,107.744,0.229292
26-Jun-2026,30-Apr-2027,71.8293,0.339525
26-Jun-2026,30-Apr-2027,76.3186,0.32261
26-Jun-2026,30-Apr-2027,80.8079,0.306852
26-Jun-2026,30-Apr-2027,85.2973,0.292034
26-Jun-2026,30-Apr-2027,89.7866,0.278036
26-Jun-2026,30-Apr-2027,94.2759,0.264837
26-Jun-2026,30-Apr-2027,98.7653,0.252524
26-Jun-2026,30-Apr-2027,103.255,0.241278
26-Jun-2026,30-Apr-2027,107.744,0.231349
29-Jun-2026,03-Jul-2026,71.878,0.285614
29-Jun-2026,03-Jul-2026,76.3704,0.253314
29-Jun-2026,03-Jul-2026,80.8627,0.241241
29-Jun-2026,03-Jul-2026,85.3551,0.229112
29-Jun-2026,03-Jul-2026,89.8475,0.216981
29-Jun-2026,03-Jul-2026,94.3399,0.205063
29-Jun-2026,03-Jul-2026,98.8322,0.193887
29-Jun-2026,03-Jul-2026,103.325,0.184252
29-Jun-2026,10-Jul-2026,71.878,0.551275
29-Jun-2026,10-Jul-2026,76.3704,0.422308
29-Jun-2026,10-Jul-2026,80.8627,0.318917
29-Jun-2026,10-Jul-2026,85.3551,0.275398
29-Jun-2026,10-Jul-2026,89.8475,0.256013
29-Jun-2026,10-Jul-2026,94.3399,0.240847
29-Jun-2026,10-Jul-2026,98.8322,0.227343
29-Jun-2026,10-Jul-2026,103.325,0.215954
29-Jun-2026,10-Jul-2026,107.817,0.207502
29-Jun-2026,17-Jul-2026,71.878,0.45653
29-Jun-2026,17-Jul-2026,76.3704,0.360558
29-Jun-2026,17-Jul-2026,80.8627,0.299791
29-Jun-2026,17-Jul-2026,85.3551,0.271516
29-Jun-2026,17-Jul-2026,89.8475,0.25372
29-Jun-2026,17-Jul-2026,94.3399,0.238722
29-Jun-2026,17-Jul-2026,98.8322,0.225281
29-Jun-2026,17-Jul-2026,103.325,0.21393
29-Jun-2026,17-Jul-2026,107.817,0.205481
29-Jun-2026,24-Jul-2026,71.878,0.422353
29-Jun-2026,24-Jul-2026,76.3704,0.348699
29-Jun-2026,24-Jul-2026,80.8627,0.304505
29-Jun-2026,24-Jul-2026,85.3551,0.2794
29-Jun-2026,24-Jul-2026,89.8475,0.261266
29-Jun-2026,24-Jul-2026,94.3399,0.245651
29-Jun-2026,24-Jul-2026,98.8322,0.231681
29-Jun-2026,24-Jul-2026,103.325,0.219888
29-Jun-2026,24-Jul-2026,107.817,0.211082
29-Jun-2026,31-Jul-2026,71.878,0.391773
29-Jun-2026,31-Jul-2026,76.3704,0.334241
29-Jun-2026,31-Jul-2026,80.8627,0.299248
29-Jun-2026,31-Jul-2026,85.3551,0.276816
29-Jun-2026,31-Jul-2026,89.8475,0.259325
29-Jun-2026,31-Jul-2026,94.3399,0.243917
29-Jun-2026,31-Jul-2026,98.8322,0.230052
29-Jun-2026,31-Jul-2026,103.325,0.21831
29-Jun-2026,31-Jul-2026,107.817,0.209504
29-Jun-2026,30-Jun-2026,71.878,0.555103
29-Jun-2026,30-Jun-2026,76.3704,0.408897
29-Jun-2026,30-Jun-2026,80.8627,0.266002
29-Jun-2026,30-Jun-2026,85.3551,0.229098
29-Jun-2026,30-Jun-2026,89.8475,0.216951
29-Jun-2026,30-Jun-2026,94.3399,0.205022
29-Jun-2026,30-Jun-2026,98.8322,0.26075
29-Jun-2026,31-Aug-2026,71.878,0.353114
29-Jun-2026,31-Aug-2026,76.3704,0.321635
29-Jun-2026,31-Aug-2026,80.8627,0.298141
29-Jun-2026,31-Aug-2026,85.3551,0.279064
29-Jun-2026,31-Aug-2026,89.8475,0.26231
29-Jun-2026,31-Aug-2026,94.3399,0.246967
29-Jun-2026,31-Aug-2026,98.8322,0.232982
29-Jun-2026,31-Aug-2026,103.325,0.220987
29-Jun-2026,31-Aug-2026,107.817,0.211787
29-Jun-2026,30-Sep-2026,71.878,0.344705
29-Jun-2026,30-Sep-2026,76.3704,0.319743
29-Jun-2026,30-Sep-2026,80.8627,0.299167
29-Jun-2026,30-Sep-2026,85.3551,0.281241
29-Jun-2026,30-Sep-2026,89.8475,0.264925
29-Jun-2026,30-Sep-2026,94.3399,0.24976
29-Jun-2026,30-Sep-2026,98.8322,0.23583
29-Jun-2026,30-Sep-2026,103.325,0.223735
29-Jun-2026,30-Sep-2026,107.817,0.214231
29-Jun-2026,30-Oct-2026,71.878,0.341313
29-Jun-2026,30-Oct-2026,76.3704,0.319252
29-Jun-2026,30-Oct-2026,80.8627,0.300151
29-Jun-2026,30-Oct-2026,85.3551,0.282963
29-Jun-2026,30-Oct-2026,89.8475,0.267049
29-Jun-2026,30-Oct-2026,94.3399,0.252148
29-Jun-2026,30-Oct-2026,98.8322,0.238393
29-Jun-2026,30-Oct-2026,103.325,0.226316
29-Jun-2026,30-Oct-2026,107.817,0.216596
29-Jun-2026,30-Nov-2026,71.878,0.343379
29-Jun-2026,30-Nov-2026,76.3704,0.322739
29-Jun-2026,30-Nov-2026,80.8627,0.304357
29-Jun-2026,30-Nov-2026,85.3551,0.287526
29-Jun-2026,30-Nov-2026,89.8475,0.271813
29-Jun-2026,30-Nov-2026,94.3399,0.257058
29-Jun-2026,30-Nov-2026,98.8322,0.243401
29-Jun-2026,30-Nov-2026,103.325,0.231289
29-Jun-2026,30-Nov-2026,107.817,0.221302
29-Jun-2026,31-Dec-2026,71.878,0.341379
29-Jun-2026,31-Dec-2026,76.3704,0.322002
29-Jun-2026,31-Dec-2026,80.8627,0.304446
29-Jun-2026,31-Dec-2026,85.3551,0.288196
29-Jun-2026,31-Dec-2026,89.8475,0.272941
29-Jun-2026,31-Dec-2026,94.3399,0.258583
29-Jun-2026,31-Dec-2026,98.8322,0.245259
29-Jun-2026,31-Dec-2026,103.325,0.233342
29-Jun-2026,31-Dec-2026,107.817,0.22332
29-Jun-2026,29-Jan-2027,71.878,0.342252
29-Jun-2026,29-Jan-2027,76.3704,0.323613
29-Jun-2026,29-Jan-2027,80.8627,0.306551
29-Jun-2026,29-Jan-2027,85.3551,0.290664
29-Jun-2026,29-Jan-2027,89.8475,0.275715
29-Jun-2026,29-Jan-2027,94.3399,0.261638
29-Jun-2026,29-Jan-2027,98.8322,0.248556
29-Jun-2026,29-Jan-2027,103.325,0.236772
29-Jun-2026,29-Jan-2027,107.817,0.226696
29-Jun-2026,26-Feb-2027,71.878,0.341942
29-Jun-2026,26-Feb-2027,76.3704,0.323967
29-Jun-2026,26-Feb-2027,80.8627,0.307398
29-Jun-2026,26-Feb-2027,85.3551,0.291911
29-Jun-2026,26-Feb-2027,89.8475,0.277317
29-Jun-2026,26-Feb-2027,94.3399,0.263569
29-Jun-2026,26-Feb-2027,98.8322,0.250775
29-Jun-2026,26-Feb-2027,103.325,0.239186
29-Jun-2026,26-Feb-2027,107.817,0.229143
29-Jun-2026,31-Mar-2027,71.878,0.340448
29-Jun-2026,31-Mar-2027,76.3704,0.323212
29-Jun-2026,31-Mar-2027,80.8627,0.307233
29-Jun-2026,31-Mar-2027,85.3551,0.29225
29-Jun-2026,31-Mar-2027,89.8475,0.278114
29-Jun-2026,31-Mar-2027,94.3399,0.264795
29-Jun-2026,31-Mar-2027,98.8322,0.252379
29-Jun-2026,31-Mar-2027,103.325,0.24107
29-Jun-2026,31-Mar-2027,107.817,0.231146
29-Jun-2026,30-Apr-2027,71.878,0.340016
29-Jun-2026,30-Apr-2027,76.3704,0.323321
29-Jun-2026,30-Apr-2027,80.8627,0.307788
29-Jun-2026,30-Apr-2027,85.3551,0.293199
29-Jun-2026,30-Apr-2027,89.8475,0.279432
29-Jun-2026,30-Apr-2027,94.3399,0.266459
29-Jun-2026,30-Apr-2027,98.8322,0.254353
29-Jun-2026,30-Apr-2027,103.325,0.243279
29-Jun-2026,30-Apr-2027,107.817,0.233464
30-Jun-2026,03-Jul-2026,75.9525,0.257849
30-Jun-2026,03-Jul-2026,80.4203,0.245916
30-Jun-2026,03-Jul-2026,84.8881,0.234018
30-Jun-2026,03-Jul-2026,89.3559,0.222152
30-Jun-2026,03-Jul-2026,93.8237,0.21051
30-Jun-2026,03-Jul-2026,98.2915,0.199548
30-Jun-2026,03-Jul-2026,102.759,0.201248
30-Jun-2026,03-Jul-2026,107.227,0.261403
30-Jun-2026,10-Jul-2026,71.4847,0.579473
30-Jun-2026,10-Jul-2026,75.9525,0.443577
30-Jun-2026,10-Jul-2026,80.4203,0.332445
30-Jun-2026,10-Jul-2026,84.8881,0.285403
30-Jun-2026,10-Jul-2026,89.3559,0.265618
30-Jun-2026,10-Jul-2026,93.8237,0.250494
30-Jun-2026,10-Jul-2026,98.2915,0.237041
30-Jun-2026,10-Jul-2026,102.759,0.225524
30-Jun-2026,10-Jul-2026,107.227,0.216692
30-Jun-2026,17-Jul-2026,71.4847,0.47085
30-Jun-2026,17-Jul-2026,75.9525,0.371457
30-Jun-2026,17-Jul-2026,80.4203,0.308324
30-Jun-2026,17-Jul-2026,84.8881,0.279425
30-Jun-2026,17-Jul-2026,89.3559,0.261636
30-Jun-2026,17-Jul-2026,93.8237,0.24679
30-Jun-2026,17-Jul-2026,98.2915,0.233477
30-Jun-2026,17-Jul-2026,102.759,0.222067
30-Jun-2026,17-Jul-2026,107.227,0.213297
30-Jun-2026,24-Jul-2026,71.4847,0.432287
30-Jun-2026,24-Jul-2026,75.9525,0.357092
30-Jun-2026,24-Jul-2026,80.4203,0.312241
30-Jun-2026,24-Jul-2026,84.8881,0.287022
30-Jun-2026,24-Jul-2026,89.3559,0.268988
30-Jun-2026,24-Jul-2026,93.8237,0.253552
30-Jun-2026,24-Jul-2026,98.2915,0.239727
30-Jun-2026,24-Jul-2026,102.759,0.227891
30-Jun-2026,24-Jul-2026,107.227,0.218771
30-Jun-2026,31-Jul-2026,71.4847,0.3995
30-Jun-2026,31-Jul-2026,75.9525,0.341368
30-Jun-2026,31-Jul-2026,80.4203,0.306236
30-Jun-2026,31-Jul-2026,84.8881,0.283863
30-Jun-2026,31-Jul-2026,89.3559,0.266531
30-Jun-2026,31-Jul-2026,93.8237,0.251329
30-Jun-2026,31-Jul-2026,98.2915,0.237629
30-Jun-2026,31-Jul-2026,102.759,0.225865
30-Jun-2026,31-Jul-2026,107.227,0.216768
30-Jun-2026,31-Aug-2026,71.4847,0.358787
30-Jun-2026,31-Aug-2026,75.9525,0.327524
30-Jun-2026,31-Aug-2026,80.4203,0.304228
30-Jun-2026,31-Aug-2026,84.8881,0.285348
30-Jun-2026,31-Aug-2026,89.3559,0.268814
30-Jun-2026,31-Aug-2026,93.8237,0.253706
30-Jun-2026,31-Aug-2026,98.2915,0.239909
30-Jun-2026,31-Aug-2026,102.759,0.227928
30-Jun-2026,31-Aug-2026,107.227,0.21849
30-Jun-2026,30-Sep-2026,71.4847,0.350045
30-Jun-2026,30-Sep-2026,75.9525,0.325308
30-Jun-2026,30-Sep-2026,80.4203,0.304936
30-Jun-2026,30-Sep-2026,84.8881,0.287215
30-Jun-2026,30-Sep-2026,89.3559,0.27112
30-Jun-2026,30-Sep-2026,93.8237,0.256184
30-Jun-2026,30-Sep-2026,98.2915,0.242437
30-Jun-2026,30-Sep-2026,102.759,0.230375
30-Jun-2026,30-Sep-2026,107.227,0.220676
30-Jun-2026,30-Oct-2026,71.4847,0.346483
30-Jun-2026,30-Oct-2026,75.9525,0.324624
30-Jun-2026,30-Oct-2026,80.4203,0.305715
30-Jun-2026,30-Oct-2026,84.8881,0.288724
30-Jun-2026,30-Oct-2026,89.3559,0.27302
30-Jun-2026,30-Oct-2026,93.8237,0.258332
30-Jun-2026,30-Oct-2026,98.2915,0.244747
30-Jun-2026,30-Oct-2026,102.759,0.232713
30-Jun-2026,30-Oct-2026,107.227,0.22284
30-Jun-2026,30-Nov-2026,71.4847,0.34848
30-Jun-2026,30-Nov-2026,75.9525,0.328021
30-Jun-2026,30-Nov-2026,80.4203,0.309816
30-Jun-2026,30-Nov-2026,84.8881,0.293168
30-Jun-2026,30-Nov-2026,89.3559,0.277649
30-Jun-2026,30-Nov-2026,93.8237,0.263085
30-Jun-2026,30-Nov-2026,98.2915,0.24958
30-Jun-2026,30-Nov-2026,102.759,0.237516
30-Jun-2026,30-Nov-2026,107.227,0.227413
30-Jun-2026,31-Dec-2026,71.4847,0.346354
30-Jun-2026,31-Dec-2026,75.9525,0.327141
30-Jun-2026,31-Dec-2026,80.4203,0.309747
30-Jun-2026,31-Dec-2026,84.8881,0.293666
30-Jun-2026,31-Dec-2026,89.3559,0.278587
30-Jun-2026,31-Dec-2026,93.8237,0.2644
30-Jun-2026,31-Dec-2026,98.2915,0.251211
30-Jun-2026,31-Dec-2026,102.759,0.239343
30-Jun-2026,31-Dec-2026,107.227,0.229236
30-Jun-2026,29-Jan-2027,71.4847,0.347155
30-Jun-2026,29-Jan-2027,75.9525,0.328665
30-Jun-2026,29-Jan-2027,80.4203,0.311752
30-Jun-2026,29-Jan-2027,84.8881,0.296019
30-Jun-2026,29-Jan-2027,89.3559,0.281228
30-Jun-2026,29-Jan-2027,93.8237,0.267303
30-Jun-2026,29-Jan-2027,98.2915,0.25434
30-Jun-2026,29-Jan-2027,102.759,0.242606
30-Jun-2026,29-Jan-2027,107.227,0.232468
30-Jun-2026,26-Feb-2027,71.4847,0.346763
30-Jun-2026,26-Feb-2027,75.9525,0.328923
30-Jun-2026,26-Feb-2027,80.4203,0.312491
30-Jun-2026,26-Feb-2027,84.8881,0.297144
30-Jun-2026,26-Feb-2027,89.3559,0.282693
30-Jun-2026,26-Feb-2027,93.8237,0.26908
30-Jun-2026,26-Feb-2027,98.2915,0.256392
30-Jun-2026,26-Feb-2027,102.759,0.244851
30-Jun-2026,26-Feb-2027,107.227,0.234763
30-Jun-2026,31-Mar-2027,71.4847,0.345161
30-Jun-2026,31-Mar-2027,75.9525,0.328047
30-Jun-2026,31-Mar-2027,80.4203,0.312191
30-Jun-2026,31-Mar-2027,84.8881,0.297334
30-Jun-2026,31-Mar-2027,89.3559,0.283324
30-Jun-2026,31-Mar-2027,93.8237,0.270122
30-Jun-2026,31-Mar-2027,98.2915,0.2578
30-Jun-2026,31-Mar-2027,102.759,0.246536
30-Jun-2026,31-Mar-2027,107.227,0.236582
30-Jun-2026,30-Apr-2027,71.4847,0.344645
30-Jun-2026,30-Apr-2027,75.9525,0.32806
30-Jun-2026,30-Apr-2027,80.4203,0.312639
30-Jun-2026,30-Apr-2027,84.8881,0.298164
30-Jun-2026,30-Apr-2027,89.3559,0.284509
30-Jun-2026,30-Apr-2027,93.8237,0.27164
30-Jun-2026,30-Apr-2027,98.2915,0.259616
30-Jun-2026,30-Apr-2027,102.759,0.248584
30-Jun-2026,30-Apr-2027,107.227,0.238749
30-Jun-2026,31-May-2027,71.4847,0.345058
30-Jun-2026,31-May-2027,75.9525,0.328918
30-Jun-2026,31-May-2027,80.4203,0.313875
30-Jun-2026,31-May-2027,84.8881,0.299739
30-Jun-2026,31-May-2027,89.3559,0.286405
30-Jun-2026,31-May-2027,93.8237,0.273841
30-Jun-2026,31-May-2027,98.2915,0.262093
30-Jun-2026,31-May-2027,102.759,0.251277
30-Jun-2026,31-May-2027,107.227,0.24156
01-Jul-2026,03-Jul-2026,72.9103,0.394398
01-Jul-2026,03-Jul-2026,77.4672,0.290696
01-Jul-2026,03-Jul-2026,82.0241,0.231434
01-Jul-2026,03-Jul-2026,86.581,0.218767
01-Jul-2026,03-Jul-2026,91.1379,0.206015
01-Jul-2026,03-Jul-2026,95.6948,0.193453
01-Jul-2026,03-Jul-2026,100.252,0.18185
01-Jul-2026,10-Jul-2026,72.9103,0.608715
01-Jul-2026,10-Jul-2026,77.4672,0.464732
01-Jul-2026,10-Jul-2026,82.0241,0.335897
01-Jul-2026,10-Jul-2026,86.581,0.27338
01-Jul-2026,10-Jul-2026,91.1379,0.250608
01-Jul-2026,10-Jul-2026,95.6948,0.23404
01-Jul-2026,10-Jul-2026,100.252,0.219569
01-Jul-2026,10-Jul-2026,104.809,0.207922
01-Jul-2026,10-Jul-2026,109.365,0.200032
01-Jul-2026,17-Jul-2026,72.9103,0.482873
01-Jul-2026,17-Jul-2026,77.4672,0.375635
01-Jul-2026,17-Jul-2026,82.0241,0.299518
01-Jul-2026,17-Jul-2026,86.581,0.264802
01-Jul-2026,17-Jul-2026,91.1379,0.245125
01-Jul-2026,17-Jul-2026,95.6948,0.229012
01-Jul-2026,17-Jul-2026,100.252,0.2148
01-Jul-2026,17-Jul-2026,104.809,0.20333
01-Jul-2026,17-Jul-2026,109.365,0.195521
01-Jul-2026,24-Jul-2026,72.9103,0.436961
01-Jul-2026,24-Jul-2026,77.4672,0.353294
01-Jul-2026,24-Jul-2026,82.0241,0.300281
01-Jul-2026,24-Jul-2026,86.581,0.27151
01-Jul-2026,24-Jul-2026,91.1379,0.251796
01-Jul-2026,24-Jul-2026,95.6948,0.235097
01-Jul-2026,24-Jul-2026,100.252,0.220371
01-Jul-2026,24-Jul-2026,104.809,0.208472
01-Jul-2026,24-Jul-2026,109.365,0.200321
01-Jul-2026,31-Jul-2026,72.9103,0.399347
01-Jul-2026,31-Jul-2026,77.4672,0.333663
01-Jul-2026,31-Jul-2026,82.0241,0.292976
01-Jul-2026,31-Jul-2026,86.581,0.268023
01-Jul-2026,31-Jul-2026,91.1379,0.249204
01-Jul-2026,31-Jul-2026,95.6948,0.2328
01-Jul-2026,31-Jul-2026,100.252,0.218232
01-Jul-2026,31-Jul-2026,104.809,0.206407
01-Jul-2026,31-Jul-2026,109.365,0.198254
01-Jul-2026,31-Aug-2026,72.9103,0.349627
01-Jul-2026,31-Aug-2026,77.4672,0.315013
01-Jul-2026,31-Aug-2026,82.0241,0.289546
01-Jul-2026,31-Aug-2026,86.581,0.269192
01-Jul-2026,31-Aug-2026,91.1379,0.25145
01-Jul-2026,31-Aug-2026,95.6948,0.235249
01-Jul-2026,31-Aug-2026,100.252,0.220629
01-Jul-2026,31-Aug-2026,104.809,0.208535
01-Jul-2026,31-Aug-2026,109.365,0.199908
01-Jul-2026,30-Sep-2026,72.9103,0.338759
01-Jul-2026,30-Sep-2026,77.4672,0.312003
01-Jul-2026,30-Sep-2026,82.0241,0.290151
01-Jul-2026,30-Sep-2026,86.581,0.271243
01-Jul-2026,30-Sep-2026,91.1379,0.254074
01-Jul-2026,30-Sep-2026,95.6948,0.238133
01-Jul-2026,30-Sep-2026,100.252,0.223615
01-Jul-2026,30-Sep-2026,104.809,0.211382
01-Jul-2026,30-Sep-2026,109.365,0.20234
01-Jul-2026,30-Oct-2026,72.9103,0.3345
01-Jul-2026,30-Oct-2026,77.4672,0.311167
01-Jul-2026,30-Oct-2026,82.0241,0.291076
01-Jul-2026,30-Oct-2026,86.581,0.273056
01-Jul-2026,30-Oct-2026,91.1379,0.256383
01-Jul-2026,30-Oct-2026,95.6948,0.240782
01-Jul-2026,30-Oct-2026,100.252,0.226486
01-Jul-2026,30-Oct-2026,104.809,0.21424
01-Jul-2026,30-Oct-2026,109.365,0.204867
01-Jul-2026,30-Nov-2026,72.9103,0.336212
01-Jul-2026,30-Nov-2026,77.4672,0.314565
01-Jul-2026,30-Nov-2026,82.0241,0.295346
01-Jul-2026,30-Nov-2026,86.581,0.277777
01-Jul-2026,30-Nov-2026,91.1379,0.261378
01-Jul-2026,30-Nov-2026,95.6948,0.24599
01-Jul-2026,30-Nov-2026,100.252,0.231837
01-Jul-2026,30-Nov-2026,104.809,0.219527
01-Jul-2026,30-Nov-2026,109.365,0.209771
01-Jul-2026,31-Dec-2026,72.9103,0.334074
01-Jul-2026,31-Dec-2026,77.4672,0.313859
01-Jul-2026,31-Dec-2026,82.0241,0.295582
01-Jul-2026,31-Dec-2026,86.581,0.278677
01-Jul-2026,31-Dec-2026,91.1379,0.262809
01-Jul-2026,31-Dec-2026,95.6948,0.247888
01-Jul-2026,31-Dec-2026,100.252,0.234116
01-Jul-2026,31-Dec-2026,104.809,0.22199
01-Jul-2026,31-Dec-2026,109.365,0.212111
01-Jul-2026,29-Jan-2027,72.9103,0.334926
01-Jul-2026,29-Jan-2027,77.4672,0.315556
01-Jul-2026,29-Jan-2027,82.0241,0.297848
01-Jul-2026,29-Jan-2027,86.581,0.281368
01-Jul-2026,29-Jan-2027,91.1379,0.265863
01-Jul-2026,29-Jan-2027,95.6948,0.251277
01-Jul-2026,29-Jan-2027,100.252,0.237786
01-Jul-2026,29-Jan-2027,104.809,0.225788
01-Jul-2026,29-Jan-2027,109.365,0.215786
01-Jul-2026,26-Feb-2027,72.9103,0.334652
01-Jul-2026,26-Feb-2027,77.4672,0.316024
01-Jul-2026,26-Feb-2027,82.0241,0.298872
01-Jul-2026,26-Feb-2027,86.581,0.282845
01-Jul-2026,26-Feb-2027,91.1379,0.267746
01-Jul-2026,26-Feb-2027,95.6948,0.253538
01-Jul-2026,26-Feb-2027,100.252,0.240369
01-Jul-2026,26-Feb-2027,104.809,0.228567
01-Jul-2026,26-Feb-2027,109.365,0.218549
01-Jul-2026,31-Mar-2027,72.9103,0.333241
01-Jul-2026,31-Mar-2027,77.4672,0.315429
01-Jul-2026,31-Mar-2027,82.0241,0.298929
01-Jul-2026,31-Mar-2027,86.581,0.283463
01-Jul-2026,31-Mar-2027,91.1379,0.268876
01-Jul-2026,31-Mar-2027,95.6948,0.255145
01-Jul-2026,31-Mar-2027,100.252,0.242392
01-Jul-2026,31-Mar-2027,104.809,0.230877
01-Jul-2026,31-Mar-2027,109.365,0.220936
01-Jul-2026,30-Apr-2027,72.9103,0.332911
01-Jul-2026,30-Apr-2027,77.4672,0.315695
01-Jul-2026,30-Apr-2027,82.0241,0.299689
01-Jul-2026,30-Apr-2027,86.581,0.284661
01-Jul-2026,30-Apr-2027,91.1379,0.270483
01-Jul-2026,30-Apr-2027,95.6948,0.257138
01-Jul-2026,30-Apr-2027,100.252,0.244724
01-Jul-2026,30-Apr-2027,104.809,0.23345
01-Jul-2026,30-Apr-2027,109.365,0.223592
01-Jul-2026,31-May-2027,72.9103,0.33352
01-Jul-2026,31-May-2027,77.4672,0.316808
01-Jul-2026,31-May-2027,82.0241,0.301232
01-Jul-2026,31-May-2027,86.581,0.286595
01-Jul-2026,31-May-2027,91.1379,0.272789
01-Jul-2026,31-May-2027,95.6948,0.259797
01-Jul-2026,31-May-2027,100.252,0.247695
01-Jul-2026,31-May-2027,104.809,0.236648
01-Jul-2026,31-May-2027,109.365,0.226879
02-Jul-2026,03-Jul-2026,73.2781,0.562578
02-Jul-2026,03-Jul-2026,77.8579,0.410123
02-Jul-2026,03-Jul-2026,82.4378,0.266361
02-Jul-2026,03-Jul-2026,87.0177,0.215689
02-Jul-2026,03-Jul-2026,91.5976,0.202737
02-Jul-2026,03-Jul-2026,96.1775,0.189974
02-Jul-2026,10-Jul-2026,73.2781,0.645028
02-Jul-2026,10-Jul-2026,77.8579,0.492129
02-Jul-2026,10-Jul-2026,82.4378,0.350717
02-Jul-2026,10-Jul-2026,87.0177,0.276344
02-Jul-2026,10-Jul-2026,91.5976,0.25158
02-Jul-2026,10-Jul-2026,96.1775,0.234353
02-Jul-2026,10-Jul-2026,100.757,0.219441
02-Jul-2026,10-Jul-2026,105.337,0.207646
02-Jul-2026,10-Jul-2026,109.917,0.199913
02-Jul-2026,17-Jul-2026,73.2781,0.498053
02-Jul-2026,17-Jul-2026,77.8579,0.385754
02-Jul-2026,17-Jul-2026,82.4378,0.302357
02-Jul-2026,17-Jul-2026,87.0177,0.264239
02-Jul-2026,17-Jul-2026,91.5976,0.243718
02-Jul-2026,17-Jul-2026,96.1775,0.227172
02-Jul-2026,17-Jul-2026,100.757,0.212677
02-Jul-2026,17-Jul-2026,105.337,0.201171
02-Jul-2026,17-Jul-2026,109.917,0.193576
02-Jul-2026,24-Jul-2026,73.2781,0.445544
02-Jul-2026,24-Jul-2026,77.8579,0.357687
02-Jul-2026,24-Jul-2026,82.4378,0.300683
02-Jul-2026,24-Jul-2026,87.0177,0.270259
02-Jul-2026,24-Jul-2026,91.5976,0.249922
02-Jul-2026,24-Jul-2026,96.1775,0.232837
02-Jul-2026,24-Jul-2026,100.757,0.217858
02-Jul-2026,24-Jul-2026,105.337,0.205941
02-Jul-2026,24-Jul-2026,109.917,0.198009
02-Jul-2026,31-Jul-2026,73.2781,0.404345
02-Jul-2026,31-Jul-2026,77.8579,0.335352
02-Jul-2026,31-Jul-2026,82.4378,0.292228
02-Jul-2026,31-Jul-2026,87.0177,0.266246
02-Jul-2026,31-Jul-2026,91.5976,0.24695
02-Jul-2026,31-Jul-2026,96.1775,0.230218
02-Jul-2026,31-Jul-2026,100.757,0.215435
02-Jul-2026,31-Jul-2026,105.337,0.203611
02-Jul-2026,31-Jul-2026,109.917,0.195677
02-Jul-2026,31-Aug-2026,73.2781,0.349529
02-Jul-2026,31-Aug-2026,77.8579,0.313824
02-Jul-2026,31-Aug-2026,82.4378,0.287701
02-Jul-2026,31-Aug-2026,87.0177,0.26696
02-Jul-2026,31-Aug-2026,91.5976,0.248948
02-Jul-2026,31-Aug-2026,96.1775,0.232528
02-Jul-2026,31-Aug-2026,100.757,0.217766
02-Jul-2026,31-Aug-2026,105.337,0.205685
02-Jul-2026,31-Aug-2026,109.917,0.19724
02-Jul-2026,30-Sep-2026,73.2781,0.337707
02-Jul-2026,30-Sep-2026,77.8579,0.310426
02-Jul-2026,30-Sep-2026,82.4378,0.288231
02-Jul-2026,30-Sep-2026,87.0177,0.269086
02-Jul-2026,30-Sep-2026,91.5976,0.251733
02-Jul-2026,30-Sep-2026,96.1775,0.235644
02-Jul-2026,30-Sep-2026,100.757,0.221033
02-Jul-2026,30-Sep-2026,105.337,0.208816
02-Jul-2026,30-Sep-2026,109.917,0.199912
02-Jul-2026,30-Oct-2026,73.2781,0.333201
02-Jul-2026,30-Oct-2026,77.8579,0.309558
02-Jul-2026,30-Oct-2026,82.4378,0.289255
02-Jul-2026,30-Oct-2026,87.0177,0.27108
02-Jul-2026,30-Oct-2026,91.5976,0.254287
02-Jul-2026,30-Oct-2026,96.1775,0.238594
02-Jul-2026,30-Oct-2026,100.757,0.224249
02-Jul-2026,30-Oct-2026,105.337,0.212025
02-Jul-2026,30-Oct-2026,109.917,0.202755
02-Jul-2026,30-Nov-2026,73.2781,0.334903
02-Jul-2026,30-Nov-2026,77.8579,0.313063
02-Jul-2026,30-Nov-2026,82.4378,0.293711
02-Jul-2026,30-Nov-2026,87.0177,0.276047
02-Jul-2026,30-Nov-2026,91.5976,0.259582
02-Jul-2026,30-Nov-2026,96.1775,0.244154
02-Jul-2026,30-Nov-2026,100.757,0.229992
02-Jul-2026,30-Nov-2026,105.337,0.217716
02-Jul-2026,30-Nov-2026,109.917,0.208037
02-Jul-2026,31-Dec-2026,73.2781,0.332823
02-Jul-2026,31-Dec-2026,77.8579,0.312489
02-Jul-2026,31-Dec-2026,82.4378,0.294134
02-Jul-2026,31-Dec-2026,87.0177,0.277184
02-Jul-2026,31-Dec-2026,91.5976,0.261294
02-Jul-2026,31-Dec-2026,96.1775,0.246373
02-Jul-2026,31-Dec-2026,100.757,0.232626
02-Jul-2026,31-Dec-2026,105.337,0.220547
02-Jul-2026,31-Dec-2026,109.917,0.210733
02-Jul-2026,29-Jan-2027,73.2781,0.333784
02-Jul-2026,29-Jan-2027,77.8579,0.314345
02-Jul-2026,29-Jan-2027,82.4378,0.296602
02-Jul-2026,29-Jan-2027,87.0177,0.280114
02-Jul-2026,29-Jan-2027,91.5976,0.264623
02-Jul-2026,29-Jan-2027,96.1775,0.250072
02-Jul-2026,29-Jan-2027,100.757,0.236631
02-Jul-2026,29-Jan-2027,105.337,0.224694
02-Jul-2026,29-Jan-2027,109.917,0.214753
02-Jul-2026,26-Feb-2027,73.2781,0.333628
02-Jul-2026,26-Feb-2027,77.8579,0.31497
02-Jul-2026,26-Feb-2027,82.4378,0.297816
02-Jul-2026,26-Feb-2027,87.0177,0.281811
02-Jul-2026,26-Feb-2027,91.5976,0.266754
02-Jul-2026,26-Feb-2027,96.1775,0.252606
02-Jul-2026,26-Feb-2027,100.757,0.23951
02-Jul-2026,26-Feb-2027,105.337,0.227781
02-Jul-2026,26-Feb-2027,109.917,0.217827
02-Jul-2026,31-Mar-2027,73.2781,0.332362
02-Jul-2026,31-Mar-2027,77.8579,0.314556
02-Jul-2026,31-Mar-2027,82.4378,0.298086
02-Jul-2026,31-Mar-2027,87.0177,0.28267
02-Jul-2026,31-Mar-2027,91.5976,0.268152
02-Jul-2026,31-Mar-2027,96.1775,0.254506
02-Jul-2026,31-Mar-2027,100.757,0.241844
02-Jul-2026,31-Mar-2027,105.337,0.230415
02-Jul-2026,31-Mar-2027,109.917,0.220544
02-Jul-2026,30-Apr-2027,73.2781,0.332175
02-Jul-2026,30-Apr-2027,77.8579,0.314992
02-Jul-2026,30-Apr-2027,82.4378,0.299041
02-Jul-2026,30-Apr-2027,87.0177,0.284086
02-Jul-2026,30-Apr-2027,91.5976,0.269998
02-Jul-2026,30-Apr-2027,96.1775,0.256754
02-Jul-2026,30-Apr-2027,100.757,0.244446
02-Jul-2026,30-Apr-2027,105.337,0.233269
02-Jul-2026,30-Apr-2027,109.917,0.223487
02-Jul-2026,31-May-2027,73.2781,0.332942
02-Jul-2026,31-May-2027,77.8579,0.316287
02-Jul-2026,31-May-2027,82.4378,0.300788
02-Jul-2026,31-May-2027,87.0177,0.286245
02-Jul-2026,31-May-2027,91.5976,0.272546
02-Jul-2026,31-May-2027,96.1775,0.25967
02-Jul-2026,31-May-2027,100.757,0.247687
02-Jul-2026,31-May-2027,105.337,0.236748
02-Jul-2026,31-May-2027,109.917,0.227063
03-Jul-2026,10-Jul-2026,71.9535,0.687817
03-Jul-2026,10-Jul-2026,76.4506,0.524655
03-Jul-2026,10-Jul-2026,80.9477,0.374917
03-Jul-2026,10-Jul-2026,85.4448,0.299585
03-Jul-2026,10-Jul-2026,89.9419,0.275385
03-Jul-2026,10-Jul-2026,94.439,0.258782
03-Jul-2026,10-Jul-2026,98.9361,0.244247
03-Jul-2026,10-Jul-2026,103.433,0.232025
03-Jul-2026,10-Jul-2026,107.93,0.222962
03-Jul-2026,17-Jul-2026,71.9535,0.514224
03-Jul-2026,17-Jul-2026,76.4506,0.399468
03-Jul-2026,17-Jul-2026,80.9477,0.31824
03-Jul-2026,17-Jul-2026,85.4448,0.282506
03-Jul-2026,17-Jul-2026,89.9419,0.263047
03-Jul-2026,17-Jul-2026,94.439,0.247353
03-Jul-2026,17-Jul-2026,98.9361,0.233418
03-Jul-2026,17-Jul-2026,103.433,0.221676
03-Jul-2026,17-Jul-2026,107.93,0.212938
03-Jul-2026,24-Jul-2026,71.9535,0.455645
03-Jul-2026,24-Jul-2026,76.4506,0.369399
03-Jul-2026,24-Jul-2026,80.9477,0.316164
03-Jul-2026,24-Jul-2026,85.4448,0.287878
03-Jul-2026,24-Jul-2026,89.9419,0.268696
03-Jul-2026,24-Jul-2026,94.439,0.252544
03-Jul-2026,24-Jul-2026,98.9361,0.238186
03-Jul-2026,24-Jul-2026,103.433,0.226087
03-Jul-2026,24-Jul-2026,107.93,0.217051
03-Jul-2026,31-Jul-2026,71.9535,0.412592
03-Jul-2026,31-Jul-2026,76.4506,0.346802
03-Jul-2026,31-Jul-2026,80.9477,0.307053
03-Jul-2026,31-Jul-2026,85.4448,0.282886
03-Jul-2026,31-Jul-2026,89.9419,0.264724
03-Jul-2026,31-Jul-2026,94.439,0.248944
03-Jul-2026,31-Jul-2026,98.9361,0.234811
03-Jul-2026,31-Jul-2026,103.433,0.222857
03-Jul-2026,31-Jul-2026,107.93,0.213888
03-Jul-2026,07-Aug-2026,71.9535,0.387017
03-Jul-2026,07-Aug-2026,76.4506,0.334631
03-Jul-2026,07-Aug-2026,80.9477,0.301957
03-Jul-2026,07-Aug-2026,85.4448,0.279992
03-Jul-2026,07-Aug-2026,89.9419,0.262461
03-Jul-2026,07-Aug-2026,94.439,0.246929
03-Jul-2026,07-Aug-2026,98.9361,0.232938
03-Jul-2026,07-Aug-2026,103.433,0.221062
03-Jul-2026,07-Aug-2026,107.93,0.212108
03-Jul-2026,31-Aug-2026,71.9535,0.358935
03-Jul-2026,31-Aug-2026,76.4506,0.325896
03-Jul-2026,31-Aug-2026,80.9477,0.301614
03-Jul-2026,31-Aug-2026,85.4448,0.282156
03-Jul-2026,31-Aug-2026,89.9419,0.265197
03-Jul-2026,31-Aug-2026,94.439,0.249728
03-Jul-2026,31-Aug-2026,98.9361,0.235654
03-Jul-2026,31-Aug-2026,103.433,0.223581
03-Jul-2026,31-Aug-2026,107.93,0.214305
03-Jul-2026,30-Sep-2026,71.9535,0.347856
03-Jul-2026,30-Sep-2026,76.4506,0.322395
03-Jul-2026,30-Sep-2026,80.9477,0.301559
03-Jul-2026,30-Sep-2026,85.4448,0.283501
03-Jul-2026,30-Sep-2026,89.9419,0.267119
03-Jul-2026,30-Sep-2026,94.439,0.251924
03-Jul-2026,30-Sep-2026,98.9361,0.23798
03-Jul-2026,30-Sep-2026,103.433,0.225866
03-Jul-2026,30-Sep-2026,107.93,0.21632
03-Jul-2026,30-Oct-2026,71.9535,0.343486
03-Jul-2026,30-Oct-2026,76.4506,0.321245
03-Jul-2026,30-Oct-2026,80.9477,0.302064
03-Jul-2026,30-Oct-2026,85.4448,0.284851
03-Jul-2026,30-Oct-2026,89.9419,0.268947
03-Jul-2026,30-Oct-2026,94.439,0.254075
03-Jul-2026,30-Oct-2026,98.9361,0.240355
03-Jul-2026,30-Oct-2026,103.433,0.228299
03-Jul-2026,30-Oct-2026,107.93,0.218563
03-Jul-2026,30-Nov-2026,71.9535,0.345118
03-Jul-2026,30-Nov-2026,76.4506,0.324443
03-Jul-2026,30-Nov-2026,80.9477,0.306073
03-Jul-2026,30-Nov-2026,85.4448,0.289283
03-Jul-2026,30-Nov-2026,89.9419,0.273631
03-Jul-2026,30-Nov-2026,94.439,0.25895
03-Jul-2026,30-Nov-2026,98.9361,0.245369
03-Jul-2026,30-Nov-2026,103.433,0.23331
03-Jul-2026,30-Nov-2026,107.93,0.223331
03-Jul-2026,31-Dec-2026,71.9535,0.342825
03-Jul-2026,31-Dec-2026,76.4506,0.32349
03-Jul-2026,31-Dec-2026,80.9477,0.306001
03-Jul-2026,31-Dec-2026,85.4448,0.289835
03-Jul-2026,31-Dec-2026,89.9419,0.274679
03-Jul-2026,31-Dec-2026,94.439,0.26043
03-Jul-2026,31-Dec-2026,98.9361,0.247211
03-Jul-2026,31-Dec-2026,103.433,0.235374
03-Jul-2026,31-Dec-2026,107.93,0.225383
03-Jul-2026,29-Jan-2027,71.9535,0.343554
03-Jul-2026,29-Jan-2027,76.4506,0.325004
03-Jul-2026,29-Jan-2027,80.9477,0.308046
03-Jul-2026,29-Jan-2027,85.4448,0.292276
03-Jul-2026,29-Jan-2027,89.9419,0.277454
03-Jul-2026,29-Jan-2027,94.439,0.263511
03-Jul-2026,29-Jan-2027,98.9361,0.250557
03-Jul-2026,29-Jan-2027,103.433,0.238877
03-Jul-2026,29-Jan-2027,107.93,0.228853
03-Jul-2026,26-Feb-2027,71.9535,0.343146
03-Jul-2026,26-Feb-2027,76.4506,0.325291
03-Jul-2026,26-Feb-2027,80.9477,0.308853
03-Jul-2026,26-Feb-2027,85.4448,0.293506
03-Jul-2026,26-Feb-2027,89.9419,0.279061
03-Jul-2026,26-Feb-2027,94.439,0.265466
03-Jul-2026,26-Feb-2027,98.9361,0.252818
03-Jul-2026,26-Feb-2027,103.433,0.24135
03-Jul-2026,26-Feb-2027,107.93,0.231379
03-Jul-2026,31-Mar-2027,71.9535,0.341572
03-Jul-2026,31-Mar-2027,76.4506,0.324482
03-Jul-2026,31-Mar-2027,80.9477,0.308658
03-Jul-2026,31-Mar-2027,85.4448,0.293836
03-Jul-2026,31-Mar-2027,89.9419,0.279868
03-Jul-2026,31-Mar-2027,94.439,0.266718
03-Jul-2026,31-Mar-2027,98.9361,0.254464
03-Jul-2026,31-Mar-2027,103.433,0.243293
03-Jul-2026,31-Mar-2027,107.93,0.233459
03-Jul-2026,30-Apr-2027,71.9535,0.341102
03-Jul-2026,30-Apr-2027,76.4506,0.324572
03-Jul-2026,30-Apr-2027,80.9477,0.309211
03-Jul-2026,30-Apr-2027,85.4448,0.2948
03-Jul-2026,30-Apr-2027,89.9419,0.281214
03-Jul-2026,30-Apr-2027,94.439,0.268423
03-Jul-2026,30-Apr-2027,98.9361,0.256491
03-Jul-2026,30-Apr-2027,103.433,0.245566
03-Jul-2026,30-Apr-2027,107.93,0.235857
03-Jul-2026,31-May-2027,71.9535,0.341571
03-Jul-2026,31-May-2027,76.4506,0.325514
03-Jul-2026,31-May-2027,80.9477,0.310557
03-Jul-2026,31-May-2027,85.4448,0.296513
03-Jul-2026,31-May-2027,89.9419,0.283274
03-Jul-2026,31-May-2027,94.439,0.270812
03-Jul-2026,31-May-2027,98.9361,0.259176
03-Jul-2026,31-May-2027,103.433,0.248483
03-Jul-2026,31-May-2027,107.93,0.238898
06-Jul-2026,10-Jul-2026,74.8486,0.267076
06-Jul-2026,10-Jul-2026,79.2515,0.255609
06-Jul-2026,10-Jul-2026,83.6544,0.244182
06-Jul-2026,10-Jul-2026,88.0572,0.232842
06-Jul-2026,10-Jul-2026,92.4601,0.221744
06-Jul-2026,10-Jul-2026,96.863,0.211223
06-Jul-2026,10-Jul-2026,101.266,0.201837
06-Jul-2026,17-Jul-2026,70.4458,0.549837
06-Jul-2026,17-Jul-2026,74.8486,0.422668
06-Jul-2026,17-Jul-2026,79.2515,0.328921
06-Jul-2026,17-Jul-2026,83.6544,0.292109
06-Jul-2026,17-Jul-2026,88.0572,0.274399
06-Jul-2026,17-Jul-2026,92.4601,0.260271
06-Jul-2026,17-Jul-2026,96.863,0.247548
06-Jul-2026,17-Jul-2026,101.266,0.236356
06-Jul-2026,17-Jul-2026,105.669,0.227276
06-Jul-2026,24-Jul-2026,70.4458,0.456164
06-Jul-2026,24-Jul-2026,74.8486,0.365595
06-Jul-2026,24-Jul-2026,79.2515,0.313047
06-Jul-2026,24-Jul-2026,83.6544,0.288221
06-Jul-2026,24-Jul-2026,88.0572,0.271826
06-Jul-2026,24-Jul-2026,92.4601,0.257861
06-Jul-2026,24-Jul-2026,96.863,0.245207
06-Jul-2026,24-Jul-2026,101.266,0.234069
06-Jul-2026,24-Jul-2026,105.669,0.225018
06-Jul-2026,31-Jul-2026,70.4458,0.424388
06-Jul-2026,31-Jul-2026,74.8486,0.357432
06-Jul-2026,31-Jul-2026,79.2515,0.318981
06-Jul-2026,31-Jul-2026,83.6544,0.29646
06-Jul-2026,31-Jul-2026,88.0572,0.279711
06-Jul-2026,31-Jul-2026,92.4601,0.265179
06-Jul-2026,31-Jul-2026,96.863,0.252035
06-Jul-2026,31-Jul-2026,101.266,0.240484
06-Jul-2026,31-Jul-2026,105.669,0.231086
06-Jul-2026,07-Aug-2026,70.4458,0.396179
06-Jul-2026,07-Aug-2026,74.8486,0.344841
06-Jul-2026,07-Aug-2026,79.2515,0.314071
06-Jul-2026,07-Aug-2026,83.6544,0.293722
06-Jul-2026,07-Aug-2026,88.0572,0.277534
06-Jul-2026,07-Aug-2026,92.4601,0.263197
06-Jul-2026,07-Aug-2026,96.863,0.25016
06-Jul-2026,07-Aug-2026,101.266,0.238676
06-Jul-2026,07-Aug-2026,105.669,0.229307
06-Jul-2026,31-Aug-2026,70.4458,0.368773
06-Jul-2026,31-Aug-2026,74.8486,0.337755
06-Jul-2026,31-Aug-2026,79.2515,0.315112
06-Jul-2026,31-Aug-2026,83.6544,0.296964
06-Jul-2026,31-Aug-2026,88.0572,0.281159
06-Jul-2026,31-Aug-2026,92.4601,0.266753
06-Jul-2026,31-Aug-2026,96.863,0.253542
06-Jul-2026,31-Aug-2026,101.266,0.241835
06-Jul-2026,31-Aug-2026,105.669,0.232185
06-Jul-2026,30-Sep-2026,70.4458,0.358873
06-Jul-2026,30-Sep-2026,74.8486,0.335008
06-Jul-2026,30-Sep-2026,79.2515,0.315465
06-Jul-2026,30-Sep-2026,83.6544,0.298515
06-Jul-2026,30-Sep-2026,88.0572,0.283155
06-Jul-2026,30-Sep-2026,92.4601,0.268919
06-Jul-2026,30-Sep-2026,96.863,0.255764
06-Jul-2026,30-Sep-2026,101.266,0.244012
06-Jul-2026,30-Sep-2026,105.669,0.234184
06-Jul-2026,30-Oct-2026,70.4458,0.355058
06-Jul-2026,30-Oct-2026,74.8486,0.33411
06-Jul-2026,30-Oct-2026,79.2515,0.316021
06-Jul-2026,30-Oct-2026,83.6544,0.299788
06-Jul-2026,30-Oct-2026,88.0572,0.284808
06-Jul-2026,30-Oct-2026,92.4601,0.270807
06-Jul-2026,30-Oct-2026,96.863,0.257807
06-Jul-2026,30-Oct-2026,101.266,0.246111
06-Jul-2026,30-Oct-2026,105.669,0.236188
06-Jul-2026,30-Nov-2026,70.4458,0.354847
06-Jul-2026,30-Nov-2026,74.8486,0.335434
06-Jul-2026,30-Nov-2026,79.2515,0.318171
06-Jul-2026,30-Nov-2026,83.6544,0.302392
06-Jul-2026,30-Nov-2026,88.0572,0.287691
06-Jul-2026,30-Nov-2026,92.4601,0.273893
06-Jul-2026,30-Nov-2026,96.863,0.261046
06-Jul-2026,30-Nov-2026,101.266,0.249417
06-Jul-2026,30-Nov-2026,105.669,0.239409
06-Jul-2026,31-Dec-2026,70.4458,0.354817
06-Jul-2026,31-Dec-2026,74.8486,0.336439
06-Jul-2026,31-Dec-2026,79.2515,0.319809
06-Jul-2026,31-Dec-2026,83.6544,0.304443
06-Jul-2026,31-Dec-2026,88.0572,0.29005
06-Jul-2026,31-Dec-2026,92.4601,0.276509
06-Jul-2026,31-Dec-2026,96.863,0.263879
06-Jul-2026,31-Dec-2026,101.266,0.252388
06-Jul-2026,31-Dec-2026,105.669,0.242371
06-Jul-2026,29-Jan-2027,70.4458,0.355568
06-Jul-2026,29-Jan-2027,74.8486,0.33788
06-Jul-2026,29-Jan-2027,79.2515,0.321705
06-Jul-2026,29-Jan-2027,83.6544,0.306669
06-Jul-2026,29-Jan-2027,88.0572,0.292545
06-Jul-2026,29-Jan-2027,92.4601,0.279245
06-Jul-2026,29-Jan-2027,96.863,0.266827
06-Jul-2026,29-Jan-2027,101.266,0.25548
06-Jul-2026,29-Jan-2027,105.669,0.245484
06-Jul-2026,26-Feb-2027,70.4458,0.353688
06-Jul-2026,26-Feb-2027,74.8486,0.336704
06-Jul-2026,26-Feb-2027,79.2515,0.321062
06-Jul-2026,26-Feb-2027,83.6544,0.306457
06-Jul-2026,26-Feb-2027,88.0572,0.292708
06-Jul-2026,26-Feb-2027,92.4601,0.279751
06-Jul-2026,26-Feb-2027,96.863,0.267638
06-Jul-2026,26-Feb-2027,101.266,0.25653
06-Jul-2026,26-Feb-2027,105.669,0.246663
06-Jul-2026,31-Mar-2027,70.4458,0.353371
06-Jul-2026,31-Mar-2027,74.8486,0.336992
06-Jul-2026,31-Mar-2027,79.2515,0.321823
06-Jul-2026,31-Mar-2027,83.6544,0.307616
06-Jul-2026,31-Mar-2027,88.0572,0.294226
06-Jul-2026,31-Mar-2027,92.4601,0.281605
06-Jul-2026,31-Mar-2027,96.863,0.269795
06-Jul-2026,31-Mar-2027,101.266,0.258927
06-Jul-2026,31-Mar-2027,105.669,0.249188
06-Jul-2026,30-Apr-2027,70.4458,0.352767
06-Jul-2026,30-Apr-2027,74.8486,0.336891
06-Jul-2026,30-Apr-2027,79.2515,0.322134
06-Jul-2026,30-Apr-2027,83.6544,0.308288
06-Jul-2026,30-Apr-2027,88.0572,0.295232
06-Jul-2026,30-Apr-2027,92.4601,0.282924
06-Jul-2026,30-Apr-2027,96.863,0.271399
06-Jul-2026,30-Apr-2027,101.266,0.260762
06-Jul-2026,30-Apr-2027,105.669,0.251167
06-Jul-2026,31-May-2027,70.4458,0.352084
06-Jul-2026,31-May-2027,74.8486,0.336681
06-Jul-2026,31-May-2027,79.2515,0.322327
06-Jul-2026,31-May-2027,83.6544,0.308842
06-Jul-2026,31-May-2027,88.0572,0.296123
06-Jul-2026,31-May-2027,92.4601,0.284132
06-Jul-2026,31-May-2027,96.863,0.272897
06-Jul-2026,31-May-2027,101.266,0.262502
06-Jul-2026,31-May-2027,105.669,0.25307
07-Jul-2026,10-Jul-2026,68.6589,0.30901
07-Jul-2026,10-Jul-2026,72.9501,0.284373
07-Jul-2026,10-Jul-2026,77.2413,0.273589
07-Jul-2026,10-Jul-2026,81.5325,0.262931
07-Jul-2026,10-Jul-2026,85.8237,0.252436
07-Jul-2026,10-Jul-2026,90.1148,0.242204
07-Jul-2026,10-Jul-2026,94.406,0.232436
07-Jul-2026,10-Jul-2026,98.6972,0.223439
07-Jul-2026,17-Jul-2026,68.6589,0.576728
07-Jul-2026,17-Jul-2026,72.9501,0.44455
07-Jul-2026,17-Jul-2026,77.2413,0.352366
07-Jul-2026,17-Jul-2026,81.5325,0.317904
07-Jul-2026,17-Jul-2026,85.8237,0.301147
07-Jul-2026,17-Jul-2026,90.1148,0.287844
07-Jul-2026,17-Jul-2026,94.406,0.275825
07-Jul-2026,17-Jul-2026,98.6972,0.264954
07-Jul-2026,17-Jul-2026,102.988,0.255544
07-Jul-2026,24-Jul-2026,68.6589,0.470587
07-Jul-2026,24-Jul-2026,72.9501,0.38236
07-Jul-2026,24-Jul-2026,77.2413,0.334496
07-Jul-2026,24-Jul-2026,81.5325,0.311714
07-Jul-2026,24-Jul-2026,85.8237,0.29639
07-Jul-2026,24-Jul-2026,90.1148,0.283341
07-Jul-2026,24-Jul-2026,94.406,0.271459
07-Jul-2026,24-Jul-2026,98.6972,0.260709
07-Jul-2026,24-Jul-2026,102.988,0.2514
07-Jul-2026,31-Jul-2026,68.6589,0.437355
07-Jul-2026,31-Jul-2026,72.9501,0.375222
07-Jul-2026,31-Jul-2026,77.2413,0.340623
07-Jul-2026,31-Jul-2026,81.5325,0.31992
07-Jul-2026,31-Jul-2026,85.8237,0.304307
07-Jul-2026,31-Jul-2026,90.1148,0.290749
07-Jul-2026,31-Jul-2026,94.406,0.278418
07-Jul-2026,31-Jul-2026,98.6972,0.26729
07-Jul-2026,31-Jul-2026,102.988,0.257657
07-Jul-2026,07-Aug-2026,68.6589,0.409421
07-Jul-2026,07-Aug-2026,72.9501,0.362857
07-Jul-2026,07-Aug-2026,77.2413,0.335125
07-Jul-2026,07-Aug-2026,81.5325,0.316378
07-Jul-2026,07-Aug-2026,85.8237,0.301312
07-Jul-2026,07-Aug-2026,90.1148,0.287962
07-Jul-2026,07-Aug-2026,94.406,0.275754
07-Jul-2026,07-Aug-2026,98.6972,0.264714
07-Jul-2026,07-Aug-2026,102.988,0.255144
07-Jul-2026,31-Aug-2026,68.6589,0.384425
07-Jul-2026,31-Aug-2026,72.9501,0.35634
07-Jul-2026,31-Aug-2026,77.2413,0.335585
07-Jul-2026,31-Aug-2026,81.5325,0.318761
07-Jul-2026,31-Aug-2026,85.8237,0.30406
07-Jul-2026,31-Aug-2026,90.1148,0.290663
07-Jul-2026,31-Aug-2026,94.406,0.278311
07-Jul-2026,31-Aug-2026,98.6972,0.267097
07-Jul-2026,31-Aug-2026,102.988,0.257326
07-Jul-2026,30-Sep-2026,68.6589,0.375374
07-Jul-2026,30-Sep-2026,72.9501,0.353441
07-Jul-2026,30-Sep-2026,77.2413,0.335327
07-Jul-2026,30-Sep-2026,81.5325,0.319542
07-Jul-2026,30-Sep-2026,85.8237,0.305234
07-Jul-2026,30-Sep-2026,90.1148,0.291984
07-Jul-2026,30-Sep-2026,94.406,0.279678
07-Jul-2026,30-Sep-2026,98.6972,0.268446
07-Jul-2026,30-Sep-2026,102.988,0.258582
07-Jul-2026,30-Oct-2026,68.6589,0.371677
07-Jul-2026,30-Oct-2026,72.9501,0.352236
07-Jul-2026,30-Oct-2026,77.2413,0.335367
07-Jul-2026,30-Oct-2026,81.5325,0.3202
07-Jul-2026,30-Oct-2026,85.8237,0.306217
07-Jul-2026,30-Oct-2026,90.1148,0.293157
07-Jul-2026,30-Oct-2026,94.406,0.280974
07-Jul-2026,30-Oct-2026,98.6972,0.269804
07-Jul-2026,30-Oct-2026,102.988,0.259918
07-Jul-2026,30-Nov-2026,68.6589,0.371393
07-Jul-2026,30-Nov-2026,72.9501,0.353258
07-Jul-2026,30-Nov-2026,77.2413,0.337088
07-Jul-2026,30-Nov-2026,81.5325,0.322302
07-Jul-2026,30-Nov-2026,85.8237,0.308544
07-Jul-2026,30-Nov-2026,90.1148,0.295636
07-Jul-2026,30-Nov-2026,94.406,0.283563
07-Jul-2026,30-Nov-2026,98.6972,0.272456
07-Jul-2026,30-Nov-2026,102.988,0.262551
07-Jul-2026,31-Dec-2026,68.6589,0.371176
07-Jul-2026,31-Dec-2026,72.9501,0.353928
07-Jul-2026,31-Dec-2026,77.2413,0.338298
07-Jul-2026,31-Dec-2026,81.5325,0.323861
07-Jul-2026,31-Dec-2026,85.8237,0.310353
07-Jul-2026,31-Dec-2026,90.1148,0.297647
07-Jul-2026,31-Dec-2026,94.406,0.285744
07-Jul-2026,31-Dec-2026,98.6972,0.27476
07-Jul-2026,31-Dec-2026,102.988,0.264897
07-Jul-2026,29-Jan-2027,68.6589,0.37172
07-Jul-2026,29-Jan-2027,72.9501,0.355062
07-Jul-2026,29-Jan-2027,77.2413,0.339819
07-Jul-2026,29-Jan-2027,81.5325,0.325657
07-Jul-2026,29-Jan-2027,85.8237,0.312366
07-Jul-2026,29-Jan-2027,90.1148,0.299849
07-Jul-2026,29-Jan-2027,94.406,0.288113
07-Jul-2026,29-Jan-2027,98.6972,0.277257
07-Jul-2026,29-Jan-2027,102.988,0.267453
07-Jul-2026,26-Feb-2027,68.6589,0.369568
07-Jul-2026,26-Feb-2027,72.9501,0.353531
07-Jul-2026,26-Feb-2027,77.2413,0.338757
07-Jul-2026,26-Feb-2027,81.5325,0.324971
07-Jul-2026,26-Feb-2027,85.8237,0.312004
07-Jul-2026,26-Feb-2027,90.1148,0.299778
07-Jul-2026,26-Feb-2027,94.406,0.288303
07-Jul-2026,26-Feb-2027,98.6972,0.277667
07-Jul-2026,26-Feb-2027,102.988,0.268014
07-Jul-2026,31-Mar-2027,68.6589,0.368953
07-Jul-2026,31-Mar-2027,72.9501,0.353447
07-Jul-2026,31-Mar-2027,77.2413,0.339083
07-Jul-2026,31-Mar-2027,81.5325,0.325639
07-Jul-2026,31-Mar-2027,85.8237,0.312976
07-Jul-2026,31-Mar-2027,90.1148,0.301031
07-Jul-2026,31-Mar-2027,94.406,0.289813
07-Jul-2026,31-Mar-2027,98.6972,0.279394
07-Jul-2026,31-Mar-2027,102.988,0.269891
07-Jul-2026,30-Apr-2027,68.6589,0.36807
07-Jul-2026,30-Apr-2027,72.9501,0.353006
07-Jul-2026,30-Apr-2027,77.2413,0.339005
07-Jul-2026,30-Apr-2027,81.5325,0.325875
07-Jul-2026,30-Apr-2027,85.8237,0.313497
07-Jul-2026,30-Apr-2027,90.1148,0.30182
07-Jul-2026,30-Apr-2027,94.406,0.290849
07-Jul-2026,30-Apr-2027,98.6972,0.280641
07-Jul-2026,30-Apr-2027,102.988,0.271294
07-Jul-2026,31-May-2027,68.6589,0.367096
07-Jul-2026,31-May-2027,72.9501,0.352452
07-Jul-2026,31-May-2027,77.2413,0.338806
07-Jul-2026,31-May-2027,81.5325,0.325992
07-Jul-2026,31-May-2027,85.8237,0.313908
07-Jul-2026,31-May-2027,90.1148,0.302506
07-Jul-2026,31-May-2027,94.406,0.291789
07-Jul-2026,31-May-2027,98.6972,0.281803
07-Jul-2026,31-May-2027,102.988,0.272625
08-Jul-2026,10-Jul-2026,68.5751,0.399426
08-Jul-2026,10-Jul-2026,72.8611,0.292694
08-Jul-2026,10-Jul-2026,77.147,0.27504
08-Jul-2026,10-Jul-2026,81.433,0.264436
08-Jul-2026,10-Jul-2026,85.7189,0.253999
08-Jul-2026,10-Jul-2026,90.0049,0.243828
08-Jul-2026,10-Jul-2026,94.2908,0.234115
08-Jul-2026,10-Jul-2026,98.5768,0.240214
08-Jul-2026,10-Jul-2026,102.863,0.314017
08-Jul-2026,17-Jul-2026,68.5751,0.607133
08-Jul-2026,17-Jul-2026,72.8611,0.466474
08-Jul-2026,17-Jul-2026,77.147,0.363644
08-Jul-2026,17-Jul-2026,81.433,0.325231
08-Jul-2026,17-Jul-2026,85.7189,0.307856
08-Jul-2026,17-Jul-2026,90.0049,0.294358
08-Jul-2026,17-Jul-2026,94.2908,0.282205
08-Jul-2026,17-Jul-2026,98.5768,0.271205
08-Jul-2026,17-Jul-2026,102.863,0.261651
08-Jul-2026,24-Jul-2026,68.5751,0.483847
08-Jul-2026,24-Jul-2026,72.8611,0.390905
08-Jul-2026,24-Jul-2026,77.147,0.339841
08-Jul-2026,24-Jul-2026,81.433,0.316205
08-Jul-2026,24-Jul-2026,85.7189,0.300688
08-Jul-2026,24-Jul-2026,90.0049,0.287577
08-Jul-2026,24-Jul-2026,94.2908,0.275658
08-Jul-2026,24-Jul-2026,98.5768,0.264866
08-Jul-2026,24-Jul-2026,102.863,0.255486
08-Jul-2026,31-Jul-2026,68.5751,0.445125
08-Jul-2026,31-Jul-2026,72.8611,0.380641
08-Jul-2026,31-Jul-2026,77.147,0.34492
08-Jul-2026,31-Jul-2026,81.433,0.323881
08-Jul-2026,31-Jul-2026,85.7189,0.308172
08-Jul-2026,31-Jul-2026,90.0049,0.294586
08-Jul-2026,31-Jul-2026,94.2908,0.282243
08-Jul-2026,31-Jul-2026,98.5768,0.271092
08-Jul-2026,31-Jul-2026,102.863,0.261406
08-Jul-2026,07-Aug-2026,68.5751,0.41459
08-Jul-2026,07-Aug-2026,72.8611,0.366824
08-Jul-2026,07-Aug-2026,77.147,0.338599
08-Jul-2026,07-Aug-2026,81.433,0.319704
08-Jul-2026,07-Aug-2026,85.7189,0.304607
08-Jul-2026,07-Aug-2026,90.0049,0.291262
08-Jul-2026,07-Aug-2026,94.2908,0.279067
08-Jul-2026,07-Aug-2026,98.5768,0.268027
08-Jul-2026,07-Aug-2026,102.863,0.258422
08-Jul-2026,31-Aug-2026,68.5751,0.387205
08-Jul-2026,31-Aug-2026,72.8611,0.358998
08-Jul-2026,31-Aug-2026,77.147,0.338221
08-Jul-2026,31-Aug-2026,81.433,0.32142
08-Jul-2026,31-Aug-2026,85.7189,0.306763
08-Jul-2026,31-Aug-2026,90.0049,0.293417
08-Jul-2026,31-Aug-2026,94.2908,0.281115
08-Jul-2026,31-Aug-2026,98.5768,0.269933
08-Jul-2026,31-Aug-2026,102.863,0.260154
08-Jul-2026,30-Sep-2026,68.5751,0.377524
08-Jul-2026,30-Sep-2026,72.8611,0.355647
08-Jul-2026,30-Sep-2026,77.147,0.3376
08-Jul-2026,30-Sep-2026,81.433,0.321889
08-Jul-2026,30-Sep-2026,85.7189,0.307658
08-Jul-2026,30-Sep-2026,90.0049,0.294487
08-Jul-2026,30-Sep-2026,94.2908,0.282255
08-Jul-2026,30-Sep-2026,98.5768,0.271076
08-Jul-2026,30-Sep-2026,102.863,0.261225
08-Jul-2026,30-Oct-2026,68.5751,0.373598
08-Jul-2026,30-Oct-2026,72.8611,0.354254
08-Jul-2026,30-Oct-2026,77.147,0.337478
08-Jul-2026,30-Oct-2026,81.433,0.322406
08-Jul-2026,30-Oct-2026,85.7189,0.308517
08-Jul-2026,30-Oct-2026,90.0049,0.295553
08-Jul-2026,30-Oct-2026,94.2908,0.283459
08-Jul-2026,30-Oct-2026,98.5768,0.272357
08-Jul-2026,30-Oct-2026,102.863,0.262499
08-Jul-2026,30-Nov-2026,68.5751,0.373204
08-Jul-2026,30-Nov-2026,72.8611,0.355182
08-Jul-2026,30-Nov-2026,77.147,0.339121
08-Jul-2026,30-Nov-2026,81.433,0.324443
08-Jul-2026,30-Nov-2026,85.7189,0.310793
08-Jul-2026,30-Nov-2026,90.0049,0.297993
08-Jul-2026,30-Nov-2026,94.2908,0.28602
08-Jul-2026,30-Nov-2026,98.5768,0.274993
08-Jul-2026,30-Nov-2026,102.863,0.26513
08-Jul-2026,31-Dec-2026,68.5751,0.372921
08-Jul-2026,31-Dec-2026,72.8611,0.355795
08-Jul-2026,31-Dec-2026,77.147,0.340283
08-Jul-2026,31-Dec-2026,81.433,0.325963
08-Jul-2026,31-Dec-2026,85.7189,0.312573
08-Jul-2026,31-Dec-2026,90.0049,0.299984
08-Jul-2026,31-Dec-2026,94.2908,0.28819
08-Jul-2026,31-Dec-2026,98.5768,0.277295
08-Jul-2026,31-Dec-2026,102.863,0.267486
08-Jul-2026,29-Jan-2027,68.5751,0.373426
08-Jul-2026,29-Jan-2027,72.8611,0.356896
08-Jul-2026,29-Jan-2027,77.147,0.341779
08-Jul-2026,29-Jan-2027,81.433,0.327741
08-Jul-2026,29-Jan-2027,85.7189,0.314576
08-Jul-2026,29-Jan-2027,90.0049,0.302182
08-Jul-2026,29-Jan-2027,94.2908,0.290561
08-Jul-2026,29-Jan-2027,98.5768,0.279803
08-Jul-2026,29-Jan-2027,102.863,0.270062
08-Jul-2026,26-Feb-2027,68.5751,0.371237
08-Jul-2026,26-Feb-2027,72.8611,0.355332
08-Jul-2026,26-Feb-2027,77.147,0.340687
08-Jul-2026,26-Feb-2027,81.433,0.32703
08-Jul-2026,26-Feb-2027,85.7189,0.314192
08-Jul-2026,26-Feb-2027,90.0049,0.302093
08-Jul-2026,26-Feb-2027,94.2908,0.290738
08-Jul-2026,26-Feb-2027,98.5768,0.280203
08-Jul-2026,26-Feb-2027,102.863,0.270622
08-Jul-2026,31-Mar-2027,68.5751,0.370597
08-Jul-2026,31-Mar-2027,72.8611,0.355226
08-Jul-2026,31-Mar-2027,77.147,0.340997
08-Jul-2026,31-Mar-2027,81.433,0.327687
08-Jul-2026,31-Mar-2027,85.7189,0.315158
08-Jul-2026,31-Mar-2027,90.0049,0.303344
08-Jul-2026,31-Mar-2027,94.2908,0.29225
08-Jul-2026,31-Mar-2027,98.5768,0.281938
08-Jul-2026,31-Mar-2027,102.863,0.272513
08-Jul-2026,30-Apr-2027,68.5751,0.369696
08-Jul-2026,30-Apr-2027,72.8611,0.354772
08-Jul-2026,30-Apr-2027,77.147,0.340908
08-Jul-2026,30-Apr-2027,81.433,0.327915
08-Jul-2026,30-Apr-2027,85.7189,0.315674
08-Jul-2026,30-Apr-2027,90.0049,0.304131
08-Jul-2026,30-Apr-2027,94.2908,0.293286
08-Jul-2026,30-Apr-2027,98.5768,0.283189
08-Jul-2026,30-Apr-2027,102.863,0.273926
08-Jul-2026,31-May-2027,68.5751,0.36871
08-Jul-2026,31-May-2027,72.8611,0.354207
08-Jul-2026,31-May-2027,77.147,0.340701
08-Jul-2026,31-May-2027,81.433,0.328027
08-Jul-2026,31-May-2027,85.7189,0.316082
08-Jul-2026,31-May-2027,90.0049,0.304815
08-Jul-2026,31-May-2027,94.2908,0.294226
08-Jul-2026,31-May-2027,98.5768,0.284353
08-Jul-2026,31-May-2027,102.863,0.275265
09-Jul-2026,10-Jul-2026,69.5913,0.562301
09-Jul-2026,10-Jul-2026,73.9408,0.413855
09-Jul-2026,10-Jul-2026,78.2902,0.267082
09-Jul-2026,10-Jul-2026,82.6397,0.253882
09-Jul-2026,10-Jul-2026,86.9892,0.242985
09-Jul-2026,10-Jul-2026,91.3386,0.232345
09-Jul-2026,10-Jul-2026,95.6881,0.246194
09-Jul-2026,10-Jul-2026,100.038,0.352243
09-Jul-2026,10-Jul-2026,104.387,0.457577
09-Jul-2026,17-Jul-2026,69.5913,0.643336
09-Jul-2026,17-Jul-2026,73.9408,0.492027
09-Jul-2026,17-Jul-2026,78.2902,0.369121
09-Jul-2026,17-Jul-2026,82.6397,0.319841
09-Jul-2026,17-Jul-2026,86.9892,0.300469
09-Jul-2026,17-Jul-2026,91.3386,0.286031
09-Jul-2026,17-Jul-2026,95.6881,0.273134
09-Jul-2026,17-Jul-2026,100.038,0.261625
09-Jul-2026,17-Jul-2026,104.387,0.251931
09-Jul-2026,24-Jul-2026,69.5913,0.497828
09-Jul-2026,24-Jul-2026,73.9408,0.395279
09-Jul-2026,24-Jul-2026,78.2902,0.334311
09-Jul-2026,24-Jul-2026,82.6397,0.30733
09-Jul-2026,24-Jul-2026,86.9892,0.290678
09-Jul-2026,24-Jul-2026,91.3386,0.276827
09-Jul-2026,24-Jul-2026,95.6881,0.26431
09-Jul-2026,24-Jul-2026,100.038,0.253129
09-Jul-2026,24-Jul-2026,104.387,0.243699
09-Jul-2026,31-Jul-2026,69.5913,0.450335
09-Jul-2026,31-Jul-2026,73.9408,0.377993
09-Jul-2026,31-Jul-2026,78.2902,0.337159
09-Jul-2026,31-Jul-2026,82.6397,0.314117
09-Jul-2026,31-Jul-2026,86.9892,0.297432
09-Jul-2026,31-Jul-2026,91.3386,0.283132
09-Jul-2026,31-Jul-2026,95.6881,0.270207
09-Jul-2026,31-Jul-2026,100.038,0.258681
09-Jul-2026,31-Jul-2026,104.387,0.248956
09-Jul-2026,07-Aug-2026,69.5913,0.414796
09-Jul-2026,07-Aug-2026,73.9408,0.36123
09-Jul-2026,07-Aug-2026,78.2902,0.329796
09-Jul-2026,07-Aug-2026,82.6397,0.309463
09-Jul-2026,07-Aug-2026,86.9892,0.293524
09-Jul-2026,07-Aug-2026,91.3386,0.27952
09-Jul-2026,07-Aug-2026,95.6881,0.26678
09-Jul-2026,07-Aug-2026,100.038,0.255393
09-Jul-2026,07-Aug-2026,104.387,0.245761
09-Jul-2026,31-Aug-2026,69.5913,0.381163
09-Jul-2026,31-Aug-2026,73.9408,0.350594
09-Jul-2026,31-Aug-2026,78.2902,0.328421
09-Jul-2026,31-Aug-2026,82.6397,0.310729
09-Jul-2026,31-Aug-2026,86.9892,0.295391
09-Jul-2026,31-Aug-2026,91.3386,0.281458
09-Jul-2026,31-Aug-2026,95.6881,0.26866
09-Jul-2026,31-Aug-2026,100.038,0.257158
09-Jul-2026,31-Aug-2026,104.387,0.247349
09-Jul-2026,30-Sep-2026,69.5913,0.369762
09-Jul-2026,30-Sep-2026,73.9408,0.346603
09-Jul-2026,30-Sep-2026,78.2902,0.327666
09-Jul-2026,30-Sep-2026,82.6397,0.311275
09-Jul-2026,30-Sep-2026,86.9892,0.296466
09-Jul-2026,30-Sep-2026,91.3386,0.282775
09-Jul-2026,30-Sep-2026,95.6881,0.270099
09-Jul-2026,30-Sep-2026,100.038,0.258628
09-Jul-2026,30-Sep-2026,104.387,0.248732
09-Jul-2026,30-Oct-2026,69.5913,0.365383
09-Jul-2026,30-Oct-2026,73.9408,0.345139
09-Jul-2026,30-Oct-2026,78.2902,0.327676
09-Jul-2026,30-Oct-2026,82.6397,0.312035
09-Jul-2026,30-Oct-2026,86.9892,0.297642
09-Jul-2026,30-Oct-2026,91.3386,0.284218
09-Jul-2026,30-Oct-2026,95.6881,0.27173
09-Jul-2026,30-Oct-2026,100.038,0.260364
09-Jul-2026,30-Oct-2026,104.387,0.25045
09-Jul-2026,30-Nov-2026,69.5913,0.364886
09-Jul-2026,30-Nov-2026,73.9408,0.346161
09-Jul-2026,30-Nov-2026,78.2902,0.329531
09-Jul-2026,30-Nov-2026,82.6397,0.314362
09-Jul-2026,30-Nov-2026,86.9892,0.300269
09-Jul-2026,30-Nov-2026,91.3386,0.287066
09-Jul-2026,30-Nov-2026,95.6881,0.274751
09-Jul-2026,30-Nov-2026,100.038,0.26349
09-Jul-2026,30-Nov-2026,104.387,0.253562
09-Jul-2026,31-Dec-2026,69.5913,0.364651
09-Jul-2026,31-Dec-2026,73.9408,0.346945
09-Jul-2026,31-Dec-2026,78.2902,0.330948
09-Jul-2026,31-Dec-2026,82.6397,0.316202
09-Jul-2026,31-Dec-2026,86.9892,0.302426
09-Jul-2026,31-Dec-2026,91.3386,0.289488
09-Jul-2026,31-Dec-2026,95.6881,0.2774
09-Jul-2026,31-Dec-2026,100.038,0.266303
09-Jul-2026,31-Dec-2026,104.387,0.256428
09-Jul-2026,29-Jan-2027,69.5913,0.365264
09-Jul-2026,29-Jan-2027,73.9408,0.348238
09-Jul-2026,29-Jan-2027,78.2902,0.332698
09-Jul-2026,29-Jan-2027,82.6397,0.318287
09-Jul-2026,29-Jan-2027,86.9892,0.304784
09-Jul-2026,29-Jan-2027,91.3386,0.292089
09-Jul-2026,29-Jan-2027,95.6881,0.280216
09-Jul-2026,29-Jan-2027,100.038,0.269283
09-Jul-2026,29-Jan-2027,104.387,0.259479
09-Jul-2026,26-Feb-2027,69.5913,0.363222
09-Jul-2026,26-Feb-2027,73.9408,0.346887
09-Jul-2026,26-Feb-2027,78.2902,0.331872
09-Jul-2026,26-Feb-2027,82.6397,0.317888
09-Jul-2026,26-Feb-2027,86.9892,0.304756
09-Jul-2026,26-Feb-2027,91.3386,0.292398
09-Jul-2026,26-Feb-2027,95.6881,0.280827
09-Jul-2026,26-Feb-2027,100.038,0.270143
09-Jul-2026,26-Feb-2027,104.387,0.260504
09-Jul-2026,31-Mar-2027,69.5913,0.362774
09-Jul-2026,31-Mar-2027,73.9408,0.347035
09-Jul-2026,31-Mar-2027,78.2902,0.332488
09-Jul-2026,31-Mar-2027,82.6397,0.318899
09-Jul-2026,31-Mar-2027,86.9892,0.306121
09-Jul-2026,31-Mar-2027,91.3386,0.294092
09-Jul-2026,31-Mar-2027,95.6881,0.282821
09-Jul-2026,31-Mar-2027,100.038,0.272386
09-Jul-2026,31-Mar-2027,104.387,0.262912
09-Jul-2026,30-Apr-2027,69.5913,0.36206
09-Jul-2026,30-Apr-2027,73.9408,0.346815
09-Jul-2026,30-Apr-2027,78.2902,0.332676
09-Jul-2026,30-Apr-2027,82.6397,0.319442
09-Jul-2026,30-Apr-2027,86.9892,0.306991
09-Jul-2026,30-Apr-2027,91.3386,0.295266
09-Jul-2026,30-Apr-2027,95.6881,0.284275
09-Jul-2026,30-Apr-2027,100.038,0.274077
09-Jul-2026,30-Apr-2027,104.387,0.264773
09-Jul-2026,31-May-2027,69.5913,0.361274
09-Jul-2026,31-May-2027,73.9408,0.346493
09-Jul-2026,31-May-2027,78.2902,0.33275
09-Jul-2026,31-May-2027,82.6397,0.319871
09-Jul-2026,31-May-2027,86.9892,0.307748
09-Jul-2026,31-May-2027,91.3386,0.296332
09-Jul-2026,31-May-2027,95.6881,0.285625
09-Jul-2026,31-May-2027,100.038,0.275672
09-Jul-2026,31-May-2027,104.387,0.266551
10-Jul-2026,17-Jul-2026,69.1462,0.686703
10-Jul-2026,17-Jul-2026,73.4678,0.524587
10-Jul-2026,17-Jul-2026,77.7895,0.388885
10-Jul-2026,17-Jul-2026,82.1111,0.333386
10-Jul-2026,17-Jul-2026,86.4327,0.313201
10-Jul-2026,17-Jul-2026,90.7544,0.298589
10-Jul-2026,17-Jul-2026,95.076,0.285585
10-Jul-2026,17-Jul-2026,99.3976,0.273922
10-Jul-2026,17-Jul-2026,103.719,0.263968
10-Jul-2026,24-Jul-2026,69.1462,0.514274
10-Jul-2026,24-Jul-2026,73.4678,0.407327
10-Jul-2026,24-Jul-2026,77.7895,0.343377
10-Jul-2026,24-Jul-2026,82.1111,0.315682
10-Jul-2026,24-Jul-2026,86.4327,0.298972
10-Jul-2026,24-Jul-2026,90.7544,0.285182
10-Jul-2026,24-Jul-2026,95.076,0.272732
10-Jul-2026,24-Jul-2026,99.3976,0.261553
10-Jul-2026,24-Jul-2026,103.719,0.252002
10-Jul-2026,31-Jul-2026,69.1462,0.459998
10-Jul-2026,31-Jul-2026,73.4678,0.386094
10-Jul-2026,31-Jul-2026,77.7895,0.34473
10-Jul-2026,31-Jul-2026,82.1111,0.321642
10-Jul-2026,31-Jul-2026,86.4327,0.305039
10-Jul-2026,31-Jul-2026,90.7544,0.290857
10-Jul-2026,31-Jul-2026,95.076,0.278038
10-Jul-2026,31-Jul-2026,99.3976,0.26655
10-Jul-2026,31-Jul-2026,103.719,0.256732
10-Jul-2026,07-Aug-2026,69.1462,0.421664
10-Jul-2026,07-Aug-2026,73.4678,0.367739
10-Jul-2026,07-Aug-2026,77.7895,0.336344
10-Jul-2026,07-Aug-2026,82.1111,0.316138
10-Jul-2026,07-Aug-2026,86.4327,0.300348
10-Jul-2026,07-Aug-2026,90.7544,0.2865
10-Jul-2026,07-Aug-2026,95.076,0.273898
10-Jul-2026,07-Aug-2026,99.3976,0.262575
10-Jul-2026,07-Aug-2026,103.719,0.252878
10-Jul-2026,14-Aug-2026,69.1462,0.400135
10-Jul-2026,14-Aug-2026,73.4678,0.35788
10-Jul-2026,14-Aug-2026,77.7895,0.33152
10-Jul-2026,14-Aug-2026,82.1111,0.312883
10-Jul-2026,14-Aug-2026,86.4327,0.297601
10-Jul-2026,14-Aug-2026,90.7544,0.283975
10-Jul-2026,14-Aug-2026,95.076,0.271513
10-Jul-2026,14-Aug-2026,99.3976,0.260291
10-Jul-2026,14-Aug-2026,103.719,0.250658
10-Jul-2026,31-Aug-2026,69.1462,0.386026
10-Jul-2026,31-Aug-2026,73.4678,0.355876
10-Jul-2026,31-Aug-2026,77.7895,0.334019
10-Jul-2026,31-Aug-2026,82.1111,0.316573
10-Jul-2026,31-Aug-2026,86.4327,0.301452
10-Jul-2026,31-Aug-2026,90.7544,0.287724
10-Jul-2026,31-Aug-2026,95.076,0.275104
10-Jul-2026,31-Aug-2026,99.3976,0.263707
10-Jul-2026,31-Aug-2026,103.719,0.253874
10-Jul-2026,30-Sep-2026,69.1462,0.37424
10-Jul-2026,30-Sep-2026,73.4678,0.351482
10-Jul-2026,30-Sep-2026,77.7895,0.332856
10-Jul-2026,30-Sep-2026,82.1111,0.316725
10-Jul-2026,30-Sep-2026,86.4327,0.302153
10-Jul-2026,30-Sep-2026,90.7544,0.288685
10-Jul-2026,30-Sep-2026,95.076,0.276205
10-Jul-2026,30-Sep-2026,99.3976,0.26486
10-Jul-2026,30-Sep-2026,103.719,0.254972
10-Jul-2026,30-Oct-2026,69.1462,0.369727
10-Jul-2026,30-Oct-2026,73.4678,0.34984
10-Jul-2026,30-Oct-2026,77.7895,0.332671
10-Jul-2026,30-Oct-2026,82.1111,0.317288
10-Jul-2026,30-Oct-2026,86.4327,0.303136
10-Jul-2026,30-Oct-2026,90.7544,0.28994
10-Jul-2026,30-Oct-2026,95.076,0.277652
10-Jul-2026,30-Oct-2026,99.3976,0.266425
10-Jul-2026,30-Oct-2026,103.719,0.256543
10-Jul-2026,30-Nov-2026,69.1462,0.369171
10-Jul-2026,30-Nov-2026,73.4678,0.350772
10-Jul-2026,30-Nov-2026,77.7895,0.334423
10-Jul-2026,30-Nov-2026,82.1111,0.319509
10-Jul-2026,30-Nov-2026,86.4327,0.305656
10-Jul-2026,30-Nov-2026,90.7544,0.292681
10-Jul-2026,30-Nov-2026,95.076,0.280567
10-Jul-2026,30-Nov-2026,99.3976,0.269451
10-Jul-2026,30-Nov-2026,103.719,0.259576
10-Jul-2026,31-Dec-2026,69.1462,0.368891
10-Jul-2026,31-Dec-2026,73.4678,0.35149
10-Jul-2026,31-Dec-2026,77.7895,0.335763
10-Jul-2026,31-Dec-2026,82.1111,0.321267
10-Jul-2026,31-Dec-2026,86.4327,0.307728
10-Jul-2026,31-Dec-2026,90.7544,0.295013
10-Jul-2026,31-Dec-2026,95.076,0.283123
10-Jul-2026,31-Dec-2026,99.3976,0.272175
10-Jul-2026,31-Dec-2026,103.719,0.262369
10-Jul-2026,29-Jan-2027,69.1462,0.369477
10-Jul-2026,29-Jan-2027,73.4678,0.352741
10-Jul-2026,29-Jan-2027,77.7895,0.337463
10-Jul-2026,29-Jan-2027,82.1111,0.323296
10-Jul-2026,29-Jan-2027,86.4327,0.310025
10-Jul-2026,29-Jan-2027,90.7544,0.297548
10-Jul-2026,29-Jan-2027,95.076,0.28587
10-Jul-2026,29-Jan-2027,99.3976,0.275087
10-Jul-2026,29-Jan-2027,103.719,0.265364
10-Jul-2026,26-Feb-2027,69.1462,0.367393
10-Jul-2026,26-Feb-2027,73.4678,0.351334
10-Jul-2026,26-Feb-2027,77.7895,0.336571
10-Jul-2026,26-Feb-2027,82.1111,0.322824
10-Jul-2026,26-Feb-2027,86.4327,0.309917
10-Jul-2026,26-Feb-2027,90.7544,0.29777
10-Jul-2026,26-Feb-2027,95.076,0.286388
10-Jul-2026,26-Feb-2027,99.3976,0.275853
10-Jul-2026,26-Feb-2027,103.719,0.266303
10-Jul-2026,31-Mar-2027,69.1462,0.366913
10-Jul-2026,31-Mar-2027,73.4678,0.351438
10-Jul-2026,31-Mar-2027,77.7895,0.337135
10-Jul-2026,31-Mar-2027,82.1111,0.323775
10-Jul-2026,31-Mar-2027,86.4327,0.311215
10-Jul-2026,31-Mar-2027,90.7544,0.299389
10-Jul-2026,31-Mar-2027,95.076,0.288301
10-Jul-2026,31-Mar-2027,99.3976,0.278015
10-Jul-2026,31-Mar-2027,103.719,0.268636
10-Jul-2026,30-Apr-2027,69.1462,0.366172
10-Jul-2026,30-Apr-2027,73.4678,0.351181
10-Jul-2026,30-Apr-2027,77.7895,0.337277
10-Jul-2026,30-Apr-2027,82.1111,0.324266
10-Jul-2026,30-Apr-2027,86.4327,0.312025
10-Jul-2026,30-Apr-2027,90.7544,0.300498
10-Jul-2026,30-Apr-2027,95.076,0.289684
10-Jul-2026,30-Apr-2027,99.3976,0.279632
10-Jul-2026,30-Apr-2027,103.719,0.270428
10-Jul-2026,31-May-2027,69.1462,0.365359
10-Jul-2026,31-May-2027,73.4678,0.350823
10-Jul-2026,31-May-2027,77.7895,0.337308
10-Jul-2026,31-May-2027,82.1111,0.324644
10-Jul-2026,31-May-2027,86.4327,0.312725
10-Jul-2026,31-May-2027,90.7544,0.301499
10-Jul-2026,31-May-2027,95.076,0.290964
10-Jul-2026,31-May-2027,99.3976,0.281154
10-Jul-2026,31-May-2027,103.719,0.272138
13-Jul-2026,17-Jul-2026,68.284,0.298611
13-Jul-2026,17-Jul-2026,72.5518,0.287876
13-Jul-2026,17-Jul-2026,76.8195,0.27723
13-Jul-2026,17-Jul-2026,81.0873,0.266723
13-Jul-2026,17-Jul-2026,85.355,0.25639
13-Jul-2026,17-Jul-2026,89.6228,0.246324
13-Jul-2026,17-Jul-2026,93.8905,0.236704
13-Jul-2026,17-Jul-2026,98.1583,0.227811
13-Jul-2026,24-Jul-2026,68.284,0.549516
13-Jul-2026,24-Jul-2026,72.5518,0.426356
13-Jul-2026,24-Jul-2026,76.8195,0.347234
13-Jul-2026,24-Jul-2026,81.0873,0.3176
13-Jul-2026,24-Jul-2026,85.355,0.301828
13-Jul-2026,24-Jul-2026,89.6228,0.288993
13-Jul-2026,24-Jul-2026,93.8905,0.277335
13-Jul-2026,24-Jul-2026,98.1583,0.266736
13-Jul-2026,24-Jul-2026,102.426,0.257467
13-Jul-2026,31-Jul-2026,68.284,0.458292
13-Jul-2026,31-Jul-2026,72.5518,0.377204
13-Jul-2026,31-Jul-2026,76.8195,0.334723
13-Jul-2026,31-Jul-2026,81.0873,0.313633
13-Jul-2026,31-Jul-2026,85.355,0.298908
13-Jul-2026,31-Jul-2026,89.6228,0.286234
13-Jul-2026,31-Jul-2026,93.8905,0.274651
13-Jul-2026,31-Jul-2026,98.1583,0.264118
13-Jul-2026,31-Jul-2026,102.426,0.254902
13-Jul-2026,07-Aug-2026,68.284,0.431187
13-Jul-2026,07-Aug-2026,72.5518,0.373945
13-Jul-2026,07-Aug-2026,76.8195,0.342098
13-Jul-2026,07-Aug-2026,81.0873,0.32248
13-Jul-2026,07-Aug-2026,85.355,0.307403
13-Jul-2026,07-Aug-2026,89.6228,0.294224
13-Jul-2026,07-Aug-2026,93.8905,0.282202
13-Jul-2026,07-Aug-2026,98.1583,0.271296
13-Jul-2026,07-Aug-2026,102.426,0.261757
13-Jul-2026,14-Aug-2026,68.284,0.406675
13-Jul-2026,14-Aug-2026,72.5518,0.363475
13-Jul-2026,14-Aug-2026,76.8195,0.337486
13-Jul-2026,14-Aug-2026,81.0873,0.319536
13-Jul-2026,14-Aug-2026,85.355,0.304938
13-Jul-2026,14-Aug-2026,89.6228,0.291945
13-Jul-2026,14-Aug-2026,93.8905,0.280033
13-Jul-2026,14-Aug-2026,98.1583,0.269209
13-Jul-2026,14-Aug-2026,102.426,0.259724
13-Jul-2026,31-Aug-2026,68.284,0.385093
13-Jul-2026,31-Aug-2026,72.5518,0.356144
13-Jul-2026,31-Aug-2026,76.8195,0.335546
13-Jul-2026,31-Aug-2026,81.0873,0.319204
13-Jul-2026,31-Aug-2026,85.355,0.30504
13-Jul-2026,31-Aug-2026,89.6228,0.29216
13-Jul-2026,31-Aug-2026,93.8905,0.280273
13-Jul-2026,31-Aug-2026,98.1583,0.269437
13-Jul-2026,31-Aug-2026,102.426,0.259904
13-Jul-2026,30-Sep-2026,68.284,0.376696
13-Jul-2026,30-Sep-2026,72.5518,0.35498
13-Jul-2026,30-Sep-2026,76.8195,0.337271
13-Jul-2026,30-Sep-2026,81.0873,0.321947
13-Jul-2026,30-Sep-2026,85.355,0.308105
13-Jul-2026,30-Sep-2026,89.6228,0.295307
13-Jul-2026,30-Sep-2026,93.8905,0.283417
13-Jul-2026,30-Sep-2026,98.1583,0.272526
13-Jul-2026,30-Sep-2026,102.426,0.262873
13-Jul-2026,30-Oct-2026,68.284,0.373873
13-Jul-2026,30-Oct-2026,72.5518,0.354824
13-Jul-2026,30-Oct-2026,76.8195,0.338393
13-Jul-2026,30-Oct-2026,81.0873,0.323678
13-Jul-2026,30-Oct-2026,85.355,0.310144
13-Jul-2026,30-Oct-2026,89.6228,0.297525
13-Jul-2026,30-Oct-2026,93.8905,0.28575
13-Jul-2026,30-Oct-2026,98.1583,0.274918
13-Jul-2026,30-Oct-2026,102.426,0.265246
13-Jul-2026,30-Nov-2026,68.284,0.376831
13-Jul-2026,30-Nov-2026,72.5518,0.358965
13-Jul-2026,30-Nov-2026,76.8195,0.343099
13-Jul-2026,30-Nov-2026,81.0873,0.328642
13-Jul-2026,30-Nov-2026,85.355,0.315227
13-Jul-2026,30-Nov-2026,89.6228,0.30267
13-Jul-2026,30-Nov-2026,93.8905,0.29093
13-Jul-2026,30-Nov-2026,98.1583,0.280097
13-Jul-2026,30-Nov-2026,102.426,0.270356
13-Jul-2026,31-Dec-2026,68.284,0.374799
13-Jul-2026,31-Dec-2026,72.5518,0.358007
13-Jul-2026,31-Dec-2026,76.8195,0.342835
13-Jul-2026,31-Dec-2026,81.0873,0.328858
13-Jul-2026,31-Dec-2026,85.355,0.315809
13-Jul-2026,31-Dec-2026,89.6228,0.303555
13-Jul-2026,31-Dec-2026,93.8905,0.292075
13-Jul-2026,31-Dec-2026,98.1583,0.281449
13-Jul-2026,31-Dec-2026,102.426,0.271835
13-Jul-2026,29-Jan-2027,68.284,0.375842
13-Jul-2026,29-Jan-2027,72.5518,0.359654
13-Jul-2026,29-Jan-2027,76.8195,0.344881
13-Jul-2026,29-Jan-2027,81.0873,0.331189
13-Jul-2026,29-Jan-2027,85.355,0.318369
13-Jul-2026,29-Jan-2027,89.6228,0.306314
13-Jul-2026,29-Jan-2027,93.8905,0.295011
13-Jul-2026,29-Jan-2027,98.1583,0.284528
13-Jul-2026,29-Jan-2027,102.426,0.274992
13-Jul-2026,26-Feb-2027,68.284,0.375481
13-Jul-2026,26-Feb-2027,72.5518,0.359846
13-Jul-2026,26-Feb-2027,76.8195,0.345482
13-Jul-2026,26-Feb-2027,81.0873,0.332114
13-Jul-2026,26-Feb-2027,85.355,0.319571
13-Jul-2026,26-Feb-2027,89.6228,0.307766
13-Jul-2026,26-Feb-2027,93.8905,0.29669
13-Jul-2026,26-Feb-2027,98.1583,0.286398
13-Jul-2026,26-Feb-2027,102.426,0.276995
13-Jul-2026,31-Mar-2027,68.284,0.375074
13-Jul-2026,31-Mar-2027,72.5518,0.359996
13-Jul-2026,31-Mar-2027,76.8195,0.346067
13-Jul-2026,31-Mar-2027,81.0873,0.333063
13-Jul-2026,31-Mar-2027,85.355,0.320844
13-Jul-2026,31-Mar-2027,89.6228,0.309338
13-Jul-2026,31-Mar-2027,93.8905,0.298535
13-Jul-2026,31-Mar-2027,98.1583,0.288478
13-Jul-2026,31-Mar-2027,102.426,0.279249
13-Jul-2026,30-Apr-2027,68.284,0.374369
13-Jul-2026,30-Apr-2027,72.5518,0.359753
13-Jul-2026,30-Apr-2027,76.8195,0.346204
13-Jul-2026,30-Apr-2027,81.0873,0.333531
13-Jul-2026,30-Apr-2027,85.355,0.321612
13-Jul-2026,30-Apr-2027,89.6228,0.310385
13-Jul-2026,30-Apr-2027,93.8905,0.299839
13-Jul-2026,30-Apr-2027,98.1583,0.290007
13-Jul-2026,30-Apr-2027,102.426,0.280952
13-Jul-2026,31-May-2027,68.284,0.373576
13-Jul-2026,31-May-2027,72.5518,0.359397
13-Jul-2026,31-May-2027,76.8195,0.346219
13-Jul-2026,31-May-2027,81.0873,0.333874
13-Jul-2026,31-May-2027,85.355,0.322259
13-Jul-2026,31-May-2027,89.6228,0.311316
13-Jul-2026,31-May-2027,93.8905,0.301034
13-Jul-2026,31-May-2027,98.1583,0.291433
13-Jul-2026,31-May-2027,102.426,0.282565
14-Jul-2026,17-Jul-2026,69.5523,0.320943
14-Jul-2026,17-Jul-2026,73.8993,0.27558
14-Jul-2026,17-Jul-2026,78.2463,0.26446
14-Jul-2026,17-Jul-2026,82.5934,0.253424
14-Jul-2026,17-Jul-2026,86.9404,0.242517
14-Jul-2026,17-Jul-2026,91.2874,0.231865
14-Jul-2026,17-Jul-2026,95.6344,0.221726
14-Jul-2026,17-Jul-2026,99.9814,0.212388
14-Jul-2026,24-Jul-2026,69.5523,0.575754
14-Jul-2026,24-Jul-2026,73.8993,0.442437
14-Jul-2026,24-Jul-2026,78.2463,0.344587
14-Jul-2026,24-Jul-2026,82.5934,0.307143
14-Jul-2026,24-Jul-2026,86.9404,0.289648
14-Jul-2026,24-Jul-2026,91.2874,0.275854
14-Jul-2026,24-Jul-2026,95.6344,0.263422
14-Jul-2026,24-Jul-2026,99.9814,0.25231
14-Jul-2026,24-Jul-2026,104.328,0.242951
14-Jul-2026,31-Jul-2026,69.5523,0.468851
14-Jul-2026,31-Jul-2026,73.8993,0.37715
14-Jul-2026,31-Jul-2026,78.2463,0.325391
14-Jul-2026,31-Jul-2026,82.5934,0.301217
14-Jul-2026,31-Jul-2026,86.9404,0.285293
14-Jul-2026,31-Jul-2026,91.2874,0.271777
14-Jul-2026,31-Jul-2026,95.6344,0.259502
14-Jul-2026,31-Jul-2026,99.9814,0.248523
14-Jul-2026,31-Jul-2026,104.328,0.239261
14-Jul-2026,07-Aug-2026,69.5523,0.433795
14-Jul-2026,07-Aug-2026,73.8993,0.368084
14-Jul-2026,07-Aug-2026,78.2463,0.33109
14-Jul-2026,07-Aug-2026,82.5934,0.309382
14-Jul-2026,07-Aug-2026,86.9404,0.293202
14-Jul-2026,07-Aug-2026,91.2874,0.279183
14-Jul-2026,07-Aug-2026,95.6344,0.266468
14-Jul-2026,07-Aug-2026,99.9814,0.255116
14-Jul-2026,07-Aug-2026,104.328,0.24553
14-Jul-2026,14-Aug-2026,69.5523,0.404518
14-Jul-2026,14-Aug-2026,73.8993,0.35504
14-Jul-2026,14-Aug-2026,78.2463,0.325656
14-Jul-2026,14-Aug-2026,82.5934,0.306114
14-Jul-2026,14-Aug-2026,86.9404,0.290531
14-Jul-2026,14-Aug-2026,91.2874,0.276744
14-Jul-2026,14-Aug-2026,95.6344,0.26417
14-Jul-2026,14-Aug-2026,99.9814,0.252917
14-Jul-2026,14-Aug-2026,104.328,0.243391
14-Jul-2026,31-Aug-2026,69.5523,0.377724
14-Jul-2026,31-Aug-2026,73.8993,0.345481
14-Jul-2026,31-Aug-2026,78.2463,0.323015
14-Jul-2026,31-Aug-2026,82.5934,0.305531
14-Jul-2026,31-Aug-2026,86.9404,0.290511
14-Jul-2026,31-Aug-2026,91.2874,0.27689
14-Jul-2026,31-Aug-2026,95.6344,0.264375
14-Jul-2026,31-Aug-2026,99.9814,0.253127
14-Jul-2026,31-Aug-2026,104.328,0.243541
14-Jul-2026,30-Sep-2026,69.5523,0.366837
14-Jul-2026,30-Sep-2026,73.8993,0.343418
14-Jul-2026,30-Sep-2026,78.2463,0.324545
14-Jul-2026,30-Sep-2026,82.5934,0.308339
14-Jul-2026,30-Sep-2026,86.9404,0.293746
14-Jul-2026,30-Sep-2026,91.2874,0.280268
14-Jul-2026,30-Sep-2026,95.6344,0.267793
14-Jul-2026,30-Sep-2026,99.9814,0.256503
14-Jul-2026,30-Sep-2026,104.328,0.246765
14-Jul-2026,30-Oct-2026,69.5523,0.363394
14-Jul-2026,30-Oct-2026,73.8993,0.343155
14-Jul-2026,30-Oct-2026,78.2463,0.325815
14-Jul-2026,30-Oct-2026,82.5934,0.310344
14-Jul-2026,30-Oct-2026,86.9404,0.296134
14-Jul-2026,30-Oct-2026,91.2874,0.282892
14-Jul-2026,30-Oct-2026,95.6344,0.270577
14-Jul-2026,30-Oct-2026,99.9814,0.259367
14-Jul-2026,30-Oct-2026,104.328,0.249583
14-Jul-2026,30-Nov-2026,69.5523,0.366192
14-Jul-2026,30-Nov-2026,73.8993,0.347377
14-Jul-2026,30-Nov-2026,78.2463,0.330735
14-Jul-2026,30-Nov-2026,82.5934,0.3156
14-Jul-2026,30-Nov-2026,86.9404,0.301567
14-Jul-2026,30-Nov-2026,91.2874,0.288439
14-Jul-2026,30-Nov-2026,95.6344,0.276204
14-Jul-2026,30-Nov-2026,99.9814,0.265015
14-Jul-2026,30-Nov-2026,104.328,0.255138
14-Jul-2026,31-Dec-2026,69.5523,0.364224
14-Jul-2026,31-Dec-2026,73.8993,0.346638
14-Jul-2026,31-Dec-2026,78.2463,0.330792
14-Jul-2026,31-Dec-2026,82.5934,0.316211
14-Jul-2026,31-Dec-2026,86.9404,0.302605
14-Jul-2026,31-Dec-2026,91.2874,0.289838
14-Jul-2026,31-Dec-2026,95.6344,0.277912
14-Jul-2026,31-Dec-2026,99.9814,0.266959
14-Jul-2026,31-Dec-2026,104.328,0.257197
14-Jul-2026,29-Jan-2027,69.5523,0.365393
14-Jul-2026,29-Jan-2027,73.8993,0.348508
14-Jul-2026,29-Jan-2027,78.2463,0.333129
14-Jul-2026,29-Jan-2027,82.5934,0.318888
14-Jul-2026,29-Jan-2027,86.9404,0.30556
14-Jul-2026,29-Jan-2027,91.2874,0.293039
14-Jul-2026,29-Jan-2027,95.6344,0.281332
14-Jul-2026,29-Jan-2027,99.9814,0.270545
14-Jul-2026,29-Jan-2027,104.328,0.260856
14-Jul-2026,26-Feb-2027,69.5523,0.365202
14-Jul-2026,26-Feb-2027,73.8993,0.348945
14-Jul-2026,26-Feb-2027,78.2463,0.33403
14-Jul-2026,26-Feb-2027,82.5934,0.320162
14-Jul-2026,26-Feb-2027,86.9404,0.307156
14-Jul-2026,26-Feb-2027,91.2874,0.294929
14-Jul-2026,26-Feb-2027,95.6344,0.283486
14-Jul-2026,26-Feb-2027,99.9814,0.272914
14-Jul-2026,26-Feb-2027,104.328,0.263358
14-Jul-2026,31-Mar-2027,69.5523,0.365022
14-Jul-2026,31-Mar-2027,73.8993,0.349393
14-Jul-2026,31-Mar-2027,78.2463,0.334971
14-Jul-2026,31-Mar-2027,82.5934,0.321518
14-Jul-2026,31-Mar-2027,86.9404,0.308884
14-Jul-2026,31-Mar-2027,91.2874,0.297
14-Jul-2026,31-Mar-2027,95.6344,0.28587
14-Jul-2026,31-Mar-2027,99.9814,0.27556
14-Jul-2026,31-Mar-2027,104.328,0.26618
14-Jul-2026,30-Apr-2027,69.5523,0.364539
14-Jul-2026,30-Apr-2027,73.8993,0.349425
14-Jul-2026,30-Apr-2027,78.2463,0.335429
14-Jul-2026,30-Apr-2027,82.5934,0.322347
14-Jul-2026,30-Apr-2027,86.9404,0.310052
14-Jul-2026,30-Apr-2027,91.2874,0.298484
14-Jul-2026,30-Apr-2027,95.6344,0.287644
14-Jul-2026,30-Apr-2027,99.9814,0.277579
14-Jul-2026,30-Apr-2027,104.328,0.268379
14-Jul-2026,31-May-2027,69.5523,0.363982
14-Jul-2026,31-May-2027,73.8993,0.349352
14-Jul-2026,31-May-2027,78.2463,0.335768
14-Jul-2026,31-May-2027,82.5934,0.323053
14-Jul-2026,31-May-2027,86.9404,0.311097
14-Jul-2026,31-May-2027,91.2874,0.299848
14-Jul-2026,31-May-2027,95.6344,0.289299
14-Jul-2026,31-May-2027,99.9814,0.279487
14-Jul-2026,31-May-2027,104.328,0.270479
15-Jul-2026,17-Jul-2026,69.419,0.396896
15-Jul-2026,17-Jul-2026,73.7577,0.291656
15-Jul-2026,17-Jul-2026,78.0964,0.266256
15-Jul-2026,17-Jul-2026,82.4351,0.255292
15-Jul-2026,17-Jul-2026,86.7737,0.244464
15-Jul-2026,17-Jul-2026,91.1124,0.233893
15-Jul-2026,17-Jul-2026,95.4511,0.223826
15-Jul-2026,17-Jul-2026,99.7898,0.236364
15-Jul-2026,24-Jul-2026,69.419,0.607754
15-Jul-2026,24-Jul-2026,73.7577,0.465951
15-Jul-2026,24-Jul-2026,78.0964,0.357065
15-Jul-2026,24-Jul-2026,82.4351,0.314903
15-Jul-2026,24-Jul-2026,86.7737,0.296672
15-Jul-2026,24-Jul-2026,91.1124,0.28267
15-Jul-2026,24-Jul-2026,95.4511,0.270105
15-Jul-2026,24-Jul-2026,99.7898,0.258857
15-Jul-2026,24-Jul-2026,104.128,0.249331
15-Jul-2026,31-Jul-2026,69.419,0.483612
15-Jul-2026,31-Jul-2026,73.7577,0.387004
15-Jul-2026,31-Jul-2026,78.0964,0.331452
15-Jul-2026,31-Jul-2026,82.4351,0.306159
15-Jul-2026,31-Jul-2026,86.7737,0.28998
15-Jul-2026,31-Jul-2026,91.1124,0.27639
15-Jul-2026,31-Jul-2026,95.4511,0.264077
15-Jul-2026,31-Jul-2026,99.7898,0.253047
15-Jul-2026,31-Jul-2026,104.128,0.243691
15-Jul-2026,07-Aug-2026,69.419,0.443029
15-Jul-2026,07-Aug-2026,73.7577,0.374553
15-Jul-2026,07-Aug-2026,78.0964,0.336041
15-Jul-2026,07-Aug-2026,82.4351,0.313826
15-Jul-2026,07-Aug-2026,86.7737,0.297491
15-Jul-2026,07-Aug-2026,91.1124,0.283425
15-Jul-2026,07-Aug-2026,95.4511,0.270689
15-Jul-2026,07-Aug-2026,99.7898,0.2593
15-Jul-2026,07-Aug-2026,104.128,0.249633
15-Jul-2026,14-Aug-2026,69.419,0.410969
15-Jul-2026,14-Aug-2026,73.7577,0.359891
15-Jul-2026,14-Aug-2026,78.0964,0.329737
15-Jul-2026,14-Aug-2026,82.4351,0.309922
15-Jul-2026,14-Aug-2026,86.7737,0.294256
15-Jul-2026,14-Aug-2026,91.1124,0.280453
15-Jul-2026,14-Aug-2026,95.4511,0.267881
15-Jul-2026,14-Aug-2026,99.7898,0.256611
15-Jul-2026,14-Aug-2026,104.128,0.247021
15-Jul-2026,31-Aug-2026,69.419,0.381787
15-Jul-2026,31-Aug-2026,73.7577,0.34902
15-Jul-2026,31-Aug-2026,78.0964,0.326309
15-Jul-2026,31-Aug-2026,82.4351,0.308733
15-Jul-2026,31-Aug-2026,86.7737,0.293694
15-Jul-2026,31-Aug-2026,91.1124,0.280088
15-Jul-2026,31-Aug-2026,95.4511,0.267596
15-Jul-2026,31-Aug-2026,99.7898,0.256349
15-Jul-2026,31-Aug-2026,104.128,0.246719
15-Jul-2026,30-Sep-2026,69.419,0.369902
15-Jul-2026,30-Sep-2026,73.7577,0.34634
15-Jul-2026,30-Sep-2026,78.0964,0.327401
15-Jul-2026,30-Sep-2026,82.4351,0.311177
15-Jul-2026,30-Sep-2026,86.7737,0.296597
15-Jul-2026,30-Sep-2026,91.1124,0.283149
15-Jul-2026,30-Sep-2026,95.4511,0.270706
15-Jul-2026,30-Sep-2026,99.7898,0.259428
15-Jul-2026,30-Sep-2026,104.128,0.249659
15-Jul-2026,30-Oct-2026,69.419,0.366133
15-Jul-2026,30-Oct-2026,73.7577,0.345836
15-Jul-2026,30-Oct-2026,78.0964,0.328474
15-Jul-2026,30-Oct-2026,82.4351,0.313007
15-Jul-2026,30-Oct-2026,86.7737,0.29882
15-Jul-2026,30-Oct-2026,91.1124,0.285613
15-Jul-2026,30-Oct-2026,95.4511,0.273331
15-Jul-2026,30-Oct-2026,99.7898,0.262135
15-Jul-2026,30-Oct-2026,104.128,0.252329
15-Jul-2026,30-Nov-2026,69.419,0.368815
15-Jul-2026,30-Nov-2026,73.7577,0.349971
15-Jul-2026,30-Nov-2026,78.0964,0.333322
15-Jul-2026,30-Nov-2026,82.4351,0.318198
15-Jul-2026,30-Nov-2026,86.7737,0.30419
15-Jul-2026,30-Nov-2026,91.1124,0.291094
15-Jul-2026,30-Nov-2026,95.4511,0.278889
15-Jul-2026,30-Nov-2026,99.7898,0.267713
15-Jul-2026,30-Nov-2026,104.128,0.257818
15-Jul-2026,31-Dec-2026,69.419,0.366726
15-Jul-2026,31-Dec-2026,73.7577,0.349127
15-Jul-2026,31-Dec-2026,78.0964,0.333283
15-Jul-2026,31-Dec-2026,82.4351,0.318717
15-Jul-2026,31-Dec-2026,86.7737,0.305136
15-Jul-2026,31-Dec-2026,91.1124,0.292398
15-Jul-2026,31-Dec-2026,95.4511,0.280499
15-Jul-2026,31-Dec-2026,99.7898,0.269559
15-Jul-2026,31-Dec-2026,104.128,0.259785
15-Jul-2026,29-Jan-2027,69.419,0.367842
15-Jul-2026,29-Jan-2027,73.7577,0.35095
15-Jul-2026,29-Jan-2027,78.0964,0.335576
15-Jul-2026,29-Jan-2027,82.4351,0.321351
15-Jul-2026,29-Jan-2027,86.7737,0.308045
15-Jul-2026,29-Jan-2027,91.1124,0.29555
15-Jul-2026,29-Jan-2027,95.4511,0.283866
15-Jul-2026,29-Jan-2027,99.7898,0.27309
15-Jul-2026,29-Jan-2027,104.128,0.263391
15-Jul-2026,26-Feb-2027,69.419,0.3676
15-Jul-2026,26-Feb-2027,73.7577,0.351339
15-Jul-2026,26-Feb-2027,78.0964,0.336431
15-Jul-2026,26-Feb-2027,82.4351,0.322578
15-Jul-2026,26-Feb-2027,86.7737,0.309592
15-Jul-2026,26-Feb-2027,91.1124,0.297388
15-Jul-2026,26-Feb-2027,95.4511,0.285965
15-Jul-2026,26-Feb-2027,99.7898,0.275402
15-Jul-2026,26-Feb-2027,104.128,0.265838
15-Jul-2026,31-Mar-2027,69.419,0.367371
15-Jul-2026,31-Mar-2027,73.7577,0.35174
15-Jul-2026,31-Mar-2027,78.0964,0.337325
15-Jul-2026,31-Mar-2027,82.4351,0.323886
15-Jul-2026,31-Mar-2027,86.7737,0.311269
15-Jul-2026,31-Mar-2027,91.1124,0.299405
15-Jul-2026,31-Mar-2027,95.4511,0.288291
15-Jul-2026,31-Mar-2027,99.7898,0.277988
15-Jul-2026,31-Mar-2027,104.128,0.268601
15-Jul-2026,30-Apr-2027,69.419,0.366847
15-Jul-2026,30-Apr-2027,73.7577,0.351733
15-Jul-2026,30-Apr-2027,78.0964,0.337744
15-Jul-2026,30-Apr-2027,82.4351,0.324674
15-Jul-2026,30-Apr-2027,86.7737,0.312394
15-Jul-2026,30-Apr-2027,91.1124,0.300843
15-Jul-2026,30-Apr-2027,95.4511,0.290015
15-Jul-2026,30-Apr-2027,99.7898,0.279957
15-Jul-2026,30-Apr-2027,104.128,0.270751
15-Jul-2026,31-May-2027,69.419,0.366253
15-Jul-2026,31-May-2027,73.7577,0.351623
15-Jul-2026,31-May-2027,78.0964,0.338045
15-Jul-2026,31-May-2027,82.4351,0.32534
15-Jul-2026,31-May-2027,86.7737,0.313398
15-Jul-2026,31-May-2027,91.1124,0.302162
15-Jul-2026,31-May-2027,95.4511,0.291624
15-Jul-2026,31-May-2027,99.7898,0.281817
15-Jul-2026,31-May-2027,104.128,0.272803
16-Jul-2026,17-Jul-2026,68.5244,0.559366
16-Jul-2026,17-Jul-2026,72.8071,0.410221
16-Jul-2026,17-Jul-2026,77.0899,0.272765
16-Jul-2026,17-Jul-2026,81.3727,0.26566
16-Jul-2026,17-Jul-2026,85.6555,0.25527
16-Jul-2026,17-Jul-2026,89.9382,0.245147
16-Jul-2026,17-Jul-2026,94.221,0.241071
16-Jul-2026,17-Jul-2026,98.5038,0.349429
16-Jul-2026,24-Jul-2026,68.5244,0.643363
16-Jul-2026,24-Jul-2026,72.8071,0.492985
16-Jul-2026,24-Jul-2026,77.0899,0.377394
16-Jul-2026,24-Jul-2026,81.3727,0.333634
16-Jul-2026,24-Jul-2026,85.6555,0.315432
16-Jul-2026,24-Jul-2026,89.9382,0.301666
16-Jul-2026,24-Jul-2026,94.221,0.289326
16-Jul-2026,24-Jul-2026,98.5038,0.278154
16-Jul-2026,24-Jul-2026,102.787,0.268422
16-Jul-2026,31-Jul-2026,68.5244,0.498675
16-Jul-2026,31-Jul-2026,72.8071,0.400459
16-Jul-2026,31-Jul-2026,77.0899,0.345538
16-Jul-2026,31-Jul-2026,81.3727,0.320836
16-Jul-2026,31-Jul-2026,85.6555,0.305069
16-Jul-2026,31-Jul-2026,89.9382,0.291868
16-Jul-2026,31-Jul-2026,94.221,0.279893
16-Jul-2026,31-Jul-2026,98.5038,0.269043
16-Jul-2026,31-Jul-2026,102.787,0.259586
16-Jul-2026,07-Aug-2026,68.5244,0.453569
16-Jul-2026,07-Aug-2026,72.8071,0.386383
16-Jul-2026,07-Aug-2026,77.0899,0.349314
16-Jul-2026,07-Aug-2026,81.3727,0.327856
16-Jul-2026,07-Aug-2026,85.6555,0.312021
16-Jul-2026,07-Aug-2026,89.9382,0.298389
16-Jul-2026,07-Aug-2026,94.221,0.286021
16-Jul-2026,07-Aug-2026,98.5038,0.274839
16-Jul-2026,07-Aug-2026,102.787,0.265098
16-Jul-2026,14-Aug-2026,68.5244,0.420084
16-Jul-2026,14-Aug-2026,72.8071,0.370907
16-Jul-2026,14-Aug-2026,77.0899,0.342078
16-Jul-2026,14-Aug-2026,81.3727,0.322993
16-Jul-2026,14-Aug-2026,85.6555,0.307844
16-Jul-2026,14-Aug-2026,89.9382,0.294494
16-Jul-2026,14-Aug-2026,94.221,0.282305
16-Jul-2026,14-Aug-2026,98.5038,0.271262
16-Jul-2026,14-Aug-2026,102.787,0.261624
16-Jul-2026,31-Aug-2026,68.5244,0.390564
16-Jul-2026,31-Aug-2026,72.8071,0.359384
16-Jul-2026,31-Aug-2026,77.0899,0.337661
16-Jul-2026,31-Aug-2026,81.3727,0.320734
16-Jul-2026,31-Aug-2026,85.6555,0.30621
16-Jul-2026,31-Aug-2026,89.9382,0.293063
16-Jul-2026,31-Aug-2026,94.221,0.280961
16-Jul-2026,31-Aug-2026,98.5038,0.269956
16-Jul-2026,31-Aug-2026,102.787,0.260312
16-Jul-2026,30-Sep-2026,68.5244,0.37862
16-Jul-2026,30-Sep-2026,72.8071,0.356073
16-Jul-2026,30-Sep-2026,77.0899,0.337849
16-Jul-2026,30-Sep-2026,81.3727,0.322179
16-Jul-2026,30-Sep-2026,85.6555,0.308076
16-Jul-2026,30-Sep-2026,89.9382,0.295061
16-Jul-2026,30-Sep-2026,94.221,0.282986
16-Jul-2026,30-Sep-2026,98.5038,0.271947
16-Jul-2026,30-Sep-2026,102.787,0.2622
16-Jul-2026,30-Oct-2026,68.5244,0.374547
16-Jul-2026,30-Oct-2026,72.8071,0.355003
16-Jul-2026,30-Oct-2026,77.0899,0.338221
16-Jul-2026,30-Oct-2026,81.3727,0.323236
16-Jul-2026,30-Oct-2026,85.6555,0.309477
16-Jul-2026,30-Oct-2026,89.9382,0.296658
16-Jul-2026,30-Oct-2026,94.221,0.284708
16-Jul-2026,30-Oct-2026,98.5038,0.273733
16-Jul-2026,30-Oct-2026,102.787,0.263969
16-Jul-2026,30-Nov-2026,68.5244,0.376862
16-Jul-2026,30-Nov-2026,72.8071,0.358626
16-Jul-2026,30-Nov-2026,77.0899,0.34247
16-Jul-2026,30-Nov-2026,81.3727,0.32777
16-Jul-2026,30-Nov-2026,85.6555,0.314141
16-Jul-2026,30-Nov-2026,89.9382,0.301387
16-Jul-2026,30-Nov-2026,94.221,0.28947
16-Jul-2026,30-Nov-2026,98.5038,0.27849
16-Jul-2026,30-Nov-2026,102.787,0.268649
16-Jul-2026,31-Dec-2026,68.5244,0.374342
16-Jul-2026,31-Dec-2026,72.8071,0.357245
16-Jul-2026,31-Dec-2026,77.0899,0.341821
16-Jul-2026,31-Dec-2026,81.3727,0.32762
16-Jul-2026,31-Dec-2026,85.6555,0.314367
16-Jul-2026,31-Dec-2026,89.9382,0.301923
16-Jul-2026,31-Dec-2026,94.221,0.290269
16-Jul-2026,31-Dec-2026,98.5038,0.279497
16-Jul-2026,31-Dec-2026,102.787,0.269779
16-Jul-2026,29-Jan-2027,68.5244,0.375059
16-Jul-2026,29-Jan-2027,72.8071,0.358599
16-Jul-2026,29-Jan-2027,77.0899,0.343589
16-Jul-2026,29-Jan-2027,81.3727,0.329683
16-Jul-2026,29-Jan-2027,85.6555,0.316661
16-Jul-2026,29-Jan-2027,89.9382,0.304416
16-Jul-2026,29-Jan-2027,94.221,0.292939
16-Jul-2026,29-Jan-2027,98.5038,0.282306
16-Jul-2026,29-Jan-2027,102.787,0.272661
16-Jul-2026,26-Feb-2027,68.5244,0.374433
16-Jul-2026,26-Feb-2027,72.8071,0.358545
16-Jul-2026,26-Feb-2027,77.0899,0.343955
16-Jul-2026,26-Feb-2027,81.3727,0.330378
16-Jul-2026,26-Feb-2027,85.6555,0.317637
16-Jul-2026,26-Feb-2027,89.9382,0.305645
16-Jul-2026,26-Feb-2027,94.221,0.294396
16-Jul-2026,26-Feb-2027,98.5038,0.283954
16-Jul-2026,26-Feb-2027,102.787,0.274438
16-Jul-2026,31-Mar-2027,68.5244,0.37376
16-Jul-2026,31-Mar-2027,72.8071,0.358446
16-Jul-2026,31-Mar-2027,77.0899,0.3443
16-Jul-2026,31-Mar-2027,81.3727,0.331093
16-Jul-2026,31-Mar-2027,85.6555,0.318679
16-Jul-2026,31-Mar-2027,89.9382,0.306988
16-Jul-2026,31-Mar-2027,94.221,0.296013
16-Jul-2026,31-Mar-2027,98.5038,0.285806
16-Jul-2026,31-Mar-2027,102.787,0.276461
16-Jul-2026,30-Apr-2027,68.5244,0.372846
16-Jul-2026,30-Apr-2027,72.8071,0.358004
16-Jul-2026,30-Apr-2027,77.0899,0.344245
16-Jul-2026,30-Apr-2027,81.3727,0.331372
16-Jul-2026,30-Apr-2027,85.6555,0.319261
16-Jul-2026,30-Apr-2027,89.9382,0.307851
16-Jul-2026,30-Apr-2027,94.221,0.297136
16-Jul-2026,30-Apr-2027,98.5038,0.287154
16-Jul-2026,30-Apr-2027,102.787,0.277981
16-Jul-2026,31-May-2027,68.5244,0.371863
16-Jul-2026,31-May-2027,72.8071,0.357465
16-Jul-2026,31-May-2027,77.0899,0.344081
16-Jul-2026,31-May-2027,81.3727,0.331541
16-Jul-2026,31-May-2027,85.6555,0.319737
16-Jul-2026,31-May-2027,89.9382,0.308614
16-Jul-2026,31-May-2027,94.221,0.298164
16-Jul-2026,31-May-2027,98.5038,0.288416
16-Jul-2026,31-May-2027,102.787,0.279428
17-Jul-2026,24-Jul-2026,68.0665,0.686796
17-Jul-2026,24-Jul-2026,72.3207,0.5254
17-Jul-2026,24-Jul-2026,76.5748,0.39696
17-Jul-2026,24-Jul-2026,80.829,0.347822
17-Jul-2026,24-Jul-2026,85.0832,0.328918
17-Jul-2026,24-Jul-2026,89.3373,0.315009
17-Jul-2026,24-Jul-2026,93.5915,0.302589
17-Jul-2026,24-Jul-2026,97.8456,0.291299
17-Jul-2026,24-Jul-2026,102.1,0.281356
17-Jul-2026,31-Jul-2026,68.0665,0.515036
17-Jul-2026,31-Jul-2026,72.3207,0.411985
17-Jul-2026,31-Jul-2026,76.5748,0.353853
17-Jul-2026,31-Jul-2026,80.829,0.32839
17-Jul-2026,31-Jul-2026,85.0832,0.312542
17-Jul-2026,31-Jul-2026,89.3373,0.299384
17-Jul-2026,31-Jul-2026,93.5915,0.28746
17-Jul-2026,31-Jul-2026,97.8456,0.276614
17-Jul-2026,31-Jul-2026,102.1,0.267068
17-Jul-2026,07-Aug-2026,68.0665,0.462581
17-Jul-2026,07-Aug-2026,72.3207,0.392889
17-Jul-2026,07-Aug-2026,76.5748,0.354681
17-Jul-2026,07-Aug-2026,80.829,0.332955
17-Jul-2026,07-Aug-2026,85.0832,0.317106
17-Jul-2026,07-Aug-2026,89.3373,0.303523
17-Jul-2026,07-Aug-2026,93.5915,0.291201
17-Jul-2026,07-Aug-2026,97.8456,0.280022
17-Jul-2026,07-Aug-2026,102.1,0.270203
17-Jul-2026,14-Aug-2026,68.0665,0.425395
17-Jul-2026,14-Aug-2026,72.3207,0.374656
17-Jul-2026,14-Aug-2026,76.5748,0.345212
17-Jul-2026,14-Aug-2026,80.829,0.32599
17-Jul-2026,14-Aug-2026,85.0832,0.310852
17-Jul-2026,14-Aug-2026,89.3373,0.297552
17-Jul-2026,14-Aug-2026,93.5915,0.285405
17-Jul-2026,14-Aug-2026,97.8456,0.274364
17-Jul-2026,14-Aug-2026,102.1,0.264662
17-Jul-2026,21-Aug-2026,68.0665,0.404282
17-Jul-2026,21-Aug-2026,72.3207,0.364264
17-Jul-2026,21-Aug-2026,76.5748,0.339233
17-Jul-2026,21-Aug-2026,80.829,0.321373
17-Jul-2026,21-Aug-2026,85.0832,0.306668
17-Jul-2026,21-Aug-2026,89.3373,0.293543
17-Jul-2026,21-Aug-2026,93.5915,0.281498
17-Jul-2026,21-Aug-2026,97.8456,0.270533
17-Jul-2026,21-Aug-2026,102.1,0.260891
17-Jul-2026,31-Aug-2026,68.0665,0.391099
17-Jul-2026,31-Aug-2026,72.3207,0.359006
17-Jul-2026,31-Aug-2026,76.5748,0.336912
17-Jul-2026,31-Aug-2026,80.829,0.319866
17-Jul-2026,31-Aug-2026,85.0832,0.305314
17-Jul-2026,31-Aug-2026,89.3373,0.292163
17-Jul-2026,31-Aug-2026,93.5915,0.280051
17-Jul-2026,31-Aug-2026,97.8456,0.269013
17-Jul-2026,31-Aug-2026,102.1,0.259302
17-Jul-2026,30-Sep-2026,68.0665,0.373376
17-Jul-2026,30-Sep-2026,72.3207,0.350036
17-Jul-2026,30-Sep-2026,76.5748,0.331391
17-Jul-2026,30-Sep-2026,80.829,0.315485
17-Jul-2026,30-Sep-2026,85.0832,0.301225
17-Jul-2026,30-Sep-2026,89.3373,0.288079
17-Jul-2026,30-Sep-2026,93.5915,0.275879
17-Jul-2026,30-Sep-2026,97.8456,0.264724
17-Jul-2026,30-Sep-2026,102.1,0.254885
17-Jul-2026,30-Oct-2026,68.0665,0.364339
17-Jul-2026,30-Oct-2026,72.3207,0.343967
17-Jul-2026,30-Oct-2026,76.5748,0.326665
17-Jul-2026,30-Oct-2026,80.829,0.311323
17-Jul-2026,30-Oct-2026,85.0832,0.297285
17-Jul-2026,30-Oct-2026,89.3373,0.284217
17-Jul-2026,30-Oct-2026,93.5915,0.272038
17-Jul-2026,30-Oct-2026,97.8456,0.260873
17-Jul-2026,30-Oct-2026,102.1,0.250991
17-Jul-2026,30-Nov-2026,68.0665,0.361547
17-Jul-2026,30-Nov-2026,72.3207,0.34238
17-Jul-2026,30-Nov-2026,76.5748,0.325575
17-Jul-2026,30-Nov-2026,80.829,0.310384
17-Jul-2026,30-Nov-2026,85.0832,0.296346
17-Jul-2026,30-Nov-2026,89.3373,0.283226
17-Jul-2026,30-Nov-2026,93.5915,0.270982
17-Jul-2026,30-Nov-2026,97.8456,0.259745
17-Jul-2026,30-Nov-2026,102.1,0.24976
17-Jul-2026,31-Dec-2026,68.0665,0.354746
17-Jul-2026,31-Dec-2026,72.3207,0.336666
17-Jul-2026,31-Dec-2026,76.5748,0.320514
17-Jul-2026,31-Dec-2026,80.829,0.305737
17-Jul-2026,31-Dec-2026,85.0832,0.29199
17-Jul-2026,31-Dec-2026,89.3373,0.279105
17-Jul-2026,31-Dec-2026,93.5915,0.267067
17-Jul-2026,31-Dec-2026,97.8456,0.255999
17-Jul-2026,31-Dec-2026,102.1,0.246123
17-Jul-2026,29-Jan-2027,68.0665,0.351419
17-Jul-2026,29-Jan-2027,72.3207,0.333904
17-Jul-2026,29-Jan-2027,76.5748,0.318085
17-Jul-2026,29-Jan-2027,80.829,0.303519
17-Jul-2026,29-Jan-2027,85.0832,0.289931
17-Jul-2026,29-Jan-2027,89.3373,0.277187
17-Jul-2026,29-Jan-2027,93.5915,0.265282
17-Jul-2026,29-Jan-2027,97.8456,0.254328
17-Jul-2026,29-Jan-2027,102.1,0.244514
17-Jul-2026,26-Feb-2027,68.0665,0.347299
17-Jul-2026,26-Feb-2027,72.3207,0.33031
17-Jul-2026,26-Feb-2027,76.5748,0.314855
17-Jul-2026,26-Feb-2027,80.829,0.300565
17-Jul-2026,26-Feb-2027,85.0832,0.287211
17-Jul-2026,26-Feb-2027,89.3373,0.274684
17-Jul-2026,26-Feb-2027,93.5915,0.262986
17-Jul-2026,26-Feb-2027,97.8456,0.252212
17-Jul-2026,26-Feb-2027,102.1,0.242522
17-Jul-2026,31-Mar-2027,68.0665,0.342795
17-Jul-2026,31-Mar-2027,72.3207,0.326334
17-Jul-2026,31-Mar-2027,76.5748,0.311272
17-Jul-2026,31-Mar-2027,80.829,0.297305
17-Jul-2026,31-Mar-2027,85.0832,0.284241
17-Jul-2026,31-Mar-2027,89.3373,0.271993
17-Jul-2026,31-Mar-2027,93.5915,0.260559
17-Jul-2026,31-Mar-2027,97.8456,0.250017
17-Jul-2026,31-Mar-2027,102.1,0.240496
17-Jul-2026,30-Apr-2027,68.0665,0.338705
17-Jul-2026,30-Apr-2027,72.3207,0.322689
17-Jul-2026,30-Apr-2027,76.5748,0.307982
17-Jul-2026,30-Apr-2027,80.829,0.294323
17-Jul-2026,30-Apr-2027,85.0832,0.281546
17-Jul-2026,30-Apr-2027,89.3373,0.269572
17-Jul-2026,30-Apr-2027,93.5915,0.258399
17-Jul-2026,30-Apr-2027,97.8456,0.248087
17-Jul-2026,30-Apr-2027,102.1,0.238743
17-Jul-2026,31-May-2027,68.0665,0.334689
17-Jul-2026,31-May-2027,72.3207,0.319097
17-Jul-2026,31-May-2027,76.5748,0.304746
17-Jul-2026,31-May-2027,80.829,0.291405
17-Jul-2026,31-May-2027,85.0832,0.278929
17-Jul-2026,31-May-2027,89.3373,0.267244
17-Jul-2026,31-May-2027,93.5915,0.256346
17-Jul-2026,31-May-2027,97.8456,0.246278
17-Jul-2026,31-May-2027,102.1,0.237124
20-Jul-2026,24-Jul-2026,66.3191,0.315065
20-Jul-2026,24-Jul-2026,70.464,0.304794
20-Jul-2026,24-Jul-2026,74.6089,0.294751
20-Jul-2026,24-Jul-2026,78.7539,0.284901
20-Jul-2026,24-Jul-2026,82.8988,0.275267
20-Jul-2026,24-Jul-2026,87.0438,0.265909
20-Jul-2026,24-Jul-2026,91.1887,0.256938
20-Jul-2026,24-Jul-2026,95.3336,0.248519
20-Jul-2026,24-Jul-2026,99.4786,0.240692
20-Jul-2026,31-Jul-2026,66.3191,0.550923
20-Jul-2026,31-Jul-2026,70.464,0.43201
20-Jul-2026,31-Jul-2026,74.6089,0.363049
20-Jul-2026,31-Jul-2026,78.7539,0.337216
20-Jul-2026,31-Jul-2026,82.8988,0.32262
20-Jul-2026,31-Jul-2026,87.0438,0.310634
20-Jul-2026,31-Jul-2026,91.1887,0.299718
20-Jul-2026,31-Jul-2026,95.3336,0.28966
20-Jul-2026,31-Jul-2026,99.4786,0.280579
20-Jul-2026,07-Aug-2026,66.3191,0.462152
20-Jul-2026,07-Aug-2026,70.464,0.38819
20-Jul-2026,07-Aug-2026,74.6089,0.351258
20-Jul-2026,07-Aug-2026,78.7539,0.33216
20-Jul-2026,07-Aug-2026,82.8988,0.318456
20-Jul-2026,07-Aug-2026,87.0438,0.306615
20-Jul-2026,07-Aug-2026,91.1887,0.295763
20-Jul-2026,07-Aug-2026,95.3336,0.285765
20-Jul-2026,07-Aug-2026,99.4786,0.276741
20-Jul-2026,14-Aug-2026,66.3191,0.438345
20-Jul-2026,14-Aug-2026,70.464,0.386848
20-Jul-2026,14-Aug-2026,74.6089,0.35834
20-Jul-2026,14-Aug-2026,78.7539,0.340273
20-Jul-2026,14-Aug-2026,82.8988,0.326197
20-Jul-2026,14-Aug-2026,87.0438,0.31387
20-Jul-2026,14-Aug-2026,91.1887,0.302593
20-Jul-2026,14-Aug-2026,95.3336,0.292234
20-Jul-2026,14-Aug-2026,99.4786,0.282899
20-Jul-2026,21-Aug-2026,66.3191,0.415533
20-Jul-2026,21-Aug-2026,70.464,0.376551
20-Jul-2026,21-Aug-2026,74.6089,0.352891
20-Jul-2026,21-Aug-2026,78.7539,0.336226
20-Jul-2026,21-Aug-2026,82.8988,0.322572
20-Jul-2026,21-Aug-2026,87.0438,0.310413
20-Jul-2026,21-Aug-2026,91.1887,0.299237
20-Jul-2026,21-Aug-2026,95.3336,0.288955
20-Jul-2026,21-Aug-2026,99.4786,0.279682
20-Jul-2026,31-Aug-2026,66.3191,0.402961
20-Jul-2026,31-Aug-2026,70.464,0.372537
20-Jul-2026,31-Aug-2026,74.6089,0.351866
20-Jul-2026,31-Aug-2026,78.7539,0.335987
20-Jul-2026,31-Aug-2026,82.8988,0.32247
20-Jul-2026,31-Aug-2026,87.0438,0.310284
20-Jul-2026,31-Aug-2026,91.1887,0.299047
20-Jul-2026,31-Aug-2026,95.3336,0.288701
20-Jul-2026,31-Aug-2026,99.4786,0.279363
20-Jul-2026,30-Sep-2026,66.3191,0.387778
20-Jul-2026,30-Sep-2026,70.464,0.366091
20-Jul-2026,30-Sep-2026,74.6089,0.348775
20-Jul-2026,30-Sep-2026,78.7539,0.33402
20-Jul-2026,30-Sep-2026,82.8988,0.32083
20-Jul-2026,30-Sep-2026,87.0438,0.308708
20-Jul-2026,30-Sep-2026,91.1887,0.297454
20-Jul-2026,30-Sep-2026,95.3336,0.287061
20-Jul-2026,30-Sep-2026,99.4786,0.277645
20-Jul-2026,30-Oct-2026,66.3191,0.38056
20-Jul-2026,30-Oct-2026,70.464,0.361718
20-Jul-2026,30-Oct-2026,74.6089,0.345721
20-Jul-2026,30-Oct-2026,78.7539,0.331566
20-Jul-2026,30-Oct-2026,82.8988,0.318665
20-Jul-2026,30-Oct-2026,87.0438,0.306703
20-Jul-2026,30-Oct-2026,91.1887,0.295554
20-Jul-2026,30-Oct-2026,95.3336,0.28523
20-Jul-2026,30-Oct-2026,99.4786,0.275842
20-Jul-2026,30-Nov-2026,66.3191,0.379561
20-Jul-2026,30-Nov-2026,70.464,0.361899
20-Jul-2026,30-Nov-2026,74.6089,0.346438
20-Jul-2026,30-Nov-2026,78.7539,0.33251
20-Jul-2026,30-Nov-2026,82.8988,0.319702
20-Jul-2026,30-Nov-2026,87.0438,0.307784
20-Jul-2026,30-Nov-2026,91.1887,0.296663
20-Jul-2026,30-Nov-2026,95.3336,0.286353
20-Jul-2026,30-Nov-2026,99.4786,0.276945
20-Jul-2026,31-Dec-2026,66.3191,0.373904
20-Jul-2026,31-Dec-2026,70.464,0.357322
20-Jul-2026,31-Dec-2026,74.6089,0.342546
20-Jul-2026,31-Dec-2026,78.7539,0.329088
20-Jul-2026,31-Dec-2026,82.8988,0.316636
20-Jul-2026,31-Dec-2026,87.0438,0.305016
20-Jul-2026,31-Dec-2026,91.1887,0.294158
20-Jul-2026,31-Dec-2026,95.3336,0.284075
20-Jul-2026,31-Dec-2026,99.4786,0.274843
20-Jul-2026,29-Jan-2027,66.3191,0.371733
20-Jul-2026,29-Jan-2027,70.464,0.355743
20-Jul-2026,29-Jan-2027,74.6089,0.341352
20-Jul-2026,29-Jan-2027,78.7539,0.328168
20-Jul-2026,29-Jan-2027,82.8988,0.315937
20-Jul-2026,29-Jan-2027,87.0438,0.304515
20-Jul-2026,29-Jan-2027,91.1887,0.293841
20-Jul-2026,29-Jan-2027,95.3336,0.283923
20-Jul-2026,29-Jan-2027,99.4786,0.274817
20-Jul-2026,26-Feb-2027,66.3191,0.368539
20-Jul-2026,26-Feb-2027,70.464,0.3531
20-Jul-2026,26-Feb-2027,74.6089,0.339113
20-Jul-2026,26-Feb-2027,78.7539,0.32625
20-Jul-2026,26-Feb-2027,82.8988,0.314297
20-Jul-2026,26-Feb-2027,87.0438,0.30313
20-Jul-2026,26-Feb-2027,91.1887,0.292693
20-Jul-2026,26-Feb-2027,95.3336,0.282988
20-Jul-2026,26-Feb-2027,99.4786,0.274058
20-Jul-2026,31-Mar-2027,66.3191,0.363842
20-Jul-2026,31-Mar-2027,70.464,0.349036
20-Jul-2026,31-Mar-2027,74.6089,0.335548
20-Jul-2026,31-Mar-2027,78.7539,0.323105
20-Jul-2026,31-Mar-2027,82.8988,0.311528
20-Jul-2026,31-Mar-2027,87.0438,0.300707
20-Jul-2026,31-Mar-2027,91.1887,0.290592
20-Jul-2026,31-Mar-2027,95.3336,0.28118
20-Jul-2026,31-Mar-2027,99.4786,0.272497
20-Jul-2026,30-Apr-2027,66.3191,0.360708
20-Jul-2026,30-Apr-2027,70.464,0.346361
20-Jul-2026,30-Apr-2027,74.6089,0.33325
20-Jul-2026,30-Apr-2027,78.7539,0.321137
20-Jul-2026,30-Apr-2027,82.8988,0.30986
20-Jul-2026,30-Apr-2027,87.0438,0.299323
20-Jul-2026,30-Apr-2027,91.1887,0.289475
20-Jul-2026,30-Apr-2027,95.3336,0.280306
20-Jul-2026,30-Apr-2027,99.4786,0.271831
20-Jul-2026,31-May-2027,66.3191,0.357588
20-Jul-2026,31-May-2027,70.464,0.343681
20-Jul-2026,31-May-2027,74.6089,0.330943
20-Jul-2026,31-May-2027,78.7539,0.319162
20-Jul-2026,31-May-2027,82.8988,0.308194
20-Jul-2026,31-May-2027,87.0438,0.297948
20-Jul-2026,31-May-2027,91.1887,0.288374
20-Jul-2026,31-May-2027,95.3336,0.279456
20-Jul-2026,31-May-2027,99.4786,0.271198
21-Jul-2026,24-Jul-2026,66.7792,0.322133
21-Jul-2026,24-Jul-2026,70.9529,0.301206
21-Jul-2026,24-Jul-2026,75.1266,0.291036
21-Jul-2026,24-Jul-2026,79.3003,0.281048
21-Jul-2026,24-Jul-2026,83.474,0.271269
21-Jul-2026,24-Jul-2026,87.6478,0.261766
21-Jul-2026,24-Jul-2026,91.8215,0.25266
21-Jul-2026,24-Jul-2026,95.9952,0.244139
21-Jul-2026,31-Jul-2026,66.7792,0.576205
21-Jul-2026,31-Jul-2026,70.9529,0.447635
21-Jul-2026,31-Jul-2026,75.1266,0.367021
21-Jul-2026,31-Jul-2026,79.3003,0.337695
21-Jul-2026,31-Jul-2026,83.474,0.322343
21-Jul-2026,31-Jul-2026,87.6478,0.309973
21-Jul-2026,31-Jul-2026,91.8215,0.298749
21-Jul-2026,31-Jul-2026,95.9952,0.288439
21-Jul-2026,31-Jul-2026,100.169,0.279183
21-Jul-2026,07-Aug-2026,66.7792,0.472347
21-Jul-2026,07-Aug-2026,70.9529,0.391713
21-Jul-2026,07-Aug-2026,75.1266,0.350789
21-Jul-2026,07-Aug-2026,79.3003,0.330525
21-Jul-2026,07-Aug-2026,83.474,0.316388
21-Jul-2026,07-Aug-2026,87.6478,0.304264
21-Jul-2026,07-Aug-2026,91.8215,0.293178
21-Jul-2026,07-Aug-2026,95.9952,0.282992
21-Jul-2026,07-Aug-2026,100.169,0.27385
21-Jul-2026,14-Aug-2026,66.7792,0.442668
21-Jul-2026,14-Aug-2026,70.9529,0.387316
21-Jul-2026,14-Aug-2026,75.1266,0.356945
21-Jul-2026,14-Aug-2026,79.3003,0.338169
21-Jul-2026,14-Aug-2026,83.474,0.323734
21-Jul-2026,14-Aug-2026,87.6478,0.311145
21-Jul-2026,14-Aug-2026,91.8215,0.299649
21-Jul-2026,14-Aug-2026,95.9952,0.289115
21-Jul-2026,14-Aug-2026,100.169,0.279673
21-Jul-2026,21-Aug-2026,66.7792,0.416956
21-Jul-2026,21-Aug-2026,70.9529,0.375593
21-Jul-2026,21-Aug-2026,75.1266,0.350827
21-Jul-2026,21-Aug-2026,79.3003,0.333669
21-Jul-2026,21-Aug-2026,83.474,0.319722
21-Jul-2026,21-Aug-2026,87.6478,0.307334
21-Jul-2026,21-Aug-2026,91.8215,0.295963
21-Jul-2026,21-Aug-2026,95.9952,0.285528
21-Jul-2026,21-Aug-2026,100.169,0.276163
21-Jul-2026,31-Aug-2026,66.7792,0.402533
21-Jul-2026,31-Aug-2026,70.9529,0.370764
21-Jul-2026,31-Aug-2026,75.1266,0.349423
21-Jul-2026,31-Aug-2026,79.3003,0.333182
21-Jul-2026,31-Aug-2026,83.474,0.319418
21-Jul-2026,31-Aug-2026,87.6478,0.307027
21-Jul-2026,31-Aug-2026,91.8215,0.295614
21-Jul-2026,31-Aug-2026,95.9952,0.285131
21-Jul-2026,31-Aug-2026,100.169,0.275713
21-Jul-2026,30-Sep-2026,66.7792,0.385842
21-Jul-2026,30-Sep-2026,70.9529,0.363678
21-Jul-2026,30-Sep-2026,75.1266,0.346062
21-Jul-2026,30-Sep-2026,79.3003,0.33109
21-Jul-2026,30-Sep-2026,83.474,0.317723
21-Jul-2026,30-Sep-2026,87.6478,0.305444
21-Jul-2026,30-Sep-2026,91.8215,0.294052
21-Jul-2026,30-Sep-2026,95.9952,0.28355
21-Jul-2026,30-Sep-2026,100.169,0.274074
21-Jul-2026,30-Oct-2026,66.7792,0.378402
21-Jul-2026,30-Oct-2026,70.9529,0.359293
21-Jul-2026,30-Oct-2026,75.1266,0.343102
21-Jul-2026,30-Oct-2026,79.3003,0.328791
21-Jul-2026,30-Oct-2026,83.474,0.315753
21-Jul-2026,30-Oct-2026,87.6478,0.303666
21-Jul-2026,30-Oct-2026,91.8215,0.292406
21-Jul-2026,30-Oct-2026,95.9952,0.281997
21-Jul-2026,30-Oct-2026,100.169,0.272562
21-Jul-2026,30-Nov-2026,66.7792,0.377469
21-Jul-2026,30-Nov-2026,70.9529,0.359633
21-Jul-2026,30-Nov-2026,75.1266,0.344033
21-Jul-2026,30-Nov-2026,79.3003,0.329988
21-Jul-2026,30-Nov-2026,83.474,0.317074
21-Jul-2026,30-Nov-2026,87.6478,0.305059
21-Jul-2026,30-Nov-2026,91.8215,0.293852
21-Jul-2026,30-Nov-2026,95.9952,0.283477
21-Jul-2026,30-Nov-2026,100.169,0.274034
21-Jul-2026,31-Dec-2026,66.7792,0.371945
21-Jul-2026,31-Dec-2026,70.9529,0.355243
21-Jul-2026,31-Dec-2026,75.1266,0.340368
21-Jul-2026,31-Dec-2026,79.3003,0.326822
21-Jul-2026,31-Dec-2026,83.474,0.31429
21-Jul-2026,31-Dec-2026,87.6478,0.302597
21-Jul-2026,31-Dec-2026,91.8215,0.291675
21-Jul-2026,31-Dec-2026,95.9952,0.281545
21-Jul-2026,31-Dec-2026,100.169,0.27229
21-Jul-2026,29-Jan-2027,66.7792,0.369943
21-Jul-2026,29-Jan-2027,70.9529,0.353868
21-Jul-2026,29-Jan-2027,75.1266,0.339405
21-Jul-2026,29-Jan-2027,79.3003,0.326156
21-Jul-2026,29-Jan-2027,83.474,0.313867
21-Jul-2026,29-Jan-2027,87.6478,0.302391
21-Jul-2026,29-Jan-2027,91.8215,0.291672
21-Jul-2026,29-Jan-2027,95.9952,0.281721
21-Jul-2026,29-Jan-2027,100.169,0.272601
21-Jul-2026,26-Feb-2027,66.7792,0.366916
21-Jul-2026,26-Feb-2027,70.9529,0.351419
21-Jul-2026,26-Feb-2027,75.1266,0.337381
21-Jul-2026,26-Feb-2027,79.3003,0.324472
21-Jul-2026,26-Feb-2027,83.474,0.312478
21-Jul-2026,26-Feb-2027,87.6478,0.301274
21-Jul-2026,26-Feb-2027,91.8215,0.290807
21-Jul-2026,26-Feb-2027,95.9952,0.281082
21-Jul-2026,26-Feb-2027,100.169,0.272145
21-Jul-2026,31-Mar-2027,66.7792,0.362413
21-Jul-2026,31-Mar-2027,70.9529,0.347572
21-Jul-2026,31-Mar-2027,75.1266,0.334054
21-Jul-2026,31-Mar-2027,79.3003,0.321584
21-Jul-2026,31-Mar-2027,83.474,0.309982
21-Jul-2026,31-Mar-2027,87.6478,0.29914
21-Jul-2026,31-Mar-2027,91.8215,0.28901
21-Jul-2026,31-Mar-2027,95.9952,0.279588
21-Jul-2026,31-Mar-2027,100.169,0.270906
21-Jul-2026,30-Apr-2027,66.7792,0.359455
21-Jul-2026,30-Apr-2027,70.9529,0.345092
21-Jul-2026,30-Apr-2027,75.1266,0.331967
21-Jul-2026,30-Apr-2027,79.3003,0.319841
21-Jul-2026,30-Apr-2027,83.474,0.308553
21-Jul-2026,30-Apr-2027,87.6478,0.298008
21-Jul-2026,30-Apr-2027,91.8215,0.288155
21-Jul-2026,30-Apr-2027,95.9952,0.278986
21-Jul-2026,30-Apr-2027,100.169,0.270517
21-Jul-2026,31-May-2027,66.7792,0.356512
21-Jul-2026,31-May-2027,70.9529,0.342604
21-Jul-2026,31-May-2027,75.1266,0.329865
21-Jul-2026,31-May-2027,79.3003,0.318085
21-Jul-2026,31-May-2027,83.474,0.307118
21-Jul-2026,31-May-2027,87.6478,0.296874
21-Jul-2026,31-May-2027,91.8215,0.287305
21-Jul-2026,31-May-2027,95.9952,0.278394
21-Jul-2026,31-May-2027,100.169,0.270148
22-Jul-2026,24-Jul-2026,69.2908,0.405692
22-Jul-2026,24-Jul-2026,73.6215,0.297447
22-Jul-2026,24-Jul-2026,77.9522,0.268345
22-Jul-2026,24-Jul-2026,82.2828,0.257476
22-Jul-2026,24-Jul-2026,86.6135,0.246752
22-Jul-2026,24-Jul-2026,90.9442,0.236287
22-Jul-2026,24-Jul-2026,95.2749,0.226312
22-Jul-2026,31-Jul-2026,69.2908,0.608689
22-Jul-2026,31-Jul-2026,73.6215,0.466833
22-Jul-2026,31-Jul-2026,77.9522,0.358483
22-Jul-2026,31-Jul-2026,82.2828,0.316702
22-Jul-2026,31-Jul-2026,86.6135,0.298606
22-Jul-2026,31-Jul-2026,90.9442,0.284728
22-Jul-2026,31-Jul-2026,95.2749,0.272276
22-Jul-2026,31-Jul-2026,99.6055,0.261095
22-Jul-2026,31-Jul-2026,103.936,0.251556
22-Jul-2026,07-Aug-2026,69.2908,0.484452
22-Jul-2026,07-Aug-2026,73.6215,0.387872
22-Jul-2026,07-Aug-2026,77.9522,0.332454
22-Jul-2026,07-Aug-2026,82.2828,0.307268
22-Jul-2026,07-Aug-2026,86.6135,0.291208
22-Jul-2026,07-Aug-2026,90.9442,0.277746
22-Jul-2026,07-Aug-2026,95.2749,0.265551
22-Jul-2026,07-Aug-2026,99.6055,0.254592
22-Jul-2026,07-Aug-2026,103.936,0.245229
22-Jul-2026,14-Aug-2026,69.2908,0.443715
22-Jul-2026,14-Aug-2026,73.6215,0.374968
22-Jul-2026,14-Aug-2026,77.9522,0.336336
22-Jul-2026,14-Aug-2026,82.2828,0.314167
22-Jul-2026,14-Aug-2026,86.6135,0.297948
22-Jul-2026,14-Aug-2026,90.9442,0.284019
22-Jul-2026,14-Aug-2026,95.2749,0.271411
22-Jul-2026,14-Aug-2026,99.6055,0.260105
22-Jul-2026,14-Aug-2026,103.936,0.250439
22-Jul-2026,21-Aug-2026,69.2908,0.41123
22-Jul-2026,21-Aug-2026,73.6215,0.35971
22-Jul-2026,21-Aug-2026,77.9522,0.329392
22-Jul-2026,21-Aug-2026,82.2828,0.309617
22-Jul-2026,21-Aug-2026,86.6135,0.294069
22-Jul-2026,21-Aug-2026,90.9442,0.280409
22-Jul-2026,21-Aug-2026,95.2749,0.267973
22-Jul-2026,21-Aug-2026,99.6055,0.256795
22-Jul-2026,21-Aug-2026,103.936,0.247214
22-Jul-2026,31-Aug-2026,69.2908,0.391465
22-Jul-2026,31-Aug-2026,73.6215,0.352766
22-Jul-2026,31-Aug-2026,77.9522,0.327602
22-Jul-2026,31-Aug-2026,82.2828,0.30923
22-Jul-2026,31-Aug-2026,86.6135,0.293987
22-Jul-2026,31-Aug-2026,90.9442,0.280372
22-Jul-2026,31-Aug-2026,95.2749,0.267925
22-Jul-2026,31-Aug-2026,99.6055,0.256716
22-Jul-2026,31-Aug-2026,103.936,0.247076
22-Jul-2026,30-Sep-2026,69.2908,0.369944
22-Jul-2026,30-Sep-2026,73.6215,0.344452
22-Jul-2026,30-Sep-2026,77.9522,0.324659
22-Jul-2026,30-Sep-2026,82.2828,0.308132
22-Jul-2026,30-Sep-2026,86.6135,0.293506
22-Jul-2026,30-Sep-2026,90.9442,0.280128
22-Jul-2026,30-Sep-2026,95.2749,0.267794
22-Jul-2026,30-Sep-2026,99.6055,0.256617
22-Jul-2026,30-Sep-2026,103.936,0.246895
22-Jul-2026,30-Oct-2026,69.2908,0.361869
22-Jul-2026,30-Oct-2026,73.6215,0.340514
22-Jul-2026,30-Oct-2026,77.9522,0.322681
22-Jul-2026,30-Oct-2026,82.2828,0.307076
22-Jul-2026,30-Oct-2026,86.6135,0.292933
22-Jul-2026,30-Oct-2026,90.9442,0.279865
22-Jul-2026,30-Oct-2026,95.2749,0.267762
22-Jul-2026,30-Oct-2026,99.6055,0.256736
22-Jul-2026,30-Oct-2026,103.936,0.247039
22-Jul-2026,30-Nov-2026,69.2908,0.361271
22-Jul-2026,30-Nov-2026,73.6215,0.341683
22-Jul-2026,30-Nov-2026,77.9522,0.324715
22-Jul-2026,30-Nov-2026,82.2828,0.309538
22-Jul-2026,30-Nov-2026,86.6135,0.295639
22-Jul-2026,30-Nov-2026,90.9442,0.282749
22-Jul-2026,30-Nov-2026,95.2749,0.270795
22-Jul-2026,30-Nov-2026,99.6055,0.259864
22-Jul-2026,30-Nov-2026,103.936,0.250152
22-Jul-2026,31-Dec-2026,69.2908,0.356366
22-Jul-2026,31-Dec-2026,73.6215,0.338231
22-Jul-2026,31-Dec-2026,77.9522,0.322196
22-Jul-2026,31-Dec-2026,82.2828,0.307668
22-Jul-2026,31-Dec-2026,86.6135,0.294274
22-Jul-2026,31-Dec-2026,90.9442,0.281817
22-Jul-2026,31-Dec-2026,95.2749,0.270245
22-Jul-2026,31-Dec-2026,99.6055,0.259626
22-Jul-2026,31-Dec-2026,103.936,0.25011
22-Jul-2026,29-Jan-2027,69.2908,0.355074
22-Jul-2026,29-Jan-2027,73.6215,0.337763
22-Jul-2026,29-Jan-2027,77.9522,0.322279
22-Jul-2026,29-Jan-2027,82.2828,0.308158
22-Jul-2026,29-Jan-2027,86.6135,0.295103
22-Jul-2026,29-Jan-2027,90.9442,0.282954
22-Jul-2026,29-Jan-2027,95.2749,0.271664
22-Jul-2026,29-Jan-2027,99.6055,0.26128
22-Jul-2026,29-Jan-2027,103.936,0.25191
22-Jul-2026,26-Feb-2027,69.2908,0.352749
22-Jul-2026,26-Feb-2027,73.6215,0.336168
22-Jul-2026,26-Feb-2027,77.9522,0.321225
22-Jul-2026,26-Feb-2027,82.2828,0.30754
22-Jul-2026,26-Feb-2027,86.6135,0.294865
22-Jul-2026,26-Feb-2027,90.9442,0.283066
22-Jul-2026,26-Feb-2027,95.2749,0.272097
22-Jul-2026,26-Feb-2027,99.6055,0.261987
22-Jul-2026,26-Feb-2027,103.936,0.252815
22-Jul-2026,31-Mar-2027,69.2908,0.349052
22-Jul-2026,31-Mar-2027,73.6215,0.333274
22-Jul-2026,31-Mar-2027,77.9522,0.318967
22-Jul-2026,31-Mar-2027,82.2828,0.305819
22-Jul-2026,31-Mar-2027,86.6135,0.293625
22-Jul-2026,31-Mar-2027,90.9442,0.28227
22-Jul-2026,31-Mar-2027,95.2749,0.271707
22-Jul-2026,31-Mar-2027,99.6055,0.261951
22-Jul-2026,31-Mar-2027,103.936,0.253053
22-Jul-2026,30-Apr-2027,69.2908,0.346827
22-Jul-2026,30-Apr-2027,73.6215,0.331633
22-Jul-2026,30-Apr-2027,77.9522,0.317806
22-Jul-2026,30-Apr-2027,82.2828,0.305077
22-Jul-2026,30-Apr-2027,86.6135,0.293267
22-Jul-2026,30-Apr-2027,90.9442,0.28227
22-Jul-2026,30-Apr-2027,95.2749,0.272039
22-Jul-2026,30-Apr-2027,99.6055,0.262574
22-Jul-2026,30-Apr-2027,103.936,0.253907
22-Jul-2026,31-May-2027,69.2908,0.344612
22-Jul-2026,31-May-2027,73.6215,0.329966
22-Jul-2026,31-May-2027,77.9522,0.316604
22-Jul-2026,31-May-2027,82.2828,0.304288
22-Jul-2026,31-May-2027,86.6135,0.29286
22-Jul-2026,31-May-2027,90.9442,0.28222
22-Jul-2026,31-May-2027,95.2749,0.272319
22-Jul-2026,31-May-2027,99.6055,0.263146
22-Jul-2026,31-May-2027,103.936,0.254718
23-Jul-2026,24-Jul-2026,67.7102,0.548203
23-Jul-2026,24-Jul-2026,71.9421,0.410334
23-Jul-2026,24-Jul-2026,76.174,0.276527
23-Jul-2026,24-Jul-2026,80.4059,0.264721
23-Jul-2026,24-Jul-2026,84.6378,0.2543
23-Jul-2026,24-Jul-2026,88.8697,0.244148
23-Jul-2026,31-Jul-2026,67.7102,0.646288
23-Jul-2026,31-Jul-2026,71.9421,0.495335
23-Jul-2026,31-Jul-2026,76.174,0.378783
23-Jul-2026,31-Jul-2026,80.4059,0.334388
23-Jul-2026,31-Jul-2026,84.6378,0.316151
23-Jul-2026,31-Jul-2026,88.8697,0.302489
23-Jul-2026,31-Jul-2026,93.1016,0.29028
23-Jul-2026,31-Jul-2026,97.3335,0.279223
23-Jul-2026,31-Jul-2026,101.565,0.269558
23-Jul-2026,07-Aug-2026,67.7102,0.501168
23-Jul-2026,07-Aug-2026,71.9421,0.402601
23-Jul-2026,07-Aug-2026,76.174,0.347436
23-Jul-2026,07-Aug-2026,80.4059,0.322749
23-Jul-2026,07-Aug-2026,84.6378,0.307168
23-Jul-2026,07-Aug-2026,88.8697,0.29422
23-Jul-2026,07-Aug-2026,93.1016,0.28251
23-Jul-2026,07-Aug-2026,97.3335,0.271882
23-Jul-2026,07-Aug-2026,101.565,0.262548
23-Jul-2026,14-Aug-2026,67.7102,0.456352
23-Jul-2026,14-Aug-2026,71.9421,0.389319
23-Jul-2026,14-Aug-2026,76.174,0.352497
23-Jul-2026,14-Aug-2026,80.4059,0.331346
23-Jul-2026,14-Aug-2026,84.6378,0.315894
23-Jul-2026,14-Aug-2026,88.8697,0.302695
23-Jul-2026,14-Aug-2026,93.1016,0.290762
23-Jul-2026,14-Aug-2026,97.3335,0.279944
23-Jul-2026,14-Aug-2026,101.565,0.270406
23-Jul-2026,21-Aug-2026,67.7102,0.423261
23-Jul-2026,21-Aug-2026,71.9421,0.374576
23-Jul-2026,21-Aug-2026,76.174,0.346227
23-Jul-2026,21-Aug-2026,80.4059,0.327625
23-Jul-2026,21-Aug-2026,84.6378,0.313005
23-Jul-2026,21-Aug-2026,88.8697,0.300224
23-Jul-2026,21-Aug-2026,93.1016,0.288598
23-Jul-2026,21-Aug-2026,97.3335,0.278026
23-Jul-2026,21-Aug-2026,101.565,0.268659
23-Jul-2026,31-Aug-2026,67.7102,0.405111
23-Jul-2026,31-Aug-2026,71.9421,0.369547
23-Jul-2026,31-Aug-2026,76.174,0.3464
23-Jul-2026,31-Aug-2026,80.4059,0.329388
23-Jul-2026,31-Aug-2026,84.6378,0.315288
23-Jul-2026,31-Aug-2026,88.8697,0.302756
23-Jul-2026,31-Aug-2026,93.1016,0.29131
23-Jul-2026,31-Aug-2026,97.3335,0.280873
23-Jul-2026,31-Aug-2026,101.565,0.271569
23-Jul-2026,30-Sep-2026,67.7102,0.389983
23-Jul-2026,30-Sep-2026,71.9421,0.367409
23-Jul-2026,30-Sep-2026,76.174,0.34978
23-Jul-2026,30-Sep-2026,80.4059,0.335035
23-Jul-2026,30-Sep-2026,84.6378,0.322045
23-Jul-2026,30-Sep-2026,88.8697,0.31024
23-Jul-2026,30-Sep-2026,93.1016,0.299374
23-Jul-2026,30-Sep-2026,97.3335,0.289394
23-Jul-2026,30-Sep-2026,101.565,0.280365
23-Jul-2026,30-Oct-2026,67.7102,0.387832
23-Jul-2026,30-Oct-2026,71.9421,0.369371
23-Jul-2026,30-Oct-2026,76.174,0.353917
23-Jul-2026,30-Oct-2026,80.4059,0.340427
23-Jul-2026,30-Oct-2026,84.6378,0.328284
23-Jul-2026,30-Oct-2026,88.8697,0.317149
23-Jul-2026,30-Oct-2026,93.1016,0.306855
23-Jul-2026,30-Oct-2026,97.3335,0.297354
23-Jul-2026,30-Oct-2026,101.565,0.288667
23-Jul-2026,30-Nov-2026,67.7102,0.393503
23-Jul-2026,30-Nov-2026,71.9421,0.376977
23-Jul-2026,30-Nov-2026,76.174,0.362677
23-Jul-2026,30-Nov-2026,80.4059,0.34995
23-Jul-2026,30-Nov-2026,84.6378,0.338389
23-Jul-2026,30-Nov-2026,88.8697,0.327749
23-Jul-2026,30-Nov-2026,93.1016,0.317897
23-Jul-2026,30-Nov-2026,97.3335,0.308775
23-Jul-2026,30-Nov-2026,101.565,0.300376
23-Jul-2026,31-Dec-2026,67.7102,0.393656
23-Jul-2026,31-Dec-2026,71.9421,0.378673
23-Jul-2026,31-Dec-2026,76.174,0.365466
23-Jul-2026,31-Dec-2026,80.4059,0.353577
23-Jul-2026,31-Dec-2026,84.6378,0.342709
23-Jul-2026,31-Dec-2026,88.8697,0.332674
23-Jul-2026,31-Dec-2026,93.1016,0.323361
23-Jul-2026,31-Dec-2026,97.3335,0.314713
23-Jul-2026,31-Dec-2026,101.565,0.306709
23-Jul-2026,29-Jan-2027,67.7102,0.397213
23-Jul-2026,29-Jan-2027,71.9421,0.383185
23-Jul-2026,29-Jan-2027,76.174,0.370692
23-Jul-2026,29-Jan-2027,80.4059,0.359377
23-Jul-2026,29-Jan-2027,84.6378,0.349001
23-Jul-2026,29-Jan-2027,88.8697,0.339407
23-Jul-2026,29-Jan-2027,93.1016,0.330493
23-Jul-2026,29-Jan-2027,97.3335,0.322202
23-Jul-2026,29-Jan-2027,101.565,0.314502
23-Jul-2026,26-Feb-2027,67.7102,0.399007
23-Jul-2026,26-Feb-2027,71.9421,0.385789
23-Jul-2026,26-Feb-2027,76.174,0.373937
23-Jul-2026,26-Feb-2027,80.4059,0.363157
23-Jul-2026,26-Feb-2027,84.6378,0.353249
23-Jul-2026,26-Feb-2027,88.8697,0.344075
23-Jul-2026,26-Feb-2027,93.1016,0.335542
23-Jul-2026,26-Feb-2027,97.3335,0.327594
23-Jul-2026,26-Feb-2027,101.565,0.320193
23-Jul-2026,31-Mar-2027,67.7102,0.3995
23-Jul-2026,31-Mar-2027,71.9421,0.387132
23-Jul-2026,31-Mar-2027,76.174,0.375976
23-Jul-2026,31-Mar-2027,80.4059,0.365793
23-Jul-2026,31-Mar-2027,84.6378,0.356411
23-Jul-2026,31-Mar-2027,88.8697,0.347711
23-Jul-2026,31-Mar-2027,93.1016,0.33961
23-Jul-2026,31-Mar-2027,97.3335,0.332051
23-Jul-2026,31-Mar-2027,101.565,0.324996
23-Jul-2026,30-Apr-2027,67.7102,0.400957
23-Jul-2026,30-Apr-2027,71.9421,0.389214
23-Jul-2026,30-Apr-2027,76.174,0.378584
23-Jul-2026,30-Apr-2027,80.4059,0.368857
23-Jul-2026,30-Apr-2027,84.6378,0.359882
23-Jul-2026,30-Apr-2027,88.8697,0.351553
23-Jul-2026,30-Apr-2027,93.1016,0.343791
23-Jul-2026,30-Apr-2027,97.3335,0.33654
23-Jul-2026,30-Apr-2027,101.565,0.329762
23-Jul-2026,31-May-2027,67.7102,0.402222
23-Jul-2026,31-May-2027,71.9421,0.391049
23-Jul-2026,31-May-2027,76.174,0.380905
23-Jul-2026,31-May-2027,80.4059,0.371605
23-Jul-2026,31-May-2027,84.6378,0.363015
23-Jul-2026,31-May-2027,88.8697,0.355036
23-Jul-2026,31-May-2027,93.1016,0.347595
23-Jul-2026,31-May-2027,97.3335,0.340638
23-Jul-2026,31-May-2027,101.565,0.334125
24-Jul-2026,31-Jul-2026,68.3636,0.692029
24-Jul-2026,31-Jul-2026,72.6363,0.529083
24-Jul-2026,31-Jul-2026,76.909,0.393718
24-Jul-2026,31-Jul-2026,81.1817,0.338641
24-Jul-2026,31-Jul-2026,85.4544,0.318594
24-Jul-2026,31-Jul-2026,89.7272,0.304237
24-Jul-2026,31-Jul-2026,93.9999,0.291507
24-Jul-2026,31-Jul-2026,98.2726,0.280044
24-Jul-2026,31-Jul-2026,102.545,0.270127
24-Jul-2026,07-Aug-2026,68.3636,0.518817
24-Jul-2026,07-Aug-2026,72.6363,0.412169
24-Jul-2026,07-Aug-2026,76.909,0.349129
24-Jul-2026,07-Aug-2026,81.1817,0.321815
24-Jul-2026,07-Aug-2026,85.4544,0.305438
24-Jul-2026,07-Aug-2026,89.7272,0.292046
24-Jul-2026,07-Aug-2026,93.9999,0.279993
24-Jul-2026,07-Aug-2026,98.2726,0.26911
24-Jul-2026,07-Aug-2026,102.545,0.259644
24-Jul-2026,14-Aug-2026,68.3636,0.465272
24-Jul-2026,14-Aug-2026,72.6363,0.392388
24-Jul-2026,14-Aug-2026,76.909,0.351898
24-Jul-2026,14-Aug-2026,81.1817,0.329343
24-Jul-2026,14-Aug-2026,85.4544,0.313264
24-Jul-2026,14-Aug-2026,89.7272,0.299654
24-Jul-2026,14-Aug-2026,93.9999,0.287397
24-Jul-2026,14-Aug-2026,98.2726,0.276338
24-Jul-2026,14-Aug-2026,102.545,0.266675
24-Jul-2026,21-Aug-2026,68.3636,0.427611
24-Jul-2026,21-Aug-2026,72.6363,0.374894
24-Jul-2026,21-Aug-2026,76.909,0.344374
24-Jul-2026,21-Aug-2026,81.1817,0.324825
24-Jul-2026,21-Aug-2026,85.4544,0.309698
24-Jul-2026,21-Aug-2026,89.7272,0.296554
24-Jul-2026,21-Aug-2026,93.9999,0.284635
24-Jul-2026,21-Aug-2026,98.2726,0.273843
24-Jul-2026,21-Aug-2026,102.545,0.264363
24-Jul-2026,28-Aug-2026,68.3636,0.406874
24-Jul-2026,28-Aug-2026,72.6363,0.365869
24-Jul-2026,28-Aug-2026,76.909,0.340428
24-Jul-2026,28-Aug-2026,81.1817,0.322568
24-Jul-2026,28-Aug-2026,85.4544,0.308077
24-Jul-2026,28-Aug-2026,89.7272,0.295281
24-Jul-2026,28-Aug-2026,93.9999,0.28362
24-Jul-2026,28-Aug-2026,98.2726,0.273031
24-Jul-2026,28-Aug-2026,102.545,0.263681
24-Jul-2026,31-Aug-2026,68.3636,0.406266
24-Jul-2026,31-Aug-2026,72.6363,0.368225
24-Jul-2026,31-Aug-2026,76.909,0.343754
24-Jul-2026,31-Aug-2026,81.1817,0.326048
24-Jul-2026,31-Aug-2026,85.4544,0.311509
24-Jul-2026,31-Aug-2026,89.7272,0.29864
24-Jul-2026,31-Aug-2026,93.9999,0.286916
24-Jul-2026,31-Aug-2026,98.2726,0.276268
24-Jul-2026,31-Aug-2026,102.545,0.266847
24-Jul-2026,30-Sep-2026,68.3636,0.388058
24-Jul-2026,30-Sep-2026,72.6363,0.364457
24-Jul-2026,30-Sep-2026,76.909,0.346166
24-Jul-2026,30-Sep-2026,81.1817,0.330962
24-Jul-2026,30-Sep-2026,85.4544,0.317615
24-Jul-2026,30-Sep-2026,89.7272,0.305509
24-Jul-2026,30-Sep-2026,93.9999,0.294384
24-Jul-2026,30-Sep-2026,98.2726,0.284197
24-Jul-2026,30-Sep-2026,102.545,0.275031
24-Jul-2026,30-Oct-2026,68.3636,0.384965
24-Jul-2026,30-Oct-2026,72.6363,0.365826
24-Jul-2026,30-Oct-2026,76.909,0.349878
24-Jul-2026,30-Oct-2026,81.1817,0.336002
24-Jul-2026,30-Oct-2026,85.4544,0.323536
24-Jul-2026,30-Oct-2026,89.7272,0.312119
24-Jul-2026,30-Oct-2026,93.9999,0.301579
24-Jul-2026,30-Oct-2026,98.2726,0.291872
24-Jul-2026,30-Oct-2026,102.545,0.283034
24-Jul-2026,30-Nov-2026,68.3636,0.390146
24-Jul-2026,30-Nov-2026,72.6363,0.373078
24-Jul-2026,30-Nov-2026,76.909,0.358348
24-Jul-2026,30-Nov-2026,81.1817,0.345267
24-Jul-2026,30-Nov-2026,85.4544,0.333399
24-Jul-2026,30-Nov-2026,89.7272,0.322487
24-Jul-2026,30-Nov-2026,93.9999,0.312395
24-Jul-2026,30-Nov-2026,98.2726,0.303066
24-Jul-2026,30-Nov-2026,102.545,0.294504
24-Jul-2026,31-Dec-2026,68.3636,0.389973
24-Jul-2026,31-Dec-2026,72.6363,0.374526
24-Jul-2026,31-Dec-2026,76.909,0.360938
24-Jul-2026,31-Dec-2026,81.1817,0.348723
24-Jul-2026,31-Dec-2026,85.4544,0.337568
24-Jul-2026,31-Dec-2026,89.7272,0.327276
24-Jul-2026,31-Dec-2026,93.9999,0.317733
24-Jul-2026,31-Dec-2026,98.2726,0.308885
24-Jul-2026,31-Dec-2026,102.545,0.300716
24-Jul-2026,29-Jan-2027,68.3636,0.393307
24-Jul-2026,29-Jan-2027,72.6363,0.378857
24-Jul-2026,29-Jan-2027,76.909,0.366007
24-Jul-2026,29-Jan-2027,81.1817,0.354383
24-Jul-2026,29-Jan-2027,85.4544,0.343732
24-Jul-2026,29-Jan-2027,89.7272,0.333889
24-Jul-2026,29-Jan-2027,93.9999,0.324753
24-Jul-2026,29-Jan-2027,98.2726,0.316266
24-Jul-2026,29-Jan-2027,102.545,0.3084
24-Jul-2026,26-Feb-2027,68.3636,0.39493
24-Jul-2026,26-Feb-2027,72.6363,0.381322
24-Jul-2026,26-Feb-2027,76.909,0.369134
24-Jul-2026,26-Feb-2027,81.1817,0.35806
24-Jul-2026,26-Feb-2027,85.4544,0.347888
24-Jul-2026,26-Feb-2027,89.7272,0.338476
24-Jul-2026,26-Feb-2027,93.9999,0.329729
24-Jul-2026,26-Feb-2027,98.2726,0.321589
24-Jul-2026,26-Feb-2027,102.545,0.314024
24-Jul-2026,31-Mar-2027,68.3636,0.395266
24-Jul-2026,31-Mar-2027,72.6363,0.382537
24-Jul-2026,31-Mar-2027,76.909,0.371068
24-Jul-2026,31-Mar-2027,81.1817,0.360606
24-Jul-2026,31-Mar-2027,85.4544,0.350974
24-Jul-2026,31-Mar-2027,89.7272,0.342047
24-Jul-2026,31-Mar-2027,93.9999,0.333741
24-Jul-2026,31-Mar-2027,98.2726,0.325998
24-Jul-2026,31-Mar-2027,102.545,0.318782
24-Jul-2026,30-Apr-2027,68.3636,0.396604
24-Jul-2026,30-Apr-2027,72.6363,0.384521
24-Jul-2026,30-Apr-2027,76.909,0.373592
24-Jul-2026,30-Apr-2027,81.1817,0.363598
24-Jul-2026,30-Apr-2027,85.4544,0.354384
24-Jul-2026,30-Apr-2027,89.7272,0.345836
24-Jul-2026,30-Apr-2027,93.9999,0.337876
24-Jul-2026,30-Apr-2027,98.2726,0.330447
24-Jul-2026,30-Apr-2027,102.545,0.32351
24-Jul-2026,31-May-2027,68.3636,0.397765
24-Jul-2026,31-May-2027,72.6363,0.38627
24-Jul-2026,31-May-2027,76.909,0.375841
24-Jul-2026,31-May-2027,81.1817,0.366286
24-Jul-2026,31-May-2027,85.4544,0.357465
24-Jul-2026,31-May-2027,89.7272,0.349276
24-Jul-2026,31-May-2027,93.9999,0.341644
24-Jul-2026,31-May-2027,98.2726,0.334514
24-Jul-2026,31-May-2027,102.545,0.327846
27-Jul-2026,31-Jul-2026,68.594,0.294299
27-Jul-2026,31-Jul-2026,72.8811,0.282799
27-Jul-2026,31-Jul-2026,77.1682,0.271995
27-Jul-2026,31-Jul-2026,81.4553,0.261313
27-Jul-2026,31-Jul-2026,85.7424,0.250792
27-Jul-2026,31-Jul-2026,90.0296,0.240535
27-Jul-2026,31-Jul-2026,94.3167,0.230746
27-Jul-2026,31-Jul-2026,98.6038,0.221751
27-Jul-2026,31-Jul-2026,102.891,0.225399
27-Jul-2026,07-Aug-2026,68.594,0.551751
27-Jul-2026,07-Aug-2026,72.8811,0.42711
27-Jul-2026,07-Aug-2026,77.1682,0.344305
27-Jul-2026,07-Aug-2026,81.4553,0.31314
27-Jul-2026,07-Aug-2026,85.7424,0.297079
27-Jul-2026,07-Aug-2026,90.0296,0.284154
27-Jul-2026,07-Aug-2026,94.3167,0.272459
27-Jul-2026,07-Aug-2026,98.6038,0.261867
27-Jul-2026,07-Aug-2026,102.891,0.252661
27-Jul-2026,14-Aug-2026,68.594,0.45974
27-Jul-2026,14-Aug-2026,72.8811,0.376387
27-Jul-2026,14-Aug-2026,77.1682,0.331988
27-Jul-2026,14-Aug-2026,81.4553,0.310363
27-Jul-2026,14-Aug-2026,85.7424,0.295575
27-Jul-2026,14-Aug-2026,90.0296,0.282957
27-Jul-2026,14-Aug-2026,94.3167,0.271471
27-Jul-2026,14-Aug-2026,98.6038,0.261051
27-Jul-2026,14-Aug-2026,102.891,0.251946
27-Jul-2026,21-Aug-2026,68.594,0.431997
27-Jul-2026,21-Aug-2026,72.8811,0.37309
27-Jul-2026,21-Aug-2026,77.1682,0.34039
27-Jul-2026,21-Aug-2026,81.4553,0.320625
27-Jul-2026,21-Aug-2026,85.7424,0.305673
27-Jul-2026,21-Aug-2026,90.0296,0.29272
27-Jul-2026,21-Aug-2026,94.3167,0.280957
27-Jul-2026,21-Aug-2026,98.6038,0.270297
27-Jul-2026,21-Aug-2026,102.891,0.260941
27-Jul-2026,28-Aug-2026,68.594,0.407195
27-Jul-2026,28-Aug-2026,72.8811,0.363009
27-Jul-2026,28-Aug-2026,77.1682,0.336702
27-Jul-2026,28-Aug-2026,81.4553,0.318853
27-Jul-2026,28-Aug-2026,85.7424,0.304538
27-Jul-2026,28-Aug-2026,90.0296,0.291908
27-Jul-2026,28-Aug-2026,94.3167,0.280384
27-Jul-2026,28-Aug-2026,98.6038,0.269911
27-Jul-2026,28-Aug-2026,102.891,0.260671
27-Jul-2026,31-Aug-2026,68.594,0.406258
27-Jul-2026,31-Aug-2026,72.8811,0.365732
27-Jul-2026,31-Aug-2026,77.1682,0.340586
27-Jul-2026,31-Aug-2026,81.4553,0.322884
27-Jul-2026,31-Aug-2026,85.7424,0.308486
27-Jul-2026,31-Aug-2026,90.0296,0.295757
27-Jul-2026,31-Aug-2026,94.3167,0.284148
27-Jul-2026,31-Aug-2026,98.6038,0.273599
27-Jul-2026,31-Aug-2026,102.891,0.264273
27-Jul-2026,30-Sep-2026,68.594,0.386518
27-Jul-2026,30-Sep-2026,72.8811,0.362689
27-Jul-2026,30-Sep-2026,77.1682,0.344416
27-Jul-2026,30-Sep-2026,81.4553,0.329305
27-Jul-2026,30-Sep-2026,85.7424,0.31606
27-Jul-2026,30-Sep-2026,90.0296,0.304045
27-Jul-2026,30-Sep-2026,94.3167,0.292998
27-Jul-2026,30-Sep-2026,98.6038,0.282878
27-Jul-2026,30-Sep-2026,102.891,0.273774
27-Jul-2026,30-Oct-2026,68.594,0.383841
27-Jul-2026,30-Oct-2026,72.8811,0.364747
27-Jul-2026,30-Oct-2026,77.1682,0.348893
27-Jul-2026,30-Oct-2026,81.4553,0.335119
27-Jul-2026,30-Oct-2026,85.7424,0.32275
27-Jul-2026,30-Oct-2026,90.0296,0.311417
27-Jul-2026,30-Oct-2026,94.3167,0.300949
27-Jul-2026,30-Oct-2026,98.6038,0.291305
27-Jul-2026,30-Oct-2026,102.891,0.282523
27-Jul-2026,30-Nov-2026,68.594,0.386729
27-Jul-2026,30-Nov-2026,72.8811,0.369922
27-Jul-2026,30-Nov-2026,77.1682,0.355436
27-Jul-2026,30-Nov-2026,81.4553,0.342569
27-Jul-2026,30-Nov-2026,85.7424,0.330887
27-Jul-2026,30-Nov-2026,90.0296,0.320134
27-Jul-2026,30-Nov-2026,94.3167,0.310179
27-Jul-2026,30-Nov-2026,98.6038,0.300971
27-Jul-2026,30-Nov-2026,102.891,0.292516
27-Jul-2026,31-Dec-2026,68.594,0.387415
27-Jul-2026,31-Dec-2026,72.8811,0.372211
27-Jul-2026,31-Dec-2026,77.1682,0.358839
27-Jul-2026,31-Dec-2026,81.4553,0.346814
27-Jul-2026,31-Dec-2026,85.7424,0.335824
27-Jul-2026,31-Dec-2026,90.0296,0.325676
27-Jul-2026,31-Dec-2026,94.3167,0.316259
27-Jul-2026,31-Dec-2026,98.6038,0.307522
27-Jul-2026,31-Dec-2026,102.891,0.299451
27-Jul-2026,29-Jan-2027,68.594,0.393418
27-Jul-2026,29-Jan-2027,72.8811,0.379108
27-Jul-2026,29-Jan-2027,77.1682,0.366386
27-Jul-2026,29-Jan-2027,81.4553,0.354876
27-Jul-2026,29-Jan-2027,85.7424,0.344328
27-Jul-2026,29-Jan-2027,90.0296,0.334578
27-Jul-2026,29-Jan-2027,94.3167,0.325524
27-Jul-2026,29-Jan-2027,98.6038,0.317111
27-Jul-2026,29-Jan-2027,102.891,0.309309
27-Jul-2026,26-Feb-2027,68.594,0.393529
27-Jul-2026,26-Feb-2027,72.8811,0.380133
27-Jul-2026,26-Feb-2027,77.1682,0.368132
27-Jul-2026,26-Feb-2027,81.4553,0.357223
27-Jul-2026,26-Feb-2027,85.7424,0.347197
27-Jul-2026,26-Feb-2027,90.0296,0.337914
27-Jul-2026,26-Feb-2027,94.3167,0.329282
27-Jul-2026,26-Feb-2027,98.6038,0.321245
27-Jul-2026,26-Feb-2027,102.891,0.31377
27-Jul-2026,31-Mar-2027,68.594,0.395844
27-Jul-2026,31-Mar-2027,72.8811,0.383265
27-Jul-2026,31-Mar-2027,77.1682,0.371929
27-Jul-2026,31-Mar-2027,81.4553,0.361587
27-Jul-2026,31-Mar-2027,85.7424,0.352062
27-Jul-2026,31-Mar-2027,90.0296,0.343232
27-Jul-2026,31-Mar-2027,94.3167,0.335014
27-Jul-2026,31-Mar-2027,98.6038,0.32735
27-Jul-2026,31-Mar-2027,102.891,0.320204
27-Jul-2026,30-Apr-2027,68.594,0.397376
27-Jul-2026,30-Apr-2027,72.8811,0.385444
27-Jul-2026,30-Apr-2027,77.1682,0.374649
27-Jul-2026,30-Apr-2027,81.4553,0.364777
27-Jul-2026,30-Apr-2027,85.7424,0.355671
27-Jul-2026,30-Apr-2027,90.0296,0.347222
27-Jul-2026,30-Apr-2027,94.3167,0.339351
27-Jul-2026,30-Apr-2027,98.6038,0.332002
27-Jul-2026,30-Apr-2027,102.891,0.325138
27-Jul-2026,31-May-2027,68.594,0.398714
27-Jul-2026,31-May-2027,72.8811,0.387369
27-Jul-2026,31-May-2027,77.1682,0.377075
27-Jul-2026,31-May-2027,81.4553,0.367641
27-Jul-2026,31-May-2027,85.7424,0.35893
27-Jul-2026,31-May-2027,90.0296,0.35084
27-Jul-2026,31-May-2027,94.3167,0.343298
27-Jul-2026,31-May-2027,98.6038,0.336249
27-Jul-2026,31-May-2027,102.891,0.329655
28-Jul-2026,31-Jul-2026,68.6084,0.32125
28-Jul-2026,31-Jul-2026,72.8964,0.281889
28-Jul-2026,31-Jul-2026,77.1844,0.271038
28-Jul-2026,31-Jul-2026,81.4725,0.260304
28-Jul-2026,31-Jul-2026,85.7605,0.249726
28-Jul-2026,31-Jul-2026,90.0485,0.239412
28-Jul-2026,31-Jul-2026,94.3365,0.229572
28-Jul-2026,31-Jul-2026,98.6246,0.220548
28-Jul-2026,07-Aug-2026,68.6084,0.575062
28-Jul-2026,07-Aug-2026,72.8964,0.443026
28-Jul-2026,07-Aug-2026,77.1844,0.350698
28-Jul-2026,07-Aug-2026,81.4725,0.316364
28-Jul-2026,07-Aug-2026,85.7605,0.29976
28-Jul-2026,07-Aug-2026,90.0485,0.286586
28-Jul-2026,07-Aug-2026,94.3365,0.274686
28-Jul-2026,07-Aug-2026,98.6246,0.263923
28-Jul-2026,07-Aug-2026,102.913,0.254595
28-Jul-2026,14-Aug-2026,68.6084,0.469099
28-Jul-2026,14-Aug-2026,72.8964,0.381211
28-Jul-2026,14-Aug-2026,77.1844,0.333875
28-Jul-2026,14-Aug-2026,81.4725,0.311502
28-Jul-2026,14-Aug-2026,85.7605,0.296491
28-Jul-2026,14-Aug-2026,90.0485,0.28373
28-Jul-2026,14-Aug-2026,94.3365,0.272118
28-Jul-2026,14-Aug-2026,98.6246,0.261595
28-Jul-2026,14-Aug-2026,102.913,0.252425
28-Jul-2026,21-Aug-2026,68.6084,0.436224
28-Jul-2026,21-Aug-2026,72.8964,0.375044
28-Jul-2026,21-Aug-2026,77.1844,0.34134
28-Jul-2026,21-Aug-2026,81.4725,0.321274
28-Jul-2026,21-Aug-2026,85.7605,0.306187
28-Jul-2026,21-Aug-2026,90.0485,0.293125
28-Jul-2026,21-Aug-2026,94.3365,0.281261
28-Jul-2026,21-Aug-2026,98.6246,0.270517
28-Jul-2026,21-Aug-2026,102.913,0.261108
28-Jul-2026,28-Aug-2026,68.6084,0.409032
28-Jul-2026,28-Aug-2026,72.8964,0.36371
28-Jul-2026,28-Aug-2026,77.1844,0.33698
28-Jul-2026,28-Aug-2026,81.4725,0.31899
28-Jul-2026,28-Aug-2026,85.7605,0.304591
28-Jul-2026,28-Aug-2026,90.0485,0.291884
28-Jul-2026,28-Aug-2026,94.3365,0.280284
28-Jul-2026,28-Aug-2026,98.6246,0.269747
28-Jul-2026,28-Aug-2026,102.913,0.260469
28-Jul-2026,31-Aug-2026,68.6084,0.407524
28-Jul-2026,31-Aug-2026,72.8964,0.366188
28-Jul-2026,31-Aug-2026,77.1844,0.340751
28-Jul-2026,31-Aug-2026,81.4725,0.322945
28-Jul-2026,31-Aug-2026,85.7605,0.308478
28-Jul-2026,31-Aug-2026,90.0485,0.295679
28-Jul-2026,31-Aug-2026,94.3365,0.284
28-Jul-2026,31-Aug-2026,98.6246,0.273392
28-Jul-2026,31-Aug-2026,102.913,0.264031
28-Jul-2026,30-Sep-2026,68.6084,0.385841
28-Jul-2026,30-Sep-2026,72.8964,0.362053
28-Jul-2026,30-Sep-2026,77.1844,0.343823
28-Jul-2026,30-Sep-2026,81.4725,0.328734
28-Jul-2026,30-Sep-2026,85.7605,0.315486
28-Jul-2026,30-Sep-2026,90.0485,0.303453
28-Jul-2026,30-Sep-2026,94.3365,0.29238
28-Jul-2026,30-Sep-2026,98.6246,0.282236
28-Jul-2026,30-Sep-2026,102.913,0.27312
28-Jul-2026,30-Oct-2026,68.6084,0.382814
28-Jul-2026,30-Oct-2026,72.8964,0.363842
28-Jul-2026,30-Oct-2026,77.1844,0.348071
28-Jul-2026,30-Oct-2026,81.4725,0.334345
28-Jul-2026,30-Oct-2026,85.7605,0.321997
28-Jul-2026,30-Oct-2026,90.0485,0.310668
28-Jul-2026,30-Oct-2026,94.3365,0.300197
28-Jul-2026,30-Oct-2026,98.6246,0.290546
28-Jul-2026,30-Oct-2026,102.913,0.281764
28-Jul-2026,30-Nov-2026,68.6084,0.385573
28-Jul-2026,30-Nov-2026,72.8964,0.368902
28-Jul-2026,30-Nov-2026,77.1844,0.354509
28-Jul-2026,30-Nov-2026,81.4725,0.341703
28-Jul-2026,30-Nov-2026,85.7605,0.330056
28-Jul-2026,30-Nov-2026,90.0485,0.319324
28-Jul-2026,30-Nov-2026,94.3365,0.30938
28-Jul-2026,30-Nov-2026,98.6246,0.300179
28-Jul-2026,30-Nov-2026,102.913,0.291731
28-Jul-2026,31-Dec-2026,68.6084,0.386216
28-Jul-2026,31-Dec-2026,72.8964,0.371145
28-Jul-2026,31-Dec-2026,77.1844,0.357868
28-Jul-2026,31-Dec-2026,81.4725,0.345909
28-Jul-2026,31-Dec-2026,85.7605,0.334962
28-Jul-2026,31-Dec-2026,90.0485,0.324843
28-Jul-2026,31-Dec-2026,94.3365,0.315446
28-Jul-2026,31-Dec-2026,98.6246,0.306724
28-Jul-2026,31-Dec-2026,102.913,0.298666
28-Jul-2026,29-Jan-2027,68.6084,0.392176
28-Jul-2026,29-Jan-2027,72.8964,0.378
28-Jul-2026,29-Jan-2027,77.1844,0.365377
28-Jul-2026,29-Jan-2027,81.4725,0.353939
28-Jul-2026,29-Jan-2027,85.7605,0.343443
28-Jul-2026,29-Jan-2027,90.0485,0.333731
28-Jul-2026,29-Jan-2027,94.3365,0.324706
28-Jul-2026,29-Jan-2027,98.6246,0.316314
28-Jul-2026,29-Jan-2027,102.913,0.308532
28-Jul-2026,26-Feb-2027,68.6084,0.392294
28-Jul-2026,26-Feb-2027,72.8964,0.379026
28-Jul-2026,26-Feb-2027,77.1844,0.367122
28-Jul-2026,26-Feb-2027,81.4725,0.356286
28-Jul-2026,26-Feb-2027,85.7605,0.346314
28-Jul-2026,26-Feb-2027,90.0485,0.337071
28-Jul-2026,26-Feb-2027,94.3365,0.328471
28-Jul-2026,26-Feb-2027,98.6246,0.32046
28-Jul-2026,26-Feb-2027,102.913,0.313008
28-Jul-2026,31-Mar-2027,68.6084,0.394611
28-Jul-2026,31-Mar-2027,72.8964,0.382156
28-Jul-2026,31-Mar-2027,77.1844,0.370916
28-Jul-2026,31-Mar-2027,81.4725,0.360648
28-Jul-2026,31-Mar-2027,85.7605,0.351181
28-Jul-2026,31-Mar-2027,90.0485,0.342396
28-Jul-2026,31-Mar-2027,94.3365,0.334213
28-Jul-2026,31-Mar-2027,98.6246,0.326579
28-Jul-2026,31-Mar-2027,102.913,0.319459
28-Jul-2026,30-Apr-2027,68.6084,0.396154
28-Jul-2026,30-Apr-2027,72.8964,0.384342
28-Jul-2026,30-Apr-2027,77.1844,0.373642
28-Jul-2026,30-Apr-2027,81.4725,0.363844
28-Jul-2026,30-Apr-2027,85.7605,0.354797
28-Jul-2026,30-Apr-2027,90.0485,0.346394
28-Jul-2026,30-Apr-2027,94.3365,0.338562
28-Jul-2026,30-Apr-2027,98.6246,0.331245
28-Jul-2026,30-Apr-2027,102.913,0.324408
28-Jul-2026,31-May-2027,68.6084,0.397506
28-Jul-2026,31-May-2027,72.8964,0.386278
28-Jul-2026,31-May-2027,77.1844,0.376077
28-Jul-2026,31-May-2027,81.4725,0.366717
28-Jul-2026,31-May-2027,85.7605,0.358066
28-Jul-2026,31-May-2027,90.0485,0.350024
28-Jul-2026,31-May-2027,94.3365,0.342522
28-Jul-2026,31-May-2027,98.6246,0.335507
28-Jul-2026,31-May-2027,102.913,0.328942
29-Jul-2026,31-Jul-2026,66.7103,0.394283
29-Jul-2026,31-Jul-2026,75.0491,0.279794
29-Jul-2026,31-Jul-2026,79.2185,0.269393
29-Jul-2026,31-Jul-2026,83.3879,0.259175
29-Jul-2026,31-Jul-2026,87.5573,0.249228
29-Jul-2026,31-Jul-2026,91.7267,0.239718
29-Jul-2026,07-Aug-2026,66.7103,0.607294
29-Jul-2026,07-Aug-2026,70.8797,0.467472
29-Jul-2026,07-Aug-2026,75.0491,0.368795
29-Jul-2026,07-Aug-2026,79.2185,0.332721
29-Jul-2026,07-Aug-2026,83.3879,0.316016
29-Jul-2026,07-Aug-2026,87.5573,0.302999
29-Jul-2026,07-Aug-2026,91.7267,0.291275
29-Jul-2026,07-Aug-2026,95.8961,0.280594
29-Jul-2026,07-Aug-2026,100.065,0.271156
29-Jul-2026,14-Aug-2026,66.7103,0.484745
29-Jul-2026,14-Aug-2026,70.8797,0.394867
29-Jul-2026,14-Aug-2026,75.0491,0.347206
29-Jul-2026,14-Aug-2026,79.2185,0.324946
29-Jul-2026,14-Aug-2026,83.3879,0.310161
29-Jul-2026,14-Aug-2026,87.5573,0.297673
29-Jul-2026,14-Aug-2026,91.7267,0.28632
29-Jul-2026,14-Aug-2026,95.8961,0.27596
29-Jul-2026,14-Aug-2026,100.065,0.266769
29-Jul-2026,21-Aug-2026,66.7103,0.448078
29-Jul-2026,21-Aug-2026,70.8797,0.387319
29-Jul-2026,21-Aug-2026,75.0491,0.354191
29-Jul-2026,21-Aug-2026,79.2185,0.334477
29-Jul-2026,21-Aug-2026,83.3879,0.319692
29-Jul-2026,21-Aug-2026,87.5573,0.306933
29-Jul-2026,21-Aug-2026,91.7267,0.295348
29-Jul-2026,21-Aug-2026,95.8961,0.284791
29-Jul-2026,21-Aug-2026,100.065,0.275397
29-Jul-2026,28-Aug-2026,66.7103,0.419485
29-Jul-2026,28-Aug-2026,70.8797,0.375159
29-Jul-2026,28-Aug-2026,75.0491,0.349091
29-Jul-2026,28-Aug-2026,79.2185,0.331504
29-Jul-2026,28-Aug-2026,83.3879,0.317441
29-Jul-2026,28-Aug-2026,87.5573,0.305057
29-Jul-2026,28-Aug-2026,91.7267,0.29375
29-Jul-2026,28-Aug-2026,95.8961,0.283419
29-Jul-2026,28-Aug-2026,100.065,0.274187
29-Jul-2026,31-Aug-2026,66.7103,0.417959
29-Jul-2026,31-Aug-2026,70.8797,0.37768
29-Jul-2026,31-Aug-2026,75.0491,0.352909
29-Jul-2026,31-Aug-2026,79.2185,0.335518
29-Jul-2026,31-Aug-2026,83.3879,0.321396
29-Jul-2026,31-Aug-2026,87.5573,0.308924
29-Jul-2026,31-Aug-2026,91.7267,0.297541
29-Jul-2026,31-Aug-2026,95.8961,0.287142
29-Jul-2026,31-Aug-2026,100.065,0.277837
29-Jul-2026,30-Sep-2026,66.7103,0.396138
29-Jul-2026,30-Sep-2026,70.8797,0.373133
29-Jul-2026,30-Sep-2026,75.0491,0.355433
29-Jul-2026,30-Sep-2026,79.2185,0.340751
29-Jul-2026,30-Sep-2026,83.3879,0.327861
29-Jul-2026,30-Sep-2026,87.5573,0.316159
29-Jul-2026,30-Sep-2026,91.7267,0.305383
29-Jul-2026,30-Sep-2026,95.8961,0.295471
29-Jul-2026,30-Sep-2026,100.065,0.286475
29-Jul-2026,30-Oct-2026,66.7103,0.393319
29-Jul-2026,30-Oct-2026,70.8797,0.374943
29-Jul-2026,30-Oct-2026,75.0491,0.359623
29-Jul-2026,30-Oct-2026,79.2185,0.346275
29-Jul-2026,30-Oct-2026,83.3879,0.334266
29-Jul-2026,30-Oct-2026,87.5573,0.323251
29-Jul-2026,30-Oct-2026,91.7267,0.31306
29-Jul-2026,30-Oct-2026,95.8961,0.303639
29-Jul-2026,30-Oct-2026,100.065,0.295005
29-Jul-2026,30-Nov-2026,66.7103,0.396346
29-Jul-2026,30-Nov-2026,70.8797,0.380175
29-Jul-2026,30-Nov-2026,75.0491,0.366188
29-Jul-2026,30-Nov-2026,79.2185,0.353732
29-Jul-2026,30-Nov-2026,83.3879,0.342403
29-Jul-2026,30-Nov-2026,87.5573,0.331962
29-Jul-2026,30-Nov-2026,91.7267,0.322279
29-Jul-2026,30-Nov-2026,95.8961,0.313298
29-Jul-2026,30-Nov-2026,100.065,0.305011
29-Jul-2026,31-Dec-2026,66.7103,0.397153
29-Jul-2026,31-Dec-2026,70.8797,0.382521
29-Jul-2026,31-Dec-2026,75.0491,0.369613
29-Jul-2026,31-Dec-2026,79.2185,0.357978
29-Jul-2026,31-Dec-2026,83.3879,0.347326
29-Jul-2026,31-Dec-2026,87.5573,0.337476
29-Jul-2026,31-Dec-2026,91.7267,0.328322
29-Jul-2026,31-Dec-2026,95.8961,0.319808
29-Jul-2026,31-Dec-2026,100.065,0.311913
29-Jul-2026,29-Jan-2027,66.7103,0.403394
29-Jul-2026,29-Jan-2027,70.8797,0.389622
29-Jul-2026,29-Jan-2027,75.0491,0.377345
29-Jul-2026,29-Jan-2027,79.2185,0.366213
29-Jul-2026,29-Jan-2027,83.3879,0.355994
29-Jul-2026,29-Jan-2027,87.5573,0.346535
29-Jul-2026,29-Jan-2027,91.7267,0.337737
29-Jul-2026,29-Jan-2027,95.8961,0.329543
29-Jul-2026,29-Jan-2027,100.065,0.321922
29-Jul-2026,26-Feb-2027,66.7103,0.403612
29-Jul-2026,26-Feb-2027,70.8797,0.390718
29-Jul-2026,26-Feb-2027,75.0491,0.379137
29-Jul-2026,26-Feb-2027,79.2185,0.368587
29-Jul-2026,26-Feb-2027,83.3879,0.358876
29-Jul-2026,26-Feb-2027,87.5573,0.34987
29-Jul-2026,26-Feb-2027,91.7267,0.341484
29-Jul-2026,26-Feb-2027,95.8961,0.33366
29-Jul-2026,26-Feb-2027,100.065,0.326364
29-Jul-2026,31-Mar-2027,66.7103,0.406097
29-Jul-2026,31-Mar-2027,70.8797,0.393988
29-Jul-2026,31-Mar-2027,75.0491,0.383049
29-Jul-2026,31-Mar-2027,79.2185,0.373049
29-Jul-2026,31-Mar-2027,83.3879,0.363825
29-Jul-2026,31-Mar-2027,87.5573,0.355262
29-Jul-2026,31-Mar-2027,91.7267,0.347279
29-Jul-2026,31-Mar-2027,95.8961,0.339821
29-Jul-2026,31-Mar-2027,100.065,0.332851
29-Jul-2026,30-Apr-2027,66.7103,0.407768
29-Jul-2026,30-Apr-2027,70.8797,0.39628
29-Jul-2026,30-Apr-2027,75.0491,0.385864
29-Jul-2026,30-Apr-2027,79.2185,0.376319
29-Jul-2026,30-Apr-2027,83.3879,0.367502
29-Jul-2026,30-Apr-2027,87.5573,0.359308
29-Jul-2026,30-Apr-2027,91.7267,0.351663
29-Jul-2026,30-Apr-2027,95.8961,0.344514
29-Jul-2026,30-Apr-2027,100.065,0.337823
29-Jul-2026,31-May-2027,66.7103,0.409237
29-Jul-2026,31-May-2027,70.8797,0.398315
29-Jul-2026,31-May-2027,75.0491,0.388381
29-Jul-2026,31-May-2027,79.2185,0.379262
29-Jul-2026,31-May-2027,83.3879,0.370827
29-Jul-2026,31-May-2027,87.5573,0.362983
29-Jul-2026,31-May-2027,91.7267,0.355659
29-Jul-2026,31-May-2027,95.8961,0.348803
29-Jul-2026,31-May-2027,100.065,0.342377
30-Jul-2026,31-Jul-2026,66.8222,0.553812
30-Jul-2026,31-Jul-2026,70.9986,0.411156
30-Jul-2026,31-Jul-2026,75.175,0.280096
30-Jul-2026,31-Jul-2026,79.3514,0.269012
30-Jul-2026,31-Jul-2026,83.5277,0.258766
30-Jul-2026,31-Jul-2026,87.7041,0.248791
30-Jul-2026,31-Jul-2026,91.8805,0.241023
30-Jul-2026,31-Jul-2026,96.0569,0.345188
30-Jul-2026,07-Aug-2026,66.8222,0.643972
30-Jul-2026,07-Aug-2026,70.9986,0.49395
30-Jul-2026,07-Aug-2026,75.175,0.381254
30-Jul-2026,07-Aug-2026,79.3514,0.339445
30-Jul-2026,07-Aug-2026,83.5277,0.321776
30-Jul-2026,07-Aug-2026,87.7041,0.308397
30-Jul-2026,07-Aug-2026,91.8805,0.296408
30-Jul-2026,07-Aug-2026,96.0569,0.285501
30-Jul-2026,07-Aug-2026,100.233,0.275875
30-Jul-2026,14-Aug-2026,66.8222,0.499685
30-Jul-2026,14-Aug-2026,70.9986,0.40366
30-Jul-2026,14-Aug-2026,75.175,0.351493
30-Jul-2026,14-Aug-2026,79.3514,0.327932
30-Jul-2026,14-Aug-2026,83.5277,0.312777
30-Jul-2026,14-Aug-2026,87.7041,0.300106
30-Jul-2026,14-Aug-2026,91.8805,0.288619
30-Jul-2026,14-Aug-2026,96.0569,0.278149
30-Jul-2026,14-Aug-2026,100.233,0.268869
30-Jul-2026,21-Aug-2026,66.8222,0.456222
30-Jul-2026,21-Aug-2026,70.9986,0.392043
30-Jul-2026,21-Aug-2026,75.175,0.357157
30-Jul-2026,21-Aug-2026,79.3514,0.336832
30-Jul-2026,21-Aug-2026,83.5277,0.321801
30-Jul-2026,21-Aug-2026,87.7041,0.308902
30-Jul-2026,21-Aug-2026,91.8805,0.297212
30-Jul-2026,21-Aug-2026,96.0569,0.28657
30-Jul-2026,21-Aug-2026,100.233,0.277107
30-Jul-2026,28-Aug-2026,66.8222,0.424412
30-Jul-2026,28-Aug-2026,70.9986,0.378132
30-Jul-2026,28-Aug-2026,75.175,0.351162
30-Jul-2026,28-Aug-2026,79.3514,0.333222
30-Jul-2026,28-Aug-2026,83.5277,0.318997
30-Jul-2026,28-Aug-2026,87.7041,0.306514
30-Jul-2026,28-Aug-2026,91.8805,0.295135
30-Jul-2026,28-Aug-2026,96.0569,0.284746
30-Jul-2026,28-Aug-2026,100.233,0.275466
30-Jul-2026,31-Aug-2026,66.8222,0.422198
30-Jul-2026,31-Aug-2026,70.9986,0.380382
30-Jul-2026,31-Aug-2026,75.175,0.354894
30-Jul-2026,31-Aug-2026,79.3514,0.337203
30-Jul-2026,31-Aug-2026,83.5277,0.322933
30-Jul-2026,31-Aug-2026,87.7041,0.31037
30-Jul-2026,31-Aug-2026,91.8805,0.29892
30-Jul-2026,31-Aug-2026,96.0569,0.288468
30-Jul-2026,31-Aug-2026,100.233,0.279119
30-Jul-2026,30-Sep-2026,66.8222,0.397891
30-Jul-2026,30-Sep-2026,70.9986,0.374596
30-Jul-2026,30-Sep-2026,75.175,0.356744
30-Jul-2026,30-Sep-2026,79.3514,0.341983
30-Jul-2026,30-Sep-2026,83.5277,0.32905
30-Jul-2026,30-Sep-2026,87.7041,0.317322
30-Jul-2026,30-Sep-2026,91.8805,0.306531
30-Jul-2026,30-Sep-2026,96.0569,0.296608
30-Jul-2026,30-Sep-2026,100.233,0.287602
30-Jul-2026,30-Oct-2026,66.8222,0.394746
30-Jul-2026,30-Oct-2026,70.9986,0.376283
30-Jul-2026,30-Oct-2026,75.175,0.36092
30-Jul-2026,30-Oct-2026,79.3514,0.347554
30-Jul-2026,30-Oct-2026,83.5277,0.335542
30-Jul-2026,30-Oct-2026,87.7041,0.324533
30-Jul-2026,30-Oct-2026,91.8805,0.314352
30-Jul-2026,30-Oct-2026,96.0569,0.304943
30-Jul-2026,30-Oct-2026,100.233,0.296318
30-Jul-2026,30-Nov-2026,66.8222,0.397805
30-Jul-2026,30-Nov-2026,70.9986,0.38162
30-Jul-2026,30-Nov-2026,75.175,0.367635
30-Jul-2026,30-Nov-2026,79.3514,0.355193
30-Jul-2026,30-Nov-2026,83.5277,0.343885
30-Jul-2026,30-Nov-2026,87.7041,0.33347
30-Jul-2026,30-Nov-2026,91.8805,0.323814
30-Jul-2026,30-Nov-2026,96.0569,0.314859
30-Jul-2026,30-Nov-2026,100.233,0.306594
30-Jul-2026,31-Dec-2026,66.8222,0.398702
30-Jul-2026,31-Dec-2026,70.9986,0.38409
30-Jul-2026,31-Dec-2026,75.175,0.37121
30-Jul-2026,31-Dec-2026,79.3514,0.359608
30-Jul-2026,31-Dec-2026,83.5277,0.348992
30-Jul-2026,31-Dec-2026,87.7041,0.339181
30-Jul-2026,31-Dec-2026,91.8805,0.330064
30-Jul-2026,31-Dec-2026,96.0569,0.321586
30-Jul-2026,31-Dec-2026,100.233,0.313722
30-Jul-2026,29-Jan-2027,66.8222,0.405112
30-Jul-2026,29-Jan-2027,70.9986,0.391382
30-Jul-2026,29-Jan-2027,75.175,0.379148
30-Jul-2026,29-Jan-2027,79.3514,0.368061
30-Jul-2026,29-Jan-2027,83.5277,0.357889
30-Jul-2026,29-Jan-2027,87.7041,0.348476
30-Jul-2026,29-Jan-2027,91.8805,0.339723
30-Jul-2026,29-Jan-2027,96.0569,0.331571
30-Jul-2026,29-Jan-2027,100.233,0.323987
30-Jul-2026,26-Feb-2027,66.8222,0.405438
30-Jul-2026,26-Feb-2027,70.9986,0.392596
30-Jul-2026,26-Feb-2027,75.175,0.381068
30-Jul-2026,26-Feb-2027,79.3514,0.370571
30-Jul-2026,26-Feb-2027,83.5277,0.360912
30-Jul-2026,26-Feb-2027,87.7041,0.351958
30-Jul-2026,26-Feb-2027,91.8805,0.343621
30-Jul-2026,26-Feb-2027,96.0569,0.335843
30-Jul-2026,26-Feb-2027,100.233,0.328588
30-Jul-2026,31-Mar-2027,66.8222,0.408073
30-Jul-2026,31-Mar-2027,70.9986,0.396025
30-Jul-2026,31-Mar-2027,75.175,0.385148
30-Jul-2026,31-Mar-2027,79.3514,0.375207
30-Jul-2026,31-Mar-2027,83.5277,0.366041
30-Jul-2026,31-Mar-2027,87.7041,0.357532
30-Jul-2026,31-Mar-2027,91.8805,0.349602
30-Jul-2026,31-Mar-2027,96.0569,0.342193
30-Jul-2026,31-Mar-2027,100.233,0.335268
30-Jul-2026,30-Apr-2027,66.8222,0.409868
30-Jul-2026,30-Apr-2027,70.9986,0.398449
30-Jul-2026,30-Apr-2027,75.175,0.388098
30-Jul-2026,30-Apr-2027,79.3514,0.378616
30-Jul-2026,30-Apr-2027,83.5277,0.369859
30-Jul-2026,30-Apr-2027,87.7041,0.361723
30-Jul-2026,30-Apr-2027,91.8805,0.354133
30-Jul-2026,30-Apr-2027,96.0569,0.347035
30-Jul-2026,30-Apr-2027,100.233,0.340389
30-Jul-2026,31-May-2027,66.8222,0.411458
30-Jul-2026,31-May-2027,70.9986,0.400607
30-Jul-2026,31-May-2027,75.175,0.390743
30-Jul-2026,31-May-2027,79.3514,0.381689
30-Jul-2026,31-May-2027,83.5277,0.373316
30-Jul-2026,31-May-2027,87.7041,0.365531
30-Jul-2026,31-May-2027,91.8805,0.358263
30-Jul-2026,31-May-2027,96.0569,0.351458
30-Jul-2026,31-May-2027,100.233,0.34508
31-Jul-2026,07-Aug-2026,67.4787,0.689254
31-Jul-2026,07-Aug-2026,71.6961,0.527152
31-Jul-2026,07-Aug-2026,75.9136,0.395853
31-Jul-2026,07-Aug-2026,80.131,0.344449
31-Jul-2026,07-Aug-2026,84.3484,0.32516
31-Jul-2026,07-Aug-2026,88.5658,0.311149
31-Jul-2026,07-Aug-2026,92.7832,0.298685
31-Jul-2026,07-Aug-2026,97.0007,0.287396
31-Jul-2026,07-Aug-2026,101.218,0.277509
31-Jul-2026,14-Aug-2026,67.4787,0.516932
31-Jul-2026,14-Aug-2026,71.6961,0.412904
31-Jul-2026,14-Aug-2026,75.9136,0.353614
31-Jul-2026,14-Aug-2026,80.131,0.327795
31-Jul-2026,14-Aug-2026,84.3484,0.311953
31-Jul-2026,14-Aug-2026,88.5658,0.2989
31-Jul-2026,14-Aug-2026,92.7832,0.287117
31-Jul-2026,14-Aug-2026,97.0007,0.27642
31-Jul-2026,14-Aug-2026,101.218,0.267004
31-Jul-2026,21-Aug-2026,67.4787,0.464824
31-Jul-2026,21-Aug-2026,71.6961,0.395253
31-Jul-2026,21-Aug-2026,75.9136,0.357226
31-Jul-2026,21-Aug-2026,80.131,0.335724
31-Jul-2026,21-Aug-2026,84.3484,0.320168
31-Jul-2026,21-Aug-2026,88.5658,0.306929
31-Jul-2026,21-Aug-2026,92.7832,0.294971
31-Jul-2026,21-Aug-2026,97.0007,0.284124
31-Jul-2026,21-Aug-2026,101.218,0.274538
31-Jul-2026,28-Aug-2026,67.4787,0.428659
31-Jul-2026,28-Aug-2026,71.6961,0.378854
31-Jul-2026,28-Aug-2026,75.9136,0.350083
31-Jul-2026,28-Aug-2026,80.131,0.331369
31-Jul-2026,28-Aug-2026,84.3484,0.316732
31-Jul-2026,28-Aug-2026,88.5658,0.303959
31-Jul-2026,28-Aug-2026,92.7832,0.292346
31-Jul-2026,28-Aug-2026,97.0007,0.281778
31-Jul-2026,28-Aug-2026,101.218,0.272393
31-Jul-2026,04-Sep-2026,67.4787,0.409116
31-Jul-2026,04-Sep-2026,71.6961,0.370507
31-Jul-2026,04-Sep-2026,75.9136,0.346428
31-Jul-2026,04-Sep-2026,80.131,0.329293
31-Jul-2026,04-Sep-2026,84.3484,0.315273
31-Jul-2026,04-Sep-2026,88.5658,0.302852
31-Jul-2026,04-Sep-2026,92.7832,0.291505
31-Jul-2026,04-Sep-2026,97.0007,0.28115
31-Jul-2026,04-Sep-2026,101.218,0.271913
31-Jul-2026,31-Aug-2026,67.4787,0.425383
31-Jul-2026,31-Aug-2026,71.6961,0.380629
31-Jul-2026,31-Aug-2026,75.9136,0.353634
31-Jul-2026,31-Aug-2026,80.131,0.335244
31-Jul-2026,31-Aug-2026,84.3484,0.320579
31-Jul-2026,31-Aug-2026,88.5658,0.30773
31-Jul-2026,31-Aug-2026,92.7832,0.296049
31-Jul-2026,31-Aug-2026,97.0007,0.285419
31-Jul-2026,31-Aug-2026,101.218,0.275963
31-Jul-2026,30-Sep-2026,67.4787,0.397037
31-Jul-2026,30-Sep-2026,71.6961,0.372827
31-Jul-2026,30-Sep-2026,75.9136,0.35442
31-Jul-2026,30-Sep-2026,80.131,0.339296
31-Jul-2026,30-Sep-2026,84.3484,0.326094
31-Jul-2026,30-Sep-2026,88.5658,0.314149
31-Jul-2026,30-Sep-2026,92.7832,0.303174
31-Jul-2026,30-Sep-2026,97.0007,0.293104
31-Jul-2026,30-Sep-2026,101.218,0.284
31-Jul-2026,30-Oct-2026,67.4787,0.393058
31-Jul-2026,30-Oct-2026,71.6961,0.374073
31-Jul-2026,30-Oct-2026,75.9136,0.358347
31-Jul-2026,30-Oct-2026,80.131,0.34471
31-Jul-2026,30-Oct-2026,84.3484,0.33248
31-Jul-2026,30-Oct-2026,88.5658,0.321286
31-Jul-2026,30-Oct-2026,92.7832,0.310947
31-Jul-2026,30-Oct-2026,97.0007,0.301406
31-Jul-2026,30-Oct-2026,101.218,0.292685
31-Jul-2026,30-Nov-2026,67.4787,0.395824
31-Jul-2026,30-Nov-2026,71.6961,0.379264
31-Jul-2026,30-Nov-2026,75.9136,0.364997
31-Jul-2026,30-Nov-2026,80.131,0.352328
31-Jul-2026,30-Nov-2026,84.3484,0.340831
31-Jul-2026,30-Nov-2026,88.5658,0.330253
31-Jul-2026,30-Nov-2026,92.7832,0.320456
31-Jul-2026,30-Nov-2026,97.0007,0.311381
31-Jul-2026,30-Nov-2026,101.218,0.303021
31-Jul-2026,31-Dec-2026,67.4787,0.396584
31-Jul-2026,31-Dec-2026,71.6961,0.381675
31-Jul-2026,31-Dec-2026,75.9136,0.368559
31-Jul-2026,31-Dec-2026,80.131,0.356762
31-Jul-2026,31-Dec-2026,84.3484,0.34598
31-Jul-2026,31-Dec-2026,88.5658,0.336023
31-Jul-2026,31-Dec-2026,92.7832,0.326779
31-Jul-2026,31-Dec-2026,97.0007,0.318191
31-Jul-2026,31-Dec-2026,101.218,0.310237
31-Jul-2026,29-Jan-2027,67.4787,0.402957
31-Jul-2026,29-Jan-2027,71.6961,0.388969
31-Jul-2026,29-Jan-2027,75.9136,0.376524
31-Jul-2026,29-Jan-2027,80.131,0.365261
31-Jul-2026,29-Jan-2027,84.3484,0.354935
31-Jul-2026,29-Jan-2027,88.5658,0.345387
31-Jul-2026,29-Jan-2027,92.7832,0.336516
31-Jul-2026,29-Jan-2027,97.0007,0.32826
31-Jul-2026,29-Jan-2027,101.218,0.320589
31-Jul-2026,26-Feb-2027,67.4787,0.403253
31-Jul-2026,26-Feb-2027,71.6961,0.390185
31-Jul-2026,26-Feb-2027,75.9136,0.378469
31-Jul-2026,26-Feb-2027,80.131,0.367811
31-Jul-2026,26-Feb-2027,84.3484,0.358012
31-Jul-2026,26-Feb-2027,88.5658,0.348934
31-Jul-2026,26-Feb-2027,92.7832,0.340487
31-Jul-2026,26-Feb-2027,97.0007,0.332612
31-Jul-2026,26-Feb-2027,101.218,0.325275
31-Jul-2026,31-Mar-2027,67.4787,0.405885
31-Jul-2026,31-Mar-2027,71.6961,0.393637
31-Jul-2026,31-Mar-2027,75.9136,0.38259
31-Jul-2026,31-Mar-2027,80.131,0.372503
31-Jul-2026,31-Mar-2027,84.3484,0.363207
31-Jul-2026,31-Mar-2027,88.5658,0.354584
31-Jul-2026,31-Mar-2027,92.7832,0.346552
31-Jul-2026,31-Mar-2027,97.0007,0.339053
31-Jul-2026,31-Mar-2027,101.218,0.332049
31-Jul-2026,30-Apr-2027,67.4787,0.407689
31-Jul-2026,30-Apr-2027,71.6961,0.396086
31-Jul-2026,30-Apr-2027,75.9136,0.385579
31-Jul-2026,30-Apr-2027,80.131,0.375961
31-Jul-2026,30-Apr-2027,84.3484,0.367084
31-Jul-2026,30-Apr-2027,88.5658,0.358841
31-Jul-2026,30-Apr-2027,92.7832,0.351155
31-Jul-2026,30-Apr-2027,97.0007,0.343971
31-Jul-2026,30-Apr-2027,101.218,0.337251
31-Jul-2026,31-May-2027,67.4787,0.409293
31-Jul-2026,31-May-2027,71.6961,0.398275
31-Jul-2026,31-May-2027,75.9136,0.388265
31-Jul-2026,31-May-2027,80.131,0.379084
31-Jul-2026,31-May-2027,84.3484,0.370599
31-Jul-2026,31-May-2027,88.5658,0.362713
31-Jul-2026,31-May-2027,92.7832,0.355354
31-Jul-2026,31-May-2027,97.0007,0.348469
31-Jul-2026,31-May-2027,101.218,0.342019
31-Jul-2026,30-Jun-2027,67.4787,0.411085
31-Jul-2026,30-Jun-2027,71.6961,0.400557
31-Jul-2026,30-Jun-2027,75.9136,0.390971
31-Jul-2026,30-Jun-2027,80.131,0.382165
31-Jul-2026,30-Jun-2027,84.3484,0.374018
31-Jul-2026,30-Jun-2027,88.5658,0.366442
31-Jul-2026,30-Jun-2027,92.7832,0.359367
31-Jul-2026,30-Jun-2027,97.0007,0.352742
31-Jul-2026,30-Jun-2027,101.218,0.346529
03-Aug-2026,07-Aug-2026,66.9163,0.301249
03-Aug-2026,07-Aug-2026,71.0986,0.290236
03-Aug-2026,07-Aug-2026,75.2808,0.279707
03-Aug-2026,07-Aug-2026,79.4631,0.26933
03-Aug-2026,07-Aug-2026,83.6454,0.259136
03-Aug-2026,07-Aug-2026,87.8276,0.249213
03-Aug-2026,07-Aug-2026,92.0099,0.239725
03-Aug-2026,07-Aug-2026,96.1922,0.230928
03-Aug-2026,07-Aug-2026,100.374,0.223997
03-Aug-2026,14-Aug-2026,66.9163,0.551373
03-Aug-2026,14-Aug-2026,71.0986,0.428634
03-Aug-2026,14-Aug-2026,75.2808,0.35122
03-Aug-2026,14-Aug-2026,79.4631,0.32233
03-Aug-2026,14-Aug-2026,83.6454,0.306903
03-Aug-2026,14-Aug-2026,87.8276,0.294397
03-Aug-2026,14-Aug-2026,92.0099,0.283054
03-Aug-2026,14-Aug-2026,96.1922,0.272702
03-Aug-2026,14-Aug-2026,100.374,0.263545
03-Aug-2026,21-Aug-2026,66.9163,0.46057
03-Aug-2026,21-Aug-2026,71.0986,0.381059
03-Aug-2026,21-Aug-2026,75.2808,0.340035
03-Aug-2026,21-Aug-2026,79.4631,0.319609
03-Aug-2026,21-Aug-2026,83.6454,0.305365
03-Aug-2026,21-Aug-2026,87.8276,0.293159
03-Aug-2026,21-Aug-2026,92.0099,0.282023
03-Aug-2026,21-Aug-2026,96.1922,0.271848
03-Aug-2026,21-Aug-2026,100.374,0.262812
03-Aug-2026,28-Aug-2026,66.9163,0.434848
03-Aug-2026,28-Aug-2026,71.0986,0.379547
03-Aug-2026,28-Aug-2026,75.2808,0.349023
03-Aug-2026,28-Aug-2026,79.4631,0.330202
03-Aug-2026,28-Aug-2026,83.6454,0.315792
03-Aug-2026,28-Aug-2026,87.8276,0.303265
03-Aug-2026,28-Aug-2026,92.0099,0.291863
03-Aug-2026,28-Aug-2026,96.1922,0.281463
03-Aug-2026,28-Aug-2026,100.374,0.272198
03-Aug-2026,04-Sep-2026,66.9163,0.41155
03-Aug-2026,04-Sep-2026,71.0986,0.370251
03-Aug-2026,04-Sep-2026,75.2808,0.345512
03-Aug-2026,04-Sep-2026,79.4631,0.328446
03-Aug-2026,04-Sep-2026,83.6454,0.31464
03-Aug-2026,04-Sep-2026,87.8276,0.302428
03-Aug-2026,04-Sep-2026,92.0099,0.291261
03-Aug-2026,04-Sep-2026,96.1922,0.281051
03-Aug-2026,04-Sep-2026,100.374,0.271917
03-Aug-2026,31-Aug-2026,66.9163,0.41732
03-Aug-2026,31-Aug-2026,71.0986,0.369569
03-Aug-2026,31-Aug-2026,75.2808,0.342594
03-Aug-2026,31-Aug-2026,79.4631,0.325066
03-Aug-2026,31-Aug-2026,83.6454,0.311225
03-Aug-2026,31-Aug-2026,87.8276,0.299046
03-Aug-2026,31-Aug-2026,92.0099,0.287912
03-Aug-2026,31-Aug-2026,96.1922,0.277732
03-Aug-2026,31-Aug-2026,100.374,0.268645
03-Aug-2026,30-Sep-2026,66.9163,0.391681
03-Aug-2026,30-Sep-2026,71.0986,0.367615
03-Aug-2026,30-Sep-2026,75.2808,0.349588
03-Aug-2026,30-Sep-2026,79.4631,0.334862
03-Aug-2026,30-Sep-2026,83.6454,0.322011
03-Aug-2026,30-Sep-2026,87.8276,0.310362
03-Aug-2026,30-Sep-2026,92.0099,0.299634
03-Aug-2026,30-Sep-2026,96.1922,0.289771
03-Aug-2026,30-Sep-2026,100.374,0.280837
03-Aug-2026,30-Oct-2026,66.9163,0.38974
03-Aug-2026,30-Oct-2026,71.0986,0.370964
03-Aug-2026,30-Oct-2026,75.2808,0.355479
03-Aug-2026,30-Oct-2026,79.4631,0.342067
03-Aug-2026,30-Oct-2026,83.6454,0.330034
03-Aug-2026,30-Oct-2026,87.8276,0.319005
03-Aug-2026,30-Oct-2026,92.0099,0.308805
03-Aug-2026,30-Oct-2026,96.1922,0.29938
03-Aug-2026,30-Oct-2026,100.374,0.290755
03-Aug-2026,30-Nov-2026,66.9163,0.39676
03-Aug-2026,30-Nov-2026,71.0986,0.380173
03-Aug-2026,30-Nov-2026,75.2808,0.365908
03-Aug-2026,30-Nov-2026,79.4631,0.353256
03-Aug-2026,30-Nov-2026,83.6454,0.341777
03-Aug-2026,30-Nov-2026,87.8276,0.331215
03-Aug-2026,30-Nov-2026,92.0099,0.321429
03-Aug-2026,30-Nov-2026,96.1922,0.312361
03-Aug-2026,30-Nov-2026,100.374,0.304003
03-Aug-2026,31-Dec-2026,66.9163,0.397462
03-Aug-2026,31-Dec-2026,71.0986,0.382537
03-Aug-2026,31-Dec-2026,75.2808,0.369418
03-Aug-2026,31-Dec-2026,79.4631,0.357624
03-Aug-2026,31-Dec-2026,83.6454,0.346846
03-Aug-2026,31-Dec-2026,87.8276,0.336891
03-Aug-2026,31-Dec-2026,92.0099,0.327646
03-Aug-2026,31-Dec-2026,96.1922,0.319054
03-Aug-2026,31-Dec-2026,100.374,0.311093
03-Aug-2026,29-Jan-2027,66.9163,0.401751
03-Aug-2026,29-Jan-2027,71.0986,0.387822
03-Aug-2026,29-Jan-2027,75.2808,0.375433
03-Aug-2026,29-Jan-2027,79.4631,0.364218
03-Aug-2026,29-Jan-2027,83.6454,0.353933
03-Aug-2026,29-Jan-2027,87.8276,0.344417
03-Aug-2026,29-Jan-2027,92.0099,0.335571
03-Aug-2026,29-Jan-2027,96.1922,0.327335
03-Aug-2026,29-Jan-2027,100.374,0.319679
03-Aug-2026,26-Feb-2027,66.9163,0.404048
03-Aug-2026,26-Feb-2027,71.0986,0.390955
03-Aug-2026,26-Feb-2027,75.2808,0.379221
03-Aug-2026,26-Feb-2027,79.4631,0.368548
03-Aug-2026,26-Feb-2027,83.6454,0.358734
03-Aug-2026,26-Feb-2027,87.8276,0.349641
03-Aug-2026,26-Feb-2027,92.0099,0.341179
03-Aug-2026,26-Feb-2027,96.1922,0.333289
03-Aug-2026,26-Feb-2027,100.374,0.325935
03-Aug-2026,31-Mar-2027,66.9163,0.404974
03-Aug-2026,31-Mar-2027,71.0986,0.392751
03-Aug-2026,31-Mar-2027,75.2808,0.381725
03-Aug-2026,31-Mar-2027,79.4631,0.371655
03-Aug-2026,31-Mar-2027,83.6454,0.362372
03-Aug-2026,31-Mar-2027,87.8276,0.353758
03-Aug-2026,31-Mar-2027,92.0099,0.345731
03-Aug-2026,31-Mar-2027,96.1922,0.338234
03-Aug-2026,31-Mar-2027,100.374,0.331231
03-Aug-2026,30-Apr-2027,66.9163,0.406852
03-Aug-2026,30-Apr-2027,71.0986,0.395263
03-Aug-2026,30-Apr-2027,75.2808,0.384767
03-Aug-2026,30-Apr-2027,79.4631,0.375157
03-Aug-2026,30-Apr-2027,83.6454,0.366284
03-Aug-2026,30-Apr-2027,87.8276,0.358043
03-Aug-2026,30-Apr-2027,92.0099,0.350357
03-Aug-2026,30-Apr-2027,96.1922,0.343171
03-Aug-2026,30-Apr-2027,100.374,0.336447
03-Aug-2026,31-May-2027,66.9163,0.409819
03-Aug-2026,31-May-2027,71.0986,0.39877
03-Aug-2026,31-May-2027,75.2808,0.388733
03-Aug-2026,31-May-2027,79.4631,0.379527
03-Aug-2026,31-May-2027,83.6454,0.371019
03-Aug-2026,31-May-2027,87.8276,0.363111
03-Aug-2026,31-May-2027,92.0099,0.35573
03-Aug-2026,31-May-2027,96.1922,0.348825
03-Aug-2026,31-May-2027,100.374,0.342355
03-Aug-2026,30-Jun-2027,66.9163,0.41153
03-Aug-2026,30-Jun-2027,71.0986,0.40097
03-Aug-2026,30-Jun-2027,75.2808,0.391356
03-Aug-2026,30-Jun-2027,79.4631,0.382524
03-Aug-2026,30-Jun-2027,83.6454,0.374353
03-Aug-2026,30-Jun-2027,87.8276,0.366753
03-Aug-2026,30-Jun-2027,92.0099,0.359657
03-Aug-2026,30-Jun-2027,96.1922,0.353011
03-Aug-2026,30-Jun-2027,100.374,0.346778
04-Aug-2026,07-Aug-2026,66.7204,0.322508
04-Aug-2026,07-Aug-2026,70.8904,0.291755
04-Aug-2026,07-Aug-2026,75.0604,0.281269
04-Aug-2026,07-Aug-2026,79.2304,0.270938
04-Aug-2026,07-Aug-2026,83.4004,0.260795
04-Aug-2026,07-Aug-2026,87.5705,0.250924
04-Aug-2026,07-Aug-2026,91.7405,0.241482
04-Aug-2026,07-Aug-2026,95.9105,0.232719
04-Aug-2026,07-Aug-2026,100.081,0.258485
04-Aug-2026,14-Aug-2026,66.7204,0.580472
04-Aug-2026,14-Aug-2026,70.8904,0.449111
04-Aug-2026,14-Aug-2026,75.0604,0.361526
04-Aug-2026,14-Aug-2026,79.2304,0.329201
04-Aug-2026,14-Aug-2026,83.4004,0.313139
04-Aug-2026,14-Aug-2026,87.5705,0.300425
04-Aug-2026,14-Aug-2026,91.7405,0.288956
04-Aug-2026,14-Aug-2026,95.9105,0.278494
04-Aug-2026,14-Aug-2026,100.081,0.269218
04-Aug-2026,21-Aug-2026,66.7204,0.475036
04-Aug-2026,21-Aug-2026,70.8904,0.390195
04-Aug-2026,21-Aug-2026,75.0604,0.345729
04-Aug-2026,21-Aug-2026,79.2304,0.324279
04-Aug-2026,21-Aug-2026,83.4004,0.309749
04-Aug-2026,21-Aug-2026,87.5705,0.297437
04-Aug-2026,21-Aug-2026,91.7405,0.286243
04-Aug-2026,21-Aug-2026,95.9105,0.276019
04-Aug-2026,21-Aug-2026,100.081,0.266919
04-Aug-2026,28-Aug-2026,66.7204,0.444321
04-Aug-2026,28-Aug-2026,70.8904,0.38601
04-Aug-2026,28-Aug-2026,75.0604,0.353935
04-Aug-2026,28-Aug-2026,79.2304,0.334546
04-Aug-2026,28-Aug-2026,83.4004,0.319924
04-Aug-2026,28-Aug-2026,87.5705,0.307307
04-Aug-2026,28-Aug-2026,91.7405,0.295857
04-Aug-2026,28-Aug-2026,95.9105,0.285416
04-Aug-2026,28-Aug-2026,100.081,0.2761
04-Aug-2026,04-Sep-2026,66.7204,0.418386
04-Aug-2026,04-Sep-2026,70.8904,0.375268
04-Aug-2026,04-Sep-2026,75.0604,0.349648
04-Aug-2026,04-Sep-2026,79.2304,0.332226
04-Aug-2026,04-Sep-2026,83.4004,0.318276
04-Aug-2026,04-Sep-2026,87.5705,0.306004
04-Aug-2026,04-Sep-2026,91.7405,0.294809
04-Aug-2026,04-Sep-2026,95.9105,0.284575
04-Aug-2026,04-Sep-2026,100.081,0.275406
04-Aug-2026,31-Aug-2026,66.7204,0.425257
04-Aug-2026,31-Aug-2026,70.8904,0.375078
04-Aug-2026,31-Aug-2026,75.0604,0.346924
04-Aug-2026,31-Aug-2026,79.2304,0.328958
04-Aug-2026,31-Aug-2026,83.4004,0.314952
04-Aug-2026,31-Aug-2026,87.5705,0.302708
04-Aug-2026,31-Aug-2026,91.7405,0.291541
04-Aug-2026,31-Aug-2026,95.9105,0.281334
04-Aug-2026,31-Aug-2026,100.081,0.272207
04-Aug-2026,30-Sep-2026,66.7204,0.395822
04-Aug-2026,30-Sep-2026,70.8904,0.371239
04-Aug-2026,30-Sep-2026,75.0604,0.352934
04-Aug-2026,30-Sep-2026,79.2304,0.338069
04-Aug-2026,30-Sep-2026,83.4004,0.325156
04-Aug-2026,30-Sep-2026,87.5705,0.313483
04-Aug-2026,30-Sep-2026,91.7405,0.30275
04-Aug-2026,30-Sep-2026,95.9105,0.292884
04-Aug-2026,30-Sep-2026,100.081,0.283939
04-Aug-2026,30-Oct-2026,66.7204,0.393245
04-Aug-2026,30-Oct-2026,70.8904,0.374228
04-Aug-2026,30-Oct-2026,75.0604,0.358603
04-Aug-2026,30-Oct-2026,79.2304,0.345117
04-Aug-2026,30-Oct-2026,83.4004,0.333051
04-Aug-2026,30-Oct-2026,87.5705,0.322014
04-Aug-2026,30-Oct-2026,91.7405,0.311819
04-Aug-2026,30-Oct-2026,95.9105,0.302401
04-Aug-2026,30-Oct-2026,100.081,0.293775
04-Aug-2026,30-Nov-2026,66.7204,0.400149
04-Aug-2026,30-Nov-2026,70.8904,0.383409
04-Aug-2026,30-Nov-2026,75.0604,0.369053
04-Aug-2026,30-Nov-2026,79.2304,0.35635
04-Aug-2026,30-Nov-2026,83.4004,0.34485
04-Aug-2026,30-Nov-2026,87.5705,0.334285
04-Aug-2026,30-Nov-2026,91.7405,0.324506
04-Aug-2026,30-Nov-2026,95.9105,0.315447
04-Aug-2026,30-Nov-2026,100.081,0.307093
04-Aug-2026,31-Dec-2026,66.7204,0.40073
04-Aug-2026,31-Dec-2026,70.8904,0.385701
04-Aug-2026,31-Dec-2026,75.0604,0.372519
04-Aug-2026,31-Dec-2026,79.2304,0.360693
04-Aug-2026,31-Dec-2026,83.4004,0.349903
04-Aug-2026,31-Dec-2026,87.5705,0.339951
04-Aug-2026,31-Dec-2026,91.7405,0.330716
04-Aug-2026,31-Dec-2026,95.9105,0.322136
04-Aug-2026,31-Dec-2026,100.081,0.314185
04-Aug-2026,29-Jan-2027,66.7204,0.405014
04-Aug-2026,29-Jan-2027,70.8904,0.391004
04-Aug-2026,29-Jan-2027,75.0604,0.378567
04-Aug-2026,29-Jan-2027,79.2304,0.367328
04-Aug-2026,29-Jan-2027,83.4004,0.357036
04-Aug-2026,29-Jan-2027,87.5705,0.347524
04-Aug-2026,29-Jan-2027,91.7405,0.338689
04-Aug-2026,29-Jan-2027,95.9105,0.330466
04-Aug-2026,29-Jan-2027,100.081,0.322821
04-Aug-2026,26-Feb-2027,66.7204,0.407295
04-Aug-2026,26-Feb-2027,70.8904,0.394139
04-Aug-2026,26-Feb-2027,75.0604,0.382367
04-Aug-2026,26-Feb-2027,79.2304,0.371676
04-Aug-2026,26-Feb-2027,83.4004,0.361858
04-Aug-2026,26-Feb-2027,87.5705,0.352771
04-Aug-2026,26-Feb-2027,91.7405,0.344321
04-Aug-2026,26-Feb-2027,95.9105,0.336444
04-Aug-2026,26-Feb-2027,100.081,0.329103
04-Aug-2026,31-Mar-2027,66.7204,0.408191
04-Aug-2026,31-Mar-2027,70.8904,0.395919
04-Aug-2026,31-Mar-2027,75.0604,0.384865
04-Aug-2026,31-Mar-2027,79.2304,0.374783
04-Aug-2026,31-Mar-2027,83.4004,0.3655
04-Aug-2026,31-Mar-2027,87.5705,0.356894
04-Aug-2026,31-Mar-2027,91.7405,0.348879
04-Aug-2026,31-Mar-2027,95.9105,0.341397
04-Aug-2026,31-Mar-2027,100.081,0.334407
04-Aug-2026,30-Apr-2027,66.7204,0.410066
04-Aug-2026,30-Apr-2027,70.8904,0.398437
04-Aug-2026,30-Apr-2027,75.0604,0.387919
04-Aug-2026,30-Apr-2027,79.2304,0.378301
04-Aug-2026,30-Apr-2027,83.4004,0.36943
04-Aug-2026,30-Apr-2027,87.5705,0.361197
04-Aug-2026,30-Apr-2027,91.7405,0.353524
04-Aug-2026,30-Apr-2027,95.9105,0.346352
04-Aug-2026,30-Apr-2027,100.081,0.339642
04-Aug-2026,31-May-2027,66.7204,0.413052
04-Aug-2026,31-May-2027,70.8904,0.401969
04-Aug-2026,31-May-2027,75.0604,0.391914
04-Aug-2026,31-May-2027,79.2304,0.382702
04-Aug-2026,31-May-2027,83.4004,0.374196
04-Aug-2026,31-May-2027,87.5705,0.366297
04-Aug-2026,31-May-2027,91.7405,0.358929
04-Aug-2026,31-May-2027,95.9105,0.352037
04-Aug-2026,31-May-2027,100.081,0.345581
04-Aug-2026,30-Jun-2027,66.7204,0.414766
04-Aug-2026,30-Jun-2027,70.8904,0.404178
04-Aug-2026,30-Jun-2027,75.0604,0.394549
04-Aug-2026,30-Jun-2027,79.2304,0.385713
04-Aug-2026,30-Jun-2027,83.4004,0.377545
04-Aug-2026,30-Jun-2027,87.5705,0.369954
04-Aug-2026,30-Jun-2027,91.7405,0.36287
04-Aug-2026,30-Jun-2027,95.9105,0.356238
04-Aug-2026,30-Jun-2027,100.081,0.350019
05-Aug-2026,07-Aug-2026,64.3517,0.406753
05-Aug-2026,07-Aug-2026,68.3737,0.303729
05-Aug-2026,07-Aug-2026,72.3957,0.29303
05-Aug-2026,07-Aug-2026,76.4177,0.283105
05-Aug-2026,07-Aug-2026,80.4397,0.273395
05-Aug-2026,07-Aug-2026,84.4617,0.263962
05-Aug-2026,07-Aug-2026,88.4837,0.254923
05-Aug-2026,07-Aug-2026,96.5276,0.321217
05-Aug-2026,14-Aug-2026,64.3517,0.613441
05-Aug-2026,14-Aug-2026,68.3737,0.47454
05-Aug-2026,14-Aug-2026,72.3957,0.382045
05-Aug-2026,14-Aug-2026,76.4177,0.34857
05-Aug-2026,14-Aug-2026,80.4397,0.332454
05-Aug-2026,14-Aug-2026,84.4617,0.319893
05-Aug-2026,14-Aug-2026,88.4837,0.308598
05-Aug-2026,14-Aug-2026,92.5056,0.298235
05-Aug-2026,14-Aug-2026,96.5276,0.2889
05-Aug-2026,21-Aug-2026,64.3517,0.49157
05-Aug-2026,21-Aug-2026,68.3737,0.405532
05-Aug-2026,21-Aug-2026,72.3957,0.36122
05-Aug-2026,21-Aug-2026,76.4177,0.339925
05-Aug-2026,21-Aug-2026,80.4397,0.325562
05-Aug-2026,21-Aug-2026,84.4617,0.313445
05-Aug-2026,21-Aug-2026,88.4837,0.302436
05-Aug-2026,21-Aug-2026,92.5056,0.292328
05-Aug-2026,21-Aug-2026,96.5276,0.283211
05-Aug-2026,28-Aug-2026,64.3517,0.457434
05-Aug-2026,28-Aug-2026,68.3737,0.399861
05-Aug-2026,28-Aug-2026,72.3957,0.368344
05-Aug-2026,28-Aug-2026,76.4177,0.349179
05-Aug-2026,28-Aug-2026,80.4397,0.334703
05-Aug-2026,28-Aug-2026,84.4617,0.322222
05-Aug-2026,28-Aug-2026,88.4837,0.310891
05-Aug-2026,28-Aug-2026,92.5056,0.300513
05-Aug-2026,28-Aug-2026,96.5276,0.291154
05-Aug-2026,04-Sep-2026,64.3517,0.430044
05-Aug-2026,04-Sep-2026,68.3737,0.387878
05-Aug-2026,04-Sep-2026,72.3957,0.36273
05-Aug-2026,04-Sep-2026,76.4177,0.345496
05-Aug-2026,04-Sep-2026,80.4397,0.331657
05-Aug-2026,04-Sep-2026,84.4617,0.319478
05-Aug-2026,04-Sep-2026,88.4837,0.308355
05-Aug-2026,04-Sep-2026,92.5056,0.298145
05-Aug-2026,04-Sep-2026,96.5276,0.288918
05-Aug-2026,31-Aug-2026,64.3517,0.437338
05-Aug-2026,31-Aug-2026,68.3737,0.388086
05-Aug-2026,31-Aug-2026,72.3957,0.36047
05-Aug-2026,31-Aug-2026,76.4177,0.342725
05-Aug-2026,31-Aug-2026,80.4397,0.328862
05-Aug-2026,31-Aug-2026,84.4617,0.316747
05-Aug-2026,31-Aug-2026,88.4837,0.305691
05-Aug-2026,31-Aug-2026,92.5056,0.295541
05-Aug-2026,31-Aug-2026,96.5276,0.286373
05-Aug-2026,30-Sep-2026,64.3517,0.405787
05-Aug-2026,30-Sep-2026,68.3737,0.381528
05-Aug-2026,30-Sep-2026,72.3957,0.363289
05-Aug-2026,30-Sep-2026,76.4177,0.34837
05-Aug-2026,30-Sep-2026,80.4397,0.335351
05-Aug-2026,30-Sep-2026,84.4617,0.323549
05-Aug-2026,30-Sep-2026,88.4837,0.31267
05-Aug-2026,30-Sep-2026,92.5056,0.302641
05-Aug-2026,30-Sep-2026,96.5276,0.293514
05-Aug-2026,30-Oct-2026,64.3517,0.40162
05-Aug-2026,30-Oct-2026,68.3737,0.382492
05-Aug-2026,30-Oct-2026,72.3957,0.366631
05-Aug-2026,30-Oct-2026,76.4177,0.352843
05-Aug-2026,30-Oct-2026,80.4397,0.340439
05-Aug-2026,30-Oct-2026,84.4617,0.329044
05-Aug-2026,30-Oct-2026,88.4837,0.31848
05-Aug-2026,30-Oct-2026,92.5056,0.3087
05-Aug-2026,30-Oct-2026,96.5276,0.299737
05-Aug-2026,30-Nov-2026,64.3517,0.406994
05-Aug-2026,30-Nov-2026,68.3737,0.389848
05-Aug-2026,30-Nov-2026,72.3957,0.37501
05-Aug-2026,30-Nov-2026,76.4177,0.36178
05-Aug-2026,30-Nov-2026,80.4397,0.349724
05-Aug-2026,30-Nov-2026,84.4617,0.338589
05-Aug-2026,30-Nov-2026,88.4837,0.328241
05-Aug-2026,30-Nov-2026,92.5056,0.318635
05-Aug-2026,30-Nov-2026,96.5276,0.309784
05-Aug-2026,31-Dec-2026,64.3517,0.406158
05-Aug-2026,31-Dec-2026,68.3737,0.390533
05-Aug-2026,31-Dec-2026,72.3957,0.376703
05-Aug-2026,31-Dec-2026,76.4177,0.364195
05-Aug-2026,31-Dec-2026,80.4397,0.352703
05-Aug-2026,31-Dec-2026,84.4617,0.342041
05-Aug-2026,31-Dec-2026,88.4837,0.332107
05-Aug-2026,31-Dec-2026,92.5056,0.322859
05-Aug-2026,31-Dec-2026,96.5276,0.314299
05-Aug-2026,29-Jan-2027,64.3517,0.409227
05-Aug-2026,29-Jan-2027,68.3737,0.394472
05-Aug-2026,29-Jan-2027,72.3957,0.381251
05-Aug-2026,29-Jan-2027,76.4177,0.369204
05-Aug-2026,29-Jan-2027,80.4397,0.35809
05-Aug-2026,29-Jan-2027,84.4617,0.347759
05-Aug-2026,29-Jan-2027,88.4837,0.338122
05-Aug-2026,29-Jan-2027,92.5056,0.329135
05-Aug-2026,29-Jan-2027,96.5276,0.320789
05-Aug-2026,26-Feb-2027,64.3517,0.41046
05-Aug-2026,26-Feb-2027,68.3737,0.396451
05-Aug-2026,26-Feb-2027,72.3957,0.383797
05-Aug-2026,26-Feb-2027,76.4177,0.372209
05-Aug-2026,26-Feb-2027,80.4397,0.361488
05-Aug-2026,26-Feb-2027,84.4617,0.351507
05-Aug-2026,26-Feb-2027,88.4837,0.342185
05-Aug-2026,26-Feb-2027,92.5056,0.333479
05-Aug-2026,26-Feb-2027,96.5276,0.325373
05-Aug-2026,31-Mar-2027,64.3517,0.41028
05-Aug-2026,31-Mar-2027,68.3737,0.397063
05-Aug-2026,31-Mar-2027,72.3957,0.385045
05-Aug-2026,31-Mar-2027,76.4177,0.373993
05-Aug-2026,31-Mar-2027,80.4397,0.363742
05-Aug-2026,31-Mar-2027,84.4617,0.354182
05-Aug-2026,31-Mar-2027,88.4837,0.345243
05-Aug-2026,31-Mar-2027,92.5056,0.336881
05-Aug-2026,31-Mar-2027,96.5276,0.329077
05-Aug-2026,30-Apr-2027,64.3517,0.411276
05-Aug-2026,30-Apr-2027,68.3737,0.398634
05-Aug-2026,30-Apr-2027,72.3957,0.387092
05-Aug-2026,30-Apr-2027,76.4177,0.376449
05-Aug-2026,30-Apr-2027,80.4397,0.366564
05-Aug-2026,30-Apr-2027,84.4617,0.357337
05-Aug-2026,30-Apr-2027,88.4837,0.348702
05-Aug-2026,30-Apr-2027,92.5056,0.340616
05-Aug-2026,30-Apr-2027,96.5276,0.333055
05-Aug-2026,31-May-2027,64.3517,0.413437
05-Aug-2026,31-May-2027,68.3737,0.401282
05-Aug-2026,31-May-2027,72.3957,0.390152
05-Aug-2026,31-May-2027,76.4177,0.37987
05-Aug-2026,31-May-2027,80.4397,0.370311
05-Aug-2026,31-May-2027,84.4617,0.361384
05-Aug-2026,31-May-2027,88.4837,0.353025
05-Aug-2026,31-May-2027,92.5056,0.34519
05-Aug-2026,31-May-2027,96.5276,0.337853
05-Aug-2026,30-Jun-2027,64.3517,0.414463
05-Aug-2026,30-Jun-2027,68.3737,0.402762
05-Aug-2026,30-Jun-2027,72.3957,0.392023
05-Aug-2026,30-Jun-2027,76.4177,0.38209
05-Aug-2026,30-Jun-2027,80.4397,0.372846
05-Aug-2026,30-Jun-2027,84.4617,0.364208
05-Aug-2026,30-Jun-2027,88.4837,0.356115
05-Aug-2026,30-Jun-2027,92.5056,0.348525
05-Aug-2026,30-Jun-2027,96.5276,0.341407
06-Aug-2026,07-Aug-2026,64.1453,0.54989
06-Aug-2026,07-Aug-2026,68.1544,0.404379
06-Aug-2026,07-Aug-2026,72.1635,0.292423
06-Aug-2026,07-Aug-2026,76.1726,0.28245
06-Aug-2026,07-Aug-2026,80.1816,0.272708
06-Aug-2026,07-Aug-2026,84.1907,0.263244
06-Aug-2026,07-Aug-2026,88.1998,0.254264
06-Aug-2026,07-Aug-2026,92.2089,0.345853
06-Aug-2026,14-Aug-2026,64.1453,0.650151
06-Aug-2026,14-Aug-2026,68.1544,0.500471
06-Aug-2026,14-Aug-2026,72.1635,0.393825
06-Aug-2026,14-Aug-2026,76.1726,0.355129
06-Aug-2026,14-Aug-2026,80.1816,0.338073
06-Aug-2026,14-Aug-2026,84.1907,0.325143
06-Aug-2026,14-Aug-2026,88.1998,0.313577
06-Aug-2026,14-Aug-2026,92.2089,0.302983
06-Aug-2026,14-Aug-2026,96.218,0.293453
06-Aug-2026,21-Aug-2026,64.1453,0.506127
06-Aug-2026,21-Aug-2026,68.1544,0.413658
06-Aug-2026,21-Aug-2026,72.1635,0.365065
06-Aug-2026,21-Aug-2026,76.1726,0.342531
06-Aug-2026,21-Aug-2026,80.1816,0.327787
06-Aug-2026,21-Aug-2026,84.1907,0.315471
06-Aug-2026,21-Aug-2026,88.1998,0.304311
06-Aug-2026,21-Aug-2026,92.2089,0.294078
06-Aug-2026,21-Aug-2026,96.218,0.284861
06-Aug-2026,28-Aug-2026,64.1453,0.465047
06-Aug-2026,28-Aug-2026,68.1544,0.404024
06-Aug-2026,28-Aug-2026,72.1635,0.370798
06-Aug-2026,28-Aug-2026,76.1726,0.351013
06-Aug-2026,28-Aug-2026,80.1816,0.336266
06-Aug-2026,28-Aug-2026,84.1907,0.323618
06-Aug-2026,28-Aug-2026,88.1998,0.312157
06-Aug-2026,28-Aug-2026,92.2089,0.301671
06-Aug-2026,28-Aug-2026,96.218,0.292228
06-Aug-2026,04-Sep-2026,64.1453,0.43441
06-Aug-2026,04-Sep-2026,68.1544,0.390271
06-Aug-2026,04-Sep-2026,72.1635,0.36421
06-Aug-2026,04-Sep-2026,76.1726,0.346594
06-Aug-2026,04-Sep-2026,80.1816,0.33256
06-Aug-2026,04-Sep-2026,84.1907,0.320249
06-Aug-2026,04-Sep-2026,88.1998,0.309021
06-Aug-2026,04-Sep-2026,92.2089,0.298725
06-Aug-2026,04-Sep-2026,96.218,0.289431
06-Aug-2026,31-Aug-2026,64.1453,0.443138
06-Aug-2026,31-Aug-2026,68.1544,0.391152
06-Aug-2026,31-Aug-2026,72.1635,0.362266
06-Aug-2026,31-Aug-2026,76.1726,0.344042
06-Aug-2026,31-Aug-2026,80.1816,0.329958
06-Aug-2026,31-Aug-2026,84.1907,0.317702
06-Aug-2026,31-Aug-2026,88.1998,0.306534
06-Aug-2026,31-Aug-2026,92.2089,0.296293
06-Aug-2026,31-Aug-2026,96.218,0.287054
06-Aug-2026,30-Sep-2026,64.1453,0.406955
06-Aug-2026,30-Sep-2026,68.1544,0.38222
06-Aug-2026,30-Sep-2026,72.1635,0.363715
06-Aug-2026,30-Sep-2026,76.1726,0.348634
06-Aug-2026,30-Sep-2026,80.1816,0.335502
06-Aug-2026,30-Sep-2026,84.1907,0.32361
06-Aug-2026,30-Sep-2026,88.1998,0.312655
06-Aug-2026,30-Sep-2026,92.2089,0.302561
06-Aug-2026,30-Sep-2026,96.218,0.293385
06-Aug-2026,30-Oct-2026,64.1453,0.402055
06-Aug-2026,30-Oct-2026,68.1544,0.382716
06-Aug-2026,30-Oct-2026,72.1635,0.366713
06-Aug-2026,30-Oct-2026,76.1726,0.352819
06-Aug-2026,30-Oct-2026,80.1816,0.340328
06-Aug-2026,30-Oct-2026,84.1907,0.328858
06-Aug-2026,30-Oct-2026,88.1998,0.318229
06-Aug-2026,30-Oct-2026,92.2089,0.308392
06-Aug-2026,30-Oct-2026,96.218,0.299384
06-Aug-2026,30-Nov-2026,64.1453,0.407201
06-Aug-2026,30-Nov-2026,68.1544,0.38992
06-Aug-2026,30-Nov-2026,72.1635,0.374977
06-Aug-2026,30-Nov-2026,76.1726,0.36166
06-Aug-2026,30-Nov-2026,80.1816,0.349528
06-Aug-2026,30-Nov-2026,84.1907,0.338324
06-Aug-2026,30-Nov-2026,88.1998,0.327914
06-Aug-2026,30-Nov-2026,92.2089,0.318254
06-Aug-2026,30-Nov-2026,96.218,0.309358
06-Aug-2026,31-Dec-2026,64.1453,0.406233
06-Aug-2026,31-Dec-2026,68.1544,0.390506
06-Aug-2026,31-Dec-2026,72.1635,0.376591
06-Aug-2026,31-Dec-2026,76.1726,0.364007
06-Aug-2026,31-Dec-2026,80.1816,0.352447
06-Aug-2026,31-Dec-2026,84.1907,0.341722
06-Aug-2026,31-Dec-2026,88.1998,0.33173
06-Aug-2026,31-Dec-2026,92.2089,0.32243
06-Aug-2026,31-Dec-2026,96.218,0.313826
06-Aug-2026,29-Jan-2027,64.1453,0.409252
06-Aug-2026,29-Jan-2027,68.1544,0.394412
06-Aug-2026,29-Jan-2027,72.1635,0.381115
06-Aug-2026,29-Jan-2027,76.1726,0.368998
06-Aug-2026,29-Jan-2027,80.1816,0.357821
06-Aug-2026,29-Jan-2027,84.1907,0.347429
06-Aug-2026,29-Jan-2027,88.1998,0.337735
06-Aug-2026,29-Jan-2027,92.2089,0.328697
06-Aug-2026,29-Jan-2027,96.218,0.320307
06-Aug-2026,26-Feb-2027,64.1453,0.410456
06-Aug-2026,26-Feb-2027,68.1544,0.396371
06-Aug-2026,26-Feb-2027,72.1635,0.383648
06-Aug-2026,26-Feb-2027,76.1726,0.371995
06-Aug-2026,26-Feb-2027,80.1816,0.361213
06-Aug-2026,26-Feb-2027,84.1907,0.351174
06-Aug-2026,26-Feb-2027,88.1998,0.341797
06-Aug-2026,26-Feb-2027,92.2089,0.333041
06-Aug-2026,26-Feb-2027,96.218,0.324892
06-Aug-2026,31-Mar-2027,64.1453,0.410256
06-Aug-2026,31-Mar-2027,68.1544,0.396971
06-Aug-2026,31-Mar-2027,72.1635,0.38489
06-Aug-2026,31-Mar-2027,76.1726,0.373776
06-Aug-2026,31-Mar-2027,80.1816,0.363467
06-Aug-2026,31-Mar-2027,84.1907,0.353852
06-Aug-2026,31-Mar-2027,88.1998,0.34486
06-Aug-2026,31-Mar-2027,92.2089,0.336451
06-Aug-2026,31-Mar-2027,96.218,0.328603
06-Aug-2026,30-Apr-2027,64.1453,0.411251
06-Aug-2026,30-Apr-2027,68.1544,0.398545
06-Aug-2026,30-Apr-2027,72.1635,0.386942
06-Aug-2026,30-Apr-2027,76.1726,0.376242
06-Aug-2026,30-Apr-2027,80.1816,0.3663
06-Aug-2026,30-Apr-2027,84.1907,0.35702
06-Aug-2026,30-Apr-2027,88.1998,0.348334
06-Aug-2026,30-Apr-2027,92.2089,0.340201
06-Aug-2026,30-Apr-2027,96.218,0.332597
06-Aug-2026,31-May-2027,64.1453,0.413421
06-Aug-2026,31-May-2027,68.1544,0.401206
06-Aug-2026,31-May-2027,72.1635,0.390017
06-Aug-2026,31-May-2027,76.1726,0.37968
06-Aug-2026,31-May-2027,80.1816,0.370066
06-Aug-2026,31-May-2027,84.1907,0.361087
06-Aug-2026,31-May-2027,88.1998,0.352678
06-Aug-2026,31-May-2027,92.2089,0.344797
06-Aug-2026,31-May-2027,96.218,0.337418
06-Aug-2026,30-Jun-2027,64.1453,0.414458
06-Aug-2026,30-Jun-2027,68.1544,0.402699
06-Aug-2026,30-Jun-2027,72.1635,0.391904
06-Aug-2026,30-Jun-2027,76.1726,0.381916
06-Aug-2026,30-Jun-2027,80.1816,0.372619
06-Aug-2026,30-Jun-2027,84.1907,0.363931
06-Aug-2026,30-Jun-2027,88.1998,0.355789
06-Aug-2026,30-Jun-2027,92.2089,0.348154
06-Aug-2026,30-Jun-2027,96.218,0.340994
07-Aug-2026,14-Aug-2026,64.4072,0.694598
07-Aug-2026,14-Aug-2026,68.4327,0.53285
07-Aug-2026,14-Aug-2026,72.4582,0.410233
07-Aug-2026,14-Aug-2026,76.4836,0.36493
07-Aug-2026,14-Aug-2026,80.5091,0.346774
07-Aug-2026,14-Aug-2026,84.5345,0.333453
07-Aug-2026,14-Aug-2026,88.56,0.321608
07-Aug-2026,14-Aug-2026,92.5854,0.310769
07-Aug-2026,14-Aug-2026,96.6109,0.301018
07-Aug-2026,21-Aug-2026,64.4072,0.522643
07-Aug-2026,21-Aug-2026,68.4327,0.423757
07-Aug-2026,21-Aug-2026,72.4582,0.370701
07-Aug-2026,21-Aug-2026,76.4836,0.346896
07-Aug-2026,21-Aug-2026,80.5091,0.331803
07-Aug-2026,21-Aug-2026,84.5345,0.319326
07-Aug-2026,21-Aug-2026,88.56,0.308055
07-Aug-2026,21-Aug-2026,92.5854,0.297725
07-Aug-2026,21-Aug-2026,96.6109,0.28842
07-Aug-2026,28-Aug-2026,64.4072,0.473852
07-Aug-2026,28-Aug-2026,68.4327,0.409586
07-Aug-2026,28-Aug-2026,72.4582,0.374766
07-Aug-2026,28-Aug-2026,76.4836,0.354435
07-Aug-2026,28-Aug-2026,80.5091,0.339477
07-Aug-2026,28-Aug-2026,84.5345,0.326717
07-Aug-2026,28-Aug-2026,88.56,0.315177
07-Aug-2026,28-Aug-2026,92.5854,0.304625
07-Aug-2026,28-Aug-2026,96.6109,0.295119
07-Aug-2026,04-Sep-2026,64.4072,0.439792
07-Aug-2026,04-Sep-2026,68.4327,0.393918
07-Aug-2026,04-Sep-2026,72.4582,0.367082
07-Aug-2026,04-Sep-2026,76.4836,0.349173
07-Aug-2026,04-Sep-2026,80.5091,0.335012
07-Aug-2026,04-Sep-2026,84.5345,0.322632
07-Aug-2026,04-Sep-2026,88.56,0.311357
07-Aug-2026,04-Sep-2026,92.5854,0.301021
07-Aug-2026,04-Sep-2026,96.6109,0.291688
07-Aug-2026,11-Sep-2026,64.4072,0.421506
07-Aug-2026,11-Sep-2026,68.4327,0.38566
07-Aug-2026,11-Sep-2026,72.4582,0.362868
07-Aug-2026,11-Sep-2026,76.4836,0.346325
07-Aug-2026,11-Sep-2026,80.5091,0.332683
07-Aug-2026,11-Sep-2026,84.5345,0.320575
07-Aug-2026,11-Sep-2026,88.56,0.309491
07-Aug-2026,11-Sep-2026,92.5854,0.29931
07-Aug-2026,11-Sep-2026,96.6109,0.290096
07-Aug-2026,31-Aug-2026,64.4072,0.450006
07-Aug-2026,31-Aug-2026,68.4327,0.395513
07-Aug-2026,31-Aug-2026,72.4582,0.365483
07-Aug-2026,31-Aug-2026,76.4836,0.346862
07-Aug-2026,31-Aug-2026,80.5091,0.33262
07-Aug-2026,31-Aug-2026,84.5345,0.32028
07-Aug-2026,31-Aug-2026,88.56,0.309054
07-Aug-2026,31-Aug-2026,92.5854,0.298764
07-Aug-2026,31-Aug-2026,96.6109,0.289479
07-Aug-2026,30-Sep-2026,64.4072,0.409174
07-Aug-2026,30-Sep-2026,68.4327,0.384132
07-Aug-2026,30-Sep-2026,72.4582,0.365483
07-Aug-2026,30-Sep-2026,76.4836,0.350336
07-Aug-2026,30-Sep-2026,80.5091,0.337176
07-Aug-2026,30-Sep-2026,84.5345,0.325272
07-Aug-2026,30-Sep-2026,88.56,0.314314
07-Aug-2026,30-Sep-2026,92.5854,0.304219
07-Aug-2026,30-Sep-2026,96.6109,0.295037
07-Aug-2026,30-Oct-2026,64.4072,0.403603
07-Aug-2026,30-Oct-2026,68.4327,0.384191
07-Aug-2026,30-Oct-2026,72.4582,0.368158
07-Aug-2026,30-Oct-2026,76.4836,0.354261
07-Aug-2026,30-Oct-2026,80.5091,0.34178
07-Aug-2026,30-Oct-2026,84.5345,0.330327
07-Aug-2026,30-Oct-2026,88.56,0.319719
07-Aug-2026,30-Oct-2026,92.5854,0.309901
07-Aug-2026,30-Oct-2026,96.6109,0.300907
07-Aug-2026,30-Nov-2026,64.4072,0.408567
07-Aug-2026,30-Nov-2026,68.4327,0.391282
07-Aug-2026,30-Nov-2026,72.4582,0.376352
07-Aug-2026,30-Nov-2026,76.4836,0.36306
07-Aug-2026,30-Nov-2026,80.5091,0.35096
07-Aug-2026,30-Nov-2026,84.5345,0.339791
07-Aug-2026,30-Nov-2026,88.56,0.329417
07-Aug-2026,30-Nov-2026,92.5854,0.31979
07-Aug-2026,30-Nov-2026,96.6109,0.310921
07-Aug-2026,31-Dec-2026,64.4072,0.407484
07-Aug-2026,31-Dec-2026,68.4327,0.391784
07-Aug-2026,31-Dec-2026,72.4582,0.377904
07-Aug-2026,31-Dec-2026,76.4836,0.365363
07-Aug-2026,31-Dec-2026,80.5091,0.353848
07-Aug-2026,31-Dec-2026,84.5345,0.343171
07-Aug-2026,31-Dec-2026,88.56,0.333226
07-Aug-2026,31-Dec-2026,92.5854,0.32397
07-Aug-2026,31-Dec-2026,96.6109,0.315403
07-Aug-2026,29-Jan-2027,64.4072,0.410469
07-Aug-2026,29-Jan-2027,68.4327,0.395673
07-Aug-2026,29-Jan-2027,72.4582,0.382426
07-Aug-2026,29-Jan-2027,76.4836,0.370363
07-Aug-2026,29-Jan-2027,80.5091,0.359241
07-Aug-2026,29-Jan-2027,84.5345,0.348906
07-Aug-2026,29-Jan-2027,88.56,0.339267
07-Aug-2026,29-Jan-2027,92.5854,0.33028
07-Aug-2026,29-Jan-2027,96.6109,0.321935
07-Aug-2026,26-Feb-2027,64.4072,0.411651
07-Aug-2026,26-Feb-2027,68.4327,0.397621
07-Aug-2026,26-Feb-2027,72.4582,0.384957
07-Aug-2026,26-Feb-2027,76.4836,0.373365
07-Aug-2026,26-Feb-2027,80.5091,0.362646
07-Aug-2026,26-Feb-2027,84.5345,0.352669
07-Aug-2026,26-Feb-2027,88.56,0.343353
07-Aug-2026,26-Feb-2027,92.5854,0.334654
07-Aug-2026,26-Feb-2027,96.6109,0.326555
07-Aug-2026,31-Mar-2027,64.4072,0.411431
07-Aug-2026,31-Mar-2027,68.4327,0.39821
07-Aug-2026,31-Mar-2027,72.4582,0.386196
07-Aug-2026,31-Mar-2027,76.4836,0.37515
07-Aug-2026,31-Mar-2027,80.5091,0.364909
07-Aug-2026,31-Mar-2027,84.5345,0.355362
07-Aug-2026,31-Mar-2027,88.56,0.346435
07-Aug-2026,31-Mar-2027,92.5854,0.338087
07-Aug-2026,31-Mar-2027,96.6109,0.330294
07-Aug-2026,30-Apr-2027,64.4072,0.412421
07-Aug-2026,30-Apr-2027,68.4327,0.399787
07-Aug-2026,30-Apr-2027,72.4582,0.388257
07-Aug-2026,30-Apr-2027,76.4836,0.377628
07-Aug-2026,30-Apr-2027,80.5091,0.367759
07-Aug-2026,30-Apr-2027,84.5345,0.35855
07-Aug-2026,30-Apr-2027,88.56,0.349932
07-Aug-2026,30-Apr-2027,92.5854,0.341863
07-Aug-2026,30-Apr-2027,96.6109,0.334318
07-Aug-2026,31-May-2027,64.4072,0.414597
07-Aug-2026,31-May-2027,68.4327,0.402458
07-Aug-2026,31-May-2027,72.4582,0.391347
07-Aug-2026,31-May-2027,76.4836,0.381086
07-Aug-2026,31-May-2027,80.5091,0.371548
07-Aug-2026,31-May-2027,84.5345,0.362642
07-Aug-2026,31-May-2027,88.56,0.354304
07-Aug-2026,31-May-2027,92.5854,0.34649
07-Aug-2026,31-May-2027,96.6109,0.339172
07-Aug-2026,30-Jun-2027,64.4072,0.415637
07-Aug-2026,30-Jun-2027,68.4327,0.403958
07-Aug-2026,30-Jun-2027,72.4582,0.393243
07-Aug-2026,30-Jun-2027,76.4836,0.383334
07-Aug-2026,30-Jun-2027,80.5091,0.374115
07-Aug-2026,30-Jun-2027,84.5345,0.365502
07-Aug-2026,30-Jun-2027,88.56,0.357433
07-Aug-2026,30-Jun-2027,92.5854,0.349866
07-Aug-2026,30-Jun-2027,96.6109,0.342769
10-Aug-2026,14-Aug-2026,66.2092,0.306161
10-Aug-2026,14-Aug-2026,70.3472,0.295744
10-Aug-2026,14-Aug-2026,74.4853,0.285396
10-Aug-2026,14-Aug-2026,78.6234,0.275216
10-Aug-2026,14-Aug-2026,82.7614,0.265233
10-Aug-2026,14-Aug-2026,86.8995,0.255524
10-Aug-2026,14-Aug-2026,91.0376,0.246229
10-Aug-2026,14-Aug-2026,95.1757,0.237568
10-Aug-2026,14-Aug-2026,99.3137,0.230196
10-Aug-2026,21-Aug-2026,66.2092,0.55511
10-Aug-2026,21-Aug-2026,70.3472,0.432802
10-Aug-2026,21-Aug-2026,74.4853,0.3572
10-Aug-2026,21-Aug-2026,78.6234,0.328811
10-Aug-2026,21-Aug-2026,82.7614,0.313501
10-Aug-2026,21-Aug-2026,86.8995,0.301118
10-Aug-2026,21-Aug-2026,91.0376,0.289899
10-Aug-2026,21-Aug-2026,95.1757,0.279631
10-Aug-2026,21-Aug-2026,99.3137,0.270477
10-Aug-2026,28-Aug-2026,66.2092,0.464597
10-Aug-2026,28-Aug-2026,70.3472,0.386206
10-Aug-2026,28-Aug-2026,74.4853,0.345909
10-Aug-2026,28-Aug-2026,78.6234,0.325606
10-Aug-2026,28-Aug-2026,82.7614,0.311405
10-Aug-2026,28-Aug-2026,86.8995,0.299257
10-Aug-2026,28-Aug-2026,91.0376,0.28818
10-Aug-2026,28-Aug-2026,95.1757,0.278036
10-Aug-2026,28-Aug-2026,99.3137,0.268976
10-Aug-2026,04-Sep-2026,66.2092,0.439709
10-Aug-2026,04-Sep-2026,70.3472,0.385079
10-Aug-2026,04-Sep-2026,74.4853,0.354736
10-Aug-2026,04-Sep-2026,78.6234,0.335882
10-Aug-2026,04-Sep-2026,82.7614,0.321427
10-Aug-2026,04-Sep-2026,86.8995,0.308874
10-Aug-2026,04-Sep-2026,91.0376,0.297452
10-Aug-2026,04-Sep-2026,95.1757,0.287018
10-Aug-2026,04-Sep-2026,99.3137,0.277689
10-Aug-2026,11-Sep-2026,66.2092,0.416603
10-Aug-2026,11-Sep-2026,70.3472,0.375602
10-Aug-2026,11-Sep-2026,74.4853,0.350842
10-Aug-2026,11-Sep-2026,78.6234,0.333667
10-Aug-2026,11-Sep-2026,82.7614,0.31976
10-Aug-2026,11-Sep-2026,86.8995,0.307465
10-Aug-2026,11-Sep-2026,91.0376,0.296221
10-Aug-2026,11-Sep-2026,95.1757,0.285929
10-Aug-2026,11-Sep-2026,99.3137,0.276701
10-Aug-2026,31-Aug-2026,66.2092,0.454144
10-Aug-2026,31-Aug-2026,70.3472,0.387585
10-Aug-2026,31-Aug-2026,74.4853,0.352388
10-Aug-2026,31-Aug-2026,78.6234,0.332592
10-Aug-2026,31-Aug-2026,82.7614,0.318097
10-Aug-2026,31-Aug-2026,86.8995,0.305636
10-Aug-2026,31-Aug-2026,91.0376,0.294304
10-Aug-2026,31-Aug-2026,95.1757,0.283949
10-Aug-2026,31-Aug-2026,99.3137,0.274699
10-Aug-2026,30-Sep-2026,66.2092,0.401409
10-Aug-2026,30-Sep-2026,70.3472,0.374453
10-Aug-2026,30-Sep-2026,74.4853,0.354915
10-Aug-2026,30-Sep-2026,78.6234,0.339321
10-Aug-2026,30-Sep-2026,82.7614,0.325871
10-Aug-2026,30-Sep-2026,86.8995,0.313734
10-Aug-2026,30-Sep-2026,91.0376,0.302575
10-Aug-2026,30-Sep-2026,95.1757,0.29233
10-Aug-2026,30-Sep-2026,99.3137,0.283086
10-Aug-2026,30-Oct-2026,66.2092,0.395578
10-Aug-2026,30-Oct-2026,70.3472,0.375331
10-Aug-2026,30-Oct-2026,74.4853,0.358796
10-Aug-2026,30-Oct-2026,78.6234,0.344558
10-Aug-2026,30-Oct-2026,82.7614,0.331811
10-Aug-2026,30-Oct-2026,86.8995,0.320129
10-Aug-2026,30-Oct-2026,91.0376,0.309321
10-Aug-2026,30-Oct-2026,95.1757,0.299348
10-Aug-2026,30-Oct-2026,99.3137,0.290266
10-Aug-2026,30-Nov-2026,66.2092,0.397806
10-Aug-2026,30-Nov-2026,70.3472,0.380171
10-Aug-2026,30-Nov-2026,74.4853,0.365025
10-Aug-2026,30-Nov-2026,78.6234,0.351578
10-Aug-2026,30-Nov-2026,82.7614,0.33935
10-Aug-2026,30-Nov-2026,86.8995,0.328066
10-Aug-2026,30-Nov-2026,91.0376,0.317592
10-Aug-2026,30-Nov-2026,95.1757,0.307891
10-Aug-2026,30-Nov-2026,99.3137,0.298991
10-Aug-2026,31-Dec-2026,66.2092,0.400396
10-Aug-2026,31-Dec-2026,70.3472,0.3843
10-Aug-2026,31-Dec-2026,74.4853,0.37012
10-Aug-2026,31-Dec-2026,78.6234,0.357336
10-Aug-2026,31-Dec-2026,82.7614,0.345614
10-Aug-2026,31-Dec-2026,86.8995,0.334755
10-Aug-2026,31-Dec-2026,91.0376,0.324651
10-Aug-2026,31-Dec-2026,95.1757,0.315266
10-Aug-2026,31-Dec-2026,99.3137,0.306608
10-Aug-2026,29-Jan-2027,66.2092,0.403813
10-Aug-2026,29-Jan-2027,70.3472,0.388697
10-Aug-2026,29-Jan-2027,74.4853,0.375198
10-Aug-2026,29-Jan-2027,78.6234,0.362925
10-Aug-2026,29-Jan-2027,82.7614,0.351623
10-Aug-2026,29-Jan-2027,86.8995,0.341129
10-Aug-2026,29-Jan-2027,91.0376,0.331352
10-Aug-2026,29-Jan-2027,95.1757,0.322252
10-Aug-2026,29-Jan-2027,99.3137,0.313823
10-Aug-2026,26-Feb-2027,66.2092,0.403459
10-Aug-2026,26-Feb-2027,70.3472,0.389244
10-Aug-2026,26-Feb-2027,74.4853,0.376435
10-Aug-2026,26-Feb-2027,78.6234,0.364722
10-Aug-2026,26-Feb-2027,82.7614,0.353897
10-Aug-2026,26-Feb-2027,86.8995,0.343827
10-Aug-2026,26-Feb-2027,91.0376,0.33443
10-Aug-2026,26-Feb-2027,95.1757,0.325666
10-Aug-2026,26-Feb-2027,99.3137,0.317523
10-Aug-2026,31-Mar-2027,66.2092,0.405516
10-Aug-2026,31-Mar-2027,70.3472,0.392081
10-Aug-2026,31-Mar-2027,74.4853,0.37989
10-Aug-2026,31-Mar-2027,78.6234,0.368694
10-Aug-2026,31-Mar-2027,82.7614,0.358323
10-Aug-2026,31-Mar-2027,86.8995,0.348661
10-Aug-2026,31-Mar-2027,91.0376,0.339635
10-Aug-2026,31-Mar-2027,95.1757,0.331203
10-Aug-2026,31-Mar-2027,99.3137,0.323346
10-Aug-2026,30-Apr-2027,66.2092,0.406844
10-Aug-2026,30-Apr-2027,70.3472,0.394029
10-Aug-2026,30-Apr-2027,74.4853,0.382348
10-Aug-2026,30-Apr-2027,78.6234,0.371591
10-Aug-2026,30-Apr-2027,82.7614,0.36161
10-Aug-2026,30-Apr-2027,86.8995,0.352303
10-Aug-2026,30-Apr-2027,91.0376,0.343601
10-Aug-2026,30-Apr-2027,95.1757,0.335461
10-Aug-2026,30-Apr-2027,99.3137,0.32786
10-Aug-2026,31-May-2027,66.2092,0.408019
10-Aug-2026,31-May-2027,70.3472,0.395769
10-Aug-2026,31-May-2027,74.4853,0.384566
10-Aug-2026,31-May-2027,78.6234,0.374227
10-Aug-2026,31-May-2027,82.7614,0.364621
10-Aug-2026,31-May-2027,86.8995,0.355657
10-Aug-2026,31-May-2027,91.0376,0.347268
10-Aug-2026,31-May-2027,95.1757,0.339413
10-Aug-2026,31-May-2027,99.3137,0.332064
10-Aug-2026,30-Jun-2027,66.2092,0.409466
10-Aug-2026,30-Jun-2027,70.3472,0.397691
10-Aug-2026,30-Jun-2027,74.4853,0.386898
10-Aug-2026,30-Jun-2027,78.6234,0.376922
10-Aug-2026,30-Jun-2027,82.7614,0.367645
10-Aug-2026,30-Jun-2027,86.8995,0.358981
10-Aug-2026,30-Jun-2027,91.0376,0.35087
10-Aug-2026,30-Jun-2027,95.1757,0.343267
10-Aug-2026,30-Jun-2027,99.3137,0.336144
11-Aug-2026,14-Aug-2026,67.2699,0.316827
11-Aug-2026,14-Aug-2026,71.4742,0.292971
11-Aug-2026,14-Aug-2026,75.6786,0.282517
11-Aug-2026,14-Aug-2026,79.883,0.272222
11-Aug-2026,14-Aug-2026,84.0873,0.262116
11-Aug-2026,14-Aug-2026,88.2917,0.252283
11-Aug-2026,14-Aug-2026,92.4961,0.242875
11-Aug-2026,14-Aug-2026,96.7004,0.234133
11-Aug-2026,14-Aug-2026,100.905,0.253675
11-Aug-2026,21-Aug-2026,67.2699,0.583886
11-Aug-2026,21-Aug-2026,71.4742,0.451917
11-Aug-2026,21-Aug-2026,75.6786,0.363461
11-Aug-2026,21-Aug-2026,79.883,0.330544
11-Aug-2026,21-Aug-2026,84.0873,0.314285
11-Aug-2026,21-Aug-2026,88.2917,0.301487
11-Aug-2026,21-Aug-2026,92.4961,0.289963
11-Aug-2026,21-Aug-2026,96.7004,0.279456
11-Aug-2026,21-Aug-2026,100.905,0.270143
11-Aug-2026,28-Aug-2026,67.2699,0.47804
11-Aug-2026,28-Aug-2026,71.4742,0.392418
11-Aug-2026,28-Aug-2026,75.6786,0.347109
11-Aug-2026,28-Aug-2026,79.883,0.325223
11-Aug-2026,28-Aug-2026,84.0873,0.310479
11-Aug-2026,28-Aug-2026,88.2917,0.298026
11-Aug-2026,28-Aug-2026,92.4961,0.28672
11-Aug-2026,28-Aug-2026,96.7004,0.276403
11-Aug-2026,28-Aug-2026,100.905,0.267236
11-Aug-2026,04-Sep-2026,67.2699,0.447133
11-Aug-2026,04-Sep-2026,71.4742,0.387844
11-Aug-2026,04-Sep-2026,75.6786,0.354983
11-Aug-2026,04-Sep-2026,79.883,0.335137
11-Aug-2026,04-Sep-2026,84.0873,0.320224
11-Aug-2026,04-Sep-2026,88.2917,0.307384
11-Aug-2026,04-Sep-2026,92.4961,0.295744
11-Aug-2026,04-Sep-2026,96.7004,0.285146
11-Aug-2026,04-Sep-2026,100.905,0.275717
11-Aug-2026,11-Sep-2026,67.2699,0.420746
11-Aug-2026,11-Sep-2026,71.4742,0.376664
11-Aug-2026,11-Sep-2026,75.6786,0.350344
11-Aug-2026,11-Sep-2026,79.883,0.332472
11-Aug-2026,11-Sep-2026,84.0873,0.318196
11-Aug-2026,11-Sep-2026,88.2917,0.305654
11-Aug-2026,11-Sep-2026,92.4961,0.29422
11-Aug-2026,11-Sep-2026,96.7004,0.283785
11-Aug-2026,11-Sep-2026,100.905,0.274471
11-Aug-2026,31-Aug-2026,67.2699,0.464543
11-Aug-2026,31-Aug-2026,71.4742,0.39197
11-Aug-2026,31-Aug-2026,75.6786,0.353177
11-Aug-2026,31-Aug-2026,79.883,0.332112
11-Aug-2026,31-Aug-2026,84.0873,0.317104
11-Aug-2026,31-Aug-2026,88.2917,0.304339
11-Aug-2026,31-Aug-2026,92.4961,0.292778
11-Aug-2026,31-Aug-2026,96.7004,0.28225
11-Aug-2026,31-Aug-2026,100.905,0.272893
11-Aug-2026,30-Sep-2026,67.2699,0.402468
11-Aug-2026,30-Sep-2026,71.4742,0.374186
11-Aug-2026,30-Sep-2026,75.6786,0.353906
11-Aug-2026,30-Sep-2026,79.883,0.337887
11-Aug-2026,30-Sep-2026,84.0873,0.324162
11-Aug-2026,30-Sep-2026,88.2917,0.311824
11-Aug-2026,30-Sep-2026,92.4961,0.300509
11-Aug-2026,30-Sep-2026,96.7004,0.290146
11-Aug-2026,30-Sep-2026,100.905,0.280827
11-Aug-2026,30-Oct-2026,67.2699,0.395555
11-Aug-2026,30-Oct-2026,71.4742,0.374676
11-Aug-2026,30-Oct-2026,75.6786,0.357734
11-Aug-2026,30-Oct-2026,79.883,0.343223
11-Aug-2026,30-Oct-2026,84.0873,0.330278
11-Aug-2026,30-Oct-2026,88.2917,0.318446
11-Aug-2026,30-Oct-2026,92.4961,0.30752
11-Aug-2026,30-Oct-2026,96.7004,0.297456
11-Aug-2026,30-Oct-2026,100.905,0.288312
11-Aug-2026,30-Nov-2026,67.2699,0.397659
11-Aug-2026,30-Nov-2026,71.4742,0.379623
11-Aug-2026,30-Nov-2026,75.6786,0.364196
11-Aug-2026,30-Nov-2026,79.883,0.350547
11-Aug-2026,30-Nov-2026,84.0873,0.338169
11-Aug-2026,30-Nov-2026,88.2917,0.326769
11-Aug-2026,30-Nov-2026,92.4961,0.316204
11-Aug-2026,30-Nov-2026,96.7004,0.306432
11-Aug-2026,30-Nov-2026,100.905,0.297483
11-Aug-2026,31-Dec-2026,67.2699,0.400353
11-Aug-2026,31-Dec-2026,71.4742,0.383968
11-Aug-2026,31-Dec-2026,75.6786,0.369579
11-Aug-2026,31-Dec-2026,79.883,0.35664
11-Aug-2026,31-Dec-2026,84.0873,0.344801
11-Aug-2026,31-Dec-2026,88.2917,0.333852
11-Aug-2026,31-Dec-2026,92.4961,0.32368
11-Aug-2026,31-Dec-2026,96.7004,0.314242
11-Aug-2026,31-Dec-2026,100.905,0.305545
11-Aug-2026,29-Jan-2027,67.2699,0.403955
11-Aug-2026,29-Jan-2027,71.4742,0.388616
11-Aug-2026,29-Jan-2027,75.6786,0.374951
11-Aug-2026,29-Jan-2027,79.883,0.362555
11-Aug-2026,29-Jan-2027,84.0873,0.35116
11-Aug-2026,29-Jan-2027,88.2917,0.340596
11-Aug-2026,29-Jan-2027,92.4961,0.330766
11-Aug-2026,29-Jan-2027,96.7004,0.321625
11-Aug-2026,29-Jan-2027,100.905,0.313167
11-Aug-2026,26-Feb-2027,67.2699,0.403748
11-Aug-2026,26-Feb-2027,71.4742,0.389357
11-Aug-2026,26-Feb-2027,75.6786,0.376416
11-Aug-2026,26-Feb-2027,79.883,0.364605
11-Aug-2026,26-Feb-2027,84.0873,0.353708
11-Aug-2026,26-Feb-2027,88.2917,0.343583
11-Aug-2026,26-Feb-2027,92.4961,0.334147
11-Aug-2026,26-Feb-2027,96.7004,0.325354
11-Aug-2026,26-Feb-2027,100.905,0.317189
11-Aug-2026,31-Mar-2027,67.2699,0.406032
11-Aug-2026,31-Mar-2027,71.4742,0.392459
11-Aug-2026,31-Mar-2027,75.6786,0.380165
11-Aug-2026,31-Mar-2027,79.883,0.368894
11-Aug-2026,31-Mar-2027,84.0873,0.358467
11-Aug-2026,31-Mar-2027,88.2917,0.348766
11-Aug-2026,31-Mar-2027,92.4961,0.339712
11-Aug-2026,31-Mar-2027,96.7004,0.331261
11-Aug-2026,31-Mar-2027,100.905,0.32339
11-Aug-2026,30-Apr-2027,67.2699,0.407559
11-Aug-2026,30-Apr-2027,71.4742,0.394632
11-Aug-2026,30-Apr-2027,75.6786,0.382869
11-Aug-2026,30-Apr-2027,79.883,0.372053
11-Aug-2026,30-Apr-2027,84.0873,0.36203
11-Aug-2026,30-Apr-2027,88.2917,0.352693
11-Aug-2026,30-Apr-2027,92.4961,0.343972
11-Aug-2026,30-Apr-2027,96.7004,0.33582
11-Aug-2026,30-Apr-2027,100.905,0.32821
11-Aug-2026,31-May-2027,67.2699,0.408933
11-Aug-2026,31-May-2027,71.4742,0.396593
11-Aug-2026,31-May-2027,75.6786,0.385324
11-Aug-2026,31-May-2027,79.883,0.374939
11-Aug-2026,31-May-2027,84.0873,0.365302
11-Aug-2026,31-May-2027,88.2917,0.356317
11-Aug-2026,31-May-2027,92.4961,0.347916
11-Aug-2026,31-May-2027,96.7004,0.340054
11-Aug-2026,31-May-2027,100.905,0.332702
11-Aug-2026,30-Jun-2027,67.2699,0.410571
11-Aug-2026,30-Jun-2027,71.4742,0.398724
11-Aug-2026,30-Jun-2027,75.6786,0.387878
11-Aug-2026,30-Jun-2027,79.883,0.377866
11-Aug-2026,30-Jun-2027,84.0873,0.368565
11-Aug-2026,30-Jun-2027,88.2917,0.359888
11-Aug-2026,30-Jun-2027,92.4961,0.35177
11-Aug-2026,30-Jun-2027,96.7004,0.344165
11-Aug-2026,30-Jun-2027,100.905,0.337042
12-Aug-2026,14-Aug-2026,67.0667,0.397847
12-Aug-2026,14-Aug-2026,71.2583,0.294113
12-Aug-2026,14-Aug-2026,75.45,0.283754
12-Aug-2026,14-Aug-2026,79.6417,0.273496
12-Aug-2026,14-Aug-2026,83.8333,0.263431
12-Aug-2026,14-Aug-2026,88.025,0.253639
12-Aug-2026,14-Aug-2026,92.2167,0.244269
12-Aug-2026,14-Aug-2026,96.4083,0.244118
12-Aug-2026,14-Aug-2026,100.6,0.307411
12-Aug-2026,21-Aug-2026,67.0667,0.614184
12-Aug-2026,21-Aug-2026,71.2583,0.473449
12-Aug-2026,21-Aug-2026,75.45,0.374432
12-Aug-2026,21-Aug-2026,79.6417,0.337843
12-Aug-2026,21-Aug-2026,83.8333,0.320972
12-Aug-2026,21-Aug-2026,88.025,0.307967
12-Aug-2026,21-Aug-2026,92.2167,0.2963
12-Aug-2026,21-Aug-2026,96.4083,0.285662
12-Aug-2026,21-Aug-2026,100.6,0.276214
12-Aug-2026,28-Aug-2026,67.0667,0.490954
12-Aug-2026,28-Aug-2026,71.2583,0.400602
12-Aug-2026,28-Aug-2026,75.45,0.352336
12-Aug-2026,28-Aug-2026,79.6417,0.329663
12-Aug-2026,28-Aug-2026,83.8333,0.314725
12-Aug-2026,28-Aug-2026,88.025,0.302199
12-Aug-2026,28-Aug-2026,92.2167,0.290847
12-Aug-2026,28-Aug-2026,96.4083,0.280484
12-Aug-2026,28-Aug-2026,100.6,0.271258
12-Aug-2026,04-Sep-2026,67.0667,0.454559
12-Aug-2026,04-Sep-2026,71.2583,0.393086
12-Aug-2026,04-Sep-2026,75.45,0.359241
12-Aug-2026,04-Sep-2026,79.6417,0.339094
12-Aug-2026,04-Sep-2026,83.8333,0.324088
12-Aug-2026,04-Sep-2026,88.025,0.311212
12-Aug-2026,04-Sep-2026,92.2167,0.299551
12-Aug-2026,04-Sep-2026,96.4083,0.28893
12-Aug-2026,04-Sep-2026,100.6,0.279461
12-Aug-2026,11-Sep-2026,67.0667,0.425667
12-Aug-2026,11-Sep-2026,71.2583,0.380548
12-Aug-2026,11-Sep-2026,75.45,0.353824
12-Aug-2026,11-Sep-2026,79.6417,0.335831
12-Aug-2026,11-Sep-2026,83.8333,0.321524
12-Aug-2026,11-Sep-2026,88.025,0.30898
12-Aug-2026,11-Sep-2026,92.2167,0.297551
12-Aug-2026,11-Sep-2026,96.4083,0.287115
12-Aug-2026,11-Sep-2026,100.6,0.277782
12-Aug-2026,31-Aug-2026,67.0667,0.474537
12-Aug-2026,31-Aug-2026,71.2583,0.398554
12-Aug-2026,31-Aug-2026,75.45,0.357989
12-Aug-2026,31-Aug-2026,79.6417,0.336415
12-Aug-2026,31-Aug-2026,83.8333,0.321261
12-Aug-2026,31-Aug-2026,88.025,0.308437
12-Aug-2026,31-Aug-2026,92.2167,0.296839
12-Aug-2026,31-Aug-2026,96.4083,0.286272
12-Aug-2026,31-Aug-2026,100.6,0.276863
12-Aug-2026,30-Sep-2026,67.0667,0.405473
12-Aug-2026,30-Sep-2026,71.2583,0.377091
12-Aug-2026,30-Sep-2026,75.45,0.356803
12-Aug-2026,30-Sep-2026,79.6417,0.340809
12-Aug-2026,30-Sep-2026,83.8333,0.327122
12-Aug-2026,30-Sep-2026,88.025,0.314824
12-Aug-2026,30-Sep-2026,92.2167,0.303547
12-Aug-2026,30-Sep-2026,96.4083,0.293212
12-Aug-2026,30-Sep-2026,100.6,0.283903
12-Aug-2026,30-Oct-2026,67.0667,0.398036
12-Aug-2026,30-Oct-2026,71.2583,0.37727
12-Aug-2026,30-Oct-2026,75.45,0.360425
12-Aug-2026,30-Oct-2026,79.6417,0.345998
12-Aug-2026,30-Oct-2026,83.8333,0.333132
12-Aug-2026,30-Oct-2026,88.025,0.321371
12-Aug-2026,30-Oct-2026,92.2167,0.31051
12-Aug-2026,30-Oct-2026,96.4083,0.300499
12-Aug-2026,30-Oct-2026,100.6,0.29139
12-Aug-2026,30-Nov-2026,67.0667,0.400135
12-Aug-2026,30-Nov-2026,71.2583,0.382251
12-Aug-2026,30-Nov-2026,75.45,0.36695
12-Aug-2026,30-Nov-2026,79.6417,0.353411
12-Aug-2026,30-Nov-2026,83.8333,0.34113
12-Aug-2026,30-Nov-2026,88.025,0.329819
12-Aug-2026,30-Nov-2026,92.2167,0.319335
12-Aug-2026,30-Nov-2026,96.4083,0.309632
12-Aug-2026,30-Nov-2026,100.6,0.300734
12-Aug-2026,31-Dec-2026,67.0667,0.402927
12-Aug-2026,31-Dec-2026,71.2583,0.386706
12-Aug-2026,31-Dec-2026,75.45,0.372456
12-Aug-2026,31-Dec-2026,79.6417,0.359638
12-Aug-2026,31-Dec-2026,83.8333,0.347909
12-Aug-2026,31-Dec-2026,88.025,0.337059
12-Aug-2026,31-Dec-2026,92.2167,0.326977
12-Aug-2026,31-Dec-2026,96.4083,0.317617
12-Aug-2026,31-Dec-2026,100.6,0.308983
12-Aug-2026,29-Jan-2027,67.0667,0.406662
12-Aug-2026,29-Jan-2027,71.2583,0.391492
12-Aug-2026,29-Jan-2027,75.45,0.377972
12-Aug-2026,29-Jan-2027,79.6417,0.365705
12-Aug-2026,29-Jan-2027,83.8333,0.354425
12-Aug-2026,29-Jan-2027,88.025,0.343968
12-Aug-2026,29-Jan-2027,92.2167,0.334234
12-Aug-2026,29-Jan-2027,96.4083,0.325178
12-Aug-2026,29-Jan-2027,100.6,0.31679
12-Aug-2026,26-Feb-2027,67.0667,0.40656
12-Aug-2026,26-Feb-2027,71.2583,0.392337
12-Aug-2026,26-Feb-2027,75.45,0.379543
12-Aug-2026,26-Feb-2027,79.6417,0.367862
12-Aug-2026,26-Feb-2027,83.8333,0.357084
12-Aug-2026,26-Feb-2027,88.025,0.347068
12-Aug-2026,26-Feb-2027,92.2167,0.33773
12-Aug-2026,26-Feb-2027,96.4083,0.329024
12-Aug-2026,26-Feb-2027,100.6,0.320934
12-Aug-2026,31-Mar-2027,67.0667,0.408994
12-Aug-2026,31-Mar-2027,71.2583,0.395589
12-Aug-2026,31-Mar-2027,75.45,0.383443
12-Aug-2026,31-Mar-2027,79.6417,0.372304
12-Aug-2026,31-Mar-2027,83.8333,0.361999
12-Aug-2026,31-Mar-2027,88.025,0.352408
12-Aug-2026,31-Mar-2027,92.2167,0.343455
12-Aug-2026,31-Mar-2027,96.4083,0.335093
12-Aug-2026,31-Mar-2027,100.6,0.3273
12-Aug-2026,30-Apr-2027,67.0667,0.410651
12-Aug-2026,30-Apr-2027,71.2583,0.397891
12-Aug-2026,30-Apr-2027,75.45,0.386276
12-Aug-2026,30-Apr-2027,79.6417,0.375593
12-Aug-2026,30-Apr-2027,83.8333,0.365691
12-Aug-2026,30-Apr-2027,88.025,0.356466
12-Aug-2026,30-Apr-2027,92.2167,0.347845
12-Aug-2026,30-Apr-2027,96.4083,0.339784
12-Aug-2026,30-Apr-2027,100.6,0.332254
12-Aug-2026,31-May-2027,67.0667,0.412154
12-Aug-2026,31-May-2027,71.2583,0.399978
12-Aug-2026,31-May-2027,75.45,0.388857
12-Aug-2026,31-May-2027,79.6417,0.378604
12-Aug-2026,31-May-2027,83.8333,0.369088
12-Aug-2026,31-May-2027,88.025,0.360214
12-Aug-2026,31-May-2027,92.2167,0.351914
12-Aug-2026,31-May-2027,96.4083,0.344143
12-Aug-2026,31-May-2027,100.6,0.336871
12-Aug-2026,30-Jun-2027,67.0667,0.413915
12-Aug-2026,30-Jun-2027,71.2583,0.40223
12-Aug-2026,30-Jun-2027,75.45,0.39153
12-Aug-2026,30-Jun-2027,79.6417,0.38165
12-Aug-2026,30-Jun-2027,83.8333,0.37247
12-Aug-2026,30-Jun-2027,88.025,0.363903
12-Aug-2026,30-Jun-2027,92.2167,0.355885
12-Aug-2026,30-Jun-2027,96.4083,0.348371
12-Aug-2026,30-Jun-2027,100.6,0.341329
13-Aug-2026,14-Aug-2026,67.0294,0.562502
13-Aug-2026,14-Aug-2026,71.2187,0.408531
13-Aug-2026,14-Aug-2026,75.4081,0.282419
13-Aug-2026,14-Aug-2026,79.5974,0.272756
13-Aug-2026,14-Aug-2026,83.7868,0.262653
13-Aug-2026,14-Aug-2026,87.9761,0.252823
13-Aug-2026,14-Aug-2026,92.1654,0.244205
13-Aug-2026,14-Aug-2026,96.3548,0.345674
13-Aug-2026,14-Aug-2026,100.544,0.445395
13-Aug-2026,21-Aug-2026,67.0294,0.651223
13-Aug-2026,21-Aug-2026,71.2187,0.500093
13-Aug-2026,21-Aug-2026,75.4081,0.386761
13-Aug-2026,21-Aug-2026,79.5974,0.344233
13-Aug-2026,21-Aug-2026,83.7868,0.326331
13-Aug-2026,21-Aug-2026,87.9761,0.312939
13-Aug-2026,21-Aug-2026,92.1654,0.300992
13-Aug-2026,21-Aug-2026,96.3548,0.290117
13-Aug-2026,21-Aug-2026,100.544,0.280476
13-Aug-2026,28-Aug-2026,67.0294,0.505971
13-Aug-2026,28-Aug-2026,71.2187,0.409268
13-Aug-2026,28-Aug-2026,75.4081,0.356289
13-Aug-2026,28-Aug-2026,79.5974,0.332209
13-Aug-2026,28-Aug-2026,83.7868,0.31686
13-Aug-2026,28-Aug-2026,87.9761,0.304126
13-Aug-2026,28-Aug-2026,92.1654,0.292621
13-Aug-2026,28-Aug-2026,96.3548,0.282133
13-Aug-2026,28-Aug-2026,100.544,0.272811
13-Aug-2026,04-Sep-2026,67.0294,0.462627
13-Aug-2026,04-Sep-2026,71.2187,0.397533
13-Aug-2026,04-Sep-2026,75.4081,0.361774
13-Aug-2026,04-Sep-2026,79.5974,0.340939
13-Aug-2026,04-Sep-2026,83.7868,0.325645
13-Aug-2026,04-Sep-2026,87.9761,0.312599
13-Aug-2026,04-Sep-2026,92.1654,0.30081
13-Aug-2026,04-Sep-2026,96.3548,0.290085
13-Aug-2026,04-Sep-2026,100.544,0.280539
13-Aug-2026,11-Sep-2026,67.0294,0.430401
13-Aug-2026,11-Sep-2026,71.2187,0.38315
13-Aug-2026,11-Sep-2026,75.4081,0.355406
13-Aug-2026,11-Sep-2026,79.5974,0.336997
13-Aug-2026,11-Sep-2026,83.7868,0.322488
13-Aug-2026,11-Sep-2026,87.9761,0.309814
13-Aug-2026,11-Sep-2026,92.1654,0.298286
13-Aug-2026,11-Sep-2026,96.3548,0.287771
13-Aug-2026,11-Sep-2026,100.544,0.27838
13-Aug-2026,31-Aug-2026,67.0294,0.485902
13-Aug-2026,31-Aug-2026,71.2187,0.404898
13-Aug-2026,31-Aug-2026,75.4081,0.361277
13-Aug-2026,31-Aug-2026,79.5974,0.338708
13-Aug-2026,31-Aug-2026,83.7868,0.323199
13-Aug-2026,31-Aug-2026,87.9761,0.310179
13-Aug-2026,31-Aug-2026,92.1654,0.298435
13-Aug-2026,31-Aug-2026,96.3548,0.287751
13-Aug-2026,31-Aug-2026,100.544,0.278252
13-Aug-2026,30-Sep-2026,67.0294,0.407343
13-Aug-2026,30-Sep-2026,71.2187,0.378273
13-Aug-2026,30-Sep-2026,75.4081,0.357627
13-Aug-2026,30-Sep-2026,79.5974,0.34144
13-Aug-2026,30-Sep-2026,83.7868,0.327634
13-Aug-2026,30-Sep-2026,87.9761,0.315251
13-Aug-2026,30-Sep-2026,92.1654,0.303907
13-Aug-2026,30-Sep-2026,96.3548,0.293518
13-Aug-2026,30-Sep-2026,100.544,0.28417
13-Aug-2026,30-Oct-2026,67.0294,0.398937
13-Aug-2026,30-Oct-2026,71.2187,0.377933
13-Aug-2026,30-Oct-2026,75.4081,0.360942
13-Aug-2026,30-Oct-2026,79.5974,0.346421
13-Aug-2026,30-Oct-2026,83.7868,0.333487
13-Aug-2026,30-Oct-2026,87.9761,0.321676
13-Aug-2026,30-Oct-2026,92.1654,0.310775
13-Aug-2026,30-Oct-2026,96.3548,0.300732
13-Aug-2026,30-Oct-2026,100.544,0.291599
13-Aug-2026,30-Nov-2026,67.0294,0.400843
13-Aug-2026,30-Nov-2026,71.2187,0.382842
13-Aug-2026,30-Nov-2026,75.4081,0.367462
13-Aug-2026,30-Nov-2026,79.5974,0.353868
13-Aug-2026,30-Nov-2026,83.7868,0.341546
13-Aug-2026,30-Nov-2026,87.9761,0.330205
13-Aug-2026,30-Nov-2026,92.1654,0.319697
13-Aug-2026,30-Nov-2026,96.3548,0.309975
13-Aug-2026,30-Nov-2026,100.544,0.301062
13-Aug-2026,31-Dec-2026,67.0294,0.40362
13-Aug-2026,31-Dec-2026,71.2187,0.387333
13-Aug-2026,31-Dec-2026,75.4081,0.373038
13-Aug-2026,31-Dec-2026,79.5974,0.360187
13-Aug-2026,31-Dec-2026,83.7868,0.348435
13-Aug-2026,31-Dec-2026,87.9761,0.337568
13-Aug-2026,31-Dec-2026,92.1654,0.327473
13-Aug-2026,31-Dec-2026,96.3548,0.318104
13-Aug-2026,31-Dec-2026,100.544,0.309463
13-Aug-2026,29-Jan-2027,67.0294,0.407408
13-Aug-2026,29-Jan-2027,71.2187,0.392199
13-Aug-2026,29-Jan-2027,75.4081,0.378653
13-Aug-2026,29-Jan-2027,79.5974,0.366368
13-Aug-2026,29-Jan-2027,83.7868,0.355077
13-Aug-2026,29-Jan-2027,87.9761,0.344611
13-Aug-2026,29-Jan-2027,92.1654,0.334872
13-Aug-2026,29-Jan-2027,96.3548,0.325813
13-Aug-2026,29-Jan-2027,100.544,0.317423
13-Aug-2026,26-Feb-2027,67.0294,0.407353
13-Aug-2026,26-Feb-2027,71.2187,0.393109
13-Aug-2026,26-Feb-2027,75.4081,0.3803
13-Aug-2026,26-Feb-2027,79.5974,0.368612
13-Aug-2026,26-Feb-2027,83.7868,0.357829
13-Aug-2026,26-Feb-2027,87.9761,0.347812
13-Aug-2026,26-Feb-2027,92.1654,0.338475
13-Aug-2026,26-Feb-2027,96.3548,0.329771
13-Aug-2026,26-Feb-2027,100.544,0.321683
13-Aug-2026,31-Mar-2027,67.0294,0.409877
13-Aug-2026,31-Mar-2027,71.2187,0.396465
13-Aug-2026,31-Mar-2027,75.4081,0.384316
13-Aug-2026,31-Mar-2027,79.5974,0.373178
13-Aug-2026,31-Mar-2027,83.7868,0.362875
13-Aug-2026,31-Mar-2027,87.9761,0.353289
13-Aug-2026,31-Mar-2027,92.1654,0.344342
13-Aug-2026,31-Mar-2027,96.3548,0.335986
13-Aug-2026,31-Mar-2027,100.544,0.328199
13-Aug-2026,30-Apr-2027,67.0294,0.411618
13-Aug-2026,30-Apr-2027,71.2187,0.39886
13-Aug-2026,30-Apr-2027,75.4081,0.387249
13-Aug-2026,30-Apr-2027,79.5974,0.376572
13-Aug-2026,30-Apr-2027,83.7868,0.366678
13-Aug-2026,30-Apr-2027,87.9761,0.357461
13-Aug-2026,30-Apr-2027,92.1654,0.34885
13-Aug-2026,30-Apr-2027,96.3548,0.340798
13-Aug-2026,30-Apr-2027,100.544,0.333276
13-Aug-2026,31-May-2027,67.0294,0.413208
13-Aug-2026,31-May-2027,71.2187,0.401041
13-Aug-2026,31-May-2027,75.4081,0.389929
13-Aug-2026,31-May-2027,79.5974,0.379688
13-Aug-2026,31-May-2027,83.7868,0.370183
13-Aug-2026,31-May-2027,87.9761,0.361321
13-Aug-2026,31-May-2027,92.1654,0.353033
13-Aug-2026,31-May-2027,96.3548,0.345273
13-Aug-2026,31-May-2027,100.544,0.338012
13-Aug-2026,30-Jun-2027,67.0294,0.415056
13-Aug-2026,30-Jun-2027,71.2187,0.403385
13-Aug-2026,30-Jun-2027,75.4081,0.392698
13-Aug-2026,30-Jun-2027,79.5974,0.382832
13-Aug-2026,30-Jun-2027,83.7868,0.373667
13-Aug-2026,30-Jun-2027,87.9761,0.365114
13-Aug-2026,30-Jun-2027,92.1654,0.35711
13-Aug-2026,30-Jun-2027,96.3548,0.349609
13-Aug-2026,30-Jun-2027,100.544,0.342579
14-Aug-2026,21-Aug-2026,67.9903,0.69203
14-Aug-2026,21-Aug-2026,72.2397,0.529473
14-Aug-2026,21-Aug-2026,76.4891,0.39789
14-Aug-2026,21-Aug-2026,80.7385,0.346087
14-Aug-2026,21-Aug-2026,84.9878,0.326583
14-Aug-2026,21-Aug-2026,89.2372,0.312451
14-Aug-2026,21-Aug-2026,93.4866,0.299892
14-Aug-2026,21-Aug-2026,97.736,0.288522
14-Aug-2026,21-Aug-2026,101.985,0.278571
14-Aug-2026,28-Aug-2026,67.9903,0.51922
14-Aug-2026,28-Aug-2026,72.2397,0.414733
14-Aug-2026,28-Aug-2026,76.4891,0.354741
14-Aug-2026,28-Aug-2026,80.7385,0.328422
14-Aug-2026,28-Aug-2026,84.9878,0.312268
14-Aug-2026,28-Aug-2026,89.2372,0.298965
14-Aug-2026,28-Aug-2026,93.4866,0.286958
14-Aug-2026,28-Aug-2026,97.736,0.276074
14-Aug-2026,28-Aug-2026,101.985,0.266536
14-Aug-2026,04-Sep-2026,67.9903,0.466879
14-Aug-2026,04-Sep-2026,72.2397,0.396391
14-Aug-2026,04-Sep-2026,76.4891,0.357436
14-Aug-2026,04-Sep-2026,80.7385,0.335298
14-Aug-2026,04-Sep-2026,84.9878,0.319259
14-Aug-2026,04-Sep-2026,89.2372,0.30559
14-Aug-2026,04-Sep-2026,93.4866,0.29324
14-Aug-2026,04-Sep-2026,97.736,0.282066
14-Aug-2026,04-Sep-2026,101.985,0.272274
14-Aug-2026,11-Sep-2026,67.9903,0.430147
14-Aug-2026,11-Sep-2026,72.2397,0.379223
14-Aug-2026,11-Sep-2026,76.4891,0.349502
14-Aug-2026,11-Sep-2026,80.7385,0.330085
14-Aug-2026,11-Sep-2026,84.9878,0.314857
14-Aug-2026,11-Sep-2026,89.2372,0.301536
14-Aug-2026,11-Sep-2026,93.4866,0.289414
14-Aug-2026,11-Sep-2026,97.736,0.278418
14-Aug-2026,11-Sep-2026,101.985,0.268759
14-Aug-2026,18-Sep-2026,67.9903,0.409979
14-Aug-2026,18-Sep-2026,72.2397,0.370167
14-Aug-2026,18-Sep-2026,76.4891,0.345108
14-Aug-2026,18-Sep-2026,80.7385,0.327191
14-Aug-2026,18-Sep-2026,84.9878,0.312475
14-Aug-2026,18-Sep-2026,89.2372,0.29939
14-Aug-2026,18-Sep-2026,93.4866,0.28742
14-Aug-2026,18-Sep-2026,97.736,0.276539
14-Aug-2026,18-Sep-2026,101.985,0.266958
14-Aug-2026,31-Aug-2026,67.9903,0.494474
14-Aug-2026,31-Aug-2026,72.2397,0.406708
14-Aug-2026,31-Aug-2026,76.4891,0.35832
14-Aug-2026,31-Aug-2026,80.7385,0.334073
14-Aug-2026,31-Aug-2026,84.9878,0.31779
14-Aug-2026,31-Aug-2026,89.2372,0.304171
14-Aug-2026,31-Aug-2026,93.4866,0.291894
14-Aug-2026,31-Aug-2026,97.736,0.280786
14-Aug-2026,31-Aug-2026,101.985,0.271056
14-Aug-2026,30-Sep-2026,67.9903,0.401943
14-Aug-2026,30-Sep-2026,72.2397,0.371071
14-Aug-2026,30-Sep-2026,76.4891,0.349226
14-Aug-2026,30-Sep-2026,80.7385,0.332116
14-Aug-2026,30-Sep-2026,84.9878,0.317473
14-Aug-2026,30-Sep-2026,89.2372,0.304279
14-Aug-2026,30-Sep-2026,93.4866,0.29217
14-Aug-2026,30-Sep-2026,97.736,0.281144
14-Aug-2026,30-Sep-2026,101.985,0.271404
14-Aug-2026,30-Oct-2026,67.9903,0.390357
14-Aug-2026,30-Oct-2026,72.2397,0.368032
14-Aug-2026,30-Oct-2026,76.4891,0.3499
14-Aug-2026,30-Oct-2026,80.7385,0.334305
14-Aug-2026,30-Oct-2026,84.9878,0.32031
14-Aug-2026,30-Oct-2026,89.2372,0.30744
14-Aug-2026,30-Oct-2026,93.4866,0.295523
14-Aug-2026,30-Oct-2026,97.736,0.284602
14-Aug-2026,30-Oct-2026,101.985,0.274862
14-Aug-2026,30-Nov-2026,67.9903,0.390077
14-Aug-2026,30-Nov-2026,72.2397,0.370732
14-Aug-2026,30-Nov-2026,76.4891,0.354066
14-Aug-2026,30-Nov-2026,80.7385,0.339194
14-Aug-2026,30-Nov-2026,84.9878,0.325581
14-Aug-2026,30-Nov-2026,89.2372,0.312945
14-Aug-2026,30-Nov-2026,93.4866,0.301185
14-Aug-2026,30-Nov-2026,97.736,0.290354
14-Aug-2026,30-Nov-2026,101.985,0.280609
14-Aug-2026,31-Dec-2026,67.9903,0.391061
14-Aug-2026,31-Dec-2026,72.2397,0.37332
14-Aug-2026,31-Dec-2026,76.4891,0.357579
14-Aug-2026,31-Dec-2026,80.7385,0.343268
14-Aug-2026,31-Dec-2026,84.9878,0.330032
14-Aug-2026,31-Dec-2026,89.2372,0.317678
14-Aug-2026,31-Dec-2026,93.4866,0.306144
14-Aug-2026,31-Dec-2026,97.736,0.295478
14-Aug-2026,31-Dec-2026,101.985,0.285809
14-Aug-2026,29-Jan-2027,67.9903,0.393321
14-Aug-2026,29-Jan-2027,72.2397,0.376535
14-Aug-2026,29-Jan-2027,76.4891,0.3614
14-Aug-2026,29-Jan-2027,80.7385,0.3475
14-Aug-2026,29-Jan-2027,84.9878,0.334572
14-Aug-2026,29-Jan-2027,89.2372,0.322469
14-Aug-2026,29-Jan-2027,93.4866,0.311148
14-Aug-2026,29-Jan-2027,97.736,0.300647
14-Aug-2026,29-Jan-2027,101.985,0.29107
14-Aug-2026,26-Feb-2027,67.9903,0.39212
14-Aug-2026,26-Feb-2027,72.2397,0.37621
14-Aug-2026,26-Feb-2027,76.4891,0.361714
14-Aug-2026,26-Feb-2027,80.7385,0.34831
14-Aug-2026,26-Feb-2027,84.9878,0.335792
14-Aug-2026,26-Feb-2027,89.2372,0.324046
14-Aug-2026,26-Feb-2027,93.4866,0.313037
14-Aug-2026,26-Feb-2027,97.736,0.3028
14-Aug-2026,26-Feb-2027,101.985,0.293418
14-Aug-2026,31-Mar-2027,67.9903,0.393303
14-Aug-2026,31-Mar-2027,72.2397,0.378115
14-Aug-2026,31-Mar-2027,76.4891,0.364164
14-Aug-2026,31-Mar-2027,80.7385,0.351199
14-Aug-2026,31-Mar-2027,84.9878,0.339057
14-Aug-2026,31-Mar-2027,89.2372,0.327645
14-Aug-2026,31-Mar-2027,93.4866,0.316937
14-Aug-2026,31-Mar-2027,97.736,0.306955
14-Aug-2026,31-Mar-2027,101.985,0.297762
14-Aug-2026,30-Apr-2027,67.9903,0.393969
14-Aug-2026,30-Apr-2027,72.2397,0.379352
14-Aug-2026,30-Apr-2027,76.4891,0.365858
14-Aug-2026,30-Apr-2027,80.7385,0.353277
14-Aug-2026,30-Apr-2027,84.9878,0.341473
14-Aug-2026,30-Apr-2027,89.2372,0.33037
14-Aug-2026,30-Apr-2027,93.4866,0.31994
14-Aug-2026,30-Apr-2027,97.736,0.3102
14-Aug-2026,30-Apr-2027,101.985,0.301196
14-Aug-2026,31-May-2027,67.9903,0.394562
14-Aug-2026,31-May-2027,72.2397,0.380466
14-Aug-2026,31-May-2027,76.4891,0.367402
14-Aug-2026,31-May-2027,80.7385,0.355194
14-Aug-2026,31-May-2027,84.9878,0.343727
14-Aug-2026,31-May-2027,89.2372,0.332932
14-Aug-2026,31-May-2027,93.4866,0.322784
14-Aug-2026,31-May-2027,97.736,0.313291
14-Aug-2026,31-May-2027,101.985,0.304487
14-Aug-2026,30-Jun-2027,67.9903,0.395514
14-Aug-2026,30-Jun-2027,72.2397,0.381853
14-Aug-2026,30-Jun-2027,76.4891,0.36916
14-Aug-2026,30-Jun-2027,80.7385,0.357281
14-Aug-2026,30-Jun-2027,84.9878,0.346112
14-Aug-2026,30-Jun-2027,89.2372,0.335594
14-Aug-2026,30-Jun-2027,93.4866,0.3257
14-Aug-2026,30-Jun-2027,97.736,0.316432
14-Aug-2026,30-Jun-2027,101.985,0.307815
17-Aug-2026,21-Aug-2026,68.477,0.297746
17-Aug-2026,21-Aug-2026,72.7568,0.286973
17-Aug-2026,21-Aug-2026,77.0366,0.276294
17-Aug-2026,21-Aug-2026,81.3164,0.26575
17-Aug-2026,21-Aug-2026,85.5962,0.255378
17-Aug-2026,21-Aug-2026,89.876,0.245272
17-Aug-2026,21-Aug-2026,94.1558,0.235616
17-Aug-2026,21-Aug-2026,98.4356,0.2267
17-Aug-2026,21-Aug-2026,102.715,0.229449
17-Aug-2026,28-Aug-2026,68.477,0.55442
17-Aug-2026,28-Aug-2026,72.7568,0.429965
17-Aug-2026,28-Aug-2026,77.0366,0.348459
17-Aug-2026,28-Aug-2026,81.3164,0.317627
17-Aug-2026,28-Aug-2026,85.5962,0.301556
17-Aug-2026,28-Aug-2026,89.876,0.288621
17-Aug-2026,28-Aug-2026,94.1558,0.276918
17-Aug-2026,28-Aug-2026,98.4356,0.266298
17-Aug-2026,28-Aug-2026,102.715,0.257027
17-Aug-2026,04-Sep-2026,68.477,0.462533
17-Aug-2026,04-Sep-2026,72.7568,0.379859
17-Aug-2026,04-Sep-2026,77.0366,0.335883
17-Aug-2026,04-Sep-2026,81.3164,0.314188
17-Aug-2026,04-Sep-2026,85.5962,0.29926
17-Aug-2026,04-Sep-2026,89.876,0.286511
17-Aug-2026,04-Sep-2026,94.1558,0.274899
17-Aug-2026,04-Sep-2026,98.4356,0.264359
17-Aug-2026,04-Sep-2026,102.715,0.255145
17-Aug-2026,11-Sep-2026,68.477,0.435297
17-Aug-2026,11-Sep-2026,72.7568,0.376689
17-Aug-2026,11-Sep-2026,77.0366,0.343877
17-Aug-2026,11-Sep-2026,81.3164,0.323823
17-Aug-2026,11-Sep-2026,85.5962,0.308573
17-Aug-2026,11-Sep-2026,89.876,0.295331
17-Aug-2026,11-Sep-2026,94.1558,0.283294
17-Aug-2026,11-Sep-2026,98.4356,0.272392
17-Aug-2026,11-Sep-2026,102.715,0.262857
17-Aug-2026,18-Sep-2026,68.477,0.410551
17-Aug-2026,18-Sep-2026,72.7568,0.366321
17-Aug-2026,18-Sep-2026,77.0366,0.33968
17-Aug-2026,18-Sep-2026,81.3164,0.321424
17-Aug-2026,18-Sep-2026,85.5962,0.306702
17-Aug-2026,18-Sep-2026,89.876,0.293674
17-Aug-2026,18-Sep-2026,94.1558,0.281768
17-Aug-2026,18-Sep-2026,98.4356,0.270963
17-Aug-2026,18-Sep-2026,102.715,0.261488
17-Aug-2026,31-Aug-2026,68.477,0.492795
17-Aug-2026,31-Aug-2026,72.7568,0.38972
17-Aug-2026,31-Aug-2026,77.0366,0.331351
17-Aug-2026,31-Aug-2026,81.3164,0.307477
17-Aug-2026,31-Aug-2026,85.5962,0.292791
17-Aug-2026,31-Aug-2026,89.876,0.280414
17-Aug-2026,31-Aug-2026,94.1558,0.269107
17-Aug-2026,31-Aug-2026,98.4356,0.258818
17-Aug-2026,31-Aug-2026,102.715,0.249822
17-Aug-2026,30-Sep-2026,68.477,0.392267
17-Aug-2026,30-Sep-2026,72.7568,0.360113
17-Aug-2026,30-Sep-2026,77.0366,0.338197
17-Aug-2026,30-Sep-2026,81.3164,0.321401
17-Aug-2026,30-Sep-2026,85.5962,0.307122
17-Aug-2026,30-Sep-2026,89.876,0.294255
17-Aug-2026,30-Sep-2026,94.1558,0.282431
17-Aug-2026,30-Sep-2026,98.4356,0.271669
17-Aug-2026,30-Sep-2026,102.715,0.262194
17-Aug-2026,30-Oct-2026,68.477,0.383214
17-Aug-2026,30-Oct-2026,72.7568,0.360643
17-Aug-2026,30-Oct-2026,77.0366,0.342547
17-Aug-2026,30-Oct-2026,81.3164,0.327092
17-Aug-2026,30-Oct-2026,85.5962,0.313258
17-Aug-2026,30-Oct-2026,89.876,0.300543
17-Aug-2026,30-Oct-2026,94.1558,0.288771
17-Aug-2026,30-Oct-2026,98.4356,0.277994
17-Aug-2026,30-Oct-2026,102.715,0.26841
17-Aug-2026,30-Nov-2026,68.477,0.388148
17-Aug-2026,30-Nov-2026,72.7568,0.36845
17-Aug-2026,30-Nov-2026,77.0366,0.351587
17-Aug-2026,30-Nov-2026,81.3164,0.336604
17-Aug-2026,30-Nov-2026,85.5962,0.322927
17-Aug-2026,30-Nov-2026,89.876,0.310251
17-Aug-2026,30-Nov-2026,94.1558,0.298471
17-Aug-2026,30-Nov-2026,98.4356,0.287636
17-Aug-2026,30-Nov-2026,102.715,0.27791
17-Aug-2026,31-Dec-2026,68.477,0.386825
17-Aug-2026,31-Dec-2026,72.7568,0.369018
17-Aug-2026,31-Dec-2026,77.0366,0.353281
17-Aug-2026,31-Dec-2026,81.3164,0.339009
17-Aug-2026,31-Dec-2026,85.5962,0.325828
17-Aug-2026,31-Dec-2026,89.876,0.313536
17-Aug-2026,31-Dec-2026,94.1558,0.302068
17-Aug-2026,31-Dec-2026,98.4356,0.291472
17-Aug-2026,31-Dec-2026,102.715,0.281882
17-Aug-2026,29-Jan-2027,68.477,0.389867
17-Aug-2026,29-Jan-2027,72.7568,0.373036
17-Aug-2026,29-Jan-2027,77.0366,0.357903
17-Aug-2026,29-Jan-2027,81.3164,0.344033
17-Aug-2026,29-Jan-2027,85.5962,0.331149
17-Aug-2026,29-Jan-2027,89.876,0.319099
17-Aug-2026,29-Jan-2027,94.1558,0.307835
17-Aug-2026,29-Jan-2027,98.4356,0.297396
17-Aug-2026,29-Jan-2027,102.715,0.287885
17-Aug-2026,26-Feb-2027,68.477,0.39107
17-Aug-2026,26-Feb-2027,72.7568,0.375041
17-Aug-2026,26-Feb-2027,77.0366,0.360472
17-Aug-2026,26-Feb-2027,81.3164,0.347028
17-Aug-2026,26-Feb-2027,85.5962,0.334491
17-Aug-2026,26-Feb-2027,89.876,0.322741
17-Aug-2026,26-Feb-2027,94.1558,0.311741
17-Aug-2026,26-Feb-2027,98.4356,0.301519
17-Aug-2026,26-Feb-2027,102.715,0.292158
17-Aug-2026,31-Mar-2027,68.477,0.392538
17-Aug-2026,31-Mar-2027,72.7568,0.377268
17-Aug-2026,31-Mar-2027,77.0366,0.363271
17-Aug-2026,31-Mar-2027,81.3164,0.350286
17-Aug-2026,31-Mar-2027,85.5962,0.33814
17-Aug-2026,31-Mar-2027,89.876,0.32674
17-Aug-2026,31-Mar-2027,94.1558,0.316051
17-Aug-2026,31-Mar-2027,98.4356,0.306093
17-Aug-2026,31-Mar-2027,102.715,0.296927
17-Aug-2026,30-Apr-2027,68.477,0.393437
17-Aug-2026,30-Apr-2027,72.7568,0.378765
17-Aug-2026,30-Apr-2027,77.0366,0.365244
17-Aug-2026,30-Apr-2027,81.3164,0.352658
17-Aug-2026,30-Apr-2027,85.5962,0.340865
17-Aug-2026,30-Apr-2027,89.876,0.329783
17-Aug-2026,30-Apr-2027,94.1558,0.319383
17-Aug-2026,30-Apr-2027,98.4356,0.309675
17-Aug-2026,30-Apr-2027,102.715,0.300705
17-Aug-2026,31-May-2027,68.477,0.394254
17-Aug-2026,31-May-2027,72.7568,0.380124
17-Aug-2026,31-May-2027,77.0366,0.367051
17-Aug-2026,31-May-2027,81.3164,0.354853
17-Aug-2026,31-May-2027,85.5962,0.343409
17-Aug-2026,31-May-2027,89.876,0.332646
17-Aug-2026,31-May-2027,94.1558,0.322536
17-Aug-2026,31-May-2027,98.4356,0.313083
17-Aug-2026,31-May-2027,102.715,0.304318
17-Aug-2026,30-Jun-2027,68.477,0.395419
17-Aug-2026,30-Jun-2027,72.7568,0.381742
17-Aug-2026,30-Jun-2027,77.0366,0.369054
17-Aug-2026,30-Jun-2027,81.3164,0.357196
17-Aug-2026,30-Jun-2027,85.5962,0.346061
17-Aug-2026,30-Jun-2027,89.876,0.335584
17-Aug-2026,30-Jun-2027,94.1558,0.325735
17-Aug-2026,30-Jun-2027,98.4356,0.316514
17-Aug-2026,30-Jun-2027,102.715,0.30794
18-Aug-2026,21-Aug-2026,68.0537,0.32382
18-Aug-2026,21-Aug-2026,72.3071,0.288714
18-Aug-2026,21-Aug-2026,76.5604,0.278094
18-Aug-2026,21-Aug-2026,80.8138,0.267616
18-Aug-2026,21-Aug-2026,85.0671,0.257315
18-Aug-2026,21-Aug-2026,89.3205,0.247282
18-Aug-2026,21-Aug-2026,93.5738,0.237693
18-Aug-2026,21-Aug-2026,97.8272,0.22882
18-Aug-2026,28-Aug-2026,68.0537,0.581688
18-Aug-2026,28-Aug-2026,72.3071,0.449305
18-Aug-2026,28-Aug-2026,76.5604,0.358533
18-Aug-2026,28-Aug-2026,80.8138,0.324565
18-Aug-2026,28-Aug-2026,85.0671,0.307964
18-Aug-2026,28-Aug-2026,89.3205,0.294872
18-Aug-2026,28-Aug-2026,93.5738,0.283073
18-Aug-2026,28-Aug-2026,97.8272,0.27236
18-Aug-2026,28-Aug-2026,102.081,0.262972
18-Aug-2026,04-Sep-2026,68.0537,0.475515
18-Aug-2026,04-Sep-2026,72.3071,0.388301
18-Aug-2026,04-Sep-2026,76.5604,0.341431
18-Aug-2026,04-Sep-2026,80.8138,0.318931
18-Aug-2026,04-Sep-2026,85.0671,0.303812
18-Aug-2026,04-Sep-2026,89.3205,0.291008
18-Aug-2026,04-Sep-2026,93.5738,0.279372
18-Aug-2026,04-Sep-2026,97.8272,0.268801
18-Aug-2026,04-Sep-2026,102.081,0.259526
18-Aug-2026,11-Sep-2026,68.0537,0.443488
18-Aug-2026,11-Sep-2026,72.3071,0.38256
18-Aug-2026,11-Sep-2026,76.5604,0.348619
18-Aug-2026,11-Sep-2026,80.8138,0.328195
18-Aug-2026,11-Sep-2026,85.0671,0.312832
18-Aug-2026,11-Sep-2026,89.3205,0.299558
18-Aug-2026,11-Sep-2026,93.5738,0.287512
18-Aug-2026,11-Sep-2026,97.8272,0.276592
18-Aug-2026,11-Sep-2026,102.081,0.267009
18-Aug-2026,18-Sep-2026,68.0537,0.41635
18-Aug-2026,18-Sep-2026,72.3071,0.370867
18-Aug-2026,18-Sep-2026,76.5604,0.343672
18-Aug-2026,18-Sep-2026,80.8138,0.325226
18-Aug-2026,18-Sep-2026,85.0671,0.310451
18-Aug-2026,18-Sep-2026,89.3205,0.29742
18-Aug-2026,18-Sep-2026,93.5738,0.285525
18-Aug-2026,18-Sep-2026,97.8272,0.27472
18-Aug-2026,18-Sep-2026,102.081,0.265214
18-Aug-2026,31-Aug-2026,68.0537,0.511369
18-Aug-2026,31-Aug-2026,72.3071,0.402027
18-Aug-2026,31-Aug-2026,76.5604,0.337967
18-Aug-2026,31-Aug-2026,80.8138,0.312559
18-Aug-2026,31-Aug-2026,85.0671,0.297595
18-Aug-2026,31-Aug-2026,89.3205,0.285145
18-Aug-2026,31-Aug-2026,93.5738,0.273803
18-Aug-2026,31-Aug-2026,97.8272,0.263473
18-Aug-2026,31-Aug-2026,102.081,0.254408
18-Aug-2026,30-Sep-2026,68.0537,0.396396
18-Aug-2026,30-Sep-2026,72.3071,0.36375
18-Aug-2026,30-Sep-2026,76.5604,0.341623
18-Aug-2026,30-Sep-2026,80.8138,0.324758
18-Aug-2026,30-Sep-2026,85.0671,0.310472
18-Aug-2026,30-Sep-2026,89.3205,0.297626
18-Aug-2026,30-Sep-2026,93.5738,0.285831
18-Aug-2026,30-Sep-2026,97.8272,0.275084
18-Aug-2026,30-Sep-2026,102.081,0.265593
18-Aug-2026,30-Oct-2026,68.0537,0.386293
18-Aug-2026,30-Oct-2026,72.3071,0.363649
18-Aug-2026,30-Oct-2026,76.5604,0.345534
18-Aug-2026,30-Oct-2026,80.8138,0.330093
18-Aug-2026,30-Oct-2026,85.0671,0.316293
18-Aug-2026,30-Oct-2026,89.3205,0.303623
18-Aug-2026,30-Oct-2026,93.5738,0.291896
18-Aug-2026,30-Oct-2026,97.8272,0.281151
18-Aug-2026,30-Oct-2026,102.081,0.271568
18-Aug-2026,30-Nov-2026,68.0537,0.391018
18-Aug-2026,30-Nov-2026,72.3071,0.371326
18-Aug-2026,30-Nov-2026,76.5604,0.354487
18-Aug-2026,30-Nov-2026,80.8138,0.339542
18-Aug-2026,30-Nov-2026,85.0671,0.325913
18-Aug-2026,30-Nov-2026,89.3205,0.313291
18-Aug-2026,30-Nov-2026,93.5738,0.301563
18-Aug-2026,30-Nov-2026,97.8272,0.290767
18-Aug-2026,30-Nov-2026,102.081,0.281053
18-Aug-2026,31-Dec-2026,68.0537,0.389551
18-Aug-2026,31-Dec-2026,72.3071,0.371778
18-Aug-2026,31-Dec-2026,76.5604,0.356083
18-Aug-2026,31-Dec-2026,80.8138,0.341861
18-Aug-2026,31-Dec-2026,85.0671,0.328735
18-Aug-2026,31-Dec-2026,89.3205,0.316502
18-Aug-2026,31-Dec-2026,93.5738,0.30509
18-Aug-2026,31-Dec-2026,97.8272,0.294538
18-Aug-2026,31-Dec-2026,102.081,0.284967
18-Aug-2026,29-Jan-2027,68.0537,0.392561
18-Aug-2026,29-Jan-2027,72.3071,0.375775
18-Aug-2026,29-Jan-2027,76.5604,0.360692
18-Aug-2026,29-Jan-2027,80.8138,0.346877
18-Aug-2026,29-Jan-2027,85.0671,0.334052
18-Aug-2026,29-Jan-2027,89.3205,0.322062
18-Aug-2026,29-Jan-2027,93.5738,0.310855
18-Aug-2026,29-Jan-2027,97.8272,0.300462
18-Aug-2026,29-Jan-2027,102.081,0.290977
18-Aug-2026,26-Feb-2027,68.0537,0.393738
18-Aug-2026,26-Feb-2027,72.3071,0.37776
18-Aug-2026,26-Feb-2027,76.5604,0.363246
18-Aug-2026,26-Feb-2027,80.8138,0.349859
18-Aug-2026,26-Feb-2027,85.0671,0.337383
18-Aug-2026,26-Feb-2027,89.3205,0.325694
18-Aug-2026,26-Feb-2027,93.5738,0.314751
18-Aug-2026,26-Feb-2027,97.8272,0.304576
18-Aug-2026,26-Feb-2027,102.081,0.295244
18-Aug-2026,31-Mar-2027,68.0537,0.395193
18-Aug-2026,31-Mar-2027,72.3071,0.379979
18-Aug-2026,31-Mar-2027,76.5604,0.366039
18-Aug-2026,31-Mar-2027,80.8138,0.353113
18-Aug-2026,31-Mar-2027,85.0671,0.341029
18-Aug-2026,31-Mar-2027,89.3205,0.329689
18-Aug-2026,31-Mar-2027,93.5738,0.319057
18-Aug-2026,31-Mar-2027,97.8272,0.309147
18-Aug-2026,31-Mar-2027,102.081,0.300013
18-Aug-2026,30-Apr-2027,68.0537,0.396087
18-Aug-2026,30-Apr-2027,72.3071,0.381471
18-Aug-2026,30-Apr-2027,76.5604,0.368009
18-Aug-2026,30-Apr-2027,80.8138,0.355484
18-Aug-2026,30-Apr-2027,85.0671,0.343752
18-Aug-2026,30-Apr-2027,89.3205,0.332731
18-Aug-2026,30-Apr-2027,93.5738,0.322386
18-Aug-2026,30-Apr-2027,97.8272,0.312726
18-Aug-2026,30-Apr-2027,102.081,0.303789
18-Aug-2026,31-May-2027,68.0537,0.396903
18-Aug-2026,31-May-2027,72.3071,0.382831
18-Aug-2026,31-May-2027,76.5604,0.369818
18-Aug-2026,31-May-2027,80.8138,0.357681
18-Aug-2026,31-May-2027,85.0671,0.346297
18-Aug-2026,31-May-2027,89.3205,0.335593
18-Aug-2026,31-May-2027,93.5738,0.325538
18-Aug-2026,31-May-2027,97.8272,0.316132
18-Aug-2026,31-May-2027,102.081,0.307403
18-Aug-2026,30-Jun-2027,68.0537,0.398074
18-Aug-2026,30-Jun-2027,72.3071,0.384456
18-Aug-2026,30-Jun-2027,76.5604,0.371828
18-Aug-2026,30-Jun-2027,80.8138,0.36003
18-Aug-2026,30-Jun-2027,85.0671,0.348955
18-Aug-2026,30-Jun-2027,89.3205,0.338535
18-Aug-2026,30-Jun-2027,93.5738,0.328741
18-Aug-2026,30-Jun-2027,97.8272,0.319566
18-Aug-2026,30-Jun-2027,102.081,0.311029
19-Aug-2026,21-Aug-2026,67.5649,0.393388
19-Aug-2026,21-Aug-2026,71.7877,0.290246
19-Aug-2026,21-Aug-2026,76.0105,0.280446
19-Aug-2026,21-Aug-2026,80.2333,0.270054
19-Aug-2026,21-Aug-2026,84.4561,0.259846
19-Aug-2026,21-Aug-2026,88.6789,0.249908
19-Aug-2026,21-Aug-2026,92.9018,0.240405
19-Aug-2026,28-Aug-2026,67.5649,0.613543
19-Aug-2026,28-Aug-2026,71.7877,0.472372
19-Aug-2026,28-Aug-2026,76.0105,0.371062
19-Aug-2026,28-Aug-2026,80.2333,0.333237
19-Aug-2026,28-Aug-2026,84.4561,0.316011
19-Aug-2026,28-Aug-2026,88.6789,0.302745
19-Aug-2026,28-Aug-2026,92.9018,0.290843
19-Aug-2026,28-Aug-2026,97.1246,0.280026
19-Aug-2026,28-Aug-2026,101.347,0.270504
19-Aug-2026,04-Sep-2026,67.5649,0.489951
19-Aug-2026,04-Sep-2026,71.7877,0.398015
19-Aug-2026,04-Sep-2026,76.0105,0.348055
19-Aug-2026,04-Sep-2026,80.2333,0.324699
19-Aug-2026,04-Sep-2026,84.4561,0.30939
19-Aug-2026,04-Sep-2026,88.6789,0.296544
19-Aug-2026,04-Sep-2026,92.9018,0.284899
19-Aug-2026,04-Sep-2026,97.1246,0.274308
19-Aug-2026,04-Sep-2026,101.347,0.264972
19-Aug-2026,11-Sep-2026,67.5649,0.452537
19-Aug-2026,11-Sep-2026,71.7877,0.389314
19-Aug-2026,11-Sep-2026,76.0105,0.354265
19-Aug-2026,11-Sep-2026,80.2333,0.333489
19-Aug-2026,11-Sep-2026,84.4561,0.318033
19-Aug-2026,11-Sep-2026,88.6789,0.304749
19-Aug-2026,11-Sep-2026,92.9018,0.292712
19-Aug-2026,11-Sep-2026,97.1246,0.281791
19-Aug-2026,11-Sep-2026,101.347,0.272163
19-Aug-2026,18-Sep-2026,67.5649,0.422828
19-Aug-2026,18-Sep-2026,71.7877,0.376176
19-Aug-2026,18-Sep-2026,76.0105,0.348478
19-Aug-2026,18-Sep-2026,80.2333,0.329874
19-Aug-2026,18-Sep-2026,84.4561,0.315071
19-Aug-2026,18-Sep-2026,88.6789,0.302062
19-Aug-2026,18-Sep-2026,92.9018,0.290202
19-Aug-2026,18-Sep-2026,97.1246,0.279415
19-Aug-2026,18-Sep-2026,101.347,0.269884
19-Aug-2026,31-Aug-2026,67.5649,0.532414
19-Aug-2026,31-Aug-2026,71.7877,0.416411
19-Aug-2026,31-Aug-2026,76.0105,0.345998
19-Aug-2026,31-Aug-2026,80.2333,0.318816
19-Aug-2026,31-Aug-2026,84.4561,0.303547
19-Aug-2026,31-Aug-2026,88.6789,0.29103
19-Aug-2026,31-Aug-2026,92.9018,0.279662
19-Aug-2026,31-Aug-2026,97.1246,0.269296
19-Aug-2026,31-Aug-2026,101.347,0.260156
19-Aug-2026,30-Sep-2026,67.5649,0.401154
19-Aug-2026,30-Sep-2026,71.7877,0.368105
19-Aug-2026,30-Sep-2026,76.0105,0.345821
19-Aug-2026,30-Sep-2026,80.2333,0.328923
19-Aug-2026,30-Sep-2026,84.4561,0.31466
19-Aug-2026,30-Sep-2026,88.6789,0.301865
19-Aug-2026,30-Sep-2026,92.9018,0.290124
19-Aug-2026,30-Sep-2026,97.1246,0.279414
19-Aug-2026,30-Sep-2026,101.347,0.269915
19-Aug-2026,30-Oct-2026,67.5649,0.390051
19-Aug-2026,30-Oct-2026,71.7877,0.367398
19-Aug-2026,30-Oct-2026,76.0105,0.34931
19-Aug-2026,30-Oct-2026,80.2333,0.33392
19-Aug-2026,30-Oct-2026,84.4561,0.320189
19-Aug-2026,30-Oct-2026,88.6789,0.307597
19-Aug-2026,30-Oct-2026,92.9018,0.295947
19-Aug-2026,30-Oct-2026,97.1246,0.285259
19-Aug-2026,30-Oct-2026,101.347,0.275692
19-Aug-2026,30-Nov-2026,67.5649,0.394632
19-Aug-2026,30-Nov-2026,71.7877,0.375
19-Aug-2026,30-Nov-2026,76.0105,0.358231
19-Aug-2026,30-Nov-2026,80.2333,0.343364
19-Aug-2026,30-Nov-2026,84.4561,0.329822
19-Aug-2026,30-Nov-2026,88.6789,0.31729
19-Aug-2026,30-Nov-2026,92.9018,0.305648
19-Aug-2026,30-Nov-2026,97.1246,0.29492
19-Aug-2026,30-Nov-2026,101.347,0.285237
19-Aug-2026,31-Dec-2026,67.5649,0.393066
19-Aug-2026,31-Dec-2026,71.7877,0.375376
19-Aug-2026,31-Dec-2026,76.0105,0.359767
19-Aug-2026,31-Dec-2026,80.2333,0.345635
19-Aug-2026,31-Dec-2026,84.4561,0.332606
19-Aug-2026,31-Dec-2026,88.6789,0.32047
19-Aug-2026,31-Dec-2026,92.9018,0.309149
19-Aug-2026,31-Dec-2026,97.1246,0.298672
19-Aug-2026,31-Dec-2026,101.347,0.289144
19-Aug-2026,29-Jan-2027,67.5649,0.396089
19-Aug-2026,29-Jan-2027,71.7877,0.379397
19-Aug-2026,29-Jan-2027,76.0105,0.364409
19-Aug-2026,29-Jan-2027,80.2333,0.350691
19-Aug-2026,29-Jan-2027,84.4561,0.337966
19-Aug-2026,29-Jan-2027,88.6789,0.326077
19-Aug-2026,29-Jan-2027,92.9018,0.314965
19-Aug-2026,29-Jan-2027,97.1246,0.30465
19-Aug-2026,29-Jan-2027,101.347,0.295215
19-Aug-2026,26-Feb-2027,67.5649,0.397278
19-Aug-2026,26-Feb-2027,71.7877,0.381399
19-Aug-2026,26-Feb-2027,76.0105,0.366985
19-Aug-2026,26-Feb-2027,80.2333,0.353699
19-Aug-2026,26-Feb-2027,84.4561,0.341326
19-Aug-2026,26-Feb-2027,88.6789,0.329739
19-Aug-2026,26-Feb-2027,92.9018,0.318892
19-Aug-2026,26-Feb-2027,97.1246,0.308798
19-Aug-2026,26-Feb-2027,101.347,0.299521
19-Aug-2026,31-Mar-2027,67.5649,0.398763
19-Aug-2026,31-Mar-2027,71.7877,0.383651
19-Aug-2026,31-Mar-2027,76.0105,0.369815
19-Aug-2026,31-Mar-2027,80.2333,0.356992
19-Aug-2026,31-Mar-2027,84.4561,0.345013
19-Aug-2026,31-Mar-2027,88.6789,0.333775
19-Aug-2026,31-Mar-2027,92.9018,0.323239
19-Aug-2026,31-Mar-2027,97.1246,0.313412
19-Aug-2026,31-Mar-2027,101.347,0.304338
19-Aug-2026,30-Apr-2027,67.5649,0.399686
19-Aug-2026,30-Apr-2027,71.7877,0.385175
19-Aug-2026,30-Apr-2027,76.0105,0.371818
19-Aug-2026,30-Apr-2027,80.2333,0.359397
19-Aug-2026,30-Apr-2027,84.4561,0.34777
19-Aug-2026,30-Apr-2027,88.6789,0.33685
19-Aug-2026,30-Apr-2027,92.9018,0.326601
19-Aug-2026,30-Apr-2027,97.1246,0.317024
19-Aug-2026,30-Apr-2027,101.347,0.308151
19-Aug-2026,31-May-2027,67.5649,0.400536
19-Aug-2026,31-May-2027,71.7877,0.38657
19-Aug-2026,31-May-2027,76.0105,0.373662
19-Aug-2026,31-May-2027,80.2333,0.361629
19-Aug-2026,31-May-2027,84.4561,0.350349
19-Aug-2026,31-May-2027,88.6789,0.339747
19-Aug-2026,31-May-2027,92.9018,0.329786
19-Aug-2026,31-May-2027,97.1246,0.320463
19-Aug-2026,31-May-2027,101.347,0.3118
19-Aug-2026,30-Jun-2027,67.5649,0.401745
19-Aug-2026,30-Jun-2027,71.7877,0.388234
19-Aug-2026,30-Jun-2027,76.0105,0.375711
19-Aug-2026,30-Jun-2027,80.2333,0.364018
19-Aug-2026,30-Jun-2027,84.4561,0.353045
19-Aug-2026,30-Jun-2027,88.6789,0.342726
19-Aug-2026,30-Jun-2027,92.9018,0.333025
19-Aug-2026,30-Jun-2027,97.1246,0.323933
19-Aug-2026,30-Jun-2027,101.347,0.315462
20-Aug-2026,21-Aug-2026,68.3789,0.555163
20-Aug-2026,21-Aug-2026,72.6526,0.408103
20-Aug-2026,21-Aug-2026,76.9263,0.273167
20-Aug-2026,21-Aug-2026,81.2,0.265087
20-Aug-2026,21-Aug-2026,85.4736,0.254673
20-Aug-2026,21-Aug-2026,89.7473,0.244527
20-Aug-2026,21-Aug-2026,94.021,0.230765
20-Aug-2026,28-Aug-2026,68.3789,0.652929
20-Aug-2026,28-Aug-2026,72.6526,0.500635
20-Aug-2026,28-Aug-2026,76.9263,0.381391
20-Aug-2026,28-Aug-2026,81.2,0.334779
20-Aug-2026,28-Aug-2026,85.4736,0.315922
20-Aug-2026,28-Aug-2026,89.7473,0.301992
20-Aug-2026,28-Aug-2026,94.021,0.289598
20-Aug-2026,28-Aug-2026,98.2947,0.278405
20-Aug-2026,28-Aug-2026,102.568,0.268665
20-Aug-2026,04-Sep-2026,68.3789,0.506633
20-Aug-2026,04-Sep-2026,72.6526,0.406096
20-Aug-2026,04-Sep-2026,76.9263,0.34838
20-Aug-2026,04-Sep-2026,81.2,0.322423
20-Aug-2026,04-Sep-2026,85.4736,0.306272
20-Aug-2026,04-Sep-2026,89.7473,0.29295
20-Aug-2026,04-Sep-2026,94.021,0.280941
20-Aug-2026,04-Sep-2026,98.2947,0.270084
20-Aug-2026,04-Sep-2026,102.568,0.260622
20-Aug-2026,11-Sep-2026,68.3789,0.461141
20-Aug-2026,11-Sep-2026,72.6526,0.391625
20-Aug-2026,11-Sep-2026,76.9263,0.352697
20-Aug-2026,11-Sep-2026,81.2,0.330385
20-Aug-2026,11-Sep-2026,85.4736,0.314224
20-Aug-2026,11-Sep-2026,89.7473,0.300482
20-Aug-2026,11-Sep-2026,94.021,0.28809
20-Aug-2026,11-Sep-2026,98.2947,0.276911
20-Aug-2026,11-Sep-2026,102.568,0.267163
20-Aug-2026,18-Sep-2026,68.3789,0.426975
20-Aug-2026,18-Sep-2026,72.6526,0.375897
20-Aug-2026,18-Sep-2026,76.9263,0.345792
20-Aug-2026,18-Sep-2026,81.2,0.326107
20-Aug-2026,18-Sep-2026,85.4736,0.310719
20-Aug-2026,18-Sep-2026,89.7473,0.297297
20-Aug-2026,18-Sep-2026,94.021,0.28511
20-Aug-2026,18-Sep-2026,98.2947,0.274086
20-Aug-2026,18-Sep-2026,102.568,0.264447
20-Aug-2026,31-Aug-2026,68.3789,0.557685
20-Aug-2026,31-Aug-2026,72.6526,0.432342
20-Aug-2026,31-Aug-2026,76.9263,0.349124
20-Aug-2026,31-Aug-2026,81.2,0.31741
20-Aug-2026,31-Aug-2026,85.4736,0.301115
20-Aug-2026,31-Aug-2026,89.7473,0.288101
20-Aug-2026,31-Aug-2026,94.021,0.276355
20-Aug-2026,31-Aug-2026,98.2947,0.26571
20-Aug-2026,31-Aug-2026,102.568,0.25643
20-Aug-2026,30-Sep-2026,68.3789,0.401668
20-Aug-2026,30-Sep-2026,72.6526,0.366017
20-Aug-2026,30-Sep-2026,76.9263,0.342315
20-Aug-2026,30-Sep-2026,81.2,0.324648
20-Aug-2026,30-Sep-2026,85.4736,0.309892
20-Aug-2026,30-Sep-2026,89.7473,0.296718
20-Aug-2026,30-Sep-2026,94.021,0.284671
20-Aug-2026,30-Sep-2026,98.2947,0.273736
20-Aug-2026,30-Sep-2026,102.568,0.264132
20-Aug-2026,30-Oct-2026,68.3789,0.387843
20-Aug-2026,30-Oct-2026,72.6526,0.364006
20-Aug-2026,30-Oct-2026,76.9263,0.345147
20-Aug-2026,30-Oct-2026,81.2,0.32922
20-Aug-2026,30-Oct-2026,85.4736,0.315074
20-Aug-2026,30-Oct-2026,89.7473,0.302135
20-Aug-2026,30-Oct-2026,94.021,0.290192
20-Aug-2026,30-Oct-2026,98.2947,0.27928
20-Aug-2026,30-Oct-2026,102.568,0.269593
20-Aug-2026,30-Nov-2026,68.3789,0.391663
20-Aug-2026,30-Nov-2026,72.6526,0.371222
20-Aug-2026,30-Nov-2026,76.9263,0.353855
20-Aug-2026,30-Nov-2026,81.2,0.338522
20-Aug-2026,30-Nov-2026,85.4736,0.324592
20-Aug-2026,30-Nov-2026,89.7473,0.311725
20-Aug-2026,30-Nov-2026,94.021,0.299794
20-Aug-2026,30-Nov-2026,98.2947,0.288837
20-Aug-2026,30-Nov-2026,102.568,0.279011
20-Aug-2026,31-Dec-2026,68.3789,0.389709
20-Aug-2026,31-Dec-2026,72.6526,0.371388
20-Aug-2026,31-Dec-2026,76.9263,0.35528
20-Aug-2026,31-Dec-2026,81.2,0.340737
20-Aug-2026,31-Dec-2026,85.4736,0.327352
20-Aug-2026,31-Dec-2026,89.7473,0.314902
20-Aug-2026,31-Dec-2026,94.021,0.303306
20-Aug-2026,31-Dec-2026,98.2947,0.292605
20-Aug-2026,31-Dec-2026,102.568,0.282926
20-Aug-2026,29-Jan-2027,68.3789,0.392552
20-Aug-2026,29-Jan-2027,72.6526,0.375314
20-Aug-2026,29-Jan-2027,76.9263,0.359877
20-Aug-2026,29-Jan-2027,81.2,0.345776
20-Aug-2026,29-Jan-2027,85.4736,0.332714
20-Aug-2026,29-Jan-2027,89.7473,0.320524
20-Aug-2026,29-Jan-2027,94.021,0.309145
20-Aug-2026,29-Jan-2027,98.2947,0.298609
20-Aug-2026,29-Jan-2027,102.568,0.289015
20-Aug-2026,26-Feb-2027,68.3789,0.393622
20-Aug-2026,26-Feb-2027,72.6526,0.377256
20-Aug-2026,26-Feb-2027,76.9263,0.36243
20-Aug-2026,26-Feb-2027,81.2,0.348787
20-Aug-2026,26-Feb-2027,85.4736,0.336095
20-Aug-2026,26-Feb-2027,89.7473,0.32422
20-Aug-2026,26-Feb-2027,94.021,0.313117
20-Aug-2026,26-Feb-2027,98.2947,0.302807
20-Aug-2026,26-Feb-2027,102.568,0.293368
20-Aug-2026,31-Mar-2027,68.3789,0.395016
20-Aug-2026,31-Mar-2027,72.6526,0.379466
20-Aug-2026,31-Mar-2027,76.9263,0.365252
20-Aug-2026,31-Mar-2027,81.2,0.352095
20-Aug-2026,31-Mar-2027,85.4736,0.339815
20-Aug-2026,31-Mar-2027,89.7473,0.328305
20-Aug-2026,31-Mar-2027,94.021,0.317524
20-Aug-2026,31-Mar-2027,98.2947,0.307488
20-Aug-2026,31-Mar-2027,102.568,0.298251
20-Aug-2026,30-Apr-2027,68.3789,0.395881
20-Aug-2026,30-Apr-2027,72.6526,0.380967
20-Aug-2026,30-Apr-2027,76.9263,0.367256
20-Aug-2026,30-Apr-2027,81.2,0.35452
20-Aug-2026,30-Apr-2027,85.4736,0.342607
20-Aug-2026,30-Apr-2027,89.7473,0.331428
20-Aug-2026,30-Apr-2027,94.021,0.320946
20-Aug-2026,30-Apr-2027,98.2947,0.311167
20-Aug-2026,30-Apr-2027,102.568,0.302131
20-Aug-2026,31-May-2027,68.3789,0.396688
20-Aug-2026,31-May-2027,72.6526,0.382347
20-Aug-2026,31-May-2027,76.9263,0.369108
20-Aug-2026,31-May-2027,81.2,0.356777
20-Aug-2026,31-May-2027,85.4736,0.345226
20-Aug-2026,31-May-2027,89.7473,0.334376
20-Aug-2026,31-May-2027,94.021,0.324192
20-Aug-2026,31-May-2027,98.2947,0.314675
20-Aug-2026,31-May-2027,102.568,0.30585
20-Aug-2026,30-Jun-2027,68.3789,0.397869
20-Aug-2026,30-Jun-2027,72.6526,0.384006
20-Aug-2026,30-Jun-2027,76.9263,0.371169
20-Aug-2026,30-Jun-2027,81.2,0.359192
20-Aug-2026,30-Jun-2027,85.4736,0.34796
20-Aug-2026,30-Jun-2027,89.7473,0.337404
20-Aug-2026,30-Jun-2027,94.021,0.327488
20-Aug-2026,30-Jun-2027,98.2947,0.318207
20-Aug-2026,30-Jun-2027,102.568,0.309578
21-Aug-2026,28-Aug-2026,70.5805,0.697903
21-Aug-2026,28-Aug-2026,74.9918,0.533445
21-Aug-2026,28-Aug-2026,79.4031,0.39119
21-Aug-2026,28-Aug-2026,83.8144,0.32862
21-Aug-2026,28-Aug-2026,88.2257,0.306905
21-Aug-2026,28-Aug-2026,92.6369,0.291773
21-Aug-2026,28-Aug-2026,97.0482,0.278449
21-Aug-2026,28-Aug-2026,101.46,0.266619
21-Aug-2026,28-Aug-2026,105.871,0.2567
21-Aug-2026,04-Sep-2026,70.5805,0.523124
21-Aug-2026,04-Sep-2026,74.9918,0.412208
21-Aug-2026,04-Sep-2026,79.4031,0.342012
21-Aug-2026,04-Sep-2026,83.8144,0.311435
21-Aug-2026,04-Sep-2026,88.2257,0.293807
21-Aug-2026,04-Sep-2026,92.6369,0.279577
21-Aug-2026,04-Sep-2026,97.0482,0.266845
21-Aug-2026,04-Sep-2026,101.46,0.255519
21-Aug-2026,04-Sep-2026,105.871,0.245992
21-Aug-2026,11-Sep-2026,70.5805,0.467485
21-Aug-2026,11-Sep-2026,74.9918,0.388791
21-Aug-2026,11-Sep-2026,79.4031,0.343272
21-Aug-2026,11-Sep-2026,83.8144,0.318312
21-Aug-2026,11-Sep-2026,88.2257,0.300913
21-Aug-2026,11-Sep-2026,92.6369,0.286301
21-Aug-2026,11-Sep-2026,97.0482,0.273212
21-Aug-2026,11-Sep-2026,101.46,0.261583
21-Aug-2026,11-Sep-2026,105.871,0.251774
21-Aug-2026,18-Sep-2026,70.5805,0.42745
21-Aug-2026,18-Sep-2026,74.9918,0.369341
21-Aug-2026,18-Sep-2026,79.4031,0.335089
21-Aug-2026,18-Sep-2026,83.8144,0.313536
21-Aug-2026,18-Sep-2026,88.2257,0.297097
21-Aug-2026,18-Sep-2026,92.6369,0.282878
21-Aug-2026,18-Sep-2026,97.0482,0.270041
21-Aug-2026,18-Sep-2026,101.46,0.258597
21-Aug-2026,18-Sep-2026,105.871,0.248904
21-Aug-2026,25-Sep-2026,70.5805,0.404789
21-Aug-2026,25-Sep-2026,74.9918,0.359151
21-Aug-2026,25-Sep-2026,79.4031,0.330691
21-Aug-2026,25-Sep-2026,83.8144,0.311004
21-Aug-2026,25-Sep-2026,88.2257,0.295174
21-Aug-2026,25-Sep-2026,92.6369,0.281227
21-Aug-2026,25-Sep-2026,97.0482,0.268565
21-Aug-2026,25-Sep-2026,101.46,0.257242
21-Aug-2026,25-Sep-2026,105.871,0.24761
21-Aug-2026,31-Aug-2026,70.5805,0.584622
21-Aug-2026,31-Aug-2026,74.9918,0.449401
21-Aug-2026,31-Aug-2026,79.4031,0.347743
21-Aug-2026,31-Aug-2026,83.8144,0.307694
21-Aug-2026,31-Aug-2026,88.2257,0.289588
21-Aug-2026,31-Aug-2026,92.6369,0.275623
21-Aug-2026,31-Aug-2026,97.0482,0.263124
21-Aug-2026,31-Aug-2026,101.46,0.251985
21-Aug-2026,31-Aug-2026,105.871,0.242623
21-Aug-2026,30-Sep-2026,70.5805,0.396929
21-Aug-2026,30-Sep-2026,74.9918,0.356934
21-Aug-2026,30-Sep-2026,79.4031,0.3308
21-Aug-2026,30-Sep-2026,83.8144,0.311804
21-Aug-2026,30-Sep-2026,88.2257,0.296151
21-Aug-2026,30-Sep-2026,92.6369,0.282248
21-Aug-2026,30-Sep-2026,97.0482,0.269596
21-Aug-2026,30-Sep-2026,101.46,0.258264
21-Aug-2026,30-Sep-2026,105.871,0.248597
21-Aug-2026,30-Oct-2026,70.5805,0.379173
21-Aug-2026,30-Oct-2026,74.9918,0.3534
21-Aug-2026,30-Oct-2026,79.4031,0.333271
21-Aug-2026,30-Oct-2026,83.8144,0.31644
21-Aug-2026,30-Oct-2026,88.2257,0.301566
21-Aug-2026,30-Oct-2026,92.6369,0.287994
21-Aug-2026,30-Oct-2026,97.0482,0.275516
21-Aug-2026,30-Oct-2026,101.46,0.264235
21-Aug-2026,30-Oct-2026,105.871,0.254448
21-Aug-2026,30-Nov-2026,70.5805,0.382101
21-Aug-2026,30-Nov-2026,74.9918,0.360415
21-Aug-2026,30-Nov-2026,79.4031,0.342123
21-Aug-2026,30-Nov-2026,83.8144,0.326054
21-Aug-2026,30-Nov-2026,88.2257,0.311493
21-Aug-2026,30-Nov-2026,92.6369,0.298068
21-Aug-2026,30-Nov-2026,97.0482,0.285661
21-Aug-2026,30-Nov-2026,101.46,0.274362
21-Aug-2026,30-Nov-2026,105.871,0.264405
21-Aug-2026,31-Dec-2026,70.5805,0.379982
21-Aug-2026,31-Dec-2026,74.9918,0.360739
21-Aug-2026,31-Dec-2026,79.4031,0.3439
21-Aug-2026,31-Dec-2026,83.8144,0.328745
21-Aug-2026,31-Dec-2026,88.2257,0.314822
21-Aug-2026,31-Dec-2026,92.6369,0.301891
21-Aug-2026,31-Dec-2026,97.0482,0.289884
21-Aug-2026,31-Dec-2026,101.46,0.278879
21-Aug-2026,31-Dec-2026,105.871,0.269059
21-Aug-2026,29-Jan-2027,70.5805,0.382892
21-Aug-2026,29-Jan-2027,74.9918,0.364903
21-Aug-2026,29-Jan-2027,79.4031,0.348849
21-Aug-2026,29-Jan-2027,83.8144,0.334218
21-Aug-2026,29-Jan-2027,88.2257,0.320686
21-Aug-2026,29-Jan-2027,92.6369,0.308076
21-Aug-2026,29-Jan-2027,97.0482,0.296338
21-Aug-2026,29-Jan-2027,101.46,0.285532
21-Aug-2026,29-Jan-2027,105.871,0.275794
21-Aug-2026,26-Feb-2027,70.5805,0.384125
21-Aug-2026,26-Feb-2027,74.9918,0.367126
21-Aug-2026,26-Feb-2027,79.4031,0.351769
21-Aug-2026,26-Feb-2027,83.8144,0.337664
21-Aug-2026,26-Feb-2027,88.2257,0.324559
21-Aug-2026,26-Feb-2027,92.6369,0.312319
21-Aug-2026,26-Feb-2027,97.0482,0.300902
21-Aug-2026,26-Feb-2027,101.46,0.290353
21-Aug-2026,26-Feb-2027,105.871,0.280776
21-Aug-2026,31-Mar-2027,70.5805,0.38577
21-Aug-2026,31-Mar-2027,74.9918,0.369691
21-Aug-2026,31-Mar-2027,79.4031,0.355025
21-Aug-2026,31-Mar-2027,83.8144,0.341473
21-Aug-2026,31-Mar-2027,88.2257,0.328841
21-Aug-2026,31-Mar-2027,92.6369,0.317019
21-Aug-2026,31-Mar-2027,97.0482,0.305973
21-Aug-2026,31-Mar-2027,101.46,0.295731
21-Aug-2026,31-Mar-2027,105.871,0.286366
21-Aug-2026,30-Apr-2027,70.5805,0.386891
21-Aug-2026,30-Apr-2027,74.9918,0.371521
21-Aug-2026,30-Apr-2027,79.4031,0.357419
21-Aug-2026,30-Apr-2027,83.8144,0.344339
21-Aug-2026,30-Apr-2027,88.2257,0.332121
21-Aug-2026,30-Apr-2027,92.6369,0.320673
21-Aug-2026,30-Apr-2027,97.0482,0.309962
21-Aug-2026,30-Apr-2027,101.46,0.300004
21-Aug-2026,30-Apr-2027,105.871,0.290852
21-Aug-2026,31-May-2027,70.5805,0.387976
21-Aug-2026,31-May-2027,74.9918,0.373241
21-Aug-2026,31-May-2027,79.4031,0.359662
21-Aug-2026,31-May-2027,83.8144,0.347033
21-Aug-2026,31-May-2027,88.2257,0.335219
21-Aug-2026,31-May-2027,92.6369,0.324138
21-Aug-2026,31-May-2027,97.0482,0.313758
21-Aug-2026,31-May-2027,101.46,0.304086
21-Aug-2026,31-May-2027,105.871,0.295157
21-Aug-2026,30-Jun-2027,70.5805,0.389431
21-Aug-2026,30-Jun-2027,74.9918,0.375224
21-Aug-2026,30-Jun-2027,79.4031,0.36209
21-Aug-2026,30-Jun-2027,83.8144,0.349852
21-Aug-2026,30-Jun-2027,88.2257,0.338392
21-Aug-2026,30-Jun-2027,92.6369,0.327636
21-Aug-2026,30-Jun-2027,97.0482,0.317552
21-Aug-2026,30-Jun-2027,101.46,0.308137
21-Aug-2026,30-Jun-2027,105.871,0.299416
24-Aug-2026,28-Aug-2026,70.2061,0.284874
24-Aug-2026,28-Aug-2026,74.594,0.27718
24-Aug-2026,28-Aug-2026,78.9819,0.266152
24-Aug-2026,28-Aug-2026,83.3698,0.255222
24-Aug-2026,28-Aug-2026,87.7577,0.244432
24-Aug-2026,28-Aug-2026,92.1456,0.233902
24-Aug-2026,28-Aug-2026,96.5334,0.223874
24-Aug-2026,28-Aug-2026,100.921,0.214739
24-Aug-2026,28-Aug-2026,105.309,0.218937
24-Aug-2026,04-Sep-2026,70.2061,0.557247
24-Aug-2026,04-Sep-2026,74.594,0.430495
24-Aug-2026,04-Sep-2026,78.9819,0.342455
24-Aug-2026,04-Sep-2026,83.3698,0.308585
24-Aug-2026,04-Sep-2026,87.7577,0.291808
24-Aug-2026,04-Sep-2026,92.1456,0.278529
24-Aug-2026,04-Sep-2026,96.5334,0.266586
24-Aug-2026,04-Sep-2026,100.921,0.255854
24-Aug-2026,04-Sep-2026,105.309,0.246661
24-Aug-2026,11-Sep-2026,70.2061,0.464162
24-Aug-2026,11-Sep-2026,74.594,0.3777
24-Aug-2026,11-Sep-2026,78.9819,0.330144
24-Aug-2026,11-Sep-2026,83.3698,0.307244
24-Aug-2026,11-Sep-2026,87.7577,0.291949
24-Aug-2026,11-Sep-2026,92.1456,0.279036
24-Aug-2026,11-Sep-2026,96.5334,0.267347
24-Aug-2026,11-Sep-2026,100.921,0.256815
24-Aug-2026,11-Sep-2026,105.309,0.247716
24-Aug-2026,18-Sep-2026,70.2061,0.435904
24-Aug-2026,18-Sep-2026,74.594,0.374467
24-Aug-2026,18-Sep-2026,78.9819,0.339952
24-Aug-2026,18-Sep-2026,83.3698,0.319329
24-Aug-2026,18-Sep-2026,87.7577,0.303952
24-Aug-2026,18-Sep-2026,92.1456,0.290743
24-Aug-2026,18-Sep-2026,96.5334,0.278811
24-Aug-2026,18-Sep-2026,100.921,0.268062
24-Aug-2026,18-Sep-2026,105.309,0.258707
24-Aug-2026,25-Sep-2026,70.2061,0.410838
24-Aug-2026,25-Sep-2026,74.594,0.364903
24-Aug-2026,25-Sep-2026,78.9819,0.337457
24-Aug-2026,25-Sep-2026,83.3698,0.319012
24-Aug-2026,25-Sep-2026,87.7577,0.304368
24-Aug-2026,25-Sep-2026,92.1456,0.291538
24-Aug-2026,25-Sep-2026,96.5334,0.279887
24-Aug-2026,25-Sep-2026,100.921,0.269351
24-Aug-2026,25-Sep-2026,105.309,0.260114
24-Aug-2026,31-Aug-2026,70.2061,0.641556
24-Aug-2026,31-Aug-2026,74.594,0.487322
24-Aug-2026,31-Aug-2026,78.9819,0.351771
24-Aug-2026,31-Aug-2026,83.3698,0.297586
24-Aug-2026,31-Aug-2026,87.7577,0.280486
24-Aug-2026,31-Aug-2026,92.1456,0.267748
24-Aug-2026,31-Aug-2026,96.5334,0.256198
24-Aug-2026,31-Aug-2026,100.921,0.245786
24-Aug-2026,31-Aug-2026,105.309,0.236903
24-Aug-2026,30-Sep-2026,70.2061,0.40324
24-Aug-2026,30-Sep-2026,74.594,0.364066
24-Aug-2026,30-Sep-2026,78.9819,0.339325
24-Aug-2026,30-Sep-2026,83.3698,0.321694
24-Aug-2026,30-Sep-2026,87.7577,0.307307
24-Aug-2026,30-Sep-2026,92.1456,0.294601
24-Aug-2026,30-Sep-2026,96.5334,0.283042
24-Aug-2026,30-Sep-2026,100.921,0.272569
24-Aug-2026,30-Sep-2026,105.309,0.263344
24-Aug-2026,30-Oct-2026,70.2061,0.392184
24-Aug-2026,30-Oct-2026,74.594,0.36891
24-Aug-2026,30-Oct-2026,78.9819,0.350881
24-Aug-2026,30-Oct-2026,83.3698,0.335901
24-Aug-2026,30-Oct-2026,87.7577,0.322764
24-Aug-2026,30-Oct-2026,92.1456,0.310865
24-Aug-2026,30-Oct-2026,96.5334,0.299946
24-Aug-2026,30-Oct-2026,100.921,0.289956
24-Aug-2026,30-Oct-2026,105.309,0.280962
24-Aug-2026,30-Nov-2026,70.2061,0.403476
24-Aug-2026,30-Nov-2026,74.594,0.384637
24-Aug-2026,30-Nov-2026,78.9819,0.368837
24-Aug-2026,30-Nov-2026,83.3698,0.355058
24-Aug-2026,30-Nov-2026,87.7577,0.342691
24-Aug-2026,30-Nov-2026,92.1456,0.331387
24-Aug-2026,30-Nov-2026,96.5334,0.320971
24-Aug-2026,30-Nov-2026,100.921,0.31138
24-Aug-2026,30-Nov-2026,105.309,0.302624
24-Aug-2026,31-Dec-2026,70.2061,0.407994
24-Aug-2026,31-Dec-2026,74.594,0.391752
24-Aug-2026,31-Dec-2026,78.9819,0.377634
24-Aug-2026,31-Dec-2026,83.3698,0.365039
24-Aug-2026,31-Dec-2026,87.7577,0.353587
24-Aug-2026,31-Dec-2026,92.1456,0.343048
24-Aug-2026,31-Dec-2026,96.5334,0.333293
24-Aug-2026,31-Dec-2026,100.921,0.324262
24-Aug-2026,31-Dec-2026,105.309,0.315943
24-Aug-2026,29-Jan-2027,70.2061,0.417254
24-Aug-2026,29-Jan-2027,74.594,0.402435
24-Aug-2026,29-Jan-2027,78.9819,0.389314
24-Aug-2026,29-Jan-2027,83.3698,0.377474
24-Aug-2026,29-Jan-2027,87.7577,0.366639
24-Aug-2026,29-Jan-2027,92.1456,0.356633
24-Aug-2026,29-Jan-2027,96.5334,0.347348
24-Aug-2026,29-Jan-2027,100.921,0.338722
24-Aug-2026,29-Jan-2027,105.309,0.330731
24-Aug-2026,26-Feb-2027,70.2061,0.423896
24-Aug-2026,26-Feb-2027,74.594,0.410178
24-Aug-2026,26-Feb-2027,78.9819,0.397892
24-Aug-2026,26-Feb-2027,83.3698,0.386724
24-Aug-2026,26-Feb-2027,87.7577,0.376458
24-Aug-2026,26-Feb-2027,92.1456,0.36695
24-Aug-2026,26-Feb-2027,96.5334,0.358107
24-Aug-2026,26-Feb-2027,100.921,0.349871
24-Aug-2026,26-Feb-2027,105.309,0.342209
24-Aug-2026,31-Mar-2027,70.2061,0.429399
24-Aug-2026,31-Mar-2027,74.594,0.416755
24-Aug-2026,31-Mar-2027,78.9819,0.405328
24-Aug-2026,31-Mar-2027,83.3698,0.394876
24-Aug-2026,31-Mar-2027,87.7577,0.38523
24-Aug-2026,31-Mar-2027,92.1456,0.376271
24-Aug-2026,31-Mar-2027,96.5334,0.367918
24-Aug-2026,31-Mar-2027,100.921,0.360118
24-Aug-2026,31-Mar-2027,105.309,0.352835
24-Aug-2026,30-Apr-2027,70.2061,0.435606
24-Aug-2026,30-Apr-2027,74.594,0.42372
24-Aug-2026,30-Apr-2027,78.9819,0.412916
24-Aug-2026,30-Apr-2027,83.3698,0.402996
24-Aug-2026,30-Apr-2027,87.7577,0.393816
24-Aug-2026,30-Apr-2027,92.1456,0.385274
24-Aug-2026,30-Apr-2027,96.5334,0.377298
24-Aug-2026,30-Apr-2027,100.921,0.369835
24-Aug-2026,30-Apr-2027,105.309,0.362848
24-Aug-2026,31-May-2027,70.2061,0.441515
24-Aug-2026,31-May-2027,74.594,0.430294
24-Aug-2026,31-May-2027,78.9819,0.42005
24-Aug-2026,31-May-2027,83.3698,0.410615
24-Aug-2026,31-May-2027,87.7577,0.401866
24-Aug-2026,31-May-2027,92.1456,0.393711
24-Aug-2026,31-May-2027,96.5334,0.386085
24-Aug-2026,31-May-2027,100.921,0.378938
24-Aug-2026,31-May-2027,105.309,0.372233
24-Aug-2026,30-Jun-2027,70.2061,0.447386
24-Aug-2026,30-Jun-2027,74.594,0.436711
24-Aug-2026,30-Jun-2027,78.9819,0.426935
24-Aug-2026,30-Jun-2027,83.3698,0.41791
24-Aug-2026,30-Jun-2027,87.7577,0.409526
24-Aug-2026,30-Jun-2027,92.1456,0.401703
24-Aug-2026,30-Jun-2027,96.5334,0.394378
24-Aug-2026,30-Jun-2027,100.921,0.387503
24-Aug-2026,30-Jun-2027,105.309,0.381044
25-Aug-2026,28-Aug-2026,70.5331,0.324507
25-Aug-2026,28-Aug-2026,74.9414,0.276541
25-Aug-2026,28-Aug-2026,79.3497,0.265478
25-Aug-2026,28-Aug-2026,83.758,0.254508
25-Aug-2026,28-Aug-2026,88.1663,0.243675
25-Aug-2026,28-Aug-2026,92.5747,0.2331
25-Aug-2026,28-Aug-2026,96.983,0.223033
25-Aug-2026,28-Aug-2026,101.391,0.213956
25-Aug-2026,04-Sep-2026,70.5331,0.583673
25-Aug-2026,04-Sep-2026,74.9414,0.449162
25-Aug-2026,04-Sep-2026,79.3497,0.350561
25-Aug-2026,04-Sep-2026,83.758,0.312502
25-Aug-2026,04-Sep-2026,88.1663,0.294987
25-Aug-2026,04-Sep-2026,92.5747,0.281426
25-Aug-2026,04-Sep-2026,96.983,0.269278
25-Aug-2026,04-Sep-2026,101.391,0.25838
25-Aug-2026,04-Sep-2026,105.8,0.249066
25-Aug-2026,11-Sep-2026,70.5331,0.476227
25-Aug-2026,11-Sep-2026,74.9414,0.384609
25-Aug-2026,11-Sep-2026,79.3497,0.333169
25-Aug-2026,11-Sep-2026,83.758,0.30911
25-Aug-2026,11-Sep-2026,88.1663,0.293485
25-Aug-2026,11-Sep-2026,92.5747,0.280409
25-Aug-2026,11-Sep-2026,96.983,0.268599
25-Aug-2026,11-Sep-2026,101.391,0.257971
25-Aug-2026,11-Sep-2026,105.8,0.248806
25-Aug-2026,18-Sep-2026,70.5331,0.442676
25-Aug-2026,18-Sep-2026,74.9414,0.378192
25-Aug-2026,18-Sep-2026,79.3497,0.342045
25-Aug-2026,18-Sep-2026,83.758,0.320851
25-Aug-2026,18-Sep-2026,88.1663,0.305249
25-Aug-2026,18-Sep-2026,92.5747,0.29191
25-Aug-2026,18-Sep-2026,96.983,0.279883
25-Aug-2026,18-Sep-2026,101.391,0.269058
25-Aug-2026,18-Sep-2026,105.8,0.259648
25-Aug-2026,25-Sep-2026,70.5331,0.414896
25-Aug-2026,25-Sep-2026,74.9414,0.367153
25-Aug-2026,25-Sep-2026,79.3497,0.338852
25-Aug-2026,25-Sep-2026,83.758,0.320078
25-Aug-2026,25-Sep-2026,88.1663,0.305285
25-Aug-2026,25-Sep-2026,92.5747,0.292364
25-Aug-2026,25-Sep-2026,96.983,0.280647
25-Aug-2026,25-Sep-2026,101.391,0.270059
25-Aug-2026,25-Sep-2026,105.8,0.260784
25-Aug-2026,31-Aug-2026,70.5331,0.692222
25-Aug-2026,31-Aug-2026,74.9414,0.525485
25-Aug-2026,31-Aug-2026,79.3497,0.372201
25-Aug-2026,31-Aug-2026,83.758,0.303515
25-Aug-2026,31-Aug-2026,88.1663,0.284911
25-Aug-2026,31-Aug-2026,92.5747,0.271811
25-Aug-2026,31-Aug-2026,96.983,0.259999
25-Aug-2026,31-Aug-2026,101.391,0.24937
25-Aug-2026,31-Aug-2026,105.8,0.240326
25-Aug-2026,30-Sep-2026,70.5331,0.406255
25-Aug-2026,30-Sep-2026,74.9414,0.365825
25-Aug-2026,30-Sep-2026,79.3497,0.3405
25-Aug-2026,30-Sep-2026,83.758,0.322626
25-Aug-2026,30-Sep-2026,88.1663,0.308122
25-Aug-2026,30-Sep-2026,92.5747,0.295343
25-Aug-2026,30-Sep-2026,96.983,0.283731
25-Aug-2026,30-Sep-2026,101.391,0.273217
25-Aug-2026,30-Sep-2026,105.8,0.263962
25-Aug-2026,30-Oct-2026,70.5331,0.393281
25-Aug-2026,30-Oct-2026,74.9414,0.369784
25-Aug-2026,30-Oct-2026,79.3497,0.351646
25-Aug-2026,30-Oct-2026,83.758,0.336616
25-Aug-2026,30-Oct-2026,88.1663,0.323455
25-Aug-2026,30-Oct-2026,92.5747,0.311547
25-Aug-2026,30-Oct-2026,96.983,0.300627
25-Aug-2026,30-Oct-2026,101.391,0.290637
25-Aug-2026,30-Oct-2026,105.8,0.281643
25-Aug-2026,30-Nov-2026,70.5331,0.40438
25-Aug-2026,30-Nov-2026,74.9414,0.385505
25-Aug-2026,30-Nov-2026,79.3497,0.369698
25-Aug-2026,30-Nov-2026,83.758,0.355931
25-Aug-2026,30-Nov-2026,88.1663,0.343584
25-Aug-2026,30-Nov-2026,92.5747,0.332306
25-Aug-2026,30-Nov-2026,96.983,0.321917
25-Aug-2026,30-Nov-2026,101.391,0.312352
25-Aug-2026,30-Nov-2026,105.8,0.303617
25-Aug-2026,31-Dec-2026,70.5331,0.408894
25-Aug-2026,31-Dec-2026,74.9414,0.392678
25-Aug-2026,31-Dec-2026,79.3497,0.378596
25-Aug-2026,31-Dec-2026,83.758,0.366042
25-Aug-2026,31-Dec-2026,88.1663,0.354635
25-Aug-2026,31-Dec-2026,92.5747,0.344141
25-Aug-2026,31-Dec-2026,96.983,0.334431
25-Aug-2026,31-Dec-2026,101.391,0.325442
25-Aug-2026,31-Dec-2026,105.8,0.317158
25-Aug-2026,29-Jan-2027,70.5331,0.418256
25-Aug-2026,29-Jan-2027,74.9414,0.403492
25-Aug-2026,29-Jan-2027,79.3497,0.39043
25-Aug-2026,29-Jan-2027,83.758,0.378648
25-Aug-2026,29-Jan-2027,88.1663,0.367873
25-Aug-2026,29-Jan-2027,92.5747,0.357925
25-Aug-2026,29-Jan-2027,96.983,0.348695
25-Aug-2026,29-Jan-2027,101.391,0.340122
25-Aug-2026,29-Jan-2027,105.8,0.332176
25-Aug-2026,26-Feb-2027,70.5331,0.424998
25-Aug-2026,26-Feb-2027,74.9414,0.411351
25-Aug-2026,26-Feb-2027,79.3497,0.399137
25-Aug-2026,26-Feb-2027,83.758,0.388038
25-Aug-2026,26-Feb-2027,88.1663,0.37784
25-Aug-2026,26-Feb-2027,92.5747,0.368398
25-Aug-2026,26-Feb-2027,96.983,0.359618
25-Aug-2026,26-Feb-2027,101.391,0.35144
25-Aug-2026,26-Feb-2027,105.8,0.34383
25-Aug-2026,31-Mar-2027,70.5331,0.430608
25-Aug-2026,31-Mar-2027,74.9414,0.418047
25-Aug-2026,31-Mar-2027,79.3497,0.4067
25-Aug-2026,31-Mar-2027,83.758,0.396325
25-Aug-2026,31-Mar-2027,88.1663,0.386753
25-Aug-2026,31-Mar-2027,92.5747,0.377866
25-Aug-2026,31-Mar-2027,96.983,0.369581
25-Aug-2026,31-Mar-2027,101.391,0.361843
25-Aug-2026,31-Mar-2027,105.8,0.354617
25-Aug-2026,30-Apr-2027,70.5331,0.436919
25-Aug-2026,30-Apr-2027,74.9414,0.425122
25-Aug-2026,30-Apr-2027,79.3497,0.414403
25-Aug-2026,30-Apr-2027,83.758,0.404564
25-Aug-2026,30-Apr-2027,88.1663,0.395463
25-Aug-2026,30-Apr-2027,92.5747,0.386996
25-Aug-2026,30-Apr-2027,96.983,0.37909
25-Aug-2026,30-Apr-2027,101.391,0.371692
25-Aug-2026,30-Apr-2027,105.8,0.364766
25-Aug-2026,31-May-2027,70.5331,0.442925
25-Aug-2026,31-May-2027,74.9414,0.431797
25-Aug-2026,31-May-2027,79.3497,0.421642
25-Aug-2026,31-May-2027,83.758,0.412292
25-Aug-2026,31-May-2027,88.1663,0.403623
25-Aug-2026,31-May-2027,92.5747,0.395545
25-Aug-2026,31-May-2027,96.983,0.387991
25-Aug-2026,31-May-2027,101.391,0.380912
25-Aug-2026,31-May-2027,105.8,0.37427
25-Aug-2026,30-Jun-2027,70.5331,0.448885
25-Aug-2026,30-Jun-2027,74.9414,0.438306
25-Aug-2026,30-Jun-2027,79.3497,0.42862
25-Aug-2026,30-Jun-2027,83.758,0.419681
25-Aug-2026,30-Jun-2027,88.1663,0.41138
25-Aug-2026,30-Jun-2027,92.5747,0.403634
25-Aug-2026,30-Jun-2027,96.983,0.396382
25-Aug-2026,30-Jun-2027,101.391,0.389577
25-Aug-2026,30-Jun-2027,105.8,0.383181
26-Aug-2026,28-Aug-2026,70.5164,0.39657
26-Aug-2026,28-Aug-2026,74.9237,0.285519
26-Aug-2026,28-Aug-2026,79.331,0.2662
26-Aug-2026,28-Aug-2026,83.7383,0.255248
26-Aug-2026,28-Aug-2026,88.1456,0.244434
26-Aug-2026,28-Aug-2026,92.5528,0.23388
26-Aug-2026,28-Aug-2026,96.9601,0.22383
26-Aug-2026,04-Sep-2026,70.5164,0.613575
26-Aug-2026,04-Sep-2026,74.9237,0.470858
26-Aug-2026,04-Sep-2026,79.331,0.361454
26-Aug-2026,04-Sep-2026,83.7383,0.318863
26-Aug-2026,04-Sep-2026,88.1456,0.300635
26-Aug-2026,04-Sep-2026,92.5528,0.286831
26-Aug-2026,04-Sep-2026,96.9601,0.274507
26-Aug-2026,04-Sep-2026,101.367,0.263449
26-Aug-2026,04-Sep-2026,105.775,0.253981
26-Aug-2026,11-Sep-2026,70.5164,0.488935
26-Aug-2026,11-Sep-2026,74.9237,0.392623
26-Aug-2026,11-Sep-2026,79.331,0.33772
26-Aug-2026,11-Sep-2026,83.7383,0.312693
26-Aug-2026,11-Sep-2026,88.1456,0.296832
26-Aug-2026,11-Sep-2026,92.5528,0.283653
26-Aug-2026,11-Sep-2026,96.9601,0.271767
26-Aug-2026,11-Sep-2026,101.367,0.261068
26-Aug-2026,11-Sep-2026,105.775,0.251826
26-Aug-2026,18-Sep-2026,70.5164,0.449726
26-Aug-2026,18-Sep-2026,74.9237,0.38282
26-Aug-2026,18-Sep-2026,79.331,0.345476
26-Aug-2026,18-Sep-2026,83.7383,0.323912
26-Aug-2026,18-Sep-2026,88.1456,0.308183
26-Aug-2026,18-Sep-2026,92.5528,0.294778
26-Aug-2026,18-Sep-2026,96.9601,0.282701
26-Aug-2026,18-Sep-2026,101.367,0.271825
26-Aug-2026,18-Sep-2026,105.775,0.262359
26-Aug-2026,25-Sep-2026,70.5164,0.419271
26-Aug-2026,25-Sep-2026,74.9237,0.370295
26-Aug-2026,25-Sep-2026,79.331,0.341481
26-Aug-2026,25-Sep-2026,83.7383,0.322541
26-Aug-2026,25-Sep-2026,88.1456,0.307688
26-Aug-2026,25-Sep-2026,92.5528,0.294735
26-Aug-2026,25-Sep-2026,96.9601,0.282992
26-Aug-2026,25-Sep-2026,101.367,0.272376
26-Aug-2026,25-Sep-2026,105.775,0.263065
26-Aug-2026,31-Aug-2026,70.5164,0.756505
26-Aug-2026,31-Aug-2026,74.9237,0.574037
26-Aug-2026,31-Aug-2026,79.331,0.401164
26-Aug-2026,31-Aug-2026,83.7383,0.313518
26-Aug-2026,31-Aug-2026,88.1456,0.292954
26-Aug-2026,31-Aug-2026,92.5528,0.279469
26-Aug-2026,31-Aug-2026,96.9601,0.267377
26-Aug-2026,31-Aug-2026,101.367,0.256494
26-Aug-2026,31-Aug-2026,105.775,0.247217
26-Aug-2026,30-Sep-2026,70.5164,0.409654
26-Aug-2026,30-Sep-2026,74.9237,0.368473
26-Aug-2026,30-Sep-2026,79.331,0.342856
26-Aug-2026,30-Sep-2026,83.7383,0.324885
26-Aug-2026,30-Sep-2026,88.1456,0.310346
26-Aug-2026,30-Sep-2026,92.5528,0.297549
26-Aug-2026,30-Sep-2026,96.9601,0.285922
26-Aug-2026,30-Sep-2026,101.367,0.275389
26-Aug-2026,30-Sep-2026,105.775,0.266106
26-Aug-2026,30-Oct-2026,70.5164,0.39495
26-Aug-2026,30-Oct-2026,74.9237,0.371458
26-Aug-2026,30-Oct-2026,79.331,0.353348
26-Aug-2026,30-Oct-2026,83.7383,0.338347
26-Aug-2026,30-Oct-2026,88.1456,0.325214
26-Aug-2026,30-Oct-2026,92.5528,0.313328
26-Aug-2026,30-Oct-2026,96.9601,0.302425
26-Aug-2026,30-Oct-2026,101.367,0.292445
26-Aug-2026,30-Oct-2026,105.775,0.283453
26-Aug-2026,30-Nov-2026,70.5164,0.40579
26-Aug-2026,30-Nov-2026,74.9237,0.387005
26-Aug-2026,30-Nov-2026,79.331,0.371271
26-Aug-2026,30-Nov-2026,83.7383,0.357562
26-Aug-2026,30-Nov-2026,88.1456,0.345261
26-Aug-2026,30-Nov-2026,92.5528,0.334022
26-Aug-2026,30-Nov-2026,96.9601,0.323665
26-Aug-2026,30-Nov-2026,101.367,0.314125
26-Aug-2026,30-Nov-2026,105.775,0.305406
26-Aug-2026,31-Dec-2026,70.5164,0.410207
26-Aug-2026,31-Dec-2026,74.9237,0.394092
26-Aug-2026,31-Dec-2026,79.331,0.380091
26-Aug-2026,31-Dec-2026,83.7383,0.367603
26-Aug-2026,31-Dec-2026,88.1456,0.356249
26-Aug-2026,31-Dec-2026,92.5528,0.345802
26-Aug-2026,31-Dec-2026,96.9601,0.33613
26-Aug-2026,31-Dec-2026,101.367,0.327173
26-Aug-2026,31-Dec-2026,105.775,0.318914
26-Aug-2026,29-Jan-2027,70.5164,0.419564
26-Aug-2026,29-Jan-2027,74.9237,0.404903
26-Aug-2026,29-Jan-2027,79.331,0.391924
26-Aug-2026,29-Jan-2027,83.7383,0.380211
26-Aug-2026,29-Jan-2027,88.1456,0.369494
26-Aug-2026,29-Jan-2027,92.5528,0.359596
26-Aug-2026,29-Jan-2027,96.9601,0.350409
26-Aug-2026,29-Jan-2027,101.367,0.341872
26-Aug-2026,29-Jan-2027,105.775,0.333956
26-Aug-2026,26-Feb-2027,70.5164,0.426316
26-Aug-2026,26-Feb-2027,74.9237,0.412769
26-Aug-2026,26-Feb-2027,79.331,0.400637
26-Aug-2026,26-Feb-2027,83.7383,0.389608
26-Aug-2026,26-Feb-2027,88.1456,0.37947
26-Aug-2026,26-Feb-2027,92.5528,0.370079
26-Aug-2026,26-Feb-2027,96.9601,0.361344
26-Aug-2026,26-Feb-2027,101.367,0.353204
26-Aug-2026,26-Feb-2027,105.775,0.345627
26-Aug-2026,31-Mar-2027,70.5164,0.431946
26-Aug-2026,31-Mar-2027,74.9237,0.419481
26-Aug-2026,31-Mar-2027,79.331,0.408214
26-Aug-2026,31-Mar-2027,83.7383,0.397908
26-Aug-2026,31-Mar-2027,88.1456,0.388395
26-Aug-2026,31-Mar-2027,92.5528,0.379559
26-Aug-2026,31-Mar-2027,96.9601,0.371319
26-Aug-2026,31-Mar-2027,101.367,0.363622
26-Aug-2026,31-Mar-2027,105.775,0.35643
26-Aug-2026,30-Apr-2027,70.5164,0.438287
26-Aug-2026,30-Apr-2027,74.9237,0.426582
26-Aug-2026,30-Apr-2027,79.331,0.415942
26-Aug-2026,30-Apr-2027,83.7383,0.40617
26-Aug-2026,30-Apr-2027,88.1456,0.397128
26-Aug-2026,30-Apr-2027,92.5528,0.388713
26-Aug-2026,30-Apr-2027,96.9601,0.380852
26-Aug-2026,30-Apr-2027,101.367,0.373495
26-Aug-2026,30-Apr-2027,105.775,0.366605
26-Aug-2026,31-May-2027,70.5164,0.444328
26-Aug-2026,31-May-2027,74.9237,0.433288
26-Aug-2026,31-May-2027,79.331,0.423209
26-Aug-2026,31-May-2027,83.7383,0.413925
26-Aug-2026,31-May-2027,88.1456,0.405314
26-Aug-2026,31-May-2027,92.5528,0.397287
26-Aug-2026,31-May-2027,96.9601,0.389779
26-Aug-2026,31-May-2027,101.367,0.38274
26-Aug-2026,31-May-2027,105.775,0.376134
26-Aug-2026,30-Jun-2027,70.5164,0.450323
26-Aug-2026,30-Jun-2027,74.9237,0.439829
26-Aug-2026,30-Jun-2027,79.331,0.430217
26-Aug-2026,30-Jun-2027,83.7383,0.421343
26-Aug-2026,30-Jun-2027,88.1456,0.413099
26-Aug-2026,30-Jun-2027,92.5528,0.405404
26-Aug-2026,30-Jun-2027,96.9601,0.398198
26-Aug-2026,30-Jun-2027,101.367,0.391433
26-Aug-2026,30-Jun-2027,105.775,0.385073
27-Aug-2026,28-Aug-2026,70.4276,0.571528
27-Aug-2026,28-Aug-2026,74.8294,0.419118
27-Aug-2026,28-Aug-2026,79.2311,0.272208
27-Aug-2026,28-Aug-2026,83.6328,0.261418
27-Aug-2026,28-Aug-2026,88.0345,0.250901
27-Aug-2026,28-Aug-2026,92.4363,0.240654
27-Aug-2026,28-Aug-2026,96.838,0.240669
27-Aug-2026,28-Aug-2026,101.24,0.349161
27-Aug-2026,28-Aug-2026,105.641,0.453167
27-Aug-2026,04-Sep-2026,70.4276,0.650498
27-Aug-2026,04-Sep-2026,74.8294,0.500064
27-Aug-2026,04-Sep-2026,79.2311,0.390289
27-Aug-2026,04-Sep-2026,83.6328,0.350345
27-Aug-2026,04-Sep-2026,88.0345,0.333479
27-Aug-2026,04-Sep-2026,92.4363,0.320941
27-Aug-2026,04-Sep-2026,96.838,0.30982
27-Aug-2026,04-Sep-2026,101.24,0.299685
27-Aug-2026,04-Sep-2026,105.641,0.290591
27-Aug-2026,11-Sep-2026,70.4276,0.507464
27-Aug-2026,11-Sep-2026,74.8294,0.418488
27-Aug-2026,11-Sep-2026,79.2311,0.373601
27-Aug-2026,11-Sep-2026,83.6328,0.352931
27-Aug-2026,11-Sep-2026,88.0345,0.339493
27-Aug-2026,11-Sep-2026,92.4363,0.328404
27-Aug-2026,11-Sep-2026,96.838,0.318445
27-Aug-2026,11-Sep-2026,101.24,0.30932
27-Aug-2026,11-Sep-2026,105.641,0.301005
27-Aug-2026,18-Sep-2026,70.4276,0.475131
27-Aug-2026,18-Sep-2026,74.8294,0.423441
27-Aug-2026,18-Sep-2026,79.2311,0.396019
27-Aug-2026,18-Sep-2026,83.6328,0.379377
27-Aug-2026,18-Sep-2026,88.0345,0.366935
27-Aug-2026,18-Sep-2026,92.4363,0.356375
27-Aug-2026,18-Sep-2026,96.838,0.346891
27-Aug-2026,18-Sep-2026,101.24,0.338202
27-Aug-2026,18-Sep-2026,105.641,0.330223
27-Aug-2026,25-Sep-2026,70.4276,0.456271
27-Aug-2026,25-Sep-2026,74.8294,0.422356
27-Aug-2026,25-Sep-2026,79.2311,0.402166
27-Aug-2026,25-Sep-2026,83.6328,0.388156
27-Aug-2026,25-Sep-2026,88.0345,0.376957
27-Aug-2026,25-Sep-2026,92.4363,0.367229
27-Aug-2026,25-Sep-2026,96.838,0.358432
27-Aug-2026,25-Sep-2026,101.24,0.350343
27-Aug-2026,25-Sep-2026,105.641,0.342873
27-Aug-2026,31-Aug-2026,70.4276,0.845384
27-Aug-2026,31-Aug-2026,74.8294,0.641365
27-Aug-2026,31-Aug-2026,79.2311,0.446068
27-Aug-2026,31-Aug-2026,83.6328,0.341893
27-Aug-2026,31-Aug-2026,88.0345,0.32023
27-Aug-2026,31-Aug-2026,92.4363,0.307131
27-Aug-2026,31-Aug-2026,96.838,0.295495
27-Aug-2026,31-Aug-2026,101.24,0.28489
27-Aug-2026,31-Aug-2026,105.641,0.275517
27-Aug-2026,30-Sep-2026,70.4276,0.456321
27-Aug-2026,30-Sep-2026,74.8294,0.429178
27-Aug-2026,30-Sep-2026,79.2311,0.411669
27-Aug-2026,30-Sep-2026,83.6328,0.398753
27-Aug-2026,30-Sep-2026,88.0345,0.388134
27-Aug-2026,30-Sep-2026,92.4363,0.378821
27-Aug-2026,30-Sep-2026,96.838,0.370376
27-Aug-2026,30-Sep-2026,101.24,0.3626
27-Aug-2026,30-Sep-2026,105.641,0.355401
27-Aug-2026,30-Oct-2026,70.4276,0.490581
27-Aug-2026,30-Oct-2026,74.8294,0.476781
27-Aug-2026,30-Oct-2026,79.2311,0.465631
27-Aug-2026,30-Oct-2026,83.6328,0.45615
27-Aug-2026,30-Oct-2026,88.0345,0.447791
27-Aug-2026,30-Oct-2026,92.4363,0.440238
27-Aug-2026,30-Oct-2026,96.838,0.433304
27-Aug-2026,30-Oct-2026,101.24,0.426874
27-Aug-2026,30-Oct-2026,105.641,0.420873
27-Aug-2026,30-Nov-2026,70.4276,0.544687
27-Aug-2026,30-Nov-2026,74.8294,0.534339
27-Aug-2026,30-Nov-2026,79.2311,0.525402
27-Aug-2026,30-Nov-2026,83.6328,0.517489
27-Aug-2026,30-Nov-2026,88.0345,0.510349
27-Aug-2026,30-Nov-2026,92.4363,0.503817
27-Aug-2026,30-Nov-2026,96.838,0.497777
27-Aug-2026,30-Nov-2026,101.24,0.492152
27-Aug-2026,30-Nov-2026,105.641,0.486882
27-Aug-2026,31-Dec-2026,70.4276,0.580503
27-Aug-2026,31-Dec-2026,74.8294,0.571997
27-Aug-2026,31-Dec-2026,79.2311,0.564445
27-Aug-2026,31-Dec-2026,83.6328,0.557629
27-Aug-2026,31-Dec-2026,88.0345,0.5514
27-Aug-2026,31-Dec-2026,92.4363,0.545652
27-Aug-2026,31-Dec-2026,96.838,0.540308
27-Aug-2026,31-Dec-2026,101.24,0.535308
27-Aug-2026,31-Dec-2026,105.641,0.530608
27-Aug-2026,29-Jan-2027,70.4276,0.617777
27-Aug-2026,29-Jan-2027,74.8294,0.610299
27-Aug-2026,29-Jan-2027,79.2311,0.603564
27-Aug-2026,29-Jan-2027,83.6328,0.597425
27-Aug-2026,29-Jan-2027,88.0345,0.591775
27-Aug-2026,29-Jan-2027,92.4363,0.586537
27-Aug-2026,29-Jan-2027,96.838,0.581648
27-Aug-2026,29-Jan-2027,101.24,0.577062
27-Aug-2026,29-Jan-2027,105.641,0.572743
27-Aug-2026,26-Feb-2027,70.4276,0.646738
27-Aug-2026,26-Feb-2027,74.8294,0.639997
27-Aug-2026,26-Feb-2027,79.2311,0.633873
27-Aug-2026,26-Feb-2027,83.6328,0.628254
27-Aug-2026,26-Feb-2027,88.0345,0.623059
27-Aug-2026,26-Feb-2027,92.4363,0.618224
27-Aug-2026,26-Feb-2027,96.838,0.613699
27-Aug-2026,26-Feb-2027,101.24,0.609446
27-Aug-2026,26-Feb-2027,105.641,0.605432
27-Aug-2026,31-Mar-2027,70.4276,0.673653
27-Aug-2026,31-Mar-2027,74.8294,0.667585
27-Aug-2026,31-Mar-2027,79.2311,0.662033
27-Aug-2026,31-Mar-2027,83.6328,0.656911
27-Aug-2026,31-Mar-2027,88.0345,0.652156
27-Aug-2026,31-Mar-2027,92.4363,0.647715
27-Aug-2026,31-Mar-2027,96.838,0.643548
27-Aug-2026,31-Mar-2027,101.24,0.639623
27-Aug-2026,31-Mar-2027,105.641,0.635913
27-Aug-2026,30-Apr-2027,70.4276,0.697974
27-Aug-2026,30-Apr-2027,74.8294,0.692371
27-Aug-2026,30-Apr-2027,79.2311,0.68722
27-Aug-2026,30-Apr-2027,83.6328,0.682453
27-Aug-2026,30-Apr-2027,88.0345,0.678014
27-Aug-2026,30-Apr-2027,92.4363,0.67386
27-Aug-2026,30-Apr-2027,96.838,0.669955
27-Aug-2026,30-Apr-2027,101.24,0.666271
27-Aug-2026,30-Apr-2027,105.641,0.662784
27-Aug-2026,31-May-2027,70.4276,0.720367
27-Aug-2026,31-May-2027,74.8294,0.715157
27-Aug-2026,31-May-2027,79.2311,0.710351
27-Aug-2026,31-May-2027,83.6328,0.70589
27-Aug-2026,31-May-2027,88.0345,0.701726
27-Aug-2026,31-May-2027,92.4363,0.697823
27-Aug-2026,31-May-2027,96.838,0.694149
27-Aug-2026,31-May-2027,101.24,0.690678
27-Aug-2026,31-May-2027,105.641,0.687389
27-Aug-2026,30-Jun-2027,70.4276,0.740861
27-Aug-2026,30-Jun-2027,74.8294,0.735966
27-Aug-2026,30-Jun-2027,79.2311,0.731439
27-Aug-2026,30-Jun-2027,83.6328,0.727227
27-Aug-2026,30-Jun-2027,88.0345,0.723291
27-Aug-2026,30-Jun-2027,92.4363,0.719594
27-Aug-2026,30-Jun-2027,96.838,0.71611
27-Aug-2026,30-Jun-2027,101.24,0.712816
27-Aug-2026,30-Jun-2027,105.641,0.709692
