date,hour,symbol,underlying,type,strike,open,high,low,close,volume_contracts,volume_usdt,best_bid_price,best_ask_price,best_bid_qty,best_ask_qty,best_buy_iv,best_sell_iv,mark_price,mark_iv,delta,gamma,vega,theta,openinterest_contracts,openinterest_usdt
2023-10-23,23,BNB-231027-205-C,BNBUSDT,C,231027-205,16.50000000,24.60000000,16.50000000,24.60000000,37.16000000,37.16000000,20.00000000,26.90000000,15.71000000,18.93000000,"",1.39325142,24.40000000,0.89662571,0.90514048,0.00862174,0.03687352,-0.49592451,39.65000000,9052.76730976
2023-10-23,23,BNB-231027-220-P,BNBUSDT,P,231027-220,2.50000000,3.80000000,2.00000000,2.00000000,300.27000000,300.27000000,1.00000000,2.50000000,18.88000000,19.27000000,"",0.67812145,1.70000000,0.56455463,-0.23184126,0.02473682,0.06661289,-0.56409727,303.26000000,69239.40010992
2023-10-23,05,BNB-231027-210-P,BNBUSDT,P,231027-210,1.70000000,1.70000000,1.00000000,1.00000000,0.95000000,0.95000000,0.30000000,0.60000000,17.07000000,50.00000000,"",0.44260323,0.50000000,0.42130162,-0.10498901,0.01839257,0.04266352,-0.22009174,156.91000000,34808.97862326
2023-10-23,07,BNB-231027-180-C,BNBUSDT,C,231027-180,33.40000000,33.40000000,33.40000000,33.40000000,0E-8,0E-8,34.20000000,46.30000000,12.13000000,15.60000000,"",2.52220154,40.00000000,1.20000000,0.94956428,0.00376698,0.02385893,-0.35788286,0.17000000,37.29558397
2023-10-23,10,BNB-231027-195-C,BNBUSDT,C,231027-195,21.40000000,21.40000000,21.40000000,21.40000000,0E-8,0E-8,0E-8,0E-8,0E-8,0E-8,"",-1E-8,26.80000000,1.20000000,0.84593666,0.00874478,0.05367762,-0.83113487,11.23000000,2465.08006274
2023-10-23,09,BNB-231027-220-C,BNBUSDT,C,231027-220,2.00000000,3.50000000,2.00000000,3.50000000,4.93000000,4.93000000,2.20000000,3.40000000,12.06000000,50.00000000,"",0.40908933,3.30000000,0.40454466,0.48041571,0.04334708,0.09054124,-0.46758977,396.66000000,86995.00903557
2023-10-23,08,BNB-231027-230-C,BNBUSDT,C,231027-230,0.70000000,1.20000000,0.50000000,0.80000000,63.41000000,63.41000000,0.80000000,1.20000000,10.35000000,50.30000000,"",0.46561897,0.90000000,0.43309838,0.18623025,0.02692584,0.06160409,-0.33701750,1200.05000000,264874.31376191
2023-10-23,22,BNB-231027-195-P,BNBUSDT,P,231027-195,0.20000000,0.20000000,0.20000000,0.20000000,1017.73000000,1017.73000000,0E-8,1.70000000,0E-8,93.00000000,"",1.44929588,1.20000000,1.32464794,-0.08664315,0.00538673,0.03492124,-0.68530660,1888.33000000,433783.66036692
2023-10-23,23,BNB-231027-220-C,BNBUSDT,C,231027-220,2.70000000,12.00000000,1.80000000,7.70000000,290.21000000,290.21000000,7.70000000,10.00000000,16.56000000,1.00000000,"",0.52630663,9.60000000,0.46315331,0.81124176,0.02671915,0.05902769,-0.41008163,625.61000000,142837.37091198
2023-10-23,00,BNB-231027-205-P,BNBUSDT,P,231027-205,0.80000000,0.90000000,0.80000000,0.80000000,16.08000000,16.08000000,0.40000000,0.60000000,8.67000000,50.00000000,"",0.47846735,0.40000000,0.45368135,-0.09622860,0.01588722,0.04039074,-0.21348903,45.98000000,10040.05034752
2023-10-23,09,BNB-231027-195-C,BNBUSDT,C,231027-195,21.40000000,21.40000000,21.40000000,21.40000000,0E-8,0E-8,20.50000000,27.20000000,22.44000000,17.51000000,"",1.28548622,25.00000000,0.84274311,0.91800865,0.00790891,0.03441374,-0.37023646,11.23000000,2462.95051548
2023-10-23,09,BNB-231027-200-P,BNBUSDT,P,231027-200,0.20000000,0.20000000,0.20000000,0.20000000,10.00000000,10.00000000,0.10000000,0.30000000,17.12000000,50.00000000,"",0.56510746,0.10000000,0.51265478,-0.03869742,0.00720098,0.01906061,-0.12474233,255.24000000,55978.93940967
2023-10-23,21,BNB-231027-210-C,BNBUSDT,C,231027-210,6.40000000,6.40000000,6.40000000,6.40000000,0E-8,0E-8,0.10000000,20.00000000,31.00000000,1.49000000,"",1.38975143,16.50000000,0.89487572,0.78605579,0.01501766,0.06316558,-0.82719735,13.00000000,2914.14779253
2023-10-23,03,BNB-231027-180-C,BNBUSDT,C,231027-180,33.40000000,33.40000000,33.40000000,33.40000000,0E-8,0E-8,35.60000000,48.20000000,10.55000000,7.84000000,"",2.42187500,42.60000000,1.20000000,0.95592159,0.00327286,0.02212630,-0.31861789,0.17000000,37.75541543
2023-10-23,07,BNB-231027-180-P,BNBUSDT,P,231027-180,0.20000000,0.20000000,0.20000000,0.20000000,0E-8,0E-8,0.10000000,0.20000000,0.02000000,50.00000000,"",0.97439945,0.10000000,0.92565894,-0.01813385,0.00209482,0.01023466,-0.11842225,145.04000000,31819.71469732
2023-10-23,03,BNB-231027-230-P,BNBUSDT,P,231027-230,13.90000000,13.90000000,13.90000000,13.90000000,0E-8,0E-8,8.70000000,9.70000000,50.00000000,50.00000000,"",0.49696445,9.30000000,0.44848223,-0.75818989,0.02932330,0.07408986,-0.39873473,1.15000000,255.40428085
2023-10-23,15,BNB-231027-195-C,BNBUSDT,C,231027-195,21.40000000,21.40000000,21.40000000,21.40000000,0E-8,0E-8,20.80000000,27.70000000,15.92000000,13.74000000,"",1.42688751,25.10000000,0.91344376,0.90780856,0.00823466,0.03633223,-0.45255463,11.23000000,2462.75647253
2023-10-23,07,BNB-231027-205-P,BNBUSDT,P,231027-205,0.80000000,0.90000000,0.40000000,0.40000000,29.97000000,29.97000000,0.20000000,0.40000000,15.74000000,36.11000000,"",0.47141492,0.20000000,0.43711662,-0.06522312,0.01265955,0.02920735,-0.15958728,59.87000000,13134.62712995
2023-10-23,00,BNB-231027-210-P,BNBUSDT,P,231027-210,1.70000000,1.70000000,1.70000000,1.70000000,0.85000000,0.85000000,1.00000000,1.10000000,0.10000000,50.00000000,"",0.42494476,1.00000000,0.41714191,-0.18925979,0.02741487,0.06408448,-0.31144371,156.81000000,34240.54578067
2023-10-23,01,BNB-231027-230-C,BNBUSDT,C,231027-230,0.50000000,1.00000000,0.50000000,0.70000000,438.26000000,438.26000000,0.80000000,1.20000000,17.40000000,50.00000000,"",0.50423563,0.90000000,0.47082186,0.17083845,0.02282907,0.05995383,-0.33208818,1246.99000000,272827.29481374
2023-10-23,03,BNB-231027-195-P,BNBUSDT,P,231027-195,0.20000000,0.30000000,0.20000000,0.30000000,693.45000000,693.45000000,0E-8,0.20000000,0E-8,50.00000000,"",0.66908062,0.90000000,0.93454031,-0.08762173,0.00717632,0.03778337,-0.42371982,1498.56000000,332816.20792224
2023-10-23,12,BNB-231027-210-P,BNBUSDT,P,231027-210,1.00000000,1.00000000,1.00000000,1.00000000,0.10000000,0.10000000,0.40000000,0.50000000,21.59000000,0.85000000,"",0.38573563,0.50000000,0.40000000,-0.12459814,0.02290820,0.04603742,-0.24283403,156.91000000,34499.03427516
2023-10-23,17,BNB-231027-205-C,BNBUSDT,C,231027-205,11.50000000,11.90000000,11.50000000,11.90000000,0.24000000,0.24000000,12.90000000,16.50000000,10.22000000,5.00000000,"",0.66980839,15.90000000,0.53490419,0.91992596,0.01272824,0.03250779,-0.24263017,7.49000000,1652.18539695
2023-10-23,05,BNB-231027-215-P,BNBUSDT,P,231027-215,4.40000000,4.40000000,2.90000000,2.90000000,2.47000000,2.47000000,0.80000000,1.30000000,22.43000000,50.00000000,"",0.40974677,1.20000000,0.40487338,-0.22565193,0.03162105,0.07048826,-0.34945397,17.79000000,3946.54088145
2023-10-23,09,BNB-231027-220-P,BNBUSDT,P,231027-220,7.70000000,7.70000000,5.80000000,5.80000000,2.00000000,2.00000000,3.00000000,4.20000000,8.72000000,50.00000000,"",0.42620659,4.00000000,0.41310329,-0.51882923,0.04245289,0.09054950,-0.47752578,3.26000000,714.97940164
2023-10-23,22,BNB-231027-180-C,BNBUSDT,C,231027-180,33.40000000,48.00000000,33.40000000,48.00000000,2.02000000,2.02000000,40.50000000,54.90000000,21.95000000,11.61000000,"",2.69683838,50.20000000,1.20000000,0.98552709,0.00138333,0.00812400,-0.14442619,2.17000000,498.48836962
2023-10-23,00,BNB-231027-190-P,BNBUSDT,P,231027-190,0.10000000,0.20000000,0.10000000,0.20000000,1069.48000000,1069.48000000,0.10000000,0.20000000,32.59000000,50.00000000,"",0.69723845,0.10000000,0.65994829,-0.02403840,0.00361993,0.01338731,-0.10293095,1107.28000000,241782.23029154
2023-10-23,07,BNB-231027-200-P,BNBUSDT,P,231027-200,0.40000000,0.40000000,0.40000000,0.40000000,17.00000000,17.00000000,0.10000000,0.20000000,1.00000000,13.24000000,"",0.51721156,0.10000000,0.48726857,-0.03246462,0.00648832,0.01668697,-0.10163764,245.24000000,53802.17065893
2023-10-23,13,BNB-231027-195-P,BNBUSDT,P,231027-195,0.30000000,0.30000000,0.20000000,0.20000000,1267.73000000,1267.73000000,0E-8,0.20000000,0E-8,50.00000000,"",0.63558519,1.00000000,0.91779259,-0.10050903,0.00865870,0.03904517,-0.47780344,1638.33000000,358388.62575042
2023-10-23,13,BNB-231027-200-P,BNBUSDT,P,231027-200,0.20000000,0.20000000,0.20000000,0.20000000,10.00000000,10.00000000,0.10000000,0.20000000,1.00000000,18.74000000,"",0.51784158,0.10000000,0.48759550,-0.03349909,0.00689637,0.01652154,-0.10741073,255.24000000,55834.36355102
2023-10-23,18,BNB-231027-210-C,BNBUSDT,C,231027-210,6.40000000,6.40000000,6.40000000,6.40000000,0E-8,0E-8,9.40000000,12.80000000,11.85000000,20.08000000,"",0.65046310,12.00000000,0.52523155,0.84781859,0.02057302,0.05128602,-0.38028633,13.00000000,2875.14230718
2023-10-23,01,BNB-231027-200-P,BNBUSDT,P,231027-200,0.30000000,0.40000000,0.30000000,0.40000000,17.03000000,17.03000000,0.10000000,0.30000000,1.00000000,66.00000000,"",0.53238392,0.10000000,0.48269898,-0.03945269,0.00747478,0.02012550,-0.11428860,245.24000000,53655.73563551
2023-10-23,16,BNB-231027-205-C,BNBUSDT,C,231027-205,11.50000000,11.90000000,11.50000000,11.90000000,0.24000000,0.24000000,13.30000000,16.50000000,13.58000000,5.00000000,"",0.59299469,16.10000000,0.49649734,0.93732258,0.01127782,0.02713149,-0.18580237,7.49000000,1654.72971220
2023-10-23,02,BNB-231027-200-C,BNBUSDT,C,231027-200,16.40000000,17.70000000,16.40000000,17.70000000,12.60000000,12.60000000,17.70000000,23.70000000,17.92000000,21.13000000,"",1.19003296,21.30000000,0.79501648,0.87902889,0.01070207,0.04756874,-0.44932077,21.00000000,4621.99455312
2023-10-23,05,BNB-231027-225-P,BNBUSDT,P,231027-225,13.50000000,13.50000000,13.50000000,13.50000000,0E-8,0E-8,4.60000000,5.90000000,50.00000000,50.00000000,"",0.43834448,5.70000000,0.41917224,-0.61652858,0.03881798,0.08958735,-0.45982561,1.31000000,290.61093618
2023-10-23,06,BNB-231027-190-C,BNBUSDT,C,231027-190,23.20000000,23.20000000,23.20000000,23.20000000,0E-8,0E-8,26.60000000,35.40000000,15.50000000,21.78000000,"",1.86438560,31.40000000,1.13219280,0.90254807,0.00656561,0.03989720,-0.55881888,10.02000000,2207.99123674
2023-10-23,11,BNB-231027-210-P,BNBUSDT,P,231027-210,1.00000000,1.00000000,1.00000000,1.00000000,0.10000000,0.10000000,0.40000000,0.50000000,21.59000000,0.85000000,"",0.39049625,0.50000000,0.40000000,-0.11996268,0.02215870,0.04512745,-0.23544684,156.91000000,34546.21575802
2023-10-23,12,BNB-231027-195-C,BNBUSDT,C,231027-195,21.40000000,21.40000000,21.40000000,21.40000000,0E-8,0E-8,21.60000000,28.50000000,13.79000000,19.58000000,"",1.44949913,25.80000000,0.92474957,0.90708344,0.00802181,0.03726978,-0.45448497,11.23000000,2469.08517564
2023-10-23,18,BNB-231027-220-C,BNBUSDT,C,231027-220,2.70000000,3.60000000,1.80000000,1.90000000,261.86000000,261.86000000,3.00000000,4.10000000,50.00000000,51.00000000,"",0.40222526,4.00000000,0.40111263,0.56098114,0.04511854,0.08589572,-0.48640580,649.24000000,143589.03011643
2023-10-23,16,BNB-231027-180-P,BNBUSDT,P,231027-180,0.20000000,0.20000000,0.20000000,0.20000000,0E-8,0E-8,0.10000000,0.20000000,0.02000000,50.00000000,"",1.05084717,0.10000000,0.99864721,-0.01759181,0.00197477,0.00955563,-0.13162310,145.04000000,32042.99031471
2023-10-23,17,BNB-231027-200-C,BNBUSDT,C,231027-200,17.70000000,19.60000000,17.70000000,19.60000000,12.70000000,12.70000000,17.50000000,21.00000000,20.81000000,0.10000000,"",0.68115234,20.60000000,0.54057617,0.96794460,0.00608504,0.01570593,-0.11846827,21.00000000,4632.29550546
2023-10-23,14,BNB-231027-180-C,BNBUSDT,C,231027-180,33.40000000,33.40000000,33.40000000,33.40000000,0E-8,0E-8,33.30000000,40.30000000,13.21000000,0.02000000,"",1.37643814,39.40000000,0.88821907,0.98786609,0.00160588,0.00697229,-0.08349985,0.17000000,37.28232116
2023-10-23,20,BNB-231027-180-P,BNBUSDT,P,231027-180,0.20000000,0.20000000,0.20000000,0.20000000,26.00000000,26.00000000,0.10000000,0.20000000,1.02000000,50.00000000,"",1.09385073,0.10000000,1.03975177,-0.01725676,0.00190229,0.00921974,-0.13859582,171.04000000,37940.39859386
2023-10-23,09,BNB-231027-215-C,BNBUSDT,C,231027-215,2.20000000,7.80000000,2.20000000,4.90000000,234.75000000,234.75000000,5.00000000,6.30000000,50.00000000,50.00000000,"",0.41502357,6.20000000,0.40751178,0.69010680,0.03809387,0.08015220,-0.41697280,89.58000000,19646.58122676
2023-10-23,23,BNB-231027-200-C,BNBUSDT,C,231027-200,19.60000000,21.00000000,19.60000000,21.00000000,0.20000000,0.20000000,24.10000000,32.30000000,17.31000000,22.21000000,"",1.65590286,29.30000000,1.02795143,0.92028374,0.00660417,0.03238167,-0.49930010,21.00000000,4794.65607831
2023-10-23,02,BNB-231027-180-C,BNBUSDT,C,231027-180,33.40000000,33.40000000,33.40000000,33.40000000,0E-8,0E-8,34.50000000,46.70000000,17.29000000,22.18000000,"",2.42605209,40.80000000,1.20000000,0.94835127,0.00372999,0.02502454,-0.35678458,0.17000000,37.41614638
2023-10-23,05,BNB-231027-205-P,BNBUSDT,P,231027-205,0.80000000,0.90000000,0.80000000,0.80000000,16.08000000,16.08000000,0.10000000,0.30000000,1.00000000,50.00000000,"",0.48758745,0.10000000,0.44379373,-0.04402459,0.00894312,0.02185200,-0.11874802,45.98000000,10200.22201961
2023-10-23,12,BNB-231027-220-C,BNBUSDT,C,231027-220,2.00000000,3.60000000,2.00000000,2.40000000,10.44000000,10.44000000,2.30000000,3.60000000,50.00000000,50.00000000,"",0.40711105,3.50000000,0.40355552,0.50458789,0.04410096,0.08941521,-0.47583154,399.66000000,87871.28951889
2023-10-23,07,BNB-231027-195-C,BNBUSDT,C,231027-195,21.40000000,21.40000000,21.40000000,21.40000000,0E-8,0E-8,21.40000000,28.50000000,21.51000000,22.13000000,"",1.46991730,25.50000000,0.93495865,0.89548848,0.00843688,0.04163425,-0.48657739,11.23000000,2463.70239969
2023-10-23,14,BNB-231027-210-C,BNBUSDT,C,231027-210,6.40000000,6.40000000,6.40000000,6.40000000,0E-8,0E-8,8.20000000,11.20000000,8.84000000,13.12000000,"",0.60937881,10.50000000,0.50468941,0.81091998,0.02424722,0.05981754,-0.40704520,13.00000000,2851.00102963
2023-10-23,23,BNB-231027-200-P,BNBUSDT,P,231027-200,0.20000000,0.20000000,0.20000000,0.20000000,78.74000000,78.74000000,0.10000000,0.40000000,15.26000000,11.08000000,"",0.86614788,0.20000000,0.77191770,-0.03250902,0.00431324,0.01588118,-0.18388385,323.98000000,73970.12744052
2023-10-23,02,BNB-231027-215-C,BNBUSDT,C,231027-215,3.40000000,5.70000000,2.20000000,5.60000000,31.93000000,31.93000000,5.70000000,6.80000000,50.00000000,50.00000000,"",0.38800120,6.80000000,0.40000000,0.71855180,0.03568035,0.07979335,-0.37921487,192.44000000,42355.07770488
2023-10-23,05,BNB-231027-180-P,BNBUSDT,P,231027-180,0.20000000,0.20000000,0.20000000,0.20000000,0E-8,0E-8,0.10000000,0.20000000,0.02000000,50.00000000,"",1.00739777,0.10000000,0.95758438,-0.01724218,0.00189916,0.01001289,-0.11740602,145.04000000,32175.73296487
2023-10-23,07,BNB-231027-225-P,BNBUSDT,P,231027-225,13.50000000,13.50000000,13.50000000,13.50000000,0E-8,0E-8,6.40000000,7.60000000,50.00000000,50.00000000,"",0.46014905,7.30000000,0.43007452,-0.70238955,0.03506187,0.07958945,-0.42786619,1.31000000,287.39538233
2023-10-23,12,BNB-231027-190-C,BNBUSDT,C,231027-190,23.20000000,23.20000000,23.20000000,23.20000000,0E-8,0E-8,25.70000000,34.30000000,12.41000000,20.67000000,"",1.77699089,30.90000000,1.08849545,0.91520966,0.00636610,0.03481448,-0.49971803,10.02000000,2203.04839358
2023-10-23,15,BNB-231027-180-C,BNBUSDT,C,231027-180,33.40000000,33.40000000,33.40000000,33.40000000,0E-8,0E-8,33.30000000,40.30000000,13.21000000,0.02000000,"",1.40600204,39.30000000,0.90300102,0.98699523,0.00168730,0.00735945,-0.09062144,0.17000000,37.28126450
2023-10-23,20,BNB-231027-230-C,BNBUSDT,C,231027-230,1.20000000,1.20000000,0.70000000,0.90000000,345.36000000,345.36000000,1.00000000,1.20000000,5.97000000,0.30000000,"",0.46105087,1.00000000,0.44484377,0.20714243,0.02976625,0.06172259,-0.39696603,1374.85000000,304971.68502557
2023-10-23,08,BNB-231027-180-P,BNBUSDT,P,231027-180,0.20000000,0.20000000,0.20000000,0.20000000,0E-8,0E-8,0.10000000,0.20000000,0.02000000,50.00000000,"",1.00245774,0.10000000,0.95261991,-0.01765618,0.00198885,0.01000863,-0.12043438,145.04000000,32013.14150913
2023-10-23,08,BNB-231027-205-C,BNBUSDT,C,231027-205,11.00000000,11.90000000,11.00000000,11.90000000,0.47000000,0.47000000,4.60000000,300.00000000,1.37000000,0.01000000,"",9.99999940,20.20000000,1.20000000,0.74320528,0.01168517,0.07407472,-1.12281348,7.49000000,1653.18829222
2023-10-23,01,BNB-231027-225-P,BNBUSDT,P,231027-225,13.50000000,13.50000000,13.50000000,13.50000000,0E-8,0E-8,7.20000000,8.30000000,50.00000000,50.00000000,"",0.48158646,7.90000000,0.44079323,-0.71120157,0.03281663,0.08068652,-0.41842321,1.31000000,286.61316948
2023-10-23,11,BNB-231027-225-P,BNBUSDT,P,231027-225,13.50000000,13.50000000,13.50000000,13.50000000,0E-8,0E-8,5.80000000,7.00000000,50.00000000,50.00000000,"",0.45627832,6.70000000,0.42813916,-0.68143827,0.03694761,0.08053929,-0.44976420,1.31000000,288.41719867
2023-10-23,23,BNB-231027-210-P,BNBUSDT,P,231027-210,1.00000000,1.00000000,0.50000000,0.50000000,289.31000000,289.31000000,0.10000000,4.50000000,15.79000000,1.00000000,"",1.37305021,1.70000000,0.91658145,-0.15633527,0.01197108,0.05233747,-0.71957083,445.24000000,101655.84153842
2023-10-23,11,BNB-231027-210-C,BNBUSDT,C,231027-210,6.40000000,6.40000000,6.40000000,6.40000000,0E-8,0E-8,9.20000000,12.70000000,15.61000000,19.11000000,"",0.72305202,11.60000000,0.56152601,0.80269898,0.02191555,0.06265544,-0.45890284,13.00000000,2862.15540663
2023-10-23,01,BNB-231027-180-P,BNBUSDT,P,231027-180,0.20000000,0.20000000,0.20000000,0.20000000,0E-8,0E-8,0.10000000,0.20000000,0.02000000,50.00000000,"",0.93478143,0.10000000,0.88788390,-0.01836833,0.00214782,0.01063716,-0.11111216,145.04000000,31733.11000071
2023-10-23,09,BNB-231027-190-P,BNBUSDT,P,231027-190,0.10000000,0.20000000,0.10000000,0.10000000,1069.88000000,1069.88000000,0.10000000,0.20000000,32.19000000,69.33000000,"",0.75016916,0.10000000,0.71034610,-0.02333824,0.00341764,0.01253479,-0.11366821,1107.28000000,242847.35946378
2023-10-23,14,BNB-231027-195-P,BNBUSDT,P,231027-195,0.30000000,0.30000000,0.20000000,0.20000000,1267.73000000,1267.73000000,0E-8,0.20000000,0E-8,50.00000000,"",0.65270305,0.90000000,0.92635152,-0.09566606,0.00829508,0.03756116,-0.46914245,1638.33000000,359298.50129798
2023-10-23,14,BNB-231027-210-P,BNBUSDT,P,231027-210,1.00000000,1.00000000,0.50000000,0.50000000,0.95000000,0.95000000,0.50000000,0.80000000,1.82000000,50.00000000,"",0.43605030,0.70000000,0.41802515,-0.14585947,0.02475939,0.05059236,-0.28515251,156.91000000,34411.58242763
2023-10-23,08,BNB-231027-215-C,BNBUSDT,C,231027-215,2.20000000,7.80000000,2.20000000,7.70000000,84.75000000,84.75000000,6.30000000,7.40000000,50.00000000,50.00000000,"",0.43097019,7.20000000,0.41548510,0.73471484,0.03431816,0.07532396,-0.39531650,239.58000000,52879.95341117
2023-10-23,10,BNB-231027-215-P,BNBUSDT,P,231027-215,2.90000000,2.90000000,2.90000000,2.90000000,2.00000000,2.00000000,0.80000000,1.60000000,50.00000000,0.47000000,"",0.37919581,1.70000000,0.40000000,-0.30028099,0.03844924,0.07867032,-0.40603915,17.79000000,3905.05559360
2023-10-23,11,BNB-231027-220-P,BNBUSDT,P,231027-220,7.70000000,7.70000000,2.50000000,2.50000000,2.01000000,2.01000000,2.50000000,3.60000000,50.00000000,50.00000000,"",0.40997744,3.50000000,0.40498872,-0.48391180,0.04362100,0.08994457,-0.47512732,3.26000000,717.74050966
2023-10-23,12,BNB-231027-180-P,BNBUSDT,P,231027-180,0.20000000,0.20000000,0.20000000,0.20000000,0E-8,0E-8,0.10000000,0.20000000,0.02000000,50.00000000,"",1.00945294,0.10000000,0.95907390,-0.01795532,0.00205490,0.00990152,-0.12522542,145.04000000,31889.23542967
2023-10-23,22,BNB-231027-220-P,BNBUSDT,P,231027-220,2.50000000,3.80000000,2.00000000,2.00000000,300.27000000,300.27000000,1.00000000,2.50000000,18.88000000,19.27000000,"",0.72908878,1.70000000,0.61205178,-0.21501919,0.02158083,0.06464280,-0.58614229,303.26000000,69664.32394914
2023-10-23,17,BNB-231027-205-P,BNBUSDT,P,231027-205,0.80000000,0.80000000,0.40000000,0.40000000,19.84000000,19.84000000,0.30000000,0.40000000,9.68000000,63.33000000,"",0.52441061,0.30000000,0.50730169,-0.06967874,0.01206971,0.02923520,-0.20694448,59.87000000,13206.45390057
2023-10-23,11,BNB-231027-190-P,BNBUSDT,P,231027-190,0.20000000,0.20000000,0.10000000,0.10000000,1069.88000000,1069.88000000,0.10000000,0.20000000,32.19000000,70.61000000,"",0.77433527,0.10000000,0.73346198,-0.02281495,0.00327015,0.01221186,-0.11682919,1107.28000000,243785.18758871
2023-10-23,13,BNB-231027-210-P,BNBUSDT,P,231027-210,1.00000000,1.00000000,0.50000000,0.50000000,0.95000000,0.95000000,0.50000000,0.90000000,1.82000000,50.00000000,"",0.43210566,0.80000000,0.41605283,-0.16309158,0.02671458,0.05460934,-0.30293733,156.91000000,34324.43968340
2023-10-23,19,BNB-231027-210-P,BNBUSDT,P,231027-210,1.00000000,1.00000000,0.50000000,0.60000000,287.49000000,287.49000000,0.50000000,0.60000000,1.82000000,50.00000000,"",0.48567832,0.50000000,0.47333568,-0.10858104,0.01809406,0.04052029,-0.27399477,443.42000000,98480.23257825
2023-10-23,22,BNB-231027-190-C,BNBUSDT,C,231027-190,23.20000000,23.20000000,23.20000000,23.20000000,0E-8,0E-8,31.90000000,42.40000000,22.17000000,20.42000000,"",1.77419662,40.30000000,1.08709831,0.97011111,0.00282059,0.01500628,-0.24167765,10.02000000,2301.77578965
2023-10-23,03,BNB-231027-230-C,BNBUSDT,C,231027-230,1.00000000,1.20000000,0.50000000,1.20000000,436.23000000,436.23000000,1.20000000,1.60000000,9.39000000,50.00000000,"",0.46396673,1.30000000,0.43655336,0.23547791,0.02969026,0.07302171,-0.38253343,1247.46000000,277049.23842534
2023-10-23,08,BNB-231027-220-C,BNBUSDT,C,231027-220,2.00000000,3.50000000,2.00000000,3.50000000,4.93000000,4.93000000,2.80000000,3.80000000,59.83000000,0.92000000,"",0.37522674,4.00000000,0.40000000,0.53898266,0.04318603,0.09125505,-0.46107679,396.66000000,87550.55647415
2023-10-23,12,BNB-231027-190-P,BNBUSDT,P,231027-190,0.20000000,0.20000000,0.10000000,0.10000000,1069.88000000,1069.88000000,0.10000000,0.20000000,32.19000000,70.61000000,"",0.77347934,0.10000000,0.73257804,-0.02297807,0.00331578,0.01220394,-0.11789419,1107.28000000,243452.23804854
2023-10-23,13,BNB-231027-190-C,BNBUSDT,C,231027-190,23.20000000,23.20000000,23.20000000,23.20000000,0E-8,0E-8,24.40000000,32.40000000,20.04000000,21.41000000,"",1.63480759,29.50000000,1.01740379,0.92145887,0.00650104,0.03249721,-0.44083579,10.02000000,2191.89908628
2023-10-23,16,BNB-231027-195-C,BNBUSDT,C,231027-195,21.40000000,21.40000000,21.40000000,21.40000000,0E-8,0E-8,21.50000000,28.60000000,10.22000000,18.84000000,"",1.35960579,26.50000000,0.87980289,0.92856614,0.00704187,0.03001959,-0.36429290,11.23000000,2480.98994232
2023-10-23,21,BNB-231027-190-P,BNBUSDT,P,231027-190,0.20000000,0.20000000,0.10000000,0.10000000,66.47000000,66.47000000,0.10000000,0.20000000,32.19000000,50.00000000,"",0.89904845,0.10000000,0.85274756,-0.02063174,0.00268893,0.01077744,-0.13449376,1107.28000000,248213.65905482
2023-10-23,04,BNB-231027-230-P,BNBUSDT,P,231027-230,13.90000000,13.90000000,13.90000000,13.90000000,0E-8,0E-8,8.80000000,10.00000000,50.00000000,50.00000000,"",0.49791813,9.60000000,0.44895906,-0.77131912,0.02860021,0.07134518,-0.38825424,1.15000000,255.12490769
2023-10-23,07,BNB-231027-220-C,BNBUSDT,C,231027-220,2.00000000,3.50000000,2.00000000,3.50000000,4.93000000,4.93000000,2.30000000,3.50000000,21.11000000,50.00000000,"",0.41021824,3.40000000,0.40510912,0.48531787,0.04283566,0.09159129,-0.46380449,396.66000000,87021.56668395
2023-10-23,08,BNB-231027-195-P,BNBUSDT,P,231027-195,0.20000000,0.30000000,0.20000000,0.20000000,628.18000000,628.18000000,0E-8,0.20000000,0E-8,50.00000000,"",0.65848529,0.90000000,0.92924265,-0.09207334,0.00773289,0.03795984,-0.44556382,1498.56000000,330761.26130665
2023-10-23,18,BNB-231027-215-C,BNBUSDT,C,231027-215,5.70000000,7.80000000,4.90000000,6.70000000,504.68000000,504.68000000,6.60000000,6.70000000,50.00000000,0.15000000,"",0.29104710,7.30000000,0.40000000,0.76951041,0.03488607,0.06623113,-0.37400988,360.38000000,79703.36805089
2023-10-23,20,BNB-231027-190-P,BNBUSDT,P,231027-190,0.20000000,0.20000000,0.10000000,0.10000000,66.47000000,66.47000000,0.10000000,0.20000000,32.19000000,50.00000000,"",0.84820688,0.10000000,0.80390990,-0.02185062,0.00300662,0.01126673,-0.13095043,1107.28000000,245618.82925055
2023-10-23,21,BNB-231027-200-P,BNBUSDT,P,231027-200,0.20000000,0.20000000,0.20000000,0.20000000,78.74000000,78.74000000,0.10000000,0.20000000,1.00000000,50.00000000,"",0.65839827,0.10000000,0.62197804,-0.02747670,0.00469047,0.01371220,-0.12480961,323.98000000,72625.04629414
2023-10-23,14,BNB-231027-220-P,BNBUSDT,P,231027-220,7.70000000,7.70000000,2.40000000,2.40000000,2.02000000,2.02000000,2.70000000,3.80000000,50.00000000,50.00000000,"",0.39201498,3.80000000,0.40000000,-0.52145367,0.04504538,0.08807502,-0.47500984,3.26000000,714.94333512
2023-10-23,16,BNB-231027-190-C,BNBUSDT,C,231027-190,23.20000000,23.20000000,23.20000000,23.20000000,0E-8,0E-8,25.80000000,34.30000000,16.26000000,9.31000000,"",1.67613983,31.50000000,1.03806992,0.93415451,0.00560480,0.02819148,-0.40365015,10.02000000,2213.67045610
2023-10-23,08,BNB-231027-225-P,BNBUSDT,P,231027-225,13.50000000,13.50000000,13.50000000,13.50000000,0E-8,0E-8,5.40000000,6.70000000,50.00000000,50.00000000,"",0.45477152,6.40000000,0.42738576,-0.65930453,0.03733016,0.08428176,-0.45499856,1.31000000,289.14241159
2023-10-23,16,BNB-231027-230-P,BNBUSDT,P,231027-230,13.90000000,13.90000000,13.00000000,13.00000000,0.10000000,0.10000000,8.30000000,11.80000000,21.32000000,7.83000000,"",0.69229603,10.70000000,0.54614801,-0.76303811,0.02567900,0.06795478,-0.51190690,1.24000000,273.94724207
2023-10-23,04,BNB-231027-210-C,BNBUSDT,C,231027-210,6.40000000,6.40000000,6.40000000,6.40000000,0.27000000,0.27000000,10.20000000,14.00000000,16.15000000,22.40000000,"",0.71290970,12.90000000,0.55645485,0.82857138,0.01939610,0.05996986,-0.40449004,13.00000000,2884.02069566
2023-10-23,13,BNB-231027-200-C,BNBUSDT,C,231027-200,17.70000000,17.70000000,17.70000000,17.70000000,12.60000000,12.60000000,15.90000000,21.20000000,8.96000000,18.36000000,"",1.05387688,19.50000000,0.72693844,0.89414418,0.01135132,0.04054283,-0.39296065,21.00000000,4593.80048022
2023-10-23,16,BNB-231027-230-C,BNBUSDT,C,231027-230,0.70000000,1.20000000,0.70000000,0.90000000,348.36000000,348.36000000,0.60000000,1.10000000,15.22000000,50.00000000,"",0.46472967,0.90000000,0.43236483,0.17946776,0.02751945,0.05765296,-0.34382117,1374.85000000,303739.00464822
2023-10-23,23,BNB-231027-190-P,BNBUSDT,P,231027-190,0.10000000,0.10000000,0.10000000,0.10000000,0.40000000,0.40000000,0E-8,1.90000000,0E-8,66.07000000,"",1.63722396,1.10000000,1.41861198,-0.07634768,0.00463128,0.03133811,-0.66684694,1107.28000000,252810.79916148
2023-10-23,10,BNB-231027-180-C,BNBUSDT,C,231027-180,33.40000000,33.40000000,33.40000000,33.40000000,0E-8,0E-8,0E-8,40.30000000,0E-8,0.02000000,"",1.29392624,40.10000000,1.24696312,0.94613831,0.00387970,0.02474658,-0.39816747,0.17000000,37.31643906
2023-10-23,12,BNB-231027-200-P,BNBUSDT,P,231027-200,0.20000000,0.20000000,0.20000000,0.20000000,10.00000000,10.00000000,0.10000000,0.20000000,1.00000000,50.00000000,"",0.54075539,0.10000000,0.50960660,-0.03188479,0.00626489,0.01604014,-0.10779083,255.24000000,56118.37045689
2023-10-23,15,BNB-231027-190-P,BNBUSDT,P,231027-190,0.20000000,0.20000000,0.10000000,0.10000000,1069.88000000,1069.88000000,0.10000000,0.20000000,41.70000000,50.00000000,"",0.77375352,0.10000000,0.73265553,-0.02338931,0.00343221,0.01214613,-0.12134868,1107.28000000,242828.22679481
2023-10-23,15,BNB-231027-220-P,BNBUSDT,P,231027-220,7.70000000,7.70000000,2.40000000,3.70000000,302.02000000,302.02000000,2.70000000,3.80000000,50.00000000,50.00000000,"",0.39014757,3.80000000,0.40000000,-0.52475997,0.04529291,0.08750943,-0.47732267,303.26000000,66505.38983617
2023-10-23,21,BNB-231027-180-C,BNBUSDT,C,231027-180,33.40000000,48.00000000,33.40000000,48.00000000,2.02000000,2.02000000,0E-8,150.00000000,0E-8,2.00000000,"",9.99999940,45.10000000,1.60000000,0.93220282,0.00377650,0.02840043,-0.66498346,2.17000000,486.43851614
2023-10-23,04,BNB-231027-215-P,BNBUSDT,P,231027-215,4.40000000,4.40000000,2.90000000,2.90000000,2.47000000,2.47000000,0.80000000,1.30000000,22.43000000,50.00000000,"",0.40405571,1.20000000,0.40202786,-0.22881616,0.03194950,0.07136887,-0.34778417,17.79000000,3946.67139814
2023-10-23,05,BNB-231027-205-C,BNBUSDT,C,231027-205,11.00000000,11.90000000,11.00000000,11.90000000,0.47000000,0.47000000,14.70000000,19.90000000,21.67000000,20.61000000,"",1.01197243,18.00000000,0.70598621,0.86321122,0.01322526,0.05140694,-0.44439780,7.49000000,1661.58466566
2023-10-23,18,BNB-231027-205-P,BNBUSDT,P,231027-205,0.40000000,0.40000000,0.40000000,0.40000000,13.89000000,13.89000000,0.10000000,0.40000000,9.23000000,65.09000000,"",0.54288805,0.20000000,0.47634721,-0.05039591,0.01000093,0.02261072,-0.15205436,59.87000000,13241.13614853
2023-10-23,04,BNB-231027-205-P,BNBUSDT,P,231027-205,0.80000000,0.90000000,0.80000000,0.80000000,16.08000000,16.08000000,0.10000000,0.30000000,1.00000000,50.00000000,"",0.48271000,0.10000000,0.44135500,-0.04497495,0.00910691,0.02233303,-0.11947598,45.98000000,10200.55935280
2023-10-23,04,BNB-231027-230-C,BNBUSDT,C,231027-230,1.00000000,1.20000000,0.50000000,1.20000000,436.23000000,436.23000000,1.00000000,1.20000000,22.72000000,4.07000000,"",0.42439222,1.10000000,0.41219611,0.20794713,0.02949068,0.06754254,-0.33746294,1247.46000000,276746.18900062
2023-10-23,20,BNB-231027-210-C,BNBUSDT,C,231027-210,6.40000000,6.40000000,6.40000000,6.40000000,0E-8,0E-8,10.50000000,14.30000000,10.02000000,14.90000000,"",0.81601143,13.00000000,0.60800571,0.82985356,0.01928804,0.05466487,-0.48052690,13.00000000,2883.68324205
2023-10-23,11,BNB-231027-200-P,BNBUSDT,P,231027-200,0.20000000,0.20000000,0.20000000,0.20000000,10.00000000,10.00000000,0.10000000,0.20000000,18.64000000,50.00000000,"",0.54317594,0.10000000,0.51197559,-0.03156473,0.00614314,0.01601313,-0.10693444,255.24000000,56195.11892217
2023-10-23,15,BNB-231027-200-C,BNBUSDT,C,231027-200,17.70000000,19.60000000,17.70000000,19.60000000,12.70000000,12.70000000,16.70000000,22.10000000,11.81000000,8.01000000,"",1.13614082,20.10000000,0.76807041,0.89135892,0.01104023,0.04095848,-0.42898500,21.00000000,4605.33267348
2023-10-23,16,BNB-231027-215-C,BNBUSDT,C,231027-215,3.50000000,7.80000000,3.50000000,6.00000000,505.18000000,505.18000000,6.20000000,7.30000000,50.00000000,50.00000000,"",0.41856170,7.20000000,0.40928085,0.75236994,0.03509397,0.06959618,-0.39288679,360.38000000,79617.02185338
2023-10-23,18,BNB-231027-195-C,BNBUSDT,C,231027-195,21.40000000,21.40000000,21.40000000,21.40000000,0E-8,0E-8,21.80000000,28.90000000,14.73000000,9.76000000,"",1.38700485,26.70000000,0.89350243,0.92983676,0.00691002,0.02930389,-0.36964257,11.23000000,2483.68062382
2023-10-23,10,BNB-231027-195-P,BNBUSDT,P,231027-195,0.30000000,0.30000000,0.20000000,0.20000000,578.18000000,578.18000000,0E-8,0.20000000,0E-8,50.00000000,"",0.64167678,0.90000000,0.92083839,-0.09765914,0.00828191,0.03901008,-0.46350807,1498.56000000,328946.60541530
2023-10-23,12,BNB-231027-180-C,BNBUSDT,C,231027-180,33.40000000,33.40000000,33.40000000,33.40000000,0E-8,0E-8,34.20000000,40.30000000,13.60000000,0.02000000,"",1.13098145,39.90000000,0.76549072,0.99542303,0.00077885,0.00299540,-0.03023664,0.17000000,37.37706855
2023-10-23,21,BNB-231027-225-C,BNBUSDT,C,231027-225,1.80000000,2.80000000,1.10000000,2.30000000,297.61000000,297.61000000,2.30000000,3.40000000,19.20000000,50.00000000,"",0.44341683,3.20000000,0.42170842,0.46809012,0.04349584,0.08621357,-0.53205171,422.29000000,94662.72856211
2023-10-23,04,BNB-231027-195-C,BNBUSDT,C,231027-195,21.40000000,21.40000000,21.40000000,21.40000000,0E-8,0E-8,22.60000000,30.00000000,10.36000000,13.40000000,"",1.39177322,27.50000000,0.89588661,0.91872139,0.00712468,0.03546560,-0.38512812,11.23000000,2491.35018556
2023-10-23,13,BNB-231027-190-P,BNBUSDT,P,231027-190,0.20000000,0.20000000,0.10000000,0.10000000,1069.88000000,1069.88000000,0.10000000,0.20000000,32.19000000,70.61000000,"",0.75332761,0.10000000,0.71314603,-0.02378364,0.00354568,0.01242361,-0.11813095,1107.28000000,242220.16170181
2023-10-23,21,BNB-231027-190-C,BNBUSDT,C,231027-190,23.20000000,23.20000000,23.20000000,23.20000000,0E-8,0E-8,0E-8,0E-8,0E-8,0E-8,"",-1E-8,34.90000000,1.20000000,0.93043328,0.00513638,0.02897039,-0.50874665,10.02000000,2246.13545240
2023-10-23,20,BNB-231027-200-C,BNBUSDT,C,231027-200,17.70000000,21.00000000,17.70000000,21.00000000,12.80000000,12.80000000,18.80000000,25.10000000,13.38000000,20.26000000,"",1.33313179,22.70000000,0.86656590,0.89776061,0.00953290,0.03850693,-0.48243877,21.00000000,4658.25754485
2023-10-23,12,BNB-231027-200-C,BNBUSDT,C,231027-200,16.40000000,17.70000000,16.40000000,17.70000000,12.60000000,12.60000000,17.10000000,23.00000000,17.93000000,15.97000000,"",1.17938042,20.90000000,0.78969021,0.88872553,0.01071121,0.04249672,-0.44253816,21.00000000,4617.16729194
2023-10-23,12,BNB-231027-215-P,BNBUSDT,P,231027-215,2.90000000,2.90000000,2.90000000,2.90000000,2.00000000,2.00000000,1.50000000,1.60000000,2.00000000,0.47000000,"",0.39892137,1.60000000,0.40000000,-0.28259942,0.03771305,0.07578996,-0.39977001,17.79000000,3911.40029160
2023-10-23,16,BNB-231027-195-P,BNBUSDT,P,231027-195,0.30000000,0.30000000,0.20000000,0.20000000,1267.73000000,1267.73000000,0.10000000,0.20000000,9.87000000,50.00000000,"",0.69162309,0.10000000,0.65393865,-0.02589562,0.00418166,0.01325005,-0.11951298,1638.33000000,361948.37508478
2023-10-23,08,BNB-231027-190-C,BNBUSDT,C,231027-190,23.20000000,23.20000000,23.20000000,23.20000000,0E-8,0E-8,0E-8,0E-8,0E-8,0E-8,"",-1E-8,32.10000000,1.20000000,0.89640163,0.00652891,0.04138813,-0.62735514,10.02000000,2211.60836956
2023-10-23,10,BNB-231027-205-P,BNBUSDT,P,231027-205,0.80000000,0.80000000,0.40000000,0.40000000,19.84000000,19.84000000,0.10000000,0.40000000,1.00000000,50.00000000,"",0.48000813,0.20000000,0.44000406,-0.06295004,0.01242763,0.02797102,-0.15880418,59.87000000,13141.97180374
2023-10-23,13,BNB-231027-220-P,BNBUSDT,P,231027-220,7.70000000,7.70000000,2.40000000,2.40000000,2.02000000,2.02000000,3.10000000,4.30000000,50.00000000,0.26000000,"",0.40628672,4.20000000,0.40314336,-0.55033163,0.04428847,0.08772438,-0.47153856,3.26000000,713.13283645
2023-10-23,15,BNB-231027-195-P,BNBUSDT,P,231027-195,0.30000000,0.30000000,0.20000000,0.20000000,1267.73000000,1267.73000000,0.10000000,0.20000000,9.87000000,50.00000000,"",0.65499842,0.10000000,0.61882734,-0.02725420,0.00461905,0.01380660,-0.11650738,1638.33000000,359288.31804488
2023-10-23,15,BNB-231027-215-P,BNBUSDT,P,231027-215,2.90000000,2.90000000,1.60000000,1.70000000,2.50000000,2.50000000,1.60000000,1.70000000,9.60000000,0.97000000,"",0.39411843,1.70000000,0.40000000,-0.30456155,0.03981932,0.07693402,-0.41963876,17.79000000,3901.37467911
2023-10-23,21,BNB-231027-205-C,BNBUSDT,C,231027-205,11.50000000,16.50000000,11.50000000,16.50000000,5.24000000,5.24000000,4.60000000,300.00000000,1.37000000,0.01000000,"",9.99999940,22.20000000,1.20000000,0.79518544,0.01091535,0.06156510,-1.08113947,7.49000000,1678.99745893
2023-10-23,22,BNB-231027-225-P,BNBUSDT,P,231027-225,13.50000000,13.50000000,6.40000000,6.40000000,250.02000000,250.02000000,1.80000000,4.80000000,19.52000000,8.76000000,"",0.80708385,3.20000000,0.62164128,-0.34387146,0.02675842,0.08140743,-0.74971920,251.33000000,57735.06079976
2023-10-23,06,BNB-231027-230-C,BNBUSDT,C,231027-230,0.70000000,1.20000000,0.50000000,1.10000000,53.89000000,53.89000000,0.80000000,1.20000000,11.03000000,50.30000000,"",0.47769129,0.90000000,0.44488013,0.18126284,0.02557121,0.06105785,-0.33604140,1211.05000000,266865.04862780
2023-10-23,16,BNB-231027-215-P,BNBUSDT,P,231027-215,2.90000000,2.90000000,1.60000000,1.70000000,253.47000000,253.47000000,0.80000000,1.40000000,18.09000000,50.00000000,"",0.41579068,1.30000000,0.40789534,-0.24694191,0.03516082,0.06949271,-0.39097466,267.79000000,59161.55802796
2023-10-23,23,BNB-231027-205-P,BNBUSDT,P,231027-205,0.40000000,0.40000000,0.10000000,0.10000000,23.12000000,23.12000000,0E-8,1.50000000,0E-8,0.01000000,"",1.04143977,1.80000000,1.12071989,-0.14265625,0.00921004,0.04923420,-0.82766326,53.91000000,12308.56710389
2023-10-23,02,BNB-231027-195-P,BNBUSDT,P,231027-195,0.20000000,0.30000000,0.20000000,0.30000000,693.45000000,693.45000000,0E-8,0.20000000,0E-8,50.00000000,"",0.62913477,1.00000000,0.91456739,-0.09904804,0.00805902,0.04120743,-0.44776481,1498.56000000,329825.53131064
2023-10-23,01,BNB-231027-215-P,BNBUSDT,P,231027-215,4.40000000,4.40000000,2.90000000,2.90000000,2.47000000,2.47000000,1.20000000,2.10000000,9.16000000,50.00000000,"",0.39830327,2.10000000,0.40000000,-0.33179564,0.03841775,0.08571639,-0.40337015,17.79000000,3892.25059923
2023-10-23,03,BNB-231027-215-P,BNBUSDT,P,231027-215,4.40000000,4.40000000,2.90000000,2.90000000,2.47000000,2.47000000,0.90000000,1.30000000,17.01000000,50.00000000,"",0.41539252,1.20000000,0.40769626,-0.21973050,0.03057641,0.07023020,-0.34359013,17.79000000,3950.99317941
2023-10-23,08,BNB-231027-195-C,BNBUSDT,C,231027-195,21.40000000,21.40000000,21.40000000,21.40000000,0E-8,0E-8,0E-8,0E-8,0E-8,0E-8,"",-1E-8,27.90000000,1.20000000,0.85393281,0.00830464,0.05264483,-0.79798253,11.23000000,2478.67884134
2023-10-23,12,BNB-231027-205-C,BNBUSDT,C,231027-205,11.00000000,11.90000000,11.00000000,11.90000000,0.47000000,0.47000000,13.00000000,16.50000000,22.17000000,5.00000000,"",0.75149059,15.60000000,0.57574530,0.88997489,0.01457305,0.04215421,-0.32004417,7.49000000,1646.78966746
2023-10-23,14,BNB-231027-225-P,BNBUSDT,P,231027-225,13.50000000,13.50000000,13.50000000,13.50000000,0E-8,0E-8,6.30000000,7.40000000,50.00000000,50.00000000,"",0.44155359,7.20000000,0.42077680,-0.71869370,0.03626596,0.07459220,-0.42318969,1.31000000,287.29318068
2023-10-23,04,BNB-231027-195-P,BNBUSDT,P,231027-195,0.20000000,0.30000000,0.20000000,0.30000000,693.45000000,693.45000000,0E-8,0.20000000,0E-8,50.00000000,"",0.66451132,0.90000000,0.93225566,-0.08917829,0.00733955,0.03801833,-0.42960854,1498.56000000,332452.15797602
2023-10-23,05,BNB-231027-230-P,BNBUSDT,P,231027-230,13.90000000,13.90000000,13.90000000,13.90000000,0E-8,0E-8,8.80000000,9.90000000,50.00000000,50.00000000,"",0.49834013,9.50000000,0.44917006,-0.76917908,0.02886784,0.07139146,-0.39265491,1.15000000,255.11647070
2023-10-23,06,BNB-231027-210-P,BNBUSDT,P,231027-210,1.70000000,1.70000000,1.00000000,1.00000000,0.95000000,0.95000000,0.40000000,0.80000000,9.65000000,50.00000000,"",0.44047177,0.60000000,0.42023588,-0.13772864,0.02260869,0.05099362,-0.26510457,156.91000000,34576.43762040
2023-10-23,07,BNB-231027-195-P,BNBUSDT,P,231027-195,0.20000000,0.30000000,0.20000000,0.20000000,628.18000000,628.18000000,0E-8,0.20000000,0E-8,22.27000000,"",0.63070476,1.00000000,0.91535238,-0.10008101,0.00835032,0.04034297,-0.46159913,1498.56000000,328762.76652522
2023-10-23,01,BNB-231027-190-P,BNBUSDT,P,231027-190,0.10000000,0.20000000,0.10000000,0.20000000,1069.48000000,1069.48000000,0.10000000,0.20000000,32.59000000,50.00000000,"",0.71113050,0.10000000,0.67325056,-0.02365763,0.00350922,0.01317829,-0.10437959,1107.28000000,242260.32847205
2023-10-23,09,BNB-231027-230-P,BNBUSDT,P,231027-230,13.90000000,13.90000000,13.90000000,13.90000000,0E-8,0E-8,9.80000000,14.00000000,15.26000000,14.32000000,"",0.80893755,12.40000000,0.60446877,-0.76592466,0.02232459,0.06967507,-0.53765467,1.15000000,252.21666009
2023-10-23,13,BNB-231027-230-C,BNBUSDT,C,231027-230,0.70000000,1.20000000,0.70000000,0.70000000,95.96000000,95.96000000,0.50000000,0.80000000,37.03000000,50.00000000,"",0.47111452,0.60000000,0.43964863,0.13351031,0.02211038,0.04776085,-0.27997236,1160.20000000,253796.53891196
2023-10-23,18,BNB-231027-225-P,BNBUSDT,P,231027-225,13.50000000,13.50000000,6.40000000,6.40000000,250.02000000,250.02000000,5.00000000,6.20000000,50.00000000,50.00000000,"",0.45553923,5.90000000,0.42776961,-0.65057908,0.03972122,0.08064596,-0.48702747,251.33000000,55585.34738950
2023-10-23,20,BNB-231027-215-C,BNBUSDT,C,231027-215,5.70000000,7.80000000,4.90000000,6.70000000,504.83000000,504.83000000,7.10000000,8.20000000,50.00000000,50.00000000,"",0.45842648,8.00000000,0.42921324,0.77833241,0.03209058,0.06420415,-0.39841704,360.23000000,79906.86263721
2023-10-23,23,BNB-231027-195-C,BNBUSDT,C,231027-195,21.40000000,21.40000000,21.40000000,21.40000000,0E-8,0E-8,28.40000000,37.90000000,9.84000000,18.57000000,"",1.96054459,34.30000000,1.18027229,0.92833284,0.00530382,0.02985931,-0.52862985,11.23000000,2563.99941712
2023-10-23,00,BNB-231027-220-C,BNBUSDT,C,231027-220,1.70000000,2.70000000,1.70000000,2.70000000,2.13000000,2.13000000,2.20000000,2.70000000,8.28000000,1.82000000,"",0.36707163,3.00000000,0.40000000,0.43798876,0.04162166,0.09329583,-0.43477549,400.48000000,87447.57205689
2023-10-23,18,BNB-231027-200-P,BNBUSDT,P,231027-200,0.20000000,0.20000000,0.20000000,0.20000000,78.74000000,78.74000000,0.10000000,0.30000000,1.00000000,50.00000000,"",0.63508689,0.10000000,0.57725251,-0.03612848,0.00630622,0.01727766,-0.14080291,323.98000000,71652.96959078
2023-10-23,08,BNB-231027-215-P,BNBUSDT,P,231027-215,2.90000000,2.90000000,2.90000000,2.90000000,2.00000000,2.00000000,1.00000000,1.60000000,19.27000000,0.47000000,"",0.41874468,1.50000000,0.40937234,-0.26243425,0.03463926,0.07491017,-0.38736077,17.79000000,3926.59809327
2023-10-23,17,BNB-231027-220-P,BNBUSDT,P,231027-220,7.70000000,7.70000000,2.40000000,3.70000000,302.02000000,302.02000000,2.10000000,3.30000000,50.00000000,50.00000000,"",0.40892601,3.20000000,0.40446301,-0.46794969,0.04499406,0.08689146,-0.49038512,303.26000000,66894.75880885
2023-10-23,14,BNB-231027-180-P,BNBUSDT,P,231027-180,0.20000000,0.20000000,0.20000000,0.20000000,0E-8,0E-8,0.10000000,0.20000000,0.02000000,50.00000000,"",1.00980699,0.10000000,0.95926642,-0.01817894,0.00210496,0.00987019,-0.12765996,145.04000000,31808.39917981
2023-10-23,10,BNB-231027-210-P,BNBUSDT,P,231027-210,1.00000000,1.00000000,1.00000000,1.00000000,0.10000000,0.10000000,0.20000000,0.50000000,50.00000000,0.85000000,"",0.37064135,0.60000000,0.40000000,-0.13686351,0.02422600,0.04956839,-0.25583610,156.91000000,34443.07325413
2023-10-23,20,BNB-231027-205-C,BNBUSDT,C,231027-205,11.50000000,16.50000000,11.50000000,16.50000000,5.24000000,5.24000000,14.50000000,19.80000000,22.34000000,18.73000000,"",1.08885765,17.80000000,0.74442883,0.86937673,0.01320567,0.04582433,-0.49319766,7.49000000,1661.44519100
2023-10-23,01,BNB-231027-195-P,BNBUSDT,P,231027-195,0.20000000,0.30000000,0.20000000,0.30000000,693.45000000,693.45000000,0E-8,0.20000000,0E-8,50.00000000,"",0.60062468,1.10000000,0.90031234,-0.10799435,0.00872703,0.04382597,-0.46419942,1498.56000000,327867.96278725
2023-10-23,07,BNB-231027-230-C,BNBUSDT,C,231027-230,0.70000000,1.20000000,0.50000000,0.80000000,63.41000000,63.41000000,0.70000000,1.00000000,21.61000000,50.00000000,"",0.46910167,0.80000000,0.44235557,0.16111334,0.02405030,0.05615244,-0.31049090,1200.05000000,263273.91493740
2023-10-23,08,BNB-231027-210-P,BNBUSDT,P,231027-210,1.00000000,1.00000000,1.00000000,1.00000000,0.10000000,0.10000000,0.40000000,0.80000000,10.88000000,50.00000000,"",0.46028435,0.60000000,0.43014218,-0.12869795,0.02124880,0.04828364,-0.26234235,156.91000000,34633.08076529
2023-10-23,19,BNB-231027-225-C,BNBUSDT,C,231027-225,1.80000000,2.80000000,1.10000000,2.30000000,297.61000000,297.61000000,2.00000000,2.70000000,2.20000000,50.00000000,"",0.45501113,2.40000000,0.42750556,0.38729293,0.04117897,0.08328839,-0.50865901,422.29000000,93787.41918603
2023-10-23,07,BNB-231027-210-P,BNBUSDT,P,231027-210,1.00000000,1.00000000,1.00000000,1.00000000,0.10000000,0.10000000,0.20000000,0.90000000,50.00000000,50.00000000,"",0.44102669,0.70000000,0.42051334,-0.15318244,0.02447342,0.05431891,-0.28552202,156.91000000,34423.82400136
2023-10-23,07,BNB-231027-215-P,BNBUSDT,P,231027-215,4.40000000,4.40000000,2.90000000,2.90000000,2.47000000,2.47000000,1.10000000,1.60000000,18.99000000,0.47000000,"",0.37159085,1.80000000,0.40000000,-0.30460635,0.03809484,0.08042718,-0.40213475,17.79000000,3902.87316923
2023-10-23,20,BNB-231027-180-C,BNBUSDT,C,231027-180,33.40000000,48.00000000,33.40000000,48.00000000,2.02000000,2.02000000,35.50000000,48.10000000,16.14000000,9.28000000,"",2.69214630,42.10000000,1.20000000,0.96757351,0.00280079,0.01566658,-0.27180483,2.17000000,481.35327963
2023-10-23,22,BNB-231027-205-P,BNBUSDT,P,231027-205,0.40000000,0.40000000,0.10000000,0.10000000,23.12000000,23.12000000,0E-8,1.50000000,0E-8,0.01000000,"",1.07679784,1.70000000,1.13839892,-0.13387046,0.00857166,0.04775549,-0.80540161,53.91000000,12384.10507188
2023-10-23,00,BNB-231027-230-C,BNBUSDT,C,231027-230,0.90000000,1.00000000,0.50000000,0.70000000,439.26000000,439.26000000,0.80000000,1.10000000,17.40000000,50.00000000,"",0.50210178,0.90000000,0.47629803,0.16252297,0.02180094,0.05818846,-0.32289292,1246.99000000,272288.87305040
2023-10-23,01,BNB-231027-230-P,BNBUSDT,P,231027-230,13.90000000,13.90000000,13.90000000,13.90000000,0.01000000,0.01000000,10.20000000,14.60000000,14.14000000,16.05000000,"",0.80830574,13.00000000,0.60415287,-0.76675812,0.02144745,0.07227607,-0.51371381,1.15000000,251.60698084
2023-10-23,03,BNB-231027-195-C,BNBUSDT,C,231027-195,21.40000000,21.40000000,21.40000000,21.40000000,0E-8,0E-8,22.90000000,30.50000000,12.60000000,9.00000000,"",1.40982628,27.90000000,0.90491314,0.91874967,0.00700312,0.03570256,-0.38769151,11.23000000,2494.07832517
2023-10-23,06,BNB-231027-205-P,BNBUSDT,P,231027-205,0.80000000,0.90000000,0.80000000,0.80000000,16.08000000,16.08000000,0.10000000,0.40000000,1.00000000,50.00000000,"",0.48521876,0.20000000,0.44260938,-0.05995662,0.01161061,0.02758183,-0.15102607,45.98000000,10132.07954742
2023-10-23,10,BNB-231027-200-P,BNBUSDT,P,231027-200,0.20000000,0.20000000,0.20000000,0.20000000,10.00000000,10.00000000,0.10000000,0.30000000,1.00000000,50.00000000,"",0.57137191,0.10000000,0.51842451,-0.03847223,0.00712023,0.01888177,-0.12630637,255.24000000,56027.34062447
2023-10-23,20,BNB-231027-220-P,BNBUSDT,P,231027-220,5.80000000,5.80000000,2.00000000,2.00000000,302.27000000,302.27000000,1.70000000,2.80000000,14.72000000,50.00000000,"",0.42328179,2.70000000,0.41164089,-0.41145695,0.04377834,0.08400213,-0.49993149,303.26000000,67269.67538339
2023-10-23,21,BNB-231027-195-P,BNBUSDT,P,231027-195,0.20000000,0.20000000,0.20000000,0.20000000,1017.73000000,1017.73000000,0E-8,0.20000000,0E-8,50.00000000,"",0.77837050,0.60000000,0.98918525,-0.06677453,0.00603711,0.02806868,-0.40631758,1888.33000000,423297.90008217
2023-10-23,22,BNB-231027-210-C,BNBUSDT,C,231027-210,6.40000000,16.60000000,6.40000000,16.60000000,13.35000000,13.35000000,15.00000000,20.00000000,17.34000000,1.49000000,"",6.0E-7,20.00000000,0.40000000,0.99160150,0.00258516,0.00506071,-0.02998928,26.35000000,6053.07305962
2023-10-23,22,BNB-231027-215-C,BNBUSDT,C,231027-215,5.70000000,10.00000000,4.90000000,10.00000000,505.33000000,505.33000000,12.10000000,16.00000000,9.68000000,50.00000000,"",0.64031601,15.50000000,0.52015800,0.91598232,0.01340539,0.03412547,-0.26297147,360.23000000,82751.36653762
2023-10-23,02,BNB-231027-210-P,BNBUSDT,P,231027-210,1.70000000,1.70000000,1.00000000,1.00000000,0.95000000,0.95000000,0.50000000,0.80000000,17.60000000,50.00000000,"",0.43290436,0.70000000,0.41645218,-0.13926498,0.02252274,0.05244015,-0.25947036,156.91000000,34535.10311096
2023-10-23,06,BNB-231027-195-C,BNBUSDT,C,231027-195,21.40000000,21.40000000,21.40000000,21.40000000,0E-8,0E-8,22.50000000,29.90000000,16.18000000,13.26000000,"",1.59072876,26.40000000,0.99536438,0.88705360,0.00830997,0.04439447,-0.54666250,11.23000000,2474.62490904
2023-10-23,17,BNB-231027-195-P,BNBUSDT,P,231027-195,0.30000000,0.30000000,0.20000000,0.20000000,1267.73000000,1267.73000000,0.10000000,0.20000000,9.87000000,50.00000000,"",0.68851411,0.10000000,0.65089285,-0.02617779,0.00427078,0.01327273,-0.12054550,1638.33000000,361391.84264097
2023-10-23,10,BNB-231027-225-P,BNBUSDT,P,231027-225,13.50000000,13.50000000,13.50000000,13.50000000,0E-8,0E-8,6.30000000,7.40000000,50.00000000,50.00000000,"",0.44618964,7.20000000,0.42309482,-0.70730527,0.03592670,0.07775318,-0.42447571,1.31000000,287.55608924
2023-10-23,23,BNB-231027-225-C,BNBUSDT,C,231027-225,1.90000000,4.10000000,1.10000000,4.10000000,299.48000000,299.48000000,4.20000000,7.90000000,7.99000000,16.26000000,"",0.68999290,6.60000000,0.54499645,0.62767475,0.03178534,0.08262833,-0.67547989,415.42000000,94847.42990722
2023-10-23,16,BNB-231027-220-P,BNBUSDT,P,231027-220,7.70000000,7.70000000,2.40000000,3.70000000,302.02000000,302.02000000,1.90000000,3.10000000,16.60000000,50.00000000,"",0.40198147,3.00000000,0.40099074,-0.45226529,0.04487311,0.08718706,-0.48222194,303.26000000,66997.77470242
2023-10-23,10,BNB-231027-220-P,BNBUSDT,P,231027-220,7.70000000,7.70000000,2.50000000,2.50000000,2.01000000,2.01000000,2.70000000,4.00000000,50.00000000,50.00000000,"",0.41479111,3.90000000,0.40739555,-0.51309619,0.04327411,0.09017944,-0.47404639,3.26000000,715.59759613
2023-10-23,23,BNB-231027-215-C,BNBUSDT,C,231027-215,5.70000000,13.60000000,4.90000000,13.60000000,505.83000000,505.83000000,11.90000000,16.70000000,8.20000000,14.94000000,"",0.97244263,14.90000000,0.68622131,0.83248604,0.01672563,0.05474635,-0.56351973,360.23000000,82246.61709951
2023-10-23,09,BNB-231027-210-P,BNBUSDT,P,231027-210,1.00000000,1.00000000,1.00000000,1.00000000,0.10000000,0.10000000,0.20000000,0.50000000,50.00000000,0.85000000,"",0.36474526,0.60000000,0.40000000,-0.14173257,0.02469355,0.05099923,-0.26042080,156.91000000,34413.31837788
2023-10-23,14,BNB-231027-205-P,BNBUSDT,P,231027-205,0.80000000,0.80000000,0.40000000,0.40000000,19.84000000,19.84000000,0.20000000,0.40000000,5.68000000,50.00000000,"",0.48681736,0.20000000,0.45132905,-0.06558595,0.01279552,0.02822889,-0.17178172,59.87000000,13129.95628030
2023-10-23,20,BNB-231027-195-P,BNBUSDT,P,231027-195,0.20000000,0.20000000,0.20000000,0.20000000,1017.73000000,1017.73000000,0E-8,0.20000000,0E-8,50.00000000,"",0.72721839,0.70000000,0.96360919,-0.07780410,0.00699678,0.03142762,-0.43783868,1888.33000000,418872.73665079
2023-10-23,21,BNB-231027-200-C,BNBUSDT,C,231027-200,17.70000000,21.00000000,17.70000000,21.00000000,12.80000000,12.80000000,0.10000000,0E-8,1.00000000,0E-8,"",-1E-8,24.50000000,0.80000000,0.93415441,0.00738422,0.02776582,-0.32506215,21.00000000,4707.46951101
2023-10-23,03,BNB-231027-205-P,BNBUSDT,P,231027-205,0.80000000,0.90000000,0.80000000,0.80000000,16.08000000,16.08000000,0.10000000,0.30000000,1.00000000,50.00000000,"",0.48921466,0.10000000,0.44460733,-0.04314291,0.00868186,0.02174655,-0.11602379,45.98000000,10211.72942042
2023-10-23,09,BNB-231027-205-P,BNBUSDT,P,231027-205,0.80000000,0.80000000,0.40000000,0.40000000,19.84000000,19.84000000,0.10000000,0.40000000,9.89000000,50.00000000,"",0.47393143,0.20000000,0.43696572,-0.06452373,0.01269730,0.02864698,-0.15980057,59.87000000,13130.61864307
2023-10-23,23,BNB-231027-215-P,BNBUSDT,P,231027-215,1.60000000,1.70000000,1.60000000,1.70000000,251.47000000,251.47000000,0.50000000,0.70000000,8.34000000,0.50000000,"",0.54854929,0.50000000,0.52359998,-0.10647497,0.01606219,0.04011556,-0.31506649,267.79000000,61140.99767670
2023-10-23,00,BNB-231027-210-C,BNBUSDT,C,231027-210,6.40000000,6.40000000,6.40000000,6.40000000,0.27000000,0.27000000,8.50000000,9.40000000,50.00000000,50.00000000,"",0.42335272,9.30000000,0.41167636,0.81372907,0.02750706,0.06345749,-0.30435585,13.00000000,2838.63972418
2023-10-23,05,BNB-231027-195-C,BNBUSDT,C,231027-195,21.40000000,21.40000000,21.40000000,21.40000000,0E-8,0E-8,23.40000000,31.00000000,7.80000000,9.17000000,"",1.54500008,27.90000000,0.97250004,0.90411043,0.00745784,0.03993227,-0.47551863,11.23000000,2491.26779644
2023-10-23,12,BNB-231027-205-P,BNBUSDT,P,231027-205,0.80000000,0.80000000,0.40000000,0.40000000,19.84000000,19.84000000,0.20000000,0.40000000,5.68000000,61.31000000,"",0.49518287,0.20000000,0.45942843,-0.06381256,0.01213750,0.02801608,-0.16973199,59.87000000,13163.32408421
2023-10-23,15,BNB-231027-220-C,BNBUSDT,C,231027-220,2.00000000,3.60000000,1.80000000,2.00000000,261.03000000,261.03000000,2.00000000,3.20000000,17.27000000,50.00000000,"",0.40424645,3.10000000,0.40212322,0.47545511,0.04505527,0.08751236,-0.47987235,650.16000000,142581.09957094
2023-10-23,21,BNB-231027-230-P,BNBUSDT,P,231027-230,13.90000000,13.90000000,10.30000000,10.40000000,150.10000000,150.10000000,6.80000000,7.90000000,50.00000000,50.00000000,"",0.49167395,7.50000000,0.44583697,-0.72005415,0.03482328,0.07297286,-0.47610567,151.24000000,33902.74708786
2023-10-23,01,BNB-231027-210-P,BNBUSDT,P,231027-210,1.70000000,1.70000000,1.00000000,1.00000000,0.95000000,0.95000000,0.60000000,0.90000000,15.17000000,50.00000000,"",0.41123807,0.80000000,0.40561904,-0.16673626,0.02608817,0.05902473,-0.28166457,156.91000000,34330.13162032
2023-10-23,17,BNB-231027-225-C,BNBUSDT,C,231027-225,1.80000000,2.80000000,1.10000000,1.60000000,274.51000000,274.51000000,1.70000000,2.00000000,26.60000000,50.00000000,"",0.43451965,1.80000000,0.41725982,0.32119450,0.03928332,0.07826325,-0.45566517,399.19000000,88055.52584879
2023-10-23,19,BNB-231027-220-P,BNBUSDT,P,231027-220,5.80000000,5.80000000,2.00000000,2.00000000,302.27000000,302.27000000,1.60000000,2.60000000,11.95000000,50.00000000,"",0.41244924,2.50000000,0.40622462,-0.39688485,0.04363354,0.08385981,-0.48665439,303.26000000,67351.75529223
2023-10-23,01,BNB-231027-205-C,BNBUSDT,C,231027-205,11.00000000,11.90000000,11.00000000,11.90000000,0.47000000,0.47000000,12.70000000,17.40000000,20.12000000,12.55000000,"",0.96265316,15.40000000,0.68132658,0.82310871,0.01612895,0.06129620,-0.49132487,7.49000000,1638.72720564
2023-10-23,04,BNB-231027-225-C,BNBUSDT,C,231027-225,1.10000000,1.90000000,1.10000000,1.70000000,14.96000000,14.96000000,1.70000000,2.60000000,18.84000000,50.00000000,"",0.42489827,2.40000000,0.41244913,0.37760728,0.03908754,0.08957719,-0.44782944,164.20000000,36427.39986364
2023-10-23,15,BNB-231027-225-P,BNBUSDT,P,231027-225,13.50000000,13.50000000,7.00000000,7.00000000,49.20000000,49.20000000,7.30000000,7.50000000,9.88000000,50.00000000,"",0.45089722,7.30000000,0.43751121,-0.71418866,0.03535549,0.07471550,-0.44575590,50.51000000,11076.92158750
2023-10-23,00,BNB-231027-195-P,BNBUSDT,P,231027-195,0.20000000,0.30000000,0.20000000,0.30000000,693.45000000,693.45000000,0E-8,0.20000000,0E-8,50.00000000,"",0.58698833,1.20000000,0.89349416,-0.11238897,0.00902792,0.04520248,-0.47054033,1498.56000000,327220.91885132
2023-10-23,01,BNB-231027-210-C,BNBUSDT,C,231027-210,6.40000000,6.40000000,6.40000000,6.40000000,0.27000000,0.27000000,8.20000000,11.40000000,21.51000000,13.71000000,"",0.64378023,10.40000000,0.52189012,0.77721576,0.02419564,0.07043494,-0.43246114,13.00000000,2844.25282687
2023-10-23,14,BNB-231027-230-C,BNBUSDT,C,231027-230,0.70000000,1.20000000,0.70000000,0.70000000,95.96000000,95.96000000,0.50000000,0.90000000,32.03000000,50.00000000,"",0.47287107,0.70000000,0.43643553,0.14542349,0.02366727,0.05049063,-0.29711241,1160.20000000,254440.87650590
2023-10-23,21,BNB-231027-195-C,BNBUSDT,C,231027-195,21.40000000,21.40000000,21.40000000,21.40000000,0E-8,0E-8,0E-8,0E-8,0E-8,0E-8,"",-1E-8,30.40000000,1.20000000,0.89531403,0.00697426,0.03933643,-0.69078372,11.23000000,2517.37536232
2023-10-23,22,BNB-231027-195-C,BNBUSDT,C,231027-195,21.40000000,21.40000000,21.40000000,21.40000000,0E-8,0E-8,27.30000000,36.50000000,12.36000000,12.52000000,"",1.38229370,35.20000000,0.89114685,0.97571291,0.00289351,0.01261939,-0.16660286,11.23000000,2579.73474230
2023-10-23,00,BNB-231027-190-C,BNBUSDT,C,231027-190,23.20000000,23.20000000,23.20000000,23.20000000,0E-8,0E-8,24.20000000,32.20000000,16.76000000,19.17000000,"",1.54536247,29.20000000,0.97268124,0.91459558,0.00678214,0.03696749,-0.41892215,10.02000000,2187.93615664
2023-10-23,13,BNB-231027-225-P,BNBUSDT,P,231027-225,13.50000000,13.50000000,13.50000000,13.50000000,0E-8,0E-8,6.80000000,7.90000000,50.00000000,50.00000000,"",0.44228077,7.70000000,0.42114038,-0.74078378,0.03469329,0.07178644,-0.40309437,1.31000000,286.56564900
2023-10-23,16,BNB-231027-220-C,BNBUSDT,C,231027-220,2.00000000,3.60000000,1.80000000,1.90000000,261.97000000,261.97000000,2.70000000,4.00000000,59.32000000,50.00000000,"",0.40421128,3.90000000,0.40210564,0.54764694,0.04474988,0.08718937,-0.48357554,649.24000000,143433.47374463
2023-10-23,04,BNB-231027-180-P,BNBUSDT,P,231027-180,0.20000000,0.20000000,0.20000000,0.20000000,0E-8,0E-8,0.10000000,0.20000000,0.02000000,50.00000000,"",1.00029230,0.10000000,0.95080405,-0.01728235,0.00190777,0.01007875,-0.11615619,145.04000000,32176.79705373
2023-10-23,06,BNB-231027-180-P,BNBUSDT,P,231027-180,0.20000000,0.20000000,0.20000000,0.20000000,0E-8,0E-8,0.10000000,0.20000000,0.02000000,50.00000000,"",0.98214686,0.10000000,0.93318880,-0.01786237,0.00203426,0.01018880,-0.11762531,145.04000000,31960.78333097
2023-10-23,02,BNB-231027-210-C,BNBUSDT,C,231027-210,6.40000000,6.40000000,6.40000000,6.40000000,0.27000000,0.27000000,9.20000000,12.60000000,19.11000000,15.75000000,"",0.67393541,11.60000000,0.53696771,0.80286795,0.02185891,0.06562272,-0.41865963,13.00000000,2861.23472336
2023-10-23,08,BNB-231027-190-P,BNBUSDT,P,231027-190,0.10000000,0.20000000,0.10000000,0.10000000,1069.88000000,1069.88000000,0.10000000,0.20000000,32.19000000,50.00000000,"",0.77208042,0.10000000,0.73147029,-0.02249198,0.00318069,0.01229054,-0.11355966,1107.28000000,244398.17519460
2023-10-23,13,BNB-231027-215-C,BNBUSDT,C,231027-215,3.50000000,7.80000000,2.30000000,6.20000000,234.80000000,234.80000000,4.50000000,5.60000000,50.00000000,50.00000000,"",0.39351821,5.60000000,0.40000000,0.66974491,0.04085793,0.08029831,-0.42825634,89.87000000,19659.27853130
2023-10-23,23,BNB-231027-230-C,BNBUSDT,C,231027-230,1.20000000,4.40000000,0.70000000,4.40000000,349.14000000,349.14000000,2.20000000,5.20000000,12.94000000,16.59000000,"",0.67531109,4.00000000,0.53765554,0.46083667,0.03381056,0.08670914,-0.69929233,1374.85000000,313901.56710783
2023-10-23,23,BNB-231027-230-P,BNBUSDT,P,231027-230,13.90000000,13.90000000,10.30000000,10.40000000,150.10000000,150.10000000,4.00000000,8.20000000,16.07000000,21.93000000,"",0.85219383,6.20000000,0.62609692,-0.53052193,0.02908980,0.08687419,-0.81587207,151.24000000,34530.65644208
2023-10-23,06,BNB-231027-220-P,BNBUSDT,P,231027-220,7.70000000,7.70000000,5.80000000,5.80000000,2.00000000,2.00000000,2.50000000,3.80000000,67.24000000,50.00000000,"",0.41995466,3.70000000,0.40997733,-0.48465954,0.04197159,0.09235543,-0.46841472,3.26000000,718.36840636
2023-10-23,21,BNB-231027-180-P,BNBUSDT,P,231027-180,0.20000000,0.20000000,0.10000000,0.10000000,27.02000000,27.02000000,0E-8,0.20000000,0E-8,50.00000000,"",1.14456654,0.20000000,1.17228327,-0.02340674,0.00217589,0.01198908,-0.20567627,171.04000000,38341.21834110
2023-10-23,04,BNB-231027-180-C,BNBUSDT,C,231027-180,33.40000000,33.40000000,33.40000000,33.40000000,0E-8,0E-8,35.30000000,47.90000000,22.45000000,11.05000000,"",2.44192123,42.20000000,1.20000000,0.95527269,0.00333463,0.02223398,-0.32340240,0.17000000,37.71411679
2023-10-23,07,BNB-231027-225-C,BNBUSDT,C,231027-225,1.10000000,2.80000000,1.10000000,1.80000000,16.12000000,16.12000000,1.20000000,1.90000000,9.89000000,50.00000000,"",0.44038892,1.70000000,0.42019446,0.29293721,0.03562582,0.07901179,-0.41500273,161.70000000,35474.68192607
2023-10-23,08,BNB-231027-200-C,BNBUSDT,C,231027-200,16.40000000,17.70000000,16.40000000,17.70000000,12.60000000,12.60000000,0.10000000,0E-8,1.00000000,0E-8,"",-1E-8,21.70000000,0.80000000,0.88956360,0.01025549,0.04334111,-0.43797199,21.00000000,4635.10736136
2023-10-23,01,BNB-231027-195-C,BNBUSDT,C,231027-195,21.40000000,21.40000000,21.40000000,21.40000000,0E-8,0E-8,21.00000000,27.90000000,21.37000000,9.41000000,"",1.40654564,25.00000000,0.90327282,0.89131074,0.00873867,0.04402872,-0.46788046,11.23000000,2456.99686506
2023-10-23,09,BNB-231027-190-C,BNBUSDT,C,231027-190,23.20000000,23.20000000,23.20000000,23.20000000,0E-8,0E-8,24.70000000,32.80000000,12.75000000,20.54000000,"",1.57256126,30.10000000,0.98628063,0.92748007,0.00615606,0.03134900,-0.39470835,10.02000000,2197.57472530
2023-10-23,10,BNB-231027-190-C,BNBUSDT,C,231027-190,23.20000000,23.20000000,23.20000000,23.20000000,0E-8,0E-8,0E-8,0E-8,0E-8,0E-8,"",-1E-8,31.00000000,1.20000000,0.89050986,0.00690524,0.04238606,-0.65629830,10.02000000,2199.47482000
2023-10-23,02,BNB-231027-230-C,BNBUSDT,C,231027-230,1.00000000,1.00000000,0.50000000,0.70000000,435.76000000,435.76000000,1.00000000,1.30000000,1.46000000,50.00000000,"",0.48170269,1.10000000,0.45869172,0.19520479,0.02543714,0.06523292,-0.35550556,1246.99000000,274456.23751405
2023-10-23,10,BNB-231027-205-C,BNBUSDT,C,231027-205,11.00000000,11.90000000,11.00000000,11.90000000,0.47000000,0.47000000,4.60000000,16.50000000,1.37000000,5.00000000,"",0.80032349,15.30000000,0.60016174,0.87209571,0.01541019,0.04730852,-0.36635714,7.49000000,1644.11840337
2023-10-23,16,BNB-231027-205-P,BNBUSDT,P,231027-205,0.80000000,0.80000000,0.40000000,0.40000000,19.84000000,19.84000000,0.30000000,0.40000000,9.68000000,50.00000000,"",0.52977324,0.30000000,0.51258832,-0.06862044,0.01171867,0.02910574,-0.20578229,59.87000000,13226.79143782
2023-10-23,18,BNB-231027-180-P,BNBUSDT,P,231027-180,0.20000000,0.20000000,0.20000000,0.20000000,26.00000000,26.00000000,0.10000000,0.20000000,0.02000000,50.00000000,"",1.06863201,0.10000000,1.01562113,-0.01748707,0.00195197,0.00940925,-0.13491104,171.04000000,37828.02617077
2023-10-23,16,BNB-231027-200-C,BNBUSDT,C,231027-200,17.70000000,19.60000000,17.70000000,19.60000000,12.70000000,12.70000000,17.20000000,23.00000000,9.80000000,19.86000000,"",1.06936455,21.50000000,0.73468227,0.91817911,0.00935030,0.03328560,-0.33730019,21.00000000,4639.42909962
2023-10-23,07,BNB-231027-220-P,BNBUSDT,P,231027-220,7.70000000,7.70000000,5.80000000,5.80000000,2.00000000,2.00000000,2.90000000,4.10000000,22.09000000,50.00000000,"",0.41670203,4.00000000,0.40835102,-0.51443086,0.04249656,0.09159340,-0.46752686,3.26000000,715.19766901
2023-10-23,06,BNB-231027-190-P,BNBUSDT,P,231027-190,0.10000000,0.20000000,0.10000000,0.20000000,1069.48000000,1069.48000000,0.10000000,0.20000000,32.59000000,50.00000000,"",0.75376451,0.10000000,0.71397156,-0.02282649,0.00327336,0.01254359,-0.11079271,1107.28000000,243998.45674794
2023-10-23,12,BNB-231027-230-P,BNBUSDT,P,231027-230,13.90000000,13.90000000,13.00000000,13.00000000,0.10000000,0.10000000,9.30000000,13.30000000,11.43000000,8.52000000,"",0.78285217,11.80000000,0.59142609,-0.76222357,0.02333147,0.06932703,-0.54068165,1.24000000,272.63273533
2023-10-23,18,BNB-231027-195-P,BNBUSDT,P,231027-195,0.30000000,0.30000000,0.20000000,0.20000000,1517.73000000,1517.73000000,0E-8,0.20000000,0E-8,50.00000000,"",0.70556104,0.80000000,0.95278052,-0.08249369,0.00732996,0.03314704,-0.44586002,1888.33000000,417632.11330132
2023-10-23,20,BNB-231027-190-C,BNBUSDT,C,231027-190,23.20000000,23.20000000,23.20000000,23.20000000,0E-8,0E-8,27.20000000,36.10000000,19.73000000,18.19000000,"",1.90578461,32.60000000,1.15289230,0.92439057,0.00572217,0.03075118,-0.51256887,10.02000000,2222.65431426
2023-10-23,00,BNB-231027-200-C,BNBUSDT,C,231027-200,16.40000000,17.70000000,16.40000000,17.70000000,12.60000000,12.60000000,14.90000000,20.10000000,9.01000000,20.79000000,"",0.85502625,18.90000000,0.62751312,0.90682034,0.01121683,0.03944354,-0.28836435,21.00000000,4585.49493906
2023-10-23,06,BNB-231027-205-C,BNBUSDT,C,231027-205,11.00000000,11.90000000,11.00000000,11.90000000,0.47000000,0.47000000,14.10000000,19.30000000,11.54000000,16.26000000,"",1.11420155,16.80000000,0.75710077,0.82520140,0.01468577,0.05967570,-0.55893263,7.49000000,1650.48446738
2023-10-23,14,BNB-231027-190-P,BNBUSDT,P,231027-190,0.20000000,0.20000000,0.10000000,0.10000000,1069.88000000,1069.88000000,0.10000000,0.20000000,32.19000000,50.00000000,"",0.77075303,0.10000000,0.72983444,-0.02334480,0.00341951,0.01219918,-0.12004526,1107.28000000,242835.10923759
2023-10-23,17,BNB-231027-180-P,BNBUSDT,P,231027-180,0.20000000,0.20000000,0.20000000,0.20000000,0E-8,0E-8,0.10000000,0.20000000,0.02000000,50.00000000,"",1.05025589,0.10000000,0.99799812,-0.01772134,0.00200314,0.00954518,-0.13292156,145.04000000,31993.72095771
2023-10-23,22,BNB-231027-200-C,BNBUSDT,C,231027-200,19.60000000,21.00000000,19.60000000,21.00000000,0.20000000,0.20000000,23.10000000,30.80000000,8.20000000,11.81000000,"",1.02504730,30.10000000,0.71252365,0.98114087,0.00292218,0.01018991,-0.10756339,21.00000000,4824.08099628
2023-10-23,06,BNB-231027-225-P,BNBUSDT,P,231027-225,13.50000000,13.50000000,13.50000000,13.50000000,0E-8,0E-8,5.80000000,7.10000000,50.00000000,50.00000000,"",0.45478344,6.80000000,0.42739172,-0.67759940,0.03622953,0.08310670,-0.43941046,1.31000000,288.66951299
2023-10-23,10,BNB-231027-210-C,BNBUSDT,C,231027-210,6.40000000,6.40000000,6.40000000,6.40000000,0E-8,0E-8,0.10000000,20.00000000,1.00000000,1.49000000,"",1.67486668,14.60000000,1.03743334,0.67993315,0.01524253,0.08088730,-1.08277330,13.00000000,2853.61004591
2023-10-23,04,BNB-231027-200-P,BNBUSDT,P,231027-200,0.30000000,0.40000000,0.30000000,0.40000000,17.03000000,17.03000000,0.10000000,0.20000000,1.00000000,63.24000000,"",0.55409968,0.10000000,0.52277446,-0.02979169,0.00548983,0.01594637,-0.10104645,245.24000000,54405.94118490
2023-10-23,13,BNB-231027-220-C,BNBUSDT,C,231027-220,2.00000000,3.60000000,1.80000000,1.90000000,10.96000000,10.96000000,1.90000000,2.90000000,12.80000000,50.00000000,"",0.39681613,2.90000000,0.40000000,0.44914841,0.04462905,0.08770972,-0.46778376,400.16000000,87535.96191261
2023-10-23,19,BNB-231027-210-C,BNBUSDT,C,231027-210,6.40000000,6.40000000,6.40000000,6.40000000,0E-8,0E-8,10.30000000,13.80000000,17.65000000,12.97000000,"",0.69257498,12.90000000,0.54628749,0.85903014,0.01881960,0.04864058,-0.37959504,13.00000000,2887.20180307
2023-10-23,01,BNB-231027-225-C,BNBUSDT,C,231027-225,1.10000000,1.80000000,1.10000000,1.80000000,11.39000000,11.39000000,1.20000000,1.90000000,20.19000000,52.97000000,"",0.44861615,1.70000000,0.42430807,0.28083986,0.03364005,0.07961777,-0.39743964,164.80000000,36056.37429755
2023-10-23,03,BNB-231027-200-P,BNBUSDT,P,231027-200,0.30000000,0.40000000,0.30000000,0.40000000,17.03000000,17.03000000,0.10000000,0.20000000,1.00000000,63.24000000,"",0.55945218,0.10000000,0.52795351,-0.02934681,0.00533148,0.01585786,-0.10046625,245.24000000,54465.51811796
2023-10-23,07,BNB-231027-200-C,BNBUSDT,C,231027-200,16.40000000,17.70000000,16.40000000,17.70000000,12.60000000,12.60000000,17.10000000,22.90000000,16.61000000,15.59000000,"",1.18901253,20.60000000,0.79450626,0.87655452,0.01117946,0.04688078,-0.46558706,21.00000000,4607.10154884
2023-10-23,17,BNB-231027-220-C,BNBUSDT,C,231027-220,2.00000000,3.60000000,1.80000000,1.90000000,261.97000000,261.97000000,2.60000000,3.80000000,16.18000000,50.00000000,"",0.40512204,3.70000000,0.40256102,0.53212630,0.04520595,0.08689012,-0.48807158,649.24000000,143212.93018880
2023-10-23,22,BNB-231027-180-P,BNBUSDT,P,231027-180,0.20000000,0.20000000,0.10000000,0.10000000,27.02000000,27.02000000,0E-8,0.30000000,0E-8,4.10000000,"",1.35074914,0.20000000,1.27537457,-0.01959577,0.00168660,0.01052724,-0.19890567,171.04000000,39290.99112399
2023-10-23,02,BNB-231027-225-P,BNBUSDT,P,231027-225,13.50000000,13.50000000,13.50000000,13.50000000,0E-8,0E-8,6.00000000,7.10000000,50.00000000,50.00000000,"",0.44922829,6.80000000,0.42461414,-0.67348195,0.03591639,0.08526382,-0.43014799,1.31000000,288.32442212
2023-10-23,12,BNB-231027-210-C,BNBUSDT,C,231027-210,6.40000000,6.40000000,6.40000000,6.40000000,0E-8,0E-8,8.80000000,12.10000000,19.92000000,17.84000000,"",0.66979408,11.20000000,0.53489704,0.80886381,0.02271662,0.06104836,-0.43060863,13.00000000,2858.24641882
2023-10-23,20,BNB-231027-205-P,BNBUSDT,P,231027-205,0.40000000,0.40000000,0.40000000,0.40000000,13.89000000,13.89000000,0.10000000,0.40000000,9.23000000,70.13000000,"",0.56498170,0.20000000,0.49630910,-0.04897164,0.00946665,0.02190086,-0.15715029,59.87000000,13280.47043858
2023-10-23,20,BNB-231027-225-P,BNBUSDT,P,231027-225,13.50000000,13.50000000,6.40000000,6.40000000,250.02000000,250.02000000,4.60000000,5.80000000,50.00000000,50.00000000,"",0.46115279,5.50000000,0.43057640,-0.62567968,0.04076689,0.08182204,-0.50935691,251.33000000,55750.46994034
2023-10-23,03,BNB-231027-210-P,BNBUSDT,P,231027-210,1.70000000,1.70000000,1.00000000,1.00000000,0.95000000,0.95000000,0.10000000,0.60000000,51.00000000,50.00000000,"",0.44585168,0.40000000,0.42292584,-0.10247071,0.01779639,0.04240302,-0.21519941,156.91000000,34848.24844189
2023-10-23,09,BNB-231027-205-C,BNBUSDT,C,231027-205,11.00000000,11.90000000,11.00000000,11.90000000,0.47000000,0.47000000,12.20000000,16.50000000,15.48000000,5.00000000,"",0.81506729,15.30000000,0.60753365,0.86583327,0.01566104,0.04912597,-0.38100753,7.49000000,1642.69807310
2023-10-23,20,BNB-231027-215-P,BNBUSDT,P,231027-215,2.90000000,2.90000000,1.60000000,1.70000000,253.46000000,253.46000000,0.80000000,0.90000000,13.44000000,1.00000000,"",0.37989438,1.00000000,0.40000000,-0.20621890,0.03301585,0.06155949,-0.35600549,267.79000000,59401.65656835
2023-10-23,22,BNB-231027-200-P,BNBUSDT,P,231027-200,0.20000000,0.20000000,0.20000000,0.20000000,78.74000000,78.74000000,0.10000000,0.30000000,1.00000000,10.72000000,"",0.84449351,0.10000000,0.77299416,-0.02736974,0.00368662,0.01394661,-0.15971277,323.98000000,74424.08386547
2023-10-23,12,BNB-231027-230-C,BNBUSDT,C,231027-230,0.70000000,1.20000000,0.70000000,0.70000000,95.96000000,95.96000000,0.70000000,1.00000000,0.68000000,50.00000000,"",0.46782911,0.80000000,0.44080704,0.16472223,0.02509615,0.05557963,-0.32307452,1160.20000000,255087.49962423
2023-10-23,01,BNB-231027-180-C,BNBUSDT,C,231027-180,33.40000000,33.40000000,33.40000000,33.40000000,0E-8,0E-8,33.00000000,44.70000000,16.51000000,8.50000000,"",2.26881027,39.60000000,1.20000000,0.94233928,0.00407403,0.02726953,-0.38498060,0.17000000,37.19407543
2023-10-23,01,BNB-231027-220-C,BNBUSDT,C,231027-220,1.70000000,2.70000000,1.70000000,2.70000000,2.13000000,2.13000000,2.30000000,2.70000000,20.73000000,1.82000000,"",0.34230769,3.20000000,0.40000000,0.46109939,0.04202840,0.09377236,-0.44128050,400.48000000,87620.49016192
2023-10-23,02,BNB-231027-215-P,BNBUSDT,P,231027-215,4.40000000,4.40000000,2.90000000,2.90000000,2.47000000,2.47000000,1.00000000,1.60000000,17.56000000,0.47000000,"",0.38878858,1.60000000,0.40000000,-0.28144820,0.03568035,0.07979335,-0.37921487,17.79000000,3915.48967143
2023-10-23,20,BNB-231027-200-P,BNBUSDT,P,231027-200,0.20000000,0.20000000,0.20000000,0.20000000,78.74000000,78.74000000,0.10000000,0.30000000,20.03000000,69.15000000,"",0.65704763,0.10000000,0.59758842,-0.03530662,0.00603200,0.01680258,-0.14517102,323.98000000,71865.82282764
2023-10-23,09,BNB-231027-195-P,BNBUSDT,P,231027-195,0.30000000,0.30000000,0.20000000,0.20000000,578.18000000,578.18000000,0E-8,0.20000000,0E-8,50.00000000,"",0.63530684,1.00000000,0.91765342,-0.09928648,0.00837263,0.03966984,-0.46471991,1498.56000000,328662.43316780
2023-10-23,14,BNB-231027-230-P,BNBUSDT,P,231027-230,13.90000000,13.90000000,13.00000000,13.00000000,0.10000000,0.10000000,9.30000000,12.50000000,17.48000000,0.14000000,"",0.62483788,11.70000000,0.51241894,-0.81395027,0.02364423,0.05922334,-0.40917392,1.24000000,271.94163667
2023-10-23,16,BNB-231027-180-C,BNBUSDT,C,231027-180,33.40000000,40.30000000,33.40000000,40.30000000,0.02000000,0.02000000,34.30000000,46.50000000,15.63000000,20.75000000,"",2.48161316,41.30000000,1.20000000,0.96173683,0.00314655,0.01829565,-0.30282351,0.17000000,37.55728319
2023-10-23,18,BNB-231027-230-P,BNBUSDT,P,231027-230,13.90000000,13.90000000,10.30000000,10.40000000,150.10000000,150.10000000,9.20000000,10.20000000,50.00000000,50.00000000,"",0.50294399,9.80000000,0.45147200,-0.80469620,0.02805795,0.06012248,-0.38320273,151.24000000,33448.96327215
2023-10-23,11,BNB-231027-180-P,BNBUSDT,P,231027-180,0.20000000,0.20000000,0.20000000,0.20000000,0E-8,0E-8,0.10000000,0.20000000,0.02000000,50.00000000,"",1.00882828,0.10000000,0.95854521,-0.01785532,0.00203270,0.00992022,-0.12402985,145.04000000,31932.84770597
2023-10-23,04,BNB-231027-220-C,BNBUSDT,C,231027-220,1.90000000,3.50000000,1.90000000,3.50000000,5.93000000,5.93000000,3.50000000,4.60000000,63.74000000,4.13000000,"",0.39174080,4.60000000,0.40000000,0.58147401,0.04142578,0.09207027,-0.44640005,396.66000000,87998.12685696
2023-10-23,04,BNB-231027-205-C,BNBUSDT,C,231027-205,11.00000000,11.90000000,11.00000000,11.90000000,0.47000000,0.47000000,14.30000000,19.60000000,11.72000000,17.17000000,"",0.97594738,17.80000000,0.68797369,0.86635699,0.01329589,0.05082507,-0.42383292,7.49000000,1661.63961619
2023-10-23,06,BNB-231027-230-P,BNBUSDT,P,231027-230,13.90000000,13.90000000,13.90000000,13.90000000,0E-8,0E-8,8.90000000,12.90000000,14.02000000,12.22000000,"",0.72963715,11.60000000,0.56481857,-0.75988273,0.02376383,0.07203982,-0.50337292,1.15000000,253.41216789
2023-10-23,15,BNB-231027-210-C,BNBUSDT,C,231027-210,6.40000000,6.40000000,6.40000000,6.40000000,0E-8,0E-8,8.60000000,11.70000000,18.60000000,15.23000000,"",0.69302797,10.70000000,0.54651399,0.79290365,0.02379837,0.06282219,-0.46817858,13.00000000,2850.92022644
2023-10-23,23,BNB-231027-195-P,BNBUSDT,P,231027-195,0.20000000,0.20000000,0.20000000,0.20000000,1017.73000000,1017.73000000,0E-8,1.70000000,0E-8,93.00000000,"",1.41813636,1.20000000,1.30906818,-0.09156154,0.00575291,0.03592184,-0.70535970,1888.33000000,431137.75773120
2023-10-23,07,BNB-231027-190-P,BNBUSDT,P,231027-190,0.10000000,0.20000000,0.10000000,0.10000000,1069.88000000,1069.88000000,0.10000000,0.20000000,32.19000000,50.00000000,"",0.74431121,0.10000000,0.70482790,-0.02327052,0.00339839,0.01264250,-0.11138454,1107.28000000,242921.49538093
2023-10-23,17,BNB-231027-210-P,BNBUSDT,P,231027-210,1.00000000,1.00000000,0.50000000,0.60000000,287.49000000,287.49000000,0.50000000,0.70000000,1.82000000,50.00000000,"",0.45819938,0.50000000,0.43582857,-0.12406433,0.02150253,0.04474541,-0.27211065,443.42000000,97812.02252529
2023-10-23,02,BNB-231027-220-P,BNBUSDT,P,231027-220,7.70000000,7.70000000,5.80000000,5.80000000,2.00000000,2.00000000,2.60000000,3.80000000,8.79000000,50.00000000,"",0.41390777,3.70000000,0.40695388,-0.48273500,0.04142086,0.09424145,-0.45566515,3.26000000,717.50963063
2023-10-23,21,BNB-231027-225-P,BNBUSDT,P,231027-225,13.50000000,13.50000000,6.40000000,6.40000000,250.02000000,250.02000000,3.10000000,4.20000000,21.60000000,50.00000000,"",0.42944849,4.00000000,0.41472424,-0.53271702,0.04422106,0.08619938,-0.52315395,251.33000000,56339.44343820
2023-10-23,08,BNB-231027-180-C,BNBUSDT,C,231027-180,33.40000000,33.40000000,33.40000000,33.40000000,0E-8,0E-8,0E-8,0E-8,0E-8,0E-8,"",-1E-8,41.20000000,1.20000000,0.95486428,0.00344503,0.02183873,-0.33102824,0.17000000,37.52229769
2023-10-23,03,BNB-231027-190-C,BNBUSDT,C,231027-190,23.20000000,23.20000000,23.20000000,23.20000000,0E-8,0E-8,27.10000000,36.00000000,22.44000000,21.45000000,"",1.67195320,32.90000000,1.03597660,0.92892092,0.00552495,0.03224626,-0.40087528,10.02000000,2225.34860358
2023-10-23,09,BNB-231027-210-C,BNBUSDT,C,231027-210,6.40000000,6.40000000,6.40000000,6.40000000,0E-8,0E-8,8.20000000,11.40000000,8.96000000,21.96000000,"",0.62053204,10.60000000,0.51026602,0.80260961,0.02395536,0.06311311,-0.41111972,13.00000000,2851.14485318
2023-10-23,23,BNB-231027-180-C,BNBUSDT,C,231027-180,33.40000000,48.00000000,33.40000000,48.00000000,2.02000000,2.02000000,40.80000000,54.90000000,13.59000000,11.61000000,"",2.96405792,48.60000000,1.20000000,0.98379369,0.00154416,0.00883858,-0.15909396,2.17000000,495.44779476
2023-10-23,10,BNB-231027-220-C,BNBUSDT,C,231027-220,2.00000000,3.60000000,2.00000000,3.60000000,7.93000000,7.93000000,2.30000000,3.60000000,50.00000000,47.00000000,"",0.42548776,3.40000000,0.41274388,0.48729176,0.04271471,0.09018228,-0.48028483,399.66000000,87728.75314988
2023-10-23,12,BNB-231027-215-C,BNBUSDT,C,231027-215,2.20000000,7.80000000,2.20000000,6.90000000,235.02000000,235.02000000,5.50000000,6.60000000,50.00000000,50.00000000,"",0.40970802,6.50000000,0.40485401,0.71523127,0.03739760,0.07606806,-0.40610591,89.86000000,19757.07870732
2023-10-23,12,BNB-231027-225-P,BNBUSDT,P,231027-225,13.50000000,13.50000000,13.50000000,13.50000000,0E-8,0E-8,5.90000000,7.00000000,50.00000000,50.00000000,"",0.43671489,6.80000000,0.41835744,-0.69653550,0.03727004,0.07833710,-0.43216892,1.31000000,288.02329297
2023-10-23,15,BNB-231027-205-P,BNBUSDT,P,231027-205,0.80000000,0.80000000,0.40000000,0.40000000,19.84000000,19.84000000,0.30000000,0.40000000,9.68000000,65.82000000,"",0.48790097,0.30000000,0.47162801,-0.07382705,0.01349329,0.03073845,-0.19768730,59.87000000,13129.58415054
2023-10-23,17,BNB-231027-210-C,BNBUSDT,C,231027-210,6.40000000,6.40000000,6.40000000,6.40000000,0E-8,0E-8,8.90000000,12.10000000,19.08000000,13.67000000,"",0.61495781,11.40000000,0.50747890,0.84096822,0.02185486,0.05295526,-0.37498035,13.00000000,2867.61150338
2023-10-23,18,BNB-231027-180-C,BNBUSDT,C,231027-180,33.40000000,40.30000000,33.40000000,40.30000000,0.02000000,0.02000000,34.50000000,46.80000000,20.11000000,14.35000000,"",2.52220154,41.50000000,1.20000000,0.96418250,0.00301216,0.01715575,-0.29063760,0.17000000,37.59801479
2023-10-23,00,BNB-231027-230-P,BNBUSDT,P,231027-230,13.90000000,13.90000000,13.90000000,13.90000000,0.01000000,0.01000000,11.40000000,16.30000000,10.94000000,8.80000000,"",0.96087933,14.00000000,0.68043966,-0.74859334,0.01978707,0.07544906,-0.59811723,1.15000000,251.11043714
2023-10-23,05,BNB-231027-215-C,BNBUSDT,C,231027-215,2.20000000,7.80000000,2.20000000,7.80000000,34.67000000,34.67000000,7.10000000,8.10000000,50.00000000,0.20000000,"",0.40342093,8.00000000,0.40171046,0.77602526,0.03173550,0.07019073,-0.34526046,189.50000000,42038.75756235
2023-10-23,05,BNB-231027-220-C,BNBUSDT,C,231027-220,1.90000000,3.50000000,1.90000000,3.50000000,5.85000000,5.85000000,3.60000000,4.60000000,57.64000000,4.13000000,"",0.38650692,4.70000000,0.40000000,0.58648624,0.04150218,0.09140125,-0.44767830,396.66000000,87995.21675294
2023-10-23,09,BNB-231027-225-P,BNBUSDT,P,231027-225,13.50000000,13.50000000,13.50000000,13.50000000,0E-8,0E-8,6.50000000,7.70000000,50.00000000,50.00000000,"",0.46850681,7.40000000,0.43425341,-0.70621311,0.03490062,0.07825218,-0.43380225,1.31000000,287.30767367
2023-10-23,12,BNB-231027-195-P,BNBUSDT,P,231027-195,0.30000000,0.30000000,0.20000000,0.20000000,567.73000000,567.73000000,0E-8,0.20000000,0E-8,50.00000000,"",0.65702498,0.90000000,0.92851249,-0.09374716,0.00804201,0.03751563,-0.45934450,1498.56000000,329481.05795284
2023-10-23,22,BNB-231027-230-P,BNBUSDT,P,231027-230,13.90000000,13.90000000,10.30000000,10.40000000,150.10000000,150.10000000,4.30000000,8.40000000,19.33000000,21.28000000,"",0.95562220,6.30000000,0.72316527,-0.48464177,0.02491831,0.08819013,-0.94482699,151.24000000,34742.57189892
2023-10-23,02,BNB-231027-195-C,BNBUSDT,C,231027-195,21.40000000,21.40000000,21.40000000,21.40000000,0E-8,0E-8,21.80000000,29.00000000,21.78000000,18.53000000,"",1.41751766,26.20000000,0.90875883,0.90227007,0.00803135,0.04080514,-0.44057738,11.23000000,2471.66661103
2023-10-23,12,BNB-231027-220-P,BNBUSDT,P,231027-220,7.70000000,7.70000000,2.40000000,2.40000000,2.02000000,2.02000000,2.50000000,3.70000000,50.00000000,50.00000000,"",0.40912211,3.60000000,0.40456105,-0.49538268,0.04399131,0.08941513,-0.47701675,3.26000000,716.76025580
2023-10-23,00,BNB-231027-220-P,BNBUSDT,P,231027-220,7.70000000,7.70000000,5.80000000,5.80000000,2.00000000,2.00000000,3.70000000,4.90000000,68.36000000,50.00000000,"",0.42179942,4.70000000,0.41089971,-0.55991914,0.04055058,0.09337181,-0.44698654,3.26000000,711.84350006
2023-10-23,02,BNB-231027-200-P,BNBUSDT,P,231027-200,0.30000000,0.40000000,0.30000000,0.40000000,17.03000000,17.03000000,0.10000000,0.30000000,17.55000000,66.00000000,"",0.56288064,0.10000000,0.51111341,-0.03744271,0.00675684,0.01930807,-0.11725052,245.24000000,53976.09258129
2023-10-23,03,BNB-231027-225-C,BNBUSDT,C,231027-225,1.10000000,1.90000000,1.10000000,1.90000000,14.36000000,14.36000000,1.90000000,2.40000000,17.45000000,0.60000000,"",0.38284957,2.50000000,0.40000000,0.39103929,0.04044221,0.09113719,-0.43745731,164.80000000,36600.54389920
2023-10-23,05,BNB-231027-230-C,BNBUSDT,C,231027-230,1.00000000,1.20000000,0.50000000,1.20000000,463.87000000,463.87000000,1.00000000,1.20000000,12.45000000,0.30000000,"",0.42300999,1.10000000,0.41150500,0.20963407,0.02981707,0.06755560,-0.34040066,1225.05000000,271765.59341297
2023-10-23,11,BNB-231027-215-P,BNBUSDT,P,231027-215,2.90000000,2.90000000,2.90000000,2.90000000,2.00000000,2.00000000,0.90000000,1.60000000,14.89000000,0.47000000,"",0.40636122,1.50000000,0.40318061,-0.27534249,0.03670016,0.07533626,-0.39618296,17.79000000,3916.74959107
2023-10-23,07,BNB-231027-190-C,BNBUSDT,C,231027-190,23.20000000,23.20000000,23.20000000,23.20000000,0E-8,0E-8,25.80000000,34.40000000,14.90000000,15.23000000,"",1.80558205,30.60000000,1.10279102,0.90427519,0.00670861,0.03904832,-0.53827510,10.02000000,2198.24559616
2023-10-23,10,BNB-231027-215-C,BNBUSDT,C,231027-215,2.20000000,7.80000000,2.20000000,4.90000000,234.75000000,234.75000000,5.20000000,6.40000000,50.00000000,50.00000000,"",0.41693687,6.30000000,0.40846844,0.69623445,0.03784771,0.07907902,-0.41678952,89.58000000,19663.56830097
2023-10-23,14,BNB-231027-205-C,BNBUSDT,C,231027-205,11.50000000,11.90000000,11.50000000,11.90000000,0.24000000,0.24000000,12.20000000,16.50000000,11.93000000,5.00000000,"",0.83895683,15.20000000,0.61947842,0.86744873,0.01565433,0.04740270,-0.39593063,7.49000000,1642.61520861
2023-10-23,17,BNB-231027-230-C,BNBUSDT,C,231027-230,1.20000000,1.20000000,0.70000000,0.90000000,345.36000000,345.36000000,0.70000000,1.20000000,12.08000000,50.30000000,"",0.49510658,0.90000000,0.45128465,0.17940237,0.02655426,0.05721738,-0.36029639,1374.85000000,303271.97503246
2023-10-23,00,BNB-231027-215-C,BNBUSDT,C,231027-215,3.40000000,4.00000000,2.20000000,3.50000000,1.60000000,1.60000000,4.50000000,5.70000000,50.00000000,51.00000000,"",0.40748954,5.60000000,0.40374477,0.64464319,0.03896636,0.08816162,-0.41469548,221.79000000,48429.37726353
2023-10-23,11,BNB-231027-230-P,BNBUSDT,P,231027-230,13.90000000,13.90000000,13.90000000,13.90000000,0E-8,0E-8,10.20000000,11.20000000,50.00000000,50.00000000,"",0.51772356,10.80000000,0.45886178,-0.81713223,0.02559536,0.05979703,-0.35789336,1.15000000,253.19067059
2023-10-23,03,BNB-231027-190-P,BNBUSDT,P,231027-190,0.10000000,0.20000000,0.10000000,0.20000000,1069.48000000,1069.48000000,0.10000000,0.20000000,32.59000000,50.00000000,"",0.77915490,0.10000000,0.73855400,-0.02165416,0.00295424,0.01229217,-0.10894086,1107.28000000,245916.56704312
2023-10-23,04,BNB-231027-210-P,BNBUSDT,P,231027-210,1.70000000,1.70000000,1.00000000,1.00000000,0.95000000,0.95000000,0.10000000,0.30000000,51.00000000,0.85000000,"",0.36314785,0.40000000,0.40000000,-0.09685938,0.01818321,0.04041283,-0.19594047,156.91000000,34810.12979662
2023-10-23,11,BNB-231027-190-C,BNBUSDT,C,231027-190,23.20000000,23.20000000,23.20000000,23.20000000,0E-8,0E-8,25.70000000,34.30000000,12.41000000,20.67000000,"",1.73145294,31.00000000,1.06572647,0.91989575,0.00618836,0.03357824,-0.46676232,10.02000000,2206.06132111
2023-10-23,16,BNB-231027-200-P,BNBUSDT,P,231027-200,0.20000000,0.20000000,0.20000000,0.20000000,78.74000000,78.74000000,0.20000000,0.30000000,9.64000000,50.00000000,"",0.62145650,0.20000000,0.59739143,-0.04477346,0.00717891,0.02078017,-0.17122563,323.98000000,71575.34474738
2023-10-23,06,BNB-231027-195-P,BNBUSDT,P,231027-195,0.20000000,0.30000000,0.20000000,0.30000000,600.45000000,600.45000000,0E-8,0.20000000,0E-8,50.00000000,"",0.64108670,1.00000000,0.92054335,-0.09658762,0.00802252,0.03963715,-0.45139311,1498.56000000,330220.29418412
2023-10-23,13,BNB-231027-180-C,BNBUSDT,C,231027-180,33.40000000,33.40000000,33.40000000,33.40000000,0E-8,0E-8,39.80000000,40.30000000,0.08000000,0.02000000,"",1.55191422,40.00000000,1.47925377,0.91516746,0.00473875,0.03444109,-0.67929274,0.17000000,37.18790865
2023-10-23,14,BNB-231027-195-C,BNBUSDT,C,231027-195,21.40000000,21.40000000,21.40000000,21.40000000,0E-8,0E-8,20.60000000,27.50000000,7.88000000,16.75000000,"",1.37516022,25.10000000,0.88758011,0.91304268,0.00806591,0.03499481,-0.41879457,11.23000000,2462.82627406
2023-10-23,13,BNB-231027-205-P,BNBUSDT,P,231027-205,0.80000000,0.80000000,0.40000000,0.40000000,19.84000000,19.84000000,0.20000000,0.40000000,5.68000000,60.82000000,"",0.46798408,0.20000000,0.43399204,-0.06800357,0.01364959,0.02910527,-0.16841888,59.87000000,13096.70641670
2023-10-23,20,BNB-231027-225-C,BNBUSDT,C,231027-225,1.80000000,2.80000000,1.10000000,2.30000000,297.61000000,297.61000000,2.00000000,2.50000000,2.20000000,50.00000000,"",0.44857144,2.30000000,0.42428572,0.37228781,0.04129963,0.08168025,-0.50104548,422.29000000,93673.12279118
2023-10-23,05,BNB-231027-200-C,BNBUSDT,C,231027-200,16.40000000,17.70000000,16.40000000,17.70000000,12.60000000,12.60000000,18.80000000,25.10000000,17.85000000,15.59000000,"",1.22172356,22.80000000,0.81086178,0.89463119,0.00958128,0.04277515,-0.42470982,21.00000000,4658.64859530
2023-10-23,06,BNB-231027-180-C,BNBUSDT,C,231027-180,33.40000000,33.40000000,33.40000000,33.40000000,0E-8,0E-8,35.20000000,47.70000000,9.96000000,16.95000000,"",2.64132500,40.70000000,1.20000000,0.95134841,0.00362973,0.02337776,-0.34705029,0.17000000,37.46092917
2023-10-23,19,BNB-231027-205-C,BNBUSDT,C,231027-205,11.50000000,16.50000000,11.50000000,16.50000000,5.24000000,5.24000000,14.30000000,19.60000000,18.82000000,10.47000000,"",1.00840092,18.00000000,0.70420046,0.88451687,0.01270999,0.04234564,-0.42599601,7.49000000,1663.47242346
2023-10-23,12,BNB-231027-225-C,BNBUSDT,C,231027-225,1.10000000,2.80000000,1.10000000,1.10000000,16.36000000,16.36000000,1.10000000,1.90000000,16.59000000,50.00000000,"",0.43444455,1.70000000,0.41722227,0.30293502,0.03734228,0.07827596,-0.43065986,161.70000000,35552.18814794
2023-10-23,00,BNB-231027-180-P,BNBUSDT,P,231027-180,0.20000000,0.20000000,0.20000000,0.20000000,0E-8,0E-8,0.10000000,0.20000000,0.02000000,50.00000000,"",0.92022181,0.10000000,0.87392181,-0.01859720,0.00220016,0.01077483,-0.10970491,145.04000000,31670.48504577
2023-10-23,05,BNB-231027-190-C,BNBUSDT,C,231027-190,23.20000000,23.20000000,23.20000000,23.20000000,0E-8,0E-8,27.70000000,36.50000000,18.68000000,10.80000000,"",1.81337357,32.80000000,1.10668678,0.91656078,0.00590959,0.03600836,-0.48795757,10.02000000,2222.84090119
2023-10-23,07,BNB-231027-210-C,BNBUSDT,C,231027-210,6.40000000,6.40000000,6.40000000,6.40000000,0E-8,0E-8,8.80000000,12.10000000,19.77000000,9.73000000,"",0.69913149,11.00000000,0.54956574,0.78657819,0.02304338,0.06684094,-0.45916730,13.00000000,2852.01524452
2023-10-23,04,BNB-231027-190-C,BNBUSDT,C,231027-190,23.20000000,23.20000000,23.20000000,23.20000000,0E-8,0E-8,26.70000000,35.60000000,15.32000000,20.30000000,"",1.67196274,32.50000000,1.03598137,0.92749887,0.00564847,0.03251410,-0.40828973,10.02000000,2222.91441312
2023-10-23,23,BNB-231027-190-C,BNBUSDT,C,231027-190,23.20000000,23.20000000,23.20000000,23.20000000,0E-8,0E-8,32.40000000,43.00000000,19.90000000,22.11000000,"",2.18128204,39.00000000,1.20000000,0.95232308,0.00378845,0.02168459,-0.39032123,10.02000000,2287.73590022
2023-10-23,23,BNB-231027-225-P,BNBUSDT,P,231027-225,13.50000000,13.50000000,6.40000000,6.40000000,250.02000000,250.02000000,1.90000000,5.00000000,11.34000000,16.82000000,"",0.76585412,3.40000000,0.58292706,-0.37903552,0.02988410,0.08309269,-0.72655211,251.33000000,57382.90057913
2023-10-23,03,BNB-231027-225-P,BNBUSDT,P,231027-225,13.50000000,13.50000000,13.50000000,13.50000000,0E-8,0E-8,4.50000000,5.70000000,50.00000000,50.00000000,"",0.43246031,5.50000000,0.41623015,-0.60415822,0.03899667,0.09144538,-0.45674663,1.31000000,290.93878949
2023-10-23,14,BNB-231027-220-C,BNBUSDT,C,231027-220,2.00000000,3.60000000,1.80000000,1.90000000,10.99000000,10.99000000,1.90000000,3.10000000,60.87000000,50.00000000,"",0.38691282,3.20000000,0.40000000,0.47854633,0.04504538,0.08807502,-0.47500984,400.16000000,87758.19784744
2023-10-23,00,BNB-231027-225-P,BNBUSDT,P,231027-225,13.50000000,13.50000000,13.50000000,13.50000000,0E-8,0E-8,7.60000000,8.70000000,50.00000000,50.00000000,"",0.48007250,8.30000000,0.44003625,-0.72864069,0.03182159,0.07846811,-0.40227635,1.31000000,286.04754144
2023-10-23,02,BNB-231027-205-P,BNBUSDT,P,231027-205,0.80000000,0.90000000,0.80000000,0.80000000,16.08000000,16.08000000,0.10000000,0.40000000,18.88000000,50.00000000,"",0.47654808,0.20000000,0.43827404,-0.06129239,0.01168828,0.02864005,-0.14913454,45.98000000,10119.96712155
2023-10-23,04,BNB-231027-225-P,BNBUSDT,P,231027-225,13.50000000,13.50000000,13.50000000,13.50000000,0E-8,0E-8,4.60000000,6.00000000,50.00000000,50.00000000,"",0.43955088,5.80000000,0.41977544,-0.62002926,0.03847907,0.08974915,-0.45665917,1.31000000,290.62054702
2023-10-23,06,BNB-231027-225-C,BNBUSDT,C,231027-225,1.10000000,2.80000000,1.10000000,1.80000000,16.12000000,16.12000000,1.40000000,2.20000000,22.31000000,50.00000000,"",0.44760525,2.00000000,0.42380263,0.32086557,0.03646394,0.08294199,-0.43485692,161.70000000,35631.95438926
2023-10-23,17,BNB-231027-180-C,BNBUSDT,C,231027-180,33.40000000,40.30000000,33.40000000,40.30000000,0.02000000,0.02000000,34.50000000,46.80000000,20.11000000,14.35000000,"",2.60000229,40.90000000,1.20000000,0.96143117,0.00319041,0.01827975,-0.30607862,0.17000000,37.49953504
2023-10-23,21,BNB-231027-220-C,BNBUSDT,C,231027-220,2.70000000,4.60000000,1.80000000,4.60000000,267.04000000,267.04000000,5.00000000,6.10000000,50.00000000,50.00000000,"",0.43278813,5.90000000,0.41639407,0.68303911,0.03945509,0.07721883,-0.47053689,644.11000000,144387.05651127
2023-10-23,17,BNB-231027-190-P,BNBUSDT,P,231027-190,0.20000000,0.20000000,0.10000000,0.10000000,66.47000000,66.47000000,0.10000000,0.20000000,41.70000000,50.00000000,"",0.80799222,0.10000000,0.76544374,-0.02259741,0.00320975,0.01173081,-0.12529183,1107.28000000,244249.91272789
2023-10-23,18,BNB-231027-205-C,BNBUSDT,C,231027-205,11.50000000,11.90000000,11.50000000,11.90000000,0.24000000,0.24000000,13.50000000,16.50000000,20.83000000,5.00000000,"",0.52058220,16.30000000,0.46029110,0.95511962,0.00943213,0.02060595,-0.13390169,7.49000000,1656.52429852
2023-10-23,20,BNB-231027-195-C,BNBUSDT,C,231027-195,21.40000000,21.40000000,21.40000000,21.40000000,0E-8,0E-8,23.00000000,30.60000000,19.44000000,14.55000000,"",1.61589622,27.70000000,1.00794811,0.91336231,0.00725342,0.03407953,-0.49663062,11.23000000,2491.05867756
2023-10-23,09,BNB-231027-180-P,BNBUSDT,P,231027-180,0.20000000,0.20000000,0.20000000,0.20000000,0E-8,0E-8,0.10000000,0.20000000,0.02000000,50.00000000,"",0.98277092,0.10000000,0.93358606,-0.01817498,0.00210407,0.01014224,-0.12087604,145.04000000,31810.00380809
2023-10-23,19,BNB-231027-195-P,BNBUSDT,P,231027-195,0.30000000,0.30000000,0.20000000,0.20000000,1517.73000000,1517.73000000,0E-8,0.20000000,0E-8,50.00000000,"",0.72943509,0.70000000,0.96471754,-0.07695647,0.00687952,0.03139969,-0.43273908,1888.33000000,419383.82929163
2023-10-23,09,BNB-231027-200-C,BNBUSDT,C,231027-200,16.40000000,17.70000000,16.40000000,17.70000000,12.60000000,12.60000000,16.40000000,21.90000000,18.14000000,12.76000000,"",1.05638981,20.10000000,0.72819490,0.89658030,0.01086919,0.04086627,-0.37989602,21.00000000,4605.69553206
2023-10-23,10,BNB-231027-230-P,BNBUSDT,P,231027-230,13.90000000,13.90000000,13.90000000,13.90000000,0E-8,0E-8,0E-8,0E-8,0E-8,0E-8,"",-1E-8,17.10000000,1.20000000,-0.62398574,0.01398358,0.08583469,-1.32904936,1.15000000,252.43473483
2023-10-23,11,BNB-231027-220-C,BNBUSDT,C,231027-220,2.00000000,3.60000000,2.00000000,3.60000000,7.93000000,7.93000000,2.60000000,3.70000000,7.94000000,50.00000000,"",0.40120482,3.60000000,0.40060241,0.51608409,0.04409863,0.08994461,-0.46998156,399.66000000,87991.46383183
2023-10-23,13,BNB-231027-230-P,BNBUSDT,P,231027-230,13.90000000,13.90000000,13.00000000,13.00000000,0.10000000,0.10000000,10.00000000,12.50000000,16.42000000,0.14000000,"",0.53984165,12.10000000,0.46992083,-0.84977706,0.02240639,0.05173289,-0.32413716,1.24000000,271.25298074
2023-10-23,08,BNB-231027-220-P,BNBUSDT,P,231027-220,7.70000000,7.70000000,5.80000000,5.80000000,2.00000000,2.00000000,2.30000000,3.50000000,8.26000000,50.00000000,"",0.41984737,3.40000000,0.40992368,-0.46155273,0.04214608,0.09126701,-0.47257768,3.26000000,719.54523800
2023-10-23,14,BNB-231027-215-P,BNBUSDT,P,231027-215,2.90000000,2.90000000,1.60000000,1.70000000,2.50000000,2.50000000,0.90000000,1.70000000,20.58000000,0.97000000,"",0.39457023,1.70000000,0.40000000,-0.30278873,0.03947964,0.07719260,-0.41631832,17.79000000,3901.48525516
2023-10-23,19,BNB-231027-230-C,BNBUSDT,C,231027-230,1.20000000,1.20000000,0.70000000,0.90000000,345.36000000,345.36000000,0.90000000,1.20000000,21.19000000,0.30000000,"",0.44739544,1.00000000,0.42369772,0.20637354,0.03095223,0.06204622,-0.37555364,1374.85000000,305343.79991929
2023-10-23,01,BNB-231027-215-C,BNBUSDT,C,231027-215,3.40000000,4.00000000,2.20000000,3.50000000,1.60000000,1.60000000,4.80000000,5.70000000,50.00000000,1.00000000,"",0.36647677,5.90000000,0.40000000,0.66820436,0.03841775,0.08571639,-0.40337015,221.79000000,48525.14111319
2023-10-23,22,BNB-231027-210-P,BNBUSDT,P,231027-210,1.00000000,1.00000000,0.50000000,0.50000000,289.31000000,289.31000000,0.20000000,4.50000000,9.28000000,1.00000000,"",1.41724110,1.80000000,0.98364085,-0.15581023,0.01098822,0.05289658,-0.77083056,445.24000000,102279.70584684
2023-10-23,10,BNB-231027-180-P,BNBUSDT,P,231027-180,0.20000000,0.20000000,0.20000000,0.20000000,0E-8,0E-8,0.10000000,0.20000000,0.02000000,50.00000000,"",0.99081457,0.10000000,0.94126403,-0.01811649,0.00209092,0.01006728,-0.12227018,145.04000000,31837.50777375
2023-10-23,10,BNB-231027-230-C,BNBUSDT,C,231027-230,0.70000000,1.20000000,0.50000000,0.70000000,87.26000000,87.26000000,0.50000000,1.00000000,25.97000000,50.00000000,"",0.47527969,0.70000000,0.43763984,0.15544888,0.02412027,0.05399608,-0.30491309,1176.20000000,258185.85661533
2023-10-23,11,BNB-231027-205-P,BNBUSDT,P,231027-205,0.80000000,0.80000000,0.40000000,0.40000000,19.84000000,19.84000000,0.20000000,0.40000000,5.68000000,61.31000000,"",0.49866796,0.20000000,0.46281368,-0.06303949,0.01185585,0.02793671,-0.16864504,59.87000000,13181.32647653
2023-10-23,02,BNB-231027-180-P,BNBUSDT,P,231027-180,0.20000000,0.20000000,0.20000000,0.20000000,0E-8,0E-8,0.10000000,0.20000000,0.02000000,50.00000000,"",0.96331894,0.10000000,0.91531038,-0.01784491,0.00203039,0.01039025,-0.11299343,145.04000000,31922.57571355
2023-10-23,18,BNB-231027-210-P,BNBUSDT,P,231027-210,1.00000000,1.00000000,0.50000000,0.60000000,287.49000000,287.49000000,0.50000000,0.70000000,1.82000000,62.79000000,"",0.47888160,0.50000000,0.45588642,-0.11979584,0.02011707,0.04352828,-0.28014898,443.42000000,98068.89244998
2023-10-23,21,BNB-231027-210-P,BNBUSDT,P,231027-210,1.00000000,1.00000000,0.50000000,0.50000000,289.31000000,289.31000000,0.10000000,0.50000000,69.02000000,50.00000000,"",0.51791370,0.30000000,0.45895685,-0.06895507,0.01333866,0.02877396,-0.19325799,445.24000000,99807.32024200
2023-10-23,06,BNB-231027-220-C,BNBUSDT,C,231027-220,2.00000000,3.50000000,2.00000000,3.50000000,4.93000000,4.93000000,2.80000000,3.90000000,21.33000000,50.00000000,"",0.41341722,3.80000000,0.40670861,0.51532601,0.04230897,0.09235556,-0.46468073,396.66000000,87407.36566509
2023-10-23,13,BNB-231027-215-P,BNBUSDT,P,231027-215,2.90000000,2.90000000,1.60000000,1.70000000,2.50000000,2.50000000,1.00000000,1.70000000,16.34000000,0.97000000,"",0.36624193,1.90000000,0.40000000,-0.33025509,0.04085793,0.08029831,-0.42825634,17.79000000,3891.60526396
2023-10-23,15,BNB-231027-180-P,BNBUSDT,P,231027-180,0.20000000,0.20000000,0.20000000,0.20000000,0E-8,0E-8,0.10000000,0.20000000,0.02000000,50.00000000,"",1.01421535,0.10000000,0.96343696,-0.01820599,0.00211105,0.00982397,-0.12906472,145.04000000,31807.49766484
2023-10-23,17,BNB-231027-190-C,BNBUSDT,C,231027-190,23.20000000,23.20000000,23.20000000,23.20000000,0E-8,0E-8,26.00000000,34.60000000,13.63000000,10.22000000,"",1.79238319,31.30000000,1.09619160,0.92311749,0.00602236,0.03152071,-0.48212963,10.02000000,2210.26671261
2023-10-23,11,BNB-231027-195-P,BNBUSDT,P,231027-195,0.20000000,0.30000000,0.20000000,0.20000000,617.73000000,617.73000000,0E-8,0.20000000,0E-8,10.00000000,"",0.65864623,0.90000000,0.92932311,-0.09295893,0.00793210,0.03753111,-0.45493597,1498.56000000,329931.66201227
2023-10-23,18,BNB-231027-220-P,BNBUSDT,P,231027-220,5.80000000,5.80000000,2.10000000,2.10000000,302.19000000,302.19000000,1.80000000,3.10000000,69.78000000,50.00000000,"",0.42145908,3.00000000,0.41072954,-0.44006659,0.04407994,0.08593044,-0.49826902,303.26000000,67070.43508272
2023-10-23,05,BNB-231027-220-P,BNBUSDT,P,231027-220,7.70000000,7.70000000,5.80000000,5.80000000,2.00000000,2.00000000,1.80000000,3.00000000,22.44000000,50.00000000,"",0.41327775,2.90000000,0.40663887,-0.41463248,0.04085006,0.09145823,-0.45539223,3.26000000,723.19973432
2023-10-23,17,BNB-231027-200-P,BNBUSDT,P,231027-200,0.20000000,0.20000000,0.20000000,0.20000000,78.74000000,78.74000000,0.20000000,0.30000000,9.64000000,50.00000000,"",0.61731219,0.20000000,0.59331208,-0.04533819,0.00735546,0.02083704,-0.17250455,323.98000000,71465.29037423
2023-10-23,20,BNB-231027-220-C,BNBUSDT,C,231027-220,2.70000000,4.10000000,1.80000000,4.10000000,262.86000000,262.86000000,3.40000000,4.60000000,50.00000000,54.13000000,"",0.42285800,4.50000000,0.41142900,0.58857986,0.04379996,0.08400035,-0.49966357,648.29000000,143804.84684528
2023-10-23,01,BNB-231027-220-P,BNBUSDT,P,231027-220,7.70000000,7.70000000,5.80000000,5.80000000,2.00000000,2.00000000,3.30000000,4.60000000,64.92000000,50.00000000,"",0.42454004,4.40000000,0.41227002,-0.53722832,0.04079396,0.09381010,-0.45499986,3.26000000,713.25109351
2023-10-23,03,BNB-231027-200-C,BNBUSDT,C,231027-200,16.40000000,17.70000000,16.40000000,17.70000000,12.60000000,12.60000000,18.70000000,25.00000000,16.92000000,15.47000000,"",1.15441322,23.00000000,0.77720661,0.90431831,0.00921050,0.04032927,-0.37612906,21.00000000,4663.90425900
2023-10-23,10,BNB-231027-190-P,BNBUSDT,P,231027-190,0.20000000,0.20000000,0.10000000,0.10000000,1069.88000000,1069.88000000,0.10000000,0.20000000,32.19000000,50.00000000,"",0.75707912,0.10000000,0.71693093,-0.02324209,0.00339031,0.01243310,-0.11501479,1107.28000000,243057.33320271
2023-10-23,13,BNB-231027-210-C,BNBUSDT,C,231027-210,6.40000000,6.40000000,6.40000000,6.40000000,0E-8,0E-8,7.80000000,10.80000000,8.04000000,18.14000000,"",0.62094212,10.00000000,0.51047106,0.79071769,0.02541941,0.06375388,-0.43392549,13.00000000,2843.78124966
2023-10-23,19,BNB-231027-200-P,BNBUSDT,P,231027-200,0.20000000,0.20000000,0.20000000,0.20000000,78.74000000,78.74000000,0.10000000,0.30000000,17.03000000,69.15000000,"",0.66024721,0.10000000,0.60068250,-0.03490896,0.00590140,0.01677131,-0.14391714,323.98000000,71953.51078143
2023-10-23,06,BNB-231027-210-C,BNBUSDT,C,231027-210,6.40000000,6.40000000,6.40000000,6.40000000,0E-8,0E-8,9.90000000,13.00000000,19.10000000,1.49000000,"",0.74632645,11.70000000,0.57316322,0.79204740,0.02157932,0.06638399,-0.47070623,13.00000000,2864.65928918
2023-10-23,08,BNB-231027-200-P,BNBUSDT,P,231027-200,0.20000000,0.20000000,0.20000000,0.20000000,10.00000000,10.00000000,0.10000000,0.30000000,1.00000000,50.00000000,"",0.59104085,0.10000000,0.53696662,-0.03674375,0.00651534,0.01848155,-0.12535508,255.24000000,56336.41918636
2023-10-23,14,BNB-231027-215-C,BNBUSDT,C,231027-215,3.50000000,7.80000000,2.30000000,6.00000000,254.81000000,254.81000000,5.00000000,6.00000000,50.00000000,0.01000000,"",0.38871765,6.00000000,0.40000000,0.69721127,0.03947964,0.07719260,-0.41631832,109.88000000,24097.53793352
2023-10-23,16,BNB-231027-210-C,BNBUSDT,C,231027-210,6.40000000,6.40000000,6.40000000,6.40000000,0E-8,0E-8,9.30000000,12.60000000,14.67000000,11.41000000,"",0.64722061,11.80000000,0.52361031,0.83992401,0.02111660,0.05357518,-0.38693003,13.00000000,2872.02753786
2023-10-23,21,BNB-231027-205-P,BNBUSDT,P,231027-205,0.40000000,0.40000000,0.10000000,0.10000000,23.12000000,23.12000000,0E-8,0.30000000,0E-8,50.00000000,"",0.58466792,1.40000000,0.89233396,-0.14142454,0.01158452,0.04858712,-0.63447495,53.91000000,12084.74673041
2023-10-23,22,BNB-231027-230-C,BNBUSDT,C,231027-230,1.20000000,1.90000000,0.70000000,1.90000000,346.66000000,346.66000000,1.00000000,1.90000000,5.97000000,0.48000000,"",0.21191001,3.50000000,0.40000000,0.51036676,0.04506833,0.08822574,-0.52281740,1374.85000000,315827.98846360
2023-10-23,23,BNB-231027-180-P,BNBUSDT,P,231027-180,0.20000000,0.20000000,0.10000000,0.10000000,27.02000000,27.02000000,0E-8,0.30000000,0E-8,4.10000000,"",1.32935107,0.20000000,1.26467553,-0.02087998,0.00181812,0.01096757,-0.20805557,171.04000000,39051.33217305
2023-10-23,03,BNB-231027-180-P,BNBUSDT,P,231027-180,0.20000000,0.20000000,0.20000000,0.20000000,0E-8,0E-8,0.10000000,0.20000000,0.02000000,50.00000000,"",1.00271404,0.10000000,0.95320314,-0.01713334,0.00187591,0.01007394,-0.11522978,145.04000000,32212.03208216
2023-10-23,21,BNB-231027-220-P,BNBUSDT,P,231027-220,5.80000000,5.80000000,2.00000000,2.00000000,302.27000000,302.27000000,1.20000000,2.00000000,9.72000000,50.00000000,"",0.43015718,1.80000000,0.41507859,-0.31646890,0.03955406,0.07716796,-0.46874138,303.26000000,67980.34304328
2023-10-23,22,BNB-231027-220-C,BNBUSDT,C,231027-220,2.70000000,12.00000000,1.80000000,9.00000000,273.21000000,273.21000000,9.40000000,10.00000000,14.88000000,1.00000000,"",6.0E-7,10.50000000,0.40000000,0.88133140,0.02242882,0.04390665,-0.26018663,643.61000000,147848.89381027
2023-10-23,05,BNB-231027-210-C,BNBUSDT,C,231027-210,6.40000000,6.40000000,6.40000000,6.40000000,0E-8,0E-8,10.50000000,14.30000000,10.70000000,20.44000000,"",0.74656487,13.10000000,0.57328243,0.82516414,0.01915153,0.06044958,-0.42434185,13.00000000,2883.92532090
2023-10-23,11,BNB-231027-230-C,BNBUSDT,C,231027-230,0.70000000,1.20000000,0.50000000,0.70000000,103.26000000,103.26000000,0.70000000,1.10000000,0.68000000,50.00000000,"",0.47384739,0.80000000,0.43896884,0.17167570,0.02570908,0.05745881,-0.32898980,1160.20000000,255436.36175170
2023-10-23,14,BNB-231027-200-C,BNBUSDT,C,231027-200,17.70000000,19.60000000,17.70000000,19.60000000,12.70000000,12.70000000,16.50000000,22.10000000,12.34000000,10.63000000,"",1.12061501,20.20000000,0.76030750,0.89308079,0.01095981,0.04073192,-0.41755533,21.00000000,4605.46320171
2023-10-23,15,BNB-231027-225-C,BNBUSDT,C,231027-225,1.10000000,2.80000000,1.10000000,1.60000000,276.01000000,276.01000000,1.00000000,1.60000000,21.04000000,50.00000000,"",0.42728484,1.40000000,0.41364242,0.27399803,0.03663786,0.07320146,-0.41289728,398.14000000,87312.72145806
2023-10-23,22,BNB-231027-215-P,BNBUSDT,P,231027-215,1.60000000,1.70000000,1.60000000,1.70000000,251.47000000,251.47000000,0.40000000,0.90000000,17.04000000,1.00000000,"",0.63161016,0.60000000,0.56814224,-0.10266096,0.01423289,0.03957437,-0.33309323,267.79000000,61516.22142828
2023-10-23,03,BNB-231027-220-P,BNBUSDT,P,231027-220,7.70000000,7.70000000,5.80000000,5.80000000,2.00000000,2.00000000,1.80000000,2.90000000,71.42000000,50.00000000,"",0.41197360,2.80000000,0.40598680,-0.40277011,0.04016403,0.09186497,-0.44755033,3.26000000,724.01561354
2023-10-23,18,BNB-231027-200-C,BNBUSDT,C,231027-200,17.70000000,21.00000000,17.70000000,21.00000000,12.80000000,12.80000000,18.20000000,24.30000000,16.96000000,18.58000000,"",1.26972198,22.00000000,0.83486099,0.89694100,0.00986311,0.03908213,-0.46063118,21.00000000,4644.46065006
2023-10-23,06,BNB-231027-215-C,BNBUSDT,C,231027-215,2.20000000,7.80000000,2.20000000,7.70000000,84.75000000,84.75000000,5.80000000,6.90000000,50.00000000,50.00000000,"",0.41295409,6.80000000,0.40647705,0.71765861,0.03589064,0.07830049,-0.39373929,239.58000000,52793.46711552
2023-10-23,07,BNB-231027-230-P,BNBUSDT,P,231027-230,13.90000000,13.90000000,13.90000000,13.90000000,0E-8,0E-8,10.00000000,14.20000000,17.55000000,21.78000000,"",0.83430529,12.50000000,0.61715264,-0.75610142,0.02211813,0.07204731,-0.55580076,1.15000000,252.29365625
2023-10-23,00,BNB-231027-215-P,BNBUSDT,P,231027-215,4.40000000,4.40000000,2.90000000,2.90000000,2.47000000,2.47000000,1.40000000,2.40000000,50.00000000,50.00000000,"",0.40865898,2.30000000,0.40432949,-0.35553299,0.03891683,0.08817708,-0.41536888,17.79000000,3884.56928409
2023-10-23,16,BNB-231027-210-P,BNBUSDT,P,231027-210,1.00000000,1.00000000,0.50000000,0.80000000,10.95000000,10.95000000,0.60000000,0.70000000,26.43000000,50.00000000,"",0.46536446,0.60000000,0.45448333,-0.12757231,0.02087082,0.04596095,-0.28811615,166.88000000,36867.99657831
2023-10-23,16,BNB-231027-225-P,BNBUSDT,P,231027-225,13.50000000,13.50000000,6.40000000,6.40000000,250.01000000,250.01000000,5.00000000,6.20000000,50.00000000,50.00000000,"",0.42757034,6.00000000,0.41378517,-0.66548739,0.03997486,0.08014812,-0.45743445,251.32000000,55522.92006269
2023-10-23,00,BNB-231027-225-C,BNBUSDT,C,231027-225,1.10000000,1.80000000,1.10000000,1.80000000,11.39000000,11.39000000,1.20000000,1.80000000,22.03000000,50.00000000,"",0.45385778,1.50000000,0.42692889,0.26472743,0.03239254,0.07749672,-0.38546212,164.80000000,35985.21742653
2023-10-23,19,BNB-231027-180-P,BNBUSDT,P,231027-180,0.20000000,0.20000000,0.20000000,0.20000000,26.00000000,26.00000000,0.10000000,0.20000000,1.02000000,50.00000000,"",1.09349370,0.10000000,1.03949338,-0.01714348,0.00187808,0.00923639,-0.13715903,171.04000000,37986.69203055
2023-10-23,14,BNB-231027-200-P,BNBUSDT,P,231027-200,0.20000000,0.20000000,0.20000000,0.20000000,10.00000000,10.00000000,0.10000000,0.20000000,1.00000000,18.74000000,"",0.53475440,0.10000000,0.50375640,-0.03261286,0.00654605,0.01611915,-0.10948452,255.24000000,55976.11560021
2023-10-23,19,BNB-231027-190-C,BNBUSDT,C,231027-190,23.20000000,23.20000000,23.20000000,23.20000000,0E-8,0E-8,26.90000000,35.80000000,14.97000000,22.11000000,"",1.79176331,32.80000000,1.09588165,0.93439121,0.00535787,0.02777943,-0.43489811,10.02000000,2225.36631283
2023-10-23,19,BNB-231027-215-P,BNBUSDT,P,231027-215,2.90000000,2.90000000,1.60000000,1.70000000,253.46000000,253.46000000,0.80000000,1.20000000,20.45000000,50.00000000,"",0.43672502,1.00000000,0.41836251,-0.20720187,0.03142138,0.06219353,-0.37170508,267.79000000,59474.13621878
2023-10-23,13,BNB-231027-180-P,BNBUSDT,P,231027-180,0.20000000,0.20000000,0.20000000,0.20000000,0E-8,0E-8,0.10000000,0.20000000,0.02000000,50.00000000,"",0.99157214,0.10000000,0.94177753,-0.01844430,0.00216512,0.01001846,-0.12580181,145.04000000,31727.84865005
2023-10-23,17,BNB-231027-195-C,BNBUSDT,C,231027-195,21.40000000,21.40000000,21.40000000,21.40000000,0E-8,0E-8,21.80000000,29.10000000,14.73000000,19.96000000,"",1.50803566,26.40000000,0.95401783,0.91133007,0.00770411,0.03509312,-0.46715372,11.23000000,2477.17516792
2023-10-23,05,BNB-231027-195-P,BNBUSDT,P,231027-195,0.20000000,0.30000000,0.20000000,0.30000000,693.45000000,693.45000000,0E-8,0.20000000,0E-8,50.00000000,"",0.67003429,0.90000000,0.93501714,-0.08792912,0.00727453,0.03744945,-0.42876467,1498.56000000,332441.16376061
2023-10-23,11,BNB-231027-200-C,BNBUSDT,C,231027-200,16.40000000,17.70000000,16.40000000,17.70000000,12.60000000,12.60000000,17.50000000,23.40000000,10.46000000,19.75000000,"",1.20330334,21.20000000,0.80165167,0.88707399,0.01059243,0.04323322,-0.45205930,21.00000000,4623.48181071
2023-10-23,16,BNB-231027-190-P,BNBUSDT,P,231027-190,0.20000000,0.20000000,0.10000000,0.10000000,66.47000000,66.47000000,0.10000000,0.20000000,41.70000000,50.00000000,"",0.81024051,0.10000000,0.76767176,-0.02238798,0.00315214,0.01172499,-0.12415053,1107.28000000,244626.05016320
2023-10-23,18,BNB-231027-190-P,BNBUSDT,P,231027-190,0.20000000,0.20000000,0.10000000,0.10000000,66.47000000,66.47000000,0.10000000,0.20000000,32.19000000,50.00000000,"",0.82542479,0.10000000,0.78213960,-0.02221933,0.00310611,0.01153059,-0.12731999,1107.28000000,244891.35183802
2023-10-23,19,BNB-231027-195-C,BNBUSDT,C,231027-195,21.40000000,21.40000000,21.40000000,21.40000000,0E-8,0E-8,22.60000000,30.10000000,17.94000000,9.80000000,"",1.46965027,27.70000000,0.93482513,0.92901104,0.00667485,0.02952157,-0.39424872,11.23000000,2494.09817296
2023-10-23,19,BNB-231027-230-P,BNBUSDT,P,231027-230,13.90000000,13.90000000,10.30000000,10.40000000,150.10000000,150.10000000,8.50000000,9.60000000,50.00000000,50.00000000,"",0.52507639,9.10000000,0.46253819,-0.77236137,0.03000707,0.06566568,-0.43389691,151.24000000,33589.26159202
2023-10-23,20,BNB-231027-230-P,BNBUSDT,P,231027-230,13.90000000,13.90000000,10.30000000,10.40000000,150.10000000,150.10000000,8.80000000,9.90000000,50.00000000,50.00000000,"",0.53706169,9.40000000,0.46853085,-0.78019629,0.02925581,0.06389441,-0.43281542,151.24000000,33548.32719443
2023-10-23,05,BNB-231027-180-C,BNBUSDT,C,231027-180,33.40000000,33.40000000,33.40000000,33.40000000,0E-8,0E-8,36.00000000,48.90000000,15.66000000,16.85000000,"",2.60168076,42.30000000,1.20000000,0.95639323,0.00328207,0.02168455,-0.31862926,0.17000000,37.71286958
2023-10-23,11,BNB-231027-205-C,BNBUSDT,C,231027-205,11.00000000,11.90000000,11.00000000,11.90000000,0.47000000,0.47000000,13.20000000,16.50000000,9.18000000,5.00000000,"",0.70780277,15.70000000,0.55390139,0.90090965,0.01394831,0.03933604,-0.28419420,7.49000000,1649.04184582
2023-10-23,19,BNB-231027-225-P,BNBUSDT,P,231027-225,13.50000000,13.50000000,6.40000000,6.40000000,250.02000000,250.02000000,4.30000000,5.60000000,50.00000000,50.00000000,"",0.45786500,5.30000000,0.42893250,-0.61228878,0.04105479,0.08331439,-0.51051617,251.33000000,55818.49455120
2023-10-23,22,BNB-231027-190-P,BNBUSDT,P,231027-190,0.10000000,0.10000000,0.10000000,0.10000000,0.40000000,0.40000000,0.10000000,1.90000000,32.19000000,66.07000000,"",1.66666985,0.60000000,1.29307061,-0.05470992,0.00387256,0.02450669,-0.46946329,1107.28000000,254362.30502671
2023-10-23,02,BNB-231027-230-P,BNBUSDT,P,231027-230,13.90000000,13.90000000,13.90000000,13.90000000,0.01000000,0.01000000,10.30000000,11.30000000,50.00000000,50.00000000,"",0.51156282,10.90000000,0.45578141,-0.80639071,0.02547198,0.06490781,-0.35148941,1.15000000,253.10922553
2023-10-23,06,BNB-231027-200-P,BNBUSDT,P,231027-200,0.40000000,0.40000000,0.40000000,0.40000000,17.00000000,17.00000000,0.10000000,0.20000000,1.00000000,63.24000000,"",0.52862108,0.10000000,0.49825072,-0.03158734,0.00615168,0.01645086,-0.10140160,245.24000000,54040.69569835
2023-10-23,11,BNB-231027-180-C,BNBUSDT,C,231027-180,33.40000000,33.40000000,33.40000000,33.40000000,0E-8,0E-8,34.20000000,40.30000000,13.60000000,0.02000000,"",0.93360901,40.10000000,0.66680450,0.99857111,0.00031025,0.00105328,-0.00916079,0.17000000,37.42818609
2023-10-23,14,BNB-231027-190-C,BNBUSDT,C,231027-190,23.20000000,23.20000000,23.20000000,23.20000000,0E-8,0E-8,24.80000000,33.00000000,7.90000000,11.85000000,"",1.65337563,30.10000000,1.02668781,0.92500632,0.00623575,0.03129462,-0.43320947,10.02000000,2197.46387053
2023-10-23,18,BNB-231027-230-C,BNBUSDT,C,231027-230,1.20000000,1.20000000,0.70000000,0.90000000,345.36000000,345.36000000,0.70000000,1.20000000,20.03000000,0.30000000,"",0.47701120,0.90000000,0.43850560,0.18802492,0.02822335,0.05874000,-0.36363859,1374.85000000,304068.41546357
2023-10-23,21,BNB-231027-215-P,BNBUSDT,P,231027-215,2.90000000,2.90000000,1.60000000,1.70000000,253.46000000,253.46000000,0.30000000,0.90000000,50.00000000,51.00000000,"",0.45466483,0.70000000,0.42733241,-0.15360059,0.02556662,0.05135170,-0.32113420,267.79000000,60029.20287397
2023-10-23,03,BNB-231027-205-C,BNBUSDT,C,231027-205,11.00000000,11.90000000,11.00000000,11.90000000,0.47000000,0.47000000,14.70000000,20.10000000,10.70000000,8.61000000,"",0.99556923,18.20000000,0.69778461,0.86759523,0.01293538,0.05085120,-0.42579707,7.49000000,1663.45918571
2023-10-23,04,BNB-231027-200-C,BNBUSDT,C,231027-200,16.40000000,17.70000000,16.40000000,17.70000000,12.60000000,12.60000000,18.40000000,24.60000000,21.22000000,8.17000000,"",1.15130424,22.60000000,0.77565212,0.90185388,0.00946820,0.04080590,-0.38364959,21.00000000,4658.80266222
2023-10-23,08,BNB-231027-210-C,BNBUSDT,C,231027-210,6.40000000,6.40000000,6.40000000,6.40000000,0E-8,0E-8,0.10000000,20.00000000,1.00000000,1.49000000,"",1.56682014,15.10000000,0.98341007,0.70429450,0.01528194,0.07939018,-0.98618364,13.00000000,2869.35217608
2023-10-23,09,BNB-231027-180-C,BNBUSDT,C,231027-180,33.40000000,33.40000000,33.40000000,33.40000000,0E-8,0E-8,33.20000000,44.90000000,7.64000000,11.56000000,"",2.32947350,39.90000000,1.20000000,0.95081989,0.00373282,0.02312803,-0.35430076,0.17000000,37.28420193
2023-10-23,11,BNB-231027-225-C,BNBUSDT,C,231027-225,1.10000000,2.80000000,1.10000000,1.80000000,16.12000000,16.12000000,1.30000000,2.00000000,8.21000000,50.00000000,"",0.43426633,1.80000000,0.41713316,0.31372693,0.03767667,0.08001727,-0.43536205,161.70000000,35600.80994247
2023-10-23,17,BNB-231027-225-P,BNBUSDT,P,231027-225,13.50000000,13.50000000,6.40000000,6.40000000,250.01000000,250.01000000,4.90000000,7.90000000,14.45000000,10.65000000,"",0.61037540,7.00000000,0.50518770,-0.64638731,0.03367860,0.08123626,-0.57264315,251.32000000,55437.54792534
2023-10-23,03,BNB-231027-210-C,BNBUSDT,C,231027-210,6.40000000,6.40000000,6.40000000,6.40000000,0.27000000,0.27000000,10.50000000,14.30000000,19.90000000,21.53000000,"",0.70535660,13.30000000,0.55267830,0.83700921,0.01877304,0.05845312,-0.38766820,13.00000000,2887.17882700
2023-10-23,03,BNB-231027-220-C,BNBUSDT,C,231027-220,1.90000000,3.50000000,1.90000000,3.50000000,5.93000000,5.93000000,3.70000000,5.00000000,50.00000000,50.00000000,"",0.40622711,4.90000000,0.40311356,0.59778968,0.04043586,0.09183216,-0.44422423,396.66000000,88094.48873214
2023-10-23,07,BNB-231027-205-C,BNBUSDT,C,231027-205,11.00000000,11.90000000,11.00000000,11.90000000,0.47000000,0.47000000,13.00000000,17.70000000,20.84000000,18.57000000,"",0.97179890,15.80000000,0.68589945,0.83771799,0.01558394,0.05641758,-0.48370841,7.49000000,1643.19955242
2023-10-23,18,BNB-231027-190-C,BNBUSDT,C,231027-190,23.20000000,23.20000000,23.20000000,23.20000000,0E-8,0E-8,26.00000000,34.30000000,13.63000000,13.81000000,"",1.65025711,31.70000000,1.02512856,0.93998029,0.00533524,0.02595866,-0.37568290,10.02000000,2216.07122446
2023-10-23,02,BNB-231027-220-C,BNBUSDT,C,231027-220,1.90000000,2.70000000,1.90000000,2.70000000,3.93000000,3.93000000,2.80000000,3.50000000,14.72000000,2.00000000,"",0.36019206,3.80000000,0.40000000,0.51726477,0.04214095,0.09424145,-0.44787892,398.66000000,87743.06421652
2023-10-23,18,BNB-231027-215-P,BNBUSDT,P,231027-215,2.90000000,2.90000000,1.60000000,1.70000000,253.46000000,253.46000000,0.80000000,1.40000000,20.45000000,50.00000000,"",0.43091059,1.20000000,0.41545529,-0.23844801,0.03422508,0.06748681,-0.39582580,267.79000000,59225.71987998
2023-10-23,02,BNB-231027-225-C,BNBUSDT,C,231027-225,1.10000000,1.90000000,1.10000000,1.90000000,14.36000000,14.36000000,1.50000000,2.10000000,9.43000000,50.00000000,"",0.42519152,1.90000000,0.41259576,0.32134089,0.03672021,0.08470470,-0.41523213,164.80000000,36271.65249306
2023-10-23,19,BNB-231027-200-C,BNBUSDT,C,231027-200,17.70000000,21.00000000,17.70000000,21.00000000,12.80000000,12.80000000,18.50000000,24.70000000,10.21000000,17.60000000,"",1.21058464,22.80000000,0.80529232,0.91464210,0.00891177,0.03395352,-0.39060602,21.00000000,4663.94137419
2023-10-23,05,BNB-231027-225-C,BNBUSDT,C,231027-225,1.10000000,1.90000000,1.10000000,1.70000000,14.96000000,14.96000000,1.80000000,2.80000000,20.12000000,50.00000000,"",0.44448912,2.60000000,0.42224456,0.38441873,0.03856375,0.08965296,-0.46353509,164.20000000,36426.19520706
2023-10-23,18,BNB-231027-225-C,BNBUSDT,C,231027-225,1.80000000,2.80000000,1.10000000,2.00000000,297.24000000,297.24000000,2.00000000,2.20000000,2.20000000,50.00000000,"",0.43517411,2.00000000,0.42274892,0.34753775,0.04011333,0.08048619,-0.48035774,421.92000000,93313.84940349
2023-10-23,06,BNB-231027-200-C,BNBUSDT,C,231027-200,16.40000000,17.70000000,16.40000000,17.70000000,12.60000000,12.60000000,18.20000000,24.40000000,21.44000000,17.83000000,"",1.32288456,21.50000000,0.86144228,0.86537447,0.01085849,0.05020450,-0.53502871,21.00000000,4627.52654406
2023-10-23,06,BNB-231027-215-P,BNBUSDT,P,231027-215,4.40000000,4.40000000,2.90000000,2.90000000,2.47000000,2.47000000,1.00000000,1.60000000,12.46000000,0.47000000,"",0.39508820,1.60000000,0.40000000,-0.27942912,0.03628946,0.07790902,-0.38552807,17.79000000,3920.17605804
2023-10-23,08,BNB-231027-230-P,BNBUSDT,P,231027-230,13.90000000,13.90000000,13.90000000,13.90000000,0E-8,0E-8,8.70000000,12.60000000,18.77000000,8.53000000,"",0.74725389,11.20000000,0.57362695,-0.74554591,0.02432820,0.07372133,-0.53416945,1.15000000,253.82730788
2023-10-23,19,BNB-231027-215-C,BNBUSDT,C,231027-215,5.70000000,7.80000000,4.90000000,6.70000000,504.83000000,504.83000000,6.90000000,10.00000000,14.58000000,13.08000000,"",0.67356825,8.90000000,0.53678412,0.74099897,0.02772603,0.07041327,-0.53995145,360.23000000,80004.36196307
2023-10-23,09,BNB-231027-225-C,BNBUSDT,C,231027-225,1.10000000,2.80000000,1.10000000,1.80000000,16.12000000,16.12000000,1.10000000,1.80000000,13.43000000,50.00000000,"",0.43631852,1.60000000,0.41815926,0.28606111,0.03579373,0.07728030,-0.41253674,161.70000000,35463.85559686
2023-10-23,15,BNB-231027-230-C,BNBUSDT,C,231027-230,0.70000000,1.20000000,0.70000000,0.80000000,124.96000000,124.96000000,0.80000000,0.90000000,9.90000000,50.00000000,"",0.47761738,0.80000000,0.46827197,0.16015616,0.02365700,0.05350845,-0.34167857,1160.20000000,254433.66513198
2023-10-23,21,BNB-231027-215-C,BNBUSDT,C,231027-215,5.70000000,7.80000000,4.90000000,6.70000000,504.83000000,504.83000000,0.10000000,10.00000000,31.00000000,0.50000000,"",0.45840979,9.80000000,0.42920489,0.84538485,0.02556618,0.05157583,-0.32394911,360.23000000,80751.03533101
2023-10-23,22,BNB-231027-225-C,BNBUSDT,C,231027-225,1.80000000,3.00000000,1.10000000,3.00000000,302.61000000,302.61000000,4.40000000,8.00000000,21.88000000,1.00000000,"",0.58138847,7.20000000,0.49069424,0.68966639,0.03251480,0.07808289,-0.56762510,417.29000000,95859.08375894
2023-10-23,05,BNB-231027-190-P,BNBUSDT,P,231027-190,0.10000000,0.20000000,0.10000000,0.20000000,1069.48000000,1069.48000000,0.10000000,0.20000000,32.59000000,50.00000000,"",0.78136146,0.10000000,0.74056596,-0.02182732,0.00300038,0.01223378,-0.11093754,1107.28000000,245639.44840970
2023-10-23,07,BNB-231027-215-C,BNBUSDT,C,231027-215,2.20000000,7.80000000,2.20000000,7.70000000,84.75000000,84.75000000,5.20000000,6.40000000,50.00000000,50.00000000,"",0.41414261,6.30000000,0.40707130,0.69253590,0.03758805,0.08076013,-0.41093795,239.58000000,52560.44709862
2023-10-23,15,BNB-231027-190-C,BNBUSDT,C,231027-190,23.20000000,23.20000000,23.20000000,23.20000000,0E-8,0E-8,25.00000000,33.20000000,16.76000000,16.67000000,"",1.70795441,30.10000000,1.05397720,0.92064592,0.00637874,0.03247363,-0.46672313,10.02000000,2197.40158992
2023-10-23,15,BNB-231027-210-P,BNBUSDT,P,231027-210,1.00000000,1.00000000,0.50000000,0.50000000,0.95000000,0.95000000,0.60000000,0.70000000,26.43000000,16.30000000,"",0.41706741,0.60000000,0.40853370,-0.14092922,0.02490118,0.04913744,-0.27373959,156.91000000,34410.60713313
2023-10-23,09,BNB-231027-215-P,BNBUSDT,P,231027-215,2.90000000,2.90000000,2.90000000,2.90000000,2.00000000,2.00000000,1.10000000,1.60000000,17.37000000,0.47000000,"",0.37160873,1.80000000,0.40000000,-0.30688999,0.03864391,0.07981071,-0.40754286,17.79000000,3901.68207216
2023-10-23,15,BNB-231027-215-C,BNBUSDT,C,231027-215,3.50000000,7.80000000,2.30000000,6.40000000,305.32000000,305.32000000,5.90000000,6.10000000,9.61000000,50.00000000,"",0.41013479,6.00000000,0.40506740,0.69337283,0.03943913,0.07716481,-0.42622975,160.38000000,35171.58353203
2023-10-23,15,BNB-231027-230-P,BNBUSDT,P,231027-230,13.90000000,13.90000000,13.00000000,13.00000000,0.10000000,0.10000000,9.30000000,12.50000000,17.48000000,0.14000000,"",0.62058449,11.80000000,0.51029224,-0.81804554,0.02355601,0.05806110,-0.40401865,1.24000000,271.93392929
2023-10-23,19,BNB-231027-220-C,BNBUSDT,C,231027-220,2.70000000,3.60000000,1.80000000,1.90000000,261.86000000,261.86000000,3.60000000,4.10000000,50.00000000,1.00000000,"",0.33765078,4.60000000,0.40000000,0.60444613,0.04427229,0.08378363,-0.47876201,649.24000000,144191.29989424
2023-10-23,01,BNB-231027-190-C,BNBUSDT,C,231027-190,23.20000000,23.20000000,23.20000000,23.20000000,0E-8,0E-8,24.50000000,32.60000000,19.85000000,21.76000000,"",1.54308319,29.70000000,0.97154160,0.91950224,0.00650954,0.03527638,-0.40320442,10.02000000,2192.26256348
2023-10-23,04,BNB-231027-215-C,BNBUSDT,C,231027-215,3.40000000,6.80000000,2.20000000,6.80000000,33.77000000,33.77000000,7.00000000,8.10000000,50.00000000,50.20000000,"",0.41351557,8.00000000,0.40675778,0.76871274,0.03176835,0.07179914,-0.35399730,190.60000000,42284.18035329
2023-10-23,05,BNB-231027-200-P,BNBUSDT,P,231027-200,0.40000000,0.40000000,0.40000000,0.40000000,17.00000000,17.00000000,0.10000000,0.20000000,1.00000000,63.24000000,"",0.55912435,0.10000000,0.52754939,-0.02967110,0.00544669,0.01582037,-0.10219597,245.24000000,54404.14197673
2023-10-23,11,BNB-231027-195-C,BNBUSDT,C,231027-195,21.40000000,21.40000000,21.40000000,21.40000000,0E-8,0E-8,21.60000000,28.70000000,13.79000000,14.22000000,"",1.43955231,26.00000000,0.91977615,0.90914334,0.00787980,0.03690064,-0.44269859,11.23000000,2472.46193973
2023-10-23,19,BNB-231027-190-P,BNBUSDT,P,231027-190,0.20000000,0.20000000,0.10000000,0.10000000,66.47000000,66.47000000,0.10000000,0.20000000,32.19000000,50.00000000,"",0.84954977,0.10000000,0.80527276,-0.02167026,0.00295852,0.01127157,-0.12966655,1107.28000000,245918.52403872
2023-10-23,22,BNB-231027-205-C,BNBUSDT,C,231027-205,16.50000000,24.60000000,16.50000000,24.60000000,37.16000000,37.16000000,21.10000000,27.90000000,8.85000000,14.45000000,"",1.34140968,25.70000000,0.87070484,0.92209670,0.00756436,0.03223348,-0.41578885,39.65000000,9108.32435726
2023-10-23,00,BNB-231027-195-C,BNBUSDT,C,231027-195,21.40000000,21.40000000,21.40000000,21.40000000,0E-8,0E-8,20.00000000,26.70000000,17.50000000,11.59000000,"",1.28523827,24.20000000,0.84261913,0.89999638,0.00879856,0.04154566,-0.40784942,11.23000000,2452.14800789
2023-10-23,00,BNB-231027-200-P,BNBUSDT,P,231027-200,0.30000000,0.40000000,0.30000000,0.40000000,17.03000000,17.03000000,0.10000000,0.30000000,1.00000000,50.00000000,"",0.51808059,0.10000000,0.46941519,-0.04036638,0.00781256,0.02055103,-0.11239153,245.24000000,53549.84661215
2023-10-23,02,BNB-231027-205-C,BNBUSDT,C,231027-205,11.00000000,11.90000000,11.00000000,11.90000000,0.47000000,0.47000000,13.30000000,18.20000000,20.98000000,9.86000000,"",0.93687534,16.40000000,0.66843767,0.84915645,0.01480726,0.05533669,-0.43947357,7.49000000,1648.51139061
2023-10-23,03,BNB-231027-215-C,BNBUSDT,C,231027-215,3.40000000,6.70000000,2.20000000,6.70000000,31.95000000,31.95000000,7.50000000,8.10000000,50.00000000,0.20000000,"",0.36373138,8.30000000,0.40000000,0.78440253,0.03082512,0.06946491,-0.33343064,192.42000000,42734.68845318
2023-10-23,10,BNB-231027-225-C,BNBUSDT,C,231027-225,1.10000000,2.80000000,1.10000000,1.80000000,16.12000000,16.12000000,1.10000000,1.80000000,10.32000000,50.00000000,"",0.43303072,1.60000000,0.41651536,0.28950543,0.03630794,0.07735632,-0.41574195,161.70000000,35494.51880182
2023-10-23,15,BNB-231027-200-P,BNBUSDT,P,231027-200,0.20000000,0.20000000,0.20000000,0.20000000,28.74000000,28.74000000,0.20000000,0.30000000,9.84000000,50.00000000,"",0.58229864,0.20000000,0.55931687,-0.04751448,0.00805507,0.02176166,-0.16597673,273.98000000,60084.24028000
2023-10-23,00,BNB-231027-205-C,BNBUSDT,C,231027-205,11.00000000,11.90000000,11.00000000,11.90000000,0.47000000,0.47000000,11.00000000,15.20000000,10.11000000,9.57000000,"",0.70863247,14.20000000,0.55431623,0.85918101,0.01702945,0.05289822,-0.34161862,7.49000000,1635.49319493
2023-10-23,01,BNB-231027-205-P,BNBUSDT,P,231027-205,0.80000000,0.90000000,0.80000000,0.80000000,16.08000000,16.08000000,0.30000000,0.50000000,22.50000000,50.00000000,"",0.47037780,0.30000000,0.44222116,-0.08137654,0.01441890,0.03556670,-0.18503886,45.98000000,10059.90345996
2023-10-23,02,BNB-231027-190-P,BNBUSDT,P,231027-190,0.10000000,0.20000000,0.10000000,0.20000000,1069.48000000,1069.48000000,0.10000000,0.20000000,32.59000000,50.00000000,"",0.73953688,0.10000000,0.70050716,-0.02279800,0.00326543,0.01278881,-0.10643916,1107.28000000,243706.76803708
2023-10-23,09,BNB-231027-230-C,BNBUSDT,C,231027-230,0.70000000,1.20000000,0.50000000,0.70000000,87.26000000,87.26000000,0.60000000,1.00000000,10.29000000,50.00000000,"",0.47718763,0.70000000,0.44010550,0.15466215,0.02379352,0.05406743,-0.30376980,1176.20000000,257962.81356233
2023-10-23,10,BNB-231027-200-C,BNBUSDT,C,231027-200,16.40000000,17.70000000,16.40000000,17.70000000,12.60000000,12.60000000,0.10000000,0E-8,1.00000000,0E-8,"",-1E-8,20.60000000,0.80000000,0.87901479,0.01111980,0.04550405,-0.46971782,21.00000000,4609.67776647
2023-10-23,17,BNB-231027-215-P,BNBUSDT,P,231027-215,2.90000000,2.90000000,1.60000000,1.70000000,253.47000000,253.47000000,0.80000000,1.90000000,8.50000000,20.27000000,"",0.47452807,1.60000000,0.43726404,-0.27154545,0.03470442,0.07245556,-0.44207591,267.79000000,59070.59111463
2023-10-23,08,BNB-231027-225-C,BNBUSDT,C,231027-225,1.10000000,2.80000000,1.10000000,1.80000000,16.12000000,16.12000000,1.50000000,2.20000000,11.38000000,50.00000000,"",0.43034315,2.00000000,0.41517158,0.33580654,0.03821463,0.08381291,-0.43953648,161.70000000,35690.32668247
2023-10-23,11,BNB-231027-215-C,BNBUSDT,C,231027-215,2.20000000,7.80000000,2.20000000,6.90000000,235.02000000,235.02000000,5.70000000,6.80000000,50.00000000,50.00000000,"",0.40915012,6.70000000,0.40457506,0.72401807,0.03661540,0.07542222,-0.39800683,89.86000000,19784.09883383
2023-10-23,19,BNB-231027-180-C,BNBUSDT,C,231027-180,33.40000000,48.00000000,33.40000000,48.00000000,2.02000000,2.02000000,35.40000000,47.60000000,19.38000000,10.41000000,"",2.53763199,42.40000000,1.20000000,0.96771538,0.00277001,0.01572643,-0.26959512,2.17000000,481.94060867
2023-10-23,23,BNB-231027-210-C,BNBUSDT,C,231027-210,6.40000000,16.60000000,6.40000000,16.60000000,13.35000000,13.35000000,16.00000000,20.00000000,19.48000000,1.49000000,"",0.86884499,19.00000000,0.63442249,0.92302365,0.01042064,0.03153416,-0.30008868,26.35000000,6016.15179350
2023-10-23,00,BNB-231027-180-C,BNBUSDT,C,231027-180,33.40000000,33.40000000,33.40000000,33.40000000,0E-8,0E-8,32.80000000,44.50000000,13.86000000,14.96000000,"",2.29912758,39.00000000,1.20000000,0.93918763,0.00423783,0.02849754,-0.39841117,0.17000000,37.12067332
2023-10-23,08,BNB-231027-205-P,BNBUSDT,P,231027-205,0.80000000,0.80000000,0.40000000,0.40000000,19.84000000,19.84000000,0.10000000,0.40000000,1.00000000,50.00000000,"",0.50297797,0.20000000,0.45148898,-0.05549997,0.01079687,0.02575128,-0.14685959,59.87000000,13214.47036784
2023-10-23,17,BNB-231027-230-P,BNBUSDT,P,231027-230,13.90000000,13.90000000,10.30000000,10.40000000,150.10000000,150.10000000,8.60000000,12.30000000,22.04000000,12.65000000,"",0.73012829,11.10000000,0.56506414,-0.76507790,0.02488374,0.06713616,-0.52934112,151.24000000,33361.35105932
2023-10-23,19,BNB-231027-205-P,BNBUSDT,P,231027-205,0.40000000,0.40000000,0.40000000,0.40000000,13.89000000,13.89000000,0.10000000,0.40000000,9.23000000,65.09000000,"",0.56933463,0.20000000,0.50041378,-0.04828918,0.00921552,0.02181806,-0.15597175,59.87000000,13296.67476537
2023-10-23,20,BNB-231027-210-P,BNBUSDT,P,231027-210,1.00000000,1.00000000,0.50000000,0.50000000,289.31000000,289.31000000,0.40000000,0.60000000,11.58000000,50.00000000,"",0.47980607,0.40000000,0.45412183,-0.10397865,0.01841513,0.03898159,-0.25593733,445.24000000,98763.93282233
2023-10-23,01,BNB-231027-200-C,BNBUSDT,C,231027-200,16.40000000,17.70000000,16.40000000,17.70000000,12.60000000,12.60000000,16.90000000,22.50000000,12.80000000,21.66000000,"",1.16269112,20.10000000,0.78134556,0.86683410,0.01165564,0.05079854,-0.46695422,21.00000000,4594.56225879
2023-10-23,04,BNB-231027-220-P,BNBUSDT,P,231027-220,7.70000000,7.70000000,5.80000000,5.80000000,2.00000000,2.00000000,1.80000000,3.00000000,19.24000000,50.00000000,"",0.40606916,2.90000000,0.40303458,-0.41900536,0.04112422,0.09209344,-0.44989984,3.26000000,723.22365137
2023-10-23,13,BNB-231027-195-C,BNBUSDT,C,231027-195,21.40000000,21.40000000,21.40000000,21.40000000,0E-8,0E-8,20.10000000,26.80000000,9.64000000,20.39000000,"",1.34050369,24.50000000,0.87025185,0.91045424,0.00838682,0.03586016,-0.41609702,11.23000000,2456.58949490
2023-10-23,16,BNB-231027-225-C,BNBUSDT,C,231027-225,1.10000000,2.80000000,1.10000000,2.00000000,277.01000000,277.01000000,1.20000000,2.10000000,14.71000000,50.00000000,"",0.42997956,1.90000000,0.41498978,0.33500822,0.03988198,0.08019468,-0.45903265,399.14000000,88180.08242011
2023-10-23,13,BNB-231027-205-C,BNBUSDT,C,231027-205,11.00000000,11.90000000,11.00000000,11.90000000,0.47000000,0.47000000,11.80000000,16.20000000,21.70000000,22.16000000,"",0.86927891,14.80000000,0.63463945,0.85004114,0.01657144,0.05167224,-0.43724191,7.49000000,1638.45550461
2023-10-23,13,BNB-231027-225-C,BNBUSDT,C,231027-225,1.10000000,2.80000000,1.10000000,1.10000000,16.36000000,16.36000000,0.90000000,1.50000000,20.77000000,50.00000000,"",0.43088496,1.30000000,0.41544248,0.25616887,0.03495386,0.07134706,-0.39520680,161.70000000,35372.26369769
2023-10-23,14,BNB-231027-225-C,BNBUSDT,C,231027-225,1.10000000,2.80000000,1.10000000,1.10000000,16.36000000,16.36000000,0.90000000,1.60000000,20.77000000,50.00000000,"",0.42230010,1.50000000,0.41115005,0.27642229,0.03680013,0.07395919,-0.40999859,161.70000000,35462.06665317
2023-10-23,17,BNB-231027-215-C,BNBUSDT,C,231027-215,5.70000000,7.80000000,4.90000000,6.00000000,504.18000000,504.18000000,6.00000000,6.70000000,50.00000000,0.65000000,"",0.37193298,6.80000000,0.40000000,0.74567343,0.03668771,0.07006865,-0.39107959,360.38000000,79494.60258370
2023-10-23,04,BNB-231027-190-P,BNBUSDT,P,231027-190,0.10000000,0.20000000,0.10000000,0.20000000,1069.48000000,1069.48000000,0.10000000,0.20000000,32.59000000,50.00000000,"",0.77532411,0.10000000,0.73481470,-0.02189139,0.00301754,0.01232025,-0.10973426,1107.28000000,245647.57199157
2023-10-23,02,BNB-231027-190-C,BNBUSDT,C,231027-190,23.20000000,23.20000000,23.20000000,23.20000000,0E-8,0E-8,26.10000000,34.70000000,11.48000000,13.55000000,"",1.71289444,31.20000000,1.05644722,0.91266483,0.00635700,0.03754718,-0.47128525,10.02000000,2205.35168677
2023-10-23,15,BNB-231027-205-C,BNBUSDT,C,231027-205,11.50000000,11.90000000,11.50000000,11.90000000,0.24000000,0.24000000,12.60000000,16.50000000,8.10000000,5.00000000,"",0.85253239,15.20000000,0.62626619,0.86519139,0.01575915,0.04767123,-0.40711072,7.49000000,1642.56865354
2023-10-23,21,BNB-231027-230-C,BNBUSDT,C,231027-230,1.20000000,1.20000000,0.70000000,1.20000000,345.66000000,345.66000000,1.00000000,1.90000000,5.97000000,51.48000000,"",0.48108697,1.60000000,0.44054348,0.27742009,0.03508654,0.07265156,-0.46838139,1374.85000000,308193.54558153
