date,strike,maturity,true_price,computed_price,abs_error
10-Mar-2026,80.7281,0.00821918,20.2018,20.2017,0.000108471
10-Mar-2026,85.7737,0.00821918,15.1576,15.1573,0.000271478
10-Mar-2026,90.8192,0.00821918,10.1133,10.1131,0.000234063
10-Mar-2026,95.8647,0.00821918,5.06981,5.0723,0.00249256
10-Mar-2026,100.91,0.00821918,0.663942,0.739993,0.0760508
10-Mar-2026,105.956,0.00821918,0.000225143,0.000456469,0.000231326
10-Mar-2026,111.001,0.00821918,4.64692e-13,7.31357e-13,2.66665e-13
10-Mar-2026,116.047,0.00821918,1.38576e-15,-6.57829e-16,2.04359e-15
10-Mar-2026,121.092,0.00821918,1.44525e-15,-7.11139e-16,2.15639e-15
10-Mar-2026,80.7281,0.0273973,20.2744,20.2742,0.000155958
10-Mar-2026,85.7737,0.0273973,15.2347,15.2353,0.000591229
10-Mar-2026,90.8192,0.0273973,10.1999,10.2137,0.013804
10-Mar-2026,95.8647,0.0273973,5.29326,5.38413,0.0908741
10-Mar-2026,100.91,0.0273973,1.46094,1.60682,0.145879
10-Mar-2026,105.956,0.0273973,0.100293,0.122154,0.0218607
10-Mar-2026,111.001,0.0273973,0.000627359,0.00061491,1.24487e-05
10-Mar-2026,116.047,0.0273973,2.12531e-07,1.85956e-07,2.65754e-08
10-Mar-2026,121.092,0.0273973,6.67097e-12,1.2161e-11,5.49007e-12
10-Mar-2026,80.7281,0.0465753,20.3337,20.3345,0.000815287
10-Mar-2026,85.7737,0.0465753,15.2996,15.3081,0.00846133
10-Mar-2026,90.8192,0.0465753,10.2955,10.3443,0.0488437
10-Mar-2026,95.8647,0.0465753,5.54708,5.69309,0.146012
10-Mar-2026,100.91,0.0465753,1.88909,2.05928,0.170193
10-Mar-2026,105.956,0.0465753,0.26688,0.304379,0.0374992
10-Mar-2026,111.001,0.0465753,0.00897041,0.00843591,0.000534504
10-Mar-2026,116.047,0.0465753,5.34735e-05,4.09087e-05,1.25648e-05
10-Mar-2026,121.092,0.0465753,7.73897e-08,7.59295e-08,1.46016e-09
10-Mar-2026,80.7281,0.0630137,20.414,20.4209,0.00688912
10-Mar-2026,85.7737,0.0630137,15.3961,15.4273,0.0312441
10-Mar-2026,90.8192,0.0630137,10.459,10.5568,0.0978069
10-Mar-2026,95.8647,0.0630137,5.88625,6.07672,0.190466
10-Mar-2026,100.91,0.0630137,2.35103,2.53721,0.186182
10-Mar-2026,105.956,0.0630137,0.515281,0.565571,0.0502899
10-Mar-2026,111.001,0.0630137,0.0442789,0.0413522,0.00292668
10-Mar-2026,116.047,0.0630137,0.00124936,0.000914234,0.000335126
10-Mar-2026,121.092,0.0630137,1.413e-05,1.02167e-05,3.91327e-06
10-Mar-2026,80.7281,0.0849315,20.4837,20.5004,0.0166527
10-Mar-2026,85.7737,0.0849315,15.4878,15.5422,0.0543928
10-Mar-2026,90.8192,0.0849315,10.6144,10.7452,0.130808
10-Mar-2026,95.8647,0.0849315,6.15597,6.36784,0.211868
10-Mar-2026,100.91,0.0849315,2.68182,2.87391,0.192086
10-Mar-2026,105.956,0.0849315,0.724303,0.78184,0.0575365
10-Mar-2026,111.001,0.0849315,0.0946148,0.0891014,0.00551338
10-Mar-2026,116.047,0.0849315,0.00524459,0.0038576,0.00138699
10-Mar-2026,121.092,0.0849315,0.00014344,9.34648e-05,4.99752e-05
10-Mar-2026,80.7281,0.0575342,20.387,20.3911,0.00406195
10-Mar-2026,85.7737,0.0575342,15.3623,15.3849,0.022639
10-Mar-2026,90.8192,0.0575342,10.401,10.4833,0.0823148
10-Mar-2026,95.8647,0.0575342,5.77474,5.95317,0.178427
10-Mar-2026,100.91,0.0575342,2.20665,2.3889,0.182247
10-Mar-2026,105.956,0.0575342,0.431466,0.478186,0.0467197
10-Mar-2026,111.001,0.0575342,0.0292591,0.0273071,0.00195201
10-Mar-2026,116.047,0.0575342,0.000560335,0.000412643,0.000147692
10-Mar-2026,121.092,0.0575342,3.80497e-06,2.95307e-06,8.51897e-07
10-Mar-2026,80.7281,0.139726,20.7253,20.7815,0.0561975
10-Mar-2026,85.7737,0.139726,15.8234,15.9379,0.114486
10-Mar-2026,90.8192,0.139726,11.1333,11.3212,0.187877
10-Mar-2026,95.8647,0.139726,6.91246,7.14617,0.233709
10-Mar-2026,100.91,0.139726,3.53634,3.73056,0.194225
10-Mar-2026,105.956,0.139726,1.34332,1.41996,0.0766384
10-Mar-2026,111.001,0.139726,0.33264,0.327252,0.00538833
10-Mar-2026,116.047,0.139726,0.0499815,0.0405947,0.00938683
10-Mar-2026,121.092,0.139726,0.00492491,0.00314043,0.00178448
10-Mar-2026,80.7281,0.219178,21.0764,21.169,0.0926391
10-Mar-2026,85.7737,0.219178,16.2991,16.4477,0.148648
10-Mar-2026,90.8192,0.219178,11.7835,11.9865,0.20296
10-Mar-2026,95.8647,0.219178,7.73444,7.96103,0.226587
10-Mar-2026,100.91,0.219178,4.41233,4.60507,0.19274
10-Mar-2026,105.956,0.219178,2.05444,2.16104,0.106598
10-Mar-2026,111.001,0.219178,0.723693,0.745429,0.0217356
10-Mar-2026,116.047,0.219178,0.183982,0.172271,0.0117108
10-Mar-2026,121.092,0.219178,0.0349895,0.0268047,0.00818485
10-Mar-2026,80.7281,0.306849,21.5255,21.633,0.107495
10-Mar-2026,85.7737,0.306849,16.8746,17.0275,0.152891
10-Mar-2026,90.8192,0.306849,12.5065,12.6997,0.193184
10-Mar-2026,95.8647,0.306849,8.58283,8.79621,0.21338
10-Mar-2026,100.91,0.306849,5.29543,5.49554,0.200111
10-Mar-2026,105.956,0.306849,2.82129,2.97117,0.149879
10-Mar-2026,111.001,0.306849,1.2382,1.31668,0.0784782
10-Mar-2026,116.047,0.306849,0.432774,0.450959,0.0181853
10-Mar-2026,121.092,0.306849,0.121771,0.115473,0.0062975
10-Mar-2026,80.7281,0.391781,21.9565,22.0615,0.10497
10-Mar-2026,85.7737,0.391781,17.4035,17.547,0.143509
10-Mar-2026,90.8192,0.391781,13.1386,13.3191,0.180516
10-Mar-2026,95.8647,0.391781,9.29706,9.50454,0.207481
10-Mar-2026,100.91,0.391781,6.0328,6.24764,0.214838
10-Mar-2026,105.956,0.391781,3.48853,3.6812,0.192668
10-Mar-2026,111.001,0.391781,1.73974,1.87918,0.139439
10-Mar-2026,116.047,0.391781,0.729083,0.799913,0.0708297
10-Mar-2026,121.092,0.391781,0.256617,0.275293,0.0186756
10-Mar-2026,80.7281,0.476712,22.387,22.4833,0.0962891
10-Mar-2026,85.7737,0.476712,17.917,18.0491,0.132119
10-Mar-2026,90.8192,0.476712,13.7352,13.9064,0.171164
10-Mar-2026,95.8647,0.476712,9.95775,10.1658,0.208062
10-Mar-2026,100.91,0.476712,6.7133,6.9469,0.2336
10-Mar-2026,105.956,0.476712,4.12041,4.35447,0.234064
10-Mar-2026,111.001,0.476712,2.24801,2.44741,0.199399
10-Mar-2026,116.047,0.476712,1.06834,1.2021,0.13376
10-Mar-2026,121.092,0.476712,0.439815,0.504017,0.0642018
10-Mar-2026,80.7281,0.558904,22.8028,22.8892,0.0864344
10-Mar-2026,85.7737,0.558904,18.4031,18.5258,0.122697
10-Mar-2026,90.8192,0.558904,14.2896,14.4559,0.166276
10-Mar-2026,95.8647,0.558904,10.5643,10.7773,0.213027
10-Mar-2026,100.91,0.558904,7.33774,7.59104,0.253299
10-Mar-2026,105.956,0.558904,4.71076,4.98221,0.271454
10-Mar-2026,111.001,0.558904,2.74506,2.9986,0.253542
10-Mar-2026,116.047,0.558904,1.42876,1.62537,0.196608
10-Mar-2026,121.092,0.558904,0.659437,0.779872,0.120435
10-Mar-2026,80.7281,0.641096,23.2507,23.3275,0.0767635
10-Mar-2026,85.7737,0.641096,18.9191,19.0345,0.11541
10-Mar-2026,90.8192,0.641096,14.8703,15.0353,0.164979
10-Mar-2026,95.8647,0.641096,11.1944,11.4158,0.221383
10-Mar-2026,100.91,0.641096,7.98651,8.26115,0.274641
10-Mar-2026,105.956,0.641096,5.33247,5.6407,0.308228
10-Mar-2026,111.001,0.641096,3.2865,3.59298,0.306478
10-Mar-2026,116.047,0.641096,1.84623,2.10811,0.261875
10-Mar-2026,121.092,0.641096,0.938374,1.12534,0.186968
10-Mar-2026,80.7281,0.726027,23.6618,23.7314,0.0695855
10-Mar-2026,85.7737,0.726027,19.3874,19.4988,0.111396
10-Mar-2026,90.8192,0.726027,15.3922,15.5587,0.166525
10-Mar-2026,95.8647,0.726027,11.7572,11.9879,0.230675
10-Mar-2026,100.91,0.726027,8.56625,8.85974,0.293486
10-Mar-2026,105.956,0.726027,5.89382,6.23238,0.338555
10-Mar-2026,111.001,0.726027,3.78793,4.13777,0.349843
10-Mar-2026,116.047,0.726027,2.25105,2.5685,0.317445
10-Mar-2026,121.092,0.726027,1.22849,1.47714,0.248645
10-Mar-2026,80.7281,0.810959,24.0844,24.1484,0.0639705
10-Mar-2026,85.7737,0.810959,19.8646,19.9741,0.109483
10-Mar-2026,90.8192,0.810959,15.9201,16.0901,0.169958
10-Mar-2026,95.8647,0.810959,12.3239,12.5647,0.240816
10-Mar-2026,100.91,0.810959,9.1501,9.46171,0.311614
10-Mar-2026,105.956,0.810959,6.4636,6.82995,0.366349
10-Mar-2026,111.001,0.810959,4.3067,4.69602,0.38932
10-Mar-2026,116.047,0.810959,2.68458,3.0539,0.369318
10-Mar-2026,121.092,0.810959,1.5561,1.86572,0.309621
10-Mar-2026,80.7281,0.890411,24.4628,24.5233,0.0605248
10-Mar-2026,85.7737,0.890411,20.2891,20.3984,0.109297
10-Mar-2026,90.8192,0.890411,16.3869,16.5611,0.174161
10-Mar-2026,95.8647,0.890411,12.8233,13.0733,0.249955
10-Mar-2026,100.91,0.890411,9.66469,9.99126,0.326573
10-Mar-2026,105.956,0.890411,6.96884,7.35731,0.38847
10-Mar-2026,111.001,0.890411,4.77351,5.19408,0.420566
10-Mar-2026,116.047,0.890411,3.08513,3.49625,0.411118
10-Mar-2026,121.092,0.890411,1.87137,2.23217,0.360799
10-Mar-2026,80.7281,0.967123,24.8263,24.8847,0.0583807
10-Mar-2026,85.7737,0.967123,20.6946,20.8049,0.110281
10-Mar-2026,90.8192,0.967123,16.831,17.0097,0.178677
10-Mar-2026,95.8647,0.967123,13.2969,13.5555,0.25859
10-Mar-2026,100.91,0.967123,10.1528,10.4925,0.339747
10-Mar-2026,105.956,0.967123,7.45029,7.85772,0.407429
10-Mar-2026,111.001,0.967123,5.22334,5.67055,0.447212
10-Mar-2026,116.047,0.967123,3.47891,3.92613,0.44722
10-Mar-2026,121.092,0.967123,2.19103,2.59733,0.406304
11-Mar-2026,90.184,0.00547945,10.0349,10.0344,0.000464401
11-Mar-2026,95.1942,0.00547945,5.02558,5.02549,9.20767e-05
11-Mar-2026,100.204,0.00547945,0.570789,0.599876,0.0290875
11-Mar-2026,105.215,0.00547945,3.20262e-05,2.34567e-05,8.56948e-06
11-Mar-2026,80.1635,0.0246575,20.1243,20.1239,0.000416562
11-Mar-2026,85.1738,0.0246575,15.1193,15.1194,0.000100587
11-Mar-2026,90.184,0.0246575,10.1198,10.129,0.00915348
11-Mar-2026,95.1942,0.0246575,5.25666,5.31334,0.056684
11-Mar-2026,100.204,0.0246575,1.48036,1.53883,0.0584748
11-Mar-2026,105.215,0.0246575,0.114716,0.102517,0.0121986
11-Mar-2026,110.225,0.0246575,0.00103576,0.000361623,0.000674137
11-Mar-2026,115.235,0.0246575,6.2031e-07,6.74393e-08,5.52871e-07
11-Mar-2026,120.245,0.0246575,3.16207e-11,2.67903e-12,2.89417e-11
11-Mar-2026,80.1635,0.0438356,20.182,20.1824,0.000378887
11-Mar-2026,85.1738,0.0438356,15.183,15.1894,0.00644859
11-Mar-2026,90.184,0.0438356,10.2188,10.2548,0.0360166
11-Mar-2026,95.1942,0.0438356,5.53068,5.62186,0.0911812
11-Mar-2026,100.204,0.0438356,1.93953,2.0014,0.0618744
11-Mar-2026,105.215,0.0438356,0.307639,0.279023,0.0286157
11-Mar-2026,110.225,0.0438356,0.0139417,0.00669845,0.00724325
11-Mar-2026,115.235,0.0438356,0.000132185,2.74818e-05,0.000104703
11-Mar-2026,120.245,0.0438356,3.02111e-07,4.41501e-08,2.57961e-07
11-Mar-2026,80.1635,0.060274,20.2606,20.2663,0.00568095
11-Mar-2026,85.1738,0.060274,15.2803,15.3056,0.0252927
11-Mar-2026,90.184,0.060274,10.3924,10.4643,0.0718597
11-Mar-2026,95.1942,0.060274,5.89237,6.00653,0.114163
11-Mar-2026,100.204,0.060274,2.42732,2.48454,0.0572194
11-Mar-2026,105.215,0.060274,0.586162,0.537011,0.0491511
11-Mar-2026,110.225,0.060274,0.0631117,0.0365786,0.0265331
11-Mar-2026,115.235,0.060274,0.0025137,0.000753002,0.0017607
11-Mar-2026,120.245,0.060274,4.05422e-05,8.0586e-06,3.24836e-05
11-Mar-2026,80.1635,0.0821918,20.3296,20.3439,0.014278
11-Mar-2026,85.1738,0.0821918,15.3747,15.4185,0.0438363
11-Mar-2026,90.184,0.0821918,10.5573,10.6513,0.0940414
11-Mar-2026,95.1942,0.0821918,6.17674,6.29813,0.121394
11-Mar-2026,100.204,0.0821918,2.77318,2.82302,0.0498387
11-Mar-2026,105.215,0.0821918,0.815082,0.751829,0.0632527
11-Mar-2026,110.225,0.0821918,0.128229,0.0817212,0.0465078
11-Mar-2026,115.235,0.0821918,0.00941465,0.00338067,0.00603398
11-Mar-2026,120.245,0.0821918,0.000345627,8.03845e-05,0.000265243
11-Mar-2026,80.1635,0.0547945,20.234,20.2373,0.00326231
11-Mar-2026,85.1738,0.0547945,15.2459,15.2641,0.0182206
11-Mar-2026,90.184,0.0547945,10.3307,10.3915,0.0608152
11-Mar-2026,95.1942,0.0547945,5.77402,5.88266,0.108644
11-Mar-2026,100.204,0.0547945,2.27553,2.33501,0.0594844
11-Mar-2026,105.215,0.0547945,0.493116,0.450436,0.0426802
11-Mar-2026,110.225,0.0547945,0.042771,0.0235922,0.0191788
11-Mar-2026,115.235,0.0547945,0.00119557,0.000325679,0.000869891
11-Mar-2026,120.245,0.0547945,1.19369e-05,2.18916e-06,9.74774e-06
11-Mar-2026,80.1635,0.136986,20.5737,20.6205,0.0467953
11-Mar-2026,85.1738,0.136986,15.7234,15.8102,0.0867949
11-Mar-2026,90.184,0.136986,11.1017,11.2244,0.122726
11-Mar-2026,95.1942,0.136986,6.96304,7.0757,0.112665
11-Mar-2026,100.204,0.136986,3.65619,3.68066,0.0244748
11-Mar-2026,105.215,0.136986,1.47506,1.38771,0.0873545
11-Mar-2026,110.225,0.136986,0.41127,0.313537,0.0977335
11-Mar-2026,115.235,0.136986,0.0736921,0.0380579,0.0356342
11-Mar-2026,120.245,0.136986,0.00879071,0.0029283,0.00586241
11-Mar-2026,80.1635,0.216438,20.9324,21.0033,0.0709497
11-Mar-2026,85.1738,0.216438,16.2147,16.3157,0.100993
11-Mar-2026,90.184,0.216438,11.7724,11.8858,0.113421
11-Mar-2026,95.1942,0.216438,7.80375,7.88772,0.0839722
11-Mar-2026,100.204,0.216438,4.54823,4.55395,0.00571604
11-Mar-2026,105.215,0.216438,2.21187,2.12755,0.0843222
11-Mar-2026,110.225,0.216438,0.843126,0.727553,0.115573
11-Mar-2026,115.235,0.216438,0.2408,0.166248,0.0745524
11-Mar-2026,120.245,0.216438,0.0522779,0.0256996,0.0265783
11-Mar-2026,80.1635,0.30411,21.3897,21.4619,0.0722023
11-Mar-2026,85.1738,0.30411,16.8023,16.8902,0.0879165
11-Mar-2026,90.184,0.30411,12.5076,12.5942,0.0866492
11-Mar-2026,95.1942,0.30411,8.66036,8.71913,0.0587747
11-Mar-2026,100.204,0.30411,5.43622,5.44225,0.00603105
11-Mar-2026,105.215,0.30411,2.98993,2.9365,0.0534292
11-Mar-2026,110.225,0.30411,1.38509,1.29663,0.0884637
11-Mar-2026,115.235,0.30411,0.524086,0.441891,0.0821951
11-Mar-2026,120.245,0.30411,0.162202,0.112637,0.0495649
11-Mar-2026,80.1635,0.389041,21.8254,21.8854,0.0599592
11-Mar-2026,85.1738,0.389041,17.3368,17.4049,0.0681158
11-Mar-2026,90.184,0.389041,13.1437,13.2093,0.0655896
11-Mar-2026,95.1942,0.389041,9.37458,9.42388,0.0493021
11-Mar-2026,100.204,0.389041,6.17062,6.19191,0.021288
11-Mar-2026,105.215,0.389041,3.65755,3.64508,0.0124688
11-Mar-2026,110.225,0.389041,1.8987,1.85784,0.0408586
11-Mar-2026,115.235,0.389041,0.843564,0.789195,0.0543689
11-Mar-2026,120.245,0.389041,0.319362,0.271003,0.0483595
11-Mar-2026,80.1635,0.473973,22.2581,22.3022,0.0441495
11-Mar-2026,85.1738,0.473973,17.852,17.9023,0.0503151
11-Mar-2026,90.184,0.473973,13.7396,13.7922,0.0526151
11-Mar-2026,95.1942,0.473973,10.0308,10.0815,0.050665
11-Mar-2026,100.204,0.473973,6.84396,6.88835,0.0443896
11-Mar-2026,105.215,0.473973,4.28432,4.31644,0.0321167
11-Mar-2026,110.225,0.473973,2.41071,2.42473,0.014023
11-Mar-2026,115.235,0.473973,1.19772,1.19024,0.00747785
11-Mar-2026,120.245,0.473973,0.52191,0.49871,0.0232001
11-Mar-2026,80.1635,0.556164,22.6737,22.7035,0.0297703
11-Mar-2026,85.1738,0.556164,18.3369,18.3745,0.037563
11-Mar-2026,90.184,0.556164,14.2902,14.3375,0.047307
11-Mar-2026,95.1942,0.556164,10.6303,10.6892,0.058934
11-Mar-2026,100.204,0.556164,7.45905,7.5294,0.0703544
11-Mar-2026,105.215,0.556164,4.86658,4.94187,0.0752879
11-Mar-2026,110.225,0.556164,2.90626,2.97433,0.0680722
11-Mar-2026,115.235,0.556164,1.56632,1.61245,0.0461277
11-Mar-2026,120.245,0.556164,0.756321,0.773827,0.0175063
11-Mar-2026,80.1635,0.638356,23.1196,23.1366,0.017001
11-Mar-2026,85.1738,0.638356,18.8492,18.8783,0.0290506
11-Mar-2026,90.184,0.638356,14.8645,14.9122,0.0477429
11-Mar-2026,95.1942,0.638356,11.2508,11.3234,0.072619
11-Mar-2026,100.204,0.638356,8.09604,8.19582,0.0997817
11-Mar-2026,105.215,0.638356,5.47741,5.5974,0.119994
11-Mar-2026,110.225,0.638356,3.44232,3.56658,0.124257
11-Mar-2026,115.235,0.638356,1.98734,2.09383,0.106487
11-Mar-2026,120.245,0.638356,1.04671,1.11852,0.0718132
11-Mar-2026,80.1635,0.723288,23.5273,23.5358,0.00850446
11-Mar-2026,85.1738,0.723288,19.3126,19.3379,0.0253369
11-Mar-2026,90.184,0.723288,15.3791,15.4313,0.0521691
11-Mar-2026,95.1942,0.723288,11.8037,11.8914,0.0876755
11-Mar-2026,100.204,0.723288,8.66402,8.79071,0.126689
11-Mar-2026,105.215,0.723288,6.02754,6.186,0.158459
11-Mar-2026,110.225,0.723288,3.93649,4.10903,0.172545
11-Mar-2026,115.235,0.723288,2.39179,2.55267,0.160882
11-Mar-2026,120.245,0.723288,1.34356,1.46946,0.125899
11-Mar-2026,80.1635,0.808219,23.9452,23.9479,0.00268208
11-Mar-2026,85.1738,0.808219,19.7834,19.8084,0.0250021
11-Mar-2026,90.184,0.808219,15.8984,15.9579,0.0595161
11-Mar-2026,95.1942,0.808219,12.3594,12.4638,0.104362
11-Mar-2026,100.204,0.808219,9.23525,9.38862,0.153365
11-Mar-2026,105.215,0.808219,6.58505,6.78007,0.195021
11-Mar-2026,110.225,0.808219,4.44622,4.66452,0.218295
11-Mar-2026,115.235,0.808219,2.82219,3.03615,0.21396
11-Mar-2026,120.245,0.808219,1.67481,1.85692,0.182107
11-Mar-2026,80.1635,0.887671,24.3186,24.3184,0.000216511
11-Mar-2026,85.1738,0.887671,20.2014,20.2283,0.0269118
11-Mar-2026,90.184,0.887671,16.3569,16.4246,0.0677018
11-Mar-2026,95.1942,0.887671,12.8485,12.9682,0.119651
11-Mar-2026,100.204,0.887671,9.73828,9.91431,0.17603
11-Mar-2026,105.215,0.887671,7.07892,7.30404,0.22512
11-Mar-2026,110.225,0.887671,4.90402,5.1598,0.255785
11-Mar-2026,115.235,0.887671,3.21818,3.47648,0.2583
11-Mar-2026,120.245,0.887671,1.99097,2.2221,0.231128
11-Mar-2026,80.1635,0.964384,24.6768,24.6754,0.00139259
11-Mar-2026,85.1738,0.964384,20.6003,20.6305,0.0301879
11-Mar-2026,90.184,0.964384,16.7926,16.869,0.0763681
11-Mar-2026,95.1942,0.964384,13.3121,13.4463,0.134168
11-Mar-2026,100.204,0.964384,10.2152,10.4117,0.196527
11-Mar-2026,105.215,0.964384,7.54929,7.80099,0.251699
11-Mar-2026,110.225,0.964384,5.34462,5.63339,0.288765
11-Mar-2026,115.235,0.964384,3.60637,3.90416,0.297795
11-Mar-2026,120.245,0.964384,2.30971,2.5858,0.27609
12-Mar-2026,80.313,0.00273973,20.0847,20.0845,0.000244612
12-Mar-2026,85.3325,0.00273973,15.0655,15.0654,0.000141156
12-Mar-2026,90.3521,0.00273973,10.0464,10.0462,0.000237691
12-Mar-2026,95.3717,0.00273973,5.02723,5.02697,0.000263007
12-Mar-2026,100.391,0.00273973,0.392104,0.41638,0.0242761
12-Mar-2026,105.411,0.00273973,5.53838e-09,2.57334e-09,2.96504e-09
12-Mar-2026,110.43,0.00273973,3.73591e-15,1.30145e-14,9.27862e-15
12-Mar-2026,115.45,0.00273973,4.88898e-16,2.66521e-15,2.17631e-15
12-Mar-2026,120.469,0.00273973,4.85128e-16,2.64276e-15,2.15764e-15
12-Mar-2026,80.313,0.0219178,20.1557,20.1554,0.000263687
12-Mar-2026,85.3325,0.0219178,15.141,15.1411,0.000105353
12-Mar-2026,90.3521,0.0219178,10.1294,10.1365,0.00705154
12-Mar-2026,95.3717,0.0219178,5.22631,5.28192,0.0556105
12-Mar-2026,100.391,0.0219178,1.3882,1.45709,0.0688946
12-Mar-2026,105.411,0.0219178,0.0841161,0.0761091,0.00800699
12-Mar-2026,110.43,0.0219178,0.000407467,0.00012824,0.000279227
12-Mar-2026,115.45,0.0219178,8.43367e-08,8.07782e-09,7.62589e-08
12-Mar-2026,120.469,0.0219178,1.12334e-12,1.02102e-13,1.02124e-12
12-Mar-2026,80.313,0.0410959,20.2137,20.214,0.000347465
12-Mar-2026,85.3325,0.0410959,15.2042,15.2097,0.00551741
12-Mar-2026,90.3521,0.0410959,10.2216,10.2558,0.0342171
12-Mar-2026,95.3717,0.0410959,5.48831,5.58567,0.0973594
12-Mar-2026,100.391,0.0410959,1.85246,1.92951,0.0770485
12-Mar-2026,105.411,0.0410959,0.259622,0.238149,0.0214725
12-Mar-2026,110.43,0.0410959,0.00882683,0.00404396,0.00478287
12-Mar-2026,115.45,0.0410959,5.21242e-05,1.0164e-05,4.19602e-05
12-Mar-2026,120.469,0.0410959,6.67466e-08,9.90223e-09,5.68444e-08
12-Mar-2026,80.313,0.0575342,20.2923,20.2974,0.00513275
12-Mar-2026,85.3325,0.0575342,15.2988,15.3232,0.0243533
12-Mar-2026,90.3521,0.0575342,10.3862,10.4602,0.0739558
12-Mar-2026,95.3717,0.0575342,5.84215,5.96955,0.1274
12-Mar-2026,100.391,0.0575342,2.34179,2.41849,0.0766999
12-Mar-2026,105.411,0.0575342,0.525011,0.486149,0.0388616
12-Mar-2026,110.43,0.0575342,0.0481693,0.027222,0.0209473
12-Mar-2026,115.45,0.0575342,0.00148684,0.000424347,0.00106249
12-Mar-2026,120.469,0.0575342,1.76803e-05,3.4478e-06,1.42325e-05
12-Mar-2026,80.313,0.0794521,20.3607,20.3744,0.0136563
12-Mar-2026,85.3325,0.0794521,15.3901,15.4343,0.0441866
12-Mar-2026,90.3521,0.0794521,10.5451,10.6451,0.100014
12-Mar-2026,95.3717,0.0794521,6.12283,6.26172,0.138894
12-Mar-2026,100.391,0.0794521,2.68811,2.76003,0.0719197
12-Mar-2026,105.411,0.0794521,0.747259,0.696507,0.0507517
12-Mar-2026,110.43,0.0794521,0.104829,0.0657467,0.0390823
12-Mar-2026,115.45,0.0794521,0.00643545,0.00221222,0.00422323
12-Mar-2026,120.469,0.0794521,0.000191167,4.29118e-05,0.000148255
12-Mar-2026,80.313,0.0520548,20.2658,20.2686,0.00284856
12-Mar-2026,85.3325,0.0520548,15.2655,15.2826,0.0170533
12-Mar-2026,90.3521,0.0520548,10.3273,10.3887,0.0614231
12-Mar-2026,95.3717,0.0520548,5.72585,5.84567,0.119818
12-Mar-2026,100.391,0.0520548,2.18971,2.26741,0.0777049
12-Mar-2026,105.411,0.0520548,0.435545,0.402174,0.0333713
12-Mar-2026,110.43,0.0520548,0.0312826,0.0167362,0.0145464
12-Mar-2026,115.45,0.0520548,0.000645515,0.000167022,0.000478493
12-Mar-2026,120.469,0.0520548,4.47355e-06,8.12261e-07,3.66129e-06
12-Mar-2026,80.313,0.134247,20.6008,20.6496,0.0487641
12-Mar-2026,85.3325,0.134247,15.7298,15.8235,0.0936755
12-Mar-2026,90.3521,0.134247,11.0784,11.2168,0.138444
12-Mar-2026,95.3717,0.134247,6.90483,7.04283,0.137999
12-Mar-2026,100.391,0.134247,3.57348,3.62479,0.0513079
12-Mar-2026,105.411,0.134247,1.39825,1.32826,0.0699912
12-Mar-2026,110.43,0.134247,0.368234,0.280203,0.0880312
12-Mar-2026,115.45,0.134247,0.0605517,0.0303086,0.0302431
12-Mar-2026,120.469,0.134247,0.00652802,0.00205799,0.00447003
12-Mar-2026,80.313,0.213699,20.9546,21.0326,0.0780378
12-Mar-2026,85.3325,0.213699,16.2145,16.3295,0.115029
12-Mar-2026,90.3521,0.213699,11.7447,11.8805,0.135799
12-Mar-2026,95.3717,0.213699,7.74758,7.86039,0.112808
12-Mar-2026,100.391,0.213699,4.47229,4.5061,0.0338074
12-Mar-2026,105.411,0.213699,2.13617,2.07101,0.0651587
12-Mar-2026,110.43,0.213699,0.789515,0.683364,0.106151
12-Mar-2026,115.45,0.213699,0.215479,0.146279,0.0692
12-Mar-2026,120.469,0.213699,0.0442854,0.020722,0.0235634
12-Mar-2026,80.313,0.30137,21.4088,21.493,0.0842152
12-Mar-2026,85.3325,0.30137,16.8002,16.9067,0.106458
12-Mar-2026,90.3521,0.30137,12.4819,12.5932,0.111273
12-Mar-2026,95.3717,0.30137,8.61203,8.69856,0.0865314
12-Mar-2026,100.391,0.30137,5.37237,5.40321,0.0308358
12-Mar-2026,105.411,0.30137,2.92391,2.88651,0.0373968
12-Mar-2026,110.43,0.30137,1.33205,1.24956,0.0824925
12-Mar-2026,115.45,0.30137,0.492039,0.410769,0.0812701
12-Mar-2026,120.469,0.30137,0.147768,0.0991043,0.0486637
12-Mar-2026,80.313,0.386301,21.8445,21.9188,0.0743251
12-Mar-2026,85.3325,0.386301,17.3368,17.4244,0.0876377
12-Mar-2026,90.3521,0.386301,13.1237,13.2125,0.0888237
12-Mar-2026,95.3717,0.386301,9.33656,9.40931,0.0727485
12-Mar-2026,100.391,0.386301,6.12042,6.16026,0.0398359
12-Mar-2026,105.411,0.386301,3.60463,3.60167,0.00295587
12-Mar-2026,110.43,0.386301,1.85342,1.81246,0.0409612
12-Mar-2026,115.45,0.386301,0.812504,0.752813,0.0596909
12-Mar-2026,120.469,0.386301,0.302376,0.249553,0.0528234
12-Mar-2026,80.313,0.471233,22.2793,22.3383,0.0589924
12-Mar-2026,85.3325,0.471233,17.8564,17.9251,0.0686699
12-Mar-2026,90.3521,0.471233,13.7275,13.7997,0.0721859
12-Mar-2026,95.3717,0.471233,10.0047,10.0724,0.0677193
12-Mar-2026,100.391,0.471233,6.80856,6.8633,0.0547375
12-Mar-2026,105.411,0.471233,4.24635,4.27933,0.0329847
12-Mar-2026,110.43,0.471233,2.377,2.38277,0.00576561
12-Mar-2026,115.45,0.471233,1.17278,1.1522,0.0205792
12-Mar-2026,120.469,0.471233,0.50648,0.471596,0.0348837
12-Mar-2026,80.313,0.553425,22.6984,22.7421,0.0436808
12-Mar-2026,85.3325,0.553425,18.3473,18.4004,0.0530509
12-Mar-2026,90.3521,0.553425,14.2873,14.3489,0.0616239
12-Mar-2026,95.3717,0.553425,10.6166,10.6851,0.0685343
12-Mar-2026,100.391,0.553425,7.4385,7.51014,0.0716366
12-Mar-2026,105.411,0.553425,4.84392,4.9105,0.0665822
12-Mar-2026,110.43,0.553425,2.8858,2.93636,0.0505614
12-Mar-2026,115.45,0.553425,1.55066,1.57491,0.0242476
12-Mar-2026,120.469,0.553425,0.745941,0.743523,0.00241787
12-Mar-2026,80.313,0.635616,23.1494,23.178,0.0285975
12-Mar-2026,85.3325,0.635616,18.8674,18.9075,0.0400675
12-Mar-2026,90.3521,0.635616,14.8726,14.9277,0.0551351
12-Mar-2026,95.3717,0.635616,11.2511,11.3243,0.0731823
12-Mar-2026,100.391,0.635616,8.09172,8.18227,0.0905508
12-Mar-2026,105.411,0.635616,5.47165,5.57184,0.10019
12-Mar-2026,110.43,0.635616,3.4374,3.53322,0.0958167
12-Mar-2026,115.45,0.635616,1.98415,2.05822,0.0740733
12-Mar-2026,120.469,0.635616,1.04495,1.08682,0.0418704
12-Mar-2026,80.313,0.720548,23.5628,23.5797,0.0169481
12-Mar-2026,85.3325,0.720548,19.3387,19.3701,0.0314479
12-Mar-2026,90.3521,0.720548,15.3977,15.4503,0.0526484
12-Mar-2026,95.3717,0.720548,11.817,11.8965,0.0795141
12-Mar-2026,100.391,0.720548,8.67457,8.78203,0.107456
12-Mar-2026,105.411,0.720548,6.03731,6.16545,0.128138
12-Mar-2026,110.43,0.720548,3.9464,4.07998,0.133585
12-Mar-2026,115.45,0.720548,2.40148,2.51962,0.118139
12-Mar-2026,120.469,0.720548,1.35191,1.43786,0.085948
12-Mar-2026,80.313,0.805479,23.9872,23.9944,0.0072208
12-Mar-2026,85.3325,0.805479,19.8184,19.8436,0.0252241
12-Mar-2026,90.3521,0.805479,15.9282,15.9805,0.0523436
12-Mar-2026,95.3717,0.805479,12.3861,12.4731,0.0869606
12-Mar-2026,100.391,0.805479,9.26085,9.38463,0.123776
12-Mar-2026,105.411,0.805479,6.6106,6.7644,0.153799
12-Mar-2026,110.43,0.805479,4.47157,4.63987,0.168305
12-Mar-2026,115.45,0.805479,2.84597,3.00618,0.160213
12-Mar-2026,120.469,0.805479,1.69513,1.82641,0.131278
12-Mar-2026,80.313,0.884932,24.3669,24.3672,0.000322294
12-Mar-2026,85.3325,0.884932,20.2445,20.2662,0.0216747
12-Mar-2026,90.3521,0.884932,16.3968,16.4503,0.0535005
12-Mar-2026,95.3717,0.884932,12.8871,12.981,0.0939032
12-Mar-2026,100.391,0.884932,9.77707,9.9143,0.137231
12-Mar-2026,105.411,0.884932,7.11833,7.29253,0.174202
12-Mar-2026,110.43,0.884932,4.94314,5.13906,0.195915
12-Mar-2026,115.45,0.884932,3.25497,3.44952,0.194551
12-Mar-2026,120.469,0.884932,2.02293,2.19318,0.170246
12-Mar-2026,80.313,0.961644,24.7314,24.7264,0.00496709
12-Mar-2026,85.3325,0.961644,20.6514,20.6708,0.0194406
12-Mar-2026,90.3521,0.961644,16.8421,16.8975,0.0554324
12-Mar-2026,95.3717,0.961644,13.3619,13.4624,0.100503
12-Mar-2026,100.391,0.961644,10.2664,10.4154,0.148972
12-Mar-2026,105.411,0.961644,7.60169,7.79332,0.191628
12-Mar-2026,110.43,0.961644,5.39682,5.61631,0.219485
12-Mar-2026,115.45,0.961644,3.6558,3.88023,0.224425
12-Mar-2026,120.469,0.961644,2.35339,2.5588,0.205405
13-Mar-2026,81.1427,0.0191781,20.3575,20.3572,0.000339381
13-Mar-2026,86.2141,0.0191781,15.2906,15.2903,0.000252038
13-Mar-2026,91.2855,0.0191781,10.225,10.2282,0.00323268
13-Mar-2026,96.357,0.0191781,5.23652,5.27468,0.0381556
13-Mar-2026,101.428,0.0191781,1.27991,1.32254,0.0426277
13-Mar-2026,106.5,0.0191781,0.0518912,0.0399907,0.0119005
13-Mar-2026,111.571,0.0191781,8.57439e-05,1.56047e-05,7.01392e-05
13-Mar-2026,116.643,0.0191781,2.9742e-09,1.89275e-10,2.78493e-09
13-Mar-2026,121.714,0.0191781,5.95558e-15,1.24814e-14,6.52578e-15
13-Mar-2026,81.1427,0.0383562,20.4163,20.4162,0.000129379
13-Mar-2026,86.2141,0.0383562,15.3538,15.3567,0.0029386
13-Mar-2026,91.2855,0.0383562,10.3097,10.3335,0.0237561
13-Mar-2026,96.357,0.0383562,5.47831,5.55501,0.0766988
13-Mar-2026,101.428,0.0383562,1.74508,1.79413,0.0490479
13-Mar-2026,106.5,0.0383562,0.198703,0.165893,0.0328098
13-Mar-2026,111.571,0.0383562,0.00407102,0.00140591,0.00266511
13-Mar-2026,116.643,0.0383562,1.06931e-05,1.72848e-06,8.96462e-06
13-Mar-2026,121.714,0.0383562,5.42783e-09,9.33532e-10,4.4943e-09
13-Mar-2026,81.1427,0.0547945,20.4953,20.4984,0.00310342
13-Mar-2026,86.2141,0.0547945,15.4457,15.4633,0.0175679
13-Mar-2026,91.2855,0.0547945,10.4617,10.5212,0.0594512
13-Mar-2026,96.357,0.0547945,5.81724,5.92439,0.107151
13-Mar-2026,101.428,0.0547945,2.2319,2.28222,0.0503162
13-Mar-2026,106.5,0.0547945,0.439608,0.384419,0.0551894
13-Mar-2026,111.571,0.0547945,0.0301497,0.0144642,0.0156855
13-Mar-2026,116.643,0.0547945,0.000593165,0.000152308,0.000440857
13-Mar-2026,121.714,0.0547945,4.26549e-06,9.26563e-07,3.33893e-06
13-Mar-2026,81.1427,0.0767123,20.5633,20.5731,0.00983926
13-Mar-2026,86.2141,0.0767123,15.5331,15.5682,0.0350806
13-Mar-2026,91.2855,0.0767123,10.6114,10.6965,0.0851085
13-Mar-2026,96.357,0.0767123,6.09032,6.21115,0.12083
13-Mar-2026,101.428,0.0767123,2.5763,2.62505,0.0487467
13-Mar-2026,106.5,0.0767123,0.648319,0.580702,0.0676175
13-Mar-2026,111.571,0.0767123,0.073499,0.0411154,0.0323836
13-Mar-2026,116.643,0.0767123,0.00326427,0.00103832,0.00222595
13-Mar-2026,121.714,0.0767123,6.77692e-05,1.65762e-05,5.1193e-05
13-Mar-2026,81.1427,0.0958904,20.6496,20.6711,0.0214801
13-Mar-2026,86.2141,0.0958904,15.6509,15.7076,0.0566713
13-Mar-2026,91.2855,0.0958904,10.8055,10.9137,0.108215
13-Mar-2026,96.357,0.0958904,6.40188,6.53068,0.128805
13-Mar-2026,101.428,0.0958904,2.94426,2.99018,0.0459248
13-Mar-2026,106.5,0.0958904,0.896623,0.820515,0.076108
13-Mar-2026,111.571,0.0958904,0.147551,0.0938219,0.0537291
13-Mar-2026,116.643,0.0958904,0.0118249,0.0045293,0.0072956
13-Mar-2026,121.714,0.0958904,0.000525308,0.000144494,0.000380814
13-Mar-2026,81.1427,0.0493151,20.4688,20.4702,0.00143079
13-Mar-2026,86.2141,0.0493151,15.4136,15.4252,0.0115913
13-Mar-2026,91.2855,0.0493151,10.4069,10.4546,0.0477368
13-Mar-2026,96.357,0.0493151,5.705,5.80408,0.0990777
13-Mar-2026,101.428,0.0493151,2.08071,2.13115,0.0504403
13-Mar-2026,106.5,0.0493151,0.357063,0.308408,0.0486553
13-Mar-2026,111.571,0.0493151,0.0182581,0.00805801,0.0102001
13-Mar-2026,116.643,0.0493151,0.000221582,5.06532e-05,0.000170929
13-Mar-2026,121.714,0.0493151,8.46012e-07,1.73004e-07,6.73008e-07
13-Mar-2026,81.1427,0.131507,20.7986,20.841,0.0423978
13-Mar-2026,86.2141,0.131507,15.8596,15.9446,0.0850004
13-Mar-2026,91.2855,0.131507,11.1259,11.2558,0.129859
13-Mar-2026,96.357,0.131507,6.86147,6.99233,0.130859
13-Mar-2026,101.428,0.131507,3.46017,3.50225,0.042083
13-Mar-2026,106.5,0.131507,1.27749,1.19877,0.0787151
13-Mar-2026,111.571,0.131507,0.300712,0.21977,0.0809418
13-Mar-2026,116.643,0.131507,0.041893,0.0201349,0.0217581
13-Mar-2026,121.714,0.131507,0.00375932,0.00123251,0.00252681
13-Mar-2026,81.1427,0.210959,21.145,21.2205,0.0754542
13-Mar-2026,86.2141,0.210959,16.3332,16.4478,0.11456
13-Mar-2026,91.2855,0.210959,11.7828,11.9224,0.139578
13-Mar-2026,96.357,0.210959,7.7038,7.82433,0.120531
13-Mar-2026,101.428,0.210959,4.36504,4.40669,0.0416498
13-Mar-2026,106.5,0.210959,2.00963,1.95005,0.0595765
13-Mar-2026,111.571,0.210959,0.695645,0.598458,0.0971869
13-Mar-2026,116.643,0.210959,0.172524,0.115584,0.0569403
13-Mar-2026,121.714,0.210959,0.0317886,0.0150139,0.0167747
13-Mar-2026,81.1427,0.29863,21.5943,21.6836,0.0893484
13-Mar-2026,86.2141,0.29863,16.9144,17.0312,0.116783
13-Mar-2026,91.2855,0.29863,12.5202,12.648,0.127788
13-Mar-2026,96.357,0.29863,8.57688,8.68442,0.107536
13-Mar-2026,101.428,0.29863,5.27928,5.33168,0.0524046
13-Mar-2026,106.5,0.29863,2.805,2.78534,0.0196637
13-Mar-2026,111.571,0.29863,1.22773,1.15884,0.0688851
13-Mar-2026,116.643,0.29863,0.427939,0.358704,0.0692354
13-Mar-2026,121.714,0.29863,0.119908,0.0808354,0.0390726
13-Mar-2026,81.1427,0.383562,22.0292,22.1157,0.0864614
13-Mar-2026,86.2141,0.383562,17.4526,17.5585,0.105899
13-Mar-2026,91.2855,0.383562,13.1686,13.2818,0.113171
13-Mar-2026,96.357,0.383562,9.31427,9.41529,0.101019
13-Mar-2026,101.428,0.383562,6.0444,6.11246,0.0680574
13-Mar-2026,106.5,0.383562,3.49981,3.52041,0.020604
13-Mar-2026,111.571,0.383562,1.75158,1.72738,0.0241986
13-Mar-2026,116.643,0.383562,0.7387,0.690485,0.0482153
13-Mar-2026,121.714,0.383562,0.262058,0.217956,0.0441024
13-Mar-2026,81.1427,0.468493,22.4664,22.5427,0.0763241
13-Mar-2026,86.2141,0.468493,17.9776,18.0696,0.092044
13-Mar-2026,91.2855,0.468493,13.7824,13.8833,0.100898
13-Mar-2026,96.357,0.468493,9.99777,10.0969,0.0991711
13-Mar-2026,101.428,0.468493,6.75146,6.83668,0.0852212
13-Mar-2026,106.5,0.468493,4.15893,4.21724,0.0583076
13-Mar-2026,111.571,0.468493,2.28447,2.30795,0.0234816
13-Mar-2026,116.643,0.468493,1.09741,1.08755,0.00985858
13-Mar-2026,121.714,0.468493,0.458198,0.430049,0.0281495
13-Mar-2026,81.1427,0.550685,22.8901,22.9544,0.0642575
13-Mar-2026,86.2141,0.550685,18.4761,18.5552,0.0791186
13-Mar-2026,91.2855,0.550685,14.3541,14.4459,0.0917797
13-Mar-2026,96.357,0.550685,10.626,10.7262,0.100174
13-Mar-2026,101.428,0.550685,7.40061,7.50209,0.101481
13-Mar-2026,106.5,0.550685,4.77501,4.86595,0.090942
13-Mar-2026,111.571,0.550685,2.80618,2.87346,0.0672812
13-Mar-2026,116.643,0.550685,1.47949,1.51305,0.0335605
13-Mar-2026,121.714,0.550685,0.694656,0.696762,0.00210584
13-Mar-2026,81.1427,0.632877,23.3479,23.3989,0.0509958
13-Mar-2026,86.2141,0.632877,19.0064,19.0733,0.0668738
13-Mar-2026,91.2855,0.632877,14.9536,15.0384,0.0848008
13-Mar-2026,96.357,0.632877,11.2789,11.3818,0.102939
13-Mar-2026,101.428,0.632877,8.07501,8.19261,0.1176
13-Mar-2026,106.5,0.632877,5.42364,5.54517,0.121528
13-Mar-2026,111.571,0.632877,3.37434,3.48412,0.109785
13-Mar-2026,116.643,0.632877,1.92204,2.00291,0.0808688
13-Mar-2026,121.714,0.632877,0.995176,1.03883,0.0436581
13-Mar-2026,81.1427,0.717808,23.7689,23.8086,0.0396681
13-Mar-2026,86.2141,0.717808,19.4883,19.5458,0.0574723
13-Mar-2026,91.2855,0.717808,15.4927,15.573,0.0803298
13-Mar-2026,96.357,0.717808,11.8621,11.9683,0.106167
13-Mar-2026,101.428,0.717808,8.67735,8.80805,0.130705
13-Mar-2026,106.5,0.717808,6.00884,6.15434,0.145498
13-Mar-2026,111.571,0.717808,3.89999,4.0439,0.143909
13-Mar-2026,116.643,0.717808,2.3506,2.47236,0.121759
13-Mar-2026,121.714,0.717808,1.30718,1.39193,0.084753
13-Mar-2026,81.1427,0.80274,24.2022,24.2313,0.0291302
13-Mar-2026,86.2141,0.80274,19.9796,20.0291,0.0495016
13-Mar-2026,91.2855,0.80274,16.0381,16.1151,0.0769699
13-Mar-2026,96.357,0.80274,12.449,12.5586,0.109604
13-Mar-2026,101.428,0.80274,9.28349,9.42581,0.142325
13-Mar-2026,106.5,0.80274,6.6022,6.76853,0.166329
13-Mar-2026,111.571,0.80274,4.44308,4.61719,0.174112
13-Mar-2026,116.643,0.80274,2.80864,2.96848,0.159842
13-Mar-2026,121.714,0.80274,1.65847,1.78498,0.126511
13-Mar-2026,81.1427,0.882192,24.5904,24.6113,0.0209125
13-Mar-2026,86.2141,0.882192,20.4168,20.4603,0.0434785
13-Mar-2026,91.2855,0.882192,16.5203,16.5951,0.0747515
13-Mar-2026,96.357,0.882192,12.9659,13.0783,0.112415
13-Mar-2026,101.428,0.882192,9.81722,9.96837,0.151149
13-Mar-2026,106.5,0.882192,7.12773,7.30973,0.182001
13-Mar-2026,111.571,0.882192,4.93104,5.12827,0.197235
13-Mar-2026,116.643,0.882192,3.23094,3.42108,0.190137
13-Mar-2026,121.714,0.882192,1.99545,2.1573,0.161845
13-Mar-2026,81.1427,0.958904,24.9635,24.9774,0.0138573
13-Mar-2026,86.2141,0.958904,20.8344,20.8731,0.0386644
13-Mar-2026,91.2855,0.958904,16.9786,17.0518,0.073201
13-Mar-2026,96.357,0.958904,13.4558,13.5706,0.11477
13-Mar-2026,101.428,0.958904,10.323,10.4813,0.158278
13-Mar-2026,106.5,0.958904,7.62793,7.82261,0.194679
13-Mar-2026,111.571,0.958904,5.40056,5.6168,0.216244
13-Mar-2026,116.643,0.958904,3.64524,3.86106,0.215819
13-Mar-2026,121.714,0.958904,2.33605,2.52924,0.193189
16-Mar-2026,86.2196,0.0109589,15.2431,15.2432,0.000130029
16-Mar-2026,91.2913,0.0109589,10.1729,10.1732,0.000272557
16-Mar-2026,96.3631,0.0109589,5.10486,5.11086,0.00599585
16-Mar-2026,101.435,0.0109589,0.725306,0.806297,0.0809909
16-Mar-2026,106.507,0.0109589,0.000537726,0.000790165,0.000252439
16-Mar-2026,111.578,0.0109589,8.66499e-12,5.39644e-12,3.26855e-12
16-Mar-2026,81.1479,0.030137,20.3851,20.3853,0.000214537
16-Mar-2026,86.2196,0.030137,15.3196,15.3208,0.00115249
16-Mar-2026,91.2913,0.030137,10.2585,10.2736,0.0151474
16-Mar-2026,96.3631,0.030137,5.31701,5.41125,0.094236
16-Mar-2026,101.435,0.030137,1.43522,1.57658,0.141359
16-Mar-2026,106.507,0.030137,0.0858282,0.0969004,0.0110722
16-Mar-2026,111.578,0.030137,0.000356182,0.000266795,8.9387e-05
16-Mar-2026,116.65,0.030137,6.92986e-08,5.77522e-08,1.15464e-08
16-Mar-2026,121.722,0.030137,1.47417e-12,4.17497e-12,2.7008e-12
16-Mar-2026,81.1479,0.0465753,20.4506,20.452,0.0014287
16-Mar-2026,86.2196,0.0465753,15.3911,15.4017,0.0106192
16-Mar-2026,91.2913,0.0465753,10.3608,10.4157,0.0549203
16-Mar-2026,96.3631,0.0465753,5.57903,5.73414,0.155115
16-Mar-2026,101.435,0.0465753,1.87715,2.04391,0.166759
16-Mar-2026,106.507,0.0465753,0.247802,0.268358,0.0205564
16-Mar-2026,111.578,0.0465753,0.00687591,0.00540454,0.00147137
16-Mar-2026,116.65,0.0465753,3.22772e-05,2.25675e-05,9.70971e-06
16-Mar-2026,121.722,0.0465753,4.12733e-08,4.77357e-08,6.46239e-09
16-Mar-2026,81.1479,0.0684932,20.5302,20.5385,0.00826186
16-Mar-2026,86.2196,0.0684932,15.4857,15.5206,0.0349346
16-Mar-2026,91.2913,0.0684932,10.5169,10.6223,0.105383
16-Mar-2026,96.3631,0.0684932,5.89802,6.09874,0.200723
16-Mar-2026,101.435,0.0684932,2.3125,2.49574,0.18324
16-Mar-2026,106.507,0.0684932,0.473592,0.50322,0.0296275
16-Mar-2026,111.578,0.0684932,0.0345102,0.0284404,0.00606984
16-Mar-2026,116.65,0.0684932,0.000780161,0.00051601,0.000264151
16-Mar-2026,121.722,0.0684932,7.4013e-06,5.66617e-06,1.73513e-06
16-Mar-2026,81.1479,0.0876712,20.6131,20.6344,0.021339
16-Mar-2026,86.2196,0.0876712,15.5935,15.658,0.0644743
16-Mar-2026,91.2913,0.0876712,10.6955,10.8423,0.14679
16-Mar-2026,96.3631,0.0876712,6.20515,6.43298,0.227827
16-Mar-2026,101.435,0.0876712,2.6898,2.88185,0.192053
16-Mar-2026,106.507,0.0876712,0.70763,0.745991,0.0383612
16-Mar-2026,111.578,0.0876712,0.0863384,0.0743446,0.0119938
16-Mar-2026,116.65,0.0876712,0.00441867,0.00293787,0.0014808
16-Mar-2026,121.722,0.0876712,0.000117495,7.51728e-05,4.23222e-05
16-Mar-2026,81.1479,0.0410959,20.4375,20.4384,0.000922193
16-Mar-2026,86.2196,0.0410959,15.3764,15.3842,0.00780426
16-Mar-2026,91.2913,0.0410959,10.338,10.3843,0.0462568
16-Mar-2026,96.3631,0.0410959,5.52552,5.67046,0.144938
16-Mar-2026,101.435,0.0410959,1.79625,1.95905,0.162803
16-Mar-2026,106.507,0.0410959,0.21243,0.231295,0.0188652
16-Mar-2026,111.578,0.0410959,0.00457842,0.00356829,0.00101013
16-Mar-2026,116.65,0.0410959,1.4153e-05,1.01005e-05,4.05254e-06
16-Mar-2026,121.722,0.0410959,1.05943e-08,1.37486e-08,3.15428e-09
16-Mar-2026,81.1479,0.123288,20.7393,20.7847,0.0453585
16-Mar-2026,86.2196,0.123288,15.766,15.87,0.104
16-Mar-2026,91.2913,0.123288,10.967,11.155,0.187965
16-Mar-2026,96.3631,0.123288,6.61573,6.86349,0.247761
16-Mar-2026,101.435,0.123288,3.1631,3.36149,0.19839
16-Mar-2026,106.507,0.123288,1.03763,1.08941,0.0517759
16-Mar-2026,111.578,0.123288,0.194592,0.176951,0.017641
16-Mar-2026,116.65,0.123288,0.019356,0.0135825,0.00577351
16-Mar-2026,121.722,0.123288,0.00117807,0.000690987,0.000487083
16-Mar-2026,81.1479,0.20274,21.0862,21.1845,0.0982903
16-Mar-2026,86.2196,0.20274,16.2406,16.4045,0.163908
16-Mar-2026,91.2913,0.20274,11.6407,11.8702,0.229483
16-Mar-2026,96.3631,0.20274,7.50677,7.76299,0.256221
16-Mar-2026,101.435,0.20274,4.13473,4.33977,0.205043
16-Mar-2026,106.507,0.20274,1.80098,1.88966,0.088677
16-Mar-2026,111.578,0.20274,0.565024,0.560535,0.00448874
16-Mar-2026,116.65,0.20274,0.121411,0.102233,0.0191781
16-Mar-2026,121.722,0.20274,0.0189544,0.0123989,0.00655545
16-Mar-2026,81.1479,0.290411,21.5031,21.631,0.127928
16-Mar-2026,86.2196,0.290411,16.7846,16.9688,0.184169
16-Mar-2026,91.2913,0.290411,12.3425,12.5741,0.231565
16-Mar-2026,96.3631,0.290411,8.35208,8.59905,0.246968
16-Mar-2026,101.435,0.290411,5.02769,5.23895,0.211262
16-Mar-2026,106.507,0.290411,2.56864,2.69735,0.128711
16-Mar-2026,111.578,0.290411,1.05394,1.09222,0.0382837
16-Mar-2026,116.65,0.290411,0.3346,0.32308,0.0115201
16-Mar-2026,121.722,0.290411,0.0837495,0.0684103,0.0153392
16-Mar-2026,81.1479,0.375342,21.9509,22.0863,0.135436
16-Mar-2026,86.2196,0.375342,17.3437,17.5254,0.181661
16-Mar-2026,91.2913,0.375342,13.0244,13.2441,0.219652
16-Mar-2026,96.3631,0.375342,9.13701,9.37268,0.23567
16-Mar-2026,101.435,0.375342,5.84759,6.06575,0.218157
16-Mar-2026,106.507,0.375342,3.30929,3.47393,0.164637
16-Mar-2026,111.578,0.375342,1.59796,1.68742,0.0894569
16-Mar-2026,116.65,0.375342,0.640321,0.663026,0.0227047
16-Mar-2026,121.722,0.375342,0.213108,0.203854,0.00925449
16-Mar-2026,81.1479,0.460274,22.3849,22.5159,0.130967
16-Mar-2026,86.2196,0.460274,17.869,18.0397,0.170726
16-Mar-2026,91.2913,0.460274,13.6443,13.8497,0.205435
16-Mar-2026,96.3631,0.460274,9.83327,10.0595,0.226219
16-Mar-2026,101.435,0.460274,6.5717,6.79574,0.224043
16-Mar-2026,106.507,0.460274,3.9832,4.17584,0.192644
16-Mar-2026,111.578,0.460274,2.13555,2.27031,0.134759
16-Mar-2026,116.65,0.460274,0.9916,1.05831,0.0667132
16-Mar-2026,121.722,0.460274,0.396511,0.411525,0.0150137
16-Mar-2026,81.1479,0.542466,22.8084,22.9296,0.121211
16-Mar-2026,86.2196,0.542466,18.3706,18.528,0.157382
16-Mar-2026,91.2913,0.542466,14.2239,14.4157,0.191805
16-Mar-2026,96.3631,0.542466,10.4747,10.6929,0.218163
16-Mar-2026,101.435,0.542466,7.23742,7.4658,0.228377
16-Mar-2026,106.507,0.542466,4.61478,4.82892,0.214135
16-Mar-2026,111.578,0.542466,2.66613,2.83859,0.172458
16-Mar-2026,116.65,0.542466,1.37311,1.48385,0.110742
16-Mar-2026,121.722,0.542466,0.625672,0.675691,0.050019
16-Mar-2026,81.1479,0.624658,23.2481,23.357,0.108881
16-Mar-2026,86.2196,0.624658,18.8832,19.0263,0.143115
16-Mar-2026,91.2913,0.624658,14.8073,14.986,0.178747
16-Mar-2026,96.3631,0.624658,11.1138,11.3244,0.210603
16-Mar-2026,101.435,0.624658,7.90009,8.1312,0.231109
16-Mar-2026,106.507,0.624658,5.25216,5.48328,0.231117
16-Mar-2026,111.578,0.624658,3.22142,3.42598,0.204561
16-Mar-2026,116.65,0.624658,1.80016,1.95318,0.15302
16-Mar-2026,121.722,0.624658,0.909647,1.00089,0.0912384
16-Mar-2026,81.1479,0.709589,23.6725,23.7688,0.0962751
16-Mar-2026,86.2196,0.709589,19.3719,19.5016,0.129693
16-Mar-2026,91.2913,0.709589,15.3572,15.5242,0.167038
16-Mar-2026,96.3631,0.709589,11.7116,11.9152,0.203565
16-Mar-2026,101.435,0.709589,8.51945,8.75147,0.23202
16-Mar-2026,106.507,0.709589,5.85403,6.09709,0.243061
16-Mar-2026,111.578,0.709589,3.75996,3.98922,0.229262
16-Mar-2026,116.65,0.709589,2.23526,2.42393,0.188668
16-Mar-2026,121.722,0.709589,1.22166,1.35269,0.131026
16-Mar-2026,81.1479,0.794521,24.1296,24.2124,0.0828021
16-Mar-2026,86.2196,0.794521,19.8928,20.009,0.116183
16-Mar-2026,91.2913,0.794521,15.9382,16.0935,0.155322
16-Mar-2026,96.3631,0.794521,12.3395,12.5355,0.195952
16-Mar-2026,101.435,0.794521,9.16955,9.40078,0.231227
16-Mar-2026,106.507,0.794521,6.49082,6.74263,0.251814
16-Mar-2026,111.578,0.794521,4.34162,4.59138,0.249765
16-Mar-2026,116.65,0.794521,2.72325,2.94414,0.220892
16-Mar-2026,121.722,0.794521,1.59259,1.76343,0.170844
16-Mar-2026,81.1479,0.873973,24.5223,24.594,0.0717027
16-Mar-2026,86.2196,0.873973,20.3368,20.4421,0.10527
16-Mar-2026,91.2913,0.873973,16.4299,16.5757,0.145831
16-Mar-2026,96.3631,0.873973,12.8683,13.0577,0.189397
16-Mar-2026,101.435,0.873973,9.71688,9.9461,0.229217
16-Mar-2026,106.507,0.873973,7.0302,7.28665,0.256448
16-Mar-2026,111.578,0.873973,4.84201,5.10504,0.263025
16-Mar-2026,116.65,0.873973,3.15509,3.39871,0.243619
16-Mar-2026,121.722,0.873973,1.93548,2.13681,0.201327
16-Mar-2026,81.1479,0.950685,24.8813,24.9433,0.0620012
16-Mar-2026,86.2196,0.950685,20.7403,20.8361,0.0957809
16-Mar-2026,91.2913,0.950685,16.8744,17.0118,0.137438
16-Mar-2026,96.3631,0.950685,13.3446,13.5278,0.183245
16-Mar-2026,101.435,0.950685,10.2096,10.4361,0.226486
16-Mar-2026,106.507,0.950685,7.51791,7.77664,0.258725
16-Mar-2026,111.578,0.950685,5.29952,5.57164,0.27212
16-Mar-2026,116.65,0.950685,3.55792,3.81862,0.260696
16-Mar-2026,121.722,0.950685,2.26538,2.49121,0.225826
17-Mar-2026,80.6983,0.00821918,20.1942,20.1943,0.000120169
17-Mar-2026,85.742,0.00821918,15.1518,15.1518,4.64431e-05
17-Mar-2026,90.7856,0.00821918,10.1094,10.1095,7.28901e-05
17-Mar-2026,95.8293,0.00821918,5.06757,5.06931,0.00174458
17-Mar-2026,100.873,0.00821918,0.647691,0.692973,0.0452818
17-Mar-2026,105.917,0.00821918,0.000151417,0.000119744,3.16731e-05
17-Mar-2026,110.96,0.00821918,8.56543e-14,-1.34969e-13,2.20624e-13
17-Mar-2026,80.6983,0.0273973,20.2661,20.2662,0.000138502
17-Mar-2026,85.742,0.0273973,15.2282,15.2289,0.000721564
17-Mar-2026,90.7856,0.0273973,10.1945,10.2055,0.0110202
17-Mar-2026,95.8293,0.0273973,5.2802,5.3495,0.0693004
17-Mar-2026,100.873,0.0273973,1.42958,1.51265,0.0830738
17-Mar-2026,105.917,0.0273973,0.0894649,0.0808487,0.00861623
17-Mar-2026,110.96,0.0273973,0.000435199,0.000145033,0.000290166
17-Mar-2026,116.004,0.0273973,9.98367e-08,1.61146e-08,8.37221e-08
17-Mar-2026,121.047,0.0273973,2.09277e-12,5.50819e-13,1.54195e-12
17-Mar-2026,80.6983,0.0438356,20.3315,20.3326,0.00109577
17-Mar-2026,85.742,0.0438356,15.2997,15.3082,0.00849593
17-Mar-2026,90.7856,0.0438356,10.2988,10.3427,0.0439274
17-Mar-2026,95.8293,0.0438356,5.55462,5.67049,0.115875
17-Mar-2026,100.873,0.0438356,1.89468,1.98844,0.0937578
17-Mar-2026,105.917,0.0438356,0.266523,0.245592,0.0209308
17-Mar-2026,110.96,0.0438356,0.00876657,0.0041306,0.00463597
17-Mar-2026,116.004,0.0438356,5.15103e-05,1.29658e-05,3.85445e-05
17-Mar-2026,121.047,0.0438356,7.74925e-08,1.98429e-08,5.76496e-08
17-Mar-2026,80.6983,0.0657534,20.4111,20.4181,0.00699785
17-Mar-2026,85.742,0.0657534,15.3955,15.4247,0.0291908
17-Mar-2026,90.7856,0.0657534,10.4605,10.5456,0.0851447
17-Mar-2026,95.8293,0.0657534,5.88737,6.0344,0.147027
17-Mar-2026,100.873,0.0657534,2.34732,2.44357,0.0962482
17-Mar-2026,105.917,0.0657534,0.509587,0.476245,0.0333416
17-Mar-2026,110.96,0.0657534,0.0426919,0.0244156,0.0182763
17-Mar-2026,116.004,0.0657534,0.00116866,0.000376213,0.000792447
17-Mar-2026,121.047,0.0657534,1.30779e-05,3.42034e-06,9.65756e-06
17-Mar-2026,80.6983,0.0849315,20.4945,20.5129,0.0183627
17-Mar-2026,85.742,0.0849315,15.5057,15.5598,0.0540943
17-Mar-2026,90.7856,0.0849315,10.6461,10.763,0.116941
17-Mar-2026,95.8293,0.0849315,6.20575,6.36767,0.161917
17-Mar-2026,100.873,0.0849315,2.73673,2.83037,0.0936407
17-Mar-2026,105.917,0.0849315,0.757923,0.716243,0.04168
17-Mar-2026,110.96,0.0849315,0.103707,0.0670135,0.0366935
17-Mar-2026,116.004,0.0849315,0.00622552,0.002362,0.00386352
17-Mar-2026,121.047,0.0849315,0.000191737,5.2659e-05,0.000139078
17-Mar-2026,80.6983,0.0383562,20.3184,20.3191,0.000695641
17-Mar-2026,85.742,0.0383562,15.285,15.2911,0.00607633
17-Mar-2026,90.7856,0.0383562,10.2754,10.3121,0.03667
17-Mar-2026,95.8293,0.0383562,5.4986,5.60697,0.108373
17-Mar-2026,100.873,0.0383562,1.81006,1.90253,0.0924673
17-Mar-2026,105.917,0.0383562,0.228046,0.209517,0.0185291
17-Mar-2026,110.96,0.0383562,0.00585093,0.00262978,0.00322115
17-Mar-2026,116.004,0.0383562,2.26878e-05,5.37926e-06,1.73085e-05
17-Mar-2026,121.047,0.0383562,1.97885e-08,5.0678e-09,1.47207e-08
17-Mar-2026,80.6983,0.120548,20.6224,20.6612,0.0387748
17-Mar-2026,85.742,0.120548,15.6833,15.7689,0.0856062
17-Mar-2026,90.7856,0.120548,10.9273,11.0725,0.145238
17-Mar-2026,95.8293,0.120548,6.62884,6.79621,0.167367
17-Mar-2026,100.873,0.120548,3.22244,3.30923,0.0867918
17-Mar-2026,105.917,0.120548,1.10377,1.05667,0.0470983
17-Mar-2026,110.96,0.120548,0.226495,0.165092,0.0614034
17-Mar-2026,116.004,0.120548,0.0255802,0.0117185,0.0138617
17-Mar-2026,121.047,0.120548,0.00176145,0.00053733,0.00122412
17-Mar-2026,80.6983,0.2,20.9765,21.056,0.0794611
17-Mar-2026,85.742,0.2,16.1713,16.2967,0.125434
17-Mar-2026,90.7856,0.2,11.6201,11.7806,0.160478
17-Mar-2026,95.8293,0.2,7.53972,7.68973,0.150013
17-Mar-2026,100.873,0.2,4.21222,4.2831,0.0708759
17-Mar-2026,105.917,0.2,1.8915,1.85125,0.0402508
17-Mar-2026,110.96,0.2,0.628262,0.540407,0.0878549
17-Mar-2026,116.004,0.2,0.146607,0.0951678,0.0514392
17-Mar-2026,121.047,0.2,0.0249965,0.0108592,0.0141373
17-Mar-2026,80.6983,0.287671,21.4024,21.4968,0.0944386
17-Mar-2026,85.742,0.287671,16.7278,16.8542,0.12639
17-Mar-2026,90.7856,0.287671,12.3358,12.4773,0.141542
17-Mar-2026,95.8293,0.287671,8.39727,8.51934,0.122065
17-Mar-2026,100.873,0.287671,5.1153,5.17678,0.0614775
17-Mar-2026,105.917,0.287671,2.67319,2.65349,0.0196954
17-Mar-2026,110.96,0.287671,1.14073,1.06585,0.0748807
17-Mar-2026,116.004,0.287671,0.383525,0.310274,0.0732511
17-Mar-2026,121.047,0.287671,0.1026,0.0636976,0.0389024
17-Mar-2026,80.6983,0.372603,21.8583,21.9466,0.0882689
17-Mar-2026,85.742,0.372603,17.2967,17.4044,0.107744
17-Mar-2026,90.7856,0.372603,13.0272,13.1408,0.113634
17-Mar-2026,95.8293,0.372603,9.18948,9.28687,0.0973863
17-Mar-2026,100.873,0.372603,5.94051,5.99798,0.0574652
17-Mar-2026,105.917,0.372603,3.42151,3.4246,0.00309246
17-Mar-2026,110.96,0.372603,1.70038,1.6555,0.0448826
17-Mar-2026,116.004,0.372603,0.710487,0.645105,0.0653819
17-Mar-2026,121.047,0.372603,0.248958,0.195341,0.0536169
17-Mar-2026,80.6983,0.457534,22.2989,22.3712,0.0722526
17-Mar-2026,85.742,0.457534,17.829,17.9134,0.0843551
17-Mar-2026,90.7856,0.457534,13.6532,13.7409,0.0877446
17-Mar-2026,95.8293,0.457534,9.88978,9.96826,0.0784844
17-Mar-2026,100.873,0.457534,6.66704,6.72273,0.0556949
17-Mar-2026,105.917,0.457534,4.09927,4.1213,0.0220286
17-Mar-2026,110.96,0.457534,2.24762,2.23323,0.0143885
17-Mar-2026,116.004,0.457534,1.07781,1.03574,0.0420679
17-Mar-2026,121.047,0.457534,0.448983,0.399365,0.049618
17-Mar-2026,80.6983,0.539726,22.7275,22.7804,0.0529327
17-Mar-2026,85.742,0.539726,18.3357,18.3968,0.061056
17-Mar-2026,90.7856,0.539726,14.2368,14.3019,0.0651187
17-Mar-2026,95.8293,0.539726,10.5334,10.5966,0.063249
17-Mar-2026,100.873,0.539726,7.33366,7.38779,0.0541293
17-Mar-2026,105.917,0.539726,4.73271,4.76929,0.0365773
17-Mar-2026,110.96,0.539726,2.7844,2.79647,0.0120664
17-Mar-2026,116.004,0.539726,1.47135,1.4567,0.0146537
17-Mar-2026,121.047,0.539726,0.69302,0.659867,0.0331531
17-Mar-2026,80.6983,0.621918,23.1716,23.2035,0.0318655
17-Mar-2026,85.742,0.621918,18.8523,18.8904,0.0380928
17-Mar-2026,90.7856,0.621918,14.8231,14.8674,0.0442822
17-Mar-2026,95.8293,0.621918,11.1737,11.2232,0.0495093
17-Mar-2026,100.873,0.621918,7.99634,8.04808,0.0517409
17-Mar-2026,105.917,0.621918,5.37082,5.41838,0.0475568
17-Mar-2026,110.96,0.621918,3.34392,3.37857,0.03465
17-Mar-2026,116.004,0.621918,1.90796,1.92112,0.013156
17-Mar-2026,121.047,0.621918,0.990476,0.981013,0.00946326
17-Mar-2026,80.6983,0.706849,23.5994,23.6113,0.0118962
17-Mar-2026,85.742,0.706849,19.3438,19.3614,0.0175849
17-Mar-2026,90.7856,0.706849,15.3748,15.4011,0.0262783
17-Mar-2026,95.8293,0.706849,11.7719,11.8093,0.0374087
17-Mar-2026,100.873,0.706849,8.61516,8.66349,0.048332
17-Mar-2026,105.917,0.706849,5.97265,6.02712,0.0544737
17-Mar-2026,110.96,0.706849,3.88513,3.93667,0.0515395
17-Mar-2026,116.004,0.706849,2.3501,2.38699,0.0368862
17-Mar-2026,121.047,0.706849,1.31354,1.32864,0.0150983
17-Mar-2026,80.6983,0.791781,24.0595,24.0508,0.00865299
17-Mar-2026,85.742,0.791781,19.8671,19.8644,0.00273537
17-Mar-2026,90.7856,0.791781,15.957,15.9657,0.00870087
17-Mar-2026,95.8293,0.791781,12.3997,12.4247,0.0250028
17-Mar-2026,100.873,0.791781,9.26432,9.30765,0.0433262
17-Mar-2026,105.917,0.791781,6.60892,6.66725,0.0583308
17-Mar-2026,110.96,0.791781,4.46859,4.53328,0.0646938
17-Mar-2026,116.004,0.791781,2.84386,2.90183,0.0579693
17-Mar-2026,121.047,0.791781,1.69442,1.73462,0.0402041
17-Mar-2026,80.6983,0.871233,24.4543,24.4291,0.0252259
17-Mar-2026,85.742,0.871233,20.3127,20.2938,0.0189015
17-Mar-2026,90.7856,0.871233,16.4494,16.444,0.00537387
17-Mar-2026,95.8293,0.871233,12.9282,12.9428,0.0146396
17-Mar-2026,100.873,0.871233,9.81065,9.84861,0.0379585
17-Mar-2026,105.917,0.871233,7.1476,7.20666,0.0590599
17-Mar-2026,110.96,0.871233,4.96991,5.04218,0.0722693
17-Mar-2026,116.004,0.871233,3.27953,3.35172,0.072188
17-Mar-2026,121.047,0.871233,2.04444,2.10372,0.0592847
17-Mar-2026,80.6983,0.947945,24.8149,24.7754,0.0395233
17-Mar-2026,85.742,0.947945,20.7172,20.6846,0.0326375
17-Mar-2026,90.7856,0.947945,16.8941,16.8767,0.0174314
17-Mar-2026,95.8293,0.947945,13.4041,13.4093,0.00520417
17-Mar-2026,100.873,0.947945,10.3024,10.3347,0.032273
17-Mar-2026,105.917,0.947945,7.63454,7.69249,0.0579452
17-Mar-2026,110.96,0.947945,5.42792,5.50446,0.076541
17-Mar-2026,116.004,0.947945,3.68514,3.76732,0.0821799
17-Mar-2026,121.047,0.947945,2.3799,2.45411,0.0742067
18-Mar-2026,80.7058,0.00547945,20.19,20.1897,0.000265733
18-Mar-2026,85.75,0.00547945,15.1467,15.1464,0.000319827
18-Mar-2026,90.7941,0.00547945,10.1035,10.1031,0.000373937
18-Mar-2026,95.8382,0.00547945,5.06021,5.06006,0.000150434
18-Mar-2026,100.882,0.00547945,0.507998,0.549187,0.0411887
18-Mar-2026,105.926,0.00547945,1.99827e-06,1.48926e-06,5.09009e-07
18-Mar-2026,110.971,0.00547945,3.81903e-15,-2.223e-15,6.04203e-15
18-Mar-2026,116.015,0.00547945,3.8075e-15,-2.56585e-15,6.37335e-15
18-Mar-2026,121.059,0.00547945,3.85497e-15,-2.63938e-15,6.49435e-15
18-Mar-2026,80.7058,0.0246575,20.2644,20.2641,0.000260208
18-Mar-2026,85.75,0.0246575,15.2258,15.2258,7.14755e-06
18-Mar-2026,90.7941,0.0246575,10.1894,10.1971,0.00765371
18-Mar-2026,95.8382,0.0246575,5.24437,5.30949,0.065117
18-Mar-2026,100.882,0.0246575,1.33055,1.42255,0.0920029
18-Mar-2026,105.926,0.0246575,0.0610316,0.0558679,0.00516369
18-Mar-2026,110.971,0.0246575,0.000129489,4.4695e-05,8.4794e-05
18-Mar-2026,116.015,0.0246575,7.95141e-09,2.07432e-09,5.87709e-09
18-Mar-2026,121.059,0.0246575,4.76067e-14,2.90277e-14,1.8579e-14
18-Mar-2026,80.7058,0.0410959,20.332,20.3325,0.000451522
18-Mar-2026,85.75,0.0410959,15.2989,15.3053,0.0064039
18-Mar-2026,90.7941,0.0410959,10.2887,10.3285,0.0397961
18-Mar-2026,95.8382,0.0410959,5.50427,5.62382,0.119551
18-Mar-2026,100.882,0.0410959,1.79636,1.90534,0.10898
18-Mar-2026,105.926,0.0410959,0.215396,0.201951,0.0134453
18-Mar-2026,110.971,0.0410959,0.0048004,0.00235186,0.00244854
18-Mar-2026,116.015,0.0410959,1.55517e-05,5.15515e-06,1.03965e-05
18-Mar-2026,121.059,0.0410959,1.21759e-08,5.87252e-09,6.30338e-09
18-Mar-2026,80.7058,0.0630137,20.4139,20.4195,0.00562049
18-Mar-2026,85.75,0.0630137,15.3945,15.4209,0.0264497
18-Mar-2026,90.7941,0.0630137,10.4429,10.5272,0.0843279
18-Mar-2026,95.8382,0.0630137,5.82762,5.98614,0.158522
18-Mar-2026,100.882,0.0630137,2.24761,2.36543,0.117822
18-Mar-2026,105.926,0.0630137,0.441117,0.420939,0.0201775
18-Mar-2026,110.971,0.0630137,0.0294072,0.0174717,0.0119355
18-Mar-2026,116.015,0.0630137,0.000572627,0.000219871,0.000352756
18-Mar-2026,121.059,0.0630137,4.44186e-06,1.72119e-06,2.72067e-06
18-Mar-2026,80.7058,0.0821918,20.4988,20.5154,0.0166035
18-Mar-2026,85.75,0.0821918,15.5031,15.5555,0.0523792
18-Mar-2026,90.7941,0.0821918,10.6222,10.7429,0.120745
18-Mar-2026,95.8382,0.0821918,6.14063,6.32037,0.179741
18-Mar-2026,100.882,0.0821918,2.63602,2.75696,0.120936
18-Mar-2026,105.926,0.0821918,0.678359,0.656053,0.0223064
18-Mar-2026,110.971,0.0821918,0.0792845,0.0533026,0.0259819
18-Mar-2026,116.015,0.0821918,0.00377462,0.00162774,0.00214688
18-Mar-2026,121.059,0.0821918,9.07414e-05,3.28604e-05,5.7881e-05
18-Mar-2026,80.7058,0.0356164,20.3185,20.3186,0.000109641
18-Mar-2026,85.75,0.0356164,15.284,15.2883,0.00426448
18-Mar-2026,90.7941,0.0356164,10.2665,10.2989,0.032351
18-Mar-2026,95.8382,0.0356164,5.45047,5.56103,0.110561
18-Mar-2026,100.882,0.0356164,1.71188,1.81842,0.106541
18-Mar-2026,105.926,0.0356164,0.18071,0.168806,0.0119036
18-Mar-2026,110.971,0.0356164,0.00299249,0.00139891,0.00159358
18-Mar-2026,116.015,0.0356164,5.9158e-06,1.89726e-06,4.01854e-06
18-Mar-2026,121.059,0.0356164,2.45469e-09,1.2658e-09,1.18889e-09
18-Mar-2026,80.7058,0.117808,20.6276,20.6653,0.0376673
18-Mar-2026,85.75,0.117808,15.6777,15.7649,0.0871648
18-Mar-2026,90.7941,0.117808,10.8972,11.0527,0.155488
18-Mar-2026,95.8382,0.117808,6.5599,6.7524,0.192498
18-Mar-2026,100.882,0.117808,3.1217,3.24313,0.121425
18-Mar-2026,105.926,0.117808,1.01486,0.995925,0.018935
18-Mar-2026,110.971,0.117808,0.187317,0.142502,0.0448149
18-Mar-2026,116.015,0.117808,0.0181233,0.00912724,0.00899606
18-Mar-2026,121.059,0.117808,0.00105725,0.000389593,0.000667657
18-Mar-2026,80.7058,0.19726,20.9822,21.0653,0.0830674
18-Mar-2026,85.75,0.19726,16.1614,16.2976,0.136177
18-Mar-2026,90.7941,0.19726,11.5844,11.7678,0.183419
18-Mar-2026,95.8382,0.19726,7.47121,7.65922,0.188005
18-Mar-2026,100.882,0.19726,4.11731,4.23653,0.119224
18-Mar-2026,105.926,0.19726,1.79668,1.80198,0.00529534
18-Mar-2026,110.971,0.19726,0.565986,0.508658,0.0573283
18-Mar-2026,116.015,0.19726,0.122206,0.0851866,0.0370194
18-Mar-2026,121.059,0.19726,0.0191029,0.00925983,0.00984307
18-Mar-2026,80.7058,0.284932,21.4098,21.514,0.10418
18-Mar-2026,85.75,0.284932,16.7188,16.8641,0.145326
18-Mar-2026,90.7941,0.284932,12.3031,12.4766,0.173545
18-Mar-2026,95.8382,0.284932,8.3372,8.50561,0.16841
18-Mar-2026,100.882,0.284932,5.03271,5.15099,0.118283
18-Mar-2026,105.926,0.284932,2.58507,2.62201,0.0369429
18-Mar-2026,110.971,0.284932,1.07072,1.03899,0.031727
18-Mar-2026,116.015,0.284932,0.344507,0.296009,0.0484975
18-Mar-2026,121.059,0.284932,0.0874657,0.059131,0.0283347
18-Mar-2026,80.7058,0.369863,21.8703,21.9732,0.102864
18-Mar-2026,85.75,0.369863,17.2931,17.4255,0.132376
18-Mar-2026,90.7941,0.369863,13.0031,13.1538,0.150742
18-Mar-2026,95.8382,0.369863,9.14241,9.29011,0.147703
18-Mar-2026,100.882,0.369863,5.87399,5.9916,0.117607
18-Mar-2026,105.926,0.369863,3.34672,3.41135,0.064626
18-Mar-2026,110.971,0.369863,1.63377,1.64011,0.00633946
18-Mar-2026,116.015,0.369863,0.664976,0.63371,0.0312656
18-Mar-2026,121.059,0.369863,0.225476,0.189584,0.035892
18-Mar-2026,80.7058,0.454795,22.3174,22.4074,0.0900213
18-Mar-2026,85.75,0.454795,17.8336,17.9455,0.111932
18-Mar-2026,90.7941,0.454795,13.6402,13.767,0.126848
18-Mar-2026,95.8382,0.454795,9.85733,9.98674,0.129407
18-Mar-2026,100.882,0.454795,6.61751,6.73307,0.11556
18-Mar-2026,105.926,0.454795,4.04015,4.12431,0.0841611
18-Mar-2026,110.971,0.454795,2.19038,2.23068,0.0402984
18-Mar-2026,116.015,0.454795,1.03323,1.03166,0.00156756
18-Mar-2026,121.059,0.454795,0.421357,0.396069,0.0252876
18-Mar-2026,80.7058,0.536986,22.754,22.8264,0.0723512
18-Mar-2026,85.75,0.536986,18.3502,18.4398,0.0896296
18-Mar-2026,90.7941,0.536986,14.2362,14.3404,0.104195
18-Mar-2026,95.8382,0.536986,10.5163,10.629,0.112674
18-Mar-2026,100.882,0.536986,7.30137,7.41298,0.111613
18-Mar-2026,105.926,0.536986,4.69018,4.78702,0.096838
18-Mar-2026,110.971,0.536986,2.73957,2.80673,0.0671639
18-Mar-2026,116.015,0.536986,1.4326,1.46197,0.0293738
18-Mar-2026,121.059,0.536986,0.665531,0.661956,0.00357452
18-Mar-2026,80.7058,0.619178,23.2077,23.2595,0.051783
18-Mar-2026,85.75,0.619178,18.8783,18.9447,0.0663691
18-Mar-2026,90.7941,0.619178,14.8365,14.9183,0.0817679
18-Mar-2026,95.8382,0.619178,11.1731,11.2691,0.095984
18-Mar-2026,100.882,0.619178,7.98223,8.08759,0.105364
18-Mar-2026,105.926,0.619178,5.34618,5.45043,0.104252
18-Mar-2026,110.971,0.619178,3.31399,3.40201,0.0880222
18-Mar-2026,116.015,0.619178,1.87886,1.93726,0.0583966
18-Mar-2026,121.059,0.619178,0.967071,0.99087,0.0237986
18-Mar-2026,80.7058,0.70411,23.6457,23.6771,0.0313647
18-Mar-2026,85.75,0.70411,19.3819,19.4263,0.0444211
18-Mar-2026,90.7941,0.70411,15.4024,15.4636,0.0611582
18-Mar-2026,95.8382,0.70411,11.7875,11.8676,0.0801223
18-Mar-2026,100.882,0.70411,8.61864,8.71602,0.0973779
18-Mar-2026,105.926,0.70411,5.96556,6.07227,0.106714
18-Mar-2026,110.971,0.70411,3.87074,3.97256,0.101816
18-Mar-2026,116.015,0.70411,2.33269,2.41413,0.0814402
18-Mar-2026,121.059,0.70411,1.2972,1.34735,0.0501459
18-Mar-2026,80.7058,0.789041,24.1176,24.1271,0.00948369
18-Mar-2026,85.75,0.789041,19.9189,19.9406,0.0217084
18-Mar-2026,90.7941,0.789041,16.0003,16.0403,0.0400093
18-Mar-2026,95.8382,0.789041,12.4329,12.4959,0.0629626
18-Mar-2026,100.882,0.789041,9.28661,9.37351,0.0869035
18-Mar-2026,105.926,0.789041,6.62075,6.72588,0.105125
18-Mar-2026,110.971,0.789041,4.47164,4.58225,0.110607
18-Mar-2026,116.015,0.789041,2.84083,2.94105,0.100223
18-Mar-2026,121.059,0.789041,1.68836,1.76378,0.0754184
18-Mar-2026,80.7058,0.868493,24.5229,24.5143,0.00863622
18-Mar-2026,85.75,0.868493,20.3765,20.3796,0.00312288
18-Mar-2026,90.7941,0.868493,16.5062,16.5288,0.022605
18-Mar-2026,95.8382,0.868493,12.9764,13.0247,0.0482731
18-Mar-2026,100.882,0.868493,9.8489,9.9255,0.0766039
18-Mar-2026,105.926,0.868493,7.17557,7.27645,0.100877
18-Mar-2026,110.971,0.868493,4.98825,5.10212,0.113872
18-Mar-2026,116.015,0.868493,3.28981,3.40137,0.11156
18-Mar-2026,121.059,0.868493,2.04888,2.14232,0.0934381
18-Mar-2026,80.7058,0.945205,24.8935,24.8687,0.0247872
18-Mar-2026,85.75,0.945205,20.7922,20.779,0.0131547
18-Mar-2026,90.7941,0.945205,16.9634,16.9706,0.00717285
18-Mar-2026,95.8382,0.945205,13.4658,13.5007,0.0348553
18-Mar-2026,100.882,0.945205,10.3551,10.4214,0.0662684
18-Mar-2026,105.926,0.945205,7.67713,7.77221,0.0950756
18-Mar-2026,110.971,0.945205,5.46034,5.57426,0.113916
18-Mar-2026,116.015,0.945205,3.70813,3.82649,0.118359
18-Mar-2026,121.059,0.945205,2.39494,2.50156,0.106619
19-Mar-2026,80.5843,0.00273973,20.1527,20.1523,0.000418452
19-Mar-2026,85.6208,0.00273973,15.1165,15.1162,0.000307107
19-Mar-2026,90.6573,0.00273973,10.0804,10.0801,0.000295762
19-Mar-2026,95.6938,0.00273973,5.04433,5.04402,0.000314117
19-Mar-2026,100.73,0.00273973,0.370713,0.383819,0.0131055
19-Mar-2026,105.767,0.00273973,6.08723e-09,1.56674e-10,5.93056e-09
19-Mar-2026,115.84,0.00273973,2.87735e-16,-3.67943e-15,3.96717e-15
19-Mar-2026,120.876,0.00273973,2.91783e-16,-3.77213e-15,4.06391e-15
19-Mar-2026,80.5843,0.0219178,20.225,20.2246,0.000353719
19-Mar-2026,85.6208,0.0219178,15.1934,15.1933,0.000120693
19-Mar-2026,90.6573,0.0219178,10.1639,10.1687,0.00481652
19-Mar-2026,95.6938,0.0219178,5.22402,5.26679,0.0427728
19-Mar-2026,100.73,0.0219178,1.32264,1.35452,0.03188
19-Mar-2026,105.767,0.0219178,0.0625412,0.0422088,0.0203324
19-Mar-2026,110.803,0.0219178,0.000151846,1.6315e-05,0.000135531
19-Mar-2026,115.84,0.0219178,1.04324e-08,2.64011e-10,1.01684e-08
19-Mar-2026,120.876,0.0219178,5.03636e-14,-1.98513e-15,5.23487e-14
19-Mar-2026,80.5843,0.0383562,20.2908,20.2909,0.000118977
19-Mar-2026,85.6208,0.0383562,15.2647,15.2694,0.00473952
19-Mar-2026,90.6573,0.0383562,10.2629,10.2928,0.0299216
19-Mar-2026,95.6938,0.0383562,5.49674,5.57605,0.0793076
19-Mar-2026,100.73,0.0383562,1.81858,1.84747,0.0288929
19-Mar-2026,105.767,0.0383562,0.233664,0.177943,0.0557209
19-Mar-2026,110.803,0.0383562,0.00630831,0.00155474,0.00475357
19-Mar-2026,115.84,0.0383562,2.64694e-05,2.23486e-06,2.42345e-05
19-Mar-2026,120.876,0.0383562,2.50611e-08,1.61008e-09,2.3451e-08
19-Mar-2026,80.5843,0.060274,20.3706,20.375,0.00442984
19-Mar-2026,85.6208,0.060274,15.3592,15.3805,0.0212539
19-Mar-2026,90.6573,0.060274,10.4219,10.4854,0.0635382
19-Mar-2026,95.6938,0.060274,5.83707,5.93639,0.0993229
19-Mar-2026,100.73,0.060274,2.2941,2.31202,0.0179249
19-Mar-2026,105.767,0.060274,0.481946,0.390668,0.0912784
19-Mar-2026,110.803,0.060274,0.0379504,0.0139328,0.0240176
19-Mar-2026,115.84,0.060274,0.000934774,0.000138297,0.000796477
19-Mar-2026,120.876,0.060274,8.94816e-06,8.33679e-07,8.11448e-06
19-Mar-2026,80.5843,0.0794521,20.454,20.4677,0.0136971
19-Mar-2026,85.6208,0.0794521,15.4689,15.5107,0.0418271
19-Mar-2026,90.6573,0.0794521,10.6088,10.6969,0.0880762
19-Mar-2026,95.6938,0.0794521,6.16576,6.26932,0.103563
19-Mar-2026,100.73,0.0794521,2.70175,2.70542,0.00366672
19-Mar-2026,105.767,0.0794521,0.740322,0.622491,0.117831
19-Mar-2026,110.803,0.0794521,0.0998039,0.0459521,0.0538518
19-Mar-2026,115.84,0.0794521,0.00583032,0.00119011,0.00464021
19-Mar-2026,120.876,0.0794521,0.000170457,1.99027e-05,0.000150554
19-Mar-2026,80.5843,0.0328767,20.2776,20.2775,8.24766e-05
19-Mar-2026,85.6208,0.0328767,15.2501,15.2532,0.00305348
19-Mar-2026,90.6573,0.0328767,10.2404,10.2645,0.0240779
19-Mar-2026,95.6938,0.0328767,5.44009,5.51382,0.0737265
19-Mar-2026,100.73,0.0328767,1.72916,1.75927,0.0301138
19-Mar-2026,105.767,0.0328767,0.195247,0.146357,0.0488898
19-Mar-2026,110.803,0.0328767,0.00392281,0.000870998,0.00305181
19-Mar-2026,115.84,0.0328767,1.00156e-05,7.28554e-07,9.28705e-06
19-Mar-2026,120.876,0.0328767,4.93549e-09,2.87617e-10,4.64787e-09
19-Mar-2026,80.5843,0.115068,20.5823,20.613,0.0307336
19-Mar-2026,85.6208,0.115068,15.6481,15.7149,0.0667689
19-Mar-2026,90.6573,0.115068,10.8967,11.002,0.105286
19-Mar-2026,95.6938,0.115068,6.60506,6.6996,0.0945414
19-Mar-2026,100.73,0.115068,3.21054,3.19258,0.0179594
19-Mar-2026,105.767,0.115068,1.10388,0.959933,0.143947
19-Mar-2026,110.803,0.115068,0.229404,0.129807,0.0995972
19-Mar-2026,115.84,0.115068,0.0263685,0.00743887,0.0189296
19-Mar-2026,120.876,0.115068,0.00183059,0.000276035,0.00155455
19-Mar-2026,80.5843,0.194521,20.943,21.003,0.0599516
19-Mar-2026,85.6208,0.194521,16.15,16.2372,0.087208
19-Mar-2026,90.6573,0.194521,11.6161,11.7085,0.0924431
19-Mar-2026,95.6938,0.194521,7.55803,7.60207,0.0440432
19-Mar-2026,100.73,0.194521,4.25237,4.18559,0.0667766
19-Mar-2026,105.767,0.194521,1.94095,1.7635,0.17745
19-Mar-2026,110.803,0.194521,0.665828,0.48763,0.178198
19-Mar-2026,115.84,0.194521,0.163134,0.0779439,0.0851901
19-Mar-2026,120.876,0.194521,0.0293386,0.00782454,0.0215141
19-Mar-2026,80.5843,0.282192,21.3839,21.442,0.0580894
19-Mar-2026,85.6208,0.282192,16.7313,16.7945,0.0631733
19-Mar-2026,90.6573,0.282192,12.3681,12.4098,0.0416895
19-Mar-2026,95.6938,0.282192,8.46275,8.44369,0.0190634
19-Mar-2026,100.73,0.282192,5.20983,5.09779,0.11204
19-Mar-2026,105.767,0.282192,2.77886,2.58143,0.197432
19-Mar-2026,110.803,0.282192,1.22949,1.01359,0.215898
19-Mar-2026,115.84,0.282192,0.43645,0.283247,0.153203
19-Mar-2026,120.876,0.282192,0.124678,0.0544799,0.0701981
19-Mar-2026,80.5843,0.367123,21.8614,21.8922,0.0307852
19-Mar-2026,85.6208,0.367123,17.3309,17.3474,0.0165265
19-Mar-2026,90.6573,0.367123,13.0999,13.08,0.0198984
19-Mar-2026,95.6938,0.367123,9.30359,9.22312,0.0804739
19-Mar-2026,100.73,0.367123,6.08933,5.93494,0.154388
19-Mar-2026,105.767,0.367123,3.58453,3.36783,0.216698
19-Mar-2026,110.803,0.367123,1.84647,1.61133,0.235139
19-Mar-2026,115.84,0.367123,0.813516,0.616978,0.196538
19-Mar-2026,120.876,0.367123,0.304872,0.181443,0.123429
19-Mar-2026,80.5843,0.452055,22.3261,22.3185,0.00760298
19-Mar-2026,85.6208,0.452055,17.8953,17.8601,0.0351922
19-Mar-2026,90.6573,0.452055,13.7656,13.6869,0.0787122
19-Mar-2026,95.6938,0.452055,10.0497,9.91468,0.135023
19-Mar-2026,100.73,0.452055,6.86601,6.67237,0.193643
19-Mar-2026,105.767,0.452055,4.31554,4.07722,0.23832
19-Mar-2026,110.803,0.452055,2.44907,2.19847,0.250603
19-Mar-2026,115.84,0.452055,1.23436,1.01164,0.222723
19-Mar-2026,120.876,0.452055,0.548449,0.385041,0.163408
19-Mar-2026,80.5843,0.534247,22.7803,22.7301,0.0501756
19-Mar-2026,85.6208,0.534247,18.4344,18.3476,0.0867983
19-Mar-2026,90.6573,0.534247,14.3878,14.2542,0.133569
19-Mar-2026,95.6938,0.534247,10.7368,10.5518,0.185017
19-Mar-2026,100.73,0.534247,7.57967,7.34783,0.231842
19-Mar-2026,105.767,0.534247,4.99896,4.73585,0.263113
19-Mar-2026,110.803,0.534247,3.03877,2.77073,0.268037
19-Mar-2026,115.84,0.534247,1.68182,1.43859,0.243232
19-Mar-2026,120.876,0.534247,0.84142,0.648211,0.193209
19-Mar-2026,80.5843,0.616438,23.2524,23.156,0.0964245
19-Mar-2026,85.6208,0.616438,18.9853,18.8456,0.139693
19-Mar-2026,90.6573,0.616438,15.0139,14.8259,0.187984
19-Mar-2026,95.6938,0.616438,11.4211,11.1864,0.234736
19-Mar-2026,100.73,0.616438,8.28941,8.0174,0.272005
19-Mar-2026,105.767,0.616438,5.68706,5.39453,0.292533
19-Mar-2026,110.803,0.616438,3.65171,3.3616,0.290113
19-Mar-2026,115.84,0.616438,2.17455,1.90999,0.264562
19-Mar-2026,120.876,0.616438,1.19343,0.974054,0.219376
19-Mar-2026,80.5843,0.70137,23.708,23.5667,0.141273
19-Mar-2026,85.6208,0.70137,19.5101,19.3208,0.189309
19-Mar-2026,90.6573,0.70137,15.6033,15.3652,0.238074
19-Mar-2026,95.6938,0.70137,12.0605,11.7794,0.281109
19-Mar-2026,100.73,0.70137,8.95202,8.64066,0.311364
19-Mar-2026,105.767,0.70137,6.33536,6.01141,0.323945
19-Mar-2026,110.803,0.70137,4.24283,3.92747,0.315363
19-Mar-2026,115.84,0.70137,2.67008,2.38269,0.287392
19-Mar-2026,120.876,0.70137,1.57076,1.32717,0.243595
19-Mar-2026,80.5843,0.786301,24.1986,24.0095,0.189062
19-Mar-2026,85.6208,0.786301,20.0691,19.8282,0.240905
19-Mar-2026,90.6573,0.786301,16.2254,15.9355,0.289898
19-Mar-2026,95.6938,0.786301,12.7312,12.4015,0.329672
19-Mar-2026,100.73,0.786301,9.64659,9.29231,0.354284
19-Mar-2026,105.767,0.786301,7.01979,6.65934,0.360449
19-Mar-2026,110.803,0.786301,4.87816,4.53174,0.346425
19-Mar-2026,115.84,0.786301,3.21997,2.90467,0.315295
19-Mar-2026,120.876,0.786301,2.01038,1.73948,0.270896
19-Mar-2026,80.5843,0.865753,24.6197,24.3906,0.229087
19-Mar-2026,85.6208,0.865753,20.5448,20.2613,0.283466
19-Mar-2026,90.6573,0.865753,16.7511,16.4184,0.332702
19-Mar-2026,95.6938,0.865753,13.2954,12.925,0.370425
19-Mar-2026,100.73,0.865753,10.2305,9.83909,0.391413
19-Mar-2026,105.767,0.865753,7.59833,7.20481,0.393524
19-Mar-2026,110.803,0.865753,5.4225,5.04668,0.37582
19-Mar-2026,115.84,0.865753,3.70247,3.36042,0.342047
19-Mar-2026,120.876,0.865753,2.41038,2.1141,0.296284
19-Mar-2026,80.5843,0.942466,25.0043,24.7395,0.264765
19-Mar-2026,85.6208,0.942466,20.9766,20.6554,0.321196
19-Mar-2026,90.6573,0.942466,17.2256,16.855,0.370585
19-Mar-2026,95.6938,0.942466,13.8029,13.396,0.40693
19-Mar-2026,100.73,0.942466,10.7556,10.3301,0.425537
19-Mar-2026,105.767,0.942466,8.12055,7.69574,0.424811
19-Mar-2026,110.803,0.942466,5.91859,5.51412,0.404472
19-Mar-2026,115.84,0.942466,4.14972,3.78113,0.368589
19-Mar-2026,120.876,0.942466,2.79075,2.46945,0.321299
20-Mar-2026,80.4233,0.0191781,20.178,20.1779,7.78575e-05
20-Mar-2026,85.4498,0.0191781,15.1561,15.1561,4.78752e-05
20-Mar-2026,90.4762,0.0191781,10.1351,10.1392,0.00413466
20-Mar-2026,95.5027,0.0191781,5.17932,5.22891,0.0495877
20-Mar-2026,100.529,0.0191781,1.22037,1.29216,0.0717947
20-Mar-2026,105.556,0.0191781,0.0396318,0.0308425,0.00878929
20-Mar-2026,110.582,0.0191781,3.4376e-05,4.98273e-06,2.93933e-05
20-Mar-2026,115.608,0.0191781,4.59809e-10,2.5007e-11,4.34802e-10
20-Mar-2026,80.4233,0.0356164,20.2437,20.244,0.000267775
20-Mar-2026,85.4498,0.0356164,15.2266,15.2313,0.004659
20-Mar-2026,90.4762,0.0356164,10.2272,10.2598,0.0325552
20-Mar-2026,95.5027,0.0356164,5.43175,5.53739,0.105635
20-Mar-2026,100.529,0.0356164,1.7109,1.7992,0.0883026
20-Mar-2026,105.556,0.0356164,0.182123,0.156472,0.0256506
20-Mar-2026,110.582,0.0356164,0.00307297,0.000984914,0.00208806
20-Mar-2026,115.608,0.0356164,6.39826e-06,9.13868e-07,5.48439e-06
20-Mar-2026,120.635,0.0356164,2.92605e-09,4.19865e-10,2.50619e-09
20-Mar-2026,80.4233,0.0575342,20.323,20.3276,0.00461842
20-Mar-2026,85.4498,0.0575342,15.3182,15.3411,0.0229239
20-Mar-2026,90.4762,0.0575342,10.3749,10.4509,0.0759539
20-Mar-2026,95.5027,0.0575342,5.75482,5.89998,0.145163
20-Mar-2026,100.529,0.0575342,2.17354,2.27117,0.0976342
20-Mar-2026,105.556,0.0575342,0.401504,0.36423,0.0372739
20-Mar-2026,110.582,0.0575342,0.0234303,0.0109471,0.0124832
20-Mar-2026,115.608,0.0575342,0.00037757,8.48132e-05,0.000292757
20-Mar-2026,120.635,0.0575342,2.39941e-06,3.95673e-07,2.00374e-06
20-Mar-2026,80.4233,0.0767123,20.4051,20.4199,0.0147808
20-Mar-2026,85.4498,0.0767123,15.4231,15.4708,0.0476859
20-Mar-2026,90.4762,0.0767123,10.5504,10.6621,0.111682
20-Mar-2026,95.5027,0.0767123,6.06893,6.23492,0.165994
20-Mar-2026,100.529,0.0767123,2.56642,2.66893,0.10251
20-Mar-2026,105.556,0.0767123,0.633646,0.594778,0.0388682
20-Mar-2026,110.582,0.0767123,0.067786,0.0394829,0.0283031
20-Mar-2026,115.608,0.0767123,0.00288411,0.000857044,0.00202707
20-Mar-2026,120.635,0.0767123,6.30666e-05,1.18386e-05,5.1228e-05
20-Mar-2026,80.4233,0.0958904,20.4699,20.4948,0.0248974
20-Mar-2026,85.4498,0.0958904,15.5107,15.5766,0.0659262
20-Mar-2026,90.4762,0.0958904,10.6926,10.8239,0.131299
20-Mar-2026,95.5027,0.0958904,6.2951,6.46928,0.174175
20-Mar-2026,100.529,0.0958904,2.83217,2.9373,0.105129
20-Mar-2026,105.556,0.0958904,0.80824,0.773259,0.0349807
20-Mar-2026,110.582,0.0958904,0.115368,0.0757606,0.0396074
20-Mar-2026,115.608,0.0958904,0.00771285,0.0027186,0.00499425
20-Mar-2026,120.635,0.0958904,0.000298201,6.21695e-05,0.000236032
20-Mar-2026,80.4233,0.030137,20.2305,20.2306,0.000128327
20-Mar-2026,85.4498,0.030137,15.2123,15.2152,0.00290059
20-Mar-2026,90.4762,0.030137,10.2064,10.2319,0.0255297
20-Mar-2026,95.5027,0.030137,5.3785,5.47489,0.0963902
20-Mar-2026,100.529,0.030137,1.62321,1.70912,0.0859093
20-Mar-2026,105.556,0.030137,0.148993,0.126331,0.0226615
20-Mar-2026,110.582,0.030137,0.00177037,0.000514442,0.00125593
20-Mar-2026,115.608,0.030137,2.04783e-06,2.59973e-07,1.78786e-06
20-Mar-2026,120.635,0.030137,4.38114e-10,6.1062e-11,3.77052e-10
20-Mar-2026,80.4233,0.112329,20.5303,20.5648,0.0345374
20-Mar-2026,85.4498,0.112329,15.5942,15.6745,0.0803422
20-Mar-2026,90.4762,0.112329,10.8232,10.9674,0.144191
20-Mar-2026,95.5027,0.112329,6.48935,6.6673,0.177948
20-Mar-2026,100.529,0.112329,3.05315,3.16044,0.107286
20-Mar-2026,105.556,0.112329,0.96205,0.93325,0.0287996
20-Mar-2026,110.582,0.112329,0.166288,0.118939,0.0473487
20-Mar-2026,115.608,0.112329,0.0149351,0.00603667,0.00889843
20-Mar-2026,120.635,0.112329,0.000835661,0.00019271,0.000642951
20-Mar-2026,80.4233,0.191781,20.8803,20.954,0.0736873
20-Mar-2026,85.4498,0.191781,16.0753,16.1963,0.120962
20-Mar-2026,90.4762,0.191781,11.5099,11.6745,0.164563
20-Mar-2026,95.5027,0.191781,7.39985,7.57329,0.173444
20-Mar-2026,100.529,0.191781,4.04025,4.161,0.120746
20-Mar-2026,105.556,0.191781,1.71903,1.74342,0.0243855
20-Mar-2026,110.582,0.191781,0.514167,0.474139,0.0400277
20-Mar-2026,115.608,0.191781,0.104803,0.0724321,0.0323709
20-Mar-2026,120.635,0.191781,0.016069,0.00666017,0.00940883
20-Mar-2026,80.4233,0.279452,21.3088,21.392,0.0832154
20-Mar-2026,85.4498,0.279452,16.635,16.7529,0.117916
20-Mar-2026,90.4762,0.279452,12.2295,12.3764,0.146898
20-Mar-2026,95.5027,0.279452,8.26077,8.41804,0.157272
20-Mar-2026,100.529,0.279452,4.9396,5.07924,0.139635
20-Mar-2026,105.556,0.279452,2.47684,2.56861,0.0917741
20-Mar-2026,110.582,0.279452,0.978168,1.00447,0.0262994
20-Mar-2026,115.608,0.279452,0.296737,0.27708,0.0196568
20-Mar-2026,120.635,0.279452,0.0730943,0.0514463,0.021648
20-Mar-2026,80.4233,0.364384,21.7738,21.8413,0.0674972
20-Mar-2026,85.4498,0.364384,17.2134,17.3056,0.0921902
20-Mar-2026,90.4762,0.364384,12.9296,13.0476,0.11799
20-Mar-2026,95.5027,0.364384,9.05822,9.20024,0.142025
20-Mar-2026,100.529,0.364384,5.76232,5.92104,0.158718
20-Mar-2026,105.556,0.364384,3.20736,3.36095,0.153591
20-Mar-2026,110.582,0.364384,1.49791,1.60801,0.110095
20-Mar-2026,115.608,0.364384,0.574422,0.614338,0.0399158
20-Mar-2026,120.635,0.364384,0.186244,0.178767,0.00747701
20-Mar-2026,80.4233,0.449315,22.2268,22.267,0.0402061
20-Mar-2026,85.4498,0.449315,17.7581,17.8183,0.0602146
20-Mar-2026,90.4762,0.449315,13.5658,13.6555,0.0896976
20-Mar-2026,95.5027,0.449315,9.7646,9.89399,0.129392
20-Mar-2026,100.529,0.449315,6.48829,6.66179,0.173497
20-Mar-2026,105.556,0.449315,3.87323,4.07463,0.201403
20-Mar-2026,110.582,0.449315,2.01533,2.20007,0.184738
20-Mar-2026,115.608,0.449315,0.89717,1.01364,0.116471
20-Mar-2026,120.635,0.449315,0.34656,0.385174,0.038614
20-Mar-2026,80.4233,0.531507,22.6696,22.6783,0.00867872
20-Mar-2026,85.4498,0.531507,18.2782,18.306,0.027824
20-Mar-2026,90.4762,0.531507,14.1603,14.2238,0.0634859
20-Mar-2026,95.5027,0.531507,10.415,10.5328,0.117816
20-Mar-2026,100.529,0.531507,7.15619,7.3397,0.183505
20-Mar-2026,105.556,0.531507,4.49918,4.73643,0.237253
20-Mar-2026,110.582,0.531507,2.5299,2.77627,0.246366
20-Mar-2026,115.608,0.531507,1.25233,1.44502,0.192688
20-Mar-2026,120.635,0.531507,0.548695,0.652213,0.103518
20-Mar-2026,80.4233,0.613699,23.1297,23.1039,0.0257656
20-Mar-2026,85.4498,0.613699,18.8096,18.8043,0.00526472
20-Mar-2026,90.4762,0.613699,14.7584,14.7963,0.0379437
20-Mar-2026,95.5027,0.613699,11.0633,11.1688,0.105516
20-Mar-2026,100.529,0.613699,7.82209,8.0112,0.189113
20-Mar-2026,105.556,0.613699,5.13318,5.39762,0.264443
20-Mar-2026,110.582,0.613699,3.07248,3.3704,0.297918
20-Mar-2026,115.608,0.613699,1.6553,1.92048,0.265184
20-Mar-2026,120.635,0.613699,0.803,0.982323,0.179323
20-Mar-2026,80.4233,0.69863,23.5737,23.5146,0.059094
20-Mar-2026,85.4498,0.69863,19.3157,19.2798,0.035862
20-Mar-2026,90.4762,0.69863,15.3221,15.3364,0.0142772
20-Mar-2026,95.5027,0.69863,11.6702,11.7629,0.0927269
20-Mar-2026,100.529,0.69863,8.44577,8.63588,0.190108
20-Mar-2026,105.556,0.69863,5.73418,6.01637,0.282186
20-Mar-2026,110.582,0.69863,3.60245,3.93877,0.336324
20-Mar-2026,115.608,0.69863,2.07111,2.39652,0.325411
20-Mar-2026,120.635,0.69863,1.08733,1.33934,0.252015
20-Mar-2026,80.4233,0.783562,24.0516,23.9574,0.0941961
20-Mar-2026,85.4498,0.783562,19.855,19.7876,0.0674251
20-Mar-2026,90.4762,0.783562,15.9176,15.9073,0.0102929
20-Mar-2026,95.5027,0.783562,12.3082,12.386,0.0777817
20-Mar-2026,100.529,0.783562,9.10197,9.2887,0.186725
20-Mar-2026,105.556,0.783562,6.37258,6.66582,0.29324
20-Mar-2026,110.582,0.783562,4.1787,4.54517,0.366473
20-Mar-2026,115.608,0.783562,2.543,2.92149,0.378495
20-Mar-2026,120.635,0.783562,1.43144,1.75544,0.324002
20-Mar-2026,80.4233,0.863014,24.4618,24.3385,0.123297
20-Mar-2026,85.4498,0.863014,20.3144,20.221,0.0934206
20-Mar-2026,90.4762,0.863014,16.4217,16.3907,0.0310289
20-Mar-2026,95.5027,0.863014,12.8463,12.9101,0.0637505
20-Mar-2026,100.529,0.863014,9.65574,9.83625,0.180506
20-Mar-2026,105.556,0.863014,6.9153,7.2123,0.296997
20-Mar-2026,110.582,0.863014,4.67737,5.06157,0.384202
20-Mar-2026,115.608,0.863014,2.96482,3.37937,0.414551
20-Mar-2026,120.635,0.863014,1.75464,2.1329,0.378257
20-Mar-2026,80.4233,0.939726,24.8365,24.6875,0.149037
20-Mar-2026,85.4498,0.939726,20.7317,20.6153,0.11643
20-Mar-2026,90.4762,0.939726,16.8774,16.8276,0.0497508
20-Mar-2026,95.5027,0.939726,13.3316,13.3815,0.0499038
20-Mar-2026,100.529,0.939726,10.1553,10.3278,0.172475
20-Mar-2026,105.556,0.939726,7.40756,7.70396,0.296402
20-Mar-2026,110.582,0.939726,5.13548,5.53009,0.394611
20-Mar-2026,115.608,0.939726,3.36144,3.80172,0.440279
20-Mar-2026,120.635,0.939726,2.06961,2.49054,0.420926
23-Mar-2026,86.9544,0.0109589,15.3732,15.3729,0.000327979
23-Mar-2026,92.0693,0.0109589,10.2599,10.2596,0.000261803
23-Mar-2026,97.1843,0.0109589,5.14952,5.15242,0.00290381
23-Mar-2026,102.299,0.0109589,0.765659,0.783305,0.0176462
23-Mar-2026,107.414,0.0109589,0.00101478,0.000582093,0.000432687
23-Mar-2026,112.529,0.0109589,1.14165e-10,1.72574e-11,9.69076e-11
23-Mar-2026,81.8394,0.0273973,20.5662,20.566,0.000167084
23-Mar-2026,86.9544,0.0273973,15.4581,15.4589,0.000800219
23-Mar-2026,92.0693,0.0273973,10.3581,10.3708,0.0126875
23-Mar-2026,97.1843,0.0273973,5.41377,5.4706,0.0568277
23-Mar-2026,102.299,0.0273973,1.56602,1.59818,0.0321621
23-Mar-2026,107.414,0.0273973,0.126879,0.103973,0.0229063
23-Mar-2026,112.529,0.0273973,0.00116254,0.000640937,0.000521603
23-Mar-2026,117.644,0.0273973,7.926e-07,9.05123e-07,1.12523e-07
23-Mar-2026,122.759,0.0273973,7.0276e-11,7.04689e-10,6.34413e-10
23-Mar-2026,81.8394,0.0493151,20.6462,20.6481,0.00189003
23-Mar-2026,86.9544,0.0493151,15.548,15.5605,0.0125161
23-Mar-2026,92.0693,0.0493151,10.4992,10.5484,0.0492357
23-Mar-2026,97.1843,0.0493151,5.75846,5.8553,0.0968401
23-Mar-2026,102.299,0.0493151,2.102,2.14209,0.0400851
23-Mar-2026,107.414,0.0493151,0.3603,0.316207,0.0440935
23-Mar-2026,112.529,0.0493151,0.0183135,0.0124125,0.00590102
23-Mar-2026,117.644,0.0493151,0.000223895,0.000214646,9.24864e-06
23-Mar-2026,122.759,0.0493151,8.93579e-07,2.69797e-06,1.80439e-06
23-Mar-2026,81.8394,0.0684932,20.7076,20.7148,0.00723582
23-Mar-2026,86.9544,0.0684932,15.6243,15.6533,0.028975
23-Mar-2026,92.0693,0.0684932,10.6306,10.7083,0.0777402
23-Mar-2026,97.1843,0.0684932,6.01507,6.13231,0.11724
23-Mar-2026,102.299,0.0684932,2.43804,2.48318,0.0451418
23-Mar-2026,107.414,0.0684932,0.551049,0.498137,0.0529122
23-Mar-2026,112.529,0.0684932,0.0501232,0.0367811,0.0133421
23-Mar-2026,117.644,0.0684932,0.00158706,0.00144802,0.000139035
23-Mar-2026,122.759,0.0684932,2.19377e-05,4.49733e-05,2.30356e-05
23-Mar-2026,81.8394,0.0876712,20.7935,20.8134,0.0199458
23-Mar-2026,86.9544,0.0876712,15.7399,15.7951,0.0552277
23-Mar-2026,92.0693,0.0876712,10.8257,10.9363,0.110642
23-Mar-2026,97.1843,0.0876712,6.34377,6.48024,0.136473
23-Mar-2026,102.299,0.0876712,2.83504,2.88724,0.0522014
23-Mar-2026,107.414,0.0876712,0.807513,0.751252,0.0562615
23-Mar-2026,112.529,0.0876712,0.116499,0.0920422,0.0244568
23-Mar-2026,117.644,0.0876712,0.00770686,0.00684695,0.000859906
23-Mar-2026,122.759,0.0876712,0.000276222,0.000424316,0.000148094
23-Mar-2026,81.8394,0.0219178,20.5264,20.5261,0.000293546
23-Mar-2026,86.9544,0.0219178,15.4156,15.4153,0.000294526
23-Mar-2026,92.0693,0.0219178,10.3055,10.3075,0.00197642
23-Mar-2026,97.1843,0.0219178,5.25774,5.28718,0.0294401
23-Mar-2026,102.299,0.0219178,1.22646,1.25299,0.0265326
23-Mar-2026,107.414,0.0219178,0.0395472,0.0299649,0.00958231
23-Mar-2026,112.529,0.0219178,3.58843e-05,1.51683e-05,2.0716e-05
23-Mar-2026,117.644,0.0219178,4.49221e-10,6.60677e-10,2.11456e-10
23-Mar-2026,81.8394,0.10411,20.8544,20.8851,0.0307287
23-Mar-2026,86.9544,0.10411,15.8251,15.8979,0.0728078
23-Mar-2026,92.0693,0.10411,10.963,11.0918,0.128784
23-Mar-2026,97.1843,0.10411,6.55374,6.69968,0.145941
23-Mar-2026,102.299,0.10411,3.07692,3.13441,0.0574921
23-Mar-2026,107.414,0.10411,0.976584,0.922486,0.0540977
23-Mar-2026,112.529,0.10411,0.173313,0.142373,0.0309396
23-Mar-2026,117.644,0.10411,0.0158554,0.0140317,0.00182366
23-Mar-2026,122.759,0.10411,0.000860838,0.00117349,0.000312653
23-Mar-2026,81.8394,0.183562,21.2131,21.3034,0.0902696
23-Mar-2026,86.9544,0.183562,16.3264,16.4697,0.143339
23-Mar-2026,92.0693,0.183562,11.6917,11.8765,0.184819
23-Mar-2026,97.1843,0.183562,7.53226,7.7079,0.175637
23-Mar-2026,102.299,0.183562,4.14464,4.23801,0.0933677
23-Mar-2026,107.414,0.183562,1.80265,1.79415,0.00849893
23-Mar-2026,112.529,0.183562,0.564487,0.531728,0.0327592
23-Mar-2026,117.644,0.183562,0.122046,0.114249,0.00779716
23-Mar-2026,122.759,0.183562,0.0195579,0.020965,0.00140713
23-Mar-2026,81.8394,0.271233,21.6601,21.7943,0.134232
23-Mar-2026,86.9544,0.271233,16.9167,17.0976,0.180924
23-Mar-2026,92.0693,0.271233,12.4566,12.6657,0.209149
23-Mar-2026,97.1843,0.271233,8.451,8.64914,0.198141
23-Mar-2026,102.299,0.271233,5.10709,5.24962,0.14253
23-Mar-2026,107.414,0.271233,2.6211,2.68971,0.068608
23-Mar-2026,112.529,0.271233,1.08099,1.10161,0.0206183
23-Mar-2026,117.644,0.271233,0.348044,0.356151,0.00810742
23-Mar-2026,122.759,0.271233,0.0907248,0.0971246,0.00639982
23-Mar-2026,81.8394,0.356164,22.1263,22.2819,0.155552
23-Mar-2026,86.9544,0.356164,17.5012,17.6968,0.19555
23-Mar-2026,92.0693,0.356164,13.1673,13.3878,0.220508
23-Mar-2026,97.1843,0.356164,9.26221,9.48235,0.220138
23-Mar-2026,102.299,0.356164,5.94546,6.13827,0.192815
23-Mar-2026,107.414,0.356164,3.37059,3.51828,0.147691
23-Mar-2026,112.529,0.356164,1.62643,1.72577,0.0993447
23-Mar-2026,117.644,0.356164,0.653173,0.710852,0.057679
23-Mar-2026,122.759,0.356164,0.222172,0.250668,0.028496
23-Mar-2026,81.8394,0.441096,22.6029,22.7658,0.162936
23-Mar-2026,86.9544,0.441096,18.0774,18.2773,0.199941
23-Mar-2026,92.0693,0.441096,13.8426,14.0707,0.22807
23-Mar-2026,97.1843,0.441096,10.013,10.2552,0.242228
23-Mar-2026,102.299,0.441096,6.71795,6.95832,0.240369
23-Mar-2026,107.414,0.441096,4.0827,4.304,0.221297
23-Mar-2026,112.529,0.441096,2.18927,2.37288,0.18361
23-Mar-2026,117.644,0.441096,1.01742,1.14705,0.129632
23-Mar-2026,122.759,0.441096,0.41258,0.486929,0.0743495
23-Mar-2026,81.8394,0.523288,23.0694,23.2318,0.162434
23-Mar-2026,86.9544,0.523288,18.6274,18.8271,0.199709
23-Mar-2026,92.0693,0.523288,14.4724,14.7065,0.234106
23-Mar-2026,97.1843,0.523288,10.7025,10.9652,0.262747
23-Mar-2026,102.299,0.523288,7.42647,7.70861,0.282137
23-Mar-2026,107.414,0.523288,4.74956,5.03465,0.285089
23-Mar-2026,112.529,0.523288,2.7454,3.00736,0.261957
23-Mar-2026,117.644,0.523288,1.41356,1.62189,0.208331
23-Mar-2026,122.759,0.523288,0.649041,0.786613,0.137572
23-Mar-2026,81.8394,0.605479,23.5761,23.7335,0.157373
23-Mar-2026,86.9544,0.605479,19.214,19.4112,0.197173
23-Mar-2026,92.0693,0.605479,15.1332,15.3731,0.239935
23-Mar-2026,97.1843,0.605479,11.4187,11.7018,0.283124
23-Mar-2026,102.299,0.605479,8.16243,8.48428,0.321849
23-Mar-2026,107.414,0.605479,5.45308,5.79827,0.345189
23-Mar-2026,112.529,0.605479,3.35523,3.69429,0.339057
23-Mar-2026,117.644,0.605479,1.87931,2.17331,0.293996
23-Mar-2026,122.759,0.605479,0.956362,1.17441,0.218045
23-Mar-2026,81.8394,0.690411,24.0435,24.194,0.150473
23-Mar-2026,86.9544,0.690411,19.7476,19.9416,0.193971
23-Mar-2026,92.0693,0.690411,15.7275,15.9721,0.244554
23-Mar-2026,97.1843,0.690411,12.0582,12.358,0.299801
23-Mar-2026,102.299,0.690411,8.81994,9.17327,0.353331
23-Mar-2026,107.414,0.690411,6.089,6.48168,0.392682
23-Mar-2026,112.529,0.690411,3.92244,4.32427,0.401835
23-Mar-2026,117.644,0.690411,2.33539,2.70398,0.368588
23-Mar-2026,122.759,0.690411,1.28105,1.57706,0.296012
23-Mar-2026,81.8394,0.775342,24.5463,24.6882,0.141884
23-Mar-2026,86.9544,0.775342,20.3156,20.5056,0.190029
23-Mar-2026,92.0693,0.775342,16.3546,16.6033,0.248747
23-Mar-2026,97.1843,0.775342,12.7298,13.0449,0.315078
23-Mar-2026,102.299,0.775342,9.51073,9.89272,0.381991
23-Mar-2026,107.414,0.775342,6.76319,7.19915,0.435962
23-Mar-2026,112.529,0.775342,4.5369,4.99733,0.460429
23-Mar-2026,117.644,0.775342,2.84902,3.29066,0.441638
23-Mar-2026,122.759,0.775342,1.66874,2.04709,0.378353
23-Mar-2026,81.8394,0.854795,24.9568,25.0913,0.134478
23-Mar-2026,86.9544,0.854795,20.7756,20.9623,0.186654
23-Mar-2026,92.0693,0.854795,16.8594,17.1107,0.251343
23-Mar-2026,97.1843,0.854795,13.2683,13.5939,0.325617
23-Mar-2026,102.299,0.854795,10.065,10.4666,0.401637
23-Mar-2026,107.414,0.854795,7.30781,7.77368,0.465873
23-Mar-2026,112.529,0.854795,5.04132,5.54308,0.501761
23-Mar-2026,117.644,0.854795,3.28298,3.77804,0.495059
23-Mar-2026,122.759,0.854795,2.01095,2.45287,0.441921
23-Mar-2026,81.8394,0.931507,25.3714,25.4984,0.126967
23-Mar-2026,86.9544,0.931507,21.2376,21.4206,0.183037
23-Mar-2026,92.0693,0.931507,17.3639,17.6172,0.253317
23-Mar-2026,97.1843,0.931507,13.8051,14.1396,0.334515
23-Mar-2026,102.299,0.931507,10.6177,11.0362,0.418452
23-Mar-2026,107.414,0.931507,7.85372,8.34535,0.491631
23-Mar-2026,112.529,0.931507,5.55295,6.09096,0.538012
23-Mar-2026,117.644,0.931507,3.73253,4.27575,0.543219
23-Mar-2026,122.759,0.931507,2.37705,2.8786,0.501552
24-Mar-2026,82.1345,0.00821918,20.5532,20.5531,9.42249e-05
24-Mar-2026,87.2679,0.00821918,15.4211,15.4209,0.000168865
24-Mar-2026,92.4013,0.00821918,10.2889,10.2888,0.000143461
24-Mar-2026,97.5347,0.00821918,5.15773,5.15781,8.02393e-05
24-Mar-2026,102.668,0.00821918,0.692696,0.651174,0.0415216
24-Mar-2026,107.802,0.00821918,0.000339134,3.60247e-05,0.000303109
24-Mar-2026,112.935,0.00821918,2.44462e-12,-1.55014e-15,2.44617e-12
24-Mar-2026,118.068,0.00821918,2.35309e-15,-7.79013e-16,3.1321e-15
24-Mar-2026,123.202,0.00821918,2.39539e-15,-8.62149e-16,3.25754e-15
24-Mar-2026,82.1345,0.0246575,20.6316,20.6315,9.81766e-05
24-Mar-2026,87.2679,0.0246575,15.5045,15.5049,0.000369559
24-Mar-2026,92.4013,0.0246575,10.3857,10.3911,0.00539032
24-Mar-2026,97.5347,0.0246575,5.42749,5.43482,0.00733337
24-Mar-2026,102.668,0.0246575,1.58358,1.49165,0.0919346
24-Mar-2026,107.802,0.0246575,0.136638,0.0705495,0.0660885
24-Mar-2026,112.935,0.0246575,0.00152764,0.000230981,0.00129666
24-Mar-2026,118.068,0.0246575,1.37196e-06,1.71068e-07,1.20089e-06
24-Mar-2026,123.202,0.0246575,1.43297e-10,7.25312e-11,7.07658e-11
24-Mar-2026,82.1345,0.0465753,20.7103,20.7114,0.00109943
24-Mar-2026,87.2679,0.0465753,15.5936,15.6009,0.00730482
24-Mar-2026,92.4013,0.0465753,10.5311,10.5541,0.0229521
24-Mar-2026,97.5347,0.0465753,5.79339,5.80239,0.00899617
24-Mar-2026,102.668,0.0465753,2.1538,2.03307,0.120733
24-Mar-2026,107.802,0.0465753,0.396185,0.254152,0.142033
24-Mar-2026,112.935,0.0465753,0.02408,0.00744227,0.0166377
24-Mar-2026,118.068,0.0465753,0.000381729,9.83311e-05,0.000283398
24-Mar-2026,123.202,0.0465753,1.92108e-06,9.77321e-07,9.43759e-07
24-Mar-2026,82.1345,0.0657534,20.7708,20.7756,0.00481409
24-Mar-2026,87.2679,0.0657534,15.6707,15.6882,0.0174623
24-Mar-2026,92.4013,0.0657534,10.6687,10.7046,0.0359267
24-Mar-2026,97.5347,0.0657534,6.06438,6.07152,0.00714192
24-Mar-2026,102.668,0.0657534,2.5077,2.37158,0.136124
24-Mar-2026,107.802,0.0657534,0.605031,0.421177,0.183854
24-Mar-2026,112.935,0.0657534,0.0641521,0.0252664,0.0388857
24-Mar-2026,118.068,0.0657534,0.00253657,0.000828798,0.00170777
24-Mar-2026,123.202,0.0657534,4.32304e-05,2.21176e-05,2.11128e-05
24-Mar-2026,82.1345,0.0849315,20.8566,20.87,0.0134394
24-Mar-2026,87.2679,0.0849315,15.7894,15.8226,0.0332113
24-Mar-2026,92.4013,0.0849315,10.8737,10.9226,0.0489449
24-Mar-2026,97.5347,0.0849315,6.40963,6.41202,0.00239076
24-Mar-2026,102.668,0.0849315,2.92353,2.77283,0.150701
24-Mar-2026,107.802,0.0849315,0.882526,0.660163,0.222363
24-Mar-2026,112.935,0.0849315,0.144628,0.0696306,0.0749974
24-Mar-2026,118.068,0.0849315,0.0114927,0.00455343,0.00693927
24-Mar-2026,123.202,0.0849315,0.000492481,0.000255095,0.000237386
24-Mar-2026,82.1345,0.0191781,20.5924,20.5923,9.66723e-05
24-Mar-2026,87.2679,0.0191781,15.4627,15.4626,0.000110608
24-Mar-2026,92.4013,0.0191781,10.3336,10.3342,0.000554679
24-Mar-2026,97.5347,0.0191781,5.26311,5.26702,0.00391239
24-Mar-2026,102.668,0.0191781,1.21563,1.14396,0.0716745
24-Mar-2026,107.802,0.0191781,0.0390779,0.0151834,0.0238945
24-Mar-2026,112.935,0.0191781,3.81157e-05,2.06075e-06,3.60549e-05
24-Mar-2026,118.068,0.0191781,4.8671e-10,2.08363e-11,4.65874e-10
24-Mar-2026,123.202,0.0191781,4.51493e-16,-4.17197e-16,8.6869e-16
24-Mar-2026,82.1345,0.10137,20.9179,20.9387,0.0208092
24-Mar-2026,87.2679,0.10137,15.8774,15.9208,0.0433764
24-Mar-2026,92.4013,0.10137,11.0178,11.0727,0.0548729
24-Mar-2026,97.5347,0.10137,6.62924,6.62774,0.00150087
24-Mar-2026,102.668,0.10137,3.17595,3.01864,0.157307
24-Mar-2026,107.802,0.10137,1.06391,0.824543,0.239367
24-Mar-2026,112.935,0.10137,0.211691,0.11218,0.0995106
24-Mar-2026,118.068,0.10137,0.0228137,0.00991021,0.0129035
24-Mar-2026,123.202,0.10137,0.00145625,0.000763118,0.000693132
24-Mar-2026,82.1345,0.180822,21.2842,21.3424,0.0581565
24-Mar-2026,87.2679,0.180822,16.3977,16.4743,0.0765628
24-Mar-2026,92.4013,0.180822,11.7777,11.8394,0.0616871
24-Mar-2026,97.5347,0.180822,7.64585,7.62541,0.0204409
24-Mar-2026,102.668,0.180822,4.28377,4.12002,0.163752
24-Mar-2026,107.802,0.180822,1.9383,1.67844,0.259858
24-Mar-2026,112.935,0.180822,0.654044,0.465902,0.188142
24-Mar-2026,118.068,0.180822,0.15723,0.0934818,0.0637482
24-Mar-2026,123.202,0.180822,0.0281251,0.0163267,0.0117984
24-Mar-2026,82.1345,0.268493,21.7438,21.8214,0.0776434
24-Mar-2026,87.2679,0.268493,17.0086,17.09,0.0813771
24-Mar-2026,92.4013,0.268493,12.5692,12.6191,0.04987
24-Mar-2026,97.5347,0.268493,8.59309,8.56307,0.0300236
24-Mar-2026,102.668,0.268493,5.27543,5.1334,0.142032
24-Mar-2026,107.802,0.268493,2.79199,2.56897,0.223016
24-Mar-2026,112.935,0.268493,1.21525,1.01214,0.20311
24-Mar-2026,118.068,0.268493,0.422464,0.311856,0.110608
24-Mar-2026,123.202,0.268493,0.119738,0.0815379,0.0382001
24-Mar-2026,82.1345,0.353425,22.2229,22.3005,0.0776244
24-Mar-2026,87.2679,0.353425,17.6106,17.6815,0.0708903
24-Mar-2026,92.4013,0.353425,13.3002,13.3362,0.0359572
24-Mar-2026,97.5347,0.353425,9.42529,9.39554,0.0297475
24-Mar-2026,102.668,0.353425,6.135,6.02469,0.110313
24-Mar-2026,107.802,0.353425,3.56664,3.397,0.169642
24-Mar-2026,112.935,0.353425,1.79466,1.62383,0.170831
24-Mar-2026,118.068,0.353425,0.765036,0.646284,0.118752
24-Mar-2026,123.202,0.353425,0.27863,0.219889,0.0587408
24-Mar-2026,82.1345,0.438356,22.7115,22.7781,0.0665743
24-Mar-2026,87.2679,0.438356,18.2019,18.2567,0.0548419
24-Mar-2026,92.4013,0.438356,13.9922,14.016,0.0237741
24-Mar-2026,97.5347,0.438356,10.1927,10.1685,0.024181
24-Mar-2026,102.668,0.438356,6.9241,6.84715,0.0769488
24-Mar-2026,107.802,0.438356,4.29816,4.18342,0.114739
24-Mar-2026,112.935,0.438356,2.38428,2.26404,0.120241
24-Mar-2026,118.068,0.438356,1.16265,1.06728,0.0953718
24-Mar-2026,123.202,0.438356,0.499308,0.440127,0.0591808
24-Mar-2026,82.1345,0.520548,23.1886,23.239,0.0503719
24-Mar-2026,87.2679,0.520548,18.7645,18.8025,0.0379761
24-Mar-2026,92.4013,0.520548,14.6354,14.6497,0.0142544
24-Mar-2026,97.5347,0.520548,10.8955,10.8787,0.0167752
24-Mar-2026,102.668,0.520548,7.64577,7.59929,0.0464783
24-Mar-2026,107.802,0.520548,4.98023,4.91497,0.0652645
24-Mar-2026,112.935,0.520548,2.96148,2.89452,0.0669586
24-Mar-2026,118.068,0.520548,1.58692,1.5314,0.0555206
24-Mar-2026,123.202,0.520548,0.765206,0.725681,0.0395251
24-Mar-2026,82.1345,0.60274,23.7057,23.7358,0.0301341
24-Mar-2026,87.2679,0.60274,19.363,19.3828,0.0198414
24-Mar-2026,92.4013,0.60274,15.3087,15.3143,0.00559504
24-Mar-2026,97.5347,0.60274,11.6238,11.6153,0.00848653
24-Mar-2026,102.668,0.60274,8.39364,8.37637,0.017274
24-Mar-2026,107.802,0.60274,5.69736,5.67938,0.0179818
24-Mar-2026,112.935,0.60274,3.59013,3.57863,0.0114971
24-Mar-2026,118.068,0.60274,2.07885,2.07434,0.00451482
24-Mar-2026,123.202,0.60274,1.10282,1.10055,0.00227111
24-Mar-2026,82.1345,0.687671,24.1817,24.1923,0.0106412
24-Mar-2026,87.2679,0.687671,19.9062,19.9102,0.00395256
24-Mar-2026,92.4013,0.687671,15.9129,15.9115,0.00143278
24-Mar-2026,97.5347,0.687671,12.2729,12.2712,0.00166404
24-Mar-2026,102.668,0.687671,9.06051,9.06613,0.00562067
24-Mar-2026,107.802,0.687671,6.34391,6.36323,0.0193246
24-Mar-2026,112.935,0.687671,4.17192,4.20672,0.0347983
24-Mar-2026,118.068,0.687671,2.55567,2.5991,0.043434
24-Mar-2026,123.202,0.687671,1.45323,1.49338,0.0401504
24-Mar-2026,82.1345,0.772603,24.6928,24.6825,0.0102783
24-Mar-2026,87.2679,0.772603,20.4834,20.4711,0.0123359
24-Mar-2026,92.4013,0.772603,16.5493,16.5409,0.00844624
24-Mar-2026,97.5347,0.772603,12.9534,12.9575,0.00413947
24-Mar-2026,102.668,0.772603,9.76005,9.78592,0.0258681
24-Mar-2026,107.802,0.772603,7.02797,7.08084,0.0528687
24-Mar-2026,112.935,0.772603,4.79979,4.87807,0.0782788
24-Mar-2026,118.068,0.772603,3.08859,3.18076,0.0921661
24-Mar-2026,123.202,0.772603,1.866,1.95467,0.0886742
24-Mar-2026,82.1345,0.852055,25.1095,25.0825,0.0270462
24-Mar-2026,87.2679,0.852055,20.9502,20.9252,0.0250144
24-Mar-2026,92.4013,0.852055,17.0608,17.0466,0.0141657
24-Mar-2026,97.5347,0.852055,13.4984,13.5059,0.00748903
24-Mar-2026,102.668,0.852055,10.3206,10.3598,0.0391773
24-Mar-2026,107.802,0.852055,7.57969,7.65522,0.0755326
24-Mar-2026,112.935,0.852055,5.31378,5.42254,0.108756
24-Mar-2026,118.068,0.852055,3.53636,3.66471,0.128345
24-Mar-2026,123.202,0.852055,2.22671,2.35442,0.127708
24-Mar-2026,82.1345,0.928767,25.5299,25.4864,0.0434728
24-Mar-2026,87.2679,0.928767,21.4184,21.3811,0.0373337
24-Mar-2026,92.4013,0.928767,17.5714,17.5514,0.0199919
24-Mar-2026,97.5347,0.928767,14.0411,14.0507,0.0096066
24-Mar-2026,102.668,0.928767,10.8791,10.929,0.0498693
24-Mar-2026,107.802,0.928767,8.13209,8.22652,0.0944321
24-Mar-2026,112.935,0.928767,5.83406,5.96914,0.135078
24-Mar-2026,118.068,0.928767,3.99835,4.15936,0.16101
24-Mar-2026,123.202,0.928767,2.60981,2.77482,0.165013
25-Mar-2026,82.8085,0.00547945,20.7151,20.7155,0.000420964
25-Mar-2026,87.984,0.00547945,15.5404,15.5408,0.00043477
25-Mar-2026,93.1595,0.00547945,10.3657,10.3661,0.000448575
25-Mar-2026,98.335,0.00547945,5.19108,5.19164,0.000555136
25-Mar-2026,103.511,0.00547945,0.572878,0.56023,0.0126485
25-Mar-2026,108.686,0.00547945,1.86538e-05,2.29705e-06,1.63567e-05
25-Mar-2026,82.8085,0.0219178,20.7932,20.7936,0.000420292
25-Mar-2026,87.984,0.0219178,15.6235,15.6244,0.000909975
25-Mar-2026,93.1595,0.0219178,10.4604,10.468,0.00755013
25-Mar-2026,98.335,0.0219178,5.44579,5.47298,0.0271893
25-Mar-2026,103.511,0.0219178,1.55189,1.51383,0.0380576
25-Mar-2026,108.686,0.0219178,0.123565,0.0765234,0.0470416
25-Mar-2026,113.862,0.0219178,0.00115415,0.000239757,0.000914393
25-Mar-2026,119.037,0.0219178,7.53951e-07,1.29641e-07,6.2431e-07
25-Mar-2026,124.213,0.0219178,4.92697e-11,3.45103e-11,1.47594e-11
25-Mar-2026,82.8085,0.0438356,20.8715,20.8733,0.0018478
25-Mar-2026,87.984,0.0438356,15.7117,15.7212,0.00951553
25-Mar-2026,93.1595,0.0438356,10.6034,10.6371,0.0336507
25-Mar-2026,98.335,0.0438356,5.81713,5.86239,0.045259
25-Mar-2026,103.511,0.0438356,2.14411,2.08786,0.056248
25-Mar-2026,108.686,0.0438356,0.386777,0.279434,0.107343
25-Mar-2026,113.862,0.0438356,0.0226872,0.00856965,0.0141175
25-Mar-2026,119.037,0.0438356,0.000337572,0.000105201,0.000232371
25-Mar-2026,124.213,0.0438356,1.53069e-06,9.04575e-07,6.26115e-07
25-Mar-2026,82.8085,0.0630137,20.9317,20.938,0.00626022
25-Mar-2026,87.984,0.0630137,15.7881,15.8108,0.0226665
25-Mar-2026,93.1595,0.0630137,10.7412,10.7947,0.053467
25-Mar-2026,98.335,0.0630137,6.09355,6.14467,0.0511199
25-Mar-2026,103.511,0.0630137,2.50834,2.44059,0.0677535
25-Mar-2026,108.686,0.0630137,0.600423,0.458968,0.141455
25-Mar-2026,113.862,0.0630137,0.062937,0.0289296,0.0340074
25-Mar-2026,119.037,0.0630137,0.00243529,0.000916455,0.00151883
25-Mar-2026,124.213,0.0630137,3.97709e-05,2.24096e-05,1.73613e-05
25-Mar-2026,82.8085,0.0821918,21.017,21.0339,0.0168628
25-Mar-2026,87.984,0.0821918,15.9065,15.9497,0.0431825
25-Mar-2026,93.1595,0.0821918,10.9479,11.0221,0.0741507
25-Mar-2026,98.335,0.0821918,6.44569,6.49843,0.0527357
25-Mar-2026,103.511,0.0821918,2.93451,2.8541,0.0804095
25-Mar-2026,108.686,0.0821918,0.884413,0.710576,0.173837
25-Mar-2026,113.862,0.0821918,0.144969,0.0783522,0.0666168
25-Mar-2026,119.037,0.0821918,0.0115014,0.00504444,0.00645696
25-Mar-2026,124.213,0.0821918,0.000486982,0.000267035,0.000219947
25-Mar-2026,82.8085,0.0164384,20.7542,20.7546,0.000371589
25-Mar-2026,87.984,0.0164384,15.5819,15.5823,0.00043187
25-Mar-2026,93.1595,0.0164384,10.4099,10.411,0.00114034
25-Mar-2026,98.335,0.0164384,5.28376,5.29603,0.0122694
25-Mar-2026,103.511,0.0164384,1.16231,1.13515,0.0271641
25-Mar-2026,108.686,0.0164384,0.0293887,0.0146286,0.0147601
25-Mar-2026,113.862,0.0164384,1.56442e-05,1.28207e-06,1.43621e-05
25-Mar-2026,119.037,0.0164384,6.77239e-11,4.50881e-12,6.32151e-11
25-Mar-2026,124.213,0.0164384,4.53992e-16,3.91438e-15,3.46039e-15
25-Mar-2026,82.8085,0.0986301,21.0781,21.104,0.0258826
25-Mar-2026,87.984,0.0986301,15.9948,16.0512,0.0563581
25-Mar-2026,93.1595,0.0986301,11.0937,11.1777,0.0839863
25-Mar-2026,98.335,0.0986301,6.66952,6.72083,0.0513147
25-Mar-2026,103.511,0.0986301,3.19254,3.10539,0.087147
25-Mar-2026,108.686,0.0986301,1.0699,0.881188,0.188712
25-Mar-2026,113.862,0.0986301,0.213643,0.124795,0.0888479
25-Mar-2026,119.037,0.0986301,0.0231184,0.0109213,0.0121971
25-Mar-2026,124.213,0.0986301,0.00147155,0.000802828,0.000668722
25-Mar-2026,82.8085,0.178082,21.4454,21.5165,0.0711459
25-Mar-2026,87.984,0.178082,16.5195,16.6193,0.0998201
25-Mar-2026,93.1595,0.178082,11.8643,11.9634,0.0991209
25-Mar-2026,98.335,0.178082,7.70385,7.73622,0.032373
25-Mar-2026,103.511,0.178082,4.32139,4.21809,0.103304
25-Mar-2026,108.686,0.178082,1.96208,1.75043,0.211651
25-Mar-2026,113.862,0.178082,0.66697,0.496708,0.170262
25-Mar-2026,119.037,0.178082,0.162067,0.0998837,0.0621833
25-Mar-2026,124.213,0.178082,0.029283,0.0170121,0.0122709
25-Mar-2026,82.8085,0.265753,21.9086,22.0026,0.0940056
25-Mar-2026,87.984,0.265753,17.1374,17.2434,0.10602
25-Mar-2026,93.1595,0.265753,12.6668,12.7507,0.0839035
25-Mar-2026,98.335,0.265753,8.66552,8.67768,0.0121628
25-Mar-2026,103.511,0.265753,5.32878,5.23092,0.0978581
25-Mar-2026,108.686,0.265753,2.83053,2.64314,0.187387
25-Mar-2026,113.862,0.265753,1.24044,1.0533,0.187139
25-Mar-2026,119.037,0.265753,0.435557,0.325762,0.109795
25-Mar-2026,124.213,0.265753,0.124811,0.0839687,0.0408423
25-Mar-2026,82.8085,0.350685,22.3924,22.485,0.0925565
25-Mar-2026,87.984,0.350685,17.7467,17.8378,0.091125
25-Mar-2026,93.1595,0.350685,13.4076,13.469,0.0613677
25-Mar-2026,98.335,0.350685,9.50923,9.50843,0.000795284
25-Mar-2026,103.511,0.350685,6.20053,6.11811,0.0824198
25-Mar-2026,108.686,0.350685,3.61702,3.46864,0.148384
25-Mar-2026,113.862,0.350685,1.83079,1.66822,0.162567
25-Mar-2026,119.037,0.350685,0.787237,0.665685,0.121552
25-Mar-2026,124.213,0.350685,0.289663,0.224683,0.0649804
25-Mar-2026,82.8085,0.435616,22.886,22.9634,0.0773799
25-Mar-2026,87.984,0.435616,18.3449,18.4131,0.0682355
25-Mar-2026,93.1595,0.435616,14.1082,14.1473,0.039089
25-Mar-2026,98.335,0.435616,10.2865,10.2779,0.00858966
25-Mar-2026,103.511,0.435616,6.99992,6.93569,0.0642344
25-Mar-2026,108.686,0.435616,4.35873,4.25113,0.107604
25-Mar-2026,113.862,0.435616,2.43028,2.30818,0.122096
25-Mar-2026,119.037,0.435616,1.19395,1.0895,0.10445
25-Mar-2026,124.213,0.435616,0.517486,0.44708,0.070406
25-Mar-2026,82.8085,0.517808,23.368,23.4238,0.055792
25-Mar-2026,87.984,0.517808,18.914,18.9576,0.0435846
25-Mar-2026,93.1595,0.517808,14.7591,14.7785,0.0193863
25-Mar-2026,98.335,0.517808,10.9978,10.9843,0.013515
25-Mar-2026,103.511,0.517808,7.73044,7.68315,0.0472918
25-Mar-2026,108.686,0.517808,5.04963,4.97857,0.0710583
25-Mar-2026,113.862,0.517808,3.01625,2.93686,0.0793933
25-Mar-2026,119.037,0.517808,1.62677,1.55434,0.0724259
25-Mar-2026,124.213,0.517808,0.790863,0.733938,0.0569251
25-Mar-2026,82.8085,0.6,23.8905,23.9193,0.0288347
25-Mar-2026,87.984,0.6,19.5191,19.5359,0.0167795
25-Mar-2026,93.1595,0.6,15.4401,15.4401,3.5418e-05
25-Mar-2026,98.335,0.6,11.7345,11.7168,0.0177165
25-Mar-2026,103.511,0.6,8.48699,8.45552,0.03147
25-Mar-2026,108.686,0.6,5.7755,5.73867,0.0368349
25-Mar-2026,113.862,0.6,3.6537,3.61824,0.0354646
25-Mar-2026,119.037,0.6,2.12752,2.09659,0.0309275
25-Mar-2026,124.213,0.6,1.13677,1.10917,0.0276021
25-Mar-2026,82.8085,0.684932,24.3713,24.3743,0.00296127
25-Mar-2026,87.984,0.684932,20.0682,20.061,0.0071608
25-Mar-2026,93.1595,0.684932,16.0509,16.0344,0.0165132
25-Mar-2026,98.335,0.684932,12.3908,12.3692,0.02163
25-Mar-2026,103.511,0.684932,9.16127,9.14135,0.0199233
25-Mar-2026,108.686,0.684932,6.42955,6.41879,0.010762
25-Mar-2026,113.862,0.684932,4.2431,4.24353,0.000425741
25-Mar-2026,119.037,0.684932,2.6121,2.6199,0.00780104
25-Mar-2026,124.213,0.684932,1.4948,1.50148,0.00668433
25-Mar-2026,82.8085,0.769863,24.8875,24.8626,0.0249234
25-Mar-2026,87.984,0.769863,20.6513,20.6196,0.0317144
25-Mar-2026,93.1595,0.769863,16.6941,16.6608,0.0332728
25-Mar-2026,98.335,0.769863,13.0785,13.052,0.0265249
25-Mar-2026,103.511,0.769863,9.86827,9.85731,0.0109623
25-Mar-2026,108.686,0.769863,7.12119,7.13268,0.011489
25-Mar-2026,113.862,0.769863,4.8787,4.91181,0.0331087
25-Mar-2026,119.037,0.769863,3.15298,3.19947,0.0464947
25-Mar-2026,124.213,0.769863,1.91561,1.96153,0.0459247
25-Mar-2026,82.8085,0.849315,25.3082,25.2609,0.0472521
25-Mar-2026,87.984,0.849315,21.1228,21.0718,0.050989
25-Mar-2026,93.1595,0.849315,17.2108,17.1643,0.0464645
25-Mar-2026,98.335,0.849315,13.6291,13.5977,0.0313985
25-Mar-2026,103.511,0.849315,10.4346,10.4283,0.00627176
25-Mar-2026,108.686,0.849315,7.67881,7.70426,0.0254492
25-Mar-2026,113.862,0.849315,5.39873,5.45381,0.0550786
25-Mar-2026,119.037,0.849315,3.607,3.68151,0.0745087
25-Mar-2026,124.213,0.849315,2.28272,2.35988,0.0771632
25-Mar-2026,82.8085,0.926027,25.7326,25.6634,0.0692468
25-Mar-2026,87.984,0.926027,21.5956,21.5258,0.0697603
25-Mar-2026,93.1595,0.926027,17.7266,17.6669,0.059654
25-Mar-2026,98.335,0.926027,14.1772,14.1401,0.0371323
25-Mar-2026,103.511,0.926027,10.9988,10.9949,0.00391571
25-Mar-2026,108.686,0.926027,8.23694,8.27292,0.0359805
25-Mar-2026,113.862,0.926027,5.92488,5.99799,0.073109
25-Mar-2026,119.037,0.926027,4.0751,4.17413,0.0990257
25-Mar-2026,124.213,0.926027,2.67214,2.77864,0.106499
26-Mar-2026,87.6863,0.00273973,15.4809,15.4805,0.000354177
26-Mar-2026,92.8443,0.00273973,10.3233,10.3229,0.000351483
26-Mar-2026,98.0023,0.00273973,5.16567,5.16535,0.000318309
26-Mar-2026,103.16,0.00273973,0.400555,0.406241,0.00568559
26-Mar-2026,108.318,0.00273973,5.03636e-09,4.85463e-10,4.5509e-09
26-Mar-2026,113.476,0.00273973,4.96358e-15,3.80009e-14,3.30373e-14
26-Mar-2026,118.634,0.00273973,1.81553e-15,7.22796e-16,1.09273e-15
26-Mar-2026,123.792,0.00273973,1.88107e-15,6.94816e-16,1.18625e-15
26-Mar-2026,82.5282,0.0191781,20.7158,20.7155,0.000268635
26-Mar-2026,87.6863,0.0191781,15.5631,15.5631,6.68018e-06
26-Mar-2026,92.8443,0.0191781,10.415,10.4219,0.00688732
26-Mar-2026,98.0023,0.0191781,5.39674,5.43645,0.0397139
26-Mar-2026,103.16,0.0191781,1.48562,1.49612,0.010502
26-Mar-2026,108.318,0.0191781,0.103625,0.0778295,0.0257955
26-Mar-2026,113.476,0.0191781,0.000704557,0.000247922,0.000456635
26-Mar-2026,118.634,0.0191781,2.66906e-07,1.12677e-07,1.54229e-07
26-Mar-2026,123.792,0.0191781,8.42674e-12,2.20052e-11,1.35784e-11
26-Mar-2026,82.5282,0.0410959,20.7932,20.7943,0.00111359
26-Mar-2026,87.6863,0.0410959,15.6495,15.6586,0.00910626
26-Mar-2026,92.8443,0.0410959,10.5525,10.591,0.0385351
26-Mar-2026,98.0023,0.0410959,5.76573,5.83784,0.0721137
26-Mar-2026,103.16,0.0410959,2.09316,2.096,0.00283936
26-Mar-2026,108.318,0.0410959,0.362158,0.295927,0.0662307
26-Mar-2026,113.476,0.0410959,0.0194543,0.0100064,0.00944788
26-Mar-2026,118.634,0.0410959,0.000250769,0.000127637,0.000123132
26-Mar-2026,123.792,0.0410959,9.42486e-07,1.07932e-06,1.36829e-07
26-Mar-2026,82.5282,0.060274,20.8526,20.8583,0.00568903
26-Mar-2026,87.6863,0.060274,15.7243,15.7481,0.0237546
26-Mar-2026,92.8443,0.060274,10.6881,10.7512,0.0631235
26-Mar-2026,98.0023,0.060274,6.04409,6.12807,0.0839816
26-Mar-2026,103.16,0.060274,2.46477,2.45935,0.00541633
26-Mar-2026,108.318,0.060274,0.576932,0.485577,0.0913547
26-Mar-2026,113.476,0.060274,0.0578835,0.0335806,0.0243029
26-Mar-2026,118.634,0.060274,0.00209094,0.00112968,0.000961262
26-Mar-2026,123.792,0.060274,3.12584e-05,2.82532e-05,3.0052e-06
26-Mar-2026,82.5282,0.0794521,20.9367,20.9538,0.0170948
26-Mar-2026,87.6863,0.0794521,15.8411,15.888,0.0468593
26-Mar-2026,92.8443,0.0794521,10.8942,10.9829,0.0886634
26-Mar-2026,98.0023,0.0794521,6.4005,6.49001,0.089506
26-Mar-2026,103.16,0.0794521,2.89941,2.88181,0.0175991
26-Mar-2026,108.318,0.0794521,0.864921,0.747283,0.117638
26-Mar-2026,113.476,0.0794521,0.139238,0.0892469,0.0499911
26-Mar-2026,118.634,0.0794521,0.0107585,0.00613191,0.00462659
26-Mar-2026,123.792,0.0794521,0.000440777,0.000337315,0.000103462
26-Mar-2026,82.5282,0.0136986,20.6772,20.6769,0.000308715
26-Mar-2026,87.6863,0.0136986,15.522,15.5216,0.000388622
26-Mar-2026,92.8443,0.0136986,10.3669,10.367,5.26056e-05
26-Mar-2026,98.0023,0.0136986,5.24316,5.25781,0.0146534
26-Mar-2026,103.16,0.0136986,1.07862,1.08984,0.0112184
26-Mar-2026,108.318,0.0136986,0.0187512,0.0123213,0.00642985
26-Mar-2026,113.476,0.0136986,3.69369e-06,6.78458e-07,3.01523e-06
26-Mar-2026,118.634,0.0136986,2.77377e-12,8.40154e-13,1.93362e-12
26-Mar-2026,123.792,0.0136986,5.0703e-16,-9.19366e-16,1.4264e-15
26-Mar-2026,82.5282,0.0958904,20.9972,21.024,0.0267518
26-Mar-2026,87.6863,0.0958904,15.9288,15.9905,0.0617038
26-Mar-2026,92.8443,0.0958904,11.0407,11.1413,0.100573
26-Mar-2026,98.0023,0.0958904,6.62779,6.71658,0.0887931
26-Mar-2026,103.16,0.0958904,3.16283,3.13702,0.0258089
26-Mar-2026,108.318,0.0958904,1.05401,0.922792,0.131218
26-Mar-2026,113.476,0.0958904,0.208621,0.140376,0.0682445
26-Mar-2026,118.634,0.0958904,0.022311,0.0131011,0.0092099
26-Mar-2026,123.792,0.0958904,0.0014006,0.00100449,0.000396108
26-Mar-2026,82.5282,0.175342,21.3648,21.4386,0.0738035
26-Mar-2026,87.6863,0.175342,16.4582,16.5647,0.106487
26-Mar-2026,92.8443,0.175342,11.8238,11.9371,0.113306
26-Mar-2026,98.0023,0.175342,7.68444,7.74301,0.0585709
26-Mar-2026,103.16,0.175342,4.32005,4.25722,0.0628336
26-Mar-2026,108.318,0.175342,1.97114,1.80331,0.16783
26-Mar-2026,113.476,0.175342,0.676616,0.533119,0.143497
26-Mar-2026,118.634,0.175342,0.167101,0.112867,0.0542345
26-Mar-2026,123.792,0.175342,0.0308612,0.0201,0.0107612
26-Mar-2026,82.5282,0.263014,21.8363,21.927,0.0906624
26-Mar-2026,87.6863,0.263014,17.0911,17.1926,0.101529
26-Mar-2026,92.8443,0.263014,12.6488,12.7285,0.0796855
26-Mar-2026,98.0023,0.263014,8.67546,8.68642,0.0109596
26-Mar-2026,103.16,0.263014,5.36099,5.26856,0.0924302
26-Mar-2026,108.318,0.263014,2.87311,2.69642,0.176687
26-Mar-2026,113.476,0.263014,1.27846,1.10092,0.177537
26-Mar-2026,118.634,0.263014,0.459568,0.352834,0.106734
26-Mar-2026,123.792,0.263014,0.135851,0.0945833,0.0412677
26-Mar-2026,82.5282,0.347945,22.3345,22.4103,0.0757642
26-Mar-2026,87.6863,0.347945,17.7211,17.7882,0.0670736
26-Mar-2026,92.8443,0.347945,13.4165,13.447,0.030527
26-Mar-2026,98.0023,0.347945,9.55121,9.51532,0.035893
26-Mar-2026,103.16,0.347945,6.26806,6.15157,0.116491
26-Mar-2026,108.318,0.347945,3.69593,3.51857,0.177357
26-Mar-2026,113.476,0.347945,1.90316,1.71928,0.183878
26-Mar-2026,118.634,0.347945,0.839427,0.702904,0.136523
26-Mar-2026,123.792,0.347945,0.319414,0.244667,0.0747469
26-Mar-2026,82.5282,0.432877,22.847,22.8885,0.0415419
26-Mar-2026,87.6863,0.432877,18.344,18.363,0.0190445
26-Mar-2026,92.8443,0.432877,14.1471,14.1239,0.0232187
26-Mar-2026,98.0023,0.432877,10.3627,10.2816,0.0810986
26-Mar-2026,103.16,0.432877,7.10438,6.96433,0.140054
26-Mar-2026,108.318,0.432877,4.47594,4.29662,0.179315
26-Mar-2026,113.476,0.432877,2.54058,2.35901,0.181575
26-Mar-2026,118.634,0.432877,1.28053,1.13256,0.147972
26-Mar-2026,123.792,0.432877,0.574056,0.475603,0.0984527
26-Mar-2026,82.5282,0.515068,23.3505,23.3481,0.00238143
26-Mar-2026,87.6863,0.515068,18.9398,18.9062,0.0335715
26-Mar-2026,92.8443,0.515068,14.8292,14.7529,0.0763134
26-Mar-2026,98.0023,0.515068,11.1085,10.9845,0.124041
26-Mar-2026,103.16,0.515068,7.87185,7.70711,0.164743
26-Mar-2026,108.318,0.515068,5.20529,5.01954,0.18575
26-Mar-2026,113.476,0.515068,3.16549,2.98577,0.179719
26-Mar-2026,118.634,0.515068,1.75067,1.60005,0.150616
26-Mar-2026,123.792,0.515068,0.879558,0.768769,0.110789
26-Mar-2026,82.5282,0.59726,23.899,23.8423,0.0567195
26-Mar-2026,87.6863,0.59726,19.576,19.4827,0.0933499
26-Mar-2026,92.8443,0.59726,15.5456,15.4117,0.133887
26-Mar-2026,98.0023,0.59726,11.8838,11.7131,0.170738
26-Mar-2026,103.16,0.59726,8.66933,8.47461,0.194715
26-Mar-2026,108.318,0.59726,5.97379,5.7748,0.198986
26-Mar-2026,113.476,0.59726,3.84668,3.6642,0.182477
26-Mar-2026,118.634,0.59726,2.29482,2.14301,0.151812
26-Mar-2026,123.792,0.59726,1.26535,1.14855,0.1168
26-Mar-2026,82.5282,0.682192,24.4059,24.2957,0.110234
26-Mar-2026,87.6863,0.682192,20.1553,20.0058,0.149469
26-Mar-2026,92.8443,0.682192,16.1901,16.0034,0.186743
26-Mar-2026,98.0023,0.682192,12.5765,12.3619,0.21459
26-Mar-2026,103.16,0.682192,9.38193,9.15619,0.225739
26-Mar-2026,108.318,0.682192,6.66776,6.45064,0.217118
26-Mar-2026,113.476,0.682192,4.47738,4.2864,0.190984
26-Mar-2026,118.634,0.682192,2.82125,2.66571,0.155542
26-Mar-2026,123.792,0.682192,1.66358,1.54332,0.120261
26-Mar-2026,82.5282,0.767123,24.9517,24.7821,0.169553
26-Mar-2026,87.6863,0.767123,20.7723,20.5621,0.210197
26-Mar-2026,92.8443,0.767123,16.8704,16.6269,0.243534
26-Mar-2026,98.0023,0.767123,13.3039,13.041,0.262887
26-Mar-2026,103.16,0.767123,10.1306,9.86782,0.262782
26-Mar-2026,108.318,0.767123,7.40279,7.16012,0.242665
26-Mar-2026,113.476,0.767123,5.1581,4.95117,0.206927
26-Mar-2026,118.634,0.767123,3.4085,3.24378,0.164715
26-Mar-2026,123.792,0.767123,2.13025,2.0046,0.125654
26-Mar-2026,82.5282,0.846575,25.3976,25.1789,0.21867
26-Mar-2026,87.6863,0.846575,21.2721,21.0124,0.259694
26-Mar-2026,92.8443,0.846575,17.4179,17.128,0.289924
26-Mar-2026,98.0023,0.846575,13.8871,13.5838,0.303298
26-Mar-2026,103.16,0.846575,10.7312,10.4355,0.295739
26-Mar-2026,108.318,0.846575,7.99606,7.72825,0.26781
26-Mar-2026,113.476,0.846575,5.71531,5.49026,0.22505
26-Mar-2026,118.634,0.846575,3.90107,3.72417,0.176896
26-Mar-2026,123.792,0.846575,2.53628,2.40313,0.133147
26-Mar-2026,82.5282,0.923288,25.8481,25.5797,0.268428
26-Mar-2026,87.6863,0.923288,21.774,21.4645,0.309545
26-Mar-2026,92.8443,0.923288,17.9651,17.6282,0.336927
26-Mar-2026,98.0023,0.923288,14.4684,14.1233,0.345127
26-Mar-2026,103.16,0.923288,11.33,10.9987,0.331267
26-Mar-2026,108.318,0.923288,8.5903,8.29354,0.296761
26-Mar-2026,113.476,0.923288,6.2792,6.03149,0.247709
26-Mar-2026,118.634,0.923288,4.40852,4.21487,0.193649
26-Mar-2026,123.792,0.923288,2.96594,2.82152,0.144417
27-Mar-2026,82.1707,0.0164384,20.619,20.6186,0.000402317
27-Mar-2026,87.3064,0.0164384,15.4881,15.4879,0.000157716
27-Mar-2026,92.442,0.0164384,10.3597,10.3659,0.00624253
27-Mar-2026,97.5777,0.0164384,5.3305,5.3843,0.0538004
27-Mar-2026,102.713,0.0164384,1.37354,1.44171,0.0681712
27-Mar-2026,107.849,0.0164384,0.0712892,0.0678903,0.00339895
27-Mar-2026,112.985,0.0164384,0.00022437,0.000181359,4.30111e-05
27-Mar-2026,118.12,0.0164384,2.35372e-08,6.59872e-08,4.245e-08
27-Mar-2026,123.256,0.0164384,1.60471e-13,9.95401e-12,9.79354e-12
27-Mar-2026,82.1707,0.0383562,20.6953,20.6962,0.00085106
27-Mar-2026,87.3064,0.0383562,15.5719,15.581,0.00912571
27-Mar-2026,92.442,0.0383562,10.4843,10.5303,0.0459885
27-Mar-2026,97.5777,0.0383562,5.67397,5.78755,0.113575
27-Mar-2026,102.713,0.0383562,1.97234,2.05917,0.0868342
27-Mar-2026,107.849,0.0383562,0.296523,0.285923,0.0106
27-Mar-2026,112.985,0.0383562,0.0114673,0.00973549,0.00173181
27-Mar-2026,118.12,0.0383562,8.78056e-05,0.000128886,4.10806e-05
27-Mar-2026,123.256,0.0383562,1.8138e-07,1.13922e-06,9.57845e-07
27-Mar-2026,82.1707,0.0575342,20.7534,20.759,0.00563941
27-Mar-2026,87.3064,0.0575342,15.6425,15.6689,0.0264215
27-Mar-2026,92.442,0.0575342,10.6085,10.6895,0.0809741
27-Mar-2026,97.5777,0.0575342,5.93791,6.08066,0.142748
27-Mar-2026,102.713,0.0575342,2.3338,2.42869,0.0948944
27-Mar-2026,107.849,0.0575342,0.49149,0.477291,0.0141995
27-Mar-2026,112.985,0.0575342,0.0390146,0.033835,0.00517955
27-Mar-2026,118.12,0.0575342,0.000981804,0.00121065,0.00022885
27-Mar-2026,123.256,0.0575342,9.77277e-06,3.26102e-05,2.28375e-05
27-Mar-2026,82.1707,0.0767123,20.8347,20.8533,0.0186063
27-Mar-2026,87.3064,0.0767123,15.7517,15.8077,0.0560122
27-Mar-2026,92.442,0.0767123,10.7996,10.9214,0.121758
27-Mar-2026,97.5777,0.0767123,6.27729,6.44587,0.168582
27-Mar-2026,102.713,0.0767123,2.75369,2.85595,0.102258
27-Mar-2026,107.849,0.0767123,0.756138,0.740952,0.0151861
27-Mar-2026,112.985,0.0767123,0.102288,0.0909557,0.0113323
27-Mar-2026,118.12,0.0767123,0.00608379,0.00667175,0.000587961
27-Mar-2026,123.256,0.0767123,0.000186655,0.000397955,0.0002113
27-Mar-2026,82.1707,0.0931507,20.8925,20.9229,0.0303767
27-Mar-2026,87.3064,0.0931507,15.8335,15.91,0.0764924
27-Mar-2026,92.442,0.0931507,10.9364,11.0803,0.143939
27-Mar-2026,97.5777,0.0931507,6.49393,6.67418,0.180251
27-Mar-2026,102.713,0.0931507,3.00698,3.11319,0.106207
27-Mar-2026,107.849,0.0931507,0.930785,0.91739,0.0133947
27-Mar-2026,112.985,0.0931507,0.158476,0.143203,0.0152728
27-Mar-2026,118.12,0.0931507,0.0135524,0.0142333,0.000680877
27-Mar-2026,123.256,0.0931507,0.000665723,0.00118218,0.000516453
27-Mar-2026,82.1707,0.0109589,20.5808,20.5805,0.000344736
27-Mar-2026,87.3064,0.0109589,15.4475,15.4471,0.000359699
27-Mar-2026,92.442,0.0109589,10.3143,10.3141,0.000175436
27-Mar-2026,97.5777,0.0109589,5.19731,5.21225,0.0149429
27-Mar-2026,102.713,0.0109589,0.960881,1.01187,0.0509903
27-Mar-2026,107.849,0.0109589,0.00811346,0.00759636,0.000517105
27-Mar-2026,112.985,0.0109589,2.04138e-07,1.51954e-07,5.21842e-08
27-Mar-2026,118.12,0.0109589,5.81712e-15,3.56761e-14,2.9859e-14
27-Mar-2026,123.256,0.0109589,1.52172e-15,-3.73137e-15,5.25309e-15
27-Mar-2026,82.1707,0.172603,21.2397,21.3369,0.0971772
27-Mar-2026,87.3064,0.172603,16.3282,16.4853,0.157092
27-Mar-2026,92.442,0.172603,11.672,11.8795,0.20749
27-Mar-2026,97.5777,0.172603,7.49941,7.70556,0.20615
27-Mar-2026,102.713,0.172603,4.1114,4.23774,0.126338
27-Mar-2026,107.849,0.172603,1.78041,1.79953,0.0191225
27-Mar-2026,112.985,0.172603,0.555036,0.539682,0.0153539
27-Mar-2026,118.12,0.172603,0.119382,0.119059,0.000322855
27-Mar-2026,123.256,0.172603,0.0189688,0.0226058,0.00363701
27-Mar-2026,82.1707,0.260274,21.6822,21.8262,0.144034
27-Mar-2026,87.3064,0.260274,16.921,17.1151,0.194069
27-Mar-2026,92.442,0.260274,12.4486,12.673,0.224415
27-Mar-2026,97.5777,0.260274,8.43782,8.65075,0.212928
27-Mar-2026,102.713,0.260274,5.09584,5.24989,0.154053
27-Mar-2026,107.849,0.260274,2.61579,2.69208,0.0762851
27-Mar-2026,112.985,0.260274,1.08089,1.10768,0.0267935
27-Mar-2026,118.12,0.260274,0.349786,0.363281,0.0134946
27-Mar-2026,123.256,0.260274,0.0919712,0.101743,0.00977222
27-Mar-2026,82.1707,0.345205,22.1487,22.3106,0.161885
27-Mar-2026,87.3064,0.345205,17.5109,17.7119,0.20096
27-Mar-2026,92.442,0.345205,13.1699,13.3926,0.222689
27-Mar-2026,97.5777,0.345205,9.26312,9.48017,0.217047
27-Mar-2026,102.713,0.345205,5.94854,6.13277,0.184225
27-Mar-2026,107.849,0.345205,3.37685,3.51326,0.13641
27-Mar-2026,112.985,0.345205,1.63439,1.7249,0.0905115
27-Mar-2026,118.12,0.345205,0.660527,0.714691,0.0541644
27-Mar-2026,123.256,0.345205,0.227249,0.255775,0.0285259
27-Mar-2026,82.1707,0.430137,22.6279,22.7897,0.16175
27-Mar-2026,87.3064,0.430137,18.0935,18.2875,0.193992
27-Mar-2026,92.442,0.430137,13.8547,14.0699,0.215221
27-Mar-2026,97.5777,0.430137,10.0249,10.2465,0.221624
27-Mar-2026,102.713,0.430137,6.73161,6.94516,0.213551
27-Mar-2026,107.849,0.430137,4.09769,4.29041,0.192724
27-Mar-2026,112.985,0.430137,2.20388,2.36335,0.159467
27-Mar-2026,118.12,0.430137,1.03009,1.14414,0.114055
27-Mar-2026,123.256,0.430137,0.422168,0.488931,0.0667633
27-Mar-2026,82.1707,0.512329,23.098,23.2497,0.151731
27-Mar-2026,87.3064,0.512329,18.6498,18.8311,0.181288
27-Mar-2026,92.442,0.512329,14.4926,14.6991,0.206495
27-Mar-2026,97.5777,0.512329,10.7232,10.9493,0.226065
27-Mar-2026,102.713,0.512329,7.44834,7.68755,0.23921
27-Mar-2026,107.849,0.512329,4.77142,5.0126,0.241182
27-Mar-2026,112.985,0.512329,2.76551,2.98905,0.22354
27-Mar-2026,118.12,0.512329,1.43084,1.61094,0.1801
27-Mar-2026,123.256,0.512329,0.662895,0.782936,0.120041
27-Mar-2026,82.1707,0.594521,23.6092,23.7442,0.134991
27-Mar-2026,87.3064,0.594521,19.243,19.4077,0.164695
27-Mar-2026,92.442,0.594521,15.1613,15.3579,0.196599
27-Mar-2026,97.5777,0.594521,11.4475,11.6776,0.230131
27-Mar-2026,102.713,0.594521,8.19177,8.45464,0.262868
27-Mar-2026,107.849,0.594521,5.4813,5.76723,0.285927
27-Mar-2026,112.985,0.594521,3.38061,3.66658,0.285966
27-Mar-2026,118.12,0.594521,1.90107,2.15308,0.252007
27-Mar-2026,123.256,0.594521,0.974434,1.16283,0.1884
27-Mar-2026,82.1707,0.679452,24.081,24.1977,0.116661
27-Mar-2026,87.3064,0.679452,19.7824,19.9309,0.148466
27-Mar-2026,92.442,0.679452,15.7622,15.9494,0.187185
27-Mar-2026,97.5777,0.679452,12.0937,12.3262,0.232493
27-Mar-2026,102.713,0.679452,8.85532,9.13583,0.280515
27-Mar-2026,107.849,0.679452,6.12249,6.44258,0.320091
27-Mar-2026,112.985,0.679452,3.95231,4.28813,0.335823
27-Mar-2026,118.12,0.679452,2.361,2.67513,0.314134
27-Mar-2026,123.256,0.679452,1.30266,1.55741,0.254753
27-Mar-2026,82.1707,0.764384,24.5885,24.6841,0.0955591
27-Mar-2026,87.3064,0.764384,20.3563,20.487,0.130667
27-Mar-2026,92.442,0.764384,16.3958,16.5726,0.176808
27-Mar-2026,97.5777,0.764384,12.7716,13.0049,0.233325
27-Mar-2026,102.713,0.764384,9.55203,9.84705,0.29502
27-Mar-2026,107.849,0.764384,6.80195,7.15161,0.349665
27-Mar-2026,112.985,0.764384,4.57138,4.95239,0.381005
27-Mar-2026,118.12,0.764384,2.87863,3.25268,0.374045
27-Mar-2026,123.256,0.764384,1.69393,2.01842,0.324488
27-Mar-2026,82.1707,0.843836,25.0029,25.0807,0.0777583
27-Mar-2026,87.3064,0.843836,20.821,20.937,0.116027
27-Mar-2026,92.442,0.843836,16.9054,17.0734,0.168007
27-Mar-2026,97.5777,0.843836,13.315,13.5474,0.232363
27-Mar-2026,102.713,0.843836,10.1108,10.4143,0.303545
27-Mar-2026,107.849,0.843836,7.35069,7.71941,0.368716
27-Mar-2026,112.985,0.843836,5.07951,5.49113,0.411621
27-Mar-2026,118.12,0.843836,3.31586,3.73274,0.416878
27-Mar-2026,123.256,0.843836,2.03901,2.41676,0.377754
27-Mar-2026,82.1707,0.920548,25.4213,25.4811,0.0598203
27-Mar-2026,87.3064,0.920548,21.2875,21.3887,0.101244
27-Mar-2026,92.442,0.920548,17.4146,17.5732,0.158622
27-Mar-2026,97.5777,0.920548,13.8564,14.0864,0.230036
27-Mar-2026,102.713,0.920548,10.6679,10.9772,0.309343
27-Mar-2026,107.849,0.920548,7.90067,8.28437,0.383698
27-Mar-2026,112.985,0.920548,5.59487,6.03207,0.437198
27-Mar-2026,118.12,0.920548,3.76874,4.22318,0.454444
27-Mar-2026,123.256,0.920548,2.40803,2.83501,0.426984
30-Mar-2026,81.3185,0.00821918,20.3491,20.349,9.666e-05
30-Mar-2026,86.4009,0.00821918,15.2679,15.2678,7.77027e-05
30-Mar-2026,91.4833,0.00821918,10.1868,10.1866,0.000158492
30-Mar-2026,96.5657,0.00821918,5.10607,5.10816,0.00208583
30-Mar-2026,101.648,0.00821918,0.63742,0.720493,0.0830728
30-Mar-2026,106.731,0.00821918,0.00010147,0.00038653,0.00028506
30-Mar-2026,111.813,0.00821918,1.49565e-14,1.13024e-11,1.12874e-11
30-Mar-2026,81.3185,0.030137,20.4401,20.4401,1.43976e-05
30-Mar-2026,86.4009,0.030137,15.3648,15.367,0.00219253
30-Mar-2026,91.4833,0.030137,10.2982,10.3226,0.024369
30-Mar-2026,96.5657,0.030137,5.38866,5.50697,0.11831
30-Mar-2026,101.648,0.030137,1.56225,1.74006,0.177813
30-Mar-2026,106.731,0.030137,0.124966,0.175173,0.0502068
30-Mar-2026,111.813,0.030137,0.00107913,0.00371635,0.00263722
30-Mar-2026,116.895,0.030137,7.13205e-07,2.8683e-05,2.79698e-05
30-Mar-2026,121.978,0.030137,7.05343e-11,1.39432e-07,1.39362e-07
30-Mar-2026,81.3185,0.0493151,20.5117,20.5146,0.00290252
30-Mar-2026,86.4009,0.0493151,15.4449,15.4633,0.0184059
30-Mar-2026,91.4833,0.0493151,10.4224,10.4989,0.0765052
30-Mar-2026,96.5657,0.0493151,5.69148,5.87811,0.186634
30-Mar-2026,101.648,0.0493151,2.0349,2.24556,0.210663
30-Mar-2026,106.731,0.0493151,0.324402,0.409789,0.085387
30-Mar-2026,111.813,0.0493151,0.0138593,0.0296133,0.015754
30-Mar-2026,116.895,0.0493151,0.000132495,0.00121233,0.00107983
30-Mar-2026,121.978,0.0493151,4.18049e-07,3.87944e-05,3.83764e-05
30-Mar-2026,81.3185,0.0684932,20.5782,20.5896,0.0114469
30-Mar-2026,86.4009,0.0684932,15.527,15.5714,0.0443735
30-Mar-2026,91.4833,0.0684932,10.5624,10.6869,0.12446
30-Mar-2026,96.5657,0.0684932,5.9665,6.195,0.228497
30-Mar-2026,101.648,0.0684932,2.3975,2.62655,0.229048
30-Mar-2026,106.731,0.0684932,0.52477,0.632643,0.107873
30-Mar-2026,111.813,0.0684932,0.0441888,0.0772286,0.0330398
30-Mar-2026,116.895,0.0684932,0.00127213,0.00629736,0.00502523
30-Mar-2026,121.978,0.0684932,1.65347e-05,0.000435544,0.000419009
30-Mar-2026,81.3185,0.0849315,20.6335,20.656,0.0224686
30-Mar-2026,86.4009,0.0849315,15.6002,15.6689,0.0687367
30-Mar-2026,91.4833,0.0849315,10.6864,10.8448,0.158384
30-Mar-2026,96.5657,0.0849315,6.18041,6.43304,0.252627
30-Mar-2026,101.648,0.0849315,2.65927,2.89847,0.239197
30-Mar-2026,106.731,0.0849315,0.68836,0.810229,0.121869
30-Mar-2026,111.813,0.0849315,0.0815827,0.129068,0.0474854
30-Mar-2026,116.895,0.0849315,0.00404588,0.014782,0.0107361
30-Mar-2026,121.978,0.0849315,0.000105151,0.00149019,0.00138504
30-Mar-2026,81.3185,0.00273973,20.3361,20.336,9.83669e-05
30-Mar-2026,86.4009,0.00273973,15.2541,15.254,9.20153e-05
30-Mar-2026,91.4833,0.00273973,10.1721,10.172,8.56637e-05
30-Mar-2026,96.5657,0.00273973,5.09013,5.09002,0.000108579
30-Mar-2026,101.648,0.00273973,0.364871,0.413585,0.0487141
30-Mar-2026,106.731,0.00273973,1.02293e-08,4.51494e-09,5.71436e-09
30-Mar-2026,116.895,0.00273973,6.24082e-16,-1.54494e-15,2.16902e-15
30-Mar-2026,121.978,0.00273973,6.2741e-16,-1.59584e-15,2.22325e-15
30-Mar-2026,81.3185,0.164384,20.9617,21.0635,0.101754
30-Mar-2026,86.4009,0.164384,16.0598,16.2397,0.179892
30-Mar-2026,91.4833,0.164384,11.3871,11.6515,0.264409
30-Mar-2026,96.5657,0.164384,7.18259,7.49007,0.30748
30-Mar-2026,101.648,0.164384,3.78405,4.04826,0.264206
30-Mar-2026,106.731,0.164384,1.5104,1.68184,0.171441
30-Mar-2026,111.813,0.164384,0.405892,0.515676,0.109784
30-Mar-2026,116.895,0.164384,0.0706109,0.129733,0.0591222
30-Mar-2026,121.978,0.164384,0.00883695,0.030542,0.0217051
30-Mar-2026,81.3185,0.252055,21.4072,21.5788,0.171606
30-Mar-2026,86.4009,0.252055,16.6592,16.902,0.242764
30-Mar-2026,91.4833,0.252055,12.185,12.4846,0.299612
30-Mar-2026,96.5657,0.252055,8.16478,8.47932,0.314537
30-Mar-2026,101.648,0.252055,4.82273,5.09931,0.276579
30-Mar-2026,106.731,0.252055,2.37507,2.58914,0.214074
30-Mar-2026,111.813,0.252055,0.914341,1.07946,0.16512
30-Mar-2026,116.895,0.252055,0.267932,0.384611,0.116679
30-Mar-2026,121.978,0.252055,0.0630938,0.127607,0.0645136
30-Mar-2026,81.3185,0.336986,21.8645,22.0675,0.202977
30-Mar-2026,86.4009,0.336986,17.2404,17.5001,0.259722
30-Mar-2026,91.4833,0.336986,12.9025,13.2014,0.298857
30-Mar-2026,96.5657,0.336986,8.99383,9.30105,0.307218
30-Mar-2026,101.648,0.336986,5.68359,5.96821,0.284619
30-Mar-2026,106.731,0.336986,3.13747,3.38537,0.247902
30-Mar-2026,111.813,0.336986,1.45105,1.66343,0.212376
30-Mar-2026,116.895,0.336986,0.550364,0.717612,0.167248
30-Mar-2026,121.978,0.336986,0.176136,0.285881,0.109745
30-Mar-2026,81.3185,0.421918,22.3389,22.5496,0.210663
30-Mar-2026,86.4009,0.421918,17.8201,18.0753,0.255157
30-Mar-2026,91.4833,0.421918,13.5889,13.8741,0.285214
30-Mar-2026,96.5657,0.421918,9.763,10.0589,0.295859
30-Mar-2026,101.648,0.421918,6.47756,6.76739,0.289826
30-Mar-2026,106.731,0.421918,3.86573,4.14095,0.275221
30-Mar-2026,111.813,0.421918,2.0158,2.27036,0.254559
30-Mar-2026,116.895,0.421918,0.902499,1.11834,0.215837
30-Mar-2026,121.978,0.421918,0.351646,0.508626,0.15698
30-Mar-2026,81.3185,0.50411,22.8078,23.0115,0.203676
30-Mar-2026,86.4009,0.50411,18.3776,18.6174,0.239827
30-Mar-2026,91.4833,0.50411,14.232,14.4985,0.26653
30-Mar-2026,96.5657,0.50411,10.471,10.7539,0.282881
30-Mar-2026,101.648,0.50411,7.2069,7.49861,0.291709
30-Mar-2026,106.731,0.50411,4.55038,4.84561,0.295229
30-Mar-2026,111.813,0.50411,2.58021,2.8694,0.289194
30-Mar-2026,116.895,0.50411,1.29512,1.55497,0.259853
30-Mar-2026,121.978,0.50411,0.578506,0.782268,0.203762
30-Mar-2026,81.3185,0.586301,23.2986,23.4858,0.187167
30-Mar-2026,86.4009,0.586301,18.9496,19.1675,0.21789
30-Mar-2026,91.4833,0.586301,14.8802,15.1247,0.24445
30-Mar-2026,96.5657,0.586301,11.1765,11.4444,0.267909
30-Mar-2026,101.648,0.586301,7.93347,8.2235,0.290026
30-Mar-2026,106.731,0.586301,5.24381,5.55315,0.309341
30-Mar-2026,111.813,0.586301,3.17664,3.4944,0.317764
30-Mar-2026,116.895,0.586301,1.74314,2.04343,0.300293
30-Mar-2026,121.978,0.586301,0.867027,1.1182,0.251172
30-Mar-2026,81.3185,0.671233,23.7966,23.9612,0.164586
30-Mar-2026,86.4009,0.671233,19.5212,19.7135,0.192262
30-Mar-2026,91.4833,0.671233,15.5197,15.7401,0.2204
30-Mar-2026,96.5657,0.671233,11.867,12.118,0.250988
30-Mar-2026,101.648,0.671233,8.64461,8.92913,0.284516
30-Mar-2026,106.731,0.671233,5.93112,6.24827,0.317147
30-Mar-2026,111.813,0.671233,3.78674,4.12568,0.338938
30-Mar-2026,116.895,0.671233,2.22843,2.5628,0.334371
30-Mar-2026,121.978,0.671233,1.2068,1.50229,0.295486
30-Mar-2026,81.3185,0.756164,24.2887,24.4275,0.138773
30-Mar-2026,86.4009,0.756164,20.0796,20.2445,0.164921
30-Mar-2026,91.4833,0.756164,16.1383,16.3339,0.195575
30-Mar-2026,96.5657,0.756164,12.5312,12.7637,0.232518
30-Mar-2026,101.648,0.756164,9.32885,9.60432,0.275475
30-Mar-2026,106.731,0.756164,6.59883,6.91788,0.319046
30-Mar-2026,111.813,0.756164,4.3936,4.74621,0.352606
30-Mar-2026,116.895,0.756164,2.73227,3.09298,0.360705
30-Mar-2026,121.978,0.756164,1.58287,1.91667,0.333802
30-Mar-2026,81.3185,0.835616,24.7311,24.8448,0.113744
30-Mar-2026,86.4009,0.835616,20.5772,20.7166,0.139432
30-Mar-2026,91.4833,0.835616,16.6858,16.8582,0.172446
30-Mar-2026,96.5657,0.835616,13.1166,13.3311,0.214461
30-Mar-2026,101.648,0.835616,9.93213,10.1966,0.264497
30-Mar-2026,106.731,0.835616,7.19179,7.5081,0.316307
30-Mar-2026,111.813,0.835616,4.94192,5.30116,0.359238
30-Mar-2026,116.895,0.835616,3.20196,3.58016,0.378195
30-Mar-2026,121.978,0.835616,1.95048,2.31321,0.362729
30-Mar-2026,81.3185,0.912329,25.1568,25.2455,0.0887454
30-Mar-2026,86.4009,0.912329,21.053,21.1673,0.114322
30-Mar-2026,91.4833,0.912329,17.2065,17.3561,0.14962
30-Mar-2026,96.5657,0.912329,13.6716,13.8675,0.195917
30-Mar-2026,101.648,0.912329,10.5044,10.7559,0.25155
30-Mar-2026,106.731,0.912329,7.75728,8.06741,0.310132
30-Mar-2026,111.813,0.912329,5.47165,5.83267,0.361023
30-Mar-2026,116.895,0.912329,3.6664,4.05612,0.389717
30-Mar-2026,121.978,0.912329,2.32711,2.71242,0.385313
31-Mar-2026,81.8163,0.00547945,20.4672,20.4668,0.000378301
31-Mar-2026,86.9298,0.00547945,15.3545,15.3541,0.000358197
31-Mar-2026,92.0433,0.00547945,10.2418,10.2415,0.000338094
31-Mar-2026,97.1569,0.00547945,5.12912,5.12877,0.000347443
31-Mar-2026,102.27,0.00547945,0.507765,0.52879,0.0210247
31-Mar-2026,107.384,0.00547945,1.4128e-06,1.398e-06,1.4795e-08
31-Mar-2026,81.8163,0.0273973,20.559,20.5586,0.000354456
31-Mar-2026,86.9298,0.0273973,15.4521,15.4526,0.000463876
31-Mar-2026,92.0433,0.0273973,10.351,10.3616,0.0105711
31-Mar-2026,97.1569,0.0273973,5.38202,5.43866,0.0566375
31-Mar-2026,102.27,0.0273973,1.48487,1.53359,0.0487172
31-Mar-2026,107.384,0.0273973,0.0959118,0.0924229,0.00348891
31-Mar-2026,112.497,0.0273973,0.000477304,0.000798055,0.000320751
31-Mar-2026,117.611,0.0273973,1.34579e-07,2.54412e-06,2.40954e-06
31-Mar-2026,122.724,0.0273973,5.10203e-12,5.54045e-09,5.53535e-09
31-Mar-2026,81.8163,0.0465753,20.6312,20.6321,0.000936277
31-Mar-2026,86.9298,0.0465753,15.5317,15.5408,0.00908344
31-Mar-2026,92.0433,0.0465753,10.4686,10.5104,0.0418002
31-Mar-2026,97.1569,0.0465753,5.67468,5.76965,0.0949698
31-Mar-2026,102.27,0.0465753,1.96069,2.01526,0.0545738
31-Mar-2026,107.384,0.0465753,0.278473,0.268269,0.0102039
31-Mar-2026,112.497,0.0465753,0.00906256,0.0117846,0.00272203
31-Mar-2026,117.611,0.0465753,5.79628e-05,0.000303924,0.000245962
31-Mar-2026,122.724,0.0465753,1.18354e-07,6.4861e-06,6.36775e-06
31-Mar-2026,81.8163,0.0657534,20.6978,20.7037,0.00586082
31-Mar-2026,86.9298,0.0657534,15.612,15.6374,0.0253571
31-Mar-2026,92.0433,0.0657534,10.6026,10.6753,0.0726783
31-Mar-2026,97.1569,0.0657534,5.94453,6.06195,0.11742
31-Mar-2026,102.27,0.0657534,2.32398,2.38055,0.0565743
31-Mar-2026,107.384,0.0657534,0.468769,0.453017,0.0157517
31-Mar-2026,112.497,0.0657534,0.0329166,0.0387287,0.0058121
31-Mar-2026,117.611,0.0657534,0.000729936,0.00229101,0.00156107
31-Mar-2026,122.724,0.0657534,7.19462e-06,0.000120302,0.000113107
31-Mar-2026,81.8163,0.0821918,20.7529,20.7657,0.0128188
31-Mar-2026,86.9298,0.0821918,15.6834,15.7249,0.0414935
31-Mar-2026,92.0433,0.0821918,10.7225,10.8173,0.0947998
31-Mar-2026,97.1569,0.0821918,6.15565,6.28521,0.129561
31-Mar-2026,102.27,0.0821918,2.58592,2.64327,0.0573476
31-Mar-2026,107.384,0.0821918,0.626446,0.607637,0.018809
31-Mar-2026,112.497,0.0821918,0.0644153,0.0723249,0.00790963
31-Mar-2026,117.611,0.0821918,0.00261315,0.00639195,0.0037788
31-Mar-2026,122.724,0.0821918,5.50245e-05,0.000517554,0.00046253
31-Mar-2026,81.8163,0.161644,21.077,21.1455,0.0685338
31-Mar-2026,86.9298,0.161644,16.1329,16.2516,0.118681
31-Mar-2026,92.0433,0.161644,11.4101,11.5717,0.161649
31-Mar-2026,97.1569,0.161644,7.15195,7.30332,0.151372
31-Mar-2026,102.27,0.161644,3.71217,3.77517,0.0630006
31-Mar-2026,107.384,0.161644,1.43342,1.42094,0.0124761
31-Mar-2026,112.497,0.161644,0.361788,0.375144,0.0133555
31-Mar-2026,117.611,0.161644,0.0577579,0.0819798,0.0242219
31-Mar-2026,122.724,0.161644,0.00661674,0.0172382,0.0106214
31-Mar-2026,81.8163,0.249315,21.5174,21.6362,0.118807
31-Mar-2026,86.9298,0.249315,16.7254,16.8856,0.160229
31-Mar-2026,92.0433,0.249315,12.2032,12.3814,0.178232
31-Mar-2026,97.1569,0.249315,8.13521,8.28462,0.149406
31-Mar-2026,102.27,0.249315,4.75597,4.83367,0.0776992
31-Mar-2026,107.384,0.249315,2.29576,2.31655,0.0207949
31-Mar-2026,112.497,0.249315,0.853528,0.883747,0.0302193
31-Mar-2026,117.611,0.249315,0.238416,0.285765,0.047349
31-Mar-2026,122.724,0.249315,0.0533732,0.0873176,0.0339444
31-Mar-2026,81.8163,0.334247,21.9717,22.1111,0.139359
31-Mar-2026,86.9298,0.334247,17.3043,17.4716,0.167316
31-Mar-2026,92.0433,0.334247,12.9211,13.0927,0.17161
31-Mar-2026,97.1569,0.334247,8.96896,9.11229,0.14333
31-Mar-2026,102.27,0.334247,5.62435,5.71792,0.093568
31-Mar-2026,107.384,0.334247,3.06245,3.11952,0.05707
31-Mar-2026,112.497,0.334247,1.38476,1.44481,0.0600535
31-Mar-2026,117.611,0.334247,0.509094,0.580498,0.0714037
31-Mar-2026,122.724,0.334247,0.157414,0.2162,0.0587857
31-Mar-2026,81.8163,0.419178,22.4453,22.5859,0.140588
31-Mar-2026,86.9298,0.419178,17.8847,18.0426,0.157853
31-Mar-2026,92.0433,0.419178,13.6109,13.7676,0.15668
31-Mar-2026,97.1569,0.419178,9.74503,9.88087,0.135845
31-Mar-2026,102.27,0.419178,6.4276,6.53434,0.106743
31-Mar-2026,107.384,0.419178,3.7984,3.88767,0.0892705
31-Mar-2026,112.497,0.419178,1.95037,2.04457,0.0941979
31-Mar-2026,117.611,0.419178,0.854778,0.955419,0.100641
31-Mar-2026,122.724,0.419178,0.324962,0.411359,0.0863973
31-Mar-2026,81.8163,0.50137,22.9152,23.0448,0.129619
31-Mar-2026,86.9298,0.50137,18.4447,18.5849,0.140249
31-Mar-2026,92.0433,0.50137,14.2591,14.3975,0.138418
31-Mar-2026,97.1569,0.50137,10.4611,10.5879,0.126785
31-Mar-2026,102.27,0.50137,7.16712,7.28212,0.115003
31-Mar-2026,107.384,0.50137,4.49246,4.60625,0.113789
31-Mar-2026,112.497,0.50137,2.51954,2.64464,0.125101
31-Mar-2026,117.611,0.50137,1.24572,1.37703,0.131309
31-Mar-2026,122.724,0.50137,0.546519,0.66276,0.116241
31-Mar-2026,81.8163,0.583562,23.4084,23.5187,0.110268
31-Mar-2026,86.9298,0.583562,19.0211,19.1377,0.11664
31-Mar-2026,92.0433,0.583562,14.9142,15.031,0.116809
31-Mar-2026,97.1569,0.583562,11.1762,11.291,0.11484
31-Mar-2026,102.27,0.583562,7.90505,8.02323,0.11818
31-Mar-2026,107.384,0.583562,5.19694,5.32838,0.131442
31-Mar-2026,112.497,0.583562,3.12361,3.27504,0.151429
31-Mar-2026,117.611,0.583562,1.69582,1.85746,0.161641
31-Mar-2026,122.724,0.583562,0.832579,0.981218,0.148639
31-Mar-2026,81.8163,0.668493,23.9101,23.9953,0.0852294
31-Mar-2026,86.9298,0.668493,19.5983,19.6879,0.0895666
31-Mar-2026,92.0433,0.668493,15.5617,15.6546,0.0928574
31-Mar-2026,97.1569,0.668493,11.8771,11.9769,0.0998473
31-Mar-2026,102.27,0.668493,8.62823,8.74402,0.115794
31-Mar-2026,107.384,0.668493,5.89627,6.03769,0.14142
31-Mar-2026,112.497,0.668493,3.74328,3.91402,0.170737
31-Mar-2026,117.611,0.668493,2.18624,2.37401,0.187772
31-Mar-2026,122.724,0.668493,1.17294,1.35304,0.1801
31-Mar-2026,81.8163,0.753425,24.4068,24.4638,0.05705
31-Mar-2026,86.9298,0.753425,20.1632,20.2237,0.0605321
31-Mar-2026,92.0433,0.753425,16.189,16.2564,0.0674335
31-Mar-2026,97.1569,0.753425,12.5521,12.6342,0.0820718
31-Mar-2026,102.27,0.753425,9.3247,9.43297,0.108269
31-Mar-2026,107.384,0.753425,6.57636,6.72049,0.144133
31-Mar-2026,112.497,0.753425,4.36081,4.54316,0.182349
31-Mar-2026,117.611,0.753425,2.69732,2.90481,0.207487
31-Mar-2026,122.724,0.753425,1.55224,1.7597,0.207465
31-Mar-2026,81.8163,0.832877,24.8541,24.8838,0.0296505
31-Mar-2026,86.9298,0.832877,20.6673,20.7004,0.0331482
31-Mar-2026,92.0433,0.832877,16.7448,16.788,0.0431637
31-Mar-2026,97.1569,0.832877,13.1474,13.2112,0.0638247
31-Mar-2026,102.27,0.832877,9.93914,10.0367,0.097528
31-Mar-2026,107.384,0.832877,7.18069,7.32184,0.141148
31-Mar-2026,112.497,0.832877,4.91942,5.10617,0.186754
31-Mar-2026,117.611,0.832877,3.1749,3.39442,0.21952
31-Mar-2026,122.724,0.832877,1.92462,2.1522,0.227584
31-Mar-2026,81.8163,0.909589,25.2851,25.2872,0.00207741
31-Mar-2026,86.9298,0.909589,21.1498,21.1557,0.00587671
31-Mar-2026,92.0433,0.909589,17.2738,17.2925,0.0187332
31-Mar-2026,97.1569,0.909589,13.7123,13.7565,0.0441862
31-Mar-2026,102.27,0.909589,10.5222,10.6062,0.0839901
31-Mar-2026,107.384,0.909589,7.75728,7.89122,0.133942
31-Mar-2026,112.497,0.909589,5.45947,5.64548,0.186015
31-Mar-2026,117.611,0.909589,3.64782,3.87382,0.226003
31-Mar-2026,122.724,0.909589,2.30721,2.54952,0.242311
01-Apr-2026,81.5341,0.00273973,20.3902,20.3906,0.000354698
01-Apr-2026,86.63,0.00273973,15.2947,15.2951,0.000370618
01-Apr-2026,91.7259,0.00273973,10.1992,10.1996,0.000386538
01-Apr-2026,96.8217,0.00273973,5.10378,5.1042,0.000422514
01-Apr-2026,101.918,0.00273973,0.355138,0.367328,0.0121899
01-Apr-2026,107.014,0.00273973,1.89017e-08,2.16055e-10,1.86856e-08
01-Apr-2026,117.205,0.00273973,2.66471e-15,9.47413e-16,1.7173e-15
01-Apr-2026,122.301,0.00273973,2.79566e-15,1.14029e-15,1.65537e-15
01-Apr-2026,81.5341,0.0246575,20.4833,20.4837,0.000377502
01-Apr-2026,86.63,0.0246575,15.3937,15.3945,0.000822077
01-Apr-2026,91.7259,0.0246575,10.3083,10.3166,0.00826915
01-Apr-2026,96.8217,0.0246575,5.33906,5.3873,0.0482412
01-Apr-2026,101.918,0.0246575,1.42738,1.4668,0.0394231
01-Apr-2026,107.014,0.0246575,0.0807099,0.0761894,0.00452049
01-Apr-2026,112.109,0.0246575,0.000286291,0.000479798,0.000193507
01-Apr-2026,117.205,0.0246575,4.61111e-08,1.01711e-06,9.70999e-07
01-Apr-2026,122.301,0.0246575,8.77687e-13,1.41652e-09,1.41564e-09
01-Apr-2026,81.5341,0.0438356,20.5565,20.5578,0.00129843
01-Apr-2026,86.63,0.0438356,15.4738,15.4816,0.00778796
01-Apr-2026,91.7259,0.0438356,10.4232,10.4595,0.036316
01-Apr-2026,96.8217,0.0438356,5.62841,5.714,0.0855856
01-Apr-2026,101.918,0.0438356,1.91101,1.95682,0.0458134
01-Apr-2026,107.014,0.0438356,0.256485,0.244659,0.0118262
01-Apr-2026,112.109,0.0438356,0.00731899,0.00953322,0.00221423
01-Apr-2026,117.205,0.0438356,3.80024e-05,0.000211135,0.000173132
01-Apr-2026,122.301,0.0438356,6.02464e-08,3.81268e-06,3.75243e-06
01-Apr-2026,81.5341,0.0630137,20.6239,20.6293,0.00536007
01-Apr-2026,86.63,0.0630137,15.5539,15.5763,0.0224133
01-Apr-2026,91.7259,0.0630137,10.5551,10.6208,0.0656833
01-Apr-2026,96.8217,0.0630137,5.89744,6.00567,0.108234
01-Apr-2026,101.918,0.0630137,2.27727,2.32638,0.0491143
01-Apr-2026,107.014,0.0630137,0.443419,0.426464,0.0169548
01-Apr-2026,112.109,0.0630137,0.028809,0.0340912,0.00528223
01-Apr-2026,117.205,0.0630137,0.000567024,0.00185302,0.001286
01-Apr-2026,122.301,0.0630137,4.853e-06,8.86288e-05,8.37758e-05
01-Apr-2026,81.5341,0.0794521,20.6794,20.691,0.0115738
01-Apr-2026,86.63,0.0794521,15.6249,15.6624,0.0375333
01-Apr-2026,91.7259,0.0794521,10.6737,10.761,0.0872994
01-Apr-2026,96.8217,0.0794521,6.10828,6.22929,0.121009
01-Apr-2026,101.918,0.0794521,2.54042,2.59173,0.0513064
01-Apr-2026,107.014,0.0794521,0.599137,0.579992,0.0191452
01-Apr-2026,112.109,0.0794521,0.0581812,0.065898,0.00771679
01-Apr-2026,117.205,0.0794521,0.00216606,0.00549348,0.00332742
01-Apr-2026,122.301,0.0794521,4.12844e-05,0.000416834,0.000375549
01-Apr-2026,81.5341,0.158904,21.0043,21.069,0.0647275
01-Apr-2026,86.63,0.158904,16.0726,16.186,0.113357
01-Apr-2026,91.7259,0.158904,11.3578,11.5143,0.15654
01-Apr-2026,96.8217,0.158904,7.10332,7.2532,0.149875
01-Apr-2026,101.918,0.158904,3.66712,3.73407,0.0669493
01-Apr-2026,107.014,0.158904,1.39879,1.3949,0.00388725
01-Apr-2026,112.109,0.158904,0.344748,0.36401,0.0192624
01-Apr-2026,117.205,0.158904,0.0532342,0.078398,0.0251638
01-Apr-2026,122.301,0.158904,0.00588557,0.0162032,0.0103176
01-Apr-2026,81.5341,0.246575,21.4447,21.5609,0.116219
01-Apr-2026,86.63,0.246575,16.6636,16.8225,0.158902
01-Apr-2026,91.7259,0.246575,12.1485,12.3293,0.180834
01-Apr-2026,96.8217,0.246575,8.08417,8.24328,0.159114
01-Apr-2026,101.918,0.246575,4.70772,4.80285,0.0951296
01-Apr-2026,107.014,0.246575,2.25406,2.29738,0.0433164
01-Apr-2026,112.109,0.246575,0.825603,0.874257,0.0486539
01-Apr-2026,117.205,0.246575,0.225892,0.281836,0.055944
01-Apr-2026,122.301,0.246575,0.0495041,0.0857534,0.0362493
01-Apr-2026,81.5341,0.331507,21.8989,22.0393,0.140417
01-Apr-2026,86.63,0.331507,17.2412,17.4135,0.172272
01-Apr-2026,91.7259,0.331507,12.8641,13.0475,0.183354
01-Apr-2026,96.8217,0.331507,8.91501,9.07949,0.164477
01-Apr-2026,101.918,0.331507,5.57214,5.69617,0.124034
01-Apr-2026,107.014,0.331507,3.01449,3.10799,0.0935029
01-Apr-2026,112.109,0.331507,1.34765,1.44027,0.0926201
01-Apr-2026,117.205,0.331507,0.487595,0.579207,0.0916122
01-Apr-2026,122.301,0.331507,0.148249,0.21584,0.0675905
01-Apr-2026,81.5341,0.416438,22.3721,22.519,0.146853
01-Apr-2026,86.63,0.416438,17.8201,17.9904,0.170348
01-Apr-2026,91.7259,0.416438,13.5515,13.7297,0.178157
01-Apr-2026,96.8217,0.416438,9.68787,9.8564,0.168527
01-Apr-2026,101.918,0.416438,6.37115,6.52118,0.150033
01-Apr-2026,107.014,0.416438,3.74451,3.88398,0.139473
01-Apr-2026,112.109,0.416438,1.90491,2.04641,0.141499
01-Apr-2026,117.205,0.416438,0.823901,0.958813,0.134912
01-Apr-2026,122.301,0.416438,0.308679,0.413994,0.105315
01-Apr-2026,81.5341,0.49863,22.8413,22.9832,0.141879
01-Apr-2026,86.63,0.49863,18.3786,18.5391,0.160512
01-Apr-2026,91.7259,0.49863,14.1973,14.3668,0.169463
01-Apr-2026,96.8217,0.49863,10.4007,10.5712,0.170486
01-Apr-2026,101.918,0.49863,7.10653,7.27687,0.170344
01-Apr-2026,107.014,0.49863,4.43314,4.61007,0.176933
01-Apr-2026,112.109,0.49863,2.46668,2.65324,0.186562
01-Apr-2026,117.205,0.49863,1.20587,1.38617,0.180296
01-Apr-2026,122.301,0.49863,0.522143,0.669758,0.147615
01-Apr-2026,81.5341,0.580822,23.3337,23.4628,0.129135
01-Apr-2026,86.63,0.580822,18.9532,19.0985,0.145325
01-Apr-2026,91.7259,0.580822,14.8498,15.0076,0.157762
01-Apr-2026,96.8217,0.580822,11.1124,11.2821,0.169671
01-Apr-2026,101.918,0.580822,7.84024,8.02579,0.185554
01-Apr-2026,107.014,0.580822,5.13231,5.33979,0.207481
01-Apr-2026,112.109,0.580822,3.06371,3.29084,0.227129
01-Apr-2026,117.205,0.580822,1.64712,1.87323,0.226112
01-Apr-2026,122.301,0.580822,0.799178,0.993853,0.194675
01-Apr-2026,81.5341,0.665753,23.8344,23.9455,0.111088
01-Apr-2026,86.63,0.665753,19.5286,19.6553,0.126706
01-Apr-2026,91.7259,0.665753,15.4946,15.6383,0.143683
01-Apr-2026,96.8217,0.665753,11.8099,11.9754,0.165546
01-Apr-2026,101.918,0.665753,8.5593,8.75412,0.194816
01-Apr-2026,107.014,0.665753,5.82659,6.05652,0.229925
01-Apr-2026,112.109,0.665753,3.67686,3.93708,0.260222
01-Apr-2026,117.205,0.665753,2.12918,2.39682,0.26764
01-Apr-2026,122.301,0.665753,1.13027,1.37212,0.241851
01-Apr-2026,81.5341,0.750685,24.3301,24.4199,0.0898295
01-Apr-2026,86.63,0.750685,20.0916,20.1976,0.106025
01-Apr-2026,91.7259,0.750685,16.1192,16.247,0.127805
01-Apr-2026,96.8217,0.750685,12.4815,12.6397,0.158226
01-Apr-2026,101.918,0.750685,9.25187,9.45017,0.198298
01-Apr-2026,107.014,0.750685,6.50201,6.74639,0.244383
01-Apr-2026,112.109,0.750685,4.28847,4.57329,0.284821
01-Apr-2026,117.205,0.750685,2.63265,2.93467,0.302022
01-Apr-2026,122.301,0.750685,1.50065,1.78558,0.284929
01-Apr-2026,81.5341,0.830137,24.7764,24.8451,0.0687083
01-Apr-2026,86.63,0.830137,20.594,20.68,0.086018
01-Apr-2026,91.7259,0.830137,16.6727,16.7845,0.111792
01-Apr-2026,96.8217,0.830137,13.074,13.2229,0.14888
01-Apr-2026,101.918,0.830137,9.86298,10.06,0.197036
01-Apr-2026,107.014,0.830137,7.10241,7.3539,0.251491
01-Apr-2026,112.109,0.830137,4.84217,5.14254,0.300369
01-Apr-2026,117.205,0.830137,3.1039,3.43063,0.326726
01-Apr-2026,122.301,0.830137,1.86536,2.18438,0.319019
01-Apr-2026,81.5341,0.906849,25.2064,25.2536,0.0471549
01-Apr-2026,86.63,0.906849,21.0749,21.1406,0.0656938
01-Apr-2026,91.7259,0.906849,17.1996,17.2946,0.0950295
01-Apr-2026,96.8217,0.906849,13.6362,13.7738,0.137624
01-Apr-2026,101.918,0.906849,10.443,10.6353,0.192267
01-Apr-2026,107.014,0.906849,7.67543,7.92906,0.253629
01-Apr-2026,112.109,0.906849,5.37782,5.68774,0.309916
01-Apr-2026,117.205,0.906849,3.57118,3.91609,0.344908
01-Apr-2026,122.301,0.906849,2.24097,2.58784,0.346868
02-Apr-2026,81.7175,0.0219178,20.5231,20.5232,8.90947e-05
02-Apr-2026,86.8248,0.0219178,15.4216,15.422,0.000350742
02-Apr-2026,91.9322,0.0219178,10.3235,10.3265,0.0030386
02-Apr-2026,97.0395,0.0219178,5.33333,5.33572,0.00238778
02-Apr-2026,102.147,0.0219178,1.40428,1.29118,0.113104
02-Apr-2026,107.254,0.0219178,0.0767698,0.0354361,0.0413337
02-Apr-2026,112.362,0.0219178,0.000261935,0.000101799,0.000160136
02-Apr-2026,117.469,0.0219178,3.54604e-08,1.30639e-07,9.51781e-08
02-Apr-2026,122.576,0.0219178,4.34893e-13,1.33306e-10,1.32871e-10
02-Apr-2026,81.7175,0.0410959,20.5967,20.5975,0.000769441
02-Apr-2026,86.8248,0.0410959,15.5022,15.5073,0.00510546
02-Apr-2026,91.9322,0.0410959,10.441,10.4611,0.0200705
02-Apr-2026,97.0395,0.0410959,5.64605,5.66129,0.0152419
02-Apr-2026,102.147,0.0410959,1.94773,1.84088,0.106851
02-Apr-2026,107.254,0.0410959,0.284788,0.192512,0.0922755
02-Apr-2026,112.362,0.0410959,0.010365,0.0061291,0.0042359
02-Apr-2026,117.469,0.0410959,7.26108e-05,0.00012335,5.07396e-05
02-Apr-2026,122.576,0.0410959,1.35812e-07,2.19108e-06,2.05527e-06
02-Apr-2026,81.7175,0.060274,20.6646,20.6691,0.00454163
02-Apr-2026,86.8248,0.060274,15.5845,15.6023,0.0177963
02-Apr-2026,91.9322,0.060274,10.5839,10.6272,0.0433171
02-Apr-2026,97.0395,0.060274,5.95032,5.98384,0.0335237
02-Apr-2026,102.147,0.060274,2.37298,2.28797,0.0850118
02-Apr-2026,107.254,0.060274,0.522439,0.412354,0.110085
02-Apr-2026,112.362,0.060274,0.046192,0.0326691,0.0135229
02-Apr-2026,117.469,0.060274,0.00137113,0.00180897,0.000437838
02-Apr-2026,122.576,0.060274,1.61178e-05,9.11159e-05,7.49981e-05
02-Apr-2026,81.7175,0.0767123,20.7211,20.7321,0.0110285
02-Apr-2026,86.8248,0.0767123,15.6597,15.6926,0.0328744
02-Apr-2026,91.9322,0.0767123,10.7174,10.7814,0.0639916
02-Apr-2026,97.0395,0.0767123,6.19534,6.24641,0.0510728
02-Apr-2026,102.147,0.0767123,2.68657,2.6246,0.0619715
02-Apr-2026,107.254,0.0767123,0.727901,0.619543,0.108358
02-Apr-2026,112.362,0.0767123,0.0981238,0.0763443,0.0217795
02-Apr-2026,117.469,0.0767123,0.00571646,0.00682596,0.0011095
02-Apr-2026,122.576,0.0767123,0.00015867,0.000559545,0.000400875
02-Apr-2026,81.7175,0.0986301,20.8121,20.8385,0.026414
02-Apr-2026,86.8248,0.0986301,15.7895,15.8496,0.0601464
02-Apr-2026,91.9322,0.0986301,10.9399,11.0358,0.0959381
02-Apr-2026,97.0395,0.0986301,6.55953,6.63987,0.0803377
02-Apr-2026,102.147,0.0986301,3.12762,3.10458,0.0230393
02-Apr-2026,107.254,0.0986301,1.04871,0.959874,0.0888362
02-Apr-2026,112.362,0.0986301,0.213024,0.183346,0.0296779
02-Apr-2026,117.469,0.0986301,0.0236556,0.0262861,0.00263054
02-Apr-2026,122.576,0.0986301,0.00149723,0.00344659,0.00194936
02-Apr-2026,81.7175,0.156164,21.0725,21.1535,0.0810453
02-Apr-2026,86.8248,0.156164,16.1742,16.3067,0.132525
02-Apr-2026,91.9322,0.156164,11.5388,11.7091,0.170313
02-Apr-2026,97.0395,0.156164,7.41236,7.56694,0.154582
02-Apr-2026,102.147,0.156164,4.10196,4.17531,0.0733489
02-Apr-2026,107.254,0.156164,1.84491,1.83827,0.00664221
02-Apr-2026,112.362,0.156164,0.63066,0.618657,0.0120033
02-Apr-2026,117.469,0.156164,0.155274,0.167129,0.0118554
02-Apr-2026,122.576,0.156164,0.0274099,0.0404004,0.0129905
02-Apr-2026,81.7175,0.243836,21.5967,21.7704,0.173656
02-Apr-2026,86.8248,0.243836,16.912,17.143,0.230957
02-Apr-2026,91.9322,0.243836,12.5518,12.816,0.264188
02-Apr-2026,97.0395,0.243836,8.68658,8.9397,0.253115
02-Apr-2026,102.147,0.243836,5.49278,5.68937,0.196589
02-Apr-2026,107.254,0.243836,3.0974,3.22196,0.124565
02-Apr-2026,112.362,0.243836,1.51719,1.59275,0.0755601
02-Apr-2026,117.469,0.243836,0.630744,0.688656,0.0579125
02-Apr-2026,122.576,0.243836,0.220029,0.268136,0.0481075
02-Apr-2026,81.7175,0.328767,22.1706,22.4094,0.238771
02-Apr-2026,86.8248,0.328767,17.6667,17.9578,0.291126
02-Apr-2026,91.9322,0.328767,13.5033,13.8219,0.318592
02-Apr-2026,97.0395,0.328767,9.80412,10.1147,0.310611
02-Apr-2026,102.147,0.328767,6.68536,6.95402,0.268664
02-Apr-2026,107.254,0.328767,4.2271,4.43672,0.20962
02-Apr-2026,112.362,0.328767,2.44559,2.60058,0.154993
02-Apr-2026,117.469,0.328767,1.27913,1.3967,0.117568
02-Apr-2026,122.576,0.328767,0.600019,0.692671,0.0926516
02-Apr-2026,81.7175,0.413699,22.7896,23.0669,0.277255
02-Apr-2026,86.8248,0.413699,18.4424,18.764,0.321591
02-Apr-2026,91.9322,0.413699,14.4357,14.7789,0.343175
02-Apr-2026,97.0395,0.413699,10.8619,11.1987,0.336787
02-Apr-2026,102.147,0.413699,7.80234,8.10698,0.304642
02-Apr-2026,107.254,0.413699,5.31091,5.56843,0.257523
02-Apr-2026,112.362,0.413699,3.39999,3.60822,0.208232
02-Apr-2026,117.469,0.413699,2.03321,2.20025,0.167044
02-Apr-2026,122.576,0.413699,1.12997,1.26502,0.135049
02-Apr-2026,81.7175,0.49589,23.416,23.708,0.291996
02-Apr-2026,86.8248,0.49589,19.2013,19.5292,0.327897
02-Apr-2026,91.9322,0.49589,15.3205,15.6646,0.344085
02-Apr-2026,97.0395,0.49589,11.8448,12.1831,0.33829
02-Apr-2026,102.147,0.49589,8.83387,9.14679,0.312925
02-Apr-2026,107.254,0.49589,6.32583,6.60136,0.275529
02-Apr-2026,112.362,0.49589,4.32943,4.56362,0.234188
02-Apr-2026,117.469,0.49589,2.82015,3.01669,0.196541
02-Apr-2026,122.576,0.49589,1.74269,1.90733,0.164644
02-Apr-2026,81.7175,0.578082,24.081,24.3692,0.288215
02-Apr-2026,86.8248,0.578082,19.9872,20.3028,0.315628
02-Apr-2026,91.9322,0.578082,16.2175,16.5442,0.326686
02-Apr-2026,97.0395,0.578082,12.8272,13.1481,0.320931
02-Apr-2026,102.147,0.578082,9.86068,10.1614,0.300762
02-Apr-2026,107.254,0.578082,7.3453,7.61688,0.271575
02-Apr-2026,112.362,0.578082,5.28664,5.52526,0.238616
02-Apr-2026,117.469,0.578082,3.66676,3.87414,0.207382
02-Apr-2026,122.576,0.578082,2.4457,2.62534,0.179637
02-Apr-2026,81.7175,0.663014,24.761,25.0301,0.269144
02-Apr-2026,86.8248,0.663014,20.7755,21.0642,0.28865
02-Apr-2026,91.9322,0.663014,17.1029,17.3981,0.295197
02-Apr-2026,97.0395,0.663014,13.7869,14.076,0.289131
02-Apr-2026,102.147,0.663014,10.861,11.1337,0.272724
02-Apr-2026,107.254,0.663014,8.34482,8.59502,0.250196
02-Apr-2026,112.362,0.663014,6.24161,6.46644,0.224834
02-Apr-2026,117.469,0.663014,4.53713,4.73779,0.200663
02-Apr-2026,122.576,0.663014,3.20096,3.37979,0.178829
02-Apr-2026,81.7175,0.747945,25.4349,25.6741,0.239206
02-Apr-2026,86.8248,0.747945,21.545,21.7969,0.251851
02-Apr-2026,91.9322,0.747945,17.957,18.2113,0.254329
02-Apr-2026,97.0395,0.747945,14.7056,14.9533,0.247734
02-Apr-2026,102.147,0.747945,11.8165,12.0506,0.23413
02-Apr-2026,107.254,0.747945,9.3041,9.52078,0.21668
02-Apr-2026,112.362,0.747945,7.1696,7.36726,0.197657
02-Apr-2026,117.469,0.747945,5.401,5.58103,0.18003
02-Apr-2026,122.576,0.747945,3.974,4.13834,0.164343
02-Apr-2026,81.7175,0.827397,26.0405,26.246,0.205486
02-Apr-2026,86.8248,0.827397,22.2289,22.4414,0.212483
02-Apr-2026,91.9322,0.827397,18.7093,18.921,0.211744
02-Apr-2026,97.0395,0.827397,15.5103,15.7148,0.204526
02-Apr-2026,102.147,0.827397,12.6522,12.845,0.192763
02-Apr-2026,107.254,0.827397,10.1458,10.3248,0.178992
02-Apr-2026,112.362,0.827397,7.99103,8.15572,0.16469
02-Apr-2026,117.469,0.827397,6.17711,6.32935,0.152235
02-Apr-2026,122.576,0.827397,4.68352,4.82528,0.141761
02-Apr-2026,81.7175,0.90411,26.622,26.7907,0.168696
02-Apr-2026,86.8248,0.90411,22.8798,23.0507,0.170945
02-Apr-2026,91.9322,0.90411,19.4206,19.5879,0.167336
02-Apr-2026,97.0395,0.90411,16.268,16.4274,0.159423
02-Apr-2026,102.147,0.90411,13.4384,13.5872,0.148789
02-Apr-2026,107.254,0.90411,10.9396,11.0774,0.137796
02-Apr-2026,112.362,0.90411,8.77061,8.8979,0.127294
02-Apr-2026,117.469,0.90411,6.92158,7.04071,0.119131
02-Apr-2026,122.576,0.90411,5.37462,5.48779,0.113166
07-Apr-2026,81.6175,0.00821918,20.4247,20.4248,0.000140414
07-Apr-2026,86.7186,0.00821918,15.3249,15.325,0.000111692
07-Apr-2026,91.8197,0.00821918,10.2251,10.2252,8.29892e-05
07-Apr-2026,96.9207,0.00821918,5.1256,5.12626,0.000663917
07-Apr-2026,102.022,0.00821918,0.618923,0.615853,0.00306972
07-Apr-2026,107.123,0.00821918,5.4975e-05,1.94863e-05,3.54887e-05
07-Apr-2026,112.224,0.00821918,3.08462e-15,1.58003e-15,1.50459e-15
07-Apr-2026,117.325,0.00821918,2.00939e-15,-2.96732e-15,4.97671e-15
07-Apr-2026,122.426,0.00821918,2.02548e-15,-3.01068e-15,5.03616e-15
07-Apr-2026,81.6175,0.0273973,20.4992,20.4994,0.000188117
07-Apr-2026,86.7186,0.0273973,15.4041,15.4046,0.000501813
07-Apr-2026,91.8197,0.0273973,10.3124,10.3192,0.00676975
07-Apr-2026,96.9207,0.0273973,5.32901,5.37015,0.0411441
07-Apr-2026,102.022,0.0273973,1.40463,1.42148,0.0168548
07-Apr-2026,107.123,0.0273973,0.0768078,0.0639872,0.0128206
07-Apr-2026,112.224,0.0273973,0.000261097,0.000297662,3.65646e-05
07-Apr-2026,117.325,0.0273973,3.5943e-08,4.48735e-07,4.12792e-07
07-Apr-2026,122.426,0.0273973,4.69939e-13,4.49308e-10,4.48838e-10
07-Apr-2026,81.6175,0.0465753,20.5602,20.561,0.000781475
07-Apr-2026,86.7186,0.0465753,15.4704,15.4762,0.00584907
07-Apr-2026,91.8197,0.0465753,10.4066,10.4383,0.0316803
07-Apr-2026,96.9207,0.0465753,5.58399,5.66515,0.0811625
07-Apr-2026,102.022,0.0465753,1.8578,1.90067,0.0428728
07-Apr-2026,107.123,0.0465753,0.241434,0.225913,0.0155209
07-Apr-2026,112.224,0.0465753,0.00669274,0.00738145,0.000688711
07-Apr-2026,117.325,0.0465753,3.05208e-05,0.000121452,9.09308e-05
07-Apr-2026,122.426,0.0465753,3.4347e-08,1.55446e-06,1.52011e-06
07-Apr-2026,81.6175,0.0630137,20.6357,20.6414,0.00574068
07-Apr-2026,86.7186,0.0630137,15.5605,15.5853,0.0248076
07-Apr-2026,91.8197,0.0630137,10.561,10.6346,0.0735669
07-Apr-2026,96.9207,0.0630137,5.92044,6.04548,0.125044
07-Apr-2026,102.022,0.0630137,2.33583,2.41495,0.0791208
07-Apr-2026,107.123,0.0630137,0.497996,0.498205,0.000208779
07-Apr-2026,112.224,0.0630137,0.0409854,0.0452258,0.00424045
07-Apr-2026,117.325,0.0630137,0.00109877,0.00252159,0.00142282
07-Apr-2026,122.426,0.0630137,1.1745e-05,0.000117126,0.000105381
07-Apr-2026,81.6175,0.0849315,20.7075,20.7241,0.0166351
07-Apr-2026,86.7186,0.0849315,15.6566,15.7073,0.0507443
07-Apr-2026,91.8197,0.0849315,10.731,10.8437,0.112749
07-Apr-2026,96.9207,0.0849315,6.2304,6.39104,0.160636
07-Apr-2026,102.022,0.0849315,2.73094,2.84413,0.113194
07-Apr-2026,107.123,0.0849315,0.755948,0.781915,0.0259669
07-Apr-2026,112.224,0.0849315,0.105845,0.117909,0.0120637
07-Apr-2026,117.325,0.0849315,0.00661265,0.0119174,0.00530471
07-Apr-2026,122.426,0.0849315,0.000206825,0.00102727,0.000820444
07-Apr-2026,81.6175,0.142466,20.9519,21.0249,0.0729755
07-Apr-2026,86.7186,0.142466,16.0153,16.1528,0.137496
07-Apr-2026,91.8197,0.142466,11.3155,11.5247,0.209184
07-Apr-2026,96.9207,0.142466,7.11431,7.35866,0.244354
07-Apr-2026,102.022,0.142466,3.76507,3.96854,0.203474
07-Apr-2026,107.123,0.142466,1.55347,1.67172,0.118252
07-Apr-2026,112.224,0.142466,0.456769,0.51874,0.0619712
07-Apr-2026,117.325,0.142466,0.0898747,0.123387,0.0335123
07-Apr-2026,122.426,0.142466,0.0120795,0.025299,0.0132195
07-Apr-2026,81.6175,0.230137,21.4695,21.6371,0.16761
07-Apr-2026,86.7186,0.230137,16.7559,16.9947,0.238756
07-Apr-2026,91.8197,0.230137,12.3571,12.6546,0.297453
07-Apr-2026,96.9207,0.230137,8.4525,8.77211,0.319613
07-Apr-2026,102.022,0.230137,5.23485,5.52756,0.29271
07-Apr-2026,107.123,0.230137,2.84953,3.08011,0.23058
07-Apr-2026,112.224,0.230137,1.31962,1.48287,0.163252
07-Apr-2026,117.325,0.230137,0.506322,0.614746,0.108424
07-Apr-2026,122.426,0.230137,0.160005,0.22537,0.0653653
07-Apr-2026,81.6175,0.315068,22.0649,22.2806,0.215689
07-Apr-2026,86.7186,0.315068,17.5471,17.8208,0.273667
07-Apr-2026,91.8197,0.315068,13.3644,13.6796,0.315172
07-Apr-2026,96.9207,0.315068,9.64372,9.97238,0.328664
07-Apr-2026,102.022,0.315068,6.50792,6.81834,0.310419
07-Apr-2026,107.123,0.315068,4.04616,4.31445,0.26829
07-Apr-2026,112.224,0.315068,2.28152,2.49755,0.216032
07-Apr-2026,117.325,0.315068,1.15117,1.31576,0.164592
07-Apr-2026,122.426,0.315068,0.516378,0.634276,0.117898
07-Apr-2026,81.6175,0.4,22.7276,22.9452,0.217557
07-Apr-2026,86.7186,0.4,18.3815,18.6385,0.25697
07-Apr-2026,91.8197,0.4,14.3708,14.6524,0.281647
07-Apr-2026,96.9207,0.4,10.788,11.0752,0.287152
07-Apr-2026,102.022,0.4,7.71656,7.99035,0.273791
07-Apr-2026,107.123,0.4,5.21536,5.46218,0.246815
07-Apr-2026,112.224,0.4,3.3023,3.51527,0.212966
07-Apr-2026,117.325,0.4,1.94437,2.12176,0.177392
07-Apr-2026,122.426,0.4,1.05969,1.20176,0.142073
07-Apr-2026,81.6175,0.482192,23.4138,23.5938,0.180024
07-Apr-2026,86.7186,0.482192,19.2138,19.4141,0.200329
07-Apr-2026,91.8197,0.482192,15.3415,15.5512,0.209666
07-Apr-2026,96.9207,0.482192,11.8663,12.0741,0.207802
07-Apr-2026,102.022,0.482192,8.84814,9.04475,0.19661
07-Apr-2026,107.123,0.482192,6.32783,6.50808,0.180251
07-Apr-2026,112.224,0.482192,4.3184,4.48059,0.162193
07-Apr-2026,117.325,0.482192,2.79976,2.944,0.144241
07-Apr-2026,122.426,0.482192,1.71919,1.84525,0.126059
07-Apr-2026,81.6175,0.564384,24.1901,24.2929,0.102781
07-Apr-2026,86.7186,0.564384,20.1296,20.2325,0.102939
07-Apr-2026,91.8197,0.564384,16.3846,16.4817,0.0971238
07-Apr-2026,96.9207,0.564384,13.0073,13.0946,0.0873053
07-Apr-2026,102.022,0.564384,10.0404,10.1169,0.0765166
07-Apr-2026,107.123,0.564384,7.51222,7.58025,0.0680344
07-Apr-2026,112.224,0.564384,5.43147,5.49504,0.0635662
07-Apr-2026,117.325,0.564384,3.7848,3.8477,0.0628999
07-Apr-2026,122.426,0.564384,2.53691,2.60092,0.0640106
07-Apr-2026,81.6175,0.649315,24.9269,24.9313,0.00437966
07-Apr-2026,86.7186,0.649315,20.981,20.968,0.0129811
07-Apr-2026,91.8197,0.649315,17.3383,17.3064,0.0318583
07-Apr-2026,96.9207,0.649315,14.0391,13.9903,0.0487965
07-Apr-2026,102.022,0.649315,11.1155,11.0548,0.0606569
07-Apr-2026,107.123,0.649315,8.58773,8.52326,0.0644734
07-Apr-2026,112.224,0.649315,6.4616,6.40201,0.0595912
07-Apr-2026,117.325,0.649315,4.72686,4.6797,0.0471584
07-Apr-2026,122.426,0.649315,3.35757,3.32747,0.030102
07-Apr-2026,81.6175,0.734247,25.7013,25.5823,0.119013
07-Apr-2026,86.7186,0.734247,21.8619,21.7088,0.153051
07-Apr-2026,91.8197,0.734247,18.3129,18.1286,0.184337
07-Apr-2026,96.9207,0.734247,15.0855,14.8768,0.208658
07-Apr-2026,102.022,0.734247,12.2035,11.9809,0.222587
07-Apr-2026,107.123,0.734247,9.68158,9.45775,0.223827
07-Apr-2026,112.224,0.734247,7.52295,7.31086,0.212094
07-Apr-2026,117.325,0.734247,5.71922,5.53005,0.189168
07-Apr-2026,122.426,0.734247,4.25045,4.092,0.158447
07-Apr-2026,81.6175,0.813699,26.4047,26.1602,0.244536
07-Apr-2026,86.7186,0.813699,22.6528,22.3601,0.292688
07-Apr-2026,91.8197,0.813699,19.1799,18.8455,0.334408
07-Apr-2026,96.9207,0.813699,16.0109,15.6457,0.365152
07-Apr-2026,102.022,0.813699,13.1645,12.7826,0.381908
07-Apr-2026,107.123,0.813699,10.651,10.2688,0.382168
07-Apr-2026,112.224,0.813699,8.47235,8.10596,0.366391
07-Apr-2026,117.325,0.813699,6.62093,6.28447,0.336463
07-Apr-2026,122.426,0.813699,5.08036,4.78438,0.295977
07-Apr-2026,81.6175,0.890411,27.0862,26.7104,0.375835
07-Apr-2026,86.7186,0.890411,23.4121,22.9755,0.436585
07-Apr-2026,91.8197,0.890411,20.0065,19.5188,0.48773
07-Apr-2026,96.9207,0.890411,16.8896,16.3649,0.524743
07-Apr-2026,102.022,0.890411,14.0758,13.5313,0.544534
07-Apr-2026,107.123,0.890411,11.5729,11.0277,0.545222
07-Apr-2026,112.224,0.890411,9.38113,8.85409,0.527042
07-Apr-2026,117.325,0.890411,7.49371,7.00142,0.49229
07-Apr-2026,122.426,0.890411,5.8966,5.45205,0.44455
08-Apr-2026,82.559,0.00547945,20.6534,20.6537,0.000276021
08-Apr-2026,87.7189,0.00547945,15.4943,15.4946,0.000330766
08-Apr-2026,92.8789,0.00547945,10.3353,10.3355,0.000185528
08-Apr-2026,98.0388,0.00547945,5.17621,5.17647,0.00025625
08-Apr-2026,103.199,0.00547945,0.535453,0.468477,0.0669758
08-Apr-2026,108.359,0.00547945,4.35567e-06,2.17749e-08,4.3339e-06
08-Apr-2026,113.519,0.00547945,2.82062e-15,5.94518e-14,5.66312e-14
08-Apr-2026,118.679,0.00547945,2.8835e-15,-2.80225e-15,5.68575e-15
08-Apr-2026,123.838,0.00547945,2.92918e-15,-2.94426e-15,5.87344e-15
08-Apr-2026,82.559,0.0246575,20.7286,20.7289,0.000257036
08-Apr-2026,87.7189,0.0246575,15.5743,15.5747,0.000388121
08-Apr-2026,92.8789,0.0246575,10.4233,10.4261,0.00276613
08-Apr-2026,98.0388,0.0246575,5.38504,5.38319,0.00184737
08-Apr-2026,103.199,0.0246575,1.43244,1.3087,0.123743
08-Apr-2026,108.359,0.0246575,0.084803,0.0364428,0.0483602
08-Apr-2026,113.519,0.0246575,0.000372527,8.46793e-05,0.000287848
08-Apr-2026,118.679,0.0246575,7.03904e-08,7.28327e-08,2.44234e-09
08-Apr-2026,123.838,0.0246575,1.03623e-12,4.61239e-11,4.50877e-11
08-Apr-2026,82.559,0.0438356,20.7901,20.7908,0.000655375
08-Apr-2026,87.7189,0.0438356,15.6413,15.6451,0.00378631
08-Apr-2026,92.8789,0.0438356,10.5214,10.5372,0.0157999
08-Apr-2026,98.0388,0.0438356,5.65961,5.66698,0.00736866
08-Apr-2026,103.199,0.0438356,1.91954,1.80195,0.117589
08-Apr-2026,108.359,0.0438356,0.271235,0.172795,0.09844
08-Apr-2026,113.519,0.0438356,0.00937009,0.004202,0.00516809
08-Apr-2026,118.679,0.0438356,5.86069e-05,5.60716e-05,2.53529e-06
08-Apr-2026,123.838,0.0438356,8.62716e-08,6.22137e-07,5.35865e-07
08-Apr-2026,82.559,0.060274,20.8664,20.871,0.00456879
08-Apr-2026,87.7189,0.060274,15.734,15.7516,0.0176278
08-Apr-2026,92.8789,0.060274,10.686,10.728,0.0419694
08-Apr-2026,98.0388,0.060274,6.01955,6.0495,0.029946
08-Apr-2026,103.199,0.060274,2.42635,2.33837,0.087982
08-Apr-2026,108.359,0.060274,0.554499,0.435496,0.119003
08-Apr-2026,113.519,0.060274,0.0536536,0.0342794,0.0193742
08-Apr-2026,118.679,0.060274,0.00183201,0.00174124,9.07735e-05
08-Apr-2026,123.838,0.060274,2.48653e-05,7.71441e-05,5.22788e-05
08-Apr-2026,82.559,0.0821918,20.9397,20.9535,0.0137733
08-Apr-2026,87.7189,0.0821918,15.8346,15.8729,0.0382523
08-Apr-2026,92.8789,0.0821918,10.8677,10.938,0.0702632
08-Apr-2026,98.0388,0.0821918,6.34852,6.40542,0.0569011
08-Apr-2026,103.199,0.0821918,2.84195,2.79082,0.0511306
08-Apr-2026,108.359,0.0821918,0.833933,0.725315,0.108618
08-Apr-2026,113.519,0.0821918,0.132436,0.10103,0.0314065
08-Apr-2026,118.679,0.0821918,0.0100133,0.00970892,0.000304375
08-Apr-2026,123.838,0.0821918,0.000383227,0.000823543,0.000440316
08-Apr-2026,82.559,0.139726,21.1938,21.26,0.0661742
08-Apr-2026,87.7189,0.139726,16.2145,16.3301,0.115628
08-Apr-2026,92.8789,0.139726,11.4882,11.6447,0.156474
08-Apr-2026,98.0388,0.139726,7.27734,7.42404,0.146697
08-Apr-2026,103.199,0.139726,3.92098,3.98907,0.0680864
08-Apr-2026,108.359,0.139726,1.68086,1.66838,0.0124776
08-Apr-2026,113.519,0.139726,0.530633,0.513626,0.0170072
08-Apr-2026,118.679,0.139726,0.116278,0.122248,0.00596984
08-Apr-2026,123.838,0.139726,0.0177534,0.0254391,0.00768566
08-Apr-2026,82.559,0.227397,21.7383,21.9054,0.167119
08-Apr-2026,87.7189,0.227397,16.9955,17.2231,0.227569
08-Apr-2026,92.8789,0.227397,12.5806,12.8486,0.268037
08-Apr-2026,98.0388,0.227397,8.66862,8.93636,0.267743
08-Apr-2026,103.199,0.227397,5.44195,5.66387,0.221921
08-Apr-2026,108.359,0.227397,3.03289,3.18727,0.154381
08-Apr-2026,113.519,0.227397,1.45893,1.55892,0.0999915
08-Apr-2026,118.679,0.227397,0.591556,0.661444,0.0698882
08-Apr-2026,123.838,0.227397,0.200523,0.250004,0.049481
08-Apr-2026,82.559,0.312329,22.3629,22.5964,0.233453
08-Apr-2026,87.7189,0.312329,17.8229,18.1116,0.288711
08-Apr-2026,92.8789,0.312329,13.6274,13.9511,0.323669
08-Apr-2026,98.0388,0.312329,9.89898,10.2268,0.327822
08-Apr-2026,103.199,0.312329,6.75281,7.05293,0.300124
08-Apr-2026,108.359,0.312329,4.26982,4.52139,0.251568
08-Apr-2026,113.519,0.312329,2.4686,2.66698,0.198375
08-Apr-2026,118.679,0.312329,1.28961,1.44127,0.151658
08-Apr-2026,123.838,0.312329,0.604811,0.717496,0.112685
08-Apr-2026,82.559,0.39726,23.0546,23.3141,0.259508
08-Apr-2026,87.7189,0.39726,18.6902,18.994,0.303793
08-Apr-2026,92.8789,0.39726,14.6681,14.9988,0.33069
08-Apr-2026,98.0388,0.39726,11.0767,11.4123,0.335619
08-Apr-2026,103.199,0.39726,7.99399,8.31296,0.318968
08-Apr-2026,108.359,0.39726,5.4732,5.75985,0.286652
08-Apr-2026,113.519,0.39726,3.52878,3.77539,0.246605
08-Apr-2026,118.679,0.39726,2.12854,2.33379,0.205251
08-Apr-2026,123.838,0.39726,1.1961,1.36165,0.165552
08-Apr-2026,82.559,0.479452,23.7678,24.0154,0.247582
08-Apr-2026,87.7189,0.479452,19.5517,19.8307,0.279048
08-Apr-2026,92.8789,0.479452,15.6684,15.9656,0.297219
08-Apr-2026,98.0388,0.479452,12.184,12.4847,0.300661
08-Apr-2026,103.199,0.479452,9.1541,9.44456,0.290462
08-Apr-2026,108.359,0.479452,6.61538,6.88582,0.270438
08-Apr-2026,113.519,0.479452,4.57822,4.82279,0.24457
08-Apr-2026,118.679,0.479452,3.02245,3.23839,0.215942
08-Apr-2026,123.838,0.479452,1.89826,2.0844,0.186143
08-Apr-2026,82.559,0.561644,24.5717,24.7703,0.198613
08-Apr-2026,87.7189,0.561644,20.4966,20.7121,0.215522
08-Apr-2026,92.8789,0.561644,16.741,16.9648,0.223768
08-Apr-2026,98.0388,0.561644,13.3539,13.578,0.224104
08-Apr-2026,103.199,0.561644,10.375,10.5929,0.217914
08-Apr-2026,108.359,0.561644,7.82941,8.03721,0.207803
08-Apr-2026,113.519,0.561644,5.72386,5.91941,0.195555
08-Apr-2026,118.679,0.561644,4.04453,4.22659,0.182061
08-Apr-2026,123.838,0.561644,2.75759,2.92494,0.167347
08-Apr-2026,82.559,0.646575,25.3327,25.4584,0.125706
08-Apr-2026,87.7189,0.646575,21.3732,21.5025,0.129255
08-Apr-2026,92.8789,0.646575,17.7199,17.8484,0.128459
08-Apr-2026,98.0388,0.646575,14.4107,14.5357,0.124975
08-Apr-2026,103.199,0.646575,11.475,11.5955,0.120452
08-Apr-2026,108.359,0.646575,8.93061,9.0475,0.116893
08-Apr-2026,113.519,0.646575,6.78175,6.89661,0.114857
08-Apr-2026,118.679,0.646575,5.01763,5.1317,0.11407
08-Apr-2026,123.838,0.646575,3.61306,3.72661,0.11355
08-Apr-2026,82.559,0.731507,26.1308,26.1586,0.0277556
08-Apr-2026,87.7189,0.731507,22.2787,22.2968,0.0180607
08-Apr-2026,92.8789,0.731507,18.7192,18.7273,0.00811689
08-Apr-2026,98.0388,0.731507,15.4815,15.4817,0.000219314
08-Apr-2026,103.199,0.731507,12.5875,12.5835,0.00404658
08-Apr-2026,108.359,0.731507,10.0497,10.0465,0.00315301
08-Apr-2026,113.519,0.731507,7.87006,7.87302,0.00296026
08-Apr-2026,118.679,0.731507,6.03968,6.05285,0.0131742
08-Apr-2026,123.838,0.731507,4.53895,4.56482,0.025868
08-Apr-2026,82.559,0.810959,26.8547,26.7787,0.0759799
08-Apr-2026,87.7189,0.810959,23.0906,22.9936,0.0970321
08-Apr-2026,92.8789,0.810959,19.6073,19.4923,0.114972
08-Apr-2026,98.0388,0.810959,16.428,16.3008,0.127209
08-Apr-2026,103.199,0.810959,13.5696,13.4373,0.132311
08-Apr-2026,108.359,0.810959,11.0409,10.912,0.128889
08-Apr-2026,113.519,0.810959,8.84253,8.72514,0.117388
08-Apr-2026,118.679,0.810959,6.9665,6.86723,0.0992708
08-Apr-2026,123.838,0.810959,5.39654,5.32003,0.0765054
08-Apr-2026,82.559,0.887671,27.5551,27.368,0.187063
08-Apr-2026,87.7189,0.887671,23.8693,23.6508,0.21851
08-Apr-2026,92.8789,0.887671,20.4534,20.2096,0.243849
08-Apr-2026,98.0388,0.887671,17.3263,17.0656,0.260653
08-Apr-2026,103.199,0.887671,14.5007,14.2335,0.267206
08-Apr-2026,108.359,0.887671,11.983,11.7204,0.262569
08-Apr-2026,113.519,0.887671,9.77268,9.52529,0.247391
08-Apr-2026,118.679,0.887671,7.86232,7.63898,0.223338
08-Apr-2026,123.838,0.887671,6.23795,6.04536,0.192589
09-Apr-2026,81.2687,0.00273973,20.3238,20.324,0.000167634
09-Apr-2026,86.3479,0.00273973,15.245,15.2452,0.000184353
09-Apr-2026,91.4272,0.00273973,10.1661,10.1663,0.000201081
09-Apr-2026,96.5065,0.00273973,5.08721,5.08742,0.00020782
09-Apr-2026,101.586,0.00273973,0.364032,0.34854,0.0154923
09-Apr-2026,106.665,0.00273973,1.06419e-08,6.5902e-08,5.52601e-08
09-Apr-2026,81.2687,0.0219178,20.3971,20.3973,0.000175787
09-Apr-2026,86.3479,0.0219178,15.3229,15.3231,0.000221209
09-Apr-2026,91.4272,0.0219178,10.2505,10.2523,0.00182309
09-Apr-2026,96.5065,0.0219178,5.26704,5.28309,0.0160521
09-Apr-2026,101.586,0.0219178,1.32828,1.33062,0.00234057
09-Apr-2026,106.665,0.0219178,0.0616254,0.0454659,0.0161595
09-Apr-2026,111.744,0.0219178,0.000143484,1.00312e-05,0.000133453
09-Apr-2026,116.824,0.0219178,9.44493e-09,1.72325e-12,9.44321e-09
09-Apr-2026,121.903,0.0219178,3.68176e-14,5.57918e-15,3.12384e-14
09-Apr-2026,81.2687,0.0410959,20.4571,20.4574,0.000252795
09-Apr-2026,86.3479,0.0410959,15.3877,15.3898,0.00211539
09-Apr-2026,91.4272,0.0410959,10.3408,10.3567,0.0159467
09-Apr-2026,96.5065,0.0410959,5.52507,5.5814,0.0563278
09-Apr-2026,101.586,0.0410959,1.81147,1.86741,0.055944
09-Apr-2026,106.665,0.0410959,0.228411,0.220302,0.00810939
09-Apr-2026,111.744,0.0410959,0.00603659,0.0027497,0.00328689
09-Apr-2026,116.824,0.0410959,2.4487e-05,9.74689e-07,2.35123e-05
09-Apr-2026,121.903,0.0410959,2.14452e-08,2.13311e-11,2.14239e-08
09-Apr-2026,81.2687,0.0575342,20.5312,20.5337,0.00245965
09-Apr-2026,86.3479,0.0575342,15.4758,15.49,0.0142233
09-Apr-2026,91.4272,0.0575342,10.4939,10.5485,0.05456
09-Apr-2026,96.5065,0.0575342,5.87032,5.99472,0.124397
09-Apr-2026,101.586,0.0575342,2.30934,2.44871,0.139368
09-Apr-2026,106.665,0.0575342,0.493582,0.541521,0.0479388
09-Apr-2026,111.744,0.0575342,0.0413458,0.0379819,0.00336394
09-Apr-2026,116.824,0.0575342,0.00112351,0.000408825,0.000714685
09-Apr-2026,121.903,0.0575342,1.16082e-05,6.4649e-07,1.09617e-05
09-Apr-2026,81.2687,0.0794521,20.6018,20.6116,0.0098402
09-Apr-2026,86.3479,0.0794521,15.5708,15.6087,0.0379068
09-Apr-2026,91.4272,0.0794521,10.6653,10.7702,0.104863
09-Apr-2026,96.5065,0.0794521,6.18794,6.38474,0.196796
09-Apr-2026,101.586,0.0794521,2.71594,2.94022,0.224281
09-Apr-2026,106.665,0.0794521,0.759375,0.884124,0.124749
09-Apr-2026,111.744,0.0794521,0.109355,0.128606,0.0192514
09-Apr-2026,116.824,0.0794521,0.00709581,0.00588234,0.00121347
09-Apr-2026,121.903,0.0794521,0.000225995,6.78254e-05,0.00015817
09-Apr-2026,81.2687,0.136986,20.8442,20.9186,0.0744376
09-Apr-2026,86.3479,0.136986,15.9308,16.0943,0.163487
09-Apr-2026,91.4272,0.136986,11.258,11.5539,0.295905
09-Apr-2026,96.5065,0.136986,7.08804,7.52008,0.432044
09-Apr-2026,101.586,0.136986,3.76862,4.25723,0.488607
09-Apr-2026,106.665,0.136986,1.57342,1.97375,0.400329
09-Apr-2026,111.744,0.136986,0.473854,0.686517,0.212663
09-Apr-2026,116.824,0.136986,0.0966867,0.158743,0.0620565
09-Apr-2026,121.903,0.136986,0.0135124,0.0213758,0.00786343
09-Apr-2026,81.2687,0.224658,21.3639,21.6427,0.2788
09-Apr-2026,86.3479,0.224658,16.6784,17.1264,0.448034
09-Apr-2026,91.4272,0.224658,12.3111,12.9531,0.642049
09-Apr-2026,96.5065,0.224658,8.43911,9.25332,0.814212
09-Apr-2026,101.586,0.224658,5.2499,6.15092,0.90102
09-Apr-2026,106.665,0.224658,2.8817,3.73363,0.851926
09-Apr-2026,111.744,0.224658,1.35349,2.02079,0.667305
09-Apr-2026,116.824,0.224658,0.530278,0.946807,0.416529
09-Apr-2026,121.903,0.224658,0.172025,0.371087,0.199062
09-Apr-2026,81.2687,0.309589,21.9628,22.4791,0.516334
09-Apr-2026,86.3479,0.309589,17.475,18.2064,0.731354
09-Apr-2026,91.4272,0.309589,13.3242,14.2779,0.953746
09-Apr-2026,96.5065,0.309589,9.63479,10.7765,1.14166
09-Apr-2026,101.586,0.309589,6.52578,7.77233,1.24655
09-Apr-2026,106.665,0.309589,4.08175,5.3122,1.23045
09-Apr-2026,111.744,0.309589,2.32296,3.40698,1.08402
09-Apr-2026,116.824,0.309589,1.18753,2.02696,0.839433
09-Apr-2026,121.903,0.309589,0.541733,1.10458,0.562845
09-Apr-2026,81.2687,0.394521,22.6283,23.3838,0.755536
09-Apr-2026,86.3479,0.394521,18.3124,19.3093,0.996901
09-Apr-2026,91.4272,0.394521,14.3328,15.5658,1.23301
09-Apr-2026,96.5065,0.394521,10.7796,12.2081,1.42855
09-Apr-2026,101.586,0.394521,7.73352,9.27966,1.54614
09-Apr-2026,106.665,0.394521,5.2504,6.80724,1.55684
09-Apr-2026,111.744,0.394521,3.3461,4.79594,1.44984
09-Apr-2026,116.824,0.394521,1.98764,3.22769,1.24005
09-Apr-2026,121.903,0.394521,1.09557,2.06329,0.967718
09-Apr-2026,81.2687,0.476712,23.3159,24.2888,0.972907
09-Apr-2026,86.3479,0.476712,19.1456,20.3738,1.22818
09-Apr-2026,91.4272,0.476712,15.3031,16.7733,1.47021
09-Apr-2026,96.5065,0.476712,11.8561,13.5254,1.66929
09-Apr-2026,101.586,0.476712,8.86217,10.6582,1.79605
09-Apr-2026,106.665,0.476712,6.36009,8.18807,1.82798
09-Apr-2026,111.744,0.476712,4.36137,6.11628,1.75491
09-Apr-2026,116.824,0.476712,2.84566,4.42938,1.58372
09-Apr-2026,121.903,0.476712,1.76144,3.10093,1.33949
09-Apr-2026,81.2687,0.558904,24.0921,25.2768,1.18465
09-Apr-2026,86.3479,0.558904,20.0605,21.5076,1.44706
09-Apr-2026,91.4272,0.558904,16.344,18.0349,1.69094
09-Apr-2026,96.5065,0.558904,12.9934,14.885,1.89163
09-Apr-2026,101.586,0.558904,10.0497,12.0759,2.02618
09-Apr-2026,106.665,0.558904,7.53981,9.6168,2.07699
09-Apr-2026,111.744,0.558904,5.47124,7.50655,2.03531
09-Apr-2026,116.824,0.558904,3.83032,5.73398,1.90366
09-Apr-2026,121.903,0.558904,2.58229,4.27985,1.69756
09-Apr-2026,81.2687,0.643836,24.8277,26.1838,1.35609
09-Apr-2026,86.3479,0.643836,20.9097,22.5304,1.62074
09-Apr-2026,91.4272,0.643836,17.2943,19.1581,1.86383
09-Apr-2026,96.5065,0.643836,14.0206,16.0855,2.06493
09-Apr-2026,101.586,0.643836,11.1195,13.3246,2.20506
09-Apr-2026,106.665,0.643836,8.60994,10.8804,2.27048
09-Apr-2026,111.744,0.643836,6.49694,8.75027,2.25333
09-Apr-2026,116.824,0.643836,4.76989,6.92414,2.15425
09-Apr-2026,121.903,0.643836,3.40311,5.38658,1.98347
09-Apr-2026,81.2687,0.728767,25.5996,27.1089,1.50934
09-Apr-2026,86.3479,0.728767,21.7873,23.5608,1.77346
09-Apr-2026,91.4272,0.728767,18.2645,20.279,2.01446
09-Apr-2026,96.5065,0.728767,15.0615,17.2767,2.21521
09-Apr-2026,101.586,0.728767,12.2013,14.5615,2.36022
09-Apr-2026,106.665,0.728767,9.69744,12.1357,2.43829
09-Apr-2026,111.744,0.728767,7.55263,9.99539,2.44276
09-Apr-2026,116.824,0.728767,5.75811,8.13122,2.37311
09-Apr-2026,121.903,0.728767,4.29402,6.5303,2.23628
09-Apr-2026,81.2687,0.808219,26.3002,27.9278,1.6276
09-Apr-2026,86.3479,0.808219,22.5745,24.4643,1.88976
09-Apr-2026,91.4272,0.808219,19.1268,21.2551,2.12832
09-Apr-2026,96.5065,0.808219,15.9815,18.3099,2.32836
09-Apr-2026,101.586,0.808219,13.1561,15.6332,2.47707
09-Apr-2026,106.665,0.808219,10.6607,13.2255,2.56482
09-Apr-2026,111.744,0.808219,8.49624,11.0823,2.58604
09-Apr-2026,116.824,0.808219,6.65507,9.1946,2.53953
09-Apr-2026,121.903,0.808219,5.12075,7.55109,2.43034
09-Apr-2026,81.2687,0.884932,26.9784,28.7039,1.72547
09-Apr-2026,86.3479,0.884932,23.3296,25.3147,1.98508
09-Apr-2026,91.4272,0.884932,19.9484,22.1693,2.22094
09-Apr-2026,96.5065,0.884932,16.8544,19.2746,2.4202
09-Apr-2026,101.586,0.884932,14.0613,16.6331,2.57175
09-Apr-2026,106.665,0.884932,11.5761,14.2439,2.66776
09-Apr-2026,111.744,0.884932,9.39895,12.1019,2.70294
09-Apr-2026,116.824,0.884932,7.52256,10.1986,2.67608
09-Apr-2026,121.903,0.884932,5.93291,8.52379,2.59088
10-Apr-2026,81.1468,0.0191781,20.3574,20.3569,0.000471671
10-Apr-2026,86.2185,0.0191781,15.2902,15.2897,0.00054589
10-Apr-2026,91.2901,0.0191781,10.2241,10.2237,0.000414346
10-Apr-2026,96.3618,0.0191781,5.2313,5.23033,0.000973688
10-Apr-2026,101.433,0.0191781,1.26328,1.25046,0.0128229
10-Apr-2026,106.505,0.0191781,0.0480205,0.0393891,0.00863138
10-Apr-2026,111.577,0.0191781,6.70135e-05,8.71355e-06,5.83e-05
10-Apr-2026,116.649,0.0191781,1.83426e-09,2.70265e-15,1.83426e-09
10-Apr-2026,81.1468,0.0383562,20.4153,20.4148,0.000527499
10-Apr-2026,86.2185,0.0383562,15.3525,15.352,0.000452095
10-Apr-2026,91.2901,0.0383562,10.3087,10.3098,0.00114251
10-Apr-2026,96.3618,0.0383562,5.48159,5.48915,0.00755857
10-Apr-2026,101.433,0.0383562,1.75656,1.76271,0.00614836
10-Apr-2026,106.505,0.0383562,0.205805,0.195694,0.0101108
10-Apr-2026,111.577,0.0383562,0.00460153,0.00235825,0.00224328
10-Apr-2026,116.649,0.0383562,1.41337e-05,1.59982e-07,1.39737e-05
10-Apr-2026,121.72,0.0383562,8.63181e-09,-4.55538e-15,8.63181e-09
10-Apr-2026,81.1468,0.0547945,20.4866,20.4863,0.000314762
10-Apr-2026,86.2185,0.0547945,15.4366,15.4377,0.00108647
10-Apr-2026,91.2901,0.0547945,10.455,10.464,0.00896923
10-Apr-2026,96.3618,0.0547945,5.82297,5.8516,0.0286294
10-Apr-2026,101.433,0.0547945,2.25886,2.29771,0.038847
10-Apr-2026,106.505,0.0547945,0.465778,0.475467,0.00968933
10-Apr-2026,111.577,0.0547945,0.036242,0.0302954,0.00594657
10-Apr-2026,116.649,0.0547945,0.000874587,0.000183049,0.000691538
10-Apr-2026,121.72,0.0547945,7.75437e-06,9.22832e-09,7.74514e-06
10-Apr-2026,81.1468,0.0767123,20.5544,20.5549,0.000520983
10-Apr-2026,86.2185,0.0767123,15.5276,15.5329,0.00527838
10-Apr-2026,91.2901,0.0767123,10.6215,10.6434,0.0219214
10-Apr-2026,96.3618,0.0767123,6.13853,6.19235,0.0538242
10-Apr-2026,101.433,0.0767123,2.66699,2.74008,0.0730883
10-Apr-2026,106.505,0.0767123,0.728821,0.769038,0.0402171
10-Apr-2026,111.577,0.0767123,0.100453,0.0999203,0.000532655
10-Apr-2026,116.649,0.0767123,0.00608529,0.0032441,0.00284119
10-Apr-2026,121.72,0.0767123,0.000177453,7.47046e-06,0.000169983
10-Apr-2026,81.1468,0.0958904,20.6355,20.6385,0.00299501
10-Apr-2026,86.2185,0.0958904,15.6459,15.6597,0.0138167
10-Apr-2026,91.2901,0.0958904,10.8294,10.8709,0.041451
10-Apr-2026,96.3618,0.0958904,6.48274,6.56802,0.0852808
10-Apr-2026,101.433,0.0958904,3.0839,3.19694,0.113041
10-Apr-2026,106.505,0.0958904,1.03115,1.11201,0.0808647
10-Apr-2026,111.577,0.0958904,0.208913,0.227636,0.018723
10-Apr-2026,116.649,0.0958904,0.0232156,0.0194166,0.00379897
10-Apr-2026,121.72,0.0958904,0.00148183,0.000358477,0.00112335
10-Apr-2026,81.1468,0.134247,20.7881,20.8002,0.0121173
10-Apr-2026,86.2185,0.134247,15.8771,15.9126,0.0355334
10-Apr-2026,91.2901,0.134247,11.2043,11.2851,0.0808447
10-Apr-2026,96.3618,0.134247,7.03432,7.17491,0.140588
10-Apr-2026,101.433,0.134247,3.71979,3.89943,0.179639
10-Apr-2026,106.505,0.134247,1.5379,1.69152,0.153619
10-Apr-2026,111.577,0.134247,0.455697,0.528902,0.0732048
10-Apr-2026,116.649,0.134247,0.0907914,0.101408,0.0106169
10-Apr-2026,121.72,0.134247,0.0123099,0.0090924,0.0032175
10-Apr-2026,81.1468,0.221918,21.2951,21.3552,0.0601063
10-Apr-2026,86.2185,0.221918,16.6121,16.7288,0.116667
10-Apr-2026,91.2901,0.221918,12.2474,12.4425,0.195093
10-Apr-2026,96.3618,0.221918,8.37943,8.65872,0.279293
10-Apr-2026,101.433,0.221918,5.19745,5.53461,0.337165
10-Apr-2026,106.505,0.221918,2.84034,3.17326,0.332921
10-Apr-2026,111.577,0.221918,1.32562,1.58264,0.257024
10-Apr-2026,116.649,0.221918,0.514931,0.658906,0.143975
10-Apr-2026,121.72,0.221918,0.165277,0.216389,0.051112
10-Apr-2026,81.1468,0.306849,21.8842,22.004,0.119833
10-Apr-2026,86.2185,0.306849,17.3998,17.5977,0.197881
10-Apr-2026,91.2901,0.306849,13.2533,13.546,0.292652
10-Apr-2026,96.3618,0.306849,9.56979,9.95674,0.386949
10-Apr-2026,101.433,0.306849,6.46892,6.92353,0.454607
10-Apr-2026,106.505,0.306849,4.03534,4.50341,0.468072
10-Apr-2026,111.577,0.306849,2.28844,2.70336,0.414919
10-Apr-2026,116.649,0.306849,1.16465,1.4729,0.308251
10-Apr-2026,121.72,0.306849,0.528436,0.713421,0.184985
10-Apr-2026,81.1468,0.391781,22.5414,22.718,0.176638
10-Apr-2026,86.2185,0.391781,18.2299,18.4968,0.266882
10-Apr-2026,91.2901,0.391781,14.2557,14.6247,0.368975
10-Apr-2026,96.3618,0.391781,10.7094,11.1764,0.467042
10-Apr-2026,101.433,0.391781,7.672,8.21229,0.540291
10-Apr-2026,106.505,0.391781,5.19906,5.76647,0.567412
10-Apr-2026,111.577,0.391781,3.30584,3.84271,0.536874
10-Apr-2026,116.649,0.391781,1.95834,2.41058,0.45224
10-Apr-2026,121.72,0.391781,1.07597,1.41009,0.334124
10-Apr-2026,81.1468,0.473973,23.2219,23.4429,0.220996
10-Apr-2026,86.2185,0.473973,19.0568,19.3734,0.316613
10-Apr-2026,91.2901,0.473973,15.2205,15.6412,0.42066
10-Apr-2026,96.3618,0.473973,11.781,12.3001,0.519103
10-Apr-2026,101.433,0.473973,8.79602,9.39138,0.595357
10-Apr-2026,106.505,0.473973,6.30396,6.93655,0.632587
10-Apr-2026,111.577,0.473973,4.31588,4.93669,0.620809
10-Apr-2026,116.649,0.473973,2.8107,3.37023,0.559532
10-Apr-2026,121.72,0.473973,1.7361,2.19607,0.459972
10-Apr-2026,81.1468,0.556164,23.9913,24.2443,0.252976
10-Apr-2026,86.2185,0.556164,19.9654,20.3152,0.349774
10-Apr-2026,91.2901,0.556164,16.2557,16.7083,0.452554
10-Apr-2026,96.3618,0.556164,12.9131,13.4624,0.549284
10-Apr-2026,101.433,0.556164,9.97853,10.6056,0.6271
10-Apr-2026,106.505,0.556164,7.4785,8.15107,0.672567
10-Apr-2026,111.577,0.556164,5.42026,6.09765,0.67739
10-Apr-2026,116.649,0.556164,3.78955,4.42875,0.639196
10-Apr-2026,121.72,0.556164,2.55105,3.11453,0.563484
10-Apr-2026,81.1468,0.641096,24.721,24.9879,0.266872
10-Apr-2026,86.2185,0.641096,20.8092,21.1711,0.361854
10-Apr-2026,91.2901,0.641096,17.201,17.6624,0.461438
10-Apr-2026,96.3618,0.641096,13.9355,14.4912,0.555669
10-Apr-2026,101.433,0.641096,11.0435,11.6773,0.633755
10-Apr-2026,106.505,0.641096,8.54383,9.22864,0.684811
10-Apr-2026,111.577,0.641096,6.44095,7.14287,0.701924
10-Apr-2026,116.649,0.641096,4.72391,5.40591,0.682001
10-Apr-2026,121.72,0.641096,3.36656,3.99415,0.627595
10-Apr-2026,81.1468,0.726027,25.4873,25.753,0.265726
10-Apr-2026,86.2185,0.726027,21.6814,22.0385,0.3571
10-Apr-2026,91.2901,0.726027,18.1661,18.6184,0.452302
10-Apr-2026,96.3618,0.726027,14.9715,15.5146,0.543062
10-Apr-2026,101.433,0.726027,12.1205,12.7411,0.620623
10-Apr-2026,106.505,0.726027,9.62633,10.3024,0.676031
10-Apr-2026,111.577,0.726027,7.49148,8.19477,0.70329
10-Apr-2026,116.649,0.726027,5.70681,6.40598,0.699175
10-Apr-2026,121.72,0.726027,4.25208,4.91658,0.664503
10-Apr-2026,81.1468,0.805479,26.183,26.4353,0.252287
10-Apr-2026,86.2185,0.805479,22.4639,22.8032,0.339304
10-Apr-2026,91.2901,0.805479,19.0238,19.454,0.430159
10-Apr-2026,96.3618,0.805479,15.887,16.4044,0.517418
10-Apr-2026,101.433,0.805479,13.0708,13.6648,0.594048
10-Apr-2026,106.505,0.805479,10.585,11.2371,0.652141
10-Apr-2026,111.577,0.805479,8.43045,9.11709,0.686641
10-Apr-2026,116.649,0.805479,6.599,7.29337,0.694366
10-Apr-2026,121.72,0.805479,5.07399,5.74914,0.67515
10-Apr-2026,81.1468,0.882192,26.8566,27.0858,0.229224
10-Apr-2026,86.2185,0.882192,23.2146,23.5262,0.311577
10-Apr-2026,91.2901,0.882192,19.8412,20.239,0.397752
10-Apr-2026,96.3618,0.882192,16.7557,17.2373,0.481565
10-Apr-2026,101.433,0.882192,13.9717,14.5285,0.55681
10-Apr-2026,106.505,0.882192,11.4961,12.1128,0.616743
10-Apr-2026,111.577,0.882192,9.32867,9.98555,0.656881
10-Apr-2026,116.649,0.882192,7.4619,8.13603,0.674132
10-Apr-2026,121.72,0.882192,5.88151,6.54931,0.667802
13-Apr-2026,79.3796,0.0109589,19.8707,19.8707,1.82235e-05
13-Apr-2026,84.3408,0.0109589,14.9111,14.9111,3.18544e-05
13-Apr-2026,89.302,0.0109589,9.95149,9.95155,5.79757e-05
13-Apr-2026,94.2632,0.0109589,4.99374,4.99795,0.00420675
13-Apr-2026,99.2245,0.0109589,0.704739,0.770386,0.0656472
13-Apr-2026,104.186,0.0109589,0.000477546,0.000643658,0.000166112
13-Apr-2026,109.147,0.0109589,5.79303e-12,1.34669e-12,4.44634e-12
13-Apr-2026,79.3796,0.030137,19.9417,19.9417,1.22597e-06
13-Apr-2026,84.3408,0.030137,14.9866,14.9874,0.000781588
13-Apr-2026,89.302,0.030137,10.0364,10.0496,0.0132336
13-Apr-2026,94.2632,0.030137,5.21036,5.29808,0.0877201
13-Apr-2026,99.2245,0.030137,1.43048,1.57709,0.146612
13-Apr-2026,104.186,0.030137,0.0935642,0.117304,0.02374
13-Apr-2026,109.147,0.030137,0.00050469,0.000500419,4.27101e-06
13-Apr-2026,114.108,0.030137,1.47693e-07,9.3283e-08,5.441e-08
13-Apr-2026,119.069,0.030137,4.78334e-12,3.11288e-12,1.67046e-12
13-Apr-2026,79.3796,0.0465753,19.9998,20.0007,0.000921911
13-Apr-2026,84.3408,0.0465753,15.0503,15.0592,0.00890387
13-Apr-2026,89.302,0.0465753,10.1311,10.1821,0.0509602
13-Apr-2026,94.2632,0.0465753,5.46457,5.6213,0.156731
13-Apr-2026,99.2245,0.0465753,1.86596,2.06744,0.201476
13-Apr-2026,104.186,0.0465753,0.264664,0.329467,0.0648029
13-Apr-2026,109.147,0.0465753,0.00901467,0.0108178,0.0018031
13-Apr-2026,114.108,0.0465753,5.70836e-05,5.34749e-05,3.60868e-06
13-Apr-2026,119.069,0.0465753,9.48805e-08,7.93062e-08,1.55743e-08
13-Apr-2026,79.3796,0.0684932,20.0786,20.087,0.00843421
13-Apr-2026,84.3408,0.0684932,15.147,15.184,0.0370277
13-Apr-2026,89.302,0.0684932,10.3014,10.417,0.115553
13-Apr-2026,94.2632,0.0684932,5.82613,6.06043,0.234296
13-Apr-2026,99.2245,0.0684932,2.3688,2.6358,0.266998
13-Apr-2026,104.186,0.0684932,0.54785,0.677454,0.129604
13-Apr-2026,109.147,0.0684932,0.0536426,0.07018,0.0165374
13-Apr-2026,114.108,0.0684932,0.00189216,0.00223942,0.000347257
13-Apr-2026,119.069,0.0684932,2.82119e-05,2.88353e-05,6.2343e-07
13-Apr-2026,79.3796,0.0876712,20.1411,20.1616,0.020542
13-Apr-2026,84.3408,0.0876712,15.2327,15.2998,0.0671039
13-Apr-2026,89.302,0.0876712,10.4544,10.6187,0.1643
13-Apr-2026,94.2632,0.0876712,6.09964,6.38344,0.283804
13-Apr-2026,99.2245,0.0876712,2.71335,3.02459,0.311241
13-Apr-2026,104.186,0.0876712,0.779484,0.958626,0.179142
13-Apr-2026,109.147,0.0876712,0.11781,0.157345,0.0395347
13-Apr-2026,114.108,0.0876712,0.00828656,0.0107307,0.00244419
13-Apr-2026,119.069,0.0876712,0.000298065,0.0003393,4.12348e-05
13-Apr-2026,79.3796,0.126027,20.2983,20.3618,0.0634777
13-Apr-2026,84.3408,0.126027,15.4651,15.608,0.142866
13-Apr-2026,89.302,0.126027,10.8423,11.1031,0.260818
13-Apr-2026,94.2632,0.126027,6.69962,7.07292,0.373297
13-Apr-2026,99.2245,0.126027,3.42106,3.81627,0.395206
13-Apr-2026,104.186,0.126027,1.31901,1.59981,0.280796
13-Apr-2026,109.147,0.126027,0.345053,0.460255,0.115202
13-Apr-2026,114.108,0.126027,0.0568841,0.0797139,0.0228298
13-Apr-2026,119.069,0.126027,0.00607318,0.00806307,0.00198989
13-Apr-2026,79.3796,0.213699,20.752,20.9282,0.176178
13-Apr-2026,84.3408,0.213699,16.1273,16.4112,0.283931
13-Apr-2026,89.302,0.213699,11.8029,12.2047,0.401847
13-Apr-2026,94.2632,0.213699,7.96694,8.4601,0.493165
13-Apr-2026,99.2245,0.213699,4.82634,5.33975,0.51341
13-Apr-2026,104.186,0.213699,2.5363,2.97455,0.438251
13-Apr-2026,109.147,0.213699,1.11359,1.40565,0.292064
13-Apr-2026,114.108,0.213699,0.39627,0.538648,0.142378
13-Apr-2026,119.069,0.213699,0.113624,0.16105,0.047426
13-Apr-2026,79.3796,0.29863,21.3412,21.5965,0.255292
13-Apr-2026,84.3408,0.29863,16.923,17.2812,0.358159
13-Apr-2026,89.302,0.29863,12.8321,13.29,0.457942
13-Apr-2026,94.2632,0.29863,9.19814,9.72868,0.530544
13-Apr-2026,99.2245,0.29863,6.14701,6.69839,0.551378
13-Apr-2026,104.186,0.29863,3.76916,4.27521,0.506047
13-Apr-2026,109.147,0.29863,2.08513,2.48655,0.401419
13-Apr-2026,114.108,0.29863,1.02579,1.29301,0.267218
13-Apr-2026,119.069,0.29863,0.445676,0.589903,0.144227
13-Apr-2026,79.3796,0.383562,21.9792,22.26,0.28076
13-Apr-2026,84.3408,0.383562,17.734,18.1015,0.367521
13-Apr-2026,89.302,0.383562,13.8182,14.2655,0.447269
13-Apr-2026,94.2632,0.383562,10.3251,10.83,0.504893
13-Apr-2026,99.2245,0.383562,7.33936,7.86489,0.52553
13-Apr-2026,104.186,0.383562,4.91945,5.41965,0.500199
13-Apr-2026,109.147,0.383562,3.08169,3.512,0.430314
13-Apr-2026,114.108,0.383562,1.7901,2.11925,0.329155
13-Apr-2026,119.069,0.383562,0.959583,1.17912,0.219535
13-Apr-2026,79.3796,0.465753,22.6444,22.9069,0.262503
13-Apr-2026,84.3408,0.465753,18.5461,18.8762,0.330148
13-Apr-2026,89.302,0.465753,14.77,15.1612,0.391195
13-Apr-2026,94.2632,0.465753,11.3859,11.8219,0.436022
13-Apr-2026,99.2245,0.465753,8.45357,8.90922,0.455649
13-Apr-2026,104.186,0.465753,6.01319,6.45721,0.444024
13-Apr-2026,109.147,0.465753,4.07655,4.47723,0.400685
13-Apr-2026,114.108,0.465753,2.62185,2.95313,0.331283
13-Apr-2026,119.069,0.465753,1.59469,1.84249,0.247799
13-Apr-2026,79.3796,0.547945,23.3664,23.5725,0.206123
13-Apr-2026,84.3408,0.547945,19.4022,19.6556,0.253432
13-Apr-2026,89.302,0.547945,15.749,16.0454,0.296392
13-Apr-2026,94.2632,0.547945,12.4592,12.7887,0.329459
13-Apr-2026,99.2245,0.547945,9.57587,9.92301,0.347144
13-Apr-2026,104.186,0.547945,7.12687,7.47226,0.345391
13-Apr-2026,109.147,0.547945,5.12013,5.44314,0.323011
13-Apr-2026,114.108,0.547945,3.54098,3.82265,0.281672
13-Apr-2026,119.069,0.547945,2.35261,2.57953,0.226921
13-Apr-2026,79.3796,0.632877,24.0845,24.2068,0.122271
13-Apr-2026,84.3408,0.632877,20.2353,20.386,0.150703
13-Apr-2026,89.302,0.632877,16.6849,16.8627,0.177786
13-Apr-2026,94.2632,0.632877,13.4737,13.6741,0.200447
13-Apr-2026,99.2245,0.632877,10.6334,10.849,0.215573
13-Apr-2026,104.186,0.632877,8.184,8.40414,0.220137
13-Apr-2026,109.147,0.632877,6.13041,6.34325,0.212837
13-Apr-2026,114.108,0.632877,4.46156,4.65487,0.193307
13-Apr-2026,119.069,0.632877,3.15057,3.31411,0.163545
13-Apr-2026,79.3796,0.717808,24.8738,24.8803,0.00646183
13-Apr-2026,84.3408,0.717808,21.1358,21.1515,0.0156864
13-Apr-2026,89.302,0.717808,17.6831,17.7103,0.0271514
13-Apr-2026,94.2632,0.717808,14.5465,14.5861,0.0395822
13-Apr-2026,99.2245,0.717808,11.7494,11.8005,0.0510883
13-Apr-2026,104.186,0.717808,9.3053,9.36521,0.0599067
13-Apr-2026,109.147,0.717808,7.21705,7.28141,0.0643627
13-Apr-2026,114.108,0.717808,5.47557,5.53862,0.0630546
13-Apr-2026,119.069,0.717808,4.06054,4.11633,0.05579
13-Apr-2026,79.3796,0.79726,25.5607,25.4511,0.109593
13-Apr-2026,84.3408,0.79726,21.9095,21.7938,0.115732
13-Apr-2026,89.302,0.79726,18.5323,18.4157,0.116625
13-Apr-2026,94.2632,0.79726,15.4537,15.3411,0.112605
13-Apr-2026,99.2245,0.79726,12.6914,12.5869,0.104481
13-Apr-2026,104.186,0.79726,10.2555,10.1616,0.0939491
13-Apr-2026,109.147,0.79726,8.14695,8.06462,0.0823339
13-Apr-2026,114.108,0.79726,6.35787,6.28615,0.0717182
13-Apr-2026,119.069,0.79726,4.87156,4.80821,0.0633466
13-Apr-2026,79.3796,0.873973,26.1931,25.9669,0.226196
13-Apr-2026,84.3408,0.873973,22.6153,22.3698,0.245484
13-Apr-2026,89.302,0.873973,19.3016,19.0446,0.256953
13-Apr-2026,94.2632,0.873973,16.2719,16.0117,0.260178
13-Apr-2026,99.2245,0.873973,13.5402,13.2846,0.255635
13-Apr-2026,104.186,0.873973,11.1138,10.8692,0.244612
13-Apr-2026,109.147,0.873973,8.99258,8.76412,0.228461
13-Apr-2026,114.108,0.873973,7.16923,6.95974,0.209493
13-Apr-2026,119.069,0.873973,5.62943,5.43985,0.189581
14-Apr-2026,78.13,0.00821918,19.5518,19.5518,2.23254e-06
14-Apr-2026,83.0132,0.00821918,14.6699,14.6698,9.13594e-05
14-Apr-2026,87.8963,0.00821918,9.78797,9.78792,5.43622e-05
14-Apr-2026,92.7794,0.00821918,4.9063,4.9103,0.00399894
14-Apr-2026,97.6625,0.00821918,0.57739,0.748924,0.171534
14-Apr-2026,102.546,0.00821918,3.16677e-05,0.00101028,0.000978616
14-Apr-2026,78.13,0.0273973,19.6225,19.6226,7.11034e-05
14-Apr-2026,83.0132,0.0273973,14.7451,14.7462,0.00110053
14-Apr-2026,87.8963,0.0273973,9.87031,9.89208,0.0217651
14-Apr-2026,92.7794,0.0273973,5.09142,5.25847,0.167053
14-Apr-2026,97.6625,0.0273973,1.31462,1.68113,0.366509
14-Apr-2026,102.546,0.0273973,0.0644604,0.185539,0.121078
14-Apr-2026,107.429,0.0273973,0.000162385,0.00289629,0.0027339
14-Apr-2026,112.312,0.0273973,1.4532e-08,3.40719e-06,3.39266e-06
14-Apr-2026,117.195,0.0273973,1.25366e-13,5.06328e-10,5.06203e-10
14-Apr-2026,78.13,0.0438356,19.6804,19.6819,0.001475
14-Apr-2026,83.0132,0.0438356,14.8078,14.8217,0.0138758
14-Apr-2026,87.8963,0.0438356,9.95751,10.0423,0.0848248
14-Apr-2026,92.7794,0.0438356,5.32744,5.61965,0.292209
14-Apr-2026,97.6625,0.0438356,1.74256,2.20689,0.464335
14-Apr-2026,102.546,0.0438356,0.212259,0.454523,0.242264
14-Apr-2026,107.429,0.0438356,0.00501602,0.0312839,0.0262679
14-Apr-2026,112.312,0.0438356,1.81063e-05,0.000497972,0.000479865
14-Apr-2026,117.195,0.0438356,1.60987e-08,2.20923e-06,2.19314e-06
14-Apr-2026,78.13,0.0657534,19.7585,19.7709,0.0124443
14-Apr-2026,83.0132,0.0657534,14.9006,14.9573,0.0567152
14-Apr-2026,87.8963,0.0657534,10.1153,10.3027,0.187407
14-Apr-2026,92.7794,0.0657534,5.67165,6.09015,0.418497
14-Apr-2026,97.6625,0.0657534,2.23488,2.79699,0.562107
14-Apr-2026,102.546,0.0657534,0.472674,0.848161,0.375487
14-Apr-2026,107.429,0.0657534,0.0380647,0.133673,0.095608
14-Apr-2026,112.312,0.0657534,0.000995418,0.00876401,0.00776859
14-Apr-2026,117.195,0.0657534,1.0589e-05,0.000246612,0.000236023
14-Apr-2026,78.13,0.0849315,19.8197,19.8494,0.029738
14-Apr-2026,83.0132,0.0849315,14.982,15.0828,0.100768
14-Apr-2026,87.8963,0.0849315,10.2589,10.52,0.261142
14-Apr-2026,92.7794,0.0849315,5.93489,6.42681,0.491922
14-Apr-2026,97.6625,0.0849315,2.57219,3.19219,0.620002
14-Apr-2026,102.546,0.0849315,0.691313,1.14799,0.456675
14-Apr-2026,107.429,0.0849315,0.0910417,0.253495,0.162453
14-Apr-2026,112.312,0.0849315,0.00518796,0.0291961,0.0240082
14-Apr-2026,117.195,0.0849315,0.00014655,0.00172665,0.0015801
14-Apr-2026,78.13,0.123288,19.9717,20.0604,0.088677
14-Apr-2026,83.0132,0.123288,15.2026,15.4099,0.20727
14-Apr-2026,87.8963,0.123288,10.6282,11.0266,0.398369
14-Apr-2026,92.7794,0.123288,6.51675,7.12845,0.6117
14-Apr-2026,97.6625,0.123288,3.26596,3.98242,0.716462
14-Apr-2026,102.546,0.123288,1.20928,1.80389,0.594614
14-Apr-2026,107.429,0.123288,0.293252,0.608593,0.315341
14-Apr-2026,112.312,0.123288,0.0430913,0.13972,0.0966289
14-Apr-2026,117.195,0.123288,0.00400856,0.0208879,0.0168793
14-Apr-2026,78.13,0.210959,20.408,20.6435,0.235543
14-Apr-2026,83.0132,0.210959,15.8384,16.231,0.392648
14-Apr-2026,87.8963,0.210959,11.5575,12.1362,0.578654
14-Apr-2026,92.7794,0.210959,7.75599,8.50132,0.745333
14-Apr-2026,97.6625,0.210959,4.64779,5.47205,0.824257
14-Apr-2026,102.546,0.210959,2.39648,3.1577,0.761222
14-Apr-2026,107.429,0.210959,1.02028,1.58588,0.565599
14-Apr-2026,112.312,0.210959,0.347122,0.671043,0.323921
14-Apr-2026,117.195,0.210959,0.0940068,0.23265,0.138643
14-Apr-2026,78.13,0.29589,20.9785,21.3134,0.334853
14-Apr-2026,83.0132,0.29589,16.6115,17.0957,0.484162
14-Apr-2026,87.8963,0.29589,12.5636,13.2037,0.640115
14-Apr-2026,92.7794,0.29589,8.96658,9.73656,0.769977
14-Apr-2026,97.6625,0.29589,5.95021,6.78591,0.835701
14-Apr-2026,102.546,0.29589,3.60888,4.41681,0.80793
14-Apr-2026,107.429,0.29589,1.96458,2.64887,0.68429
14-Apr-2026,112.312,0.29589,0.945153,1.44267,0.497514
14-Apr-2026,117.195,0.29589,0.399049,0.703744,0.304695
14-Apr-2026,78.13,0.380822,21.6002,21.9689,0.368726
14-Apr-2026,83.0132,0.380822,17.4047,17.9011,0.496394
14-Apr-2026,87.8963,0.380822,13.5322,14.1548,0.62259
14-Apr-2026,92.7794,0.380822,10.0777,10.8036,0.72585
14-Apr-2026,97.6625,0.380822,7.12793,7.91113,0.783201
14-Apr-2026,102.546,0.380822,4.74373,5.52035,0.776622
14-Apr-2026,107.429,0.380822,2.94234,3.64404,0.701701
14-Apr-2026,112.312,0.380822,1.6868,2.25807,0.571272
14-Apr-2026,117.195,0.380822,0.889283,1.30368,0.4144
14-Apr-2026,78.13,0.463014,22.2513,22.6039,0.352641
14-Apr-2026,83.0132,0.463014,18.2019,18.6579,0.456037
14-Apr-2026,87.8963,0.463014,14.4695,15.0256,0.556094
14-Apr-2026,92.7794,0.463014,11.1249,11.7637,0.638761
14-Apr-2026,97.6625,0.463014,8.22938,8.91882,0.689439
14-Apr-2026,102.546,0.463014,5.82434,6.52073,0.696394
14-Apr-2026,107.429,0.463014,3.92229,4.57742,0.655128
14-Apr-2026,112.312,0.463014,2.50112,3.07123,0.570106
14-Apr-2026,117.195,0.463014,1.50517,1.96093,0.455761
14-Apr-2026,78.13,0.545205,22.9601,23.2553,0.295186
14-Apr-2026,83.0132,0.545205,19.0443,19.4179,0.373579
14-Apr-2026,87.8963,0.545205,15.435,15.8847,0.44965
14-Apr-2026,92.7794,0.545205,12.1854,12.6999,0.514486
14-Apr-2026,97.6625,0.545205,9.33929,9.89828,0.558985
14-Apr-2026,102.546,0.545205,6.92544,7.50049,0.575051
14-Apr-2026,107.429,0.545205,4.95223,5.51096,0.558734
14-Apr-2026,112.312,0.545205,3.40495,3.9154,0.51045
14-Apr-2026,117.195,0.545205,2.24624,2.6828,0.436562
14-Apr-2026,78.13,0.630137,23.6664,23.8752,0.208754
14-Apr-2026,83.0132,0.630137,19.8653,20.1297,0.2644
14-Apr-2026,87.8963,0.630137,16.359,16.679,0.319986
14-Apr-2026,92.7794,0.630137,13.1882,13.5583,0.370147
14-Apr-2026,97.6625,0.630137,10.3854,10.7942,0.408836
14-Apr-2026,102.546,0.630137,7.97097,8.4013,0.430327
14-Apr-2026,107.429,0.630137,5.95031,6.38146,0.431149
14-Apr-2026,112.312,0.630137,4.31234,4.72222,0.409877
14-Apr-2026,117.195,0.630137,3.02996,3.39861,0.368649
14-Apr-2026,78.13,0.715068,24.4437,24.5332,0.0894566
14-Apr-2026,83.0132,0.715068,20.7535,20.8759,0.122405
14-Apr-2026,87.8963,0.715068,17.3448,17.5034,0.158578
14-Apr-2026,92.7794,0.715068,14.2488,14.4435,0.19475
14-Apr-2026,97.6625,0.715068,11.4892,11.7163,0.227149
14-Apr-2026,102.546,0.715068,9.08011,9.33176,0.251647
14-Apr-2026,107.429,0.715068,7.02438,7.28973,0.265348
14-Apr-2026,112.312,0.715068,5.31313,5.57892,0.265794
14-Apr-2026,117.195,0.715068,3.92595,4.17862,0.252668
14-Apr-2026,78.13,0.794521,25.1209,25.0909,0.029965
14-Apr-2026,83.0132,0.794521,21.5171,21.5023,0.0147853
14-Apr-2026,87.8963,0.794521,18.1838,18.1901,0.00630096
14-Apr-2026,92.7794,0.794521,15.1458,15.1773,0.0314901
14-Apr-2026,97.6625,0.794521,12.4211,12.4795,0.0584329
14-Apr-2026,102.546,0.794521,10.02,10.1038,0.0838184
14-Apr-2026,107.429,0.794521,7.94374,8.04883,0.105093
14-Apr-2026,112.312,0.794521,6.18452,6.30391,0.119387
14-Apr-2026,117.195,0.794521,4.72565,4.85085,0.1252
14-Apr-2026,78.13,0.871233,25.7446,25.5951,0.149539
14-Apr-2026,83.0132,0.871233,22.2139,22.0644,0.149483
14-Apr-2026,87.8963,0.871233,18.9439,18.8029,0.141039
14-Apr-2026,92.7794,0.871233,15.9547,15.8297,0.125049
14-Apr-2026,97.6625,0.871233,13.2606,13.1573,0.103297
14-Apr-2026,102.546,0.871233,10.8689,10.7907,0.0782472
14-Apr-2026,107.429,0.871233,8.77982,8.72748,0.0523383
14-Apr-2026,112.312,0.871233,6.98612,6.95758,0.0285429
14-Apr-2026,117.195,0.871233,5.47352,5.4645,0.00901862
15-Apr-2026,83.8866,0.00547945,14.8174,14.8174,2.07109e-05
15-Apr-2026,88.8211,0.00547945,9.88375,9.88374,1.04241e-05
15-Apr-2026,93.7556,0.00547945,4.95007,4.95045,0.00037843
15-Apr-2026,98.6901,0.00547945,0.473684,0.593514,0.11983
15-Apr-2026,103.625,0.00547945,5.18873e-07,3.46877e-05,3.41688e-05
15-Apr-2026,78.9521,0.0246575,19.8231,19.8231,3.48519e-05
15-Apr-2026,83.8866,0.0246575,14.894,14.8945,0.00053657
15-Apr-2026,88.8211,0.0246575,9.96636,9.98063,0.0142667
15-Apr-2026,93.7556,0.0246575,5.11503,5.25345,0.138418
15-Apr-2026,98.6901,0.0246575,1.24619,1.5834,0.337207
15-Apr-2026,103.625,0.0246575,0.0447641,0.138349,0.093585
15-Apr-2026,108.559,0.0246575,4.75387e-05,0.00112255,0.00107501
15-Apr-2026,113.494,0.0246575,1.18728e-09,4.17575e-07,4.16388e-07
15-Apr-2026,118.428,0.0246575,1.60437e-15,1.58583e-11,1.58567e-11
15-Apr-2026,78.9521,0.0410959,19.882,19.8829,0.000916304
15-Apr-2026,83.8866,0.0410959,14.9572,14.9673,0.010056
15-Apr-2026,88.8211,0.0410959,10.0485,10.119,0.0705004
15-Apr-2026,93.7556,0.0410959,5.32935,5.60448,0.275135
15-Apr-2026,98.6901,0.0410959,1.64848,2.11747,0.468989
15-Apr-2026,103.625,0.0410959,0.158702,0.387307,0.228605
15-Apr-2026,108.559,0.0410959,0.00204333,0.0197981,0.0177548
15-Apr-2026,113.494,0.0410959,3.18102e-06,0.000186045,0.000182864
15-Apr-2026,118.428,0.0410959,1.267e-09,4.34573e-07,4.33306e-07
15-Apr-2026,78.9521,0.0630137,19.9611,19.9707,0.00963924
15-Apr-2026,83.8866,0.0630137,15.0478,15.0966,0.0487692
15-Apr-2026,88.8211,0.0630137,10.1901,10.3682,0.17813
15-Apr-2026,93.7556,0.0630137,5.63461,6.07138,0.436771
15-Apr-2026,98.6901,0.0630137,2.08718,2.71526,0.62808
15-Apr-2026,103.625,0.0630137,0.355995,0.769821,0.413826
15-Apr-2026,108.559,0.0630137,0.017147,0.104345,0.0871982
15-Apr-2026,113.494,0.0630137,0.000224231,0.00523117,0.00500694
15-Apr-2026,118.428,0.0630137,1.26598e-06,0.000104088,0.000102822
15-Apr-2026,78.9521,0.0821918,20.0219,20.0473,0.0254361
15-Apr-2026,83.8866,0.0821918,15.1236,15.2175,0.0938949
15-Apr-2026,88.8211,0.0821918,10.3149,10.5807,0.265762
15-Apr-2026,93.7556,0.0821918,5.86174,6.40853,0.546791
15-Apr-2026,98.6901,0.0821918,2.37558,3.11599,0.740412
15-Apr-2026,103.625,0.0821918,0.517109,1.0671,0.549987
15-Apr-2026,108.559,0.0821918,0.0421156,0.212672,0.170557
15-Apr-2026,113.494,0.0821918,0.00125845,0.0204319,0.0191735
15-Apr-2026,118.428,0.0821918,1.97364e-05,0.000945838,0.000926101
15-Apr-2026,78.9521,0.120548,20.1668,20.2537,0.0869313
15-Apr-2026,83.8866,0.120548,15.3184,15.5378,0.219403
15-Apr-2026,88.8211,0.120548,10.6247,11.0833,0.458569
15-Apr-2026,93.7556,0.120548,6.34705,7.11587,0.768818
15-Apr-2026,98.6901,0.120548,2.9437,3.91901,0.975308
15-Apr-2026,103.625,0.120548,0.886397,1.72579,0.839391
15-Apr-2026,108.559,0.120548,0.139288,0.552359,0.413071
15-Apr-2026,113.494,0.120548,0.0113871,0.115893,0.104506
15-Apr-2026,118.428,0.120548,0.000612441,0.0152144,0.014602
15-Apr-2026,78.9521,0.208219,20.5448,20.8329,0.288128
15-Apr-2026,83.8866,0.208219,15.8367,16.358,0.521256
15-Apr-2026,88.8211,0.208219,11.3613,12.201,0.839725
15-Apr-2026,93.7556,0.208219,7.32258,8.51012,1.18754
15-Apr-2026,98.6901,0.208219,4.00303,5.43805,1.43502
15-Apr-2026,103.625,0.208219,1.69428,3.10081,1.40653
15-Apr-2026,108.559,0.208219,0.500173,1.52792,1.02774
15-Apr-2026,113.494,0.208219,0.102776,0.627656,0.52488
15-Apr-2026,118.428,0.208219,0.0166902,0.208443,0.191753
15-Apr-2026,78.9521,0.293151,20.9973,21.5071,0.509813
15-Apr-2026,83.8866,0.293151,16.427,17.2321,0.805145
15-Apr-2026,88.8211,0.293151,12.1174,13.2856,1.1682
15-Apr-2026,93.7556,0.293151,8.22455,9.77,1.54545
15-Apr-2026,98.6901,0.293151,4.94686,6.78081,1.83395
15-Apr-2026,103.625,0.293151,2.49366,4.38614,1.89248
15-Apr-2026,108.559,0.293151,0.99073,2.60683,1.6161
15-Apr-2026,113.494,0.293151,0.307971,1.40134,1.09337
15-Apr-2026,118.428,0.293151,0.080918,0.67134,0.590422
15-Apr-2026,78.9521,0.378082,21.465,22.1713,0.706266
15-Apr-2026,83.8866,0.378082,17.0092,18.0506,1.04138
15-Apr-2026,88.8211,0.378082,12.8209,14.2548,1.43388
15-Apr-2026,93.7556,0.378082,9.02526,10.8597,1.83443
15-Apr-2026,98.6901,0.378082,5.7751,7.93124,2.15614
15-Apr-2026,103.625,0.378082,3.23391,5.51393,2.28002
15-Apr-2026,108.559,0.378082,1.52121,3.62138,2.10017
15-Apr-2026,113.494,0.378082,0.595099,2.22835,1.63325
15-Apr-2026,118.428,0.378082,0.203129,1.27464,1.07151
15-Apr-2026,78.9521,0.460274,21.939,22.8166,0.877558
15-Apr-2026,83.8866,0.460274,17.5801,18.8212,1.24112
15-Apr-2026,88.8211,0.460274,13.4876,15.143,1.65545
15-Apr-2026,93.7556,0.460274,9.76568,11.8404,2.07468
15-Apr-2026,98.6901,0.460274,6.53815,8.96121,2.42306
15-Apr-2026,103.625,0.460274,3.93817,6.53626,2.59809
15-Apr-2026,108.559,0.460274,2.07294,4.57407,2.50113
15-Apr-2026,113.494,0.460274,0.943423,3.0562,2.11278
15-Apr-2026,118.428,0.460274,0.382234,1.94097,1.55873
15-Apr-2026,78.9521,0.542466,22.4442,23.4794,1.03522
15-Apr-2026,83.8866,0.542466,18.174,19.5957,1.42165
15-Apr-2026,88.8211,0.542466,14.1658,16.0195,1.8537
15-Apr-2026,93.7556,0.542466,10.5075,12.7964,2.28885
15-Apr-2026,98.6901,0.542466,7.30187,9.96179,2.65992
15-Apr-2026,103.625,0.542466,4.6588,7.53709,2.87829
15-Apr-2026,108.559,0.542466,2.67189,5.52709,2.8552
15-Apr-2026,113.494,0.542466,1.36364,3.9168,2.55316
15-Apr-2026,118.428,0.542466,0.629636,2.67526,2.04562
15-Apr-2026,78.9521,0.627397,22.9408,24.1107,1.16986
15-Apr-2026,83.8866,0.627397,18.7474,20.3212,1.57381
15-Apr-2026,88.8211,0.627397,14.8104,16.8298,2.01938
15-Apr-2026,93.7556,0.627397,11.2058,13.6725,2.46673
15-Apr-2026,98.6901,0.627397,8.02063,10.8765,2.85589
15-Apr-2026,103.625,0.627397,5.34795,8.45677,3.10882
15-Apr-2026,108.559,0.627397,3.26906,6.41553,3.14647
15-Apr-2026,113.494,0.627397,1.81558,4.73963,2.92405
15-Apr-2026,118.428,0.627397,0.924334,3.4044,2.48006
15-Apr-2026,78.9521,0.712329,23.4832,24.7809,1.29769
15-Apr-2026,83.8866,0.712329,19.3651,21.0817,1.71665
15-Apr-2026,88.8211,0.712329,15.4968,17.6704,2.17364
15-Apr-2026,93.7556,0.712329,11.9439,14.5755,2.63165
15-Apr-2026,98.6901,0.712329,8.78078,11.8174,3.03661
15-Apr-2026,103.625,0.712329,6.08568,9.4062,3.32052
15-Apr-2026,108.559,0.712329,3.92846,7.34216,3.4137
15-Apr-2026,113.494,0.712329,2.34391,5.61331,3.2694
15-Apr-2026,118.428,0.712329,1.29777,4.19935,2.90158
15-Apr-2026,78.9521,0.791781,23.9541,25.349,1.39492
15-Apr-2026,83.8866,0.791781,19.8958,21.7201,1.82426
15-Apr-2026,88.8211,0.791781,16.0815,18.3705,2.28897
15-Apr-2026,93.7556,0.791781,12.5696,15.3237,2.7541
15-Apr-2026,98.6901,0.791781,9.42537,12.5957,3.17032
15-Apr-2026,103.625,0.791781,6.71698,10.1936,3.47661
15-Apr-2026,108.559,0.791781,4.50569,8.11629,3.6106
15-Apr-2026,113.494,0.791781,2.82615,6.3525,3.52635
15-Apr-2026,118.428,0.791781,1.66012,4.88452,3.2244
15-Apr-2026,78.9521,0.868493,24.3877,25.8625,1.47476
15-Apr-2026,83.8866,0.868493,20.3809,22.2927,1.91182
15-Apr-2026,88.8211,0.868493,16.6127,18.9949,2.3822
15-Apr-2026,93.7556,0.868493,13.1361,15.9886,2.85251
15-Apr-2026,98.6901,0.868493,10.0092,13.2866,3.27739
15-Apr-2026,103.625,0.868493,7.2925,10.8938,3.60128
15-Apr-2026,108.559,0.868493,5.04032,8.80814,3.76782
15-Apr-2026,113.494,0.868493,3.28598,7.01882,3.73284
15-Apr-2026,118.428,0.868493,2.02107,5.50995,3.48888
16-Apr-2026,78.7261,0.00273973,19.688,19.688,2.18098e-05
16-Apr-2026,83.6465,0.00273973,14.7681,14.768,7.05756e-05
16-Apr-2026,88.5668,0.00273973,9.8481,9.84814,3.70308e-05
16-Apr-2026,93.4872,0.00273973,4.92812,4.92815,2.57495e-05
16-Apr-2026,98.4076,0.00273973,0.32448,0.414474,0.0899943
16-Apr-2026,103.328,0.00273973,4.90499e-08,1.03633e-08,3.86866e-08
16-Apr-2026,78.7261,0.0219178,19.7597,19.7597,3.08645e-05
16-Apr-2026,83.6465,0.0219178,14.8443,14.8445,0.000245696
16-Apr-2026,88.5668,0.0219178,9.92957,9.94012,0.0105495
16-Apr-2026,93.4872,0.0219178,5.07245,5.1997,0.127254
16-Apr-2026,98.4076,0.0219178,1.16179,1.50788,0.34609
16-Apr-2026,103.328,0.0219178,0.0293952,0.113075,0.0836799
16-Apr-2026,108.248,0.0219178,1.18888e-05,0.000590023,0.000578134
16-Apr-2026,113.169,0.0219178,7.22709e-11,9.21665e-08,9.20942e-08
16-Apr-2026,78.7261,0.0383562,19.8184,19.819,0.000599514
16-Apr-2026,83.6465,0.0383562,14.907,14.9151,0.00806308
16-Apr-2026,88.5668,0.0383562,10.0073,10.0712,0.0639451
16-Apr-2026,93.4872,0.0383562,5.27267,5.54653,0.273859
16-Apr-2026,98.4076,0.0383562,1.56099,2.05244,0.491453
16-Apr-2026,103.328,0.0383562,0.124516,0.35263,0.228114
16-Apr-2026,108.248,0.0383562,0.000998729,0.0153034,0.0143047
16-Apr-2026,113.169,0.0383562,8.21024e-07,0.000103502,0.000102681
16-Apr-2026,118.089,0.0383562,1.72292e-10,1.51843e-07,1.5167e-07
16-Apr-2026,78.7261,0.060274,19.8969,19.9053,0.00835257
16-Apr-2026,83.6465,0.060274,14.9954,15.0403,0.0449092
16-Apr-2026,88.5668,0.060274,10.1404,10.3144,0.173985
16-Apr-2026,93.4872,0.060274,5.56366,6.01264,0.448977
16-Apr-2026,98.4076,0.060274,1.9893,2.65614,0.66684
16-Apr-2026,103.328,0.060274,0.29887,0.730357,0.431487
16-Apr-2026,108.248,0.060274,0.0107258,0.0920797,0.0813539
16-Apr-2026,113.169,0.060274,9.73031e-05,0.00398676,0.00388946
16-Apr-2026,118.089,0.060274,3.91995e-07,6.3493e-05,6.3101e-05
16-Apr-2026,78.7261,0.0794521,19.9569,19.9803,0.0233811
16-Apr-2026,83.6465,0.0794521,15.0685,15.1585,0.0899955
16-Apr-2026,88.5668,0.0794521,10.2583,10.5241,0.265827
16-Apr-2026,93.4872,0.0794521,5.78117,6.34993,0.568761
16-Apr-2026,98.4076,0.0794521,2.26813,3.05929,0.791159
16-Apr-2026,103.328,0.0794521,0.443459,1.02606,0.582603
16-Apr-2026,108.248,0.0794521,0.0284679,0.195224,0.166757
16-Apr-2026,113.169,0.0794521,0.000641682,0.0170894,0.0164477
16-Apr-2026,118.089,0.0794521,7.8623e-06,0.000682238,0.000674375
16-Apr-2026,78.7261,0.117808,20.0987,20.1832,0.0845121
16-Apr-2026,83.6465,0.117808,15.2551,15.4744,0.219257
16-Apr-2026,88.5668,0.117808,10.5522,11.0235,0.471311
16-Apr-2026,93.4872,0.117808,6.24583,7.05793,0.8121
16-Apr-2026,98.4076,0.117808,2.81237,3.86538,1.05301
16-Apr-2026,103.328,0.117808,0.776203,1.68341,0.907207
16-Apr-2026,108.248,0.117808,0.101917,0.526993,0.425076
16-Apr-2026,113.169,0.117808,0.00684163,0.105982,0.0991406
16-Apr-2026,118.089,0.117808,0.000314608,0.0129522,0.0126376
16-Apr-2026,78.7261,0.205479,20.4644,20.7571,0.292742
16-Apr-2026,83.6465,0.205479,15.7504,16.2897,0.539266
16-Apr-2026,88.5668,0.205479,11.2532,12.1388,0.885645
16-Apr-2026,93.4872,0.205479,7.17501,8.45335,1.27834
16-Apr-2026,98.4076,0.205479,3.81256,5.38737,1.57481
16-Apr-2026,103.328,0.205479,1.50129,3.05823,1.55694
16-Apr-2026,108.248,0.205479,0.386794,1.49541,1.10861
16-Apr-2026,113.169,0.205479,0.0691463,0.606339,0.537193
16-Apr-2026,118.089,0.205479,0.010207,0.197074,0.186867
16-Apr-2026,78.7261,0.290411,20.8996,21.4284,0.52877
16-Apr-2026,83.6465,0.290411,16.3138,17.1617,0.847869
16-Apr-2026,88.5668,0.290411,11.971,13.2225,1.25155
16-Apr-2026,93.4872,0.290411,8.02676,9.71373,1.68697
16-Apr-2026,98.4076,0.290411,4.69091,6.73123,2.04032
16-Apr-2026,103.328,0.290411,2.21357,4.34376,2.13019
16-Apr-2026,108.248,0.290411,0.78115,2.57202,1.79087
16-Apr-2026,113.169,0.290411,0.2147,1.37463,1.15993
16-Apr-2026,118.089,0.290411,0.0521448,0.65268,0.600535
16-Apr-2026,78.7261,0.375342,21.3485,22.0907,0.74222
16-Apr-2026,83.6465,0.375342,16.8682,17.9788,1.1106
16-Apr-2026,88.5668,0.375342,12.6362,14.1911,1.55488
16-Apr-2026,93.4872,0.375342,8.77714,10.8034,2.02623
16-Apr-2026,98.4076,0.375342,5.45448,7.88188,2.4274
16-Apr-2026,103.328,0.375342,2.87068,5.47147,2.60079
16-Apr-2026,108.248,0.375342,1.21243,3.58552,2.37309
16-Apr-2026,113.169,0.375342,0.421718,2.19911,1.77739
16-Apr-2026,118.089,0.375342,0.133368,1.25195,1.11859
16-Apr-2026,78.7261,0.457534,21.8025,22.7346,0.932148
16-Apr-2026,83.6465,0.457534,17.4103,18.7484,1.33808
16-Apr-2026,88.5668,0.457534,13.264,15.0786,1.81464
16-Apr-2026,93.4872,0.457534,9.46702,11.7836,2.31661
16-Apr-2026,98.4076,0.457534,6.154,8.91157,2.75757
16-Apr-2026,103.328,0.457534,3.49544,6.49341,2.99797
16-Apr-2026,108.248,0.457534,1.66608,4.53739,2.87131
16-Apr-2026,113.169,0.457534,0.676504,3.02541,2.34891
16-Apr-2026,118.089,0.457534,0.253118,1.91586,1.66274
16-Apr-2026,78.7261,0.539726,22.2852,23.3962,1.11105
16-Apr-2026,83.6465,0.539726,17.9727,19.5217,1.54903
16-Apr-2026,88.5668,0.539726,13.9002,15.9542,2.05399
16-Apr-2026,93.4872,0.539726,10.1554,12.7389,2.58349
16-Apr-2026,98.4076,0.539726,6.85199,9.91151,3.05952
16-Apr-2026,103.328,0.539726,4.13559,7.49356,3.35797
16-Apr-2026,108.248,0.539726,2.1645,5.48951,3.32501
16-Apr-2026,113.169,0.539726,0.989394,3.88474,2.89534
16-Apr-2026,118.089,0.539726,0.419698,2.64836,2.22866
16-Apr-2026,78.7261,0.624658,22.7588,24.0263,1.26751
16-Apr-2026,83.6465,0.624658,18.5145,20.2462,1.73169
16-Apr-2026,88.5668,0.624658,14.5032,16.7635,2.26028
16-Apr-2026,93.4872,0.624658,10.8016,13.6142,2.81257
16-Apr-2026,98.4076,0.624658,7.50815,10.8254,3.31723
16-Apr-2026,103.328,0.624658,4.74946,8.41237,3.66291
16-Apr-2026,108.248,0.624658,2.66748,6.37699,3.70951
16-Apr-2026,113.169,0.624658,1.33292,4.70642,3.3735
16-Apr-2026,118.089,0.624658,0.620633,3.37608,2.75544
16-Apr-2026,78.7261,0.709589,23.2751,24.6952,1.42015
16-Apr-2026,83.6465,0.709589,19.0968,21.0055,1.90868
16-Apr-2026,88.5668,0.709589,15.1441,17.6029,2.45884
16-Apr-2026,93.4872,0.709589,11.484,14.516,3.03203
16-Apr-2026,98.4076,0.709589,8.20233,11.7651,3.5628
16-Apr-2026,103.328,0.709589,5.40909,9.36067,3.95158
16-Apr-2026,108.248,0.709589,3.22955,7.30246,4.07291
16-Apr-2026,113.169,0.709589,1.7436,5.57886,3.83526
16-Apr-2026,118.089,0.709589,0.880217,4.16963,3.28941
16-Apr-2026,78.7261,0.789041,23.7226,25.2623,1.53966
16-Apr-2026,83.6465,0.789041,19.5965,21.6427,2.04617
16-Apr-2026,88.5668,0.789041,15.6896,18.3018,2.61225
16-Apr-2026,93.4872,0.789041,12.0623,15.2631,3.20077
16-Apr-2026,98.4076,0.789041,8.79183,12.5423,3.7505
16-Apr-2026,103.328,0.789041,5.97595,10.147,4.17104
16-Apr-2026,108.248,0.789041,3.72703,8.07551,4.34848
16-Apr-2026,113.169,0.789041,2.12658,6.31693,4.19035
16-Apr-2026,118.089,0.789041,1.138,4.85363,3.71563
16-Apr-2026,78.7261,0.865753,24.1344,25.7746,1.64024
16-Apr-2026,83.6465,0.865753,20.053,22.2143,2.16126
16-Apr-2026,88.5668,0.865753,16.1852,18.9252,2.74
16-Apr-2026,93.4872,0.865753,12.5864,15.9269,3.3405
16-Apr-2026,98.4076,0.865753,9.32684,13.2322,3.90532
16-Apr-2026,103.328,0.865753,6.49487,10.8461,4.35124
16-Apr-2026,108.248,0.865753,4.19206,8.76629,4.57423
16-Apr-2026,113.169,0.865753,2.49846,6.98219,4.48373
16-Apr-2026,118.089,0.865753,1.40071,5.47798,4.07727
17-Apr-2026,77.9004,0.0191781,19.5459,19.5459,4.17104e-05
17-Apr-2026,82.7692,0.0191781,14.6815,14.6817,0.000194104
17-Apr-2026,87.6379,0.0191781,9.81778,9.8255,0.00772478
17-Apr-2026,92.5067,0.0191781,5.00717,5.10777,0.100605
17-Apr-2026,97.3755,0.0191781,1.13437,1.3978,0.263427
17-Apr-2026,102.244,0.0191781,0.0283835,0.0737154,0.0453319
17-Apr-2026,107.113,0.0191781,1.15119e-05,0.000105507,9.39948e-05
17-Apr-2026,111.982,0.0191781,5.54428e-11,2.19005e-09,2.13461e-09
17-Apr-2026,116.851,0.0191781,1.45331e-15,1.76885e-15,3.15538e-16
17-Apr-2026,77.9004,0.0356164,19.6037,19.6043,0.00058681
17-Apr-2026,82.7692,0.0356164,14.7434,14.7504,0.00704945
17-Apr-2026,87.6379,0.0356164,9.89468,9.94958,0.0549048
17-Apr-2026,92.5067,0.0356164,5.21231,5.44047,0.228158
17-Apr-2026,97.3755,0.0356164,1.55334,1.93201,0.378675
17-Apr-2026,102.244,0.0356164,0.13088,0.273921,0.143041
17-Apr-2026,107.113,0.0356164,0.00122076,0.00624938,0.00502862
17-Apr-2026,111.982,0.0356164,1.12097e-06,1.48024e-05,1.36814e-05
17-Apr-2026,116.851,0.0356164,2.30257e-10,8.37727e-09,8.14701e-09
17-Apr-2026,77.9004,0.0575342,19.6812,19.6893,0.00805846
17-Apr-2026,82.7692,0.0575342,14.8309,14.8722,0.0412689
17-Apr-2026,87.6379,0.0575342,10.0292,10.182,0.152823
17-Apr-2026,92.5067,0.0575342,5.51233,5.88705,0.374717
17-Apr-2026,97.3755,0.0575342,1.99677,2.51172,0.514949
17-Apr-2026,102.244,0.0575342,0.318473,0.607087,0.288614
17-Apr-2026,107.113,0.0575342,0.0131935,0.0521818,0.0389883
17-Apr-2026,111.982,0.0575342,0.000137798,0.00114988,0.00101208
17-Apr-2026,116.851,0.0575342,5.98704e-07,9.34518e-06,8.74648e-06
17-Apr-2026,77.9004,0.0767123,19.7406,19.763,0.0224264
17-Apr-2026,82.7692,0.0767123,14.9041,14.9865,0.0823613
17-Apr-2026,87.6379,0.0767123,10.1495,10.3819,0.232388
17-Apr-2026,92.5067,0.0767123,5.73605,6.20779,0.471738
17-Apr-2026,97.3755,0.0767123,2.28361,2.89428,0.610669
17-Apr-2026,102.244,0.0767123,0.472521,0.872556,0.400035
17-Apr-2026,107.113,0.0767123,0.0344783,0.123987,0.0895091
17-Apr-2026,111.982,0.0767123,0.000885969,0.00635161,0.00546564
17-Apr-2026,116.851,0.0767123,1.1814e-05,0.000141008,0.000129194
17-Apr-2026,77.9004,0.0958904,19.8163,19.8663,0.0500413
17-Apr-2026,82.7692,0.0958904,15.0036,15.1462,0.142645
17-Apr-2026,87.6379,0.0958904,10.3108,10.639,0.328245
17-Apr-2026,92.5067,0.0958904,6.00177,6.58205,0.580285
17-Apr-2026,97.3755,0.0958904,2.60095,3.32371,0.72276
17-Apr-2026,102.244,0.0958904,0.665204,1.20087,0.535661
17-Apr-2026,107.113,0.0958904,0.0753088,0.25109,0.175781
17-Apr-2026,111.982,0.0958904,0.00383798,0.024658,0.0208201
17-Apr-2026,116.851,0.0958904,0.000119387,0.00120175,0.00108236
17-Apr-2026,77.9004,0.115068,19.8817,19.9607,0.0789984
17-Apr-2026,82.7692,0.115068,15.0926,15.2886,0.196019
17-Apr-2026,87.6379,0.115068,10.4502,10.8537,0.403541
17-Apr-2026,92.5067,0.115068,6.21206,6.87508,0.663024
17-Apr-2026,97.3755,0.115068,2.84094,3.6522,0.811256
17-Apr-2026,102.244,0.115068,0.823263,1.4684,0.645133
17-Apr-2026,107.113,0.115068,0.119553,0.380906,0.261353
17-Apr-2026,111.982,0.115068,0.00891766,0.0538121,0.0448945
17-Apr-2026,116.851,0.115068,0.000442936,0.00412427,0.00368133
17-Apr-2026,77.9004,0.20274,20.2499,20.5067,0.256816
17-Apr-2026,82.7692,0.20274,15.596,16.0535,0.457484
17-Apr-2026,87.6379,0.20274,11.1654,11.893,0.727569
17-Apr-2026,92.5067,0.20274,7.15844,8.17504,1.0166
17-Apr-2026,97.3755,0.20274,3.85967,5.06943,1.20976
17-Apr-2026,102.244,0.20274,1.5766,2.72488,1.14828
17-Apr-2026,107.113,0.20274,0.434845,1.20205,0.767207
17-Apr-2026,111.982,0.20274,0.08353,0.407971,0.324441
17-Apr-2026,116.851,0.20274,0.0130347,0.101184,0.0881493
17-Apr-2026,77.9004,0.287671,20.6903,21.1319,0.441594
17-Apr-2026,82.7692,0.287671,16.1682,16.8595,0.691325
17-Apr-2026,87.6379,0.287671,11.8945,12.8932,0.998671
17-Apr-2026,92.5067,0.287671,8.02187,9.34127,1.3194
17-Apr-2026,97.3755,0.287671,4.7503,6.31492,1.56462
17-Apr-2026,102.244,0.287671,2.30792,3.90577,1.59785
17-Apr-2026,107.113,0.287671,0.85728,2.15609,1.29881
17-Apr-2026,111.982,0.287671,0.249035,1.03215,0.783118
17-Apr-2026,116.851,0.287671,0.0631547,0.416274,0.353119
17-Apr-2026,77.9004,0.372603,21.1445,21.7425,0.597975
17-Apr-2026,82.7692,0.372603,16.7299,17.6105,0.880572
17-Apr-2026,87.6379,0.372603,12.568,13.7846,1.21659
17-Apr-2026,92.5067,0.372603,8.78034,10.3481,1.56774
17-Apr-2026,97.3755,0.372603,5.52212,7.38075,1.85863
17-Apr-2026,102.244,0.372603,2.9777,4.9452,1.9675
17-Apr-2026,107.113,0.372603,1.31055,3.07054,1.75999
17-Apr-2026,111.982,0.372603,0.47738,1.74003,1.26265
17-Apr-2026,116.851,0.372603,0.156597,0.885622,0.729025
17-Apr-2026,77.9004,0.454795,21.6034,22.3336,0.730213
17-Apr-2026,82.7692,0.454795,17.2781,18.3167,1.03863
17-Apr-2026,87.6379,0.454795,13.2021,14.6016,1.39953
17-Apr-2026,92.5067,0.454795,9.47616,11.2545,1.77831
17-Apr-2026,97.3755,0.454795,6.22749,8.33548,2.10799
17-Apr-2026,102.244,0.454795,3.61139,5.88984,2.27845
17-Apr-2026,107.113,0.454795,1.78144,3.93782,2.15638
17-Apr-2026,111.982,0.454795,0.752836,2.4687,1.71587
17-Apr-2026,116.851,0.454795,0.29103,1.43753,1.1465
17-Apr-2026,77.9004,0.536986,22.0907,22.9403,0.849636
17-Apr-2026,82.7692,0.536986,17.8458,19.0269,1.18115
17-Apr-2026,87.6379,0.536986,13.8436,15.4089,1.56526
17-Apr-2026,92.5067,0.536986,10.1692,12.1392,1.96998
17-Apr-2026,97.3755,0.536986,6.92989,9.26413,2.33424
17-Apr-2026,102.244,0.536986,4.25831,6.81681,2.5585
17-Apr-2026,107.113,0.536986,2.29417,4.81109,2.51692
17-Apr-2026,111.982,0.536986,1.08598,3.23873,2.15275
17-Apr-2026,116.851,0.536986,0.474672,2.06753,1.59286
17-Apr-2026,77.9004,0.621918,22.5683,23.5185,0.950217
17-Apr-2026,82.7692,0.621918,18.3918,19.6934,1.30162
17-Apr-2026,87.6379,0.621918,14.4507,16.1566,1.70585
17-Apr-2026,92.5067,0.621918,10.8188,12.9514,2.13262
17-Apr-2026,97.3755,0.621918,7.58906,10.1144,2.52536
17-Apr-2026,102.244,0.621918,4.87692,7.67052,2.7936
17-Apr-2026,107.113,0.621918,2.80807,5.62912,2.82105
17-Apr-2026,111.982,0.621918,1.44731,3.98298,2.53567
17-Apr-2026,116.851,0.621918,0.692998,2.70702,2.01402
17-Apr-2026,77.9004,0.706849,23.0882,24.1334,1.04517
17-Apr-2026,82.7692,0.706849,18.9779,20.3935,1.41563
17-Apr-2026,87.6379,0.706849,15.0949,16.934,1.83906
17-Apr-2026,92.5067,0.706849,11.5038,13.7901,2.28631
17-Apr-2026,97.3755,0.706849,8.28542,10.9905,2.70508
17-Apr-2026,102.244,0.706849,5.54014,8.5537,3.01356
17-Apr-2026,107.113,0.706849,3.37935,6.4856,3.10625
17-Apr-2026,111.982,0.706849,1.87492,4.77941,2.90449
17-Apr-2026,116.851,0.706849,0.971533,3.41481,2.44328
17-Apr-2026,77.9004,0.786301,23.5384,24.6556,1.11718
17-Apr-2026,82.7692,0.786301,19.4802,20.9824,1.50223
17-Apr-2026,87.6379,0.786301,15.6426,17.5827,1.94008
17-Apr-2026,92.5067,0.786301,12.0837,14.4862,2.40254
17-Apr-2026,97.3755,0.786301,8.87604,11.7164,2.84034
17-Apr-2026,102.244,0.786301,6.10908,9.28753,3.17845
17-Apr-2026,107.113,0.786301,3.88296,7.20332,3.32036
17-Apr-2026,111.982,0.786301,2.27051,5.45709,3.18658
17-Apr-2026,116.851,0.786301,1.24524,4.03128,2.78604
17-Apr-2026,77.9004,0.863014,23.9523,25.1284,1.17609
17-Apr-2026,82.7692,0.863014,19.9386,21.5118,1.57319
17-Apr-2026,87.6379,0.863014,16.1397,18.1624,2.0227
17-Apr-2026,92.5067,0.863014,12.6087,15.1059,2.49719
17-Apr-2026,97.3755,0.863014,9.41158,12.3616,2.95006
17-Apr-2026,102.244,0.863014,6.62922,9.94108,3.31186
17-Apr-2026,107.113,0.863014,4.35241,7.84621,3.4938
17-Apr-2026,111.982,0.863014,2.65239,6.07042,3.41803
17-Apr-2026,116.851,0.863014,1.52187,4.59797,3.0761
20-Apr-2026,78.7377,0.0109589,19.7092,19.7092,1.58511e-05
20-Apr-2026,83.6588,0.0109589,14.7897,14.7897,3.31598e-05
20-Apr-2026,88.5799,0.0109589,9.87013,9.87012,7.78549e-06
20-Apr-2026,93.501,0.0109589,4.9519,4.95704,0.00513866
20-Apr-2026,98.4221,0.0109589,0.672059,0.750384,0.0783248
20-Apr-2026,103.343,0.0109589,0.000256427,0.000289864,3.34365e-05
20-Apr-2026,108.264,0.0109589,4.51487e-13,8.19291e-14,3.69558e-13
20-Apr-2026,113.185,0.0109589,4.8911e-16,-1.96899e-15,2.4581e-15
20-Apr-2026,118.107,0.0109589,5.04268e-16,-1.98619e-15,2.49046e-15
20-Apr-2026,78.7377,0.0273973,19.7774,19.7775,6.26023e-05
20-Apr-2026,83.6588,0.0273973,14.8622,14.8633,0.00107774
20-Apr-2026,88.5799,0.0273973,9.95017,9.9665,0.0163325
20-Apr-2026,93.501,0.0273973,5.13919,5.24554,0.106346
20-Apr-2026,98.4221,0.0273973,1.33274,1.50275,0.170008
20-Apr-2026,103.343,0.0273973,0.0636186,0.0772285,0.0136099
20-Apr-2026,108.264,0.0273973,0.000141735,0.000125082,1.66533e-05
20-Apr-2026,113.185,0.0273973,1.27045e-08,1.84282e-08,5.72369e-09
20-Apr-2026,118.107,0.0273973,1.46224e-13,1.11554e-12,9.69315e-13
20-Apr-2026,78.7377,0.0493151,19.8394,19.8411,0.00173999
20-Apr-2026,83.6588,0.0493151,14.9295,14.9425,0.0130108
20-Apr-2026,88.5799,0.0493151,10.0437,10.1103,0.0666232
20-Apr-2026,93.501,0.0493151,5.37825,5.57521,0.196957
20-Apr-2026,98.4221,0.0493151,1.74611,1.98552,0.239413
20-Apr-2026,103.343,0.0493151,0.197187,0.248776,0.0515889
20-Apr-2026,108.264,0.0493151,0.00369957,0.00427052,0.000570954
20-Apr-2026,113.185,0.0493151,1.10913e-05,1.62818e-05,5.19046e-06
20-Apr-2026,118.107,0.0493151,1.05132e-08,3.50425e-08,2.45293e-08
20-Apr-2026,78.7377,0.0684932,19.9084,19.9186,0.0102273
20-Apr-2026,83.6588,0.0684932,15.0103,15.0537,0.0434259
20-Apr-2026,88.5799,0.0684932,10.1744,10.3099,0.135538
20-Apr-2026,93.501,0.0684932,5.65071,5.93194,0.281228
20-Apr-2026,98.4221,0.0684932,2.12345,2.4353,0.311851
20-Apr-2026,103.343,0.0684932,0.374366,0.487146,0.11278
20-Apr-2026,108.264,0.0684932,0.0193347,0.0261557,0.00682098
20-Apr-2026,113.185,0.0684932,0.000294703,0.00045728,0.000162577
20-Apr-2026,118.107,0.0684932,2.11113e-06,5.08732e-06,2.97619e-06
20-Apr-2026,78.7377,0.0876712,19.9665,19.9905,0.0239816
20-Apr-2026,83.6588,0.0876712,15.0842,15.1614,0.0771724
20-Apr-2026,88.5799,0.0876712,10.297,10.4892,0.192239
20-Apr-2026,93.501,0.0876712,5.86979,6.21174,0.341948
20-Apr-2026,98.4221,0.0876712,2.39692,2.76668,0.369759
20-Apr-2026,103.343,0.0876712,0.527591,0.699881,0.17229
20-Apr-2026,108.264,0.0876712,0.0438491,0.0647532,0.0209041
20-Apr-2026,113.185,0.0876712,0.00141125,0.00231912,0.000907869
20-Apr-2026,118.107,0.0876712,2.54476e-05,5.48275e-05,2.93799e-05
20-Apr-2026,78.7377,0.106849,20.0411,20.0888,0.047662
20-Apr-2026,83.6588,0.106849,15.1843,15.3077,0.123444
20-Apr-2026,88.5799,0.106849,10.4591,10.7169,0.257818
20-Apr-2026,93.501,0.106849,6.12954,6.53887,0.409326
20-Apr-2026,98.4221,0.106849,2.70235,3.14181,0.439462
20-Apr-2026,103.343,0.106849,0.717639,0.969488,0.251849
20-Apr-2026,108.264,0.106849,0.087673,0.139799,0.0521257
20-Apr-2026,113.185,0.106849,0.005109,0.00905077,0.00394177
20-Apr-2026,118.107,0.106849,0.000190862,0.00039125,0.000200388
20-Apr-2026,78.7377,0.194521,20.3893,20.5625,0.173234
20-Apr-2026,83.6588,0.194521,15.6647,15.9702,0.305496
20-Apr-2026,88.5799,0.194521,11.1589,11.6338,0.474866
20-Apr-2026,93.501,0.194521,7.08206,7.71873,0.636674
20-Apr-2026,98.4221,0.194521,3.74024,4.44636,0.706115
20-Apr-2026,103.343,0.194521,1.46508,2.05672,0.591636
20-Apr-2026,108.264,0.194521,0.375281,0.682023,0.306742
20-Apr-2026,113.185,0.194521,0.0654634,0.14722,0.0817565
20-Apr-2026,118.107,0.194521,0.00919862,0.0216732,0.0124746
20-Apr-2026,78.7377,0.279452,20.7933,21.0836,0.290333
20-Apr-2026,83.6588,0.279452,16.197,16.6457,0.44866
20-Apr-2026,88.5799,0.279452,11.849,12.4856,0.63662
20-Apr-2026,93.501,0.279452,7.91133,8.73264,0.821306
20-Apr-2026,98.4221,0.279452,4.59985,5.54134,0.941485
20-Apr-2026,103.343,0.279452,2.1608,3.06635,0.905546
20-Apr-2026,108.264,0.279452,0.759254,1.40271,0.643458
20-Apr-2026,113.185,0.279452,0.205685,0.500895,0.29521
20-Apr-2026,118.107,0.279452,0.0484499,0.135765,0.0873153
20-Apr-2026,78.7377,0.364384,21.234,21.6185,0.384483
20-Apr-2026,83.6588,0.364384,16.7487,17.309,0.560342
20-Apr-2026,88.5799,0.364384,12.5186,13.2856,0.766999
20-Apr-2026,93.501,0.364384,8.67259,9.65228,0.979693
20-Apr-2026,98.4221,0.364384,5.37654,6.52432,1.14778
20-Apr-2026,103.343,0.364384,2.82803,4.00969,1.18166
20-Apr-2026,108.264,0.364384,1.19694,2.17591,0.978965
20-Apr-2026,113.185,0.364384,0.41566,1.00892,0.593255
20-Apr-2026,118.107,0.364384,0.129895,0.388901,0.259006
20-Apr-2026,78.7377,0.446575,21.6825,22.1386,0.456117
20-Apr-2026,83.6588,0.446575,17.2895,17.9364,0.646916
20-Apr-2026,88.5799,0.446575,13.1496,14.0221,0.87251
20-Apr-2026,93.501,0.446575,9.36919,10.4819,1.11266
20-Apr-2026,98.4221,0.446575,6.08375,7.40539,1.32164
20-Apr-2026,103.343,0.446575,3.45898,4.87261,1.41363
20-Apr-2026,108.264,0.446575,1.6558,2.9329,1.2771
20-Apr-2026,113.185,0.446575,0.674807,1.58282,0.908015
20-Apr-2026,118.107,0.446575,0.251672,0.751212,0.49954
20-Apr-2026,78.7377,0.528767,22.1827,22.699,0.516252
20-Apr-2026,83.6588,0.528767,17.876,18.5987,0.722745
20-Apr-2026,88.5799,0.528767,13.8163,14.785,0.96874
20-Apr-2026,93.501,0.528767,10.0925,11.329,1.23651
20-Apr-2026,98.4221,0.528767,6.8176,8.30094,1.48334
20-Apr-2026,103.343,0.528767,4.13181,5.76049,1.62868
20-Apr-2026,108.264,0.528767,2.18134,3.74362,1.56228
20-Apr-2026,113.185,0.528767,1.00788,2.25014,1.24226
20-Apr-2026,118.107,0.528767,0.430414,1.23512,0.804708
20-Apr-2026,78.7377,0.613699,22.6527,23.2117,0.559
20-Apr-2026,83.6588,0.613699,18.416,19.1956,0.779556
20-Apr-2026,88.5799,0.613699,14.4193,15.4628,1.04349
20-Apr-2026,93.501,0.613699,10.7398,12.0737,1.33388
20-Apr-2026,98.4221,0.613699,7.47493,9.08528,1.61035
20-Apr-2026,103.343,0.613699,4.74684,6.54422,1.79738
20-Apr-2026,108.264,0.613699,2.68714,4.4777,1.79056
20-Apr-2026,113.185,0.613699,1.35706,2.88598,1.52892
20-Apr-2026,118.107,0.613699,0.637115,1.73703,1.09992
20-Apr-2026,78.7377,0.69863,23.1651,23.7594,0.594269
20-Apr-2026,83.6588,0.69863,18.9961,19.8253,0.829163
20-Apr-2026,88.5799,0.69863,15.0592,16.17,1.11082
20-Apr-2026,93.501,0.69863,11.4218,12.8444,1.42262
20-Apr-2026,98.4221,0.69863,8.16885,9.89471,1.72586
20-Apr-2026,103.343,0.69863,5.40623,7.35724,1.95101
20-Apr-2026,108.264,0.69863,3.25063,5.25235,2.00172
20-Apr-2026,113.185,0.69863,1.77256,3.57984,1.80728
20-Apr-2026,118.107,0.69863,0.902981,2.31574,1.41276
20-Apr-2026,78.7377,0.778082,23.5877,24.2039,0.616156
20-Apr-2026,83.6588,0.778082,19.4694,20.3314,0.862039
20-Apr-2026,88.5799,0.778082,15.5769,16.7336,1.15674
20-Apr-2026,93.501,0.778082,11.9712,13.4548,1.48363
20-Apr-2026,98.4221,0.778082,8.72876,10.5343,1.8055
20-Apr-2026,103.343,0.778082,5.94448,8.00189,2.05741
20-Apr-2026,108.264,0.778082,3.72377,5.87379,2.15002
20-Apr-2026,113.185,0.778082,2.13922,4.14917,2.00995
20-Apr-2026,118.107,0.778082,1.15238,2.80821,1.65583
20-Apr-2026,78.7377,0.854795,24.0179,24.6507,0.632818
20-Apr-2026,83.6588,0.854795,19.9476,20.8365,0.888939
20-Apr-2026,88.5799,0.854795,16.0969,17.2924,1.19548
20-Apr-2026,93.501,0.854795,12.5214,14.0571,1.5357
20-Apr-2026,98.4221,0.854795,9.29039,11.1641,1.87376
20-Apr-2026,103.343,0.854795,6.48903,8.6383,2.14927
20-Apr-2026,108.264,0.854795,4.21237,6.4922,2.27983
20-Apr-2026,113.185,0.854795,2.53211,4.72446,2.19235
20-Apr-2026,118.107,0.854795,1.43266,3.31812,1.88546
21-Apr-2026,78.156,0.00821918,19.558,19.558,2.99871e-05
21-Apr-2026,83.0408,0.00821918,14.6744,14.6744,4.43492e-05
21-Apr-2026,87.9255,0.00821918,9.79084,9.79084,1.50719e-06
21-Apr-2026,92.8103,0.00821918,4.90759,4.90927,0.00168122
21-Apr-2026,97.695,0.00821918,0.587933,0.642069,0.054136
21-Apr-2026,102.58,0.00821918,4.48938e-05,2.01262e-05,2.47676e-05
21-Apr-2026,78.156,0.0246575,19.6275,19.6275,2.20866e-05
21-Apr-2026,83.0408,0.0246575,14.7483,14.7491,0.000848522
21-Apr-2026,87.9255,0.0246575,9.87175,9.88558,0.0138264
21-Apr-2026,92.8103,0.0246575,5.08924,5.17909,0.0898469
21-Apr-2026,97.695,0.0246575,1.30324,1.41652,0.113284
21-Apr-2026,102.58,0.0246575,0.0601038,0.0490887,0.0110151
21-Apr-2026,107.465,0.0246575,0.000124627,3.10487e-05,9.35783e-05
21-Apr-2026,112.349,0.0246575,8.88546e-09,2.30004e-09,6.58542e-09
21-Apr-2026,117.234,0.0246575,8.9727e-14,9.09921e-14,1.26512e-15
21-Apr-2026,78.156,0.0465753,19.6907,19.6923,0.00161892
21-Apr-2026,83.0408,0.0465753,14.8168,14.8288,0.0119605
21-Apr-2026,87.9255,0.0465753,9.96604,10.0256,0.0595692
21-Apr-2026,92.8103,0.0465753,5.33358,5.49611,0.162532
21-Apr-2026,97.695,0.0465753,1.73283,1.87773,0.144901
21-Apr-2026,102.58,0.0465753,0.199074,0.179153,0.0199208
21-Apr-2026,107.465,0.0465753,0.00392436,0.00165078,0.00227358
21-Apr-2026,112.349,0.0465753,1.19187e-05,4.23622e-06,7.68248e-06
21-Apr-2026,117.234,0.0465753,1.05482e-08,7.43242e-09,3.11578e-09
21-Apr-2026,78.156,0.0657534,19.7609,19.7708,0.00991448
21-Apr-2026,83.0408,0.0657534,14.899,14.939,0.0399941
21-Apr-2026,87.9255,0.0657534,10.0993,10.2174,0.118099
21-Apr-2026,92.8103,0.0657534,5.6133,5.83239,0.219089
21-Apr-2026,97.695,0.0657534,2.12174,2.29365,0.171915
21-Apr-2026,102.58,0.0657534,0.384581,0.367112,0.0174686
21-Apr-2026,107.465,0.0657534,0.0212243,0.0117017,0.00952257
21-Apr-2026,112.349,0.0657534,0.000342354,0.000144373,0.000197981
21-Apr-2026,117.234,0.0657534,2.48038e-06,1.36626e-06,1.11412e-06
21-Apr-2026,78.156,0.0849315,19.8201,19.8429,0.0227845
21-Apr-2026,83.0408,0.0849315,14.9744,15.0439,0.0695146
21-Apr-2026,87.9255,0.0849315,10.2249,10.3868,0.161884
21-Apr-2026,92.8103,0.0849315,5.83812,6.09127,0.253154
21-Apr-2026,97.695,0.0849315,2.40264,2.59393,0.191286
21-Apr-2026,102.58,0.0849315,0.544757,0.537797,0.00696015
21-Apr-2026,107.465,0.0849315,0.048376,0.0308881,0.0174879
21-Apr-2026,112.349,0.0849315,0.00165872,0.000774412,0.000884308
21-Apr-2026,117.234,0.0849315,3.08395e-05,1.55177e-05,1.53218e-05
21-Apr-2026,78.156,0.10411,19.8962,19.9401,0.0438895
21-Apr-2026,83.0408,0.10411,15.0768,15.1841,0.107347
21-Apr-2026,87.9255,0.10411,10.3911,10.5985,0.207355
21-Apr-2026,92.8103,0.10411,6.10439,6.38932,0.284935
21-Apr-2026,97.695,0.10411,2.71582,2.92931,0.213492
21-Apr-2026,102.58,0.10411,0.742992,0.75668,0.0136885
21-Apr-2026,107.465,0.10411,0.0966501,0.0708082,0.0258419
21-Apr-2026,112.349,0.10411,0.00599858,0.00312492,0.00287366
21-Apr-2026,117.234,0.10411,0.000232899,0.000112041,0.000120858
21-Apr-2026,78.156,0.191781,20.2528,20.3908,0.137986
21-Apr-2026,83.0408,0.191781,15.5696,15.7954,0.225761
21-Apr-2026,87.9255,0.191781,11.1088,11.4244,0.315598
21-Apr-2026,92.8103,0.191781,7.07912,7.43743,0.358313
21-Apr-2026,97.695,0.191781,3.77832,4.07614,0.297818
21-Apr-2026,102.58,0.191781,1.51933,1.65841,0.139082
21-Apr-2026,107.465,0.191781,0.408602,0.412526,0.00392417
21-Apr-2026,112.349,0.191781,0.0750056,0.05845,0.0165556
21-Apr-2026,117.234,0.191781,0.0109425,0.00610708,0.00483542
21-Apr-2026,78.156,0.276712,20.6674,20.8661,0.198743
21-Apr-2026,83.0408,0.276712,16.1158,16.3972,0.281355
21-Apr-2026,87.9255,0.276712,11.8156,12.1725,0.356906
21-Apr-2026,92.8103,0.276712,7.92683,8.32405,0.397223
21-Apr-2026,97.695,0.276712,4.65794,5.03267,0.37473
21-Apr-2026,102.58,0.276712,2.23918,2.51471,0.27553
21-Apr-2026,107.465,0.276712,0.819086,0.940084,0.120998
21-Apr-2026,112.349,0.276712,0.231661,0.240366,0.00870521
21-Apr-2026,117.234,0.276712,0.0563761,0.0436901,0.012686
21-Apr-2026,78.156,0.361644,21.1195,21.3437,0.224178
21-Apr-2026,83.0408,0.361644,16.6813,16.98,0.29874
21-Apr-2026,87.9255,0.361644,12.5009,12.8708,0.369888
21-Apr-2026,92.8103,0.361644,8.705,9.12819,0.423185
21-Apr-2026,97.695,0.361644,5.45289,5.8945,0.441612
21-Apr-2026,102.58,0.361644,2.9281,3.32709,0.398989
21-Apr-2026,107.465,0.361644,1.28289,1.55039,0.267504
21-Apr-2026,112.349,0.361644,0.462871,0.560224,0.0973529
21-Apr-2026,117.234,0.361644,0.148978,0.152857,0.00387893
21-Apr-2026,78.156,0.443836,21.5794,21.8039,0.224513
21-Apr-2026,83.0408,0.443836,17.2353,17.5296,0.294314
21-Apr-2026,87.9255,0.443836,13.1465,13.5149,0.368413
21-Apr-2026,92.8103,0.443836,9.41725,9.85701,0.43976
21-Apr-2026,97.695,0.443836,6.1769,6.67155,0.494652
21-Apr-2026,102.58,0.443836,3.57862,4.07888,0.500258
21-Apr-2026,107.465,0.443836,1.76616,2.17298,0.406816
21-Apr-2026,112.349,0.443836,0.745393,0.967626,0.222233
21-Apr-2026,117.234,0.443836,0.285842,0.348589,0.0627468
21-Apr-2026,78.156,0.526027,22.0922,22.2986,0.206404
21-Apr-2026,83.0408,0.526027,17.836,18.111,0.275019
21-Apr-2026,87.9255,0.526027,13.8287,14.1855,0.35682
21-Apr-2026,92.8103,0.526027,10.157,10.6059,0.448891
21-Apr-2026,97.695,0.526027,6.92828,7.46636,0.538076
21-Apr-2026,102.58,0.526027,4.27155,4.85984,0.588289
21-Apr-2026,107.465,0.526027,2.31701,2.8575,0.540487
21-Apr-2026,112.349,0.526027,1.10553,1.4772,0.371669
21-Apr-2026,117.234,0.526027,0.484977,0.654164,0.169187
21-Apr-2026,78.156,0.610959,22.5738,22.7519,0.178077
21-Apr-2026,83.0408,0.610959,18.389,18.6371,0.248141
21-Apr-2026,87.9255,0.610959,14.4458,14.7848,0.338977
21-Apr-2026,92.8103,0.610959,10.8191,11.2682,0.449126
21-Apr-2026,97.695,0.610959,7.60134,8.16657,0.565232
21-Apr-2026,102.58,0.610959,4.90437,5.55465,0.650278
21-Apr-2026,107.465,0.610959,2.84513,3.48863,0.643499
21-Apr-2026,112.349,0.610959,1.48039,1.98561,0.505216
21-Apr-2026,117.234,0.610959,0.713578,1.00451,0.290935
21-Apr-2026,78.156,0.69589,23.0988,23.2375,0.138683
21-Apr-2026,83.0408,0.69589,18.983,19.195,0.21202
21-Apr-2026,87.9255,0.69589,15.1007,15.4137,0.313024
21-Apr-2026,92.8103,0.69589,11.5169,11.9576,0.440727
21-Apr-2026,97.695,0.69589,8.31183,8.893,0.581168
21-Apr-2026,102.58,0.69589,5.58229,6.28017,0.697883
21-Apr-2026,107.465,0.69589,3.43165,4.16347,0.731821
21-Apr-2026,112.349,0.69589,1.92365,2.55775,0.634098
21-Apr-2026,117.234,0.69589,1.00561,1.43594,0.430333
21-Apr-2026,78.156,0.775342,23.5318,23.633,0.101171
21-Apr-2026,83.0408,0.775342,19.4677,19.6456,0.177877
21-Apr-2026,87.9255,0.775342,15.6305,15.9175,0.287026
21-Apr-2026,92.8103,0.775342,12.079,12.5063,0.427252
21-Apr-2026,97.695,0.775342,8.88507,9.46953,0.584462
21-Apr-2026,102.58,0.775342,6.13531,6.85852,0.723213
21-Apr-2026,107.465,0.775342,3.92293,4.71013,0.787196
21-Apr-2026,112.349,0.775342,2.31273,3.03717,0.72444
21-Apr-2026,117.234,0.775342,1.27783,1.81933,0.541502
21-Apr-2026,78.156,0.852055,23.9726,24.0319,0.0592939
21-Apr-2026,83.0408,0.852055,19.9573,20.097,0.139724
21-Apr-2026,87.9255,0.852055,16.1626,16.4191,0.256492
21-Apr-2026,92.8103,0.852055,12.6419,13.0497,0.407794
21-Apr-2026,97.695,0.852055,9.46,10.0394,0.579412
21-Apr-2026,102.58,0.852055,6.69449,7.43189,0.737396
21-Apr-2026,107.465,0.852055,4.4293,5.25802,0.82872
21-Apr-2026,112.349,0.852055,2.72786,3.52869,0.800829
21-Apr-2026,117.234,0.852055,1.58205,2.22795,0.645898
22-Apr-2026,78.063,0.00547945,19.5293,19.5293,1.63532e-06
22-Apr-2026,82.942,0.00547945,14.6512,14.6511,5.45017e-05
22-Apr-2026,87.8209,0.00547945,9.77307,9.77309,1.93445e-05
22-Apr-2026,92.6998,0.00547945,4.89499,4.89524,0.000249007
22-Apr-2026,97.5788,0.00547945,0.47902,0.522766,0.043746
22-Apr-2026,102.458,0.00547945,9.57193e-07,3.28057e-07,6.29136e-07
22-Apr-2026,107.337,0.00547945,7.61277e-16,3.76837e-14,3.69224e-14
22-Apr-2026,112.216,0.00547945,6.53015e-16,-2.72079e-15,3.37381e-15
22-Apr-2026,117.095,0.00547945,5.8852e-16,-2.89034e-15,3.47886e-15
22-Apr-2026,78.063,0.0219178,19.6035,19.6035,3.59816e-05
22-Apr-2026,82.942,0.0219178,14.73,14.7306,0.000572375
22-Apr-2026,87.8209,0.0219178,9.85841,9.86883,0.010424
22-Apr-2026,92.6998,0.0219178,5.06787,5.14647,0.0786004
22-Apr-2026,97.5788,0.0219178,1.25845,1.35964,0.101188
22-Apr-2026,102.458,0.0219178,0.0503746,0.0392925,0.0110821
22-Apr-2026,107.337,0.0219178,7.21992e-05,1.80022e-05,5.4197e-05
22-Apr-2026,112.216,0.0219178,2.71508e-09,9.71067e-10,1.74401e-09
22-Apr-2026,117.095,0.0219178,1.25467e-14,1.91175e-14,6.57081e-15
22-Apr-2026,78.063,0.0438356,19.6709,19.6722,0.00130092
22-Apr-2026,82.942,0.0438356,14.8028,14.8126,0.00978303
22-Apr-2026,87.8209,0.0438356,9.95488,10.007,0.0521129
22-Apr-2026,92.6998,0.0438356,5.31418,5.46174,0.147561
22-Apr-2026,97.5788,0.0438356,1.70258,1.82628,0.123705
22-Apr-2026,102.458,0.0438356,0.186637,0.158826,0.0278115
22-Apr-2026,107.337,0.0438356,0.0032902,0.00130837,0.00198183
22-Apr-2026,112.216,0.0438356,8.21335e-06,3.23696e-06,4.97639e-06
22-Apr-2026,117.095,0.0438356,5.59373e-09,5.62902e-09,3.52901e-11
22-Apr-2026,78.063,0.0630137,19.7457,19.7541,0.00843473
22-Apr-2026,82.942,0.0630137,14.8891,14.9243,0.0351781
22-Apr-2026,87.8209,0.0630137,10.091,10.1974,0.10639
22-Apr-2026,92.6998,0.0630137,5.59907,5.79619,0.197116
22-Apr-2026,97.5788,0.0630137,2.10164,2.23974,0.138101
22-Apr-2026,102.458,0.0630137,0.37359,0.33458,0.0390101
22-Apr-2026,107.337,0.0630137,0.0197284,0.0098483,0.0098801
22-Apr-2026,112.216,0.0630137,0.000293404,0.000122689,0.000170715
22-Apr-2026,117.095,0.0630137,1.89805e-06,1.21467e-06,6.83384e-07
22-Apr-2026,78.063,0.0821918,19.8085,19.8285,0.0199861
22-Apr-2026,82.942,0.0821918,14.9677,15.0299,0.0622176
22-Apr-2026,87.8209,0.0821918,10.2195,10.3655,0.146023
22-Apr-2026,92.6998,0.0821918,5.82861,6.05245,0.22384
22-Apr-2026,97.5788,0.0821918,2.38917,2.53523,0.14606
22-Apr-2026,102.458,0.0821918,0.536311,0.494693,0.0416184
22-Apr-2026,107.337,0.0821918,0.0465702,0.0262683,0.0203019
22-Apr-2026,112.216,0.0821918,0.0015266,0.000666796,0.000859804
22-Apr-2026,117.095,0.0821918,2.65635e-05,1.40954e-05,1.24681e-05
22-Apr-2026,78.063,0.10137,19.8889,19.9279,0.0390439
22-Apr-2026,82.942,0.10137,15.0742,15.1705,0.0963009
22-Apr-2026,87.8209,0.10137,10.3899,10.5751,0.18522
22-Apr-2026,92.6998,0.10137,6.10074,6.34605,0.245309
22-Apr-2026,97.5788,0.10137,2.70949,2.86313,0.153637
22-Apr-2026,102.458,0.10137,0.738441,0.700395,0.0380461
22-Apr-2026,107.337,0.10137,0.095187,0.0603524,0.0348346
22-Apr-2026,112.216,0.10137,0.0057735,0.00266958,0.00310392
22-Apr-2026,117.095,0.10137,0.000215861,0.000100855,0.000115006
22-Apr-2026,78.063,0.189041,20.2623,20.3827,0.120363
22-Apr-2026,82.942,0.189041,15.5843,15.7776,0.193288
22-Apr-2026,87.8209,0.189041,11.1267,11.3867,0.260009
22-Apr-2026,92.6998,0.189041,7.09831,7.36922,0.270906
22-Apr-2026,97.5788,0.189041,3.79669,3.97529,0.178602
22-Apr-2026,102.458,0.189041,1.5338,1.55244,0.0186442
22-Apr-2026,107.337,0.189041,0.415402,0.356151,0.0592507
22-Apr-2026,112.216,0.189041,0.0764848,0.0472648,0.02922
22-Apr-2026,117.095,0.189041,0.0111138,0.00497464,0.00613916
22-Apr-2026,78.063,0.273973,20.6938,20.8562,0.162394
22-Apr-2026,82.942,0.273973,16.1486,16.3696,0.221039
22-Apr-2026,87.8209,0.273973,11.8534,12.1163,0.262915
22-Apr-2026,92.6998,0.273973,7.96764,8.22966,0.262022
22-Apr-2026,97.5788,0.273973,4.69883,4.90021,0.201378
22-Apr-2026,102.458,0.273973,2.27448,2.36833,0.0938454
22-Apr-2026,107.337,0.273973,0.840833,0.830102,0.0107313
22-Apr-2026,112.216,0.273973,0.239925,0.19457,0.0453551
22-Apr-2026,117.095,0.273973,0.0585841,0.0334614,0.0251227
22-Apr-2026,78.063,0.358904,21.1632,21.3289,0.165685
22-Apr-2026,82.942,0.358904,16.7326,16.9408,0.208224
22-Apr-2026,87.8209,0.358904,12.5587,12.7962,0.237492
22-Apr-2026,92.6998,0.358904,8.76722,9.01028,0.243061
22-Apr-2026,97.5788,0.358904,5.51605,5.73511,0.219063
22-Apr-2026,102.458,0.358904,2.98523,3.14766,0.16243
22-Apr-2026,107.337,0.358904,1.32338,1.39401,0.0706273
22-Apr-2026,112.216,0.358904,0.482882,0.465999,0.0168828
22-Apr-2026,117.095,0.358904,0.156416,0.117005,0.0394105
22-Apr-2026,78.063,0.441096,21.6402,21.7833,0.143061
22-Apr-2026,82.942,0.441096,17.305,17.479,0.174029
22-Apr-2026,87.8209,0.441096,13.2239,13.424,0.200134
22-Apr-2026,92.6998,0.441096,9.50031,9.71938,0.219068
22-Apr-2026,97.5788,0.441096,6.26177,6.49006,0.228293
22-Apr-2026,102.458,0.441096,3.65763,3.87281,0.215182
22-Apr-2026,107.337,0.441096,1.82714,1.97932,0.152184
22-Apr-2026,112.216,0.441096,0.780818,0.826383,0.0455649
22-Apr-2026,117.095,0.441096,0.301893,0.274238,0.0276547
22-Apr-2026,78.063,0.523288,22.1718,22.2714,0.0995842
22-Apr-2026,82.942,0.523288,17.9259,18.049,0.123084
22-Apr-2026,87.8209,0.523288,13.9277,14.0791,0.151425
22-Apr-2026,92.6998,0.523288,10.2629,10.45,0.187122
22-Apr-2026,97.5788,0.523288,7.03689,7.26462,0.227729
22-Apr-2026,102.458,0.523288,4.37482,4.62957,0.25475
22-Apr-2026,107.337,0.523288,2.40189,2.63046,0.228569
22-Apr-2026,112.216,0.523288,1.16126,1.29062,0.129364
22-Apr-2026,117.095,0.523288,0.51439,0.532398,0.0180081
22-Apr-2026,78.063,0.608219,22.6711,22.7189,0.0477735
22-Apr-2026,82.942,0.608219,18.4978,18.5656,0.0678182
22-Apr-2026,87.8209,0.608219,14.5649,14.666,0.10106
22-Apr-2026,92.6998,0.608219,10.9462,11.098,0.151809
22-Apr-2026,97.5788,0.608219,7.73206,7.94895,0.216888
22-Apr-2026,102.458,0.608219,5.03043,5.30545,0.27502
22-Apr-2026,107.337,0.608219,2.95314,3.23582,0.282678
22-Apr-2026,112.216,0.608219,1.55746,1.76309,0.205627
22-Apr-2026,117.095,0.608219,0.758888,0.839975,0.0810872
22-Apr-2026,78.063,0.693151,23.2155,23.1988,0.0167211
22-Apr-2026,82.942,0.693151,19.1125,19.1145,0.00197281
22-Apr-2026,87.8209,0.693151,15.2416,15.2833,0.0417464
22-Apr-2026,92.6998,0.693151,11.667,11.7742,0.107193
22-Apr-2026,97.5788,0.693151,8.4666,8.66072,0.194124
22-Apr-2026,102.458,0.693151,5.73324,6.01352,0.280281
22-Apr-2026,107.337,0.693151,3.56537,3.88713,0.321756
22-Apr-2026,112.216,0.693151,2.02576,2.30214,0.276381
22-Apr-2026,117.095,0.693151,1.07151,1.2293,0.157787
22-Apr-2026,78.063,0.772603,23.6645,23.5901,0.0744225
22-Apr-2026,82.942,0.772603,19.6142,19.5585,0.0556674
22-Apr-2026,87.8209,0.772603,15.7895,15.7789,0.0105625
22-Apr-2026,92.6998,0.772603,12.2481,12.3135,0.065379
22-Apr-2026,97.5788,0.772603,9.05964,9.22688,0.16724
22-Apr-2026,102.458,0.772603,6.30683,6.57948,0.272651
22-Apr-2026,107.337,0.772603,4.07811,4.41718,0.339068
22-Apr-2026,112.216,0.772603,2.43652,2.75819,0.321665
22-Apr-2026,117.095,0.772603,1.36289,1.58185,0.218964
22-Apr-2026,78.063,0.849315,24.1216,23.9852,0.136392
22-Apr-2026,82.942,0.849315,20.1213,20.0042,0.117143
22-Apr-2026,87.8209,0.849315,16.3401,16.2732,0.066895
22-Apr-2026,92.6998,0.849315,12.8304,12.8486,0.0182389
22-Apr-2026,97.5788,0.849315,9.65471,9.78752,0.132813
22-Apr-2026,102.458,0.849315,6.88696,7.14178,0.25482
22-Apr-2026,107.337,0.849315,4.60648,4.95029,0.34381
22-Apr-2026,112.216,0.849315,2.87435,3.2289,0.354545
22-Apr-2026,117.095,0.849315,1.68825,1.96249,0.274244
23-Apr-2026,78.2758,0.00273973,19.5756,19.5755,6.50668e-05
23-Apr-2026,83.168,0.00273973,14.6838,14.6837,5.03867e-05
23-Apr-2026,88.0602,0.00273973,9.79193,9.79196,3.42935e-05
23-Apr-2026,92.9525,0.00273973,4.90011,4.90008,3.0491e-05
23-Apr-2026,97.8447,0.00273973,0.328896,0.375522,0.0466259
23-Apr-2026,102.737,0.00273973,3.56637e-08,2.04428e-10,3.54593e-08
23-Apr-2026,78.2758,0.0191781,19.6485,19.6485,9.16828e-06
23-Apr-2026,83.168,0.0191781,14.7613,14.7616,0.000325461
23-Apr-2026,88.0602,0.0191781,9.87495,9.88363,0.00867938
23-Apr-2026,92.9525,0.0191781,5.05053,5.13423,0.0837005
23-Apr-2026,97.8447,0.0191781,1.17892,1.32715,0.148232
23-Apr-2026,102.737,0.0191781,0.0338288,0.0356947,0.00186593
23-Apr-2026,107.629,0.0191781,1.955e-05,1.24775e-05,7.0725e-06
23-Apr-2026,112.521,0.0191781,1.85842e-10,4.02247e-10,2.16405e-10
23-Apr-2026,78.2758,0.0410959,19.7148,19.7158,0.000988108
23-Apr-2026,83.168,0.0410959,14.8324,14.8413,0.00893304
23-Apr-2026,88.0602,0.0410959,9.96531,10.0182,0.0529029
23-Apr-2026,92.9525,0.0410959,5.28278,5.45333,0.170546
23-Apr-2026,97.8447,0.0410959,1.62524,1.81139,0.186148
23-Apr-2026,102.737,0.0410959,0.151964,0.15694,0.00497565
23-Apr-2026,107.629,0.0410959,0.00181103,0.0012554,0.000555633
23-Apr-2026,112.521,0.0410959,2.59156e-06,2.79357e-06,2.0201e-07
23-Apr-2026,117.414,0.0410959,9.78209e-10,4.18545e-09,3.20724e-09
23-Apr-2026,78.2758,0.060274,19.7881,19.796,0.0079018
23-Apr-2026,83.168,0.060274,14.9156,14.9509,0.0353133
23-Apr-2026,88.0602,0.060274,10.0932,10.2078,0.114586
23-Apr-2026,92.9525,0.060274,5.55815,5.79252,0.234375
23-Apr-2026,97.8447,0.060274,2.02245,2.23328,0.210833
23-Apr-2026,102.737,0.060274,0.324602,0.335039,0.0104367
23-Apr-2026,107.629,0.060274,0.0135823,0.0099565,0.0036258
23-Apr-2026,112.521,0.060274,0.000147422,0.000121618,2.58041e-05
23-Apr-2026,117.414,0.060274,6.91046e-07,1.15408e-06,4.63036e-07
23-Apr-2026,78.2758,0.0794521,19.8493,19.8691,0.0197576
23-Apr-2026,83.168,0.0794521,14.9909,15.0554,0.0645478
23-Apr-2026,88.0602,0.0794521,10.2155,10.3761,0.160636
23-Apr-2026,92.9525,0.0794521,5.78191,6.0515,0.269589
23-Apr-2026,97.8447,0.0794521,2.30767,2.53195,0.224281
23-Apr-2026,102.737,0.0794521,0.478278,0.495888,0.0176102
23-Apr-2026,107.629,0.0794521,0.0349232,0.0267069,0.00821632
23-Apr-2026,112.521,0.0794521,0.000911838,0.000679895,0.000231943
23-Apr-2026,117.414,0.0794521,1.26344e-05,1.41989e-05,1.56447e-06
23-Apr-2026,78.2758,0.0986301,19.9274,19.9672,0.0397783
23-Apr-2026,83.168,0.0986301,15.0928,15.1952,0.102355
23-Apr-2026,88.0602,0.0986301,10.3788,10.5861,0.207331
23-Apr-2026,92.9525,0.0986301,6.04829,6.34701,0.298725
23-Apr-2026,97.8447,0.0986301,2.62497,2.86122,0.236249
23-Apr-2026,102.737,0.0986301,0.67141,0.701118,0.0297076
23-Apr-2026,107.629,0.0986301,0.0758866,0.0611216,0.014765
23-Apr-2026,112.521,0.0986301,0.00389218,0.00273994,0.00115224
23-Apr-2026,117.414,0.0986301,0.000123443,0.000103993,1.94502e-05
23-Apr-2026,78.2758,0.186301,20.2884,20.4178,0.12943
23-Apr-2026,83.168,0.186301,15.5848,15.7993,0.214454
23-Apr-2026,88.0602,0.186301,11.0946,11.396,0.301392
23-Apr-2026,92.9525,0.186301,7.02983,7.3681,0.338266
23-Apr-2026,97.8447,0.186301,3.70128,3.96726,0.26598
23-Apr-2026,102.737,0.186301,1.44304,1.54333,0.100294
23-Apr-2026,107.629,0.186301,0.366133,0.352492,0.0136411
23-Apr-2026,112.521,0.186301,0.0623256,0.0470558,0.0152698
23-Apr-2026,117.414,0.186301,0.00841538,0.00503407,0.00338131
23-Apr-2026,78.2758,0.271233,20.7074,20.8869,0.179465
23-Apr-2026,83.168,0.271233,16.1345,16.3862,0.251732
23-Apr-2026,88.0602,0.271233,11.8073,12.1193,0.31197
23-Apr-2026,92.9525,0.271233,7.88886,8.22006,0.3312
23-Apr-2026,97.8447,0.271233,4.59569,4.88105,0.285359
23-Apr-2026,102.737,0.271233,2.17046,2.34613,0.175674
23-Apr-2026,107.629,0.271233,0.769236,0.814633,0.0453975
23-Apr-2026,112.521,0.271233,0.208735,0.189344,0.0193913
23-Apr-2026,117.414,0.271233,0.0486702,0.0326536,0.0160166
23-Apr-2026,78.2758,0.356164,21.1656,21.3539,0.188347
23-Apr-2026,83.168,0.356164,16.707,16.9507,0.243679
23-Apr-2026,88.0602,0.356164,12.5024,12.7909,0.288525
23-Apr-2026,92.9525,0.356164,8.68113,8.99081,0.309677
23-Apr-2026,97.8447,0.356164,5.40768,5.70458,0.296896
23-Apr-2026,102.737,0.356164,2.87327,3.11274,0.239468
23-Apr-2026,107.629,0.356164,1.2361,1.36492,0.128822
23-Apr-2026,112.521,0.356164,0.435005,0.450261,0.0152564
23-Apr-2026,117.414,0.356164,0.136287,0.111928,0.0243588
23-Apr-2026,78.2758,0.438356,21.6332,21.8022,0.168984
23-Apr-2026,83.168,0.438356,17.2703,17.4816,0.211337
23-Apr-2026,88.0602,0.438356,13.1602,13.4103,0.250133
23-Apr-2026,92.9525,0.438356,9.40918,9.69039,0.281212
23-Apr-2026,97.8447,0.438356,6.15021,6.44913,0.298916
23-Apr-2026,102.737,0.438356,3.54117,3.82649,0.28532
23-Apr-2026,107.629,0.438356,1.72948,1.93745,0.207965
23-Apr-2026,112.521,0.438356,0.718891,0.798016,0.0791253
23-Apr-2026,117.414,0.438356,0.27079,0.260834,0.00995561
23-Apr-2026,78.2758,0.520548,22.1561,22.2833,0.127184
23-Apr-2026,83.168,0.520548,17.8833,18.0435,0.160231
23-Apr-2026,88.0602,0.520548,13.8579,14.0564,0.198493
23-Apr-2026,92.9525,0.520548,10.168,10.4112,0.243229
23-Apr-2026,97.8447,0.520548,6.92352,7.21325,0.289731
23-Apr-2026,102.737,0.520548,4.25595,4.57195,0.316001
23-Apr-2026,107.629,0.520548,2.297,2.57575,0.278746
23-Apr-2026,112.521,0.520548,1.08711,1.2482,0.161092
23-Apr-2026,117.414,0.520548,0.471614,0.506781,0.0351672
23-Apr-2026,78.2758,0.605479,22.6487,22.7242,0.0754852
23-Apr-2026,83.168,0.605479,18.4495,18.5528,0.103287
23-Apr-2026,88.0602,0.605479,14.4909,14.6352,0.144284
23-Apr-2026,92.9525,0.605479,10.8492,11.0507,0.201491
23-Apr-2026,97.8447,0.605479,7.61824,7.88865,0.270412
23-Apr-2026,102.737,0.605479,4.91097,5.23824,0.327274
23-Apr-2026,107.629,0.605479,2.84436,3.17022,0.325861
23-Apr-2026,112.521,0.605479,1.47482,1.70823,0.23341
23-Apr-2026,117.414,0.605479,0.706352,0.801859,0.0955067
23-Apr-2026,78.2758,0.690411,23.187,23.197,0.0100123
23-Apr-2026,83.168,0.690411,19.0592,19.0939,0.0346683
23-Apr-2026,88.0602,0.690411,15.1645,15.2443,0.0797596
23-Apr-2026,92.9525,0.690411,11.569,11.7182,0.149202
23-Apr-2026,97.8447,0.690411,8.35332,8.59144,0.238115
23-Apr-2026,102.737,0.690411,5.61444,5.93672,0.32228
23-Apr-2026,107.629,0.690411,3.45462,3.8107,0.356079
23-Apr-2026,112.521,0.690411,1.93671,2.23473,0.298022
23-Apr-2026,117.414,0.690411,1.01006,1.17759,0.167531
23-Apr-2026,78.2758,0.769863,23.6319,23.5826,0.0493161
23-Apr-2026,83.168,0.769863,19.5579,19.5317,0.0261683
23-Apr-2026,88.0602,0.769863,15.7107,15.7333,0.022616
23-Apr-2026,92.9525,0.769863,12.1499,12.2507,0.100838
23-Apr-2026,97.8447,0.769863,8.94745,9.15063,0.203184
23-Apr-2026,102.737,0.769863,6.18935,6.4953,0.305945
23-Apr-2026,107.629,0.769863,3.96708,4.33247,0.365394
23-Apr-2026,112.521,0.769863,2.34404,2.68116,0.337125
23-Apr-2026,117.414,0.769863,1.29557,1.51935,0.223784
23-Apr-2026,78.2758,0.846575,24.0856,23.972,0.113605
23-Apr-2026,83.168,0.846575,20.0625,19.9712,0.0912651
23-Apr-2026,88.0602,0.846575,16.2603,16.2212,0.039112
23-Apr-2026,92.9525,0.846575,12.7326,12.7793,0.046735
23-Apr-2026,97.8447,0.846575,9.54413,9.70454,0.160409
23-Apr-2026,102.737,0.846575,6.7714,7.05047,0.279071
23-Apr-2026,107.629,0.846575,4.49612,4.85765,0.361534
23-Apr-2026,112.521,0.846575,2.77984,3.14269,0.362854
23-Apr-2026,117.414,0.846575,1.61632,1.88951,0.273194
24-Apr-2026,77.4424,0.0164384,19.4339,19.4339,2.33617e-05
24-Apr-2026,82.2825,0.0164384,14.5983,14.5986,0.000280674
24-Apr-2026,87.1227,0.0164384,9.76331,9.7703,0.00699247
24-Apr-2026,91.9628,0.0164384,4.97928,5.06324,0.0839554
24-Apr-2026,96.803,0.0164384,1.12119,1.30195,0.180763
24-Apr-2026,101.643,0.0164384,0.0268007,0.0344517,0.00765102
24-Apr-2026,106.483,0.0164384,9.49763e-06,2.49564e-06,7.00199e-06
24-Apr-2026,111.323,0.0164384,3.81626e-11,1.94536e-12,3.62172e-11
24-Apr-2026,77.4424,0.0383562,19.5004,19.5013,0.000866517
24-Apr-2026,82.2825,0.0383562,14.6695,14.6777,0.00817716
24-Apr-2026,87.1227,0.0383562,9.85193,9.90425,0.0523196
24-Apr-2026,91.9628,0.0383562,5.20786,5.39297,0.185106
24-Apr-2026,96.803,0.0383562,1.57839,1.81341,0.23502
24-Apr-2026,101.643,0.0383562,0.140456,0.165468,0.0250117
24-Apr-2026,106.483,0.0383562,0.00148823,0.000666679,0.000821551
24-Apr-2026,111.323,0.0383562,1.7181e-06,2.32335e-07,1.48577e-06
24-Apr-2026,116.164,0.0383562,4.82763e-10,3.51819e-11,4.47581e-10
24-Apr-2026,77.4424,0.0575342,19.574,19.5813,0.00731962
24-Apr-2026,82.2825,0.0575342,14.7525,14.7873,0.0347544
24-Apr-2026,87.1227,0.0575342,9.97807,10.0971,0.119063
24-Apr-2026,91.9628,0.0575342,5.48296,5.74401,0.261045
24-Apr-2026,96.803,0.0575342,1.98055,2.25244,0.271886
24-Apr-2026,101.643,0.0575342,0.31213,0.356574,0.0444442
24-Apr-2026,106.483,0.0575342,0.0125541,0.00718277,0.00537133
24-Apr-2026,111.323,0.0575342,0.000125975,2.57222e-05,0.000100253
24-Apr-2026,116.164,0.0575342,5.26213e-07,5.15099e-08,4.74703e-07
24-Apr-2026,77.4424,0.0767123,19.6353,19.6544,0.019082
24-Apr-2026,82.2825,0.0767123,14.8275,14.8927,0.0651972
24-Apr-2026,87.1227,0.0767123,10.0994,10.2694,0.169992
24-Apr-2026,91.9628,0.0767123,5.70707,6.01118,0.304111
24-Apr-2026,96.803,0.0767123,2.26801,2.56048,0.292469
24-Apr-2026,101.643,0.0767123,0.465986,0.526518,0.0605324
24-Apr-2026,106.483,0.0767123,0.0334286,0.0217769,0.0116517
24-Apr-2026,111.323,0.0767123,0.000838516,0.00021057,0.000627946
24-Apr-2026,116.164,0.0767123,1.09024e-05,1.24206e-06,9.66034e-06
24-Apr-2026,77.4424,0.0958904,19.7134,19.7529,0.0394785
24-Apr-2026,82.2825,0.0958904,14.929,15.0343,0.105305
24-Apr-2026,87.1227,0.0958904,10.2622,10.4845,0.222285
24-Apr-2026,91.9628,0.0958904,5.97398,6.31499,0.341015
24-Apr-2026,96.803,0.0958904,2.58704,2.89759,0.310549
24-Apr-2026,101.643,0.0958904,0.659697,0.740445,0.0807485
24-Apr-2026,106.483,0.0958904,0.0741437,0.0545261,0.0196176
24-Apr-2026,111.323,0.0958904,0.00373256,0.00113999,0.00259257
24-Apr-2026,116.164,0.0958904,0.000114403,1.51439e-05,9.92591e-05
24-Apr-2026,77.4424,0.183562,20.0744,20.2081,0.13371
24-Apr-2026,82.2825,0.183562,15.4204,15.6486,0.228249
24-Apr-2026,87.1227,0.183562,10.9777,11.3113,0.333551
24-Apr-2026,91.9628,0.183562,6.95697,7.35454,0.397569
24-Apr-2026,96.803,0.183562,3.66628,4.01375,0.347468
24-Apr-2026,101.643,0.183562,1.43395,1.59853,0.164576
24-Apr-2026,106.483,0.183562,0.366007,0.355625,0.0103819
24-Apr-2026,111.323,0.183562,0.0624998,0.0348212,0.0276786
24-Apr-2026,116.164,0.183562,0.00841444,0.00196672,0.00644772
24-Apr-2026,77.4424,0.268493,20.4937,20.6828,0.189092
24-Apr-2026,82.2825,0.268493,15.9703,16.2438,0.273511
24-Apr-2026,87.1227,0.268493,11.6907,12.0431,0.352394
24-Apr-2026,91.9628,0.268493,7.8166,8.21055,0.393953
24-Apr-2026,96.803,0.268493,4.56164,4.92417,0.362531
24-Apr-2026,101.643,0.268493,2.16329,2.40285,0.239556
24-Apr-2026,106.483,0.268493,0.772208,0.834125,0.0619173
24-Apr-2026,111.323,0.268493,0.210901,0.173062,0.0378392
24-Apr-2026,116.164,0.268493,0.049305,0.0207291,0.0285759
24-Apr-2026,77.4424,0.353425,20.9525,21.1544,0.201875
24-Apr-2026,82.2825,0.353425,16.5432,16.8131,0.269894
24-Apr-2026,87.1227,0.353425,12.3862,12.7177,0.331472
24-Apr-2026,91.9628,0.353425,8.60914,8.97944,0.370303
24-Apr-2026,96.803,0.353425,5.37406,5.74105,0.366986
24-Apr-2026,101.643,0.353425,2.8675,3.16644,0.298938
24-Apr-2026,106.483,0.353425,1.24228,1.39542,0.153135
24-Apr-2026,111.323,0.353425,0.440356,0.441807,0.00145095
24-Apr-2026,116.164,0.353425,0.138576,0.0919863,0.0465897
24-Apr-2026,77.4424,0.435616,21.4207,21.6056,0.184862
24-Apr-2026,82.2825,0.435616,17.1069,17.3463,0.239402
24-Apr-2026,87.1227,0.435616,13.0442,13.337,0.292785
24-Apr-2026,91.9628,0.435616,9.33729,9.67512,0.337828
24-Apr-2026,96.803,0.435616,6.11678,6.47868,0.361895
24-Apr-2026,101.643,0.435616,3.53643,3.87586,0.339428
24-Apr-2026,106.483,0.435616,1.73855,1.97382,0.235267
24-Apr-2026,111.323,0.435616,0.727967,0.800601,0.0726338
24-Apr-2026,116.164,0.435616,0.275645,0.240591,0.0350544
24-Apr-2026,77.4424,0.517808,21.9442,22.0886,0.144384
24-Apr-2026,82.2825,0.517808,17.7204,17.9089,0.18853
24-Apr-2026,87.1227,0.517808,13.7421,13.9813,0.239247
24-Apr-2026,91.9628,0.517808,10.0962,10.391,0.294815
24-Apr-2026,96.803,0.517808,6.89017,7.23564,0.345472
24-Apr-2026,101.643,0.517808,4.25205,4.6162,0.364153
24-Apr-2026,106.483,0.517808,2.30885,2.61503,0.306178
24-Apr-2026,111.323,0.517808,1.10052,1.26141,0.160889
24-Apr-2026,116.164,0.517808,0.480158,0.493017,0.0128587
24-Apr-2026,77.4424,0.60274,22.4372,22.5304,0.0932337
24-Apr-2026,82.2825,0.60274,18.2869,18.4179,0.131037
24-Apr-2026,87.1227,0.60274,14.3753,14.5579,0.182591
24-Apr-2026,91.9628,0.60274,10.7773,11.0259,0.248554
24-Apr-2026,96.803,0.60274,7.58487,7.90493,0.320063
24-Apr-2026,101.643,0.60274,4.90765,5.27776,0.370113
24-Apr-2026,106.483,0.60274,2.85843,3.21021,0.351777
24-Apr-2026,111.323,0.60274,1.49223,1.72888,0.236651
24-Apr-2026,116.164,0.60274,0.718943,0.796493,0.0775503
24-Apr-2026,77.4424,0.687671,22.976,23.0037,0.0276979
24-Apr-2026,82.2825,0.687671,18.897,18.9582,0.061182
24-Apr-2026,87.1227,0.687671,15.049,15.1642,0.115234
24-Apr-2026,91.9628,0.687671,11.4969,11.6885,0.191642
24-Apr-2026,96.803,0.687671,8.31986,8.60165,0.281792
24-Apr-2026,101.643,0.687671,5.6116,5.97128,0.359677
24-Apr-2026,106.483,0.687671,3.47075,3.85012,0.379375
24-Apr-2026,111.323,0.687671,1.95824,2.26104,0.302802
24-Apr-2026,116.164,0.687671,1.02747,1.18119,0.153719
24-Apr-2026,77.4424,0.767123,23.4213,23.3893,0.031981
24-Apr-2026,82.2825,0.767123,19.3958,19.3951,0.000704903
24-Apr-2026,87.1227,0.767123,15.5952,15.651,0.0557587
24-Apr-2026,91.9628,0.767123,12.0778,12.2173,0.139503
24-Apr-2026,96.803,0.767123,8.91387,9.15624,0.242375
24-Apr-2026,101.643,0.767123,6.18679,6.52593,0.339141
24-Apr-2026,106.483,0.767123,3.98465,4.37078,0.386129
24-Apr-2026,111.323,0.767123,2.36873,2.71063,0.341897
24-Apr-2026,116.164,0.767123,1.3171,1.5294,0.2123
24-Apr-2026,77.4424,0.843836,23.8753,23.7786,0.0967215
24-Apr-2026,82.2825,0.843836,19.9006,19.8335,0.0671199
24-Apr-2026,87.1227,0.843836,16.1448,16.1364,0.00835482
24-Apr-2026,91.9628,0.843836,12.6603,12.7422,0.0819383
24-Apr-2026,96.803,0.843836,9.51037,9.70577,0.195397
24-Apr-2026,101.643,0.843836,6.76904,7.07727,0.308231
24-Apr-2026,106.483,0.843836,4.51495,4.89442,0.37947
24-Apr-2026,111.323,0.843836,2.80747,3.17429,0.366815
24-Apr-2026,116.164,0.843836,1.64206,1.90507,0.26301
27-Apr-2026,77.3734,0.00821918,19.363,19.3629,8.27977e-05
27-Apr-2026,82.2092,0.00821918,14.5284,14.5283,5.6732e-05
27-Apr-2026,87.0451,0.00821918,9.69374,9.69367,7.00178e-05
27-Apr-2026,91.8809,0.00821918,4.85945,4.86246,0.00301005
27-Apr-2026,96.7167,0.00821918,0.583834,0.690922,0.107088
27-Apr-2026,101.553,0.00821918,4.65273e-05,0.000133424,8.68967e-05
27-Apr-2026,106.388,0.00821918,1.28097e-15,-7.6289e-15,8.90987e-15
27-Apr-2026,111.224,0.00821918,6.78643e-16,-2.04063e-15,2.71927e-15
27-Apr-2026,116.06,0.00821918,6.76467e-16,-2.02908e-15,2.70555e-15
27-Apr-2026,77.3734,0.030137,19.4479,19.448,0.000107088
27-Apr-2026,82.2092,0.030137,14.6187,14.6212,0.00250032
27-Apr-2026,87.0451,0.030137,9.79449,9.82206,0.0275731
27-Apr-2026,91.8809,0.030137,5.09024,5.23642,0.146177
27-Apr-2026,96.7167,0.030137,1.39038,1.61777,0.22739
27-Apr-2026,101.553,0.030137,0.0845282,0.11206,0.0275315
27-Apr-2026,106.388,0.030137,0.000354583,0.000177216,0.000177367
27-Apr-2026,111.224,0.030137,8.1362e-08,8.63277e-09,7.27292e-08
27-Apr-2026,116.06,0.030137,2.67565e-12,1.10835e-13,2.56482e-12
27-Apr-2026,77.3734,0.0493151,19.5067,19.5091,0.0024171
27-Apr-2026,82.2092,0.0493151,14.6829,14.6997,0.016783
27-Apr-2026,87.0451,0.0493151,9.88519,9.96542,0.0802293
27-Apr-2026,91.8809,0.0493151,5.31478,5.54005,0.225269
27-Apr-2026,96.7167,0.0493151,1.7627,2.03121,0.268508
27-Apr-2026,101.553,0.0493151,0.216685,0.267346,0.050661
27-Apr-2026,106.388,0.0493151,0.00499838,0.00306407,0.00193431
27-Apr-2026,111.224,0.0493151,1.9411e-05,3.46306e-06,1.59479e-05
27-Apr-2026,116.06,0.0493151,2.31077e-08,1.60322e-09,2.15045e-08
27-Apr-2026,77.3734,0.0684932,19.5795,19.5919,0.0123645
27-Apr-2026,82.2092,0.0684932,14.7685,14.8182,0.0497258
27-Apr-2026,87.0451,0.0684932,10.0233,10.1709,0.147612
27-Apr-2026,91.8809,0.0684932,5.59565,5.8871,0.291448
27-Apr-2026,96.7167,0.0684932,2.146,2.44707,0.301065
27-Apr-2026,101.553,0.0684932,0.405062,0.480152,0.07509
27-Apr-2026,106.388,0.0684932,0.0243925,0.0172536,0.0071389
27-Apr-2026,111.224,0.0684932,0.000447851,0.000110594,0.000337257
27-Apr-2026,116.06,0.0684932,3.77304e-06,3.6012e-07,3.41292e-06
27-Apr-2026,77.3734,0.0876712,19.6409,19.6676,0.0267303
27-Apr-2026,82.2092,0.0876712,14.8467,14.9291,0.0824244
27-Apr-2026,87.0451,0.0876712,10.152,10.3478,0.195805
27-Apr-2026,91.8809,0.0876712,5.82088,6.14962,0.328744
27-Apr-2026,96.7167,0.0876712,2.42438,2.74338,0.319002
27-Apr-2026,101.553,0.0876712,0.56684,0.659922,0.0930819
27-Apr-2026,106.388,0.0876712,0.0536182,0.0412908,0.0123274
27-Apr-2026,111.224,0.0876712,0.0020116,0.000595927,0.00141567
27-Apr-2026,116.06,0.0876712,4.14101e-05,4.7133e-06,3.66968e-05
27-Apr-2026,77.3734,0.175342,20.0057,20.1307,0.124994
27-Apr-2026,82.2092,0.175342,15.3463,15.5662,0.219897
27-Apr-2026,87.0451,0.175342,10.8974,11.2268,0.329409
27-Apr-2026,91.8809,0.175342,6.87583,7.27665,0.400818
27-Apr-2026,96.7167,0.175342,3.59831,3.95549,0.357178
27-Apr-2026,101.553,0.175342,1.39376,1.56839,0.174625
27-Apr-2026,106.388,0.175342,0.350426,0.346476,0.00394966
27-Apr-2026,111.224,0.175342,0.0579801,0.0326864,0.0252937
27-Apr-2026,116.06,0.175342,0.00740813,0.00167081,0.00573732
27-Apr-2026,77.3734,0.260274,20.4193,20.6021,0.182765
27-Apr-2026,82.2092,0.260274,15.894,16.1623,0.268317
27-Apr-2026,87.0451,0.260274,11.615,11.9646,0.349624
27-Apr-2026,91.8809,0.260274,7.74719,8.14136,0.394168
27-Apr-2026,96.7167,0.260274,4.50738,4.87162,0.364239
27-Apr-2026,101.553,0.260274,2.13073,2.37114,0.240406
27-Apr-2026,106.388,0.260274,0.757708,0.820714,0.0630061
27-Apr-2026,111.224,0.260274,0.205075,0.168577,0.0364978
27-Apr-2026,116.06,0.260274,0.0470823,0.0194768,0.0276055
27-Apr-2026,77.3734,0.345205,20.8749,21.0708,0.195855
27-Apr-2026,82.2092,0.345205,16.4665,16.7305,0.263989
27-Apr-2026,87.0451,0.345205,12.3134,12.6395,0.326074
27-Apr-2026,91.8809,0.345205,8.54522,8.91041,0.365185
27-Apr-2026,96.7167,0.345205,5.32479,5.68641,0.361623
27-Apr-2026,101.553,0.345205,2.83651,3.12942,0.292909
27-Apr-2026,106.388,0.345205,1.22695,1.37579,0.148844
27-Apr-2026,111.224,0.345205,0.433519,0.433522,3.10233e-06
27-Apr-2026,116.06,0.345205,0.135417,0.0889834,0.0464336
27-Apr-2026,77.3734,0.427397,21.3408,21.5184,0.177648
27-Apr-2026,82.2092,0.427397,17.0297,17.2608,0.231125
27-Apr-2026,87.0451,0.427397,12.9724,13.2562,0.283767
27-Apr-2026,91.8809,0.427397,9.27482,9.60294,0.328123
27-Apr-2026,96.7167,0.427397,6.0677,6.41949,0.351794
27-Apr-2026,101.553,0.427397,3.50316,3.83257,0.329406
27-Apr-2026,106.388,0.427397,1.71982,1.94738,0.227565
27-Apr-2026,111.224,0.427397,0.718805,0.787188,0.0683829
27-Apr-2026,116.06,0.427397,0.271216,0.234884,0.0363325
27-Apr-2026,77.3734,0.509589,21.8392,21.9764,0.137214
27-Apr-2026,82.2092,0.509589,17.6153,17.7953,0.179997
27-Apr-2026,87.0451,0.509589,13.6395,13.869,0.229482
27-Apr-2026,91.8809,0.509589,10.0001,10.2839,0.283803
27-Apr-2026,96.7167,0.509589,6.80524,7.13885,0.333613
27-Apr-2026,101.553,0.509589,4.18294,4.53466,0.351716
27-Apr-2026,106.388,0.509589,2.25898,2.55347,0.29449
27-Apr-2026,111.224,0.509589,1.0696,1.22069,0.151089
27-Apr-2026,116.06,0.509589,0.463211,0.470609,0.00739832
27-Apr-2026,77.3734,0.594521,22.3524,22.4343,0.0818731
27-Apr-2026,82.2092,0.594521,18.2058,18.3236,0.1178
27-Apr-2026,87.0451,0.594521,14.2999,14.468,0.168119
27-Apr-2026,91.8809,0.594521,10.7099,10.9437,0.233829
27-Apr-2026,96.7167,0.594521,7.52763,7.83411,0.306477
27-Apr-2026,101.553,0.594521,4.86226,5.22082,0.358556
27-Apr-2026,106.388,0.594521,2.82587,3.16916,0.343287
27-Apr-2026,111.224,0.594521,1.47186,1.7024,0.230538
27-Apr-2026,116.06,0.594521,0.707707,0.781654,0.0739469
27-Apr-2026,77.3734,0.679452,22.8652,22.8827,0.0174719
27-Apr-2026,82.2092,0.679452,18.7868,18.8362,0.0493999
27-Apr-2026,87.0451,0.679452,14.9413,15.0439,0.102607
27-Apr-2026,91.8809,0.679452,11.3943,11.5734,0.179075
27-Apr-2026,96.7167,0.679452,8.22503,8.49585,0.270824
27-Apr-2026,101.553,0.679452,5.5281,5.87874,0.350639
27-Apr-2026,106.388,0.679452,3.40266,3.77499,0.372332
27-Apr-2026,111.224,0.679452,1.90881,2.20472,0.295906
27-Apr-2026,116.06,0.679452,0.995913,1.14332,0.147412
27-Apr-2026,77.3734,0.758904,23.3299,23.2837,0.0461704
27-Apr-2026,82.2092,0.758904,19.3075,19.2912,0.0162834
27-Apr-2026,87.0451,0.758904,15.5113,15.5513,0.0399832
27-Apr-2026,91.8809,0.758904,11.9995,12.1248,0.125297
27-Apr-2026,96.7167,0.758904,8.84276,9.07407,0.231311
27-Apr-2026,101.553,0.758904,6.12454,6.45645,0.331907
27-Apr-2026,106.388,0.758904,3.93349,4.31633,0.382836
27-Apr-2026,111.224,0.758904,2.33079,2.67094,0.340147
27-Apr-2026,116.06,0.758904,1.29231,1.50318,0.210869
27-Apr-2026,77.3734,0.835616,23.7801,23.6686,0.111478
27-Apr-2026,82.2092,0.835616,19.808,19.7252,0.082832
27-Apr-2026,87.0451,0.835616,16.0556,16.0322,0.0233791
27-Apr-2026,91.8809,0.835616,12.5757,12.645,0.0692618
27-Apr-2026,96.7167,0.835616,9.43169,9.61847,0.186777
27-Apr-2026,101.553,0.835616,6.698,7.00222,0.304215
27-Apr-2026,106.388,0.835616,4.45415,4.83402,0.379866
27-Apr-2026,111.224,0.835616,2.75986,3.12855,0.368692
27-Apr-2026,116.06,0.835616,1.60886,1.87323,0.264369
28-Apr-2026,77.3617,0.00547945,19.3534,19.3535,9.90222e-05
28-Apr-2026,82.1968,0.00547945,14.5191,14.5192,0.00011146
28-Apr-2026,87.0319,0.00547945,9.68484,9.68492,8.38988e-05
28-Apr-2026,91.8671,0.00547945,4.85057,4.85086,0.000293358
28-Apr-2026,96.7022,0.00547945,0.48856,0.549969,0.0614085
28-Apr-2026,101.537,0.00547945,2.07179e-06,2.22798e-06,1.56187e-07
28-Apr-2026,106.372,0.00547945,2.46364e-15,-6.7745e-15,9.23814e-15
28-Apr-2026,111.207,0.00547945,2.44724e-15,2.92346e-15,4.7622e-16
28-Apr-2026,116.043,0.00547945,2.48052e-15,3.01841e-15,5.37893e-16
28-Apr-2026,77.3617,0.0273973,19.4379,19.438,0.00010727
28-Apr-2026,82.1968,0.0273973,14.6089,14.6105,0.00160602
28-Apr-2026,87.0319,0.0273973,9.78452,9.80399,0.0194734
28-Apr-2026,91.8671,0.0273973,5.07759,5.18688,0.109295
28-Apr-2026,96.7022,0.0273973,1.38153,1.53373,0.152201
28-Apr-2026,101.537,0.0273973,0.0850068,0.0854532,0.000446443
28-Apr-2026,106.372,0.0273973,0.000378483,6.80647e-05,0.000310418
28-Apr-2026,111.207,0.0273973,8.58626e-08,1.41788e-09,8.44447e-08
28-Apr-2026,116.043,0.0273973,2.33037e-12,9.49785e-15,2.32087e-12
28-Apr-2026,77.3617,0.0465753,19.4963,19.4981,0.00178747
28-Apr-2026,82.1968,0.0465753,14.6727,14.6854,0.0127171
28-Apr-2026,87.0319,0.0465753,9.8756,9.93864,0.0630414
28-Apr-2026,91.8671,0.0465753,5.31006,5.48427,0.174206
28-Apr-2026,96.7022,0.0465753,1.77215,1.95193,0.179778
28-Apr-2026,101.537,0.0465753,0.226665,0.227732,0.00106653
28-Apr-2026,106.372,0.0465753,0.00583383,0.00183915,0.00399468
28-Apr-2026,111.207,0.0465753,2.52397e-05,1.39464e-06,2.38451e-05
28-Apr-2026,116.043,0.0465753,3.08849e-08,4.44114e-10,3.04408e-08
28-Apr-2026,77.3617,0.0657534,19.5687,19.5786,0.00988797
28-Apr-2026,82.1968,0.0657534,14.7584,14.7989,0.0405117
28-Apr-2026,87.0319,0.0657534,10.0166,10.1368,0.120195
28-Apr-2026,91.8671,0.0657534,5.60113,5.82811,0.226975
28-Apr-2026,96.7022,0.0657534,2.17071,2.37059,0.199879
28-Apr-2026,101.537,0.0657534,0.4278,0.431288,0.00348756
28-Apr-2026,106.372,0.0657534,0.0286077,0.0125884,0.0160193
28-Apr-2026,111.207,0.0657534,0.00059071,6.43627e-05,0.000526347
28-Apr-2026,116.043,0.0657534,5.35515e-06,1.72333e-07,5.18282e-06
28-Apr-2026,77.3617,0.0849315,19.6299,19.6522,0.0222608
28-Apr-2026,82.1968,0.0849315,14.8374,14.9061,0.0687291
28-Apr-2026,87.0319,0.0849315,10.1489,10.3097,0.160795
28-Apr-2026,91.8671,0.0849315,5.83403,6.0895,0.25547
28-Apr-2026,96.7022,0.0849315,2.45881,2.6686,0.209791
28-Apr-2026,101.537,0.0849315,0.599415,0.606626,0.00721063
28-Apr-2026,106.372,0.0849315,0.0623716,0.0326274,0.0297442
28-Apr-2026,111.207,0.0849315,0.00261099,0.000399382,0.00221161
28-Apr-2026,116.043,0.0849315,5.81129e-05,2.76614e-06,5.53468e-05
28-Apr-2026,77.3617,0.172603,19.9984,20.1062,0.107788
28-Apr-2026,82.1968,0.172603,15.3477,15.5329,0.185167
28-Apr-2026,87.0319,0.172603,10.9157,11.1816,0.265875
28-Apr-2026,91.8671,0.172603,6.91925,7.21837,0.299121
28-Apr-2026,96.7022,0.172603,3.66688,3.88935,0.222473
28-Apr-2026,101.537,0.172603,1.46612,1.51056,0.0444431
28-Apr-2026,106.372,0.172603,0.392047,0.317946,0.0741012
28-Apr-2026,111.207,0.172603,0.0697028,0.0279601,0.0417427
28-Apr-2026,116.043,0.172603,0.00944616,0.00136101,0.00808515
28-Apr-2026,77.3617,0.257534,20.4197,20.574,0.154266
28-Apr-2026,82.1968,0.257534,15.9086,16.1269,0.21834
28-Apr-2026,87.0319,0.257534,11.6511,11.9206,0.269537
28-Apr-2026,91.8671,0.257534,7.81119,8.08878,0.277586
28-Apr-2026,96.7022,0.257534,4.59799,4.81409,0.216098
28-Apr-2026,101.537,0.257534,2.22991,2.318,0.0880886
28-Apr-2026,106.372,0.257534,0.830442,0.784668,0.0457743
28-Apr-2026,111.207,0.257534,0.237378,0.155272,0.0821063
28-Apr-2026,116.043,0.257534,0.0570606,0.0172686,0.039792
28-Apr-2026,77.3617,0.342466,20.8846,21.0419,0.157282
28-Apr-2026,82.1968,0.342466,16.4939,16.6961,0.202161
28-Apr-2026,87.0319,0.342466,12.3652,12.5989,0.233736
28-Apr-2026,91.8671,0.342466,8.62601,8.86405,0.238036
28-Apr-2026,96.7022,0.342466,5.43307,5.63681,0.203738
28-Apr-2026,101.537,0.342466,2.95686,3.08248,0.125616
28-Apr-2026,106.372,0.342466,1.32698,1.33909,0.0121092
28-Apr-2026,111.207,0.342466,0.490274,0.41364,0.0766343
28-Apr-2026,116.043,0.342466,0.159171,0.0827003,0.0764707
28-Apr-2026,77.3617,0.424658,21.3598,21.4902,0.130353
28-Apr-2026,82.1968,0.424658,17.0688,17.2284,0.159625
28-Apr-2026,87.0319,0.424658,13.0375,13.2195,0.181962
28-Apr-2026,91.8671,0.424658,9.36969,9.56224,0.192551
28-Apr-2026,96.7022,0.424658,6.19061,6.37665,0.186039
28-Apr-2026,101.537,0.424658,3.64067,3.79157,0.150902
28-Apr-2026,106.372,0.424658,1.84284,1.91287,0.0700272
28-Apr-2026,111.207,0.424658,0.800117,0.764483,0.0356342
28-Apr-2026,116.043,0.424658,0.312391,0.224401,0.0879896
28-Apr-2026,77.3617,0.506849,21.8678,21.9493,0.0815288
28-Apr-2026,82.1968,0.506849,17.6658,17.7653,0.0995447
28-Apr-2026,87.0319,0.506849,13.7171,13.8361,0.119048
28-Apr-2026,91.8671,0.506849,10.1079,10.2484,0.140543
28-Apr-2026,96.7022,0.506849,6.94149,7.1021,0.160606
28-Apr-2026,101.537,0.506849,4.33581,4.49937,0.163561
28-Apr-2026,106.372,0.506849,2.40279,2.52239,0.119596
28-Apr-2026,111.207,0.506849,1.17576,1.19775,0.0219939
28-Apr-2026,116.043,0.506849,0.525219,0.457244,0.0679746
28-Apr-2026,77.3617,0.591781,22.3904,22.4086,0.0182368
28-Apr-2026,82.1968,0.591781,18.2672,18.2961,0.0289235
28-Apr-2026,87.0319,0.591781,14.3892,14.4388,0.0495871
28-Apr-2026,91.8671,0.591781,10.8297,10.9129,0.0832291
28-Apr-2026,96.7022,0.591781,7.67599,7.80269,0.126701
28-Apr-2026,101.537,0.591781,5.02883,5.19075,0.161917
28-Apr-2026,106.372,0.591781,2.98811,3.14194,0.153832
28-Apr-2026,111.207,0.591781,1.60172,1.68087,0.0791545
28-Apr-2026,116.043,0.591781,0.792388,0.767184,0.0252037
28-Apr-2026,77.3617,0.676712,22.9121,22.8585,0.0536019
28-Apr-2026,82.1968,0.676712,18.8581,18.811,0.0470682
28-Apr-2026,87.0319,0.676712,15.0412,15.0179,0.0233148
28-Apr-2026,91.8671,0.676712,11.5248,11.5466,0.0218218
28-Apr-2026,96.7022,0.676712,8.38427,8.46905,0.0847783
28-Apr-2026,101.537,0.676712,5.70682,5.8533,0.146485
28-Apr-2026,106.372,0.676712,3.58103,3.75163,0.170599
28-Apr-2026,111.207,0.676712,2.06031,2.18546,0.125146
28-Apr-2026,116.043,0.676712,1.10358,1.12917,0.0255854
28-Apr-2026,77.3617,0.756164,23.3845,23.2608,0.12367
28-Apr-2026,82.1968,0.756164,19.3874,19.268,0.119424
28-Apr-2026,87.0319,0.756164,15.6201,15.5279,0.0922282
28-Apr-2026,91.8671,0.756164,12.139,12.1013,0.0377168
28-Apr-2026,96.7022,0.756164,9.01107,9.05095,0.0398782
28-Apr-2026,101.537,0.756164,6.31327,6.43479,0.121519
28-Apr-2026,106.372,0.756164,4.12493,4.29632,0.171393
28-Apr-2026,111.207,0.756164,2.50022,2.65409,0.153865
28-Apr-2026,116.043,0.756164,1.42053,1.49011,0.0695832
28-Apr-2026,77.3617,0.832877,23.842,23.6469,0.19511
28-Apr-2026,82.1968,0.832877,19.8957,19.7036,0.19205
28-Apr-2026,87.0319,0.832877,16.1725,16.0111,0.161398
28-Apr-2026,91.8671,0.832877,12.7234,12.6243,0.0991356
28-Apr-2026,96.7022,0.832877,9.60822,9.59854,0.00967817
28-Apr-2026,101.537,0.832877,6.89571,6.98388,0.088175
28-Apr-2026,106.372,0.832877,4.65713,4.81711,0.159978
28-Apr-2026,111.207,0.832877,2.94523,3.11417,0.168941
28-Apr-2026,116.043,0.832877,1.75637,1.86169,0.105321
29-Apr-2026,77.303,0.00273973,19.3322,19.3322,1.87646e-05
29-Apr-2026,86.9658,0.00273973,9.67016,9.67019,3.13835e-05
29-Apr-2026,91.7973,0.00273973,4.83913,4.8391,3.29405e-05
29-Apr-2026,96.6287,0.00273973,0.347227,0.378495,0.0312675
29-Apr-2026,101.46,0.00273973,9.65143e-09,-1.46356e-09,1.1115e-08
29-Apr-2026,77.303,0.0246575,19.4164,19.4164,1.70118e-05
29-Apr-2026,82.1344,0.0246575,14.5907,14.5915,0.000837835
29-Apr-2026,86.9658,0.0246575,9.76855,9.78178,0.0132275
29-Apr-2026,91.7973,0.0246575,5.05393,5.13677,0.0828359
29-Apr-2026,96.6287,0.0246575,1.34615,1.44949,0.103338
29-Apr-2026,101.46,0.0246575,0.0767244,0.0634929,0.0132315
29-Apr-2026,106.292,0.0246575,0.000285952,2.55449e-05,0.000260407
29-Apr-2026,111.123,0.0246575,4.60328e-08,2.43788e-10,4.5789e-08
29-Apr-2026,115.954,0.0246575,7.47926e-13,1.11154e-15,7.46814e-13
29-Apr-2026,77.303,0.0438356,19.4747,19.4758,0.00109142
29-Apr-2026,82.1344,0.0438356,14.6541,14.6633,0.00923894
29-Apr-2026,86.9658,0.0438356,9.85806,9.90748,0.0494244
29-Apr-2026,91.7973,0.0438356,5.28842,5.42636,0.137942
29-Apr-2026,96.6287,0.0438356,1.75062,1.87202,0.121401
29-Apr-2026,101.46,0.0438356,0.21998,0.192256,0.0277243
29-Apr-2026,106.292,0.0438356,0.00548546,0.00112494,0.00436052
29-Apr-2026,111.123,0.0438356,2.19313e-05,6.2299e-07,2.13083e-05
29-Apr-2026,115.954,0.0438356,2.31337e-08,1.50231e-10,2.29835e-08
29-Apr-2026,77.303,0.0630137,19.5468,19.5543,0.0075449
29-Apr-2026,82.1344,0.0630137,14.7392,14.7718,0.0326182
29-Apr-2026,86.9658,0.0630137,9.99879,10.0975,0.098701
29-Apr-2026,91.7973,0.0630137,5.58425,5.76559,0.181337
29-Apr-2026,96.6287,0.0630137,2.1599,2.29244,0.132541
29-Apr-2026,101.46,0.0630137,0.426138,0.385531,0.0406075
29-Apr-2026,106.292,0.0630137,0.0287453,0.00935218,0.0193931
29-Apr-2026,111.123,0.0630137,0.000590529,4.09156e-05,0.000549613
29-Apr-2026,115.954,0.0630137,5.14628e-06,9.76286e-08,5.04865e-06
29-Apr-2026,77.303,0.0821918,19.6078,19.6258,0.0179997
29-Apr-2026,82.1344,0.0821918,14.818,14.8751,0.0570943
29-Apr-2026,86.9658,0.0821918,10.132,10.2656,0.133617
29-Apr-2026,91.7973,0.0821918,5.82124,6.02479,0.203554
29-Apr-2026,96.6287,0.0821918,2.45467,2.59116,0.136495
29-Apr-2026,101.46,0.0821918,0.60247,0.555443,0.0470266
29-Apr-2026,106.292,0.0821918,0.0638913,0.026125,0.0377663
29-Apr-2026,111.123,0.0821918,0.00271306,0.000287848,0.00242521
29-Apr-2026,115.954,0.0821918,5.98558e-05,1.87218e-06,5.79836e-05
29-Apr-2026,77.303,0.169863,19.9769,20.0695,0.0926134
29-Apr-2026,82.1344,0.169863,15.332,15.4887,0.156681
29-Apr-2026,86.9658,0.169863,10.9088,11.126,0.217222
29-Apr-2026,91.7973,0.169863,6.92529,7.15034,0.225046
29-Apr-2026,96.6287,0.169863,3.68717,3.8152,0.128033
29-Apr-2026,101.46,0.169863,1.49297,1.44912,0.0438512
29-Apr-2026,106.292,0.169863,0.409532,0.291301,0.118231
29-Apr-2026,111.123,0.169863,0.0749684,0.0244335,0.0505349
29-Apr-2026,115.954,0.169863,0.0103731,0.00118219,0.00919091
29-Apr-2026,77.303,0.254795,20.4021,20.5315,0.129372
29-Apr-2026,82.1344,0.254795,15.9003,16.0775,0.177195
29-Apr-2026,86.9658,0.254795,11.6559,11.8623,0.206414
29-Apr-2026,91.7973,0.254795,7.83268,8.02194,0.189257
29-Apr-2026,96.6287,0.254795,4.63653,4.74376,0.107233
29-Apr-2026,101.46,0.254795,2.27734,2.25596,0.0213764
29-Apr-2026,106.292,0.254795,0.868209,0.746325,0.121884
29-Apr-2026,111.123,0.254795,0.255193,0.143201,0.111992
29-Apr-2026,115.954,0.254795,0.0627196,0.0157017,0.0470179
29-Apr-2026,77.303,0.339726,20.8728,20.9962,0.123379
29-Apr-2026,82.1344,0.339726,16.4944,16.6444,0.150013
29-Apr-2026,86.9658,0.339726,12.3819,12.5404,0.158458
29-Apr-2026,91.7973,0.339726,8.66213,8.79938,0.137255
29-Apr-2026,96.6287,0.339726,5.48859,5.57009,0.081499
29-Apr-2026,101.46,0.339726,3.02381,3.02182,0.0019943
29-Apr-2026,106.292,0.339726,1.38629,1.29518,0.0911127
29-Apr-2026,111.123,0.339726,0.525776,0.392488,0.133288
29-Apr-2026,115.954,0.339726,0.174496,0.0771796,0.0973164
29-Apr-2026,77.303,0.421918,21.3548,21.4427,0.0878982
29-Apr-2026,82.1344,0.421918,17.0786,17.1759,0.097341
29-Apr-2026,86.9658,0.421918,13.066,13.1615,0.0954567
29-Apr-2026,91.7973,0.421918,9.4198,9.49971,0.0799073
29-Apr-2026,96.6287,0.421918,6.26213,6.31289,0.050764
29-Apr-2026,101.46,0.421918,3.72598,3.73261,0.00662583
29-Apr-2026,106.292,0.421918,1.92331,1.86647,0.0568358
29-Apr-2026,111.123,0.421918,0.855903,0.736705,0.119198
29-Apr-2026,115.954,0.421918,0.341558,0.213363,0.128195
29-Apr-2026,77.303,0.50411,21.8706,21.9008,0.0301883
29-Apr-2026,82.1344,0.50411,17.6858,17.7126,0.0267707
29-Apr-2026,86.9658,0.50411,13.7581,13.7789,0.0208481
29-Apr-2026,91.7973,0.50411,10.1725,10.1878,0.0153395
29-Apr-2026,96.6287,0.50411,7.02939,7.04084,0.0114544
29-Apr-2026,101.46,0.50411,4.43976,4.44208,0.00231559
29-Apr-2026,106.292,0.50411,2.50506,2.47487,0.0301884
29-Apr-2026,111.123,0.50411,1.25453,1.16533,0.0892044
29-Apr-2026,115.954,0.50411,0.572731,0.440529,0.132202
29-Apr-2026,77.303,0.589041,22.4019,22.3594,0.0425284
29-Apr-2026,82.1344,0.589041,18.298,18.2433,0.0547186
29-Apr-2026,86.9658,0.589041,14.443,14.3824,0.060635
29-Apr-2026,91.7973,0.589041,10.909,10.8539,0.0550676
29-Apr-2026,96.6287,0.589041,7.78031,7.74346,0.0368516
29-Apr-2026,101.46,0.589041,5.15129,5.13492,0.016369
29-Apr-2026,106.292,0.589041,3.11207,3.09401,0.0180579
29-Apr-2026,111.123,0.589041,1.70473,1.64535,0.0593779
29-Apr-2026,115.954,0.589041,0.861734,0.745672,0.116062
29-Apr-2026,77.303,0.673973,22.9327,22.8087,0.12401
29-Apr-2026,82.1344,0.673973,18.9,18.7582,0.141819
29-Apr-2026,86.9658,0.673973,15.1079,14.9621,0.145786
29-Apr-2026,91.7973,0.673973,11.6186,11.4889,0.1297
29-Apr-2026,96.6287,0.673973,8.50471,8.4114,0.0933128
29-Apr-2026,101.46,0.673973,5.84727,5.79869,0.0485772
29-Apr-2026,106.292,0.673973,3.726,3.70362,0.0223789
29-Apr-2026,111.123,0.673973,2.1876,2.14789,0.0397082
29-Apr-2026,115.954,0.673973,1.19685,1.10395,0.0929046
29-Apr-2026,77.303,0.753425,23.4137,23.2106,0.203099
29-Apr-2026,82.1344,0.753425,19.4395,19.2151,0.224388
29-Apr-2026,86.9658,0.753425,15.6985,15.4726,0.225927
29-Apr-2026,91.7973,0.753425,12.246,12.0445,0.201518
29-Apr-2026,96.6287,0.753425,9.14592,8.99444,0.151483
29-Apr-2026,101.46,0.753425,6.46969,6.38108,0.0886086
29-Apr-2026,106.292,0.753425,4.28842,4.24837,0.0400509
29-Apr-2026,111.123,0.753425,2.64927,2.61523,0.0340378
29-Apr-2026,115.954,0.753425,1.53664,1.46229,0.0743537
29-Apr-2026,77.303,0.830137,23.8797,23.5963,0.283418
29-Apr-2026,82.1344,0.830137,19.9579,19.6507,0.307152
29-Apr-2026,86.9658,0.830137,16.2624,15.9562,0.306238
29-Apr-2026,91.7973,0.830137,12.8431,12.5682,0.27492
29-Apr-2026,96.6287,0.830137,9.75689,9.54292,0.213968
29-Apr-2026,101.46,0.830137,7.06734,6.9309,0.136441
29-Apr-2026,106.292,0.830137,4.83813,4.76925,0.0688828
29-Apr-2026,111.123,0.830137,3.11501,3.07439,0.0406172
29-Apr-2026,115.954,0.830137,1.89518,1.83186,0.0633235
30-Apr-2026,77.2169,0.0219178,19.3877,19.3878,5.05462e-05
30-Apr-2026,82.043,0.0219178,14.5669,14.5674,0.000450733
30-Apr-2026,86.8691,0.0219178,9.74847,9.75793,0.00946268
30-Apr-2026,91.6951,0.0219178,5.02264,5.09303,0.0703944
30-Apr-2026,96.5212,0.0219178,1.29043,1.37999,0.0895617
30-Apr-2026,101.347,0.0219178,0.0629615,0.0492651,0.0136964
30-Apr-2026,106.173,0.0219178,0.00015814,1.10584e-05,0.000147082
30-Apr-2026,110.999,0.0219178,1.3053e-08,4.88893e-11,1.30041e-08
30-Apr-2026,77.2169,0.0410959,19.4454,19.4463,0.000860233
30-Apr-2026,82.043,0.0410959,14.6293,14.6366,0.00727816
30-Apr-2026,86.8691,0.0410959,9.8344,9.87667,0.0422659
30-Apr-2026,91.6951,0.0410959,5.25316,5.37829,0.125131
30-Apr-2026,96.5212,0.0410959,1.70398,1.81186,0.107876
30-Apr-2026,101.347,0.0410959,0.200438,0.169973,0.0304654
30-Apr-2026,106.173,0.0410959,0.00429098,0.000799656,0.00349132
30-Apr-2026,110.999,0.0410959,1.33604e-05,3.43679e-07,1.30167e-05
30-Apr-2026,115.825,0.0410959,1.0268e-08,6.38419e-11,1.02042e-08
30-Apr-2026,77.2169,0.060274,19.5167,19.523,0.00632878
30-Apr-2026,82.043,0.060274,14.7126,14.7412,0.0286044
30-Apr-2026,86.8691,0.060274,9.9713,10.0612,0.0899201
30-Apr-2026,91.6951,0.060274,5.54774,5.71692,0.169184
30-Apr-2026,96.5212,0.060274,2.11844,2.23873,0.120294
30-Apr-2026,101.347,0.060274,0.403695,0.359166,0.0445292
30-Apr-2026,106.173,0.060274,0.0252848,0.00790382,0.017381
30-Apr-2026,110.999,0.060274,0.000461835,3.14997e-05,0.000430335
30-Apr-2026,115.825,0.060274,3.47601e-06,6.88268e-08,3.40718e-06
30-Apr-2026,77.2169,0.0794521,19.5768,19.5928,0.0159536
30-Apr-2026,82.043,0.0794521,14.7898,14.8418,0.0519548
30-Apr-2026,86.8691,0.0794521,10.1022,10.2268,0.124634
30-Apr-2026,91.6951,0.0794521,5.78452,5.97694,0.19242
30-Apr-2026,96.5212,0.0794521,2.41566,2.5415,0.12584
30-Apr-2026,101.347,0.0794521,0.578925,0.528195,0.0507299
30-Apr-2026,106.173,0.0794521,0.0584869,0.0234552,0.0350317
30-Apr-2026,110.999,0.0794521,0.0023039,0.000247418,0.00205648
30-Apr-2026,115.825,0.0794521,4.63312e-05,1.55487e-06,4.47763e-05
30-Apr-2026,77.2169,0.0986301,19.6546,19.6867,0.0320808
30-Apr-2026,82.043,0.0986301,14.8957,14.9773,0.0816238
30-Apr-2026,86.8691,0.0986301,10.2763,10.435,0.158733
30-Apr-2026,91.6951,0.0986301,6.06456,6.27479,0.210232
30-Apr-2026,96.5212,0.0986301,2.74595,2.87522,0.129272
30-Apr-2026,101.347,0.0986301,0.795067,0.741873,0.0531937
30-Apr-2026,106.173,0.0986301,0.117042,0.0580149,0.0590271
30-Apr-2026,110.999,0.0986301,0.00833958,0.00131663,0.00702295
30-Apr-2026,115.825,0.0986301,0.000355681,1.85168e-05,0.000337164
30-Apr-2026,77.2169,0.167123,19.9408,20.0301,0.0893315
30-Apr-2026,82.043,0.167123,15.2971,15.4496,0.152466
30-Apr-2026,86.8691,0.167123,10.8734,11.0865,0.213085
30-Apr-2026,91.6951,0.167123,6.8891,7.11185,0.222754
30-Apr-2026,96.5212,0.167123,3.6535,3.78237,0.128871
30-Apr-2026,101.347,0.167123,1.4683,1.42938,0.0389241
30-Apr-2026,106.173,0.167123,0.397566,0.286389,0.111177
30-Apr-2026,110.999,0.167123,0.0714425,0.0243508,0.0470917
30-Apr-2026,115.825,0.167123,0.00966897,0.00121706,0.00845191
30-Apr-2026,77.2169,0.252055,20.3621,20.491,0.128913
30-Apr-2026,82.043,0.252055,15.8618,16.04,0.178182
30-Apr-2026,86.8691,0.252055,11.6187,11.8286,0.209905
30-Apr-2026,91.6951,0.252055,7.79718,7.99412,0.196943
30-Apr-2026,96.5212,0.252055,4.60507,4.72452,0.119446
30-Apr-2026,101.347,0.252055,2.2534,2.24758,0.00582005
30-Apr-2026,106.173,0.252055,0.854059,0.747003,0.107056
30-Apr-2026,110.999,0.252055,0.249032,0.145803,0.103229
30-Apr-2026,115.825,0.252055,0.0606237,0.0165856,0.0440381
30-Apr-2026,77.2169,0.336986,20.83,20.9573,0.12731
30-Apr-2026,82.043,0.336986,16.454,16.611,0.157043
30-Apr-2026,86.8691,0.336986,12.3439,12.5139,0.169993
30-Apr-2026,91.6951,0.336986,8.62745,8.78174,0.15429
30-Apr-2026,96.5212,0.336986,5.45891,5.5626,0.103689
30-Apr-2026,101.347,0.336986,3.00123,3.02443,0.023201
30-Apr-2026,106.173,0.336986,1.37195,1.30441,0.0675397
30-Apr-2026,110.999,0.336986,0.518349,0.401322,0.117027
30-Apr-2026,115.825,0.336986,0.171227,0.0813949,0.0898321
30-Apr-2026,77.2169,0.419178,21.3101,21.4066,0.0964848
30-Apr-2026,82.043,0.419178,17.037,17.1474,0.110404
30-Apr-2026,86.8691,0.419178,13.0279,13.142,0.114128
30-Apr-2026,91.6951,0.419178,9.3861,9.49096,0.104859
30-Apr-2026,96.5212,0.419178,6.23416,6.31527,0.0811127
30-Apr-2026,101.347,0.419178,3.7051,3.7449,0.0397963
30-Apr-2026,106.173,0.419178,1.90987,1.88452,0.0253538
30-Apr-2026,110.999,0.419178,0.848464,0.753451,0.0950131
30-Apr-2026,115.825,0.419178,0.337832,0.223607,0.114225
30-Apr-2026,77.2169,0.50137,21.8246,21.868,0.0434456
30-Apr-2026,82.043,0.50137,17.6436,17.6892,0.0455586
30-Apr-2026,86.8691,0.50137,13.7203,13.7664,0.0460544
30-Apr-2026,91.6951,0.50137,10.14,10.1873,0.0472746
30-Apr-2026,96.5212,0.50137,7.00332,7.05213,0.0488065
30-Apr-2026,101.347,0.50137,4.42094,4.46334,0.0423992
30-Apr-2026,106.173,0.50137,2.4933,2.50172,0.00842451
30-Apr-2026,110.999,0.50137,1.24809,1.19085,0.0572426
30-Apr-2026,115.825,0.50137,0.569387,0.458888,0.110499
30-Apr-2026,77.2169,0.586301,22.3551,22.3302,0.0249347
30-Apr-2026,82.043,0.586301,18.2557,18.2248,0.030854
30-Apr-2026,86.8691,0.586301,14.4059,14.3761,0.0298283
30-Apr-2026,91.6951,0.586301,10.8779,10.8607,0.0172269
30-Apr-2026,96.5212,0.586301,7.7563,7.76262,0.00631656
30-Apr-2026,101.347,0.586301,5.13478,5.16428,0.029496
30-Apr-2026,106.173,0.586301,3.10251,3.12916,0.0266508
30-Apr-2026,110.999,0.586301,1.70011,1.67961,0.0204954
30-Apr-2026,115.825,0.586301,0.859647,0.772994,0.0866533
30-Apr-2026,77.2169,0.671233,22.8854,22.7829,0.102489
30-Apr-2026,82.043,0.671233,18.8579,18.7443,0.113555
30-Apr-2026,86.8691,0.671233,15.0717,14.9615,0.110245
30-Apr-2026,91.6951,0.671233,11.5892,11.502,0.087154
30-Apr-2026,96.5212,0.671233,8.48286,8.43743,0.045427
30-Apr-2026,101.347,0.671233,5.83323,5.83521,0.00198091
30-Apr-2026,106.173,0.671233,3.71894,3.74631,0.0273703
30-Apr-2026,110.999,0.671233,2.18535,2.19036,0.00500631
30-Apr-2026,115.825,0.671233,1.19676,1.14016,0.0566041
30-Apr-2026,77.2169,0.750685,23.3664,23.1878,0.178617
30-Apr-2026,82.043,0.750685,19.3979,19.2051,0.192771
30-Apr-2026,86.8691,0.750685,15.6634,15.4765,0.186869
30-Apr-2026,91.6951,0.750685,12.2182,12.0628,0.155387
30-Apr-2026,96.5212,0.750685,9.12613,9.02603,0.100099
30-Apr-2026,101.347,0.750685,6.45797,6.42344,0.034525
30-Apr-2026,106.173,0.750685,4.28382,4.29731,0.013494
30-Apr-2026,110.999,0.750685,2.64951,2.66463,0.0151179
30-Apr-2026,115.825,0.750685,1.53887,1.50624,0.032632
30-Apr-2026,77.2169,0.827397,23.8326,23.5762,0.256414
30-Apr-2026,82.043,0.827397,19.917,19.6442,0.27277
30-Apr-2026,86.8691,0.827397,16.2285,15.9642,0.264288
30-Apr-2026,91.6951,0.827397,12.817,12.5911,0.225934
30-Apr-2026,96.5212,0.827397,9.73916,9.5794,0.159762
30-Apr-2026,101.347,0.827397,7.05795,6.97843,0.0795175
30-Apr-2026,106.173,0.827397,4.83602,4.82378,0.0122351
30-Apr-2026,110.999,0.827397,3.11786,3.13006,0.0121956
30-Apr-2026,115.825,0.827397,1.90003,1.88293,0.0171005
30-Apr-2026,77.2169,0.917808,24.3527,24.0058,0.346918
30-Apr-2026,82.043,0.917808,20.4921,20.1269,0.365175
30-Apr-2026,86.8691,0.917808,16.8515,16.4972,0.354327
30-Apr-2026,91.6951,0.917808,13.4753,13.1657,0.309559
30-Apr-2026,96.5212,0.917808,10.4139,10.1803,0.233615
30-Apr-2026,101.347,0.917808,7.72266,7.58278,0.139884
30-Apr-2026,106.173,0.917808,5.45696,5.40291,0.0540513
30-Apr-2026,110.999,0.917808,3.65871,3.65291,0.0057953
30-Apr-2026,115.825,0.917808,2.33358,2.32188,0.011701
04-May-2026,76.6617,0.0109589,19.1909,19.1909,1.07156e-05
04-May-2026,81.4531,0.0109589,14.4012,14.4011,0.000117619
04-May-2026,86.2444,0.0109589,9.61139,9.61139,1.74021e-06
04-May-2026,91.0358,0.0109589,4.82444,4.83208,0.00763888
04-May-2026,95.8271,0.0109589,0.718768,0.796781,0.0780135
04-May-2026,100.619,0.0109589,0.000970356,0.0010095,3.91473e-05
04-May-2026,105.41,0.0109589,1.15507e-10,9.22765e-13,1.14584e-10
04-May-2026,76.6617,0.030137,19.261,19.261,1.69373e-05
04-May-2026,81.4531,0.030137,14.4757,14.4773,0.00156121
04-May-2026,86.2444,0.030137,9.69642,9.71638,0.0199647
04-May-2026,91.0358,0.030137,5.05028,5.15436,0.10408
04-May-2026,95.8271,0.030137,1.42563,1.56186,0.13623
04-May-2026,100.619,0.030137,0.105231,0.104976,0.000254511
04-May-2026,105.41,0.030137,0.000770164,0.000167119,0.000603045
04-May-2026,110.201,0.030137,3.61831e-07,6.53503e-09,3.55296e-07
04-May-2026,114.993,0.030137,1.99778e-11,5.56846e-14,1.99221e-11
04-May-2026,76.6617,0.0493151,19.3183,19.3201,0.00179527
04-May-2026,81.4531,0.0493151,14.5389,14.5519,0.0130052
04-May-2026,86.2444,0.0493151,9.79144,9.85364,0.0622032
04-May-2026,91.0358,0.0493151,5.29594,5.45801,0.162069
04-May-2026,95.8271,0.0493151,1.82828,1.98637,0.158094
04-May-2026,100.619,0.0493151,0.26633,0.263988,0.00234218
04-May-2026,105.41,0.0493151,0.00947868,0.00334512,0.00613356
04-May-2026,110.201,0.0493151,6.50066e-05,3.91033e-06,6.10963e-05
04-May-2026,114.993,0.0493151,1.24183e-07,1.66613e-09,1.22517e-07
04-May-2026,76.6617,0.0684932,19.3896,19.3998,0.0101686
04-May-2026,81.4531,0.0684932,14.6255,14.666,0.0404875
04-May-2026,86.2444,0.0684932,9.93988,10.0553,0.115387
04-May-2026,91.0358,0.0684932,5.60028,5.80736,0.207083
04-May-2026,95.8271,0.0684932,2.2391,2.41059,0.171488
04-May-2026,100.619,0.0684932,0.488168,0.482743,0.00542519
04-May-2026,105.41,0.0684932,0.0412137,0.0193556,0.0218581
04-May-2026,110.201,0.0684932,0.00117386,0.00013835,0.00103551
04-May-2026,114.993,0.0684932,1.44862e-05,4.66489e-07,1.40197e-05
04-May-2026,76.6617,0.0876712,19.4506,19.473,0.022394
04-May-2026,81.4531,0.0876712,14.7067,14.7741,0.0673725
04-May-2026,86.2444,0.0876712,10.0789,10.2308,0.151881
04-May-2026,91.0358,0.0876712,5.84243,6.07222,0.22979
04-May-2026,95.8271,0.0876712,2.53609,2.71198,0.175888
04-May-2026,100.619,0.0876712,0.674591,0.667041,0.00755004
04-May-2026,105.41,0.0876712,0.0850634,0.0462198,0.0388436
04-May-2026,110.201,0.0876712,0.00461814,0.000758947,0.00385919
04-May-2026,114.993,0.0876712,0.000131677,6.4603e-06,0.000125217
04-May-2026,76.6617,0.156164,19.7259,19.8112,0.0852512
04-May-2026,81.4531,0.156164,15.0967,15.2507,0.154013
04-May-2026,86.2444,0.156164,10.6818,10.9091,0.227316
04-May-2026,91.0358,0.156164,6.71169,6.96378,0.252092
04-May-2026,95.8271,0.156164,3.51189,3.67756,0.16567
04-May-2026,100.619,0.156164,1.38532,1.37525,0.0100685
04-May-2026,105.41,0.156164,0.365278,0.269621,0.0956569
04-May-2026,110.201,0.156164,0.0621898,0.02151,0.0406798
04-May-2026,114.993,0.156164,0.00763495,0.000944752,0.0066902
04-May-2026,76.6617,0.241096,20.1429,20.2762,0.133325
04-May-2026,81.4531,0.241096,15.6649,15.8532,0.188278
04-May-2026,86.2444,0.241096,11.4464,11.6724,0.225997
04-May-2026,91.0358,0.241096,7.65752,7.87222,0.214702
04-May-2026,95.8271,0.241096,4.50924,4.64018,0.13094
04-May-2026,100.619,0.241096,2.20566,2.19883,0.00682759
04-May-2026,105.41,0.241096,0.838861,0.725543,0.113318
04-May-2026,110.201,0.241096,0.244047,0.139033,0.105014
04-May-2026,114.993,0.241096,0.0581823,0.0151682,0.0430141
04-May-2026,76.6617,0.326027,20.6134,20.7469,0.133471
04-May-2026,81.4531,0.326027,16.2668,16.4314,0.164559
04-May-2026,86.2444,0.326027,12.1906,12.3664,0.175836
04-May-2026,91.0358,0.326027,8.51477,8.66748,0.152712
04-May-2026,95.8271,0.326027,5.39279,5.4814,0.0886088
04-May-2026,100.619,0.326027,2.97943,2.97283,0.00660436
04-May-2026,105.41,0.326027,1.37648,1.27668,0.099805
04-May-2026,110.201,0.326027,0.525881,0.389177,0.136704
04-May-2026,114.993,0.326027,0.17399,0.0773406,0.0966494
04-May-2026,76.6617,0.408219,21.0994,21.1982,0.0988308
04-May-2026,81.4531,0.408219,16.8608,16.9703,0.109517
04-May-2026,86.2444,0.408219,12.8909,12.9967,0.105821
04-May-2026,91.0358,0.408219,9.29364,9.37711,0.0834654
04-May-2026,95.8271,0.408219,6.18927,6.23165,0.042384
04-May-2026,100.619,0.408219,3.70288,3.688,0.0148807
04-May-2026,105.41,0.408219,1.93223,1.85003,0.0821997
04-May-2026,110.201,0.408219,0.871372,0.73523,0.136142
04-May-2026,114.993,0.408219,0.350453,0.215547,0.134906
04-May-2026,76.6617,0.490411,21.6451,21.6807,0.0355697
04-May-2026,81.4531,0.490411,17.5065,17.5362,0.0296533
04-May-2026,86.2444,0.490411,13.6295,13.6476,0.0181469
04-May-2026,91.0358,0.490411,10.0987,10.1014,0.00272372
04-May-2026,95.8271,0.490411,7.01052,6.99626,0.0142622
04-May-2026,100.619,0.490411,4.46788,4.43182,0.0360569
04-May-2026,105.41,0.490411,2.5596,2.48794,0.0716574
04-May-2026,110.201,0.490411,1.30769,1.18677,0.120921
04-May-2026,114.993,0.490411,0.608052,0.458031,0.150021
04-May-2026,76.6617,0.575342,22.1596,22.121,0.0385711
04-May-2026,81.4531,0.575342,18.1014,18.0461,0.0553091
04-May-2026,86.2444,0.575342,14.2966,14.2272,0.0693729
04-May-2026,91.0358,0.575342,10.8167,10.7405,0.0762109
04-May-2026,95.8271,0.575342,7.74287,7.66941,0.073462
04-May-2026,100.619,0.575342,5.16269,5.09494,0.0677538
04-May-2026,105.41,0.575342,3.15576,3.08083,0.0749252
04-May-2026,110.201,0.575342,1.75606,1.64824,0.10782
04-May-2026,114.993,0.575342,0.901447,0.754237,0.14721
04-May-2026,76.6617,0.660274,22.7216,22.5918,0.129776
04-May-2026,81.4531,0.660274,18.7404,18.5858,0.154563
04-May-2026,86.2444,0.660274,15.0034,14.8348,0.168629
04-May-2026,91.0358,0.660274,11.5714,11.4054,0.166043
04-May-2026,95.8271,0.660274,8.5134,8.36811,0.14529
04-May-2026,100.619,0.660274,5.9038,5.78884,0.114963
04-May-2026,105.41,0.660274,3.81274,3.71846,0.0942764
04-May-2026,110.201,0.660274,2.27918,2.17543,0.103746
04-May-2026,114.993,0.660274,1.27133,1.13276,0.138568
04-May-2026,76.6617,0.739726,23.1856,22.9749,0.210691
04-May-2026,81.4531,0.739726,19.2616,19.0215,0.240089
04-May-2026,86.2444,0.739726,15.5745,15.3214,0.253139
04-May-2026,91.0358,0.739726,12.1782,11.9346,0.243581
04-May-2026,95.8271,0.739726,9.13351,8.92312,0.210387
04-May-2026,100.619,0.739726,6.50634,6.34302,0.163324
04-May-2026,105.41,0.739726,4.35957,4.23715,0.12242
04-May-2026,110.201,0.739726,2.73293,2.62155,0.111376
04-May-2026,114.993,0.739726,1.61117,1.47679,0.134382
04-May-2026,76.6617,0.816438,23.6581,23.3612,0.296868
04-May-2026,81.4531,0.816438,19.7879,19.4581,0.329836
04-May-2026,86.2444,0.816438,16.1474,15.8059,0.341461
04-May-2026,91.0358,0.816438,12.7849,12.4592,0.325725
04-May-2026,95.8271,0.816438,9.75427,9.47222,0.282054
04-May-2026,100.619,0.816438,7.11399,6.89326,0.220729
04-May-2026,105.41,0.816438,4.9204,4.7586,0.161798
04-May-2026,110.201,0.816438,3.21228,3.08195,0.13033
04-May-2026,114.993,0.816438,1.98575,1.8487,0.137051
04-May-2026,76.6617,0.906849,24.2081,23.8072,0.400901
04-May-2026,81.4531,0.906849,20.3961,19.9589,0.437203
04-May-2026,86.2444,0.906849,16.806,16.3586,0.447401
04-May-2026,91.0358,0.906849,13.4803,13.0547,0.425587
04-May-2026,95.8271,0.906849,10.4666,10.0945,0.372088
04-May-2026,100.619,0.906849,7.81591,7.51873,0.297181
04-May-2026,105.41,0.906849,5.57787,5.35758,0.22029
04-May-2026,110.201,0.906849,3.78902,3.62237,0.166649
04-May-2026,114.993,0.906849,2.4539,2.30201,0.151888
05-May-2026,76.9076,0.00821918,19.2459,19.2459,4.16638e-05
05-May-2026,81.7143,0.00821918,14.4403,14.4403,4.32261e-05
05-May-2026,86.5211,0.00821918,9.63478,9.63473,5.16173e-05
05-May-2026,91.3278,0.00821918,4.8299,4.83143,0.00152763
05-May-2026,96.1345,0.00821918,0.62367,0.648216,0.0245463
05-May-2026,100.941,0.00821918,0.000170236,3.59112e-05,0.000134325
05-May-2026,105.748,0.00821918,1.67177e-13,1.52149e-14,1.51962e-13
05-May-2026,110.555,0.00821918,6.29082e-16,-1.03354e-15,1.66262e-15
05-May-2026,115.361,0.00821918,6.17337e-16,-1.08129e-15,1.69862e-15
05-May-2026,76.9076,0.0273973,19.3153,19.3154,6.14506e-05
05-May-2026,81.7143,0.0273973,14.5142,14.515,0.000831934
05-May-2026,86.5211,0.0273973,9.71782,9.72947,0.0116451
05-May-2026,91.3278,0.0273973,5.04408,5.10619,0.0621117
05-May-2026,96.1345,0.0273973,1.39333,1.43192,0.0385918
05-May-2026,100.941,0.0273973,0.0957377,0.0590244,0.0367133
05-May-2026,105.748,0.0273973,0.000601416,1.86642e-05,0.000582752
05-May-2026,110.555,0.0273973,2.11879e-07,1.3977e-10,2.11739e-07
05-May-2026,115.361,0.0273973,7.37434e-12,1.96799e-15,7.37237e-12
05-May-2026,76.9076,0.0465753,19.3722,19.3733,0.00111718
05-May-2026,81.7143,0.0465753,14.5767,14.5854,0.00872817
05-May-2026,86.5211,0.0465753,9.81176,9.85397,0.0422084
05-May-2026,91.3278,0.0465753,5.29766,5.39567,0.0980065
05-May-2026,96.1345,0.0465753,1.82269,1.85752,0.034828
05-May-2026,100.941,0.0465753,0.266415,0.187346,0.0790694
05-May-2026,105.748,0.0465753,0.00975677,0.00100919,0.00874758
05-May-2026,110.555,0.0465753,6.84492e-05,5.03249e-07,6.7946e-05
05-May-2026,115.361,0.0465753,1.24935e-07,1.11164e-10,1.24824e-07
05-May-2026,76.9076,0.0657534,19.4429,19.4504,0.00752377
05-May-2026,81.7143,0.0657534,14.6632,14.6931,0.0298631
05-May-2026,86.5211,0.0657534,9.96395,10.0447,0.0807049
05-May-2026,91.3278,0.0657534,5.61931,5.73861,0.119296
05-May-2026,96.1345,0.0657534,2.26454,2.28593,0.0213855
05-May-2026,100.941,0.0657534,0.510918,0.386675,0.124243
05-May-2026,105.748,0.0657534,0.0472422,0.00937829,0.0378639
05-May-2026,110.555,0.0657534,0.00152292,3.97945e-05,0.00148313
05-May-2026,115.361,0.0657534,2.05538e-05,9.16937e-08,2.04621e-05
05-May-2026,76.9076,0.0849315,19.5038,19.5212,0.0173747
05-May-2026,81.7143,0.0849315,14.7458,14.7967,0.0508537
05-May-2026,86.5211,0.0849315,10.1101,10.215,0.104918
05-May-2026,91.3278,0.0849315,5.8791,6.00301,0.123905
05-May-2026,96.1345,0.0849315,2.58775,2.59335,0.00560391
05-May-2026,100.941,0.0849315,0.721285,0.565204,0.156081
05-May-2026,105.748,0.0849315,0.10172,0.0275631,0.0741569
05-May-2026,110.555,0.0849315,0.00645169,0.000305899,0.00614579
05-May-2026,115.361,0.0849315,0.000209952,1.96997e-06,0.000207982
05-May-2026,76.9076,0.153425,19.7872,19.8535,0.0662618
05-May-2026,81.7143,0.153425,15.1598,15.2676,0.107762
05-May-2026,86.5211,0.153425,10.765,10.8944,0.129444
05-May-2026,91.3278,0.153425,6.83493,6.91354,0.0786067
05-May-2026,96.1345,0.153425,3.67709,3.59722,0.0798714
05-May-2026,100.941,0.153425,1.55216,1.29333,0.258831
05-May-2026,105.748,0.153425,0.46925,0.229137,0.240113
05-May-2026,110.555,0.153425,0.096539,0.015545,0.080994
05-May-2026,115.361,0.153425,0.0141987,0.000597371,0.0136013
05-May-2026,76.9076,0.238356,20.2394,20.3234,0.0840426
05-May-2026,81.7143,0.238356,15.7914,15.8825,0.09108
05-May-2026,86.5211,0.238356,11.6276,11.6831,0.0555375
05-May-2026,91.3278,0.238356,7.9133,7.8654,0.0478968
05-May-2026,96.1345,0.238356,4.83603,4.61951,0.216517
05-May-2026,100.941,0.238356,2.55425,2.1729,0.381346
05-May-2026,105.748,0.238356,1.1169,0.705132,0.411768
05-May-2026,110.555,0.238356,0.393682,0.130634,0.263048
05-May-2026,115.361,0.238356,0.113782,0.0135995,0.100182
05-May-2026,76.9076,0.323288,20.7707,20.8087,0.0379829
05-May-2026,81.7143,0.323288,16.4836,16.4844,0.000806702
05-May-2026,86.5211,0.323288,12.4938,12.4128,0.0809741
05-May-2026,91.3278,0.323288,8.92263,8.70951,0.21312
05-May-2026,96.1345,0.323288,5.89845,5.52006,0.378389
05-May-2026,100.941,0.323288,3.53008,3.00713,0.52295
05-May-2026,105.748,0.323288,1.86743,1.30178,0.565647
05-May-2026,110.555,0.323288,0.859165,0.401929,0.457236
05-May-2026,115.361,0.323288,0.345533,0.0810634,0.26447
05-May-2026,76.9076,0.405479,21.3358,21.2794,0.0564288
05-May-2026,81.7143,0.405479,17.1847,17.051,0.133664
05-May-2026,86.5211,0.405479,13.3295,13.0802,0.249275
05-May-2026,91.3278,0.405479,9.86334,9.46548,0.397864
05-May-2026,96.1345,0.405479,6.88069,6.32355,0.557135
05-May-2026,100.941,0.405479,4.46165,3.77759,0.68406
05-May-2026,105.748,0.405479,2.64976,1.92549,0.724267
05-May-2026,110.555,0.405479,1.42609,0.785601,0.640489
05-May-2026,115.361,0.405479,0.695956,0.239409,0.456547
05-May-2026,76.9076,0.487671,21.9858,21.7854,0.200355
05-May-2026,81.7143,0.487671,17.9637,17.6483,0.315366
05-May-2026,86.5211,0.487671,14.2298,13.7707,0.459111
05-May-2026,91.3278,0.487671,10.8562,10.2366,0.619565
05-May-2026,96.1345,0.487671,7.91332,7.1404,0.772918
05-May-2026,100.941,0.487671,5.46103,4.57628,0.884751
05-May-2026,105.748,0.487671,3.535,2.61749,0.917507
05-May-2026,110.555,0.487671,2.13141,1.28583,0.845577
05-May-2026,115.361,0.487671,1.19579,0.518619,0.677171
05-May-2026,76.9076,0.572603,22.6111,22.2485,0.362642
05-May-2026,81.7143,0.572603,18.6947,18.187,0.50768
05-May-2026,86.5211,0.572603,15.0572,14.3849,0.67228
05-May-2026,91.3278,0.572603,11.7564,10.9154,0.84095
05-May-2026,96.1345,0.572603,8.8477,7.85716,0.990543
05-May-2026,100.941,0.572603,6.37765,5.28551,1.09214
05-May-2026,105.748,0.572603,4.37553,3.25771,1.11782
05-May-2026,110.555,0.572603,2.84333,1.79385,1.04948
05-May-2026,115.361,0.572603,1.74761,0.8564,0.89121
05-May-2026,76.9076,0.657534,23.3057,22.7436,0.562102
05-May-2026,81.7143,0.657534,19.492,18.7566,0.735353
05-May-2026,86.5211,0.657534,15.9464,15.0275,0.918926
05-May-2026,91.3278,0.657534,12.7151,11.6197,1.09544
05-May-2026,96.1345,0.657534,9.84148,8.5986,1.24288
05-May-2026,100.941,0.657534,7.36181,6.02483,1.33698
05-May-2026,105.748,0.657534,5.29954,3.94299,1.35655
05-May-2026,110.555,0.657534,3.65898,2.37014,1.28884
05-May-2026,115.361,0.657534,2.4198,1.28284,1.13696
05-May-2026,76.9076,0.736986,23.8868,23.1462,0.740603
05-May-2026,81.7143,0.736986,20.1503,19.2157,0.934588
05-May-2026,86.5211,0.736986,16.6728,15.5409,1.13185
05-May-2026,91.3278,0.736986,13.4932,12.1787,1.31447
05-May-2026,96.1345,0.736986,10.6474,9.18581,1.46159
05-May-2026,100.941,0.736986,8.16528,6.61331,1.55197
05-May-2026,105.748,0.736986,6.06624,4.49813,1.56811
05-May-2026,110.555,0.736986,4.3551,2.85479,1.50031
05-May-2026,115.361,0.736986,3.01794,1.66634,1.3516
05-May-2026,76.9076,0.813699,24.4847,23.5518,0.932941
05-May-2026,81.7143,0.813699,20.8211,19.6749,1.14616
05-May-2026,86.5211,0.813699,17.4074,16.0512,1.35616
05-May-2026,91.3278,0.813699,14.2766,12.7315,1.54507
05-May-2026,96.1345,0.813699,11.4585,9.7653,1.6932
05-May-2026,100.941,0.813699,8.97757,7.19601,1.78156
05-May-2026,105.748,0.813699,6.85006,5.05433,1.79573
05-May-2026,110.555,0.813699,5.08057,3.35243,1.72814
05-May-2026,115.361,0.813699,3.65934,2.07746,1.58188
05-May-2026,76.9076,0.90411,25.1875,24.0193,1.16821
05-May-2026,81.7143,0.90411,21.6026,20.2008,1.40178
05-May-2026,86.5211,0.90411,18.2576,16.632,1.62563
05-May-2026,91.3278,0.90411,15.1797,13.3577,1.82201
05-May-2026,96.1345,0.90411,12.393,10.4204,1.97256
05-May-2026,100.941,0.90411,9.91736,7.85659,2.06077
05-May-2026,105.748,0.90411,7.76559,5.6911,2.07449
05-May-2026,110.555,0.90411,5.9418,3.93376,2.00804
05-May-2026,115.361,0.90411,4.43922,2.57465,1.86457
06-May-2026,76.6072,0.00547945,19.1645,19.1645,2.49731e-05
06-May-2026,81.3951,0.00547945,14.3774,14.3774,2.02756e-05
06-May-2026,86.1831,0.00547945,9.59021,9.59022,5.59473e-06
06-May-2026,90.971,0.00547945,4.80312,4.80316,3.61364e-05
06-May-2026,95.759,0.00547945,0.515599,0.435268,0.0803309
06-May-2026,100.547,0.00547945,9.45009e-06,2.76049e-10,9.44981e-06
06-May-2026,105.335,0.00547945,1.64601e-15,4.16723e-13,4.15077e-13
06-May-2026,110.123,0.00547945,1.66659e-15,1.17999e-15,4.86602e-16
06-May-2026,114.911,0.00547945,1.66614e-15,5.78896e-16,1.08724e-15
06-May-2026,76.6072,0.0246575,19.2345,19.2345,1.53261e-05
06-May-2026,81.3951,0.0246575,14.4517,14.4521,0.000388337
06-May-2026,86.1831,0.0246575,9.67286,9.67693,0.00406976
06-May-2026,90.971,0.0246575,5.00807,5.0076,0.000467072
06-May-2026,95.759,0.0246575,1.3616,1.20024,0.161355
06-May-2026,100.547,0.0246575,0.0891976,0.0192963,0.0699013
06-May-2026,105.335,0.0246575,0.000511068,1.25574e-05,0.000498511
06-May-2026,110.123,0.0246575,1.48216e-07,3.08301e-09,1.45133e-07
06-May-2026,114.911,0.0246575,3.57072e-12,6.09268e-13,2.96145e-12
06-May-2026,76.6072,0.0438356,19.2917,19.2925,0.000764671
06-May-2026,81.3951,0.0438356,14.5144,14.5199,0.00549744
06-May-2026,86.1831,0.0438356,9.76647,9.78778,0.0213132
06-May-2026,90.971,0.0438356,5.26676,5.27503,0.0082693
06-May-2026,95.759,0.0438356,1.8079,1.63965,0.168246
06-May-2026,100.547,0.0438356,0.264997,0.110507,0.15449
06-May-2026,105.335,0.0438356,0.00990277,0.00116488,0.00873789
06-May-2026,110.123,0.0438356,7.04845e-05,6.76101e-06,6.37235e-05
06-May-2026,114.911,0.0438356,1.23422e-07,3.46788e-08,8.87432e-08
06-May-2026,76.6072,0.0630137,19.3629,19.3694,0.00653324
06-May-2026,81.3951,0.0630137,14.6014,14.625,0.0236254
06-May-2026,86.1831,0.0630137,9.92059,9.97261,0.0520178
06-May-2026,90.971,0.0630137,5.59616,5.6242,0.0280439
06-May-2026,95.759,0.0630137,2.26238,2.11259,0.149791
06-May-2026,100.547,0.0630137,0.517966,0.308099,0.209867
06-May-2026,105.335,0.0630137,0.0497852,0.0131463,0.0366389
06-May-2026,110.123,0.0630137,0.00169017,0.000352749,0.00133742
06-May-2026,114.911,0.0630137,2.35268e-05,8.69576e-06,1.4831e-05
06-May-2026,76.6072,0.0821918,19.4241,19.4414,0.0172979
06-May-2026,81.3951,0.0821918,14.685,14.7307,0.0456802
06-May-2026,86.1831,0.0821918,10.0695,10.1492,0.0796734
06-May-2026,90.971,0.0821918,5.86183,5.91114,0.0493083
06-May-2026,95.759,0.0821918,2.59315,2.47049,0.122657
06-May-2026,100.547,0.0821918,0.73498,0.514525,0.220455
06-May-2026,105.335,0.0821918,0.107787,0.0414941,0.0662929
06-May-2026,110.123,0.0821918,0.00722044,0.00216635,0.00505409
06-May-2026,114.911,0.0821918,0.000245585,0.000104654,0.000140931
06-May-2026,76.6072,0.150685,19.7113,19.8041,0.0927704
06-May-2026,81.3951,0.150685,15.1064,15.2554,0.148974
06-May-2026,86.1831,0.150685,10.7375,10.9239,0.186404
06-May-2026,90.971,0.150685,6.83576,6.98782,0.152062
06-May-2026,95.759,0.150685,3.70225,3.72148,0.0192334
06-May-2026,100.547,0.150685,1.58663,1.46532,0.121308
06-May-2026,105.335,0.150685,0.493793,0.376029,0.117764
06-May-2026,110.123,0.150685,0.105884,0.0665668,0.0393172
06-May-2026,114.911,0.150685,0.0162448,0.0101449,0.0060999
06-May-2026,76.6072,0.235616,20.1716,20.3672,0.19562
06-May-2026,81.3951,0.235616,15.7498,16.0092,0.259411
06-May-2026,86.1831,0.235616,11.6149,11.9103,0.295433
06-May-2026,90.971,0.235616,7.92996,8.20472,0.274756
06-May-2026,95.759,0.235616,4.87698,5.06437,0.187387
06-May-2026,100.547,0.235616,2.60666,2.67381,0.0671517
06-May-2026,105.335,0.235616,1.16305,1.14549,0.0175649
06-May-2026,110.123,0.235616,0.421817,0.388823,0.032994
06-May-2026,114.911,0.235616,0.125846,0.109689,0.0161574
06-May-2026,76.6072,0.320548,20.7122,20.9828,0.270559
06-May-2026,81.3951,0.320548,16.4533,16.7854,0.332141
06-May-2026,86.1831,0.320548,12.4934,12.8615,0.368063
06-May-2026,90.971,0.320548,8.9514,9.31388,0.362482
06-May-2026,95.759,0.320548,5.95118,6.26075,0.309573
06-May-2026,100.547,0.320548,3.59585,3.81737,0.221519
06-May-2026,105.335,0.320548,1.93102,2.05751,0.126495
06-May-2026,110.123,0.320548,0.907161,0.960992,0.0538307
06-May-2026,114.911,0.320548,0.373838,0.38927,0.0154319
06-May-2026,76.6072,0.40274,21.2862,21.5954,0.309222
06-May-2026,81.3951,0.40274,17.1643,17.5299,0.365642
06-May-2026,86.1831,0.40274,13.3392,13.7409,0.401675
06-May-2026,90.971,0.40274,9.90178,10.3097,0.407956
06-May-2026,95.759,0.40274,6.94273,7.32284,0.380108
06-May-2026,100.547,0.40274,4.53785,4.85906,0.321212
06-May-2026,105.335,0.40274,2.72707,2.96876,0.241695
06-May-2026,110.123,0.40274,1.49151,1.64883,0.157322
06-May-2026,114.911,0.40274,0.742057,0.827409,0.0853519
06-May-2026,76.6072,0.484932,21.9454,22.26,0.314578
06-May-2026,81.3951,0.484932,17.953,18.3171,0.364082
06-May-2026,86.1831,0.484932,14.2491,14.6485,0.39942
06-May-2026,90.971,0.484932,10.9035,11.3187,0.415223
06-May-2026,95.759,0.484932,7.98392,8.39155,0.407626
06-May-2026,100.547,0.484932,5.54668,5.92212,0.375436
06-May-2026,105.335,0.484932,3.6246,3.94478,0.320183
06-May-2026,110.123,0.484932,2.21313,2.46063,0.247504
06-May-2026,114.911,0.484932,1.26074,1.42941,0.168668
06-May-2026,76.6072,0.569863,22.5786,22.8677,0.28911
06-May-2026,81.3951,0.569863,18.6921,19.0237,0.331591
06-May-2026,86.1831,0.569863,15.0842,15.4497,0.36545
06-May-2026,90.971,0.569863,11.8109,12.1981,0.387247
06-May-2026,95.759,0.569863,8.92516,9.31872,0.393562
06-May-2026,100.547,0.569863,6.4708,6.85227,0.381468
06-May-2026,105.335,0.569863,4.47471,4.82341,0.348696
06-May-2026,110.123,0.569863,2.9379,3.23342,0.295518
06-May-2026,114.911,0.569863,1.82849,2.05577,0.22728
06-May-2026,76.6072,0.654795,23.281,23.5142,0.23324
06-May-2026,81.3951,0.654795,19.4972,19.7649,0.267748
06-May-2026,86.1831,0.654795,15.9808,16.2797,0.298852
06-May-2026,90.971,0.654795,12.7764,13.101,0.324625
06-May-2026,95.759,0.654795,9.92547,10.2674,0.341978
06-May-2026,100.547,0.654795,7.46204,7.80924,0.347196
06-May-2026,105.335,0.654795,5.4076,5.74377,0.336173
06-May-2026,110.123,0.654795,3.76546,4.07151,0.306048
06-May-2026,114.911,0.654795,2.51596,2.77358,0.257619
06-May-2026,76.6072,0.734247,23.868,24.0364,0.168353
06-May-2026,81.3951,0.734247,20.1612,20.3572,0.196038
06-May-2026,86.1831,0.734247,16.7125,16.9367,0.224237
06-May-2026,90.971,0.734247,13.5595,13.8111,0.251569
06-May-2026,95.759,0.734247,10.7362,11.0117,0.2755
06-May-2026,100.547,0.734247,8.27068,8.56263,0.291951
06-May-2026,105.335,0.734247,6.18068,6.47695,0.296266
06-May-2026,110.123,0.734247,4.47007,4.75426,0.284186
06-May-2026,114.911,0.734247,3.12519,3.3793,0.254109
06-May-2026,76.6072,0.810959,24.4715,24.5587,0.0872135
06-May-2026,81.3951,0.810959,20.8373,20.9451,0.1078
06-May-2026,86.1831,0.810959,17.4521,17.5845,0.132357
06-May-2026,90.971,0.810959,14.3475,14.5076,0.160107
06-May-2026,95.759,0.810959,11.5517,11.7405,0.18875
06-May-2026,100.547,0.810959,9.0877,9.30205,0.214352
06-May-2026,105.335,0.810959,6.97028,7.20216,0.231882
06-May-2026,110.123,0.810959,5.20317,5.43958,0.236411
06-May-2026,114.911,0.810959,3.77661,4.00138,0.224775
06-May-2026,76.6072,0.90137,25.1801,25.1563,0.0237529
06-May-2026,81.3951,0.90137,21.6245,21.6127,0.0117601
06-May-2026,86.1831,0.90137,18.3076,18.3155,0.00790479
06-May-2026,90.971,0.90137,15.2554,15.2903,0.0349221
06-May-2026,95.759,0.90137,12.4909,12.558,0.0670765
06-May-2026,100.547,0.90137,10.0324,10.1331,0.100717
06-May-2026,105.335,0.90137,7.89178,8.02254,0.130756
06-May-2026,110.123,0.90137,6.07219,6.22422,0.152032
06-May-2026,114.911,0.90137,4.56677,4.72701,0.160243
07-May-2026,90.7079,0.00273973,4.78175,4.78175,2.16407e-06
07-May-2026,95.482,0.00273973,0.362886,0.315219,0.0476667
07-May-2026,100.256,0.00273973,3.84162e-09,-1.26536e-09,5.10698e-09
07-May-2026,76.3856,0.0219178,19.1736,19.1737,5.18021e-05
07-May-2026,81.1597,0.0219178,14.4044,14.4046,0.000187577
07-May-2026,85.9338,0.0219178,9.63782,9.64129,0.0034739
07-May-2026,90.7079,0.0219178,4.97015,4.97629,0.00614243
07-May-2026,95.482,0.0219178,1.30717,1.18105,0.126119
07-May-2026,100.256,0.0219178,0.0750103,0.0173693,0.057641
07-May-2026,105.03,0.0219178,0.000312195,5.02064e-06,0.000307174
07-May-2026,109.804,0.0219178,5.16605e-08,3.52695e-10,5.13078e-08
07-May-2026,114.578,0.0219178,5.6809e-13,2.06517e-14,5.47438e-13
07-May-2026,76.3856,0.0410959,19.2316,19.2322,0.000550642
07-May-2026,81.1597,0.0410959,14.4674,14.4722,0.00479232
07-May-2026,85.9338,0.0410959,9.72916,9.75075,0.0215856
07-May-2026,90.7079,0.0410959,5.22766,5.24874,0.0210755
07-May-2026,95.482,0.0410959,1.76659,1.63719,0.129397
07-May-2026,100.256,0.0410959,0.24751,0.111003,0.136507
07-May-2026,105.03,0.0410959,0.00839961,0.000861111,0.0075385
07-May-2026,109.804,0.0410959,5.06247e-05,2.83441e-06,4.77903e-05
07-May-2026,114.578,0.0410959,6.99148e-08,7.53643e-09,6.23784e-08
07-May-2026,76.3856,0.060274,19.3034,19.3093,0.00591128
07-May-2026,81.1597,0.060274,14.5542,14.577,0.022798
07-May-2026,85.9338,0.060274,9.88175,9.93671,0.0549631
07-May-2026,90.7079,0.060274,5.55947,5.60558,0.0461074
07-May-2026,95.482,0.060274,2.22997,2.12071,0.109256
07-May-2026,100.256,0.060274,0.50147,0.315631,0.185839
07-May-2026,105.03,0.060274,0.046591,0.0118303,0.0347607
07-May-2026,109.804,0.060274,0.00149243,0.000230502,0.00126193
07-May-2026,114.578,0.060274,1.90342e-05,3.83923e-06,1.5195e-05
07-May-2026,76.3856,0.0794521,19.365,19.3813,0.0163397
07-May-2026,81.1597,0.0794521,14.6376,14.683,0.0453571
07-May-2026,85.9338,0.0794521,10.0306,10.1154,0.0848448
07-May-2026,90.7079,0.0794521,5.82779,5.89783,0.0700408
07-May-2026,95.482,0.0794521,2.56594,2.48377,0.0821675
07-May-2026,100.256,0.0794521,0.720593,0.527682,0.192911
07-May-2026,105.03,0.0794521,0.104028,0.0397808,0.0642472
07-May-2026,109.804,0.0794521,0.00678186,0.00165862,0.00512324
07-May-2026,114.578,0.0794521,0.0002207,5.97202e-05,0.00016098
07-May-2026,76.3856,0.147945,19.6538,19.7455,0.0917039
07-May-2026,81.1597,0.147945,15.0608,15.2118,0.151031
07-May-2026,85.9338,0.147945,10.7032,10.8993,0.196087
07-May-2026,90.7079,0.147945,6.81239,6.98687,0.174478
07-May-2026,95.482,0.147945,3.68975,3.74342,0.0536741
07-May-2026,100.256,0.147945,1.58307,1.49153,0.0915392
07-May-2026,105.03,0.147945,0.49429,0.382757,0.111533
07-May-2026,109.804,0.147945,0.106436,0.0635571,0.0428789
07-May-2026,114.578,0.147945,0.0163442,0.00847218,0.00787202
07-May-2026,76.3856,0.232877,20.1182,20.3119,0.193686
07-May-2026,81.1597,0.232877,15.7104,15.9711,0.260683
07-May-2026,85.9338,0.232877,11.5899,11.8926,0.30273
07-May-2026,90.7079,0.232877,7.91926,8.20941,0.290149
07-May-2026,95.482,0.232877,4.87916,5.08855,0.209389
07-May-2026,100.256,0.232877,2.6175,2.70517,0.0876711
07-May-2026,105.03,0.232877,1.17571,1.16589,0.00981694
07-May-2026,109.804,0.232877,0.430473,0.391828,0.0386447
07-May-2026,114.578,0.232877,0.129687,0.10546,0.0242273
07-May-2026,76.3856,0.317808,20.665,20.9303,0.265332
07-May-2026,81.1597,0.317808,16.4222,16.751,0.328781
07-May-2026,85.9338,0.317808,12.4789,12.8472,0.368266
07-May-2026,90.7079,0.317808,8.95314,9.32021,0.367072
07-May-2026,95.482,0.317808,5.96712,6.28449,0.317369
07-May-2026,100.256,0.317808,3.62118,3.84962,0.22844
07-May-2026,105.03,0.317808,1.95832,2.08528,0.126961
07-May-2026,109.804,0.317808,0.929092,0.974564,0.0454721
07-May-2026,114.578,0.317808,0.387216,0.389535,0.00231918
07-May-2026,76.3856,0.4,21.2463,21.5452,0.298889
07-May-2026,81.1597,0.4,17.1422,17.4977,0.355536
07-May-2026,85.9338,0.4,13.3354,13.7281,0.392711
07-May-2026,90.7079,0.4,9.91555,10.3161,0.400555
07-May-2026,95.482,0.4,6.97172,7.34526,0.373537
07-May-2026,100.256,0.4,4.57712,4.89066,0.313538
07-May-2026,105.03,0.4,2.76926,2.99977,0.230509
07-May-2026,109.804,0.4,1.52866,1.67025,0.141593
07-May-2026,114.578,0.4,0.768974,0.835696,0.0667221
07-May-2026,76.3856,0.482192,21.9144,22.2115,0.297136
07-May-2026,81.1597,0.482192,17.9414,18.2864,0.344983
07-May-2026,85.9338,0.482192,14.2571,14.6364,0.379276
07-May-2026,90.7079,0.482192,10.9303,11.3244,0.394084
07-May-2026,95.482,0.482192,8.02682,8.41219,0.385373
07-May-2026,100.256,0.482192,5.60085,5.95231,0.351463
07-May-2026,105.03,0.482192,3.683,3.97704,0.294043
07-May-2026,109.804,0.482192,2.26775,2.4874,0.219645
07-May-2026,114.578,0.482192,1.30508,1.44572,0.14064
07-May-2026,76.3856,0.567123,22.5563,22.8205,0.264221
07-May-2026,81.1597,0.567123,18.6904,18.9938,0.30344
07-May-2026,85.9338,0.567123,15.1032,15.4376,0.334357
07-May-2026,90.7079,0.567123,11.8496,12.2029,0.35325
07-May-2026,95.482,0.567123,8.98071,9.33766,0.356946
07-May-2026,100.256,0.567123,6.5385,6.88092,0.342423
07-May-2026,105.03,0.567123,4.54789,4.85572,0.307834
07-May-2026,109.804,0.567123,3.0088,3.26303,0.254234
07-May-2026,114.578,0.567123,1.89008,2.07768,0.187602
07-May-2026,76.3856,0.652055,23.2685,23.4681,0.199601
07-May-2026,81.1597,0.652055,19.5065,19.7356,0.22915
07-May-2026,85.9338,0.652055,16.0117,16.2673,0.25562
07-May-2026,90.7079,0.652055,12.8277,13.1046,0.276879
07-May-2026,95.482,0.652055,9.99443,10.2846,0.290143
07-May-2026,100.256,0.652055,7.54403,7.83615,0.292123
07-May-2026,105.03,0.652055,5.49637,5.77552,0.279152
07-May-2026,109.804,0.652055,3.85367,4.10277,0.249097
07-May-2026,114.578,0.652055,2.59647,2.79972,0.20325
07-May-2026,76.3856,0.731507,23.8638,23.9909,0.127108
07-May-2026,81.1597,0.731507,20.1796,20.3282,0.148617
07-May-2026,85.9338,0.731507,16.7532,16.9241,0.170888
07-May-2026,90.7079,0.731507,13.6211,13.8137,0.192569
07-May-2026,95.482,0.731507,10.816,11.0274,0.211413
07-May-2026,100.256,0.731507,8.36412,8.58814,0.224017
07-May-2026,105.03,0.731507,6.28192,6.50796,0.226039
07-May-2026,109.804,0.731507,4.57214,4.78614,0.213997
07-May-2026,114.578,0.731507,3.22106,3.40781,0.186751
07-May-2026,76.3856,0.808219,24.4757,24.5139,0.038165
07-May-2026,81.1597,0.808219,20.8649,20.9163,0.0513586
07-May-2026,85.9338,0.808219,17.5026,17.5714,0.0688364
07-May-2026,90.7079,0.808219,14.4193,14.5093,0.0899651
07-May-2026,95.482,0.808219,11.6421,11.7548,0.112713
07-May-2026,100.256,0.808219,9.19249,9.32617,0.133683
07-May-2026,105.03,0.808219,7.08384,7.23229,0.148455
07-May-2026,109.804,0.808219,5.31891,5.47165,0.152743
07-May-2026,114.578,0.808219,3.88774,4.03155,0.143811
07-May-2026,76.3856,0.89863,25.1941,25.1121,0.0820062
07-May-2026,81.1597,0.89863,21.6626,21.584,0.078573
07-May-2026,85.9338,0.89863,18.3692,18.302,0.0671701
07-May-2026,90.7079,0.89863,15.3388,15.2909,0.0478576
07-May-2026,95.482,0.89863,12.5935,12.5709,0.0226192
07-May-2026,100.256,0.89863,10.1501,10.1557,0.00560887
07-May-2026,105.03,0.89863,8.01921,8.05156,0.0323529
07-May-2026,109.804,0.89863,6.20329,6.25614,0.0528541
07-May-2026,114.578,0.89863,4.69506,4.7584,0.0633407
08-May-2026,75.9883,0.0191781,19.0642,19.0643,5.14002e-05
08-May-2026,80.7376,0.0191781,14.3192,14.3193,9.12017e-05
08-May-2026,85.4868,0.0191781,9.57587,9.57931,0.00344272
08-May-2026,90.2361,0.0191781,4.91707,4.93417,0.0170979
08-May-2026,94.9854,0.0191781,1.24697,1.17151,0.0754582
08-May-2026,99.7346,0.0191781,0.0617187,0.0183273,0.0433914
08-May-2026,104.484,0.0191781,0.000179907,3.26277e-06,0.000176644
08-May-2026,109.233,0.0191781,1.59064e-08,8.1961e-11,1.58244e-08
08-May-2026,113.982,0.0191781,8.34933e-14,-4.54767e-15,8.8041e-14
08-May-2026,75.9883,0.0383562,19.1191,19.1197,0.000586938
08-May-2026,80.7376,0.0383562,14.3787,14.3834,0.00471463
08-May-2026,85.4868,0.0383562,9.66108,9.6859,0.0248249
08-May-2026,90.2361,0.0383562,5.16962,5.21367,0.0440461
08-May-2026,94.9854,0.0383562,1.71815,1.6467,0.0714519
08-May-2026,99.7346,0.0383562,0.22986,0.121175,0.108685
08-May-2026,104.484,0.0383562,0.00708897,0.000857493,0.00623148
08-May-2026,109.233,0.0383562,3.6249e-05,1.94407e-06,3.43049e-05
08-May-2026,113.982,0.0383562,3.94176e-08,3.16972e-09,3.62479e-08
08-May-2026,75.9883,0.0575342,19.1872,19.1932,0.00595455
08-May-2026,80.7376,0.0575342,14.4607,14.485,0.0243472
08-May-2026,85.4868,0.0575342,9.80769,9.87227,0.0645797
08-May-2026,90.2361,0.0575342,5.50011,5.57848,0.078367
08-May-2026,94.9854,0.0575342,2.1878,2.13973,0.048066
08-May-2026,99.7346,0.0575342,0.483504,0.33785,0.145654
08-May-2026,104.484,0.0575342,0.0435779,0.0127015,0.0308764
08-May-2026,109.233,0.0575342,0.00132674,0.000207585,0.00111915
08-May-2026,113.982,0.0575342,1.56324e-05,2.65991e-06,1.29725e-05
08-May-2026,75.9883,0.0767123,19.2456,19.2625,0.0169368
08-May-2026,80.7376,0.0767123,14.5404,14.5895,0.049085
08-May-2026,85.4868,0.0767123,9.95305,10.0523,0.0992341
08-May-2026,90.2361,0.0767123,5.76821,5.87486,0.106645
08-May-2026,94.9854,0.0767123,2.52666,2.50569,0.0209733
08-May-2026,99.7346,0.0767123,0.703445,0.556554,0.146891
08-May-2026,104.484,0.0767123,0.100286,0.0429989,0.0572871
08-May-2026,109.233,0.0767123,0.00640517,0.0016104,0.00479477
08-May-2026,113.982,0.0767123,0.000201111,4.81676e-05,0.000152943
08-May-2026,75.9883,0.0958904,19.3085,19.3417,0.0332327
08-May-2026,80.7376,0.0958904,14.632,14.7097,0.0777415
08-May-2026,85.4868,0.0958904,10.1131,10.246,0.132869
08-May-2026,90.2361,0.0958904,6.03036,6.16517,0.134806
08-May-2026,94.9854,0.0958904,2.83983,2.84974,0.00990515
08-May-2026,99.7346,0.0958904,0.926629,0.795,0.131629
08-May-2026,104.484,0.0958904,0.178386,0.0986136,0.0797724
08-May-2026,109.233,0.0958904,0.0183192,0.00638279,0.0119364
08-May-2026,113.982,0.0958904,0.00107284,0.000328237,0.000744603
08-May-2026,75.9883,0.145205,19.5227,19.6192,0.0964794
08-May-2026,80.7376,0.145205,14.9525,15.1149,0.162379
08-May-2026,85.4868,0.145205,10.6186,10.8375,0.218853
08-May-2026,90.2361,0.145205,6.75302,6.96567,0.212654
08-May-2026,94.9854,0.145205,3.65598,3.76087,0.104887
08-May-2026,99.7346,0.145205,1.57041,1.52567,0.0447364
08-May-2026,104.484,0.145205,0.492577,0.401013,0.0915639
08-May-2026,109.233,0.145205,0.106871,0.0659554,0.0409156
08-May-2026,113.982,0.145205,0.0165116,0.00821558,0.00829602
08-May-2026,75.9883,0.230137,19.9767,20.1767,0.199967
08-May-2026,80.7376,0.230137,15.5945,15.8665,0.27205
08-May-2026,85.4868,0.230137,11.5018,11.8228,0.321039
08-May-2026,90.2361,0.230137,7.8606,8.17667,0.316073
08-May-2026,94.9854,0.230137,4.849,5.08986,0.240859
08-May-2026,99.7346,0.230137,2.61016,2.72786,0.117698
08-May-2026,104.484,0.230137,1.18063,1.18945,0.00881882
08-May-2026,109.233,0.230137,0.437039,0.402716,0.0343228
08-May-2026,113.982,0.230137,0.133347,0.106882,0.0264654
08-May-2026,75.9883,0.315068,20.5167,20.7842,0.267531
08-May-2026,80.7376,0.315068,16.3022,16.6351,0.332895
08-May-2026,85.4868,0.315068,12.3896,12.7644,0.374764
08-May-2026,90.2361,0.315068,8.89571,9.27155,0.375842
08-May-2026,94.9854,0.315068,5.94004,6.26737,0.327327
08-May-2026,99.7346,0.315068,3.61877,3.85582,0.237047
08-May-2026,104.484,0.315068,1.9706,2.10151,0.130911
08-May-2026,109.233,0.315068,0.944741,0.988056,0.0433153
08-May-2026,113.982,0.315068,0.39887,0.394912,0.00395759
08-May-2026,75.9883,0.39726,21.0938,21.3872,0.293356
08-May-2026,80.7376,0.39726,17.0203,17.369,0.348716
08-May-2026,85.4868,0.39726,13.2461,13.6309,0.384799
08-May-2026,90.2361,0.39726,9.85978,10.251,0.391197
08-May-2026,94.9854,0.39726,6.94764,7.31014,0.362495
08-May-2026,99.7346,0.39726,4.5793,4.87976,0.300458
08-May-2026,104.484,0.39726,2.78848,3.0038,0.215324
08-May-2026,109.233,0.39726,1.55383,1.6791,0.125269
08-May-2026,113.982,0.39726,0.791041,0.841902,0.0508609
08-May-2026,75.9883,0.479452,21.7592,22.0398,0.280594
08-May-2026,80.7376,0.479452,17.8187,18.1429,0.324212
08-May-2026,85.4868,0.479452,14.1688,14.5229,0.354148
08-May-2026,90.2361,0.479452,10.8767,11.2414,0.364677
08-May-2026,94.9854,0.479452,8.00611,8.35803,0.351919
08-May-2026,99.7346,0.479452,5.60784,5.92284,0.314999
08-May-2026,104.484,0.479452,3.70933,3.9656,0.256272
08-May-2026,109.233,0.479452,2.303,2.48629,0.183292
08-May-2026,113.982,0.479452,1.33953,1.44785,0.108322
08-May-2026,75.9883,0.564384,22.3999,22.6358,0.235932
08-May-2026,80.7376,0.564384,18.568,18.8365,0.268509
08-May-2026,85.4868,0.564384,15.0164,15.3091,0.292725
08-May-2026,90.2361,0.564384,11.7984,12.1036,0.305241
08-May-2026,94.9854,0.564384,8.9632,9.26646,0.303263
08-May-2026,99.7346,0.564384,6.54981,6.8346,0.284786
08-May-2026,104.484,0.564384,4.58037,4.82918,0.248812
08-May-2026,109.233,0.564384,3.05283,3.25024,0.197415
08-May-2026,113.982,0.564384,1.93593,2.07245,0.136516
08-May-2026,75.9883,0.649315,23.1118,23.2694,0.157591
08-May-2026,80.7376,0.649315,19.3851,19.5634,0.178292
08-May-2026,85.4868,0.649315,15.9269,16.1229,0.196
08-May-2026,90.2361,0.649315,12.7794,12.9883,0.208924
08-May-2026,94.9854,0.649315,9.98044,10.1956,0.215158
08-May-2026,99.7346,0.649315,7.55987,7.77207,0.212199
08-May-2026,104.484,0.649315,5.53509,5.73242,0.19733
08-May-2026,109.233,0.649315,3.90648,4.07593,0.169455
08-May-2026,113.982,0.649315,2.65405,2.78395,0.129898
08-May-2026,75.9883,0.728767,23.7074,23.7808,0.0733655
08-May-2026,80.7376,0.728767,20.0595,20.1438,0.084341
08-May-2026,85.4868,0.728767,16.6704,16.7668,0.0963835
08-May-2026,90.2361,0.728767,13.5752,13.6838,0.108587
08-May-2026,94.9854,0.728767,10.8049,10.9243,0.119383
08-May-2026,99.7346,0.728767,8.38358,8.50984,0.126256
08-May-2026,104.484,0.728767,6.32546,6.45128,0.12582
08-May-2026,109.233,0.728767,4.63161,4.74719,0.115577
08-May-2026,113.982,0.728767,3.28764,3.38209,0.0944512
08-May-2026,75.9883,0.805479,24.3202,24.2922,0.0279764
08-May-2026,80.7376,0.805479,20.7464,20.7197,0.026665
08-May-2026,85.4868,0.805479,17.4219,17.4013,0.0206202
08-May-2026,90.2361,0.805479,14.376,14.3659,0.0101397
08-May-2026,94.9854,0.805479,11.634,11.6377,0.00367171
08-May-2026,99.7346,0.805479,9.21553,9.23375,0.0182162
08-May-2026,104.484,0.805479,7.13203,7.16193,0.0298952
08-May-2026,109.233,0.805479,5.38472,5.42011,0.0353874
08-May-2026,113.982,0.805479,3.96283,3.99495,0.0321171
08-May-2026,75.9883,0.89589,25.04,24.8772,0.16275
08-May-2026,80.7376,0.89589,21.5462,21.3736,0.172603
08-May-2026,85.4868,0.89589,18.2911,18.1172,0.173878
08-May-2026,90.2361,0.89589,15.2986,15.1322,0.166416
08-May-2026,94.9854,0.89589,12.5888,12.4379,0.150939
08-May-2026,99.7346,0.89589,10.1771,10.0472,0.129879
08-May-2026,104.484,0.89589,8.07252,7.96545,0.10707
08-May-2026,109.233,0.89589,6.27593,6.18978,0.0861549
08-May-2026,113.982,0.89589,4.77931,4.70849,0.0708186
11-May-2026,75.1093,0.0109589,18.8017,18.8018,0.000104787
11-May-2026,79.8037,0.0109589,14.1089,14.1089,3.01251e-05
11-May-2026,84.498,0.0109589,9.41612,9.41618,6.0435e-05
11-May-2026,89.1923,0.0109589,4.72768,4.73362,0.00593617
11-May-2026,93.8867,0.0109589,0.746595,0.735035,0.0115596
11-May-2026,98.581,0.0109589,0.0019628,0.000583258,0.00137954
11-May-2026,103.275,0.0109589,2.12171e-09,8.76594e-10,1.24512e-09
11-May-2026,75.1093,0.030137,18.8688,18.8692,0.000371107
11-May-2026,79.8037,0.030137,14.1804,14.1839,0.00345907
11-May-2026,84.498,0.030137,9.50115,9.52677,0.0256249
11-May-2026,89.1923,0.030137,4.98186,5.05973,0.0778731
11-May-2026,93.8867,0.030137,1.49141,1.48165,0.00976012
11-May-2026,98.581,0.030137,0.143492,0.0958441,0.0476479
11-May-2026,103.275,0.030137,0.0021402,0.0015087,0.000631502
11-May-2026,107.97,0.030137,3.11549e-06,1.51694e-05,1.2054e-05
11-May-2026,112.664,0.030137,5.67463e-10,1.36617e-07,1.3605e-07
11-May-2026,75.1093,0.0493151,18.9238,18.9287,0.0049115
11-May-2026,79.8037,0.0493151,14.2426,14.2657,0.0231225
11-May-2026,84.498,0.0493151,9.60479,9.68076,0.0759703
11-May-2026,89.1923,0.0493151,5.25467,5.37947,0.124797
11-May-2026,93.8867,0.0493151,1.92393,1.92682,0.00288834
11-May-2026,98.581,0.0493151,0.345026,0.267969,0.0770575
11-May-2026,103.275,0.0493151,0.0204412,0.0157468,0.00469444
11-May-2026,107.97,0.0493151,0.000308396,0.000722473,0.000414077
11-May-2026,112.664,0.0493151,1.34967e-06,3.17449e-05,3.03952e-05
11-May-2026,75.1093,0.0684932,18.9932,19.016,0.0228086
11-May-2026,79.8037,0.0684932,14.3323,14.3985,0.0661989
11-May-2026,84.498,0.0684932,9.77121,9.91064,0.139427
11-May-2026,89.1923,0.0684932,5.59257,5.76077,0.168197
11-May-2026,93.8867,0.0684932,2.37278,2.40012,0.0273371
11-May-2026,98.581,0.0684932,0.617872,0.531206,0.0866657
11-May-2026,103.275,0.0684932,0.0780859,0.0643903,0.0136956
11-May-2026,107.97,0.0684932,0.00408716,0.0065637,0.00247654
11-May-2026,112.664,0.0684932,9.54208e-05,0.000661264,0.000565844
11-May-2026,75.1093,0.0876712,19.0541,19.1009,0.0467644
11-May-2026,79.8037,0.0876712,14.4198,14.5271,0.10733
11-May-2026,84.498,0.0876712,9.92864,10.1138,0.185137
11-May-2026,89.1923,0.0876712,5.8629,6.06029,0.197395
11-May-2026,93.8867,0.0876712,2.70241,2.75435,0.0519444
11-May-2026,98.581,0.0876712,0.847005,0.768846,0.0781591
11-May-2026,103.275,0.0876712,0.152408,0.131692,0.0207155
11-May-2026,107.97,0.0876712,0.0140253,0.0192271,0.00520181
11-May-2026,112.664,0.0876712,0.000694492,0.00279993,0.00210544
11-May-2026,75.1093,0.136986,19.263,19.3978,0.134801
11-May-2026,79.8037,0.136986,14.7343,14.9526,0.21834
11-May-2026,84.498,0.136986,10.4362,10.7206,0.284438
11-May-2026,89.1923,0.136986,6.6052,6.87146,0.26626
11-May-2026,93.8867,0.136986,3.54818,3.67887,0.130686
11-May-2026,98.581,0.136986,1.50728,1.49575,0.0115294
11-May-2026,103.275,0.136986,0.465826,0.447776,0.0180501
11-May-2026,107.97,0.136986,0.0987748,0.113474,0.0146992
11-May-2026,112.664,0.136986,0.014656,0.0281272,0.0134712
11-May-2026,75.1093,0.221918,19.7141,19.9751,0.261006
11-May-2026,79.8037,0.221918,15.378,15.7158,0.33776
11-May-2026,84.498,0.221918,11.3305,11.7072,0.376684
11-May-2026,89.1923,0.221918,7.73448,8.08035,0.345866
11-May-2026,93.8867,0.221918,4.76709,5.01058,0.243492
11-May-2026,98.581,0.221918,2.56695,2.6899,0.122954
11-May-2026,103.275,0.221918,1.16403,1.22154,0.0575076
11-May-2026,107.97,0.221918,0.432633,0.481312,0.0486793
11-May-2026,112.664,0.221918,0.132213,0.176431,0.0442183
11-May-2026,75.1093,0.306849,20.2565,20.5861,0.329593
11-May-2026,79.8037,0.306849,16.0919,16.4799,0.38801
11-May-2026,84.498,0.306849,12.229,12.639,0.409975
11-May-2026,89.1923,0.306849,8.78374,9.166,0.382257
11-May-2026,93.8867,0.306849,5.87311,6.1825,0.309388
11-May-2026,98.581,0.306849,3.589,3.80811,0.219108
11-May-2026,103.275,0.306849,1.96542,2.11281,0.147391
11-May-2026,107.97,0.306849,0.950066,1.05787,0.107808
11-May-2026,112.664,0.306849,0.404829,0.489869,0.08504
11-May-2026,75.1093,0.389041,20.8379,21.1841,0.346195
11-May-2026,79.8037,0.389041,16.8166,17.204,0.387367
11-May-2026,84.498,0.389041,13.0942,13.4935,0.399285
11-May-2026,89.1923,0.389041,9.75758,10.1348,0.377235
11-May-2026,93.8867,0.389041,6.89052,7.21709,0.326568
11-May-2026,98.581,0.389041,4.5589,4.82178,0.262876
11-May-2026,103.275,0.389041,2.79284,2.99711,0.204265
11-May-2026,107.97,0.389041,1.56952,1.72931,0.159786
11-May-2026,112.664,0.389041,0.807239,0.933881,0.126642
11-May-2026,75.1093,0.471233,21.4788,21.8,0.321166
11-May-2026,79.8037,0.471233,17.5866,17.9332,0.346552
11-May-2026,84.498,0.471233,13.9844,14.3354,0.351014
11-May-2026,89.1923,0.471233,10.7386,11.0727,0.33413
11-May-2026,93.8867,0.471233,7.91109,8.21188,0.300788
11-May-2026,98.581,0.471233,5.55045,5.81034,0.259889
11-May-2026,103.275,0.471233,3.68143,3.9016,0.22017
11-May-2026,107.97,0.471233,2.29471,2.48009,0.185378
11-May-2026,112.664,0.471233,1.3412,1.49607,0.154869
11-May-2026,75.1093,0.556164,22.1539,22.4142,0.260328
11-May-2026,79.8037,0.556164,18.3764,18.6481,0.27166
11-May-2026,84.498,0.556164,14.8777,15.1475,0.269832
11-May-2026,89.1923,0.556164,11.7096,11.9661,0.256474
11-May-2026,93.8867,0.556164,8.91887,9.1548,0.235928
11-May-2026,98.581,0.556164,6.54221,6.75552,0.213305
11-May-2026,103.275,0.556164,4.59938,4.79179,0.192411
11-May-2026,107.97,0.556164,3.08704,3.26045,0.173408
11-May-2026,112.664,0.556164,1.97455,2.12936,0.154807
11-May-2026,75.1093,0.641096,22.8399,23.0116,0.171712
11-May-2026,79.8037,0.641096,19.1636,19.334,0.170422
11-May-2026,84.498,0.641096,15.7545,15.9171,0.162649
11-May-2026,89.1923,0.641096,12.6537,12.8048,0.151074
11-May-2026,93.8867,0.641096,9.8974,10.0368,0.139441
11-May-2026,98.581,0.641096,7.51383,7.64459,0.13076
11-May-2026,103.275,0.641096,5.51862,5.64482,0.126199
11-May-2026,107.97,0.641096,3.91095,4.03476,0.123806
11-May-2026,112.664,0.641096,2.67064,2.79161,0.120974
11-May-2026,75.1093,0.720548,23.4696,23.5414,0.0718272
11-May-2026,79.8037,0.720548,19.8763,19.9361,0.0597961
11-May-2026,84.498,0.720548,16.5398,16.5864,0.0465586
11-May-2026,89.1923,0.720548,13.4937,13.529,0.0353372
11-May-2026,93.8867,0.720548,10.7673,10.7965,0.0291823
11-May-2026,98.581,0.720548,8.38294,8.41303,0.030092
11-May-2026,103.275,0.720548,6.35323,6.39107,0.0378379
11-May-2026,107.97,0.720548,4.67822,4.72761,0.049388
11-May-2026,112.664,0.720548,3.34343,3.40483,0.0614027
11-May-2026,75.1093,0.79726,24.0855,24.0456,0.0398927
11-May-2026,79.8037,0.79726,20.5661,20.5044,0.0617209
11-May-2026,84.498,0.79726,17.2939,17.2135,0.0804148
11-May-2026,89.1923,0.79726,14.2966,14.2042,0.0923719
11-May-2026,93.8867,0.79726,11.5983,11.5032,0.0951058
11-May-2026,98.581,0.79726,9.21693,9.12965,0.08728
11-May-2026,103.275,0.79726,7.16256,7.09274,0.0698184
11-May-2026,107.97,0.79726,5.43551,5.38912,0.0463889
11-May-2026,112.664,0.79726,4.02485,4.00407,0.0207849
11-May-2026,75.1093,0.887671,24.7776,24.5986,0.178968
11-May-2026,79.8037,0.887671,21.3347,21.1232,0.211493
11-May-2026,84.498,0.887671,18.1286,17.8921,0.236482
11-May-2026,89.1923,0.887671,15.1821,14.9316,0.250497
11-May-2026,93.8867,0.887671,12.5144,12.2632,0.251243
11-May-2026,98.581,0.887671,10.1395,9.90169,0.237805
11-May-2026,103.275,0.887671,8.06551,7.8536,0.211905
11-May-2026,107.97,0.887671,6.29245,6.1151,0.177349
11-May-2026,112.664,0.887671,4.81198,4.67376,0.138222
12-May-2026,75.2485,0.00821918,18.8309,18.8309,3.57145e-05
12-May-2026,79.9515,0.00821918,14.129,14.129,3.70455e-05
12-May-2026,84.6545,0.00821918,9.42717,9.42721,4.06502e-05
12-May-2026,89.3576,0.00821918,4.72629,4.72825,0.001963
12-May-2026,94.0606,0.00821918,0.63681,0.640129,0.00331851
12-May-2026,98.7636,0.00821918,0.00032423,6.28295e-05,0.000261401
12-May-2026,103.467,0.00821918,2.67126e-12,4.48793e-14,2.62638e-12
12-May-2026,108.17,0.00821918,1.50905e-15,-4.43139e-16,1.95219e-15
12-May-2026,112.873,0.00821918,1.53287e-15,-4.73904e-16,2.00677e-15
12-May-2026,75.2485,0.0273973,18.8996,18.8997,0.000137232
12-May-2026,79.9515,0.0273973,14.2022,14.2041,0.00186192
12-May-2026,84.6545,0.0273973,9.51106,9.52961,0.0185495
12-May-2026,89.3576,0.0273973,4.95795,5.03124,0.0732853
12-May-2026,94.0606,0.0273973,1.42463,1.44316,0.0185328
12-May-2026,98.7636,0.0273973,0.117435,0.0768205,0.0406145
12-May-2026,103.467,0.0273973,0.00120522,0.000439623,0.000765597
12-May-2026,108.17,0.0273973,9.29355e-07,9.62283e-07,3.29285e-08
12-May-2026,112.873,0.0273973,7.44412e-11,1.56269e-09,1.48825e-09
12-May-2026,75.2485,0.0465753,18.956,18.9589,0.00287592
12-May-2026,79.9515,0.0465753,14.2648,14.2817,0.0168766
12-May-2026,84.6545,0.0465753,9.61061,9.67511,0.0644951
12-May-2026,89.3576,0.0465753,5.22648,5.35145,0.124971
12-May-2026,94.0606,0.0465753,1.86588,1.90111,0.0352267
12-May-2026,98.7636,0.0465753,0.310506,0.240953,0.069553
12-May-2026,103.467,0.0465753,0.0155969,0.00818939,0.00740751
12-May-2026,108.17,0.0465753,0.000179284,0.000156876,2.24075e-05
12-May-2026,112.873,0.0465753,5.5482e-07,2.54907e-06,1.99425e-06
12-May-2026,75.2485,0.0657534,19.0265,19.0433,0.0167545
12-May-2026,79.9515,0.0657534,14.3539,14.4083,0.054405
12-May-2026,84.6545,0.0657534,9.77315,9.89974,0.126593
12-May-2026,89.3576,0.0657534,5.56394,5.73675,0.172806
12-May-2026,94.0606,0.0657534,2.32149,2.38087,0.0593831
12-May-2026,98.7636,0.0657534,0.579689,0.499737,0.0799523
12-May-2026,103.467,0.0657534,0.0672593,0.0436423,0.023617
12-May-2026,108.17,0.0657534,0.00307052,0.00251626,0.00055426
12-May-2026,112.873,0.0657534,6.02892e-05,0.000130503,7.02142e-05
12-May-2026,75.2485,0.0849315,19.088,19.125,0.0370473
12-May-2026,79.9515,0.0849315,14.4405,14.5331,0.0925705
12-May-2026,84.6545,0.0849315,9.92881,10.1015,0.172649
12-May-2026,89.3576,0.0849315,5.83552,6.03946,0.203941
12-May-2026,94.0606,0.0849315,2.65579,2.73688,0.0810946
12-May-2026,98.7636,0.0849315,0.808523,0.734921,0.0736017
12-May-2026,103.467,0.0849315,0.137519,0.0996256,0.0378934
12-May-2026,108.17,0.0849315,0.0115849,0.00938309,0.00220181
12-May-2026,112.873,0.0849315,0.000512915,0.000808906,0.000295991
12-May-2026,75.2485,0.134247,19.2977,19.4154,0.117652
12-May-2026,79.9515,0.134247,14.754,14.954,0.199968
12-May-2026,84.6545,0.134247,10.4366,10.7099,0.273321
12-May-2026,89.3576,0.134247,6.58522,6.85623,0.271006
12-May-2026,94.0606,0.134247,3.51461,3.65997,0.145356
12-May-2026,98.7636,0.134247,1.47468,1.45544,0.0192401
12-May-2026,103.467,0.134247,0.446182,0.391068,0.055114
12-May-2026,108.17,0.134247,0.0916417,0.0778347,0.013807
12-May-2026,112.873,0.134247,0.0130501,0.0139557,0.000905578
12-May-2026,75.2485,0.219178,19.7521,19.9915,0.239373
12-May-2026,79.9515,0.219178,15.4027,15.7201,0.317404
12-May-2026,84.6545,0.219178,11.3414,11.7026,0.361198
12-May-2026,89.3576,0.219178,7.73297,8.06828,0.335305
12-May-2026,94.0606,0.219178,4.75726,4.98624,0.228982
12-May-2026,98.7636,0.219178,2.55462,2.64133,0.0867093
12-May-2026,103.467,0.219178,1.15406,1.14668,0.00738121
12-May-2026,108.17,0.219178,0.426711,0.405973,0.0207381
12-May-2026,112.873,0.219178,0.12944,0.124842,0.0045982
12-May-2026,75.2485,0.30411,20.3024,20.6079,0.30547
12-May-2026,79.9515,0.30411,16.1284,16.4913,0.362927
12-May-2026,84.6545,0.30411,12.2569,12.6408,0.383872
12-May-2026,89.3576,0.30411,8.80493,9.15644,0.351513
12-May-2026,94.0606,0.30411,5.88977,6.15588,0.266111
12-May-2026,98.7636,0.30411,3.60296,3.75586,0.152902
12-May-2026,103.467,0.30411,1.97714,2.0321,0.0549647
12-May-2026,108.17,0.30411,0.958769,0.962702,0.00393343
12-May-2026,112.873,0.30411,0.409979,0.404045,0.00593423
12-May-2026,75.2485,0.386301,20.8956,21.2136,0.317982
12-May-2026,79.9515,0.386301,16.8689,17.2233,0.354397
12-May-2026,84.6545,0.386301,13.1425,13.5017,0.359223
12-May-2026,89.3576,0.386301,9.8034,10.1288,0.325413
12-May-2026,94.0606,0.386301,6.93481,7.1913,0.256486
12-May-2026,98.7636,0.386301,4.60136,4.76959,0.168233
12-May-2026,103.467,0.386301,2.83146,2.9159,0.084443
12-May-2026,108.17,0.386301,1.60127,1.62724,0.0259709
12-May-2026,112.873,0.386301,0.829928,0.828356,0.00157171
12-May-2026,75.2485,0.468493,21.5522,21.8382,0.286041
12-May-2026,79.9515,0.468493,17.6585,17.9608,0.302348
12-May-2026,84.6545,0.468493,14.0564,14.3505,0.294096
12-May-2026,89.3576,0.468493,10.8118,11.0714,0.259626
12-May-2026,94.0606,0.468493,7.98543,8.18908,0.203647
12-May-2026,98.7636,0.468493,5.62427,5.76075,0.136481
12-May-2026,103.467,0.468493,3.75125,3.8229,0.0716537
12-May-2026,108.17,0.468493,2.35595,2.3774,0.0214455
12-May-2026,112.873,0.468493,1.3899,1.38132,0.00857851
12-May-2026,75.2485,0.553425,22.2458,22.4614,0.215566
12-May-2026,79.9515,0.553425,18.4706,18.684,0.213369
12-May-2026,84.6545,0.553425,14.9756,15.1695,0.193921
12-May-2026,89.3576,0.553425,11.8117,11.9702,0.158473
12-May-2026,94.0606,0.553425,9.02454,9.13638,0.111836
12-May-2026,98.7636,0.553425,6.64886,6.71019,0.061327
12-May-2026,103.467,0.553425,4.70267,4.7175,0.01483
12-May-2026,108.17,0.553425,3.18148,3.16066,0.0208216
12-May-2026,112.873,0.553425,2.05491,2.01234,0.0425672
12-May-2026,75.2485,0.638356,22.9523,23.0671,0.114823
12-May-2026,79.9515,0.638356,19.2816,19.3776,0.0960366
12-May-2026,84.6545,0.638356,15.8793,15.9458,0.0665212
12-May-2026,89.3576,0.638356,12.7853,12.8145,0.0292435
12-May-2026,94.0606,0.638356,10.0346,10.0235,0.0110773
12-May-2026,98.7636,0.638356,7.65353,7.60444,0.0490916
12-May-2026,103.467,0.638356,5.65602,5.57598,0.080038
12-May-2026,108.17,0.638356,4.04008,3.93975,0.100328
12-May-2026,112.873,0.638356,2.78552,2.67636,0.109162
12-May-2026,75.2485,0.717808,23.6018,23.6041,0.00225035
12-May-2026,79.9515,0.717808,20.0167,19.9863,0.0304277
12-May-2026,84.6545,0.717808,16.6895,16.6209,0.0686231
12-May-2026,89.3576,0.717808,13.6523,13.544,0.108264
12-May-2026,94.0606,0.717808,10.9332,10.7881,0.145067
12-May-2026,98.7636,0.717808,8.5527,8.37803,0.17467
12-May-2026,103.467,0.717808,6.52183,6.3277,0.194127
12-May-2026,108.17,0.717808,4.83949,4.63785,0.201637
12-May-2026,112.873,0.717808,3.49102,3.29316,0.197862
12-May-2026,75.2485,0.794521,24.2376,24.1147,0.122898
12-May-2026,79.9515,0.794521,20.729,20.5606,0.168438
12-May-2026,84.6545,0.794521,17.4681,17.2535,0.214621
12-May-2026,89.3576,0.794521,14.4816,14.2243,0.257296
12-May-2026,94.0606,0.794521,11.792,11.4998,0.292172
12-May-2026,98.7636,0.794521,9.41578,9.09987,0.315906
12-May-2026,103.467,0.794521,7.36143,7.03496,0.326472
12-May-2026,108.17,0.794521,5.6282,5.30494,0.323264
12-May-2026,112.873,0.794521,4.20483,3.89695,0.307883
12-May-2026,75.2485,0.884932,24.9529,24.6745,0.278393
12-May-2026,79.9515,0.884932,21.5231,21.1857,0.337365
12-May-2026,84.6545,0.884932,18.3305,17.938,0.392484
12-May-2026,89.3576,0.884932,15.3965,14.9573,0.43919
12-May-2026,94.0606,0.884932,12.739,12.2654,0.473554
12-May-2026,98.7636,0.884932,10.3707,9.8779,0.492801
12-May-2026,103.467,0.884932,8.29809,7.80223,0.495862
12-May-2026,108.17,0.884932,6.52025,6.03746,0.482792
12-May-2026,112.873,0.884932,5.02845,4.5725,0.455949
13-May-2026,77.0326,0.00547945,19.2707,19.2706,5.15885e-05
13-May-2026,86.6617,0.00547945,9.64319,9.64312,7.30328e-05
13-May-2026,91.4762,0.00547945,4.82949,4.82949,6.90899e-07
13-May-2026,96.2907,0.00547945,0.513823,0.442795,0.0710277
13-May-2026,101.105,0.00547945,7.82656e-06,3.31297e-08,7.79343e-06
13-May-2026,77.0326,0.0246575,19.3397,19.3397,2.73136e-05
13-May-2026,81.8471,0.0246575,14.5303,14.5311,0.00080303
13-May-2026,86.6617,0.0246575,9.72462,9.73378,0.00915681
13-May-2026,91.4762,0.0246575,5.0319,5.05518,0.0232823
13-May-2026,96.2907,0.0246575,1.36175,1.21707,0.144684
13-May-2026,101.105,0.0246575,0.0874374,0.0308162,0.0566212
13-May-2026,105.92,0.0246575,0.000476173,0.000190835,0.000285338
13-May-2026,110.734,0.0246575,1.27478e-07,9.04432e-07,7.76954e-07
13-May-2026,115.549,0.0246575,2.80971e-12,4.21048e-09,4.20767e-09
13-May-2026,77.0326,0.0438356,19.3961,19.3981,0.00198966
13-May-2026,81.8471,0.0438356,14.5921,14.6037,0.0115635
13-May-2026,86.6617,0.0438356,9.81728,9.85979,0.0425059
13-May-2026,91.4762,0.0438356,5.29132,5.34149,0.0501712
13-May-2026,96.2907,0.0438356,1.81306,1.66581,0.147254
13-May-2026,101.105,0.0438356,0.264633,0.141129,0.123504
13-May-2026,105.92,0.0438356,0.00982301,0.0054952,0.00432781
13-May-2026,110.734,0.0438356,6.92489e-05,0.00019417,0.000124921
13-May-2026,115.549,0.0438356,1.19506e-07,6.99326e-06,6.87375e-06
13-May-2026,77.0326,0.0630137,19.4663,19.4805,0.0142377
13-May-2026,81.8471,0.0630137,14.6782,14.7229,0.0446822
13-May-2026,86.6617,0.0630137,9.97159,10.0674,0.0957836
13-May-2026,91.4762,0.0630137,5.62479,5.71023,0.0854429
13-May-2026,96.2907,0.0630137,2.27599,2.15558,0.120411
13-May-2026,101.105,0.0630137,0.523563,0.356997,0.166566
13-May-2026,105.92,0.0630137,0.0510325,0.0344052,0.0166273
13-May-2026,110.734,0.0630137,0.00177169,0.00319484,0.00142315
13-May-2026,115.549,0.0630137,2.51655e-05,0.000308026,0.00028286
13-May-2026,77.0326,0.0821918,19.5269,19.5613,0.0343806
13-May-2026,81.8471,0.0821918,14.7616,14.8438,0.0822437
13-May-2026,86.6617,0.0821918,10.1221,10.2627,0.140601
13-May-2026,91.4762,0.0821918,5.89561,6.01303,0.117424
13-May-2026,96.2907,0.0821918,2.61505,2.53053,0.084519
13-May-2026,101.105,0.0821918,0.747961,0.576975,0.170986
13-May-2026,105.92,0.0821918,0.112182,0.0836961,0.0284859
13-May-2026,110.734,0.0821918,0.00778228,0.0117326,0.00395032
13-May-2026,115.549,0.0821918,0.000273985,0.00172062,0.00144664
13-May-2026,77.0326,0.131507,19.7318,19.8582,0.126376
13-May-2026,81.8471,0.131507,15.0662,15.2722,0.206013
13-May-2026,86.6617,0.131507,10.6218,10.8858,0.263981
13-May-2026,91.4762,0.131507,6.64866,6.87174,0.223078
13-May-2026,96.2907,0.131507,3.48634,3.53549,0.0491507
13-May-2026,101.105,0.131507,1.4113,1.3206,0.0906969
13-May-2026,105.92,0.131507,0.400251,0.364386,0.0358648
13-May-2026,110.734,0.131507,0.0746609,0.0924322,0.0177713
13-May-2026,115.549,0.131507,0.00948135,0.0242193,0.014738
13-May-2026,77.0326,0.216438,20.1787,20.4824,0.303689
13-May-2026,81.8471,0.216438,15.7079,16.103,0.395124
13-May-2026,86.6617,0.216438,11.5271,11.9693,0.442231
13-May-2026,91.4762,0.216438,7.81008,8.21473,0.404655
13-May-2026,96.2907,0.216438,4.75043,5.02894,0.278511
13-May-2026,101.105,0.216438,2.50167,2.63804,0.136367
13-May-2026,105.92,0.216438,1.09538,1.17073,0.0753499
13-May-2026,110.734,0.216438,0.387405,0.465257,0.0778522
13-May-2026,115.549,0.216438,0.111334,0.179984,0.0686496
13-May-2026,77.0326,0.30137,20.7264,21.1798,0.453378
13-May-2026,81.8471,0.30137,16.4353,16.9754,0.540141
13-May-2026,86.6617,0.30137,12.4522,13.0331,0.580934
13-May-2026,91.4762,0.30137,8.90059,9.4558,0.555209
13-May-2026,96.2907,0.30137,5.90643,6.37119,0.464763
13-May-2026,101.105,0.30137,3.56878,3.91432,0.345542
13-May-2026,105.92,0.30137,1.923,2.17166,0.248658
13-May-2026,110.734,0.30137,0.909555,1.10313,0.193571
13-May-2026,115.549,0.30137,0.377197,0.53219,0.154993
13-May-2026,77.0326,0.383562,21.3219,21.8802,0.558335
13-May-2026,81.8471,0.383562,17.1832,17.82,0.636786
13-May-2026,86.6617,0.383562,13.3519,14.0257,0.673794
13-May-2026,91.4762,0.383562,9.91984,10.5783,0.658445
13-May-2026,96.2907,0.383562,6.97589,7.56927,0.593377
13-May-2026,101.105,0.383562,4.58945,5.08791,0.498462
13-May-2026,105.92,0.383562,2.79096,3.19274,0.401775
13-May-2026,110.734,0.383562,1.55396,1.87647,0.32251
13-May-2026,115.549,0.383562,0.790159,1.04846,0.2583
13-May-2026,77.0326,0.465753,21.9852,22.6102,0.624957
13-May-2026,81.8471,0.465753,17.9848,18.6786,0.693831
13-May-2026,86.6617,0.465753,14.2838,15.0113,0.727479
13-May-2026,91.4762,0.465753,10.9518,11.672,0.72016
13-May-2026,96.2907,0.465753,8.05315,8.72779,0.674637
13-May-2026,101.105,0.465753,5.63798,6.24028,0.602301
13-May-2026,105.92,0.465753,3.73061,4.24942,0.518809
13-May-2026,110.734,0.465753,2.31933,2.75709,0.437765
13-May-2026,115.549,0.465753,1.35157,1.71452,0.362946
13-May-2026,77.0326,0.550685,22.6892,23.3413,0.652084
13-May-2026,81.8471,0.550685,18.8123,19.5233,0.710982
13-May-2026,86.6617,0.550685,15.2237,15.9647,0.740973
13-May-2026,91.4762,0.550685,11.977,12.7163,0.739317
13-May-2026,96.2907,0.550685,9.12017,9.8286,0.708431
13-May-2026,101.105,0.550685,6.69015,7.34543,0.655276
13-May-2026,105.92,0.550685,4.70579,5.29458,0.588787
13-May-2026,110.734,0.550685,3.1619,3.67965,0.517755
13-May-2026,115.549,0.550685,2.02567,2.47165,0.445984
13-May-2026,77.0326,0.635616,23.4086,24.0523,0.643728
13-May-2026,81.8471,0.635616,19.6409,20.3336,0.69272
13-May-2026,86.6617,0.635616,16.1496,16.8682,0.718563
13-May-2026,91.4762,0.635616,12.9765,13.697,0.720473
13-May-2026,96.2907,0.635616,10.1585,10.8587,0.700244
13-May-2026,101.105,0.635616,7.72316,8.38575,0.662588
13-May-2026,105.92,0.635616,5.68499,6.29763,0.612636
13-May-2026,110.734,0.635616,4.04153,4.59749,0.55596
13-May-2026,115.549,0.635616,2.77104,3.26597,0.494929
13-May-2026,77.0326,0.715068,24.0718,24.6816,0.609845
13-May-2026,81.8471,0.715068,20.3936,21.0436,0.649958
13-May-2026,86.6617,0.715068,16.9809,17.6526,0.671742
13-May-2026,91.4762,0.715068,13.8676,14.5429,0.675315
13-May-2026,96.2907,0.715068,11.083,11.7452,0.662239
13-May-2026,101.105,0.715068,8.64849,9.28443,0.635945
13-May-2026,105.92,0.715068,6.57543,7.17491,0.599477
13-May-2026,110.734,0.715068,4.86236,5.41884,0.556479
13-May-2026,115.549,0.715068,3.49352,4.00155,0.508031
13-May-2026,77.0326,0.791781,24.7222,25.2788,0.556594
13-May-2026,81.8471,0.791781,21.1238,21.712,0.588181
13-May-2026,86.6617,0.791781,17.7806,18.3863,0.605691
13-May-2026,91.4762,0.791781,14.7206,15.3303,0.609654
13-May-2026,96.2907,0.791781,11.9671,12.5689,0.601766
13-May-2026,101.105,0.791781,9.53723,10.1215,0.584314
13-May-2026,105.92,0.791781,7.43969,7.99891,0.559218
13-May-2026,110.734,0.791781,5.67338,6.2022,0.528821
13-May-2026,115.549,0.791781,4.22622,4.71942,0.4932
13-May-2026,77.0326,0.882192,25.455,25.9316,0.476554
13-May-2026,81.8471,0.882192,21.9389,22.4377,0.4988
13-May-2026,86.6617,0.882192,18.6671,19.1782,0.511137
13-May-2026,91.4762,0.882192,15.6622,16.1767,0.514514
13-May-2026,96.2907,0.882192,12.9425,13.453,0.510508
13-May-2026,101.105,0.882192,10.521,11.022,0.500956
13-May-2026,105.92,0.882192,8.40447,8.89099,0.486521
13-May-2026,110.734,0.882192,6.59161,7.0604,0.46879
13-May-2026,115.549,0.882192,5.07302,5.51999,0.446973
14-May-2026,76.5809,0.00273973,19.1516,19.1517,6.63776e-05
14-May-2026,81.3673,0.00273973,14.3657,14.3657,3.5716e-05
14-May-2026,86.1536,0.00273973,9.57978,9.57976,1.78179e-05
14-May-2026,90.9399,0.00273973,4.79387,4.79386,9.54929e-06
14-May-2026,95.7262,0.00273973,0.361818,0.347829,0.013989
14-May-2026,100.512,0.00273973,3.9428e-09,6.65361e-10,3.27744e-09
14-May-2026,105.299,0.00273973,1.8904e-15,-4.44662e-13,4.46552e-13
14-May-2026,110.085,0.00273973,2.09342e-15,-3.02015e-15,5.11357e-15
14-May-2026,114.871,0.00273973,2.08943e-15,-2.42897e-15,4.5184e-15
14-May-2026,76.5809,0.0219178,19.2216,19.2217,8.74034e-05
14-May-2026,81.3673,0.0219178,14.4401,14.4407,0.000609685
14-May-2026,86.1536,0.0219178,9.66121,9.67084,0.00963142
14-May-2026,90.9399,0.0219178,4.98089,5.02993,0.0490361
14-May-2026,95.7262,0.0219178,1.30756,1.28436,0.0231959
14-May-2026,100.512,0.0219178,0.0744818,0.0438845,0.0305973
14-May-2026,105.299,0.0219178,0.000304781,0.000222051,8.27296e-05
14-May-2026,110.085,0.0219178,4.91211e-08,6.09107e-07,5.59986e-07
14-May-2026,114.871,0.0219178,5.1992e-13,1.42202e-09,1.4215e-09
14-May-2026,76.5809,0.0410959,19.2789,19.2807,0.00178461
14-May-2026,81.3673,0.0410959,14.5024,14.514,0.0116181
14-May-2026,86.1536,0.0410959,9.752,9.80264,0.0506417
14-May-2026,90.9399,0.0410959,5.2396,5.3425,0.102903
14-May-2026,95.7262,0.0410959,1.77154,1.76833,0.00321283
14-May-2026,100.512,0.0410959,0.24914,0.187511,0.0616288
14-May-2026,105.299,0.0410959,0.00856057,0.00720399,0.00135658
14-May-2026,110.085,0.0410959,5.26616e-05,0.000205671,0.000153009
14-May-2026,114.871,0.0410959,7.40801e-08,5.51438e-06,5.4403e-06
14-May-2026,76.5809,0.060274,19.3499,19.364,0.0141378
14-May-2026,81.3673,0.060274,14.5886,14.6368,0.0481758
14-May-2026,86.1536,0.060274,9.90525,10.023,0.117747
14-May-2026,90.9399,0.060274,5.57558,5.73758,0.161996
14-May-2026,95.7262,0.060274,2.24264,2.27962,0.036982
14-May-2026,100.512,0.060274,0.509383,0.442215,0.0671683
14-May-2026,105.299,0.060274,0.0485408,0.0445779,0.00396293
14-May-2026,110.085,0.060274,0.00161846,0.00374675,0.00212829
14-May-2026,114.871,0.060274,2.14924e-05,0.000308166,0.000286673
14-May-2026,76.5809,0.0794521,19.411,19.4463,0.0353281
14-May-2026,81.3673,0.0794521,14.6721,14.7626,0.0904887
14-May-2026,86.1536,0.0794521,10.0559,10.2296,0.173715
14-May-2026,90.9399,0.0794521,5.84886,6.05632,0.207464
14-May-2026,95.7262,0.0794521,2.58619,2.66418,0.0779945
14-May-2026,100.512,0.0794521,0.735781,0.686315,0.0494662
14-May-2026,105.299,0.0794521,0.109491,0.105951,0.00354007
14-May-2026,110.085,0.0794521,0.0074833,0.0140388,0.00655548
14-May-2026,114.871,0.0794521,0.000255748,0.00184635,0.0015906
14-May-2026,76.5809,0.128767,19.6175,19.7515,0.134008
14-May-2026,81.3673,0.128767,14.9782,15.2081,0.229949
14-May-2026,86.1536,0.128767,10.5587,10.88,0.3213
14-May-2026,90.9399,0.128767,6.60855,6.94258,0.334031
14-May-2026,95.7262,0.128767,3.46631,3.68109,0.214782
14-May-2026,100.512,0.128767,1.40547,1.46902,0.063555
14-May-2026,105.299,0.128767,0.400252,0.432508,0.0322559
14-May-2026,110.085,0.128767,0.0750735,0.110045,0.0349715
14-May-2026,114.871,0.128767,0.00955526,0.0276442,0.018089
14-May-2026,76.5809,0.213699,20.0683,20.3934,0.325078
14-May-2026,81.3673,0.213699,15.6251,16.0642,0.439111
14-May-2026,86.1536,0.213699,11.4711,11.9919,0.520816
14-May-2026,90.9399,0.213699,7.77904,8.30612,0.527078
14-May-2026,95.7262,0.213699,4.74032,5.18064,0.44032
14-May-2026,100.512,0.213699,2.50543,2.8094,0.303967
14-May-2026,105.299,0.213699,1.10401,1.30073,0.196725
14-May-2026,110.085,0.213699,0.394013,0.531999,0.137986
14-May-2026,114.871,0.213699,0.11435,0.206142,0.0917917
14-May-2026,76.5809,0.29863,20.6213,21.1084,0.487119
14-May-2026,81.3673,0.29863,16.3588,16.9572,0.598406
14-May-2026,86.1536,0.29863,12.4033,13.0752,0.671911
14-May-2026,90.9399,0.29863,8.87723,9.56025,0.683018
14-May-2026,95.7262,0.29863,5.90424,6.52846,0.624223
14-May-2026,100.512,0.29863,3.58096,4.09674,0.515785
14-May-2026,105.299,0.29863,1.94099,2.3373,0.396306
14-May-2026,110.085,0.29863,0.925653,1.22024,0.294591
14-May-2026,114.871,0.29863,0.387633,0.598698,0.211065
14-May-2026,76.5809,0.380822,21.2225,21.826,0.603514
14-May-2026,81.3673,0.380822,17.113,17.82,0.707042
14-May-2026,86.1536,0.380822,13.3097,14.0844,0.774683
14-May-2026,90.9399,0.380822,9.90322,10.6949,0.791635
14-May-2026,95.7262,0.380822,6.98055,7.73422,0.75367
14-May-2026,100.512,0.380822,4.60904,5.2801,0.671058
14-May-2026,105.299,0.380822,2.81762,3.3812,0.563576
14-May-2026,110.085,0.380822,1.57999,2.0322,0.452213
14-May-2026,114.871,0.380822,0.810366,1.15783,0.347463
14-May-2026,76.5809,0.463014,21.8917,22.5739,0.682205
14-May-2026,81.3673,0.463014,17.9209,18.6971,0.776155
14-May-2026,86.1536,0.463014,14.2481,15.0866,0.838507
14-May-2026,90.9399,0.463014,10.9416,11.8017,0.860126
14-May-2026,95.7262,0.463014,8.06435,8.90283,0.838478
14-May-2026,100.512,0.463014,5.66468,6.44348,0.778797
14-May-2026,105.299,0.463014,3.76566,4.45673,0.691072
14-May-2026,110.085,0.463014,2.35542,2.94405,0.588625
14-May-2026,114.871,0.463014,1.38284,1.86416,0.481317
14-May-2026,76.5809,0.547945,22.6017,23.3232,0.721513
14-May-2026,81.3673,0.547945,18.7546,19.5599,0.805263
14-May-2026,86.1536,0.547945,15.1942,16.0566,0.862368
14-May-2026,90.9399,0.547945,11.9729,12.86,0.887107
14-May-2026,95.7262,0.547945,9.13756,10.0153,0.87777
14-May-2026,100.512,0.547945,6.72354,7.56072,0.837179
14-May-2026,105.299,0.547945,4.74871,5.51888,0.77017
14-May-2026,110.085,0.547945,3.20755,3.89241,0.684864
14-May-2026,114.871,0.547945,2.06808,2.65613,0.588048
14-May-2026,76.5809,0.632877,23.3269,24.052,0.725062
14-May-2026,81.3673,0.632877,19.5891,20.3877,0.798552
14-May-2026,86.1536,0.632877,16.1259,16.9761,0.85022
14-May-2026,90.9399,0.632877,12.9782,13.8547,0.876491
14-May-2026,95.7262,0.632877,10.1816,11.0579,0.876264
14-May-2026,100.512,0.632877,7.76274,8.61363,0.850886
14-May-2026,105.299,0.632877,5.73512,6.53773,0.802605
14-May-2026,110.085,0.632877,4.09595,4.83226,0.736313
14-May-2026,114.871,0.632877,2.82393,3.47995,0.656018
14-May-2026,76.5809,0.712329,23.9951,24.6968,0.701713
14-May-2026,81.3673,0.712329,20.3468,21.1128,0.765992
14-May-2026,86.1536,0.712329,16.9621,17.7747,0.8126
14-May-2026,90.9399,0.712329,13.8741,14.7133,0.839163
14-May-2026,95.7262,0.712329,11.111,11.9559,0.844857
14-May-2026,100.512,0.712329,8.69331,9.52391,0.830604
14-May-2026,105.299,0.712329,6.63163,7.42869,0.797062
14-May-2026,110.085,0.712329,4.92412,5.67149,0.747366
14-May-2026,114.871,0.712329,3.55526,4.2389,0.683644
14-May-2026,76.5809,0.789041,24.6502,25.3085,0.658277
14-May-2026,81.3673,0.789041,21.0816,21.7954,0.713765
14-May-2026,86.1536,0.789041,17.7663,18.5216,0.75526
14-May-2026,90.9399,0.789041,14.7315,15.5126,0.781142
14-May-2026,95.7262,0.789041,11.9996,12.7907,0.791059
14-May-2026,100.512,0.789041,9.58683,10.3723,0.785449
14-May-2026,105.299,0.789041,7.50137,8.26551,0.764135
14-May-2026,110.085,0.789041,5.74172,6.47083,0.729114
14-May-2026,114.871,0.789041,4.29594,4.97714,0.681195
14-May-2026,76.5809,0.879452,25.3879,25.9768,0.588866
14-May-2026,81.3673,0.879452,21.9016,22.5362,0.634588
14-May-2026,86.1536,0.879452,18.6576,19.3277,0.670095
14-May-2026,90.9399,0.879452,15.6777,16.3722,0.694515
14-May-2026,95.7262,0.879452,12.9796,13.6872,0.707555
14-May-2026,100.512,0.879452,10.5756,11.2851,0.709536
14-May-2026,105.299,0.879452,8.47185,9.17142,0.699567
14-May-2026,110.085,0.879452,6.66677,7.34569,0.67892
14-May-2026,114.871,0.879452,5.151,5.79838,0.647383
15-May-2026,75.1006,0.0191781,18.8419,18.8419,1.07977e-05
15-May-2026,79.7944,0.0191781,14.1523,14.1523,2.63416e-05
15-May-2026,84.4881,0.0191781,9.46481,9.46431,0.000500777
15-May-2026,89.1819,0.0191781,4.8673,4.84985,0.0174488
15-May-2026,93.8757,0.0191781,1.25766,1.16859,0.0890714
15-May-2026,98.5695,0.0191781,0.068584,0.0344876,0.0340964
15-May-2026,103.263,0.0191781,0.000262208,3.31871e-06,0.000258889
15-May-2026,107.957,0.0191781,3.62442e-08,-1.43412e-16,3.62442e-08
15-May-2026,112.651,0.0191781,2.69063e-13,3.15688e-15,2.65906e-13
15-May-2026,75.1006,0.0383562,18.8966,18.8965,7.0924e-05
15-May-2026,79.7944,0.0383562,14.2118,14.2116,0.000238759
15-May-2026,84.4881,0.0383562,9.55214,9.54846,0.00367973
15-May-2026,89.1819,0.0383562,5.12742,5.09479,0.0326321
15-May-2026,93.8757,0.0383562,1.73496,1.63454,0.100421
15-May-2026,98.5695,0.0383562,0.247877,0.169199,0.0786784
15-May-2026,103.263,0.0383562,0.00900136,0.00122742,0.00777394
15-May-2026,107.957,0.0383562,5.98562e-05,1.83666e-08,5.98378e-05
15-May-2026,112.651,0.0383562,8.68561e-08,-3.06468e-15,8.68561e-08
15-May-2026,75.1006,0.0575342,18.9644,18.9644,7.64601e-06
15-May-2026,79.7944,0.0575342,14.2948,14.2942,0.000602462
15-May-2026,84.4881,0.0575342,9.7037,9.69654,0.00715704
15-May-2026,89.1819,0.0575342,5.46636,5.42799,0.0383735
15-May-2026,93.8757,0.0575342,2.21226,2.11409,0.0981695
15-May-2026,98.5695,0.0575342,0.514633,0.408474,0.106159
15-May-2026,103.263,0.0575342,0.0520888,0.018541,0.0335478
15-May-2026,107.957,0.0575342,0.00190313,3.56854e-05,0.00186744
15-May-2026,112.651,0.0575342,2.74376e-05,7.29118e-10,2.74369e-05
15-May-2026,75.1006,0.0767123,19.0231,19.0233,0.000203895
15-May-2026,79.7944,0.0767123,14.3763,14.376,0.000342949
15-May-2026,84.4881,0.0767123,9.85404,9.84662,0.00741611
15-May-2026,89.1819,0.0767123,5.74107,5.70502,0.0360498
15-May-2026,93.8757,0.0767123,2.55764,2.46852,0.0891165
15-May-2026,98.5695,0.0767123,0.744836,0.632888,0.111948
15-May-2026,103.263,0.0767123,0.116909,0.0597626,0.0571464
15-May-2026,107.957,0.0767123,0.00866741,0.000733696,0.00793371
15-May-2026,112.651,0.0767123,0.000321313,3.42677e-07,0.00032097
15-May-2026,75.1006,0.0958904,19.0867,19.0876,0.000855401
15-May-2026,79.7944,0.0958904,14.4707,14.4715,0.000825152
15-May-2026,84.4881,0.0958904,10.0195,10.0144,0.00514828
15-May-2026,89.1819,0.0958904,6.00975,5.98019,0.0295636
15-May-2026,93.8757,0.0958904,2.87757,2.80144,0.0761262
15-May-2026,98.5695,0.0958904,0.978035,0.870073,0.107962
15-May-2026,103.263,0.0958904,0.204646,0.129479,0.0751668
15-May-2026,107.957,0.0958904,0.0238781,0.00471164,0.0191665
15-May-2026,112.651,0.0958904,0.00161386,1.58903e-05,0.00159797
15-May-2026,75.1006,0.126027,19.2239,19.2276,0.00369158
15-May-2026,79.7944,0.126027,14.679,14.6853,0.00633893
15-May-2026,84.4881,0.126027,10.3561,10.361,0.00492175
15-May-2026,89.1819,0.126027,6.50015,6.48984,0.0103082
15-May-2026,93.8757,0.126027,3.43596,3.39056,0.045397
15-May-2026,98.5695,0.126027,1.41851,1.33402,0.0844909
15-May-2026,103.263,0.126027,0.418454,0.330458,0.0879963
15-May-2026,107.957,0.126027,0.0827759,0.0368731,0.0459028
15-May-2026,112.651,0.126027,0.0111826,0.00106669,0.0101159
15-May-2026,75.1006,0.210959,19.6682,19.6884,0.0202341
15-May-2026,79.7944,0.210959,15.3209,15.3547,0.0337528
15-May-2026,84.4881,0.210959,11.2626,11.3101,0.0475475
15-May-2026,89.1819,0.210959,7.66063,7.71443,0.0538022
15-May-2026,93.8757,0.210959,4.69702,4.73956,0.0425418
15-May-2026,98.5695,0.210959,2.51152,2.52041,0.00889094
15-May-2026,103.263,0.210959,1.12875,1.09307,0.0356798
15-May-2026,107.957,0.210959,0.414653,0.352446,0.0622072
15-May-2026,112.651,0.210959,0.124616,0.0732187,0.0513973
15-May-2026,75.1006,0.29589,20.2142,20.2567,0.0425293
15-May-2026,79.7944,0.29589,16.0464,16.1128,0.0664271
15-May-2026,84.4881,0.29589,12.1835,12.2763,0.0927931
15-May-2026,89.1819,0.29589,8.74315,8.85737,0.11422
15-May-2026,93.8757,0.29589,5.84264,5.96273,0.12009
15-May-2026,98.5695,0.29589,3.57176,3.67224,0.100485
15-May-2026,103.263,0.29589,1.96008,2.01445,0.054365
15-May-2026,107.957,0.29589,0.951269,0.948287,0.00298206
15-May-2026,112.651,0.29589,0.407154,0.363689,0.0434649
15-May-2026,75.1006,0.378082,20.8066,20.867,0.0604288
15-May-2026,79.7944,0.378082,16.7896,16.8808,0.091168
15-May-2026,84.4881,0.378082,13.0754,13.201,0.125569
15-May-2026,89.1819,0.378082,9.75089,9.9075,0.156614
15-May-2026,93.8757,0.378082,6.89847,7.07272,0.174249
15-May-2026,98.5695,0.378082,4.58087,4.74888,0.168007
15-May-2026,103.263,0.378082,2.82398,2.95641,0.132432
15-May-2026,107.957,0.378082,1.60191,1.67503,0.0731186
15-May-2026,112.651,0.378082,0.833599,0.843142,0.00954336
15-May-2026,75.1006,0.460274,21.4648,21.5331,0.0682616
15-May-2026,79.7944,0.460274,17.5836,17.6864,0.102836
15-May-2026,84.4881,0.460274,13.9963,14.1381,0.141785
15-May-2026,89.1819,0.460274,10.7684,10.947,0.178602
15-May-2026,93.8757,0.460274,7.9593,8.164,0.204703
15-May-2026,98.5695,0.460274,5.61427,5.82452,0.210252
15-May-2026,103.263,0.460274,3.75411,3.94262,0.188506
15-May-2026,107.957,0.460274,2.36667,2.50632,0.139645
15-May-2026,112.651,0.460274,1.40317,1.47771,0.0745438
15-May-2026,75.1006,0.545205,22.1615,22.2228,0.0612641
15-May-2026,79.7944,0.545205,18.401,18.4976,0.0965665
15-May-2026,84.4881,0.545205,14.9229,15.0597,0.136798
15-May-2026,89.1819,0.545205,11.7771,11.9537,0.176575
15-May-2026,93.8757,0.545205,9.00806,9.21629,0.208228
15-May-2026,98.5695,0.545205,6.64894,6.87224,0.223299
15-May-2026,103.263,0.545205,4.71591,4.93095,0.215039
15-May-2026,107.957,0.545205,3.20298,3.38394,0.180959
15-May-2026,112.651,0.545205,2.07932,2.20548,0.126163
15-May-2026,75.1006,0.630137,22.8719,22.9095,0.0375585
15-May-2026,79.7944,0.630137,19.2179,19.2889,0.070971
15-May-2026,84.4881,0.630137,15.8338,15.9442,0.110378
15-May-2026,89.1819,0.630137,12.759,12.9097,0.150704
15-May-2026,93.8757,0.630137,10.0272,10.2128,0.185601
15-May-2026,98.5695,0.630137,7.66313,7.87107,0.207936
15-May-2026,103.263,0.630137,5.67925,5.89061,0.211365
15-May-2026,107.957,0.630137,4.07226,4.26448,0.192221
15-May-2026,112.651,0.630137,2.82141,2.9736,0.152186
15-May-2026,75.1006,0.709589,23.5256,23.5269,0.00126512
15-May-2026,79.7944,0.709589,19.9585,19.9901,0.0315576
15-May-2026,84.4881,0.709589,16.6506,16.719,0.0684322
15-May-2026,89.1819,0.709589,13.6334,13.7413,0.107856
15-May-2026,93.8757,0.709589,10.9336,11.0779,0.144335
15-May-2026,98.5695,0.709589,8.57051,8.7421,0.17159
15-May-2026,103.263,0.709589,6.55376,6.73765,0.183891
15-May-2026,107.957,0.709589,4.88109,5.05825,0.177164
15-May-2026,112.651,0.709589,3.53726,3.6885,0.151241
15-May-2026,75.1006,0.786301,24.1658,24.1188,0.0469536
15-May-2026,79.7944,0.786301,20.6762,20.6553,0.0209482
15-May-2026,84.4881,0.786301,17.4355,17.4481,0.0126073
15-May-2026,89.1819,0.786301,14.4695,14.5197,0.0502227
15-May-2026,93.8757,0.786301,11.7997,11.8868,0.0870906
15-May-2026,98.5695,0.786301,9.44123,9.55903,0.117801
15-May-2026,103.263,0.786301,7.40148,7.53869,0.13721
15-May-2026,107.957,0.786301,5.67863,5.81973,0.141104
15-May-2026,112.651,0.786301,4.26085,4.3891,0.128248
15-May-2026,75.1006,0.876712,24.8862,24.7709,0.115345
15-May-2026,79.7944,0.876712,21.4764,21.3814,0.0949836
15-May-2026,84.4881,0.876712,18.3047,18.2387,0.0660477
15-May-2026,89.1819,0.876712,15.3918,15.3604,0.0314458
15-May-2026,93.8757,0.876712,12.7545,12.7593,0.00484376
15-May-2026,98.5695,0.876712,10.4043,10.4425,0.038231
15-May-2026,103.263,0.876712,8.34681,8.41074,0.063926
15-May-2026,107.957,0.876712,6.58015,6.65808,0.0779285
15-May-2026,112.651,0.876712,5.095,5.17328,0.0782815
18-May-2026,74.7191,0.0109589,18.7046,18.7046,2.06236e-05
18-May-2026,79.389,0.0109589,14.0362,14.0362,2.80729e-05
18-May-2026,84.059,0.0109589,9.36776,9.36778,1.72542e-05
18-May-2026,88.7289,0.0109589,4.70422,4.70314,0.00107748
18-May-2026,93.3989,0.0109589,0.754246,0.711318,0.0429283
18-May-2026,98.0688,0.0109589,0.00231793,0.000713288,0.00160464
18-May-2026,102.739,0.0109589,4.15456e-09,3.18653e-13,4.15424e-09
18-May-2026,74.7191,0.030137,18.7727,18.7727,1.65768e-05
18-May-2026,79.389,0.030137,14.1088,14.1088,4.35675e-05
18-May-2026,84.059,0.030137,9.455,9.4543,0.000702764
18-May-2026,88.7289,0.030137,4.96818,4.95286,0.0153153
18-May-2026,93.3989,0.030137,1.5102,1.44352,0.0666834
18-May-2026,98.0688,0.030137,0.154663,0.107892,0.0467715
18-May-2026,102.739,0.030137,0.00271242,0.000335861,0.00237656
18-May-2026,107.409,0.030137,5.17145e-06,5.13852e-10,5.17094e-06
18-May-2026,112.079,0.030137,1.27914e-09,-4.27542e-16,1.27914e-09
18-May-2026,74.7191,0.0493151,18.8286,18.8286,2.84674e-05
18-May-2026,79.389,0.0493151,14.1723,14.1726,0.000300753
18-May-2026,84.059,0.0493151,9.56287,9.56135,0.00152284
18-May-2026,88.7289,0.0493151,5.24969,5.22959,0.0200985
18-May-2026,93.3989,0.0493151,1.95154,1.88232,0.0692227
18-May-2026,98.0688,0.0493151,0.367468,0.293627,0.0738406
18-May-2026,102.739,0.0493151,0.0244182,0.00795436,0.0164638
18-May-2026,107.409,0.0493151,0.000443947,4.21772e-06,0.000439729
18-May-2026,112.079,0.0493151,2.4029e-06,5.57527e-12,2.40289e-06
18-May-2026,74.7191,0.0684932,18.8993,18.8997,0.000435549
18-May-2026,79.389,0.0684932,14.2651,14.2664,0.00131839
18-May-2026,84.059,0.0684932,9.73635,9.73587,0.000479162
18-May-2026,88.7289,0.0684932,5.59817,5.57934,0.0188304
18-May-2026,93.3989,0.0684932,2.41153,2.34781,0.0637197
18-May-2026,98.0688,0.0684932,0.654415,0.567026,0.0873887
18-May-2026,102.739,0.0684932,0.0904441,0.0477272,0.0427169
18-May-2026,107.409,0.0684932,0.00545683,0.000459115,0.00499771
18-May-2026,112.079,0.0684932,0.000149937,1.09712e-07,0.000149827
18-May-2026,74.7191,0.0876712,18.9618,18.9631,0.0013237
18-May-2026,79.389,0.0876712,14.3561,14.3593,0.0032161
18-May-2026,84.059,0.0876712,9.90044,9.90273,0.00228943
18-May-2026,88.7289,0.0876712,5.87726,5.86311,0.0141536
18-May-2026,93.3989,0.0876712,2.75062,2.69539,0.0552326
18-May-2026,98.0688,0.0876712,0.895275,0.807275,0.0879996
18-May-2026,102.739,0.0876712,0.174122,0.112584,0.0615382
18-May-2026,107.409,0.0876712,0.0180968,0.00360863,0.0144882
18-May-2026,112.079,0.0876712,0.00103112,8.64056e-06,0.00102248
18-May-2026,74.7191,0.117808,19.0798,19.0839,0.00408123
18-May-2026,79.389,0.117808,14.5354,14.5438,0.00837242
18-May-2026,84.059,0.117808,10.1992,10.2091,0.00987496
18-May-2026,88.7289,0.117808,6.32719,6.32499,0.00220054
18-May-2026,93.3989,0.117808,3.26972,3.2329,0.0368204
18-May-2026,98.0688,0.117808,1.29753,1.22064,0.0768895
18-May-2026,102.739,0.117808,0.359114,0.280014,0.0791
18-May-2026,107.409,0.117808,0.0644828,0.0268657,0.0376171
18-May-2026,112.079,0.117808,0.00759404,0.000563765,0.00703028
18-May-2026,74.7191,0.20274,19.519,19.5374,0.0183973
18-May-2026,79.389,0.20274,15.1777,15.2078,0.0300612
18-May-2026,84.059,0.20274,11.1237,11.1639,0.0402052
18-May-2026,88.7289,0.20274,7.52995,7.57088,0.0409288
18-May-2026,93.3989,0.20274,4.58424,4.60728,0.0230386
18-May-2026,98.0688,0.20274,2.42722,2.41253,0.0146883
18-May-2026,102.739,0.20274,1.07666,1.02009,0.0565674
18-May-2026,107.409,0.20274,0.388499,0.315162,0.0733366
18-May-2026,112.079,0.20274,0.11377,0.0606609,0.0531091
18-May-2026,74.7191,0.287671,20.098,20.1315,0.0334587
18-May-2026,79.389,0.287671,15.9518,16.0024,0.0505648
18-May-2026,84.059,0.287671,12.1118,12.1793,0.0674756
18-May-2026,88.7289,0.287671,8.69575,8.77358,0.0778274
18-May-2026,93.3989,0.287671,5.81931,5.8925,0.0731905
18-May-2026,98.0688,0.287671,3.56884,3.61639,0.0475528
18-May-2026,102.739,0.287671,1.96984,1.97316,0.00332102
18-May-2026,107.409,0.287671,0.964291,0.921082,0.043209
18-May-2026,112.079,0.287671,0.416941,0.348324,0.0686166
18-May-2026,74.7191,0.369863,20.7036,20.7426,0.038958
18-May-2026,79.389,0.369863,16.7127,16.7709,0.0581811
18-May-2026,84.059,0.369863,13.0258,13.1041,0.078309
18-May-2026,88.7289,0.369863,9.7288,9.82287,0.0940683
18-May-2026,93.3989,0.369863,6.90168,6.99978,0.0980999
18-May-2026,98.0688,0.369863,4.60397,4.68764,0.0836721
18-May-2026,102.739,0.369863,2.85833,2.90681,0.0484823
18-May-2026,107.409,0.369863,1.63754,1.63732,0.000218871
18-May-2026,112.079,0.369863,0.862657,0.816756,0.0459012
18-May-2026,74.7191,0.452055,21.3775,21.4083,0.0307979
18-May-2026,79.389,0.452055,17.526,17.5755,0.0494548
18-May-2026,84.059,0.452055,13.9689,14.0392,0.0702699
18-May-2026,88.7289,0.452055,10.7703,10.8591,0.0887787
18-May-2026,93.3989,0.452055,7.98736,8.08622,0.0988609
18-May-2026,98.0688,0.452055,5.6624,5.75661,0.094207
18-May-2026,102.739,0.452055,3.81356,3.8844,0.0708375
18-May-2026,107.409,0.452055,2.42747,2.45832,0.0308494
18-May-2026,112.079,0.452055,1.45658,1.44007,0.0165138
18-May-2026,74.7191,0.536986,22.0592,22.0662,0.00695524
18-May-2026,79.389,0.536986,18.3257,18.3488,0.0230939
18-May-2026,84.059,0.536986,14.8752,14.9175,0.0422856
18-May-2026,88.7289,0.536986,11.7565,11.8179,0.0614009
18-May-2026,93.3989,0.536986,9.01255,9.08756,0.0750061
18-May-2026,98.0688,0.536986,6.67434,6.75212,0.0777817
18-May-2026,102.739,0.536986,4.75603,4.82134,0.0653109
18-May-2026,107.409,0.536986,3.2503,3.28747,0.0371654
18-May-2026,112.079,0.536986,2.12634,2.12415,0.00218533
18-May-2026,74.7191,0.621918,22.8189,22.7815,0.0373591
18-May-2026,79.389,0.621918,19.1988,19.1728,0.0260067
18-May-2026,84.059,0.621918,15.8484,15.8382,0.0102461
18-May-2026,88.7289,0.621918,12.805,12.8126,0.0075586
18-May-2026,93.3989,0.621918,10.1005,10.1236,0.0230717
18-May-2026,98.0688,0.621918,7.75752,7.78936,0.0318408
18-May-2026,102.739,0.621918,5.78668,5.81618,0.0295047
18-May-2026,107.409,0.621918,4.18359,4.19796,0.0143653
18-May-2026,112.079,0.621918,2.9277,2.91547,0.0122279
18-May-2026,74.7191,0.70137,23.4882,23.3969,0.0912809
18-May-2026,79.389,0.70137,19.9564,19.8711,0.08525
18-May-2026,84.059,0.70137,16.6829,16.6094,0.0734946
18-May-2026,88.7289,0.70137,13.6977,13.6398,0.0579385
18-May-2026,93.3989,0.70137,11.0257,10.9836,0.042072
18-May-2026,98.0688,0.70137,8.6843,8.65459,0.0297121
18-May-2026,102.739,0.70137,6.68154,6.65666,0.0248791
18-May-2026,107.409,0.70137,5.01422,4.9844,0.0298183
18-May-2026,112.079,0.70137,3.66707,3.6223,0.0447722
18-May-2026,74.7191,0.778082,24.1106,23.9576,0.153034
18-May-2026,79.389,0.778082,20.6535,20.5009,0.152644
18-May-2026,84.059,0.778082,17.4446,17.2993,0.145269
18-May-2026,88.7289,0.778082,14.5087,14.3761,0.132566
18-May-2026,93.3989,0.778082,11.8655,11.7484,0.117149
18-May-2026,98.0688,0.778082,9.529,9.42638,0.102623
18-May-2026,102.739,0.778082,7.50512,7.41263,0.0924923
18-May-2026,107.409,0.778082,5.79119,5.70194,0.0892477
18-May-2026,112.079,0.778082,4.37511,4.28107,0.0940444
18-May-2026,74.7191,0.868493,24.8802,24.6364,0.243817
18-May-2026,79.389,0.868493,21.5076,21.2566,0.251017
18-May-2026,84.059,0.868493,18.3716,18.1218,0.249803
18-May-2026,88.7289,0.868493,15.4916,15.2504,0.241188
18-May-2026,93.3989,0.868493,12.8829,12.6554,0.22747
18-May-2026,98.0688,0.868493,10.5556,10.3443,0.211336
18-May-2026,102.739,0.868493,8.51409,8.3178,0.196287
18-May-2026,107.409,0.868493,6.7557,6.57103,0.184665
18-May-2026,112.079,0.868493,5.27094,5.09259,0.178352
19-May-2026,74.927,0.00821918,18.7504,18.7504,3.45404e-05
19-May-2026,79.6099,0.00821918,14.0686,14.0686,3.20415e-05
19-May-2026,84.2928,0.00821918,9.38687,9.3869,2.86273e-05
19-May-2026,88.9758,0.00821918,4.70648,4.70579,0.000685619
19-May-2026,93.6587,0.00821918,0.657987,0.601206,0.0567812
19-May-2026,98.3417,0.00821918,0.00054875,7.16539e-05,0.000477096
19-May-2026,103.025,0.00821918,2.36716e-11,8.89484e-16,2.36707e-11
19-May-2026,74.927,0.0273973,18.8188,18.8188,3.33426e-05
19-May-2026,79.6099,0.0273973,14.1415,14.1414,7.39343e-05
19-May-2026,84.2928,0.0273973,9.47226,9.4702,0.00205815
19-May-2026,88.9758,0.0273973,4.95722,4.92767,0.0295459
19-May-2026,93.6587,0.0273973,1.47223,1.36792,0.104306
19-May-2026,98.3417,0.0273973,0.139843,0.0828939,0.0569491
19-May-2026,103.025,0.0273973,0.0020829,0.000127512,0.00195539
19-May-2026,107.708,0.0273973,2.99073e-06,2.93264e-11,2.9907e-06
19-May-2026,112.39,0.0273973,4.86085e-10,-4.55982e-16,4.86085e-10
19-May-2026,74.927,0.0465753,18.8749,18.8748,5.89835e-05
19-May-2026,79.6099,0.0465753,14.2047,14.2041,0.000633168
19-May-2026,84.2928,0.0465753,9.57815,9.57016,0.00799166
19-May-2026,88.9758,0.0465753,5.24195,5.19547,0.0464831
19-May-2026,93.6587,0.0465753,1.9288,1.81217,0.116625
19-May-2026,98.3417,0.0465753,0.354508,0.255348,0.0991596
19-May-2026,103.025,0.0465753,0.0225281,0.00517487,0.0173532
19-May-2026,107.708,0.0465753,0.000379851,1.30733e-06,0.000378544
19-May-2026,112.39,0.0465753,1.82433e-06,5.6926e-13,1.82433e-06
19-May-2026,74.927,0.0657534,18.9457,18.9454,0.000254027
19-May-2026,79.6099,0.0657534,14.297,14.2946,0.00243504
19-May-2026,84.2928,0.0657534,9.75171,9.73663,0.0150794
19-May-2026,88.9758,0.0657534,5.59653,5.54032,0.0562083
19-May-2026,93.6587,0.0657534,2.40078,2.28148,0.1193
19-May-2026,98.3417,0.0657534,0.646941,0.520602,0.126339
19-May-2026,103.025,0.0657534,0.0885548,0.0381737,0.0503811
19-May-2026,107.708,0.0657534,0.00525969,0.000267161,0.00499253
19-May-2026,112.39,0.0657534,0.000140062,3.77684e-08,0.000140024
19-May-2026,74.927,0.0849315,19.0083,19.0077,0.000578393
19-May-2026,79.6099,0.0849315,14.3881,14.3841,0.00403855
19-May-2026,84.2928,0.0849315,9.91729,9.89839,0.0188953
19-May-2026,88.9758,0.0849315,5.88073,5.82231,0.0584225
19-May-2026,93.6587,0.0849315,2.74744,2.63164,0.115801
19-May-2026,98.3417,0.0849315,0.892838,0.757761,0.135077
19-May-2026,103.025,0.0849315,0.173679,0.0969807,0.0766983
19-May-2026,107.708,0.0849315,0.0180591,0.00259602,0.0154631
19-May-2026,112.39,0.0849315,0.00102215,4.57456e-06,0.00101758
19-May-2026,74.927,0.115068,19.1267,19.1256,0.00105235
19-May-2026,79.6099,0.115068,14.5687,14.563,0.00572743
19-May-2026,84.2928,0.115068,10.22,10.1989,0.0211023
19-May-2026,88.9758,0.115068,6.33881,6.28349,0.0553207
19-May-2026,93.6587,0.115068,3.27703,3.1733,0.103734
19-May-2026,98.3417,0.115068,1.30352,1.16975,0.133772
19-May-2026,103.025,0.115068,0.363065,0.256485,0.10658
19-May-2026,107.708,0.115068,0.0658563,0.0226842,0.0431721
19-May-2026,112.39,0.115068,0.00782576,0.000417435,0.00740832
19-May-2026,74.927,0.2,19.5704,19.5702,0.000223207
19-May-2026,79.6099,0.2,15.2198,15.2166,0.0031943
19-May-2026,84.2928,0.2,11.1595,11.148,0.0114826
19-May-2026,88.9758,0.2,7.56261,7.53405,0.0285583
19-May-2026,93.6587,0.2,4.61555,4.55973,0.0558175
19-May-2026,98.3417,0.2,2.45597,2.368,0.0879722
19-May-2026,103.025,0.2,1.09908,0.989838,0.109242
19-May-2026,107.708,0.2,0.401888,0.301484,0.100404
19-May-2026,112.39,0.2,0.119585,0.0572273,0.0623577
19-May-2026,74.927,0.284932,20.1584,20.1582,0.000153986
19-May-2026,79.6099,0.284932,16.0069,16.0077,0.000785663
19-May-2026,84.2928,0.284932,12.1645,12.1652,0.000655403
19-May-2026,88.9758,0.284932,8.74832,8.74484,0.00347861
19-May-2026,93.6587,0.284932,5.8721,5.85694,0.0151602
19-May-2026,98.3417,0.284932,3.61953,3.5825,0.037026
19-May-2026,103.025,0.284932,2.01386,1.94779,0.0660671
19-May-2026,107.708,0.284932,0.997178,0.906847,0.0903313
19-May-2026,112.39,0.284932,0.437375,0.343166,0.0942085
19-May-2026,74.927,0.367123,20.7745,20.7667,0.00777312
19-May-2026,79.6099,0.367123,16.7812,16.7763,0.00488236
19-May-2026,84.2928,0.367123,13.0944,13.0939,0.000522027
19-May-2026,88.9758,0.367123,9.79892,9.8017,0.00278452
19-May-2026,93.6587,0.367123,6.97305,6.97397,0.000919543
19-May-2026,98.3417,0.367123,4.67397,4.66328,0.0106941
19-May-2026,103.025,0.367123,2.92236,2.88863,0.0337264
19-May-2026,107.708,0.367123,1.69057,1.62737,0.0631998
19-May-2026,112.39,0.367123,0.90155,0.814145,0.087405
19-May-2026,74.927,0.449315,21.4605,21.4315,0.0289797
19-May-2026,79.6099,0.449315,17.6089,17.5824,0.0264515
19-May-2026,84.2928,0.449315,14.0538,14.0334,0.02041
19-May-2026,88.9758,0.449315,10.858,10.8449,0.0130787
19-May-2026,93.6587,0.449315,8.07725,8.06891,0.00834492
19-May-2026,98.3417,0.449315,5.75171,5.74079,0.0109174
19-May-2026,103.025,0.449315,3.89791,3.87362,0.0242943
19-May-2026,107.708,0.449315,2.50181,2.45417,0.0476441
19-May-2026,112.39,0.449315,1.5168,1.44214,0.074665
19-May-2026,74.927,0.534247,22.1546,22.0893,0.0652824
19-May-2026,79.6099,0.534247,18.4229,18.3577,0.0651959
19-May-2026,84.2928,0.534247,14.9757,14.9157,0.0600167
19-May-2026,88.9758,0.534247,11.8609,11.8094,0.0514702
19-May-2026,93.6587,0.534247,9.11979,9.07691,0.0428776
19-May-2026,98.3417,0.534247,6.78176,6.74311,0.038651
19-May-2026,103.025,0.534247,4.85951,4.8168,0.0427079
19-May-2026,107.708,0.534247,3.34499,3.28874,0.0562502
19-May-2026,112.39,0.534247,2.2078,2.1311,0.0766956
19-May-2026,74.927,0.619178,22.9282,22.805,0.123214
19-May-2026,79.6099,0.619178,19.3115,19.1837,0.127823
19-May-2026,84.2928,0.619178,15.9656,15.84,0.125631
19-May-2026,88.9758,0.619178,12.9269,12.809,0.117892
19-May-2026,93.6587,0.619178,10.2259,10.1186,0.10731
19-May-2026,98.3417,0.619178,7.88396,7.78615,0.09781
19-May-2026,103.025,0.619178,5.91026,5.81713,0.0931286
19-May-2026,107.708,0.619178,4.29976,4.20425,0.0955133
19-May-2026,112.39,0.619178,3.03201,2.92719,0.104824
19-May-2026,74.927,0.69863,23.6096,23.4206,0.188971
19-May-2026,79.6099,0.69863,20.0823,19.8835,0.198848
19-May-2026,84.2928,0.69863,16.8142,16.6137,0.200495
19-May-2026,88.9758,0.69863,13.8344,13.6395,0.194891
19-May-2026,93.6587,0.69863,11.1665,10.9824,0.184101
19-May-2026,98.3417,0.69863,8.82671,8.65523,0.171484
19-May-2026,103.025,0.69863,6.82198,6.6613,0.160682
19-May-2026,107.708,0.69863,5.14842,4.99416,0.154264
19-May-2026,112.39,0.69863,3.79069,3.6374,0.153288
19-May-2026,74.927,0.775342,24.2432,23.9814,0.261773
19-May-2026,79.6099,0.775342,20.7915,20.5142,0.277332
19-May-2026,84.2928,0.775342,17.5888,17.3054,0.283394
19-May-2026,88.9758,0.775342,14.6587,14.3782,0.280477
19-May-2026,93.6587,0.775342,12.0201,11.7498,0.270328
19-May-2026,98.3417,0.775342,9.68575,9.42973,0.256022
19-May-2026,103.025,0.775342,7.66065,7.41988,0.240775
19-May-2026,107.708,0.775342,5.9415,5.71417,0.227329
19-May-2026,112.39,0.775342,4.51604,4.29863,0.217407
19-May-2026,74.927,0.865753,25.0265,24.6602,0.366252
19-May-2026,79.6099,0.865753,21.6603,21.2707,0.389554
19-May-2026,84.2928,0.865753,18.5312,18.1294,0.40175
19-May-2026,88.9758,0.865753,15.6576,15.2546,0.403002
19-May-2026,93.6587,0.865753,13.054,12.6592,0.394784
19-May-2026,98.3417,0.865753,10.7295,10.35,0.379478
19-May-2026,103.025,0.865753,8.68762,8.32735,0.360265
19-May-2026,107.708,0.865753,6.92519,6.58545,0.339742
19-May-2026,112.39,0.865753,5.43245,5.11235,0.320099
20-May-2026,80.4939,0.00547945,14.2183,14.2183,4.98654e-05
20-May-2026,85.2288,0.00547945,9.48411,9.48414,3.13131e-05
20-May-2026,89.9638,0.00547945,4.75001,4.74993,7.74739e-05
20-May-2026,94.6987,0.00547945,0.497085,0.386818,0.110267
20-May-2026,99.4336,0.00547945,5.25743e-06,2.34189e-07,5.02324e-06
20-May-2026,75.759,0.0246575,19.022,19.0219,5.45859e-05
20-May-2026,80.4939,0.0246575,14.2922,14.2922,1.42729e-05
20-May-2026,85.2288,0.0246575,9.56609,9.56256,0.00353293
20-May-2026,89.9638,0.0246575,4.95032,4.87792,0.0724044
20-May-2026,94.6987,0.0246575,1.34002,1.19562,0.144404
20-May-2026,99.4336,0.0246575,0.0865145,0.0778054,0.00870908
20-May-2026,104.169,0.0246575,0.000483612,0.00117716,0.000693552
20-May-2026,108.903,0.0246575,1.34926e-07,5.25277e-06,5.11784e-06
20-May-2026,113.638,0.0246575,3.0339e-12,9.38661e-09,9.38357e-09
20-May-2026,75.759,0.0438356,19.0789,19.0788,6.76784e-05
20-May-2026,80.4939,0.0438356,14.3547,14.3527,0.00200824
20-May-2026,85.2288,0.0438356,9.66029,9.63447,0.0258216
20-May-2026,89.9638,0.0438356,5.21616,5.11007,0.106092
20-May-2026,94.6987,0.0438356,1.80577,1.73078,0.0749928
20-May-2026,99.4336,0.0438356,0.27466,0.312555,0.0378954
20-May-2026,104.169,0.0438356,0.0113881,0.029115,0.0177269
20-May-2026,108.903,0.0438356,9.571e-05,0.0015137,0.00141799
20-May-2026,113.638,0.0438356,1.96179e-07,4.91989e-05,4.90027e-05
20-May-2026,75.759,0.0630137,19.1499,19.1484,0.00153766
20-May-2026,80.4939,0.0630137,14.4428,14.4297,0.0131073
20-May-2026,85.2288,0.0630137,9.82173,9.76755,0.0541772
20-May-2026,89.9638,0.0630137,5.56755,5.49281,0.0747356
20-May-2026,94.6987,0.0630137,2.29674,2.34091,0.0441723
20-May-2026,99.4336,0.0630137,0.561189,0.712468,0.151279
20-May-2026,104.169,0.0630137,0.0630812,0.153829,0.0907482
20-May-2026,108.903,0.0630137,0.00274246,0.0243438,0.0216013
20-May-2026,113.638,0.0630137,4.93372e-05,0.00296205,0.00291271
20-May-2026,75.759,0.0821918,19.2118,19.206,0.0058102
20-May-2026,80.4939,0.0821918,14.5302,14.5039,0.0263029
20-May-2026,85.2288,0.0821918,9.98308,9.92623,0.0568478
20-May-2026,89.9638,0.0821918,5.85909,5.84456,0.0145309
20-May-2026,94.6987,0.0821918,2.66443,2.81722,0.152789
20-May-2026,99.4336,0.0821918,0.816227,1.08158,0.265351
20-May-2026,104.169,0.0821918,0.142407,0.330579,0.188172
20-May-2026,108.903,0.0821918,0.0125234,0.0820409,0.0695175
20-May-2026,113.638,0.0821918,0.000570781,0.0170001,0.0164293
20-May-2026,75.759,0.112329,19.3287,19.3108,0.0178589
20-May-2026,80.4939,0.112329,14.7084,14.6715,0.0369081
20-May-2026,85.2288,0.112329,10.2905,10.2744,0.0161397
20-May-2026,89.9638,0.112329,6.34237,6.46048,0.118108
20-May-2026,94.6987,0.112329,3.23743,3.57622,0.338787
20-May-2026,99.4336,0.112329,1.25983,1.72813,0.468299
20-May-2026,104.169,0.112329,0.339536,0.730871,0.391335
20-May-2026,108.903,0.112329,0.0588139,0.273476,0.214662
20-May-2026,113.638,0.112329,0.00654976,0.0918175,0.0852678
20-May-2026,75.759,0.19726,19.7869,19.7782,0.00872329
20-May-2026,80.4939,0.19726,15.3946,15.4667,0.0720572
20-May-2026,85.2288,0.19726,11.3035,11.5608,0.257332
20-May-2026,89.9638,0.19726,7.6899,8.2263,0.536396
20-May-2026,94.6987,0.19726,4.73677,5.56401,0.827238
20-May-2026,99.4336,0.19726,2.57034,3.58011,1.00977
20-May-2026,104.169,0.19726,1.19302,2.19712,1.0041
20-May-2026,108.903,0.19726,0.461944,1.29127,0.829321
20-May-2026,113.638,0.19726,0.147732,0.729813,0.582081
20-May-2026,75.759,0.282192,20.4337,20.5365,0.102791
20-May-2026,80.4939,0.282192,16.2748,16.5642,0.28935
20-May-2026,85.2288,0.282192,12.4416,13.0093,0.567654
20-May-2026,89.9638,0.282192,9.04646,9.94664,0.900181
20-May-2026,94.6987,0.282192,6.19114,7.40845,1.21731
20-May-2026,99.4336,0.282192,3.94221,5.38243,1.44022
20-May-2026,104.169,0.282192,2.30827,3.8211,1.51283
20-May-2026,108.903,0.282192,1.2302,2.65653,1.42633
20-May-2026,113.638,0.282192,0.593181,1.81227,1.21909
20-May-2026,75.759,0.364384,21.1388,21.3727,0.233876
20-May-2026,80.4939,0.364384,17.1692,17.6481,0.478908
20-May-2026,85.2288,0.364384,13.522,14.3172,0.795217
20-May-2026,89.9638,0.364384,10.2735,11.4172,1.14375
20-May-2026,94.6987,0.364384,7.48765,8.95759,1.46994
20-May-2026,99.4336,0.364384,5.20432,6.92207,1.71775
20-May-2026,104.169,0.364384,3.42982,5.27517,1.84535
20-May-2026,108.903,0.364384,2.13251,3.97033,1.83782
20-May-2026,113.638,0.364384,1.24671,2.95482,1.70811
20-May-2026,75.759,0.446575,21.9423,22.2929,0.350602
20-May-2026,80.4939,0.446575,18.1427,18.7693,0.626643
20-May-2026,85.2288,0.446575,14.6527,15.6099,0.957229
20-May-2026,89.9638,0.446575,11.5247,12.8323,1.30764
20-May-2026,94.6987,0.446575,8.7998,10.4356,1.63583
20-May-2026,99.4336,0.446575,6.50254,8.40288,1.90034
20-May-2026,104.169,0.446575,4.63616,6.70551,2.06935
20-May-2026,108.903,0.446575,3.18113,5.30859,2.12746
20-May-2026,113.638,0.446575,2.09685,4.17269,2.07584
20-May-2026,75.759,0.531507,22.7667,23.1934,0.426675
20-May-2026,80.4939,0.531507,19.1102,19.8251,0.714855
20-May-2026,85.2288,0.531507,15.7479,16.7943,1.04641
20-May-2026,89.9638,0.531507,12.7167,14.1085,1.39182
20-May-2026,94.6987,0.531507,10.0443,11.7619,1.71761
20-May-2026,99.4336,0.531507,7.746,9.73788,1.99188
20-May-2026,104.169,0.531507,5.82265,8.01207,2.18942
20-May-2026,108.903,0.531507,4.2603,6.5563,2.296
20-May-2026,113.638,0.531507,3.0311,5.33892,2.30782
20-May-2026,75.759,0.616438,23.693,24.1564,0.463396
20-May-2026,80.4939,0.616438,20.1723,20.9252,0.752901
20-May-2026,85.2288,0.616438,16.9286,18.0065,1.0779
20-May-2026,89.9638,0.616438,13.9875,15.4012,1.41373
20-May-2026,94.6987,0.616438,11.3671,13.101,1.73388
20-May-2026,99.4336,0.616438,9.07618,11.0898,2.01363
20-May-2026,104.169,0.616438,7.11397,9.34657,2.2326
20-May-2026,108.903,0.616438,5.46955,7.84781,2.37826
20-May-2026,113.638,0.616438,4.12282,6.56738,2.44456
20-May-2026,75.759,0.69589,24.5119,24.9707,0.45876
20-May-2026,80.4939,0.69589,21.0959,21.8391,0.743202
20-May-2026,85.2288,0.69589,17.9424,19.0013,1.05889
20-May-2026,89.9638,0.69589,15.0701,16.4548,1.38466
20-May-2026,94.6987,0.69589,12.4916,14.1899,1.69831
20-May-2026,99.4336,0.69589,10.212,12.1914,1.97945
20-May-2026,104.169,0.69589,8.22927,10.4402,2.21097
20-May-2026,108.903,0.69589,6.53411,8.91577,2.38166
20-May-2026,113.638,0.69589,5.11046,7.59519,2.48473
20-May-2026,75.759,0.772603,25.2744,25.7018,0.427426
20-May-2026,80.4939,0.772603,21.9458,22.6502,0.704401
20-May-2026,85.2288,0.772603,18.8673,19.8772,1.00986
20-May-2026,89.9638,0.772603,16.0528,17.3782,1.32536
20-May-2026,94.6987,0.772603,13.5109,15.143,1.63208
20-May-2026,99.4336,0.772603,11.2445,13.1569,1.91242
20-May-2026,104.169,0.772603,9.25066,11.4023,2.15168
20-May-2026,108.903,0.772603,7.52102,9.86077,2.33975
20-May-2026,113.638,0.772603,6.04205,8.5117,2.46965
20-May-2026,75.759,0.863014,26.2166,26.5748,0.35825
20-May-2026,80.4939,0.863014,22.986,23.6094,0.623412
20-May-2026,85.2288,0.863014,19.9912,20.9062,0.915048
20-May-2026,89.9638,0.863014,17.2417,18.4591,1.2174
20-May-2026,94.6987,0.863014,14.7428,16.2574,1.51456
20-May-2026,99.4336,0.863014,12.4951,14.2871,1.79196
20-May-2026,104.169,0.863014,10.4952,12.532,2.03681
20-May-2026,108.903,0.863014,8.73537,10.9757,2.24035
20-May-2026,113.638,0.863014,7.20417,9.59987,2.3957
21-May-2026,76.5887,0.00273973,19.1537,19.1537,3.47517e-05
21-May-2026,81.3755,0.00273973,14.3673,14.3673,4.31742e-05
21-May-2026,86.1623,0.00273973,9.58094,9.58095,1.15967e-05
21-May-2026,90.9491,0.00273973,4.79455,4.79456,1.00201e-05
21-May-2026,95.7359,0.00273973,0.355339,0.238131,0.117208
21-May-2026,100.523,0.00273973,4.99563e-09,-7.064e-10,5.70203e-09
21-May-2026,76.5887,0.0219178,19.2256,19.2256,1.97682e-05
21-May-2026,81.3755,0.0219178,14.4437,14.4437,2.09974e-05
21-May-2026,86.1623,0.0219178,9.66436,9.66178,0.00257908
21-May-2026,90.9491,0.0219178,4.98243,4.89486,0.0875714
21-May-2026,95.7359,0.0219178,1.30638,1.02637,0.280013
21-May-2026,100.523,0.0219178,0.0742383,0.0360164,0.0382219
21-May-2026,105.309,0.0219178,0.00030507,0.000186989,0.000118081
21-May-2026,110.096,0.0219178,4.95171e-08,2.15153e-07,1.65636e-07
21-May-2026,114.883,0.0219178,5.18663e-13,8.47862e-11,8.42675e-11
21-May-2026,76.5887,0.0410959,19.2843,19.2843,1.27609e-05
21-May-2026,81.3755,0.0410959,14.5077,14.5061,0.00161618
21-May-2026,86.1623,0.0410959,9.75799,9.72933,0.0286587
21-May-2026,90.9491,0.0410959,5.25092,5.0653,0.185617
21-May-2026,95.7359,0.0410959,1.79134,1.52486,0.266482
21-May-2026,100.523,0.0410959,0.261333,0.203786,0.0575473
21-May-2026,105.309,0.0410959,0.00992176,0.0118238,0.00190201
21-May-2026,110.096,0.0410959,7.16649e-05,0.000339161,0.000267496
21-May-2026,114.883,0.0410959,1.18099e-07,5.65818e-06,5.54008e-06
21-May-2026,76.5887,0.060274,19.3574,19.356,0.00136264
21-May-2026,81.3755,0.060274,14.5973,14.5827,0.0145627
21-May-2026,86.1623,0.060274,9.92046,9.83263,0.0878288
21-May-2026,90.9491,0.060274,5.60962,5.37855,0.23107
21-May-2026,95.7359,0.060274,2.29747,2.0933,0.204168
21-May-2026,100.523,0.060274,0.552315,0.532945,0.0193704
21-May-2026,105.309,0.060274,0.0602237,0.0887736,0.0285499
21-May-2026,110.096,0.060274,0.00248884,0.0101888,0.00769995
21-May-2026,114.883,0.060274,4.15161e-05,0.000863728,0.000822212
21-May-2026,76.5887,0.0794521,19.4208,19.4147,0.00605334
21-May-2026,81.3755,0.0794521,14.686,14.6489,0.0370843
21-May-2026,86.1623,0.0794521,10.0842,9.95249,0.131707
21-May-2026,90.9491,0.0794521,5.90774,5.68227,0.225468
21-May-2026,95.7359,0.0794521,2.67491,2.53768,0.137228
21-May-2026,100.523,0.0794521,0.812456,0.8534,0.0409438
21-May-2026,105.309,0.0794521,0.139682,0.217073,0.0773913
21-May-2026,110.096,0.0794521,0.0119948,0.0430393,0.0310445
21-May-2026,114.883,0.0794521,0.000527049,0.00692906,0.00640201
21-May-2026,76.5887,0.109589,19.5404,19.5148,0.025628
21-May-2026,81.3755,0.109589,14.8674,14.7829,0.0845355
21-May-2026,86.1623,0.109589,10.3973,10.2284,0.168942
21-May-2026,90.9491,0.109589,6.40189,6.23081,0.171079
21-May-2026,95.7359,0.109589,3.26167,3.24697,0.0146955
21-May-2026,100.523,0.109589,1.26541,1.43111,0.165702
21-May-2026,105.309,0.109589,0.339525,0.536542,0.197017
21-May-2026,110.096,0.109589,0.058412,0.173788,0.115376
21-May-2026,114.883,0.109589,0.00643145,0.0496493,0.0432179
21-May-2026,76.5887,0.194521,20.0089,19.8962,0.112686
21-May-2026,81.3755,0.194521,15.5679,15.4221,0.145826
21-May-2026,86.1623,0.194521,11.4316,11.3349,0.0967233
21-May-2026,90.9491,0.194521,7.77839,7.85031,0.0719211
21-May-2026,95.7359,0.194521,4.79327,5.11073,0.317463
21-May-2026,100.523,0.194521,2.60331,3.13089,0.527581
21-May-2026,105.309,0.194521,1.2103,1.81192,0.601619
21-May-2026,110.096,0.194521,0.469789,0.995678,0.525889
21-May-2026,114.883,0.194521,0.150679,0.52276,0.372081
21-May-2026,76.5887,0.279452,20.6705,20.5195,0.150993
21-May-2026,81.3755,0.279452,16.4673,16.3677,0.0996363
21-May-2026,86.1623,0.279452,12.5937,12.6447,0.0510175
21-May-2026,90.9491,0.279452,9.16269,9.45479,0.292099
21-May-2026,95.7359,0.279452,6.27688,6.84715,0.570273
21-May-2026,100.523,0.279452,4.0029,4.81077,0.807872
21-May-2026,105.309,0.279452,2.34905,3.28738,0.938328
21-May-2026,110.096,0.279452,1.25578,2.19048,0.934698
21-May-2026,114.883,0.279452,0.607871,1.42748,0.819609
21-May-2026,76.5887,0.361644,21.3915,21.2388,0.152655
21-May-2026,81.3755,0.361644,17.3809,17.3375,0.0434371
21-May-2026,86.1623,0.361644,13.6962,13.8517,0.155523
21-May-2026,90.9491,0.361644,10.4141,10.8367,0.42256
21-May-2026,95.7359,0.361644,7.59875,8.3103,0.711549
21-May-2026,100.523,0.361644,5.28993,6.25583,0.9659
21-May-2026,105.309,0.361644,3.49374,4.63087,1.13713
21-May-2026,110.096,0.361644,2.17834,3.37645,1.19811
21-May-2026,114.883,0.361644,1.27793,2.42926,1.15133
21-May-2026,76.5887,0.443836,22.2128,22.0546,0.158224
21-May-2026,81.3755,0.443836,18.3748,18.3611,0.0137422
21-May-2026,86.1623,0.443836,14.8497,15.0574,0.207708
21-May-2026,90.9491,0.443836,11.6897,12.1725,0.482794
21-May-2026,95.7359,0.443836,8.93619,9.70997,0.773778
21-May-2026,100.523,0.443836,6.61339,7.65166,1.03827
21-May-2026,105.309,0.443836,4.72444,5.96421,1.23977
21-May-2026,110.096,0.443836,3.24965,4.60356,1.35391
21-May-2026,114.883,0.443836,2.14837,3.52303,1.37466
21-May-2026,76.5887,0.528767,23.0549,22.8685,0.186355
21-May-2026,81.3755,0.528767,19.3622,19.337,0.0251917
21-May-2026,86.1623,0.528767,15.9665,16.1696,0.20312
21-May-2026,90.9491,0.528767,12.9047,13.3813,0.476557
21-May-2026,95.7359,0.528767,10.2045,10.9687,0.764237
21-May-2026,100.523,0.528767,7.88077,8.91401,1.03324
21-May-2026,105.309,0.528767,5.93447,7.18916,1.25469
21-May-2026,110.096,0.528767,4.35146,5.7587,1.40724
21-May-2026,114.883,0.528767,3.10387,4.58574,1.48187
21-May-2026,76.5887,0.613699,24.0006,23.7509,0.249689
21-May-2026,81.3755,0.613699,20.4458,20.3628,0.0829647
21-May-2026,86.1623,0.613699,17.1703,17.3135,0.143197
21-May-2026,90.9491,0.613699,14.1998,14.6089,0.409126
21-May-2026,95.7359,0.613699,11.5522,12.2421,0.689887
21-May-2026,100.523,0.613699,9.23628,10.1956,0.959293
21-May-2026,105.309,0.613699,7.25105,8.44547,1.19442
21-May-2026,110.096,0.613699,5.58548,6.96234,1.37686
21-May-2026,114.883,0.613699,4.21946,5.71614,1.49668
21-May-2026,76.5887,0.693151,24.8365,24.504,0.33246
21-May-2026,81.3755,0.693151,21.3877,21.2202,0.16754
21-May-2026,86.1623,0.693151,18.2036,18.2556,0.0519735
21-May-2026,90.9491,0.693151,15.3029,15.6116,0.308654
21-May-2026,95.7359,0.693151,12.6978,13.2792,0.581445
21-May-2026,100.523,0.693151,10.3935,11.2419,0.848422
21-May-2026,105.309,0.693151,8.38791,9.4782,1.09029
21-May-2026,110.096,0.693151,6.67143,7.96231,1.29088
21-May-2026,114.883,0.693151,5.22806,6.66835,1.44029
21-May-2026,76.5887,0.769863,25.6145,25.1846,0.429882
21-May-2026,81.3755,0.769863,22.2543,21.9842,0.270117
21-May-2026,86.1623,0.769863,19.1462,19.0871,0.0590889
21-May-2026,90.9491,0.769863,16.304,16.4917,0.187713
21-May-2026,95.7359,0.769863,13.7362,14.1881,0.45194
21-May-2026,100.523,0.769863,11.4454,12.1603,0.714911
21-May-2026,105.309,0.769863,9.42886,10.3887,0.959819
21-May-2026,110.096,0.769863,7.67789,8.85002,1.17213
21-May-2026,114.883,0.769863,6.17899,7.52136,1.34237
21-May-2026,76.5887,0.860274,26.5755,26.0016,0.573931
21-May-2026,81.3755,0.860274,23.3146,22.8909,0.42372
21-May-2026,86.1623,0.860274,20.2914,20.0663,0.225149
21-May-2026,90.9491,0.860274,17.5151,17.5235,0.00842126
21-May-2026,95.7359,0.860274,14.9909,15.2522,0.261255
21-May-2026,100.523,0.860274,12.7195,13.2368,0.517334
21-May-2026,105.309,0.860274,10.6971,11.4598,0.762711
21-May-2026,110.096,0.860274,8.91598,9.90031,0.984327
21-May-2026,114.883,0.860274,7.36476,8.5381,1.17334
22-May-2026,75.8119,0.0191781,19.0249,19.025,5.90925e-05
22-May-2026,80.5502,0.0191781,14.2912,14.2912,2.46117e-05
22-May-2026,85.2884,0.0191781,9.56004,9.55898,0.00106209
22-May-2026,90.0267,0.0191781,4.92844,4.88379,0.0446517
22-May-2026,94.7649,0.0191781,1.30635,1.05112,0.255234
22-May-2026,99.5031,0.0191781,0.0808323,0.0127971,0.0680352
22-May-2026,104.241,0.0191781,0.000439757,3.87548e-06,0.000435882
22-May-2026,108.98,0.0191781,1.10561e-07,2.56187e-10,1.10305e-07
22-May-2026,113.718,0.0191781,1.61169e-12,9.91434e-15,1.60178e-12
22-May-2026,75.8119,0.0383562,19.0838,19.0839,0.000103125
22-May-2026,80.5502,0.0383562,14.3556,14.3558,0.000164084
22-May-2026,85.2884,0.0383562,9.65747,9.65028,0.00718966
22-May-2026,90.0267,0.0383562,5.21566,5.12964,0.0860224
22-May-2026,94.7649,0.0383562,1.82134,1.53917,0.282174
22-May-2026,99.5031,0.0383562,0.29081,0.114534,0.176276
22-May-2026,104.241,0.0383562,0.0138973,0.00137663,0.0125207
22-May-2026,108.98,0.0383562,0.000145828,6.70419e-06,0.000139124
22-May-2026,113.718,0.0383562,3.55812e-07,2.42462e-08,3.31566e-07
22-May-2026,75.8119,0.0575342,19.1573,19.1586,0.00128601
22-May-2026,80.5502,0.0575342,14.4478,14.4504,0.00257841
22-May-2026,85.2884,0.0575342,9.83043,9.81844,0.0119937
22-May-2026,90.0267,0.0575342,5.59503,5.49291,0.102116
22-May-2026,94.7649,0.0575342,2.34937,2.07764,0.271731
22-May-2026,99.5031,0.0575342,0.607096,0.361546,0.24555
22-May-2026,104.241,0.0575342,0.0777115,0.0222852,0.0554263
22-May-2026,108.98,0.0575342,0.00416004,0.000720629,0.00343941
22-May-2026,113.718,0.0575342,9.35471e-05,1.8341e-05,7.52061e-05
22-May-2026,75.8119,0.0767123,19.2219,19.2265,0.00458498
22-May-2026,80.5502,0.0767123,14.5408,14.5489,0.00812852
22-May-2026,85.2884,0.0767123,10.0044,9.99543,0.00896833
22-May-2026,90.0267,0.0767123,5.90686,5.81033,0.0965278
22-May-2026,94.7649,0.0767123,2.73938,2.49328,0.246097
22-May-2026,99.5031,0.0767123,0.883764,0.624025,0.259739
22-May-2026,104.241,0.0767123,0.171992,0.0758371,0.0961549
22-May-2026,108.98,0.0767123,0.0179968,0.00543182,0.012565
22-May-2026,113.718,0.0767123,0.00100283,0.000310642,0.000692188
22-May-2026,75.8119,0.0958904,19.2933,19.3042,0.0108509
22-May-2026,80.5502,0.0958904,14.6505,14.6678,0.0173202
22-May-2026,85.2884,0.0958904,10.1977,10.1981,0.000405033
22-May-2026,90.0267,0.0958904,6.21545,6.13492,0.0805284
22-May-2026,94.7649,0.0958904,3.10617,2.89356,0.212613
22-May-2026,99.5031,0.0958904,1.16705,0.916367,0.250683
22-May-2026,104.241,0.0958904,0.298302,0.170959,0.127343
22-May-2026,108.98,0.0958904,0.0477551,0.0205369,0.0272182
22-May-2026,113.718,0.0958904,0.00471784,0.00198127,0.00273657
22-May-2026,75.8119,0.106849,19.3455,19.3622,0.0167359
22-May-2026,80.5502,0.106849,14.7323,14.7576,0.025255
22-May-2026,85.2884,0.106849,10.3343,10.3438,0.00950209
22-May-2026,90.0267,0.106849,6.41889,6.3528,0.0660855
22-May-2026,94.7649,0.106849,3.34134,3.15342,0.187916
22-May-2026,99.5031,0.106849,1.3577,1.12115,0.236548
22-May-2026,104.241,0.106849,0.397165,0.256904,0.140261
22-May-2026,108.98,0.106849,0.0781604,0.0398523,0.0383081
22-May-2026,113.718,0.106849,0.0101836,0.00498382,0.00519978
22-May-2026,75.8119,0.191781,19.8353,19.9206,0.0853381
22-May-2026,80.5502,0.191781,15.4649,15.5733,0.108441
22-May-2026,85.2884,0.191781,11.4055,11.5121,0.106622
22-May-2026,90.0267,0.191781,7.82642,7.89208,0.0656602
22-May-2026,94.7649,0.191781,4.8972,4.89049,0.00671478
22-May-2026,99.5031,0.191781,2.72968,2.65603,0.0736515
22-May-2026,104.241,0.191781,1.32212,1.22838,0.0937363
22-May-2026,108.98,0.191781,0.544491,0.47851,0.0659813
22-May-2026,113.718,0.191781,0.18855,0.160516,0.0280341
22-May-2026,75.8119,0.276712,20.5211,20.6869,0.165824
22-May-2026,80.5502,0.276712,16.3909,16.5854,0.194546
22-May-2026,85.2884,0.276712,12.5908,12.792,0.201242
22-May-2026,90.0267,0.276712,9.22688,9.40612,0.179235
22-May-2026,94.7649,0.276712,6.39218,6.5249,0.132721
22-May-2026,99.5031,0.276712,4.1453,4.22179,0.0764945
22-May-2026,104.241,0.276712,2.49149,2.52142,0.029931
22-May-2026,108.98,0.276712,1.37581,1.38061,0.00479685
22-May-2026,113.718,0.276712,0.694063,0.693727,0.000336203
22-May-2026,75.8119,0.358904,21.2607,21.4754,0.214689
22-May-2026,80.5502,0.358904,17.3216,17.5619,0.24033
22-May-2026,85.2884,0.358904,13.7063,13.9534,0.247126
22-May-2026,90.0267,0.358904,10.4859,10.7181,0.232225
22-May-2026,94.7649,0.358904,7.7185,7.9171,0.198602
22-May-2026,99.5031,0.358904,5.43901,5.5932,0.154194
22-May-2026,104.241,0.358904,3.65127,3.7608,0.109527
22-May-2026,108.98,0.358904,2.32515,2.39798,0.0728301
22-May-2026,113.718,0.358904,1.40038,1.44871,0.0483258
22-May-2026,75.8119,0.441096,22.0966,22.3224,0.225751
22-May-2026,80.5502,0.441096,18.3275,18.5703,0.24275
22-May-2026,85.2884,0.441096,14.8674,15.1122,0.244845
22-May-2026,90.0267,0.441096,11.7648,11.9961,0.231326
22-May-2026,94.7649,0.441096,9.05693,9.2618,0.204872
22-May-2026,99.5031,0.441096,6.76478,6.9353,0.170525
22-May-2026,104.241,0.441096,4.88996,5.02433,0.134372
22-May-2026,108.98,0.441096,3.41342,3.51468,0.101256
22-May-2026,113.718,0.441096,2.29734,2.37236,0.0750237
22-May-2026,75.8119,0.526027,22.9489,23.1445,0.19563
22-May-2026,80.5502,0.526027,19.3222,19.5235,0.201333
22-May-2026,85.2884,0.526027,15.988,16.1841,0.196091
22-May-2026,90.0267,0.526027,12.9803,13.1609,0.180597
22-May-2026,94.7649,0.526027,10.3238,10.4813,0.157495
22-May-2026,99.5031,0.526027,8.03152,8.16176,0.130236
22-May-2026,104.241,0.526027,6.10307,6.20588,0.10281
22-May-2026,108.98,0.526027,4.52461,4.60249,0.0778771
22-May-2026,113.718,0.526027,3.26984,3.32795,0.0581089
22-May-2026,75.8119,0.610959,23.9021,24.0226,0.120526
22-May-2026,80.5502,0.610959,20.4101,20.5226,0.112524
22-May-2026,85.2884,0.610959,17.1928,17.2906,0.0977831
22-May-2026,90.0267,0.610959,14.2735,14.3515,0.0779711
22-May-2026,94.7649,0.610959,11.6682,11.7238,0.055604
22-May-2026,99.5031,0.610959,9.38417,9.41755,0.0333847
22-May-2026,104.241,0.610959,7.41958,7.43343,0.0138548
22-May-2026,108.98,0.610959,5.76353,5.76177,0.00176195
22-May-2026,113.718,0.610959,4.39679,4.38493,0.0118554
22-May-2026,75.8119,0.690411,24.742,24.7661,0.0240688
22-May-2026,80.5502,0.690411,21.3536,21.3572,0.00359781
22-May-2026,85.2884,0.690411,18.2252,18.2052,0.0200311
22-May-2026,90.0267,0.690411,15.3737,15.3289,0.0447839
22-May-2026,94.7649,0.690411,12.8098,12.7417,0.0680943
22-May-2026,99.5031,0.690411,10.5376,10.4498,0.0878483
22-May-2026,104.241,0.690411,8.55437,8.45207,0.1023
22-May-2026,108.98,0.690411,6.85062,6.73967,0.110953
22-May-2026,113.718,0.690411,5.41089,5.29802,0.112873
22-May-2026,75.8119,0.767123,25.522,25.4351,0.0869498
22-May-2026,80.5502,0.767123,22.2202,22.1013,0.118914
22-May-2026,85.2884,0.767123,19.1658,19.0148,0.150989
22-May-2026,90.0267,0.767123,16.3712,16.1903,0.180875
22-May-2026,94.7649,0.767123,13.8436,13.6375,0.206083
22-May-2026,99.5031,0.767123,11.5851,11.3601,0.225004
22-May-2026,104.241,0.767123,9.59218,9.35595,0.236232
22-May-2026,108.98,0.767123,7.85625,7.61647,0.239776
22-May-2026,113.718,0.767123,6.36423,6.12907,0.235165
22-May-2026,75.8119,0.857534,26.4838,26.2359,0.247901
22-May-2026,80.5502,0.857534,23.279,22.9851,0.293895
22-May-2026,85.2884,0.857534,20.3073,19.9708,0.336515
22-May-2026,90.0267,0.857534,17.5769,17.2036,0.373254
22-May-2026,94.7649,0.857534,15.0921,14.6901,0.401999
22-May-2026,99.5031,0.857534,12.8529,12.4316,0.421289
22-May-2026,104.241,0.857534,10.8553,10.4251,0.43024
22-May-2026,108.98,0.857534,9.09145,8.66218,0.429269
22-May-2026,113.718,0.857534,7.5503,7.132,0.418299
25-May-2026,75.4717,0.0109589,18.8944,18.8944,2.5781e-05
25-May-2026,80.1887,0.0109589,14.1791,14.179,7.11358e-05
25-May-2026,84.9056,0.0109589,9.46375,9.46378,3.35478e-05
25-May-2026,89.6226,0.0109589,4.75409,4.74938,0.00470889
25-May-2026,94.3396,0.0109589,0.778651,0.553744,0.224907
25-May-2026,99.0566,0.0109589,0.0029509,1.19275e-06,0.00294971
25-May-2026,103.774,0.0109589,1.04033e-08,-2.35734e-14,1.04033e-08
25-May-2026,75.4717,0.030137,18.9672,18.9671,6.34934e-05
25-May-2026,80.1887,0.030137,14.2567,14.2566,0.000105808
25-May-2026,84.9056,0.030137,9.55866,9.55285,0.00581482
25-May-2026,89.6226,0.030137,5.04454,4.95608,0.0884568
25-May-2026,94.3396,0.030137,1.57895,1.23994,0.339008
25-May-2026,99.0566,0.030137,0.1816,0.0303868,0.151213
25-May-2026,103.774,0.030137,0.00429622,2.05576e-05,0.00427566
25-May-2026,108.491,0.030137,1.36669e-05,2.82383e-09,1.36641e-05
25-May-2026,113.208,0.030137,6.16636e-09,2.5548e-13,6.1661e-09
25-May-2026,75.4717,0.0493151,19.027,19.0271,0.000110589
25-May-2026,80.1887,0.0493151,14.3258,14.3253,0.000531578
25-May-2026,84.9056,0.0493151,9.68006,9.66234,0.0177212
25-May-2026,89.6226,0.0493151,5.35628,5.22925,0.127027
25-May-2026,94.3396,0.0493151,2.05906,1.7113,0.347764
25-May-2026,99.0566,0.0493151,0.430349,0.164873,0.265476
25-May-2026,103.774,0.0493151,0.0364631,0.00221129,0.0342518
25-May-2026,108.491,0.0493151,0.000995113,9.02877e-06,0.000986084
25-May-2026,113.208,0.0493151,8.73909e-06,2.5041e-08,8.71405e-06
25-May-2026,75.4717,0.0684932,19.1035,19.1053,0.00178006
25-May-2026,80.1887,0.0684932,14.4295,14.4307,0.00121954
25-May-2026,84.9056,0.0684932,9.87844,9.85376,0.0246764
25-May-2026,89.6226,0.0684932,5.7469,5.61144,0.135457
25-May-2026,94.3396,0.0684932,2.57,2.24871,0.321295
25-May-2026,99.0566,0.0684932,0.769339,0.446989,0.32235
25-May-2026,103.774,0.0684932,0.131084,0.0288805,0.102203
25-May-2026,108.491,0.0684932,0.0111295,0.000742627,0.0103869
25-May-2026,113.208,0.0684932,0.000462626,1.2981e-05,0.000449645
25-May-2026,75.4717,0.0876712,19.1725,19.1783,0.0058036
25-May-2026,80.1887,0.0876712,14.5338,14.5405,0.00671927
25-May-2026,84.9056,0.0876712,10.0681,10.0475,0.0205748
25-May-2026,89.6226,0.0876712,6.06357,5.94064,0.122926
25-May-2026,94.3396,0.0876712,2.95321,2.66818,0.285026
25-May-2026,99.0566,0.0876712,1.05703,0.732416,0.324614
25-May-2026,103.774,0.0876712,0.249021,0.0934917,0.155529
25-May-2026,108.491,0.0876712,0.035201,0.005671,0.02953
25-May-2026,113.208,0.0876712,0.00292492,0.000232026,0.00269289
25-May-2026,75.4717,0.0986301,19.223,19.2332,0.0101773
25-May-2026,80.1887,0.0986301,14.6127,14.6255,0.0127819
25-May-2026,84.9056,0.0986301,10.2038,10.1903,0.0134609
25-May-2026,89.6226,0.0986301,6.27209,6.16351,0.108583
25-May-2026,94.3396,0.0986301,3.19701,2.93987,0.25714
25-May-2026,99.0566,0.0986301,1.25091,0.937823,0.313087
25-May-2026,103.774,0.0986301,0.344091,0.162471,0.18162
25-May-2026,108.491,0.0986301,0.0617533,0.0148403,0.046913
25-May-2026,113.208,0.0986301,0.00708372,0.000916359,0.00616736
25-May-2026,75.4717,0.183562,19.7043,19.7799,0.0756407
25-May-2026,80.1887,0.183562,15.339,15.4347,0.0957408
25-May-2026,84.9056,0.183562,11.2821,11.3716,0.0895355
25-May-2026,89.6226,0.183562,7.70772,7.74779,0.0400721
25-May-2026,94.3396,0.183562,4.79036,4.74343,0.0469268
25-May-2026,99.0566,0.183562,2.64388,2.51186,0.132018
25-May-2026,103.774,0.183562,1.26306,1.09989,0.163171
25-May-2026,108.491,0.183562,0.510623,0.383541,0.127082
25-May-2026,113.208,0.183562,0.1726,0.106033,0.0665675
25-May-2026,75.4717,0.268493,20.357,20.5152,0.158228
25-May-2026,80.1887,0.268493,16.2268,16.4143,0.187519
25-May-2026,84.9056,0.268493,12.4266,12.6197,0.193139
25-May-2026,89.6226,0.268493,9.06587,9.23201,0.166139
25-May-2026,94.3396,0.268493,6.24131,6.34958,0.108268
25-May-2026,99.0566,0.268493,4.01301,4.04788,0.0348655
25-May-2026,103.774,0.268493,2.38489,2.35469,0.0302011
25-May-2026,108.491,0.268493,1.29797,1.23153,0.0664389
25-May-2026,113.208,0.268493,0.643056,0.57327,0.0697864
25-May-2026,75.4717,0.350685,21.0974,21.31,0.212559
25-May-2026,80.1887,0.350685,17.1631,17.4031,0.240035
25-May-2026,84.9056,0.350685,13.5533,13.8,0.246725
25-May-2026,89.6226,0.350685,10.3406,10.5686,0.228002
25-May-2026,94.3396,0.350685,7.58448,7.76962,0.185141
25-May-2026,99.0566,0.350685,5.32034,5.44633,0.125991
25-May-2026,103.774,0.350685,3.55138,3.61444,0.0630629
25-May-2026,108.491,0.350685,2.24587,2.25569,0.00981636
25-May-2026,113.208,0.350685,1.34136,1.31633,0.0250305
25-May-2026,75.4717,0.432877,21.9768,22.2006,0.223764
25-May-2026,80.1887,0.432877,18.2232,18.4648,0.241633
25-May-2026,84.9056,0.432877,14.7784,15.0213,0.242879
25-May-2026,89.6226,0.432877,11.6908,11.9163,0.225517
25-May-2026,94.3396,0.432877,8.99726,9.18851,0.191255
25-May-2026,99.0566,0.432877,6.71846,6.86333,0.144871
25-May-2026,103.774,0.432877,4.85552,4.94876,0.0932429
25-May-2026,108.491,0.432877,3.389,3.43335,0.0443539
25-May-2026,113.208,0.432877,2.28086,2.28528,0.00442176
25-May-2026,75.4717,0.517808,22.8359,23.0232,0.187263
25-May-2026,80.1887,0.517808,19.226,19.4185,0.192544
25-May-2026,84.9056,0.517808,15.9082,16.0935,0.185266
25-May-2026,89.6226,0.517808,12.916,13.0815,0.165486
25-May-2026,94.3396,0.517808,10.2739,10.4089,0.135007
25-May-2026,99.0566,0.517808,7.99453,8.09177,0.0972413
25-May-2026,103.774,0.517808,6.07715,6.13371,0.0565644
25-May-2026,108.491,0.517808,4.5077,4.52559,0.0178883
25-May-2026,113.208,0.517808,3.25984,3.24483,0.0150101
25-May-2026,75.4717,0.60274,23.7555,23.8608,0.105286
25-May-2026,80.1887,0.60274,20.2759,20.3717,0.0958109
25-May-2026,84.9056,0.60274,17.071,17.1492,0.0782149
25-May-2026,89.6226,0.60274,14.164,14.2177,0.05372
25-May-2026,94.3396,0.60274,11.571,11.5953,0.024261
25-May-2026,99.0566,0.60274,9.29911,9.29173,0.00737959
25-May-2026,103.774,0.60274,7.34638,7.30784,0.0385426
25-May-2026,108.491,0.60274,5.70163,5.63547,0.0661586
25-May-2026,113.208,0.60274,4.34542,4.25718,0.0882419
25-May-2026,75.4717,0.682192,24.6017,24.5993,0.00240239
25-May-2026,80.1887,0.682192,21.2268,21.201,0.0257613
25-May-2026,84.9056,0.682192,18.1115,18.0583,0.053153
25-May-2026,89.6226,0.682192,15.2729,15.1897,0.0831896
25-May-2026,94.3396,0.682192,12.7214,12.608,0.113399
25-May-2026,99.0566,0.682192,10.4612,10.3194,0.14183
25-May-2026,103.774,0.682192,8.48915,8.32273,0.166417
25-May-2026,108.491,0.682192,6.7958,6.61045,0.185349
25-May-2026,113.208,0.682192,5.36552,5.16782,0.197699
25-May-2026,75.4717,0.758904,25.4288,25.2965,0.132315
25-May-2026,80.1887,0.758904,22.1457,21.9766,0.169126
25-May-2026,84.9056,0.758904,19.1088,18.9023,0.206464
25-May-2026,89.6226,0.758904,16.3303,16.0879,0.242388
25-May-2026,94.3396,0.758904,13.8171,13.5425,0.274594
25-May-2026,99.0566,0.758904,11.5712,11.2697,0.30153
25-May-2026,103.774,0.758904,9.58873,9.26708,0.321652
25-May-2026,108.491,0.758904,7.86123,7.52737,0.333864
25-May-2026,113.208,0.758904,6.37557,6.0376,0.337965
25-May-2026,75.4717,0.849315,26.3564,26.0541,0.302288
25-May-2026,80.1887,0.849315,23.1666,22.8128,0.353823
25-May-2026,84.9056,0.849315,20.2092,19.807,0.402248
25-May-2026,89.6226,0.849315,17.4924,17.0471,0.445339
25-May-2026,94.3396,0.849315,15.0203,14.5393,0.481049
25-May-2026,99.0566,0.849315,12.7928,12.285,0.507841
25-May-2026,103.774,0.849315,10.8058,10.2809,0.524937
25-May-2026,108.491,0.849315,9.05146,8.51981,0.531652
25-May-2026,113.208,0.849315,7.51864,6.99024,0.528397
26-May-2026,74.9283,0.00821918,18.7516,18.7516,1.27911e-05
26-May-2026,79.6113,0.00821918,14.0698,14.0698,3.23357e-05
26-May-2026,84.2944,0.00821918,9.38799,9.38795,3.80888e-05
26-May-2026,88.9774,0.00821918,4.70731,4.70658,0.000732561
26-May-2026,93.6604,0.00821918,0.644273,0.521045,0.123228
26-May-2026,98.3434,0.00821918,0.000405421,2.13247e-07,0.000405208
26-May-2026,103.026,0.00821918,6.74806e-12,1.74196e-13,6.57386e-12
26-May-2026,74.9283,0.0273973,18.8231,18.8231,2.28377e-05
26-May-2026,79.6113,0.0273973,14.1459,14.1461,0.000205551
26-May-2026,84.2944,0.0273973,9.47628,9.47675,0.000466894
26-May-2026,88.9774,0.0273973,4.95628,4.92657,0.0297062
26-May-2026,93.6604,0.0273973,1.4626,1.27811,0.184488
26-May-2026,98.3434,0.0273973,0.135528,0.0374053,0.0981227
26-May-2026,103.026,0.0273973,0.00190577,1.20428e-05,0.00189373
26-May-2026,107.709,0.0273973,2.49001e-06,2.24298e-10,2.48979e-06
26-May-2026,112.392,0.0273973,3.58142e-10,9.82577e-16,3.58141e-10
26-May-2026,74.9283,0.0465753,18.8817,18.8822,0.000494929
26-May-2026,79.6113,0.0465753,14.2118,14.2149,0.00309774
26-May-2026,84.2944,0.0465753,9.58519,9.5925,0.00731421
26-May-2026,88.9774,0.0465753,5.2488,5.22036,0.0284422
26-May-2026,93.6604,0.0465753,1.93592,1.76914,0.16678
26-May-2026,98.3434,0.0465753,0.359376,0.19231,0.167066
26-May-2026,103.026,0.0465753,0.0235176,0.00217661,0.021341
26-May-2026,107.709,0.0465753,0.000417637,3.49097e-06,0.000414146
26-May-2026,112.392,0.0465753,2.11368e-06,2.57083e-09,2.11111e-06
26-May-2026,74.9283,0.0657534,18.9558,18.9603,0.00454946
26-May-2026,79.6113,0.0657534,14.3084,14.3241,0.0157445
26-May-2026,84.2944,0.0657534,9.76742,9.79665,0.0292293
26-May-2026,88.9774,0.0657534,5.62234,5.62211,0.000234155
26-May-2026,93.6604,0.0657534,2.4367,2.31939,0.117313
26-May-2026,98.3434,0.0657534,0.676351,0.497234,0.179117
26-May-2026,103.026,0.0657534,0.0991154,0.0320609,0.0670545
26-May-2026,107.709,0.0657534,0.00659595,0.000536029,0.00605992
26-May-2026,112.392,0.0657534,0.000200237,4.27015e-06,0.000195967
26-May-2026,74.9283,0.0849315,19.0216,19.0348,0.0132312
26-May-2026,79.6113,0.0849315,14.4052,14.4394,0.0341957
26-May-2026,84.2944,0.0849315,9.94476,10.0012,0.0564019
26-May-2026,88.9774,0.0849315,5.92752,5.96265,0.0351348
26-May-2026,93.6604,0.0849315,2.8116,2.74491,0.0666917
26-May-2026,98.3434,0.0849315,0.949719,0.795916,0.153803
26-May-2026,103.026,0.0849315,0.20059,0.104542,0.0960477
26-May-2026,107.709,0.0849315,0.0238548,0.0050599,0.0187949
26-May-2026,112.392,0.0849315,0.00158399,0.000120812,0.00146318
26-May-2026,74.9283,0.0958904,19.0693,19.0914,0.0220718
26-May-2026,79.6113,0.0958904,14.4786,14.5286,0.0499676
26-May-2026,84.2944,0.0958904,10.0728,10.1505,0.0777437
26-May-2026,88.9774,0.0958904,6.12914,6.19126,0.0621187
26-May-2026,93.6604,0.0958904,3.05002,3.01926,0.0307643
26-May-2026,98.3434,0.0958904,1.13522,1.00788,0.127341
26-May-2026,103.026,0.0958904,0.285029,0.180496,0.104533
26-May-2026,107.709,0.0958904,0.0443593,0.0142797,0.0300796
26-May-2026,112.392,0.0958904,0.0042269,0.000580755,0.00364614
26-May-2026,74.9283,0.180822,19.5235,19.656,0.132471
26-May-2026,79.6113,0.180822,15.1654,15.3646,0.199246
26-May-2026,84.2944,0.180822,11.1058,11.3601,0.254277
26-May-2026,88.9774,0.180822,7.52496,7.79182,0.266862
26-May-2026,93.6604,0.180822,4.60894,4.82549,0.216551
26-May-2026,98.3434,0.180822,2.48261,2.5994,0.116789
26-May-2026,103.026,0.180822,1.14186,1.15965,0.0177857
26-May-2026,107.709,0.180822,0.437102,0.405021,0.0320812
26-May-2026,112.392,0.180822,0.137593,0.106106,0.0314865
26-May-2026,74.9283,0.265753,20.146,20.4037,0.257662
26-May-2026,79.6113,0.265753,16.0185,16.3554,0.336891
26-May-2026,84.2944,0.265753,12.2156,12.613,0.397439
26-May-2026,88.9774,0.265753,8.85194,9.27132,0.419384
26-May-2026,93.6604,0.265753,6.03082,6.42073,0.389909
26-May-2026,98.3434,0.265753,3.8182,4.12999,0.311793
26-May-2026,103.026,0.265753,2.21982,2.42583,0.206006
26-May-2026,107.709,0.265753,1.17277,1.27637,0.103595
26-May-2026,112.392,0.265753,0.5594,0.590316,0.0309157
26-May-2026,74.9283,0.347945,20.8587,21.2015,0.342813
26-May-2026,79.6113,0.347945,16.9255,17.3435,0.418034
26-May-2026,84.2944,0.347945,13.314,13.7867,0.472729
26-May-2026,88.9774,0.347945,10.1005,10.5951,0.494583
26-May-2026,93.6604,0.347945,7.34885,7.82456,0.475713
26-May-2026,98.3434,0.347945,5.09801,5.51484,0.416831
26-May-2026,103.026,0.347945,3.35271,3.68102,0.328312
26-May-2026,107.709,0.347945,2.07984,2.30718,0.227336
26-May-2026,112.392,0.347945,1.21284,1.34634,0.133499
26-May-2026,74.9283,0.430137,21.7104,22.0881,0.37769
26-May-2026,79.6113,0.430137,17.9574,18.3968,0.43945
26-May-2026,84.2944,0.430137,14.512,14.9944,0.48241
26-May-2026,88.9774,0.430137,11.4251,11.9246,0.499458
26-May-2026,93.6604,0.430137,8.73658,9.22289,0.486308
26-May-2026,98.3434,0.430137,6.46942,6.91284,0.443422
26-May-2026,103.026,0.430137,4.62587,5.00218,0.376306
26-May-2026,107.709,0.430137,3.18609,3.48017,0.294083
26-May-2026,112.392,0.430137,2.11006,2.31858,0.208518
26-May-2026,74.9283,0.515068,22.546,22.9025,0.356518
26-May-2026,79.6113,0.515068,18.9367,19.3388,0.402075
26-May-2026,84.2944,0.515068,15.6189,16.051,0.432133
26-May-2026,88.9774,0.515068,12.6284,13.071,0.442649
26-May-2026,93.6604,0.515068,9.99159,10.4231,0.431515
26-May-2026,98.3434,0.515068,7.7227,8.12197,0.399268
26-May-2026,103.026,0.515068,5.82197,6.17124,0.349269
26-May-2026,107.709,0.515068,4.27524,4.5619,0.286656
26-May-2026,112.392,0.515068,3.05509,3.2736,0.218513
26-May-2026,74.9283,0.6,23.4429,23.729,0.286089
26-May-2026,79.6113,0.6,19.964,20.2776,0.313573
26-May-2026,84.2944,0.6,16.7597,17.0893,0.329596
26-May-2026,88.9774,0.6,13.855,14.1874,0.332354
26-May-2026,93.6604,0.6,11.2674,11.5884,0.32096
26-May-2026,98.3434,0.6,9.00509,9.30137,0.296283
26-May-2026,103.026,0.6,7.0669,7.3272,0.260296
26-May-2026,107.709,0.6,5.4417,5.65753,0.215833
26-May-2026,112.392,0.6,4.10947,4.27645,0.166977
26-May-2026,74.9283,0.679452,24.2699,24.4561,0.186207
26-May-2026,79.6113,0.679452,20.8958,21.093,0.197229
26-May-2026,84.2944,0.679452,17.7817,17.9823,0.200568
26-May-2026,88.9774,0.679452,14.9456,15.1414,0.195841
26-May-2026,93.6604,0.679452,12.3994,12.5823,0.182949
26-May-2026,98.3434,0.679452,10.1481,10.3106,0.162455
26-May-2026,103.026,0.679452,8.18914,8.32514,0.136001
26-May-2026,107.709,0.679452,6.5131,6.61813,0.105026
26-May-2026,112.392,0.679452,5.10405,5.17596,0.071912
26-May-2026,74.9283,0.756164,25.0795,25.1417,0.0621609
26-May-2026,79.6113,0.756164,21.7974,21.8549,0.0574628
26-May-2026,84.2944,0.756164,18.7618,18.8107,0.0489008
26-May-2026,88.9774,0.756164,15.986,16.0227,0.0366942
26-May-2026,93.6604,0.756164,13.4781,13.4992,0.0211086
26-May-2026,98.3434,0.756164,11.2404,11.2434,0.00296542
26-May-2026,103.026,0.756164,9.26985,9.25305,0.0167969
26-May-2026,107.709,0.756164,7.55789,7.52047,0.0374167
26-May-2026,112.392,0.756164,6.09126,6.03363,0.057633
26-May-2026,74.9283,0.846575,25.9886,25.886,0.10256
26-May-2026,79.6113,0.846575,22.7999,22.6758,0.124077
26-May-2026,84.2944,0.846575,19.8439,19.6983,0.145576
26-May-2026,88.9774,0.846575,17.13,16.9635,0.166457
26-May-2026,93.6604,0.846575,14.6629,14.477,0.185927
26-May-2026,98.3434,0.846575,12.4431,12.2397,0.20336
26-May-2026,103.026,0.846575,10.4668,10.2488,0.218031
26-May-2026,107.709,0.846575,8.72642,8.49641,0.230014
26-May-2026,112.392,0.846575,7.21056,6.97187,0.238688
27-May-2026,74.6772,0.00547945,18.6826,18.6826,3.85708e-05
27-May-2026,79.3445,0.00547945,14.0161,14.0162,7.2227e-05
27-May-2026,84.0118,0.00547945,9.34965,9.34971,5.58832e-05
27-May-2026,88.6791,0.00547945,4.68324,4.68327,2.50498e-05
27-May-2026,93.3465,0.00547945,0.516345,0.427905,0.0884398
27-May-2026,98.0138,0.00547945,1.61567e-05,5.45479e-11,1.61566e-05
27-May-2026,74.6772,0.0246575,18.756,18.756,3.8799e-05
27-May-2026,79.3445,0.0246575,14.0941,14.0943,0.0001602
27-May-2026,84.0118,0.0246575,9.43737,9.43864,0.00127488
27-May-2026,88.6791,0.0246575,4.90829,4.89245,0.0158413
27-May-2026,93.3465,0.0246575,1.38996,1.24583,0.144129
27-May-2026,98.0138,0.0246575,0.110141,0.03125,0.078891
27-May-2026,102.681,0.0246575,0.00106291,1.69271e-06,0.00106122
27-May-2026,107.348,0.0246575,7.27757e-07,6.49461e-13,7.27756e-07
27-May-2026,112.016,0.0246575,4.45979e-11,-1.19579e-13,4.47175e-11
27-May-2026,74.6772,0.0438356,18.816,18.8164,0.000375579
27-May-2026,79.3445,0.0438356,14.1606,14.1637,0.0031261
27-May-2026,84.0118,0.0438356,9.54209,9.55348,0.011389
27-May-2026,88.6791,0.0438356,5.19547,5.19047,0.00500488
27-May-2026,93.3465,0.0438356,1.8711,1.75282,0.118276
27-May-2026,98.0138,0.0438356,0.324154,0.18578,0.138374
27-May-2026,102.681,0.0438356,0.0182587,0.00125999,0.0169987
27-May-2026,107.348,0.0438356,0.000252657,3.45761e-07,0.000252311
27-May-2026,112.016,0.0438356,9.22774e-07,2.22752e-11,9.22752e-07
27-May-2026,74.6772,0.0630137,18.8913,18.8958,0.00445374
27-May-2026,79.3445,0.0630137,14.2566,14.2737,0.0170831
27-May-2026,84.0118,0.0630137,9.72016,9.75975,0.0395943
27-May-2026,88.6791,0.0630137,5.56773,5.601,0.0332744
27-May-2026,93.3465,0.0630137,2.3772,2.31661,0.0605927
27-May-2026,98.0138,0.0630137,0.636333,0.498337,0.137996
27-May-2026,102.681,0.0630137,0.0867628,0.0282718,0.058491
27-May-2026,107.348,0.0630137,0.00514034,0.000222498,0.00491784
27-May-2026,112.016,0.0630137,0.000134154,4.35811e-07,0.000133718
27-May-2026,74.6772,0.0821918,18.9578,18.9712,0.0133861
27-May-2026,79.3445,0.0821918,14.3525,14.3903,0.0378256
27-May-2026,84.0118,0.0821918,9.89559,9.96792,0.0723324
27-May-2026,88.6791,0.0821918,5.87359,5.94889,0.0753029
27-May-2026,93.3465,0.0821918,2.75564,2.75084,0.00479968
27-May-2026,98.0138,0.0821918,0.90858,0.804769,0.103811
27-May-2026,102.681,0.0821918,0.183361,0.101467,0.0818936
27-May-2026,107.348,0.0821918,0.0202964,0.00340497,0.0168914
27-May-2026,112.016,0.0821918,0.00122795,3.27796e-05,0.00119517
27-May-2026,74.6772,0.0931507,19.0058,19.0285,0.0226873
27-May-2026,79.3445,0.0931507,14.4255,14.4809,0.0553794
27-May-2026,84.0118,0.0931507,10.023,10.1202,0.0972251
27-May-2026,88.6791,0.0931507,6.07618,6.18212,0.105939
27-May-2026,93.3465,0.0931507,2.99634,3.0302,0.0338606
27-May-2026,98.0138,0.0931507,1.09419,1.02179,0.0723959
27-May-2026,102.681,0.0931507,0.265334,0.179907,0.0854274
27-May-2026,107.348,0.0931507,0.0391205,0.0113777,0.0277428
27-May-2026,112.016,0.0931507,0.00347552,0.000237808,0.00323771
27-May-2026,74.6772,0.178082,19.463,19.6022,0.139248
27-May-2026,79.3445,0.178082,15.1149,15.3316,0.216661
27-May-2026,84.0118,0.178082,11.0623,11.3508,0.288516
27-May-2026,88.6791,0.178082,7.48598,7.80728,0.321297
27-May-2026,93.3465,0.178082,4.57404,4.86051,0.286471
27-May-2026,98.0138,0.178082,2.45352,2.64043,0.186906
27-May-2026,102.681,0.178082,1.12097,1.18903,0.0680637
27-May-2026,107.348,0.178082,0.425003,0.414361,0.0106425
27-May-2026,112.016,0.178082,0.132166,0.103125,0.029041
27-May-2026,74.6772,0.263014,20.0954,20.3602,0.264823
27-May-2026,79.3445,0.263014,15.9813,16.3349,0.35364
27-May-2026,84.0118,0.263014,12.1899,12.6172,0.427333
27-May-2026,88.6791,0.263014,8.83537,9.29909,0.463721
27-May-2026,93.3465,0.263014,6.02078,6.46676,0.445984
27-May-2026,98.0138,0.263014,3.81239,4.18434,0.371952
27-May-2026,102.681,0.263014,2.21656,2.4756,0.259044
27-May-2026,107.348,0.263014,1.17104,1.31093,0.139886
27-May-2026,112.016,0.263014,0.558635,0.605829,0.0471936
27-May-2026,74.6772,0.345205,20.8252,21.165,0.339819
27-May-2026,79.3445,0.345205,16.9094,17.3302,0.420757
27-May-2026,84.0118,0.345205,13.3131,13.797,0.483943
27-May-2026,88.6791,0.345205,10.1119,10.6273,0.515419
27-May-2026,93.3465,0.345205,7.3687,7.87403,0.505328
27-May-2026,98.0138,0.345205,5.1221,5.57398,0.451882
27-May-2026,102.681,0.345205,3.37719,3.74023,0.363043
27-May-2026,107.348,0.345205,2.10176,2.35748,0.25572
27-May-2026,112.016,0.345205,1.23052,1.38131,0.150789
27-May-2026,74.6772,0.427397,21.7029,22.0554,0.352458
27-May-2026,79.3445,0.427397,17.9713,18.3864,0.415084
27-May-2026,84.0118,0.427397,14.5448,15.0061,0.461339
27-May-2026,88.6791,0.427397,11.473,11.9566,0.483557
27-May-2026,93.3465,0.427397,8.79485,9.27122,0.476369
27-May-2026,98.0138,0.427397,6.5327,6.97174,0.439044
27-May-2026,102.681,0.427397,4.68897,5.06443,0.375455
27-May-2026,107.348,0.427397,3.24458,3.53872,0.294144
27-May-2026,112.016,0.427397,2.16081,2.36713,0.20632
27-May-2026,74.6772,0.512329,22.5686,22.8706,0.30196
27-May-2026,79.3445,0.512329,18.9843,19.328,0.34369
27-May-2026,84.0118,0.512329,15.6883,16.0611,0.372762
27-May-2026,88.6791,0.512329,12.7153,13.1,0.384745
27-May-2026,93.3465,0.512329,10.0906,10.4677,0.377149
27-May-2026,98.0138,0.512329,7.82782,8.17768,0.349856
27-May-2026,102.681,0.512329,5.92728,6.2323,0.305023
27-May-2026,107.348,0.512329,4.37541,4.62269,0.247279
27-May-2026,112.016,0.512329,3.14594,3.32854,0.1826
27-May-2026,74.6772,0.59726,23.5022,23.696,0.193796
27-May-2026,79.3445,0.59726,20.0517,20.2646,0.212882
27-May-2026,84.0118,0.59726,16.8721,17.0958,0.223713
27-May-2026,88.6791,0.59726,13.9872,14.2117,0.224494
27-May-2026,93.3465,0.59726,11.4134,11.6277,0.214336
27-May-2026,98.0138,0.59726,9.15871,9.3521,0.193389
27-May-2026,102.681,0.59726,7.22164,7.38469,0.163051
27-May-2026,107.348,0.59726,5.59163,5.71729,0.12566
27-May-2026,112.016,0.59726,4.2496,4.33366,0.0840559
27-May-2026,74.6772,0.676712,24.3666,24.4212,0.0545847
27-May-2026,79.3445,0.676712,21.0237,21.0771,0.0534029
27-May-2026,84.0118,0.676712,17.9367,17.9848,0.048102
27-May-2026,88.6791,0.676712,15.1225,15.1609,0.0384088
27-May-2026,93.3465,0.676712,12.592,12.6164,0.0243567
27-May-2026,98.0138,0.676712,10.3496,10.356,0.00642854
27-May-2026,102.681,0.676712,8.39296,8.37826,0.0147013
27-May-2026,107.348,0.676712,6.71291,6.67516,0.0377525
27-May-2026,112.016,0.676712,5.29435,5.23271,0.0616356
27-May-2026,74.6772,0.753425,25.2158,25.1044,0.111438
27-May-2026,79.3445,0.753425,21.9676,21.8357,0.131944
27-May-2026,84.0118,0.753425,18.9614,18.809,0.152352
27-May-2026,88.6791,0.753425,16.2095,16.0372,0.172285
27-May-2026,93.3465,0.753425,13.7189,13.5278,0.191076
27-May-2026,98.0138,0.753425,11.4918,11.2835,0.208334
27-May-2026,102.681,0.753425,9.52485,9.30139,0.223463
27-May-2026,107.348,0.753425,7.80997,7.5739,0.236068
27-May-2026,112.016,0.753425,6.33454,6.08847,0.246073
27-May-2026,74.6772,0.843836,26.1728,25.8458,0.327003
27-May-2026,79.3445,0.843836,23.0209,22.6528,0.368148
27-May-2026,84.0118,0.843836,20.0969,19.6919,0.404998
27-May-2026,88.6791,0.843836,17.4089,16.9725,0.436361
27-May-2026,93.3465,0.843836,14.9612,14.4996,0.461606
27-May-2026,98.0138,0.843836,12.7538,12.2738,0.480013
27-May-2026,102.681,0.843836,10.7828,10.2915,0.491313
27-May-2026,107.348,0.843836,9.04099,8.54518,0.495808
27-May-2026,112.016,0.843836,7.51753,7.02349,0.494038
28-May-2026,74.5818,0.00273973,18.652,18.6519,7.37242e-05
28-May-2026,79.2432,0.00273973,13.991,13.9909,6.58287e-05
28-May-2026,83.9045,0.00273973,9.33007,9.33004,2.79419e-05
28-May-2026,88.5659,0.00273973,4.66911,4.66905,6.00416e-05
28-May-2026,93.2272,0.00273973,0.328494,0.291622,0.0368716
28-May-2026,97.8886,0.00273973,1.4088e-08,-3.35687e-09,1.74449e-08
28-May-2026,107.211,0.00273973,1.47808e-15,-6.16382e-15,7.6419e-15
28-May-2026,111.873,0.00273973,1.52291e-15,-4.61984e-15,6.14275e-15
28-May-2026,74.5818,0.0219178,18.7237,18.7237,2.14227e-05
28-May-2026,79.2432,0.0219178,14.0673,14.0673,4.55695e-05
28-May-2026,83.9045,0.0219178,9.41252,9.4148,0.0022843
28-May-2026,88.5659,0.0219178,4.83781,4.85251,0.0146951
28-May-2026,93.2272,0.0219178,1.21781,1.17252,0.0452858
28-May-2026,97.8886,0.0219178,0.0557837,0.0193488,0.0364349
28-May-2026,102.55,0.0219178,0.000125763,6.6431e-08,0.000125697
28-May-2026,107.211,0.0219178,7.95071e-09,3.36495e-15,7.95071e-09
28-May-2026,111.873,0.0219178,3.03008e-14,9.8041e-16,2.93204e-14
28-May-2026,74.5818,0.0410959,18.7824,18.7826,0.000241979
28-May-2026,79.2432,0.0410959,14.1307,14.1339,0.00320506
28-May-2026,83.9045,0.0410959,9.50019,9.52148,0.0212907
28-May-2026,88.5659,0.0410959,5.08404,5.1412,0.0571622
28-May-2026,93.2272,0.0410959,1.67866,1.68833,0.00967432
28-May-2026,97.8886,0.0410959,0.217187,0.156886,0.0603007
28-May-2026,102.55,0.0410959,0.00614263,0.000481662,0.00566097
28-May-2026,107.211,0.0410959,2.78863e-05,1.45734e-08,2.78717e-05
28-May-2026,111.873,0.0410959,2.77378e-08,5.83298e-14,2.77377e-08
28-May-2026,74.5818,0.060274,18.855,18.8594,0.00438139
28-May-2026,79.2432,0.060274,14.2173,14.2387,0.0213915
28-May-2026,83.9045,0.060274,9.65098,9.7199,0.0689183
28-May-2026,88.5659,0.060274,5.42132,5.54951,0.128194
28-May-2026,93.2272,0.060274,2.16472,2.26028,0.09556
28-May-2026,97.8886,0.060274,0.483623,0.462258,0.0213652
28-May-2026,102.55,0.060274,0.0448898,0.0208316,0.0240582
28-May-2026,107.211,0.060274,0.00144001,6.66246e-05,0.00137339
28-May-2026,111.873,0.060274,1.80057e-05,2.63478e-08,1.79794e-05
28-May-2026,74.5818,0.0794521,18.9173,18.9321,0.0147798
28-May-2026,79.2432,0.0794521,14.3019,14.3513,0.0493878
28-May-2026,83.9045,0.0794521,9.80455,9.92445,0.119903
28-May-2026,88.5659,0.0794521,5.70587,5.89857,0.192696
28-May-2026,93.2272,0.0794521,2.5302,2.70038,0.170179
28-May-2026,97.8886,0.0794521,0.728898,0.768745,0.0398469
28-May-2026,102.55,0.0794521,0.112438,0.0875343,0.0249037
28-May-2026,107.211,0.0794521,0.00815096,0.00192615,0.00622481
28-May-2026,111.873,0.0794521,0.000293596,6.7973e-06,0.000286799
28-May-2026,74.5818,0.090411,18.9616,18.9875,0.0259054
28-May-2026,79.2432,0.090411,14.3662,14.4396,0.0734094
28-May-2026,83.9045,0.090411,9.91843,10.0755,0.157025
28-May-2026,88.5659,0.090411,5.89672,6.13324,0.236522
28-May-2026,93.2272,0.090411,2.76362,2.98335,0.219726
28-May-2026,97.8886,0.090411,0.900153,0.987134,0.0869811
28-May-2026,102.55,0.090411,0.175323,0.163066,0.0122571
28-May-2026,107.211,0.090411,0.0183622,0.00797385,0.0103883
28-May-2026,111.873,0.090411,0.0010673,8.20347e-05,0.000985265
28-May-2026,74.5818,0.175342,19.3777,19.5523,0.174567
28-May-2026,79.2432,0.175342,14.993,15.2845,0.291513
28-May-2026,83.9045,0.175342,10.8875,11.3083,0.420804
28-May-2026,88.5659,0.175342,7.25511,7.77149,0.516382
28-May-2026,93.2272,0.175342,4.30955,4.83333,0.523776
28-May-2026,97.8886,0.175342,2.2024,2.62129,0.418887
28-May-2026,102.55,0.175342,0.931656,1.17516,0.243506
28-May-2026,107.211,0.175342,0.315942,0.403403,0.0874609
28-May-2026,111.873,0.175342,0.0850814,0.0955948,0.0105134
28-May-2026,74.5818,0.260274,19.9677,20.3078,0.340129
28-May-2026,79.2432,0.260274,15.8141,16.2893,0.475177
28-May-2026,83.9045,0.260274,11.9775,12.5803,0.60282
28-May-2026,88.5659,0.260274,8.58209,9.27232,0.690227
28-May-2026,93.2272,0.260274,5.74417,6.45034,0.706169
28-May-2026,97.8886,0.260274,3.54098,4.17625,0.635265
28-May-2026,102.55,0.260274,1.98138,2.47217,0.490793
28-May-2026,107.211,0.260274,0.99385,1.30826,0.314412
28-May-2026,111.873,0.260274,0.443821,0.601594,0.157773
28-May-2026,74.5818,0.342466,20.6659,21.1116,0.445724
28-May-2026,79.2432,0.342466,16.7142,17.2855,0.571332
28-May-2026,83.9045,0.342466,13.0813,13.7629,0.681592
28-May-2026,88.5659,0.342466,9.84958,10.6044,0.754857
28-May-2026,93.2272,0.342466,7.08936,7.86212,0.772763
28-May-2026,97.8886,0.342466,4.84486,5.57101,0.726145
28-May-2026,102.55,0.342466,3.12285,3.74293,0.620084
28-May-2026,107.211,0.342466,1.88763,2.36217,0.474542
28-May-2026,111.873,0.342466,1.06598,1.38478,0.318795
28-May-2026,74.5818,0.424658,21.52,22.0001,0.480095
28-May-2026,79.2432,0.424658,17.758,18.3409,0.58293
28-May-2026,83.9045,0.424658,14.3029,14.9719,0.66897
28-May-2026,88.5659,0.424658,11.2086,11.9339,0.72534
28-May-2026,93.2272,0.424658,8.5181,9.25986,0.741757
28-May-2026,97.8886,0.424658,6.25675,6.96987,0.71312
28-May-2026,102.55,0.424658,4.42789,5.06938,0.641493
28-May-2026,107.211,0.424658,3.01102,3.54743,0.536406
28-May-2026,111.873,0.424658,1.96372,2.37646,0.412745
28-May-2026,74.5818,0.509589,22.3716,22.8125,0.44089
28-May-2026,79.2432,0.509589,18.7619,19.2801,0.518217
28-May-2026,83.9045,0.509589,15.4434,16.0246,0.581153
28-May-2026,88.5659,0.509589,12.4532,13.0752,0.622038
28-May-2026,93.2272,0.509589,9.8193,10.4543,0.634991
28-May-2026,97.8886,0.509589,7.55697,8.17409,0.61712
28-May-2026,102.55,0.509589,5.66702,6.23642,0.569399
28-May-2026,107.211,0.509589,4.13514,4.63195,0.496813
28-May-2026,111.873,0.509589,2.93308,3.3402,0.407115
28-May-2026,74.5818,0.594521,23.2965,23.6341,0.337616
28-May-2026,79.2432,0.594521,19.8253,20.213,0.387705
28-May-2026,83.9045,0.594521,16.6281,17.0556,0.427472
28-May-2026,88.5659,0.594521,13.7302,14.1831,0.452871
28-May-2026,93.2272,0.594521,11.1497,11.6105,0.460772
28-May-2026,97.8886,0.594521,8.89548,9.34498,0.449502
28-May-2026,102.55,0.594521,6.96632,7.38596,0.419641
28-May-2026,107.211,0.594521,5.35119,5.72486,0.373668
28-May-2026,111.873,0.594521,4.0299,4.34516,0.315256
28-May-2026,74.5818,0.673973,24.1569,24.3553,0.198427
28-May-2026,79.2432,0.673973,20.7971,21.0215,0.224407
28-May-2026,83.9045,0.673973,17.696,17.9404,0.244421
28-May-2026,88.5659,0.673973,14.8717,15.128,0.256316
28-May-2026,93.2272,0.673973,12.3363,12.5948,0.258478
28-May-2026,97.8886,0.673973,10.0946,10.3448,0.250158
28-May-2026,102.55,0.673973,8.14429,8.37583,0.23154
28-May-2026,107.211,0.673973,6.47603,6.67983,0.203796
28-May-2026,111.873,0.673973,5.07392,5.24243,0.168513
28-May-2026,74.5818,0.750685,25.0049,25.0344,0.0294545
28-May-2026,79.2432,0.750685,21.7427,21.7758,0.0331046
28-May-2026,83.9045,0.750685,18.7253,18.7603,0.0349509
28-May-2026,88.5659,0.750685,15.9657,15.9998,0.0340504
28-May-2026,93.2272,0.750685,13.4716,13.5016,0.0299961
28-May-2026,97.8886,0.750685,11.2454,11.2676,0.0222358
28-May-2026,102.55,0.750685,9.28386,9.29472,0.0108595
28-May-2026,107.211,0.750685,7.57868,7.57493,0.00375434
28-May-2026,111.873,0.750685,6.11669,6.0954,0.0212864
28-May-2026,74.5818,0.841096,25.9627,25.771,0.191729
28-May-2026,79.2432,0.841096,22.7997,22.5879,0.211782
28-May-2026,83.9045,0.841096,19.8671,19.6379,0.229184
28-May-2026,88.5659,0.841096,17.1736,16.9297,0.243909
28-May-2026,93.2272,0.841096,14.7236,14.4679,0.255734
28-May-2026,97.8886,0.841096,12.5175,12.2525,0.265009
28-May-2026,102.55,0.841096,10.5513,10.2796,0.271698
28-May-2026,107.211,0.841096,8.81757,8.54148,0.276086
28-May-2026,111.873,0.841096,7.30512,7.02646,0.27866
29-May-2026,73.0696,0.0191781,18.3359,18.3359,1.31085e-05
29-May-2026,77.6365,0.0191781,13.7734,13.7734,1.91416e-05
29-May-2026,82.2033,0.0191781,9.21605,9.21684,0.000791428
29-May-2026,86.7702,0.0191781,4.79124,4.78616,0.00508106
29-May-2026,91.337,0.0191781,1.38005,1.33072,0.0493305
29-May-2026,95.9039,0.0191781,0.12318,0.0945338,0.0286462
29-May-2026,100.471,0.0191781,0.00174054,0.000808965,0.000931575
29-May-2026,105.038,0.0191781,2.32061e-06,9.34586e-07,1.38602e-06
29-May-2026,109.604,0.0191781,2.71868e-10,2.99398e-10,2.75303e-11
29-May-2026,73.0696,0.0383562,18.392,18.3922,0.000193305
29-May-2026,77.6365,0.0383562,13.8364,13.8379,0.00152144
29-May-2026,82.2033,0.0383562,9.32366,9.32867,0.00501094
29-May-2026,86.7702,0.0383562,5.10286,5.09534,0.00752129
29-May-2026,91.337,0.0383562,1.89707,1.83846,0.0586058
29-May-2026,95.9039,0.0383562,0.368308,0.311405,0.0569033
29-May-2026,100.471,0.0383562,0.0274401,0.01787,0.00957014
29-May-2026,105.038,0.0383562,0.000608534,0.000370735,0.000237799
29-May-2026,109.604,0.0383562,3.83321e-06,3.95749e-06,1.24283e-07
29-May-2026,73.0696,0.0575342,18.4632,18.4652,0.00202176
29-May-2026,77.6365,0.0575342,13.9312,13.9386,0.00737491
29-May-2026,82.2033,0.0575342,9.50946,9.52209,0.0126332
29-May-2026,86.7702,0.0575342,5.48829,5.48166,0.00662764
29-May-2026,91.337,0.0575342,2.40963,2.34791,0.0617166
29-May-2026,95.9039,0.0575342,0.69623,0.619906,0.0763238
29-May-2026,100.471,0.0575342,0.111719,0.0851546,0.0265644
29-May-2026,105.038,0.0575342,0.00862191,0.00633397,0.00228794
29-May-2026,109.604,0.0575342,0.000310171,0.000313001,2.83035e-06
29-May-2026,73.0696,0.0767123,18.527,18.5328,0.00582832
29-May-2026,77.6365,0.0767123,14.0274,14.0418,0.0144375
29-May-2026,82.2033,0.0767123,9.68788,9.70731,0.0194291
29-May-2026,86.7702,0.0767123,5.79246,5.7885,0.00395761
29-May-2026,91.337,0.0767123,2.77776,2.71738,0.060379
29-May-2026,95.9039,0.0767123,0.965101,0.881412,0.0836892
29-May-2026,100.471,0.0767123,0.215826,0.176328,0.0394979
29-May-2026,105.038,0.0767123,0.0280778,0.0223622,0.00571558
29-May-2026,109.604,0.0767123,0.00207438,0.00208112,6.74465e-06
29-May-2026,73.0696,0.0958904,18.5983,18.6096,0.0112808
29-May-2026,77.6365,0.0958904,14.1387,14.1612,0.022536
29-May-2026,82.2033,0.0958904,9.87938,9.90565,0.0262673
29-May-2026,86.7702,0.0958904,6.08551,6.08535,0.000160608
29-May-2026,91.337,0.0958904,3.11677,3.06001,0.0567562
29-May-2026,95.9039,0.0958904,1.22992,1.14407,0.0858466
29-May-2026,100.471,0.0958904,0.34247,0.293132,0.0493378
29-May-2026,105.038,0.0958904,0.0624004,0.0524414,0.00995903
29-May-2026,109.604,0.0958904,0.00729686,0.00731293,1.60736e-05
29-May-2026,73.0696,0.0876712,18.5736,18.5829,0.0093442
29-May-2026,77.6365,0.0876712,14.1001,14.1199,0.0197562
29-May-2026,82.2033,0.0876712,9.8145,9.8385,0.0239957
29-May-2026,86.7702,0.0876712,5.98901,5.98748,0.00152614
29-May-2026,91.337,0.0876712,3.00641,2.94824,0.0581707
29-May-2026,95.9039,0.0876712,1.14217,1.05657,0.0855969
29-May-2026,100.471,0.0876712,0.298179,0.251734,0.0464453
29-May-2026,105.038,0.0876712,0.0492429,0.0407327,0.00851016
29-May-2026,109.604,0.0876712,0.00503858,0.00504964,1.10564e-05
29-May-2026,73.0696,0.172603,19.0081,19.0525,0.0444249
29-May-2026,77.6365,0.172603,14.7528,14.8103,0.0574508
29-May-2026,82.2033,0.172603,10.7854,10.8392,0.0537945
29-May-2026,86.7702,0.172603,7.282,7.30493,0.0229344
29-May-2026,91.337,0.172603,4.42758,4.40079,0.026794
29-May-2026,95.9039,0.172603,2.3507,2.28813,0.0625673
29-May-2026,100.471,0.172603,1.0532,0.99815,0.0550504
29-May-2026,105.038,0.172603,0.386693,0.365844,0.0208487
29-May-2026,109.604,0.172603,0.115187,0.117074,0.00188679
29-May-2026,73.0696,0.257534,19.5721,19.647,0.0749356
29-May-2026,77.6365,0.257534,15.5155,15.5991,0.0835731
29-May-2026,82.2033,0.257534,11.7664,11.8418,0.0754479
29-May-2026,86.7702,0.257534,8.44159,8.4899,0.0483143
29-May-2026,91.337,0.257534,5.6526,5.66334,0.0107436
29-May-2026,95.9039,0.257534,3.47762,3.45906,0.0185565
29-May-2026,100.471,0.257534,1.93309,1.91005,0.0230369
29-May-2026,105.038,0.257534,0.957035,0.951632,0.00540266
29-May-2026,109.604,0.257534,0.419392,0.43364,0.0142481
29-May-2026,73.0696,0.339726,20.1902,20.2817,0.0914626
29-May-2026,77.6365,0.339726,16.2946,16.3902,0.0956232
29-May-2026,82.2033,0.339726,12.7026,12.7892,0.0866052
29-May-2026,86.7702,0.339726,9.49735,9.5628,0.0654506
29-May-2026,91.337,0.339726,6.75425,6.79363,0.0393802
29-May-2026,95.9039,0.339726,4.52675,4.54613,0.0193755
29-May-2026,100.471,0.339726,2.83189,2.84618,0.0142908
29-May-2026,105.038,0.339726,1.64022,1.66378,0.0235646
29-May-2026,109.604,0.339726,0.875942,0.912866,0.0369238
29-May-2026,73.0696,0.421918,20.9068,21.0003,0.0934553
29-May-2026,77.6365,0.421918,17.1579,17.2516,0.0936659
29-May-2026,82.2033,0.421918,13.7006,13.7858,0.0851597
29-May-2026,86.7702,0.421918,10.5949,10.6654,0.0704517
29-May-2026,91.337,0.421918,7.89355,7.94845,0.0548966
29-May-2026,95.9039,0.421918,5.63397,5.6787,0.0447336
29-May-2026,100.471,0.421918,3.83062,3.87477,0.0441454
29-May-2026,105.038,0.421918,2.46917,2.5214,0.0522331
29-May-2026,109.604,0.421918,1.50483,1.56784,0.0630081
29-May-2026,73.0696,0.506849,21.5961,21.6766,0.0804749
29-May-2026,77.6365,0.506849,17.9636,18.0412,0.0776008
29-May-2026,82.2033,0.506849,14.6095,14.6794,0.0698775
29-May-2026,86.7702,0.506849,11.5797,11.6397,0.059959
29-May-2026,91.337,0.506849,8.9133,8.96534,0.0520442
29-May-2026,95.9039,0.506849,6.63807,6.68784,0.0497736
29-May-2026,100.471,0.506849,4.76568,4.8206,0.0549206
29-May-2026,105.038,0.506849,3.28813,3.35415,0.0660247
29-May-2026,109.604,0.506849,2.17627,2.25486,0.078589
29-May-2026,73.0696,0.591781,22.3269,22.3793,0.0523587
29-May-2026,77.6365,0.591781,18.8004,18.8467,0.0463473
29-May-2026,82.2033,0.591781,15.5385,15.5775,0.0389642
29-May-2026,86.7702,0.591781,12.5767,12.6094,0.0326881
29-May-2026,91.337,0.591781,9.94439,9.97514,0.0307481
29-May-2026,95.9039,0.591781,7.66229,7.69748,0.0351901
29-May-2026,100.471,0.591781,5.73943,5.78581,0.0463777
29-May-2026,105.038,0.591781,4.17097,4.23338,0.0624119
29-May-2026,109.604,0.591781,2.93711,3.01657,0.0794612
29-May-2026,73.0696,0.671233,22.9959,23.0103,0.0144395
29-May-2026,77.6365,0.671233,19.555,19.5606,0.00558909
29-May-2026,82.2033,0.671233,16.367,16.3648,0.00219319
29-May-2026,86.7702,0.671233,13.46,13.4537,0.00626594
29-May-2026,91.337,0.671233,10.8573,10.853,0.00433933
29-May-2026,95.9039,0.671233,8.57475,8.57967,0.00492276
29-May-2026,100.471,0.671233,6.61945,6.6405,0.0210458
29-May-2026,105.038,0.671233,4.9879,5.02986,0.0419565
29-May-2026,109.604,0.671233,3.66542,3.72957,0.0641521
29-May-2026,73.0696,0.747945,23.6483,23.6153,0.0329698
29-May-2026,77.6365,0.747945,20.2832,20.2382,0.0449698
29-May-2026,82.2033,0.747945,17.16,17.1064,0.0535558
29-May-2026,86.7702,0.747945,14.3017,14.2452,0.0565045
29-May-2026,91.337,0.747945,11.7268,11.6749,0.0519233
29-May-2026,95.9039,0.747945,9.44774,9.40862,0.0391247
29-May-2026,100.471,0.747945,7.46985,7.45096,0.0188949
29-May-2026,105.038,0.747945,5.79032,5.79688,0.00656454
29-May-2026,109.604,0.747945,4.39769,4.43166,0.0339664
29-May-2026,73.0696,0.838356,24.3796,24.2819,0.097702
29-May-2026,77.6365,0.838356,21.0922,20.9787,0.113491
29-May-2026,82.2033,0.838356,18.0354,17.9117,0.123741
29-May-2026,86.7702,0.838356,15.2275,15.1011,0.126418
29-May-2026,91.337,0.838356,12.6829,12.5629,0.120009
29-May-2026,95.9039,0.838356,10.4111,10.3068,0.104333
29-May-2026,100.471,0.838356,8.41582,8.33545,0.0803727
29-May-2026,105.038,0.838356,6.6946,6.64422,0.050384
29-May-2026,109.604,0.838356,5.23832,5.22089,0.0174344
29-May-2026,73.0696,0.920548,25.0581,24.89,0.168108
29-May-2026,77.6365,0.920548,21.8373,21.6496,0.187711
29-May-2026,82.2033,0.920548,18.8373,18.6373,0.199976
29-May-2026,86.7702,0.920548,16.0731,15.8699,0.203198
29-May-2026,91.337,0.920548,13.5561,13.36,0.196114
29-May-2026,95.9039,0.920548,11.2934,11.1148,0.178601
29-May-2026,100.471,0.920548,9.28782,9.13577,0.152049
29-May-2026,105.038,0.920548,7.53683,7.4183,0.118532
29-May-2026,109.604,0.920548,6.03278,5.95182,0.0809584
01-Jun-2026,74.2367,0.0109589,18.5848,18.5847,6.83172e-05
01-Jun-2026,78.8765,0.0109589,13.9466,13.9465,6.63348e-05
01-Jun-2026,83.5162,0.0109589,9.30842,9.30844,1.6901e-05
01-Jun-2026,88.156,0.0109589,4.67311,4.67504,0.00193048
01-Jun-2026,92.7958,0.0109589,0.701818,0.722288,0.0204698
01-Jun-2026,97.4356,0.0109589,0.00104159,0.00114084,9.92543e-05
01-Jun-2026,102.075,0.0109589,1.71326e-10,6.11576e-10,4.4025e-10
01-Jun-2026,106.715,0.0109589,1.034e-15,4.41166e-15,3.37766e-15
01-Jun-2026,111.355,0.0109589,1.03453e-15,4.46718e-15,3.43265e-15
01-Jun-2026,74.2367,0.030137,18.6552,18.6552,1.49609e-05
01-Jun-2026,78.8765,0.030137,14.0216,14.0219,0.000310702
01-Jun-2026,83.5162,0.030137,9.39452,9.40128,0.00675669
01-Jun-2026,88.156,0.030137,4.90432,4.94305,0.0387334
01-Jun-2026,92.7958,0.030137,1.41149,1.46076,0.0492719
01-Jun-2026,97.4356,0.030137,0.114254,0.122719,0.00846541
01-Jun-2026,102.075,0.030137,0.00108089,0.00163944,0.000558553
01-Jun-2026,106.715,0.030137,7.53932e-07,5.18589e-06,4.43195e-06
01-Jun-2026,111.355,0.030137,6.13708e-11,7.62096e-09,7.55959e-09
01-Jun-2026,74.2367,0.0493151,18.7129,18.7134,0.000498543
01-Jun-2026,78.8765,0.0493151,14.0856,14.0903,0.00470733
01-Jun-2026,83.5162,0.0493151,9.49338,9.5194,0.0260211
01-Jun-2026,88.156,0.0493151,5.16084,5.23059,0.0697513
01-Jun-2026,92.7958,0.0493151,1.82919,1.90074,0.071545
01-Jun-2026,97.4356,0.0493151,0.293876,0.316783,0.0229072
01-Jun-2026,102.075,0.0493151,0.0134023,0.0181436,0.00474131
01-Jun-2026,106.715,0.0493151,0.000133529,0.000446794,0.000313265
01-Jun-2026,111.355,0.0493151,3.68592e-07,6.95904e-06,6.59045e-06
01-Jun-2026,74.2367,0.0684932,18.785,18.7892,0.00417027
01-Jun-2026,78.8765,0.0684932,14.1751,14.1939,0.0187956
01-Jun-2026,83.5162,0.0684932,9.65172,9.70833,0.0566065
01-Jun-2026,88.156,0.0684932,5.48508,5.58874,0.103656
01-Jun-2026,92.7958,0.0684932,2.26719,2.36615,0.0989638
01-Jun-2026,97.4356,0.0684932,0.548449,0.59443,0.0459809
01-Jun-2026,102.075,0.0684932,0.0590323,0.0755036,0.0164713
01-Jun-2026,106.715,0.0684932,0.0024063,0.00553557,0.00312927
01-Jun-2026,111.355,0.0684932,4.23527e-05,0.000299144,0.000256791
01-Jun-2026,74.2367,0.0876712,18.8474,18.8584,0.0110293
01-Jun-2026,78.8765,0.0876712,14.261,14.2966,0.0356278
01-Jun-2026,83.5162,0.0876712,9.80293,9.88564,0.0827089
01-Jun-2026,88.156,0.0876712,5.74798,5.877,0.129017
01-Jun-2026,92.7958,0.0876712,2.59171,2.71328,0.121571
01-Jun-2026,97.4356,0.0876712,0.76798,0.835686,0.067706
01-Jun-2026,102.075,0.0876712,0.123094,0.153725,0.0306313
01-Jun-2026,106.715,0.0876712,0.00948046,0.0184952,0.00901477
01-Jun-2026,111.355,0.0876712,0.000382828,0.00174886,0.00136603
01-Jun-2026,74.2367,0.0794521,18.8122,18.819,0.00680332
01-Jun-2026,78.8765,0.0794521,14.2118,14.2376,0.0258493
01-Jun-2026,83.5162,0.0794521,9.717,9.78522,0.0682224
01-Jun-2026,88.156,0.0794521,5.60242,5.71757,0.115151
01-Jun-2026,92.7958,0.0794521,2.41435,2.52335,0.109003
01-Jun-2026,97.4356,0.0794521,0.645267,0.700657,0.0553903
01-Jun-2026,102.075,0.0794521,0.084671,0.106991,0.0223197
01-Jun-2026,106.715,0.0794521,0.00474465,0.0100458,0.00530116
01-Jun-2026,111.355,0.0794521,0.000126588,0.000718312,0.000591724
01-Jun-2026,74.2367,0.164384,19.191,19.263,0.0720404
01-Jun-2026,78.8765,0.164384,14.7648,14.8915,0.12669
01-Jun-2026,83.5162,0.164384,10.5845,10.7714,0.186863
01-Jun-2026,88.156,0.164384,6.86065,7.08654,0.225886
01-Jun-2026,92.7958,0.164384,3.85276,4.07263,0.219875
01-Jun-2026,97.4356,0.164384,1.76939,1.94478,0.175395
01-Jun-2026,102.075,0.164384,0.621562,0.744221,0.122659
01-Jun-2026,106.715,0.164384,0.159517,0.232398,0.0728809
01-Jun-2026,111.355,0.164384,0.0304269,0.0633997,0.0329728
01-Jun-2026,74.2367,0.249315,19.6793,19.8293,0.14998
01-Jun-2026,78.8765,0.249315,15.4406,15.6542,0.213551
01-Jun-2026,83.5162,0.249315,11.4905,11.7625,0.271989
01-Jun-2026,88.156,0.249315,7.97508,8.2836,0.308518
01-Jun-2026,92.7958,0.249315,5.05025,5.36206,0.311813
01-Jun-2026,97.4356,0.249315,2.83882,3.12262,0.283799
01-Jun-2026,102.075,0.249315,1.37444,1.61024,0.235803
01-Jun-2026,106.715,0.249315,0.560339,0.736587,0.176248
01-Jun-2026,111.355,0.249315,0.19249,0.306439,0.113949
01-Jun-2026,74.2367,0.331507,20.238,20.4509,0.212868
01-Jun-2026,78.8765,0.331507,16.1629,16.4389,0.276015
01-Jun-2026,83.5162,0.331507,12.385,12.7162,0.331189
01-Jun-2026,88.156,0.331507,9.01013,9.37809,0.367962
01-Jun-2026,92.7958,0.331507,6.14289,6.52297,0.380076
01-Jun-2026,97.4356,0.331507,3.86502,4.23185,0.366833
01-Jun-2026,102.075,0.331507,2.20821,2.53965,0.331438
01-Jun-2026,106.715,0.331507,1.13107,1.40827,0.277196
01-Jun-2026,111.355,0.331507,0.517985,0.728471,0.210486
01-Jun-2026,74.2367,0.413699,20.8621,21.1197,0.257557
01-Jun-2026,78.8765,0.413699,16.9324,17.2494,0.316951
01-Jun-2026,83.5162,0.413699,13.296,13.6645,0.368526
01-Jun-2026,88.156,0.413699,10.0314,10.4373,0.405914
01-Jun-2026,92.7958,0.413699,7.21266,7.6377,0.425039
01-Jun-2026,97.4356,0.413699,4.89688,5.32106,0.424179
01-Jun-2026,102.075,0.413699,3.10995,3.51291,0.402961
01-Jun-2026,106.715,0.413699,1.8335,2.19472,0.361222
01-Jun-2026,111.355,0.413699,1.00057,1.30255,0.301978
01-Jun-2026,74.2367,0.49863,21.5349,21.8165,0.281606
01-Jun-2026,78.8765,0.49863,17.7345,18.0703,0.335765
01-Jun-2026,83.5162,0.49863,14.2183,14.6017,0.383378
01-Jun-2026,88.156,0.49863,11.0456,11.4663,0.420678
01-Jun-2026,92.7958,0.49863,8.27044,8.71537,0.444934
01-Jun-2026,97.4356,0.49863,5.93411,6.38807,0.453957
01-Jun-2026,102.075,0.49863,4.05669,4.50268,0.445992
01-Jun-2026,106.715,0.49863,2.62977,3.04878,0.419012
01-Jun-2026,111.355,0.49863,1.61285,1.9863,0.37345
01-Jun-2026,74.2367,0.583562,22.2768,22.561,0.28419
01-Jun-2026,78.8765,0.583562,18.5975,18.9292,0.331682
01-Jun-2026,83.5162,0.583562,15.1903,15.5651,0.374785
01-Jun-2026,88.156,0.583562,12.1005,12.5116,0.411066
01-Jun-2026,92.7958,0.583562,9.36789,9.80656,0.438666
01-Jun-2026,97.4356,0.583562,7.02226,7.47786,0.455597
01-Jun-2026,102.075,0.583562,5.07873,5.53828,0.45955
01-Jun-2026,106.715,0.583562,3.53336,3.98096,0.447598
01-Jun-2026,111.355,0.583562,2.36077,2.77933,0.418558
01-Jun-2026,74.2367,0.663014,22.9357,23.2039,0.268237
01-Jun-2026,78.8765,0.663014,19.3505,19.6599,0.309421
01-Jun-2026,83.5162,0.663014,16.0266,16.3747,0.348063
01-Jun-2026,88.156,0.663014,13.0002,13.3828,0.38262
01-Jun-2026,92.7958,0.663014,10.3021,10.7141,0.411955
01-Jun-2026,97.4356,0.663014,7.95548,8.38937,0.433892
01-Jun-2026,102.075,0.663014,5.97177,6.41807,0.446299
01-Jun-2026,106.715,0.663014,4.34869,4.79461,0.445918
01-Jun-2026,111.355,0.663014,3.06836,3.49915,0.430792
01-Jun-2026,74.2367,0.739726,23.552,23.7914,0.239382
01-Jun-2026,78.8765,0.739726,20.0461,20.3206,0.274544
01-Jun-2026,83.5162,0.739726,16.7918,17.1005,0.308721
01-Jun-2026,88.156,0.739726,13.8184,14.1597,0.341313
01-Jun-2026,92.7958,0.739726,11.151,11.5221,0.371094
01-Jun-2026,97.4356,0.739726,8.80751,9.20399,0.396484
01-Jun-2026,102.075,0.739726,6.79698,7.21222,0.415241
01-Jun-2026,106.715,0.739726,5.11772,5.5418,0.424082
01-Jun-2026,111.355,0.739726,3.75616,4.17686,0.420697
01-Jun-2026,74.2367,0.830137,24.3176,24.5044,0.18683
01-Jun-2026,78.8765,0.830137,20.9013,21.1155,0.214183
01-Jun-2026,83.5162,0.830137,17.7248,17.9675,0.242722
01-Jun-2026,88.156,0.830137,14.8115,15.0835,0.271968
01-Jun-2026,92.7958,0.830137,12.1802,12.4817,0.301545
01-Jun-2026,97.4356,0.830137,9.84465,10.1744,0.32972
01-Jun-2026,102.075,0.830137,7.81123,8.1658,0.354574
01-Jun-2026,106.715,0.830137,6.07847,6.45134,0.372874
01-Jun-2026,111.355,0.830137,4.63616,5.01827,0.382111
01-Jun-2026,74.2367,0.912329,25.0021,25.1278,0.125725
01-Jun-2026,78.8765,0.912329,21.6592,21.8051,0.145904
01-Jun-2026,83.5162,0.912329,18.5462,18.7153,0.169064
01-Jun-2026,88.156,0.912329,15.6821,15.8772,0.195059
01-Jun-2026,92.7958,0.912329,13.082,13.3055,0.223484
01-Jun-2026,97.4356,0.912329,10.7562,11.0094,0.253154
01-Jun-2026,102.075,0.912329,8.70965,8.99163,0.281978
01-Jun-2026,106.715,0.912329,6.94062,7.24766,0.307039
01-Jun-2026,111.355,0.912329,5.44083,5.76658,0.325754
02-Jun-2026,83.6617,0.00821918,9.31732,9.31728,3.7217e-05
02-Jun-2026,88.3095,0.00821918,4.67118,4.67184,0.000656542
02-Jun-2026,92.9574,0.00821918,0.592075,0.617098,0.0250232
02-Jun-2026,97.6053,0.00821918,0.00011966,0.000165931,4.62705e-05
02-Jun-2026,102.253,0.00821918,4.22317e-14,6.78263e-13,6.36031e-13
02-Jun-2026,106.901,0.00821918,7.90748e-16,2.70592e-16,5.20156e-16
02-Jun-2026,111.549,0.00821918,7.73332e-16,2.9157e-16,4.81762e-16
02-Jun-2026,74.3659,0.0273973,18.681,18.681,8.6891e-06
02-Jun-2026,79.0138,0.0273973,14.0387,14.039,0.000285805
02-Jun-2026,83.6617,0.0273973,9.40069,9.40616,0.00546953
02-Jun-2026,88.3095,0.0273973,4.87609,4.91619,0.0401028
02-Jun-2026,92.9574,0.0273973,1.33387,1.39563,0.06176
02-Jun-2026,97.6053,0.0273973,0.0873954,0.099796,0.0124006
02-Jun-2026,102.253,0.0273973,0.000483694,0.000944972,0.000461278
02-Jun-2026,106.901,0.0273973,1.39855e-07,1.91465e-06,1.77479e-06
02-Jun-2026,111.549,0.0273973,3.94099e-12,1.74201e-09,1.73807e-09
02-Jun-2026,74.3659,0.0465753,18.7385,18.7389,0.000405874
02-Jun-2026,79.0138,0.0465753,14.1017,14.1058,0.00408599
02-Jun-2026,83.6617,0.0465753,9.49332,9.51826,0.0249364
02-Jun-2026,88.3095,0.0465753,5.12295,5.19833,0.0753836
02-Jun-2026,92.9574,0.0465753,1.75524,1.84182,0.0865806
02-Jun-2026,97.6053,0.0465753,0.252856,0.283711,0.0308553
02-Jun-2026,102.253,0.0465753,0.00896446,0.0139707,0.00500625
02-Jun-2026,106.901,0.0465753,5.97509e-05,0.000286026,0.000226275
02-Jun-2026,111.549,0.0465753,1.02391e-07,3.67939e-06,3.577e-06
02-Jun-2026,74.3659,0.0657534,18.81,18.8137,0.00367904
02-Jun-2026,79.0138,0.0657534,14.1885,14.2062,0.0177368
02-Jun-2026,83.6617,0.0657534,9.644,9.70132,0.0573188
02-Jun-2026,88.3095,0.0657534,5.44104,5.55368,0.112642
02-Jun-2026,92.9574,0.0657534,2.19499,2.31035,0.115358
02-Jun-2026,97.6053,0.0657534,0.497403,0.554386,0.0569828
02-Jun-2026,102.253,0.0657534,0.0466025,0.0649265,0.018324
02-Jun-2026,106.901,0.0657534,0.00153021,0.00432894,0.00279873
02-Jun-2026,111.549,0.0657534,2.08632e-05,0.00021282,0.000191956
02-Jun-2026,74.3659,0.0849315,18.8713,18.8817,0.0103625
02-Jun-2026,79.0138,0.0849315,14.2714,14.3062,0.0348403
02-Jun-2026,83.6617,0.0849315,9.79003,9.87509,0.085057
02-Jun-2026,88.3095,0.0849315,5.70109,5.84066,0.13957
02-Jun-2026,92.9574,0.0849315,2.52057,2.65874,0.138169
02-Jun-2026,97.6053,0.0849315,0.712069,0.792026,0.0799569
02-Jun-2026,102.253,0.0849315,0.10368,0.137688,0.034008
02-Jun-2026,106.901,0.0849315,0.00688975,0.0155253,0.00863551
02-Jun-2026,111.549,0.0849315,0.000233617,0.00137834,0.00114473
02-Jun-2026,74.3659,0.0767123,18.8368,18.843,0.00618406
02-Jun-2026,79.0138,0.0767123,14.2239,14.2488,0.0248681
02-Jun-2026,83.6617,0.0767123,9.70684,9.77652,0.0696833
02-Jun-2026,88.3095,0.0767123,5.55694,5.68188,0.12494
02-Jun-2026,92.9574,0.0767123,2.34263,2.46819,0.125565
02-Jun-2026,97.6053,0.0767123,0.591777,0.658843,0.0670663
02-Jun-2026,102.253,0.0767123,0.0690969,0.0939614,0.0248645
02-Jun-2026,106.901,0.0767123,0.00323183,0.00815137,0.00491954
02-Jun-2026,111.549,0.0767123,6.9647e-05,0.000539175,0.000469528
02-Jun-2026,74.3659,0.161644,19.2075,19.2794,0.0718653
02-Jun-2026,79.0138,0.161644,14.763,14.8915,0.128487
02-Jun-2026,83.6617,0.161644,10.5594,10.7519,0.192496
02-Jun-2026,88.3095,0.161644,6.81135,7.04741,0.23606
02-Jun-2026,92.9574,0.161644,3.78824,4.02007,0.231828
02-Jun-2026,97.6053,0.161644,1.70861,1.89363,0.185019
02-Jun-2026,102.253,0.161644,0.582074,0.70968,0.127606
02-Jun-2026,106.901,0.161644,0.142827,0.216293,0.0734661
02-Jun-2026,111.549,0.161644,0.025788,0.0576625,0.0318745
02-Jun-2026,74.3659,0.246575,19.6893,19.8393,0.149991
02-Jun-2026,79.0138,0.246575,15.433,15.6477,0.214685
02-Jun-2026,83.6617,0.246575,11.4641,11.7383,0.274231
02-Jun-2026,88.3095,0.246575,7.93207,8.24306,0.31099
02-Jun-2026,92.9574,0.246575,4.99719,5.31012,0.312933
02-Jun-2026,97.6053,0.246575,2.78617,3.06872,0.28255
02-Jun-2026,102.253,0.246575,1.33256,1.56519,0.232627
02-Jun-2026,106.901,0.246575,0.534155,0.706565,0.17241
02-Jun-2026,111.549,0.246575,0.179644,0.290015,0.110371
02-Jun-2026,74.3659,0.328767,20.2457,20.4561,0.210386
02-Jun-2026,79.0138,0.328767,16.1558,16.4281,0.272328
02-Jun-2026,83.6617,0.328767,12.3639,12.6892,0.325251
02-Jun-2026,88.3095,0.328767,8.97764,9.33661,0.358973
02-Jun-2026,92.9574,0.328767,6.10391,6.4712,0.367292
02-Jun-2026,97.6053,0.328767,3.82578,4.17667,0.350888
02-Jun-2026,102.253,0.328767,2.17456,2.489,0.314444
02-Jun-2026,106.901,0.328767,1.10645,1.36846,0.262005
02-Jun-2026,111.549,0.328767,0.502527,0.701377,0.19885
02-Jun-2026,74.3659,0.410959,20.8716,21.1209,0.249307
02-Jun-2026,79.0138,0.410959,16.9304,17.2352,0.304788
02-Jun-2026,83.6617,0.410959,13.2841,13.6353,0.35116
02-Jun-2026,88.3095,0.410959,10.0123,10.3949,0.382628
02-Jun-2026,92.9574,0.410959,7.18981,7.58575,0.395942
02-Jun-2026,97.6053,0.410959,4.87405,5.2649,0.390845
02-Jun-2026,102.253,0.410959,3.09018,3.45866,0.368477
02-Jun-2026,106.901,0.410959,1.81836,2.14793,0.329574
02-Jun-2026,111.549,0.410959,0.990088,1.26629,0.276207
02-Jun-2026,74.3659,0.49589,21.5493,21.8143,0.265009
02-Jun-2026,79.0138,0.49589,17.7408,18.0532,0.312423
02-Jun-2026,83.6617,0.49589,14.2183,14.5704,0.35214
02-Jun-2026,88.3095,0.49589,11.0417,11.4229,0.38116
02-Jun-2026,92.9574,0.49589,8.26511,8.66289,0.397781
02-Jun-2026,97.6053,0.49589,5.92948,6.33088,0.401401
02-Jun-2026,102.253,0.49589,4.05401,4.4457,0.391693
02-Jun-2026,106.901,0.49589,2.62921,2.99679,0.367579
02-Jun-2026,111.549,0.49589,1.61368,1.94259,0.328914
02-Jun-2026,74.3659,0.580822,22.2992,22.5555,0.256328
02-Jun-2026,79.0138,0.580822,18.615,18.9094,0.294403
02-Jun-2026,83.6617,0.580822,15.2048,15.5318,0.327049
02-Jun-2026,88.3095,0.580822,12.1139,12.4669,0.352967
02-Jun-2026,92.9574,0.580822,9.38185,9.75315,0.371303
02-Jun-2026,97.6053,0.580822,7.03779,7.41942,0.381625
02-Jun-2026,102.253,0.580822,5.09593,5.47884,0.382909
02-Jun-2026,106.901,0.580822,3.55138,3.92462,0.373237
02-Jun-2026,111.549,0.580822,2.37816,2.72926,0.351101
02-Jun-2026,74.3659,0.660274,22.9669,23.1958,0.228946
02-Jun-2026,79.0138,0.660274,19.3792,19.6379,0.258702
02-Jun-2026,83.6617,0.660274,16.0547,16.3397,0.284991
02-Jun-2026,88.3095,0.660274,13.0291,13.3368,0.307747
02-Jun-2026,92.9574,0.660274,10.3331,10.6596,0.326504
02-Jun-2026,97.6053,0.660274,7.9888,8.32967,0.340873
02-Jun-2026,102.253,0.660274,6.0069,6.35662,0.349723
02-Jun-2026,106.901,0.660274,4.38425,4.73505,0.350801
02-Jun-2026,111.549,0.660274,3.10242,3.44445,0.342035
02-Jun-2026,74.3659,0.736986,23.5922,23.781,0.188776
02-Jun-2026,79.0138,0.736986,20.0859,20.2966,0.210717
02-Jun-2026,83.6617,0.736986,16.8328,17.0639,0.231119
02-Jun-2026,88.3095,0.736986,13.862,14.1124,0.250445
02-Jun-2026,92.9574,0.736986,11.1977,11.4665,0.268802
02-Jun-2026,97.6053,0.736986,8.8573,9.143,0.285702
02-Jun-2026,102.253,0.736986,6.84892,7.14895,0.300032
02-Jun-2026,106.901,0.736986,5.17007,5.47955,0.309476
02-Jun-2026,111.549,0.736986,3.80672,4.11839,0.311667
02-Jun-2026,74.3659,0.827397,24.3699,24.4913,0.121372
02-Jun-2026,79.0138,0.827397,20.9555,21.089,0.133526
02-Jun-2026,83.6617,0.827397,17.7822,17.9289,0.146668
02-Jun-2026,88.3095,0.827397,14.873,15.0345,0.161467
02-Jun-2026,92.9574,0.827397,12.2462,12.4246,0.178363
02-Jun-2026,97.6053,0.827397,9.91462,10.1116,0.197014
02-Jun-2026,102.253,0.827397,7.8839,8.10028,0.216377
02-Jun-2026,106.901,0.827397,6.15185,6.38598,0.234127
02-Jun-2026,111.549,0.827397,4.7078,4.95561,0.24781
02-Jun-2026,74.3659,0.909589,25.0659,25.1123,0.0463905
02-Jun-2026,79.0138,0.909589,21.7265,21.7765,0.0500101
02-Jun-2026,83.6617,0.909589,18.6183,18.6747,0.0564447
02-Jun-2026,88.3095,0.909589,15.7597,15.8265,0.0668151
02-Jun-2026,92.9574,0.909589,13.165,13.2467,0.0817493
02-Jun-2026,97.6053,0.909589,10.844,10.9449,0.10095
02-Jun-2026,102.253,0.909589,8.80063,8.92407,0.123437
02-Jun-2026,106.901,0.909589,7.03274,7.17965,0.146909
02-Jun-2026,111.549,0.909589,5.53153,5.70049,0.168962
03-Jun-2026,74.2317,0.00547945,18.5709,18.571,0.000101896
03-Jun-2026,78.8712,0.00547945,13.9323,13.9323,1.45177e-05
03-Jun-2026,83.5107,0.00547945,9.2936,9.29363,2.71395e-05
03-Jun-2026,88.1502,0.00547945,4.65494,4.65505,0.000112347
03-Jun-2026,92.7897,0.00547945,0.448844,0.510384,0.0615403
03-Jun-2026,97.4292,0.00547945,6.00863e-07,9.29114e-06,8.69028e-06
03-Jun-2026,102.069,0.00547945,7.72752e-16,1.19697e-15,4.2422e-16
03-Jun-2026,106.708,0.00547945,8.72339e-16,1.26839e-15,3.96049e-16
03-Jun-2026,111.348,0.00547945,9.28989e-16,1.32564e-15,3.96653e-16
03-Jun-2026,74.2317,0.0246575,18.6424,18.6425,7.4079e-05
03-Jun-2026,78.8712,0.0246575,14.0082,14.0084,0.000243416
03-Jun-2026,83.5107,0.0246575,9.37578,9.38169,0.00590973
03-Jun-2026,88.1502,0.0246575,4.82133,4.88706,0.0657328
03-Jun-2026,92.7897,0.0246575,1.20276,1.36347,0.160711
03-Jun-2026,97.4292,0.0246575,0.0498836,0.0928793,0.0429957
03-Jun-2026,102.069,0.0246575,8.03487e-05,0.00076364,0.000683291
03-Jun-2026,106.708,0.0246575,3.49646e-09,1.13185e-06,1.12835e-06
03-Jun-2026,111.348,0.0246575,1.75027e-14,6.54263e-10,6.54245e-10
03-Jun-2026,74.2317,0.0438356,18.7009,18.7012,0.000337865
03-Jun-2026,78.8712,0.0438356,14.0712,14.0754,0.00424709
03-Jun-2026,83.5107,0.0438356,9.45954,9.4923,0.0327603
03-Jun-2026,88.1502,0.0438356,5.04253,5.17304,0.13051
03-Jun-2026,92.7897,0.0438356,1.61258,1.82526,0.212677
03-Jun-2026,97.4292,0.0438356,0.18,0.281002,0.101002
03-Jun-2026,102.069,0.0438356,0.00341737,0.0136087,0.0101913
03-Jun-2026,106.708,0.0438356,8.89794e-06,0.000256685,0.000247787
03-Jun-2026,111.348,0.0438356,5.58773e-09,2.84978e-06,2.8442e-06
03-Jun-2026,74.2317,0.0630137,18.7729,18.7767,0.00379731
03-Jun-2026,78.8712,0.0630137,14.1547,14.1758,0.0211274
03-Jun-2026,83.5107,0.0630137,9.59506,9.67578,0.0807234
03-Jun-2026,88.1502,0.0630137,5.33824,5.53439,0.196148
03-Jun-2026,92.7897,0.0630137,2.03932,2.30453,0.265206
03-Jun-2026,97.4292,0.0630137,0.39195,0.558369,0.166419
03-Jun-2026,102.069,0.0630137,0.0253654,0.0660849,0.0407195
03-Jun-2026,106.708,0.0630137,0.000479989,0.00432123,0.00384124
03-Jun-2026,111.348,0.0630137,3.62394e-06,0.000200773,0.000197149
03-Jun-2026,74.2317,0.0821918,18.8337,18.8451,0.0113632
03-Jun-2026,78.8712,0.0821918,14.2327,14.2761,0.0433558
03-Jun-2026,83.5107,0.0821918,9.72841,9.85095,0.122542
03-Jun-2026,88.1502,0.0821918,5.58421,5.82572,0.241508
03-Jun-2026,92.7897,0.0821918,2.35577,2.65872,0.302952
03-Jun-2026,97.4292,0.0821918,0.586273,0.800784,0.214511
03-Jun-2026,102.069,0.0821918,0.0651933,0.141342,0.0761484
03-Jun-2026,106.708,0.0821918,0.00290447,0.0158937,0.0129892
03-Jun-2026,111.348,0.0821918,6.38679e-05,0.00137039,0.00130652
03-Jun-2026,74.2317,0.0739726,18.7996,18.8062,0.00658153
03-Jun-2026,78.8712,0.0739726,14.1882,14.2184,0.0302174
03-Jun-2026,83.5107,0.0739726,9.65221,9.75154,0.0993274
03-Jun-2026,88.1502,0.0739726,5.44752,5.6646,0.21708
03-Jun-2026,92.7897,0.0739726,2.18274,2.46519,0.282446
03-Jun-2026,97.4292,0.0739726,0.476706,0.665052,0.188346
03-Jun-2026,102.069,0.0739726,0.0404734,0.0961287,0.0556553
03-Jun-2026,106.708,0.0739726,0.00117892,0.0082543,0.00707538
03-Jun-2026,111.348,0.0739726,1.52578e-05,0.000523599,0.000508341
03-Jun-2026,74.2317,0.158904,19.1565,19.2449,0.0883719
03-Jun-2026,78.8712,0.158904,14.6933,14.865,0.171733
03-Jun-2026,83.5107,0.158904,10.4522,10.7358,0.283583
03-Jun-2026,88.1502,0.158904,6.65444,7.04511,0.390669
03-Jun-2026,92.7897,0.158904,3.59541,4.03299,0.437581
03-Jun-2026,97.4292,0.158904,1.52888,1.91501,0.386125
03-Jun-2026,102.069,0.158904,0.468398,0.726523,0.258125
03-Jun-2026,106.708,0.158904,0.0983774,0.223787,0.125409
03-Jun-2026,111.348,0.158904,0.0148457,0.0597686,0.0449229
03-Jun-2026,74.2317,0.243836,19.616,19.8079,0.191941
03-Jun-2026,78.8712,0.243836,15.3329,15.626,0.293055
03-Jun-2026,83.5107,0.243836,11.3257,11.7285,0.402764
03-Jun-2026,88.1502,0.243836,7.75193,8.24709,0.495162
03-Jun-2026,92.7897,0.243836,4.78807,5.32788,0.539814
03-Jun-2026,97.4292,0.243836,2.57944,3.09512,0.51568
03-Jun-2026,102.069,0.243836,1.16722,1.59087,0.423647
03-Jun-2026,106.708,0.243836,0.432273,0.724431,0.292158
03-Jun-2026,111.348,0.243836,0.132033,0.299172,0.167139
03-Jun-2026,74.2317,0.326027,20.1522,20.4276,0.275352
03-Jun-2026,78.8712,0.326027,16.0334,16.4099,0.376461
03-Jun-2026,83.5107,0.326027,12.2059,12.6829,0.476979
03-Jun-2026,88.1502,0.326027,8.78448,9.34344,0.558959
03-Jun-2026,92.7897,0.326027,5.88637,6.49047,0.604104
03-Jun-2026,97.4292,0.326027,3.60595,4.20454,0.598591
03-Jun-2026,102.069,0.326027,1.98066,2.51869,0.538025
03-Jun-2026,106.708,0.326027,0.961178,1.39359,0.43241
03-Jun-2026,111.348,0.326027,0.411565,0.71842,0.306855
03-Jun-2026,74.2317,0.408219,20.761,21.0946,0.333625
03-Jun-2026,78.8712,0.408219,16.7914,17.2193,0.427912
03-Jun-2026,83.5107,0.408219,13.1133,13.631,0.517746
03-Jun-2026,88.1502,0.408219,9.81153,10.4029,0.591394
03-Jun-2026,92.7897,0.408219,6.96817,7.60517,0.637001
03-Jun-2026,97.4292,0.408219,4.64777,5.29276,0.644993
03-Jun-2026,102.069,0.408219,2.87996,3.48989,0.60993
03-Jun-2026,106.708,0.408219,1.64345,2.17742,0.53397
03-Jun-2026,111.348,0.408219,0.861264,1.28978,0.428513
03-Jun-2026,74.2317,0.493151,21.4252,21.7897,0.364526
03-Jun-2026,78.8712,0.493151,17.5901,18.0389,0.448832
03-Jun-2026,83.5107,0.493151,14.0393,14.5673,0.528034
03-Jun-2026,88.1502,0.493151,10.837,11.4312,0.594155
03-Jun-2026,92.7897,0.493151,8.04224,8.6818,0.639556
03-Jun-2026,97.4292,0.493151,5.70078,6.35803,0.65725
03-Jun-2026,102.069,0.493151,3.83501,4.47716,0.642149
03-Jun-2026,106.708,0.493151,2.43536,3.02855,0.593187
03-Jun-2026,111.348,0.493151,1.45631,1.97054,0.514235
03-Jun-2026,74.2317,0.578082,22.1645,22.5323,0.367761
03-Jun-2026,78.8712,0.578082,18.4559,18.8962,0.440283
03-Jun-2026,83.5107,0.578082,15.0208,15.5293,0.508492
03-Jun-2026,88.1502,0.578082,11.9078,12.475,0.56718
03-Jun-2026,92.7897,0.578082,9.15983,9.77119,0.611359
03-Jun-2026,97.4292,0.578082,6.80936,7.44546,0.6361
03-Jun-2026,102.069,0.578082,4.87283,5.50978,0.636947
03-Jun-2026,106.708,0.578082,3.34575,3.95735,0.611597
03-Jun-2026,111.348,0.578082,2.20019,2.76011,0.559918
03-Jun-2026,74.2317,0.657534,22.8254,23.1734,0.348036
03-Jun-2026,78.8712,0.657534,19.2153,19.6253,0.409989
03-Jun-2026,83.5107,0.657534,15.8685,16.3373,0.468814
03-Jun-2026,88.1502,0.657534,12.8233,13.3446,0.5213
03-Jun-2026,92.7897,0.657534,10.113,10.6768,0.563786
03-Jun-2026,97.4292,0.657534,7.76213,8.35466,0.592529
03-Jun-2026,102.069,0.657534,5.78304,6.3868,0.603759
03-Jun-2026,106.708,0.657534,4.17306,4.76791,0.594854
03-Jun-2026,111.348,0.657534,2.91278,3.47673,0.56395
03-Jun-2026,74.2317,0.734247,23.4461,23.7592,0.313098
03-Jun-2026,78.8712,0.734247,19.9193,20.2844,0.365096
03-Jun-2026,83.5107,0.734247,16.646,17.0616,0.41557
03-Jun-2026,88.1502,0.734247,13.6575,14.1198,0.462291
03-Jun-2026,92.7897,0.734247,10.9802,11.4829,0.502687
03-Jun-2026,97.4292,0.734247,8.63314,9.167,0.533864
03-Jun-2026,102.069,0.734247,6.62588,7.17831,0.552429
03-Jun-2026,106.708,0.734247,4.9564,5.51218,0.555784
03-Jun-2026,111.348,0.734247,3.61009,4.15137,0.541281
03-Jun-2026,74.2317,0.824658,24.22,24.4701,0.250133
03-Jun-2026,78.8712,0.824658,20.787,21.0772,0.290154
03-Jun-2026,83.5107,0.824658,17.5958,17.9265,0.330659
03-Jun-2026,88.1502,0.824658,14.671,15.0413,0.370285
03-Jun-2026,92.7897,0.824658,12.0325,12.44,0.407501
03-Jun-2026,97.4292,0.824658,9.69433,10.1345,0.440138
03-Jun-2026,102.069,0.824658,7.6633,8.12857,0.465274
03-Jun-2026,106.708,0.824658,5.93757,6.41808,0.480505
03-Jun-2026,111.348,0.824658,4.50624,4.98893,0.482692
03-Jun-2026,74.2317,0.906849,24.914,25.0916,0.177637
03-Jun-2026,78.8712,0.906849,21.5576,21.7649,0.207275
03-Jun-2026,83.5107,0.906849,18.4332,18.6722,0.239043
03-Jun-2026,88.1502,0.906849,15.5605,15.8329,0.272375
03-Jun-2026,92.7897,0.906849,12.955,13.2614,0.306404
03-Jun-2026,97.4292,0.906849,10.6276,10.9668,0.339212
03-Jun-2026,102.069,0.906849,8.5831,8.95143,0.368328
03-Jun-2026,106.708,0.906849,6.81954,7.21113,0.391594
03-Jun-2026,111.348,0.906849,5.32809,5.73379,0.405697
04-Jun-2026,74.5988,0.00273973,18.6561,18.6561,1.02018e-05
04-Jun-2026,79.2612,0.00273973,13.9941,13.9941,1.08415e-05
04-Jun-2026,83.9236,0.00273973,9.33204,9.33209,4.85187e-05
04-Jun-2026,88.5861,0.00273973,4.67001,4.66999,2.21107e-05
04-Jun-2026,93.2485,0.00273973,0.306465,0.296577,0.00988825
04-Jun-2026,97.9109,0.00273973,4.93265e-08,-9.38652e-10,5.02652e-08
04-Jun-2026,107.236,0.00273973,1.30962e-15,-1.24082e-15,2.55044e-15
04-Jun-2026,111.898,0.00273973,1.48713e-15,-1.06357e-15,2.5507e-15
04-Jun-2026,74.5988,0.0219178,18.7263,18.7263,4.16129e-05
04-Jun-2026,79.2612,0.0219178,14.0687,14.0688,5.44285e-05
04-Jun-2026,83.9236,0.0219178,9.41187,9.41294,0.00107272
04-Jun-2026,88.5861,0.0219178,4.81085,4.82164,0.0107896
04-Jun-2026,93.2485,0.0219178,1.11008,1.09714,0.0129417
04-Jun-2026,97.9109,0.0219178,0.0296114,0.0263371,0.00327425
04-Jun-2026,102.573,0.0219178,1.40099e-05,4.89666e-05,3.49567e-05
04-Jun-2026,107.236,0.0219178,1.02153e-10,2.76674e-08,2.75653e-08
04-Jun-2026,111.898,0.0219178,3.77288e-15,1.00379e-11,1.00341e-11
04-Jun-2026,74.5988,0.0410959,18.7838,18.7838,4.90762e-05
04-Jun-2026,79.2612,0.0410959,14.1302,14.1313,0.00114293
04-Jun-2026,83.9236,0.0410959,9.48851,9.49837,0.00986354
04-Jun-2026,88.5861,0.0410959,5.00894,5.0404,0.0314583
04-Jun-2026,93.2485,0.0410959,1.50422,1.50919,0.00496872
04-Jun-2026,97.9109,0.0410959,0.12903,0.127817,0.00121349
04-Jun-2026,102.573,0.0410959,0.00125512,0.00287027,0.00161515
04-Jun-2026,107.236,0.0410959,1.28844e-06,3.47722e-05,3.34838e-05
04-Jun-2026,111.898,0.0410959,3.20485e-10,3.35941e-07,3.35621e-07
04-Jun-2026,74.5988,0.060274,18.8543,18.8556,0.0013136
04-Jun-2026,79.2612,0.060274,14.2096,14.2179,0.00825117
04-Jun-2026,83.9236,0.060274,9.60947,9.64089,0.0314211
04-Jun-2026,88.5861,0.060274,5.27726,5.33933,0.0620685
04-Jun-2026,93.2485,0.060274,1.90374,1.94165,0.0379082
04-Jun-2026,97.9109,0.060274,0.300522,0.317851,0.0173292
04-Jun-2026,102.573,0.060274,0.0122392,0.023178,0.0109388
04-Jun-2026,107.236,0.060274,0.000123507,0.00115782,0.00103432
04-Jun-2026,111.898,0.060274,5.09064e-07,5.06088e-05,5.00997e-05
04-Jun-2026,74.5988,0.0794521,18.9131,18.918,0.00493417
04-Jun-2026,79.2612,0.0794521,14.2818,14.3014,0.0195908
04-Jun-2026,83.9236,0.0794521,9.7278,9.78197,0.0541738
04-Jun-2026,88.5861,0.0794521,5.50001,5.58997,0.0899599
04-Jun-2026,93.2485,0.0794521,2.19456,2.2654,0.0708409
04-Jun-2026,97.9109,0.0794521,0.460088,0.503756,0.043668
04-Jun-2026,102.573,0.0794521,0.0348265,0.0611919,0.0263654
04-Jun-2026,107.236,0.0794521,0.000923986,0.00556717,0.00464319
04-Jun-2026,111.898,0.0794521,1.23968e-05,0.000459188,0.000446791
04-Jun-2026,74.5988,0.0712329,18.8802,18.8828,0.00259773
04-Jun-2026,79.2612,0.0712329,14.2408,14.2535,0.0126676
04-Jun-2026,83.9236,0.0712329,9.66023,9.70135,0.0411248
04-Jun-2026,88.5861,0.0712329,5.37634,5.45053,0.0741916
04-Jun-2026,93.2485,0.0712329,2.03606,2.08806,0.0519956
04-Jun-2026,97.9109,0.0712329,0.369996,0.397955,0.0279591
04-Jun-2026,102.573,0.0712329,0.020579,0.0375016,0.0169226
04-Jun-2026,107.236,0.0712329,0.000338399,0.00253579,0.00219739
04-Jun-2026,111.898,0.0712329,2.53378e-06,0.000152815,0.000150282
04-Jun-2026,74.5988,0.156164,19.2121,19.2671,0.0549795
04-Jun-2026,79.2612,0.156164,14.6917,14.7996,0.107918
04-Jun-2026,83.9236,0.156164,10.364,10.5401,0.176147
04-Jun-2026,88.5861,0.156164,6.45465,6.68797,0.233325
04-Jun-2026,93.2485,0.156164,3.30145,3.55101,0.249558
04-Jun-2026,97.9109,0.156164,1.23628,1.46376,0.227476
04-Jun-2026,102.573,0.156164,0.295919,0.463281,0.167362
04-Jun-2026,107.236,0.156164,0.0443553,0.124737,0.0803819
04-Jun-2026,111.898,0.156164,0.00480451,0.0317431,0.0269386
04-Jun-2026,74.5988,0.241096,19.6167,19.7616,0.144877
04-Jun-2026,79.2612,0.241096,15.2447,15.4713,0.226587
04-Jun-2026,83.9236,0.241096,11.1193,11.4378,0.318536
04-Jun-2026,88.5861,0.241096,7.4105,7.81253,0.402034
04-Jun-2026,93.2485,0.241096,4.33376,4.78975,0.455992
04-Jun-2026,97.9109,0.241096,2.09748,2.55862,0.461139
04-Jun-2026,102.573,0.241096,0.786624,1.18046,0.393832
04-Jun-2026,107.236,0.241096,0.224217,0.486149,0.261932
04-Jun-2026,111.898,0.241096,0.0518807,0.189021,0.13714
04-Jun-2026,74.5988,0.323288,20.0758,20.3176,0.241822
04-Jun-2026,79.2612,0.323288,15.8401,16.1839,0.343761
04-Jun-2026,83.9236,0.323288,11.8694,12.3246,0.455168
04-Jun-2026,88.5861,0.323288,8.29437,8.85616,0.561786
04-Jun-2026,93.2485,0.323288,5.26771,5.91243,0.644723
04-Jun-2026,97.9109,0.323288,2.93656,3.61413,0.677574
04-Jun-2026,102.573,0.323288,1.38366,2.01158,0.627916
04-Jun-2026,107.236,0.323288,0.542119,1.03158,0.489457
04-Jun-2026,111.898,0.323288,0.182145,0.501157,0.319012
04-Jun-2026,74.5988,0.405479,20.5885,20.9264,0.337936
04-Jun-2026,79.2612,0.405479,16.477,16.9329,0.455885
04-Jun-2026,83.9236,0.405479,12.6345,13.2182,0.583696
04-Jun-2026,88.5861,0.405479,9.16359,9.87286,0.709271
04-Jun-2026,93.2485,0.405479,6.17823,6.99283,0.814604
04-Jun-2026,97.9109,0.405479,3.78757,4.65981,0.87224
04-Jun-2026,102.573,0.405479,2.06258,2.91145,0.848867
04-Jun-2026,107.236,0.405479,0.985112,1.71347,0.728359
04-Jun-2026,111.898,0.405479,0.418151,0.96302,0.544869
04-Jun-2026,74.5988,0.490411,21.1415,21.5685,0.426964
04-Jun-2026,79.2612,0.490411,17.1425,17.6999,0.557359
04-Jun-2026,83.9236,0.490411,13.4096,14.1078,0.698207
04-Jun-2026,88.5861,0.490411,10.025,10.8634,0.838433
04-Jun-2026,93.2485,0.490411,7.07673,8.0376,0.960867
04-Jun-2026,97.9109,0.490411,4.64821,5.68782,1.03961
04-Jun-2026,102.573,0.490411,2.79802,3.84171,1.04369
04-Jun-2026,107.236,0.490411,1.52894,2.48152,0.952577
04-Jun-2026,111.898,0.490411,0.7621,1.54386,0.781757
04-Jun-2026,74.5988,0.575342,21.7523,22.2601,0.507841
04-Jun-2026,79.2612,0.575342,17.8598,18.5079,0.648099
04-Jun-2026,83.9236,0.575342,14.2271,15.0262,0.799055
04-Jun-2026,88.5861,0.575342,10.9203,11.8708,0.950531
04-Jun-2026,93.2485,0.575342,8.00829,9.09478,1.08649
04-Jun-2026,97.9109,0.575342,5.55548,6.73907,1.18359
04-Jun-2026,102.573,0.575342,3.60923,4.82354,1.21431
04-Jun-2026,107.236,0.575342,2.18075,3.33797,1.15722
04-Jun-2026,111.898,0.575342,1.22672,2.2419,1.01518
04-Jun-2026,74.5988,0.654795,22.2958,22.8608,0.565006
04-Jun-2026,79.2612,0.654795,18.487,19.1983,0.711274
04-Jun-2026,83.9236,0.654795,14.9311,15.7996,0.868494
04-Jun-2026,88.5861,0.654795,11.6838,12.7106,1.02685
04-Jun-2026,93.2485,0.654795,8.80145,9.97316,1.17171
04-Jun-2026,97.9109,0.654795,6.3366,7.61845,1.28185
04-Jun-2026,102.573,0.654795,4.32855,5.66141,1.33286
04-Jun-2026,107.236,0.654795,2.79079,4.09481,1.30402
04-Jun-2026,111.898,0.654795,1.69771,2.88962,1.19191
04-Jun-2026,74.5988,0.731507,22.805,23.4116,0.606592
04-Jun-2026,79.2612,0.731507,19.0674,19.8241,0.756699
04-Jun-2026,83.9236,0.731507,15.576,16.4938,0.91785
04-Jun-2026,88.5861,0.731507,12.3785,13.4594,1.08085
04-Jun-2026,93.2485,0.731507,9.52256,10.7546,1.23199
04-Jun-2026,97.9109,0.731507,7.05197,8.40412,1.35215
04-Jun-2026,102.573,0.731507,4.99996,6.41948,1.41952
04-Jun-2026,107.236,0.731507,3.38018,4.79474,1.41456
04-Jun-2026,111.898,0.731507,2.17705,3.50762,1.33057
04-Jun-2026,74.5988,0.821918,23.439,24.0821,0.643078
04-Jun-2026,79.2612,0.821918,19.7823,20.5784,0.79612
04-Jun-2026,83.9236,0.821918,16.3635,17.3237,0.960218
04-Jun-2026,88.5861,0.821918,13.2223,14.3493,1.12696
04-Jun-2026,93.2485,0.821918,10.3978,11.6817,1.28388
04-Jun-2026,97.9109,0.821918,7.92537,9.33958,1.41421
04-Jun-2026,102.573,0.821918,5.83225,7.33106,1.49881
04-Jun-2026,107.236,0.821918,4.13114,5.65107,1.51993
04-Jun-2026,111.898,0.821918,2.81375,4.28264,1.46889
04-Jun-2026,74.5988,0.90411,24.0072,24.6697,0.662453
04-Jun-2026,79.2612,0.90411,20.4174,21.2339,0.816474
04-Jun-2026,83.9236,0.90411,17.058,18.0398,0.981785
04-Jun-2026,88.5861,0.90411,13.963,15.1136,1.15055
04-Jun-2026,93.2485,0.90411,11.1656,12.4768,1.31121
04-Jun-2026,97.9109,0.90411,8.6953,10.1441,1.44879
04-Jun-2026,102.573,0.90411,6.57493,8.12126,1.54633
04-Jun-2026,107.236,0.90411,4.81595,6.40357,1.58762
04-Jun-2026,111.898,0.90411,3.41379,4.97712,1.56333
05-Jun-2026,73.7984,0.0191781,18.5171,18.5171,2.69495e-05
05-Jun-2026,78.4108,0.0191781,13.909,13.909,2.49934e-06
05-Jun-2026,83.0232,0.0191781,9.3021,9.3038,0.0016979
05-Jun-2026,87.6356,0.0191781,4.76793,4.78081,0.0128829
05-Jun-2026,92.248,0.0191781,1.17578,1.15407,0.0217067
05-Jun-2026,96.8604,0.0191781,0.049815,0.0395366,0.0102784
05-Jun-2026,101.473,0.0191781,9.31447e-05,0.000133232,4.00878e-05
05-Jun-2026,106.085,0.0191781,4.04973e-09,1.355e-07,1.3145e-07
05-Jun-2026,110.698,0.0191781,8.95413e-15,8.45714e-11,8.45624e-11
05-Jun-2026,73.7984,0.0383562,18.5724,18.5725,0.00012489
05-Jun-2026,78.4108,0.0383562,13.9685,13.9707,0.00217204
05-Jun-2026,83.0232,0.0383562,9.38326,9.39752,0.0142619
05-Jun-2026,87.6356,0.0383562,5.00034,5.03268,0.0323393
05-Jun-2026,92.248,0.0383562,1.61795,1.60114,0.0168096
05-Jun-2026,96.8604,0.0383562,0.194882,0.172631,0.022251
05-Jun-2026,101.473,0.0383562,0.00459977,0.00582713,0.00122736
05-Jun-2026,106.085,0.0383562,1.54862e-05,0.000109918,9.44317e-05
05-Jun-2026,110.698,0.0383562,1.08522e-08,1.64559e-06,1.63473e-06
05-Jun-2026,73.7984,0.0575342,18.6405,18.6432,0.00266083
05-Jun-2026,78.4108,0.0575342,14.0486,14.0616,0.0130477
05-Jun-2026,83.0232,0.0575342,9.5194,9.55891,0.0395141
05-Jun-2026,87.6356,0.0575342,5.30606,5.36205,0.0559876
05-Jun-2026,92.248,0.0575342,2.05675,2.05463,0.00211534
05-Jun-2026,96.8604,0.0575342,0.418847,0.395018,0.0238291
05-Jun-2026,101.473,0.0575342,0.0312083,0.0377482,0.00653988
05-Jun-2026,106.085,0.0575342,0.000710112,0.00256478,0.00185467
05-Jun-2026,110.698,0.0575342,6.15192e-06,0.000153336,0.000147184
05-Jun-2026,73.7984,0.0767123,18.6984,18.7069,0.00847319
05-Jun-2026,78.4108,0.0767123,14.1246,14.1526,0.028044
05-Jun-2026,83.0232,0.0767123,9.65353,9.71599,0.0624613
05-Jun-2026,87.6356,0.0767123,5.55431,5.6295,0.075189
05-Jun-2026,92.248,0.0767123,2.37207,2.38687,0.014798
05-Jun-2026,96.8604,0.0767123,0.614658,0.5991,0.0155579
05-Jun-2026,101.473,0.0767123,0.0748035,0.0892107,0.0144072
05-Jun-2026,106.085,0.0767123,0.00376194,0.0103065,0.00654458
05-Jun-2026,110.698,0.0767123,9.16653e-05,0.00108883,0.00099716
05-Jun-2026,73.7984,0.0958904,18.7598,18.7778,0.0180011
05-Jun-2026,78.4108,0.0958904,14.2108,14.2572,0.0463677
05-Jun-2026,83.0232,0.0958904,9.80092,9.88631,0.0853927
05-Jun-2026,87.6356,0.0958904,5.7969,5.89143,0.0945325
05-Jun-2026,92.248,0.0958904,2.66254,2.69747,0.0349307
05-Jun-2026,96.8604,0.0958904,0.813949,0.813349,0.000600183
05-Jun-2026,101.473,0.0958904,0.136561,0.162017,0.0254559
05-Jun-2026,106.085,0.0958904,0.011417,0.0262939,0.0148769
05-Jun-2026,110.698,0.0958904,0.000536944,0.00398823,0.00345128
05-Jun-2026,73.7984,0.0684932,18.6659,18.6707,0.00475699
05-Jun-2026,78.4108,0.0684932,14.0811,14.1003,0.0191796
05-Jun-2026,83.0232,0.0684932,9.577,9.62664,0.0496406
05-Jun-2026,87.6356,0.0684932,5.41699,5.4815,0.0645148
05-Jun-2026,92.248,0.0684932,2.20058,2.20553,0.00494792
05-Jun-2026,96.8604,0.0684932,0.505152,0.484061,0.0210911
05-Jun-2026,101.473,0.0684932,0.0481883,0.0578328,0.00964449
05-Jun-2026,106.085,0.0684932,0.00163834,0.00514175,0.00350341
05-Jun-2026,110.698,0.0684932,2.39848e-05,0.000410358,0.000386373
05-Jun-2026,73.7984,0.153425,19.0083,19.0767,0.0684283
05-Jun-2026,78.4108,0.153425,14.5718,14.6881,0.116311
05-Jun-2026,83.0232,0.153425,10.3582,10.5172,0.159048
05-Jun-2026,87.6356,0.153425,6.58699,6.75057,0.163583
05-Jun-2026,92.248,0.153425,3.55001,3.66907,0.119057
05-Jun-2026,96.8604,0.153425,1.49938,1.58191,0.0825285
05-Jun-2026,101.473,0.153425,0.452111,0.539207,0.0870956
05-Jun-2026,106.085,0.153425,0.0927363,0.160275,0.0675385
05-Jun-2026,110.698,0.153425,0.0137077,0.0456084,0.0319007
05-Jun-2026,73.7984,0.238356,19.4408,19.5894,0.148576
05-Jun-2026,78.4108,0.238356,15.1701,15.3753,0.205158
05-Jun-2026,83.0232,0.238356,11.1682,11.4168,0.248614
05-Jun-2026,87.6356,0.238356,7.59288,7.85534,0.262455
05-Jun-2026,92.248,0.238356,4.62579,4.87319,0.247405
05-Jun-2026,96.8604,0.238356,2.42485,2.65281,0.227964
05-Jun-2026,101.473,0.238356,1.04472,1.2605,0.215779
05-Jun-2026,106.085,0.238356,0.360395,0.541842,0.181447
05-Jun-2026,110.698,0.238356,0.101946,0.222399,0.120453
05-Jun-2026,73.7984,0.320548,19.9296,20.1464,0.216781
05-Jun-2026,78.4108,0.320548,15.803,16.0793,0.276283
05-Jun-2026,83.0232,0.320548,11.9566,12.2808,0.324166
05-Jun-2026,87.6356,0.320548,8.50836,8.86133,0.352965
05-Jun-2026,92.248,0.320548,5.58583,5.9499,0.364068
05-Jun-2026,96.8604,0.320548,3.30099,3.66653,0.365536
05-Jun-2026,101.473,0.320548,1.70971,2.06517,0.355464
05-Jun-2026,106.085,0.320548,0.763245,1.07855,0.315306
05-Jun-2026,110.698,0.320548,0.296538,0.537498,0.24096
05-Jun-2026,73.7984,0.40274,20.4699,20.7413,0.271423
05-Jun-2026,78.4108,0.40274,16.4705,16.8038,0.333252
05-Jun-2026,83.0232,0.40274,12.7498,13.1377,0.387852
05-Jun-2026,87.6356,0.40274,9.3991,9.83062,0.43152
05-Jun-2026,92.248,0.40274,6.51295,6.9773,0.464348
05-Jun-2026,96.8604,0.40274,4.17506,4.66092,0.485857
05-Jun-2026,101.473,0.40274,2.43485,2.92225,0.487399
05-Jun-2026,106.085,0.40274,1.2773,1.73025,0.452952
05-Jun-2026,110.698,0.40274,0.604664,0.98201,0.377346
05-Jun-2026,73.7984,0.487671,21.0471,21.3581,0.310966
05-Jun-2026,78.4108,0.487671,17.1602,17.5354,0.37523
05-Jun-2026,83.0232,0.487671,13.5454,13.982,0.436624
05-Jun-2026,87.6356,0.487671,10.2748,10.768,0.493249
05-Jun-2026,92.248,0.487671,7.4214,7.96482,0.543423
05-Jun-2026,96.8604,0.487671,5.04957,5.63219,0.582622
05-Jun-2026,101.473,0.487671,3.20108,3.80046,0.599376
05-Jun-2026,106.085,0.487671,1.87582,2.45422,0.578397
05-Jun-2026,110.698,0.487671,1.01646,1.52876,0.512305
05-Jun-2026,73.7984,0.572603,21.6788,22.0146,0.335769
05-Jun-2026,78.4108,0.572603,17.8969,18.2991,0.402188
05-Jun-2026,83.0232,0.572603,14.378,14.8476,0.469604
05-Jun-2026,87.6356,0.572603,11.1794,11.7164,0.536964
05-Jun-2026,92.248,0.572603,8.35819,8.95957,0.60138
05-Jun-2026,96.8604,0.572603,5.96456,6.62081,0.65625
05-Jun-2026,101.473,0.572603,4.03283,4.72223,0.689403
05-Jun-2026,106.085,0.572603,2.56931,3.2556,0.686295
05-Jun-2026,110.698,0.572603,1.54119,2.17881,0.637618
05-Jun-2026,73.7984,0.652055,22.2369,22.5802,0.343291
05-Jun-2026,78.4108,0.652055,18.5367,18.9476,0.410886
05-Jun-2026,83.0232,0.652055,15.0908,15.5733,0.482462
05-Jun-2026,87.6356,0.652055,11.9471,12.5041,0.556974
05-Jun-2026,92.248,0.652055,9.15262,9.78345,0.630833
05-Jun-2026,96.8604,0.652055,6.74826,7.44518,0.696918
05-Jun-2026,101.473,0.652055,4.76289,5.50616,0.74327
05-Jun-2026,106.085,0.652055,3.20481,3.96097,0.75616
05-Jun-2026,110.698,0.652055,2.05361,2.77895,0.725335
05-Jun-2026,73.7984,0.728767,22.7569,23.0963,0.339388
05-Jun-2026,78.4108,0.728767,19.1258,19.5332,0.407447
05-Jun-2026,83.0232,0.728767,15.7409,16.2228,0.481871
05-Jun-2026,87.6356,0.728767,12.6435,13.2047,0.56121
05-Jun-2026,92.248,0.728767,9.87285,10.5148,0.641996
05-Jun-2026,96.8604,0.728767,7.46349,8.1802,0.716708
05-Jun-2026,101.473,0.728767,5.43994,6.21395,0.774006
05-Jun-2026,106.085,0.728767,3.8109,4.61192,0.801024
05-Jun-2026,110.698,0.728767,2.5631,3.35024,0.787141
05-Jun-2026,73.7984,0.819178,23.4012,23.7222,0.321045
05-Jun-2026,78.4108,0.819178,19.8483,20.2372,0.388917
05-Jun-2026,83.0232,0.819178,16.532,16.9975,0.46552
05-Jun-2026,87.6356,0.819178,13.4868,14.036,0.549245
05-Jun-2026,92.248,0.819178,10.7449,11.3813,0.636384
05-Jun-2026,96.8604,0.819178,8.3342,9.05399,0.719794
05-Jun-2026,101.473,0.819178,6.275,7.06381,0.788812
05-Jun-2026,106.085,0.819178,4.57552,5.40726,0.831743
05-Jun-2026,110.698,0.819178,3.22786,4.06585,0.837989
05-Jun-2026,73.7984,0.90137,23.9762,24.2694,0.293177
05-Jun-2026,78.4108,0.90137,20.4875,20.8478,0.360256
05-Jun-2026,83.0232,0.90137,17.2274,17.6651,0.437661
05-Jun-2026,87.6356,0.90137,14.2253,14.7492,0.523871
05-Jun-2026,92.248,0.90137,11.5083,12.1235,0.615233
05-Jun-2026,96.8604,0.90137,9.09993,9.80467,0.70474
05-Jun-2026,101.473,0.90137,7.01718,7.79979,0.782609
05-Jun-2026,106.085,0.90137,5.26754,6.10563,0.838086
05-Jun-2026,110.698,0.90137,3.84595,4.70682,0.860867
08-Jun-2026,78.4201,0.0109589,13.8652,13.8652,7.27026e-06
08-Jun-2026,83.0331,0.0109589,9.25375,9.25376,5.23873e-06
08-Jun-2026,87.646,0.0109589,4.64587,4.64479,0.00108382
08-Jun-2026,92.259,0.0109589,0.715562,0.629227,0.0863346
08-Jun-2026,96.8719,0.0109589,0.0014254,0.000174095,0.0012513
08-Jun-2026,101.485,0.0109589,6.18459e-10,1.73052e-11,6.01154e-10
08-Jun-2026,73.8072,0.030137,18.5446,18.5446,1.68326e-05
08-Jun-2026,78.4201,0.030137,13.9376,13.9379,0.000293803
08-Jun-2026,83.0331,0.030137,9.33807,9.33961,0.00153915
08-Jun-2026,87.646,0.030137,4.88274,4.86199,0.0207497
08-Jun-2026,92.259,0.030137,1.42659,1.2782,0.148394
08-Jun-2026,96.8719,0.030137,0.123359,0.0608942,0.0624648
08-Jun-2026,101.485,0.030137,0.00138504,0.000502961,0.000882079
08-Jun-2026,106.098,0.030137,1.26805e-06,1.9961e-06,7.28054e-07
08-Jun-2026,110.711,0.030137,1.39091e-10,6.15786e-09,6.01877e-09
08-Jun-2026,73.8072,0.0493151,18.6004,18.6008,0.000392732
08-Jun-2026,78.4201,0.0493151,13.9998,14.0026,0.00281791
08-Jun-2026,83.0331,0.0493151,9.43648,9.44286,0.00637695
08-Jun-2026,87.646,0.0493151,5.13843,5.10686,0.0315657
08-Jun-2026,92.259,0.0493151,1.83706,1.66855,0.168508
08-Jun-2026,96.8719,0.0493151,0.303561,0.188905,0.114656
08-Jun-2026,101.485,0.0493151,0.0147504,0.00775268,0.00699772
08-Jun-2026,106.098,0.0493151,0.000162215,0.000211337,4.91219e-05
08-Jun-2026,110.711,0.0493151,5.02188e-07,5.04913e-06,4.54694e-06
08-Jun-2026,73.8072,0.0684932,18.6701,18.6734,0.00332925
08-Jun-2026,78.4201,0.0684932,14.0873,14.0981,0.0107853
08-Jun-2026,83.0331,0.0684932,9.59247,9.60727,0.0148015
08-Jun-2026,87.646,0.0684932,5.45549,5.41853,0.03696
08-Jun-2026,92.259,0.0684932,2.26079,2.08509,0.175699
08-Jun-2026,96.8719,0.0684932,0.54988,0.395081,0.154799
08-Jun-2026,101.485,0.0684932,0.0596465,0.0386316,0.0210149
08-Jun-2026,106.098,0.0684932,0.00245988,0.00291479,0.000454912
08-Jun-2026,110.711,0.0684932,4.42092e-05,0.000204229,0.00016002
08-Jun-2026,73.8072,0.0876712,18.7306,18.739,0.0084371
08-Jun-2026,78.4201,0.0876712,14.1709,14.1912,0.0202839
08-Jun-2026,83.0331,0.0876712,9.73941,9.76206,0.0226491
08-Jun-2026,87.646,0.0876712,5.70884,5.67223,0.0366056
08-Jun-2026,92.259,0.0876712,2.57047,2.39817,0.1723
08-Jun-2026,96.8719,0.0876712,0.757279,0.586279,0.171
08-Jun-2026,101.485,0.0876712,0.119404,0.0857089,0.0336951
08-Jun-2026,106.098,0.0876712,0.00896792,0.0102282,0.00126024
08-Jun-2026,110.711,0.0876712,0.000355055,0.00116007,0.000805015
08-Jun-2026,73.8072,0.060274,18.638,18.6396,0.00157869
08-Jun-2026,78.4201,0.060274,14.0456,14.0522,0.00655238
08-Jun-2026,83.0331,0.060274,9.51759,9.52835,0.010758
08-Jun-2026,87.646,0.060274,5.31203,5.27661,0.0354151
08-Jun-2026,92.259,0.060274,2.0758,1.90153,0.174268
08-Jun-2026,96.8719,0.060274,0.436212,0.296565,0.139647
08-Jun-2026,101.485,0.060274,0.0351757,0.021066,0.0141097
08-Jun-2026,106.098,0.060274,0.000894706,0.00109644,0.000201732
08-Jun-2026,110.711,0.060274,8.47146e-06,5.19253e-05,4.34539e-05
08-Jun-2026,73.8072,0.145205,18.9589,18.9966,0.0376984
08-Jun-2026,78.4201,0.145205,14.5048,14.5614,0.0566399
08-Jun-2026,83.0331,0.145205,10.2682,10.3189,0.0506951
08-Jun-2026,87.646,0.145205,6.47847,6.46281,0.015655
08-Jun-2026,92.259,0.145205,3.44363,3.31464,0.128992
08-Jun-2026,96.8719,0.145205,1.4226,1.26433,0.158269
08-Jun-2026,101.485,0.145205,0.41462,0.359368,0.0552519
08-Jun-2026,106.098,0.145205,0.0805718,0.0885956,0.00802384
08-Jun-2026,110.711,0.145205,0.0109591,0.0212189,0.0102598
08-Jun-2026,73.8072,0.230137,19.3897,19.4798,0.09011
08-Jun-2026,78.4201,0.230137,15.1076,15.216,0.108443
08-Jun-2026,83.0331,0.230137,11.096,11.1936,0.0975769
08-Jun-2026,87.646,0.230137,7.5172,7.56263,0.0454343
08-Jun-2026,92.259,0.230137,4.55747,4.52957,0.0279022
08-Jun-2026,96.8719,0.230137,2.37426,2.31566,0.0586023
08-Jun-2026,101.485,0.230137,1.01492,1.00276,0.0121596
08-Jun-2026,106.098,0.230137,0.346035,0.387643,0.0416079
08-Jun-2026,110.711,0.230137,0.0959571,0.14375,0.0477933
08-Jun-2026,73.8072,0.312329,19.8828,20.0163,0.133482
08-Jun-2026,78.4201,0.312329,15.7501,15.9007,0.15058
08-Jun-2026,83.0331,0.312329,11.9006,12.045,0.144373
08-Jun-2026,87.646,0.312329,8.45435,8.56763,0.113279
08-Jun-2026,92.259,0.312329,5.53987,5.61341,0.0735364
08-Jun-2026,96.8719,0.312329,3.2677,3.32468,0.0569751
08-Jun-2026,101.485,0.312329,1.68953,1.76855,0.0790196
08-Jun-2026,106.098,0.312329,0.752497,0.861288,0.108791
08-Jun-2026,110.711,0.312329,0.290946,0.399099,0.108153
08-Jun-2026,73.8072,0.394521,20.4559,20.6226,0.16673
08-Jun-2026,78.4201,0.394521,16.4597,16.6442,0.184529
08-Jun-2026,83.0331,0.394521,12.7449,12.9321,0.18725
08-Jun-2026,87.646,0.394521,9.40229,9.57977,0.177483
08-Jun-2026,92.259,0.394521,6.5253,6.69132,0.166023
08-Jun-2026,96.8719,0.394521,4.19505,4.36259,0.167536
08-Jun-2026,101.485,0.394521,2.45804,2.64323,0.185187
08-Jun-2026,106.098,0.394521,1.2979,1.49876,0.200856
08-Jun-2026,110.711,0.394521,0.618906,0.810376,0.19147
08-Jun-2026,73.8072,0.479452,21.0412,21.2263,0.185053
08-Jun-2026,78.4201,0.479452,17.1592,17.364,0.204831
08-Jun-2026,83.0331,0.479452,13.5512,13.7679,0.216668
08-Jun-2026,87.646,0.479452,10.2888,10.5129,0.224085
08-Jun-2026,92.259,0.479452,7.44364,7.67746,0.233821
08-Jun-2026,96.8719,0.479452,5.07819,5.33005,0.251862
08-Jun-2026,101.485,0.479452,3.23216,3.50737,0.275207
08-Jun-2026,106.098,0.479452,1.90438,2.19383,0.28945
08-Jun-2026,110.711,0.479452,1.0386,1.31686,0.278259
08-Jun-2026,73.8072,0.564384,21.6263,21.8155,0.189211
08-Jun-2026,78.4201,0.564384,17.8417,18.0529,0.211226
08-Jun-2026,83.0331,0.564384,14.3222,14.553,0.230783
08-Jun-2026,87.646,0.564384,11.1257,11.3772,0.251495
08-Jun-2026,92.259,0.564384,8.30921,8.58644,0.277228
08-Jun-2026,96.8719,0.564384,5.92244,6.23176,0.309318
08-Jun-2026,101.485,0.564384,3.99883,4.34067,0.341845
08-Jun-2026,106.098,0.564384,2.54352,2.90538,0.36186
08-Jun-2026,110.711,0.564384,1.52268,1.87845,0.35577
08-Jun-2026,73.8072,0.643836,22.2181,22.3983,0.180197
08-Jun-2026,78.4201,0.643836,18.5202,18.7242,0.203989
08-Jun-2026,83.0331,0.643836,15.0778,15.3077,0.22991
08-Jun-2026,87.646,0.643836,11.9389,12.1998,0.260889
08-Jun-2026,92.259,0.643836,9.14969,9.44864,0.298952
08-Jun-2026,96.8719,0.643836,6.75043,7.0933,0.342871
08-Jun-2026,101.485,0.643836,4.76912,5.15456,0.385444
08-Jun-2026,106.098,0.643836,3.21334,3.62798,0.414641
08-Jun-2026,110.711,0.643836,2.06249,2.48066,0.41817
08-Jun-2026,73.8072,0.720548,22.7711,22.9318,0.160738
08-Jun-2026,78.4201,0.720548,19.1462,19.3318,0.185585
08-Jun-2026,83.0331,0.720548,15.7681,15.984,0.215893
08-Jun-2026,87.646,0.720548,12.6773,12.9315,0.25425
08-Jun-2026,92.259,0.720548,9.91264,10.2138,0.301171
08-Jun-2026,96.8719,0.720548,7.50743,7.8617,0.354266
08-Jun-2026,101.485,0.720548,5.48545,5.89131,0.405862
08-Jun-2026,106.098,0.720548,3.85486,4.29955,0.444694
08-Jun-2026,110.711,0.720548,2.60252,3.06178,0.459256
08-Jun-2026,73.8072,0.810959,23.4214,23.5464,0.124975
08-Jun-2026,78.4201,0.810959,19.8745,20.0249,0.150438
08-Jun-2026,83.0331,0.810959,16.5647,16.7491,0.1844
08-Jun-2026,87.646,0.810959,13.5256,13.7546,0.228978
08-Jun-2026,92.259,0.810959,10.7889,11.0728,0.283883
08-Jun-2026,96.8719,0.810959,8.38188,8.72759,0.345711
08-Jun-2026,101.485,0.810959,6.32405,6.73094,0.406891
08-Jun-2026,106.098,0.810959,4.6233,5.0803,0.457005
08-Jun-2026,110.711,0.810959,3.27177,3.75708,0.485315
08-Jun-2026,73.8072,0.893151,24.0011,24.0835,0.082416
08-Jun-2026,78.4201,0.893151,20.5184,20.6259,0.107511
08-Jun-2026,83.0331,0.893151,17.2643,17.4079,0.143592
08-Jun-2026,87.646,0.893151,14.2678,14.4599,0.192064
08-Jun-2026,92.259,0.893151,11.5555,11.8078,0.252251
08-Jun-2026,96.8719,0.893151,9.1504,9.47069,0.320287
08-Jun-2026,101.485,0.893151,7.06887,7.45777,0.3889
08-Jun-2026,106.098,0.893151,5.31816,5.76656,0.4484
08-Jun-2026,110.711,0.893151,3.89321,4.38191,0.488704
09-Jun-2026,73.725,0.00821918,18.4495,18.4495,1.29138e-05
09-Jun-2026,78.3328,0.00821918,13.8429,13.8428,6.9974e-05
09-Jun-2026,82.9406,0.00821918,9.2362,9.23617,2.70163e-05
09-Jun-2026,87.5484,0.00821918,4.63067,4.63025,0.000418894
09-Jun-2026,92.1562,0.00821918,0.635518,0.559218,0.0762999
09-Jun-2026,96.764,0.00821918,0.000415841,3.08262e-05,0.000385015
09-Jun-2026,101.372,0.00821918,7.94242e-12,4.35167e-14,7.8989e-12
09-Jun-2026,105.98,0.00821918,1.0709e-15,-3.54853e-15,4.61943e-15
09-Jun-2026,110.587,0.00821918,1.08677e-15,-3.60255e-15,4.68932e-15
09-Jun-2026,73.725,0.0273973,18.5165,18.5165,9.16907e-06
09-Jun-2026,78.3328,0.0273973,13.9142,13.9144,0.000166459
09-Jun-2026,82.9406,0.0273973,9.31864,9.32017,0.00153186
09-Jun-2026,87.5484,0.0273973,4.86416,4.84395,0.0202114
09-Jun-2026,92.1562,0.0273973,1.41391,1.26423,0.149678
09-Jun-2026,96.764,0.0273973,0.122437,0.0580397,0.0643973
09-Jun-2026,101.372,0.0273973,0.00142671,0.000421952,0.00100476
09-Jun-2026,105.98,0.0273973,1.35478e-06,1.38231e-06,2.75329e-08
09-Jun-2026,110.587,0.0273973,1.37578e-10,3.424e-09,3.28642e-09
09-Jun-2026,73.725,0.0465753,18.5715,18.5719,0.000352343
09-Jun-2026,78.3328,0.0465753,13.9755,13.9784,0.00285404
09-Jun-2026,82.9406,0.0465753,9.4174,9.42402,0.00661676
09-Jun-2026,87.5484,0.0465753,5.12921,5.09599,0.0332167
09-Jun-2026,92.1562,0.0465753,1.84432,1.66837,0.175945
09-Jun-2026,96.764,0.0465753,0.313913,0.189527,0.124386
09-Jun-2026,101.372,0.0465753,0.0165854,0.00762693,0.00895847
09-Jun-2026,105.98,0.0465753,0.000206548,0.000199518,7.02988e-06
09-Jun-2026,110.587,0.0465753,7.02518e-07,4.52967e-06,3.82716e-06
09-Jun-2026,73.725,0.0657534,18.6403,18.6438,0.00353161
09-Jun-2026,78.3328,0.0657534,14.0628,14.0742,0.0114392
09-Jun-2026,82.9406,0.0657534,9.57707,9.59182,0.0147511
09-Jun-2026,87.5484,0.0657534,5.45771,5.41551,0.0421976
09-Jun-2026,92.1562,0.0657534,2.28411,2.09369,0.190416
09-Jun-2026,96.764,0.0657534,0.574314,0.40075,0.173564
09-Jun-2026,101.372,0.0657534,0.0674422,0.0393566,0.0280856
09-Jun-2026,105.98,0.0657534,0.00313413,0.00295775,0.000176385
09-Jun-2026,110.587,0.0657534,6.30572e-05,0.00020562,0.000142563
09-Jun-2026,73.725,0.0849315,18.7004,18.7094,0.00904681
09-Jun-2026,78.3328,0.0849315,14.1474,14.1686,0.0212389
09-Jun-2026,82.9406,0.0849315,9.72834,9.74994,0.0216
09-Jun-2026,87.5484,0.0849315,5.71938,5.67399,0.0453897
09-Jun-2026,92.1562,0.0849315,2.60383,2.41087,0.192963
09-Jun-2026,96.764,0.0849315,0.792078,0.59526,0.196818
09-Jun-2026,101.372,0.0849315,0.134095,0.0877333,0.0463617
09-Jun-2026,105.98,0.0849315,0.0112029,0.0105097,0.000693207
09-Jun-2026,110.587,0.0849315,0.000493349,0.00119425,0.000700897
09-Jun-2026,73.725,0.0575342,18.6086,18.6102,0.00159968
09-Jun-2026,78.3328,0.0575342,14.021,14.0279,0.00692289
09-Jun-2026,82.9406,0.0575342,9.50021,9.51116,0.0109516
09-Jun-2026,87.5484,0.0575342,5.3092,5.2703,0.0389011
09-Jun-2026,92.1562,0.0575342,2.09252,1.90683,0.185694
09-Jun-2026,96.764,0.0575342,0.454407,0.300029,0.154378
09-Jun-2026,101.372,0.0575342,0.0398219,0.0212722,0.0185497
09-Jun-2026,105.98,0.0575342,0.00114785,0.00109144,5.64071e-05
09-Jun-2026,110.587,0.0575342,1.21497e-05,5.0661e-05,3.85113e-05
09-Jun-2026,73.725,0.142466,18.9302,18.9695,0.0392864
09-Jun-2026,78.3328,0.142466,14.4887,14.5446,0.0559455
09-Jun-2026,82.9406,0.142466,10.2726,10.3151,0.0424966
09-Jun-2026,87.5484,0.142466,6.51052,6.47229,0.0382306
09-Jun-2026,92.1562,0.142466,3.50058,3.33202,0.168564
09-Jun-2026,96.764,0.142466,1.4843,1.27855,0.20575
09-Jun-2026,101.372,0.142466,0.454952,0.365634,0.0893183
09-Jun-2026,105.98,0.142466,0.0951922,0.0906084,0.00458378
09-Jun-2026,110.587,0.142466,0.0140163,0.0218169,0.0078006
09-Jun-2026,73.725,0.227397,19.3692,19.4567,0.0875219
09-Jun-2026,78.3328,0.227397,15.1065,15.204,0.0975217
09-Jun-2026,82.9406,0.227397,11.1211,11.1931,0.0720294
09-Jun-2026,87.5484,0.227397,7.57241,7.57187,0.000535084
09-Jun-2026,92.1562,0.227397,4.63843,4.54374,0.0946857
09-Jun-2026,96.764,0.227397,2.46447,2.3282,0.136274
09-Jun-2026,101.372,0.227397,1.0899,1.01002,0.0798812
09-Jun-2026,105.98,0.227397,0.390158,0.39081,0.000652022
09-Jun-2026,110.587,0.227397,0.114318,0.145063,0.0307449
09-Jun-2026,73.725,0.309589,19.8726,19.9936,0.121004
09-Jun-2026,78.3328,0.309589,15.7634,15.8876,0.124245
09-Jun-2026,82.9406,0.309589,11.9425,12.041,0.098492
09-Jun-2026,87.5484,0.309589,8.52692,8.57048,0.043557
09-Jun-2026,92.1562,0.309589,5.63849,5.61957,0.0189193
09-Jun-2026,96.764,0.309589,3.37863,3.33016,0.0484749
09-Jun-2026,101.372,0.309589,1.79162,1.77113,0.0204862
09-Jun-2026,105.98,0.309589,0.82687,0.861455,0.0345845
09-Jun-2026,110.587,0.309589,0.333307,0.39845,0.0651429
09-Jun-2026,73.725,0.391781,20.4571,20.5966,0.139487
09-Jun-2026,78.3328,0.391781,16.4869,16.6258,0.138864
09-Jun-2026,82.9406,0.391781,12.802,12.9203,0.118272
09-Jun-2026,87.5484,0.391781,9.49012,9.57252,0.0823961
09-Jun-2026,92.1562,0.391781,6.63928,6.68631,0.0470327
09-Jun-2026,96.764,0.391781,4.32365,4.3575,0.0338516
09-Jun-2026,101.372,0.391781,2.58339,2.63699,0.053597
09-Jun-2026,105.98,0.391781,1.40135,1.49184,0.0904852
09-Jun-2026,110.587,0.391781,0.690226,0.804133,0.113907
09-Jun-2026,73.725,0.476712,21.0533,21.1941,0.140849
09-Jun-2026,78.3328,0.476712,17.1987,17.3375,0.138844
09-Jun-2026,82.9406,0.476712,13.6212,13.746,0.124786
09-Jun-2026,87.5484,0.476712,10.3893,10.4941,0.104755
09-Jun-2026,92.1562,0.476712,7.57031,7.66017,0.0898562
09-Jun-2026,96.764,0.476712,5.2211,5.31303,0.0919267
09-Jun-2026,101.372,0.476712,3.3761,3.49029,0.114194
09-Jun-2026,105.98,0.476712,2.03218,2.17738,0.145199
09-Jun-2026,110.587,0.476712,1.13753,1.30238,0.164854
09-Jun-2026,73.725,0.561644,21.6483,21.7757,0.127427
09-Jun-2026,78.3328,0.561644,17.8921,18.0171,0.124951
09-Jun-2026,82.9406,0.561644,14.4033,14.5201,0.11684
09-Jun-2026,87.5484,0.561644,11.237,11.3462,0.109244
09-Jun-2026,92.1562,0.561644,8.44665,8.5565,0.10985
09-Jun-2026,96.764,0.561644,6.07733,6.20227,0.124943
09-Jun-2026,101.372,0.561644,4.15803,4.31185,0.153816
09-Jun-2026,105.98,0.561644,2.6916,2.87809,0.186488
09-Jun-2026,110.587,0.561644,1.64629,1.85413,0.207838
09-Jun-2026,73.725,0.641096,22.2493,22.3497,0.100438
09-Jun-2026,78.3328,0.641096,18.5804,18.6781,0.0976575
09-Jun-2026,82.9406,0.641096,15.1687,15.2633,0.094624
09-Jun-2026,87.5484,0.641096,12.0598,12.1564,0.0965798
09-Jun-2026,92.1562,0.641096,9.29668,9.40582,0.109144
09-Jun-2026,96.764,0.641096,6.91581,7.05102,0.135205
09-Jun-2026,101.372,0.641096,4.94143,5.11339,0.171958
09-Jun-2026,105.98,0.641096,3.37882,3.58898,0.210156
09-Jun-2026,110.587,0.641096,2.20808,2.44536,0.237281
09-Jun-2026,73.725,0.717808,22.8104,22.8745,0.0641312
09-Jun-2026,78.3328,0.717808,19.2147,19.2757,0.0610111
09-Jun-2026,82.9406,0.717808,15.8673,15.9287,0.0613662
09-Jun-2026,87.5484,0.717808,12.8063,12.8765,0.0702035
09-Jun-2026,92.1562,0.717808,10.0676,10.159,0.0914172
09-Jun-2026,96.764,0.717808,7.68149,7.80744,0.125952
09-Jun-2026,101.372,0.717808,5.66843,5.83843,0.170001
09-Jun-2026,105.98,0.717808,4.0344,4.24924,0.214843
09-Jun-2026,110.587,0.717808,2.76624,3.01566,0.249422
09-Jun-2026,73.725,0.808219,23.4693,23.4784,0.00911867
09-Jun-2026,78.3328,0.808219,19.9521,19.957,0.00490525
09-Jun-2026,82.9406,0.808219,16.6727,16.6809,0.00822887
09-Jun-2026,87.5484,0.808219,13.6631,13.686,0.0229022
09-Jun-2026,92.1562,0.808219,10.9524,11.0041,0.0517058
09-Jun-2026,96.764,0.808219,8.56508,8.6594,0.0943207
09-Jun-2026,101.372,0.808219,6.51808,6.66429,0.146212
09-Jun-2026,105.98,0.808219,4.81723,5.01652,0.19929
09-Jun-2026,110.587,0.808219,3.4542,3.69788,0.243683
09-Jun-2026,73.725,0.890411,24.0563,24.0059,0.050376
09-Jun-2026,78.3328,0.890411,20.6032,20.5474,0.0557919
09-Jun-2026,82.9406,0.890411,17.3795,17.3284,0.0510993
09-Jun-2026,87.5484,0.890411,14.4122,14.3794,0.0327545
09-Jun-2026,92.1562,0.890411,11.7258,11.7269,0.00113872
09-Jun-2026,96.764,0.890411,9.34095,9.39027,0.0493226
09-Jun-2026,101.372,0.890411,7.27166,7.37895,0.107294
09-Jun-2026,105.98,0.890411,5.52335,5.69075,0.1674
09-Jun-2026,110.587,0.890411,4.09029,4.3109,0.220605
10-Jun-2026,83.4268,0.00547945,9.28327,9.28323,4.18712e-05
10-Jun-2026,88.0616,0.00547945,4.64925,4.64921,3.93332e-05
10-Jun-2026,92.6964,0.00547945,0.489992,0.425737,0.0642549
10-Jun-2026,97.3312,0.00547945,6.06029e-06,6.97538e-08,5.99054e-06
10-Jun-2026,101.966,0.00547945,9.75521e-16,3.56411e-14,3.46655e-14
10-Jun-2026,106.601,0.00547945,1.00126e-15,5.21903e-16,4.79357e-16
10-Jun-2026,111.236,0.00547945,9.87638e-16,4.48538e-16,5.391e-16
10-Jun-2026,74.1571,0.0246575,18.618,18.618,7.65708e-06
10-Jun-2026,78.7919,0.0246575,13.9881,13.9883,0.000170946
10-Jun-2026,83.4268,0.0246575,9.3615,9.36304,0.0015435
10-Jun-2026,88.0616,0.0246575,4.83835,4.82655,0.0117995
10-Jun-2026,92.6964,0.0246575,1.29223,1.14556,0.14667
10-Jun-2026,97.3312,0.0246575,0.0775792,0.0314425,0.0461367
10-Jun-2026,101.966,0.0246575,0.00034969,0.000117666,0.000232024
10-Jun-2026,106.601,0.0246575,6.94864e-08,2.20144e-07,1.50658e-07
10-Jun-2026,111.236,0.0246575,1.12721e-12,3.35866e-10,3.34739e-10
10-Jun-2026,74.1571,0.0438356,18.6725,18.6728,0.000289136
10-Jun-2026,78.7919,0.0438356,14.0476,14.0501,0.00246468
10-Jun-2026,83.4268,0.0438356,9.44843,9.45711,0.00867687
10-Jun-2026,88.0616,0.0438356,5.07913,5.05868,0.0204495
10-Jun-2026,92.6964,0.0438356,1.71401,1.5417,0.172305
10-Jun-2026,97.3312,0.0438356,0.236085,0.13172,0.104365
10-Jun-2026,101.966,0.0438356,0.0075638,0.00383009,0.00373371
10-Jun-2026,106.601,0.0438356,4.24724e-05,7.85273e-05,3.60549e-05
10-Jun-2026,111.236,0.0438356,5.80587e-08,1.47074e-06,1.41268e-06
10-Jun-2026,74.1571,0.0630137,18.74,18.7431,0.00314577
10-Jun-2026,78.7919,0.0630137,14.1292,14.1408,0.0115805
10-Jun-2026,83.4268,0.0630137,9.59102,9.61214,0.021117
10-Jun-2026,88.0616,0.0630137,5.38689,5.36171,0.0251781
10-Jun-2026,92.6964,0.0630137,2.14233,1.95899,0.183336
10-Jun-2026,97.3312,0.0630137,0.466852,0.312641,0.154211
10-Jun-2026,101.966,0.0630137,0.040113,0.025105,0.015008
10-Jun-2026,106.601,0.0630137,0.00114988,0.00164256,0.000492679
10-Jun-2026,111.236,0.0630137,1.34045e-05,0.000103228,8.98238e-05
10-Jun-2026,74.1571,0.0821918,18.7979,18.8066,0.00868372
10-Jun-2026,78.7919,0.0821918,14.207,14.2299,0.0229214
10-Jun-2026,83.4268,0.0821918,9.72888,9.76068,0.0318022
10-Jun-2026,88.0616,0.0821918,5.63535,5.61011,0.0252367
10-Jun-2026,92.6964,0.0821918,2.45329,2.27139,0.181903
10-Jun-2026,97.3312,0.0821918,0.665694,0.488535,0.177159
10-Jun-2026,101.966,0.0821918,0.0888763,0.0615641,0.0273122
10-Jun-2026,106.601,0.0821918,0.00517648,0.00664152,0.00146504
10-Jun-2026,111.236,0.0821918,0.000151952,0.000701879,0.000549927
10-Jun-2026,74.1571,0.0547945,18.7091,18.7104,0.00130192
10-Jun-2026,78.7919,0.0547945,14.0904,14.0971,0.00666156
10-Jun-2026,83.4268,0.0547945,9.52193,9.53718,0.0152546
10-Jun-2026,88.0616,0.0547945,5.24701,5.22327,0.0237352
10-Jun-2026,92.6964,0.0547945,1.95588,1.77546,0.180425
10-Jun-2026,97.3312,0.0547945,0.35932,0.224567,0.134753
10-Jun-2026,101.966,0.0547945,0.021591,0.0124964,0.00909465
10-Jun-2026,106.601,0.0547945,0.000344766,0.000539743,0.000194977
10-Jun-2026,111.236,0.0547945,1.86679e-06,2.20058e-05,2.0139e-05
10-Jun-2026,74.1571,0.139726,19.0147,19.0565,0.0417891
10-Jun-2026,78.7919,0.139726,14.5224,14.588,0.0656025
10-Jun-2026,83.4268,0.139726,10.2372,10.3011,0.0639107
10-Jun-2026,88.0616,0.139726,6.39532,6.38713,0.00818916
10-Jun-2026,92.6964,0.139726,3.32647,3.18386,0.142613
10-Jun-2026,97.3312,0.139726,1.31463,1.13631,0.178321
10-Jun-2026,101.966,0.139726,0.353547,0.295941,0.0576058
10-Jun-2026,106.601,0.139726,0.0610848,0.0684109,0.00732612
10-Jun-2026,111.236,0.139726,0.00725022,0.015741,0.00849081
10-Jun-2026,74.1571,0.224658,19.4275,19.5262,0.0986684
10-Jun-2026,78.7919,0.224658,15.1046,15.224,0.119419
10-Jun-2026,83.4268,0.224658,11.0479,11.1544,0.106477
10-Jun-2026,88.0616,0.224658,7.4268,7.46958,0.0427791
10-Jun-2026,92.6964,0.224658,4.4393,4.38947,0.0498274
10-Jun-2026,97.3312,0.224658,2.25569,2.16378,0.0919139
10-Jun-2026,101.966,0.224658,0.925705,0.889056,0.0366486
10-Jun-2026,106.601,0.224658,0.298004,0.326335,0.0283313
10-Jun-2026,111.236,0.224658,0.077279,0.116363,0.0390835
10-Jun-2026,74.1571,0.306849,19.906,20.0463,0.140318
10-Jun-2026,78.7919,0.306849,15.7336,15.8887,0.155104
10-Jun-2026,83.4268,0.306849,11.8434,11.9847,0.14129
10-Jun-2026,88.0616,0.306849,8.36093,8.45652,0.0955915
10-Jun-2026,92.6964,0.306849,5.42235,5.45968,0.0373328
10-Jun-2026,97.3312,0.306849,3.1459,3.15392,0.00802242
10-Jun-2026,101.966,0.306849,1.58619,1.61829,0.0321013
10-Jun-2026,106.601,0.306849,0.682572,0.756056,0.0734836
10-Jun-2026,111.236,0.306849,0.253354,0.337103,0.0837486
10-Jun-2026,74.1571,0.389041,20.4674,20.6322,0.164755
10-Jun-2026,78.7919,0.389041,16.4336,16.6088,0.175205
10-Jun-2026,83.4268,0.389041,12.6823,12.8478,0.165512
10-Jun-2026,88.0616,0.389041,9.30843,9.44684,0.138413
10-Jun-2026,92.6964,0.389041,6.41029,6.51862,0.108331
10-Jun-2026,97.3312,0.389041,4.07393,4.17038,0.0964548
10-Jun-2026,101.966,0.389041,2.34808,2.46043,0.11235
10-Jun-2026,106.601,0.389041,1.21295,1.35026,0.137315
10-Jun-2026,111.236,0.389041,0.563385,0.705342,0.141957
10-Jun-2026,74.1571,0.473973,21.0445,21.2134,0.168899
10-Jun-2026,78.7919,0.473973,17.1273,17.304,0.176688
10-Jun-2026,83.4268,0.473973,13.4865,13.6585,0.172031
10-Jun-2026,88.0616,0.473973,10.1965,10.3564,0.159928
10-Jun-2026,92.6964,0.473973,7.33246,7.48297,0.15051
10-Jun-2026,97.3312,0.473973,4.96016,5.11482,0.154663
10-Jun-2026,101.966,0.473973,3.1208,3.29506,0.174257
10-Jun-2026,106.601,0.473973,1.81147,2.00712,0.195653
10-Jun-2026,111.236,0.473973,0.970316,1.16941,0.199098
10-Jun-2026,74.1571,0.558904,21.6239,21.7793,0.155377
10-Jun-2026,78.7919,0.558904,17.8066,17.9677,0.161142
10-Jun-2026,83.4268,0.558904,14.2573,14.4182,0.160918
10-Jun-2026,88.0616,0.558904,11.0361,11.1963,0.160196
10-Jun-2026,92.6964,0.558904,8.20271,8.36861,0.165902
10-Jun-2026,97.3312,0.558904,5.80889,5.99243,0.183545
10-Jun-2026,101.966,0.558904,3.88907,4.10015,0.211078
10-Jun-2026,106.601,0.558904,2.44738,2.684,0.236622
10-Jun-2026,111.236,0.558904,1.44648,1.69124,0.244764
10-Jun-2026,74.1571,0.638356,22.2118,22.3378,0.126013
10-Jun-2026,78.7919,0.638356,18.4835,18.6133,0.129813
10-Jun-2026,83.4268,0.638356,15.0141,15.147,0.132909
10-Jun-2026,88.0616,0.638356,11.853,11.9936,0.140633
10-Jun-2026,92.6964,0.638356,9.04852,9.20628,0.157761
10-Jun-2026,97.3312,0.638356,6.64225,6.82887,0.186621
10-Jun-2026,101.966,0.638356,4.66282,4.88602,0.223204
10-Jun-2026,106.601,0.638356,3.11708,3.37368,0.256603
10-Jun-2026,111.236,0.638356,1.98212,2.25569,0.273566
10-Jun-2026,74.1571,0.715068,22.7627,22.8485,0.0857566
10-Jun-2026,78.7919,0.715068,19.1094,19.1969,0.0874926
10-Jun-2026,83.4268,0.715068,15.7064,15.7991,0.0926684
10-Jun-2026,88.0616,0.715068,12.5955,12.7016,0.106107
10-Jun-2026,92.6964,0.715068,9.81681,9.94809,0.131281
10-Jun-2026,97.3312,0.715068,7.40477,7.57344,0.168672
10-Jun-2026,101.966,0.715068,5.38345,5.59689,0.213436
10-Jun-2026,106.601,0.715068,3.76043,4.01578,0.255353
10-Jun-2026,111.236,0.715068,2.52088,2.80333,0.282449
10-Jun-2026,74.1571,0.805479,23.4118,23.4361,0.0243016
10-Jun-2026,78.7919,0.805479,19.8388,19.8621,0.0232509
10-Jun-2026,83.4268,0.805479,16.5063,16.5359,0.0296499
10-Jun-2026,88.0616,0.805479,13.449,13.4967,0.0477406
10-Jun-2026,92.6964,0.805479,10.6997,10.7795,0.0797567
10-Jun-2026,97.3312,0.805479,8.28609,8.4112,0.125114
10-Jun-2026,101.966,0.805479,6.22795,6.40644,0.178491
10-Jun-2026,106.601,0.805479,4.53262,4.76307,0.230451
10-Jun-2026,111.236,0.805479,3.19101,3.46111,0.270097
10-Jun-2026,74.1571,0.887671,23.9915,23.9495,0.0419936
10-Jun-2026,78.7919,0.887671,20.4843,20.4385,0.045848
10-Jun-2026,83.4268,0.887671,17.2094,17.17,0.0394344
10-Jun-2026,88.0616,0.887671,14.1962,14.1774,0.0187785
10-Jun-2026,92.6964,0.887671,11.4724,11.4899,0.0175256
10-Jun-2026,97.3312,0.887671,9.06096,9.12933,0.068367
10-Jun-2026,101.966,0.887671,6.97855,7.10684,0.128289
10-Jun-2026,106.601,0.887671,5.23184,5.42039,0.188551
10-Jun-2026,111.236,0.887671,3.8148,4.05386,0.239062
11-Jun-2026,73.514,0.00273973,18.3846,18.3846,4.35893e-05
11-Jun-2026,78.1087,0.00273973,13.7903,13.7903,2.13198e-05
11-Jun-2026,82.7033,0.00273973,9.19605,9.1961,4.9042e-05
11-Jun-2026,87.2979,0.00273973,4.6018,4.60188,7.68181e-05
11-Jun-2026,91.8926,0.00273973,0.370037,0.325679,0.0443584
11-Jun-2026,96.4872,0.00273973,1.24687e-08,1.54101e-10,1.23146e-08
11-Jun-2026,101.082,0.00273973,1.41442e-15,-1.99824e-13,2.01239e-13
11-Jun-2026,73.514,0.0219178,18.451,18.4511,9.24356e-05
11-Jun-2026,78.1087,0.0219178,13.8609,13.8611,0.000156985
11-Jun-2026,82.7033,0.0219178,9.27481,9.27594,0.00112555
11-Jun-2026,87.2979,0.0219178,4.80366,4.78708,0.0165809
11-Jun-2026,91.8926,0.0219178,1.32545,1.18354,0.141913
11-Jun-2026,96.4872,0.0219178,0.0958155,0.0420465,0.053769
11-Jun-2026,101.082,0.0219178,0.000747571,0.000175356,0.000572215
11-Jun-2026,105.676,0.0219178,3.50459e-07,2.81447e-07,6.90122e-08
11-Jun-2026,110.271,0.0219178,1.23981e-11,3.19384e-10,3.06985e-10
11-Jun-2026,73.514,0.0410959,18.5054,18.5058,0.000382483
11-Jun-2026,78.1087,0.0410959,13.9209,13.9232,0.00231275
11-Jun-2026,82.7033,0.0410959,9.36848,9.37454,0.00605658
11-Jun-2026,87.2979,0.0410959,5.0716,5.03999,0.0316131
11-Jun-2026,91.8926,0.0410959,1.78487,1.61007,0.174803
11-Jun-2026,96.4872,0.0410959,0.288413,0.167914,0.120499
11-Jun-2026,101.082,0.0410959,0.0138341,0.00568681,0.00814729
11-Jun-2026,105.676,0.0410959,0.000145627,0.000119224,2.64025e-05
11-Jun-2026,110.271,0.0410959,3.76359e-07,2.1201e-06,1.74374e-06
11-Jun-2026,73.514,0.060274,18.5734,18.5765,0.00314218
11-Jun-2026,78.1087,0.060274,14.0062,14.0167,0.0105041
11-Jun-2026,82.7033,0.060274,9.52609,9.53994,0.0138526
11-Jun-2026,87.2979,0.060274,5.40832,5.36446,0.0438564
11-Jun-2026,91.8926,0.060274,2.24425,2.04814,0.196111
11-Jun-2026,96.4872,0.060274,0.556389,0.378137,0.178252
11-Jun-2026,101.082,0.060274,0.0641261,0.0346858,0.0294403
11-Jun-2026,105.676,0.060274,0.00288119,0.00238905,0.000492138
11-Jun-2026,110.271,0.060274,5.38813e-05,0.000150697,9.68161e-05
11-Jun-2026,73.514,0.0794521,18.6325,18.6411,0.008638
11-Jun-2026,78.1087,0.0794521,14.0897,14.1098,0.0201424
11-Jun-2026,82.7033,0.0794521,9.67805,9.69789,0.0198359
11-Jun-2026,87.2979,0.0794521,5.6766,5.62638,0.0502212
11-Jun-2026,91.8926,0.0794521,2.5748,2.37089,0.203907
11-Jun-2026,96.4872,0.0794521,0.780798,0.572845,0.207953
11-Jun-2026,101.082,0.0794521,0.132318,0.0811617,0.0511563
11-Jun-2026,105.676,0.0794521,0.0110479,0.00924856,0.00179934
11-Jun-2026,110.271,0.0794521,0.000476459,0.000993608,0.000517149
11-Jun-2026,73.514,0.0520548,18.5421,18.5435,0.00139733
11-Jun-2026,78.1087,0.0520548,13.9653,13.9714,0.00608062
11-Jun-2026,82.7033,0.0520548,9.44964,9.45994,0.0102982
11-Jun-2026,87.2979,0.0520548,5.25598,5.21699,0.0389914
11-Jun-2026,91.8926,0.0520548,2.04495,1.85659,0.188358
11-Jun-2026,96.4872,0.0520548,0.432802,0.277539,0.155263
11-Jun-2026,101.082,0.0520548,0.0363891,0.0178139,0.0185752
11-Jun-2026,105.676,0.0520548,0.000975528,0.00080458,0.000170948
11-Jun-2026,110.271,0.0520548,9.04669e-06,3.24174e-05,2.33707e-05
11-Jun-2026,73.514,0.136986,18.861,18.899,0.0379636
11-Jun-2026,78.1087,0.136986,14.4317,14.4842,0.0525281
11-Jun-2026,82.7033,0.136986,10.2297,10.2639,0.0341577
11-Jun-2026,87.2979,0.136986,6.48484,6.42949,0.0553521
11-Jun-2026,91.8926,0.136986,3.49373,3.29803,0.195701
11-Jun-2026,96.4872,0.136986,1.49114,1.25565,0.235491
11-Jun-2026,101.082,0.136986,0.463839,0.35423,0.109609
11-Jun-2026,105.676,0.136986,0.0991887,0.0862924,0.0128963
11-Jun-2026,110.271,0.136986,0.0148901,0.0203815,0.00549137
11-Jun-2026,73.514,0.221918,19.3024,19.3829,0.0804705
11-Jun-2026,78.1087,0.221918,15.0565,15.14,0.0834507
11-Jun-2026,82.7033,0.221918,11.0907,11.1381,0.0473699
11-Jun-2026,87.2979,0.221918,7.56392,7.52514,0.0387783
11-Jun-2026,91.8926,0.221918,4.65056,4.50524,0.145325
11-Jun-2026,96.4872,0.221918,2.49003,2.29877,0.191258
11-Jun-2026,101.082,0.221918,1.11657,0.990263,0.126307
11-Jun-2026,105.676,0.221918,0.407833,0.379495,0.0283383
11-Jun-2026,110.271,0.221918,0.122182,0.139241,0.0170592
11-Jun-2026,73.514,0.30411,19.8107,19.9135,0.102837
11-Jun-2026,78.1087,0.30411,15.7213,15.8158,0.0945459
11-Jun-2026,82.7033,0.30411,11.9226,11.9768,0.0541841
11-Jun-2026,87.2979,0.30411,8.53024,8.51353,0.0167132
11-Jun-2026,91.8926,0.30411,5.66281,5.57021,0.0926003
11-Jun-2026,96.4872,0.30411,3.41698,3.28949,0.127495
11-Jun-2026,101.082,0.30411,1.83275,1.74009,0.0926567
11-Jun-2026,105.676,0.30411,0.859666,0.839994,0.0196716
11-Jun-2026,110.271,0.30411,0.353169,0.384732,0.0315633
11-Jun-2026,73.514,0.386301,20.4014,20.5066,0.105215
11-Jun-2026,78.1087,0.386301,16.4528,16.5421,0.0893498
11-Jun-2026,82.7033,0.386301,12.7913,12.8426,0.0513218
11-Jun-2026,87.2979,0.386301,9.50303,9.50099,0.00204385
11-Jun-2026,91.8926,0.386301,6.67322,6.62177,0.051449
11-Jun-2026,96.4872,0.386301,4.37226,4.3015,0.0707625
11-Jun-2026,101.082,0.386301,2.63682,2.59093,0.0458914
11-Jun-2026,105.676,0.386301,1.44885,1.45645,0.00760262
11-Jun-2026,110.271,0.386301,0.7248,0.778414,0.0536141
11-Jun-2026,73.514,0.471233,21.0034,21.0922,0.0887546
11-Jun-2026,78.1087,0.471233,17.1715,17.2401,0.0686145
11-Jun-2026,82.7033,0.471233,13.6179,13.6531,0.0351791
11-Jun-2026,87.2979,0.471233,10.4097,10.4063,0.0034177
11-Jun-2026,91.8926,0.471233,7.61155,7.57884,0.0327082
11-Jun-2026,96.4872,0.471233,5.27753,5.24009,0.0374436
11-Jun-2026,101.082,0.471233,3.43909,3.42755,0.011538
11-Jun-2026,105.676,0.471233,2.0919,2.12615,0.0342461
11-Jun-2026,110.271,0.471233,1.18605,1.26225,0.0762037
11-Jun-2026,73.514,0.556164,21.6038,21.6606,0.0567586
11-Jun-2026,78.1087,0.556164,17.8709,17.9049,0.0339681
11-Jun-2026,82.7033,0.556164,14.4061,14.4112,0.00514263
11-Jun-2026,87.2979,0.556164,11.2633,11.2416,0.021675
11-Jun-2026,91.8926,0.556164,8.4937,8.45782,0.0358753
11-Jun-2026,96.4872,0.556164,6.13995,6.11178,0.0281748
11-Jun-2026,101.082,0.556164,4.22865,4.23166,0.00300709
11-Jun-2026,105.676,0.556164,2.76134,2.80996,0.0486203
11-Jun-2026,110.271,0.556164,1.70714,1.79813,0.0909938
11-Jun-2026,73.514,0.635616,22.2097,22.2206,0.0108908
11-Jun-2026,78.1087,0.635616,18.5644,18.5505,0.0139088
11-Jun-2026,82.7033,0.635616,15.1768,15.138,0.038845
11-Jun-2026,87.2979,0.635616,12.0911,12.0345,0.0565799
11-Jun-2026,91.8926,0.635616,9.34857,9.28941,0.059157
11-Jun-2026,96.4872,0.635616,6.98357,6.94252,0.0410541
11-Jun-2026,101.082,0.635616,5.01836,5.01517,0.00318791
11-Jun-2026,105.676,0.635616,3.45696,3.50314,0.0461802
11-Jun-2026,110.271,0.635616,2.27975,2.37236,0.0926129
11-Jun-2026,73.514,0.712329,22.7749,22.732,0.0428671
11-Jun-2026,78.1087,0.712329,19.2031,19.1336,0.0694675
11-Jun-2026,82.7033,0.712329,15.8796,15.7879,0.0917166
11-Jun-2026,87.2979,0.712329,12.8416,12.7386,0.103027
11-Jun-2026,91.8926,0.712329,10.1233,10.0261,0.0972218
11-Jun-2026,96.4872,0.712329,7.75332,7.68212,0.0712004
11-Jun-2026,101.082,0.712329,5.75034,5.72327,0.0270742
11-Jun-2026,105.676,0.712329,4.1192,4.14658,0.0273788
11-Jun-2026,110.271,0.712329,2.84668,2.92625,0.0795671
11-Jun-2026,73.514,0.80274,23.4383,23.3201,0.11816
11-Jun-2026,78.1087,0.80274,19.9449,19.7979,0.146967
11-Jun-2026,82.7033,0.80274,16.6893,16.5222,0.167098
11-Jun-2026,87.2979,0.80274,13.7024,13.5294,0.17299
11-Jun-2026,91.8926,0.80274,11.0119,10.852,0.159931
11-Jun-2026,96.4872,0.80274,8.64098,8.51448,0.126495
11-Jun-2026,101.082,0.80274,6.60495,6.52928,0.0756653
11-Jun-2026,105.676,0.80274,4.90865,4.89398,0.0146657
11-Jun-2026,110.271,0.80274,3.54351,3.58884,0.0453257
11-Jun-2026,73.514,0.884932,24.0288,23.8337,0.195136
11-Jun-2026,78.1087,0.884932,20.5996,20.3734,0.226215
11-Jun-2026,82.7033,0.884932,17.3995,17.154,0.245546
11-Jun-2026,87.2979,0.884932,14.4546,14.2065,0.248069
11-Jun-2026,91.8926,0.884932,11.7884,11.558,0.2304
11-Jun-2026,96.4872,0.884932,9.41997,9.22817,0.191804
11-Jun-2026,101.082,0.884932,7.36231,7.22646,0.13585
11-Jun-2026,105.676,0.884932,5.61981,5.55058,0.0692308
11-Jun-2026,110.271,0.884932,4.18642,4.18425,0.00216881
12-Jun-2026,74.6209,0.0191781,18.7229,18.7229,1.55576e-05
12-Jun-2026,79.2847,0.0191781,14.0633,14.0633,2.7561e-05
12-Jun-2026,83.9485,0.0191781,9.40462,9.40503,0.000405316
12-Jun-2026,88.6123,0.0191781,4.80594,4.80131,0.00462808
12-Jun-2026,93.2761,0.0191781,1.13064,1.03334,0.0972965
12-Jun-2026,97.9399,0.0191781,0.0363344,0.0119074,0.024427
12-Jun-2026,102.604,0.0191781,3.07571e-05,1.88151e-06,2.88756e-05
12-Jun-2026,107.268,0.0191781,4.06881e-10,3.91922e-11,3.67689e-10
12-Jun-2026,111.931,0.0191781,4.91288e-16,3.04771e-15,2.55643e-15
12-Jun-2026,74.6209,0.0383562,18.7783,18.7783,2.01881e-05
12-Jun-2026,79.2847,0.0383562,14.1227,14.1235,0.000762966
12-Jun-2026,83.9485,0.0383562,9.48164,9.48624,0.00459688
12-Jun-2026,88.6123,0.0383562,5.02149,5.01337,0.00811573
12-Jun-2026,93.2761,0.0383562,1.55968,1.44546,0.114225
12-Jun-2026,97.9399,0.0383562,0.159109,0.0838189,0.0752901
12-Jun-2026,102.604,0.0383562,0.00245976,0.000536597,0.00192316
12-Jun-2026,107.268,0.0383562,4.43903e-06,1.17199e-06,3.26704e-06
12-Jun-2026,111.931,0.0383562,1.66882e-09,1.77633e-09,1.07512e-10
12-Jun-2026,74.6209,0.0575342,18.8463,18.8474,0.00105586
12-Jun-2026,79.2847,0.0575342,14.201,14.2065,0.00554286
12-Jun-2026,83.9485,0.0575342,9.60895,9.62339,0.014443
12-Jun-2026,88.6123,0.0575342,5.31205,5.30494,0.00710531
12-Jun-2026,93.2761,0.0575342,1.98803,1.86963,0.118405
12-Jun-2026,97.9399,0.0575342,0.361432,0.240826,0.120606
12-Jun-2026,102.604,0.0575342,0.020711,0.00804933,0.0126617
12-Jun-2026,107.268,0.0575342,0.000322081,0.000134017,0.000188064
12-Jun-2026,111.931,0.0575342,1.90013e-06,1.76597e-06,1.34161e-07
12-Jun-2026,74.6209,0.0767123,18.9036,18.9074,0.00380633
12-Jun-2026,79.2847,0.0767123,14.274,14.2869,0.012856
12-Jun-2026,83.9485,0.0767123,9.73534,9.75942,0.0240818
12-Jun-2026,88.6123,0.0767123,5.55124,5.54801,0.0032319
12-Jun-2026,93.2761,0.0767123,2.29748,2.18334,0.114139
12-Jun-2026,97.9399,0.0767123,0.544077,0.403545,0.140532
12-Jun-2026,102.604,0.0767123,0.0543965,0.0271577,0.0272388
12-Jun-2026,107.268,0.0767123,0.00206294,0.00104636,0.00101658
12-Jun-2026,111.931,0.0767123,3.77082e-05,3.34838e-05,4.2244e-06
12-Jun-2026,74.6209,0.0958904,18.9639,18.9725,0.00857067
12-Jun-2026,79.2847,0.0958904,14.3564,14.3785,0.0221394
12-Jun-2026,83.9485,0.0958904,9.87548,9.90957,0.0340865
12-Jun-2026,88.6123,0.0958904,5.78691,5.78945,0.00254059
12-Jun-2026,93.2761,0.0958904,2.58372,2.47824,0.105476
12-Jun-2026,97.9399,0.0958904,0.733325,0.584905,0.14842
12-Jun-2026,102.604,0.0958904,0.105403,0.0621815,0.0432215
12-Jun-2026,107.268,0.0958904,0.00706822,0.00410144,0.00296678
12-Jun-2026,111.931,0.0958904,0.000264996,0.00023051,3.4486e-05
12-Jun-2026,74.6209,0.0493151,18.8152,18.8156,0.00037777
12-Jun-2026,79.2847,0.0493151,14.1642,14.1669,0.00272111
12-Jun-2026,83.9485,0.0493151,9.54678,9.55633,0.00955444
12-Jun-2026,88.6123,0.0493151,5.17889,5.17072,0.00816994
12-Jun-2026,93.2761,0.0493151,1.80203,1.68393,0.118101
12-Jun-2026,97.9399,0.0493151,0.265328,0.16227,0.103058
12-Jun-2026,102.604,0.0493151,0.00955608,0.00302302,0.00653306
12-Jun-2026,107.268,0.0493151,6.97729e-05,2.46898e-05,4.50831e-05
12-Jun-2026,111.931,0.0493151,1.56993e-07,1.52634e-07,4.3593e-09
12-Jun-2026,74.6209,0.134247,19.1132,19.1378,0.0246326
12-Jun-2026,79.2847,0.134247,14.5704,14.6158,0.0453653
12-Jun-2026,83.9485,0.134247,10.2165,10.2722,0.0557023
12-Jun-2026,88.6123,0.134247,6.29403,6.31375,0.0197195
12-Jun-2026,93.2761,0.134247,3.16615,3.08902,0.0771296
12-Jun-2026,97.9399,0.134247,1.16253,1.02435,0.138181
12-Jun-2026,102.604,0.134247,0.272007,0.201615,0.0703923
12-Jun-2026,107.268,0.134247,0.038467,0.0271771,0.0112899
12-Jun-2026,111.931,0.134247,0.00366188,0.00317647,0.000485413
12-Jun-2026,74.6209,0.219178,19.51,19.5762,0.0661596
12-Jun-2026,79.2847,0.219178,15.1298,15.2196,0.089778
12-Jun-2026,83.9485,0.219178,11.0058,11.1007,0.0949235
12-Jun-2026,88.6123,0.219178,7.31625,7.37938,0.0631345
12-Jun-2026,93.2761,0.219178,4.27869,4.27419,0.00449632
12-Jun-2026,97.9399,0.219178,2.08726,2.02276,0.0644998
12-Jun-2026,102.604,0.219178,0.799363,0.735518,0.0638454
12-Jun-2026,107.268,0.219178,0.233424,0.207657,0.0257666
12-Jun-2026,111.931,0.219178,0.0542057,0.0503608,0.00384493
12-Jun-2026,74.6209,0.30137,19.9755,20.0715,0.0960122
12-Jun-2026,79.2847,0.30137,15.7454,15.8617,0.116272
12-Jun-2026,83.9485,0.30137,11.7928,11.9122,0.11942
12-Jun-2026,88.6123,0.30137,8.25075,8.34829,0.0975409
12-Jun-2026,93.2761,0.30137,5.26788,5.32244,0.054559
12-Jun-2026,97.9399,0.30137,2.97698,2.98755,0.0105727
12-Jun-2026,102.604,0.30137,1.44018,1.42921,0.0109727
12-Jun-2026,107.268,0.30137,0.585166,0.57666,0.00850586
12-Jun-2026,111.931,0.30137,0.203085,0.202678,0.000406814
12-Jun-2026,74.6209,0.383562,20.5279,20.6362,0.108289
12-Jun-2026,79.2847,0.383562,16.4389,16.5623,0.12345
12-Jun-2026,83.9485,0.383562,12.631,12.7572,0.126213
12-Jun-2026,88.6123,0.383562,9.20484,9.31925,0.114408
12-Jun-2026,93.2761,0.383562,6.26725,6.35869,0.0914393
12-Jun-2026,97.9399,0.383562,3.9133,3.97913,0.0658259
12-Jun-2026,102.604,0.383562,2.19732,2.24245,0.0451327
12-Jun-2026,107.268,0.383562,1.09548,1.12612,0.0306364
12-Jun-2026,111.931,0.383562,0.487576,0.507347,0.0197707
12-Jun-2026,74.6209,0.468493,21.1009,21.2003,0.0994143
12-Jun-2026,79.2847,0.468493,17.1319,17.2412,0.109253
12-Jun-2026,83.9485,0.468493,13.4398,13.5514,0.111644
12-Jun-2026,88.6123,0.468493,10.1035,10.2106,0.10715
12-Jun-2026,93.2761,0.468493,7.20391,7.30234,0.0984327
12-Jun-2026,97.9399,0.468493,4.81282,4.9013,0.0884796
12-Jun-2026,102.604,0.468493,2.9753,3.05303,0.0777272
12-Jun-2026,107.268,0.468493,1.68714,1.75099,0.0638525
12-Jun-2026,111.931,0.468493,0.878412,0.924403,0.0459915
12-Jun-2026,74.6209,0.553425,21.6801,21.7517,0.0715799
12-Jun-2026,79.2847,0.553425,17.8147,17.8904,0.075746
12-Jun-2026,83.9485,0.553425,14.2188,14.296,0.0771622
12-Jun-2026,88.6123,0.553425,10.9562,11.0337,0.0774878
12-Jun-2026,93.2761,0.553425,8.09047,8.1692,0.078733
12-Jun-2026,97.9399,0.553425,5.67758,5.7589,0.0813238
12-Jun-2026,102.604,0.553425,3.75458,3.83705,0.0824651
12-Jun-2026,107.268,0.553425,2.32522,2.4026,0.0773816
12-Jun-2026,111.931,0.553425,1.34773,1.41115,0.0634187
12-Jun-2026,74.6209,0.632877,22.271,22.2972,0.0261755
12-Jun-2026,79.2847,0.632877,18.4982,18.5226,0.0244078
12-Jun-2026,83.9485,0.632877,14.9865,15.0104,0.0238852
12-Jun-2026,88.6123,0.632877,11.7881,11.8151,0.0270282
12-Jun-2026,93.2761,0.632877,8.95406,8.98939,0.0353293
12-Jun-2026,97.9399,0.632877,6.52893,6.57683,0.0478986
12-Jun-2026,102.604,0.632877,4.54305,4.60361,0.0605597
12-Jun-2026,107.268,0.632877,3.0032,3.07046,0.0672614
12-Jun-2026,111.931,0.632877,1.88394,1.9474,0.0634642
12-Jun-2026,74.6209,0.709589,22.8269,22.7966,0.0302821
12-Jun-2026,79.2847,0.709589,19.1323,19.0944,0.0378763
12-Jun-2026,83.9485,0.709589,15.6906,15.6497,0.0408825
12-Jun-2026,88.6123,0.709589,12.5457,12.5091,0.036602
12-Jun-2026,93.2761,0.709589,9.73979,9.71597,0.0238249
12-Jun-2026,97.9399,0.709589,7.30934,7.30534,0.00400285
12-Jun-2026,102.604,0.709589,5.27959,5.29778,0.0181886
12-Jun-2026,107.268,0.709589,3.65809,3.6943,0.0362106
12-Jun-2026,111.931,0.709589,2.42845,2.47281,0.0443568
12-Jun-2026,74.6209,0.8,23.4841,23.3719,0.112164
12-Jun-2026,79.2847,0.8,19.8734,19.7465,0.126945
12-Jun-2026,83.9485,0.8,16.5059,16.3723,0.133553
12-Jun-2026,88.6123,0.8,13.4181,13.2887,0.129442
12-Jun-2026,93.2761,0.8,10.6439,10.5305,0.113361
12-Jun-2026,97.9399,0.8,8.21261,8.12545,0.0871553
12-Jun-2026,102.604,0.8,6.14457,6.08902,0.0555495
12-Jun-2026,107.268,0.8,4.4471,4.42193,0.0251684
12-Jun-2026,111.931,0.8,3.11013,3.10769,0.00244065
12-Jun-2026,74.6209,0.882192,24.0727,23.8749,0.197789
12-Jun-2026,79.2847,0.882192,20.5308,20.3117,0.219142
12-Jun-2026,83.9485,0.882192,17.2239,16.9942,0.229689
12-Jun-2026,88.6123,0.882192,14.1828,13.9561,0.22665
12-Jun-2026,93.2761,0.882192,11.436,11.2269,0.209107
12-Jun-2026,97.9399,0.882192,9.00763,8.82878,0.178846
12-Jun-2026,102.604,0.882192,6.91455,6.77407,0.140479
12-Jun-2026,107.268,0.882192,5.1634,5.06296,0.100443
12-Jun-2026,111.931,0.882192,3.74745,3.68205,0.0653951
15-Jun-2026,74.4507,0.0109589,18.6373,18.6372,6.44443e-05
15-Jun-2026,79.1038,0.0109589,13.9857,13.9857,2.47448e-05
15-Jun-2026,83.757,0.0109589,9.33405,9.33402,3.41583e-05
15-Jun-2026,88.4102,0.0109589,4.68487,4.68551,0.000638634
15-Jun-2026,93.0633,0.0109589,0.68844,0.652535,0.0359054
15-Jun-2026,97.7165,0.0109589,0.000786691,0.000118214,0.000668477
15-Jun-2026,102.37,0.0109589,5.40801e-11,1.97679e-13,5.38824e-11
15-Jun-2026,107.023,0.0109589,1.55845e-15,-1.13566e-15,2.69411e-15
15-Jun-2026,111.676,0.0109589,1.57936e-15,-1.19926e-15,2.77862e-15
15-Jun-2026,74.4507,0.030137,18.705,18.705,4.43587e-05
15-Jun-2026,79.1038,0.030137,14.0577,14.0581,0.000417443
15-Jun-2026,83.757,0.030137,9.416,9.42151,0.00550633
15-Jun-2026,88.4102,0.030137,4.90121,4.91856,0.0173543
15-Jun-2026,93.0633,0.030137,1.37684,1.3223,0.0545406
15-Jun-2026,97.7165,0.030137,0.0996695,0.0553414,0.0443281
15-Jun-2026,102.37,0.030137,0.000696996,0.000149734,0.000547262
15-Jun-2026,107.023,0.030137,3.05483e-07,9.84036e-08,2.07079e-07
15-Jun-2026,111.676,0.030137,1.55517e-11,3.9122e-11,2.35703e-11
15-Jun-2026,74.4507,0.0493151,18.7605,18.761,0.000472357
15-Jun-2026,79.1038,0.0493151,14.1188,14.1236,0.0047572
15-Jun-2026,83.757,0.0493151,9.50813,9.52965,0.0215174
15-Jun-2026,88.4102,0.0493151,5.14256,5.17532,0.0327576
15-Jun-2026,93.0633,0.0493151,1.77695,1.72225,0.0547029
15-Jun-2026,97.7165,0.0493151,0.26071,0.179624,0.0810861
15-Jun-2026,102.37,0.0493151,0.00951007,0.00366666,0.00584341
15-Jun-2026,107.023,0.0493151,6.7578e-05,3.13879e-05,3.61901e-05
15-Jun-2026,111.676,0.0493151,1.32272e-07,1.98027e-07,6.57553e-08
15-Jun-2026,74.4507,0.0684932,18.8294,18.8339,0.00449077
15-Jun-2026,79.1038,0.0684932,14.2031,14.2213,0.0181766
15-Jun-2026,83.757,0.0684932,9.65467,9.70092,0.0462468
15-Jun-2026,88.4102,0.0684932,5.44706,5.49738,0.0503192
15-Jun-2026,93.0633,0.0684932,2.19228,2.1457,0.046582
15-Jun-2026,97.7165,0.0684932,0.489757,0.384629,0.105128
15-Jun-2026,102.37,0.0684932,0.0440071,0.0235649,0.0204422
15-Jun-2026,107.023,0.0684932,0.00137001,0.000783879,0.000586131
15-Jun-2026,111.676,0.0684932,1.82799e-05,2.11215e-05,2.84163e-06
15-Jun-2026,74.4507,0.0876712,18.8886,18.9001,0.0115047
15-Jun-2026,79.1038,0.0876712,14.283,14.3167,0.0336731
15-Jun-2026,83.757,0.0876712,9.79418,9.86063,0.0664498
15-Jun-2026,88.4102,0.0876712,5.69297,5.7568,0.0638299
15-Jun-2026,93.0633,0.0876712,2.49732,2.46155,0.0357721
15-Jun-2026,97.7165,0.0876712,0.686952,0.576047,0.110905
15-Jun-2026,102.37,0.0876712,0.0937871,0.0588741,0.034913
15-Jun-2026,107.023,0.0876712,0.00569547,0.00362069,0.00207478
15-Jun-2026,111.676,0.0876712,0.000179741,0.000186925,7.18414e-06
15-Jun-2026,74.4507,0.0410959,18.7419,18.7421,0.000210408
15-Jun-2026,79.1038,0.0410959,14.0979,14.1005,0.00262892
15-Jun-2026,83.757,0.0410959,9.47431,9.48973,0.0154228
15-Jun-2026,88.4102,0.0410959,5.06026,5.08798,0.0277183
15-Jun-2026,93.0633,0.0410959,1.65163,1.59612,0.0555144
15-Jun-2026,97.7165,0.0410959,0.203001,0.132457,0.0705439
15-Jun-2026,102.37,0.0410959,0.00496694,0.00166079,0.00330615
15-Jun-2026,107.023,0.0410959,1.81306e-05,7.70178e-06,1.04288e-05
15-Jun-2026,111.676,0.0410959,1.48662e-08,2.51463e-08,1.02801e-08
15-Jun-2026,74.4507,0.126027,19.0356,19.072,0.0364265
15-Jun-2026,79.1038,0.126027,14.4949,14.5673,0.0723686
15-Jun-2026,83.757,0.126027,10.14,10.246,0.106045
15-Jun-2026,88.4102,0.126027,6.22031,6.31217,0.0918646
15-Jun-2026,93.0633,0.126027,3.10888,3.10426,0.00461525
15-Jun-2026,97.7165,0.126027,1.13346,1.03731,0.096148
15-Jun-2026,102.37,0.126027,0.263473,0.204362,0.0591112
15-Jun-2026,107.023,0.126027,0.0365678,0.0271994,0.00936844
15-Jun-2026,111.676,0.126027,0.00331095,0.00311598,0.000194967
15-Jun-2026,74.4507,0.210959,19.4329,19.5325,0.0996105
15-Jun-2026,79.1038,0.210959,15.0606,15.2021,0.141493
15-Jun-2026,83.757,0.210959,10.9476,11.1122,0.164559
15-Jun-2026,88.4102,0.210959,7.27445,7.41712,0.142671
15-Jun-2026,93.0633,0.210959,4.25845,4.32666,0.0682133
15-Jun-2026,97.7165,0.210959,2.08713,2.0702,0.0169279
15-Jun-2026,102.37,0.210959,0.807874,0.762508,0.0453656
15-Jun-2026,107.023,0.210959,0.239139,0.217075,0.0220637
15-Jun-2026,111.676,0.210959,0.0559244,0.0526779,0.00324651
15-Jun-2026,74.4507,0.293151,19.9044,20.0471,0.142652
15-Jun-2026,79.1038,0.293151,15.6875,15.8654,0.177931
15-Jun-2026,83.757,0.293151,11.7519,11.9445,0.192568
15-Jun-2026,88.4102,0.293151,8.2306,8.40459,0.173987
15-Jun-2026,93.0633,0.293151,5.26989,5.39204,0.122152
15-Jun-2026,97.7165,0.293151,2.99664,3.0542,0.0575578
15-Jun-2026,102.37,0.293151,1.46603,1.47761,0.0115776
15-Jun-2026,107.023,0.293151,0.605009,0.602299,0.00271021
15-Jun-2026,111.676,0.293151,0.213207,0.212635,0.000571581
15-Jun-2026,74.4507,0.375342,20.427,20.5863,0.159332
15-Jun-2026,79.1038,0.375342,16.3459,16.5316,0.185724
15-Jun-2026,83.757,0.375342,12.5493,12.7443,0.195003
15-Jun-2026,88.4102,0.375342,9.13856,9.32067,0.182108
15-Jun-2026,93.0633,0.375342,6.21999,6.36875,0.148758
15-Jun-2026,97.7165,0.375342,3.88586,3.99076,0.104897
15-Jun-2026,102.37,0.375342,2.18595,2.24976,0.0638064
15-Jun-2026,107.023,0.375342,1.09295,1.12711,0.0341582
15-Jun-2026,111.676,0.375342,0.487526,0.504045,0.0165193
15-Jun-2026,74.4507,0.460274,21.0479,21.1962,0.148315
15-Jun-2026,79.1038,0.460274,17.0981,17.2628,0.164742
15-Jun-2026,83.757,0.460274,13.4275,13.5973,0.169752
15-Jun-2026,88.4102,0.460274,10.1138,10.2762,0.162353
15-Jun-2026,93.0633,0.460274,7.23533,7.38,0.144665
15-Jun-2026,97.7165,0.460274,4.86013,4.98079,0.120655
15-Jun-2026,102.37,0.460274,3.02942,3.12345,0.0940345
15-Jun-2026,107.023,0.460274,1.73735,1.80433,0.0669793
15-Jun-2026,111.676,0.460274,0.916786,0.958149,0.041363
15-Jun-2026,74.4507,0.545205,21.6359,21.7498,0.113861
15-Jun-2026,79.1038,0.545205,17.7909,17.9125,0.121594
15-Jun-2026,83.757,0.545205,14.2171,14.3402,0.123078
15-Jun-2026,88.4102,0.545205,10.977,11.0961,0.119144
15-Jun-2026,93.0633,0.545205,8.13176,8.24364,0.111876
15-Jun-2026,97.7165,0.545205,5.7344,5.83693,0.102527
15-Jun-2026,102.37,0.545205,3.81895,3.90962,0.090669
15-Jun-2026,107.023,0.545205,2.38756,2.46223,0.0746688
15-Jun-2026,111.676,0.545205,1.39985,1.45366,0.0538102
15-Jun-2026,74.4507,0.624658,22.235,22.2943,0.0593004
15-Jun-2026,79.1038,0.624658,18.4834,18.542,0.0585695
15-Jun-2026,83.757,0.624658,14.994,15.0502,0.0562474
15-Jun-2026,88.4102,0.624658,11.8177,11.8721,0.0543851
15-Jun-2026,93.0633,0.624658,9.0036,9.05824,0.0546351
15-Jun-2026,97.7165,0.624658,6.59376,6.65067,0.0569128
15-Jun-2026,102.37,0.624658,4.61612,4.67493,0.0588056
15-Jun-2026,107.023,0.624658,3.07602,3.13256,0.0565391
15-Jun-2026,111.676,0.624658,1.94856,1.99552,0.0469619
15-Jun-2026,74.4507,0.70137,22.7981,22.7909,0.0071563
15-Jun-2026,79.1038,0.70137,19.125,19.1095,0.0154712
15-Jun-2026,83.757,0.70137,15.7056,15.684,0.0215963
15-Jun-2026,88.4102,0.70137,12.5824,12.5596,0.0227859
15-Jun-2026,93.0633,0.70137,9.79595,9.77832,0.0176341
15-Jun-2026,97.7165,0.70137,7.38062,7.37373,0.00688749
15-Jun-2026,102.37,0.70137,5.35968,5.36584,0.00615595
15-Jun-2026,107.023,0.70137,3.73938,3.75611,0.0167255
15-Jun-2026,111.676,0.70137,2.50348,2.52354,0.0200625
15-Jun-2026,74.4507,0.791781,23.4346,23.3375,0.0971272
15-Jun-2026,79.1038,0.791781,19.8422,19.7282,0.113986
15-Jun-2026,83.757,0.791781,16.4939,16.3692,0.124715
15-Jun-2026,88.4102,0.791781,13.425,13.2986,0.126371
15-Jun-2026,93.0633,0.791781,10.6685,10.5509,0.117643
15-Jun-2026,97.7165,0.791781,8.25213,8.15245,0.0996787
15-Jun-2026,102.37,0.791781,6.19484,6.11868,0.0761634
15-Jun-2026,107.023,0.791781,4.50285,4.45048,0.0523707
15-Jun-2026,111.676,0.791781,3.16576,3.13168,0.0340838
15-Jun-2026,74.4507,0.873973,24.0295,23.8358,0.193655
15-Jun-2026,79.1038,0.873973,20.5063,20.2879,0.21842
15-Jun-2026,83.757,0.873973,17.2185,16.9848,0.233743
15-Jun-2026,88.4102,0.873973,14.1961,13.9594,0.236704
15-Jun-2026,93.0633,0.873973,11.4667,11.2405,0.226189
15-Jun-2026,97.7165,0.873973,9.05298,8.84967,0.203308
15-Jun-2026,102.37,0.873973,6.97074,6.79879,0.171951
15-Jun-2026,107.023,0.873973,5.22564,5.08819,0.137447
15-Jun-2026,111.676,0.873973,3.81056,3.70452,0.10604
16-Jun-2026,74.9206,0.00821918,18.7488,18.7487,7.93521e-05
16-Jun-2026,79.6031,0.00821918,14.0674,14.0674,1.5571e-05
16-Jun-2026,84.2856,0.00821918,9.38602,9.38605,2.82256e-05
16-Jun-2026,88.9682,0.00821918,4.70497,4.70535,0.000376978
16-Jun-2026,93.6507,0.00821918,0.568279,0.566057,0.00222183
16-Jun-2026,98.3333,0.00821918,5.0376e-05,1.00769e-05,4.02991e-05
16-Jun-2026,103.016,0.00821918,5.78282e-16,-5.21914e-15,5.79742e-15
16-Jun-2026,74.9206,0.0273973,18.817,18.817,3.68412e-05
16-Jun-2026,79.6031,0.0273973,14.1399,14.1402,0.000282334
16-Jun-2026,84.2856,0.0273973,9.46572,9.47118,0.00545976
16-Jun-2026,88.9682,0.0273973,4.88729,4.92231,0.0350235
16-Jun-2026,93.6507,0.0273973,1.27351,1.28331,0.00980484
16-Jun-2026,98.3333,0.0273973,0.0649281,0.0454132,0.0195149
16-Jun-2026,103.016,0.0273973,0.000179382,6.85616e-05,0.00011082
16-Jun-2026,107.698,0.0273973,1.87836e-08,1.83994e-08,3.84201e-10
16-Jun-2026,112.381,0.0273973,2.03385e-13,2.64136e-12,2.43798e-12
16-Jun-2026,74.9206,0.0465753,18.8728,18.8732,0.000421366
16-Jun-2026,79.6031,0.0465753,14.2004,14.2048,0.00442839
16-Jun-2026,84.2856,0.0465753,9.5499,9.57566,0.0257597
16-Jun-2026,88.9682,0.0465753,5.11048,5.17869,0.0682077
16-Jun-2026,93.6507,0.0465753,1.66913,1.69555,0.0264246
16-Jun-2026,98.3333,0.0465753,0.199882,0.16509,0.0347915
16-Jun-2026,103.016,0.0465753,0.00445787,0.00259957,0.0018583
16-Jun-2026,107.698,0.0465753,1.51863e-05,1.44496e-05,7.36714e-07
16-Jun-2026,112.381,0.0465753,1.35312e-08,5.49924e-08,4.14612e-08
16-Jun-2026,74.9206,0.0657534,18.9418,18.9459,0.00407235
16-Jun-2026,79.6031,0.0657534,14.2816,14.3009,0.0192567
16-Jun-2026,84.2856,0.0657534,9.6845,9.74451,0.0600099
16-Jun-2026,88.9682,0.0657534,5.39986,5.50377,0.103907
16-Jun-2026,93.6507,0.0657534,2.07791,2.12873,0.0508229
16-Jun-2026,98.3333,0.0657534,0.405476,0.369454,0.0360217
16-Jun-2026,103.016,0.0657534,0.0269088,0.0198025,0.00710632
16-Jun-2026,107.698,0.0657534,0.00053811,0.000513821,2.42894e-05
16-Jun-2026,112.381,0.0657534,4.49567e-06,1.0233e-05,5.7373e-06
16-Jun-2026,74.9206,0.0849315,19.0002,19.0115,0.011349
16-Jun-2026,79.6031,0.0849315,14.3574,14.395,0.0376498
16-Jun-2026,84.2856,0.0849315,9.81454,9.90372,0.08918
16-Jun-2026,88.9682,0.0849315,5.63649,5.76641,0.129924
16-Jun-2026,93.6507,0.0849315,2.37797,2.4507,0.0727338
16-Jun-2026,98.3333,0.0849315,0.588066,0.562318,0.0257479
16-Jun-2026,103.016,0.0849315,0.0639831,0.0526986,0.0112845
16-Jun-2026,107.698,0.0849315,0.0028001,0.00271287,8.72291e-05
16-Jun-2026,112.381,0.0849315,6.25423e-05,0.000111827,4.9285e-05
16-Jun-2026,74.9206,0.0383562,18.8542,18.8543,0.000120771
16-Jun-2026,79.6031,0.0383562,14.1799,14.1822,0.00227622
16-Jun-2026,84.2856,0.0383562,9.5191,9.53683,0.0177288
16-Jun-2026,88.9682,0.0383562,5.03343,5.09098,0.0575543
16-Jun-2026,93.6507,0.0383562,1.54554,1.566,0.0204561
16-Jun-2026,98.3333,0.0383562,0.150049,0.118909,0.0311402
16-Jun-2026,103.016,0.0383562,0.00204185,0.00107572,0.000966129
16-Jun-2026,107.698,0.0383562,3.07798e-06,2.94161e-06,1.36372e-07
16-Jun-2026,112.381,0.0383562,9.73699e-10,5.20557e-09,4.23187e-09
16-Jun-2026,74.9206,0.123288,19.1429,19.1822,0.0393188
16-Jun-2026,79.6031,0.123288,14.5578,14.6444,0.086626
16-Jun-2026,84.2856,0.123288,10.1422,10.2907,0.148536
16-Jun-2026,88.9682,0.123288,6.14871,6.32927,0.180564
16-Jun-2026,93.6507,0.123288,2.98032,3.10418,0.123864
16-Jun-2026,98.3333,0.123288,1.01119,1.02916,0.0179719
16-Jun-2026,103.016,0.123288,0.204124,0.19512,0.00900372
16-Jun-2026,107.698,0.123288,0.023179,0.0235398,0.000360784
16-Jun-2026,112.381,0.123288,0.00169602,0.00234424,0.000648221
16-Jun-2026,74.9206,0.208219,19.525,19.6424,0.117377
16-Jun-2026,79.6031,0.208219,15.0995,15.2817,0.182234
16-Jun-2026,84.2856,0.208219,10.9229,11.165,0.242058
16-Jun-2026,88.9682,0.208219,7.18357,7.44873,0.265163
16-Jun-2026,93.6507,0.208219,4.1175,4.34356,0.226055
16-Jun-2026,98.3333,0.208219,1.93717,2.07574,0.138572
16-Jun-2026,103.016,0.208219,0.698305,0.757831,0.059526
16-Jun-2026,107.698,0.208219,0.187002,0.2089,0.021898
16-Jun-2026,112.381,0.208219,0.0391606,0.0475463,0.00838572
16-Jun-2026,74.9206,0.290411,19.9811,20.1593,0.178225
16-Jun-2026,79.6031,0.290411,15.7084,15.9504,0.241995
16-Jun-2026,84.2856,0.290411,11.7113,12.0061,0.294829
16-Jun-2026,88.9682,0.290411,8.12994,8.44788,0.31794
16-Jun-2026,93.6507,0.290411,5.12345,5.42147,0.298017
16-Jun-2026,98.3333,0.290411,2.8344,3.07161,0.23721
16-Jun-2026,103.016,0.290411,1.32673,1.4827,0.155966
16-Jun-2026,107.698,0.290411,0.514869,0.597504,0.0826355
16-Jun-2026,112.381,0.290411,0.169047,0.20482,0.0357731
16-Jun-2026,74.9206,0.372603,20.4907,20.7023,0.211605
16-Jun-2026,79.6031,0.372603,16.3539,16.6226,0.268673
16-Jun-2026,84.2856,0.372603,12.4989,12.8142,0.315295
16-Jun-2026,88.9682,0.372603,9.03325,9.37369,0.340443
16-Jun-2026,93.6507,0.372603,6.07221,6.40834,0.33613
16-Jun-2026,98.3333,0.372603,3.71879,4.01825,0.299464
16-Jun-2026,103.016,0.372603,2.02988,2.26469,0.234809
16-Jun-2026,107.698,0.372603,0.973894,1.12988,0.15599
16-Jun-2026,112.381,0.372603,0.413633,0.498624,0.0849909
16-Jun-2026,74.9206,0.457534,21.1006,21.3169,0.21626
16-Jun-2026,79.6031,0.457534,17.0966,17.3603,0.263744
16-Jun-2026,84.2856,0.457534,13.3713,13.6753,0.30402
16-Jun-2026,88.9682,0.457534,10.0072,10.3383,0.331135
16-Jun-2026,93.6507,0.457534,7.08928,7.42905,0.339766
16-Jun-2026,98.3333,0.457534,4.69275,5.01784,0.325092
16-Jun-2026,103.016,0.457534,2.86416,3.14823,0.284072
16-Jun-2026,107.698,0.457534,1.59688,1.81652,0.219637
16-Jun-2026,112.381,0.457534,0.814356,0.959332,0.144976
16-Jun-2026,74.9206,0.542466,21.6813,21.8747,0.193435
16-Jun-2026,79.6031,0.542466,17.7841,18.0156,0.231494
16-Jun-2026,84.2856,0.542466,14.1588,14.4248,0.266046
16-Jun-2026,88.9682,0.542466,10.8718,11.1655,0.293697
16-Jun-2026,93.6507,0.542466,7.98931,8.30005,0.310745
16-Jun-2026,98.3333,0.542466,5.56966,5.88149,0.311832
16-Jun-2026,103.016,0.542466,3.65085,3.94227,0.291417
16-Jun-2026,107.698,0.542466,2.23543,2.48255,0.247121
16-Jun-2026,112.381,0.542466,1.27782,1.46213,0.184307
16-Jun-2026,74.9206,0.621918,22.2755,22.4235,0.147979
16-Jun-2026,79.6031,0.621918,18.4737,18.6502,0.176541
16-Jun-2026,84.2856,0.621918,14.9356,15.1408,0.20521
16-Jun-2026,88.9682,0.621918,11.7155,11.9477,0.232234
16-Jun-2026,93.6507,0.621918,8.86607,9.12111,0.255037
16-Jun-2026,98.3333,0.621918,6.43346,6.70184,0.268376
16-Jun-2026,103.016,0.621918,4.44863,4.71452,0.265888
16-Jun-2026,107.698,0.621918,2.91768,3.16026,0.242579
16-Jun-2026,112.381,0.621918,1.81288,2.01128,0.198395
16-Jun-2026,74.9206,0.69863,22.8356,22.9239,0.0882689
16-Jun-2026,79.6031,0.69863,19.1144,19.2223,0.107856
16-Jun-2026,84.2856,0.69863,15.6487,15.7795,0.130833
16-Jun-2026,88.9682,0.69863,12.484,12.6405,0.15651
16-Jun-2026,93.6507,0.69863,9.66384,9.84656,0.182716
16-Jun-2026,98.3333,0.69863,7.22555,7.43039,0.204841
16-Jun-2026,103.016,0.69863,5.19485,5.41121,0.216359
16-Jun-2026,107.698,0.69863,3.57881,3.79,0.211189
16-Jun-2026,112.381,0.69863,2.35957,2.5457,0.186127
16-Jun-2026,74.9206,0.789041,23.4705,23.4744,0.0039124
16-Jun-2026,79.6031,0.789041,19.8321,19.8456,0.013497
16-Jun-2026,84.2856,0.789041,16.44,16.4698,0.0298178
16-Jun-2026,88.9682,0.789041,13.3319,13.3849,0.0529755
16-Jun-2026,93.6507,0.789041,10.5432,10.6246,0.0813646
16-Jun-2026,98.3333,0.789041,8.10382,8.21471,0.110887
16-Jun-2026,103.016,0.789041,6.03467,6.16992,0.13525
16-Jun-2026,107.698,0.789041,4.3427,4.49067,0.147968
16-Jun-2026,112.381,0.789041,3.01665,3.16048,0.143828
16-Jun-2026,74.9206,0.871233,24.0651,23.9764,0.0887497
16-Jun-2026,79.6031,0.871233,20.4977,20.4093,0.0883834
16-Jun-2026,84.2856,0.871233,17.1683,17.0898,0.0785212
16-Jun-2026,88.9682,0.871233,14.1086,14.0502,0.0583833
16-Jun-2026,93.6507,0.871233,11.3482,11.3189,0.0293126
16-Jun-2026,98.3333,0.871233,8.91157,8.9167,0.00513253
16-Jun-2026,103.016,0.871233,6.81603,6.85502,0.0389907
16-Jun-2026,107.698,0.871233,5.06789,5.13372,0.0658251
16-Jun-2026,112.381,0.871233,3.6596,3.739,0.079404
17-Jun-2026,75.5094,0.00547945,18.8897,18.8897,4.77355e-05
17-Jun-2026,80.2287,0.00547945,14.1711,14.1712,0.000119463
17-Jun-2026,84.9481,0.00547945,9.45257,9.45259,2.12065e-05
17-Jun-2026,89.6674,0.00547945,4.734,4.73409,9.0302e-05
17-Jun-2026,94.3868,0.00547945,0.425379,0.442195,0.0168159
17-Jun-2026,99.1061,0.00547945,6.75028e-08,1.93382e-08,4.81646e-08
17-Jun-2026,108.545,0.00547945,3.82812e-16,-1.80831e-15,2.19112e-15
17-Jun-2026,113.264,0.00547945,3.83107e-16,-1.81559e-15,2.1987e-15
17-Jun-2026,75.5094,0.0246575,18.9576,18.9576,2.57259e-05
17-Jun-2026,80.2287,0.0246575,14.2433,14.2434,0.000148955
17-Jun-2026,84.9481,0.0246575,9.52992,9.53353,0.00361315
17-Jun-2026,89.6674,0.0246575,4.8765,4.91701,0.0405057
17-Jun-2026,94.3868,0.0246575,1.1336,1.19152,0.0579196
17-Jun-2026,99.1061,0.0246575,0.0302259,0.0269072,0.00331872
17-Jun-2026,103.825,0.0246575,1.41119e-05,1.46424e-05,5.30497e-07
17-Jun-2026,108.545,0.0246575,1.26928e-10,1.20503e-09,1.0781e-09
17-Jun-2026,113.264,0.0246575,4.52133e-15,5.36514e-14,4.91301e-14
17-Jun-2026,75.5094,0.0438356,19.0131,19.0134,0.00025533
17-Jun-2026,80.2287,0.0438356,14.3027,14.3058,0.00306872
17-Jun-2026,84.9481,0.0438356,9.60453,9.62792,0.0233906
17-Jun-2026,89.6674,0.0438356,5.06907,5.15689,0.0878161
17-Jun-2026,94.3868,0.0438356,1.5137,1.60339,0.0896872
17-Jun-2026,99.1061,0.0438356,0.124497,0.123956,0.000540887
17-Jun-2026,103.825,0.0438356,0.00108698,0.00119497,0.000107994
17-Jun-2026,108.545,0.0438356,1.04804e-06,3.79822e-06,2.75018e-06
17-Jun-2026,113.264,0.0438356,2.73526e-10,8.26354e-09,7.99001e-09
17-Jun-2026,75.5094,0.0630137,19.0812,19.0842,0.00299741
17-Jun-2026,80.2287,0.0630137,14.3796,14.396,0.0164173
17-Jun-2026,84.9481,0.0630137,9.7219,9.78405,0.0621544
17-Jun-2026,89.6674,0.0630137,5.33067,5.47,0.139328
17-Jun-2026,94.3868,0.0630137,1.90568,2.03479,0.129112
17-Jun-2026,99.1061,0.0630137,0.289469,0.307639,0.0181704
17-Jun-2026,103.825,0.0630137,0.0107907,0.0124097,0.00161897
17-Jun-2026,108.545,0.0630137,0.000100263,0.00023257,0.000132307
17-Jun-2026,113.264,0.0630137,3.99629e-07,3.35352e-06,2.95389e-06
17-Jun-2026,75.5094,0.0821918,19.1381,19.1473,0.00919812
17-Jun-2026,80.2287,0.0821918,14.4494,14.4844,0.0350035
17-Jun-2026,84.9481,0.0821918,9.83695,9.93437,0.0974238
17-Jun-2026,89.6674,0.0821918,5.54949,5.72621,0.176723
17-Jun-2026,94.3868,0.0821918,2.194,2.3556,0.161596
17-Jun-2026,99.1061,0.0821918,0.445608,0.488625,0.0430175
17-Jun-2026,103.825,0.0821918,0.0315052,0.0372973,0.00579209
17-Jun-2026,108.545,0.0821918,0.000778858,0.00151126,0.000732399
17-Jun-2026,113.264,0.0821918,1.00168e-05,4.91613e-05,3.91445e-05
17-Jun-2026,75.5094,0.0356164,18.9946,18.9947,9.55724e-05
17-Jun-2026,80.2287,0.0356164,14.2827,14.2842,0.00148203
17-Jun-2026,84.9481,0.0356164,9.57764,9.59269,0.0150473
17-Jun-2026,89.6674,0.0356164,5.00125,5.07373,0.072482
17-Jun-2026,94.3868,0.0356164,1.39517,1.47422,0.0790509
17-Jun-2026,99.1061,0.0356164,0.0875824,0.0848203,0.00276212
17-Jun-2026,103.825,0.0356164,0.000389279,0.00042129,3.20108e-05
17-Jun-2026,108.545,0.0356164,1.28932e-07,5.80706e-07,4.51774e-07
17-Jun-2026,113.264,0.0356164,9.26798e-12,5.1658e-10,5.07312e-10
17-Jun-2026,75.5094,0.120548,19.2737,19.3102,0.0365262
17-Jun-2026,80.2287,0.120548,14.6319,14.721,0.0891488
17-Jun-2026,84.9481,0.120548,10.1338,10.3066,0.172835
17-Jun-2026,89.6674,0.120548,6.03162,6.28046,0.248844
17-Jun-2026,94.3868,0.120548,2.77544,3.00792,0.232483
17-Jun-2026,99.1061,0.120548,0.825076,0.939383,0.114307
17-Jun-2026,103.825,0.120548,0.127647,0.158264,0.0306174
17-Jun-2026,108.545,0.120548,0.0101726,0.0164605,0.0062879
17-Jun-2026,113.264,0.120548,0.000526197,0.00141464,0.000888444
17-Jun-2026,75.5094,0.205479,19.6299,19.7536,0.123705
17-Jun-2026,80.2287,0.205479,15.1318,15.3387,0.206934
17-Jun-2026,84.9481,0.205479,10.8641,11.1644,0.300339
17-Jun-2026,89.6674,0.205479,7.0256,7.39382,0.368219
17-Jun-2026,94.3868,0.205479,3.88365,4.24934,0.365691
17-Jun-2026,99.1061,0.205479,1.69697,1.97382,0.276852
17-Jun-2026,103.825,0.205479,0.536174,0.684884,0.14871
17-Jun-2026,108.545,0.205479,0.119992,0.175434,0.0554422
17-Jun-2026,113.264,0.205479,0.0208699,0.0368268,0.0159569
17-Jun-2026,75.5094,0.287671,20.0577,20.2591,0.201372
17-Jun-2026,80.2287,0.287671,15.7064,15.9972,0.290834
17-Jun-2026,84.9481,0.287671,11.6196,11.9999,0.380319
17-Jun-2026,89.6674,0.287671,7.94845,8.39374,0.445287
17-Jun-2026,94.3868,0.287671,4.8739,5.33199,0.458094
17-Jun-2026,99.1061,0.287671,2.56739,2.9687,0.401314
17-Jun-2026,103.825,0.287671,1.10887,1.39282,0.283953
17-Jun-2026,108.545,0.287671,0.385251,0.538128,0.152877
17-Jun-2026,113.264,0.287671,0.111974,0.17514,0.0631663
17-Jun-2026,75.5094,0.369863,20.542,20.795,0.253042
17-Jun-2026,80.2287,0.369863,16.3254,16.6646,0.339219
17-Jun-2026,84.9481,0.369863,12.3848,12.807,0.422196
17-Jun-2026,89.6674,0.369863,8.83741,9.32286,0.485453
17-Jun-2026,94.3868,0.369863,5.8143,6.32452,0.510223
17-Jun-2026,99.1061,0.369863,3.43777,3.91803,0.480259
17-Jun-2026,103.825,0.369863,1.77756,2.16799,0.390433
17-Jun-2026,108.545,0.369863,0.791945,1.05316,0.261214
17-Jun-2026,113.264,0.369863,0.308708,0.449065,0.140357
17-Jun-2026,75.5094,0.454795,21.1283,21.4053,0.277043
17-Jun-2026,80.2287,0.454795,17.046,17.4006,0.354594
17-Jun-2026,84.9481,0.454795,13.2404,13.6697,0.429258
17-Jun-2026,89.6674,0.454795,9.80219,10.2923,0.490157
17-Jun-2026,94.3868,0.454795,6.82749,7.35175,0.524261
17-Jun-2026,99.1061,0.454795,4.40454,4.92223,0.517687
17-Jun-2026,103.825,0.454795,2.58932,3.04967,0.460348
17-Jun-2026,108.545,0.454795,1.37267,1.72884,0.356168
17-Jun-2026,113.264,0.454795,0.659058,0.892416,0.233358
17-Jun-2026,75.5094,0.539726,21.6918,21.9614,0.269615
17-Jun-2026,80.2287,0.539726,17.7188,18.056,0.33722
17-Jun-2026,84.9481,0.539726,14.0181,14.4217,0.403633
17-Jun-2026,89.6674,0.539726,10.6626,11.1242,0.461627
17-Jun-2026,94.3868,0.539726,7.72726,8.22854,0.501281
17-Jun-2026,99.1061,0.539726,5.2796,5.79058,0.510978
17-Jun-2026,103.825,0.539726,3.36472,3.84459,0.479871
17-Jun-2026,108.545,0.539726,1.9852,2.3898,0.404603
17-Jun-2026,113.264,0.539726,1.08494,1.38437,0.299428
17-Jun-2026,75.5094,0.619178,22.2725,22.5096,0.237071
17-Jun-2026,80.2287,0.619178,18.3979,18.6918,0.293879
17-Jun-2026,84.9481,0.619178,14.7888,15.1407,0.351903
17-Jun-2026,89.6674,0.619178,11.505,11.9111,0.406121
17-Jun-2026,94.3868,0.619178,8.6059,9.05505,0.449148
17-Jun-2026,99.1061,0.619178,6.14442,6.61566,0.47124
17-Jun-2026,103.825,0.619178,4.1569,4.61894,0.462044
17-Jun-2026,108.545,0.619178,2.65037,3.06526,0.414888
17-Jun-2026,113.264,0.619178,1.59128,1.92641,0.335126
17-Jun-2026,75.5094,0.69589,22.8229,23.0101,0.187186
17-Jun-2026,80.2287,0.69589,19.0316,19.2653,0.233677
17-Jun-2026,84.9481,0.69589,15.4987,15.7824,0.283654
17-Jun-2026,89.6674,0.69589,12.2742,12.608,0.333844
17-Jun-2026,94.3868,0.69589,9.40674,9.78524,0.378496
17-Jun-2026,99.1061,0.69589,6.93919,7.34849,0.409302
17-Jun-2026,103.825,0.69589,4.90133,5.31813,0.416802
17-Jun-2026,108.545,0.69589,3.30143,3.69445,0.393019
17-Jun-2026,113.264,0.69589,2.11822,2.4566,0.338383
17-Jun-2026,75.5094,0.786301,23.4495,23.5612,0.111736
17-Jun-2026,80.2287,0.786301,19.7441,19.8905,0.146439
17-Jun-2026,84.9481,0.786301,16.2886,16.4759,0.187314
17-Jun-2026,89.6674,0.786301,13.1242,13.3568,0.232601
17-Jun-2026,94.3868,0.786301,10.2906,10.5682,0.277583
17-Jun-2026,99.1061,0.786301,7.82183,8.13738,0.315553
17-Jun-2026,103.825,0.786301,5.74184,6.07993,0.338088
17-Jun-2026,108.545,0.786301,4.05879,4.39559,0.336797
17-Jun-2026,113.264,0.786301,2.75958,3.06853,0.308951
17-Jun-2026,75.5094,0.868493,24.0384,24.064,0.0256
17-Jun-2026,80.2287,0.868493,20.4068,20.4561,0.0493489
17-Jun-2026,84.9481,0.868493,17.017,17.0988,0.0818297
17-Jun-2026,89.6674,0.868493,13.904,14.026,0.121962
17-Jun-2026,94.3868,0.868493,11.1006,11.2668,0.166157
17-Jun-2026,99.1061,0.868493,8.63456,8.8434,0.208836
17-Jun-2026,103.825,0.868493,6.52563,6.76799,0.242364
17-Jun-2026,108.545,0.868493,4.78122,5.03971,0.258489
17-Jun-2026,113.264,0.868493,3.39269,3.64564,0.252954
18-Jun-2026,75.6809,0.00273973,18.9265,18.9265,2.3784e-05
18-Jun-2026,80.411,0.00273973,14.1968,14.1968,3.15169e-05
18-Jun-2026,94.6011,0.00273973,0.279782,0.313488,0.0337057
18-Jun-2026,104.061,0.00273973,2.40705e-13,-7.70422e-13,1.01113e-12
18-Jun-2026,75.6809,0.0219178,18.9955,18.9955,1.87136e-05
18-Jun-2026,80.411,0.0219178,14.2702,14.2702,3.23164e-05
18-Jun-2026,85.141,0.0219178,9.54514,9.54853,0.00338659
18-Jun-2026,89.8711,0.0219178,4.85752,4.91087,0.0533485
18-Jun-2026,94.6011,0.0219178,1.02194,1.15029,0.128352
18-Jun-2026,99.3312,0.0219178,0.0137134,0.0210174,0.00730396
18-Jun-2026,104.061,0.0219178,9.76373e-07,9.97178e-06,8.99541e-06
18-Jun-2026,108.791,0.0219178,8.15414e-13,9.19673e-10,9.18857e-10
18-Jun-2026,113.521,0.0219178,1.20178e-15,4.60774e-14,4.48756e-14
18-Jun-2026,75.6809,0.0410959,19.0519,19.0521,0.000232409
18-Jun-2026,80.411,0.0410959,14.3303,14.3334,0.00311031
18-Jun-2026,85.141,0.0410959,9.61575,9.64351,0.0277564
18-Jun-2026,89.8711,0.0410959,5.02793,5.15364,0.125714
18-Jun-2026,94.6011,0.0410959,1.39236,1.57354,0.181176
18-Jun-2026,99.3312,0.0410959,0.0792765,0.111641,0.0323643
18-Jun-2026,104.061,0.0410959,0.000276588,0.00109936,0.000822773
18-Jun-2026,108.791,0.0410959,8.69229e-08,4.3702e-06,4.28327e-06
18-Jun-2026,113.521,0.0410959,7.90252e-12,1.30203e-08,1.30124e-08
18-Jun-2026,75.6809,0.060274,19.121,19.1244,0.00335274
18-Jun-2026,80.411,0.060274,14.4064,14.4257,0.0192745
18-Jun-2026,85.141,0.060274,9.72338,9.80277,0.0793942
18-Jun-2026,89.8711,0.060274,5.26918,5.472,0.202823
18-Jun-2026,94.6011,0.060274,1.77263,2.01194,0.23931
18-Jun-2026,99.3312,0.060274,0.212925,0.290312,0.077387
18-Jun-2026,104.061,0.060274,0.00461434,0.0120292,0.0074149
18-Jun-2026,108.791,0.060274,2.2287e-05,0.000271576,0.000249289
18-Jun-2026,113.521,0.060274,4.8569e-08,5.09353e-06,5.04496e-06
18-Jun-2026,75.6809,0.0794521,19.1782,19.1891,0.0108779
18-Jun-2026,80.411,0.0794521,14.4738,14.5166,0.0427819
18-Jun-2026,85.141,0.0794521,9.82908,9.95646,0.127384
18-Jun-2026,89.8711,0.0794521,5.47489,5.73197,0.257082
18-Jun-2026,94.6011,0.0794521,2.05243,2.33649,0.284058
18-Jun-2026,99.3312,0.0794521,0.347976,0.468802,0.120826
18-Jun-2026,104.061,0.0794521,0.0165142,0.0363749,0.0198607
18-Jun-2026,108.791,0.0794521,0.000252388,0.00171319,0.0014608
18-Jun-2026,113.521,0.0794521,2.08753e-06,6.95843e-05,6.74967e-05
18-Jun-2026,75.6809,0.0328767,19.0331,19.0332,6.15263e-05
18-Jun-2026,80.411,0.0328767,14.3102,14.3115,0.00128041
18-Jun-2026,85.141,0.0328767,9.59074,9.60784,0.0170981
18-Jun-2026,89.8711,0.0328767,4.96684,5.06915,0.102308
18-Jun-2026,94.6011,0.0328767,1.27718,1.4415,0.164322
18-Jun-2026,99.3312,0.0328767,0.0518943,0.0743766,0.0224823
18-Jun-2026,104.061,0.0328767,7.5667e-05,0.000370449,0.000294782
18-Jun-2026,108.791,0.0328767,6.34888e-09,6.36875e-07,6.30526e-07
18-Jun-2026,113.521,0.0328767,1.43832e-13,7.78461e-10,7.78317e-10
18-Jun-2026,75.6809,0.117808,19.3121,19.3572,0.0450773
18-Jun-2026,80.411,0.117808,14.647,14.7601,0.113108
18-Jun-2026,85.141,0.117808,10.1054,10.336,0.230647
18-Jun-2026,89.8711,0.117808,5.93459,6.29262,0.358029
18-Jun-2026,94.6011,0.117808,2.61808,2.99483,0.376752
18-Jun-2026,99.3312,0.117808,0.691821,0.917311,0.22549
18-Jun-2026,104.061,0.117808,0.0840806,0.154392,0.0703116
18-Jun-2026,108.791,0.117808,0.00498277,0.0175367,0.0125539
18-Jun-2026,113.521,0.117808,0.000196193,0.00176085,0.00156466
18-Jun-2026,75.6809,0.20274,19.6556,19.8139,0.158272
18-Jun-2026,80.411,0.20274,15.121,15.3916,0.270562
18-Jun-2026,85.141,0.20274,10.8001,11.2055,0.405393
18-Jun-2026,89.8711,0.20274,6.89676,7.41524,0.518482
18-Jun-2026,94.6011,0.20274,3.70259,4.24587,0.543276
18-Jun-2026,99.3312,0.20274,1.5176,1.95426,0.436663
18-Jun-2026,104.061,0.20274,0.426262,0.672283,0.246021
18-Jun-2026,108.791,0.20274,0.0818382,0.175728,0.0938902
18-Jun-2026,113.521,0.20274,0.0122732,0.0395294,0.0272562
18-Jun-2026,75.6809,0.284932,20.0665,20.3306,0.264132
18-Jun-2026,80.411,0.284932,15.6721,16.06,0.387904
18-Jun-2026,85.141,0.284932,11.5304,12.0488,0.518428
18-Jun-2026,89.8711,0.284932,7.79959,8.42211,0.622518
18-Jun-2026,94.6011,0.284932,4.67788,5.33638,0.658504
18-Jun-2026,99.3312,0.284932,2.36279,2.95474,0.591952
18-Jun-2026,104.061,0.284932,0.950173,1.37662,0.426452
18-Jun-2026,108.791,0.284932,0.299662,0.532642,0.23298
18-Jun-2026,113.521,0.284932,0.0787343,0.177817,0.0990827
18-Jun-2026,75.6809,0.367123,20.534,20.8756,0.341567
18-Jun-2026,80.411,0.367123,16.2715,16.7349,0.463423
18-Jun-2026,85.141,0.367123,12.2771,12.8621,0.585025
18-Jun-2026,89.8711,0.367123,8.67459,9.35733,0.682739
18-Jun-2026,94.6011,0.367123,5.60806,6.33595,0.727891
18-Jun-2026,99.3312,0.367123,3.21741,3.91031,0.692904
18-Jun-2026,104.061,0.367123,1.58554,2.15252,0.56698
18-Jun-2026,108.791,0.367123,0.661306,1.04271,0.381407
18-Jun-2026,113.521,0.367123,0.239444,0.447843,0.208399
18-Jun-2026,75.6809,0.452055,21.1035,21.4938,0.390349
18-Jun-2026,80.411,0.452055,16.9745,17.4777,0.503151
18-Jun-2026,85.141,0.452055,13.1172,13.7308,0.613564
18-Jun-2026,89.8711,0.452055,9.62825,10.3331,0.704811
18-Jun-2026,94.6011,0.452055,6.61332,7.37039,0.757072
18-Jun-2026,99.3312,0.452055,4.17274,4.92152,0.748782
18-Jun-2026,104.061,0.452055,2.37239,3.03767,0.665281
18-Jun-2026,108.791,0.452055,1.20163,1.71621,0.514581
18-Jun-2026,113.521,0.452055,0.546765,0.886137,0.339372
18-Jun-2026,75.6809,0.536986,21.6539,22.056,0.402055
18-Jun-2026,80.411,0.536986,17.6344,18.1383,0.503948
18-Jun-2026,85.141,0.536986,13.8842,14.4878,0.603608
18-Jun-2026,89.8711,0.536986,10.4813,11.1703,0.689021
18-Jun-2026,94.6011,0.536986,7.508,8.25335,0.745353
18-Jun-2026,99.3312,0.536986,5.04076,5.79614,0.755377
18-Jun-2026,104.061,0.536986,3.13233,3.83698,0.704649
18-Jun-2026,108.791,0.536986,1.78638,2.37776,0.591382
18-Jun-2026,113.521,0.536986,0.937044,1.37509,0.438045
18-Jun-2026,75.6809,0.616438,22.2233,22.6094,0.386065
18-Jun-2026,80.411,0.616438,18.303,18.7789,0.475872
18-Jun-2026,85.141,0.616438,14.6467,15.2115,0.56478
18-Jun-2026,89.8711,0.616438,11.3182,11.9624,0.644188
18-Jun-2026,94.6011,0.616438,8.38295,9.08575,0.702795
18-Jun-2026,99.3312,0.616438,5.90066,6.62732,0.726659
18-Jun-2026,104.061,0.616438,3.91357,4.61629,0.702716
18-Jun-2026,108.791,0.616438,2.43072,3.05546,0.624737
18-Jun-2026,113.521,0.616438,1.4135,1.91606,0.50256
18-Jun-2026,75.6809,0.693151,22.7647,23.1143,0.349605
18-Jun-2026,80.411,0.693151,18.9288,19.3565,0.427726
18-Jun-2026,85.141,0.693151,15.3505,15.8574,0.506862
18-Jun-2026,89.8711,0.693151,12.0834,12.664,0.580596
18-Jun-2026,94.6011,0.693151,9.18129,9.82122,0.639928
18-Jun-2026,99.3312,0.693151,6.69216,7.36569,0.67353
18-Jun-2026,104.061,0.693151,4.65062,5.32035,0.669727
18-Jun-2026,108.791,0.693151,3.06709,3.6877,0.620613
18-Jun-2026,113.521,0.693151,1.91774,2.44674,0.529005
18-Jun-2026,75.6809,0.783562,23.3827,23.6701,0.287385
18-Jun-2026,80.411,0.783562,19.6339,19.9863,0.352368
18-Jun-2026,85.141,0.783562,16.1349,16.5556,0.420681
18-Jun-2026,89.8711,0.783562,12.9302,13.4179,0.487719
18-Jun-2026,94.6011,0.783562,10.0632,10.6099,0.546745
18-Jun-2026,99.3312,0.783562,7.5722,8.16068,0.588477
18-Jun-2026,104.061,0.783562,5.48505,6.08778,0.602732
18-Jun-2026,108.791,0.783562,3.81192,4.393,0.581085
18-Jun-2026,113.521,0.783562,2.53867,3.06053,0.521858
18-Jun-2026,75.6809,0.865753,23.9649,24.1769,0.212049
18-Jun-2026,80.411,0.865753,20.291,20.5559,0.264942
18-Jun-2026,85.141,0.865753,16.8594,17.1828,0.323383
18-Jun-2026,89.8711,0.865753,13.7076,14.0918,0.384224
18-Jun-2026,94.6011,0.865753,10.8718,11.3138,0.441989
18-Jun-2026,99.3312,0.865753,8.38326,8.87226,0.489004
18-Jun-2026,104.061,0.865753,6.26472,6.78118,0.516459
18-Jun-2026,108.791,0.865753,4.5255,5.04147,0.515969
18-Jun-2026,113.521,0.865753,3.15667,3.64029,0.483625
19-Jun-2026,75.7075,0.0191781,18.9948,18.9947,0.000102143
19-Jun-2026,80.4392,0.0191781,14.2673,14.2673,1.97146e-05
19-Jun-2026,85.1709,0.0191781,9.54008,9.54321,0.00312607
19-Jun-2026,89.9026,0.0191781,4.84817,4.89613,0.0479599
19-Jun-2026,94.6343,0.0191781,1.01274,1.10135,0.0886126
19-Jun-2026,99.366,0.0191781,0.0139737,0.0158533,0.00187957
19-Jun-2026,104.098,0.0191781,1.04726e-06,9.71625e-06,8.66899e-06
19-Jun-2026,108.829,0.0191781,6.30052e-13,1.9551e-09,1.95447e-09
19-Jun-2026,75.7075,0.0383562,19.0503,19.0505,0.000227002
19-Jun-2026,80.4392,0.0383562,14.3265,14.3302,0.00366774
19-Jun-2026,85.1709,0.0383562,9.60987,9.63934,0.0294726
19-Jun-2026,89.9026,0.0383562,5.02371,5.14321,0.1195
19-Jun-2026,94.6343,0.0383562,1.40349,1.53477,0.131278
19-Jun-2026,99.366,0.0383562,0.0863252,0.0991156,0.0127904
19-Jun-2026,104.098,0.0383562,0.000363124,0.00125141,0.000888288
19-Jun-2026,108.829,0.0383562,1.25515e-07,9.07486e-06,8.94934e-06
19-Jun-2026,113.561,0.0383562,1.08009e-11,5.69363e-08,5.69255e-08
19-Jun-2026,75.7075,0.0575342,19.1182,19.1227,0.00448461
19-Jun-2026,80.4392,0.0575342,14.4016,14.4245,0.0229088
19-Jun-2026,85.1709,0.0575342,9.71845,9.80372,0.0852675
19-Jun-2026,89.9026,0.0575342,5.27348,5.46734,0.193862
19-Jun-2026,94.6343,0.0575342,1.79764,1.9788,0.181159
19-Jun-2026,99.366,0.0575342,0.231059,0.271069,0.04001
19-Jun-2026,104.098,0.0575342,0.00585107,0.0132306,0.00737951
19-Jun-2026,108.829,0.0575342,3.22382e-05,0.000457638,0.0004254
19-Jun-2026,113.561,0.0575342,7.43734e-08,1.4686e-05,1.46116e-05
19-Jun-2026,75.7075,0.0767123,19.1746,19.1886,0.014039
19-Jun-2026,80.4392,0.0767123,14.4687,14.5188,0.0500779
19-Jun-2026,85.1709,0.0767123,9.82623,9.96208,0.135855
19-Jun-2026,89.9026,0.0767123,5.48543,5.73069,0.245257
19-Jun-2026,94.6343,0.0767123,2.08484,2.30653,0.221686
19-Jun-2026,99.366,0.0767123,0.374282,0.445939,0.0716567
19-Jun-2026,104.098,0.0767123,0.0201608,0.0387305,0.0185697
19-Jun-2026,108.829,0.0767123,0.000347578,0.00254617,0.00219859
19-Jun-2026,113.561,0.0767123,3.08858e-06,0.000159332,0.000156244
19-Jun-2026,75.7075,0.0958904,19.2327,19.2623,0.0295725
19-Jun-2026,80.4392,0.0958904,14.5427,14.6262,0.0834618
19-Jun-2026,85.1709,0.0958904,9.9473,10.1325,0.185206
19-Jun-2026,89.9026,0.0958904,5.69794,5.98863,0.290686
19-Jun-2026,94.6343,0.0958904,2.35225,2.61421,0.26196
19-Jun-2026,99.366,0.0958904,0.530176,0.639378,0.109202
19-Jun-2026,104.098,0.0958904,0.0465413,0.081318,0.0347767
19-Jun-2026,108.829,0.0958904,0.00165939,0.00804916,0.00638977
19-Jun-2026,113.561,0.0958904,3.46813e-05,0.000768097,0.000733416
19-Jun-2026,75.7075,0.030137,19.0318,19.0318,3.08439e-06
19-Jun-2026,80.4392,0.030137,14.3067,14.3082,0.00149876
19-Jun-2026,85.1709,0.030137,9.585,9.60284,0.017839
19-Jun-2026,89.9026,0.030137,4.96045,5.05697,0.0965183
19-Jun-2026,94.6343,0.030137,1.28291,1.40033,0.117424
19-Jun-2026,99.366,0.030137,0.0561546,0.0641294,0.00797481
19-Jun-2026,104.098,0.030137,9.82087e-05,0.000418779,0.00032057
19-Jun-2026,108.829,0.030137,8.61031e-09,1.39957e-06,1.39096e-06
19-Jun-2026,113.561,0.030137,1.45001e-13,3.90184e-09,3.9017e-09
19-Jun-2026,75.7075,0.115068,19.3074,19.3624,0.0550448
19-Jun-2026,80.4392,0.115068,14.643,14.7711,0.128056
19-Jun-2026,85.1709,0.115068,10.1086,10.3499,0.241331
19-Jun-2026,89.9026,0.115068,5.95557,6.29594,0.340369
19-Jun-2026,94.6343,0.115068,2.6604,2.97072,0.310323
19-Jun-2026,99.366,0.115068,0.73133,0.891212,0.159882
19-Jun-2026,104.098,0.115068,0.0964644,0.157318,0.060854
19-Jun-2026,108.829,0.115068,0.00624699,0.0218708,0.0156239
19-Jun-2026,113.561,0.115068,0.000262686,0.00294149,0.00267881
19-Jun-2026,75.7075,0.2,19.6517,19.8328,0.181133
19-Jun-2026,80.4392,0.2,15.1226,15.4156,0.293017
19-Jun-2026,85.1709,0.2,10.8137,11.2275,0.413777
19-Jun-2026,89.9026,0.2,6.92836,7.42306,0.494703
19-Jun-2026,94.6343,0.2,3.75134,4.23117,0.479834
19-Jun-2026,99.366,0.2,1.5682,1.93102,0.362822
19-Jun-2026,104.098,0.2,0.456977,0.668828,0.211851
19-Jun-2026,108.829,0.2,0.091889,0.187364,0.0954751
19-Jun-2026,113.561,0.2,0.0143648,0.048587,0.0342222
19-Jun-2026,75.7075,0.282192,20.0648,20.3572,0.292372
19-Jun-2026,80.4392,0.282192,15.6778,16.0885,0.410704
19-Jun-2026,85.1709,0.282192,11.5482,12.0718,0.5236
19-Jun-2026,89.9026,0.282192,7.83226,8.43074,0.598477
19-Jun-2026,94.6343,0.282192,4.72358,5.32648,0.6029
19-Jun-2026,99.366,0.282192,2.41179,2.93544,0.523655
19-Jun-2026,104.098,0.282192,0.988017,1.36773,0.379712
19-Jun-2026,108.829,0.282192,0.319504,0.542345,0.222841
19-Jun-2026,113.561,0.282192,0.0861478,0.193814,0.107666
19-Jun-2026,75.7075,0.364384,20.5334,20.9042,0.370758
19-Jun-2026,80.4392,0.364384,16.2783,16.7627,0.484353
19-Jun-2026,85.1709,0.364384,12.2941,12.8824,0.588346
19-Jun-2026,89.9026,0.364384,8.70303,9.36406,0.661032
19-Jun-2026,94.6343,0.364384,5.64603,6.3271,0.68107
19-Jun-2026,99.366,0.364384,3.25877,3.89262,0.633845
19-Jun-2026,104.098,0.364384,1.62143,2.13995,0.518518
19-Jun-2026,108.829,0.364384,0.685347,1.04619,0.360839
19-Jun-2026,113.561,0.364384,0.25198,0.463864,0.211884
19-Jun-2026,75.7075,0.449315,21.1019,21.5203,0.418366
19-Jun-2026,80.4392,0.449315,16.9789,17.5009,0.521986
19-Jun-2026,85.1709,0.449315,13.1292,13.7456,0.616374
19-Jun-2026,89.9026,0.449315,9.64811,10.3354,0.687261
19-Jun-2026,94.6343,0.449315,6.63951,7.35958,0.72007
19-Jun-2026,99.366,0.449315,4.20171,4.90285,0.701143
19-Jun-2026,104.098,0.449315,2.39943,3.02118,0.621746
19-Jun-2026,108.829,0.449315,1.22276,1.71206,0.489303
19-Jun-2026,113.561,0.449315,0.56063,0.896347,0.335717
19-Jun-2026,75.7075,0.534247,21.6492,22.0778,0.428634
19-Jun-2026,80.4392,0.534247,17.634,18.1556,0.521584
19-Jun-2026,85.1709,0.534247,13.8889,14.4962,0.60735
19-Jun-2026,89.9026,0.534247,10.491,11.1672,0.676241
19-Jun-2026,94.6343,0.534247,7.52167,8.23887,0.717204
19-Jun-2026,99.366,0.534247,5.05642,5.77471,0.718288
19-Jun-2026,104.098,0.534247,3.14765,3.8164,0.668748
19-Jun-2026,108.829,0.534247,1.79947,2.36688,0.567415
19-Jun-2026,113.561,0.534247,0.946952,1.37788,0.430925
19-Jun-2026,75.7075,0.613699,22.2137,22.6253,0.411628
19-Jun-2026,80.4392,0.613699,18.2959,18.7892,0.493297
19-Jun-2026,85.1709,0.613699,14.6423,15.2129,0.570634
19-Jun-2026,89.9026,0.613699,11.3163,11.9532,0.63691
19-Jun-2026,94.6343,0.613699,8.38307,9.06653,0.683457
19-Jun-2026,99.366,0.613699,5.90188,6.60196,0.700079
19-Jun-2026,104.098,0.613699,3.91516,4.59109,0.675935
19-Jun-2026,108.829,0.613699,2.43233,3.03807,0.605744
19-Jun-2026,113.561,0.613699,1.41515,1.91099,0.495844
19-Jun-2026,75.7075,0.690411,22.7493,23.1241,0.374824
19-Jun-2026,80.4392,0.690411,18.914,19.3601,0.446077
19-Jun-2026,85.1709,0.690411,15.3364,15.8521,0.51571
19-Jun-2026,89.9026,0.690411,12.07,12.6488,0.578844
19-Jun-2026,94.6343,0.690411,9.16822,9.79704,0.628824
19-Jun-2026,99.366,0.690411,6.67934,7.33602,0.656676
19-Jun-2026,104.098,0.690411,4.63833,5.29051,0.652178
19-Jun-2026,108.829,0.690411,3.05603,3.66441,0.608376
19-Jun-2026,113.561,0.690411,1.9088,2.43447,0.525669
19-Jun-2026,75.7075,0.780822,23.3595,23.6727,0.313193
19-Jun-2026,80.4392,0.780822,19.6094,19.9821,0.372734
19-Jun-2026,85.1709,0.780822,16.1091,16.5428,0.433704
19-Jun-2026,89.9026,0.780822,12.903,13.396,0.492954
19-Jun-2026,94.6343,0.780822,10.0348,10.5799,0.545083
19-Jun-2026,99.366,0.780822,7.54319,8.12572,0.582525
19-Jun-2026,104.098,0.780822,5.45639,6.05246,0.596065
19-Jun-2026,108.829,0.780822,3.78515,4.36318,0.578033
19-Jun-2026,113.561,0.780822,2.51545,3.04042,0.52497
19-Jun-2026,75.7075,0.863014,23.9334,24.1728,0.239398
19-Jun-2026,80.4392,0.863014,20.2565,20.5448,0.288259
19-Jun-2026,85.1709,0.863014,16.8219,17.1631,0.341241
19-Jun-2026,89.9026,0.863014,13.6673,14.0636,0.39626
19-Jun-2026,94.6343,0.863014,10.829,11.2781,0.449122
19-Jun-2026,99.366,0.863014,8.33892,8.83216,0.493235
19-Jun-2026,104.098,0.863014,6.22038,6.7406,0.520223
19-Jun-2026,108.829,0.863014,4.48319,5.00568,0.522488
19-Jun-2026,113.561,0.863014,3.11864,3.61318,0.494538
22-Jun-2026,73.9382,0.0109589,18.5092,18.5093,8.92911e-05
22-Jun-2026,78.5594,0.0109589,13.8896,13.8896,3.23939e-05
22-Jun-2026,83.1805,0.0109589,9.27005,9.27008,3.45131e-05
22-Jun-2026,87.8016,0.0109589,4.6559,4.65927,0.00337366
22-Jun-2026,92.4228,0.0109589,0.759178,0.752177,0.00700076
22-Jun-2026,97.0439,0.0109589,0.00275403,0.000973029,0.001781
22-Jun-2026,101.665,0.0109589,8.33569e-09,5.10895e-11,8.2846e-09
22-Jun-2026,73.9382,0.030137,18.5771,18.5772,0.00011029
22-Jun-2026,78.5594,0.030137,13.962,13.9633,0.00128979
22-Jun-2026,83.1805,0.030137,9.35724,9.37013,0.0128863
22-Jun-2026,87.8016,0.030137,4.9196,4.96246,0.0428648
22-Jun-2026,92.4228,0.030137,1.50014,1.48944,0.0107038
22-Jun-2026,97.0439,0.030137,0.155028,0.105702,0.0493263
22-Jun-2026,101.665,0.030137,0.00275995,0.00060042,0.00215953
22-Jun-2026,106.286,0.030137,5.36515e-06,5.75057e-07,4.79009e-06
22-Jun-2026,110.907,0.030137,1.3652e-09,2.61794e-10,1.10341e-09
22-Jun-2026,73.9382,0.0493151,18.6328,18.6344,0.00163659
22-Jun-2026,78.5594,0.0493151,14.0252,14.0355,0.0102576
22-Jun-2026,83.1805,0.0493151,9.46284,9.50256,0.0397164
22-Jun-2026,87.8016,0.0493151,5.19,5.25812,0.0681183
22-Jun-2026,92.4228,0.0493151,1.919,1.90872,0.0102813
22-Jun-2026,97.0439,0.0493151,0.353815,0.270117,0.0836983
22-Jun-2026,101.665,0.0493151,0.0222044,0.00813606,0.0140683
22-Jun-2026,106.286,0.0493151,0.000365822,8.25153e-05,0.000283307
22-Jun-2026,110.907,0.0493151,1.7775e-06,5.34676e-07,1.24282e-06
22-Jun-2026,73.9382,0.0684932,18.703,18.7121,0.00913475
22-Jun-2026,78.5594,0.0684932,14.1156,14.1474,0.031832
22-Jun-2026,83.1805,0.0684932,9.62733,9.70168,0.0743514
22-Jun-2026,87.8016,0.0684932,5.51545,5.60596,0.0905122
22-Jun-2026,92.4228,0.0684932,2.34365,2.33653,0.00711971
22-Jun-2026,97.0439,0.0684932,0.610379,0.50126,0.109119
22-Jun-2026,101.665,0.0684932,0.0765978,0.0378341,0.0387637
22-Jun-2026,106.286,0.0684932,0.00394658,0.00134236,0.00260422
22-Jun-2026,110.907,0.0684932,9.09186e-05,3.51139e-05,5.58047e-05
22-Jun-2026,73.9382,0.0876712,18.7642,18.7845,0.0202987
22-Jun-2026,78.5594,0.0876712,14.202,14.2554,0.0534204
22-Jun-2026,83.1805,0.0876712,9.77885,9.87834,0.0994881
22-Jun-2026,87.8016,0.0876712,5.77002,5.87446,0.104445
22-Jun-2026,92.4228,0.0876712,2.64887,2.64623,0.00264477
22-Jun-2026,97.0439,0.0876712,0.818457,0.699321,0.119136
22-Jun-2026,101.665,0.0876712,0.141952,0.0813315,0.0606205
22-Jun-2026,106.286,0.0876712,0.0122872,0.00509629,0.00719091
22-Jun-2026,110.907,0.0876712,0.000570262,0.000249072,0.00032119
22-Jun-2026,73.9382,0.0219178,18.5463,18.5463,8.86696e-06
22-Jun-2026,78.5594,0.0219178,13.929,13.9291,6.4259e-05
22-Jun-2026,83.1805,0.0219178,9.31331,9.31644,0.00313289
22-Jun-2026,87.8016,0.0219178,4.77938,4.8045,0.0251178
22-Jun-2026,92.4228,0.0219178,1.21544,1.20561,0.00982878
22-Jun-2026,97.0439,0.0219178,0.0631547,0.0377656,0.0253891
22-Jun-2026,101.665,0.0219178,0.000222171,2.48786e-05,0.000197292
22-Jun-2026,106.286,0.0219178,2.58062e-08,1.04797e-09,2.47582e-08
22-Jun-2026,110.907,0.0219178,1.41495e-13,2.51052e-14,1.1639e-13
22-Jun-2026,73.9382,0.106849,18.8302,18.8647,0.0344529
22-Jun-2026,78.5594,0.106849,14.2984,14.3738,0.0753842
22-Jun-2026,83.1805,0.106849,9.93854,10.0596,0.12102
22-Jun-2026,87.8016,0.106849,6.01367,6.12949,0.115825
22-Jun-2026,92.4228,0.106849,2.92837,2.93177,0.00340031
22-Jun-2026,97.0439,0.106849,1.02179,0.900027,0.121763
22-Jun-2026,101.665,0.106849,0.221164,0.141154,0.0800096
22-Jun-2026,106.286,0.106849,0.0271234,0.0129816,0.0141418
22-Jun-2026,110.907,0.106849,0.00200636,0.000960274,0.00104609
22-Jun-2026,73.9382,0.191781,19.2312,19.3428,0.111564
22-Jun-2026,78.5594,0.191781,14.8712,15.0318,0.160633
22-Jun-2026,83.1805,0.191781,10.766,10.9534,0.187375
22-Jun-2026,87.8016,0.191781,7.10129,7.25753,0.156238
22-Jun-2026,92.4228,0.191781,4.10221,4.15445,0.0522369
22-Jun-2026,97.0439,0.191781,1.96236,1.89241,0.0699491
22-Jun-2026,101.665,0.191781,0.727458,0.622435,0.105023
22-Jun-2026,106.286,0.191781,0.201515,0.146614,0.0549014
22-Jun-2026,110.907,0.191781,0.0433641,0.0283808,0.0149833
22-Jun-2026,73.9382,0.273973,19.6777,19.838,0.160337
22-Jun-2026,78.5594,0.273973,15.4603,15.6614,0.201104
22-Jun-2026,83.1805,0.273973,11.5158,11.7323,0.216485
22-Jun-2026,87.8016,0.273973,7.98164,8.16979,0.188152
22-Jun-2026,92.4228,0.273973,5.0133,5.12684,0.113543
22-Jun-2026,97.0439,0.273973,2.75189,2.77278,0.0208901
22-Jun-2026,101.665,0.273973,1.26678,1.22591,0.0408662
22-Jun-2026,106.286,0.273973,0.478777,0.430633,0.0481441
22-Jun-2026,110.907,0.273973,0.152647,0.125257,0.0273902
22-Jun-2026,73.9382,0.356164,20.1564,20.3408,0.184445
22-Jun-2026,78.5594,0.356164,16.0558,16.2745,0.21873
22-Jun-2026,83.1805,0.356164,12.2278,12.461,0.233197
22-Jun-2026,87.8016,0.356164,8.77892,8.99864,0.21972
22-Jun-2026,92.4228,0.356164,5.8271,6.00544,0.178336
22-Jun-2026,97.0439,0.356164,3.4844,3.60454,0.120139
22-Jun-2026,101.665,0.356164,1.82437,1.88502,0.0606509
22-Jun-2026,106.286,0.356164,0.824311,0.83811,0.0137992
22-Jun-2026,110.907,0.356164,0.32756,0.318155,0.00940525
22-Jun-2026,73.9382,0.441096,20.6825,20.874,0.19151
22-Jun-2026,78.5594,0.441096,16.6845,16.9081,0.22365
22-Jun-2026,83.1805,0.441096,12.9515,13.1963,0.244788
22-Jun-2026,87.8016,0.441096,9.56846,9.82047,0.252011
22-Jun-2026,92.4228,0.441096,6.62873,6.87331,0.244583
22-Jun-2026,97.0439,0.441096,4.22451,4.44651,0.222004
22-Jun-2026,101.665,0.441096,2.42671,2.6066,0.17989
22-Jun-2026,106.286,0.441096,1.24298,1.36033,0.11735
22-Jun-2026,110.907,0.441096,0.574907,0.627945,0.0530382
22-Jun-2026,73.9382,0.526027,21.1872,21.3737,0.186531
22-Jun-2026,78.5594,0.526027,17.2711,17.4917,0.220559
22-Jun-2026,83.1805,0.526027,13.6105,13.8625,0.251998
22-Jun-2026,87.8016,0.526027,10.2764,10.5562,0.279768
22-Jun-2026,92.4228,0.526027,7.34645,7.64791,0.301456
22-Jun-2026,97.0439,0.526027,4.89945,5.20915,0.309704
22-Jun-2026,101.665,0.526027,3.00144,3.29125,0.289807
22-Jun-2026,106.286,0.526027,1.67445,1.90466,0.230212
22-Jun-2026,110.907,0.526027,0.857814,1.00177,0.143956
22-Jun-2026,73.9382,0.605479,21.7116,21.8852,0.173575
22-Jun-2026,78.5594,0.605479,17.8687,18.0812,0.212454
22-Jun-2026,83.1805,0.605479,14.2713,14.5275,0.256224
22-Jun-2026,87.8016,0.605479,10.9796,11.2841,0.304451
22-Jun-2026,92.4228,0.605479,8.0596,8.41239,0.352788
22-Jun-2026,97.0439,0.605479,5.57947,5.96895,0.389484
22-Jun-2026,101.665,0.605479,3.59944,3.99365,0.39421
22-Jun-2026,106.286,0.605479,2.14867,2.49697,0.348299
22-Jun-2026,110.907,0.605479,1.19298,1.44906,0.256083
22-Jun-2026,73.9382,0.682192,22.1493,22.3078,0.158515
22-Jun-2026,78.5594,0.682192,18.3608,18.5636,0.202764
22-Jun-2026,83.1805,0.682192,14.8096,15.0669,0.257288
22-Jun-2026,87.8016,0.682192,11.5491,11.8705,0.321394
22-Jun-2026,92.4228,0.682192,8.6378,9.0271,0.389303
22-Jun-2026,97.0439,0.682192,6.13654,6.58366,0.447124
22-Jun-2026,101.665,0.682192,4.10073,4.57285,0.472119
22-Jun-2026,106.286,0.682192,2.562,3.00413,0.44213
22-Jun-2026,110.907,0.682192,1.50142,1.85619,0.354768
22-Jun-2026,73.9382,0.772603,22.6828,22.8192,0.136405
22-Jun-2026,78.5594,0.772603,18.9543,19.1425,0.188202
22-Jun-2026,83.1805,0.772603,15.4539,15.7094,0.255462
22-Jun-2026,87.8016,0.772603,12.2281,12.5652,0.33713
22-Jun-2026,92.4228,0.772603,9.32809,9.75407,0.425981
22-Jun-2026,97.0439,0.772603,6.80726,7.31388,0.506622
22-Jun-2026,101.665,0.772603,4.71542,5.27052,0.555095
22-Jun-2026,106.286,0.772603,3.0848,3.63184,0.547038
22-Jun-2026,110.907,0.772603,1.90908,2.38277,0.47369
22-Jun-2026,73.9382,0.854795,23.1517,23.2661,0.114357
22-Jun-2026,78.5594,0.854795,19.4717,19.6447,0.172996
22-Jun-2026,83.1805,0.854795,16.0121,16.263,0.250919
22-Jun-2026,87.8016,0.854795,12.8147,13.1611,0.346367
22-Jun-2026,92.4228,0.854795,9.92532,10.3766,0.451247
22-Jun-2026,97.0439,0.854795,7.39183,7.94134,0.549513
22-Jun-2026,101.665,0.854795,5.25943,5.87657,0.617142
22-Jun-2026,106.286,0.854795,3.55962,4.1887,0.629077
22-Jun-2026,110.907,0.854795,2.29336,2.86596,0.572602
23-Jun-2026,73.7257,0.00821918,18.4497,18.4497,2.23726e-05
23-Jun-2026,78.3336,0.00821918,13.843,13.8429,8.001e-05
23-Jun-2026,82.9414,0.00821918,9.23628,9.23626,1.74072e-05
23-Jun-2026,87.5493,0.00821918,4.6311,4.63177,0.000672204
23-Jun-2026,92.1571,0.00821918,0.656511,0.631275,0.0252361
23-Jun-2026,96.765,0.00821918,0.000651111,0.000101468,0.000549643
23-Jun-2026,101.373,0.00821918,4.94964e-11,2.60021e-14,4.94704e-11
23-Jun-2026,105.981,0.00821918,1.4598e-15,-2.27711e-15,3.73691e-15
23-Jun-2026,110.589,0.00821918,1.46961e-15,-2.31194e-15,3.78155e-15
23-Jun-2026,73.7257,0.0273973,18.5167,18.5167,1.03485e-05
23-Jun-2026,78.3336,0.0273973,13.9143,13.915,0.000715026
23-Jun-2026,82.9414,0.0273973,9.31997,9.32858,0.00861056
23-Jun-2026,87.5493,0.0273973,4.8774,4.90269,0.0252949
23-Jun-2026,92.1571,0.0273973,1.44765,1.39833,0.0493168
23-Jun-2026,96.765,0.0273973,0.136778,0.0776346,0.0591434
23-Jun-2026,101.373,0.0273973,0.00199421,0.000276916,0.00171729
23-Jun-2026,105.981,0.0273973,2.74272e-06,1.77208e-07,2.56551e-06
23-Jun-2026,110.589,0.0273973,4.24859e-10,5.79748e-11,3.66884e-10
23-Jun-2026,73.7257,0.0465753,18.5716,18.5727,0.00112377
23-Jun-2026,78.3336,0.0465753,13.976,13.9838,0.00779249
23-Jun-2026,82.9414,0.0465753,9.42148,9.45199,0.0305056
23-Jun-2026,87.5493,0.0465753,5.14638,5.18901,0.0426341
23-Jun-2026,92.1571,0.0465753,1.8756,1.81812,0.0574827
23-Jun-2026,96.765,0.0465753,0.333191,0.224651,0.10854
23-Jun-2026,101.373,0.0465753,0.0194043,0.00542891,0.0139754
23-Jun-2026,105.981,0.0465753,0.000281677,4.77295e-05,0.000233948
23-Jun-2026,110.589,0.0465753,1.13858e-06,2.85558e-07,8.53022e-07
23-Jun-2026,73.7257,0.0657534,18.6406,18.6481,0.00747111
23-Jun-2026,78.3336,0.0657534,14.0641,14.0906,0.0265043
23-Jun-2026,82.9414,0.0657534,9.5823,9.64252,0.0602168
23-Jun-2026,87.5493,0.0657534,5.47152,5.53001,0.0584916
23-Jun-2026,92.1571,0.0657534,2.30465,2.24377,0.0608813
23-Jun-2026,96.765,0.0657534,0.588888,0.441263,0.147625
23-Jun-2026,101.373,0.0657534,0.0713425,0.0292442,0.0420983
23-Jun-2026,105.981,0.0657534,0.00346643,0.000974867,0.00249156
23-Jun-2026,110.589,0.0657534,7.32273e-05,2.52743e-05,4.7953e-05
23-Jun-2026,73.7257,0.0849315,18.7007,18.7181,0.0174123
23-Jun-2026,78.3336,0.0849315,14.1485,14.1945,0.0460131
23-Jun-2026,82.9414,0.0849315,9.7315,9.81375,0.0822475
23-Jun-2026,87.5493,0.0849315,5.72558,5.7944,0.0688179
23-Jun-2026,92.1571,0.0849315,2.61107,2.5514,0.0596662
23-Jun-2026,96.765,0.0849315,0.796228,0.630815,0.165413
23-Jun-2026,101.373,0.0849315,0.134932,0.0665341,0.0683979
23-Jun-2026,105.981,0.0849315,0.0112412,0.00400663,0.00723457
23-Jun-2026,110.589,0.0849315,0.00049272,0.000197653,0.000295067
23-Jun-2026,73.7257,0.0191781,18.4862,18.4862,1.95287e-05
23-Jun-2026,78.3336,0.0191781,13.8818,13.8818,1.94793e-05
23-Jun-2026,82.9414,0.0191781,9.2783,9.27987,0.00157301
23-Jun-2026,87.5493,0.0191781,4.7408,4.75423,0.0134295
23-Jun-2026,92.1571,0.0191781,1.15194,1.11047,0.0414654
23-Jun-2026,96.765,0.0191781,0.0491952,0.0225293,0.0266659
23-Jun-2026,101.373,0.0191781,0.000107615,5.74582e-06,0.000101869
23-Jun-2026,105.981,0.0191781,5.41352e-09,9.11413e-11,5.32238e-09
23-Jun-2026,110.589,0.0191781,7.28205e-15,-7.77795e-16,8.05985e-15
23-Jun-2026,73.7257,0.10411,18.7653,18.7959,0.0305554
23-Jun-2026,78.3336,0.10411,14.2429,14.3092,0.0662619
23-Jun-2026,82.9414,0.10411,9.88909,9.99052,0.101432
23-Jun-2026,87.5493,0.10411,5.9683,6.04607,0.0777681
23-Jun-2026,92.1571,0.10411,2.89057,2.83507,0.0554983
23-Jun-2026,96.765,0.10411,0.998491,0.82504,0.173451
23-Jun-2026,101.373,0.10411,0.212454,0.119618,0.0928361
23-Jun-2026,105.981,0.10411,0.0253343,0.0106747,0.0146596
23-Jun-2026,110.589,0.10411,0.00179643,0.000802698,0.000993732
23-Jun-2026,73.7257,0.189041,19.158,19.2633,0.10534
23-Jun-2026,78.3336,0.189041,14.805,14.9536,0.148575
23-Jun-2026,82.9414,0.189041,10.7052,10.8701,0.164878
23-Jun-2026,87.5493,0.189041,7.04605,7.1638,0.117754
23-Jun-2026,92.1571,0.189041,4.05558,4.0524,0.00318075
23-Jun-2026,96.765,0.189041,1.92882,1.80101,0.127808
23-Jun-2026,101.373,0.189041,0.708573,0.570495,0.138078
23-Jun-2026,105.981,0.189041,0.19348,0.131118,0.0623618
23-Jun-2026,110.589,0.189041,0.0407424,0.025639,0.0151034
23-Jun-2026,73.7257,0.271233,19.5945,19.7515,0.156961
23-Jun-2026,78.3336,0.271233,15.3819,15.5753,0.193424
23-Jun-2026,82.9414,0.271233,11.4413,11.642,0.200698
23-Jun-2026,87.5493,0.271233,7.91202,8.07194,0.159917
23-Jun-2026,92.1571,0.271233,4.95193,5.02364,0.0717056
23-Jun-2026,96.765,0.271233,2.70356,2.67643,0.0271296
23-Jun-2026,101.373,0.271233,1.23448,1.15676,0.0777236
23-Jun-2026,105.981,0.271233,0.460816,0.397636,0.0631799
23-Jun-2026,110.589,0.271233,0.144259,0.115236,0.0290227
23-Jun-2026,73.7257,0.353425,20.0608,20.2491,0.188313
23-Jun-2026,78.3336,0.353425,15.9628,16.1834,0.220559
23-Jun-2026,82.9414,0.353425,12.1369,12.3667,0.229838
23-Jun-2026,87.5493,0.353425,8.69187,8.89904,0.207173
23-Jun-2026,92.1571,0.353425,5.74772,5.90248,0.154759
23-Jun-2026,96.765,0.353425,3.41811,3.50662,0.0885101
23-Jun-2026,101.373,0.353425,1.77541,1.80643,0.031024
23-Jun-2026,105.981,0.353425,0.792783,0.789765,0.00301765
23-Jun-2026,110.589,0.353425,0.309715,0.296884,0.0128307
23-Jun-2026,73.7257,0.438356,20.5713,20.7782,0.206921
23-Jun-2026,78.3336,0.438356,16.5736,16.8133,0.239694
23-Jun-2026,82.9414,0.438356,12.8409,13.0995,0.25859
23-Jun-2026,87.5493,0.438356,9.46041,9.72014,0.259731
23-Jun-2026,92.1571,0.438356,6.52769,6.77109,0.243395
23-Jun-2026,96.765,0.438356,4.13654,4.3483,0.21176
23-Jun-2026,101.373,0.438356,2.35718,2.52252,0.165337
23-Jun-2026,105.981,0.438356,1.1936,1.30008,0.106479
23-Jun-2026,110.589,0.438356,0.543198,0.59382,0.0506225
23-Jun-2026,73.7257,0.523288,21.0593,21.275,0.215657
23-Jun-2026,78.3336,0.523288,17.1413,17.3943,0.252955
23-Jun-2026,82.9414,0.523288,13.4793,13.7641,0.284798
23-Jun-2026,87.5493,0.523288,10.1466,10.4555,0.308944
23-Jun-2026,92.1571,0.523288,7.22305,7.54639,0.323338
23-Jun-2026,96.765,0.523288,4.78904,5.11111,0.322074
23-Jun-2026,101.373,0.523288,2.91023,3.2042,0.293966
23-Jun-2026,105.981,0.523288,1.60545,1.83663,0.231178
23-Jun-2026,110.589,0.523288,0.809778,0.956929,0.147151
23-Jun-2026,73.7257,0.60274,21.5647,21.7838,0.219143
23-Jun-2026,78.3336,0.60274,17.7177,17.9816,0.263943
23-Jun-2026,82.9414,0.60274,14.1173,14.4278,0.310549
23-Jun-2026,87.5493,0.60274,10.8258,11.1832,0.357412
23-Jun-2026,92.1571,0.60274,7.91154,8.31145,0.399906
23-Jun-2026,96.765,0.60274,5.4442,5.87118,0.426982
23-Jun-2026,101.373,0.60274,3.48388,3.90471,0.420828
23-Jun-2026,105.981,0.60274,2.05697,2.42332,0.36635
23-Jun-2026,110.589,0.60274,1.12516,1.39526,0.270104
23-Jun-2026,73.7257,0.679452,21.9852,22.2046,0.219397
23-Jun-2026,78.3336,0.679452,18.1909,18.4625,0.271622
23-Jun-2026,82.9414,0.679452,14.6354,14.9663,0.330876
23-Jun-2026,87.5493,0.679452,11.3743,11.7694,0.395137
23-Jun-2026,92.1571,0.679452,8.4681,8.92647,0.458374
23-Jun-2026,96.765,0.679452,5.9794,6.48607,0.506667
23-Jun-2026,101.373,0.679452,3.96353,4.48282,0.519294
23-Jun-2026,105.981,0.679452,2.44973,2.92706,0.477328
23-Jun-2026,110.589,0.679452,1.41509,1.79643,0.381341
23-Jun-2026,73.7257,0.769863,22.4965,22.7139,0.217365
23-Jun-2026,78.3336,0.769863,18.7602,19.0397,0.279533
23-Jun-2026,82.9414,0.769863,15.254,15.6076,0.353647
23-Jun-2026,87.5493,0.769863,12.0264,12.4638,0.437398
23-Jun-2026,92.1571,0.769863,9.13082,9.65361,0.522786
23-Jun-2026,96.765,0.769863,6.62218,7.21637,0.594192
23-Jun-2026,101.373,0.769863,4.55039,5.17949,0.629095
23-Jun-2026,105.981,0.769863,2.94563,3.5516,0.605975
23-Jun-2026,110.589,0.769863,1.79793,2.31723,0.519302
23-Jun-2026,73.7257,0.852055,22.9447,23.1589,0.21424
23-Jun-2026,78.3336,0.852055,19.2553,19.5405,0.285166
23-Jun-2026,82.9414,0.852055,15.7885,16.1603,0.371816
23-Jun-2026,87.5493,0.852055,12.5884,13.0592,0.470785
23-Jun-2026,92.1571,0.852055,9.7028,10.2761,0.573254
23-Jun-2026,96.765,0.852055,7.1811,7.84377,0.662674
23-Jun-2026,101.373,0.852055,5.06868,5.7848,0.716119
23-Jun-2026,105.981,0.852055,3.39528,4.10629,0.711013
23-Jun-2026,110.589,0.852055,2.15849,2.79637,0.637879
24-Jun-2026,74.763,0.00547945,18.7039,18.7039,2.84524e-05
24-Jun-2026,79.4357,0.00547945,14.0321,14.032,0.000105228
24-Jun-2026,84.1084,0.00547945,9.36019,9.36012,7.20044e-05
24-Jun-2026,88.7811,0.00547945,4.68839,4.6884,1.07937e-05
24-Jun-2026,93.4537,0.00547945,0.508138,0.505714,0.00242389
24-Jun-2026,98.1264,0.00547945,1.12152e-05,1.26781e-06,9.94739e-06
24-Jun-2026,102.799,0.00547945,1.32431e-15,3.01112e-15,1.68681e-15
24-Jun-2026,107.472,0.00547945,1.38892e-15,1.05416e-15,3.34761e-16
24-Jun-2026,112.144,0.00547945,1.42567e-15,1.07252e-15,3.53154e-16
24-Jun-2026,74.763,0.0246575,18.7763,18.7763,1.8217e-05
24-Jun-2026,79.4357,0.0246575,14.109,14.1093,0.000294765
24-Jun-2026,84.1084,0.0246575,9.44546,9.4516,0.00613798
24-Jun-2026,88.7811,0.0246575,4.89239,4.92744,0.0350471
24-Jun-2026,93.4537,0.0246575,1.33002,1.33057,0.000545154
24-Jun-2026,98.1264,0.0246575,0.0865635,0.0553822,0.0311813
24-Jun-2026,102.799,0.0246575,0.0004825,6.42155e-05,0.000418285
24-Jun-2026,107.472,0.0246575,1.32921e-07,6.10515e-09,1.26816e-07
24-Jun-2026,112.144,0.0246575,3.03206e-12,2.16542e-13,2.81552e-12
24-Jun-2026,74.763,0.0438356,18.8356,18.8361,0.000506086
24-Jun-2026,79.4357,0.0438356,14.1737,14.179,0.00527953
24-Jun-2026,84.1084,0.0438356,9.5391,9.56749,0.0283929
24-Jun-2026,88.7811,0.0438356,5.1409,5.20658,0.0656837
24-Jun-2026,93.4537,0.0438356,1.75327,1.76099,0.00771523
24-Jun-2026,98.1264,0.0438356,0.24967,0.188133,0.0615371
24-Jun-2026,102.799,0.0438356,0.00860967,0.00256288,0.00604679
24-Jun-2026,107.472,0.0438356,5.37288e-05,8.13077e-06,4.5598e-05
24-Jun-2026,112.144,0.0438356,8.1853e-08,1.45189e-08,6.73341e-08
24-Jun-2026,74.763,0.0630137,18.909,18.914,0.00502215
24-Jun-2026,79.4357,0.0630137,14.2616,14.2836,0.0219568
24-Jun-2026,84.1084,0.0630137,9.6879,9.75066,0.0627624
24-Jun-2026,88.7811,0.0630137,5.45035,5.54593,0.0955776
24-Jun-2026,93.4537,0.0630137,2.17537,2.19517,0.0198036
24-Jun-2026,98.1264,0.0630137,0.476815,0.395807,0.0810082
24-Jun-2026,102.799,0.0630137,0.0411636,0.0186529,0.0225107
24-Jun-2026,107.472,0.0630137,0.00118062,0.000326372,0.000854248
24-Jun-2026,112.144,0.0630137,1.37531e-05,3.8699e-06,9.8832e-06
24-Jun-2026,74.763,0.0821918,18.9715,18.9847,0.0131891
24-Jun-2026,79.4357,0.0821918,14.3438,14.3849,0.0411238
24-Jun-2026,84.1084,0.0821918,9.82801,9.91813,0.0901232
24-Jun-2026,88.7811,0.0821918,5.69544,5.81137,0.115925
24-Jun-2026,93.4537,0.0821918,2.47667,2.5085,0.0318311
24-Jun-2026,98.1264,0.0821918,0.666649,0.581832,0.0848171
24-Jun-2026,102.799,0.0821918,0.0867474,0.0479469,0.0388005
24-Jun-2026,107.472,0.0821918,0.00483551,0.00176482,0.00307069
24-Jun-2026,112.144,0.0821918,0.000135476,4.7229e-05,8.8247e-05
24-Jun-2026,74.763,0.0164384,18.7434,18.7434,2.77157e-05
24-Jun-2026,79.4357,0.0164384,14.074,14.074,2.98299e-05
24-Jun-2026,84.1084,0.0164384,9.40485,9.40548,0.000629777
24-Jun-2026,88.7811,0.0164384,4.77334,4.78897,0.0156298
24-Jun-2026,93.4537,0.0164384,1.0336,1.03164,0.0019597
24-Jun-2026,98.1264,0.0164384,0.0233119,0.0119949,0.011317
24-Jun-2026,102.799,0.0164384,8.74692e-06,3.56987e-07,8.38993e-06
24-Jun-2026,107.472,0.0164384,2.13619e-11,1.63942e-13,2.1198e-11
24-Jun-2026,112.144,0.0164384,5.92374e-16,-1.71177e-15,2.30414e-15
24-Jun-2026,74.763,0.10137,19.0375,19.0623,0.0248076
24-Jun-2026,79.4357,0.10137,14.435,14.4973,0.0622732
24-Jun-2026,84.1084,0.10137,9.9777,10.0928,0.115105
24-Jun-2026,88.7811,0.10137,5.9313,6.06517,0.133872
24-Jun-2026,93.4537,0.10137,2.75175,2.79724,0.0454891
24-Jun-2026,98.1264,0.10137,0.854841,0.774453,0.0803883
24-Jun-2026,102.799,0.10137,0.146401,0.0930952,0.0533058
24-Jun-2026,107.472,0.10137,0.0126244,0.00560027,0.00702413
24-Jun-2026,112.144,0.10137,0.000626287,0.000254331,0.000371956
24-Jun-2026,74.763,0.186301,19.4286,19.5284,0.0998107
24-Jun-2026,79.4357,0.186301,14.9808,15.1385,0.157655
24-Jun-2026,84.1084,0.186301,10.7692,10.9755,0.206278
24-Jun-2026,88.7811,0.186301,6.99139,7.19876,0.207368
24-Jun-2026,93.4537,0.186301,3.90388,4.03505,0.131174
24-Jun-2026,98.1264,0.186301,1.7434,1.75405,0.010653
24-Jun-2026,102.799,0.186301,0.570711,0.519489,0.0512218
24-Jun-2026,107.472,0.186301,0.132377,0.101049,0.0313276
24-Jun-2026,112.144,0.186301,0.0233973,0.0151953,0.00820195
24-Jun-2026,74.763,0.268493,19.8612,20.0199,0.158654
24-Jun-2026,79.4357,0.268493,15.5488,15.7659,0.21713
24-Jun-2026,84.1084,0.268493,11.4968,11.7581,0.261269
24-Jun-2026,88.7811,0.268493,7.8539,8.12224,0.26834
24-Jun-2026,93.4537,0.268493,4.79831,5.02169,0.223378
24-Jun-2026,98.1264,0.268493,2.50221,2.63829,0.136081
24-Jun-2026,102.799,0.268493,1.05573,1.10104,0.0453124
24-Jun-2026,107.472,0.268493,0.353147,0.347683,0.0054635
24-Jun-2026,112.144,0.268493,0.0982617,0.0861512,0.0121105
24-Jun-2026,74.763,0.350685,20.326,20.5244,0.198363
24-Jun-2026,79.4357,0.350685,16.127,16.3832,0.256165
24-Jun-2026,84.1084,0.350685,12.1917,12.495,0.3033
24-Jun-2026,88.7811,0.350685,8.63715,8.96357,0.32642
24-Jun-2026,93.4537,0.350685,5.59878,5.91419,0.315413
24-Jun-2026,98.1264,0.350685,3.21299,3.47845,0.265461
24-Jun-2026,102.799,0.350685,1.5737,1.75338,0.179683
24-Jun-2026,107.472,0.350685,0.64806,0.730507,0.0824471
24-Jun-2026,112.144,0.350685,0.231753,0.25016,0.0184065
24-Jun-2026,74.763,0.435616,20.8384,21.0629,0.224458
24-Jun-2026,79.4357,0.435616,16.74,17.0243,0.284344
24-Jun-2026,84.1084,0.435616,12.9007,13.2409,0.340194
24-Jun-2026,88.7811,0.435616,9.41447,9.79883,0.384357
24-Jun-2026,93.4537,0.435616,6.38908,6.79633,0.407249
24-Jun-2026,98.1264,0.435616,3.93615,4.33113,0.394984
24-Jun-2026,102.799,0.435616,2.14471,2.4757,0.330991
24-Jun-2026,107.472,0.435616,1.02111,1.23875,0.217638
24-Jun-2026,112.144,0.435616,0.433696,0.535083,0.101387
24-Jun-2026,74.763,0.520548,21.3309,21.5695,0.238583
24-Jun-2026,79.4357,0.520548,17.3135,17.6165,0.30295
24-Jun-2026,84.1084,0.520548,13.5478,13.9178,0.369974
24-Jun-2026,88.7811,0.520548,10.1127,10.547,0.434298
24-Jun-2026,93.4537,0.520548,7.09818,7.58388,0.485702
24-Jun-2026,98.1264,0.520548,4.59904,5.10451,0.505466
24-Jun-2026,102.799,0.520548,2.69699,3.16485,0.467861
24-Jun-2026,107.472,0.520548,1.41683,1.7775,0.360675
24-Jun-2026,112.144,0.520548,0.675571,0.892911,0.21734
24-Jun-2026,74.763,0.6,21.8437,22.0891,0.245425
24-Jun-2026,79.4357,0.6,17.8993,18.2156,0.316251
24-Jun-2026,84.1084,0.6,14.198,14.594,0.396026
24-Jun-2026,88.7811,0.6,10.8075,11.2875,0.479964
24-Jun-2026,93.4537,0.6,7.80409,8.36129,0.5572
24-Jun-2026,98.1264,0.6,5.26944,5.87559,0.606153
24-Jun-2026,102.799,0.6,3.27703,3.874,0.596968
24-Jun-2026,107.472,0.6,1.86058,2.36891,0.508331
24-Jun-2026,112.144,0.6,0.971863,1.33016,0.358292
24-Jun-2026,74.763,0.676712,22.2723,22.5191,0.246786
24-Jun-2026,79.4357,0.676712,18.3823,18.7063,0.323957
24-Jun-2026,84.1084,0.676712,14.7285,15.1428,0.414271
24-Jun-2026,88.7811,0.676712,11.3709,11.8842,0.51327
24-Jun-2026,93.4537,0.676712,8.37724,8.98648,0.609241
24-Jun-2026,98.1264,0.676712,5.8201,6.49974,0.679642
24-Jun-2026,102.799,0.676712,3.76634,4.45979,0.693448
24-Jun-2026,107.472,0.676712,2.25274,2.87778,0.625041
24-Jun-2026,112.144,0.676712,1.25111,1.73271,0.481602
24-Jun-2026,74.763,0.767123,22.7953,23.0398,0.244477
24-Jun-2026,79.4357,0.767123,18.9658,19.2955,0.329711
24-Jun-2026,84.1084,0.767123,15.3642,15.7967,0.432455
24-Jun-2026,88.7811,0.767123,12.0433,12.5912,0.547888
24-Jun-2026,93.4537,0.767123,9.06228,9.72594,0.663659
24-Jun-2026,98.1264,0.767123,6.48443,7.24146,0.757029
24-Jun-2026,102.799,0.767123,4.36917,5.16625,0.797079
24-Jun-2026,107.472,0.767123,2.75394,3.50961,0.755669
24-Jun-2026,112.144,0.767123,1.62715,2.25715,0.630005
24-Jun-2026,74.763,0.849315,23.2555,23.495,0.239542
24-Jun-2026,79.4357,0.849315,19.475,19.8069,0.331896
24-Jun-2026,84.1084,0.849315,15.9155,16.3603,0.44482
24-Jun-2026,88.7811,0.849315,12.6247,13.1977,0.572971
24-Jun-2026,93.4537,0.849315,9.65551,10.3592,0.703722
24-Jun-2026,98.1264,0.849315,7.0643,7.87902,0.814721
24-Jun-2026,102.799,0.849315,4.9046,5.78052,0.875919
24-Jun-2026,107.472,0.849315,3.21285,4.07141,0.858556
24-Jun-2026,112.144,0.849315,1.98703,2.74078,0.753754
25-Jun-2026,73.2299,0.00273973,18.3139,18.3139,1.63145e-06
25-Jun-2026,77.8068,0.00273973,13.7374,13.7374,1.73068e-06
25-Jun-2026,82.3836,0.00273973,9.16094,9.161,5.81613e-05
25-Jun-2026,86.9605,0.00273973,4.58447,4.58451,4.24164e-05
25-Jun-2026,91.5374,0.00273973,0.386027,0.434557,0.0485304
25-Jun-2026,96.1143,0.00273973,5.52708e-08,3.07108e-07,2.51838e-07
25-Jun-2026,73.2299,0.0219178,18.3842,18.3843,0.000113977
25-Jun-2026,77.8068,0.0219178,13.8122,13.8138,0.00160112
25-Jun-2026,82.3836,0.0219178,9.24534,9.26554,0.0201972
25-Jun-2026,86.9605,0.0219178,4.80744,4.91346,0.106022
25-Jun-2026,91.5374,0.0219178,1.37214,1.51496,0.142822
25-Jun-2026,96.1143,0.0219178,0.114773,0.138607,0.0238343
25-Jun-2026,100.691,0.0219178,0.00130951,0.00215318,0.000843668
25-Jun-2026,105.268,0.0219178,1.17359e-06,9.71209e-06,8.5385e-06
25-Jun-2026,109.845,0.0219178,8.96078e-11,2.44645e-08,2.43749e-08
25-Jun-2026,73.2299,0.0410959,18.4418,18.4446,0.00282854
25-Jun-2026,77.8068,0.0410959,13.8761,13.8939,0.0177934
25-Jun-2026,82.3836,0.0410959,9.34719,9.42232,0.0751316
25-Jun-2026,86.9605,0.0410959,5.08845,5.26372,0.175268
25-Jun-2026,91.5374,0.0410959,1.83651,2.00097,0.164463
25-Jun-2026,96.1143,0.0410959,0.321433,0.356313,0.03488
25-Jun-2026,100.691,0.0410959,0.0185298,0.0231813,0.00465146
25-Jun-2026,105.268,0.0410959,0.00026318,0.000786058,0.000522878
25-Jun-2026,109.845,0.0410959,9.66711e-07,1.99674e-05,1.90007e-05
25-Jun-2026,73.2299,0.060274,18.514,18.5306,0.0165752
25-Jun-2026,77.8068,0.060274,13.9673,14.0242,0.0568881
25-Jun-2026,82.3836,0.060274,9.51361,9.65483,0.141218
25-Jun-2026,86.9605,0.060274,5.43074,5.65311,0.222368
25-Jun-2026,91.5374,0.060274,2.29259,2.46294,0.170346
25-Jun-2026,96.1143,0.060274,0.594044,0.627727,0.0336835
25-Jun-2026,100.691,0.060274,0.0749801,0.082028,0.00704786
25-Jun-2026,105.268,0.060274,0.00387672,0.00713284,0.00325612
25-Jun-2026,109.845,0.060274,8.52615e-05,0.000526252,0.00044099
25-Jun-2026,73.2299,0.0794521,18.5768,18.6127,0.0358617
25-Jun-2026,77.8068,0.0794521,14.0553,14.1487,0.0933819
25-Jun-2026,82.3836,0.0794521,9.66964,9.85301,0.183371
25-Jun-2026,86.9605,0.0794521,5.69764,5.93976,0.24212
25-Jun-2026,91.5374,0.0794521,2.61531,2.78173,0.166419
25-Jun-2026,96.1143,0.0794521,0.814657,0.841729,0.0270721
25-Jun-2026,100.691,0.0794521,0.145195,0.149994,0.00479854
25-Jun-2026,105.268,0.0794521,0.0130522,0.0194842,0.00643199
25-Jun-2026,109.845,0.0794521,0.000612032,0.00225215,0.00164012
25-Jun-2026,73.2299,0.0136986,18.3523,18.3523,2.29316e-05
25-Jun-2026,77.8068,0.0136986,13.7782,13.7782,1.31593e-05
25-Jun-2026,82.3836,0.0136986,9.20436,9.20704,0.00267654
25-Jun-2026,86.9605,0.0136986,4.67163,4.72206,0.0504266
25-Jun-2026,91.5374,0.0136986,1.03907,1.15664,0.117566
25-Jun-2026,96.1143,0.0136986,0.0297474,0.0404664,0.010719
25-Jun-2026,100.691,0.0136986,2.52989e-05,6.39193e-05,3.86204e-05
25-Jun-2026,105.268,0.0136986,2.39431e-10,1.04277e-08,1.01883e-08
25-Jun-2026,73.2299,0.0986301,18.6445,18.7034,0.0589074
25-Jun-2026,77.8068,0.0986301,14.1541,14.2818,0.127691
25-Jun-2026,82.3836,0.0986301,9.83487,10.0493,0.214425
25-Jun-2026,86.9605,0.0986301,5.95197,6.20292,0.250951
25-Jun-2026,91.5374,0.0986301,2.9083,3.06656,0.158264
25-Jun-2026,96.1143,0.0986301,1.02919,1.04767,0.0184811
25-Jun-2026,100.691,0.0986301,0.230759,0.230128,0.000630667
25-Jun-2026,105.268,0.0986301,0.0297496,0.0387983,0.00904872
25-Jun-2026,109.845,0.0986301,0.00227432,0.00598043,0.00370611
25-Jun-2026,73.2299,0.183562,19.0576,19.2164,0.158761
25-Jun-2026,77.8068,0.183562,14.7446,14.9678,0.223242
25-Jun-2026,82.3836,0.183562,10.6891,10.9464,0.257324
25-Jun-2026,86.9605,0.183562,7.07547,7.29477,0.2193
25-Jun-2026,91.5374,0.183562,4.12198,4.2225,0.100518
25-Jun-2026,96.1143,0.183562,2.00904,1.98797,0.0210738
25-Jun-2026,100.691,0.183562,0.771418,0.73173,0.0396879
25-Jun-2026,105.268,0.183562,0.22424,0.22472,0.0004796
25-Jun-2026,109.845,0.183562,0.0504243,0.0646686,0.0142443
25-Jun-2026,73.2299,0.265753,19.5166,19.7068,0.190205
25-Jun-2026,77.8068,0.265753,15.349,15.5726,0.223551
25-Jun-2026,82.3836,0.265753,11.4564,11.6746,0.218154
25-Jun-2026,86.9605,0.265753,7.97411,8.1314,0.157293
25-Jun-2026,91.5374,0.265753,5.05164,5.10466,0.0530188
25-Jun-2026,96.1143,0.265753,2.81936,2.78013,0.0392343
25-Jun-2026,100.691,0.265753,1.33544,1.27755,0.0578887
25-Jun-2026,105.268,0.265753,0.524332,0.505207,0.0191252
25-Jun-2026,109.845,0.265753,0.173277,0.184199,0.0109216
25-Jun-2026,73.2299,0.347945,20.0057,20.1819,0.176234
25-Jun-2026,77.8068,0.347945,15.9556,16.1392,0.183574
25-Jun-2026,82.3836,0.347945,12.1794,12.3374,0.15798
25-Jun-2026,86.9605,0.347945,8.78175,8.8787,0.0969549
25-Jun-2026,91.5374,0.347945,5.87548,5.89282,0.0173436
25-Jun-2026,96.1143,0.347945,3.56385,3.51957,0.0442776
25-Jun-2026,100.691,0.347945,1.90984,1.85441,0.055434
25-Jun-2026,105.268,0.347945,0.889685,0.864103,0.0255821
25-Jun-2026,109.845,0.347945,0.364031,0.368872,0.00484111
25-Jun-2026,73.2299,0.432877,20.5398,20.6737,0.133916
25-Jun-2026,77.8068,0.432877,16.5919,16.7152,0.123265
25-Jun-2026,82.3836,0.432877,12.9097,13.0002,0.0904801
25-Jun-2026,86.9605,0.432877,9.57669,9.61694,0.0402532
25-Jun-2026,91.5374,0.432877,6.68194,6.67043,0.0115109
25-Jun-2026,96.1143,0.432877,4.31033,4.26762,0.0427122
25-Jun-2026,100.691,0.432877,2.52329,2.48309,0.040205
25-Jun-2026,105.268,0.432877,1.32464,1.30953,0.0151148
25-Jun-2026,109.845,0.432877,0.627599,0.635713,0.00811442
25-Jun-2026,73.2299,0.517808,21.0492,21.1299,0.0807494
25-Jun-2026,77.8068,0.517808,17.1822,17.243,0.0608172
25-Jun-2026,82.3836,0.517808,13.5712,13.6003,0.0291297
25-Jun-2026,86.9605,0.517808,10.2858,10.279,0.00677529
25-Jun-2026,91.5374,0.517808,7.40021,7.36639,0.0338219
25-Jun-2026,96.1143,0.517808,4.98689,4.94754,0.0393468
25-Jun-2026,100.691,0.517808,3.10348,3.08206,0.021424
25-Jun-2026,105.268,0.517808,1.76697,1.77255,0.00557937
25-Jun-2026,109.845,0.517808,0.923807,0.947122,0.0233149
25-Jun-2026,73.2299,0.59726,21.5759,21.5956,0.0197153
25-Jun-2026,77.8068,0.59726,17.7808,17.7766,0.00417784
25-Jun-2026,82.3836,0.59726,14.2316,14.2011,0.0304515
25-Jun-2026,86.9605,0.59726,10.9872,10.9366,0.0505515
25-Jun-2026,91.5374,0.59726,8.11079,8.05615,0.0546389
25-Jun-2026,96.1143,0.59726,5.66509,5.6282,0.0368916
25-Jun-2026,100.691,0.59726,3.70299,3.70056,0.0024326
25-Jun-2026,105.268,0.59726,2.24813,2.27973,0.0315963
25-Jun-2026,109.845,0.59726,1.26995,1.3184,0.04845
25-Jun-2026,73.2299,0.673973,22.0137,21.9807,0.0329951
25-Jun-2026,77.8068,0.673973,18.2718,18.2145,0.0573154
25-Jun-2026,82.3836,0.673973,14.7675,14.6903,0.07717
25-Jun-2026,86.9605,0.673973,11.5533,11.4687,0.0845619
25-Jun-2026,91.5374,0.673973,8.68483,8.61315,0.0716755
25-Jun-2026,96.1143,0.673973,6.21842,6.1815,0.0369246
25-Jun-2026,100.691,0.673973,4.20287,4.21384,0.010969
25-Jun-2026,105.268,0.673973,2.66429,2.71764,0.0533453
25-Jun-2026,109.845,0.673973,1.58518,1.65852,0.0733444
25-Jun-2026,73.2299,0.764384,22.5452,22.4478,0.0974495
25-Jun-2026,77.8068,0.764384,18.8619,18.7419,0.120032
25-Jun-2026,82.3836,0.764384,15.4069,15.2755,0.131398
25-Jun-2026,86.9605,0.764384,12.226,12.1018,0.12419
25-Jun-2026,91.5374,0.764384,9.36793,9.27468,0.0932519
25-Jun-2026,96.1143,0.764384,6.88229,6.84184,0.0404536
25-Jun-2026,100.691,0.764384,4.81309,4.83594,0.0228481
25-Jun-2026,105.268,0.764384,3.18727,3.26432,0.0770464
25-Jun-2026,109.845,0.764384,1.99815,2.1028,0.104653
25-Jun-2026,73.2299,0.846575,23.0109,22.8571,0.153773
25-Jun-2026,77.8068,0.846575,19.3746,19.2012,0.173431
25-Jun-2026,82.3836,0.846575,15.9591,15.782,0.177134
25-Jun-2026,86.9605,0.846575,12.8053,12.6471,0.158208
25-Jun-2026,91.5374,0.846575,9.95717,9.84351,0.113655
25-Jun-2026,96.1143,0.846575,7.45901,7.41186,0.0471542
25-Jun-2026,100.691,0.846575,5.35099,5.37957,0.0285818
25-Jun-2026,105.268,0.846575,3.6596,3.75337,0.0937661
25-Jun-2026,109.845,0.846575,2.38444,2.51488,0.130436
26-Jun-2026,71.8293,0.0191781,18.0255,18.0255,4.7503e-07
26-Jun-2026,76.3186,0.0191781,13.5405,13.542,0.00145377
26-Jun-2026,80.8079,0.0191781,9.06153,9.0806,0.0190669
26-Jun-2026,85.2973,0.0191781,4.72279,4.8196,0.0968075
26-Jun-2026,89.7866,0.0191781,1.38829,1.51318,0.12489
26-Jun-2026,94.2759,0.0191781,0.134285,0.15502,0.0207349
26-Jun-2026,98.7653,0.0191781,0.00231373,0.00296602,0.000652287
26-Jun-2026,103.255,0.0191781,4.37594e-06,1.4899e-05,1.05231e-05
26-Jun-2026,107.744,0.0191781,8.14068e-10,3.68765e-08,3.60624e-08
26-Jun-2026,71.8293,0.0383562,18.0813,18.0843,0.0030071
26-Jun-2026,76.3186,0.0383562,13.6036,13.6222,0.0186048
26-Jun-2026,80.8079,0.0383562,9.17085,9.24502,0.0741704
26-Jun-2026,85.2973,0.0383562,5.03295,5.1934,0.16045
26-Jun-2026,89.7866,0.0383562,1.89202,2.03227,0.140245
26-Jun-2026,94.2759,0.0383562,0.379048,0.404099,0.025051
26-Jun-2026,98.7653,0.0383562,0.0301807,0.0318794,0.0016987
26-Jun-2026,103.255,0.0383562,0.000746374,0.00126799,0.000521611
26-Jun-2026,107.744,0.0383562,5.41127e-06,3.579e-05,3.03787e-05
26-Jun-2026,71.8293,0.0575342,18.1522,18.1703,0.0181142
26-Jun-2026,76.3186,0.0575342,13.698,13.757,0.0590301
26-Jun-2026,80.8079,0.0575342,9.35367,9.49016,0.136494
26-Jun-2026,85.2973,0.0575342,5.40445,5.60245,0.197999
26-Jun-2026,89.7866,0.0575342,2.37922,2.51533,0.136111
26-Jun-2026,94.2759,0.0575342,0.690739,0.702754,0.0120148
26-Jun-2026,98.7653,0.0575342,0.111499,0.107012,0.00448669
26-Jun-2026,103.255,0.0575342,0.00864702,0.010666,0.00201899
26-Jun-2026,107.744,0.0575342,0.000312187,0.000873426,0.000561239
26-Jun-2026,71.8293,0.0767123,18.2154,18.2539,0.0385089
26-Jun-2026,76.3186,0.0767123,13.7918,13.8865,0.0947321
26-Jun-2026,80.8079,0.0767123,9.52424,9.69737,0.173127
26-Jun-2026,85.2973,0.0767123,5.69055,5.89974,0.209188
26-Jun-2026,89.7866,0.0767123,2.72122,2.84398,0.122762
26-Jun-2026,94.2759,0.0767123,0.937497,0.931593,0.00590363
26-Jun-2026,98.7653,0.0767123,0.205435,0.189018,0.0164174
26-Jun-2026,103.255,0.0767123,0.0257397,0.0276655,0.00192577
26-Jun-2026,107.744,0.0767123,0.0018066,0.00351404,0.00170744
26-Jun-2026,71.8293,0.0958904,18.285,18.3468,0.0618386
26-Jun-2026,76.3186,0.0958904,13.8981,14.0246,0.126479
26-Jun-2026,80.8079,0.0958904,9.70345,9.9009,0.197448
26-Jun-2026,85.2973,0.0958904,5.96107,6.17016,0.209087
26-Jun-2026,89.7866,0.0958904,3.03023,3.13463,0.104404
26-Jun-2026,94.2759,0.0958904,1.17431,1.14761,0.0266979
26-Jun-2026,98.7653,0.0958904,0.314875,0.282083,0.0327924
26-Jun-2026,103.255,0.0958904,0.0537969,0.0528972,0.000899744
26-Jun-2026,107.744,0.0958904,0.00577703,0.00888043,0.0031034
26-Jun-2026,71.8293,0.0109589,17.9945,17.9945,2.4255e-05
26-Jun-2026,76.3186,0.0109589,13.5075,13.5075,1.77275e-05
26-Jun-2026,80.8079,0.0109589,9.02068,9.02255,0.00187229
26-Jun-2026,85.2973,0.0109589,4.57315,4.61522,0.0420698
26-Jun-2026,89.7866,0.0109589,1.01709,1.11852,0.101431
26-Jun-2026,94.2759,0.0109589,0.0310122,0.0401314,0.00911924
26-Jun-2026,98.7653,0.0109589,3.56994e-05,6.32643e-05,2.75649e-05
26-Jun-2026,103.255,0.0109589,6.20303e-10,7.31267e-09,6.69236e-09
26-Jun-2026,107.744,0.0109589,7.50665e-16,2.0772e-13,2.0697e-13
26-Jun-2026,71.8293,0.180822,18.7197,18.8697,0.149954
26-Jun-2026,76.3186,0.180822,14.5299,14.7255,0.19556
26-Jun-2026,80.8079,0.180822,10.6129,10.8133,0.200366
26-Jun-2026,85.2973,0.180822,7.13998,7.2702,0.130215
26-Jun-2026,89.7866,0.180822,4.29898,4.28986,0.00911607
26-Jun-2026,94.2759,0.180822,2.23182,2.10033,0.131488
26-Jun-2026,98.7653,0.180822,0.956826,0.823924,0.132902
26-Jun-2026,103.255,0.180822,0.327173,0.271774,0.0553988
26-Jun-2026,107.744,0.180822,0.0890953,0.0832238,0.00587148
26-Jun-2026,71.8293,0.263014,19.2032,19.362,0.158761
26-Jun-2026,76.3186,0.263014,15.1665,15.3307,0.164191
26-Jun-2026,80.8079,0.263014,11.4147,11.5374,0.12271
26-Jun-2026,85.2973,0.263014,8.0706,8.09527,0.0246687
26-Jun-2026,89.7866,0.263014,5.26098,5.15401,0.106968
26-Jun-2026,94.2759,0.263014,3.08749,2.88033,0.207157
26-Jun-2026,98.7653,0.263014,1.58799,1.37944,0.208547
26-Jun-2026,103.255,0.263014,0.701068,0.574681,0.126387
26-Jun-2026,107.744,0.263014,0.26581,0.220629,0.0451815
26-Jun-2026,71.8293,0.345205,19.714,19.8333,0.119253
26-Jun-2026,76.3186,0.345205,15.7982,15.8907,0.0924805
26-Jun-2026,80.8079,0.345205,12.1624,12.1889,0.026465
26-Jun-2026,85.2973,0.345205,8.90044,8.82512,0.0753197
26-Jun-2026,89.7866,0.345205,6.10736,5.9202,0.187161
26-Jun-2026,94.2759,0.345205,3.86328,3.60095,0.262325
26-Jun-2026,98.7653,0.345205,2.21103,1.95203,0.258997
26-Jun-2026,103.255,0.345205,1.12883,0.944827,0.184003
26-Jun-2026,107.744,0.345205,0.514391,0.420659,0.0937322
26-Jun-2026,71.8293,0.430137,20.2675,20.3173,0.0497977
26-Jun-2026,76.3186,0.430137,16.4549,16.4558,0.000876909
26-Jun-2026,80.8079,0.430137,12.9118,12.8364,0.0754453
26-Jun-2026,85.2973,0.430137,9.71224,9.54304,0.169199
26-Jun-2026,89.7866,0.430137,6.93073,6.67399,0.256736
26-Jun-2026,94.2759,0.430137,4.63315,4.32705,0.306104
26-Jun-2026,98.7653,0.430137,2.86234,2.56885,0.293489
26-Jun-2026,103.255,0.430137,1.61769,1.39252,0.225169
26-Jun-2026,107.744,0.430137,0.836433,0.69856,0.137873
26-Jun-2026,71.8293,0.515068,20.7918,20.7644,0.0274485
26-Jun-2026,76.3186,0.515068,17.0601,16.9717,0.0884358
26-Jun-2026,80.8079,0.515068,13.5866,13.421,0.165597
26-Jun-2026,85.2973,0.515068,10.4327,10.1859,0.246809
26-Jun-2026,89.7866,0.515068,7.66005,7.34819,0.311855
26-Jun-2026,94.2759,0.515068,5.32509,4.98618,0.338912
26-Jun-2026,98.7653,0.515068,3.46874,3.15337,0.315368
26-Jun-2026,103.255,0.515068,2.10074,1.85144,0.249298
26-Jun-2026,107.744,0.515068,1.18236,1.01501,0.167355
26-Jun-2026,71.8293,0.594521,21.3309,21.2196,0.111339
26-Jun-2026,76.3186,0.594521,17.6705,17.4922,0.17829
26-Jun-2026,80.8079,0.594521,14.257,14.0056,0.25135
26-Jun-2026,85.2973,0.594521,11.1421,10.8242,0.31789
26-Jun-2026,89.7866,0.594521,8.37808,8.01655,0.361529
26-Jun-2026,94.2759,0.594521,6.01401,5.64595,0.368065
26-Jun-2026,98.7653,0.594521,4.08797,3.75549,0.332475
26-Jun-2026,103.255,0.594521,2.6152,2.35033,0.264871
26-Jun-2026,107.744,0.594521,1.57331,1.38666,0.186647
26-Jun-2026,71.8293,0.671233,21.777,21.5955,0.181452
26-Jun-2026,76.3186,0.671233,18.169,17.919,0.249996
26-Jun-2026,80.8079,0.671233,14.7989,14.4815,0.317396
26-Jun-2026,85.2973,0.671233,11.7124,11.3408,0.371631
26-Jun-2026,89.7866,0.671233,8.95582,8.55655,0.399272
26-Jun-2026,94.2759,0.671233,6.57307,6.18243,0.390637
26-Jun-2026,98.7653,0.671233,4.59977,4.25467,0.345096
26-Jun-2026,103.255,0.671233,3.05337,2.77932,0.274048
26-Jun-2026,107.744,0.671233,1.92076,1.72412,0.196642
26-Jun-2026,71.8293,0.761644,22.3166,22.0513,0.265338
26-Jun-2026,76.3186,0.761644,18.7659,18.4329,0.333027
26-Jun-2026,80.8079,0.761644,15.4431,15.0507,0.392365
26-Jun-2026,85.2973,0.761644,12.3879,11.9556,0.432311
26-Jun-2026,89.7866,0.761644,9.64086,9.19826,0.442598
26-Jun-2026,94.2759,0.761644,7.24074,6.82302,0.417721
26-Jun-2026,98.7653,0.761644,5.22004,4.85944,0.360597
26-Jun-2026,103.255,0.761644,3.5973,3.31358,0.283724
26-Jun-2026,107.744,0.761644,2.36701,2.16236,0.204647
26-Jun-2026,71.8293,0.843836,22.7875,22.4506,0.336933
26-Jun-2026,76.3186,0.843836,19.2826,18.8803,0.402251
26-Jun-2026,80.8079,0.843836,15.9976,15.5435,0.454123
26-Jun-2026,85.2973,0.843836,12.9679,12.4854,0.482521
26-Jun-2026,89.7866,0.843836,10.2298,9.75041,0.479394
26-Jun-2026,94.2759,0.843836,7.8184,7.37628,0.442121
26-Jun-2026,98.7653,0.843836,5.76345,5.38789,0.375562
26-Jun-2026,103.255,0.843836,4.08351,3.79079,0.292724
26-Jun-2026,107.744,0.843836,2.77754,2.56724,0.210304
29-Jun-2026,71.878,0.0109589,17.9944,17.9944,1.49069e-05
29-Jun-2026,76.3704,0.0109589,13.5036,13.5035,5.94473e-05
29-Jun-2026,80.8627,0.0109589,9.01275,9.01293,0.000176052
29-Jun-2026,85.3551,0.0109589,4.53364,4.54845,0.0148068
29-Jun-2026,89.8475,0.0109589,0.82967,0.889566,0.059896
29-Jun-2026,94.3399,0.0109589,0.00820767,0.0092059,0.000998227
29-Jun-2026,98.8322,0.0109589,5.45364e-07,6.44391e-07,9.90272e-08
29-Jun-2026,103.325,0.0109589,6.08031e-14,8.75246e-13,8.14442e-13
29-Jun-2026,71.878,0.030137,18.0628,18.0633,0.000486603
29-Jun-2026,76.3704,0.030137,13.577,13.5826,0.00560942
29-Jun-2026,80.8627,0.030137,9.11116,9.14732,0.0361578
29-Jun-2026,85.3551,0.030137,4.86483,4.97013,0.105299
29-Jun-2026,89.8475,0.030137,1.63528,1.72116,0.0858836
29-Jun-2026,94.3399,0.030137,0.241743,0.238496,0.0032473
29-Jun-2026,98.8322,0.030137,0.0103943,0.00925759,0.00113671
29-Jun-2026,103.325,0.030137,9.25564e-05,0.000145662,5.31055e-05
29-Jun-2026,107.817,0.030137,1.57004e-07,1.47884e-06,1.32184e-06
29-Jun-2026,71.878,0.0493151,18.1193,18.1255,0.00616501
29-Jun-2026,76.3704,0.0493151,13.6453,13.6734,0.0280735
29-Jun-2026,80.8627,0.0493151,9.24054,9.3256,0.0850586
29-Jun-2026,85.3551,0.0493151,5.17818,5.31987,0.141691
29-Jun-2026,89.8475,0.0493151,2.08846,2.16914,0.0806809
29-Jun-2026,94.3399,0.0493151,0.497863,0.475534,0.0223291
29-Jun-2026,98.8322,0.0493151,0.0556855,0.0469794,0.00870605
29-Jun-2026,103.325,0.0493151,0.0024004,0.00273929,0.000338893
29-Jun-2026,107.817,0.0493151,3.80134e-05,0.000125733,8.77193e-05
29-Jun-2026,71.878,0.0684932,18.1928,18.2167,0.0238831
29-Jun-2026,76.3704,0.0684932,13.7487,13.8154,0.0666613
29-Jun-2026,80.8627,0.0684932,9.43737,9.5695,0.132126
29-Jun-2026,85.3551,0.0684932,5.54338,5.70136,0.157985
29-Jun-2026,89.8475,0.0684932,2.5461,2.60686,0.060764
29-Jun-2026,94.3399,0.0684932,0.809007,0.755033,0.0539737
29-Jun-2026,98.8322,0.0684932,0.153888,0.125524,0.0283639
29-Jun-2026,103.325,0.0684932,0.0154747,0.0147394,0.000735315
29-Jun-2026,107.817,0.0684932,0.000800172,0.00149999,0.000699821
29-Jun-2026,71.878,0.0876712,18.2591,18.3032,0.0441273
29-Jun-2026,76.3704,0.0876712,13.8492,13.9463,0.0971138
29-Jun-2026,80.8627,0.0876712,9.61393,9.77105,0.157117
29-Jun-2026,85.3551,0.0876712,5.82402,5.98108,0.157061
29-Jun-2026,89.8475,0.0876712,2.87384,2.91247,0.0386282
29-Jun-2026,94.3399,0.0876712,1.05339,0.971142,0.082248
29-Jun-2026,98.8322,0.0876712,0.257236,0.206641,0.0505949
29-Jun-2026,103.325,0.0876712,0.0381199,0.0333577,0.0047622
29-Jun-2026,107.817,0.0876712,0.0033647,0.00485216,0.00148746
29-Jun-2026,71.878,0.00273973,17.9757,17.9757,2.20811e-05
29-Jun-2026,76.3704,0.00273973,13.4837,13.4837,1.09634e-05
29-Jun-2026,80.8627,0.00273973,8.99175,8.9918,4.9837e-05
29-Jun-2026,85.3551,0.00273973,4.49977,4.49981,4.30435e-05
29-Jun-2026,89.8475,0.00273973,0.410916,0.443145,0.0322291
29-Jun-2026,94.3399,0.00273973,5.67807e-07,9.26749e-07,3.58942e-07
29-Jun-2026,98.8322,0.00273973,2.67585e-13,-9.0564e-16,2.68491e-13
29-Jun-2026,71.878,0.172603,18.6612,18.7883,0.127065
29-Jun-2026,76.3704,0.172603,14.4419,14.6079,0.165961
29-Jun-2026,80.8627,0.172603,10.4912,10.6523,0.161091
29-Jun-2026,85.3551,0.172603,6.99078,7.06552,0.0747366
29-Jun-2026,89.8475,0.172603,4.14285,4.05872,0.0841273
29-Jun-2026,94.3399,0.172603,2.09779,1.89017,0.20762
29-Jun-2026,98.8322,0.172603,0.866456,0.689721,0.176735
29-Jun-2026,103.325,0.172603,0.281,0.212091,0.0689092
29-Jun-2026,107.817,0.172603,0.0713065,0.0615036,0.00980286
29-Jun-2026,71.878,0.254795,19.1406,19.2795,0.138932
29-Jun-2026,76.3704,0.254795,15.0819,15.2176,0.135691
29-Jun-2026,80.8627,0.254795,11.309,11.3892,0.0801504
29-Jun-2026,85.3551,0.254795,7.95054,7.91214,0.0384044
29-Jun-2026,89.8475,0.254795,5.13936,4.94787,0.19149
29-Jun-2026,94.3399,0.254795,2.9801,2.68198,0.298116
29-Jun-2026,98.8322,0.254795,1.5074,1.22987,0.277532
29-Jun-2026,103.325,0.254795,0.650627,0.489846,0.160781
29-Jun-2026,107.817,0.254795,0.239479,0.181912,0.0575667
29-Jun-2026,71.878,0.336986,19.6534,19.7531,0.0997277
29-Jun-2026,76.3704,0.336986,15.7215,15.7832,0.0617194
29-Jun-2026,80.8627,0.336986,12.0722,12.0509,0.0213451
29-Jun-2026,85.3551,0.336986,8.80254,8.65729,0.14525
29-Jun-2026,89.8475,0.336986,6.0105,5.73177,0.278728
29-Jun-2026,94.3399,0.336986,3.77728,3.41394,0.363342
29-Jun-2026,98.8322,0.336986,2.14356,1.797,0.346563
29-Jun-2026,103.325,0.336986,1.08243,0.841703,0.240727
29-Jun-2026,107.817,0.336986,0.486255,0.36474,0.121515
29-Jun-2026,71.878,0.421918,20.2371,20.2618,0.0246911
29-Jun-2026,76.3704,0.421918,16.4175,16.3789,0.0385753
29-Jun-2026,80.8627,0.421918,12.8699,12.7359,0.133971
29-Jun-2026,85.3551,0.421918,9.66938,9.41959,0.249786
29-Jun-2026,89.8475,0.421918,6.89121,6.53351,0.357698
29-Jun-2026,94.3399,0.421918,4.60076,4.18321,0.417547
29-Jun-2026,98.8322,0.421918,2.83902,2.44117,0.397846
29-Jun-2026,103.325,0.421918,1.60272,1.29727,0.305452
29-Jun-2026,107.817,0.421918,0.827298,0.63921,0.188088
29-Jun-2026,71.878,0.506849,20.7677,20.7117,0.0560492
29-Jun-2026,76.3704,0.506849,17.0318,16.8992,0.132613
29-Jun-2026,80.8627,0.506849,13.5566,13.3271,0.229507
29-Jun-2026,85.3551,0.506849,10.404,10.0713,0.332713
29-Jun-2026,89.8475,0.506849,7.63594,7.21789,0.418053
29-Jun-2026,94.3399,0.506849,5.30793,4.85086,0.45707
29-Jun-2026,98.8322,0.506849,3.45911,3.02827,0.430842
29-Jun-2026,103.325,0.506849,2.09696,1.75078,0.346178
29-Jun-2026,107.817,0.506849,1.18149,0.945332,0.236158
29-Jun-2026,71.878,0.586301,21.2899,21.1498,0.140115
29-Jun-2026,76.3704,0.586301,17.6247,17.4012,0.22348
29-Jun-2026,80.8627,0.586301,14.2093,13.8923,0.317019
29-Jun-2026,85.3551,0.586301,11.0959,10.6897,0.406163
29-Jun-2026,89.8475,0.586301,8.33715,7.86617,0.470983
29-Jun-2026,94.3399,0.586301,5.98127,5.48979,0.491481
29-Jun-2026,98.8322,0.586301,4.06474,3.60769,0.457054
29-Jun-2026,103.325,0.586301,2.60054,2.22488,0.375661
29-Jun-2026,107.817,0.586301,1.56463,1.29227,0.272355
29-Jun-2026,71.878,0.663014,21.7664,21.5485,0.21792
29-Jun-2026,76.3704,0.663014,18.1583,17.8546,0.30371
29-Jun-2026,80.8627,0.663014,14.7905,14.3988,0.391709
29-Jun-2026,85.3551,0.663014,11.7086,11.2406,0.467996
29-Jun-2026,89.8475,0.663014,8.9585,8.44258,0.515918
29-Jun-2026,94.3399,0.663014,6.58311,6.06182,0.521294
29-Jun-2026,98.8322,0.663014,4.61625,4.13747,0.478782
29-Jun-2026,103.325,0.663014,3.07342,2.67596,0.397462
29-Jun-2026,107.817,0.663014,1.94043,1.64224,0.298193
29-Jun-2026,71.878,0.753425,22.291,21.988,0.302994
29-Jun-2026,76.3704,0.753425,18.7398,18.351,0.388827
29-Jun-2026,80.8627,0.753425,15.4189,14.9496,0.469291
29-Jun-2026,85.3551,0.753425,12.3685,11.8365,0.53202
29-Jun-2026,89.8475,0.753425,9.62844,9.06504,0.563397
29-Jun-2026,94.3399,0.753425,7.23673,6.6827,0.554028
29-Jun-2026,98.8322,0.753425,5.22423,4.72165,0.502582
29-Jun-2026,103.325,0.753425,3.60759,3.18847,0.419118
29-Jun-2026,107.817,0.753425,2.37995,2.05823,0.321721
29-Jun-2026,71.878,0.835616,22.7697,22.3904,0.379308
29-Jun-2026,76.3704,0.835616,19.266,18.8026,0.463415
29-Jun-2026,80.8627,0.835616,15.9844,15.4477,0.536676
29-Jun-2026,85.3551,0.835616,12.9607,12.3728,0.587873
29-Jun-2026,89.8475,0.835616,10.2304,9.62445,0.605949
29-Jun-2026,94.3399,0.835616,7.8277,7.2429,0.584803
29-Jun-2026,98.8322,0.835616,5.78078,5.25522,0.525556
29-Jun-2026,103.325,0.835616,4.1064,3.66758,0.438821
29-Jun-2026,107.817,0.835616,2.80222,2.46112,0.341099
30-Jun-2026,75.9525,0.00821918,13.4235,13.4235,2.02739e-05
30-Jun-2026,80.4203,0.00821918,8.95689,8.95691,2.13973e-05
30-Jun-2026,84.8881,0.00821918,4.49487,4.49898,0.00411184
30-Jun-2026,89.3559,0.00821918,0.729746,0.741555,0.0118085
30-Jun-2026,93.8237,0.00821918,0.00306605,0.00196498,0.00110107
30-Jun-2026,98.2915,0.00821918,2.25527e-08,4.01193e-09,1.85408e-08
30-Jun-2026,102.759,0.00821918,2.29956e-15,2.09808e-15,2.01478e-16
30-Jun-2026,107.227,0.00821918,2.28777e-15,2.04067e-15,2.47098e-16
30-Jun-2026,71.4847,0.0273973,17.9595,17.9598,0.000282764
30-Jun-2026,75.9525,0.0273973,13.4979,13.5011,0.00323584
30-Jun-2026,80.4203,0.0273973,9.05413,9.07661,0.0224769
30-Jun-2026,84.8881,0.0273973,4.82238,4.87971,0.0573334
30-Jun-2026,89.3559,0.0273973,1.60621,1.60525,0.000959136
30-Jun-2026,93.8237,0.0273973,0.23306,0.185488,0.0475724
30-Jun-2026,98.2915,0.0273973,0.00979742,0.0051412,0.00465622
30-Jun-2026,102.759,0.0273973,8.51128e-05,5.58137e-05,2.92991e-05
30-Jun-2026,107.227,0.0273973,1.36769e-07,3.93783e-07,2.57014e-07
30-Jun-2026,71.4847,0.0465753,18.0168,18.021,0.00422769
30-Jun-2026,75.9525,0.0465753,13.5668,13.5865,0.0197252
30-Jun-2026,80.4203,0.0465753,9.18535,9.24256,0.0572088
30-Jun-2026,84.8881,0.0465753,5.14617,5.21961,0.0734443
30-Jun-2026,89.3559,0.0465753,2.0788,2.05289,0.0259098
30-Jun-2026,93.8237,0.0465753,0.500261,0.40455,0.0957113
30-Jun-2026,98.2915,0.0465753,0.0575614,0.033635,0.0239264
30-Jun-2026,102.759,0.0465753,0.00261721,0.00165743,0.000959783
30-Jun-2026,107.227,0.0465753,4.41282e-05,6.5299e-05,2.11708e-05
30-Jun-2026,71.4847,0.0657534,18.0914,18.1095,0.0180644
30-Jun-2026,75.9525,0.0657534,13.6722,13.7216,0.0493592
30-Jun-2026,80.4203,0.0657534,9.38759,9.47627,0.0886848
30-Jun-2026,84.8881,0.0657534,5.52288,5.59406,0.0711805
30-Jun-2026,89.3559,0.0657534,2.55148,2.48779,0.0636948
30-Jun-2026,93.8237,0.0657534,0.824075,0.670243,0.153832
30-Jun-2026,98.2915,0.0657534,0.162547,0.100144,0.0624027
30-Jun-2026,102.759,0.0657534,0.0173848,0.0107126,0.00667219
30-Jun-2026,107.227,0.0657534,0.000970552,0.00100893,3.83783e-05
30-Jun-2026,71.4847,0.0849315,18.159,18.1933,0.0343428
30-Jun-2026,75.9525,0.0849315,13.7753,13.8477,0.0723562
30-Jun-2026,80.4203,0.0849315,9.56936,9.67199,0.102626
30-Jun-2026,84.8881,0.0849315,5.81146,5.86978,0.0583231
30-Jun-2026,89.3559,0.0849315,2.88833,2.79116,0.0971671
30-Jun-2026,93.8237,0.0849315,1.07737,0.878562,0.198808
30-Jun-2026,98.2915,0.0849315,0.27265,0.172257,0.100393
30-Jun-2026,102.759,0.0849315,0.0428333,0.0260076,0.0168257
30-Jun-2026,107.227,0.0849315,0.00406667,0.00359289,0.000473776
30-Jun-2026,71.4847,0.169863,18.5716,18.6685,0.0968984
30-Jun-2026,75.9525,0.169863,14.3847,14.4955,0.110808
30-Jun-2026,80.4203,0.169863,10.4696,10.5394,0.0697803
30-Jun-2026,84.8881,0.169863,7.00496,6.94546,0.0595013
30-Jun-2026,89.3559,0.169863,4.18539,3.93326,0.252131
30-Jun-2026,93.8237,0.169863,2.15228,1.7806,0.371685
30-Jun-2026,98.2915,0.169863,0.912958,0.62458,0.288378
30-Jun-2026,102.759,0.169863,0.308116,0.186105,0.122011
30-Jun-2026,107.227,0.169863,0.0821112,0.0530224,0.0290888
30-Jun-2026,71.4847,0.252055,19.0635,19.1555,0.0919725
30-Jun-2026,75.9525,0.252055,15.0401,15.1005,0.0603921
30-Jun-2026,80.4203,0.252055,11.3045,11.2728,0.0317387
30-Jun-2026,84.8881,0.252055,7.98174,7.79181,0.189931
30-Jun-2026,89.3559,0.252055,5.19899,4.82488,0.374107
30-Jun-2026,93.8237,0.252055,3.05403,2.56962,0.484408
30-Jun-2026,98.2915,0.252055,1.57719,1.14922,0.427969
30-Jun-2026,102.759,0.252055,0.701255,0.447152,0.254103
30-Jun-2026,107.227,0.252055,0.267587,0.163763,0.103824
30-Jun-2026,71.4847,0.334247,19.5881,19.628,0.0399146
30-Jun-2026,75.9525,0.334247,15.6928,15.6654,0.0274271
30-Jun-2026,80.4203,0.334247,12.0808,11.9351,0.145743
30-Jun-2026,84.8881,0.334247,8.84636,8.53988,0.306479
30-Jun-2026,89.3559,0.334247,6.08263,5.61347,0.469165
30-Jun-2026,93.8237,0.334247,3.86538,3.30342,0.561963
30-Jun-2026,98.2915,0.334247,2.23101,1.70928,0.521732
30-Jun-2026,102.759,0.334247,1.15336,0.786254,0.367106
30-Jun-2026,107.227,0.334247,0.533034,0.336227,0.196807
30-Jun-2026,71.4847,0.419178,20.1834,20.1375,0.0458549
30-Jun-2026,75.9525,0.419178,16.4008,16.2625,0.13832
30-Jun-2026,80.4203,0.419178,12.8902,12.6228,0.267405
30-Jun-2026,84.8881,0.419178,9.72417,9.30669,0.417477
30-Jun-2026,89.3559,0.419178,6.97405,6.421,0.553054
30-Jun-2026,93.8237,0.419178,4.70082,4.07665,0.624174
30-Jun-2026,98.2915,0.419178,2.94153,2.35089,0.590644
30-Jun-2026,102.759,0.419178,1.69224,1.23245,0.459795
30-Jun-2026,107.227,0.419178,0.893648,0.600046,0.293602
30-Jun-2026,71.4847,0.50411,20.7232,20.5891,0.13406
30-Jun-2026,75.9525,0.50411,17.0243,16.785,0.23935
30-Jun-2026,80.4203,0.50411,13.5857,13.2171,0.368618
30-Jun-2026,84.8881,0.50411,10.4668,9.96272,0.504076
30-Jun-2026,89.3559,0.50411,7.72648,7.11052,0.615963
30-Jun-2026,93.8237,0.50411,5.41644,4.74842,0.668017
30-Jun-2026,98.2915,0.50411,3.57228,2.9382,0.634079
30-Jun-2026,102.759,0.50411,2.20024,1.68098,0.51926
30-Jun-2026,107.227,0.50411,1.26369,0.898307,0.365383
30-Jun-2026,71.4847,0.583562,21.2535,21.0294,0.224077
30-Jun-2026,75.9525,0.583562,17.6251,17.2895,0.335556
30-Jun-2026,80.4203,0.583562,14.2456,13.7856,0.460038
30-Jun-2026,84.8881,0.583562,11.1653,10.5854,0.579915
30-Jun-2026,89.3559,0.583562,8.43391,7.76361,0.670302
30-Jun-2026,93.8237,0.583562,6.09648,5.39152,0.704963
30-Jun-2026,98.2915,0.583562,4.18636,3.51911,0.667251
30-Jun-2026,102.759,0.583562,2.71507,2.15251,0.562564
30-Jun-2026,107.227,0.583562,1.6606,1.23942,0.421179
30-Jun-2026,71.4847,0.660274,21.7366,21.4303,0.306326
30-Jun-2026,75.9525,0.660274,18.165,17.7454,0.4196
30-Jun-2026,80.4203,0.660274,14.8326,14.2951,0.537487
30-Jun-2026,84.8881,0.660274,11.783,11.14,0.643034
30-Jun-2026,89.3559,0.660274,9.05999,8.34418,0.715812
30-Jun-2026,93.8237,0.660274,6.70335,5.96731,0.736045
30-Jun-2026,98.2915,0.660274,4.74422,4.05089,0.693329
30-Jun-2026,102.759,0.660274,3.19658,2.60267,0.593907
30-Jun-2026,107.227,0.660274,2.04746,1.58561,0.461849
30-Jun-2026,71.4847,0.750685,22.2678,21.8723,0.395517
30-Jun-2026,75.9525,0.750685,18.7526,18.2446,0.508014
30-Jun-2026,80.4203,0.750685,15.4665,14.8492,0.617251
30-Jun-2026,84.8881,0.750685,12.4477,11.7398,0.707932
30-Jun-2026,89.3559,0.750685,9.73429,8.97097,0.763319
30-Jun-2026,93.8237,0.750685,7.36154,6.59224,0.769301
30-Jun-2026,98.2915,0.750685,5.35798,4.63769,0.720285
30-Jun-2026,102.759,0.750685,3.73875,3.11531,0.623444
30-Jun-2026,107.227,0.750685,2.49763,1.99892,0.498715
30-Jun-2026,71.4847,0.832877,22.7519,22.277,0.474917
30-Jun-2026,75.9525,0.832877,19.2838,18.6988,0.585031
30-Jun-2026,80.4203,0.832877,16.0363,15.3503,0.685962
30-Jun-2026,84.8881,0.832877,13.0437,12.2796,0.764144
30-Jun-2026,89.3559,0.832877,10.3396,9.53414,0.805464
30-Jun-2026,93.8237,0.832877,7.95596,7.15603,0.799934
30-Jun-2026,98.2915,0.832877,5.91887,5.1739,0.744969
30-Jun-2026,102.759,0.832877,4.24371,3.59526,0.648449
30-Jun-2026,107.227,0.832877,2.92836,2.40046,0.5279
30-Jun-2026,71.4847,0.917808,23.2585,22.7028,0.555729
30-Jun-2026,75.9525,0.917808,19.8363,19.174,0.662338
30-Jun-2026,80.4203,0.917808,16.6266,15.8718,0.754781
30-Jun-2026,84.8881,0.917808,13.6598,12.839,0.82078
30-Jun-2026,89.3559,0.917808,10.9663,10.117,0.849298
30-Jun-2026,93.8237,0.917808,8.57446,7.74136,0.833104
30-Jun-2026,98.2915,0.917808,6.50817,5.73609,0.772081
30-Jun-2026,102.759,0.917808,4.78244,4.10791,0.674532
30-Jun-2026,107.227,0.917808,3.39806,2.84177,0.556288
01-Jul-2026,72.9103,0.00547945,18.2402,18.2402,2.53961e-05
01-Jul-2026,77.4672,0.00547945,13.684,13.6841,6.05177e-05
01-Jul-2026,82.0241,0.00547945,9.12794,9.12795,6.47829e-06
01-Jul-2026,86.581,0.00547945,4.57212,4.57319,0.00106533
01-Jul-2026,91.1379,0.00547945,0.562308,0.601923,0.0396146
01-Jul-2026,95.6948,0.00547945,0.000118112,0.000111655,6.45684e-06
01-Jul-2026,100.252,0.00547945,1.38247e-13,6.21701e-14,7.60769e-14
01-Jul-2026,72.9103,0.0246575,18.3093,18.3094,0.000131019
01-Jul-2026,77.4672,0.0246575,13.7577,13.76,0.00230414
01-Jul-2026,82.0241,0.0246575,9.21487,9.23737,0.0225038
01-Jul-2026,86.581,0.0246575,4.83227,4.92151,0.0892432
01-Jul-2026,91.1379,0.0246575,1.46579,1.54017,0.0743804
01-Jul-2026,95.6948,0.0246575,0.154037,0.141001,0.0130364
01-Jul-2026,100.252,0.0246575,0.00304307,0.00209836,0.000944705
01-Jul-2026,104.809,0.0246575,7.07877e-06,9.52965e-06,2.45088e-06
01-Jul-2026,109.365,0.0246575,1.92171e-09,2.58015e-08,2.38798e-08
01-Jul-2026,72.9103,0.0438356,18.366,18.3694,0.00343551
01-Jul-2026,77.4672,0.0438356,13.8221,13.8414,0.0192685
01-Jul-2026,82.0241,0.0438356,9.32543,9.39564,0.0702128
01-Jul-2026,86.581,0.0438356,5.12671,5.26085,0.134139
01-Jul-2026,91.1379,0.0438356,1.92801,1.99961,0.0715956
01-Jul-2026,95.6948,0.0438356,0.380774,0.343479,0.0372948
01-Jul-2026,100.252,0.0438356,0.0286668,0.0201626,0.00850417
01-Jul-2026,104.809,0.0438356,0.000637538,0.000616666,2.08723e-05
01-Jul-2026,109.365,0.0438356,4.17873e-06,1.44699e-05,1.02912e-05
01-Jul-2026,72.9103,0.0630137,18.4378,18.4554,0.0176
01-Jul-2026,77.4672,0.0630137,13.9166,13.9718,0.05517
01-Jul-2026,82.0241,0.0630137,9.50257,9.62459,0.122023
01-Jul-2026,86.581,0.0630137,5.47901,5.63698,0.157975
01-Jul-2026,91.1379,0.0630137,2.3869,2.44152,0.054625
01-Jul-2026,95.6948,0.0630137,0.669732,0.598,0.0717319
01-Jul-2026,100.252,0.0630137,0.0996616,0.0707019,0.0289597
01-Jul-2026,104.809,0.0630137,0.0067333,0.00549394,0.00123936
01-Jul-2026,109.365,0.0630137,0.000207341,0.000366439,0.000159098
01-Jul-2026,72.9103,0.0821918,18.5012,18.5371,0.0359073
01-Jul-2026,77.4672,0.0821918,14.0085,14.0949,0.0863824
01-Jul-2026,82.0241,0.0821918,9.66626,9.81816,0.151904
01-Jul-2026,86.581,0.0821918,5.7522,5.91413,0.161929
01-Jul-2026,91.1379,0.0821918,2.71317,2.7485,0.0353302
01-Jul-2026,95.6948,0.0821918,0.900829,0.800908,0.0999206
01-Jul-2026,100.252,0.0821918,0.182273,0.130205,0.0520685
01-Jul-2026,104.809,0.0821918,0.0200466,0.0151725,0.00487407
01-Jul-2026,109.365,0.0821918,0.00120647,0.00158516,0.000378686
01-Jul-2026,72.9103,0.167123,18.881,19.0035,0.122493
01-Jul-2026,77.4672,0.167123,14.5648,14.734,0.169233
01-Jul-2026,82.0241,0.167123,10.5049,10.6814,0.176526
01-Jul-2026,86.581,0.167123,6.8967,6.9948,0.098102
01-Jul-2026,91.1379,0.167123,3.97001,3.90162,0.0683903
01-Jul-2026,95.6948,0.167123,1.90522,1.69698,0.208237
01-Jul-2026,100.252,0.167123,0.718144,0.541906,0.176238
01-Jul-2026,104.809,0.167123,0.203383,0.139029,0.0643538
01-Jul-2026,109.365,0.167123,0.0436865,0.0333334,0.0103531
01-Jul-2026,72.9103,0.249315,19.3391,19.4842,0.145068
01-Jul-2026,77.4672,0.249315,15.1806,15.3343,0.153712
01-Jul-2026,82.0241,0.249315,11.3022,11.4138,0.111648
01-Jul-2026,86.581,0.249315,7.84379,7.84567,0.00188258
01-Jul-2026,91.1379,0.249315,4.95645,4.80254,0.153909
01-Jul-2026,95.6948,0.249315,2.76509,2.49198,0.27311
01-Jul-2026,100.252,0.249315,1.31467,1.0525,0.262169
01-Jul-2026,104.809,0.249315,0.519487,0.370193,0.149294
01-Jul-2026,109.365,0.249315,0.171857,0.118682,0.0531745
01-Jul-2026,72.9103,0.331507,19.8352,19.9521,0.116868
01-Jul-2026,77.4672,0.331507,15.8037,15.8965,0.0927635
01-Jul-2026,82.0241,0.331507,12.0525,12.0767,0.0242217
01-Jul-2026,86.581,0.331507,8.68778,8.59864,0.0891434
01-Jul-2026,91.1379,0.331507,5.82081,5.59993,0.220882
01-Jul-2026,95.6948,0.331507,3.54819,3.23442,0.31377
01-Jul-2026,100.252,0.331507,1.92157,1.61108,0.310491
01-Jul-2026,104.809,0.331507,0.909277,0.691713,0.217564
01-Jul-2026,109.365,0.331507,0.377766,0.267393,0.110373
01-Jul-2026,72.9103,0.416438,20.4048,20.4579,0.0531302
01-Jul-2026,77.4672,0.416438,16.4871,16.4921,0.00495588
01-Jul-2026,82.0241,0.416438,12.8412,12.7661,0.0750652
01-Jul-2026,86.581,0.416438,9.54942,9.37094,0.17848
01-Jul-2026,91.1379,0.416438,6.69734,6.41637,0.280969
01-Jul-2026,95.6948,0.416438,4.36236,4.0174,0.344962
01-Jul-2026,100.252,0.416438,2.59565,2.25694,0.338713
01-Jul-2026,104.809,0.416438,1.39448,1.12947,0.265006
01-Jul-2026,109.365,0.416438,0.678135,0.511681,0.166454
01-Jul-2026,72.9103,0.50137,20.9259,20.9072,0.0187009
01-Jul-2026,77.4672,0.50137,17.0936,17.014,0.0795691
01-Jul-2026,82.0241,0.50137,13.5229,13.3624,0.160516
01-Jul-2026,86.581,0.50137,10.2819,10.0317,0.250209
01-Jul-2026,91.1379,0.50137,7.44085,7.11304,0.327806
01-Jul-2026,95.6948,0.50137,5.06527,4.69729,0.367985
01-Jul-2026,100.252,0.50137,3.20339,2.8499,0.353492
01-Jul-2026,104.809,0.50137,1.86539,1.57631,0.289075
01-Jul-2026,109.365,0.50137,1.00123,0.798876,0.202354
01-Jul-2026,72.9103,0.580822,21.4413,21.3458,0.0954642
01-Jul-2026,77.4672,0.580822,17.6814,17.5186,0.162776
01-Jul-2026,82.0241,0.580822,14.173,13.9329,0.240068
01-Jul-2026,86.581,0.580822,10.9736,10.6586,0.314959
01-Jul-2026,91.1379,0.580822,8.14287,7.77236,0.370513
01-Jul-2026,95.6948,0.580822,5.73737,5.34752,0.389849
01-Jul-2026,100.252,0.580822,3.80161,3.43667,0.364944
01-Jul-2026,104.809,0.580822,2.3522,2.04901,0.303187
01-Jul-2026,109.365,0.580822,1.35909,1.13383,0.225261
01-Jul-2026,72.9103,0.657534,21.9132,21.7456,0.167623
01-Jul-2026,77.4672,0.657534,18.2122,17.9747,0.237472
01-Jul-2026,82.0241,0.657534,14.7535,14.4444,0.309136
01-Jul-2026,86.581,0.657534,11.5876,11.2168,0.370799
01-Jul-2026,91.1379,0.657534,8.76646,8.35796,0.408497
01-Jul-2026,95.6948,0.657534,6.34014,5.92911,0.411029
01-Jul-2026,100.252,0.657534,4.34957,3.97361,0.375965
01-Jul-2026,104.809,0.657534,2.81411,2.50146,0.31265
01-Jul-2026,109.365,0.657534,1.71611,1.47721,0.238902
01-Jul-2026,72.9103,0.747945,22.4344,22.1867,0.247734
01-Jul-2026,77.4672,0.747945,18.7921,18.4743,0.317755
01-Jul-2026,82.0241,0.747945,15.3827,15.0005,0.382205
01-Jul-2026,86.581,0.747945,12.2503,11.8202,0.43012
01-Jul-2026,91.1379,0.747945,9.44032,8.98967,0.450646
01-Jul-2026,95.6948,0.747945,6.9967,6.55971,0.436994
01-Jul-2026,100.252,0.747945,4.9565,4.56568,0.390821
01-Jul-2026,104.809,0.747945,3.34018,3.01718,0.323004
01-Jul-2026,109.365,0.747945,2.13931,1.8894,0.249913
01-Jul-2026,72.9103,0.830137,22.9114,22.5907,0.320672
01-Jul-2026,77.4672,0.830137,19.3183,18.929,0.389298
01-Jul-2026,82.0241,0.830137,15.9502,15.5033,0.446895
01-Jul-2026,86.581,0.830137,12.8463,12.3629,0.483378
01-Jul-2026,91.1379,0.830137,10.0471,9.55683,0.490274
01-Jul-2026,95.6948,0.830137,7.59184,7.12807,0.463771
01-Jul-2026,100.252,0.830137,5.51424,5.10626,0.407977
01-Jul-2026,104.809,0.830137,3.83467,3.50009,0.334578
01-Jul-2026,109.365,0.830137,2.55028,2.29104,0.259244
01-Jul-2026,72.9103,0.915068,23.4123,23.016,0.396301
01-Jul-2026,77.4672,0.915068,19.8673,19.4047,0.462565
01-Jul-2026,82.0241,0.915068,16.5396,16.0265,0.513118
01-Jul-2026,86.581,0.915068,13.4641,12.9252,0.5389
01-Jul-2026,91.1379,0.915068,10.6769,10.1434,0.533473
01-Jul-2026,95.6948,0.915068,8.21301,7.71766,0.495345
01-Jul-2026,100.252,0.915068,6.10286,5.6726,0.430264
01-Jul-2026,104.809,0.915068,4.36608,4.01579,0.350295
01-Jul-2026,109.365,0.915068,3.00372,2.73309,0.270625
02-Jul-2026,73.2781,0.00273973,18.3258,18.3258,1.07604e-05
02-Jul-2026,77.8579,0.00273973,13.7463,13.7464,8.23101e-05
02-Jul-2026,82.4378,0.00273973,9.16683,9.16688,4.53892e-05
02-Jul-2026,87.0177,0.00273973,4.58735,4.58739,4.23177e-05
02-Jul-2026,91.5976,0.00273973,0.391701,0.446639,0.054938
02-Jul-2026,96.1775,0.00273973,8.57838e-08,4.97382e-07,4.11598e-07
02-Jul-2026,73.2781,0.0219178,18.395,18.395,4.65322e-05
02-Jul-2026,77.8579,0.0219178,13.8199,13.8221,0.00220468
02-Jul-2026,82.4378,0.0219178,9.25049,9.27508,0.0245917
02-Jul-2026,87.0177,0.0219178,4.81651,4.93656,0.120046
02-Jul-2026,91.5976,0.0219178,1.39215,1.54847,0.156315
02-Jul-2026,96.1775,0.0219178,0.122959,0.146579,0.0236203
02-Jul-2026,100.757,0.0219178,0.00161785,0.00223998,0.000622128
02-Jul-2026,105.337,0.0219178,1.86218e-06,9.35708e-06,7.4949e-06
02-Jul-2026,109.917,0.0219178,1.93719e-10,2.13875e-08,2.11938e-08
02-Jul-2026,73.2781,0.0410959,18.4516,18.4552,0.00363603
02-Jul-2026,77.8579,0.0410959,13.8831,13.9048,0.0216881
02-Jul-2026,82.4378,0.0410959,9.35405,9.44011,0.0860581
02-Jul-2026,87.0177,0.0410959,5.10409,5.29631,0.192216
02-Jul-2026,91.5976,0.0410959,1.86362,2.03733,0.173713
02-Jul-2026,96.1775,0.0410959,0.338773,0.367324,0.0285508
02-Jul-2026,100.757,0.0410959,0.0213579,0.0231358,0.00177795
02-Jul-2026,105.337,0.0410959,0.000352968,0.000729439,0.000376471
02-Jul-2026,109.917,0.0410959,1.55944e-06,1.70266e-05,1.54671e-05
02-Jul-2026,73.2781,0.060274,18.5228,18.5428,0.0199509
02-Jul-2026,77.8579,0.060274,13.9745,14.0398,0.0653324
02-Jul-2026,82.4378,0.060274,9.52413,9.67964,0.155505
02-Jul-2026,87.0177,0.060274,5.45329,5.68932,0.23603
02-Jul-2026,91.5976,0.060274,2.32713,2.49706,0.169933
02-Jul-2026,96.1775,0.060274,0.621248,0.637209,0.015961
02-Jul-2026,100.757,0.060274,0.0836926,0.0800945,0.00359813
02-Jul-2026,105.337,0.060274,0.00481368,0.00648355,0.00166987
02-Jul-2026,109.917,0.060274,0.000120308,0.00044165,0.000321342
02-Jul-2026,73.2781,0.0794521,18.5852,18.6266,0.0414268
02-Jul-2026,77.8579,0.0794521,14.0634,14.1674,0.104026
02-Jul-2026,82.4378,0.0794521,9.68359,9.88048,0.196885
02-Jul-2026,87.0177,0.0794521,5.72529,5.97514,0.249848
02-Jul-2026,91.5976,0.0794521,2.65544,2.8115,0.156061
02-Jul-2026,96.1775,0.0794521,0.849196,0.847616,0.0015799
02-Jul-2026,100.757,0.0794521,0.159895,0.14502,0.0148754
02-Jul-2026,105.337,0.0794521,0.015693,0.0175399,0.00184694
02-Jul-2026,109.917,0.0794521,0.000816702,0.00187418,0.00105748
02-Jul-2026,73.2781,0.164384,18.9577,19.1025,0.144828
02-Jul-2026,77.8579,0.164384,14.6087,14.8195,0.21076
02-Jul-2026,82.4378,0.164384,10.5124,10.7573,0.244933
02-Jul-2026,87.0177,0.164384,6.86881,7.06479,0.19598
02-Jul-2026,91.5976,0.164384,3.91734,3.96583,0.048488
02-Jul-2026,96.1775,0.164384,1.84792,1.74786,0.10006
02-Jul-2026,100.757,0.164384,0.676488,0.569565,0.106923
02-Jul-2026,105.337,0.164384,0.18352,0.148699,0.0348211
02-Jul-2026,109.917,0.164384,0.037399,0.0360191,0.00137986
02-Jul-2026,73.2781,0.246575,19.4102,19.5842,0.173986
02-Jul-2026,77.8579,0.246575,15.2191,15.4184,0.19929
02-Jul-2026,82.4378,0.246575,11.3072,11.4842,0.176969
02-Jul-2026,87.0177,0.246575,7.81808,7.90437,0.0862919
02-Jul-2026,91.5976,0.246575,4.90838,4.85079,0.0575894
02-Jul-2026,96.1775,0.246575,2.70872,2.52874,0.179981
02-Jul-2026,100.757,0.246575,1.26594,1.07545,0.190488
02-Jul-2026,105.337,0.246575,0.488246,0.380571,0.107675
02-Jul-2026,109.917,0.246575,0.15686,0.122261,0.0345993
02-Jul-2026,73.2781,0.328767,19.9029,20.0473,0.144387
02-Jul-2026,77.8579,0.328767,15.8402,15.9727,0.132459
02-Jul-2026,82.4378,0.328767,12.0583,12.1354,0.0770639
02-Jul-2026,87.0177,0.328767,8.66601,8.64175,0.0242635
02-Jul-2026,91.5976,0.328767,5.77847,5.6299,0.148574
02-Jul-2026,96.1775,0.328767,3.49603,3.25363,0.242402
02-Jul-2026,100.757,0.328767,1.87215,1.6218,0.250354
02-Jul-2026,105.337,0.328767,0.872351,0.696016,0.176335
02-Jul-2026,109.917,0.328767,0.355747,0.268237,0.0875102
02-Jul-2026,73.2781,0.413699,20.471,20.5448,0.0737814
02-Jul-2026,77.8579,0.413699,16.524,16.5569,0.0328974
02-Jul-2026,82.4378,0.413699,12.8501,12.8103,0.0398477
02-Jul-2026,87.0177,0.413699,9.53361,9.39661,0.136997
02-Jul-2026,91.5976,0.413699,6.66275,6.42697,0.235777
02-Jul-2026,96.1775,0.413699,4.31742,4.0173,0.300118
02-Jul-2026,100.757,0.413699,2.55011,2.25116,0.298949
02-Jul-2026,105.337,0.413699,1.35668,1.12193,0.234745
02-Jul-2026,109.917,0.413699,0.651974,0.505038,0.146936
02-Jul-2026,73.2781,0.49863,20.9925,20.9855,0.00695696
02-Jul-2026,77.8579,0.49863,17.1326,17.0682,0.0644286
02-Jul-2026,82.4378,0.49863,13.5361,13.3936,0.142455
02-Jul-2026,87.0177,0.49863,10.2727,10.0426,0.230068
02-Jul-2026,91.5976,0.49863,7.41437,7.10763,0.306741
02-Jul-2026,96.1775,0.49863,5.02853,4.68085,0.347683
02-Jul-2026,100.757,0.49863,3.16419,2.82876,0.335426
02-Jul-2026,105.337,0.49863,1.83058,1.55571,0.27487
02-Jul-2026,109.917,0.49863,0.974778,0.782241,0.192537
02-Jul-2026,73.2781,0.578082,21.5094,21.4157,0.0937326
02-Jul-2026,77.8579,0.578082,17.7238,17.5625,0.161332
02-Jul-2026,82.4378,0.578082,14.1915,13.9522,0.239283
02-Jul-2026,87.0177,0.578082,10.9717,10.6562,0.315524
02-Jul-2026,91.5976,0.578082,8.12524,7.7525,0.372745
02-Jul-2026,96.1775,0.578082,5.70987,5.31612,0.39375
02-Jul-2026,100.757,0.578082,3.77053,3.40074,0.369786
02-Jul-2026,105.337,0.578082,2.32299,2.01465,0.308343
02-Jul-2026,109.917,0.578082,1.33525,1.10536,0.229888
02-Jul-2026,73.2781,0.654795,21.9837,21.8078,0.175949
02-Jul-2026,77.8579,0.654795,18.2584,18.0095,0.248866
02-Jul-2026,82.4378,0.654795,14.7778,14.4533,0.324455
02-Jul-2026,87.0177,0.654795,11.5931,11.203,0.39014
02-Jul-2026,91.5976,0.654795,8.75758,8.32589,0.431688
02-Jul-2026,96.1775,0.654795,6.32191,5.88493,0.436978
02-Jul-2026,100.757,0.654795,4.32714,3.92467,0.402473
02-Jul-2026,105.337,0.654795,2.79184,2.45431,0.337526
02-Jul-2026,109.917,0.654795,1.69686,1.43689,0.259967
02-Jul-2026,73.2781,0.745205,22.5083,22.2406,0.267673
02-Jul-2026,77.8579,0.745205,18.8435,18.4996,0.343875
02-Jul-2026,82.4378,0.745205,15.414,14.9988,0.415226
02-Jul-2026,87.0177,0.745205,12.2647,11.7946,0.470067
02-Jul-2026,91.5976,0.745205,9.4417,8.94507,0.49663
02-Jul-2026,96.1775,0.745205,6.9894,6.50231,0.487091
02-Jul-2026,100.757,0.745205,4.94467,4.503,0.441674
02-Jul-2026,105.337,0.745205,3.32715,2.95605,0.3711
02-Jul-2026,109.917,0.745205,2.12716,1.83543,0.291727
02-Jul-2026,73.2781,0.827397,22.9891,22.6374,0.351677
02-Jul-2026,77.8579,0.827397,19.3751,18.946,0.429128
02-Jul-2026,82.4378,0.827397,15.9885,15.4923,0.49615
02-Jul-2026,87.0177,0.827397,12.8693,12.3273,0.541954
02-Jul-2026,91.5976,0.827397,10.0583,9.5015,0.556804
02-Jul-2026,96.1775,0.827397,7.59506,7.0593,0.535765
02-Jul-2026,100.757,0.827397,5.51286,5.03158,0.48128
02-Jul-2026,105.337,0.827397,3.83121,3.42646,0.404751
02-Jul-2026,109.917,0.827397,2.54619,2.2244,0.321786
02-Jul-2026,73.2781,0.912329,23.4947,23.0553,0.439381
02-Jul-2026,77.8579,0.912329,19.9304,19.4134,0.517035
02-Jul-2026,82.4378,0.912329,16.5858,16.0063,0.579461
02-Jul-2026,87.0177,0.912329,13.4966,12.8797,0.616901
02-Jul-2026,91.5976,0.912329,10.6989,10.0775,0.621408
02-Jul-2026,96.1775,0.912329,8.22772,7.63759,0.590127
02-Jul-2026,100.757,0.912329,6.11305,5.58588,0.527173
02-Jul-2026,105.337,0.912329,4.3736,3.9294,0.444204
02-Jul-2026,109.917,0.912329,3.00939,2.65321,0.356179
03-Jul-2026,71.9535,0.0191781,18.0551,18.0551,4.94685e-05
03-Jul-2026,76.4506,0.0191781,13.5623,13.5627,0.000390732
03-Jul-2026,80.9477,0.0191781,9.07567,9.08284,0.0071684
03-Jul-2026,85.4448,0.0191781,4.73122,4.76973,0.0385087
03-Jul-2026,89.9419,0.0191781,1.39463,1.42183,0.0271954
03-Jul-2026,94.439,0.0191781,0.136506,0.11821,0.0182961
03-Jul-2026,98.9361,0.0191781,0.00242479,0.000769421,0.00165537
03-Jul-2026,103.433,0.0191781,4.84753e-06,1.5964e-07,4.68789e-06
03-Jul-2026,107.93,0.0191781,9.72088e-10,2.53092e-12,9.69557e-10
03-Jul-2026,71.9535,0.0383562,18.1099,18.1108,0.000854582
03-Jul-2026,76.4506,0.0383562,13.6243,13.6315,0.0072468
03-Jul-2026,80.9477,0.0383562,9.18469,9.21765,0.0329632
03-Jul-2026,85.4448,0.0383562,5.04296,5.11202,0.0690638
03-Jul-2026,89.9419,0.0383562,1.90078,1.93382,0.0330353
03-Jul-2026,94.439,0.0383562,0.384042,0.346596,0.0374456
03-Jul-2026,98.9361,0.0383562,0.0311851,0.0155044,0.0156807
03-Jul-2026,103.433,0.0383562,0.000798301,0.00010872,0.000689581
03-Jul-2026,107.93,0.0383562,6.06004e-06,1.86632e-07,5.87341e-06
03-Jul-2026,71.9535,0.0575342,18.1794,18.1866,0.00720516
03-Jul-2026,76.4506,0.0575342,13.7179,13.7449,0.0270249
03-Jul-2026,80.9477,0.0575342,9.36787,9.43471,0.0668438
03-Jul-2026,85.4448,0.0575342,5.41634,5.50868,0.0923418
03-Jul-2026,89.9419,0.0575342,2.3906,2.42675,0.0361525
03-Jul-2026,94.439,0.0575342,0.698914,0.64452,0.0543939
03-Jul-2026,98.9361,0.0575342,0.114532,0.0703567,0.0441753
03-Jul-2026,103.433,0.0575342,0.0091127,0.00236191,0.00675079
03-Jul-2026,107.93,0.0575342,0.000340211,3.14985e-05,0.000308713
03-Jul-2026,71.9535,0.0767123,18.2417,18.259,0.017256
03-Jul-2026,76.4506,0.0767123,13.8113,13.8583,0.0469963
03-Jul-2026,80.9477,0.0767123,9.53902,9.62903,0.0900097
03-Jul-2026,85.4448,0.0767123,5.70394,5.80835,0.104411
03-Jul-2026,89.9419,0.0767123,2.73463,2.77156,0.0369349
03-Jul-2026,94.439,0.0767123,0.948188,0.88382,0.0643683
03-Jul-2026,98.9361,0.0767123,0.210553,0.142254,0.0682986
03-Jul-2026,103.433,0.0767123,0.0269692,0.00924662,0.0177226
03-Jul-2026,107.93,0.0767123,0.0019476,0.000288615,0.00165899
03-Jul-2026,71.9535,0.0958904,18.3105,18.3406,0.0301228
03-Jul-2026,76.4506,0.0958904,13.9174,13.9841,0.0667381
03-Jul-2026,80.9477,0.0958904,9.71896,9.82743,0.10847
03-Jul-2026,85.4448,0.0958904,5.97597,6.08829,0.112323
03-Jul-2026,89.9419,0.0958904,3.04565,3.08243,0.0367761
03-Jul-2026,94.439,0.0958904,1.18749,1.11581,0.0716804
03-Jul-2026,98.9361,0.0958904,0.322306,0.232481,0.0898245
03-Jul-2026,103.433,0.0958904,0.056171,0.0232457,0.0329253
03-Jul-2026,107.93,0.0958904,0.00618689,0.00125366,0.00493323
03-Jul-2026,71.9535,0.161644,18.6267,18.7075,0.0807797
03-Jul-2026,76.4506,0.161644,14.3867,14.5084,0.121683
03-Jul-2026,80.9477,0.161644,10.4129,10.5583,0.14535
03-Jul-2026,85.4448,0.161644,6.89401,7.0149,0.120893
03-Jul-2026,89.9419,0.161644,4.04191,4.07471,0.0327955
03-Jul-2026,94.439,0.161644,2.01237,1.92993,0.0824374
03-Jul-2026,98.9361,0.161644,0.810442,0.671754,0.138688
03-Jul-2026,103.433,0.161644,0.253609,0.154941,0.0986684
03-Jul-2026,107.93,0.161644,0.0613743,0.0238329,0.0375414
03-Jul-2026,71.9535,0.243836,19.097,19.2152,0.118212
03-Jul-2026,76.4506,0.243836,15.0222,15.1683,0.146055
03-Jul-2026,80.9477,0.243836,11.2347,11.3837,0.148977
03-Jul-2026,85.4448,0.243836,7.8669,7.97758,0.110675
03-Jul-2026,89.9419,0.243836,5.05577,5.08421,0.028445
03-Jul-2026,94.439,0.243836,2.90759,2.8346,0.072989
03-Jul-2026,98.9361,0.243836,1.45425,1.31047,0.143784
03-Jul-2026,103.433,0.243836,0.618344,0.473619,0.144725
03-Jul-2026,107.93,0.243836,0.223214,0.129996,0.0932182
03-Jul-2026,71.9535,0.326027,19.6051,19.7308,0.12575
03-Jul-2026,76.4506,0.326027,15.661,15.8011,0.140129
03-Jul-2026,80.9477,0.326027,12.0021,12.1342,0.132066
03-Jul-2026,85.4448,0.326027,8.72791,8.82199,0.094075
03-Jul-2026,89.9419,0.326027,5.93815,5.96613,0.0279832
03-Jul-2026,94.439,0.326027,3.71451,3.66347,0.051038
03-Jul-2026,98.9361,0.326027,2.09566,1.97914,0.116517
03-Jul-2026,103.433,0.326027,1.05055,0.907624,0.142926
03-Jul-2026,107.93,0.326027,0.467577,0.343519,0.124058
03-Jul-2026,71.9535,0.410959,20.186,20.2964,0.110421
03-Jul-2026,76.4506,0.410959,16.3576,16.4726,0.115003
03-Jul-2026,80.9477,0.410959,12.8042,12.9081,0.103945
03-Jul-2026,85.4448,0.410959,9.60242,9.67751,0.0750933
03-Jul-2026,89.9419,0.410959,6.82826,6.85929,0.0310263
03-Jul-2026,94.439,0.410959,4.54694,4.52597,0.0209692
03-Jul-2026,98.9361,0.410959,2.79769,2.72729,0.0703969
03-Jul-2026,103.433,0.410959,1.57424,1.46847,0.105773
03-Jul-2026,107.93,0.410959,0.809348,0.692167,0.117181
03-Jul-2026,71.9535,0.49589,20.7153,20.7989,0.083638
03-Jul-2026,76.4506,0.49589,16.973,17.057,0.0840388
03-Jul-2026,80.9477,0.49589,13.4946,13.5704,0.0757556
03-Jul-2026,85.4448,0.49589,10.3428,10.4018,0.0589742
03-Jul-2026,89.9419,0.49589,7.58002,7.61526,0.0352437
03-Jul-2026,94.439,0.49589,5.26124,5.26806,0.00681664
03-Jul-2026,98.9361,0.49589,3.4239,3.39926,0.0246405
03-Jul-2026,103.433,0.49589,2.07297,2.01629,0.0566787
03-Jul-2026,107.93,0.49589,1.1663,1.08348,0.0828221
03-Jul-2026,71.9535,0.575342,21.237,21.2872,0.0501972
03-Jul-2026,76.4506,0.575342,17.5673,17.6173,0.0500352
03-Jul-2026,80.9477,0.575342,14.1506,14.1982,0.0475854
03-Jul-2026,85.4448,0.575342,11.0397,11.0836,0.0439211
03-Jul-2026,89.9419,0.575342,8.28735,8.32666,0.0393103
03-Jul-2026,94.439,0.575342,5.94102,5.97337,0.0323517
03-Jul-2026,98.9361,0.575342,4.03557,4.05483,0.0192631
03-Jul-2026,103.433,0.575342,2.58171,2.57828,0.00343033
03-Jul-2026,107.93,0.575342,1.55349,1.51973,0.0337644
03-Jul-2026,71.9535,0.652055,21.7133,21.7295,0.0161888
03-Jul-2026,76.4506,0.652055,18.1023,18.1199,0.0176478
03-Jul-2026,80.9477,0.652055,14.7347,14.7568,0.0220853
03-Jul-2026,85.4448,0.652055,11.6566,11.6871,0.0304751
03-Jul-2026,89.9419,0.652055,8.91384,8.95587,0.0420325
03-Jul-2026,94.439,0.652055,6.5484,6.60134,0.0529438
03-Jul-2026,98.9361,0.652055,4.59255,4.64881,0.0562628
03-Jul-2026,103.433,0.652055,3.05967,3.10462,0.0449546
03-Jul-2026,107.93,0.652055,1.93378,1.9511,0.0173187
03-Jul-2026,71.9535,0.742466,22.2381,22.2145,0.0235625
03-Jul-2026,76.4506,0.742466,18.6853,18.6668,0.0185378
03-Jul-2026,80.9477,0.742466,15.3663,15.3604,0.00587362
03-Jul-2026,85.4448,0.742466,12.3209,12.3363,0.0153939
03-Jul-2026,89.9419,0.742466,9.58908,9.63229,0.0432098
03-Jul-2026,94.439,0.742466,7.20784,7.27969,0.0718479
03-Jul-2026,98.9361,0.742466,5.20649,5.29878,0.0922889
03-Jul-2026,103.433,0.742466,3.59967,3.6947,0.0950296
03-Jul-2026,107.93,0.742466,2.37884,2.45405,0.0752073
03-Jul-2026,71.9535,0.824658,22.7171,22.6563,0.060798
03-Jul-2026,76.4506,0.824658,19.2131,19.1614,0.0517077
03-Jul-2026,80.9477,0.824658,15.9345,15.9033,0.031186
03-Jul-2026,85.4448,0.824658,12.9169,12.9179,0.00102512
03-Jul-2026,89.9419,0.824658,10.1957,10.2378,0.0420903
03-Jul-2026,94.439,0.824658,7.80389,7.88913,0.0852397
03-Jul-2026,98.9361,0.824658,5.76835,5.88855,0.120201
03-Jul-2026,103.433,0.824658,4.1039,4.24009,0.136187
03-Jul-2026,107.93,0.824658,2.80653,2.93281,0.12628
03-Jul-2026,71.9535,0.909589,23.2191,23.1189,0.100232
03-Jul-2026,76.4506,0.909589,19.7627,19.6763,0.0863869
03-Jul-2026,80.9477,0.909589,16.5236,16.4657,0.0578958
03-Jul-2026,85.4448,0.909589,13.5335,13.5185,0.0150325
03-Jul-2026,89.9419,0.909589,10.824,10.8625,0.0384676
03-Jul-2026,94.439,0.909589,8.42454,8.51959,0.0950524
03-Jul-2026,98.9361,0.909589,6.35932,6.50331,0.143986
03-Jul-2026,103.433,0.909589,4.64288,4.81657,0.173693
03-Jul-2026,107.93,0.909589,3.27442,3.45018,0.175758
06-Jul-2026,74.8486,0.0109589,13.234,13.234,2.6773e-05
06-Jul-2026,79.2515,0.0109589,8.83261,8.83265,3.97244e-05
06-Jul-2026,83.6544,0.0109589,4.44887,4.4558,0.006926
06-Jul-2026,88.0572,0.0109589,0.871131,0.882096,0.0109651
06-Jul-2026,92.4601,0.0109589,0.014031,0.0105032,0.0035278
06-Jul-2026,96.863,0.0109589,3.79026e-06,3.29597e-07,3.46066e-06
06-Jul-2026,101.266,0.0109589,6.01542e-12,1.90832e-14,5.99634e-12
06-Jul-2026,70.4458,0.030137,17.701,17.7012,0.000171413
06-Jul-2026,74.8486,0.030137,13.3052,13.3083,0.00305935
06-Jul-2026,79.2515,0.030137,8.93778,8.95731,0.0195297
06-Jul-2026,83.6544,0.030137,4.82304,4.87095,0.0479088
06-Jul-2026,88.0572,0.030137,1.71384,1.72713,0.0132939
06-Jul-2026,92.4601,0.030137,0.302886,0.263846,0.0390401
06-Jul-2026,96.863,0.030137,0.019597,0.00859566,0.0110013
06-Jul-2026,101.266,0.030137,0.000357748,3.26987e-05,0.000325049
06-Jul-2026,105.669,0.030137,1.63243e-06,2.05429e-08,1.61189e-06
06-Jul-2026,70.4458,0.0493151,17.7558,17.759,0.00324608
06-Jul-2026,74.8486,0.0493151,13.3756,13.3915,0.0159173
06-Jul-2026,79.2515,0.0493151,9.08252,9.12885,0.0463265
06-Jul-2026,83.6544,0.0493151,5.16121,5.22682,0.0656111
06-Jul-2026,88.0572,0.0493151,2.18645,2.19574,0.00929212
06-Jul-2026,92.4601,0.0493151,0.593196,0.528891,0.0643051
06-Jul-2026,96.863,0.0493151,0.0869971,0.0483749,0.0386222
06-Jul-2026,101.266,0.0493151,0.00593135,0.00117652,0.00475483
06-Jul-2026,105.669,0.0493151,0.000174927,9.29573e-06,0.000165631
06-Jul-2026,70.4458,0.0684932,17.8293,17.8429,0.0135866
06-Jul-2026,74.8486,0.0684932,13.4866,13.5254,0.0387721
06-Jul-2026,79.2515,0.0684932,9.299,9.37227,0.0732705
06-Jul-2026,83.6544,0.0684932,5.54876,5.62443,0.0756726
06-Jul-2026,88.0572,0.0684932,2.66261,2.66369,0.00107768
06-Jul-2026,92.4601,0.0684932,0.935854,0.845616,0.0902377
06-Jul-2026,96.863,0.0684932,0.216823,0.137943,0.0788796
06-Jul-2026,101.266,0.0684932,0.0300948,0.00914407,0.0209507
06-Jul-2026,105.669,0.0684932,0.00239179,0.000277026,0.00211476
06-Jul-2026,70.4458,0.0876712,17.8976,17.9236,0.0259561
06-Jul-2026,74.8486,0.0876712,13.5954,13.6529,0.0574566
06-Jul-2026,79.2515,0.0876712,9.49019,9.57907,0.0888818
06-Jul-2026,83.6544,0.0876712,5.84382,5.92183,0.0780051
06-Jul-2026,88.0572,0.0876712,3.00293,2.99566,0.00727158
06-Jul-2026,92.4601,0.0876712,1.2009,1.09237,0.108533
06-Jul-2026,96.863,0.0876712,0.345331,0.234653,0.110678
06-Jul-2026,101.266,0.0876712,0.0664502,0.0247308,0.0417194
06-Jul-2026,105.669,0.0876712,0.00827602,0.00138009,0.00689593
06-Jul-2026,70.4458,0.153425,18.2225,18.2956,0.0730992
06-Jul-2026,74.8486,0.153425,14.0883,14.1914,0.103068
06-Jul-2026,79.2515,0.153425,10.228,10.3364,0.1084
06-Jul-2026,83.6544,0.153425,6.82386,6.88512,0.0612589
06-Jul-2026,88.0572,0.153425,4.06975,4.02558,0.0441672
06-Jul-2026,92.4601,0.153425,2.09705,1.93621,0.160837
06-Jul-2026,96.863,0.153425,0.898377,0.696534,0.201843
06-Jul-2026,101.266,0.153425,0.30914,0.17022,0.13892
06-Jul-2026,105.669,0.153425,0.0842427,0.0281779,0.0560648
06-Jul-2026,70.4458,0.235616,18.7143,18.8127,0.0984416
06-Jul-2026,74.8486,0.235616,14.7567,14.8643,0.107592
06-Jul-2026,79.2515,0.235616,11.0921,11.1766,0.0844602
06-Jul-2026,83.6544,0.235616,7.84397,7.86103,0.017055
06-Jul-2026,88.0572,0.235616,5.1336,5.04449,0.089107
06-Jul-2026,92.4601,0.235616,3.04796,2.84839,0.199566
06-Jul-2026,96.863,0.235616,1.60579,1.34725,0.258537
06-Jul-2026,101.266,0.235616,0.736391,0.505807,0.230584
06-Jul-2026,105.669,0.235616,0.291907,0.146646,0.145261
06-Jul-2026,70.4458,0.317808,19.2448,19.3333,0.0885188
06-Jul-2026,74.8486,0.317808,15.4234,15.5016,0.0781504
06-Jul-2026,79.2515,0.317808,11.8902,11.9291,0.0389336
06-Jul-2026,83.6544,0.317808,8.73616,8.70384,0.03232
06-Jul-2026,88.0572,0.317808,6.04806,5.92141,0.126654
06-Jul-2026,92.4601,0.317808,3.89182,3.67202,0.219804
06-Jul-2026,96.863,0.317808,2.29347,2.01595,0.277516
06-Jul-2026,101.266,0.317808,1.22231,0.948235,0.274075
06-Jul-2026,105.669,0.317808,0.586637,0.372467,0.21417
06-Jul-2026,70.4458,0.40274,19.822,19.8755,0.0535423
06-Jul-2026,74.8486,0.40274,16.1144,16.1435,0.0290572
06-Jul-2026,79.2515,0.40274,12.6832,12.6664,0.0167873
06-Jul-2026,83.6544,0.40274,9.59815,9.51591,0.0822401
06-Jul-2026,88.0572,0.40274,6.92521,6.7669,0.158314
06-Jul-2026,92.4601,0.40274,4.71715,4.48794,0.229211
06-Jul-2026,96.863,0.40274,3.00172,2.72593,0.275792
06-Jul-2026,101.266,0.40274,1.76894,1.48551,0.283425
06-Jul-2026,105.669,0.40274,0.962537,0.712728,0.249809
06-Jul-2026,70.4458,0.487671,20.3937,20.3987,0.00502797
06-Jul-2026,74.8486,0.487671,16.7773,16.7503,0.027044
06-Jul-2026,79.2515,0.487671,13.4242,13.3519,0.0722555
06-Jul-2026,83.6544,0.487671,10.3904,10.2637,0.126711
06-Jul-2026,88.0572,0.487671,7.72905,7.54599,0.183057
06-Jul-2026,92.4601,0.487671,5.48413,5.25248,0.231648
06-Jul-2026,96.863,0.487671,3.68285,3.41974,0.263105
06-Jul-2026,101.266,0.487671,2.32572,2.05459,0.271133
06-Jul-2026,105.669,0.487671,1.37792,1.12401,0.25391
06-Jul-2026,70.4458,0.567123,20.9291,20.8821,0.0469652
06-Jul-2026,74.8486,0.567123,17.3851,17.3035,0.0815986
06-Jul-2026,79.2515,0.567123,14.0925,13.9703,0.122232
06-Jul-2026,83.6544,0.567123,11.0981,10.9338,0.164328
06-Jul-2026,88.0572,0.567123,8.44654,8.24422,0.202317
06-Jul-2026,92.4601,0.567123,6.17582,5.94483,0.230991
06-Jul-2026,96.863,0.567123,4.31174,4.06471,0.247028
06-Jul-2026,101.266,0.567123,2.86012,2.61045,0.249674
06-Jul-2026,105.669,0.567123,1.79905,1.55971,0.239344
06-Jul-2026,70.4458,0.643836,21.3918,21.2974,0.0944216
06-Jul-2026,74.8486,0.643836,17.9031,17.7744,0.12869
06-Jul-2026,79.2515,0.643836,14.6561,14.4926,0.163478
06-Jul-2026,83.6544,0.643836,11.6915,11.4972,0.194315
06-Jul-2026,88.0572,0.643836,9.04823,8.83114,0.217093
06-Jul-2026,92.4601,0.643836,6.76031,6.53061,0.229702
06-Jul-2026,96.863,0.643836,4.85196,4.61958,0.232379
06-Jul-2026,101.266,0.643836,3.33153,3.10381,0.227718
06-Jul-2026,105.669,0.643836,2.18475,1.96653,0.218224
06-Jul-2026,70.4458,0.734247,21.95,21.7972,0.152766
06-Jul-2026,74.8486,0.734247,18.5213,18.337,0.184346
06-Jul-2026,79.2515,0.734247,15.3233,15.1127,0.210646
06-Jul-2026,83.6544,0.734247,12.3911,12.1632,0.227895
06-Jul-2026,88.0572,0.734247,9.75835,9.52456,0.233785
06-Jul-2026,92.4601,0.734247,7.4547,7.22605,0.228647
06-Jul-2026,96.863,0.734247,5.50245,5.28669,0.215758
06-Jul-2026,101.266,0.734247,3.91154,3.71103,0.200508
06-Jul-2026,105.669,0.734247,2.67397,2.48646,0.18751
06-Jul-2026,70.4458,0.816438,22.4359,22.2324,0.203491
06-Jul-2026,74.8486,0.816438,19.0548,18.8234,0.231371
06-Jul-2026,79.2515,0.816438,15.8956,15.6458,0.249771
06-Jul-2026,83.6544,0.816438,12.9896,12.7338,0.255797
06-Jul-2026,88.0572,0.816438,10.3664,10.1182,0.248168
06-Jul-2026,92.4601,0.816438,8.05268,7.82367,0.229009
06-Jul-2026,96.863,0.816438,6.06907,5.86568,0.203388
06-Jul-2026,101.266,0.816438,4.42594,4.24776,0.178176
06-Jul-2026,105.669,0.816438,3.11901,2.95959,0.159419
06-Jul-2026,70.4458,0.90137,22.9212,22.6678,0.253412
06-Jul-2026,74.8486,0.90137,19.5843,19.3075,0.276827
06-Jul-2026,79.2515,0.90137,16.4613,16.1739,0.287399
06-Jul-2026,83.6544,0.90137,13.5799,13.2972,0.28269
06-Jul-2026,88.0572,0.90137,10.9669,10.704,0.262899
06-Jul-2026,92.4601,0.90137,8.64606,8.41491,0.231153
06-Jul-2026,96.863,0.90137,6.63634,6.44265,0.193694
06-Jul-2026,101.266,0.90137,4.94815,4.78975,0.158405
06-Jul-2026,105.669,0.90137,3.57973,3.44741,0.132318
07-Jul-2026,68.6589,0.00821918,17.1822,17.1823,0.000100428
07-Jul-2026,72.9501,0.00821918,12.8921,12.8922,9.42123e-05
07-Jul-2026,77.2413,0.00821918,8.60206,8.60211,5.28318e-05
07-Jul-2026,81.5325,0.00821918,4.3228,4.32836,0.0055552
07-Jul-2026,85.8237,0.00821918,0.794447,0.814652,0.0202052
07-Jul-2026,90.1148,0.00821918,0.00916128,0.00795806,0.00120322
07-Jul-2026,94.406,0.00821918,1.24837e-06,2.21197e-07,1.02717e-06
07-Jul-2026,98.6972,0.00821918,7.42218e-13,3.19548e-15,7.39023e-13
07-Jul-2026,68.6589,0.0273973,17.2464,17.2468,0.000395314
07-Jul-2026,72.9501,0.0273973,12.9623,12.9663,0.00395602
07-Jul-2026,77.2413,0.0273973,8.71221,8.73535,0.0231368
07-Jul-2026,81.5325,0.0273973,4.73329,4.78895,0.0556597
07-Jul-2026,85.8237,0.0273973,1.74246,1.77161,0.0291455
07-Jul-2026,90.1148,0.0273973,0.34477,0.318894,0.0258763
07-Jul-2026,94.406,0.0273973,0.028927,0.0168419,0.0120851
07-Jul-2026,98.6972,0.0273973,0.000842574,0.00015608,0.000686494
07-Jul-2026,102.988,0.0273973,7.54296e-06,2.6002e-07,7.28294e-06
07-Jul-2026,68.6589,0.0465753,17.3007,17.3052,0.00446784
07-Jul-2026,72.9501,0.0465753,13.0362,13.056,0.0197703
07-Jul-2026,77.2413,0.0465753,8.8741,8.92722,0.0531194
07-Jul-2026,81.5325,0.0465753,5.10394,5.1775,0.0735571
07-Jul-2026,85.8237,0.0465753,2.25062,2.27389,0.0232674
07-Jul-2026,90.1148,0.0465753,0.675587,0.626366,0.0492214
07-Jul-2026,94.406,0.0465753,0.121793,0.0809089,0.0408841
07-Jul-2026,98.6972,0.0465753,0.0117868,0.00364444,0.00814236
07-Jul-2026,102.988,0.0465753,0.000570057,5.81155e-05,0.000511942
07-Jul-2026,68.6589,0.0657534,17.376,17.3935,0.0174528
07-Jul-2026,72.9501,0.0657534,13.1577,13.203,0.0452806
07-Jul-2026,77.2413,0.0657534,9.11444,9.19412,0.0796784
07-Jul-2026,81.5325,0.0657534,5.52171,5.6013,0.0795876
07-Jul-2026,85.8237,0.0657534,2.75664,2.76555,0.00890882
07-Jul-2026,90.1148,0.0657534,1.05657,0.977889,0.0786813
07-Jul-2026,94.406,0.0657534,0.288173,0.205192,0.0829812
07-Jul-2026,98.6972,0.0657534,0.0521502,0.0211088,0.0310414
07-Jul-2026,102.988,0.0657534,0.00598441,0.00107056,0.00491385
07-Jul-2026,68.6589,0.0849315,17.4484,17.4799,0.0314715
07-Jul-2026,72.9501,0.0849315,13.2777,13.3419,0.0641591
07-Jul-2026,77.2413,0.0849315,9.3239,9.41637,0.0924682
07-Jul-2026,81.5325,0.0849315,5.83636,5.91292,0.0765589
07-Jul-2026,85.8237,0.0849315,3.11587,3.1094,0.00647248
07-Jul-2026,90.1148,0.0849315,1.34677,1.24372,0.103047
07-Jul-2026,94.406,0.0849315,0.445507,0.327652,0.117855
07-Jul-2026,98.6972,0.0849315,0.107037,0.049109,0.057928
07-Jul-2026,102.988,0.0849315,0.0180557,0.00418006,0.0138756
07-Jul-2026,68.6589,0.150685,17.7993,17.8753,0.0760197
07-Jul-2026,72.9501,0.150685,13.8145,13.9127,0.0981502
07-Jul-2026,77.2413,0.150685,10.1159,10.2064,0.0905245
07-Jul-2026,81.5325,0.150685,6.86794,6.89883,0.0308883
07-Jul-2026,85.8237,0.150685,4.23269,4.15383,0.0788594
07-Jul-2026,90.1148,0.150685,2.31031,2.11812,0.19219
07-Jul-2026,94.406,0.150685,1.08732,0.852162,0.235158
07-Jul-2026,98.6972,0.150685,0.430362,0.251196,0.179166
07-Jul-2026,102.988,0.150685,0.141044,0.0531429,0.0879011
07-Jul-2026,68.6589,0.232877,18.3267,18.4095,0.0828391
07-Jul-2026,72.9501,0.232877,14.5266,14.6011,0.0744844
07-Jul-2026,77.2413,0.232877,11.024,11.0541,0.0301355
07-Jul-2026,81.5325,0.232877,7.92731,7.87011,0.0571968
07-Jul-2026,85.8237,0.232877,5.33545,5.15997,0.175477
07-Jul-2026,90.1148,0.232877,3.31361,3.02578,0.287827
07-Jul-2026,94.406,0.232877,1.87007,1.52727,0.342798
07-Jul-2026,98.6972,0.232877,0.945697,0.636641,0.309056
07-Jul-2026,102.988,0.232877,0.425021,0.213767,0.211254
07-Jul-2026,68.6589,0.315068,18.8871,18.9342,0.0471126
07-Jul-2026,72.9501,0.315068,15.2252,15.2372,0.0120005
07-Jul-2026,77.2413,0.315068,11.8518,11.797,0.0547513
07-Jul-2026,81.5325,0.315068,8.84537,8.69355,0.15182
07-Jul-2026,85.8237,0.315068,6.27593,6.01124,0.264691
07-Jul-2026,90.1148,0.315068,4.19244,3.82749,0.364952
07-Jul-2026,94.406,0.315068,2.60981,2.19205,0.417761
07-Jul-2026,98.6972,0.315068,1.50002,1.1005,0.399518
07-Jul-2026,102.988,0.315068,0.791926,0.474443,0.317483
07-Jul-2026,68.6589,0.4,19.4898,19.4716,0.0182141
07-Jul-2026,72.9501,0.4,15.9412,15.8681,0.0730897
07-Jul-2026,77.2413,0.4,12.6669,12.5154,0.151508
07-Jul-2026,81.5325,0.4,9.72621,9.47865,0.247556
07-Jul-2026,85.8237,0.4,7.17207,6.82473,0.347343
07-Jul-2026,90.1148,0.4,5.04341,4.61343,0.42998
07-Jul-2026,94.406,0.4,3.35735,2.8842,0.473154
07-Jul-2026,98.6972,0.4,2.10214,1.64027,0.461875
07-Jul-2026,102.988,0.4,1.23364,0.835906,0.397734
07-Jul-2026,68.6589,0.484932,20.0809,19.9845,0.0964419
07-Jul-2026,72.9501,0.484932,16.6221,16.4589,0.163164
07-Jul-2026,77.2413,0.484932,13.4231,13.1784,0.244693
07-Jul-2026,81.5325,0.484932,10.5311,10.1977,0.33336
07-Jul-2026,85.8237,0.484932,7.98844,7.57132,0.417123
07-Jul-2026,90.1148,0.484932,5.82762,5.34649,0.481131
07-Jul-2026,94.406,0.484932,4.06602,3.55438,0.511645
07-Jul-2026,98.6972,0.484932,2.70038,2.20001,0.500369
07-Jul-2026,102.988,0.484932,1.70268,1.25428,0.448396
07-Jul-2026,68.6589,0.564384,20.6306,20.4553,0.175278
07-Jul-2026,72.9501,0.564384,17.2424,16.9949,0.247503
07-Jul-2026,77.2413,0.564384,14.1013,13.7743,0.327
07-Jul-2026,81.5325,0.564384,11.2465,10.8407,0.405773
07-Jul-2026,85.8237,0.564384,8.71334,8.23957,0.473772
07-Jul-2026,90.1148,0.564384,6.52996,6.0093,0.520657
07-Jul-2026,94.406,0.564384,4.71321,4.17485,0.538358
07-Jul-2026,98.6972,0.564384,3.26436,2.74112,0.523244
07-Jul-2026,102.988,0.564384,2.16505,1.6877,0.477349
07-Jul-2026,68.6589,0.641096,21.103,20.8584,0.244595
07-Jul-2026,72.9501,0.641096,17.7685,17.45,0.318525
07-Jul-2026,77.2413,0.641096,14.6707,14.277,0.393715
07-Jul-2026,81.5325,0.641096,11.8438,11.3811,0.462729
07-Jul-2026,85.8237,0.641096,9.31865,8.80129,0.517357
07-Jul-2026,90.1148,0.641096,7.1202,6.57001,0.550191
07-Jul-2026,94.406,0.641096,5.26461,4.7078,0.556807
07-Jul-2026,98.6972,0.641096,3.75548,3.21894,0.536542
07-Jul-2026,102.988,0.641096,2.5802,2.08768,0.492518
07-Jul-2026,68.6589,0.731507,21.6701,21.3427,0.327436
07-Jul-2026,72.9501,0.731507,18.3934,17.993,0.400442
07-Jul-2026,77.2413,0.731507,15.3422,14.8734,0.468778
07-Jul-2026,81.5325,0.731507,12.5456,12.02,0.525628
07-Jul-2026,85.8237,0.731507,10.0302,9.46536,0.564836
07-Jul-2026,90.1148,0.731507,7.81791,7.236,0.581908
07-Jul-2026,94.406,0.731507,5.92387,5.34823,0.575644
07-Jul-2026,98.6972,0.731507,4.35323,3.80533,0.547896
07-Jul-2026,102.988,0.731507,3.0982,2.59518,0.503016
07-Jul-2026,68.6589,0.813699,22.1616,21.7638,0.397784
07-Jul-2026,72.9501,0.813699,18.9305,18.4623,0.468188
07-Jul-2026,77.2413,0.813699,15.916,15.3864,0.529616
07-Jul-2026,81.5325,0.813699,13.1436,12.5677,0.575915
07-Jul-2026,85.8237,0.813699,10.6371,10.0344,0.602689
07-Jul-2026,90.1148,0.813699,8.41602,7.80876,0.607257
07-Jul-2026,94.406,0.813699,6.49454,5.90409,0.590451
07-Jul-2026,98.6972,0.813699,4.87849,4.32283,0.555656
07-Jul-2026,102.988,0.813699,3.56295,3.05488,0.508065
07-Jul-2026,68.6589,0.89863,22.6506,22.185,0.465605
07-Jul-2026,72.9501,0.89863,19.4618,18.9293,0.532467
07-Jul-2026,77.2413,0.89863,16.4812,15.8947,0.58654
07-Jul-2026,81.5325,0.89863,13.7318,13.1089,0.62289
07-Jul-2026,85.8237,0.89863,11.2346,10.5964,0.638183
07-Jul-2026,90.1148,0.89863,9.00729,8.37589,0.631397
07-Jul-2026,94.406,0.89863,7.06301,6.45821,0.604798
07-Jul-2026,98.6972,0.89863,5.40787,4.84502,0.562847
07-Jul-2026,102.988,0.89863,4.03896,3.52761,0.511353
08-Jul-2026,68.5751,0.00547945,17.1554,17.1554,2.38094e-05
08-Jul-2026,72.8611,0.00547945,12.8701,12.8701,2.88017e-07
08-Jul-2026,77.147,0.00547945,8.58492,8.58492,4.17438e-06
08-Jul-2026,81.433,0.00547945,4.30187,4.30508,0.00320748
08-Jul-2026,85.7189,0.00547945,0.650162,0.700733,0.0505709
08-Jul-2026,90.0049,0.00547945,0.00171451,0.0025102,0.000795692
08-Jul-2026,94.2908,0.00547945,5.37528e-09,5.19321e-09,1.82071e-10
08-Jul-2026,98.5768,0.00547945,4.18407e-16,5.67335e-16,1.48928e-16
08-Jul-2026,102.863,0.00547945,6.26367e-16,5.43654e-16,8.27126e-17
08-Jul-2026,68.5751,0.0246575,17.219,17.2194,0.000368901
08-Jul-2026,72.8611,0.0246575,12.9392,12.9438,0.0045527
08-Jul-2026,77.147,0.0246575,8.68758,8.71978,0.0321972
08-Jul-2026,81.433,0.0246575,4.69024,4.78905,0.0988095
08-Jul-2026,85.7189,0.0246575,1.6851,1.7956,0.110497
08-Jul-2026,90.0049,0.0246575,0.313626,0.342838,0.0292118
08-Jul-2026,94.2908,0.0246575,0.0234575,0.0217332,0.00172431
08-Jul-2026,98.5768,0.0246575,0.00057059,0.000288319,0.000282271
08-Jul-2026,102.863,0.0246575,3.96612e-06,7.15946e-07,3.25017e-06
08-Jul-2026,68.5751,0.0438356,17.2725,17.2782,0.0056913
08-Jul-2026,72.8611,0.0438356,13.0107,13.0374,0.0267366
08-Jul-2026,77.147,0.0438356,8.84549,8.92595,0.0804558
08-Jul-2026,81.433,0.0438356,5.06575,5.20716,0.141406
08-Jul-2026,85.7189,0.0438356,2.2094,2.33485,0.125449
08-Jul-2026,90.0049,0.0438356,0.648779,0.6841,0.0353215
08-Jul-2026,94.2908,0.0438356,0.112743,0.103183,0.00955999
08-Jul-2026,98.5768,0.0438356,0.0103356,0.00618035,0.00415525
08-Jul-2026,102.863,0.0438356,0.000464137,0.000138343,0.000325794
08-Jul-2026,68.5751,0.0630137,17.3466,17.3698,0.0232444
08-Jul-2026,72.8611,0.0630137,13.13,13.1941,0.0641256
08-Jul-2026,77.147,0.0630137,9.08517,9.21177,0.126604
08-Jul-2026,81.433,0.0630137,5.48945,5.65687,0.167418
08-Jul-2026,85.7189,0.0630137,2.72618,2.85429,0.128113
08-Jul-2026,90.0049,0.0630137,1.03567,1.0655,0.0298328
08-Jul-2026,94.2908,0.0630137,0.278781,0.252537,0.0262436
08-Jul-2026,98.5768,0.0630137,0.049554,0.0322046,0.0173494
08-Jul-2026,102.863,0.0630137,0.00555328,0.00212356,0.00342972
08-Jul-2026,68.5751,0.0821918,17.418,17.4608,0.0427758
08-Jul-2026,72.8611,0.0821918,13.2492,13.342,0.0928374
08-Jul-2026,77.147,0.0821918,9.29546,9.44759,0.152127
08-Jul-2026,81.433,0.0821918,5.80812,5.9841,0.175976
08-Jul-2026,85.7189,0.0821918,3.09127,3.21385,0.122577
08-Jul-2026,90.0049,0.0821918,1.33003,1.3492,0.0191723
08-Jul-2026,94.2908,0.0821918,0.437309,0.393758,0.0435513
08-Jul-2026,98.5768,0.0821918,0.104281,0.0704099,0.0338711
08-Jul-2026,102.863,0.0821918,0.0174243,0.00746293,0.00996137
08-Jul-2026,68.5751,0.147945,17.7675,17.8763,0.108826
08-Jul-2026,72.8611,0.147945,13.7867,13.9421,0.155385
08-Jul-2026,77.147,0.147945,10.0926,10.2725,0.179854
08-Jul-2026,81.433,0.147945,6.85025,7.00436,0.154109
08-Jul-2026,85.7189,0.147945,4.22137,4.29046,0.0690851
08-Jul-2026,90.0049,0.147945,2.30505,2.26126,0.0437946
08-Jul-2026,94.2908,0.147945,1.08629,0.966813,0.119477
08-Jul-2026,98.5768,0.147945,0.431092,0.314796,0.116296
08-Jul-2026,102.863,0.147945,0.141824,0.0759342,0.0658898
08-Jul-2026,68.5751,0.230137,18.2959,18.4295,0.133625
08-Jul-2026,72.8611,0.230137,14.502,14.6519,0.149857
08-Jul-2026,77.147,0.230137,11.0066,11.1403,0.133735
08-Jul-2026,81.433,0.230137,7.91768,7.9916,0.0739237
08-Jul-2026,85.7189,0.230137,5.3334,5.30882,0.0245778
08-Jul-2026,90.0049,0.230137,3.31767,3.18369,0.133978
08-Jul-2026,94.2908,0.230137,1.87755,1.66817,0.209385
08-Jul-2026,98.5768,0.230137,0.953511,0.737076,0.216435
08-Jul-2026,102.863,0.230137,0.43096,0.268174,0.162786
08-Jul-2026,68.5751,0.312329,18.8582,18.9652,0.107035
08-Jul-2026,72.8611,0.312329,15.2039,15.2981,0.0942115
08-Jul-2026,77.147,0.312329,11.839,11.8904,0.051411
08-Jul-2026,81.433,0.312329,8.8414,8.81794,0.0234598
08-Jul-2026,85.7189,0.312329,6.28027,6.15963,0.120643
08-Jul-2026,90.0049,0.312329,4.20337,3.9858,0.217571
08-Jul-2026,94.2908,0.312329,2.62445,2.34085,0.283599
08-Jul-2026,98.5768,0.312329,1.51496,1.22021,0.294754
08-Jul-2026,102.863,0.312329,0.804315,0.554227,0.250088
08-Jul-2026,68.5751,0.39726,19.463,19.5083,0.0452778
08-Jul-2026,72.8611,0.39726,15.923,15.9327,0.00968914
08-Jul-2026,77.147,0.39726,12.6581,12.6091,0.0489765
08-Jul-2026,81.433,0.39726,9.72695,9.59957,0.127375
08-Jul-2026,85.7189,0.39726,7.18172,6.96682,0.214901
08-Jul-2026,90.0049,0.39726,5.06025,4.76579,0.29446
08-Jul-2026,94.2908,0.39726,3.37854,3.03228,0.346259
08-Jul-2026,98.5768,0.39726,2.12414,1.76859,0.35555
08-Jul-2026,102.863,0.39726,1.25312,0.933078,0.320042
08-Jul-2026,68.5751,0.482192,20.0562,20.0229,0.0333464
08-Jul-2026,72.8611,0.482192,16.6066,16.5231,0.0835392
08-Jul-2026,77.147,0.482192,13.4176,13.2688,0.148812
08-Jul-2026,81.433,0.482192,10.5357,10.3123,0.223422
08-Jul-2026,85.7189,0.482192,8.00249,7.7049,0.297588
08-Jul-2026,90.0049,0.482192,5.84945,5.49047,0.358984
08-Jul-2026,94.2908,0.482192,4.09289,3.69754,0.395352
08-Jul-2026,98.5768,0.482192,2.72878,2.33008,0.398695
08-Jul-2026,102.863,0.482192,1.72902,1.36093,0.368091
08-Jul-2026,68.5751,0.561644,20.6076,20.4932,0.114437
08-Jul-2026,72.8611,0.561644,17.2292,17.0566,0.172639
08-Jul-2026,77.147,0.561644,14.0985,13.8599,0.238597
08-Jul-2026,81.433,0.561644,11.2543,10.9482,0.306091
08-Jul-2026,85.7189,0.561644,8.73102,8.36455,0.366469
08-Jul-2026,90.0049,0.561644,6.55595,6.14469,0.411255
08-Jul-2026,94.2908,0.561644,4.74491,4.3117,0.433215
08-Jul-2026,98.5768,0.561644,3.29831,2.86944,0.428869
08-Jul-2026,102.863,0.561644,2.19758,1.79846,0.399116
08-Jul-2026,68.5751,0.638356,21.0814,20.8947,0.186671
08-Jul-2026,72.8611,0.638356,17.7571,17.5086,0.248476
08-Jul-2026,77.147,0.638356,14.6701,14.3579,0.312242
08-Jul-2026,81.433,0.638356,11.8541,11.4822,0.371902
08-Jul-2026,85.7189,0.638356,9.33921,8.91883,0.420379
08-Jul-2026,90.0049,0.638356,7.14951,6.69792,0.451589
08-Jul-2026,94.2908,0.638356,5.30018,4.8386,0.461577
08-Jul-2026,98.5768,0.638356,3.79395,3.34422,0.44973
08-Jul-2026,102.863,0.638356,2.61789,2.19949,0.418404
08-Jul-2026,68.5751,0.728767,21.6501,21.3764,0.273721
08-Jul-2026,72.8611,0.728767,18.384,18.0474,0.33661
08-Jul-2026,77.147,0.728767,15.344,14.9483,0.395695
08-Jul-2026,81.433,0.728767,12.5587,12.1135,0.445224
08-Jul-2026,85.7189,0.728767,10.0539,9.57419,0.47971
08-Jul-2026,90.0049,0.728767,7.85094,7.35511,0.495831
08-Jul-2026,94.2908,0.728767,5.9638,5.4715,0.492301
08-Jul-2026,98.5768,0.728767,4.39685,3.92585,0.471002
08-Jul-2026,102.863,0.728767,3.14185,2.70614,0.435708
08-Jul-2026,68.5751,0.810959,22.1429,21.7949,0.34805
08-Jul-2026,72.8611,0.810959,18.9227,18.5128,0.409874
08-Jul-2026,77.147,0.810959,15.9197,15.456,0.463671
08-Jul-2026,81.433,0.810959,13.159,12.6548,0.504246
08-Jul-2026,85.7189,0.810959,10.6635,10.136,0.527499
08-Jul-2026,90.0049,0.810959,8.45209,7.92052,0.53157
08-Jul-2026,94.2908,0.810959,6.53802,6.02083,0.517194
08-Jul-2026,98.5768,0.810959,4.92633,4.43864,0.487686
08-Jul-2026,102.863,0.810959,3.61157,3.16383,0.447738
08-Jul-2026,68.5751,0.89589,22.6331,22.2131,0.419959
08-Jul-2026,72.8611,0.89589,19.4556,18.9759,0.479742
08-Jul-2026,77.147,0.89589,16.4868,15.9592,0.527637
08-Jul-2026,81.433,0.89589,13.7493,13.1898,0.559493
08-Jul-2026,85.7189,0.89589,11.2634,10.6911,0.572262
08-Jul-2026,90.0049,0.89589,9.04621,8.48064,0.565566
08-Jul-2026,94.2908,0.89589,7.10986,6.56855,0.541309
08-Jul-2026,98.5768,0.89589,5.45971,4.95587,0.503844
08-Jul-2026,102.863,0.89589,4.09231,3.63375,0.458559
09-Jul-2026,69.5913,0.00273973,17.4037,17.4037,4.9961e-05
09-Jul-2026,73.9408,0.00273973,13.0546,13.0546,1.55873e-05
09-Jul-2026,78.2902,0.00273973,8.7055,8.70558,8.12051e-05
09-Jul-2026,82.6397,0.00273973,4.35642,4.35654,0.000122119
09-Jul-2026,86.9892,0.00273973,0.44502,0.485192,0.0401718
09-Jul-2026,91.3386,0.00273973,7.57737e-06,1.79829e-05,1.04055e-05
09-Jul-2026,95.6881,0.00273973,1.13154e-14,-4.63088e-16,1.17785e-14
09-Jul-2026,100.038,0.00273973,3.91942e-15,-5.86471e-16,4.50589e-15
09-Jul-2026,104.387,0.00273973,4.0142e-15,-6.4198e-16,4.65618e-15
09-Jul-2026,69.5913,0.0219178,17.468,17.4682,0.000220738
09-Jul-2026,73.9408,0.0219178,13.1235,13.1264,0.00285222
09-Jul-2026,78.2902,0.0219178,8.79639,8.82258,0.026192
09-Jul-2026,82.6397,0.0219178,4.68175,4.78067,0.0989193
09-Jul-2026,86.9892,0.0219178,1.57251,1.69494,0.12243
09-Jul-2026,91.3386,0.0219178,0.240841,0.272493,0.0316525
09-Jul-2026,95.6881,0.0219178,0.0119869,0.0113345,0.000652433
09-Jul-2026,100.038,0.0219178,0.000146503,6.81402e-05,7.83628e-05
09-Jul-2026,104.387,0.0219178,3.77753e-07,5.83788e-08,3.19374e-07
09-Jul-2026,69.5913,0.0410959,17.5213,17.5255,0.00423572
09-Jul-2026,73.9408,0.0410959,13.19,13.2127,0.0226942
09-Jul-2026,78.2902,0.0410959,8.93585,9.01382,0.0779675
09-Jul-2026,82.6397,0.0410959,5.04075,5.19306,0.152308
09-Jul-2026,86.9892,0.0410959,2.09866,2.24375,0.145086
09-Jul-2026,91.3386,0.0410959,0.552662,0.59741,0.044748
09-Jul-2026,95.6881,0.0410959,0.0779707,0.0724967,0.00547397
09-Jul-2026,100.038,0.0410959,0.00508579,0.00292715,0.00215864
09-Jul-2026,104.387,0.0410959,0.000140962,3.91882e-05,0.000101774
09-Jul-2026,69.5913,0.060274,17.5927,17.6131,0.0204489
09-Jul-2026,73.9408,0.060274,13.299,13.3605,0.0615151
09-Jul-2026,78.2902,0.060274,9.15729,9.28941,0.132119
09-Jul-2026,82.6397,0.060274,5.45246,5.64079,0.188334
09-Jul-2026,86.9892,0.060274,2.6124,2.76776,0.155364
09-Jul-2026,91.3386,0.060274,0.921744,0.968413,0.0466686
09-Jul-2026,95.6881,0.060274,0.217346,0.199847,0.0174991
09-Jul-2026,100.038,0.060274,0.0313395,0.0199792,0.0113603
09-Jul-2026,104.387,0.060274,0.00262426,0.000964254,0.00166001
09-Jul-2026,69.5913,0.0794521,17.6602,17.7004,0.0402074
09-Jul-2026,73.9408,0.0794521,13.409,13.5028,0.0937586
09-Jul-2026,78.2902,0.0794521,9.35592,9.52033,0.16441
09-Jul-2026,82.6397,0.0794521,5.76395,5.96766,0.203714
09-Jul-2026,86.9892,0.0794521,2.97409,3.12947,0.155383
09-Jul-2026,91.3386,0.0794521,1.2053,1.2469,0.0416031
09-Jul-2026,95.6881,0.0794521,0.35744,0.326811,0.0306293
09-Jul-2026,100.038,0.0794521,0.0726585,0.048546,0.0241125
09-Jul-2026,104.387,0.0794521,0.00974764,0.00405882,0.00568882
09-Jul-2026,69.5913,0.145205,17.9898,18.1056,0.115783
09-Jul-2026,73.9408,0.145205,13.9172,14.0913,0.174116
09-Jul-2026,78.2902,0.145205,10.124,10.3384,0.214422
09-Jul-2026,82.6397,0.145205,6.78799,6.99041,0.202423
09-Jul-2026,86.9892,0.145205,4.09195,4.21238,0.120433
09-Jul-2026,91.3386,0.145205,2.15299,2.15136,0.0016295
09-Jul-2026,95.6881,0.145205,0.956885,0.867781,0.0891039
09-Jul-2026,100.038,0.145205,0.34856,0.256696,0.091864
09-Jul-2026,104.387,0.145205,0.102351,0.0545508,0.0478002
09-Jul-2026,69.5913,0.227397,18.4958,18.6536,0.157826
09-Jul-2026,73.9408,0.227397,14.6083,14.7979,0.189615
09-Jul-2026,78.2902,0.227397,11.0179,11.2078,0.189874
09-Jul-2026,82.6397,0.227397,7.84252,7.9848,0.142279
09-Jul-2026,86.9892,0.227397,5.19341,5.2403,0.0468949
09-Jul-2026,91.3386,0.227397,3.1461,3.07691,0.069193
09-Jul-2026,95.6881,0.227397,1.71171,1.5555,0.156212
09-Jul-2026,100.038,0.227397,0.82268,0.649495,0.173185
09-Jul-2026,104.387,0.227397,0.346315,0.218605,0.12771
09-Jul-2026,69.5913,0.309589,19.0413,19.189,0.147725
09-Jul-2026,73.9408,0.309589,15.2945,15.4462,0.151695
09-Jul-2026,78.2902,0.309589,11.8386,11.9635,0.124858
09-Jul-2026,82.6397,0.309589,8.75894,8.82064,0.0616985
09-Jul-2026,86.9892,0.309589,6.13417,6.10275,0.0314241
09-Jul-2026,91.3386,0.309589,4.02058,3.888,0.132576
09-Jul-2026,95.6881,0.309589,2.43654,2.22755,0.208985
09-Jul-2026,100.038,0.309589,1.35068,1.11825,0.232429
09-Jul-2026,104.387,0.309589,0.681264,0.481971,0.199293
09-Jul-2026,69.5913,0.394521,19.6331,19.7346,0.101506
09-Jul-2026,73.9408,0.394521,16.0028,16.0857,0.0829068
09-Jul-2026,78.2902,0.394521,12.6504,12.6903,0.0398916
09-Jul-2026,82.6397,0.394521,9.64069,9.6137,0.0269868
09-Jul-2026,86.9892,0.394521,7.03284,6.92341,0.109429
09-Jul-2026,91.3386,0.394521,4.87136,4.6802,0.191157
09-Jul-2026,95.6881,0.394521,3.1766,2.92483,0.25177
09-Jul-2026,100.038,0.394521,1.93581,1.66163,0.274181
09-Jul-2026,104.387,0.394521,1.09841,0.845363,0.253047
09-Jul-2026,69.5913,0.479452,20.2174,20.2534,0.0359671
09-Jul-2026,73.9408,0.479452,16.6798,16.6825,0.00266643
09-Jul-2026,78.2902,0.479452,13.4063,13.3591,0.0472458
09-Jul-2026,82.6397,0.479452,10.4487,10.3382,0.110484
09-Jul-2026,86.9892,0.479452,7.85385,7.67506,0.178794
09-Jul-2026,91.3386,0.479452,5.65877,5.41788,0.240886
09-Jul-2026,95.6881,0.479452,3.88364,3.59898,0.284661
09-Jul-2026,100.038,0.479452,2.52517,2.22428,0.300892
09-Jul-2026,104.387,0.479452,1.55131,1.26525,0.28606
09-Jul-2026,69.5913,0.558904,20.7631,20.7285,0.0345745
09-Jul-2026,73.9408,0.558904,17.2989,17.2227,0.0761753
09-Jul-2026,78.2902,0.558904,14.0864,13.9592,0.127242
09-Jul-2026,82.6397,0.558904,11.1687,10.9853,0.183397
09-Jul-2026,86.9892,0.558904,8.58487,8.34729,0.23758
09-Jul-2026,91.3386,0.558904,6.3666,6.08449,0.282108
09-Jul-2026,95.6881,0.558904,4.53316,4.22284,0.310322
09-Jul-2026,100.038,0.558904,3.08613,2.76797,0.318161
09-Jul-2026,104.387,0.558904,2.00452,1.7001,0.304425
09-Jul-2026,69.5913,0.635616,21.2337,21.1348,0.0989476
09-Jul-2026,73.9408,0.635616,17.8254,17.681,0.144418
09-Jul-2026,78.2902,0.635616,14.6588,14.465,0.193765
09-Jul-2026,82.6397,0.635616,11.7713,11.5289,0.242445
09-Jul-2026,86.9892,0.635616,9.19673,8.91223,0.284499
09-Jul-2026,91.3386,0.635616,6.96323,6.64835,0.314883
09-Jul-2026,95.6881,0.635616,5.08897,4.75867,0.330299
09-Jul-2026,100.038,0.635616,3.57794,3.24809,0.329854
09-Jul-2026,104.387,0.635616,2.41564,2.10147,0.314174
09-Jul-2026,69.5913,0.726027,21.8003,21.6224,0.177896
09-Jul-2026,73.9408,0.726027,18.4525,18.2275,0.225038
09-Jul-2026,78.2902,0.726027,15.3354,15.0651,0.270326
09-Jul-2026,82.6397,0.726027,12.4807,12.1715,0.309223
09-Jul-2026,86.9892,0.726027,9.91757,9.58012,0.337452
09-Jul-2026,91.3386,0.726027,7.67042,7.31814,0.352279
09-Jul-2026,95.6881,0.726027,5.75598,5.40264,0.353336
09-Jul-2026,100.038,0.726027,4.17982,3.83742,0.342401
09-Jul-2026,104.387,0.726027,2.93284,2.61092,0.32192
09-Jul-2026,69.5913,0.808219,22.2927,22.0463,0.246382
09-Jul-2026,73.9408,0.808219,18.9929,18.6997,0.293177
09-Jul-2026,78.2902,0.808219,15.9148,15.5811,0.333702
09-Jul-2026,82.6397,0.808219,13.0865,12.7224,0.364088
09-Jul-2026,86.9892,0.808219,10.5337,10.1525,0.381183
09-Jul-2026,91.3386,0.808219,8.27815,7.89428,0.38387
09-Jul-2026,95.6881,0.808219,6.33522,5.96171,0.37351
09-Jul-2026,100.038,0.808219,4.71114,4.35766,0.353482
09-Jul-2026,104.387,0.808219,3.39997,3.07259,0.327382
09-Jul-2026,69.5913,0.893151,22.7838,22.4702,0.313623
09-Jul-2026,73.9408,0.893151,19.5284,19.1696,0.358791
09-Jul-2026,78.2902,0.893151,16.4867,16.0924,0.394265
09-Jul-2026,82.6397,0.893151,13.6834,13.2669,0.416505
09-Jul-2026,86.9892,0.893151,11.1414,10.7179,0.423463
09-Jul-2026,91.3386,0.893151,8.88012,8.46487,0.415248
09-Jul-2026,95.6881,0.893151,6.91368,6.51915,0.394526
09-Jul-2026,100.038,0.893151,5.24847,4.88276,0.365711
09-Jul-2026,104.387,0.893151,3.88079,3.54753,0.333264
10-Jul-2026,69.1462,0.0191781,17.3499,17.3499,1.40407e-05
10-Jul-2026,73.4678,0.0191781,13.0326,13.0347,0.00209865
10-Jul-2026,77.7895,0.0191781,8.72951,8.75221,0.0227025
10-Jul-2026,82.1111,0.0191781,4.62404,4.71864,0.0946037
10-Jul-2026,86.4327,0.0191781,1.52037,1.64264,0.12227
10-Jul-2026,90.7544,0.0191781,0.220187,0.252298,0.0321108
10-Jul-2026,95.076,0.0191781,0.00989155,0.00958954,0.000302013
10-Jul-2026,99.3976,0.0191781,0.000103602,4.78993e-05,5.57027e-05
10-Jul-2026,103.719,0.0191781,2.15333e-07,2.82726e-08,1.8706e-07
10-Jul-2026,69.1462,0.0383562,17.4023,17.406,0.00367508
10-Jul-2026,73.4678,0.0383562,13.0974,13.1189,0.0214534
10-Jul-2026,77.7895,0.0383562,8.86685,8.9428,0.0759473
10-Jul-2026,82.1111,0.0383562,4.99114,5.14277,0.151628
10-Jul-2026,86.4327,0.0383562,2.06829,2.21501,0.146719
10-Jul-2026,90.7544,0.0383562,0.540934,0.587993,0.0470592
10-Jul-2026,95.076,0.0383562,0.075849,0.0713521,0.00449693
10-Jul-2026,99.3976,0.0383562,0.00493673,0.00284298,0.00209375
10-Jul-2026,103.719,0.0383562,0.000136745,3.53167e-05,0.000101428
10-Jul-2026,69.1462,0.0575342,17.4726,17.4926,0.0199821
10-Jul-2026,73.4678,0.0575342,13.2056,13.2668,0.0611882
10-Jul-2026,77.7895,0.0575342,9.09051,9.2225,0.131985
10-Jul-2026,82.1111,0.0575342,5.41232,5.60121,0.188885
10-Jul-2026,86.4327,0.0575342,2.59641,2.75325,0.15684
10-Jul-2026,90.7544,0.0575342,0.920833,0.969533,0.0487
10-Jul-2026,95.076,0.0575342,0.21999,0.203147,0.0168432
10-Jul-2026,99.3976,0.0575342,0.0325134,0.0206467,0.0118667
10-Jul-2026,103.719,0.0575342,0.00282085,0.000985131,0.00183572
10-Jul-2026,69.1462,0.0767123,17.5395,17.5798,0.0403369
10-Jul-2026,73.4678,0.0767123,13.3162,13.4104,0.0942341
10-Jul-2026,77.7895,0.0767123,9.29223,9.45715,0.164915
10-Jul-2026,82.1111,0.0767123,5.73008,5.9341,0.204019
10-Jul-2026,86.4327,0.0767123,2.96606,3.12179,0.155731
10-Jul-2026,90.7544,0.0767123,1.21176,1.25399,0.0422293
10-Jul-2026,95.076,0.0767123,0.365361,0.334168,0.0311931
10-Jul-2026,99.3976,0.0767123,0.0764032,0.0506483,0.0257549
10-Jul-2026,103.719,0.0767123,0.0106646,0.00424498,0.00641962
10-Jul-2026,69.1462,0.0958904,17.616,17.6787,0.0626576
10-Jul-2026,73.4678,0.0958904,13.4412,13.5642,0.122998
10-Jul-2026,77.7895,0.0958904,9.4995,9.68719,0.187687
10-Jul-2026,82.1111,0.0958904,6.02726,6.23734,0.210076
10-Jul-2026,86.4327,0.0958904,3.29931,3.44834,0.149029
10-Jul-2026,90.7544,0.0958904,1.48611,1.5175,0.0313913
10-Jul-2026,95.076,0.0958904,0.523035,0.475131,0.0479035
10-Jul-2026,99.3976,0.0958904,0.137074,0.093638,0.043436
10-Jul-2026,103.719,0.0958904,0.0259729,0.0113043,0.0146686
10-Jul-2026,69.1462,0.142466,17.8709,17.9878,0.116949
10-Jul-2026,73.4678,0.142466,13.8308,14.0052,0.174357
10-Jul-2026,77.7895,0.142466,10.0722,10.2845,0.212263
10-Jul-2026,82.1111,0.142466,6.77036,6.96743,0.197073
10-Jul-2026,86.4327,0.142466,4.10239,4.21477,0.112382
10-Jul-2026,90.7544,0.142466,2.17924,2.16801,0.0112336
10-Jul-2026,95.076,0.142466,0.984409,0.884858,0.0995511
10-Jul-2026,99.3976,0.142466,0.367595,0.265644,0.101951
10-Jul-2026,103.719,0.142466,0.111584,0.0569931,0.0545909
10-Jul-2026,69.1462,0.224658,18.3823,18.5385,0.156213
10-Jul-2026,73.4678,0.224658,14.5306,14.7149,0.184269
10-Jul-2026,77.7895,0.224658,10.9772,11.1562,0.178999
10-Jul-2026,82.1111,0.224658,7.83703,7.96227,0.125244
10-Jul-2026,86.4327,0.224658,5.21699,5.24109,0.0240975
10-Jul-2026,90.7544,0.224658,3.18781,3.09173,0.0960798
10-Jul-2026,95.076,0.224658,1.75793,1.57351,0.184417
10-Jul-2026,99.3976,0.224658,0.861468,0.662342,0.199126
10-Jul-2026,103.719,0.224658,0.37192,0.22432,0.1476
10-Jul-2026,69.1462,0.306849,18.9335,19.0736,0.140127
10-Jul-2026,73.4678,0.306849,15.224,15.3618,0.137848
10-Jul-2026,77.7895,0.306849,11.8057,11.9087,0.103046
10-Jul-2026,82.1111,0.306849,8.76164,8.79265,0.0310142
10-Jul-2026,86.4327,0.306849,6.16659,6.09616,0.0704319
10-Jul-2026,90.7544,0.306849,4.07306,3.89524,0.177816
10-Jul-2026,95.076,0.306849,2.49667,2.24029,0.256384
10-Jul-2026,99.3976,0.306849,1.40618,1.12951,0.276667
10-Jul-2026,103.719,0.306849,0.723804,0.488406,0.235398
10-Jul-2026,69.1462,0.391781,19.5307,19.6164,0.0857028
10-Jul-2026,73.4678,0.391781,15.9384,15.997,0.0585856
10-Jul-2026,77.7895,0.391781,12.6239,12.6291,0.00524535
10-Jul-2026,82.1111,0.391781,9.6498,9.57711,0.0726852
10-Jul-2026,86.4327,0.391781,7.0722,6.90664,0.165557
10-Jul-2026,90.7544,0.391781,4.93239,4.67712,0.255267
10-Jul-2026,95.076,0.391781,3.24812,2.92903,0.319092
10-Jul-2026,99.3976,0.391781,2.00589,1.66756,0.338332
10-Jul-2026,103.719,0.391781,1.15743,0.849452,0.307978
10-Jul-2026,69.1462,0.476712,20.1194,20.1307,0.0113093
10-Jul-2026,73.4678,0.476712,16.6201,16.5877,0.0324083
10-Jul-2026,77.7895,0.476712,13.3847,13.29,0.0946743
10-Jul-2026,82.1111,0.476712,10.4626,10.292,0.170588
10-Jul-2026,86.4327,0.476712,7.89849,7.64752,0.250971
10-Jul-2026,90.7544,0.476712,5.72634,5.40396,0.322383
10-Jul-2026,95.076,0.476712,3.96401,3.59359,0.370417
10-Jul-2026,99.3976,0.476712,2.60706,2.22298,0.384085
10-Jul-2026,103.719,0.476712,1.62463,1.2647,0.359933
10-Jul-2026,69.1462,0.556164,20.6686,20.6007,0.0678734
10-Jul-2026,73.4678,0.556164,17.2429,17.1214,0.121491
10-Jul-2026,77.7895,0.556164,14.0684,13.8821,0.186286
10-Jul-2026,82.1111,0.556164,11.1863,10.9298,0.256524
10-Jul-2026,86.4327,0.556164,8.63345,8.30961,0.323844
10-Jul-2026,90.7544,0.556164,6.43907,6.06037,0.378705
10-Jul-2026,95.076,0.556164,4.62025,4.20811,0.412137
10-Jul-2026,99.3976,0.556164,3.17725,2.75897,0.418284
10-Jul-2026,103.719,0.556164,2.08959,1.6938,0.395788
10-Jul-2026,69.1462,0.632877,21.1418,21.002,0.139772
10-Jul-2026,73.4678,0.632877,17.7721,17.5736,0.198462
10-Jul-2026,77.7895,0.632877,14.6435,14.3809,0.262639
10-Jul-2026,82.1111,0.632877,11.7914,11.4653,0.326137
10-Jul-2026,86.4327,0.632877,9.24809,8.86591,0.382182
10-Jul-2026,90.7544,0.632877,7.0392,6.61554,0.423663
10-Jul-2026,95.076,0.632877,5.18091,4.73582,0.445089
10-Jul-2026,99.3976,0.632877,3.67586,3.23205,0.443815
10-Jul-2026,103.719,0.632877,2.50971,2.0895,0.420214
10-Jul-2026,69.1462,0.723288,21.7112,21.4834,0.227831
10-Jul-2026,73.4678,0.723288,18.402,18.1126,0.289385
10-Jul-2026,77.7895,0.723288,15.3227,14.9722,0.350453
10-Jul-2026,82.1111,0.723288,12.5034,12.0983,0.405115
10-Jul-2026,86.4327,0.723288,9.97168,9.52362,0.448058
10-Jul-2026,90.7544,0.723288,7.74985,7.2751,0.474754
10-Jul-2026,95.076,0.723288,5.85279,5.37006,0.48273
10-Jul-2026,99.3976,0.723288,4.28476,3.81265,0.47211
10-Jul-2026,103.719,0.723288,3.03645,2.59153,0.444923
10-Jul-2026,69.1462,0.805479,22.2056,21.9016,0.304004
10-Jul-2026,73.4678,0.805479,18.9443,18.5783,0.366043
10-Jul-2026,77.7895,0.805479,15.9039,15.4808,0.423113
10-Jul-2026,82.1111,0.805479,13.111,12.641,0.469964
10-Jul-2026,86.4327,0.805479,10.5897,10.0874,0.502287
10-Jul-2026,90.7544,0.805479,8.36002,7.84256,0.517459
10-Jul-2026,95.076,0.805479,6.43554,5.92077,0.514768
10-Jul-2026,99.3976,0.805479,4.82125,4.3252,0.496047
10-Jul-2026,103.719,0.805479,3.51084,3.0464,0.464437
10-Jul-2026,69.1462,0.890411,22.6984,22.3197,0.378729
10-Jul-2026,73.4678,0.890411,19.4815,19.0415,0.439978
10-Jul-2026,77.7895,0.890411,16.4773,15.9847,0.492563
10-Jul-2026,82.1111,0.890411,13.7093,13.1775,0.531779
10-Jul-2026,86.4327,0.890411,11.1989,10.6445,0.554437
10-Jul-2026,90.7544,0.890411,8.96396,8.40471,0.559254
10-Jul-2026,95.076,0.890411,7.01692,6.47,0.546916
10-Jul-2026,99.3976,0.890411,5.36301,4.84261,0.520399
10-Jul-2026,103.719,0.890411,3.99803,3.51436,0.483666
13-Jul-2026,68.284,0.0109589,17.094,17.094,3.57436e-05
13-Jul-2026,72.5518,0.0109589,12.8277,12.8276,9.95448e-05
13-Jul-2026,76.8195,0.0109589,8.56141,8.56184,0.000429579
13-Jul-2026,81.0873,0.0109589,4.32429,4.34677,0.022483
13-Jul-2026,85.355,0.0109589,0.928197,1.00091,0.0727125
13-Jul-2026,89.6228,0.0109589,0.0263155,0.0329427,0.00662724
13-Jul-2026,93.8905,0.0109589,3.28289e-05,3.09201e-05,1.90878e-06
13-Jul-2026,98.1583,0.0109589,8.89638e-10,1.733e-10,7.16338e-10
13-Jul-2026,68.284,0.030137,17.1572,17.1582,0.000972277
13-Jul-2026,72.5518,0.030137,12.8981,12.9072,0.00911904
13-Jul-2026,76.8195,0.030137,8.68287,8.72957,0.0466952
13-Jul-2026,81.0873,0.030137,4.76467,4.88101,0.116337
13-Jul-2026,85.355,0.030137,1.82293,1.94193,0.118997
13-Jul-2026,89.6228,0.030137,0.398428,0.43045,0.0320218
13-Jul-2026,93.8905,0.030137,0.040635,0.037075,0.00355997
13-Jul-2026,98.1583,0.030137,0.0016284,0.000843367,0.000785033
13-Jul-2026,102.426,0.030137,2.29958e-05,4.7041e-06,1.82917e-05
13-Jul-2026,68.284,0.0493151,17.2114,17.2205,0.00909863
13-Jul-2026,72.5518,0.0493151,12.9754,13.0119,0.0364807
13-Jul-2026,76.8195,0.0493151,8.8544,8.95043,0.0960253
13-Jul-2026,81.0873,0.0493151,5.13889,5.29285,0.153963
13-Jul-2026,85.355,0.0493151,2.32331,2.45274,0.129426
13-Jul-2026,89.6228,0.0493151,0.736337,0.769741,0.0334039
13-Jul-2026,93.8905,0.0493151,0.146543,0.131893,0.0146498
13-Jul-2026,98.1583,0.0493151,0.0165909,0.00979801,0.00679289
13-Jul-2026,102.426,0.0493151,0.00100089,0.000303039,0.000697851
13-Jul-2026,68.284,0.0684932,17.2882,17.3184,0.0301979
13-Jul-2026,72.5518,0.0684932,13.1024,13.1787,0.0763273
13-Jul-2026,76.8195,0.0684932,9.10262,9.24288,0.140256
13-Jul-2026,81.0873,0.0684932,5.55894,5.73426,0.175321
13-Jul-2026,85.355,0.0684932,2.82644,2.95361,0.127169
13-Jul-2026,89.6228,0.0684932,1.12272,1.14516,0.0224364
13-Jul-2026,93.8905,0.0684932,0.32565,0.289601,0.0360487
13-Jul-2026,98.1583,0.0684932,0.0648084,0.0410401,0.0237683
13-Jul-2026,102.426,0.0684932,0.00848543,0.003173,0.00531243
13-Jul-2026,68.284,0.0876712,17.3625,17.4141,0.0516222
13-Jul-2026,72.5518,0.0876712,13.2267,13.332,0.105332
13-Jul-2026,76.8195,0.0876712,9.31677,9.48034,0.163572
13-Jul-2026,81.0873,0.0876712,5.87526,6.05562,0.180358
13-Jul-2026,85.355,0.0876712,3.1854,3.30302,0.117617
13-Jul-2026,89.6228,0.0876712,1.41666,1.42391,0.00724856
13-Jul-2026,93.8905,0.0876712,0.491491,0.433887,0.057604
13-Jul-2026,98.1583,0.0876712,0.12694,0.0830836,0.0438564
13-Jul-2026,102.426,0.0876712,0.0236477,0.00976974,0.013878
13-Jul-2026,68.284,0.134247,17.5949,17.6965,0.101604
13-Jul-2026,72.5518,0.134247,13.5907,13.7438,0.153119
13-Jul-2026,76.8195,0.134247,9.86546,10.0503,0.184794
13-Jul-2026,81.0873,0.134247,6.59971,6.76273,0.163017
13-Jul-2026,85.355,0.134247,3.97408,4.0486,0.0745194
13-Jul-2026,89.6228,0.134247,2.09644,2.05136,0.0450785
13-Jul-2026,93.8905,0.134247,0.941045,0.820749,0.120296
13-Jul-2026,98.1583,0.134247,0.349761,0.241103,0.108658
13-Jul-2026,102.426,0.134247,0.105699,0.0508567,0.0548423
13-Jul-2026,68.284,0.216438,18.1143,18.2533,0.139044
13-Jul-2026,72.5518,0.216438,14.3115,14.4696,0.158059
13-Jul-2026,76.8195,0.216438,10.8084,10.9498,0.141421
13-Jul-2026,81.0873,0.216438,7.71949,7.79464,0.0751476
13-Jul-2026,85.355,0.216438,5.14843,5.11292,0.0355078
13-Jul-2026,89.6228,0.216438,3.16054,3.00307,0.157474
13-Jul-2026,93.8905,0.216438,1.75857,1.5215,0.237069
13-Jul-2026,98.1583,0.216438,0.874338,0.63901,0.235328
13-Jul-2026,102.426,0.216438,0.384917,0.21752,0.167397
13-Jul-2026,68.284,0.29863,18.6803,18.7956,0.115315
13-Jul-2026,72.5518,0.29863,15.0273,15.1274,0.10007
13-Jul-2026,76.8195,0.29863,11.6668,11.7164,0.049571
13-Jul-2026,81.0873,0.29863,8.67937,8.64046,0.0389056
13-Jul-2026,85.355,0.29863,6.13581,5.9821,0.153706
13-Jul-2026,89.6228,0.29863,4.08341,3.81646,0.266946
13-Jul-2026,93.8905,0.29863,2.53298,2.19253,0.340449
13-Jul-2026,98.1583,0.29863,1.4514,1.10632,0.345076
13-Jul-2026,102.426,0.29863,0.763956,0.481142,0.282814
13-Jul-2026,68.284,0.383562,19.3212,19.3668,0.0456226
13-Jul-2026,72.5518,0.383562,15.7949,15.7957,0.000849996
13-Jul-2026,76.8195,0.383562,12.5461,12.4739,0.0721678
13-Jul-2026,81.0873,0.383562,9.63394,9.46429,0.169651
13-Jul-2026,85.355,0.383562,7.1099,6.83166,0.278242
13-Jul-2026,89.6228,0.383562,5.01027,4.63416,0.376111
13-Jul-2026,93.8905,0.383562,3.3486,2.9111,0.437496
13-Jul-2026,98.1583,0.383562,2.10987,1.66675,0.443116
13-Jul-2026,102.426,0.383562,1.24868,0.857686,0.390994
13-Jul-2026,68.284,0.468493,19.8984,19.8598,0.0385842
13-Jul-2026,72.5518,0.468493,16.4632,16.3615,0.101738
13-Jul-2026,76.8195,0.468493,13.2913,13.1061,0.185193
13-Jul-2026,81.0873,0.468493,10.4297,10.1472,0.282478
13-Jul-2026,85.355,0.468493,7.91924,7.5384,0.380843
13-Jul-2026,89.6228,0.468493,5.78977,5.3265,0.463271
13-Jul-2026,93.8905,0.468493,4.05531,3.54329,0.51202
13-Jul-2026,98.1583,0.468493,2.70927,2.19468,0.514587
13-Jul-2026,102.426,0.468493,1.72181,1.25265,0.469158
13-Jul-2026,68.284,0.547945,20.4612,20.3303,0.130859
13-Jul-2026,72.5518,0.547945,17.1011,16.8953,0.205773
13-Jul-2026,76.8195,0.547945,13.9913,13.6978,0.29349
13-Jul-2026,81.0873,0.547945,11.1702,10.7839,0.386273
13-Jul-2026,85.355,0.547945,8.67145,8.19866,0.472793
13-Jul-2026,89.6228,0.547945,6.52049,5.9803,0.540191
13-Jul-2026,93.8905,0.547945,4.73092,4.15454,0.576379
13-Jul-2026,98.1583,0.547945,3.30086,2.72709,0.573773
13-Jul-2026,102.426,0.547945,2.21022,1.67847,0.531753
13-Jul-2026,68.284,0.624658,20.9704,20.752,0.218395
13-Jul-2026,72.5518,0.624658,17.67,17.3701,0.29995
13-Jul-2026,76.8195,0.624658,14.6088,14.2209,0.387928
13-Jul-2026,81.0873,0.624658,11.8196,11.345,0.474578
13-Jul-2026,85.355,0.624658,9.33109,8.78108,0.550008
13-Jul-2026,89.6228,0.624658,7.16556,6.5611,0.60446
13-Jul-2026,93.8905,0.624658,5.3359,4.70625,0.629651
13-Jul-2026,98.1583,0.624658,3.84278,3.22147,0.621308
13-Jul-2026,102.426,0.624658,2.67207,2.09204,0.580032
13-Jul-2026,68.284,0.715068,21.5511,21.2315,0.319592
13-Jul-2026,72.5518,0.715068,18.3115,17.9064,0.405065
13-Jul-2026,76.8195,0.715068,15.2997,14.8089,0.490824
13-Jul-2026,81.0873,0.715068,12.5432,11.9739,0.569274
13-Jul-2026,85.355,0.715068,10.0665,9.4341,0.632405
13-Jul-2026,89.6228,0.715068,7.88879,7.21564,0.67315
13-Jul-2026,93.8905,0.715068,6.02213,5.33552,0.686607
13-Jul-2026,98.1583,0.715068,4.46879,3.79762,0.671166
13-Jul-2026,102.426,0.715068,3.2193,2.59062,0.628682
13-Jul-2026,68.284,0.79726,22.0545,21.6478,0.40669
13-Jul-2026,72.5518,0.79726,18.863,18.3695,0.493469
13-Jul-2026,76.8195,0.79726,15.89,15.3142,0.575763
13-Jul-2026,81.0873,0.79726,13.1597,12.5129,0.646773
13-Jul-2026,85.355,0.79726,10.6935,9.99369,0.699805
13-Jul-2026,89.6228,0.79726,8.50857,7.77868,0.729892
13-Jul-2026,93.8905,0.79726,6.61585,5.88185,0.733998
13-Jul-2026,98.1583,0.79726,5.01848,4.30617,0.71231
13-Jul-2026,102.426,0.79726,3.70976,3.04222,0.667542
13-Jul-2026,68.284,0.882192,22.5557,22.0638,0.491931
13-Jul-2026,72.5518,0.882192,19.4086,18.8301,0.578509
13-Jul-2026,76.8195,0.882192,16.4716,15.8149,0.656701
13-Jul-2026,81.0873,0.882192,13.766,13.0456,0.720396
13-Jul-2026,85.355,0.882192,11.3108,10.5465,0.76426
13-Jul-2026,89.6228,0.882192,9.12105,8.33641,0.784639
13-Jul-2026,93.8905,0.882192,7.207,6.42671,0.780293
13-Jul-2026,98.1583,0.882192,5.57206,4.81952,0.752538
13-Jul-2026,102.426,0.882192,4.21152,3.50674,0.704776
14-Jul-2026,69.5523,0.00821918,17.4056,17.4056,1.21122e-05
14-Jul-2026,73.8993,0.00821918,13.0597,13.0597,6.61942e-06
14-Jul-2026,78.2463,0.00821918,8.71374,8.71383,9.19112e-05
14-Jul-2026,82.5934,0.00821918,4.37621,4.38536,0.00915231
14-Jul-2026,86.9404,0.00821918,0.77347,0.829455,0.0559848
14-Jul-2026,91.2874,0.00821918,0.00667614,0.00808749,0.00141135
14-Jul-2026,95.6344,0.00821918,4.05006e-07,1.96569e-07,2.08437e-07
14-Jul-2026,99.9814,0.00821918,5.15467e-14,1.28391e-15,5.02628e-14
14-Jul-2026,69.5523,0.0273973,17.4698,17.4702,0.000440285
14-Jul-2026,73.8993,0.0273973,13.1293,13.1347,0.00537633
14-Jul-2026,78.2463,0.0273973,8.81702,8.85187,0.0348533
14-Jul-2026,82.5934,0.0273973,4.75797,4.85987,0.101899
14-Jul-2026,86.9404,0.0273973,1.69873,1.80244,0.103712
14-Jul-2026,91.2874,0.0273973,0.307559,0.322826,0.0152674
14-Jul-2026,95.6344,0.0273973,0.0213398,0.0163536,0.00498623
14-Jul-2026,99.9814,0.0273973,0.000447715,0.000139315,0.0003084
14-Jul-2026,104.328,0.0273973,2.4936e-06,2.22903e-07,2.2707e-06
14-Jul-2026,69.5523,0.0465753,17.5236,17.5296,0.00599645
14-Jul-2026,73.8993,0.0465753,13.1997,13.2277,0.0279846
14-Jul-2026,78.2463,0.0465753,8.96733,9.05068,0.083352
14-Jul-2026,82.5934,0.0465753,5.11356,5.25716,0.143603
14-Jul-2026,86.9404,0.0465753,2.1962,2.31231,0.116113
14-Jul-2026,91.2874,0.0465753,0.619236,0.633507,0.0142712
14-Jul-2026,95.6344,0.0465753,0.098804,0.0793521,0.0194519
14-Jul-2026,99.9814,0.0465753,0.00781161,0.00337078,0.00444083
14-Jul-2026,104.328,0.0465753,0.000283573,5.20316e-05,0.000231541
14-Jul-2026,69.5523,0.0657534,17.5967,17.6207,0.0239723
14-Jul-2026,73.8993,0.0657534,13.314,13.3803,0.0662852
14-Jul-2026,78.2463,0.0657534,9.19442,9.32555,0.13113
14-Jul-2026,82.5934,0.0657534,5.51876,5.68918,0.170418
14-Jul-2026,86.9404,0.0657534,2.69288,2.81078,0.117897
14-Jul-2026,91.2874,0.0657534,0.98402,0.988353,0.00433265
14-Jul-2026,95.6344,0.0657534,0.246094,0.202369,0.0437253
14-Jul-2026,99.9814,0.0657534,0.0387836,0.0198984,0.0188852
14-Jul-2026,104.328,0.0657534,0.00367141,0.000979853,0.00269156
14-Jul-2026,69.5523,0.0849315,17.666,17.7102,0.0441834
14-Jul-2026,73.8993,0.0849315,13.4273,13.5239,0.0966495
14-Jul-2026,78.2463,0.0849315,9.39478,9.5535,0.158716
14-Jul-2026,82.5934,0.0849315,5.82588,6.00619,0.18031
14-Jul-2026,86.9404,0.0849315,3.04635,3.15902,0.112666
14-Jul-2026,91.2874,0.0849315,1.26445,1.25655,0.00789625
14-Jul-2026,95.6344,0.0849315,0.389753,0.324064,0.0656885
14-Jul-2026,99.9814,0.0849315,0.0838902,0.0467205,0.0371697
14-Jul-2026,104.328,0.0849315,0.0121679,0.00386468,0.00830322
14-Jul-2026,69.5523,0.131507,17.8823,17.9789,0.096611
14-Jul-2026,73.8993,0.131507,13.7661,13.9191,0.153047
14-Jul-2026,78.2463,0.131507,9.91742,10.1103,0.192916
14-Jul-2026,82.5934,0.131507,6.53301,6.70968,0.176666
14-Jul-2026,86.9404,0.131507,3.82241,3.90593,0.0835232
14-Jul-2026,91.2874,0.131507,1.91861,1.87153,0.0470816
14-Jul-2026,95.6344,0.131507,0.795061,0.673024,0.122037
14-Jul-2026,99.9814,0.131507,0.262531,0.165748,0.0967827
14-Jul-2026,104.328,0.131507,0.0677152,0.027903,0.0398122
14-Jul-2026,69.5523,0.213699,18.373,18.5226,0.149574
14-Jul-2026,73.8993,0.213699,14.4537,14.634,0.180254
14-Jul-2026,78.2463,0.213699,10.8313,11.007,0.175663
14-Jul-2026,82.5934,0.213699,7.63296,7.74997,0.11701
14-Jul-2026,86.9404,0.213699,4.97996,4.98512,0.00516094
14-Jul-2026,91.2874,0.213699,2.95313,2.82827,0.124857
14-Jul-2026,95.6344,0.213699,1.56002,1.34994,0.210075
14-Jul-2026,99.9814,0.213699,0.720861,0.515701,0.20516
14-Jul-2026,104.328,0.213699,0.288578,0.154299,0.134279
14-Jul-2026,69.5523,0.29589,18.9167,19.0627,0.146002
14-Jul-2026,73.8993,0.29589,15.1479,15.2942,0.146291
14-Jul-2026,78.2463,0.29589,11.6726,11.7833,0.110694
14-Jul-2026,82.5934,0.29589,8.58121,8.61406,0.0328456
14-Jul-2026,86.9404,0.29589,5.95693,5.87821,0.078723
14-Jul-2026,91.2874,0.29589,3.85831,3.66249,0.195817
14-Jul-2026,95.6344,0.29589,2.30197,2.02572,0.276246
14-Jul-2026,99.9814,0.29589,1.25079,0.964567,0.286223
14-Jul-2026,104.328,0.29589,0.615351,0.386862,0.228489
14-Jul-2026,69.5523,0.380822,19.5398,19.6392,0.0994094
14-Jul-2026,73.8993,0.380822,15.8999,15.9733,0.0734368
14-Jul-2026,78.2463,0.380822,12.5406,12.5588,0.0182258
14-Jul-2026,82.5934,0.380822,9.52867,9.46344,0.0652254
14-Jul-2026,86.9404,0.380822,6.92481,6.75859,0.166219
14-Jul-2026,91.2874,0.380822,4.77387,4.51006,0.263807
14-Jul-2026,95.6344,0.380822,3.09505,2.76369,0.331365
14-Jul-2026,99.9814,0.380822,1.87296,1.52571,0.347252
14-Jul-2026,104.328,0.380822,1.05386,0.746243,0.307617
14-Jul-2026,69.5523,0.465753,20.1055,20.1412,0.0356819
14-Jul-2026,73.8993,0.465753,16.5591,16.5528,0.00634973
14-Jul-2026,78.2463,0.465753,13.2801,13.2103,0.0697751
14-Jul-2026,82.5934,0.465753,10.3218,10.1713,0.150523
14-Jul-2026,86.9404,0.465753,7.73226,7.4941,0.238156
14-Jul-2026,91.2874,0.465753,5.54845,5.23115,0.317299
14-Jul-2026,95.6344,0.465753,3.78953,3.41876,0.370766
14-Jul-2026,99.9814,0.465753,2.45,2.06485,0.385145
14-Jul-2026,104.328,0.465753,1.49511,1.13847,0.356641
14-Jul-2026,69.5523,0.545205,20.6604,20.6229,0.0375288
14-Jul-2026,73.8993,0.545205,17.1916,17.102,0.0895551
14-Jul-2026,78.2463,0.545205,13.9777,13.8222,0.15547
14-Jul-2026,82.5934,0.545205,11.0624,10.8327,0.229674
14-Jul-2026,86.9404,0.545205,8.48538,8.18226,0.30312
14-Jul-2026,91.2874,0.545205,6.27805,5.91317,0.364883
14-Jul-2026,95.6344,0.545205,4.45858,4.05445,0.404134
14-Jul-2026,99.9814,0.545205,3.02682,2.61355,0.413273
14-Jul-2026,104.328,0.545205,1.95985,1.5697,0.390153
14-Jul-2026,69.5523,0.621918,21.1649,21.056,0.108948
14-Jul-2026,73.8993,0.621918,17.7579,17.5917,0.166185
14-Jul-2026,78.2463,0.621918,14.5951,14.364,0.231074
14-Jul-2026,82.5934,0.621918,11.7138,11.4161,0.29774
14-Jul-2026,86.9404,0.621918,9.1479,8.78936,0.358536
14-Jul-2026,91.2874,0.621918,6.92471,6.5191,0.405611
14-Jul-2026,95.6344,0.621918,5.06127,4.62894,0.432332
14-Jul-2026,99.9814,0.621918,3.56018,3.1253,0.434879
14-Jul-2026,104.328,0.621918,2.4057,1.99289,0.412808
14-Jul-2026,69.5523,0.712329,21.7425,21.5494,0.193083
14-Jul-2026,73.8993,0.712329,18.3989,18.1457,0.253188
14-Jul-2026,78.2463,0.712329,15.2881,14.9734,0.314665
14-Jul-2026,82.5934,0.712329,12.4418,12.0698,0.371993
14-Jul-2026,86.9404,0.712329,9.88865,9.46964,0.419013
14-Jul-2026,91.2874,0.712329,7.65235,7.20153,0.45082
14-Jul-2026,95.6344,0.712329,5.74838,5.28428,0.464096
14-Jul-2026,99.9814,0.712329,4.18103,3.72298,0.458052
14-Jul-2026,104.328,0.712329,2.94011,2.50614,0.433972
14-Jul-2026,69.5523,0.794521,22.245,21.9783,0.266697
14-Jul-2026,73.8993,0.794521,18.9515,18.6243,0.327241
14-Jul-2026,78.2463,0.794521,15.8819,15.4972,0.384749
14-Jul-2026,82.5934,0.794521,13.0636,12.6298,0.433838
14-Jul-2026,86.9404,0.794521,10.522,10.052,0.469962
14-Jul-2026,91.2874,0.794521,8.27788,7.78798,0.489898
14-Jul-2026,95.6344,0.794521,6.34543,5.85298,0.49245
14-Jul-2026,99.9814,0.794521,4.72962,4.25098,0.47864
14-Jul-2026,104.328,0.794521,3.42354,2.97259,0.45095
14-Jul-2026,69.5523,0.879452,22.7467,22.407,0.339675
14-Jul-2026,73.8993,0.879452,19.4998,19.1002,0.399609
14-Jul-2026,78.2463,0.879452,16.4682,16.0158,0.452419
14-Jul-2026,82.5934,0.879452,13.6765,13.1827,0.493791
14-Jul-2026,86.9404,0.879452,11.1468,10.6268,0.519986
14-Jul-2026,91.2874,0.879452,8.89767,8.36829,0.529379
14-Jul-2026,95.6344,0.879452,6.94191,6.41973,0.522185
14-Jul-2026,99.9814,0.879452,5.28476,4.78403,0.500729
14-Jul-2026,104.328,0.879452,3.92158,3.4532,0.468378
15-Jul-2026,69.419,0.00547945,17.3666,17.3665,8.16701e-05
15-Jul-2026,73.7577,0.00547945,13.0286,13.0286,4.30224e-05
15-Jul-2026,78.0964,0.00547945,8.69067,8.6906,7.39755e-05
15-Jul-2026,82.4351,0.00547945,4.35429,4.35639,0.00209994
15-Jul-2026,86.7737,0.00547945,0.633795,0.669886,0.0360911
15-Jul-2026,91.1124,0.00547945,0.00113968,0.00123037,9.06882e-05
15-Jul-2026,95.4511,0.00547945,1.16121e-09,1.9158e-10,9.6963e-10
15-Jul-2026,99.7898,0.00547945,1.46966e-16,-7.45847e-16,8.92813e-16
15-Jul-2026,69.419,0.0246575,17.4315,17.4317,0.000241575
15-Jul-2026,73.7577,0.0246575,13.0987,13.1022,0.00351376
15-Jul-2026,78.0964,0.0246575,8.78914,8.81591,0.0267679
15-Jul-2026,82.4351,0.0246575,4.71643,4.79902,0.0825943
15-Jul-2026,86.7737,0.0246575,1.64537,1.72146,0.0760896
15-Jul-2026,91.1124,0.0246575,0.280481,0.279355,0.00112566
15-Jul-2026,95.4511,0.0246575,0.0173499,0.0112426,0.00610732
15-Jul-2026,99.7898,0.0246575,0.000303591,6.47291e-05,0.000238862
15-Jul-2026,104.128,0.0246575,1.3076e-06,6.40695e-08,1.24353e-06
15-Jul-2026,69.419,0.0438356,17.4857,17.4904,0.00470084
15-Jul-2026,73.7577,0.0438356,13.1682,13.1913,0.0230894
15-Jul-2026,78.0964,0.0438356,8.93699,9.00775,0.0707649
15-Jul-2026,82.4351,0.0438356,5.07769,5.1974,0.119705
15-Jul-2026,86.7737,0.0438356,2.15958,2.24279,0.0832124
15-Jul-2026,91.1124,0.0438356,0.596881,0.585772,0.0111095
15-Jul-2026,95.4511,0.0438356,0.0921127,0.066191,0.0259217
15-Jul-2026,99.7898,0.0438356,0.00693281,0.00238707,0.00454574
15-Jul-2026,104.128,0.0438356,0.000235047,3.0715e-05,0.000204332
15-Jul-2026,69.419,0.0630137,17.5591,17.5798,0.0207217
15-Jul-2026,73.7577,0.0630137,13.282,13.3402,0.058229
15-Jul-2026,78.0964,0.0630137,9.16489,9.27939,0.114505
15-Jul-2026,82.4351,0.0630137,5.48987,5.63186,0.141989
15-Jul-2026,86.7737,0.0630137,2.6678,2.74777,0.0799666
15-Jul-2026,91.1124,0.0630137,0.968235,0.939014,0.0292215
15-Jul-2026,95.4511,0.0630137,0.239809,0.181434,0.058375
15-Jul-2026,99.7898,0.0630137,0.0373141,0.0163507,0.0209634
15-Jul-2026,104.128,0.0630137,0.00347186,0.000737445,0.00273442
15-Jul-2026,69.419,0.0821918,17.6286,17.6681,0.0395209
15-Jul-2026,73.7577,0.0821918,13.3957,13.4821,0.0864157
15-Jul-2026,78.0964,0.0821918,9.36714,9.50649,0.139349
15-Jul-2026,82.4351,0.0821918,5.80183,5.95067,0.14884
15-Jul-2026,86.7737,0.0821918,3.02778,3.09915,0.0713729
15-Jul-2026,91.1124,0.0821918,1.25339,1.20669,0.0466957
15-Jul-2026,95.4511,0.0821918,0.385222,0.298424,0.0867975
15-Jul-2026,99.7898,0.0821918,0.0826799,0.0404656,0.0422143
15-Jul-2026,104.128,0.0821918,0.0119483,0.00315794,0.00879036
15-Jul-2026,69.419,0.128767,17.8464,17.9352,0.0888302
15-Jul-2026,73.7577,0.128767,13.7374,13.8757,0.138322
15-Jul-2026,78.0964,0.128767,9.89571,10.0637,0.167984
15-Jul-2026,82.4351,0.128767,6.51862,6.65785,0.139229
15-Jul-2026,86.7737,0.128767,3.81524,3.85092,0.0356814
15-Jul-2026,91.1124,0.128767,1.91723,1.82147,0.0957575
15-Jul-2026,95.4511,0.128767,0.796607,0.639605,0.157002
15-Jul-2026,99.7898,0.128767,0.264276,0.152267,0.112009
15-Jul-2026,104.128,0.128767,0.0685953,0.0248637,0.0437316
15-Jul-2026,69.419,0.210959,18.3422,18.4795,0.137347
15-Jul-2026,73.7577,0.210959,14.4323,14.592,0.159652
15-Jul-2026,78.0964,0.210959,10.8195,10.9635,0.14397
15-Jul-2026,82.4351,0.210959,7.63068,7.70327,0.0725946
15-Jul-2026,86.7737,0.210959,4.98575,4.93554,0.050205
15-Jul-2026,91.1124,0.210959,2.96412,2.77982,0.184299
15-Jul-2026,95.4511,0.210959,1.57235,1.31041,0.261936
15-Jul-2026,99.7898,0.210959,0.731026,0.491765,0.239261
15-Jul-2026,104.128,0.210959,0.294974,0.144514,0.15046
15-Jul-2026,69.419,0.293151,18.8918,19.0222,0.130396
15-Jul-2026,73.7577,0.293151,15.1336,15.2552,0.121598
15-Jul-2026,78.0964,0.293151,11.6689,11.7435,0.0746327
15-Jul-2026,82.4351,0.293151,8.5876,8.57181,0.0157913
15-Jul-2026,86.7737,0.293151,5.9716,5.83316,0.138442
15-Jul-2026,91.1124,0.293151,3.87822,3.6169,0.261317
15-Jul-2026,95.4511,0.293151,2.32316,1.98486,0.338296
15-Jul-2026,99.7898,0.293151,1.2694,0.934504,0.334896
15-Jul-2026,104.128,0.293151,0.628951,0.369978,0.258973
15-Jul-2026,69.419,0.378082,19.5211,19.6022,0.081089
15-Jul-2026,73.7577,0.378082,15.8925,15.9381,0.0456458
15-Jul-2026,78.0964,0.378082,12.5443,12.5233,0.0209998
15-Jul-2026,82.4351,0.378082,9.54267,9.42588,0.116786
15-Jul-2026,86.7737,0.378082,6.94714,6.71833,0.228809
15-Jul-2026,91.1124,0.378082,4.80157,4.46829,0.333278
15-Jul-2026,95.4511,0.378082,3.12434,2.72386,0.400475
15-Jul-2026,99.7898,0.378082,1.89992,1.49256,0.407362
15-Jul-2026,104.128,0.378082,1.07554,0.723314,0.352226
15-Jul-2026,69.419,0.463014,20.0922,20.1075,0.0152953
15-Jul-2026,73.7577,0.463014,16.5574,16.5211,0.0363171
15-Jul-2026,78.0964,0.463014,13.2897,13.1786,0.111111
15-Jul-2026,82.4351,0.463014,10.3416,10.1378,0.203802
15-Jul-2026,86.7737,0.463014,7.76033,7.45803,0.3023
15-Jul-2026,91.1124,0.463014,5.582,5.19306,0.388942
15-Jul-2026,95.4511,0.463014,3.82499,3.38103,0.443963
15-Jul-2026,99.7898,0.463014,2.48358,2.0311,0.452482
15-Jul-2026,104.128,0.463014,1.52364,1.11216,0.411476
15-Jul-2026,69.419,0.542466,20.652,20.5925,0.059511
15-Jul-2026,73.7577,0.542466,17.1949,17.0738,0.121075
15-Jul-2026,78.0964,0.542466,13.9922,13.7941,0.198052
15-Jul-2026,82.4351,0.542466,11.0871,10.8031,0.283966
15-Jul-2026,86.7737,0.542466,8.51837,8.15018,0.368187
15-Jul-2026,91.1124,0.542466,6.3166,5.87876,0.437838
15-Jul-2026,95.4511,0.542466,4.49936,4.01933,0.480025
15-Jul-2026,99.7898,0.542466,3.06619,2.58048,0.485705
15-Jul-2026,104.128,0.542466,1.9946,1.54174,0.45286
15-Jul-2026,69.419,0.619178,21.1606,21.0286,0.132038
15-Jul-2026,73.7577,0.619178,17.7655,17.5666,0.198901
15-Jul-2026,78.0964,0.619178,14.6139,14.3392,0.274691
15-Jul-2026,82.4351,0.619178,11.7426,11.3899,0.352682
15-Jul-2026,86.7737,0.619178,9.18492,8.76084,0.424079
15-Jul-2026,91.1124,0.619178,6.96736,6.48808,0.479284
15-Jul-2026,95.4511,0.619178,5.1064,4.59653,0.509874
15-Jul-2026,99.7898,0.619178,3.60433,3.09363,0.510701
15-Jul-2026,104.128,0.619178,2.44571,1.96457,0.481143
15-Jul-2026,69.419,0.709589,21.7427,21.5254,0.217283
15-Jul-2026,73.7577,0.709589,18.4109,18.1241,0.2868
15-Jul-2026,78.0964,0.709589,15.3113,14.9523,0.35901
15-Jul-2026,82.4351,0.709589,12.4749,12.0475,0.427368
15-Jul-2026,86.7737,0.709589,9.9299,9.44511,0.484792
15-Jul-2026,91.1124,0.709589,7.69927,7.17439,0.524879
15-Jul-2026,95.4511,0.709589,5.79804,5.25521,0.542834
15-Jul-2026,99.7898,0.709589,4.23018,3.69352,0.536661
15-Jul-2026,104.128,0.709589,2.98569,2.47841,0.507276
15-Jul-2026,69.419,0.791781,22.2489,21.9572,0.291684
15-Jul-2026,73.7577,0.791781,18.9673,18.6057,0.361647
15-Jul-2026,78.0964,0.791781,15.9086,15.4791,0.42945
15-Jul-2026,82.4351,0.791781,13.1002,12.6108,0.489411
15-Jul-2026,86.7737,0.791781,10.5667,10.0309,0.535772
15-Jul-2026,91.1124,0.791781,8.32824,7.76422,0.564017
15-Jul-2026,95.4511,0.791781,6.39872,5.82695,0.571771
15-Jul-2026,99.7898,0.791781,4.78279,4.22384,0.558949
15-Jul-2026,104.128,0.791781,3.47363,2.94608,0.527554
15-Jul-2026,69.419,0.876712,22.7542,22.3888,0.365387
15-Jul-2026,73.7577,0.876712,19.519,19.0846,0.43445
15-Jul-2026,78.0964,0.876712,16.4984,16.0009,0.497525
15-Jul-2026,82.4351,0.876712,13.7164,13.167,0.549415
15-Jul-2026,86.7737,0.876712,11.1947,10.6091,0.585625
15-Jul-2026,91.1124,0.876712,8.95125,8.3479,0.603346
15-Jul-2026,95.4511,0.876712,6.99859,6.39683,0.601755
15-Jul-2026,99.7898,0.876712,5.34168,4.75948,0.5822
15-Jul-2026,104.128,0.876712,3.9759,3.42839,0.54751
16-Jul-2026,68.5244,0.00273973,17.1369,17.1369,3.97244e-05
16-Jul-2026,72.8071,0.00273973,12.8544,12.8545,0.000120287
16-Jul-2026,77.0899,0.00273973,8.57203,8.57208,5.03059e-05
16-Jul-2026,81.3727,0.00273973,4.28964,4.28981,0.000168199
16-Jul-2026,85.6555,0.00273973,0.460168,0.49904,0.0388723
16-Jul-2026,89.9382,0.00273973,1.95176e-05,3.90279e-05,1.95103e-05
16-Jul-2026,94.221,0.00273973,3.24424e-15,-2.16656e-15,5.4108e-15
16-Jul-2026,98.5038,0.00273973,2.37029e-15,2.505e-15,1.34709e-16
16-Jul-2026,68.5244,0.0219178,17.2002,17.2005,0.000261339
16-Jul-2026,72.8071,0.0219178,12.9227,12.9267,0.00403875
16-Jul-2026,77.0899,0.0219178,8.66782,8.69879,0.0309693
16-Jul-2026,81.3727,0.0219178,4.64814,4.74996,0.101817
16-Jul-2026,85.6555,0.0219178,1.62404,1.73929,0.115248
16-Jul-2026,89.9382,0.0219178,0.281076,0.308828,0.0277521
16-Jul-2026,94.221,0.0219178,0.0182979,0.0165144,0.00178353
16-Jul-2026,98.5038,0.0219178,0.000357329,0.000167527,0.000189802
16-Jul-2026,102.787,0.0219178,1.82304e-06,3.24905e-07,1.49813e-06
16-Jul-2026,68.5244,0.0410959,17.2532,17.2589,0.00573209
16-Jul-2026,72.8071,0.0410959,12.9919,13.0199,0.0280288
16-Jul-2026,77.0899,0.0410959,8.82111,8.9066,0.0854941
16-Jul-2026,81.3727,0.0410959,5.02825,5.18,0.151754
16-Jul-2026,85.6555,0.0410959,2.16605,2.29891,0.132862
16-Jul-2026,89.9382,0.0410959,0.620092,0.654105,0.0340126
16-Jul-2026,94.221,0.0410959,0.103211,0.0923192,0.0108918
16-Jul-2026,98.5038,0.0410959,0.00887211,0.00504664,0.00382547
16-Jul-2026,102.787,0.0410959,0.000364709,0.00010838,0.000256329
16-Jul-2026,68.5244,0.060274,17.3261,17.3517,0.0256033
16-Jul-2026,72.8071,0.060274,13.1091,13.1796,0.0704898
16-Jul-2026,77.0899,0.060274,9.05988,9.19878,0.138904
16-Jul-2026,81.3727,0.060274,5.4582,5.64077,0.182566
16-Jul-2026,85.6555,0.060274,2.6945,2.83094,0.136445
16-Jul-2026,89.9382,0.060274,1.01309,1.04015,0.027063
16-Jul-2026,94.221,0.060274,0.268445,0.237906,0.0305389
16-Jul-2026,98.5038,0.060274,0.0466837,0.0290497,0.017634
16-Jul-2026,102.787,0.060274,0.00508148,0.00191781,0.00316367
16-Jul-2026,68.5244,0.0794521,17.3967,17.4448,0.0481318
16-Jul-2026,72.8071,0.0794521,13.2273,13.3313,0.103976
16-Jul-2026,77.0899,0.0794521,9.27104,9.43997,0.168926
16-Jul-2026,81.3727,0.0794521,5.78126,5.97455,0.193285
16-Jul-2026,85.6555,0.0794521,3.06607,3.19672,0.130651
16-Jul-2026,89.9382,0.0794521,1.31197,1.32651,0.0145354
16-Jul-2026,94.221,0.0794521,0.428116,0.37724,0.0508763
16-Jul-2026,98.5038,0.0794521,0.101097,0.0654708,0.0356262
16-Jul-2026,102.787,0.0794521,0.0166822,0.00699539,0.00968681
16-Jul-2026,68.5244,0.126027,17.6207,17.7263,0.105647
16-Jul-2026,72.8071,0.126027,13.5825,13.7465,0.163964
16-Jul-2026,77.0899,0.126027,9.8185,10.0222,0.203672
16-Jul-2026,81.3727,0.126027,6.51779,6.70452,0.186726
16-Jul-2026,85.6555,0.126027,3.87329,3.96876,0.0954724
16-Jul-2026,89.9382,0.126027,2.00071,1.9691,0.0316103
16-Jul-2026,94.221,0.126027,0.870189,0.760071,0.110118
16-Jul-2026,98.5038,0.126027,0.309347,0.212811,0.0965361
16-Jul-2026,102.787,0.126027,0.0881393,0.0431144,0.0450249
16-Jul-2026,68.5244,0.208219,18.1312,18.2905,0.159294
16-Jul-2026,72.8071,0.208219,14.2976,14.4849,0.187251
16-Jul-2026,77.0899,0.208219,10.7638,10.9413,0.177495
16-Jul-2026,81.3727,0.208219,7.64898,7.76229,0.113311
16-Jul-2026,85.6555,0.208219,5.06223,5.06054,0.00169497
16-Jul-2026,89.9382,0.208219,3.07255,2.9408,0.131753
16-Jul-2026,94.221,0.208219,1.68229,1.46496,0.217326
16-Jul-2026,98.5038,0.208219,0.818298,0.601989,0.216309
16-Jul-2026,102.787,0.208219,0.350235,0.20123,0.149005
16-Jul-2026,68.5244,0.290411,18.6925,18.8421,0.14959
16-Jul-2026,72.8071,0.290411,15.0114,15.1547,0.143345
16-Jul-2026,77.0899,0.290411,11.624,11.7229,0.0989449
16-Jul-2026,81.3727,0.290411,8.61384,8.62591,0.0120653
16-Jul-2026,85.6555,0.290411,6.05518,5.94862,0.106557
16-Jul-2026,89.9382,0.290411,3.99767,3.7707,0.226969
16-Jul-2026,94.221,0.290411,2.45265,2.14522,0.307428
16-Jul-2026,98.5038,0.290411,1.38497,1.06906,0.315912
16-Jul-2026,102.787,0.290411,0.715638,0.459636,0.256002
16-Jul-2026,68.5244,0.375342,19.33,19.4232,0.093217
16-Jul-2026,72.8071,0.375342,15.7773,15.835,0.0577217
16-Jul-2026,77.0899,0.375342,12.5036,12.4946,0.00899993
16-Jul-2026,81.3727,0.375342,9.57027,9.46597,0.104298
16-Jul-2026,85.6555,0.375342,7.03096,6.81575,0.215206
16-Jul-2026,89.9382,0.375342,4.92385,4.60514,0.318715
16-Jul-2026,94.221,0.375342,3.26333,2.87624,0.387088
16-Jul-2026,98.5038,0.375342,2.03376,1.6348,0.398963
16-Jul-2026,102.787,0.375342,1.18732,0.835097,0.352223
16-Jul-2026,68.5244,0.460274,19.9045,19.9246,0.0201405
16-Jul-2026,72.8071,0.460274,16.4439,16.4106,0.0332881
16-Jul-2026,77.0899,0.460274,13.2481,13.1383,0.10981
16-Jul-2026,81.3727,0.460274,10.3658,10.1621,0.203738
16-Jul-2026,85.6555,0.460274,7.83962,7.53681,0.302807
16-Jul-2026,89.9382,0.460274,5.70103,5.31167,0.38936
16-Jul-2026,94.221,0.460274,3.96501,3.5204,0.444607
16-Jul-2026,98.5038,0.460274,2.62495,2.17038,0.454574
16-Jul-2026,102.787,0.460274,1.64959,1.23274,0.416853
16-Jul-2026,68.5244,0.539726,20.4648,20.4031,0.0616759
16-Jul-2026,72.8071,0.539726,17.0798,16.9537,0.126082
16-Jul-2026,77.0899,0.539726,13.9465,13.7407,0.20584
16-Jul-2026,81.3727,0.539726,11.1048,10.8109,0.293949
16-Jul-2026,85.6555,0.539726,8.58984,8.21021,0.379631
16-Jul-2026,89.9382,0.539726,6.42843,5.97874,0.449688
16-Jul-2026,94.221,0.539726,4.63521,4.1436,0.491612
16-Jul-2026,98.5038,0.539726,3.20862,2.71179,0.496831
16-Jul-2026,102.787,0.539726,2.12776,1.66368,0.464081
16-Jul-2026,68.5244,0.616438,20.9717,20.8319,0.13984
16-Jul-2026,72.8071,0.616438,17.6465,17.4366,0.209907
16-Jul-2026,77.0899,0.616438,14.562,14.273,0.288951
16-Jul-2026,81.3727,0.616438,11.7521,11.3824,0.36968
16-Jul-2026,85.6555,0.616438,9.24688,8.80398,0.442898
16-Jul-2026,89.9382,0.616438,7.06983,6.57114,0.498693
16-Jul-2026,94.221,0.616438,5.23493,4.70616,0.528775
16-Jul-2026,98.5038,0.616438,3.74333,3.21514,0.528191
16-Jul-2026,102.787,0.616438,2.58049,2.08347,0.497022
16-Jul-2026,68.5244,0.706849,21.5494,21.3193,0.230075
16-Jul-2026,72.8071,0.706849,18.2853,17.9821,0.303213
16-Jul-2026,77.0899,0.706849,15.25,14.8714,0.378617
16-Jul-2026,81.3727,0.706849,12.4726,12.0228,0.449774
16-Jul-2026,85.6555,0.706849,9.97854,9.46941,0.509125
16-Jul-2026,89.9382,0.706849,7.78827,7.23846,0.549809
16-Jul-2026,94.221,0.706849,5.9148,5.34772,0.567076
16-Jul-2026,98.5038,0.706849,4.36102,3.80208,0.558939
16-Jul-2026,102.787,0.706849,3.11738,2.59045,0.526931
16-Jul-2026,68.5244,0.789041,22.0501,21.7425,0.307648
16-Jul-2026,72.8071,0.789041,18.8339,18.4529,0.380967
16-Jul-2026,77.0899,0.789041,15.8375,15.3855,0.452043
16-Jul-2026,81.3727,0.789041,13.086,12.5715,0.51454
16-Jul-2026,85.6555,0.789041,10.6019,10.0394,0.562516
16-Jul-2026,89.9382,0.789041,8.40347,7.81223,0.591236
16-Jul-2026,94.221,0.789041,6.50274,5.90458,0.598157
16-Jul-2026,98.5038,0.789041,4.90344,4.32026,0.583176
16-Jul-2026,102.787,0.789041,3.59894,3.05013,0.548808
16-Jul-2026,68.5244,0.873973,22.5484,22.1651,0.383269
16-Jul-2026,72.8071,0.873973,19.3765,18.9211,0.455426
16-Jul-2026,77.0899,0.873973,16.4158,15.8946,0.521217
16-Jul-2026,81.3727,0.873973,13.6887,13.1134,0.57526
16-Jul-2026,85.6555,0.873973,11.215,10.6022,0.612778
16-Jul-2026,89.9382,0.873973,9.0111,8.38035,0.63075
16-Jul-2026,94.221,0.873973,7.08795,6.45977,0.628183
16-Jul-2026,98.5038,0.873973,5.44972,4.84334,0.606382
16-Jul-2026,102.787,0.873973,4.09188,3.52322,0.568663
17-Jul-2026,68.0665,0.0191781,17.079,17.0793,0.000251199
17-Jul-2026,72.3207,0.0191781,12.8294,12.8325,0.0030624
17-Jul-2026,76.5748,0.0191781,8.59865,8.62601,0.0273638
17-Jul-2026,80.829,0.0191781,4.58797,4.68783,0.0998615
17-Jul-2026,85.0832,0.0191781,1.57048,1.69296,0.12248
17-Jul-2026,89.3373,0.0191781,0.258273,0.293271,0.0349977
17-Jul-2026,93.5915,0.0191781,0.015351,0.0151946,0.000156362
17-Jul-2026,97.8456,0.0191781,0.000262104,0.000140839,0.000121265
17-Jul-2026,102.1,0.0191781,1.11343e-06,2.01339e-07,9.12091e-07
17-Jul-2026,68.0665,0.0383562,17.131,17.1363,0.00525118
17-Jul-2026,72.3207,0.0383562,12.8965,12.9232,0.0266881
17-Jul-2026,76.5748,0.0383562,8.74801,8.83417,0.0861628
17-Jul-2026,80.829,0.0383562,4.97146,5.13274,0.161281
17-Jul-2026,85.0832,0.0383562,2.12615,2.28004,0.153889
17-Jul-2026,89.3373,0.0383562,0.600866,0.655771,0.0549048
17-Jul-2026,93.5915,0.0383562,0.0981934,0.0956701,0.00252327
17-Jul-2026,97.8456,0.0383562,0.00824913,0.00541149,0.00283764
17-Jul-2026,102.1,0.0383562,0.000329204,0.000110395,0.000218809
17-Jul-2026,68.0665,0.0575342,17.2022,17.2278,0.0255838
17-Jul-2026,72.3207,0.0575342,13.0104,13.0832,0.0727901
17-Jul-2026,76.5748,0.0575342,8.98262,9.13199,0.149374
17-Jul-2026,80.829,0.0575342,5.39923,5.60712,0.207887
17-Jul-2026,85.0832,0.0575342,2.654,2.83016,0.17616
17-Jul-2026,89.3373,0.0575342,0.991347,1.0582,0.0668542
17-Jul-2026,93.5915,0.0575342,0.260441,0.251712,0.00872944
17-Jul-2026,97.8456,0.0575342,0.0448197,0.0322614,0.0125583
17-Jul-2026,102.1,0.0575342,0.00481054,0.00213469,0.00267585
17-Jul-2026,68.0665,0.0767123,17.2707,17.3208,0.0501294
17-Jul-2026,72.3207,0.0767123,13.125,13.2367,0.111679
17-Jul-2026,76.5748,0.0767123,9.18843,9.37817,0.189737
17-Jul-2026,80.829,0.0767123,5.71583,5.94903,0.233204
17-Jul-2026,85.0832,0.0767123,3.01835,3.20557,0.187221
17-Jul-2026,89.3373,0.0767123,1.28298,1.35445,0.0714687
17-Jul-2026,93.5915,0.0767123,0.414763,0.399689,0.0150741
17-Jul-2026,97.8456,0.0767123,0.0967194,0.0726773,0.0240421
17-Jul-2026,102.1,0.0767123,0.0156823,0.00787688,0.00780542
17-Jul-2026,68.0665,0.0958904,17.3486,17.4259,0.0773217
17-Jul-2026,72.3207,0.0958904,13.2521,13.3993,0.147247
17-Jul-2026,76.5748,0.0958904,9.39587,9.61741,0.221543
17-Jul-2026,80.829,0.0958904,6.00778,6.25905,0.251271
17-Jul-2026,85.0832,0.0958904,3.34291,3.53726,0.194349
17-Jul-2026,89.3373,0.0958904,1.55309,1.62673,0.0736398
17-Jul-2026,93.5915,0.0958904,0.576245,0.554754,0.0214911
17-Jul-2026,97.8456,0.0958904,0.163743,0.126968,0.0367749
17-Jul-2026,102.1,0.0958904,0.034616,0.0189495,0.0156665
17-Jul-2026,68.0665,0.123288,17.4852,17.6043,0.119139
17-Jul-2026,72.3207,0.123288,13.4641,13.6578,0.193691
17-Jul-2026,76.5748,0.123288,9.71264,9.97077,0.258126
17-Jul-2026,80.829,0.123288,6.42266,6.69255,0.269891
17-Jul-2026,85.0832,0.123288,3.79176,3.99235,0.200593
17-Jul-2026,89.3373,0.123288,1.93829,2.01306,0.0747731
17-Jul-2026,93.5915,0.123288,0.829946,0.799851,0.0300949
17-Jul-2026,97.8456,0.123288,0.288469,0.232364,0.0561053
17-Jul-2026,102.1,0.123288,0.0796618,0.0480888,0.031573
17-Jul-2026,68.0665,0.205479,17.9586,18.1734,0.214828
17-Jul-2026,72.3207,0.205479,14.1257,14.4044,0.278724
17-Jul-2026,76.5748,0.205479,10.5877,10.9003,0.312626
17-Jul-2026,80.829,0.205479,7.46924,7.76093,0.291686
17-Jul-2026,85.0832,0.205479,4.88672,5.09362,0.206896
17-Jul-2026,89.3373,0.205479,2.91454,2.99498,0.080436
17-Jul-2026,93.5915,0.205479,1.5553,1.51979,0.0355114
17-Jul-2026,97.8456,0.205479,0.729636,0.639446,0.0901903
17-Jul-2026,102.1,0.205479,0.2975,0.217965,0.0795352
17-Jul-2026,68.0665,0.287671,18.4606,18.728,0.267425
17-Jul-2026,72.3207,0.287671,14.7624,15.078,0.315569
17-Jul-2026,76.5748,0.287671,11.354,11.685,0.331024
17-Jul-2026,80.829,0.287671,8.32616,8.62563,0.29947
17-Jul-2026,85.0832,0.287671,5.76174,5.98044,0.218698
17-Jul-2026,89.3373,0.287671,3.71759,3.82323,0.105644
17-Jul-2026,93.5915,0.287671,2.20756,2.20227,0.00529046
17-Jul-2026,97.8456,0.287671,1.19197,1.11488,0.077091
17-Jul-2026,102.1,0.287671,0.580857,0.486668,0.0941885
17-Jul-2026,68.0665,0.372603,19.0126,19.3097,0.297131
17-Jul-2026,72.3207,0.372603,15.4235,15.7581,0.334601
17-Jul-2026,76.5748,0.372603,12.1111,12.4547,0.343596
17-Jul-2026,80.829,0.372603,9.14508,9.46099,0.315912
17-Jul-2026,85.0832,0.372603,6.58867,6.84029,0.251622
17-Jul-2026,89.3373,0.372603,4.4885,4.64981,0.161311
17-Jul-2026,93.5915,0.372603,2.86351,2.92852,0.0650099
17-Jul-2026,97.8456,0.372603,1.69574,1.68194,0.0137958
17-Jul-2026,102.1,0.372603,0.927199,0.868567,0.0586318
17-Jul-2026,68.0665,0.457534,19.4964,19.8096,0.31317
17-Jul-2026,72.3207,0.457534,15.9826,16.3309,0.34826
17-Jul-2026,76.5748,0.457534,12.733,13.0936,0.360612
17-Jul-2026,80.829,0.457534,9.805,10.15,0.344993
17-Jul-2026,85.0832,0.457534,7.25142,7.55233,0.300913
17-Jul-2026,89.3373,0.457534,5.11304,5.3469,0.233858
17-Jul-2026,93.5915,0.457534,3.41074,3.56524,0.1545
17-Jul-2026,97.8456,0.457534,2.13744,2.21437,0.0769339
17-Jul-2026,102.1,0.457534,1.25309,1.26778,0.0146939
17-Jul-2026,68.0665,0.536986,19.9575,20.285,0.327511
17-Jul-2026,72.3207,0.536986,16.5036,16.8695,0.365914
17-Jul-2026,76.5748,0.536986,13.3022,13.6897,0.387478
17-Jul-2026,80.829,0.536986,10.4025,10.7905,0.388001
17-Jul-2026,85.0832,0.536986,7.85014,8.21592,0.365783
17-Jul-2026,89.3373,0.536986,5.68184,6.00383,0.321992
17-Jul-2026,93.5915,0.536986,3.91916,4.17976,0.260601
17-Jul-2026,97.8456,0.536986,2.56151,2.75036,0.188846
17-Jul-2026,102.1,0.536986,1.58079,1.69733,0.116541
17-Jul-2026,68.0665,0.613699,20.3667,20.71,0.343336
17-Jul-2026,72.3207,0.613699,16.9589,17.3474,0.388485
17-Jul-2026,76.5748,0.613699,13.7938,14.2155,0.421719
17-Jul-2026,80.829,0.613699,10.915,11.354,0.438984
17-Jul-2026,85.0832,0.613699,8.36344,8.80048,0.437038
17-Jul-2026,89.3373,0.613699,6.1728,6.58676,0.413961
17-Jul-2026,93.5915,0.613699,4.36464,4.73386,0.369222
17-Jul-2026,97.8456,0.613699,2.94218,3.24754,0.305365
17-Jul-2026,102.1,0.613699,1.88502,2.11403,0.229006
17-Jul-2026,68.0665,0.70411,20.8251,21.1925,0.367372
17-Jul-2026,72.3207,0.70411,17.4631,17.8864,0.423341
17-Jul-2026,76.5748,0.70411,14.3336,14.8058,0.472237
17-Jul-2026,80.829,0.70411,11.4753,11.9849,0.509578
17-Jul-2026,85.0832,0.70411,8.92482,9.45533,0.530511
17-Jul-2026,89.3373,0.70411,6.71312,7.24325,0.530135
17-Jul-2026,93.5915,0.70411,4.86125,5.36547,0.504222
17-Jul-2026,97.8456,0.70411,3.37514,3.82657,0.451431
17-Jul-2026,102.1,0.70411,2.24079,2.61596,0.375168
17-Jul-2026,68.0665,0.786301,21.2165,21.6108,0.39426
17-Jul-2026,72.3207,0.786301,17.8897,18.3513,0.461613
17-Jul-2026,76.5748,0.786301,14.7874,15.3127,0.525324
17-Jul-2026,80.829,0.786301,11.9451,12.5252,0.58011
17-Jul-2026,85.0832,0.786301,9.3961,10.0162,0.620117
17-Jul-2026,89.3373,0.786301,7.16938,7.80774,0.638362
17-Jul-2026,93.5915,0.786301,5.28525,5.91362,0.628366
17-Jul-2026,97.8456,0.786301,3.7511,4.33742,0.586321
17-Jul-2026,102.1,0.786301,2.55697,3.07033,0.513357
17-Jul-2026,68.0665,0.871233,21.6014,22.0283,0.426925
17-Jul-2026,72.3207,0.871233,18.3066,18.8133,0.506696
17-Jul-2026,76.5748,0.871233,15.2291,15.8146,0.58551
17-Jul-2026,80.829,0.871233,12.4015,13.059,0.657481
17-Jul-2026,85.0832,0.871233,9.85468,10.5702,0.715486
17-Jul-2026,89.3373,0.871233,7.61555,8.36677,0.751224
17-Jul-2026,93.5915,0.871233,5.70362,6.46015,0.756526
17-Jul-2026,97.8456,0.871233,4.1271,4.85294,0.72584
17-Jul-2026,102.1,0.871233,2.87907,3.53751,0.658437
20-Jul-2026,66.3191,0.0109589,16.6024,16.6023,7.92702e-05
20-Jul-2026,70.464,0.0109589,12.4589,12.4588,6.47211e-05
20-Jul-2026,74.6089,0.0109589,8.31552,8.31587,0.000347898
20-Jul-2026,78.7539,0.0109589,4.21262,4.22696,0.0143427
20-Jul-2026,82.8988,0.0109589,0.967015,1.01016,0.0431422
20-Jul-2026,87.0438,0.0109589,0.0391466,0.0457162,0.00656962
20-Jul-2026,91.1887,0.0109589,0.000120921,0.000160929,4.0008e-05
20-Jul-2026,95.3336,0.0109589,1.69707e-08,2.79033e-08,1.09326e-08
20-Jul-2026,99.4786,0.0109589,7.80751e-14,2.6714e-13,1.89065e-13
20-Jul-2026,66.3191,0.030137,16.6648,16.6654,0.00059467
20-Jul-2026,70.464,0.030137,12.5306,12.5366,0.00603655
20-Jul-2026,74.6089,0.030137,8.45341,8.48265,0.0292389
20-Jul-2026,78.7539,0.030137,4.70029,4.76853,0.068242
20-Jul-2026,82.8988,0.030137,1.89027,1.96175,0.0714789
20-Jul-2026,87.0438,0.030137,0.470482,0.500383,0.0299012
20-Jul-2026,91.1887,0.030137,0.0623314,0.0670015,0.0046701
20-Jul-2026,95.3336,0.030137,0.00387615,0.004269,0.000392853
20-Jul-2026,99.4786,0.030137,0.000103729,0.000133167,2.94379e-05
20-Jul-2026,66.3191,0.0493151,16.7198,16.7257,0.00588079
20-Jul-2026,70.464,0.0493151,12.6151,12.6383,0.0231923
20-Jul-2026,74.6089,0.0493151,8.64404,8.70228,0.0582433
20-Jul-2026,78.7539,0.0493151,5.09324,5.18292,0.0896817
20-Jul-2026,82.8988,0.0493151,2.40068,2.47975,0.0790714
20-Jul-2026,87.0438,0.0493151,0.833916,0.869439,0.0355234
20-Jul-2026,91.1887,0.0493151,0.196694,0.203896,0.00720174
20-Jul-2026,95.3336,0.0493151,0.0292958,0.030357,0.00106122
20-Jul-2026,99.4786,0.0493151,0.00261323,0.00293216,0.00031893
20-Jul-2026,66.3191,0.0684932,16.8004,16.8197,0.0193136
20-Jul-2026,70.464,0.0684932,12.7535,12.8011,0.0475798
20-Jul-2026,74.6089,0.0684932,8.90952,8.99353,0.0840131
20-Jul-2026,78.7539,0.0684932,5.52457,5.62712,0.102554
20-Jul-2026,82.8988,0.0684932,2.90863,2.98894,0.0803106
20-Jul-2026,87.0438,0.0684932,1.23751,1.27212,0.0346126
20-Jul-2026,91.1887,0.0684932,0.404544,0.410077,0.00553316
20-Jul-2026,95.3336,0.0684932,0.0970189,0.0971315,0.000112569
20-Jul-2026,99.4786,0.0684932,0.0164877,0.0172042,0.000716514
20-Jul-2026,66.3191,0.0876712,16.8791,16.9119,0.0327607
20-Jul-2026,70.464,0.0876712,12.8863,12.9514,0.0651296
20-Jul-2026,74.6089,0.0876712,9.13267,9.23055,0.0978807
20-Jul-2026,78.7539,0.0876712,5.84438,5.95101,0.106635
20-Jul-2026,82.8988,0.0876712,3.26749,3.34495,0.0774624
20-Jul-2026,87.0438,0.0876712,1.5386,1.569,0.0304015
20-Jul-2026,91.1887,0.0876712,0.58761,0.588975,0.00136535
20-Jul-2026,95.3336,0.0876712,0.175737,0.173164,0.00257286
20-Jul-2026,99.4786,0.0876712,0.0400781,0.0404833,0.000405194
20-Jul-2026,66.3191,0.115068,17.021,17.074,0.0530146
20-Jul-2026,70.464,0.115068,13.1119,13.1977,0.0858304
20-Jul-2026,74.6089,0.115068,9.47495,9.58484,0.109888
20-Jul-2026,78.7539,0.115068,6.29634,6.40221,0.105872
20-Jul-2026,82.8988,0.115068,3.75952,3.82852,0.0690034
20-Jul-2026,87.0438,0.115068,1.96596,1.98662,0.0206608
20-Jul-2026,91.1887,0.115068,0.876655,0.868806,0.00784895
20-Jul-2026,95.3336,0.115068,0.325082,0.315719,0.00936268
20-Jul-2026,99.4786,0.115068,0.098349,0.0964912,0.00185784
20-Jul-2026,66.3191,0.19726,17.5265,17.6159,0.08943
20-Jul-2026,70.464,0.19726,13.8251,13.9326,0.107467
20-Jul-2026,74.6089,0.19726,10.4216,10.5278,0.106207
20-Jul-2026,78.7539,0.19726,7.43043,7.50984,0.0794084
20-Jul-2026,82.8988,0.19726,4.95221,4.9855,0.0332883
20-Jul-2026,87.0438,0.19726,3.04539,3.03245,0.0129387
20-Jul-2026,91.1887,0.19726,1.70458,1.66697,0.0376078
20-Jul-2026,95.3336,0.19726,0.85726,0.822834,0.0344258
20-Jul-2026,99.4786,0.19726,0.383622,0.366822,0.0167998
20-Jul-2026,66.3191,0.279452,18.0689,18.1614,0.0925205
20-Jul-2026,70.464,0.279452,14.5147,14.6092,0.0945252
20-Jul-2026,74.6089,0.279452,11.2515,11.3299,0.07838
20-Jul-2026,78.7539,0.279452,8.3594,8.40388,0.0444773
20-Jul-2026,82.8988,0.279452,5.90688,5.90815,0.0012721
20-Jul-2026,87.0438,0.279452,3.93608,3.89974,0.0363395
20-Jul-2026,91.1887,0.279452,2.45149,2.39735,0.0541356
20-Jul-2026,95.3336,0.279452,1.41524,1.36699,0.0482485
20-Jul-2026,99.4786,0.279452,0.7526,0.724762,0.0278376
20-Jul-2026,66.3191,0.364384,18.6679,18.7427,0.0747755
20-Jul-2026,70.464,0.364384,15.2328,15.2987,0.0658984
20-Jul-2026,74.6089,0.364384,12.0742,12.1184,0.044222
20-Jul-2026,78.7539,0.364384,9.25158,9.26459,0.013009
20-Jul-2026,82.8988,0.364384,6.81498,6.79534,0.0196376
20-Jul-2026,87.0438,0.364384,4.79731,4.75349,0.0438221
20-Jul-2026,91.1887,0.364384,3.20711,3.15543,0.051679
20-Jul-2026,95.3336,0.364384,2.02443,1.98213,0.0422968
20-Jul-2026,99.4786,0.364384,1.20146,1.17907,0.0223918
20-Jul-2026,66.3191,0.449315,19.1944,19.2462,0.0517675
20-Jul-2026,70.464,0.449315,15.8423,15.8814,0.0390682
20-Jul-2026,74.6089,0.449315,12.7532,12.7724,0.0192119
20-Jul-2026,78.7539,0.449315,9.97506,9.97118,0.0038756
20-Jul-2026,82.8988,0.449315,7.54827,7.52442,0.0238529
20-Jul-2026,87.0438,0.449315,5.50044,5.46586,0.0345781
20-Jul-2026,91.1887,0.449315,3.8415,3.80904,0.0324633
20-Jul-2026,95.3336,0.449315,2.56007,2.54123,0.0188351
20-Jul-2026,99.4786,0.449315,1.62274,1.62317,0.000430681
20-Jul-2026,66.3191,0.528767,19.6978,19.7268,0.0289692
20-Jul-2026,70.464,0.528767,16.4123,16.4296,0.0172578
20-Jul-2026,74.6089,0.528767,13.3777,13.381,0.00334272
20-Jul-2026,78.7539,0.528767,10.6341,10.625,0.00912248
20-Jul-2026,82.8988,0.528767,8.2152,8.19968,0.0155205
20-Jul-2026,87.0438,0.528767,6.14507,6.13215,0.0129247
20-Jul-2026,91.1887,0.528767,4.43395,4.4332,0.000754719
20-Jul-2026,95.3336,0.528767,3.0755,3.09342,0.0179214
20-Jul-2026,99.4786,0.528767,2.04547,2.08298,0.037514
20-Jul-2026,66.3191,0.605479,20.1458,20.1569,0.011125
20-Jul-2026,70.464,0.605479,16.9122,16.9154,0.00320288
20-Jul-2026,74.6089,0.605479,13.9195,13.9164,0.00306655
20-Jul-2026,78.7539,0.605479,11.2024,11.1978,0.00463527
20-Jul-2026,82.8988,0.605479,8.79025,8.79163,0.00138486
20-Jul-2026,87.0438,0.605479,6.70442,6.72017,0.0157546
20-Jul-2026,91.1887,0.605479,4.95508,4.99204,0.0369612
20-Jul-2026,95.3336,0.605479,3.53875,3.59955,0.0607959
20-Jul-2026,99.4786,0.605479,2.43695,2.51865,0.081697
20-Jul-2026,66.3191,0.69589,20.6283,20.6247,0.00356596
20-Jul-2026,70.464,0.69589,17.4449,17.4397,0.00518285
20-Jul-2026,74.6089,0.69589,14.4924,14.4908,0.00161911
20-Jul-2026,78.7539,0.69589,11.8009,11.8102,0.00927749
20-Jul-2026,82.8988,0.69589,9.39617,9.42472,0.0285477
20-Jul-2026,87.0438,0.69589,7.29707,7.35223,0.0551605
20-Jul-2026,91.1887,0.69589,5.51338,5.59934,0.0859614
20-Jul-2026,95.3336,0.69589,4.04365,4.15948,0.115831
20-Jul-2026,99.4786,0.69589,2.87387,3.01306,0.139191
20-Jul-2026,66.3191,0.778082,21.0602,21.0483,0.0118642
20-Jul-2026,70.464,0.778082,17.9177,17.9114,0.00627033
20-Jul-2026,74.6089,0.778082,14.998,15.0049,0.00689945
20-Jul-2026,78.7539,0.778082,12.3278,12.3568,0.0289687
20-Jul-2026,82.8988,0.778082,9.93009,9.98978,0.0596866
20-Jul-2026,87.0438,0.778082,7.82187,7.91857,0.096696
20-Jul-2026,91.1887,0.778082,6.01242,6.1482,0.135782
20-Jul-2026,95.3336,0.778082,4.5014,4.67273,0.171327
20-Jul-2026,99.4786,0.778082,3.27776,3.47547,0.197709
20-Jul-2026,66.3191,0.863014,21.4859,21.4708,0.0151154
20-Jul-2026,70.464,0.863014,18.381,18.3794,0.0016454
20-Jul-2026,74.6089,0.863014,15.4914,15.5127,0.0213461
20-Jul-2026,78.7539,0.863014,12.8411,12.8953,0.0542482
20-Jul-2026,82.8988,0.863014,10.4508,10.5465,0.0956819
20-Jul-2026,87.0438,0.863014,8.33587,8.47815,0.14228
20-Jul-2026,91.1887,0.863014,6.50491,6.6941,0.189187
20-Jul-2026,95.3336,0.863014,4.95833,5.18875,0.230421
20-Jul-2026,99.4786,0.863014,3.68722,3.94762,0.260399
21-Jul-2026,66.7792,0.00821918,16.7117,16.7116,5.03858e-05
21-Jul-2026,70.9529,0.00821918,12.539,12.539,2.73084e-06
21-Jul-2026,75.1266,0.00821918,8.36638,8.36643,4.8377e-05
21-Jul-2026,79.3003,0.00821918,4.21025,4.22054,0.0102896
21-Jul-2026,83.474,0.00821918,0.829436,0.88489,0.0554541
21-Jul-2026,87.6478,0.00821918,0.0152504,0.0213244,0.00607399
21-Jul-2026,91.8215,0.00821918,7.29647e-06,1.702e-05,9.72348e-06
21-Jul-2026,95.9952,0.00821918,4.37924e-11,2.45252e-10,2.0146e-10
21-Jul-2026,66.7792,0.0273973,16.7735,16.774,0.00050495
21-Jul-2026,70.9529,0.0273973,12.6082,12.6137,0.00554629
21-Jul-2026,75.1266,0.0273973,8.48867,8.52037,0.0317006
21-Jul-2026,79.3003,0.0273973,4.67009,4.75715,0.0870564
21-Jul-2026,83.474,0.0273973,1.81114,1.91807,0.10693
21-Jul-2026,87.6478,0.0273973,0.413274,0.467981,0.0547073
21-Jul-2026,91.8215,0.0273973,0.0465458,0.0578782,0.0113324
21-Jul-2026,95.9952,0.0273973,0.00223672,0.00325968,0.00102296
21-Jul-2026,100.169,0.0273973,4.15564e-05,8.55496e-05,4.39932e-05
21-Jul-2026,66.7792,0.0465753,16.827,16.8328,0.00578181
21-Jul-2026,70.9529,0.0465753,12.6873,12.7122,0.0248687
21-Jul-2026,75.1266,0.0465753,8.66924,8.73859,0.0693539
21-Jul-2026,79.3003,0.0465753,5.06182,5.18224,0.120424
21-Jul-2026,83.474,0.0465753,2.33191,2.45663,0.124721
21-Jul-2026,87.6478,0.0465753,0.773224,0.847037,0.0738128
21-Jul-2026,91.8215,0.0465753,0.168262,0.193372,0.0251103
21-Jul-2026,95.9952,0.0465753,0.0221426,0.027649,0.00550637
21-Jul-2026,100.169,0.0465753,0.00166184,0.00252076,0.000858923
21-Jul-2026,66.7792,0.0657534,16.9045,16.9251,0.0205957
21-Jul-2026,70.9529,0.0657534,12.8191,12.8736,0.054478
21-Jul-2026,75.1266,0.0657534,8.92772,9.03252,0.104804
21-Jul-2026,79.3003,0.0657534,5.4935,5.63692,0.143418
21-Jul-2026,83.474,0.0657534,2.84586,2.98076,0.134896
21-Jul-2026,87.6478,0.0657534,1.17543,1.25994,0.0845085
21-Jul-2026,91.8215,0.0657534,0.366028,0.402126,0.036098
21-Jul-2026,95.9952,0.0657534,0.0816388,0.0938582,0.0122194
21-Jul-2026,100.169,0.0657534,0.0125579,0.016262,0.0037041
21-Jul-2026,66.7792,0.0849315,16.9802,17.0164,0.0362461
21-Jul-2026,70.9529,0.0849315,12.9474,13.0242,0.0768004
21-Jul-2026,75.1266,0.0849315,9.14739,9.27263,0.125241
21-Jul-2026,79.3003,0.0849315,5.81386,5.96757,0.153706
21-Jul-2026,83.474,0.0849315,3.20765,3.3453,0.137653
21-Jul-2026,87.6478,0.0849315,1.47605,1.56352,0.0874677
21-Jul-2026,91.8215,0.0849315,0.543489,0.584137,0.0406477
21-Jul-2026,95.9952,0.0849315,0.15406,0.170543,0.0164829
21-Jul-2026,100.169,0.0849315,0.0326671,0.0394223,0.00675521
21-Jul-2026,66.7792,0.112329,17.1176,17.1783,0.0607247
21-Jul-2026,70.9529,0.112329,13.1676,13.2721,0.104501
21-Jul-2026,75.1266,0.112329,9.48634,9.63178,0.145445
21-Jul-2026,79.3003,0.112329,6.26674,6.42708,0.160342
21-Jul-2026,83.474,0.112329,3.70276,3.8387,0.135943
21-Jul-2026,87.6478,0.112329,1.90318,1.98944,0.0862557
21-Jul-2026,91.8215,0.112329,0.826541,0.868967,0.042426
21-Jul-2026,95.9952,0.112329,0.295112,0.315175,0.0200631
21-Jul-2026,100.169,0.112329,0.0848683,0.095933,0.0110647
21-Jul-2026,66.7792,0.194521,17.6133,17.7227,0.109374
21-Jul-2026,70.9529,0.194521,13.8723,14.0136,0.141286
21-Jul-2026,75.1266,0.194521,10.4296,10.5865,0.156938
21-Jul-2026,79.3003,0.194521,7.40413,7.55082,0.146689
21-Jul-2026,83.474,0.194521,4.90156,5.01341,0.111849
21-Jul-2026,87.6478,0.194521,2.984,3.05129,0.0672891
21-Jul-2026,91.8215,0.194521,1.64623,1.67931,0.0330784
21-Jul-2026,95.9952,0.194521,0.811673,0.830185,0.0185122
21-Jul-2026,100.169,0.194521,0.354007,0.370543,0.0165361
21-Jul-2026,66.7792,0.276712,18.1507,18.2716,0.120884
21-Jul-2026,70.9529,0.276712,14.5592,14.696,0.136813
21-Jul-2026,75.1266,0.276712,11.2603,11.3966,0.136307
21-Jul-2026,79.3003,0.276712,8.33734,8.45437,0.117034
21-Jul-2026,83.474,0.276712,5.86179,5.94601,0.0842188
21-Jul-2026,87.6478,0.276712,3.87823,3.92793,0.0496994
21-Jul-2026,91.8215,0.276712,2.39179,2.41786,0.026067
21-Jul-2026,95.9952,0.276712,1.36281,1.38107,0.0182589
21-Jul-2026,100.169,0.276712,0.712787,0.733567,0.0207799
21-Jul-2026,66.7792,0.361644,18.7476,18.8562,0.108604
21-Jul-2026,70.9529,0.361644,15.2776,15.3904,0.112776
21-Jul-2026,75.1266,0.361644,12.0863,12.1913,0.105012
21-Jul-2026,79.3003,0.361644,9.23529,9.32201,0.0867218
21-Jul-2026,83.474,0.361644,6.77674,6.84029,0.0635481
21-Jul-2026,87.6478,0.361644,4.74522,4.78846,0.043243
21-Jul-2026,91.8215,0.361644,3.14995,3.18221,0.0322644
21-Jul-2026,95.9952,0.361644,1.97024,2.00193,0.0316854
21-Jul-2026,100.169,0.361644,1.15607,1.19287,0.0368018
21-Jul-2026,66.7792,0.446575,19.2744,19.3622,0.0877889
21-Jul-2026,70.9529,0.446575,15.8892,15.9764,0.0872252
21-Jul-2026,75.1266,0.446575,12.7696,12.8494,0.0797707
21-Jul-2026,79.3003,0.446575,9.9648,10.0331,0.0682627
21-Jul-2026,83.474,0.446575,7.51692,7.5739,0.0569772
21-Jul-2026,87.6478,0.446575,5.4548,5.50524,0.05044
21-Jul-2026,91.8215,0.446575,3.78896,3.84003,0.0510671
21-Jul-2026,95.9952,0.446575,2.5077,2.56505,0.0573509
21-Jul-2026,100.169,0.446575,1.57614,1.64077,0.06463
21-Jul-2026,66.7792,0.526027,19.7792,19.8448,0.0656199
21-Jul-2026,70.9529,0.526027,16.4625,16.5273,0.0647764
21-Jul-2026,75.1266,0.526027,13.3991,13.4611,0.06204
21-Jul-2026,79.3003,0.526027,10.6304,10.6903,0.0598614
21-Jul-2026,83.474,0.526027,8.19126,8.25263,0.0613732
21-Jul-2026,87.6478,0.526027,6.10669,6.17494,0.0682462
21-Jul-2026,91.8215,0.526027,4.38746,4.46751,0.080046
21-Jul-2026,95.9952,0.526027,3.02708,3.12049,0.093411
21-Jul-2026,100.169,0.526027,2.00032,2.10377,0.103448
21-Jul-2026,66.7792,0.60274,20.2295,20.2766,0.0470506
21-Jul-2026,70.9529,0.60274,16.9662,17.0152,0.0489535
21-Jul-2026,75.1266,0.60274,13.9462,13.9989,0.0527052
21-Jul-2026,79.3003,0.60274,11.2052,11.2656,0.0604205
21-Jul-2026,83.474,0.60274,8.77351,8.84722,0.0737149
21-Jul-2026,87.6478,0.60274,6.67329,6.76558,0.0922906
21-Jul-2026,91.8215,0.60274,4.9151,5.02892,0.113824
21-Jul-2026,95.9952,0.60274,3.49536,3.62917,0.133807
21-Jul-2026,100.169,0.60274,2.3949,2.54198,0.147075
21-Jul-2026,66.7792,0.693151,20.7153,20.7459,0.0305718
21-Jul-2026,70.9529,0.693151,17.5036,17.5414,0.0378018
21-Jul-2026,75.1266,0.693151,14.5253,14.5755,0.0502043
21-Jul-2026,79.3003,0.693151,11.8112,11.8805,0.0692752
21-Jul-2026,83.474,0.693151,9.3878,9.48282,0.0950248
21-Jul-2026,87.6478,0.693151,7.27448,7.40015,0.125673
21-Jul-2026,91.8215,0.693151,5.48139,5.63872,0.157327
21-Jul-2026,95.9952,0.693151,4.00699,4.19159,0.184597
21-Jul-2026,100.169,0.693151,2.83676,3.03889,0.202127
21-Jul-2026,66.7792,0.775342,21.1508,21.1707,0.0199073
21-Jul-2026,70.9529,0.775342,17.9814,18.0147,0.0332838
21-Jul-2026,75.1266,0.775342,15.0371,15.0914,0.054347
21-Jul-2026,79.3003,0.775342,12.3454,12.429,0.0836488
21-Jul-2026,83.474,0.775342,9.92967,10.0499,0.120267
21-Jul-2026,87.6478,0.775342,7.80749,7.96855,0.161063
21-Jul-2026,91.8215,0.775342,5.9883,6.18963,0.201332
21-Jul-2026,95.9952,0.775342,4.47172,4.70689,0.235166
21-Jul-2026,100.169,0.775342,3.24628,3.50336,0.257083
21-Jul-2026,66.7792,0.860274,21.5805,21.5943,0.0137922
21-Jul-2026,70.9529,0.860274,18.4499,18.484,0.034148
21-Jul-2026,75.1266,0.860274,15.5369,15.601,0.0640645
21-Jul-2026,79.3003,0.860274,12.8662,12.9694,0.103247
21-Jul-2026,83.474,0.860274,10.4586,10.6085,0.149934
21-Jul-2026,87.6478,0.860274,8.32999,8.53005,0.200056
21-Jul-2026,91.8215,0.860274,6.48911,6.73743,0.248321
21-Jul-2026,95.9952,0.860274,4.93626,5.22481,0.288551
21-Jul-2026,100.169,0.860274,3.66224,3.97743,0.315186
22-Jul-2026,69.2908,0.00547945,17.3346,17.3346,3.76815e-05
22-Jul-2026,73.6215,0.00547945,13.0047,13.0047,1.62091e-05
22-Jul-2026,77.9522,0.00547945,8.67478,8.67473,5.00044e-05
22-Jul-2026,82.2828,0.00547945,4.34656,4.34755,0.000991214
22-Jul-2026,86.6135,0.00547945,0.638565,0.657271,0.018706
22-Jul-2026,90.9442,0.00547945,0.00126471,0.00132786,6.31511e-05
22-Jul-2026,95.2749,0.00547945,1.71623e-09,6.2943e-10,1.0868e-09
22-Jul-2026,69.2908,0.0246575,17.4003,17.4003,3.5525e-05
22-Jul-2026,73.6215,0.0246575,13.0755,13.0768,0.00126791
22-Jul-2026,77.9522,0.0246575,8.77482,8.78678,0.0119555
22-Jul-2026,82.2828,0.0246575,4.71384,4.75564,0.0418042
22-Jul-2026,86.6135,0.0246575,1.65321,1.69608,0.0428729
22-Jul-2026,90.9442,0.0246575,0.286474,0.289336,0.00286238
22-Jul-2026,95.2749,0.0246575,0.0183792,0.0149576,0.00342155
22-Jul-2026,99.6055,0.0246575,0.000342884,0.00012632,0.000216564
22-Jul-2026,103.936,0.0246575,1.61869e-06,9.19078e-08,1.52678e-06
22-Jul-2026,69.2908,0.0438356,17.455,17.4566,0.00157844
22-Jul-2026,73.6215,0.0438356,13.1458,13.1553,0.00947365
22-Jul-2026,77.9522,0.0438356,8.92378,8.95724,0.0334602
22-Jul-2026,82.2828,0.0438356,5.07494,5.13782,0.0628815
22-Jul-2026,86.6135,0.0438356,2.16516,2.21629,0.0511255
22-Jul-2026,90.9442,0.0438356,0.603265,0.606476,0.00321099
22-Jul-2026,95.2749,0.0438356,0.094667,0.0822174,0.0124496
22-Jul-2026,99.6055,0.0438356,0.00733029,0.00390984,0.00342045
22-Jul-2026,103.936,0.0438356,0.000258457,4.49882e-05,0.000213469
22-Jul-2026,69.2908,0.0630137,17.5289,17.5368,0.00786926
22-Jul-2026,73.6215,0.0630137,13.2598,13.2854,0.0256039
22-Jul-2026,77.9522,0.0630137,9.15067,9.20705,0.0563846
22-Jul-2026,82.2828,0.0630137,5.48344,5.56172,0.078276
22-Jul-2026,86.6135,0.0630137,2.66784,2.72416,0.0563232
22-Jul-2026,90.9442,0.0630137,0.971215,0.973551,0.00233585
22-Jul-2026,95.2749,0.0630137,0.242105,0.217663,0.0244424
22-Jul-2026,99.6055,0.0630137,0.0380833,0.0245219,0.0135614
22-Jul-2026,103.936,0.0630137,0.00359317,0.00109479,0.00249838
22-Jul-2026,69.2908,0.0821918,17.5985,17.6143,0.0157751
22-Jul-2026,73.6215,0.0821918,13.3726,13.4119,0.0392581
22-Jul-2026,77.9522,0.0821918,9.35022,9.42083,0.0706134
22-Jul-2026,82.2828,0.0821918,5.79046,5.87636,0.0859005
22-Jul-2026,86.6135,0.0821918,3.02165,3.07996,0.0583096
22-Jul-2026,90.9442,0.0821918,1.25145,1.25263,0.00118493
22-Jul-2026,95.2749,0.0821918,0.385281,0.352199,0.0330817
22-Jul-2026,99.6055,0.0821918,0.0829561,0.058224,0.0247321
22-Jul-2026,103.936,0.0821918,0.0120258,0.00471129,0.00731451
22-Jul-2026,69.2908,0.109589,17.7235,17.7533,0.0297783
22-Jul-2026,73.6215,0.109589,13.5706,13.6283,0.057711
22-Jul-2026,77.9522,0.109589,9.66536,9.75123,0.0858678
22-Jul-2026,82.2828,0.109589,6.22841,6.32072,0.0923085
22-Jul-2026,86.6135,0.109589,3.50681,3.56584,0.0590339
22-Jul-2026,90.9442,0.109589,1.65491,1.6542,0.000707684
22-Jul-2026,95.2749,0.109589,0.625355,0.581743,0.0436123
22-Jul-2026,99.6055,0.109589,0.181294,0.138559,0.0427346
22-Jul-2026,103.936,0.109589,0.0392639,0.0196188,0.0196451
22-Jul-2026,69.2908,0.191781,18.1826,18.2442,0.061609
22-Jul-2026,73.6215,0.191781,14.2293,14.3156,0.0862758
22-Jul-2026,77.9522,0.191781,10.5692,10.6697,0.100487
22-Jul-2026,82.2828,0.191781,7.34396,7.43575,0.091791
22-Jul-2026,86.6135,0.191781,4.6902,4.74439,0.0541881
22-Jul-2026,90.9442,0.191781,2.6968,2.69363,0.00316746
22-Jul-2026,95.2749,0.191781,1.36483,1.30907,0.0557553
22-Jul-2026,99.6055,0.191781,0.595292,0.517409,0.0778828
22-Jul-2026,103.936,0.191781,0.220911,0.156526,0.0643846
22-Jul-2026,69.2908,0.273973,18.6955,18.7667,0.0712174
22-Jul-2026,73.6215,0.273973,14.8934,14.981,0.0875899
22-Jul-2026,77.9522,0.273973,11.3859,11.479,0.0930872
22-Jul-2026,82.2828,0.273973,8.27379,8.3549,0.081112
22-Jul-2026,86.6135,0.273973,5.64997,5.69907,0.0491045
22-Jul-2026,90.9442,0.273973,3.57807,3.58034,0.00227474
22-Jul-2026,95.2749,0.273973,2.07163,2.02546,0.0461683
22-Jul-2026,99.6055,0.273973,1.08225,1.00297,0.079281
22-Jul-2026,103.936,0.273973,0.506069,0.420434,0.0856346
22-Jul-2026,69.2908,0.358904,19.2785,19.3427,0.064241
22-Jul-2026,73.6215,0.358904,15.603,15.6776,0.0746212
22-Jul-2026,77.9522,0.358904,12.2119,12.2893,0.0774415
22-Jul-2026,82.2828,0.358904,9.18027,9.24967,0.0694031
22-Jul-2026,86.6135,0.358904,6.57595,6.62493,0.0489824
22-Jul-2026,90.9442,0.358904,4.44785,4.46562,0.0177685
22-Jul-2026,95.2749,0.358904,2.8135,2.79448,0.0190215
22-Jul-2026,99.6055,0.358904,1.64983,1.59696,0.052865
22-Jul-2026,103.936,0.358904,0.891941,0.817713,0.0742281
22-Jul-2026,69.2908,0.443836,19.8018,19.8518,0.04997
22-Jul-2026,73.6215,0.443836,16.2165,16.275,0.0584975
22-Jul-2026,77.9522,0.443836,12.9041,12.9675,0.063444
22-Jul-2026,82.2828,0.443836,9.92505,9.98791,0.0628646
22-Jul-2026,86.6135,0.443836,7.33366,7.38864,0.0549844
22-Jul-2026,90.9442,0.443836,5.17042,5.20928,0.0388558
22-Jul-2026,95.2749,0.443836,3.4534,3.46842,0.0150168
22-Jul-2026,99.6055,0.443836,2.1711,2.15765,0.013454
22-Jul-2026,103.936,0.443836,1.27938,1.23894,0.0404376
22-Jul-2026,69.2908,0.523288,20.3097,20.343,0.0332556
22-Jul-2026,73.6215,0.523288,16.7982,16.8411,0.0428576
22-Jul-2026,77.9522,0.523288,13.5485,13.6011,0.0526357
22-Jul-2026,82.2828,0.523288,10.6109,10.6721,0.0612164
22-Jul-2026,86.6135,0.523288,8.03062,8.09677,0.0661481
22-Jul-2026,90.9442,0.523288,5.84214,5.90671,0.0645716
22-Jul-2026,95.2749,0.523288,4.06294,4.11688,0.053936
22-Jul-2026,99.6055,0.523288,2.68788,2.72153,0.0336501
22-Jul-2026,103.936,0.523288,1.68589,1.69261,0.00671594
22-Jul-2026,69.2908,0.6,20.7671,20.7852,0.0181269
22-Jul-2026,73.6215,0.6,17.314,17.3445,0.0304949
22-Jul-2026,77.9522,0.6,14.1131,14.1593,0.0461871
22-Jul-2026,82.2828,0.6,11.2079,11.2717,0.0637561
22-Jul-2026,86.6135,0.6,8.63731,8.71748,0.0801727
22-Jul-2026,90.9442,0.6,6.43163,6.52277,0.0911392
22-Jul-2026,95.2749,0.6,4.60731,4.69956,0.0922508
22-Jul-2026,99.6055,0.6,3.1626,3.24326,0.0806634
22-Jul-2026,103.936,0.6,2.07451,2.13158,0.0570651
22-Jul-2026,69.2908,0.690411,21.2649,21.2678,0.00294848
22-Jul-2026,73.6215,0.690411,17.8688,17.8887,0.0198851
22-Jul-2026,77.9522,0.690411,14.7152,14.7582,0.0430231
22-Jul-2026,82.2828,0.690411,11.8417,11.9123,0.07065
22-Jul-2026,86.6135,0.690411,9.28192,9.38088,0.0989645
22-Jul-2026,90.9442,0.690411,7.06224,7.1849,0.122659
22-Jul-2026,95.2749,0.690411,5.19778,5.33377,0.13599
22-Jul-2026,99.6055,0.690411,3.68899,3.82345,0.134462
22-Jul-2026,103.936,0.690411,2.51901,2.63588,0.11687
22-Jul-2026,69.2908,0.772603,21.7144,21.7057,0.00871581
22-Jul-2026,73.6215,0.772603,18.3653,18.3786,0.0132901
22-Jul-2026,77.9522,0.772603,15.2507,15.2942,0.0434977
22-Jul-2026,82.2828,0.772603,12.4037,12.4837,0.0800138
22-Jul-2026,86.6135,0.772603,9.85408,9.97245,0.118367
22-Jul-2026,90.9442,0.772603,7.6252,7.77783,0.152632
22-Jul-2026,95.2749,0.772603,5.73093,5.90722,0.176287
22-Jul-2026,99.6055,0.772603,4.17281,4.35673,0.183925
22-Jul-2026,103.936,0.772603,2.93792,3.111,0.173076
22-Jul-2026,69.2908,0.857534,22.1607,22.1427,0.0179668
22-Jul-2026,73.6215,0.857534,18.8551,18.8646,0.00950115
22-Jul-2026,77.9522,0.857534,15.7764,15.8234,0.0469501
22-Jul-2026,82.2828,0.857534,12.9544,13.0462,0.0917957
22-Jul-2026,86.6135,0.857534,10.4154,10.5547,0.139276
22-Jul-2026,90.9442,0.857534,8.18012,8.36322,0.183099
22-Jul-2026,95.2749,0.857534,6.26121,6.47747,0.216259
22-Jul-2026,99.6055,0.857534,4.66079,4.89358,0.232795
22-Jul-2026,103.936,0.857534,3.36879,3.59813,0.22934
23-Jul-2026,67.7102,0.00273973,16.9335,16.9335,3.21779e-06
23-Jul-2026,71.9421,0.00273973,12.7019,12.702,6.53322e-05
23-Jul-2026,76.174,0.00273973,8.47041,8.47043,2.38822e-05
23-Jul-2026,80.4059,0.00273973,4.23892,4.23899,6.74109e-05
23-Jul-2026,84.6378,0.00273973,0.453116,0.478867,0.0257513
23-Jul-2026,88.8697,0.00273973,1.79969e-05,3.32547e-05,1.52578e-05
23-Jul-2026,67.7102,0.0219178,16.9983,16.9984,9.86591e-05
23-Jul-2026,71.9421,0.0219178,12.7717,12.7732,0.00145552
23-Jul-2026,76.174,0.0219178,8.56772,8.58171,0.0139886
23-Jul-2026,80.4059,0.0219178,4.59668,4.65039,0.0537079
23-Jul-2026,84.6378,0.0219178,1.60935,1.67771,0.0683602
23-Jul-2026,88.8697,0.0219178,0.280391,0.301547,0.0211559
23-Jul-2026,93.1016,0.0219178,0.0185489,0.0183914,0.000157467
23-Jul-2026,97.3335,0.0219178,0.000373436,0.000232398,0.000141038
23-Jul-2026,101.565,0.0219178,1.99584e-06,3.46559e-07,1.64928e-06
23-Jul-2026,67.7102,0.0410959,17.0525,17.0543,0.00182203
23-Jul-2026,71.9421,0.0410959,12.8426,12.8533,0.0107491
23-Jul-2026,76.174,0.0410959,8.72341,8.7614,0.0379872
23-Jul-2026,80.4059,0.0410959,4.98057,5.05406,0.0734904
23-Jul-2026,84.6378,0.0410959,2.15657,2.22547,0.0688966
23-Jul-2026,88.8697,0.0410959,0.625515,0.646183,0.0206678
23-Jul-2026,93.1016,0.0410959,0.106997,0.101329,0.00566783
23-Jul-2026,97.3335,0.0410959,0.00964815,0.00656677,0.00308138
23-Jul-2026,101.565,0.0410959,0.000425566,0.000128394,0.000297172
23-Jul-2026,67.7102,0.060274,17.1274,17.1359,0.00846992
23-Jul-2026,71.9421,0.060274,12.9629,12.9895,0.0265662
23-Jul-2026,76.174,0.060274,8.96823,9.02436,0.0561349
23-Jul-2026,80.4059,0.060274,5.41994,5.49538,0.0754411
23-Jul-2026,84.6378,0.060274,2.69731,2.75136,0.0540529
23-Jul-2026,88.8697,0.060274,1.03237,1.03639,0.00402191
23-Jul-2026,93.1016,0.060274,0.283028,0.259889,0.0231387
23-Jul-2026,97.3335,0.060274,0.0520929,0.0367389,0.015354
23-Jul-2026,101.565,0.060274,0.0061526,0.00239885,0.00375375
23-Jul-2026,67.7102,0.0794521,17.2002,17.2158,0.0156151
23-Jul-2026,71.9421,0.0794521,13.0854,13.1218,0.0364363
23-Jul-2026,76.174,0.0794521,9.18675,9.24723,0.0604812
23-Jul-2026,80.4059,0.0794521,5.75364,5.81944,0.0657951
23-Jul-2026,84.6378,0.0794521,3.0823,3.11607,0.0337717
23-Jul-2026,88.8697,0.0794521,1.34641,1.32846,0.017953
23-Jul-2026,93.1016,0.0794521,0.456198,0.411463,0.0447354
23-Jul-2026,97.3335,0.0794521,0.114496,0.0817487,0.0327473
23-Jul-2026,101.565,0.0794521,0.0205979,0.0089634,0.0116345
23-Jul-2026,67.7102,0.106849,17.3351,17.3597,0.0245602
23-Jul-2026,71.9421,0.106849,13.3048,13.3469,0.0420846
23-Jul-2026,76.174,0.106849,9.53609,9.58818,0.0520897
23-Jul-2026,80.4059,0.106849,6.2355,6.273,0.0374969
23-Jul-2026,84.6378,0.106849,3.61785,3.6101,0.00775349
23-Jul-2026,88.8697,0.106849,1.80551,1.74338,0.0621266
23-Jul-2026,93.1016,0.106849,0.750297,0.66231,0.0879871
23-Jul-2026,97.3335,0.106849,0.251911,0.181423,0.0704881
23-Jul-2026,101.565,0.106849,0.0668489,0.0322347,0.0346142
23-Jul-2026,67.7102,0.189041,17.8537,17.863,0.00928197
23-Jul-2026,71.9421,0.189041,14.0563,14.0495,0.00683752
23-Jul-2026,76.174,0.189041,10.5637,10.5199,0.0438259
23-Jul-2026,80.4059,0.189041,7.49842,7.39502,0.103397
23-Jul-2026,84.6378,0.189041,4.96778,4.79261,0.175166
23-Jul-2026,88.8697,0.189041,3.03245,2.79634,0.236111
23-Jul-2026,93.1016,0.189041,1.68315,1.42366,0.259487
23-Jul-2026,97.3335,0.189041,0.839108,0.607362,0.231746
23-Jul-2026,101.565,0.189041,0.372263,0.206792,0.165471
23-Jul-2026,67.7102,0.271233,18.456,18.3903,0.0656717
23-Jul-2026,71.9421,0.271233,14.8387,14.7178,0.120886
23-Jul-2026,76.174,0.271233,11.5243,11.3276,0.196676
23-Jul-2026,80.4059,0.271233,8.59323,8.30721,0.286019
23-Jul-2026,84.6378,0.271233,6.11174,5.73781,0.373929
23-Jul-2026,88.8697,0.271233,4.11734,3.67828,0.439063
23-Jul-2026,93.1016,0.271233,2.60903,2.14847,0.460564
23-Jul-2026,97.3335,0.271233,1.54513,1.11755,0.427582
23-Jul-2026,101.565,0.271233,0.850999,0.503912,0.347087
23-Jul-2026,67.7102,0.356164,19.1607,18.965,0.195671
23-Jul-2026,71.9421,0.356164,15.6987,15.4098,0.28891
23-Jul-2026,76.174,0.356164,12.5259,12.1286,0.397331
23-Jul-2026,80.4059,0.356164,9.69729,9.18778,0.509512
23-Jul-2026,84.6378,0.356164,7.25607,6.64707,0.609003
23-Jul-2026,88.8697,0.356164,5.22669,4.54971,0.67698
23-Jul-2026,93.1016,0.356164,3.61016,2.91304,0.697122
23-Jul-2026,97.3335,0.356164,2.38263,1.72134,0.661286
23-Jul-2026,101.565,0.356164,1.49834,0.924363,0.573977
23-Jul-2026,67.7102,0.441096,19.8084,19.4691,0.339254
23-Jul-2026,71.9421,0.441096,16.4602,15.9992,0.461022
23-Jul-2026,76.174,0.441096,13.3869,12.795,0.591866
23-Jul-2026,80.4059,0.441096,10.6295,9.91077,0.718734
23-Jul-2026,84.6378,0.441096,8.21908,7.39366,0.825421
23-Jul-2026,88.8697,0.441096,6.17291,5.27763,0.895278
23-Jul-2026,93.1016,0.441096,4.49197,3.57694,0.915029
23-Jul-2026,97.3335,0.441096,3.16011,2.28159,0.878519
23-Jul-2026,101.565,0.441096,2.14549,1.35618,0.789306
23-Jul-2026,67.7102,0.520548,20.4487,19.9535,0.495225
23-Jul-2026,71.9421,0.520548,17.1958,16.5555,0.640253
23-Jul-2026,76.174,0.520548,14.2043,13.4157,0.788573
23-Jul-2026,80.4059,0.520548,11.5056,10.5792,0.926438
23-Jul-2026,84.6378,0.520548,9.12279,8.08436,1.03843
23-Jul-2026,88.8697,0.520548,7.06847,5.95844,1.11003
23-Jul-2026,93.1016,0.520548,5.34309,4.21277,1.13032
23-Jul-2026,97.3335,0.520548,3.93461,2.84001,1.0946
23-Jul-2026,101.565,0.520548,2.81942,1.81347,1.00595
23-Jul-2026,67.7102,0.59726,21.034,20.3884,0.645561
23-Jul-2026,71.9421,0.59726,17.8577,17.0493,0.808401
23-Jul-2026,76.174,0.59726,14.9313,13.9616,0.969686
23-Jul-2026,80.4059,0.59726,12.2797,11.1641,1.11556
23-Jul-2026,84.6378,0.59726,9.92082,8.6892,1.23162
23-Jul-2026,88.8697,0.59726,7.86406,6.55901,1.30505
23-Jul-2026,93.1016,0.59726,6.1093,4.78267,1.32663
23-Jul-2026,97.3335,0.59726,4.64676,3.35406,1.2927
23-Jul-2026,101.565,0.59726,3.4577,2.25159,1.20611
23-Jul-2026,67.7102,0.687671,21.6786,20.8623,0.816262
23-Jul-2026,71.9421,0.687671,18.5782,17.5824,0.995831
23-Jul-2026,76.174,0.687671,15.7158,14.5469,1.1689
23-Jul-2026,80.4059,0.687671,13.1111,11.789,1.32213
23-Jul-2026,84.6378,0.687671,10.7777,9.33539,1.44231
23-Jul-2026,88.8697,0.687671,8.72228,7.20413,1.51815
23-Jul-2026,93.1016,0.687671,6.94411,5.4021,1.54201
23-Jul-2026,97.3335,0.687671,5.43499,3.92387,1.51112
23-Jul-2026,101.565,0.687671,4.1798,2.7517,1.4281
23-Jul-2026,67.7102,0.769863,22.2666,21.2919,0.974737
23-Jul-2026,71.9421,0.769863,19.2292,18.062,1.16724
23-Jul-2026,76.174,0.769863,16.42,15.0705,1.34952
23-Jul-2026,80.4059,0.769863,13.8547,12.3461,1.50858
23-Jul-2026,84.6378,0.769863,11.5439,9.91162,1.63228
23-Jul-2026,88.8697,0.769863,9.49251,7.78175,1.71076
23-Jul-2026,93.1016,0.769863,7.69918,5.96176,1.73742
23-Jul-2026,97.3335,0.769863,6.15668,4.44655,1.71013
23-Jul-2026,101.565,0.769863,4.85219,3.22083,1.63136
23-Jul-2026,67.7102,0.854795,22.8546,21.7204,1.13419
23-Jul-2026,71.9421,0.854795,19.8758,18.5376,1.33819
23-Jul-2026,76.174,0.854795,17.1158,15.5874,1.52842
23-Jul-2026,80.4059,0.854795,14.5875,12.8947,1.69281
23-Jul-2026,84.6378,0.854795,12.299,10.4789,1.82012
23-Jul-2026,88.8697,0.854795,10.2537,8.35207,1.90163
23-Jul-2026,93.1016,0.854795,8.44986,6.51811,1.93175
23-Jul-2026,97.3335,0.854795,6.88081,4.97206,1.90875
23-Jul-2026,101.565,0.854795,5.53546,3.70047,1.83499
24-Jul-2026,68.3636,0.0191781,17.1574,17.1573,8.31399e-05
24-Jul-2026,72.6363,0.0191781,12.8893,12.89,0.000698427
24-Jul-2026,76.909,0.0191781,8.63661,8.64732,0.0107098
24-Jul-2026,81.1817,0.0191781,4.58721,4.63697,0.0497606
24-Jul-2026,85.4544,0.0191781,1.53014,1.59845,0.0683142
24-Jul-2026,89.7272,0.0191781,0.232108,0.252243,0.020135
24-Jul-2026,93.9999,0.0191781,0.0115756,0.0115882,1.26276e-05
24-Jul-2026,98.2726,0.0191781,0.000145972,8.69042e-05,5.90678e-05
24-Jul-2026,102.545,0.0191781,3.98459e-07,5.63396e-08,3.42119e-07
24-Jul-2026,68.3636,0.0383562,17.2125,17.2137,0.00120505
24-Jul-2026,72.6363,0.0383562,12.958,12.9669,0.00888777
24-Jul-2026,76.909,0.0383562,8.7823,8.81748,0.035176
24-Jul-2026,81.1817,0.0383562,4.96729,5.04094,0.0736514
24-Jul-2026,85.4544,0.0383562,2.09107,2.16348,0.0724116
24-Jul-2026,89.7272,0.0383562,0.568971,0.591989,0.0230182
24-Jul-2026,93.9999,0.0383562,0.0864577,0.0824871,0.00397057
24-Jul-2026,98.2726,0.0383562,0.00645276,0.00433056,0.0021222
24-Jul-2026,102.545,0.0383562,0.000217765,6.08009e-05,0.000156964
24-Jul-2026,68.3636,0.0575342,17.287,17.2943,0.00729439
24-Jul-2026,72.6363,0.0575342,13.0737,13.0986,0.0249159
24-Jul-2026,76.909,0.0575342,9.01944,9.07559,0.0561485
24-Jul-2026,81.1817,0.0575342,5.40619,5.48607,0.0798815
24-Jul-2026,85.4544,0.0575342,2.63874,2.70023,0.0614924
24-Jul-2026,89.7272,0.0575342,0.971825,0.982151,0.0103261
24-Jul-2026,93.9999,0.0575342,0.249275,0.230694,0.0185805
24-Jul-2026,98.2726,0.0575342,0.0413971,0.0291254,0.0122717
24-Jul-2026,102.545,0.0575342,0.00423657,0.00159614,0.00264043
24-Jul-2026,68.3636,0.0767123,17.3585,17.3731,0.0145788
24-Jul-2026,72.6363,0.0767123,13.1925,13.2285,0.0360432
24-Jul-2026,76.909,0.0767123,9.23399,9.29727,0.0632776
24-Jul-2026,81.1817,0.0767123,5.74002,5.81355,0.0735264
24-Jul-2026,85.4544,0.0767123,3.02666,3.07106,0.0443951
24-Jul-2026,89.7272,0.0767123,1.28384,1.27544,0.0084013
24-Jul-2026,93.9999,0.0767123,0.414262,0.376826,0.0374365
24-Jul-2026,98.2726,0.0767123,0.0965695,0.0691158,0.0274537
24-Jul-2026,102.545,0.0767123,0.015692,0.00670367,0.00898833
24-Jul-2026,68.3636,0.0958904,17.4408,17.4623,0.0214578
24-Jul-2026,72.6363,0.0958904,13.3272,13.3701,0.0428713
24-Jul-2026,76.909,0.0958904,9.45534,9.51798,0.0626418
24-Jul-2026,81.1817,0.0958904,6.05454,6.11463,0.0600871
24-Jul-2026,85.4544,0.0958904,3.37984,3.40192,0.0220802
24-Jul-2026,89.7272,0.0958904,1.58106,1.54871,0.0323547
24-Jul-2026,93.9999,0.0958904,0.594471,0.533336,0.0611346
24-Jul-2026,98.2726,0.0958904,0.172828,0.124893,0.0479347
24-Jul-2026,102.545,0.0958904,0.0378051,0.0175259,0.0202792
24-Jul-2026,68.3636,0.10411,17.4909,17.5155,0.0245773
24-Jul-2026,72.6363,0.10411,13.4071,13.4517,0.0446097
24-Jul-2026,76.909,0.10411,9.57928,9.63873,0.0594509
24-Jul-2026,81.1817,0.10411,6.22213,6.27236,0.0502298
24-Jul-2026,85.4544,0.10411,3.56469,3.57257,0.00788219
24-Jul-2026,89.7272,0.10411,1.74054,1.6931,0.0474355
24-Jul-2026,93.9999,0.10411,0.698608,0.622604,0.0760044
24-Jul-2026,98.2726,0.10411,0.222874,0.161639,0.0612354
24-Jul-2026,102.545,0.10411,0.0551813,0.0264783,0.028703
24-Jul-2026,68.3636,0.186301,18.0015,18.019,0.0174767
24-Jul-2026,72.6363,0.186301,14.149,14.1566,0.00756757
24-Jul-2026,76.909,0.186301,10.6007,10.5784,0.0223248
24-Jul-2026,81.1817,0.186301,7.48504,7.40928,0.0757625
24-Jul-2026,85.4544,0.186301,4.91668,4.77245,0.144235
24-Jul-2026,89.7272,0.186301,2.9621,2.75653,0.205566
24-Jul-2026,93.9999,0.186301,1.61285,1.38087,0.231983
24-Jul-2026,98.2726,0.186301,0.782913,0.574518,0.208395
24-Jul-2026,102.545,0.186301,0.335401,0.188544,0.146857
24-Jul-2026,68.3636,0.268493,18.5979,18.5511,0.0468482
24-Jul-2026,72.6363,0.268493,14.926,14.8322,0.0938259
24-Jul-2026,76.909,0.268493,11.5581,11.3969,0.161233
24-Jul-2026,81.1817,0.268493,8.5792,8.33537,0.243831
24-Jul-2026,85.4544,0.268493,6.0603,5.73238,0.327916
24-Jul-2026,89.7272,0.268493,4.04283,3.65003,0.3928
24-Jul-2026,93.9999,0.268493,2.52717,2.11014,0.417026
24-Jul-2026,98.2726,0.268493,1.4697,1.081,0.388703
24-Jul-2026,102.545,0.268493,0.790859,0.476937,0.313922
24-Jul-2026,68.3636,0.353425,19.2978,19.1334,0.164356
24-Jul-2026,72.6363,0.353425,15.7819,15.5341,0.247794
24-Jul-2026,76.909,0.353425,12.5573,12.2103,0.346994
24-Jul-2026,81.1817,0.353425,9.68234,9.23047,0.451871
24-Jul-2026,85.4544,0.353425,7.20362,6.65666,0.546963
24-Jul-2026,89.7272,0.353425,5.14846,4.53447,0.613988
24-Jul-2026,93.9999,0.353425,3.51925,2.88298,0.636267
24-Jul-2026,98.2726,0.353425,2.29156,1.68658,0.604979
24-Jul-2026,102.545,0.353425,1.41703,0.89317,0.52386
24-Jul-2026,68.3636,0.438356,19.9421,19.6455,0.296626
24-Jul-2026,72.6363,0.438356,16.5407,16.133,0.407686
24-Jul-2026,76.909,0.438356,13.4167,12.8879,0.528774
24-Jul-2026,81.1817,0.438356,10.6138,9.96585,0.647947
24-Jul-2026,85.4544,0.438356,8.16567,7.41595,0.749718
24-Jul-2026,89.7272,0.438356,6.09196,5.27396,0.818
24-Jul-2026,93.9999,0.438356,4.39492,3.55563,0.839286
24-Jul-2026,98.2726,0.438356,3.0583,2.25138,0.806923
24-Jul-2026,102.545,0.438356,2.04875,1.32491,0.723839
24-Jul-2026,68.3636,0.517808,20.5798,20.1379,0.441851
24-Jul-2026,72.6363,0.517808,17.2743,16.6988,0.575483
24-Jul-2026,76.909,0.517808,14.2329,13.5193,0.7136
24-Jul-2026,81.1817,0.517808,11.4892,10.6459,0.84334
24-Jul-2026,85.4544,0.517808,9.06855,8.11853,0.950021
24-Jul-2026,89.7272,0.517808,6.98538,5.96588,1.0195
24-Jul-2026,93.9999,0.517808,5.2413,4.20061,1.04069
24-Jul-2026,98.2726,0.517808,3.82442,2.81586,1.00856
24-Jul-2026,102.545,0.517808,2.71024,1.78453,0.925709
24-Jul-2026,68.3636,0.594521,21.1632,20.5805,0.582741
24-Jul-2026,72.6363,0.594521,17.9348,17.2011,0.733692
24-Jul-2026,76.909,0.594521,14.9591,14.0747,0.884437
24-Jul-2026,81.1817,0.594521,12.2629,11.241,1.02188
24-Jul-2026,85.4544,0.594521,9.86599,8.73377,1.13222
24-Jul-2026,89.7272,0.594521,7.77942,6.57639,1.20303
24-Jul-2026,93.9999,0.594521,6.00405,4.77912,1.22493
24-Jul-2026,98.2726,0.594521,4.53037,3.33633,1.19404
24-Jul-2026,102.545,0.594521,3.33907,2.22629,1.11278
24-Jul-2026,68.3636,0.684932,21.8061,21.0627,0.74342
24-Jul-2026,72.6363,0.684932,18.6541,17.7434,0.910651
24-Jul-2026,76.909,0.684932,15.743,14.6701,1.07289
24-Jul-2026,81.1817,0.684932,13.094,11.8767,1.21733
24-Jul-2026,85.4544,0.684932,10.7225,9.39105,1.33145
24-Jul-2026,89.7272,0.684932,8.63635,7.23225,1.4041
24-Jul-2026,93.9999,0.684932,6.83584,5.40817,1.42767
24-Jul-2026,98.2726,0.684932,5.31303,3.91388,1.39915
24-Jul-2026,102.545,0.684932,4.05248,2.73163,1.32085
24-Jul-2026,68.3636,0.767123,22.3928,21.4998,0.893033
24-Jul-2026,72.6363,0.767123,19.3043,18.2314,1.07293
24-Jul-2026,76.909,0.767123,16.4468,15.2027,1.24406
24-Jul-2026,81.1817,0.767123,13.8375,12.4434,1.39408
24-Jul-2026,85.4544,0.767123,11.4885,9.97712,1.51138
24-Jul-2026,89.7272,0.767123,9.40575,7.8195,1.58625
24-Jul-2026,93.9999,0.767123,7.58877,5.9767,1.61207
24-Jul-2026,98.2726,0.767123,6.03061,4.44406,1.58655
24-Jul-2026,102.545,0.767123,4.71827,3.20639,1.51188
24-Jul-2026,68.3636,0.852055,22.98,21.9358,1.04416
24-Jul-2026,72.6363,0.852055,19.9504,18.7152,1.23515
24-Jul-2026,76.909,0.852055,17.1425,15.7285,1.41399
24-Jul-2026,81.1817,0.852055,14.5705,13.0014,1.56912
24-Jul-2026,85.4544,0.852055,12.2437,10.554,1.68968
24-Jul-2026,89.7272,0.852055,10.1665,8.39933,1.76717
24-Jul-2026,93.9999,0.852055,8.33781,6.54198,1.79583
24-Jul-2026,98.2726,0.852055,6.7514,4.9774,1.774
24-Jul-2026,102.545,0.852055,5.39601,3.69229,1.70372
27-Jul-2026,68.594,0.0109589,17.1723,17.1722,6.96611e-05
27-Jul-2026,72.8811,0.0109589,12.8867,12.8866,8.01916e-05
27-Jul-2026,77.1682,0.0109589,8.60111,8.60117,6.14157e-05
27-Jul-2026,81.4553,0.0109589,4.3415,4.35095,0.00944743
27-Jul-2026,85.7424,0.0109589,0.912846,0.94784,0.0349937
27-Jul-2026,90.0296,0.0109589,0.0229772,0.0254042,0.00242699
27-Jul-2026,94.3167,0.0109589,2.0997e-05,1.7054e-05,3.94303e-06
27-Jul-2026,98.6038,0.0109589,3.21994e-10,4.82272e-11,2.73767e-10
27-Jul-2026,102.891,0.0109589,1.72251e-15,-1.09401e-15,2.81652e-15
27-Jul-2026,68.594,0.030137,17.2379,17.238,0.00012043
27-Jul-2026,72.8811,0.030137,12.9592,12.9619,0.00273589
27-Jul-2026,77.1682,0.030137,8.7211,8.73883,0.017728
27-Jul-2026,81.4553,0.030137,4.77198,4.82053,0.0485534
27-Jul-2026,85.7424,0.030137,1.80433,1.85109,0.0467553
27-Jul-2026,90.0296,0.030137,0.382158,0.387692,0.0055343
27-Jul-2026,94.3167,0.030137,0.0365901,0.0316379,0.00495223
27-Jul-2026,98.6038,0.030137,0.00132038,0.000645035,0.000675345
27-Jul-2026,102.891,0.030137,1.60408e-05,2.03771e-06,1.40031e-05
27-Jul-2026,68.594,0.0493151,17.2937,17.2962,0.00246299
27-Jul-2026,72.8811,0.0493151,13.037,13.0492,0.0121668
27-Jul-2026,77.1682,0.0493151,8.8912,8.92666,0.035458
27-Jul-2026,81.4553,0.0493151,5.14725,5.20403,0.0567804
27-Jul-2026,85.7424,0.0493151,2.31071,2.34906,0.0383546
27-Jul-2026,90.0296,0.0493151,0.721399,0.714816,0.00658326
27-Jul-2026,94.3167,0.0493151,0.139825,0.120738,0.0190873
27-Jul-2026,98.6038,0.0493151,0.0152031,0.00869684,0.00650626
27-Jul-2026,102.891,0.0493151,0.000867316,0.00019952,0.000667796
27-Jul-2026,68.594,0.0684932,17.3721,17.381,0.00885725
27-Jul-2026,72.8811,0.0684932,13.165,13.1896,0.0246369
27-Jul-2026,77.1682,0.0684932,9.14161,9.18749,0.0458771
27-Jul-2026,81.4553,0.0684932,5.57505,5.62551,0.0504605
27-Jul-2026,85.7424,0.0684932,2.82676,2.84374,0.0169802
27-Jul-2026,90.0296,0.0684932,1.11798,1.086,0.0319784
27-Jul-2026,94.3167,0.0684932,0.322513,0.276508,0.0460049
27-Jul-2026,98.6038,0.0684932,0.0638137,0.0395702,0.0242435
27-Jul-2026,102.891,0.0684932,0.00830248,0.00262305,0.00567943
27-Jul-2026,68.594,0.0876712,17.448,17.4627,0.0147144
27-Jul-2026,72.8811,0.0876712,13.2914,13.3227,0.0312625
27-Jul-2026,77.1682,0.0876712,9.36069,9.4061,0.0454105
27-Jul-2026,81.4553,0.0876712,5.90127,5.93781,0.0365365
27-Jul-2026,85.7424,0.0876712,3.19958,3.19286,0.00671721
27-Jul-2026,90.0296,0.0876712,1.42501,1.36639,0.0586167
27-Jul-2026,94.3167,0.0876712,0.49675,0.423082,0.0736681
27-Jul-2026,98.6038,0.0876712,0.129605,0.0832342,0.0463708
27-Jul-2026,102.891,0.0876712,0.0245286,0.00896315,0.0155655
27-Jul-2026,68.594,0.0958904,17.4948,17.5123,0.0175317
27-Jul-2026,72.8811,0.0958904,13.3679,13.4009,0.0329826
27-Jul-2026,77.1682,0.0958904,9.48456,9.52673,0.0421679
27-Jul-2026,81.4553,0.0958904,6.07462,6.10088,0.0262645
27-Jul-2026,85.7424,0.0958904,3.3932,3.37147,0.0217292
27-Jul-2026,90.0296,0.0958904,1.58947,1.51432,0.0751476
27-Jul-2026,94.3167,0.0958904,0.599127,0.508416,0.090711
27-Jul-2026,98.6038,0.0958904,0.174889,0.113862,0.0610272
27-Jul-2026,102.891,0.0958904,0.038479,0.0149156,0.0235634
27-Jul-2026,68.594,0.178082,17.9883,17.9981,0.00983675
27-Jul-2026,72.8811,0.178082,14.1001,14.0949,0.0051838
27-Jul-2026,77.1682,0.178082,10.5163,10.4738,0.0424966
27-Jul-2026,81.4553,0.178082,7.37272,7.2677,0.105024
27-Jul-2026,85.7424,0.178082,4.79156,4.61026,0.181298
27-Jul-2026,90.0296,0.178082,2.84311,2.5987,0.244413
27-Jul-2026,94.3167,0.178082,1.5161,1.25302,0.263078
27-Jul-2026,98.6038,0.178082,0.715992,0.491764,0.224228
27-Jul-2026,102.891,0.178082,0.296226,0.148174,0.148052
27-Jul-2026,68.594,0.260274,18.5806,18.5244,0.0561937
27-Jul-2026,72.8811,0.260274,14.8806,14.7707,0.10989
27-Jul-2026,77.1682,0.260274,11.4876,11.301,0.186554
27-Jul-2026,81.4553,0.260274,8.49016,8.21045,0.279708
27-Jul-2026,85.7424,0.260274,5.9622,5.58937,0.372829
27-Jul-2026,90.0296,0.260274,3.94652,3.50489,0.441633
27-Jul-2026,94.3167,0.260274,2.44235,1.98064,0.461709
27-Jul-2026,98.6038,0.260274,1.40261,0.981512,0.421098
27-Jul-2026,102.891,0.260274,0.743249,0.413136,0.330113
27-Jul-2026,68.594,0.345205,19.2522,19.0807,0.171456
27-Jul-2026,72.8811,0.345205,15.7085,15.4463,0.262157
27-Jul-2026,77.1682,0.345205,12.46,12.0891,0.370907
27-Jul-2026,81.4553,0.345205,9.56775,9.08133,0.486419
27-Jul-2026,85.7424,0.345205,7.08055,6.48952,0.591025
27-Jul-2026,90.0296,0.345205,5.02651,4.36313,0.663385
27-Jul-2026,94.3167,0.345205,3.40729,2.72308,0.684211
27-Jul-2026,98.6038,0.345205,2.19622,1.55233,0.643888
27-Jul-2026,102.891,0.345205,1.34172,0.793457,0.548263
27-Jul-2026,68.594,0.430137,19.9012,19.5936,0.307648
27-Jul-2026,72.8811,0.430137,16.477,16.0496,0.427437
27-Jul-2026,77.1682,0.430137,13.3342,12.7748,0.559412
27-Jul-2026,81.4553,0.430137,10.5178,9.82773,0.690069
27-Jul-2026,85.7424,0.430137,8.06277,7.2607,0.802067
27-Jul-2026,90.0296,0.430137,5.98893,5.11225,0.876683
27-Jul-2026,94.3167,0.430137,4.29802,3.39973,0.898286
27-Jul-2026,98.6038,0.430137,2.97246,2.11315,0.859314
27-Jul-2026,102.891,0.430137,1.97702,1.21323,0.763786
27-Jul-2026,68.594,0.509589,20.5748,20.1097,0.465087
27-Jul-2026,72.8811,0.509589,17.2546,16.6448,0.609759
27-Jul-2026,77.1682,0.509589,14.2016,13.4411,0.76046
27-Jul-2026,81.4553,0.509589,11.4497,10.5469,0.902797
27-Jul-2026,85.7424,0.509589,9.02458,8.00417,1.02041
27-Jul-2026,90.0296,0.509589,6.94039,5.84336,1.09703
27-Jul-2026,94.3167,0.509589,5.19828,4.07835,1.11993
27-Jul-2026,98.6038,0.509589,3.78564,2.70235,1.08329
27-Jul-2026,102.891,0.509589,2.67708,1.68686,0.990216
27-Jul-2026,68.594,0.586301,21.1349,20.5308,0.604121
27-Jul-2026,72.8811,0.586301,17.8904,17.1242,0.766175
27-Jul-2026,77.1682,0.586301,14.9019,13.9725,0.929413
27-Jul-2026,81.4553,0.586301,12.1967,11.1173,1.07942
27-Jul-2026,85.7424,0.586301,9.79496,8.59412,1.20084
27-Jul-2026,90.0296,0.586301,7.70742,6.42821,1.27921
27-Jul-2026,94.3167,0.586301,5.93461,4.63088,1.30373
27-Jul-2026,98.6038,0.586301,4.46635,3.19664,1.26971
27-Jul-2026,102.891,0.586301,3.28245,2.10261,1.17984
27-Jul-2026,68.594,0.676712,21.8141,21.0352,0.778907
27-Jul-2026,72.8811,0.676712,18.6518,17.693,0.958843
27-Jul-2026,77.1682,0.676712,15.7329,14.5982,1.13469
27-Jul-2026,81.4553,0.676712,13.0786,11.7862,1.29239
27-Jul-2026,85.7424,0.676712,10.704,9.28619,1.41781
27-Jul-2026,90.0296,0.676712,8.61698,7.11832,1.49866
27-Jul-2026,94.3167,0.676712,6.81717,5.29132,1.52585
27-Jul-2026,98.6038,0.676712,5.29622,3.80044,1.49578
27-Jul-2026,102.891,0.676712,4.03818,2.62733,1.41085
27-Jul-2026,68.594,0.758904,22.4074,21.4725,0.934862
27-Jul-2026,72.8811,0.758904,19.3102,18.1821,1.12806
27-Jul-2026,77.1682,0.758904,16.4463,15.1331,1.31319
27-Jul-2026,81.4553,0.758904,13.8327,12.3561,1.47664
27-Jul-2026,85.7424,0.758904,11.4813,9.87578,1.60552
27-Jul-2026,90.0296,0.758904,9.39778,7.7089,1.68888
27-Jul-2026,94.3167,0.758904,7.58126,5.86223,1.71903
27-Jul-2026,98.6038,0.758904,6.02438,4.33132,1.69306
27-Jul-2026,102.891,0.758904,4.71373,3.10052,1.61321
27-Jul-2026,68.594,0.843836,23.0013,21.9088,1.09253
27-Jul-2026,72.8811,0.843836,19.9644,18.6671,1.29734
27-Jul-2026,77.1682,0.843836,17.1513,15.6608,1.49049
27-Jul-2026,81.4553,0.843836,14.5758,12.9167,1.65914
27-Jul-2026,85.7424,0.843836,12.2472,10.4557,1.79149
27-Jul-2026,90.0296,0.843836,10.1694,8.29167,1.87773
27-Jul-2026,94.3167,0.843836,8.34116,6.42973,1.91143
27-Jul-2026,98.6038,0.843836,6.75566,4.86555,1.89011
27-Jul-2026,102.891,0.843836,5.40139,3.58546,1.81593
28-Jul-2026,68.6084,0.00821918,17.1692,17.1692,7.5837e-07
28-Jul-2026,72.8964,0.00821918,12.8822,12.8823,6.95506e-05
28-Jul-2026,77.1844,0.00821918,8.59529,8.59536,6.68407e-05
28-Jul-2026,81.4725,0.00821918,4.31842,4.32462,0.00619833
28-Jul-2026,85.7605,0.00821918,0.785218,0.829195,0.0439771
28-Jul-2026,90.0485,0.00821918,0.00839852,0.010853,0.00245445
28-Jul-2026,94.3365,0.00821918,9.32315e-07,1.15428e-06,2.2196e-07
28-Jul-2026,98.6246,0.00821918,3.81258e-13,1.08476e-13,2.72782e-13
28-Jul-2026,68.6084,0.0273973,17.2319,17.2321,0.000175271
28-Jul-2026,72.8964,0.0273973,12.9508,12.9534,0.00260923
28-Jul-2026,77.1844,0.0273973,8.70271,8.72223,0.019523
28-Jul-2026,81.4725,0.0273973,4.72335,4.78541,0.0620624
28-Jul-2026,85.7605,0.0273973,1.73253,1.80578,0.0732457
28-Jul-2026,90.0485,0.0273973,0.339874,0.362967,0.023093
28-Jul-2026,94.3365,0.0273973,0.0280862,0.0274505,0.000635705
28-Jul-2026,98.6246,0.0273973,0.00080002,0.00049707,0.00030295
28-Jul-2026,102.913,0.0273973,6.95066e-06,1.32926e-06,5.6214e-06
28-Jul-2026,68.6084,0.0465753,17.2849,17.2875,0.00257807
28-Jul-2026,72.8964,0.0465753,13.0232,13.0369,0.0136623
28-Jul-2026,77.1844,0.0465753,8.86384,8.90753,0.0436878
28-Jul-2026,81.4725,0.0465753,5.09705,5.1765,0.079446
28-Jul-2026,85.7605,0.0465753,2.24835,2.32041,0.0720573
28-Jul-2026,90.0485,0.0465753,0.676663,0.697174,0.0205115
28-Jul-2026,94.3365,0.0465753,0.122965,0.115503,0.00746182
28-Jul-2026,98.6246,0.0465753,0.0121023,0.00812098,0.00398132
28-Jul-2026,102.913,0.0465753,0.000600994,0.000181624,0.00041937
28-Jul-2026,68.6084,0.0657534,17.359,17.3692,0.0101858
28-Jul-2026,72.8964,0.0657534,13.1445,13.1747,0.030218
28-Jul-2026,77.1844,0.0657534,9.10746,9.16899,0.0615258
28-Jul-2026,81.4725,0.0657534,5.52434,5.60494,0.0805989
28-Jul-2026,85.7605,0.0657534,2.76916,2.82573,0.0565737
28-Jul-2026,90.0485,0.0657534,1.07231,1.07516,0.00284813
28-Jul-2026,94.3365,0.0657534,0.29879,0.272713,0.0260766
28-Jul-2026,98.6246,0.0657534,0.0561406,0.0389796,0.017161
28-Jul-2026,102.913,0.0657534,0.0068061,0.00259854,0.00420756
28-Jul-2026,68.6084,0.0849315,17.4311,17.449,0.0178746
28-Jul-2026,72.8964,0.0849315,13.2662,13.3067,0.04054
28-Jul-2026,77.1844,0.0849315,9.32274,9.38879,0.0660454
28-Jul-2026,81.4725,0.0849315,5.85011,5.92115,0.0710398
28-Jul-2026,85.7605,0.0849315,3.14372,3.18001,0.0362936
28-Jul-2026,90.0485,0.0849315,1.37876,1.35937,0.0193859
28-Jul-2026,94.3365,0.0849315,0.469097,0.420897,0.0481999
28-Jul-2026,98.6246,0.0849315,0.118141,0.0830805,0.0350605
28-Jul-2026,102.913,0.0849315,0.0213196,0.00904009,0.0122795
28-Jul-2026,68.6084,0.0931507,17.4758,17.4977,0.0218994
28-Jul-2026,72.8964,0.0931507,13.3404,13.3846,0.0442394
28-Jul-2026,77.1844,0.0931507,9.44487,9.51006,0.0651893
28-Jul-2026,81.4725,0.0931507,6.02316,6.08587,0.0627114
28-Jul-2026,85.7605,0.0931507,3.33787,3.36066,0.0227857
28-Jul-2026,90.0485,0.0931507,1.54287,1.50889,0.0339849
28-Jul-2026,94.3365,0.0931507,0.569688,0.507046,0.0626421
28-Jul-2026,98.6246,0.0931507,0.161433,0.114029,0.0474038
28-Jul-2026,102.913,0.0931507,0.0341364,0.015099,0.0190374
28-Jul-2026,68.6084,0.175342,17.9544,17.9787,0.0242838
28-Jul-2026,72.8964,0.175342,14.0582,14.0771,0.0189175
28-Jul-2026,77.1844,0.175342,10.4665,10.4593,0.00724429
28-Jul-2026,81.4725,0.175342,7.31738,7.2575,0.0598765
28-Jul-2026,85.7605,0.175342,4.73564,4.60477,0.130868
28-Jul-2026,90.0485,0.175342,2.7928,2.59712,0.195685
28-Jul-2026,94.3365,0.175342,1.47661,1.2537,0.222914
28-Jul-2026,98.6246,0.175342,0.689417,0.493077,0.19634
28-Jul-2026,102.913,0.175342,0.281103,0.149173,0.13193
28-Jul-2026,68.6084,0.257534,18.5352,18.5006,0.0346087
28-Jul-2026,72.8964,0.257534,14.8288,14.7494,0.0793805
28-Jul-2026,77.1844,0.257534,11.4305,11.2833,0.147158
28-Jul-2026,81.4725,0.257534,8.43005,8.19678,0.233266
28-Jul-2026,85.7605,0.257534,5.90273,5.57967,0.323061
28-Jul-2026,90.0485,0.257534,3.89181,3.4985,0.393309
28-Jul-2026,94.3365,0.257534,2.39607,1.97663,0.419444
28-Jul-2026,98.6246,0.257534,1.36699,0.979123,0.387867
28-Jul-2026,102.913,0.257534,0.718508,0.411911,0.306597
28-Jul-2026,68.6084,0.342466,19.1971,19.0509,0.146154
28-Jul-2026,72.8964,0.342466,15.6482,15.4189,0.229342
28-Jul-2026,77.1844,0.342466,12.396,12.0646,0.331426
28-Jul-2026,81.4725,0.342466,9.50239,9.05995,0.44244
28-Jul-2026,85.7605,0.342466,7.01656,6.47124,0.545318
28-Jul-2026,90.0485,0.342466,4.96695,4.34771,0.619238
28-Jul-2026,94.3365,0.342466,3.35492,2.7103,0.644617
28-Jul-2026,98.6246,0.342466,2.15302,1.54223,0.610789
28-Jul-2026,102.913,0.342466,1.30844,0.786181,0.522259
28-Jul-2026,68.6084,0.427397,19.8381,19.5569,0.281243
28-Jul-2026,72.8964,0.427397,16.4098,16.0146,0.395231
28-Jul-2026,77.1844,0.427397,13.2644,12.7419,0.522455
28-Jul-2026,81.4725,0.427397,10.4475,9.79716,0.650335
28-Jul-2026,85.7605,0.427397,7.99432,7.23255,0.761774
28-Jul-2026,90.0485,0.427397,5.92478,5.08666,0.838122
28-Jul-2026,94.3365,0.427397,4.24041,3.37699,0.863415
28-Jul-2026,98.6246,0.427397,2.92309,2.09382,0.829274
28-Jul-2026,102.913,0.427397,1.9368,1.19793,0.738873
28-Jul-2026,68.6084,0.506849,20.5044,20.0649,0.439471
28-Jul-2026,72.8964,0.506849,17.181,16.601,0.579995
28-Jul-2026,77.1844,0.506849,14.1262,13.3986,0.727575
28-Jul-2026,81.4725,0.506849,11.3744,10.5059,0.8685
28-Jul-2026,85.7605,0.506849,8.95146,7.96503,0.986431
28-Jul-2026,90.0485,0.506849,6.87152,5.80657,1.06495
28-Jul-2026,94.3365,0.506849,5.13554,4.04457,1.09097
28-Jul-2026,98.6246,0.506849,3.73049,2.67252,1.05797
28-Jul-2026,102.913,0.506849,2.63042,1.66191,0.968506
28-Jul-2026,68.6084,0.583562,21.059,20.4787,0.580274
28-Jul-2026,72.8964,0.583562,17.8117,17.0725,0.739205
28-Jul-2026,77.1844,0.583562,14.822,13.9215,0.900542
28-Jul-2026,81.4725,0.583562,12.1174,11.0672,1.05016
28-Jul-2026,85.7605,0.583562,9.71796,8.54559,1.17237
28-Jul-2026,90.0485,0.583562,7.63465,6.38191,1.25274
28-Jul-2026,94.3365,0.583562,5.86772,4.58769,1.28003
28-Jul-2026,98.6246,0.583562,4.40666,3.15771,1.24895
28-Jul-2026,102.913,0.583562,3.23082,2.06906,1.16176
28-Jul-2026,68.6084,0.673973,21.7318,20.9738,0.757955
28-Jul-2026,72.8964,0.673973,18.5673,17.6312,0.936072
28-Jul-2026,77.1844,0.673973,15.6476,14.5365,1.11107
28-Jul-2026,81.4725,0.673973,12.9942,11.725,1.26919
28-Jul-2026,85.7605,0.673973,10.6223,9.22618,1.39612
28-Jul-2026,90.0485,0.673973,8.53948,7.06043,1.47905
28-Jul-2026,94.3365,0.673973,6.74533,5.23664,1.50869
28-Jul-2026,98.6246,0.673973,5.23121,3.75027,1.48094
28-Jul-2026,102.913,0.673973,3.98081,2.58294,1.39787
28-Jul-2026,68.6084,0.756164,22.3198,21.4028,0.917038
28-Jul-2026,72.8964,0.756164,19.2208,18.1114,1.10937
28-Jul-2026,77.1844,0.756164,16.3565,15.062,1.29452
28-Jul-2026,81.4725,0.756164,13.7441,12.285,1.45906
28-Jul-2026,85.7605,0.756164,11.3954,9.80574,1.58966
28-Jul-2026,90.0485,0.756164,9.31613,7.64091,1.67522
28-Jul-2026,94.3365,0.756164,7.50513,5.79751,1.70762
28-Jul-2026,98.6246,0.756164,5.95481,4.27125,1.68356
28-Jul-2026,102.913,0.756164,4.65149,3.04646,1.60503
28-Jul-2026,68.6084,0.841096,22.9085,21.8304,1.07814
28-Jul-2026,72.8964,0.841096,19.8701,18.5872,1.28288
28-Jul-2026,77.1844,0.841096,17.057,15.5801,1.47686
28-Jul-2026,81.4725,0.841096,14.4829,12.8358,1.64708
28-Jul-2026,85.7605,0.841096,12.1572,10.3757,1.78153
28-Jul-2026,90.0485,0.841096,10.0836,8.21363,1.86997
28-Jul-2026,94.3365,0.841096,8.26071,6.35499,1.90572
28-Jul-2026,98.6246,0.841096,6.68157,4.79555,1.88602
28-Jul-2026,102.913,0.841096,5.33437,3.52162,1.81275
29-Jul-2026,66.7103,0.00547945,16.6889,16.6889,2.09912e-05
29-Jul-2026,75.0491,0.00547945,8.35148,8.35149,8.96223e-06
29-Jul-2026,79.2185,0.00547945,4.18531,4.1852,0.000112371
29-Jul-2026,83.3879,0.00547945,0.645237,0.62863,0.0166069
29-Jul-2026,87.5573,0.00547945,0.00205978,0.00125406,0.000805722
29-Jul-2026,91.7267,0.00547945,1.12184e-08,8.89253e-10,1.03291e-08
29-Jul-2026,66.7103,0.0246575,16.7509,16.751,6.09852e-05
29-Jul-2026,70.8797,0.0246575,12.5878,12.5885,0.000669387
29-Jul-2026,75.0491,0.0246575,8.45607,8.45941,0.00334051
29-Jul-2026,79.2185,0.0246575,4.58571,4.58407,0.00164352
29-Jul-2026,83.3879,0.0246575,1.68192,1.64895,0.0329677
29-Jul-2026,87.5573,0.0246575,0.332473,0.293917,0.0385561
29-Jul-2026,91.7267,0.0246575,0.0282992,0.0182704,0.0100288
29-Jul-2026,95.8961,0.0246575,0.000861974,0.000290712,0.000571262
29-Jul-2026,100.065,0.0246575,8.34286e-06,1.08239e-06,7.26047e-06
29-Jul-2026,66.7103,0.0438356,16.8034,16.8046,0.00115106
29-Jul-2026,70.8797,0.0438356,12.6605,12.6655,0.00495735
29-Jul-2026,75.0491,0.0438356,8.62126,8.63179,0.0105281
29-Jul-2026,79.2185,0.0438356,4.97169,4.9731,0.00140501
29-Jul-2026,83.3879,0.0438356,2.21529,2.18144,0.0338548
29-Jul-2026,87.5573,0.0438356,0.684502,0.630922,0.0535801
29-Jul-2026,91.7267,0.0438356,0.131416,0.101302,0.0301142
29-Jul-2026,95.8961,0.0438356,0.0142308,0.00770925,0.00652155
29-Jul-2026,100.065,0.0438356,0.000813192,0.000261909,0.000551283
29-Jul-2026,66.7103,0.0630137,16.878,16.8836,0.00560042
29-Jul-2026,70.8797,0.0630137,12.7852,12.7992,0.0139917
29-Jul-2026,75.0491,0.0630137,8.87301,8.89356,0.0205483
29-Jul-2026,79.2185,0.0630137,5.4103,5.41821,0.00791158
29-Jul-2026,83.3879,0.0630137,2.74817,2.71894,0.0292346
29-Jul-2026,87.5573,0.0630137,1.09457,1.03588,0.0586855
29-Jul-2026,91.7267,0.0630137,0.321215,0.272244,0.0489709
29-Jul-2026,95.8961,0.0630137,0.0656296,0.0451063,0.0205233
29-Jul-2026,100.065,0.0630137,0.00896427,0.00451666,0.00444761
29-Jul-2026,66.7103,0.0821918,16.9516,16.9631,0.0115172
29-Jul-2026,70.8797,0.0821918,12.9111,12.9337,0.0226272
29-Jul-2026,75.0491,0.0821918,9.09495,9.12377,0.0288227
29-Jul-2026,79.2185,0.0821918,5.74306,5.75756,0.0144996
29-Jul-2026,83.3879,0.0821918,3.12945,3.10666,0.0227872
29-Jul-2026,87.5573,0.0821918,1.41015,1.35355,0.0566024
29-Jul-2026,91.7267,0.0821918,0.502851,0.445628,0.0572235
29-Jul-2026,95.8961,0.0821918,0.136274,0.104108,0.0321663
29-Jul-2026,100.065,0.0821918,0.0272472,0.0166907,0.0105565
29-Jul-2026,66.7103,0.090411,16.9976,17.0129,0.0153008
29-Jul-2026,70.8797,0.090411,12.9878,13.0154,0.0275645
29-Jul-2026,75.0491,0.090411,9.22054,9.25389,0.0333507
29-Jul-2026,79.2185,0.090411,5.91937,5.93782,0.0184506
29-Jul-2026,83.3879,0.090411,3.32664,3.3081,0.0185403
29-Jul-2026,87.5573,0.090411,1.57859,1.52474,0.0538495
29-Jul-2026,91.7267,0.090411,0.609367,0.550025,0.0593417
29-Jul-2026,95.8961,0.090411,0.184876,0.147304,0.0375715
29-Jul-2026,100.065,0.090411,0.0429781,0.0284296,0.0145485
29-Jul-2026,66.7103,0.172603,17.4915,17.5406,0.0490968
29-Jul-2026,70.8797,0.172603,13.7269,13.7904,0.0635305
29-Jul-2026,75.0491,0.172603,10.2644,10.3315,0.0670807
29-Jul-2026,79.2185,0.172603,7.23163,7.28538,0.0537467
29-Jul-2026,83.3879,0.172603,4.74075,4.76533,0.0245782
29-Jul-2026,87.5573,0.172603,2.85308,2.84312,0.00995992
29-Jul-2026,91.7267,0.172603,1.5548,1.51948,0.0353193
29-Jul-2026,95.8961,0.172603,0.757534,0.714916,0.0426178
29-Jul-2026,100.065,0.172603,0.32679,0.292349,0.0344412
29-Jul-2026,66.7103,0.254795,18.0884,18.1612,0.0727551
29-Jul-2026,70.8797,0.254795,14.5142,14.6007,0.0865331
29-Jul-2026,75.0491,0.254795,11.2423,11.3336,0.0913282
29-Jul-2026,79.2185,0.254795,8.35451,8.43877,0.0842596
29-Jul-2026,83.3879,0.254795,5.91705,5.9831,0.0660455
29-Jul-2026,87.5573,0.254795,3.96632,4.00744,0.0411158
29-Jul-2026,91.7267,0.254795,2.49891,2.51507,0.0161611
29-Jul-2026,95.8961,0.254795,1.47039,1.46758,0.00281083
29-Jul-2026,100.065,0.254795,0.804043,0.791197,0.0128464
29-Jul-2026,66.7103,0.339726,18.7649,18.8487,0.0838496
29-Jul-2026,70.8797,0.339726,15.347,15.4446,0.0975541
29-Jul-2026,75.0491,0.339726,12.2183,12.3237,0.105447
29-Jul-2026,79.2185,0.339726,9.43418,9.54018,0.105998
29-Jul-2026,83.3879,0.339726,7.03751,7.1365,0.0989892
29-Jul-2026,87.5573,0.339726,5.05163,5.13733,0.0856999
29-Jul-2026,91.7267,0.339726,3.47584,3.5443,0.0684644
29-Jul-2026,95.8961,0.339726,2.28446,2.33451,0.0500524
29-Jul-2026,100.065,0.339726,1.43024,1.46332,0.0330798
29-Jul-2026,66.7103,0.424658,19.4175,19.5,0.0824817
29-Jul-2026,70.8797,0.424658,16.1185,16.2152,0.0966834
29-Jul-2026,75.0491,0.424658,13.094,13.202,0.107952
29-Jul-2026,79.2185,0.424658,10.3844,10.4995,0.115065
29-Jul-2026,83.3879,0.424658,8.01987,8.13707,0.1172
29-Jul-2026,87.5573,0.424658,6.01645,6.13056,0.114106
29-Jul-2026,91.7267,0.424658,4.37383,4.47977,0.105943
29-Jul-2026,95.8961,0.424658,3.07473,3.16817,0.0934446
29-Jul-2026,100.065,0.424658,2.08662,2.16464,0.078021
29-Jul-2026,66.7103,0.50411,20.0939,20.1647,0.0708119
29-Jul-2026,70.8797,0.50411,16.898,16.9836,0.0855883
29-Jul-2026,75.0491,0.50411,13.9618,14.0618,0.1
29-Jul-2026,79.2185,0.50411,11.3155,11.4283,0.112809
29-Jul-2026,83.3879,0.50411,8.9807,9.10361,0.122909
29-Jul-2026,87.5573,0.50411,6.96872,7.09767,0.128954
29-Jul-2026,91.7267,0.50411,5.27887,5.40886,0.129992
29-Jul-2026,95.8961,0.50411,3.89848,4.02398,0.125505
29-Jul-2026,100.065,0.50411,2.80391,2.91969,0.115782
29-Jul-2026,66.7103,0.580822,20.6558,20.7099,0.0541341
29-Jul-2026,70.8797,0.580822,17.5346,17.604,0.0694403
29-Jul-2026,75.0491,0.580822,14.6617,14.7478,0.0860995
29-Jul-2026,79.2185,0.580822,12.0611,12.164,0.102906
29-Jul-2026,83.3879,0.580822,9.74966,9.86799,0.118329
29-Jul-2026,87.5573,0.580822,7.73552,7.86637,0.130853
29-Jul-2026,91.7267,0.580822,6.01768,6.15656,0.138877
29-Jul-2026,95.8961,0.580822,4.58574,4.727,0.14126
29-Jul-2026,100.065,0.580822,3.42075,3.5584,0.137649
29-Jul-2026,66.7103,0.671233,21.3364,21.3632,0.0268216
29-Jul-2026,70.8797,0.671233,18.2961,18.3387,0.0425714
29-Jul-2026,75.0491,0.671233,15.4915,15.5528,0.0612662
29-Jul-2026,79.2185,0.671233,12.9408,13.0227,0.081857
29-Jul-2026,83.3879,0.671233,10.6564,10.7591,0.10268
29-Jul-2026,87.5573,0.671233,8.64399,8.76572,0.121731
29-Jul-2026,91.7267,0.671233,6.90187,7.0391,0.137231
29-Jul-2026,95.8961,0.671233,5.42145,5.56897,0.147523
29-Jul-2026,100.065,0.671233,4.18761,4.33933,0.151716
29-Jul-2026,66.7103,0.753425,21.9304,21.9278,0.00257661
29-Jul-2026,70.8797,0.753425,18.9542,18.9674,0.0132282
29-Jul-2026,75.0491,0.753425,16.2034,16.2367,0.0333188
29-Jul-2026,79.2185,0.753425,13.6927,13.7491,0.0563629
29-Jul-2026,83.3879,0.753425,11.4313,11.5122,0.0808988
29-Jul-2026,87.5573,0.753425,9.42324,9.52793,0.104689
29-Jul-2026,91.7267,0.753425,7.66642,7.7922,0.125777
29-Jul-2026,95.8961,0.753425,6.15321,6.29553,0.142322
29-Jul-2026,100.065,0.753425,4.8708,5.02393,0.153132
29-Jul-2026,66.7103,0.838356,22.5245,22.4881,0.0363911
29-Jul-2026,70.8797,0.838356,19.6075,19.5868,0.0207091
29-Jul-2026,75.0491,0.838356,16.9066,16.9068,0.000166799
29-Jul-2026,79.2185,0.838356,14.4332,14.4584,0.0251868
29-Jul-2026,83.3879,0.838356,12.1945,12.2471,0.0525516
29-Jul-2026,87.5573,0.838356,10.1929,10.2731,0.0802192
29-Jul-2026,91.7267,0.838356,8.42601,8.5321,0.106088
29-Jul-2026,95.8961,0.838356,6.88694,7.0151,0.128156
29-Jul-2026,100.065,0.838356,5.56452,5.70962,0.145095
30-Jul-2026,66.8222,0.00273973,16.7112,16.7112,4.21384e-05
30-Jul-2026,70.9986,0.00273973,12.5352,12.5351,8.8521e-05
30-Jul-2026,75.175,0.00273973,8.35914,8.35907,7.49036e-05
30-Jul-2026,79.3514,0.00273973,4.18314,4.18305,9.44898e-05
30-Jul-2026,83.5277,0.00273973,0.45486,0.435234,0.0196257
30-Jul-2026,87.7041,0.00273973,2.44282e-05,6.65845e-06,1.77698e-05
30-Jul-2026,91.8805,0.00273973,3.1273e-15,2.92521e-16,2.83478e-15
30-Jul-2026,96.0569,0.00273973,1.08516e-15,-1.01241e-15,2.09757e-15
30-Jul-2026,66.8222,0.0219178,16.7734,16.7734,1.54776e-06
30-Jul-2026,70.9986,0.0219178,12.6024,12.6026,0.000191558
30-Jul-2026,75.175,0.0219178,8.4559,8.45651,0.000610618
30-Jul-2026,79.3514,0.0219178,4.54921,4.53558,0.0136319
30-Jul-2026,83.5277,0.0219178,1.61518,1.55725,0.0579282
30-Jul-2026,87.7041,0.0219178,0.293429,0.241095,0.0523337
30-Jul-2026,91.8805,0.0219178,0.0212329,0.0109375,0.0102954
30-Jul-2026,96.0569,0.0219178,0.000499115,0.00010094,0.000398175
30-Jul-2026,100.233,0.0219178,3.34935e-06,1.80011e-07,3.16934e-06
30-Jul-2026,66.8222,0.0410959,16.8257,16.8264,0.000651673
30-Jul-2026,70.9986,0.0410959,12.6725,12.6754,0.00288635
30-Jul-2026,75.175,0.0410959,8.61483,8.61791,0.00307985
30-Jul-2026,79.3514,0.0410959,4.93782,4.91926,0.0185647
30-Jul-2026,83.5277,0.0410959,2.16462,2.09785,0.066771
30-Jul-2026,87.7041,0.0410959,0.646479,0.566159,0.0803195
30-Jul-2026,91.8805,0.0410959,0.116993,0.0789534,0.0380396
30-Jul-2026,96.0569,0.0410959,0.0115765,0.00474998,0.00682652
30-Jul-2026,100.233,0.0410959,0.000583795,0.000117953,0.000465842
30-Jul-2026,66.8222,0.060274,16.8991,16.9032,0.00409124
30-Jul-2026,70.9986,0.060274,12.794,12.8032,0.00919624
30-Jul-2026,75.175,0.060274,8.86401,8.87162,0.00760863
30-Jul-2026,79.3514,0.060274,5.38117,5.3622,0.0189715
30-Jul-2026,83.5277,0.060274,2.70797,2.63901,0.0689603
30-Jul-2026,87.7041,0.060274,1.06039,0.964213,0.0961767
30-Jul-2026,91.8805,0.060274,0.302779,0.234159,0.0686197
30-Jul-2026,96.0569,0.060274,0.0594316,0.0341561,0.0252755
30-Jul-2026,100.233,0.060274,0.0076881,0.00288704,0.00480106
30-Jul-2026,66.8222,0.0794521,16.9717,16.9804,0.00873034
30-Jul-2026,70.9986,0.0794521,12.9183,12.9336,0.0153461
30-Jul-2026,75.175,0.0794521,9.0858,9.09778,0.0119773
30-Jul-2026,79.3514,0.0794521,5.71755,5.7008,0.0167453
30-Jul-2026,83.5277,0.0794521,3.09512,3.02832,0.0668034
30-Jul-2026,87.7041,0.0794521,1.37921,1.27868,0.100531
30-Jul-2026,91.8805,0.0794521,0.483438,0.397859,0.085579
30-Jul-2026,96.0569,0.0794521,0.127844,0.0850286,0.0428154
30-Jul-2026,100.233,0.0794521,0.0247399,0.0121063,0.0126336
30-Jul-2026,66.8222,0.0876712,17.0171,17.0289,0.0118445
30-Jul-2026,70.9986,0.0876712,12.9945,13.0134,0.018868
30-Jul-2026,75.175,0.0876712,9.21171,9.22625,0.0145362
30-Jul-2026,79.3514,0.0876712,5.89574,5.88086,0.0148826
30-Jul-2026,83.5277,0.0876712,3.29503,3.23043,0.0646016
30-Jul-2026,87.7041,0.0876712,1.54939,1.44864,0.100746
30-Jul-2026,91.8805,0.0876712,0.589928,0.497914,0.0920143
30-Jul-2026,96.0569,0.0876712,0.175553,0.123668,0.0518848
30-Jul-2026,100.233,0.0876712,0.0397801,0.0215843,0.0181958
30-Jul-2026,66.8222,0.169863,17.5096,17.5487,0.0391097
30-Jul-2026,70.9986,0.169863,13.7347,13.7794,0.0447063
30-Jul-2026,75.175,0.169863,10.2622,10.2981,0.0358734
30-Jul-2026,79.3514,0.169863,7.22145,7.22951,0.00805972
30-Jul-2026,83.5277,0.169863,4.72586,4.69242,0.0334419
30-Jul-2026,87.7041,0.169863,2.83731,2.76426,0.0730531
30-Jul-2026,91.8805,0.169863,1.54134,1.44848,0.0928618
30-Jul-2026,96.0569,0.169863,0.74798,0.662323,0.0856575
30-Jul-2026,100.233,0.169863,0.321086,0.260737,0.0603489
30-Jul-2026,66.8222,0.252055,18.1093,18.1659,0.0565899
30-Jul-2026,70.9986,0.252055,14.5275,14.5873,0.0598431
30-Jul-2026,75.175,0.252055,11.2489,11.3005,0.0515761
30-Jul-2026,79.3514,0.252055,8.35596,8.38646,0.0305
30-Jul-2026,83.5277,0.252055,5.91517,5.91548,0.000311418
30-Jul-2026,87.7041,0.252055,3.96288,3.93154,0.0313446
30-Jul-2026,91.8805,0.252055,2.49532,2.44001,0.0553149
30-Jul-2026,96.0569,0.252055,1.46745,1.40206,0.0653915
30-Jul-2026,100.233,0.252055,0.802006,0.740852,0.0611542
30-Jul-2026,66.8222,0.336986,18.7911,18.8527,0.0616074
30-Jul-2026,70.9986,0.336986,15.3679,15.4317,0.0637637
30-Jul-2026,75.175,0.336986,12.2348,12.2932,0.058352
30-Jul-2026,79.3514,0.336986,9.44736,9.49264,0.0452828
30-Jul-2026,83.5277,0.336986,7.04836,7.07491,0.0265514
30-Jul-2026,87.7041,0.336986,5.06091,5.06652,0.00561181
30-Jul-2026,91.8805,0.336986,3.48397,3.47061,0.0133608
30-Jul-2026,96.0569,0.336986,2.29154,2.26453,0.0270108
30-Jul-2026,100.233,0.336986,1.43619,1.40249,0.0336992
30-Jul-2026,66.8222,0.421918,19.45,19.5046,0.0546274
30-Jul-2026,70.9986,0.421918,16.1474,16.2041,0.05668
30-Jul-2026,75.175,0.421918,13.1201,13.1746,0.0545262
30-Jul-2026,79.3514,0.421918,10.4084,10.4567,0.0482824
30-Jul-2026,83.5277,0.421918,8.04231,8.08112,0.0388147
30-Jul-2026,87.7041,0.421918,6.03754,6.06506,0.0275239
30-Jul-2026,91.8805,0.421918,4.39347,4.40947,0.0160001
30-Jul-2026,96.0569,0.421918,3.09256,3.09819,0.00562546
30-Jul-2026,100.233,0.421918,2.10223,2.09963,0.00260082
30-Jul-2026,66.8222,0.50137,20.1337,20.1708,0.03713
30-Jul-2026,70.9986,0.50137,16.9355,16.9749,0.0394401
30-Jul-2026,75.175,0.50137,13.9978,14.0381,0.0403369
30-Jul-2026,79.3514,0.50137,11.3504,11.3903,0.0399497
30-Jul-2026,83.5277,0.50137,9.01479,9.05322,0.0384297
30-Jul-2026,87.7041,0.50137,7.0018,7.03765,0.0358533
30-Jul-2026,91.8805,0.50137,5.31049,5.34287,0.0323752
30-Jul-2026,96.0569,0.50137,3.92799,3.95605,0.0280593
30-Jul-2026,100.233,0.50137,2.83061,2.85369,0.0230826
30-Jul-2026,66.8222,0.578082,20.7019,20.7176,0.0156908
30-Jul-2026,70.9986,0.578082,17.5794,17.5976,0.0182395
30-Jul-2026,75.175,0.578082,14.706,14.7272,0.0212084
30-Jul-2026,79.3514,0.578082,12.1051,12.1299,0.0247948
30-Jul-2026,83.5277,0.578082,9.79326,9.82196,0.0286985
30-Jul-2026,87.7041,0.578082,7.77843,7.81074,0.0323102
30-Jul-2026,91.8805,0.578082,6.05924,6.09434,0.0351028
30-Jul-2026,96.0569,0.578082,4.62515,4.66158,0.0364257
30-Jul-2026,100.233,0.578082,3.45715,3.49308,0.0359317
30-Jul-2026,66.8222,0.668493,21.3905,21.3729,0.0175612
30-Jul-2026,70.9986,0.668493,18.3501,18.3351,0.0150185
30-Jul-2026,75.175,0.668493,15.5458,15.5358,0.00997321
30-Jul-2026,79.3514,0.668493,12.9956,12.993,0.00262154
30-Jul-2026,83.5277,0.668493,10.7114,10.718,0.00661564
30-Jul-2026,87.7041,0.668493,8.69864,8.71516,0.0165191
30-Jul-2026,91.8805,0.668493,6.95543,6.98149,0.0260635
30-Jul-2026,96.0569,0.668493,5.47295,5.50708,0.034127
30-Jul-2026,100.233,0.668493,4.23606,4.27591,0.0398491
30-Jul-2026,66.8222,0.750685,21.9917,21.9394,0.0522778
30-Jul-2026,70.9986,0.750685,19.0162,18.9663,0.0499055
30-Jul-2026,75.175,0.750685,16.2665,16.2229,0.043638
30-Jul-2026,79.3514,0.750685,13.7567,13.723,0.0336551
30-Jul-2026,83.5277,0.750685,11.4961,11.4752,0.0208959
30-Jul-2026,87.7041,0.750685,9.48801,9.48156,0.00644926
30-Jul-2026,91.8805,0.750685,7.73035,7.73854,0.008186
30-Jul-2026,96.0569,0.750685,6.21527,6.23692,0.0216546
30-Jul-2026,100.233,0.750685,4.92991,4.96276,0.0328478
30-Jul-2026,66.8222,0.835616,22.5931,22.5016,0.0914846
30-Jul-2026,70.9986,0.835616,19.6776,19.5881,0.0895218
30-Jul-2026,75.175,0.835616,16.9783,16.8959,0.0824198
30-Jul-2026,79.3514,0.835616,14.5064,14.4358,0.0705561
30-Jul-2026,83.5277,0.835616,12.2688,12.2139,0.0548998
30-Jul-2026,87.7041,0.835616,10.2676,10.2307,0.0368618
30-Jul-2026,91.8805,0.835616,8.50022,8.48227,0.0179452
30-Jul-2026,96.0569,0.835616,6.9595,6.95985,0.000350841
30-Jul-2026,100.233,0.835616,5.63431,5.65101,0.016697
31-Jul-2026,67.4787,0.0191781,16.9333,16.9333,1.42044e-05
31-Jul-2026,71.6961,0.0191781,12.7204,12.7205,0.000110308
31-Jul-2026,75.9136,0.0191781,8.52486,8.52384,0.00101796
31-Jul-2026,80.131,0.0191781,4.54096,4.51935,0.0216094
31-Jul-2026,84.3484,0.0191781,1.54011,1.46491,0.0751951
31-Jul-2026,88.5658,0.0191781,0.246299,0.189485,0.0568139
31-Jul-2026,92.7832,0.0191781,0.0138012,0.00576062,0.00804058
31-Jul-2026,97.0007,0.0191781,0.000213357,2.69648e-05,0.000186392
31-Jul-2026,101.218,0.0191781,7.85786e-07,1.94556e-08,7.6633e-07
31-Jul-2026,67.4787,0.0383562,16.9862,16.9866,0.000389121
31-Jul-2026,71.6961,0.0383562,12.7882,12.7894,0.00123292
31-Jul-2026,75.9136,0.0383562,8.67436,8.67156,0.00279668
31-Jul-2026,80.131,0.0383562,4.92788,4.89448,0.0334027
31-Jul-2026,84.3484,0.0383562,2.10529,2.01572,0.089567
31-Jul-2026,88.5658,0.0383562,0.593917,0.499702,0.0942154
31-Jul-2026,92.7832,0.0383562,0.096898,0.0588529,0.0380451
31-Jul-2026,97.0007,0.0383562,0.00814162,0.00269244,0.00544918
31-Jul-2026,101.218,0.0383562,0.000326031,4.6722e-05,0.000279309
31-Jul-2026,67.4787,0.0575342,17.059,17.0616,0.00255633
31-Jul-2026,71.6961,0.0575342,12.9053,12.91,0.00466821
31-Jul-2026,75.9136,0.0575342,8.91725,8.91429,0.00296118
31-Jul-2026,80.131,0.0575342,5.37299,5.3344,0.038592
31-Jul-2026,84.3484,0.0575342,2.65782,2.56266,0.0951592
31-Jul-2026,88.5658,0.0575342,1.00677,0.890281,0.116489
31-Jul-2026,92.7832,0.0575342,0.271737,0.197234,0.074503
31-Jul-2026,97.0007,0.0575342,0.048955,0.0249359,0.0240191
31-Jul-2026,101.218,0.0575342,0.00562291,0.00175061,0.0038723
31-Jul-2026,67.4787,0.0767123,17.1303,17.1361,0.00582336
31-Jul-2026,71.6961,0.0767123,13.0264,13.0349,0.0085084
31-Jul-2026,75.9136,0.0767123,9.13637,9.13494,0.00143301
31-Jul-2026,80.131,0.0767123,5.71121,5.67262,0.0385935
31-Jul-2026,84.3484,0.0767123,3.0497,2.95539,0.0943139
31-Jul-2026,88.5658,0.0767123,1.32579,1.20211,0.123681
31-Jul-2026,92.7832,0.0767123,0.446373,0.350643,0.0957304
31-Jul-2026,97.0007,0.0767123,0.111168,0.0679427,0.0432253
31-Jul-2026,101.218,0.0767123,0.0198154,0.00852062,0.0112948
31-Jul-2026,67.4787,0.0958904,17.2131,17.2232,0.0100533
31-Jul-2026,71.6961,0.0958904,13.1639,13.1767,0.012837
31-Jul-2026,75.9136,0.0958904,9.3621,9.36328,0.00118305
31-Jul-2026,80.131,0.0958904,6.02984,5.99361,0.0362315
31-Jul-2026,84.3484,0.0958904,3.40688,3.31646,0.0904209
31-Jul-2026,88.5658,0.0958904,1.62948,1.50476,0.124722
31-Jul-2026,92.7832,0.0958904,0.635787,0.526608,0.109179
31-Jul-2026,97.0007,0.0958904,0.195554,0.13442,0.0611341
31-Jul-2026,101.218,0.0958904,0.0462446,0.0244405,0.0218041
31-Jul-2026,67.4787,0.0849315,17.1749,17.183,0.00810261
31-Jul-2026,71.6961,0.0849315,13.1011,13.112,0.010886
31-Jul-2026,75.9136,0.0849315,9.26136,9.26127,9.4183e-05
31-Jul-2026,80.131,0.0849315,5.89041,5.8529,0.0375101
31-Jul-2026,84.3484,0.0849315,3.2517,3.15925,0.0924535
31-Jul-2026,88.5658,0.0849315,1.49625,1.37138,0.124867
31-Jul-2026,92.7832,0.0849315,0.550286,0.446205,0.104081
31-Jul-2026,97.0007,0.0849315,0.155601,0.102084,0.0535174
31-Jul-2026,101.218,0.0849315,0.03289,0.0160198,0.0168702
31-Jul-2026,67.4787,0.167123,17.6616,17.692,0.0303646
31-Jul-2026,71.6961,0.167123,13.8349,13.8667,0.0317536
31-Jul-2026,75.9136,0.167123,10.3108,10.3288,0.0180114
31-Jul-2026,80.131,0.167123,7.22403,7.20972,0.0143149
31-Jul-2026,84.3484,0.167123,4.69428,4.63603,0.0582546
31-Jul-2026,88.5658,0.167123,2.78814,2.69175,0.0963942
31-Jul-2026,92.7832,0.167123,1.49113,1.38073,0.110395
31-Jul-2026,97.0007,0.167123,0.708175,0.613023,0.0951521
31-Jul-2026,101.218,0.167123,0.295546,0.232413,0.0631326
31-Jul-2026,67.4787,0.249315,18.259,18.3063,0.0472807
31-Jul-2026,71.6961,0.249315,14.6273,14.6752,0.0479411
31-Jul-2026,75.9136,0.249315,11.301,11.3379,0.0369498
31-Jul-2026,80.131,0.249315,8.36578,8.37981,0.014025
31-Jul-2026,84.3484,0.249315,5.89209,5.87522,0.0168691
31-Jul-2026,88.5658,0.249315,3.919,3.8716,0.0474022
31-Jul-2026,92.7832,0.249315,2.44336,2.37501,0.0683517
31-Jul-2026,97.0007,0.249315,1.41819,1.34407,0.0741166
31-Jul-2026,101.218,0.249315,0.762297,0.69683,0.0654669
31-Jul-2026,67.4787,0.334247,18.9411,18.9961,0.0549713
31-Jul-2026,71.6961,0.334247,15.4701,15.5264,0.0562832
31-Jul-2026,75.9136,0.334247,12.292,12.3422,0.0501925
31-Jul-2026,80.131,0.334247,9.46477,9.50179,0.0370178
31-Jul-2026,84.3484,0.334247,7.0336,7.0524,0.0187967
31-Jul-2026,88.5658,0.334247,5.02347,5.02258,0.000894646
31-Jul-2026,92.7832,0.334247,3.43404,3.41598,0.0180624
31-Jul-2026,97.0007,0.334247,2.23855,2.20891,0.02964
31-Jul-2026,101.218,0.334247,1.38747,1.35313,0.0343378
31-Jul-2026,67.4787,0.419178,19.602,19.6541,0.0521225
31-Jul-2026,71.6961,0.419178,16.2533,16.3081,0.0547613
31-Jul-2026,75.9136,0.419178,13.183,13.2363,0.0532703
31-Jul-2026,80.131,0.419178,10.4331,10.4812,0.048081
31-Jul-2026,84.3484,0.419178,8.03525,8.07524,0.0399939
31-Jul-2026,88.5658,0.419178,6.00672,6.03689,0.0301692
31-Jul-2026,92.7832,0.419178,4.34743,4.36745,0.0200206
31-Jul-2026,97.0007,0.419178,3.03955,3.05024,0.0106921
31-Jul-2026,101.218,0.419178,2.04928,2.05234,0.00305662
31-Jul-2026,67.4787,0.49863,20.2888,20.3286,0.0397551
31-Jul-2026,71.6961,0.49863,17.0462,17.0898,0.0436481
31-Jul-2026,75.9136,0.49863,14.067,14.1134,0.0463697
31-Jul-2026,80.131,0.49863,11.3826,11.4305,0.047935
31-Jul-2026,84.3484,0.49863,9.0157,9.06403,0.04833
31-Jul-2026,88.5658,0.49863,6.97821,7.02569,0.0474751
31-Jul-2026,92.7832,0.49863,5.26972,5.31496,0.0452429
31-Jul-2026,97.0007,0.49863,3.87725,3.91876,0.0415126
31-Jul-2026,101.218,0.49863,2.77638,2.81278,0.0364022
31-Jul-2026,67.4787,0.575342,20.8602,20.883,0.0227964
31-Jul-2026,71.6961,0.575342,17.6945,17.7221,0.0276226
31-Jul-2026,75.9136,0.575342,14.7807,14.8138,0.0331016
31-Jul-2026,80.131,0.575342,12.1436,12.1828,0.0392159
31-Jul-2026,84.3484,0.575342,9.80084,9.84619,0.0453468
31-Jul-2026,88.5658,0.575342,7.76108,7.81197,0.0508909
31-Jul-2026,92.7832,0.575342,6.0235,6.07845,0.0549504
31-Jul-2026,97.0007,0.575342,4.5775,4.63424,0.0567366
31-Jul-2026,101.218,0.575342,3.40361,3.45944,0.0558291
31-Jul-2026,67.4787,0.665753,21.5533,21.5482,0.00506918
31-Jul-2026,71.6961,0.665753,18.471,18.4714,0.00041419
31-Jul-2026,75.9136,0.665753,15.6275,15.6361,0.00856445
31-Jul-2026,80.131,0.665753,13.0419,13.0609,0.019011
31-Jul-2026,84.3484,0.665753,10.7272,10.758,0.0307617
31-Jul-2026,88.5658,0.665753,8.68913,8.73198,0.042854
31-Jul-2026,92.7832,0.665753,6.92638,6.98018,0.0538016
31-Jul-2026,97.0007,0.665753,5.43015,5.49248,0.0623274
31-Jul-2026,101.218,0.665753,4.18496,4.25252,0.0675619
31-Jul-2026,67.4787,0.747945,22.1589,22.1236,0.0352726
31-Jul-2026,71.6961,0.747945,19.1424,19.113,0.0293827
31-Jul-2026,75.9136,0.747945,16.3544,16.3348,0.0195887
31-Jul-2026,80.131,0.747945,13.81,13.8037,0.00630844
31-Jul-2026,84.3484,0.747945,11.519,11.5284,0.00940668
31-Jul-2026,88.5658,0.747945,9.48551,9.51162,0.0261121
31-Jul-2026,92.7832,0.747945,7.70757,7.74984,0.0422696
31-Jul-2026,97.0007,0.747945,6.17743,6.23375,0.0563192
31-Jul-2026,101.218,0.747945,4.88205,4.94913,0.0670811
31-Jul-2026,67.4787,0.832877,22.765,22.6949,0.0701417
31-Jul-2026,71.6961,0.832877,19.8094,19.7451,0.0642593
31-Jul-2026,75.9136,0.832877,17.0727,17.0193,0.0533811
31-Jul-2026,80.131,0.832877,14.5668,14.5289,0.0379466
31-Jul-2026,84.3484,0.832877,12.2991,12.28,0.0191412
31-Jul-2026,88.5658,0.832877,10.2723,10.2737,0.00139415
31-Jul-2026,92.7832,0.832877,8.48401,8.50603,0.0220173
31-Jul-2026,97.0007,0.832877,6.92718,6.96821,0.0410325
31-Jul-2026,101.218,0.832877,5.59051,5.6476,0.057094
31-Jul-2026,67.4787,0.915068,23.3436,23.2363,0.10726
31-Jul-2026,71.6961,0.915068,20.4422,20.3406,0.101587
31-Jul-2026,75.9136,0.915068,17.7512,17.6612,0.0900495
31-Jul-2026,80.131,0.915068,15.2801,15.2069,0.0731795
31-Jul-2026,84.3484,0.915068,13.0344,12.9822,0.0521815
31-Jul-2026,88.5658,0.915068,11.0156,10.9869,0.0286909
31-Jul-2026,92.7832,0.915068,9.22105,9.21657,0.00447803
31-Jul-2026,97.0007,0.915068,7.6442,7.66288,0.0186808
31-Jul-2026,101.218,0.915068,6.27496,6.31435,0.0393855
03-Aug-2026,66.9163,0.0109589,16.7522,16.7522,1.91413e-05
03-Aug-2026,71.0986,0.0109589,12.5713,12.5713,2.34577e-05
03-Aug-2026,75.2808,0.0109589,8.39059,8.39066,7.26913e-05
03-Aug-2026,79.4631,0.0109589,4.23997,4.23793,0.00203797
03-Aug-2026,83.6454,0.0109589,0.919553,0.888588,0.030965
03-Aug-2026,87.8276,0.0109589,0.0276171,0.0192426,0.0083745
03-Aug-2026,92.0099,0.0109589,4.00777e-05,8.24352e-06,3.18342e-05
03-Aug-2026,96.1922,0.0109589,1.43618e-09,2.08752e-11,1.4153e-09
03-Aug-2026,100.374,0.0109589,1.13481e-15,3.73499e-15,2.60018e-15
03-Aug-2026,66.9163,0.030137,16.8157,16.8158,0.000147957
03-Aug-2026,71.0986,0.030137,12.6425,12.6435,0.000970303
03-Aug-2026,75.2808,0.030137,8.51536,8.51806,0.00270423
03-Aug-2026,79.4631,0.030137,4.68793,4.67812,0.00981155
03-Aug-2026,83.6454,0.030137,1.81677,1.76698,0.049787
03-Aug-2026,87.8276,0.030137,0.411302,0.356646,0.0546563
03-Aug-2026,92.0099,0.030137,0.0451622,0.0282943,0.0168679
03-Aug-2026,96.1922,0.030137,0.00205638,0.000673275,0.0013831
03-Aug-2026,100.374,0.030137,3.50434e-05,4.49505e-06,3.05484e-05
03-Aug-2026,66.9163,0.0493151,16.8705,16.872,0.00146223
03-Aug-2026,71.0986,0.0493151,12.7222,12.7272,0.00503649
03-Aug-2026,75.2808,0.0493151,8.6932,8.70056,0.00736462
03-Aug-2026,79.4631,0.0493151,5.07081,5.06046,0.0103458
03-Aug-2026,83.6454,0.0493151,2.32616,2.27273,0.0534347
03-Aug-2026,87.8276,0.0493151,0.762444,0.689613,0.0728308
03-Aug-2026,92.0099,0.0493151,0.161927,0.120336,0.0415914
03-Aug-2026,96.1922,0.0493151,0.0204286,0.0104247,0.0100039
03-Aug-2026,100.374,0.0493151,0.00144131,0.000426673,0.00101464
03-Aug-2026,66.9163,0.0684932,16.9493,16.9552,0.00592075
03-Aug-2026,71.0986,0.0684932,12.8548,12.8676,0.0127613
03-Aug-2026,75.2808,0.0684932,8.95208,8.96618,0.0141007
03-Aug-2026,79.4631,0.0684932,5.50462,5.49726,0.00735801
03-Aug-2026,83.6454,0.0684932,2.84515,2.79337,0.0517796
03-Aug-2026,87.8276,0.0684932,1.16905,1.08759,0.0814639
03-Aug-2026,92.0099,0.0684932,0.360551,0.295658,0.0648928
03-Aug-2026,96.1922,0.0684932,0.0791994,0.0514638,0.0277356
03-Aug-2026,100.374,0.0684932,0.0119312,0.00552502,0.00640618
03-Aug-2026,66.9163,0.0876712,17.0267,17.038,0.0113081
03-Aug-2026,71.0986,0.0876712,12.9856,13.0055,0.0199123
03-Aug-2026,75.2808,0.0876712,9.17692,9.19682,0.019896
03-Aug-2026,79.4631,0.0876712,5.83442,5.83122,0.00319938
03-Aug-2026,83.6454,0.0876712,3.22003,3.17253,0.0474995
03-Aug-2026,87.8276,0.0876712,1.48234,1.40037,0.081968
03-Aug-2026,92.0099,0.0876712,0.546214,0.469814,0.0763996
03-Aug-2026,96.1922,0.0876712,0.155096,0.112663,0.0424327
03-Aug-2026,100.374,0.0876712,0.0330026,0.0187262,0.0142764
03-Aug-2026,66.9163,0.0767123,16.9738,16.9814,0.00756183
03-Aug-2026,71.0986,0.0767123,12.8965,12.9116,0.015146
03-Aug-2026,75.2808,0.0767123,9.02631,9.04233,0.0160173
03-Aug-2026,79.4631,0.0767123,5.61683,5.61073,0.00609964
03-Aug-2026,83.6454,0.0767123,2.9741,2.92352,0.0505787
03-Aug-2026,87.8276,0.0767123,1.2753,1.19315,0.0821522
03-Aug-2026,92.0099,0.0767123,0.420817,0.351371,0.0694464
03-Aug-2026,96.1922,0.0767123,0.101973,0.0691526,0.0328204
03-Aug-2026,100.374,0.0767123,0.0175403,0.0087826,0.0087577
03-Aug-2026,66.9163,0.158904,17.435,17.4716,0.0366309
03-Aug-2026,71.0986,0.158904,13.6101,13.6559,0.0458101
03-Aug-2026,75.2808,0.158904,10.0831,10.1253,0.042219
03-Aug-2026,79.4631,0.158904,6.99732,7.01663,0.0193115
03-Aug-2026,83.6454,0.158904,4.48172,4.46274,0.0189823
03-Aug-2026,87.8276,0.158904,2.60724,2.55016,0.0570789
03-Aug-2026,92.0099,0.158904,1.35525,1.27891,0.0763378
03-Aug-2026,96.1922,0.158904,0.619952,0.550425,0.069527
03-Aug-2026,100.374,0.158904,0.246696,0.20018,0.0465157
03-Aug-2026,66.9163,0.241096,18.0235,18.0818,0.0582962
03-Aug-2026,71.0986,0.241096,14.4012,14.4669,0.0657015
03-Aug-2026,75.2808,0.241096,11.0834,11.1455,0.0620906
03-Aug-2026,79.4631,0.241096,8.15958,8.20479,0.0452099
03-Aug-2026,83.6454,0.241096,5.70338,5.72112,0.0177382
03-Aug-2026,87.8276,0.241096,3.75524,3.74242,0.0128204
03-Aug-2026,92.0099,0.241096,2.31072,2.27348,0.037241
03-Aug-2026,96.1922,0.241096,1.31917,1.27035,0.0488184
03-Aug-2026,100.374,0.241096,0.694776,0.64796,0.046816
03-Aug-2026,66.9163,0.326027,18.7326,18.8005,0.0678831
03-Aug-2026,71.0986,0.326027,15.2821,15.3564,0.0742989
03-Aug-2026,75.2808,0.326027,12.1235,12.1971,0.0736072
03-Aug-2026,79.4631,0.326027,9.31578,9.38055,0.0647694
03-Aug-2026,83.6454,0.326027,6.90456,6.95384,0.0492809
03-Aug-2026,87.8276,0.326027,4.91493,4.94509,0.0301603
03-Aug-2026,92.0099,0.326027,3.3461,3.35725,0.0111546
03-Aug-2026,96.1922,0.326027,2.17044,2.16619,0.00425324
03-Aug-2026,100.374,0.326027,1.33735,1.32337,0.0139838
03-Aug-2026,66.9163,0.410959,19.3915,19.4559,0.0644353
03-Aug-2026,71.0986,0.410959,16.0645,16.1354,0.0709339
03-Aug-2026,75.2808,0.410959,13.0148,13.0883,0.073476
03-Aug-2026,79.4631,0.410959,10.2849,10.3565,0.0715545
03-Aug-2026,83.6454,0.410959,7.90684,7.97232,0.0654759
03-Aug-2026,87.8276,0.410959,5.89766,5.954,0.0563369
03-Aug-2026,92.0099,0.410959,4.25715,4.30238,0.0452318
03-Aug-2026,96.1922,0.410959,2.96703,3.00058,0.0335511
03-Aug-2026,100.374,0.410959,1.993,2.01555,0.0225469
03-Aug-2026,66.9163,0.490411,20.0457,20.0971,0.0514123
03-Aug-2026,71.0986,0.490411,16.8208,16.8791,0.0583112
03-Aug-2026,75.2808,0.490411,13.859,13.9228,0.06382
03-Aug-2026,79.4631,0.490411,11.192,11.2596,0.06763
03-Aug-2026,83.6454,0.490411,8.84308,8.91252,0.0694449
03-Aug-2026,87.8276,0.490411,6.82437,6.89338,0.0690123
03-Aug-2026,92.0099,0.490411,5.13534,5.20141,0.0660744
03-Aug-2026,96.1922,0.490411,3.76265,3.82332,0.0606653
03-Aug-2026,100.374,0.490411,2.68127,2.73444,0.0531696
03-Aug-2026,66.9163,0.567123,20.6449,20.6771,0.0321908
03-Aug-2026,71.0986,0.567123,17.5013,17.5408,0.039456
03-Aug-2026,75.2808,0.567123,14.6085,14.6559,0.0473853
03-Aug-2026,79.4631,0.567123,11.9913,12.0469,0.05556
03-Aug-2026,83.6454,0.567123,9.66744,9.73069,0.0632503
03-Aug-2026,87.8276,0.567123,7.64566,7.71531,0.0696488
03-Aug-2026,92.0099,0.567123,5.92502,5.99875,0.0737258
03-Aug-2026,96.1922,0.567123,4.49485,4.56958,0.0747299
03-Aug-2026,100.374,0.567123,3.3355,3.4079,0.0723993
03-Aug-2026,66.9163,0.657534,21.3056,21.3095,0.0039265
03-Aug-2026,71.0986,0.657534,18.2418,18.2533,0.0114535
03-Aug-2026,75.2808,0.657534,15.4163,15.4378,0.0215001
03-Aug-2026,79.4631,0.657534,12.8482,12.8817,0.0335498
03-Aug-2026,83.6454,0.657534,10.5508,10.5973,0.0465172
03-Aug-2026,87.8276,0.657534,8.53002,8.58931,0.0592931
03-Aug-2026,92.0099,0.657534,6.78451,6.85478,0.0702675
03-Aug-2026,96.1922,0.657534,5.30537,5.3836,0.0782257
03-Aug-2026,100.374,0.657534,4.0769,4.1593,0.0823985
03-Aug-2026,66.9163,0.739726,21.9084,21.881,0.0274419
03-Aug-2026,71.0986,0.739726,18.9105,18.8907,0.0198414
03-Aug-2026,75.2808,0.739726,16.1404,16.1321,0.0083089
03-Aug-2026,79.4631,0.739726,13.6133,13.6198,0.00646979
03-Aug-2026,83.6454,0.739726,11.3394,11.3626,0.023232
03-Aug-2026,87.8276,0.739726,9.3226,9.36339,0.0407885
03-Aug-2026,92.0099,0.739726,7.56118,7.6184,0.0572188
03-Aug-2026,96.1922,0.739726,6.04731,6.11835,0.071042
03-Aug-2026,100.374,0.739726,4.76778,4.84896,0.0811786
03-Aug-2026,66.9163,0.824658,22.539,22.474,0.0650132
03-Aug-2026,71.0986,0.824658,19.6046,19.547,0.0576211
03-Aug-2026,75.2808,0.824658,16.8879,16.8428,0.0450957
03-Aug-2026,79.4631,0.824658,14.4009,14.3726,0.0282889
03-Aug-2026,83.6454,0.824658,12.1509,12.1427,0.00821172
03-Aug-2026,87.8276,0.824658,10.1407,10.1541,0.013379
03-Aug-2026,92.0099,0.824658,8.368,8.4026,0.0346031
03-Aug-2026,96.1922,0.824658,6.82567,6.87956,0.0538925
03-Aug-2026,100.374,0.824658,5.50244,5.57234,0.0698994
03-Aug-2026,66.9163,0.906849,23.1136,23.0106,0.102957
03-Aug-2026,71.0986,0.906849,20.2331,20.1371,0.0959888
03-Aug-2026,75.2808,0.906849,17.5618,17.4788,0.0829911
03-Aug-2026,79.4631,0.906849,15.1091,15.0444,0.0646892
03-Aug-2026,83.6454,0.906849,12.8808,12.8383,0.0424981
03-Aug-2026,87.8276,0.906849,10.8783,10.8603,0.0179522
03-Aug-2026,92.0099,0.906849,9.09903,9.106,0.00696669
03-Aug-2026,96.1922,0.906849,7.5364,7.56698,0.0305813
03-Aug-2026,100.374,0.906849,6.1804,6.23185,0.0514485
04-Aug-2026,66.7204,0.00821918,16.6979,16.6979,4.324e-05
04-Aug-2026,70.8904,0.00821918,12.529,12.529,2.71988e-05
04-Aug-2026,75.0604,0.00821918,8.36014,8.3601,4.10156e-05
04-Aug-2026,79.2304,0.00821918,4.20417,4.20384,0.000328771
04-Aug-2026,83.4004,0.00821918,0.797757,0.778303,0.0194537
04-Aug-2026,87.5705,0.00821918,0.0114729,0.00802013,0.00345277
04-Aug-2026,91.7405,0.00821918,2.85662e-06,4.98681e-07,2.35794e-06
04-Aug-2026,95.9105,0.00821918,5.19898e-12,3.3642e-14,5.16534e-12
04-Aug-2026,100.081,0.00821918,1.05858e-15,-3.45809e-15,4.51667e-15
04-Aug-2026,66.7204,0.0273973,16.7635,16.7635,4.50402e-05
04-Aug-2026,70.8904,0.0273973,12.6013,12.6023,0.000984892
04-Aug-2026,75.0604,0.0273973,8.47878,8.48318,0.00439561
04-Aug-2026,79.2304,0.0273973,4.64014,4.63934,0.000796899
04-Aug-2026,83.4004,0.0273973,1.761,1.72741,0.0335928
04-Aug-2026,87.5705,0.0273973,0.379319,0.336829,0.0424899
04-Aug-2026,91.7405,0.0273973,0.0380387,0.0249812,0.0130575
04-Aug-2026,95.9105,0.0273973,0.00150591,0.000524919,0.000980991
04-Aug-2026,100.081,0.0273973,2.11281e-05,2.80858e-06,1.83195e-05
04-Aug-2026,66.7204,0.0465753,16.8194,16.8208,0.00140049
04-Aug-2026,70.8904,0.0465753,12.6806,12.6865,0.00588052
04-Aug-2026,75.0604,0.0465753,8.65502,8.66704,0.0120249
04-Aug-2026,79.2304,0.0465753,5.02956,5.03165,0.00209263
04-Aug-2026,83.4004,0.0465753,2.28584,2.25073,0.0351143
04-Aug-2026,87.5705,0.0465753,0.735772,0.678095,0.0576771
04-Aug-2026,91.7405,0.0465753,0.151701,0.116902,0.0347994
04-Aug-2026,95.9105,0.0465753,0.018332,0.00986935,0.00846265
04-Aug-2026,100.081,0.0465753,0.00122036,0.000380537,0.000839823
04-Aug-2026,66.7204,0.0657534,16.8993,16.9057,0.00637707
04-Aug-2026,70.8904,0.0657534,12.8134,12.8289,0.0155213
04-Aug-2026,75.0604,0.0657534,8.91571,8.9375,0.0217924
04-Aug-2026,79.2304,0.0657534,5.47079,5.47835,0.00756436
04-Aug-2026,83.4004,0.0657534,2.81596,2.78387,0.0320852
04-Aug-2026,87.5705,0.0657534,1.14907,1.08488,0.0641892
04-Aug-2026,91.7405,0.0657534,0.350801,0.29548,0.0553206
04-Aug-2026,95.9105,0.0657534,0.076009,0.0513886,0.0246204
04-Aug-2026,100.081,0.0657534,0.0112495,0.00543757,0.00581193
04-Aug-2026,66.7204,0.0849315,16.9776,16.9902,0.0126068
04-Aug-2026,70.8904,0.0849315,12.9454,12.9695,0.0241053
04-Aug-2026,75.0604,0.0849315,9.14314,9.17253,0.0293909
04-Aug-2026,79.2304,0.0849315,5.80576,5.81864,0.01288
04-Aug-2026,83.4004,0.0849315,3.19733,3.16999,0.0273388
04-Aug-2026,87.5705,0.0849315,1.46719,1.40338,0.063813
04-Aug-2026,91.7405,0.0849315,0.538354,0.473134,0.0652198
04-Aug-2026,95.9105,0.0849315,0.152079,0.11399,0.0380888
04-Aug-2026,100.081,0.0849315,0.0321592,0.0188955,0.0132637
04-Aug-2026,66.7204,0.0739726,16.9241,16.9324,0.0082556
04-Aug-2026,70.8904,0.0739726,12.8555,12.8738,0.0183232
04-Aug-2026,75.0604,0.0739726,8.99074,9.01512,0.0243777
04-Aug-2026,79.2304,0.0739726,5.58481,5.59409,0.00927511
04-Aug-2026,83.4004,0.0739726,2.94725,2.91658,0.0306698
04-Aug-2026,87.5705,0.0739726,1.25699,1.19248,0.0645079
04-Aug-2026,91.7405,0.0739726,0.411605,0.35233,0.0592745
04-Aug-2026,95.9105,0.0739726,0.0987405,0.0694576,0.0292829
04-Aug-2026,100.081,0.0739726,0.0167681,0.00873936,0.00802874
04-Aug-2026,66.7204,0.156164,17.3919,17.4329,0.0410267
04-Aug-2026,70.8904,0.156164,13.5779,13.6317,0.0537641
04-Aug-2026,75.0604,0.156164,10.061,10.1155,0.0545218
04-Aug-2026,79.2304,0.156164,6.98434,7.02007,0.035727
04-Aug-2026,83.4004,0.156164,4.47634,4.47592,0.000418138
04-Aug-2026,87.5705,0.156164,2.60724,2.56748,0.039756
04-Aug-2026,91.7405,0.156164,1.35802,1.2946,0.063423
04-Aug-2026,95.9105,0.156164,0.623171,0.560823,0.0623483
04-Aug-2026,100.081,0.156164,0.249058,0.205123,0.0439345
04-Aug-2026,66.7204,0.238356,17.9895,18.0532,0.0637334
04-Aug-2026,70.8904,0.238356,14.3797,14.4534,0.0737088
04-Aug-2026,75.0604,0.238356,11.0736,11.1462,0.072625
04-Aug-2026,79.2304,0.238356,8.16001,8.21778,0.0577654
04-Aug-2026,83.4004,0.238356,5.71177,5.74279,0.0310197
04-Aug-2026,87.5705,0.238356,3.76862,3.76795,0.000670246
04-Aug-2026,91.7405,0.238356,2.32583,2.29803,0.0278034
04-Aug-2026,95.9105,0.238356,1.33315,1.29011,0.0430383
04-Aug-2026,100.081,0.238356,0.705791,0.661183,0.0446078
04-Aug-2026,66.7204,0.323288,18.709,18.7806,0.0716437
04-Aug-2026,70.8904,0.323288,15.2718,15.3511,0.079287
04-Aug-2026,75.0604,0.323288,12.1256,12.2049,0.0793428
04-Aug-2026,79.2304,0.323288,9.32846,9.39934,0.070881
04-Aug-2026,83.4004,0.323288,6.92534,6.98037,0.0550262
04-Aug-2026,87.5705,0.323288,4.94075,4.97538,0.0346308
04-Aug-2026,91.7405,0.323288,3.37364,3.38744,0.0138024
04-Aug-2026,95.9105,0.323288,2.19665,2.19292,0.00373132
04-Aug-2026,100.081,0.323288,1.35991,1.34436,0.0155537
04-Aug-2026,66.7204,0.408219,19.3769,19.4421,0.0651831
04-Aug-2026,70.8904,0.408219,16.0637,16.1353,0.0716322
04-Aug-2026,75.0604,0.408219,13.0266,13.1003,0.0737202
04-Aug-2026,79.2304,0.408219,10.3074,10.3785,0.0710744
04-Aug-2026,83.4004,0.408219,7.9375,8.00143,0.0639284
04-Aug-2026,87.5705,0.408219,5.93351,5.98683,0.0533187
04-Aug-2026,91.7405,0.408219,4.29498,4.33572,0.0407435
04-Aug-2026,95.9105,0.408219,3.00382,3.03153,0.027705
04-Aug-2026,100.081,0.408219,2.02623,2.04178,0.015547
04-Aug-2026,66.7204,0.487671,20.0396,20.088,0.0483526
04-Aug-2026,70.8904,0.487671,16.8288,16.8829,0.0541227
04-Aug-2026,75.0604,0.487671,13.8796,13.9379,0.0583069
04-Aug-2026,79.2304,0.487671,11.2233,11.2839,0.0606127
04-Aug-2026,83.4004,0.487671,8.88269,8.94342,0.0607254
04-Aug-2026,87.5705,0.487671,6.86937,6.92795,0.0585845
04-Aug-2026,91.7405,0.487671,5.18267,5.23694,0.0542746
04-Aug-2026,95.9105,0.487671,3.80935,3.85727,0.0479206
04-Aug-2026,100.081,0.487671,2.72479,2.76461,0.0398187
04-Aug-2026,66.7204,0.564384,20.6463,20.6715,0.0252243
04-Aug-2026,70.8904,0.564384,17.5169,17.5475,0.0306006
04-Aug-2026,75.0604,0.564384,14.6367,14.6732,0.0365223
04-Aug-2026,79.2304,0.564384,12.0303,12.0728,0.0425109
04-Aug-2026,83.4004,0.564384,9.71476,9.7629,0.048136
04-Aug-2026,87.5705,0.564384,7.69855,7.75116,0.0526121
04-Aug-2026,91.7405,0.564384,5.98058,6.03586,0.0552843
04-Aug-2026,95.9105,0.564384,4.55021,4.60571,0.0555027
04-Aug-2026,100.081,0.564384,3.38813,3.44096,0.0528318
04-Aug-2026,66.7204,0.654795,21.3149,21.3074,0.00747734
04-Aug-2026,70.8904,0.654795,18.2654,18.2628,0.00259067
04-Aug-2026,75.0604,0.654795,15.4525,15.4573,0.00480709
04-Aug-2026,79.2304,0.654795,12.8952,12.9093,0.0141413
04-Aug-2026,83.4004,0.654795,10.6062,10.6308,0.0246456
04-Aug-2026,87.5705,0.654795,8.59123,8.62645,0.0352196
04-Aug-2026,91.7405,0.654795,6.84874,6.89343,0.0446943
04-Aug-2026,95.9105,0.654795,5.36989,5.42178,0.0518851
04-Aug-2026,100.081,0.654795,4.13924,4.19506,0.0558162
04-Aug-2026,66.7204,0.736986,21.9246,21.8817,0.0428753
04-Aug-2026,70.8904,0.736986,18.941,18.9026,0.03844
04-Aug-2026,75.0604,0.736986,16.1837,16.1534,0.0302555
04-Aug-2026,79.2304,0.736986,13.6674,13.6488,0.0185957
04-Aug-2026,83.4004,0.736986,11.4019,11.3974,0.00453851
04-Aug-2026,87.5705,0.736986,9.39109,9.40169,0.0105982
04-Aug-2026,91.7405,0.736986,7.63301,7.65839,0.0253843
04-Aug-2026,95.9105,0.736986,6.11987,6.15823,0.0383644
04-Aug-2026,100.081,0.736986,4.83867,4.8869,0.0482316
04-Aug-2026,66.7204,0.821918,22.5623,22.4776,0.0847195
04-Aug-2026,70.8904,0.821918,19.6423,19.5612,0.0810774
04-Aug-2026,75.0604,0.821918,16.9383,16.8661,0.0722497
04-Aug-2026,79.2304,0.821918,14.462,14.4032,0.0588203
04-Aug-2026,83.4004,0.821918,12.2207,12.1787,0.0419639
04-Aug-2026,87.5705,0.821918,10.2166,10.1937,0.0229443
04-Aug-2026,91.7405,0.821918,8.44753,8.44402,0.00351417
04-Aug-2026,95.9105,0.821918,6.90638,6.92117,0.0147855
04-Aug-2026,100.081,0.821918,5.582,5.61242,0.0304163
04-Aug-2026,66.7204,0.90411,23.1432,23.0167,0.126477
04-Aug-2026,70.8904,0.90411,20.277,20.1535,0.123549
04-Aug-2026,75.0604,0.90411,17.6184,17.5038,0.114604
04-Aug-2026,79.2304,0.90411,15.1766,15.0764,0.100161
04-Aug-2026,83.4004,0.90411,12.9569,12.8756,0.0812614
04-Aug-2026,87.5705,0.90411,10.9607,10.9012,0.0595247
04-Aug-2026,91.7405,0.90411,9.18537,9.14876,0.0366117
04-Aug-2026,95.9105,0.90411,7.62431,7.61016,0.0141541
04-Aug-2026,100.081,0.90411,6.26762,6.27381,0.00618785
05-Aug-2026,64.3517,0.00547945,16.0997,16.0997,4.40479e-05
05-Aug-2026,68.3737,0.00547945,12.0784,12.0785,7.80543e-05
05-Aug-2026,72.3957,0.00547945,8.05718,8.05721,3.27622e-05
05-Aug-2026,76.4177,0.00547945,4.0397,4.04062,0.000917721
05-Aug-2026,80.4397,0.00547945,0.656737,0.65225,0.00448729
05-Aug-2026,84.4617,0.00547945,0.00335271,0.00227891,0.0010738
05-Aug-2026,88.4837,0.00547945,6.81962e-08,6.70882e-09,6.14874e-08
05-Aug-2026,96.5276,0.00547945,2.46002e-15,-5.10235e-16,2.97025e-15
05-Aug-2026,64.3517,0.0246575,16.1643,16.1646,0.000335012
05-Aug-2026,68.3737,0.0246575,12.1497,12.1528,0.00306919
05-Aug-2026,72.3957,0.0246575,8.17381,8.18976,0.0159543
05-Aug-2026,76.4177,0.0246575,4.47581,4.50495,0.0291389
05-Aug-2026,80.4397,0.0246575,1.70763,1.70413,0.0035038
05-Aug-2026,84.4617,0.0246575,0.375359,0.340584,0.0347754
05-Aug-2026,88.4837,0.0246575,0.0396324,0.0261093,0.0135231
05-Aug-2026,92.5056,0.0246575,0.00173362,0.000614312,0.00111931
05-Aug-2026,96.5276,0.0246575,2.84341e-05,4.74919e-06,2.36849e-05
05-Aug-2026,64.3517,0.0438356,16.2198,16.2243,0.00446276
05-Aug-2026,68.3737,0.0438356,12.2298,12.2473,0.0175321
05-Aug-2026,72.3957,0.0438356,8.35524,8.39657,0.0413279
05-Aug-2026,76.4177,0.0438356,4.87572,4.92334,0.047623
05-Aug-2026,80.4397,0.0438356,2.24456,2.2479,0.00333763
05-Aug-2026,84.4617,0.0438356,0.744718,0.699575,0.0451427
05-Aug-2026,88.4837,0.0438356,0.16287,0.126647,0.0362231
05-Aug-2026,92.5056,0.0438356,0.0217167,0.0118919,0.00982477
05-Aug-2026,96.5276,0.0438356,0.00166884,0.000593921,0.00107492
05-Aug-2026,64.3517,0.0630137,16.3004,16.3185,0.0181498
05-Aug-2026,68.3737,0.0630137,12.3663,12.4095,0.0431649
05-Aug-2026,72.3957,0.0630137,8.62257,8.69246,0.0698943
05-Aug-2026,76.4177,0.0630137,5.32246,5.38927,0.0668139
05-Aug-2026,80.4397,0.0630137,2.77778,2.79286,0.0150819
05-Aug-2026,84.4617,0.0630137,1.16501,1.12009,0.0449239
05-Aug-2026,88.4837,0.0630137,0.373076,0.317985,0.0550913
05-Aug-2026,92.5056,0.0630137,0.0870943,0.059767,0.0273273
05-Aug-2026,96.5276,0.0630137,0.0143172,0.00748304,0.00683416
05-Aug-2026,64.3517,0.0821918,16.3803,16.4142,0.0338706
05-Aug-2026,68.3737,0.0821918,12.5017,12.5664,0.0647172
05-Aug-2026,72.3957,0.0821918,8.85345,8.94343,0.0899825
05-Aug-2026,76.4177,0.0821918,5.65791,5.73891,0.0810003
05-Aug-2026,80.4397,0.0821918,3.1572,3.18363,0.0264284
05-Aug-2026,84.4617,0.0821918,1.48393,1.44548,0.0384468
05-Aug-2026,88.4837,0.0821918,0.566408,0.504846,0.0615618
05-Aug-2026,92.5056,0.0821918,0.169781,0.129295,0.0404864
05-Aug-2026,96.5276,0.0821918,0.038961,0.0242561,0.0147049
05-Aug-2026,64.3517,0.0712329,16.3256,16.3487,0.0231147
05-Aug-2026,68.3737,0.0712329,12.4095,12.4599,0.0504495
05-Aug-2026,72.3957,0.0712329,8.69898,8.77588,0.0768971
05-Aug-2026,76.4177,0.0712329,5.43697,5.50863,0.0716565
05-Aug-2026,80.4397,0.0712329,2.90876,2.92749,0.0187261
05-Aug-2026,84.4617,0.0712329,1.2736,1.23033,0.043266
05-Aug-2026,88.4837,0.0712329,0.436164,0.378076,0.0580877
05-Aug-2026,92.5056,0.0712329,0.112109,0.0800536,0.0320554
05-Aug-2026,96.5276,0.0712329,0.0209657,0.0117171,0.00924862
05-Aug-2026,64.3517,0.153425,16.8012,16.9011,0.0999175
05-Aug-2026,68.3737,0.153425,13.1397,13.2736,0.133946
05-Aug-2026,72.3957,0.153425,9.76819,9.91703,0.14884
05-Aug-2026,76.4177,0.153425,6.8191,6.94965,0.130545
05-Aug-2026,80.4397,0.153425,4.40972,4.48881,0.0790858
05-Aug-2026,84.4617,0.153425,2.60322,2.61762,0.0144033
05-Aug-2026,88.4837,0.153425,1.38214,1.3482,0.0339413
05-Aug-2026,92.5056,0.153425,0.650885,0.602122,0.0487634
05-Aug-2026,96.5276,0.153425,0.268966,0.23146,0.0375063
05-Aug-2026,64.3517,0.235616,17.3968,17.5495,0.152687
05-Aug-2026,68.3737,0.235616,13.9304,14.112,0.181628
05-Aug-2026,72.3957,0.235616,10.7559,10.948,0.192113
05-Aug-2026,76.4177,0.235616,7.95547,8.13391,0.178441
05-Aug-2026,80.4397,0.235616,5.59663,5.73862,0.141991
05-Aug-2026,84.4617,0.235616,3.7166,3.80917,0.0925672
05-Aug-2026,88.4837,0.235616,2.31213,2.3566,0.0444661
05-Aug-2026,92.5056,0.235616,1.33803,1.34776,0.00972516
05-Aug-2026,96.5276,0.235616,0.716362,0.708841,0.00752096
05-Aug-2026,64.3517,0.320548,18.1015,18.2836,0.182124
05-Aug-2026,68.3737,0.320548,14.7955,15.0041,0.208611
05-Aug-2026,72.3957,0.320548,11.7666,11.9888,0.222205
05-Aug-2026,76.4177,0.320548,9.06925,9.28945,0.220196
05-Aug-2026,80.4397,0.320548,6.74632,6.94934,0.203019
05-Aug-2026,84.4617,0.320548,4.82213,4.9964,0.17427
05-Aug-2026,88.4837,0.320548,3.29763,3.43714,0.139515
05-Aug-2026,92.5056,0.320548,2.14901,2.25351,0.104502
05-Aug-2026,96.5276,0.320548,1.33049,1.40403,0.0735376
05-Aug-2026,64.3517,0.405479,18.7477,18.9382,0.190464
05-Aug-2026,68.3737,0.405479,15.5547,15.7726,0.217943
05-Aug-2026,72.3957,0.405479,12.6234,12.8609,0.237516
05-Aug-2026,76.4177,0.405479,9.99372,10.241,0.247264
05-Aug-2026,80.4397,0.405479,7.69637,7.94288,0.24651
05-Aug-2026,84.4617,0.405479,5.74906,5.98475,0.235692
05-Aug-2026,88.4837,0.405479,4.15367,4.36986,0.216192
05-Aug-2026,92.5056,0.405479,2.89524,3.08529,0.190053
05-Aug-2026,96.5276,0.405479,1.94312,2.10276,0.159637
05-Aug-2026,64.3517,0.484932,19.3835,19.5705,0.187027
05-Aug-2026,68.3737,0.484932,16.2828,16.4999,0.217096
05-Aug-2026,72.3957,0.484932,13.4293,13.6727,0.24345
05-Aug-2026,76.4177,0.484932,10.8535,11.1178,0.264278
05-Aug-2026,80.4397,0.484932,8.5786,8.85645,0.277853
05-Aug-2026,84.4617,0.484932,6.61783,6.90075,0.282915
05-Aug-2026,88.4837,0.484932,4.97312,5.25159,0.278472
05-Aug-2026,92.5056,0.484932,3.6342,3.89848,0.264276
05-Aug-2026,96.5276,0.484932,2.57917,2.82012,0.240947
05-Aug-2026,64.3517,0.561644,19.9622,20.1384,0.176239
05-Aug-2026,68.3737,0.561644,16.9343,17.1438,0.209467
05-Aug-2026,72.3957,0.561644,14.1416,14.3835,0.241926
05-Aug-2026,76.4177,0.561644,11.6083,11.8802,0.27185
05-Aug-2026,80.4397,0.561644,9.35265,9.64959,0.296938
05-Aug-2026,84.4617,0.561644,7.38511,7.6999,0.314792
05-Aug-2026,88.4837,0.561644,5.70727,6.03048,0.323211
05-Aug-2026,92.5056,0.561644,4.31135,4.63202,0.320672
05-Aug-2026,96.5276,0.561644,3.18056,3.48714,0.30658
05-Aug-2026,64.3517,0.652055,20.5972,20.755,0.157849
05-Aug-2026,68.3737,0.652055,17.6406,17.8352,0.194588
05-Aug-2026,72.3957,0.652055,14.9068,15.1403,0.233509
05-Aug-2026,76.4177,0.652055,12.4154,12.6876,0.272209
05-Aug-2026,80.4397,0.652055,10.1804,10.4886,0.308167
05-Aug-2026,84.4617,0.652055,8.20989,8.54815,0.338262
05-Aug-2026,88.4837,0.652055,6.50498,6.8645,0.35952
05-Aug-2026,92.5056,0.652055,5.0596,5.42913,0.36953
05-Aug-2026,96.5276,0.652055,3.86067,4.22747,0.366804
05-Aug-2026,64.3517,0.734247,21.1747,21.3108,0.136077
05-Aug-2026,68.3737,0.734247,18.2767,18.4528,0.176117
05-Aug-2026,72.3957,0.734247,15.5916,15.8117,0.220115
05-Aug-2026,76.4177,0.734247,13.1351,13.401,0.265861
05-Aug-2026,80.4397,0.734247,10.9188,11.229,0.310162
05-Aug-2026,84.4617,0.734247,8.9487,9.29861,0.349906
05-Aug-2026,88.4837,0.734247,7.22563,7.60719,0.38156
05-Aug-2026,92.5056,0.734247,5.74445,6.14673,0.402284
05-Aug-2026,96.5276,0.734247,4.4944,4.90445,0.410052
05-Aug-2026,64.3517,0.819178,21.7774,21.8868,0.109358
05-Aug-2026,68.3737,0.819178,18.936,19.0884,0.152384
05-Aug-2026,72.3957,0.819178,16.2978,16.4989,0.201056
05-Aug-2026,76.4177,0.819178,13.8756,14.1286,0.252979
05-Aug-2026,80.4397,0.819178,11.6787,11.9835,0.304768
05-Aug-2026,84.4617,0.819178,9.71168,10.0648,0.353079
05-Aug-2026,88.4837,0.819178,7.97483,8.36909,0.394265
05-Aug-2026,92.5056,0.819178,6.46366,6.88888,0.425225
05-Aug-2026,96.5276,0.819178,5.16917,5.61271,0.443541
05-Aug-2026,64.3517,0.90137,22.3259,22.4077,0.0817854
05-Aug-2026,68.3737,0.90137,19.5325,19.6598,0.127298
05-Aug-2026,72.3957,0.90137,16.9342,17.1139,0.179663
05-Aug-2026,76.4177,0.90137,14.5418,14.778,0.236211
05-Aug-2026,80.4397,0.90137,12.3626,12.6564,0.293761
05-Aug-2026,84.4617,0.90137,10.4003,10.749,0.348685
05-Aug-2026,88.4837,0.90137,8.6546,9.05208,0.397477
05-Aug-2026,92.5056,0.90137,7.12153,7.55833,0.436798
05-Aug-2026,96.5276,0.90137,5.79319,6.25728,0.464088
06-Aug-2026,64.1453,0.00273973,16.0422,16.0421,5.5821e-05
06-Aug-2026,68.1544,0.00273973,12.0335,12.0334,9.05581e-05
06-Aug-2026,72.1635,0.00273973,8.02474,8.02467,6.52952e-05
06-Aug-2026,76.1726,0.00273973,4.0161,4.01609,1.2208e-05
06-Aug-2026,80.1816,0.00273973,0.460238,0.469307,0.0090695
06-Aug-2026,84.1907,0.00273973,5.77173e-05,4.81233e-05,9.59401e-06
06-Aug-2026,88.1998,0.00273973,6.3281e-14,6.85401e-15,5.6427e-14
06-Aug-2026,92.2089,0.00273973,1.17822e-15,8.71227e-16,3.06993e-16
06-Aug-2026,64.1453,0.0219178,16.1065,16.1066,0.000119644
06-Aug-2026,68.1544,0.0219178,12.1034,12.1061,0.00272798
06-Aug-2026,72.1635,0.0219178,8.13096,8.14945,0.0184878
06-Aug-2026,76.1726,0.0219178,4.41363,4.4625,0.0488707
06-Aug-2026,80.1816,0.0219178,1.62964,1.66659,0.0369527
06-Aug-2026,84.1907,0.0219178,0.330308,0.325322,0.00498609
06-Aug-2026,88.1998,0.0219178,0.0299581,0.0241695,0.00578862
06-Aug-2026,92.2089,0.0219178,0.00103176,0.000540482,0.000491278
06-Aug-2026,96.218,0.0219178,1.20974e-05,3.74195e-06,8.35545e-06
06-Aug-2026,64.1453,0.0410959,16.1611,16.1654,0.00428826
06-Aug-2026,68.1544,0.0410959,12.1797,12.1991,0.0193635
06-Aug-2026,72.1635,0.0410959,8.3045,8.35728,0.0527845
06-Aug-2026,76.1726,0.0410959,4.81396,4.89415,0.0801946
06-Aug-2026,80.1816,0.0410959,2.17893,2.23343,0.0545024
06-Aug-2026,84.1907,0.0410959,0.698657,0.69843,0.000226582
06-Aug-2026,88.1998,0.0410959,0.144154,0.128684,0.0154698
06-Aug-2026,92.2089,0.0410959,0.0176047,0.012442,0.00516275
06-Aug-2026,96.218,0.0410959,0.00119858,0.000634776,0.000563804
06-Aug-2026,64.1453,0.060274,16.2395,16.2592,0.0196713
06-Aug-2026,68.1544,0.060274,12.3117,12.3621,0.0504204
06-Aug-2026,72.1635,0.060274,8.56718,8.65866,0.0914806
06-Aug-2026,76.1726,0.060274,5.26219,5.37214,0.109949
06-Aug-2026,80.1816,0.060274,2.71845,2.79362,0.0751696
06-Aug-2026,84.1907,0.060274,1.11954,1.13191,0.0123653
06-Aug-2026,88.1998,0.060274,0.348255,0.328647,0.0196083
06-Aug-2026,92.2089,0.060274,0.0779331,0.0640224,0.0139107
06-Aug-2026,96.218,0.060274,0.0120986,0.00833906,0.00375954
06-Aug-2026,64.1453,0.0794521,16.3174,16.3552,0.0378217
06-Aug-2026,68.1544,0.0794521,12.4441,12.5212,0.0770532
06-Aug-2026,72.1635,0.0794521,8.79597,8.91437,0.118399
06-Aug-2026,76.1726,0.0794521,5.59849,5.72894,0.130449
06-Aug-2026,80.1816,0.0794521,3.10045,3.19233,0.0918828
06-Aug-2026,84.1907,0.0794521,1.43882,1.46489,0.0260733
06-Aug-2026,88.1998,0.0794521,0.538557,0.522402,0.0161546
06-Aug-2026,92.2089,0.0794521,0.156995,0.138208,0.0187871
06-Aug-2026,96.218,0.0794521,0.0347092,0.0269479,0.00776127
06-Aug-2026,64.1453,0.0684932,16.2641,16.2894,0.0253019
06-Aug-2026,68.1544,0.0684932,12.3538,12.4132,0.0594184
06-Aug-2026,72.1635,0.0684932,8.64277,8.74369,0.100915
06-Aug-2026,76.1726,0.0684932,5.37702,5.4941,0.117082
06-Aug-2026,80.1816,0.0684932,2.85045,2.93121,0.0807631
06-Aug-2026,84.1907,0.0684932,1.22827,1.24494,0.0166655
06-Aug-2026,88.1998,0.0684932,0.4102,0.391118,0.0190818
06-Aug-2026,92.2089,0.0684932,0.101673,0.0857599,0.0159131
06-Aug-2026,96.218,0.0684932,0.018106,0.0130618,0.00504416
06-Aug-2026,64.1453,0.150685,16.7317,16.8474,0.115743
06-Aug-2026,68.1544,0.150685,13.0751,13.2381,0.163002
06-Aug-2026,72.1635,0.150685,9.70667,9.90188,0.195213
06-Aug-2026,76.1726,0.150685,6.76053,6.9556,0.195069
06-Aug-2026,80.1816,0.150685,4.35609,4.51314,0.157051
06-Aug-2026,84.1907,0.150685,2.55784,2.65295,0.0951098
06-Aug-2026,88.1998,0.150685,1.34782,1.38421,0.036386
06-Aug-2026,92.2089,0.150685,0.628274,0.630002,0.00172821
06-Aug-2026,96.218,0.150685,0.256226,0.248166,0.00806023
06-Aug-2026,64.1453,0.232877,17.3224,17.5021,0.179729
06-Aug-2026,68.1544,0.232877,13.8615,14.0843,0.222833
06-Aug-2026,72.1635,0.232877,10.6916,10.941,0.249415
06-Aug-2026,76.1726,0.232877,7.89577,8.147,0.251227
06-Aug-2026,80.1816,0.232877,5.54241,5.76877,0.226362
06-Aug-2026,84.1907,0.232877,3.66935,3.85057,0.181215
06-Aug-2026,88.1998,0.232877,2.27337,2.40166,0.128291
06-Aug-2026,92.2089,0.232877,1.30857,1.38901,0.0804351
06-Aug-2026,96.218,0.232877,0.695885,0.741206,0.0453212
06-Aug-2026,64.1453,0.317808,18.0232,18.2411,0.217903
06-Aug-2026,68.1544,0.317808,14.7232,14.9813,0.258098
06-Aug-2026,72.1635,0.317808,11.6997,11.9859,0.286173
06-Aug-2026,76.1726,0.317808,9.0076,9.30521,0.297606
06-Aug-2026,80.1816,0.317808,6.69024,6.98098,0.290736
06-Aug-2026,84.1907,0.317808,4.77234,5.03933,0.266993
06-Aug-2026,88.1998,0.317808,3.25497,3.48572,0.230746
06-Aug-2026,92.2089,0.317808,2.11411,2.30185,0.187739
06-Aug-2026,96.218,0.317808,1.3035,1.44726,0.143759
06-Aug-2026,64.1453,0.40274,18.6666,18.8985,0.231882
06-Aug-2026,68.1544,0.40274,15.4799,15.7523,0.27237
06-Aug-2026,72.1635,0.40274,12.5544,12.8596,0.305177
06-Aug-2026,76.1726,0.40274,9.93015,10.2573,0.327148
06-Aug-2026,80.1816,0.40274,7.63835,7.97428,0.335932
06-Aug-2026,84.1907,0.40274,5.69695,6.02742,0.330468
06-Aug-2026,88.1998,0.40274,4.10796,4.41924,0.311276
06-Aug-2026,92.2089,0.40274,2.85639,3.13657,0.280181
06-Aug-2026,96.218,0.40274,1.91138,2.15165,0.240269
06-Aug-2026,64.1453,0.482192,19.3002,19.5327,0.232533
06-Aug-2026,68.1544,0.482192,16.2059,16.4809,0.275026
06-Aug-2026,72.1635,0.482192,13.3583,13.6721,0.313765
06-Aug-2026,76.1726,0.482192,10.7881,11.1339,0.345832
06-Aug-2026,80.1816,0.482192,8.51864,8.88711,0.368467
06-Aug-2026,84.1907,0.482192,6.56349,6.94261,0.379117
06-Aug-2026,88.1998,0.482192,4.9247,5.30085,0.37615
06-Aug-2026,92.2089,0.482192,3.59201,3.95109,0.359078
06-Aug-2026,96.218,0.482192,2.54345,2.87234,0.328893
06-Aug-2026,64.1453,0.558904,19.877,20.1019,0.224868
06-Aug-2026,68.1544,0.558904,16.8557,17.1256,0.269881
06-Aug-2026,72.1635,0.558904,14.0689,14.383,0.314132
06-Aug-2026,76.1726,0.558904,11.5412,11.8959,0.354694
06-Aug-2026,80.1816,0.558904,9.29097,9.67941,0.388438
06-Aug-2026,84.1907,0.558904,7.32886,7.74087,0.412012
06-Aug-2026,88.1998,0.558904,5.65658,6.07929,0.422705
06-Aug-2026,92.2089,0.558904,4.26646,4.68514,0.41868
06-Aug-2026,96.218,0.558904,3.14166,3.54126,0.399597
06-Aug-2026,64.1453,0.649315,20.5103,20.7195,0.209161
06-Aug-2026,68.1544,0.649315,17.5602,17.8175,0.257333
06-Aug-2026,72.1635,0.649315,14.8324,15.1398,0.307384
06-Aug-2026,76.1726,0.649315,12.3466,12.7028,0.356179
06-Aug-2026,80.1816,0.649315,10.1169,10.5174,0.400537
06-Aug-2026,84.1907,0.649315,8.15164,8.58811,0.436467
06-Aug-2026,88.1998,0.649315,6.45201,6.91264,0.460629
06-Aug-2026,92.2089,0.649315,5.01204,5.48237,0.470333
06-Aug-2026,96.218,0.649315,3.81866,4.28289,0.464232
06-Aug-2026,64.1453,0.731507,21.0863,21.2759,0.189556
06-Aug-2026,68.1544,0.731507,18.1948,18.4355,0.240651
06-Aug-2026,72.1635,0.731507,15.5157,15.811,0.295338
06-Aug-2026,76.1726,0.731507,13.0648,13.4156,0.350765
06-Aug-2026,80.1816,0.731507,10.8537,11.257,0.403282
06-Aug-2026,84.1907,0.731507,8.88873,9.33766,0.448926
06-Aug-2026,88.1998,0.731507,7.17074,7.65466,0.483919
06-Aug-2026,92.2089,0.731507,5.69467,6.19986,0.505191
06-Aug-2026,96.218,0.731507,4.44984,4.9606,0.510758
06-Aug-2026,64.1453,0.816438,21.6876,21.8524,0.164765
06-Aug-2026,68.1544,0.816438,18.8527,19.0712,0.218486
06-Aug-2026,72.1635,0.816438,16.2205,16.4979,0.277443
06-Aug-2026,76.1726,0.816438,13.8038,14.1426,0.338778
06-Aug-2026,80.1816,0.816438,11.6121,12.0106,0.398532
06-Aug-2026,84.1907,0.816438,9.65004,10.1029,0.452857
06-Aug-2026,88.1998,0.816438,7.91806,8.41584,0.497784
06-Aug-2026,92.2089,0.816438,6.41177,6.94175,0.52998
06-Aug-2026,96.218,0.816438,5.1222,5.66931,0.547105
06-Aug-2026,64.1453,0.89863,22.2349,22.3737,0.138758
06-Aug-2026,68.1544,0.89863,19.448,19.6427,0.194664
06-Aug-2026,72.1635,0.89863,16.8557,17.1127,0.256991
06-Aug-2026,76.1726,0.89863,14.4688,14.7915,0.322659
06-Aug-2026,80.1816,0.89863,12.2947,12.6828,0.388077
06-Aug-2026,84.1907,0.89863,10.3372,10.7863,0.449127
06-Aug-2026,88.1998,0.89863,8.59626,9.09817,0.501908
06-Aug-2026,92.2089,0.89863,7.06787,7.61087,0.543004
06-Aug-2026,96.218,0.89863,5.74422,6.31409,0.569866
07-Aug-2026,64.4072,0.0191781,16.1663,16.1664,0.000129212
07-Aug-2026,68.4327,0.0191781,12.1458,12.1475,0.0016655
07-Aug-2026,72.4582,0.0191781,8.14941,8.16183,0.0124228
07-Aug-2026,76.4836,0.0191781,4.38741,4.42077,0.0333556
07-Aug-2026,80.5091,0.0191781,1.56755,1.58171,0.0141623
07-Aug-2026,84.5345,0.0191781,0.292234,0.274252,0.0179823
07-Aug-2026,88.56,0.0191781,0.0226419,0.0158167,0.00682523
07-Aug-2026,92.5854,0.0191781,0.000609089,0.00022837,0.000380719
07-Aug-2026,96.6109,0.0191781,5.05503e-06,8.50183e-07,4.20485e-06
07-Aug-2026,64.4072,0.0383562,16.2205,16.2237,0.00320355
07-Aug-2026,68.4327,0.0383562,12.2195,12.2343,0.0147848
07-Aug-2026,72.4582,0.0383562,8.31738,8.35843,0.0410507
07-Aug-2026,76.4836,0.0383562,4.7932,4.85195,0.0587466
07-Aug-2026,80.5091,0.0383562,2.13709,2.16329,0.0262025
07-Aug-2026,84.5345,0.0383562,0.664752,0.64241,0.0223417
07-Aug-2026,88.56,0.0383562,0.130311,0.107086,0.0232246
07-Aug-2026,92.5854,0.0383562,0.0147445,0.00875658,0.00598792
07-Aug-2026,96.6109,0.0383562,0.000904426,0.000352104,0.000552322
07-Aug-2026,64.4072,0.0575342,16.2979,16.3139,0.0159919
07-Aug-2026,68.4327,0.0575342,12.3489,12.3906,0.0416667
07-Aug-2026,72.4582,0.0575342,8.57907,8.65375,0.0746825
07-Aug-2026,76.4836,0.0575342,5.24866,5.33239,0.0837299
07-Aug-2026,80.5091,0.0575342,2.68968,2.73231,0.0426347
07-Aug-2026,84.5345,0.0575342,1.09218,1.07565,0.0165321
07-Aug-2026,88.56,0.0575342,0.332376,0.296559,0.0358168
07-Aug-2026,92.5854,0.0575342,0.0720927,0.0531147,0.018978
07-Aug-2026,96.6109,0.0575342,0.0107359,0.00613674,0.00459916
07-Aug-2026,64.4072,0.0767123,16.3749,16.4069,0.0319964
07-Aug-2026,68.4327,0.0767123,12.4804,12.5457,0.0653358
07-Aug-2026,72.4582,0.0767123,8.80891,8.90739,0.0984752
07-Aug-2026,76.4836,0.0767123,5.58997,5.69151,0.101543
07-Aug-2026,80.5091,0.0767123,3.0789,3.13591,0.0570145
07-Aug-2026,84.5345,0.0767123,1.41622,1.40976,0.0064619
07-Aug-2026,88.56,0.0767123,0.523183,0.4853,0.0378835
07-Aug-2026,92.5854,0.0767123,0.149773,0.121384,0.0283894
07-Aug-2026,96.6109,0.0767123,0.0323368,0.0218424,0.0104944
07-Aug-2026,64.4072,0.0958904,16.4642,16.5143,0.0501301
07-Aug-2026,68.4327,0.0958904,12.6271,12.715,0.087869
07-Aug-2026,72.4582,0.0958904,9.04187,9.1611,0.11923
07-Aug-2026,76.4836,0.0958904,5.90872,6.02656,0.117836
07-Aug-2026,80.5091,0.0958904,3.43167,3.5036,0.0719257
07-Aug-2026,84.5345,0.0958904,1.721,1.72765,0.00665172
07-Aug-2026,88.56,0.0958904,0.723763,0.689947,0.0338158
07-Aug-2026,92.5854,0.0958904,0.248426,0.214632,0.0337944
07-Aug-2026,96.6109,0.0958904,0.0681685,0.0514461,0.0167224
07-Aug-2026,64.4072,0.0657534,16.3221,16.3431,0.0209781
07-Aug-2026,68.4327,0.0657534,12.3906,12.4402,0.0496183
07-Aug-2026,72.4582,0.0657534,8.65491,8.73789,0.0829797
07-Aug-2026,76.4836,0.0657534,5.36524,5.45512,0.0898776
07-Aug-2026,80.5091,0.0657534,2.82433,2.87168,0.0473491
07-Aug-2026,84.5345,0.0657534,1.20257,1.18897,0.0135967
07-Aug-2026,88.56,0.0657534,0.394353,0.357075,0.0372777
07-Aug-2026,92.5854,0.0657534,0.0952639,0.0728088,0.0224551
07-Aug-2026,96.6109,0.0657534,0.0163968,0.00999672,0.00640008
07-Aug-2026,64.4072,0.147945,16.7884,16.8914,0.103027
07-Aug-2026,68.4327,0.147945,13.1132,13.2568,0.143556
07-Aug-2026,72.4582,0.147945,9.72733,9.89542,0.168095
07-Aug-2026,76.4836,0.147945,6.76679,6.9275,0.160712
07-Aug-2026,80.5091,0.147945,4.3526,4.47042,0.117822
07-Aug-2026,84.5345,0.147945,2.54983,2.60558,0.0557477
07-Aug-2026,88.56,0.147945,1.33957,1.34191,0.0023359
07-Aug-2026,92.5854,0.147945,0.622112,0.599086,0.0230263
07-Aug-2026,96.6109,0.147945,0.252574,0.229629,0.0229453
07-Aug-2026,64.4072,0.230137,17.3819,17.5442,0.16228
07-Aug-2026,68.4327,0.230137,13.9053,14.1043,0.199025
07-Aug-2026,72.4582,0.230137,10.7214,10.9405,0.21909
07-Aug-2026,76.4836,0.230137,7.91421,8.12923,0.215019
07-Aug-2026,80.5091,0.230137,5.55241,5.73843,0.186024
07-Aug-2026,84.5345,0.230137,3.67389,3.81362,0.139726
07-Aug-2026,88.56,0.230137,2.2749,2.36399,0.0890939
07-Aug-2026,92.5854,0.230137,1.30879,1.35555,0.0467615
07-Aug-2026,96.6109,0.230137,0.695698,0.714912,0.0192144
07-Aug-2026,64.4072,0.315068,18.0875,18.2851,0.197576
07-Aug-2026,68.4327,0.315068,14.774,15.006,0.232044
07-Aug-2026,72.4582,0.315068,11.7387,11.9932,0.254514
07-Aug-2026,76.4836,0.315068,9.03693,9.29791,0.260983
07-Aug-2026,80.5091,0.315068,6.71199,6.96237,0.25038
07-Aug-2026,84.5345,0.315068,4.78842,5.0134,0.224979
07-Aug-2026,88.56,0.315068,3.26693,3.4563,0.189373
07-Aug-2026,92.5854,0.315068,2.12302,2.27247,0.149453
07-Aug-2026,96.6109,0.315068,1.31006,1.42059,0.110531
07-Aug-2026,64.4072,0.4,18.7357,18.9457,0.210023
07-Aug-2026,68.4327,0.4,15.537,15.7822,0.245176
07-Aug-2026,72.4582,0.4,12.601,12.8739,0.272939
07-Aug-2026,76.4836,0.4,9.96811,10.2585,0.290388
07-Aug-2026,80.5091,0.4,7.6693,7.96491,0.295612
07-Aug-2026,84.5345,0.4,5.72231,6.0105,0.288192
07-Aug-2026,88.56,0.4,4.12882,4.39762,0.268797
07-Aug-2026,92.5854,0.4,2.87349,3.11293,0.239442
07-Aug-2026,96.6109,0.4,1.92513,2.12819,0.203057
07-Aug-2026,64.4072,0.479452,19.3742,19.5837,0.209544
07-Aug-2026,68.4327,0.479452,16.269,16.516,0.247024
07-Aug-2026,72.4582,0.479452,13.412,13.6929,0.28094
07-Aug-2026,76.4836,0.479452,10.8339,11.1427,0.308762
07-Aug-2026,80.5091,0.479452,8.55788,8.88581,0.327928
07-Aug-2026,84.5345,0.479452,6.59733,6.93371,0.33638
07-Aug-2026,88.56,0.479452,4.95394,5.28658,0.33264
07-Aug-2026,92.5854,0.479452,3.61714,3.93359,0.316445
07-Aug-2026,96.6109,0.479452,2.5647,2.85341,0.288712
07-Aug-2026,64.4072,0.556164,19.9556,20.1565,0.20088
07-Aug-2026,68.4327,0.556164,16.9242,17.1653,0.241108
07-Aug-2026,72.4582,0.556164,14.1287,14.4095,0.28076
07-Aug-2026,76.4836,0.556164,11.5937,11.9109,0.31718
07-Aug-2026,80.5091,0.556164,9.33732,9.68476,0.347437
07-Aug-2026,84.5345,0.556164,7.37002,7.73864,0.368624
07-Aug-2026,88.56,0.556164,5.69318,6.07132,0.378143
07-Aug-2026,92.5854,0.556164,4.29882,4.67324,0.374415
07-Aug-2026,96.6109,0.556164,3.1699,3.52694,0.357039
07-Aug-2026,64.4072,0.646575,20.5939,20.778,0.18415
07-Aug-2026,68.4327,0.646575,17.6344,17.8622,0.227757
07-Aug-2026,72.4582,0.646575,14.8987,15.1719,0.273216
07-Aug-2026,76.4836,0.646575,12.4061,12.7241,0.31798
07-Aug-2026,80.5091,0.646575,10.1707,10.5295,0.358758
07-Aug-2026,84.5345,0.646575,8.2005,8.59261,0.392112
07-Aug-2026,88.56,0.646575,6.49642,6.91117,0.414752
07-Aug-2026,92.5854,0.646575,5.05221,5.47645,0.424238
07-Aug-2026,96.6109,0.646575,3.85461,4.27381,0.419195
07-Aug-2026,64.4072,0.728767,21.1743,21.338,0.163715
07-Aug-2026,68.4327,0.728767,18.2742,18.4843,0.210139
07-Aug-2026,72.4582,0.728767,15.5877,15.848,0.260334
07-Aug-2026,76.4836,0.728767,13.1305,13.4422,0.311685
07-Aug-2026,80.5091,0.728767,10.914,11.2746,0.360599
07-Aug-2026,84.5345,0.728767,8.94434,9.34783,0.403492
07-Aug-2026,88.56,0.728767,7.22204,7.65874,0.436697
07-Aug-2026,92.5854,0.728767,5.74181,6.19917,0.457356
07-Aug-2026,96.6109,0.728767,4.49276,4.95626,0.463501
07-Aug-2026,64.4072,0.813699,21.7803,21.9182,0.137873
07-Aug-2026,68.4327,0.813699,18.9373,19.1243,0.187038
07-Aug-2026,72.4582,0.813699,16.2982,16.5397,0.24153
07-Aug-2026,76.4836,0.813699,13.8757,14.1744,0.29869
07-Aug-2026,80.5091,0.813699,11.6789,12.0337,0.354793
07-Aug-2026,84.5345,0.813699,9.71245,10.1186,0.406156
07-Aug-2026,88.56,0.813699,7.97635,8.42538,0.449031
07-Aug-2026,92.5854,0.813699,6.46602,6.94629,0.480268
07-Aug-2026,96.6109,0.813699,5.17231,5.66984,0.49753
07-Aug-2026,64.4072,0.89589,22.3318,22.4427,0.110904
07-Aug-2026,68.4327,0.89589,19.5373,19.6995,0.16224
07-Aug-2026,72.4582,0.89589,16.9385,17.1586,0.220113
07-Aug-2026,76.4836,0.89589,14.5461,14.8277,0.281621
07-Aug-2026,80.5091,0.89589,12.3673,12.7105,0.343193
07-Aug-2026,84.5345,0.89589,10.4056,10.8068,0.401176
07-Aug-2026,88.56,0.89589,8.66073,9.11241,0.451683
07-Aug-2026,92.5854,0.89589,7.12844,7.61998,0.491538
07-Aug-2026,96.6109,0.89589,5.80076,6.31895,0.518186
10-Aug-2026,66.2092,0.0109589,16.5763,16.5762,7.95972e-05
10-Aug-2026,70.3472,0.0109589,12.4397,12.4397,2.18999e-05
10-Aug-2026,74.4853,0.0109589,8.30328,8.30336,8.04104e-05
10-Aug-2026,78.6234,0.0109589,4.20036,4.20337,0.00300991
10-Aug-2026,82.7614,0.0109589,0.931641,0.908941,0.0226995
10-Aug-2026,86.8995,0.0109589,0.0315378,0.0198509,0.0116869
10-Aug-2026,91.0376,0.0109589,6.20956e-05,4.02152e-06,5.80741e-05
10-Aug-2026,95.1757,0.0109589,3.86879e-09,3.34305e-13,3.86846e-09
10-Aug-2026,99.3137,0.0109589,6.05559e-15,-8.42835e-16,6.89843e-15
10-Aug-2026,66.2092,0.030137,16.6425,16.6429,0.000371373
10-Aug-2026,70.3472,0.030137,12.5143,12.5185,0.00416658
10-Aug-2026,74.4853,0.030137,8.43615,8.4533,0.0171472
10-Aug-2026,78.6234,0.030137,4.66512,4.68566,0.0205405
10-Aug-2026,82.7614,0.030137,1.83737,1.80412,0.0332546
10-Aug-2026,86.8995,0.030137,0.433397,0.361917,0.0714796
10-Aug-2026,91.0376,0.030137,0.0516097,0.0234811,0.0281286
10-Aug-2026,95.1757,0.030137,0.00268805,0.000247442,0.00244061
10-Aug-2026,99.3137,0.030137,5.56257e-05,2.72361e-07,5.53533e-05
10-Aug-2026,66.2092,0.0493151,16.6999,16.7047,0.00481844
10-Aug-2026,70.3472,0.0493151,12.5986,12.6166,0.0180315
10-Aug-2026,74.4853,0.0493151,8.62203,8.66011,0.0380848
10-Aug-2026,78.6234,0.0493151,5.0546,5.08673,0.0321285
10-Aug-2026,82.7614,0.0493151,2.34909,2.31668,0.0324067
10-Aug-2026,86.8995,0.0493151,0.791337,0.698108,0.093229
10-Aug-2026,91.0376,0.0493151,0.176502,0.107944,0.0685581
10-Aug-2026,95.1757,0.0493151,0.0240518,0.00592751,0.0181243
10-Aug-2026,99.3137,0.0493151,0.00189165,8.53694e-05,0.00180628
10-Aug-2026,66.2092,0.0684932,16.7828,16.8001,0.017343
10-Aug-2026,70.3472,0.0684932,12.7377,12.7777,0.039972
10-Aug-2026,74.4853,0.0684932,8.88832,8.94862,0.0602995
10-Aug-2026,78.6234,0.0684932,5.49226,5.53649,0.0442265
10-Aug-2026,82.7614,0.0684932,2.86822,2.84152,0.0266955
10-Aug-2026,86.8995,0.0684932,1.20115,1.09894,0.102211
10-Aug-2026,91.0376,0.0684932,0.382213,0.276431,0.105782
10-Aug-2026,95.1757,0.0684932,0.087975,0.0366856,0.0512894
10-Aug-2026,99.3137,0.0684932,0.01413,0.00208964,0.0120404
10-Aug-2026,66.2092,0.0876712,16.8639,16.8947,0.0308033
10-Aug-2026,70.3472,0.0876712,12.8734,12.9309,0.0575274
10-Aug-2026,74.4853,0.0876712,9.11729,9.1923,0.0750112
10-Aug-2026,78.6234,0.0876712,5.82314,5.87604,0.0528969
10-Aug-2026,82.7614,0.0876712,3.24173,3.22172,0.0200075
10-Aug-2026,86.8995,0.0876712,1.51448,1.41305,0.10143
10-Aug-2026,91.0376,0.0876712,0.571012,0.447235,0.123777
10-Aug-2026,95.1757,0.0876712,0.167584,0.0884841,0.0790999
10-Aug-2026,99.3137,0.0876712,0.0372751,0.00938314,0.027892
10-Aug-2026,66.2092,0.0575342,16.7354,16.7452,0.00977674
10-Aug-2026,70.3472,0.0575342,12.6575,12.6853,0.0277501
10-Aug-2026,74.4853,0.0575342,8.73998,8.78876,0.0487768
10-Aug-2026,78.6234,0.0575342,5.25856,5.29642,0.0378608
10-Aug-2026,82.7614,0.0575342,2.59572,2.56546,0.0302583
10-Aug-2026,86.8995,0.0575342,0.981555,0.882489,0.0990665
10-Aug-2026,91.0376,0.0575342,0.265149,0.177503,0.0876457
10-Aug-2026,95.1757,0.0575342,0.0480395,0.0157856,0.0322539
10-Aug-2026,99.3137,0.0575342,0.00557856,0.000481811,0.00509675
10-Aug-2026,66.2092,0.139726,17.1689,17.2394,0.0704531
10-Aug-2026,70.3472,0.139726,13.3429,13.4403,0.0973854
10-Aug-2026,74.4853,0.139726,9.80493,9.90922,0.10429
10-Aug-2026,78.6234,0.139726,6.71043,6.78402,0.0735916
10-Aug-2026,82.7614,0.139726,4.20395,4.20785,0.00390365
10-Aug-2026,86.8995,0.139726,2.36565,2.28678,0.0788675
10-Aug-2026,91.0376,0.139726,1.17259,1.04069,0.131897
10-Aug-2026,95.1757,0.139726,0.502728,0.373833,0.128895
10-Aug-2026,99.3137,0.139726,0.183888,0.0989368,0.0849512
10-Aug-2026,66.2092,0.221918,17.7494,17.8543,0.104891
10-Aug-2026,70.3472,0.221918,14.1325,14.2551,0.12263
10-Aug-2026,74.4853,0.221918,10.8151,10.9357,0.120566
10-Aug-2026,78.6234,0.221918,7.89258,7.98442,0.0918438
10-Aug-2026,82.7614,0.221918,5.44538,5.48342,0.0380409
10-Aug-2026,86.8995,0.221918,3.51899,3.4907,0.0282948
10-Aug-2026,91.0376,0.221918,2.10996,2.02307,0.0868929
10-Aug-2026,95.1757,0.221918,1.16354,1.04453,0.119012
10-Aug-2026,99.3137,0.221918,0.586201,0.468581,0.11762
10-Aug-2026,66.2092,0.306849,18.4244,18.5307,0.10628
10-Aug-2026,70.3472,0.306849,14.9743,15.0911,0.116751
10-Aug-2026,74.4853,0.306849,11.8122,11.9259,0.113656
10-Aug-2026,78.6234,0.306849,9.00157,9.09596,0.0943918
10-Aug-2026,82.7614,0.306849,6.59336,6.65358,0.0602211
10-Aug-2026,86.8995,0.306849,4.61721,4.63359,0.0163757
10-Aug-2026,91.0376,0.306849,3.07481,3.04625,0.0285593
10-Aug-2026,95.1757,0.306849,1.93776,1.87253,0.0652323
10-Aug-2026,99.3137,0.306849,1.15135,1.06482,0.0865269
10-Aug-2026,66.2092,0.391781,19.1098,19.1926,0.082842
10-Aug-2026,70.3472,0.391781,15.7881,15.878,0.0899391
10-Aug-2026,74.4853,0.391781,12.7388,12.8286,0.0898436
10-Aug-2026,78.6234,0.391781,10.0071,10.0888,0.0816519
10-Aug-2026,82.7614,0.391781,7.62869,7.69408,0.0653897
10-Aug-2026,86.8995,0.391781,5.62443,5.66692,0.0424853
10-Aug-2026,91.0376,0.391781,3.99713,4.01278,0.0156518
10-Aug-2026,95.1757,0.391781,2.72995,2.71839,0.0115553
10-Aug-2026,99.3137,0.391781,1.78771,1.75248,0.0352308
10-Aug-2026,66.2092,0.471233,19.7587,19.8043,0.045605
10-Aug-2026,70.3472,0.471233,16.5365,16.5882,0.0516926
10-Aug-2026,74.4853,0.471233,13.572,13.6279,0.05586
10-Aug-2026,78.6234,0.471233,10.8996,10.957,0.0574474
10-Aug-2026,82.7614,0.471233,8.54573,8.60153,0.0557982
10-Aug-2026,86.8995,0.471233,6.52613,6.57619,0.0500566
10-Aug-2026,91.0376,0.471233,4.84347,4.88345,0.0399817
10-Aug-2026,95.1757,0.471233,3.48645,3.5124,0.0259467
10-Aug-2026,99.3137,0.471233,2.43037,2.43961,0.0092409
10-Aug-2026,66.2092,0.547945,20.3226,20.3272,0.00462358
10-Aug-2026,70.3472,0.547945,17.1752,17.186,0.0108158
10-Aug-2026,74.4853,0.547945,14.2736,14.2924,0.0188418
10-Aug-2026,78.6234,0.547945,11.6453,11.6735,0.0281688
10-Aug-2026,82.7614,0.547945,9.31153,9.34875,0.0372206
10-Aug-2026,86.8995,0.547945,7.28447,7.32872,0.0442495
10-Aug-2026,91.0376,0.547945,5.56643,5.61388,0.0474457
10-Aug-2026,95.1757,0.547945,4.14891,4.1944,0.045486
10-Aug-2026,99.3137,0.547945,3.01297,3.051,0.0380341
10-Aug-2026,66.2092,0.638356,21.0052,20.9523,0.0529462
10-Aug-2026,70.3472,0.638356,17.938,17.8919,0.0460656
10-Aug-2026,74.4853,0.638356,15.1033,15.0697,0.0336055
10-Aug-2026,78.6234,0.638356,12.5228,12.5063,0.0165384
10-Aug-2026,82.7614,0.638356,10.2124,10.2159,0.00345159
10-Aug-2026,86.8995,0.638356,8.18161,8.20503,0.0234243
10-Aug-2026,91.0376,0.638356,6.43193,6.47262,0.0406924
10-Aug-2026,95.1757,0.638356,4.95692,5.0096,0.0526829
10-Aug-2026,99.3137,0.638356,3.74221,3.79996,0.057755
10-Aug-2026,66.2092,0.720548,21.6007,21.492,0.108739
10-Aug-2026,70.3472,0.720548,18.5965,18.4954,0.101119
10-Aug-2026,74.4853,0.720548,15.8143,15.7289,0.085397
10-Aug-2026,78.6234,0.720548,13.2717,13.209,0.0626571
10-Aug-2026,82.7614,0.720548,10.9815,10.9465,0.035032
10-Aug-2026,86.8995,0.720548,8.951,8.94529,0.00571051
10-Aug-2026,91.0376,0.720548,7.18123,7.20326,0.0220258
10-Aug-2026,95.1757,0.720548,5.66678,5.71182,0.0450449
10-Aug-2026,99.3137,0.720548,4.39597,4.45694,0.060971
10-Aug-2026,66.2092,0.805479,22.1962,22.0277,0.168541
10-Aug-2026,70.3472,0.805479,19.2501,19.0897,0.16037
10-Aug-2026,74.4853,0.805479,16.5162,16.3743,0.141919
10-Aug-2026,78.6234,0.805479,14.0091,13.8945,0.114647
10-Aug-2026,82.7614,0.805479,11.739,11.6581,0.0808555
10-Aug-2026,86.8995,0.805479,9.71143,9.66759,0.0438366
10-Aug-2026,91.0376,0.805479,7.92698,7.91975,0.00722599
10-Aug-2026,95.1757,0.805479,6.38091,6.40644,0.0255307
10-Aug-2026,99.3137,0.805479,5.0634,5.11505,0.0516467
10-Aug-2026,66.2092,0.887671,22.7646,22.5358,0.228825
10-Aug-2026,70.3472,0.887671,19.87,19.6499,0.220134
10-Aug-2026,74.4853,0.887671,17.1793,16.9795,0.199802
10-Aug-2026,78.6234,0.887671,14.7043,14.5352,0.169115
10-Aug-2026,82.7614,0.887671,12.4533,12.3227,0.130577
10-Aug-2026,86.8995,0.887671,10.4306,10.343,0.0876405
10-Aug-2026,91.0376,0.887671,8.63619,8.59228,0.0439123
10-Aug-2026,95.1757,0.887671,7.06585,7.06277,0.0030803
10-Aug-2026,99.3137,0.887671,5.71105,5.7429,0.0318505
11-Aug-2026,67.2699,0.00821918,16.8363,16.8362,7.04733e-05
11-Aug-2026,71.4742,0.00821918,12.6331,12.6331,6.35464e-06
11-Aug-2026,75.6786,0.00821918,8.42992,8.4299,1.86653e-05
11-Aug-2026,79.883,0.00821918,4.24018,4.2408,0.000619855
11-Aug-2026,84.0873,0.00821918,0.80886,0.78086,0.0279997
11-Aug-2026,88.2917,0.00821918,0.0120261,0.00605422,0.00597188
11-Aug-2026,92.4961,0.00821918,3.26784e-06,4.92817e-08,3.21856e-06
11-Aug-2026,96.7004,0.00821918,6.96721e-12,-3.07214e-15,6.97028e-12
11-Aug-2026,100.905,0.00821918,3.19673e-16,-3.05705e-15,3.37672e-15
11-Aug-2026,67.2699,0.0273973,16.9054,16.9056,0.000154778
11-Aug-2026,71.4742,0.0273973,12.7093,12.7119,0.00263954
11-Aug-2026,75.6786,0.0273973,8.5537,8.56583,0.0121291
11-Aug-2026,79.883,0.0273973,4.68564,4.69634,0.0106955
11-Aug-2026,84.0873,0.0273973,1.78358,1.73562,0.04796
11-Aug-2026,88.2917,0.0273973,0.38683,0.309184,0.0776461
11-Aug-2026,92.4961,0.0273973,0.0392802,0.0149339,0.0243463
11-Aug-2026,96.7004,0.0273973,0.00158546,8.2861e-05,0.0015026
11-Aug-2026,100.905,0.0273973,2.28496e-05,3.14558e-08,2.28181e-05
11-Aug-2026,67.2699,0.0465753,16.9643,16.9678,0.00352859
11-Aug-2026,71.4742,0.0465753,12.7921,12.8061,0.0139756
11-Aug-2026,75.6786,0.0465753,8.73454,8.76471,0.0301748
11-Aug-2026,79.883,0.0465753,5.08023,5.09954,0.0193099
11-Aug-2026,84.0873,0.0465753,2.31284,2.26281,0.050028
11-Aug-2026,88.2917,0.0465753,0.746521,0.640236,0.106285
11-Aug-2026,92.4961,0.0465753,0.154487,0.0859059,0.0685811
11-Aug-2026,96.7004,0.0465753,0.0187492,0.00350763,0.0152416
11-Aug-2026,100.905,0.0465753,0.00125418,3.03976e-05,0.00122378
11-Aug-2026,67.2699,0.0657534,17.048,17.0622,0.0141932
11-Aug-2026,71.4742,0.0657534,12.9293,12.963,0.0337364
11-Aug-2026,75.6786,0.0657534,8.99985,9.05013,0.0502782
11-Aug-2026,79.883,0.0657534,5.52554,5.55506,0.0295181
11-Aug-2026,84.0873,0.0657534,2.84579,2.79978,0.0460072
11-Aug-2026,88.2917,0.0657534,1.16139,1.04161,0.119783
11-Aug-2026,92.4961,0.0657534,0.354146,0.24188,0.112266
11-Aug-2026,96.7004,0.0657534,0.0764729,0.027401,0.0490719
11-Aug-2026,100.905,0.0657534,0.0112501,0.00118378,0.0100663
11-Aug-2026,67.2699,0.0849315,17.1294,17.1558,0.026395
11-Aug-2026,71.4742,0.0849315,13.0645,13.1146,0.0500844
11-Aug-2026,75.6786,0.0849315,9.23018,9.29419,0.0640075
11-Aug-2026,79.883,0.0849315,5.86261,5.90005,0.0374375
11-Aug-2026,84.0873,0.0849315,3.22814,3.18824,0.0398992
11-Aug-2026,88.2917,0.0849315,1.47941,1.35842,0.120988
11-Aug-2026,92.4961,0.0849315,0.540952,0.406341,0.134611
11-Aug-2026,96.7004,0.0849315,0.151775,0.0722244,0.0795506
11-Aug-2026,100.905,0.0849315,0.0317551,0.00635357,0.0254015
11-Aug-2026,67.2699,0.0547945,17.0003,17.0079,0.00760271
11-Aug-2026,71.4742,0.0547945,12.8499,12.8726,0.0226809
11-Aug-2026,75.6786,0.0547945,8.85155,8.8913,0.0397533
11-Aug-2026,79.883,0.0547945,5.28765,5.31165,0.0240048
11-Aug-2026,84.0873,0.0547945,2.56635,2.51752,0.0488285
11-Aug-2026,88.2917,0.0547945,0.938875,0.824323,0.114552
11-Aug-2026,92.4961,0.0547945,0.239753,0.149081,0.0906715
11-Aug-2026,96.7004,0.0547945,0.0398742,0.010674,0.0292002
11-Aug-2026,100.905,0.0547945,0.00411193,0.000223695,0.00388823
11-Aug-2026,67.2699,0.136986,17.4363,17.5004,0.0641227
11-Aug-2026,71.4742,0.136986,13.537,13.6256,0.0885603
11-Aug-2026,75.6786,0.136986,9.92673,10.0192,0.0924607
11-Aug-2026,79.883,0.136986,6.76744,6.82538,0.0579359
11-Aug-2026,84.0873,0.136986,4.21174,4.19599,0.015755
11-Aug-2026,88.2917,0.136986,2.34537,2.24505,0.100325
11-Aug-2026,92.4961,0.136986,1.14458,0.994514,0.150066
11-Aug-2026,96.7004,0.136986,0.480114,0.341177,0.138937
11-Aug-2026,100.905,0.136986,0.170616,0.0836613,0.0869547
11-Aug-2026,67.2699,0.219178,18.0246,18.1232,0.0986305
11-Aug-2026,71.4742,0.219178,14.3386,14.4531,0.114451
11-Aug-2026,75.6786,0.219178,10.9557,11.0655,0.109758
11-Aug-2026,79.883,0.219178,7.97517,8.05276,0.0775883
11-Aug-2026,84.0873,0.219178,5.48131,5.50139,0.0200772
11-Aug-2026,88.2917,0.219178,3.5225,3.47333,0.0491742
11-Aug-2026,92.4961,0.219178,2.09567,1.98736,0.108314
11-Aug-2026,96.7004,0.219178,1.14367,1.00612,0.137547
11-Aug-2026,100.905,0.219178,0.568538,0.43811,0.130428
11-Aug-2026,67.2699,0.30411,18.7125,18.8135,0.100988
11-Aug-2026,71.4742,0.30411,15.1977,15.3072,0.109481
11-Aug-2026,75.6786,0.30411,11.9752,12.0788,0.103559
11-Aug-2026,79.883,0.30411,9.11065,9.19155,0.0809035
11-Aug-2026,84.0873,0.30411,6.65745,6.70043,0.0429843
11-Aug-2026,88.2917,0.30411,4.64687,4.64262,0.00425276
11-Aug-2026,92.4961,0.30411,3.08108,3.0298,0.0512771
11-Aug-2026,96.7004,0.30411,1.93078,1.84291,0.0878684
11-Aug-2026,100.905,0.30411,1.13914,1.03245,0.106689
11-Aug-2026,67.2699,0.389041,19.4135,19.4913,0.077817
11-Aug-2026,71.4742,0.389041,16.0309,16.1134,0.0824516
11-Aug-2026,75.6786,0.389041,12.9248,13.0041,0.079265
11-Aug-2026,79.883,0.389041,10.1423,10.2095,0.0672125
11-Aug-2026,84.0873,0.389041,7.72021,7.76722,0.0470079
11-Aug-2026,88.2917,0.389041,5.68064,5.70105,0.0204126
11-Aug-2026,92.4961,0.389041,4.02675,4.01759,0.00916148
11-Aug-2026,96.7004,0.389041,2.74132,2.7038,0.037516
11-Aug-2026,100.905,0.389041,1.78808,1.72757,0.0605081
11-Aug-2026,67.2699,0.468493,20.0788,20.1185,0.0397254
11-Aug-2026,71.4742,0.468493,16.7988,16.8415,0.042728
11-Aug-2026,75.6786,0.468493,13.7804,13.8237,0.0432668
11-Aug-2026,79.883,0.468493,11.0594,11.1,0.0406326
11-Aug-2026,84.0873,0.468493,8.66304,8.69775,0.034705
11-Aug-2026,88.2917,0.468493,6.60784,6.63286,0.0250161
11-Aug-2026,92.4961,0.468493,4.89674,4.9086,0.0118612
11-Aug-2026,96.7004,0.468493,3.51826,3.51437,0.00389146
11-Aug-2026,100.905,0.468493,2.44706,2.42629,0.0207722
11-Aug-2026,67.2699,0.545205,20.6579,20.655,0.0028807
11-Aug-2026,71.4742,0.545205,17.455,17.4547,0.000273628
11-Aug-2026,75.6786,0.545205,14.5018,14.5053,0.00349596
11-Aug-2026,79.883,0.545205,11.8266,11.8348,0.00820141
11-Aug-2026,84.0873,0.545205,9.45132,9.46398,0.0126551
11-Aug-2026,88.2917,0.545205,7.38867,7.40418,0.0155069
11-Aug-2026,92.4961,0.545205,5.64116,5.65656,0.0154007
11-Aug-2026,96.7004,0.545205,4.20017,4.21161,0.0114411
11-Aug-2026,100.905,0.545205,3.04635,3.04975,0.00340106
11-Aug-2026,67.2699,0.635616,21.3599,21.2964,0.0635075
11-Aug-2026,71.4742,0.635616,18.2398,18.1789,0.0609393
11-Aug-2026,75.6786,0.635616,15.3559,15.3025,0.0534215
11-Aug-2026,79.883,0.635616,12.7303,12.6889,0.0414351
11-Aug-2026,84.0873,0.635616,10.3796,10.3531,0.0265143
11-Aug-2026,88.2917,0.635616,8.31343,8.30243,0.0109967
11-Aug-2026,92.4961,0.635616,6.5335,6.53624,0.00273734
11-Aug-2026,96.7004,0.635616,5.03329,5.04576,0.0124741
11-Aug-2026,100.905,0.635616,3.79816,3.8148,0.0166357
11-Aug-2026,67.2699,0.717808,21.973,21.8502,0.122779
11-Aug-2026,71.4742,0.717808,18.9181,18.7979,0.120237
11-Aug-2026,75.6786,0.717808,16.0885,15.9785,0.109956
11-Aug-2026,79.883,0.717808,13.5024,13.4095,0.0928699
11-Aug-2026,84.0873,0.717808,11.1728,11.1022,0.0706064
11-Aug-2026,88.2917,0.717808,9.10721,9.06124,0.0459715
11-Aug-2026,92.4961,0.717808,7.30682,7.28484,0.0219799
11-Aug-2026,96.7004,0.717808,5.76611,5.76471,0.00140232
11-Aug-2026,100.905,0.717808,4.47321,4.48662,0.0134063
11-Aug-2026,67.2699,0.80274,22.5867,22.3999,0.186795
11-Aug-2026,71.4742,0.80274,19.5918,19.4075,0.184306
11-Aug-2026,75.6786,0.80274,16.8123,16.6404,0.171927
11-Aug-2026,79.883,0.80274,14.2631,14.1123,0.150777
11-Aug-2026,84.0873,0.80274,11.9545,11.8318,0.122665
11-Aug-2026,88.2917,0.80274,9.89227,9.80164,0.0906291
11-Aug-2026,92.4961,0.80274,8.07703,8.01905,0.0579792
11-Aug-2026,96.7004,0.80274,6.50396,6.4761,0.0278563
11-Aug-2026,100.905,0.80274,5.1631,5.16004,0.00305751
11-Aug-2026,67.2699,0.884932,23.1728,22.9212,0.251551
11-Aug-2026,71.4742,0.884932,20.2313,19.982,0.249308
11-Aug-2026,75.6786,0.884932,17.4965,17.261,0.235527
11-Aug-2026,79.883,0.884932,14.9806,14.7693,0.211341
11-Aug-2026,84.0873,0.884932,12.692,12.5132,0.178846
11-Aug-2026,88.2917,0.884932,10.6351,10.4939,0.141176
11-Aug-2026,92.4961,0.884932,8.8099,8.70826,0.101644
11-Aug-2026,96.7004,0.884932,7.21209,7.14844,0.0636477
11-Aug-2026,100.905,0.884932,5.83302,5.80281,0.0302139
12-Aug-2026,67.0667,0.00547945,16.779,16.779,3.13953e-05
12-Aug-2026,71.2583,0.00547945,12.5881,12.5881,4.16299e-05
12-Aug-2026,75.45,0.00547945,8.39725,8.39721,3.50956e-05
12-Aug-2026,79.6417,0.00547945,4.20926,4.20935,9.31645e-05
12-Aug-2026,83.8333,0.00547945,0.659861,0.635793,0.0240676
12-Aug-2026,88.025,0.00547945,0.00244607,0.000948319,0.00149775
12-Aug-2026,92.2167,0.00547945,2.03167e-08,4.62338e-11,2.02705e-08
12-Aug-2026,96.4083,0.00547945,1.14799e-15,3.2169e-15,2.06891e-15
12-Aug-2026,100.6,0.00547945,1.52563e-16,3.27259e-15,3.12002e-15
12-Aug-2026,67.0667,0.0246575,16.8471,16.8472,5.54433e-05
12-Aug-2026,71.2583,0.0246575,12.6624,12.6644,0.00195763
12-Aug-2026,75.45,0.0246575,8.51162,8.52172,0.0101036
12-Aug-2026,79.6417,0.0246575,4.63084,4.63909,0.00825378
12-Aug-2026,83.8333,0.0246575,1.71978,1.66966,0.0501163
12-Aug-2026,88.025,0.0246575,0.351373,0.27642,0.0749529
12-Aug-2026,92.2167,0.0246575,0.0319643,0.0113745,0.0205898
12-Aug-2026,96.4083,0.0246575,0.00108787,4.82957e-05,0.00103957
12-Aug-2026,100.6,0.0246575,1.23643e-05,1.34889e-08,1.23508e-05
12-Aug-2026,67.0667,0.0438356,16.9048,16.9077,0.00288577
12-Aug-2026,71.2583,0.0438356,12.742,12.7544,0.0124063
12-Aug-2026,75.45,0.0438356,8.68761,8.71494,0.0273299
12-Aug-2026,79.6417,0.0438356,5.02967,5.04498,0.0153123
12-Aug-2026,83.8333,0.0438356,2.26413,2.20929,0.0548388
12-Aug-2026,88.025,0.0438356,0.714897,0.607003,0.107894
12-Aug-2026,92.2167,0.0438356,0.142685,0.0769983,0.0656867
12-Aug-2026,96.4083,0.0438356,0.0164247,0.00289353,0.0135312
12-Aug-2026,100.6,0.0438356,0.0010229,2.33868e-05,0.000999513
12-Aug-2026,67.0667,0.0630137,16.9864,16.9995,0.0130769
12-Aug-2026,71.2583,0.0630137,12.8762,12.9077,0.0314602
12-Aug-2026,75.45,0.0630137,8.9516,8.99793,0.0463322
12-Aug-2026,79.6417,0.0630137,5.48024,5.50365,0.0234113
12-Aug-2026,83.8333,0.0630137,2.80697,2.75324,0.0537312
12-Aug-2026,88.025,0.0630137,1.1351,1.00963,0.125466
12-Aug-2026,92.2167,0.0630137,0.341473,0.228728,0.112745
12-Aug-2026,96.4083,0.0630137,0.0723884,0.0250668,0.0473216
12-Aug-2026,100.6,0.0630137,0.0103978,0.00106162,0.00933618
12-Aug-2026,67.0667,0.0821918,17.0663,17.0912,0.0249046
12-Aug-2026,71.2583,0.0821918,13.0101,13.0572,0.0471435
12-Aug-2026,75.45,0.0821918,9.18237,9.24126,0.0588949
12-Aug-2026,79.6417,0.0821918,5.8209,5.8504,0.0295025
12-Aug-2026,83.8333,0.0821918,3.19471,3.14479,0.0499209
12-Aug-2026,88.025,0.0821918,1.45696,1.32736,0.129603
12-Aug-2026,92.2167,0.0821918,0.529235,0.391091,0.138144
12-Aug-2026,96.4083,0.0821918,0.147254,0.0681943,0.0790597
12-Aug-2026,100.6,0.0821918,0.030495,0.00593966,0.0245553
12-Aug-2026,67.0667,0.0520548,16.9399,16.9466,0.00668168
12-Aug-2026,71.2583,0.0520548,12.7983,12.819,0.0207123
12-Aug-2026,75.45,0.0520548,8.80364,8.84009,0.0364452
12-Aug-2026,79.6417,0.0520548,5.23959,5.25867,0.0190771
12-Aug-2026,83.8333,0.0520548,2.52279,2.4678,0.0549869
12-Aug-2026,88.025,0.0520548,0.909752,0.791636,0.118116
12-Aug-2026,92.2167,0.0520548,0.227142,0.137947,0.0891945
12-Aug-2026,96.4083,0.0520548,0.0365905,0.00937432,0.0272162
12-Aug-2026,100.6,0.0520548,0.00361682,0.000189313,0.00342751
12-Aug-2026,67.0667,0.134247,17.3708,17.4318,0.0610063
12-Aug-2026,71.2583,0.134247,13.4822,13.5649,0.0826943
12-Aug-2026,75.45,0.134247,9.88246,9.96533,0.082869
12-Aug-2026,79.6417,0.134247,6.73396,6.77806,0.0441038
12-Aug-2026,83.8333,0.134247,4.18895,4.15635,0.0326025
12-Aug-2026,88.025,0.134247,2.33211,2.21522,0.116894
12-Aug-2026,92.2167,0.134247,1.13841,0.975991,0.162419
12-Aug-2026,96.4083,0.134247,0.478042,0.332758,0.145284
12-Aug-2026,100.6,0.134247,0.170221,0.08133,0.088891
12-Aug-2026,67.0667,0.216438,17.9596,18.0504,0.0908083
12-Aug-2026,71.2583,0.216438,14.287,14.389,0.10198
12-Aug-2026,75.45,0.216438,10.918,11.0096,0.0916129
12-Aug-2026,79.6417,0.216438,7.95097,8.00498,0.0540064
12-Aug-2026,83.8333,0.216438,5.46932,5.46194,0.00737866
12-Aug-2026,88.025,0.216438,3.52012,3.44274,0.0773791
12-Aug-2026,92.2167,0.216438,2.0994,1.96592,0.133484
12-Aug-2026,96.4083,0.216438,1.14989,0.993232,0.156658
12-Aug-2026,100.6,0.216438,0.5745,0.431977,0.142523
12-Aug-2026,67.0667,0.30137,18.6504,18.7367,0.0862936
12-Aug-2026,71.2583,0.30137,15.1511,15.2395,0.0883856
12-Aug-2026,75.45,0.30137,11.9442,12.0198,0.075643
12-Aug-2026,79.6417,0.30137,9.09468,9.14127,0.0465885
12-Aug-2026,83.8333,0.30137,6.65466,6.65878,0.00412279
12-Aug-2026,88.025,0.30137,4.65432,4.60963,0.0446888
12-Aug-2026,92.2167,0.30137,3.09501,3.00532,0.0896877
12-Aug-2026,96.4083,0.30137,1.94729,1.82633,0.120955
12-Aug-2026,100.6,0.30137,1.15489,1.02262,0.132273
12-Aug-2026,67.0667,0.386301,19.3554,19.4106,0.0552289
12-Aug-2026,71.2583,0.386301,15.9897,16.0419,0.0522085
12-Aug-2026,75.45,0.386301,12.9005,12.9417,0.0411511
12-Aug-2026,79.6417,0.386301,10.1338,10.156,0.0221896
12-Aug-2026,83.8333,0.386301,7.72568,7.72248,0.00319545
12-Aug-2026,88.025,0.386301,5.69705,5.66496,0.0320945
12-Aug-2026,92.2167,0.386301,4.05038,3.9898,0.0605789
12-Aug-2026,96.4083,0.386301,2.76819,2.68371,0.0844805
12-Aug-2026,100.6,0.386301,1.81455,1.71424,0.100311
12-Aug-2026,67.0667,0.465753,20.025,20.0342,0.00918337
12-Aug-2026,71.2583,0.465753,16.7629,16.7665,0.00359105
12-Aug-2026,75.45,0.465753,13.7622,13.7578,0.00442334
12-Aug-2026,79.6417,0.465753,11.0577,11.0432,0.0145426
12-Aug-2026,83.8333,0.465753,8.67596,8.64974,0.0262245
12-Aug-2026,88.025,0.465753,6.63234,6.59348,0.0388595
12-Aug-2026,92.2167,0.465753,4.9292,4.87747,0.0517293
12-Aug-2026,96.4083,0.465753,3.55476,3.49087,0.0638852
12-Aug-2026,100.6,0.465753,2.48385,2.40962,0.0742289
12-Aug-2026,67.0667,0.542466,20.6082,20.5675,0.0406775
12-Aug-2026,71.2583,0.542466,17.4239,17.3766,0.0473482
12-Aug-2026,75.45,0.542466,14.489,14.4363,0.0526829
12-Aug-2026,79.6417,0.542466,11.8309,11.7749,0.0560111
12-Aug-2026,83.8333,0.542466,9.47057,9.41296,0.0576133
12-Aug-2026,88.025,0.542466,7.42003,7.36179,0.0582432
12-Aug-2026,92.2167,0.542466,5.68112,5.62239,0.05873
12-Aug-2026,96.4083,0.542466,4.24491,4.18507,0.0598397
12-Aug-2026,100.6,0.542466,3.09212,3.03011,0.0620128
12-Aug-2026,67.0667,0.632877,21.3153,21.2051,0.110198
12-Aug-2026,71.2583,0.632877,18.2147,18.0969,0.117818
12-Aug-2026,75.45,0.632877,15.3496,15.2297,0.11989
12-Aug-2026,79.6417,0.632877,12.7416,12.6252,0.116421
12-Aug-2026,83.8333,0.632877,10.4064,10.2983,0.108105
12-Aug-2026,88.025,0.632877,8.35296,8.25625,0.0967075
12-Aug-2026,92.2167,0.632877,6.58238,6.49825,0.0841252
12-Aug-2026,96.4083,0.632877,5.08783,5.01542,0.0724104
12-Aug-2026,100.6,0.632877,3.85468,3.79143,0.0632481
12-Aug-2026,67.0667,0.715068,21.9332,21.7556,0.177559
12-Aug-2026,71.2583,0.715068,18.8982,18.7126,0.185634
12-Aug-2026,75.45,0.715068,16.088,15.9024,0.18556
12-Aug-2026,79.6417,0.715068,13.5198,13.3425,0.177307
12-Aug-2026,83.8333,0.715068,11.2061,11.044,0.162071
12-Aug-2026,88.025,0.715068,9.15378,9.01166,0.142122
12-Aug-2026,92.2167,0.715068,7.36335,7.24344,0.119911
12-Aug-2026,96.4083,0.715068,5.82906,5.73095,0.0981067
12-Aug-2026,100.6,0.715068,4.53898,4.45991,0.0790723
12-Aug-2026,67.0667,0.8,22.5518,22.3021,0.24975
12-Aug-2026,71.2583,0.8,19.5773,19.3189,0.258424
12-Aug-2026,75.45,0.8,16.8175,16.5609,0.256588
12-Aug-2026,79.6417,0.8,14.2866,14.0419,0.244707
12-Aug-2026,83.8333,0.8,11.9943,11.7702,0.224059
12-Aug-2026,88.025,0.8,9.94579,9.74859,0.197196
12-Aug-2026,92.2167,0.8,8.1411,7.97416,0.16694
12-Aug-2026,96.4083,0.8,6.57516,6.43887,0.136295
12-Aug-2026,100.6,0.8,5.23795,5.1299,0.108046
12-Aug-2026,67.0667,0.882192,23.1426,22.8203,0.322321
12-Aug-2026,71.2583,0.882192,20.2219,19.8902,0.331698
12-Aug-2026,75.45,0.882192,17.5071,17.1783,0.32881
12-Aug-2026,79.6417,0.882192,15.0099,14.6956,0.31434
12-Aug-2026,83.8333,0.882192,12.738,12.4482,0.289756
12-Aug-2026,88.025,0.882192,10.6951,10.4375,0.25758
12-Aug-2026,92.2167,0.882192,8.88105,8.65998,0.22107
12-Aug-2026,96.4083,0.882192,7.29102,7.10782,0.183201
12-Aug-2026,100.6,0.882192,5.91638,5.76932,0.147055
13-Aug-2026,67.0294,0.00273973,16.7635,16.7636,8.85847e-05
13-Aug-2026,71.2187,0.00273973,12.5746,12.5747,7.53678e-05
13-Aug-2026,75.4081,0.00273973,8.38564,8.38566,2.21601e-05
13-Aug-2026,79.5974,0.00273973,4.19673,4.1968,6.89868e-05
13-Aug-2026,83.7868,0.00273973,0.463392,0.445673,0.0177187
13-Aug-2026,87.9761,0.00273973,3.20071e-05,5.54157e-06,2.64655e-05
13-Aug-2026,92.1654,0.00273973,6.84378e-15,-1.69065e-14,2.37503e-14
13-Aug-2026,96.3548,0.00273973,1.19265e-15,-1.7191e-15,2.91175e-15
13-Aug-2026,100.544,0.00273973,7.20065e-16,-1.75388e-15,2.47395e-15
13-Aug-2026,67.0294,0.0219178,16.8316,16.8317,0.000130782
13-Aug-2026,71.2187,0.0219178,12.6481,12.6496,0.00146389
13-Aug-2026,75.4081,0.0219178,8.49111,8.49949,0.00838454
13-Aug-2026,79.5974,0.0219178,4.58103,4.58834,0.00731079
13-Aug-2026,83.7868,0.0219178,1.64526,1.59483,0.0504297
13-Aug-2026,87.9761,0.0219178,0.308435,0.237695,0.0707405
13-Aug-2026,92.1654,0.0219178,0.0237973,0.0075865,0.0162108
13-Aug-2026,96.3548,0.0219178,0.000622953,1.97393e-05,0.000603214
13-Aug-2026,100.544,0.0219178,4.8864e-06,2.80894e-09,4.88359e-06
13-Aug-2026,67.0294,0.0410959,16.8888,16.8913,0.00248403
13-Aug-2026,71.2187,0.0410959,12.7246,12.7356,0.0109952
13-Aug-2026,75.4081,0.0410959,8.65975,8.6852,0.0254524
13-Aug-2026,79.5974,0.0410959,4.98091,4.99501,0.0140994
13-Aug-2026,83.7868,0.0410959,2.20372,2.14724,0.0564765
13-Aug-2026,87.9761,0.0410959,0.671255,0.563983,0.107272
13-Aug-2026,92.1654,0.0410959,0.125865,0.0648949,0.0609701
13-Aug-2026,96.3548,0.0410959,0.01317,0.00203838,0.0111316
13-Aug-2026,100.544,0.0410959,0.000718505,1.29474e-05,0.000705558
13-Aug-2026,67.0294,0.060274,16.9689,16.9809,0.0120389
13-Aug-2026,71.2187,0.060274,12.8549,12.8846,0.0297432
13-Aug-2026,75.4081,0.060274,8.91977,8.96442,0.0446452
13-Aug-2026,79.5974,0.060274,5.43428,5.45611,0.0218278
13-Aug-2026,83.7868,0.060274,2.75481,2.69841,0.0563993
13-Aug-2026,87.9761,0.060274,1.09318,0.965834,0.127346
13-Aug-2026,92.1654,0.060274,0.318964,0.208566,0.110398
13-Aug-2026,96.3548,0.060274,0.0646412,0.0210087,0.0436325
13-Aug-2026,100.544,0.060274,0.00873329,0.000793274,0.00794002
13-Aug-2026,67.0294,0.0794521,17.0473,17.0709,0.0236256
13-Aug-2026,71.2187,0.0794521,12.9864,13.0319,0.0454919
13-Aug-2026,75.4081,0.0794521,9.14919,9.20647,0.0572787
13-Aug-2026,79.5974,0.0794521,5.77701,5.80457,0.0275596
13-Aug-2026,83.7868,0.0794521,3.14668,3.09344,0.0532428
13-Aug-2026,87.9761,0.0794521,1.41658,1.28378,0.132804
13-Aug-2026,92.1654,0.0794521,0.504291,0.366485,0.137806
13-Aug-2026,96.3548,0.0794521,0.136301,0.060555,0.075746
13-Aug-2026,100.544,0.0794521,0.0271478,0.00489534,0.0222525
13-Aug-2026,67.0294,0.0493151,16.9233,16.9293,0.00595689
13-Aug-2026,71.2187,0.0493151,12.779,12.7981,0.0190924
13-Aug-2026,75.4081,0.0493151,8.77351,8.80817,0.0346634
13-Aug-2026,79.5974,0.0493151,5.19211,5.20981,0.0177026
13-Aug-2026,83.7868,0.0493151,2.46678,2.40964,0.0571379
13-Aug-2026,87.9761,0.0493151,0.866813,0.748012,0.118801
13-Aug-2026,92.1654,0.0493151,0.207231,0.121781,0.0854501
13-Aug-2026,96.3548,0.0493151,0.0312788,0.00732237,0.0239564
13-Aug-2026,100.544,0.0493151,0.00282706,0.000125396,0.00270166
13-Aug-2026,67.0294,0.131507,17.3481,17.4078,0.0596923
13-Aug-2026,71.2187,0.131507,13.4548,13.536,0.0811592
13-Aug-2026,75.4081,0.131507,9.84882,9.92961,0.0807869
13-Aug-2026,79.5974,0.131507,6.69487,6.73574,0.0408699
13-Aug-2026,83.7868,0.131507,4.14834,4.11074,0.0375966
13-Aug-2026,87.9761,0.131507,2.29574,2.17316,0.12258
13-Aug-2026,92.1654,0.131507,1.11106,0.944697,0.166363
13-Aug-2026,96.3548,0.131507,0.4611,0.315399,0.145701
13-Aug-2026,100.544,0.131507,0.161698,0.0748503,0.0868477
13-Aug-2026,67.0294,0.213699,17.9344,18.0235,0.0890619
13-Aug-2026,71.2187,0.213699,14.2589,14.3581,0.0991949
13-Aug-2026,75.4081,0.213699,10.8867,10.9742,0.0874599
13-Aug-2026,79.5974,0.213699,7.91748,7.96557,0.048091
13-Aug-2026,83.7868,0.213699,5.4357,5.42055,0.0151523
13-Aug-2026,87.9761,0.213699,3.48906,3.40298,0.086077
13-Aug-2026,92.1654,0.213699,2.07337,1.93183,0.141535
13-Aug-2026,96.3548,0.213699,1.13034,0.96791,0.16243
13-Aug-2026,100.544,0.213699,0.561436,0.416291,0.145145
13-Aug-2026,67.0294,0.29863,18.6253,18.708,0.0827377
13-Aug-2026,71.2187,0.29863,15.1246,15.2077,0.0830748
13-Aug-2026,75.4081,0.29863,11.9165,11.9847,0.068215
13-Aug-2026,79.5974,0.29863,9.06646,9.10349,0.0370335
13-Aug-2026,83.7868,0.29863,6.62706,6.61971,0.00735051
13-Aug-2026,87.9761,0.29863,4.62871,4.57159,0.0571242
13-Aug-2026,92.1654,0.29863,3.07268,2.97083,0.101845
13-Aug-2026,96.3548,0.29863,1.92911,1.7976,0.13151
13-Aug-2026,100.544,0.29863,1.14117,1.00103,0.14014
13-Aug-2026,67.0294,0.383562,19.3319,19.3808,0.0488731
13-Aug-2026,71.2187,0.383562,15.966,16.0094,0.0434479
13-Aug-2026,75.4081,0.383562,12.8769,12.9066,0.0297351
13-Aug-2026,79.5974,0.383562,10.1108,10.1191,0.00827099
13-Aug-2026,83.7868,0.383562,7.70376,7.68468,0.0190786
13-Aug-2026,87.9761,0.383562,5.67697,5.62796,0.0490128
13-Aug-2026,92.1654,0.383562,4.03276,3.95537,0.0773886
13-Aug-2026,96.3548,0.383562,2.75345,2.65343,0.100017
13-Aug-2026,100.544,0.383562,1.80284,1.68939,0.113454
13-Aug-2026,67.0294,0.463014,20.0039,20.0034,0.000506874
13-Aug-2026,71.2187,0.463014,16.7426,16.7335,0.0091186
13-Aug-2026,75.4081,0.463014,13.7429,13.7227,0.0201987
13-Aug-2026,79.5974,0.463014,11.0396,11.0066,0.0329649
13-Aug-2026,83.7868,0.463014,8.65939,8.61258,0.0468051
13-Aug-2026,87.9761,0.463014,6.61764,6.55704,0.0606039
13-Aug-2026,92.1654,0.463014,4.91659,4.84307,0.0735183
13-Aug-2026,96.3548,0.463014,3.54433,3.45973,0.0846004
13-Aug-2026,100.544,0.463014,2.47557,2.38282,0.0927484
13-Aug-2026,67.0294,0.539726,20.5896,20.536,0.0535918
13-Aug-2026,71.2187,0.539726,17.4068,17.3431,0.0637199
13-Aug-2026,75.4081,0.539726,14.4734,14.4011,0.0723068
13-Aug-2026,79.5974,0.539726,11.8171,11.7385,0.0786015
13-Aug-2026,83.7868,0.539726,9.45872,9.37609,0.0826265
13-Aug-2026,87.9761,0.539726,7.41015,7.32558,0.0845727
13-Aug-2026,92.1654,0.539726,5.67318,5.58793,0.0852518
13-Aug-2026,96.3548,0.539726,4.23879,4.15334,0.0854526
13-Aug-2026,100.544,0.539726,3.08762,3.00206,0.0855609
13-Aug-2026,67.0294,0.630137,21.3003,21.1728,0.127516
13-Aug-2026,71.2187,0.630137,18.2018,18.0629,0.138942
13-Aug-2026,75.4081,0.630137,15.3391,15.1942,0.144881
13-Aug-2026,79.5974,0.630137,12.7334,12.5888,0.144633
13-Aug-2026,83.7868,0.630137,10.4004,10.2615,0.138859
13-Aug-2026,87.9761,0.630137,8.34906,8.22011,0.128955
13-Aug-2026,92.1654,0.630137,6.58037,6.4636,0.11677
13-Aug-2026,96.3548,0.630137,5.08741,4.98304,0.104368
13-Aug-2026,100.544,0.630137,3.85548,3.76216,0.0933242
13-Aug-2026,67.0294,0.712329,21.9215,21.7227,0.198829
13-Aug-2026,71.2187,0.712329,18.8893,18.6781,0.211237
13-Aug-2026,75.4081,0.712329,16.0818,15.8667,0.215142
13-Aug-2026,79.5974,0.712329,13.5164,13.3059,0.210455
13-Aug-2026,83.7868,0.712329,11.2053,11.0072,0.19808
13-Aug-2026,87.9761,0.712329,9.15523,8.97542,0.179811
13-Aug-2026,92.1654,0.712329,7.36672,7.20853,0.158194
13-Aug-2026,96.3548,0.712329,5.83393,5.69803,0.135904
13-Aug-2026,100.544,0.712329,4.54487,4.4297,0.115171
13-Aug-2026,67.0294,0.79726,22.5437,22.2685,0.275236
13-Aug-2026,71.2187,0.79726,19.5725,19.2839,0.288603
13-Aug-2026,75.4081,0.79726,16.816,16.5248,0.2912
13-Aug-2026,79.5974,0.79726,14.2882,14.0051,0.283067
13-Aug-2026,83.7868,0.79726,11.9987,11.7333,0.265427
13-Aug-2026,87.9761,0.79726,9.95267,9.71216,0.240508
13-Aug-2026,92.1654,0.79726,8.15,7.93892,0.21108
13-Aug-2026,96.3548,0.79726,6.58555,6.40538,0.18017
13-Aug-2026,100.544,0.79726,5.24926,5.09883,0.150425
13-Aug-2026,67.0294,0.879452,23.1381,22.7861,0.351969
13-Aug-2026,71.2187,0.879452,20.2212,19.8548,0.366428
13-Aug-2026,75.4081,0.879452,17.5101,17.1418,0.368262
13-Aug-2026,79.5974,0.879452,15.0163,14.6585,0.357758
13-Aug-2026,83.7868,0.879452,12.7474,12.4111,0.336346
13-Aug-2026,87.9761,0.879452,10.7073,10.4008,0.306467
13-Aug-2026,92.1654,0.879452,8.89532,8.62438,0.270943
13-Aug-2026,96.3548,0.879452,7.30683,7.07379,0.23304
13-Aug-2026,100.544,0.879452,5.93308,5.73748,0.195605
14-Aug-2026,67.9903,0.0191781,17.0637,17.0636,5.53943e-05
14-Aug-2026,72.2397,0.0191781,12.819,12.8193,0.000294605
14-Aug-2026,76.4891,0.0191781,8.59231,8.59333,0.00101542
14-Aug-2026,80.7385,0.0191781,4.58086,4.55838,0.0224795
14-Aug-2026,84.9878,0.0191781,1.55927,1.44972,0.109553
14-Aug-2026,89.2372,0.0191781,0.251744,0.157142,0.0946019
14-Aug-2026,93.4866,0.0191781,0.0143615,0.00202525,0.0123362
14-Aug-2026,97.736,0.0191781,0.000228253,7.67529e-07,0.000227485
14-Aug-2026,101.985,0.0191781,8.73447e-07,8.10756e-12,8.73439e-07
14-Aug-2026,67.9903,0.0383562,17.1187,17.1197,0.000985362
14-Aug-2026,72.2397,0.0383562,12.8893,12.8938,0.00454796
14-Aug-2026,76.4891,0.0383562,8.74501,8.75085,0.00583616
14-Aug-2026,80.7385,0.0383562,4.97055,4.93938,0.0311709
14-Aug-2026,84.9878,0.0383562,2.12495,1.9996,0.12535
14-Aug-2026,89.2372,0.0383562,0.599415,0.444889,0.154526
14-Aug-2026,93.4866,0.0383562,0.0975173,0.0339112,0.0636061
14-Aug-2026,97.736,0.0383562,0.00812855,0.000455602,0.00767295
14-Aug-2026,101.985,0.0383562,0.000321071,8.62942e-07,0.000320208
14-Aug-2026,67.9903,0.0575342,17.1941,17.2007,0.00660151
14-Aug-2026,72.2397,0.0575342,13.009,13.0246,0.0156089
14-Aug-2026,76.4891,0.0575342,8.98946,9.00453,0.0150688
14-Aug-2026,80.7385,0.0575342,5.41439,5.38452,0.0298669
14-Aug-2026,84.9878,0.0575342,2.67299,2.54743,0.125563
14-Aug-2026,89.2372,0.0575342,1.00659,0.822186,0.184404
14-Aug-2026,93.4866,0.0575342,0.268134,0.141425,0.126709
14-Aug-2026,97.736,0.0575342,0.0471579,0.00910406,0.0380538
14-Aug-2026,101.985,0.0575342,0.00522471,0.000174171,0.00505054
14-Aug-2026,67.9903,0.0767123,17.2672,17.2818,0.0145961
14-Aug-2026,72.2397,0.0767123,13.1312,13.158,0.0267586
14-Aug-2026,76.4891,0.0767123,9.20784,9.23198,0.0241384
14-Aug-2026,80.7385,0.0767123,5.74897,5.72562,0.0233543
14-Aug-2026,84.9878,0.0767123,3.05845,2.94126,0.117187
14-Aug-2026,89.2372,0.0767123,1.31775,1.12895,0.188803
14-Aug-2026,93.4866,0.0767123,0.435752,0.274867,0.160885
14-Aug-2026,97.736,0.0767123,0.105222,0.033629,0.071593
14-Aug-2026,101.985,0.0767123,0.0179297,0.0016973,0.0162324
14-Aug-2026,67.9903,0.0958904,17.3514,17.3757,0.0242708
14-Aug-2026,72.2397,0.0958904,13.2688,13.3071,0.0382849
14-Aug-2026,76.4891,0.0958904,9.43127,9.46521,0.033945
14-Aug-2026,80.7385,0.0958904,6.06222,6.04836,0.0138582
14-Aug-2026,84.9878,0.0958904,3.4074,3.30328,0.104116
14-Aug-2026,89.2372,0.0958904,1.61141,1.42912,0.182288
14-Aug-2026,93.4866,0.0958904,0.615449,0.436277,0.179172
14-Aug-2026,97.736,0.0958904,0.18273,0.0799188,0.102811
14-Aug-2026,101.985,0.0958904,0.0410807,0.00749296,0.0335877
14-Aug-2026,67.9903,0.0465753,17.1514,17.1542,0.00281605
14-Aug-2026,72.2397,0.0465753,12.939,12.9481,0.00908708
14-Aug-2026,76.4891,0.0465753,8.85129,8.86098,0.00969412
14-Aug-2026,80.7385,0.0465753,5.1774,5.14564,0.0317565
14-Aug-2026,84.9878,0.0465753,2.38754,2.26025,0.127291
14-Aug-2026,89.2372,0.0465753,0.788191,0.615748,0.172443
14-Aug-2026,93.4866,0.0465753,0.168498,0.0738778,0.0946202
14-Aug-2026,97.736,0.0465753,0.0213153,0.002397,0.0189183
14-Aug-2026,101.985,0.0465753,0.00150172,1.65706e-05,0.00148515
14-Aug-2026,67.9903,0.128767,17.5482,17.5932,0.0450158
14-Aug-2026,72.2397,0.128767,13.5719,13.6322,0.0603302
14-Aug-2026,76.4891,0.128767,9.87679,9.93126,0.0544731
14-Aug-2026,80.7385,0.128767,6.63878,6.64901,0.0102291
14-Aug-2026,84.9878,0.128767,4.03132,3.96155,0.069768
14-Aug-2026,89.2372,0.128767,2.15656,2.00641,0.150152
14-Aug-2026,93.4866,0.128767,0.989436,0.809386,0.18005
14-Aug-2026,97.736,0.128767,0.379711,0.238246,0.141465
14-Aug-2026,101.985,0.128767,0.119814,0.0463988,0.0734152
14-Aug-2026,67.9903,0.210959,18.099,18.1838,0.0848125
14-Aug-2026,72.2397,0.210959,14.3322,14.4336,0.101365
14-Aug-2026,76.4891,0.210959,10.866,10.9665,0.100451
14-Aug-2026,80.7385,0.210959,7.80965,7.88421,0.0745574
14-Aug-2026,84.9878,0.210959,5.26046,5.28512,0.0246627
14-Aug-2026,89.2372,0.210959,3.27838,3.24162,0.0367577
14-Aug-2026,93.4866,0.210959,1.86484,1.7762,0.0886419
14-Aug-2026,97.736,0.210959,0.956148,0.844101,0.112047
14-Aug-2026,101.985,0.210959,0.438206,0.336187,0.102019
14-Aug-2026,67.9903,0.29589,18.7487,18.8561,0.107412
14-Aug-2026,72.2397,0.29589,15.149,15.2773,0.128292
14-Aug-2026,76.4891,0.29589,11.8404,11.9803,0.13986
14-Aug-2026,80.7385,0.29589,8.89667,9.03447,0.137798
14-Aug-2026,84.9878,0.29589,6.38103,6.50148,0.120451
14-Aug-2026,89.2372,0.29589,4.33465,4.424,0.089355
14-Aug-2026,93.4866,0.29589,2.76619,2.81603,0.0498358
14-Aug-2026,97.736,0.29589,1.64614,1.65597,0.00983321
14-Aug-2026,101.985,0.29589,0.909126,0.887135,0.0219913
14-Aug-2026,67.9903,0.380822,19.412,19.5242,0.112167
14-Aug-2026,72.2397,0.380822,15.9396,16.0798,0.140233
14-Aug-2026,76.4891,0.380822,12.7428,12.9093,0.166519
14-Aug-2026,80.7385,0.380822,9.87544,10.0629,0.187454
14-Aug-2026,84.9878,0.380822,7.38299,7.58231,0.199324
14-Aug-2026,89.2372,0.380822,5.29648,5.49473,0.198247
14-Aug-2026,93.4866,0.380822,3.62631,3.80811,0.181803
14-Aug-2026,97.736,0.380822,2.35812,2.50832,0.150195
14-Aug-2026,101.985,0.380822,1.45192,1.55967,0.107754
14-Aug-2026,67.9903,0.460274,20.0415,20.1456,0.104062
14-Aug-2026,72.2397,0.460274,16.6665,16.8068,0.140278
14-Aug-2026,76.4891,0.460274,13.5522,13.7327,0.180519
14-Aug-2026,80.7385,0.460274,10.7402,10.9616,0.221356
14-Aug-2026,84.9878,0.460274,8.26591,8.52333,0.257419
14-Aug-2026,89.2372,0.460274,6.15403,6.43625,0.282216
14-Aug-2026,93.4866,0.460274,4.41499,4.70445,0.289461
14-Aug-2026,97.736,0.460274,3.04171,3.31666,0.274946
14-Aug-2026,101.985,0.460274,2.00805,2.24696,0.238911
14-Aug-2026,67.9903,0.536986,20.589,20.6783,0.0892839
14-Aug-2026,72.2397,0.536986,17.2865,17.4194,0.132945
14-Aug-2026,76.4891,0.536986,14.2323,14.4172,0.184896
14-Aug-2026,80.7385,0.536986,11.4609,11.702,0.241109
14-Aug-2026,84.9878,0.536986,9.00113,9.2968,0.295672
14-Aug-2026,89.2372,0.536986,6.87386,7.21449,0.340626
14-Aug-2026,93.4866,0.536986,5.08899,5.45684,0.367847
14-Aug-2026,97.736,0.536986,3.64303,4.01384,0.370813
14-Aug-2026,101.985,0.536986,2.51753,2.86458,0.347051
14-Aug-2026,67.9903,0.627397,21.2523,21.3158,0.0635312
14-Aug-2026,72.2397,0.627397,18.0268,18.143,0.116188
14-Aug-2026,76.4891,0.627397,15.036,15.217,0.181039
14-Aug-2026,80.7385,0.627397,12.3075,12.5614,0.253912
14-Aug-2026,84.9878,0.627397,9.86481,10.1928,0.327944
14-Aug-2026,89.2372,0.627397,7.72498,8.11942,0.394444
14-Aug-2026,93.4866,0.627397,5.89705,6.34114,0.444094
14-Aug-2026,97.736,0.627397,4.38002,4.84878,0.468763
14-Aug-2026,101.985,0.627397,3.16148,3.62525,0.463773
14-Aug-2026,67.9903,0.709589,21.8313,21.8666,0.0353132
14-Aug-2026,72.2397,0.709589,18.6659,18.7613,0.0953969
14-Aug-2026,76.4891,0.709589,15.7243,15.8947,0.17041
14-Aug-2026,80.7385,0.709589,13.0297,13.2856,0.25585
14-Aug-2026,84.9878,0.709589,10.6018,10.9464,0.344603
14-Aug-2026,89.2372,0.709589,8.45532,8.88275,0.427431
14-Aug-2026,93.4866,0.709589,6.59828,7.09302,0.494741
14-Aug-2026,97.736,0.709589,5.03089,5.56857,0.537682
14-Aug-2026,101.985,0.709589,3.74421,4.29456,0.550347
14-Aug-2026,67.9903,0.794521,22.4109,22.4133,0.0024428
14-Aug-2026,72.2397,0.794521,19.3006,19.37,0.069388
14-Aug-2026,76.4891,0.794521,16.404,16.5575,0.153528
14-Aug-2026,80.7385,0.794521,13.7409,13.9909,0.249985
14-Aug-2026,84.9878,0.794521,11.3282,11.6795,0.351287
14-Aug-2026,89.2372,0.794521,9.17818,9.62664,0.448459
14-Aug-2026,93.4866,0.794521,7.2982,7.8298,0.5316
14-Aug-2026,97.736,0.794521,5.68905,6.28068,0.591633
14-Aug-2026,101.985,0.794521,4.34417,4.96608,0.621905
14-Aug-2026,67.9903,0.876712,22.9646,22.9319,0.0327258
14-Aug-2026,72.2397,0.876712,19.903,19.9433,0.0403441
14-Aug-2026,76.4891,0.876712,17.0465,17.1786,0.132059
14-Aug-2026,80.7385,0.876712,14.412,14.6495,0.237507
14-Aug-2026,84.9878,0.876712,12.014,12.3632,0.349231
14-Aug-2026,89.2372,0.876712,9.86317,10.3214,0.458251
14-Aug-2026,93.4866,0.876712,7.96603,8.52084,0.554809
14-Aug-2026,97.736,0.876712,6.32365,6.95347,0.629818
14-Aug-2026,101.985,0.876712,4.93102,5.60728,0.676265
17-Aug-2026,68.477,0.0109589,17.1439,17.1439,2.96868e-05
17-Aug-2026,72.7568,0.0109589,12.8656,12.8656,1.22299e-05
17-Aug-2026,77.0366,0.0109589,8.58745,8.58742,3.2879e-05
17-Aug-2026,81.3164,0.0109589,4.33779,4.32999,0.00780207
17-Aug-2026,85.5962,0.0109589,0.928227,0.831947,0.0962802
17-Aug-2026,89.876,0.0109589,0.0257972,0.00713327,0.0186639
17-Aug-2026,94.1558,0.0109589,3.05025e-05,4.03304e-08,3.04622e-05
17-Aug-2026,98.4356,0.0109589,7.48516e-10,1.95416e-15,7.48514e-10
17-Aug-2026,102.715,0.0109589,5.1467e-15,-2.5717e-16,5.40387e-15
17-Aug-2026,68.477,0.030137,17.2118,17.2119,0.000122377
17-Aug-2026,72.7568,0.030137,12.941,12.942,0.00104291
17-Aug-2026,77.0366,0.030137,8.71373,8.71251,0.00122245
17-Aug-2026,81.3164,0.030137,4.78264,4.73711,0.0455346
17-Aug-2026,85.5962,0.030137,1.82927,1.67292,0.156348
17-Aug-2026,89.876,0.030137,0.399094,0.248461,0.150633
17-Aug-2026,94.1558,0.030137,0.0405174,0.00688876,0.0336286
17-Aug-2026,98.4356,0.030137,0.00161022,1.41912e-05,0.00159603
17-Aug-2026,102.715,0.030137,2.24624e-05,2.75677e-09,2.24596e-05
17-Aug-2026,68.477,0.0493151,17.2698,17.2718,0.00198688
17-Aug-2026,72.7568,0.0493151,13.0225,13.0282,0.00571242
17-Aug-2026,77.0366,0.0493151,8.89002,8.88982,0.000202376
17-Aug-2026,81.3164,0.0493151,5.16318,5.10645,0.0567256
17-Aug-2026,85.5962,0.0493151,2.33712,2.16712,0.170003
17-Aug-2026,89.876,0.0493151,0.742175,0.536707,0.205468
17-Aug-2026,94.1558,0.0493151,0.148159,0.0511887,0.0969703
17-Aug-2026,98.4356,0.0493151,0.0168507,0.00112055,0.0157302
17-Aug-2026,102.715,0.0493151,0.00102315,5.42284e-06,0.00101773
17-Aug-2026,68.477,0.0684932,17.3515,17.3598,0.00829709
17-Aug-2026,72.7568,0.0684932,13.1553,13.1705,0.0152444
17-Aug-2026,77.0366,0.0684932,9.14577,9.15064,0.00486983
17-Aug-2026,81.3164,0.0684932,5.59299,5.53557,0.0574169
17-Aug-2026,85.5962,0.0684932,2.85119,2.68255,0.168643
17-Aug-2026,89.876,0.0684932,1.13782,0.905899,0.231921
17-Aug-2026,94.1558,0.0684932,0.332574,0.169446,0.163128
17-Aug-2026,98.4356,0.0684932,0.0669683,0.0129889,0.0539794
17-Aug-2026,102.715,0.0684932,0.00891353,0.000358378,0.00855515
17-Aug-2026,68.477,0.0876712,17.4303,17.4463,0.0160235
17-Aug-2026,72.7568,0.0876712,13.2852,13.3097,0.0245033
17-Aug-2026,77.0366,0.0876712,9.36733,9.37871,0.0113757
17-Aug-2026,81.3164,0.0876712,5.91851,5.86677,0.0517441
17-Aug-2026,85.5962,0.0876712,3.22028,3.06132,0.158956
17-Aug-2026,89.876,0.0876712,1.44105,1.20686,0.234189
17-Aug-2026,94.1558,0.0876712,0.505004,0.307682,0.197322
17-Aug-2026,98.4356,0.0876712,0.132425,0.0412581,0.0911669
17-Aug-2026,102.715,0.0876712,0.0251931,0.00253826,0.0226548
17-Aug-2026,68.477,0.0383562,17.2306,17.231,0.000448239
17-Aug-2026,72.7568,0.0383562,12.9654,12.9676,0.00215566
17-Aug-2026,77.0366,0.0383562,8.76719,8.76597,0.00121755
17-Aug-2026,81.3164,0.0383562,4.9121,4.86137,0.0507341
17-Aug-2026,85.5962,0.0383562,2.01103,1.84805,0.162977
17-Aug-2026,89.876,0.0383562,0.514728,0.341256,0.173472
17-Aug-2026,94.1558,0.0383562,0.070165,0.0162835,0.0538815
17-Aug-2026,98.4356,0.0383562,0.004431,9.54641e-05,0.00433554
17-Aug-2026,102.715,0.0383562,0.000118507,7.66514e-08,0.00011843
17-Aug-2026,68.477,0.120548,17.5957,17.6281,0.032362
17-Aug-2026,72.7568,0.120548,13.5458,13.5875,0.0417205
17-Aug-2026,77.0366,0.120548,9.76597,9.79214,0.0261659
17-Aug-2026,81.3164,0.120548,6.45171,6.41793,0.0337766
17-Aug-2026,85.5962,0.120548,3.80418,3.67324,0.130943
17-Aug-2026,89.876,0.120548,1.94261,1.72853,0.214082
17-Aug-2026,94.1558,0.120548,0.831903,0.612405,0.219498
17-Aug-2026,98.4356,0.120548,0.28991,0.14547,0.14444
17-Aug-2026,102.715,0.120548,0.0805569,0.0208196,0.0597373
17-Aug-2026,68.477,0.20274,18.1327,18.2051,0.072361
17-Aug-2026,72.7568,0.20274,14.3027,14.3851,0.082442
17-Aug-2026,77.0366,0.20274,10.7739,10.8454,0.0714525
17-Aug-2026,81.3164,0.20274,7.6658,7.6975,0.0316958
17-Aug-2026,85.5962,0.20274,5.08628,5.0536,0.0326821
17-Aug-2026,89.876,0.20274,3.10183,2.99933,0.102499
17-Aug-2026,94.1558,0.20274,1.7122,1.56235,0.149855
17-Aug-2026,98.4356,0.20274,0.843424,0.688703,0.154721
17-Aug-2026,102.715,0.20274,0.36729,0.24674,0.12055
17-Aug-2026,68.477,0.287671,18.812,18.9107,0.0987493
17-Aug-2026,72.7568,0.287671,15.1652,15.2787,0.11355
17-Aug-2026,77.0366,0.287671,11.8125,11.929,0.116481
17-Aug-2026,81.3164,0.287671,8.83196,8.93585,0.103887
17-Aug-2026,85.5962,0.287671,6.29095,6.36683,0.075885
17-Aug-2026,89.876,0.287671,4.23335,4.2703,0.0369491
17-Aug-2026,94.1558,0.287671,2.66792,2.66319,0.0047273
17-Aug-2026,98.4356,0.287671,1.56221,1.52261,0.0395979
17-Aug-2026,102.715,0.287671,0.845568,0.785639,0.0599294
17-Aug-2026,68.477,0.372603,19.4522,19.5582,0.106041
17-Aug-2026,72.7568,0.372603,15.9327,16.0606,0.127942
17-Aug-2026,77.0366,0.372603,12.693,12.8387,0.145694
17-Aug-2026,81.3164,0.372603,9.79022,9.94674,0.15652
17-Aug-2026,85.5962,0.372603,7.27308,7.43093,0.157852
17-Aug-2026,89.876,0.372603,5.17458,5.32242,0.147838
17-Aug-2026,94.1558,0.372603,3.50539,3.63134,0.125948
17-Aug-2026,98.4356,0.372603,2.24929,2.34318,0.0938906
17-Aug-2026,102.715,0.372603,1.36254,1.41903,0.0564873
17-Aug-2026,68.477,0.452055,20.0906,20.191,0.100355
17-Aug-2026,72.7568,0.452055,16.6734,16.8038,0.130391
17-Aug-2026,77.0366,0.452055,13.5208,13.6836,0.162772
17-Aug-2026,81.3164,0.452055,10.6771,10.8714,0.194292
17-Aug-2026,85.5962,0.452055,8.17947,8.40026,0.220788
17-Aug-2026,89.876,0.452055,6.054,6.29106,0.237057
17-Aug-2026,94.1558,0.452055,4.31141,4.54941,0.238002
17-Aug-2026,98.4356,0.452055,2.94364,3.1641,0.22046
17-Aug-2026,102.715,0.452055,1.92231,2.10764,0.185331
17-Aug-2026,68.477,0.528767,20.6764,20.7622,0.0858076
17-Aug-2026,72.7568,0.528767,17.3387,17.4624,0.123729
17-Aug-2026,77.0366,0.528767,14.2526,14.4211,0.168538
17-Aug-2026,81.3164,0.528767,11.4538,11.6707,0.21689
17-Aug-2026,85.5962,0.528767,8.9725,9.23585,0.263349
17-Aug-2026,89.876,0.528767,6.83015,7.13125,0.301101
17-Aug-2026,94.1558,0.528767,5.03689,5.35965,0.322758
17-Aug-2026,98.4356,0.528767,3.58877,3.91125,0.322485
17-Aug-2026,102.715,0.528767,2.46619,2.76448,0.298291
17-Aug-2026,68.477,0.619178,21.3514,21.4114,0.0600253
17-Aug-2026,72.7568,0.619178,18.0936,18.2004,0.106774
17-Aug-2026,77.0366,0.619178,15.0735,15.2381,0.164619
17-Aug-2026,81.3164,0.619178,12.3197,12.5495,0.229817
17-Aug-2026,85.5962,0.619178,9.85651,10.1526,0.296044
17-Aug-2026,89.876,0.619178,7.7014,8.05686,0.355462
17-Aug-2026,94.1558,0.619178,5.86353,6.26286,0.399331
17-Aug-2026,98.4356,0.619178,4.34155,4.76165,0.420105
17-Aug-2026,102.715,0.619178,3.12233,3.53582,0.413486
17-Aug-2026,68.477,0.70137,21.9414,21.9723,0.0309024
17-Aug-2026,72.7568,0.70137,18.7458,18.8308,0.0849598
17-Aug-2026,77.0366,0.70137,15.7769,15.9298,0.1529
17-Aug-2026,81.3164,0.70137,13.0587,13.2893,0.230569
17-Aug-2026,85.5962,0.70137,10.6112,10.9228,0.311588
17-Aug-2026,89.876,0.70137,8.44943,8.83685,0.387417
17-Aug-2026,94.1558,0.70137,6.58157,7.03041,0.448837
17-Aug-2026,98.4356,0.70137,5.00751,5.49504,0.487534
17-Aug-2026,102.715,0.70137,3.71774,4.21572,0.497978
17-Aug-2026,68.477,0.786301,22.5325,22.529,0.0035179
17-Aug-2026,72.7568,0.786301,19.394,19.4511,0.0571018
17-Aug-2026,77.0366,0.786301,16.472,16.6059,0.133899
17-Aug-2026,81.3164,0.786301,13.7867,14.0092,0.222532
17-Aug-2026,85.5962,0.786301,11.3551,11.6713,0.316245
17-Aug-2026,89.876,0.786301,9.19012,9.59636,0.406239
17-Aug-2026,94.1558,0.786301,7.29879,7.78215,0.483359
17-Aug-2026,98.4356,0.786301,5.68171,6.22062,0.538912
17-Aug-2026,102.715,0.786301,4.33188,4.89846,0.566577
17-Aug-2026,68.477,0.868493,23.0976,23.0569,0.0407446
17-Aug-2026,72.7568,0.868493,20.0097,20.0352,0.025518
17-Aug-2026,77.0366,0.868493,17.1293,17.239,0.10973
17-Aug-2026,81.3164,0.868493,14.4738,14.6811,0.207261
17-Aug-2026,85.5962,0.868493,12.0578,12.369,0.311211
17-Aug-2026,89.876,0.868493,9.8923,10.3053,0.412953
17-Aug-2026,94.1558,0.868493,7.98351,8.48688,0.503369
17-Aug-2026,98.4356,0.868493,6.33234,6.90604,0.573704
17-Aug-2026,102.715,0.868493,4.93341,5.55066,0.617254
18-Aug-2026,68.0537,0.00821918,17.0319,17.0319,2.0261e-05
18-Aug-2026,72.3071,0.00821918,12.7797,12.7797,2.22103e-05
18-Aug-2026,76.5604,0.00821918,8.52755,8.52754,6.8328e-06
18-Aug-2026,80.8138,0.00821918,4.28748,4.2851,0.00238013
18-Aug-2026,85.0671,0.00821918,0.803186,0.738301,0.064885
18-Aug-2026,89.3205,0.00821918,0.0105666,0.00296732,0.00759928
18-Aug-2026,93.5738,0.00821918,2.06233e-06,2.16775e-09,2.06016e-06
18-Aug-2026,97.8272,0.00821918,2.38643e-12,9.78716e-16,2.38545e-12
18-Aug-2026,68.0537,0.0273973,17.0999,17.1,0.00010177
18-Aug-2026,72.3071,0.0273973,12.8543,12.8558,0.00146684
18-Aug-2026,76.5604,0.0273973,8.64608,8.65023,0.00414901
18-Aug-2026,80.8138,0.0273973,4.71794,4.69536,0.0225758
18-Aug-2026,85.0671,0.0273973,1.76779,1.65245,0.11534
18-Aug-2026,89.3205,0.0273973,0.367201,0.246577,0.120624
18-Aug-2026,93.5738,0.0273973,0.0340878,0.00742453,0.0266633
18-Aug-2026,97.8272,0.0273973,0.00118019,2.12788e-05,0.00115891
18-Aug-2026,102.081,0.0273973,1.35887e-05,7.40248e-09,1.35813e-05
18-Aug-2026,68.0537,0.0465753,17.1576,17.16,0.00242351
18-Aug-2026,72.3071,0.0465753,12.9339,12.9428,0.00892439
18-Aug-2026,76.5604,0.0465753,8.81923,8.83191,0.0126755
18-Aug-2026,80.8138,0.0465753,5.10311,5.07742,0.0256854
18-Aug-2026,85.0671,0.0465753,2.28918,2.1646,0.124578
18-Aug-2026,89.3205,0.0465753,0.714442,0.546564,0.167878
18-Aug-2026,93.5738,0.0465753,0.138682,0.0562399,0.0824421
18-Aug-2026,97.8272,0.0465753,0.0151503,0.00155499,0.0135953
18-Aug-2026,102.081,0.0465753,0.000871276,1.16765e-05,0.000859599
18-Aug-2026,68.0537,0.0657534,17.2385,17.2493,0.0108441
18-Aug-2026,72.3071,0.0657534,13.0651,13.0887,0.0236284
18-Aug-2026,76.5604,0.0657534,9.07482,9.10013,0.0253064
18-Aug-2026,80.8138,0.0657534,5.5381,5.51754,0.0205554
18-Aug-2026,85.0671,0.0657534,2.81216,2.69167,0.120487
18-Aug-2026,89.3205,0.0657534,1.11524,0.926225,0.189015
18-Aug-2026,93.5738,0.0657534,0.323141,0.182887,0.140254
18-Aug-2026,97.8272,0.0657534,0.0643438,0.0162163,0.0481275
18-Aug-2026,102.081,0.0657534,0.00844281,0.000599093,0.00784372
18-Aug-2026,68.0537,0.0849315,17.3168,17.3378,0.0210224
18-Aug-2026,72.3071,0.0849315,13.1947,13.2316,0.036901
18-Aug-2026,76.5604,0.0849315,9.29733,9.33366,0.0363301
18-Aug-2026,80.8138,0.0849315,5.86701,5.85486,0.012154
18-Aug-2026,85.0671,0.0849315,3.18601,3.07608,0.109935
18-Aug-2026,89.3205,0.0849315,1.422,1.23299,0.189014
18-Aug-2026,93.5738,0.0849315,0.496864,0.327728,0.169136
18-Aug-2026,97.8272,0.0849315,0.129909,0.0487037,0.0812053
18-Aug-2026,102.081,0.0849315,0.0246358,0.00369824,0.0209376
18-Aug-2026,68.0537,0.0356164,17.1186,17.1191,0.000525913
18-Aug-2026,72.3071,0.0356164,12.8781,12.8813,0.00322321
18-Aug-2026,76.5604,0.0356164,8.69801,8.70469,0.00668177
18-Aug-2026,80.8138,0.0356164,4.84885,4.82421,0.0246418
18-Aug-2026,85.0671,0.0356164,1.95518,1.83497,0.120211
18-Aug-2026,89.3205,0.0356164,0.484035,0.343512,0.140523
18-Aug-2026,93.5738,0.0356164,0.0622567,0.0178623,0.0443944
18-Aug-2026,97.8272,0.0356164,0.00360223,0.000141451,0.00346078
18-Aug-2026,102.081,0.0356164,8.54004e-05,1.95023e-07,8.52054e-05
18-Aug-2026,68.0537,0.117808,17.4819,17.5239,0.041961
18-Aug-2026,72.3071,0.117808,13.4557,13.5157,0.0600387
18-Aug-2026,76.5604,0.117808,9.6983,9.75447,0.0561716
18-Aug-2026,80.8138,0.117808,6.40486,6.41279,0.00793203
18-Aug-2026,85.0671,0.117808,3.77572,3.69354,0.0821813
18-Aug-2026,89.3205,0.117808,1.92854,1.76096,0.167575
18-Aug-2026,93.5738,0.117808,0.826873,0.641638,0.185235
18-Aug-2026,97.8272,0.117808,0.288915,0.161974,0.126941
18-Aug-2026,102.081,0.117808,0.0806031,0.0261959,0.0544072
18-Aug-2026,68.0537,0.2,18.0206,18.1104,0.0898366
18-Aug-2026,72.3071,0.2,14.2161,14.3236,0.107513
18-Aug-2026,76.5604,0.2,10.712,10.8163,0.104339
18-Aug-2026,80.8138,0.2,7.62671,7.69773,0.0710178
18-Aug-2026,85.0671,0.2,5.06656,5.07686,0.0103026
18-Aug-2026,89.3205,0.2,3.09646,3.03647,0.0599853
18-Aug-2026,93.5738,0.2,1.71519,1.6029,0.112294
18-Aug-2026,97.8272,0.2,0.849277,0.723218,0.126059
18-Aug-2026,102.081,0.2,0.372399,0.269781,0.102618
18-Aug-2026,68.0537,0.284932,18.703,18.8211,0.118071
18-Aug-2026,72.3071,0.284932,15.0827,15.2205,0.137843
18-Aug-2026,76.5604,0.284932,11.7555,11.9007,0.145217
18-Aug-2026,80.8138,0.284932,8.79815,8.93418,0.13603
18-Aug-2026,85.0671,0.284932,6.27689,6.3868,0.109908
18-Aug-2026,89.3205,0.284932,4.23421,4.30527,0.0710605
18-Aug-2026,93.5738,0.284932,2.67797,2.70573,0.0277609
18-Aug-2026,97.8272,0.284932,1.57583,1.56529,0.0105377
18-Aug-2026,102.081,0.284932,0.858358,0.822329,0.0360288
18-Aug-2026,68.0537,0.369863,19.3461,19.4697,0.123575
18-Aug-2026,72.3071,0.369863,15.8535,16.002,0.148503
18-Aug-2026,76.5604,0.369863,12.6393,12.8082,0.168914
18-Aug-2026,80.8138,0.369863,9.75988,9.94131,0.181435
18-Aug-2026,85.0671,0.369863,7.26268,7.4464,0.183718
18-Aug-2026,89.3205,0.369863,5.17961,5.35347,0.173863
18-Aug-2026,93.5738,0.369863,3.52053,3.67212,0.151591
18-Aug-2026,97.8272,0.369863,2.26907,2.38765,0.118579
18-Aug-2026,102.081,0.369863,1.38223,1.46163,0.0794022
18-Aug-2026,68.0537,0.449315,19.9873,20.1019,0.114618
18-Aug-2026,72.3071,0.449315,16.5969,16.7434,0.146513
18-Aug-2026,76.5604,0.449315,13.4699,13.65,0.180137
18-Aug-2026,80.8138,0.449315,10.6495,10.8618,0.212342
18-Aug-2026,85.0671,0.449315,8.17195,8.41109,0.239138
18-Aug-2026,89.3205,0.449315,6.06237,6.31781,0.255436
18-Aug-2026,93.5738,0.449315,4.33072,4.58723,0.256505
18-Aug-2026,97.8272,0.449315,2.96868,3.2079,0.239225
18-Aug-2026,102.081,0.449315,1.9483,2.15253,0.204233
18-Aug-2026,68.0537,0.526027,20.5753,20.6721,0.0967843
18-Aug-2026,72.3071,0.526027,17.2645,17.4,0.135512
18-Aug-2026,76.5604,0.526027,14.2039,14.3846,0.180724
18-Aug-2026,80.8138,0.526027,11.4284,11.6574,0.229011
18-Aug-2026,85.0671,0.526027,8.96722,9.24258,0.275355
18-Aug-2026,89.3205,0.526027,6.84112,7.15406,0.312943
18-Aug-2026,93.5738,0.526027,5.05949,5.39434,0.334848
18-Aug-2026,97.8272,0.526027,3.61805,3.9534,0.335353
18-Aug-2026,102.081,0.526027,2.49743,2.80969,0.312263
18-Aug-2026,68.0537,0.616438,21.2526,21.3197,0.0671103
18-Aug-2026,72.3071,0.616438,18.0216,18.1355,0.113853
18-Aug-2026,76.5604,0.616438,15.0269,15.1982,0.171325
18-Aug-2026,80.8138,0.616438,12.2964,12.5322,0.235761
18-Aug-2026,85.0671,0.616438,9.85349,10.1548,0.30134
18-Aug-2026,89.3205,0.616438,7.71499,8.07531,0.36032
18-Aug-2026,93.5738,0.616438,5.88944,6.29382,0.404382
18-Aug-2026,97.8272,0.616438,4.37514,4.80128,0.426137
18-Aug-2026,102.081,0.616438,3.15905,3.58019,0.421136
18-Aug-2026,68.0537,0.69863,21.8445,21.8791,0.0345801
18-Aug-2026,72.3071,0.69863,18.6757,18.7637,0.0879542
18-Aug-2026,76.5604,0.69863,15.7321,15.8871,0.154978
18-Aug-2026,80.8138,0.69863,13.037,13.2686,0.231571
18-Aug-2026,85.0671,0.69863,10.6099,10.9214,0.311529
18-Aug-2026,89.3205,0.69863,8.46504,8.85167,0.386634
18-Aug-2026,93.5738,0.69863,6.61003,7.05813,0.448098
18-Aug-2026,97.8272,0.69863,5.04445,5.53219,0.48774
18-Aug-2026,102.081,0.69863,3.75879,4.25872,0.499931
18-Aug-2026,68.0537,0.783562,22.4374,22.4342,0.00317701
18-Aug-2026,72.3071,0.783562,19.3256,19.3819,0.0562632
18-Aug-2026,76.5604,0.783562,16.4287,16.5605,0.131783
18-Aug-2026,80.8138,0.783562,13.7665,13.9854,0.218885
18-Aug-2026,85.0671,0.783562,11.3555,11.6666,0.311066
18-Aug-2026,89.3205,0.783562,9.20756,9.60774,0.400183
18-Aug-2026,93.5738,0.783562,7.32956,7.8067,0.477137
18-Aug-2026,97.8272,0.783562,5.7217,6.25518,0.533477
18-Aug-2026,102.081,0.783562,4.37689,4.93974,0.562846
18-Aug-2026,68.0537,0.865753,23.004,22.9606,0.0433656
18-Aug-2026,72.3071,0.865753,19.9427,19.964,0.021307
18-Aug-2026,76.5604,0.865753,17.0874,17.1912,0.103762
18-Aug-2026,80.8138,0.865753,14.455,14.6544,0.199375
18-Aug-2026,85.0671,0.865753,12.0595,12.3612,0.30165
18-Aug-2026,89.3205,0.865753,9.91132,10.3135,0.402188
18-Aug-2026,93.5738,0.865753,8.01629,8.50848,0.492193
18-Aug-2026,97.8272,0.865753,6.37496,6.93808,0.563125
18-Aug-2026,102.081,0.865753,4.98187,5.59009,0.608221
19-Aug-2026,67.5649,0.00547945,16.9036,16.9036,3.45707e-05
19-Aug-2026,71.7877,0.00547945,12.6816,12.6815,6.17325e-05
19-Aug-2026,76.0105,0.00547945,8.45952,8.45951,8.80466e-06
19-Aug-2026,80.2333,0.00547945,4.2401,4.23945,0.000647521
19-Aug-2026,84.4561,0.00547945,0.655764,0.599493,0.0562709
19-Aug-2026,88.6789,0.00547945,0.00214575,0.000340315,0.00180543
19-Aug-2026,92.9018,0.00547945,1.24891e-08,4.32791e-13,1.24887e-08
19-Aug-2026,67.5649,0.0246575,16.9716,16.9717,9.04709e-05
19-Aug-2026,71.7877,0.0246575,12.7556,12.7569,0.00127675
19-Aug-2026,76.0105,0.0246575,8.57113,8.57537,0.00424384
19-Aug-2026,80.2333,0.0246575,4.65027,4.62776,0.0225093
19-Aug-2026,84.4561,0.0246575,1.70607,1.5845,0.121569
19-Aug-2026,88.6789,0.0246575,0.336744,0.21469,0.122054
19-Aug-2026,92.9018,0.0246575,0.0284861,0.00515489,0.0233312
19-Aug-2026,97.1246,0.0246575,0.000855485,1.20986e-05,0.000843386
19-Aug-2026,101.347,0.0246575,8.08912e-06,4.58958e-09,8.08453e-06
19-Aug-2026,67.5649,0.0438356,17.029,17.0315,0.00248921
19-Aug-2026,71.7877,0.0438356,12.8334,12.8426,0.00924393
19-Aug-2026,76.0105,0.0438356,8.74146,8.75456,0.013101
19-Aug-2026,80.2333,0.0438356,5.04101,5.01224,0.0287701
19-Aug-2026,84.4561,0.0438356,2.2429,2.10568,0.13722
19-Aug-2026,88.6789,0.0438356,0.68929,0.508909,0.180381
19-Aug-2026,92.9018,0.0438356,0.130607,0.0476696,0.0829374
19-Aug-2026,97.1246,0.0438356,0.0137967,0.00123095,0.0125658
19-Aug-2026,101.347,0.0438356,0.000758961,1.04267e-05,0.000748534
19-Aug-2026,67.5649,0.0630137,17.1094,17.1209,0.011485
19-Aug-2026,71.7877,0.0630137,12.9636,12.9883,0.0247433
19-Aug-2026,76.0105,0.0630137,8.99764,9.02271,0.0250688
19-Aug-2026,80.2333,0.0630137,5.48226,5.45439,0.0278672
19-Aug-2026,84.4561,0.0630137,2.77605,2.63617,0.139876
19-Aug-2026,88.6789,0.0630137,1.09657,0.884726,0.211844
19-Aug-2026,92.9018,0.0630137,0.316266,0.166068,0.150198
19-Aug-2026,97.1246,0.0630137,0.0626841,0.0141033,0.0485808
19-Aug-2026,101.347,0.0630137,0.00818486,0.000556754,0.00762811
19-Aug-2026,67.5649,0.0821918,17.1874,17.2099,0.0224777
19-Aug-2026,71.7877,0.0821918,13.0932,13.1317,0.0384534
19-Aug-2026,76.0105,0.0821918,9.22179,9.2565,0.0347066
19-Aug-2026,80.2333,0.0821918,5.81531,5.79218,0.0231325
19-Aug-2026,84.4561,0.0821918,3.15541,3.02104,0.134366
19-Aug-2026,88.6789,0.0821918,1.40776,1.18897,0.218788
19-Aug-2026,92.9018,0.0821918,0.492289,0.304932,0.187357
19-Aug-2026,97.1246,0.0821918,0.129085,0.0437152,0.0853698
19-Aug-2026,101.347,0.0821918,0.0246011,0.00342552,0.0211756
19-Aug-2026,67.5649,0.0328767,16.9903,16.9908,0.000452323
19-Aug-2026,71.7877,0.0328767,12.7787,12.7819,0.00321438
19-Aug-2026,76.0105,0.0328767,8.62157,8.62853,0.00695687
19-Aug-2026,80.2333,0.0328767,4.7829,4.75731,0.0255852
19-Aug-2026,84.4561,0.0328767,1.8999,1.77118,0.128723
19-Aug-2026,88.6789,0.0328767,0.455129,0.309121,0.146008
19-Aug-2026,92.9018,0.0328767,0.0553026,0.0137195,0.0415831
19-Aug-2026,97.1246,0.0328767,0.00294035,9.58982e-05,0.00284445
19-Aug-2026,101.347,0.0328767,6.21005e-05,1.49931e-07,6.19506e-05
19-Aug-2026,67.5649,0.115068,17.3528,17.3972,0.0444304
19-Aug-2026,71.7877,0.115068,13.3556,13.4166,0.0609721
19-Aug-2026,76.0105,0.115068,9.62621,9.67708,0.0508662
19-Aug-2026,80.2333,0.115068,6.35893,6.34922,0.00971496
19-Aug-2026,84.4561,0.115068,3.75207,3.6372,0.114867
19-Aug-2026,88.6789,0.115068,1.9207,1.71292,0.207775
19-Aug-2026,92.9018,0.115068,0.827119,0.610109,0.21701
19-Aug-2026,97.1246,0.115068,0.291134,0.14983,0.141304
19-Aug-2026,101.347,0.115068,0.082077,0.0241928,0.0578842
19-Aug-2026,67.5649,0.19726,17.8951,17.9855,0.090434
19-Aug-2026,71.7877,0.19726,14.1218,14.2232,0.101408
19-Aug-2026,76.0105,0.19726,10.6483,10.7343,0.0859823
19-Aug-2026,80.2333,0.19726,7.59097,7.62736,0.0363858
19-Aug-2026,84.4561,0.19726,5.05415,5.01317,0.0409824
19-Aug-2026,88.6789,0.19726,3.10039,2.97898,0.121411
19-Aug-2026,92.9018,0.19726,1.72736,1.55574,0.171617
19-Aug-2026,97.1246,0.19726,0.862529,0.691616,0.170913
19-Aug-2026,101.347,0.19726,0.382457,0.254204,0.128253
19-Aug-2026,67.5649,0.282192,18.5829,18.694,0.111107
19-Aug-2026,71.7877,0.282192,14.995,15.1148,0.119781
19-Aug-2026,76.0105,0.282192,11.6989,11.8107,0.111764
19-Aug-2026,80.2333,0.282192,8.77013,8.85461,0.0844776
19-Aug-2026,84.4561,0.282192,6.27272,6.31397,0.0412548
19-Aug-2026,88.6789,0.282192,4.2474,4.23838,0.00902186
19-Aug-2026,92.9018,0.282192,2.70096,2.64673,0.0542284
19-Aug-2026,97.1246,0.282192,1.60122,1.5178,0.0834177
19-Aug-2026,101.347,0.282192,0.880552,0.789033,0.0915193
19-Aug-2026,67.5649,0.367123,19.2308,19.3386,0.107792
19-Aug-2026,71.7877,0.367123,15.771,15.8901,0.119122
19-Aug-2026,76.0105,0.367123,12.5883,12.7106,0.122308
19-Aug-2026,80.2333,0.367123,9.73744,9.8537,0.116265
19-Aug-2026,84.4561,0.367123,7.26444,7.36575,0.101312
19-Aug-2026,88.6789,0.367123,5.19961,5.27886,0.0792549
19-Aug-2026,92.9018,0.367123,3.55174,3.60451,0.0527655
19-Aug-2026,97.1246,0.367123,2.3043,2.32944,0.0251375
19-Aug-2026,101.347,0.367123,1.41536,1.41532,3.50403e-05
19-Aug-2026,67.5649,0.446575,19.8764,19.9661,0.0896934
19-Aug-2026,71.7877,0.446575,16.5191,16.6253,0.106205
19-Aug-2026,76.0105,0.446575,13.4236,13.5453,0.121706
19-Aug-2026,80.2333,0.446575,10.6319,10.7669,0.134974
19-Aug-2026,84.4561,0.446575,8.17885,8.32329,0.144442
19-Aug-2026,88.6789,0.446575,6.08825,6.23621,0.147955
19-Aug-2026,92.9018,0.446575,4.36908,4.51219,0.143114
19-Aug-2026,97.1246,0.446575,3.01265,3.14105,0.128396
19-Aug-2026,101.347,0.446575,1.99161,2.09586,0.104253
19-Aug-2026,67.5649,0.523288,20.4682,20.5317,0.0635078
19-Aug-2026,71.7877,0.523288,17.1906,17.2763,0.0857459
19-Aug-2026,76.0105,0.523288,14.1616,14.2738,0.112171
19-Aug-2026,80.2333,0.523288,11.4148,11.5562,0.141403
19-Aug-2026,84.4561,0.523288,8.97842,9.1487,0.170278
19-Aug-2026,88.6789,0.523288,6.87191,7.06652,0.194607
19-Aug-2026,92.9018,0.523288,5.10379,5.31316,0.20937
19-Aug-2026,97.1246,0.523288,3.66933,3.87968,0.210352
19-Aug-2026,101.347,0.523288,2.54946,2.74503,0.195571
19-Aug-2026,67.5649,0.613699,21.1498,21.1741,0.0242955
19-Aug-2026,71.7877,0.613699,17.9521,18.0057,0.0535669
19-Aug-2026,76.0105,0.613699,14.989,15.0808,0.0917808
19-Aug-2026,80.2333,0.613699,12.2873,12.4243,0.136973
19-Aug-2026,84.4561,0.613699,9.86932,10.0544,0.185097
19-Aug-2026,88.6789,0.613699,7.75104,7.98136,0.230321
19-Aug-2026,92.9018,0.613699,5.94004,6.20611,0.266074
19-Aug-2026,97.1246,0.613699,4.43417,4.72049,0.286318
19-Aug-2026,101.347,0.613699,3.22045,3.50753,0.287077
19-Aug-2026,67.5649,0.69589,21.7453,21.729,0.0163173
19-Aug-2026,71.7877,0.69589,18.6098,18.6288,0.0189782
19-Aug-2026,76.0105,0.69589,15.6977,15.7642,0.0665297
19-Aug-2026,80.2333,0.69589,13.0315,13.1552,0.123721
19-Aug-2026,84.4561,0.69589,10.6296,10.8156,0.186048
19-Aug-2026,88.6789,0.69589,8.50541,8.75245,0.247041
19-Aug-2026,92.9018,0.69589,6.66578,6.96509,0.299306
19-Aug-2026,97.1246,0.69589,5.10978,5.44575,0.335969
19-Aug-2026,101.347,0.69589,3.82785,4.17983,0.351975
19-Aug-2026,67.5649,0.780822,22.3416,22.2798,0.0618435
19-Aug-2026,71.7877,0.780822,19.2631,19.2421,0.0209831
19-Aug-2026,76.0105,0.780822,16.3978,16.4325,0.0347063
19-Aug-2026,80.2333,0.780822,13.7645,13.8669,0.102357
19-Aug-2026,84.4561,0.780822,11.3788,11.5557,0.176878
19-Aug-2026,88.6789,0.780822,9.25206,9.50349,0.251429
19-Aug-2026,92.9018,0.780822,7.39018,7.70859,0.31841
19-Aug-2026,97.1246,0.780822,5.79294,6.16344,0.370504
19-Aug-2026,101.347,0.780822,4.45317,4.85511,0.401939
19-Aug-2026,67.5649,0.863014,22.9115,22.8021,0.109389
19-Aug-2026,71.7877,0.863014,19.8835,19.8198,0.0637025
19-Aug-2026,76.0105,0.863014,17.0596,17.0585,0.00108565
19-Aug-2026,80.2333,0.863014,14.4562,14.5311,0.0749285
19-Aug-2026,84.4561,0.863014,12.0863,12.2456,0.159295
19-Aug-2026,88.6789,0.863014,9.95959,10.2046,0.245056
19-Aug-2026,92.9018,0.863014,8.08132,8.40575,0.32443
19-Aug-2026,97.1246,0.863014,6.45155,6.84157,0.390017
19-Aug-2026,101.347,0.863014,5.06466,5.50036,0.4357
20-Aug-2026,68.3789,0.00273973,17.1012,17.1011,5.68006e-05
20-Aug-2026,72.6526,0.00273973,12.8279,12.8278,5.40989e-05
20-Aug-2026,76.9263,0.00273973,8.55461,8.55455,6.13971e-05
20-Aug-2026,81.2,0.00273973,4.28136,4.28126,9.88574e-05
20-Aug-2026,85.4736,0.00273973,0.458561,0.401475,0.0570856
20-Aug-2026,89.7473,0.00273973,1.87108e-05,1.50133e-07,1.85607e-05
20-Aug-2026,94.021,0.00273973,2.13084e-16,5.87655e-16,3.74571e-16
20-Aug-2026,68.3789,0.0219178,17.172,17.172,2.46859e-05
20-Aug-2026,72.6526,0.0219178,12.9041,12.9045,0.000358784
20-Aug-2026,76.9263,0.0219178,8.65869,8.65771,0.000980497
20-Aug-2026,81.2,0.0219178,4.64711,4.60362,0.0434916
20-Aug-2026,85.4736,0.0219178,1.62652,1.45877,0.16775
20-Aug-2026,89.7473,0.0219178,0.282417,0.147464,0.134953
20-Aug-2026,94.021,0.0219178,0.0184835,0.00162175,0.0168618
20-Aug-2026,98.2947,0.0219178,0.000363879,1.18003e-06,0.000362699
20-Aug-2026,102.568,0.0219178,1.87734e-06,1.40723e-10,1.8772e-06
20-Aug-2026,68.3789,0.0410959,17.2311,17.2323,0.00124864
20-Aug-2026,72.6526,0.0410959,12.98,12.9843,0.00433861
20-Aug-2026,76.9263,0.0410959,8.81917,8.81809,0.0010785
20-Aug-2026,81.2,0.0410959,5.03494,4.97203,0.0629148
20-Aug-2026,85.4736,0.0410959,2.17621,1.98328,0.192933
20-Aug-2026,89.7473,0.0410959,0.627112,0.412102,0.21501
20-Aug-2026,94.021,0.0410959,0.105592,0.0270294,0.0785626
20-Aug-2026,98.2947,0.0410959,0.00924337,0.000407712,0.00883566
20-Aug-2026,102.568,0.0410959,0.000389833,2.04432e-06,0.000387789
20-Aug-2026,68.3789,0.060274,17.3118,17.319,0.00718388
20-Aug-2026,72.6526,0.060274,13.1058,13.1199,0.0141279
20-Aug-2026,76.9263,0.060274,9.0682,9.0707,0.00250441
20-Aug-2026,81.2,0.060274,5.47645,5.40687,0.0695769
20-Aug-2026,85.4736,0.060274,2.71663,2.51763,0.199004
20-Aug-2026,89.7473,0.060274,1.03059,0.771735,0.258855
20-Aug-2026,94.021,0.060274,0.277245,0.119565,0.15768
20-Aug-2026,98.2947,0.060274,0.0493524,0.00755043,0.041802
20-Aug-2026,102.568,0.060274,0.00554919,0.000219917,0.00532927
20-Aug-2026,68.3789,0.0794521,17.389,17.4044,0.0154008
20-Aug-2026,72.6526,0.0794521,13.2321,13.256,0.0238595
20-Aug-2026,76.9263,0.0794521,9.28891,9.29687,0.00796125
20-Aug-2026,81.2,0.0794521,5.81033,5.74331,0.0670229
20-Aug-2026,85.4736,0.0794521,3.09955,2.90682,0.192732
20-Aug-2026,89.7473,0.0794521,1.34009,1.07087,0.269219
20-Aug-2026,94.021,0.0794521,0.444796,0.241036,0.20376
20-Aug-2026,98.2947,0.0794521,0.107778,0.0281926,0.0795854
20-Aug-2026,102.568,0.0794521,0.0184267,0.00176854,0.0166582
20-Aug-2026,68.3789,0.030137,17.1914,17.1916,0.000167507
20-Aug-2026,72.6526,0.030137,12.9269,12.9281,0.00124393
20-Aug-2026,76.9263,0.030137,8.7054,8.70411,0.0012914
20-Aug-2026,81.2,0.030137,4.77803,4.7261,0.0519314
20-Aug-2026,85.4736,0.030137,1.82598,1.64687,0.179109
20-Aug-2026,89.7473,0.030137,0.397191,0.22953,0.167661
20-Aug-2026,94.021,0.030137,0.0400518,0.0057466,0.0343052
20-Aug-2026,98.2947,0.030137,0.0015726,1.70522e-05,0.00155555
20-Aug-2026,102.568,0.030137,2.15456e-05,1.15538e-08,2.1534e-05
20-Aug-2026,68.3789,0.112329,17.5523,17.5855,0.0332409
20-Aug-2026,72.6526,0.112329,13.4899,13.532,0.0420896
20-Aug-2026,76.9263,0.112329,9.69002,9.71129,0.0212675
20-Aug-2026,81.2,0.112329,6.35571,6.30334,0.0523657
20-Aug-2026,85.4736,0.112329,3.70041,3.53281,0.167602
20-Aug-2026,89.7473,0.112329,1.8513,1.59487,0.256432
20-Aug-2026,94.021,0.112329,0.768721,0.526565,0.242156
20-Aug-2026,98.2947,0.112329,0.256468,0.114989,0.141479
20-Aug-2026,102.568,0.112329,0.0672523,0.0161128,0.0511395
20-Aug-2026,68.3789,0.194521,18.0898,18.167,0.077156
20-Aug-2026,72.6526,0.194521,14.2504,14.3345,0.0840982
20-Aug-2026,76.9263,0.194521,10.7104,10.7748,0.0644001
20-Aug-2026,81.2,0.194521,7.5926,7.6033,0.0106987
20-Aug-2026,85.4736,0.194521,5.0093,4.94032,0.068976
20-Aug-2026,89.7473,0.194521,3.0297,2.88221,0.147491
20-Aug-2026,94.021,0.194521,1.65306,1.4634,0.189659
20-Aug-2026,98.2947,0.194521,0.80164,0.624697,0.176943
20-Aug-2026,102.568,0.194521,0.342107,0.217725,0.124382
20-Aug-2026,68.3789,0.279452,18.7755,18.8811,0.105555
20-Aug-2026,72.6526,0.279452,15.1228,15.2379,0.115069
20-Aug-2026,76.9263,0.279452,11.7635,11.8721,0.108565
20-Aug-2026,81.2,0.279452,8.7774,8.86092,0.0835185
20-Aug-2026,85.4736,0.279452,6.23384,6.27679,0.0429527
20-Aug-2026,89.7473,0.279452,4.17795,4.17347,0.00448496
20-Aug-2026,94.021,0.279452,2.61868,2.57187,0.0468084
20-Aug-2026,98.2947,0.279452,1.52248,1.44885,0.0736263
20-Aug-2026,102.568,0.279452,0.816652,0.736228,0.0804241
20-Aug-2026,68.3789,0.364384,19.4237,19.5367,0.113028
20-Aug-2026,72.6526,0.364384,15.9005,16.0292,0.12868
20-Aug-2026,76.9263,0.364384,12.6565,12.7937,0.137205
20-Aug-2026,81.2,0.364384,9.75011,9.88691,0.136801
20-Aug-2026,85.4736,0.364384,7.23093,7.35824,0.127308
20-Aug-2026,89.7473,0.364384,5.13277,5.24217,0.109403
20-Aug-2026,94.021,0.364384,3.46656,3.55147,0.0849081
20-Aug-2026,98.2947,0.364384,2.21574,2.27215,0.0564139
20-Aug-2026,102.568,0.364384,1.33567,1.36336,0.02769
20-Aug-2026,68.3789,0.443836,20.071,20.1775,0.106522
20-Aug-2026,72.6526,0.443836,16.6516,16.7815,0.129929
20-Aug-2026,76.9263,0.443836,13.4964,13.6497,0.153267
20-Aug-2026,81.2,0.443836,10.6502,10.8248,0.174623
20-Aug-2026,85.4736,0.443836,8.15086,8.34237,0.191509
20-Aug-2026,89.7473,0.443836,6.02499,6.22543,0.200436
20-Aug-2026,94.021,0.443836,4.28352,4.48146,0.197942
20-Aug-2026,98.2947,0.443836,2.91831,3.09992,0.18161
20-Aug-2026,102.568,0.443836,1.90064,2.0526,0.151958
20-Aug-2026,68.3789,0.520548,20.6653,20.7561,0.0908175
20-Aug-2026,72.6526,0.520548,17.3266,17.4484,0.121825
20-Aug-2026,76.9263,0.520548,14.239,14.3969,0.157852
20-Aug-2026,81.2,0.520548,11.4385,11.6352,0.196718
20-Aug-2026,85.4736,0.520548,8.95576,9.19011,0.234347
20-Aug-2026,89.7473,0.520548,6.81264,7.07778,0.265142
20-Aug-2026,94.021,0.520548,5.01942,5.30241,0.282987
20-Aug-2026,98.2947,0.520548,3.57216,3.85483,0.282673
20-Aug-2026,102.568,0.520548,2.45115,2.71324,0.262087
20-Aug-2026,68.3789,0.610959,21.3505,21.4138,0.0632558
20-Aug-2026,72.6526,0.610959,18.0928,18.1957,0.102915
20-Aug-2026,76.9263,0.610959,15.0721,15.2244,0.152335
20-Aug-2026,81.2,0.610959,12.3175,12.526,0.208451
20-Aug-2026,85.4736,0.610959,9.85316,10.1196,0.266487
20-Aug-2026,89.7473,0.610959,7.69708,8.01634,0.319259
20-Aug-2026,94.021,0.610959,5.85844,6.21753,0.359095
20-Aug-2026,98.2947,0.610959,4.33598,4.71491,0.378928
20-Aug-2026,102.568,0.610959,3.11656,3.49105,0.374493
20-Aug-2026,68.3789,0.693151,21.9496,21.982,0.0323855
20-Aug-2026,72.6526,0.693151,18.755,18.8342,0.0791592
20-Aug-2026,76.9263,0.693151,15.7863,15.9251,0.138771
20-Aug-2026,81.2,0.693151,13.0676,13.2756,0.207955
20-Aug-2026,85.4736,0.693151,10.6194,10.9004,0.280977
20-Aug-2026,89.7473,0.693151,8.45664,8.80695,0.350315
20-Aug-2026,94.021,0.693151,6.58759,6.99514,0.407552
20-Aug-2026,98.2947,0.693151,5.01225,5.45703,0.444776
20-Aug-2026,102.568,0.693151,3.72116,4.1777,0.456536
20-Aug-2026,68.3789,0.778082,22.5501,22.546,0.00406194
20-Aug-2026,72.6526,0.778082,19.4132,19.4625,0.0492997
20-Aug-2026,76.9263,0.778082,16.492,16.6099,0.117924
20-Aug-2026,81.2,0.778082,13.8069,14.005,0.198111
20-Aug-2026,85.4736,0.778082,11.3749,11.659,0.284063
20-Aug-2026,89.7473,0.778082,9.20894,9.57664,0.367704
20-Aug-2026,94.021,0.778082,7.31618,7.75669,0.440505
20-Aug-2026,98.2947,0.778082,5.69728,6.19145,0.494169
20-Aug-2026,102.568,0.778082,4.3453,4.8678,0.522498
20-Aug-2026,68.3789,0.860274,23.1242,23.081,0.0432305
20-Aug-2026,72.6526,0.860274,20.0386,20.0542,0.0156072
20-Aug-2026,76.9263,0.860274,17.1596,17.2513,0.0916658
20-Aug-2026,81.2,0.860274,14.5048,14.6856,0.180846
20-Aug-2026,85.4736,0.860274,12.0887,12.3659,0.277172
20-Aug-2026,89.7473,0.860274,9.92227,10.2949,0.37266
20-Aug-2026,94.021,0.860274,8.01196,8.47057,0.458609
20-Aug-2026,98.2947,0.860274,6.35862,6.88536,0.526736
20-Aug-2026,102.568,0.860274,4.95697,5.52741,0.570445
21-Aug-2026,70.5805,0.0191781,17.7184,17.7185,8.92486e-05
21-Aug-2026,74.9918,0.0191781,13.312,13.3125,0.00053964
21-Aug-2026,79.4031,0.0191781,8.91817,8.92429,0.00611575
21-Aug-2026,83.8144,0.0191781,4.7137,4.7341,0.0203967
21-Aug-2026,88.2257,0.0191781,1.52465,1.5222,0.00245031
21-Aug-2026,92.6369,0.0191781,0.208593,0.185451,0.0231416
21-Aug-2026,97.0482,0.0191781,0.00822148,0.00470436,0.00351712
21-Aug-2026,101.46,0.0191781,6.8257e-05,1.75822e-05,5.06748e-05
21-Aug-2026,105.871,0.0191781,1.01142e-07,1.27153e-08,8.84267e-08
21-Aug-2026,70.5805,0.0383562,17.7788,17.78,0.00119051
21-Aug-2026,74.9918,0.0383562,13.3844,13.3915,0.00710765
21-Aug-2026,79.4031,0.0383562,9.05988,9.08493,0.0250508
21-Aug-2026,83.8144,0.0383562,5.08529,5.1228,0.0375142
21-Aug-2026,88.2257,0.0383562,2.08247,2.08284,0.000366743
21-Aug-2026,92.6369,0.0383562,0.527526,0.488182,0.0393437
21-Aug-2026,97.0482,0.0383562,0.0692407,0.04982,0.0194207
21-Aug-2026,101.46,0.0383562,0.00402758,0.00187715,0.00215043
21-Aug-2026,105.871,0.0383562,9.4997e-05,2.9829e-05,6.5168e-05
21-Aug-2026,70.5805,0.0575342,17.8584,17.8662,0.00776074
21-Aug-2026,74.9918,0.0575342,13.5007,13.5252,0.0245491
21-Aug-2026,79.4031,0.0575342,9.29068,9.34047,0.0497902
21-Aug-2026,83.8144,0.0575342,5.51762,5.57138,0.0537616
21-Aug-2026,88.2257,0.0575342,2.62572,2.63153,0.00580645
21-Aug-2026,92.6369,0.0575342,0.913814,0.865202,0.0486116
21-Aug-2026,97.0482,0.0575342,0.210516,0.169166,0.0413501
21-Aug-2026,101.46,0.0575342,0.0293112,0.0179164,0.0113948
21-Aug-2026,105.871,0.0575342,0.0023387,0.0011075,0.0012312
21-Aug-2026,70.5805,0.0767123,17.9326,17.9504,0.0177556
21-Aug-2026,74.9918,0.0767123,13.6183,13.66,0.0417054
21-Aug-2026,79.4031,0.0767123,9.50051,9.56834,0.0678293
21-Aug-2026,83.8144,0.0767123,5.84725,5.91213,0.0648765
21-Aug-2026,88.2257,0.0767123,3.00958,3.02092,0.0113356
21-Aug-2026,92.6369,0.0767123,1.21415,1.16342,0.0507349
21-Aug-2026,97.0482,0.0767123,0.357601,0.302247,0.0553539
21-Aug-2026,101.46,0.0767123,0.072017,0.0495427,0.0224743
21-Aug-2026,105.871,0.0767123,0.00954114,0.00538884,0.0041523
21-Aug-2026,70.5805,0.0958904,18.0165,18.0467,0.0302484
21-Aug-2026,74.9918,0.0958904,13.7511,13.8101,0.0590075
21-Aug-2026,79.4031,0.0958904,9.71769,9.80129,0.0836014
21-Aug-2026,83.8144,0.0958904,6.158,6.23273,0.0747311
21-Aug-2026,88.2257,0.0958904,3.35837,3.37594,0.0175734
21-Aug-2026,92.6369,0.0958904,1.50052,1.45103,0.049489
21-Aug-2026,97.0482,0.0958904,0.520344,0.455473,0.0648705
21-Aug-2026,101.46,0.0958904,0.133209,0.0991898,0.0340192
21-Aug-2026,105.871,0.0958904,0.0244418,0.0155174,0.00892438
21-Aug-2026,70.5805,0.0273973,17.7384,17.7386,0.00018168
21-Aug-2026,74.9918,0.0273973,13.3344,13.3361,0.00172878
21-Aug-2026,79.4031,0.0273973,8.95852,8.97026,0.0117392
21-Aug-2026,83.8144,0.0273973,4.83754,4.86418,0.0266412
21-Aug-2026,88.2257,0.0273973,1.72809,1.72636,0.00172539
21-Aug-2026,92.6369,0.0273973,0.312685,0.283008,0.0296767
21-Aug-2026,97.0482,0.0273973,0.0216266,0.0137674,0.00785921
21-Aug-2026,101.46,0.0273973,0.000450647,0.000153513,0.000297134
21-Aug-2026,105.871,0.0273973,2.48399e-06,4.81609e-07,2.00238e-06
21-Aug-2026,70.5805,0.109589,18.0881,18.129,0.0409188
21-Aug-2026,74.9918,0.109589,13.8622,13.934,0.0718016
21-Aug-2026,79.4031,0.109589,9.88832,9.98277,0.0944475
21-Aug-2026,83.8144,0.109589,6.38857,6.47031,0.0817406
21-Aug-2026,88.2257,0.109589,3.61163,3.63444,0.0228103
21-Aug-2026,92.6369,0.109589,1.71465,1.66791,0.046738
21-Aug-2026,97.0482,0.109589,0.653483,0.584141,0.0693419
21-Aug-2026,101.46,0.109589,0.191747,0.149535,0.0422119
21-Aug-2026,105.871,0.109589,0.0422631,0.02872,0.0135431
21-Aug-2026,70.5805,0.191781,18.6053,18.7064,0.101129
21-Aug-2026,74.9918,0.191781,14.5994,14.7303,0.130938
21-Aug-2026,79.4031,0.191781,10.8934,11.0339,0.14049
21-Aug-2026,83.8144,0.191781,7.62502,7.74126,0.116236
21-Aug-2026,88.2257,0.191781,4.92598,4.98428,0.0582957
21-Aug-2026,92.6369,0.191781,2.88191,2.87086,0.0110543
21-Aug-2026,97.0482,0.191781,1.49584,1.43879,0.0570469
21-Aug-2026,101.46,0.191781,0.675989,0.614896,0.0610929
21-Aug-2026,105.871,0.191781,0.263092,0.224572,0.0385202
21-Aug-2026,70.5805,0.276712,19.2772,19.4212,0.144015
21-Aug-2026,74.9918,0.276712,15.4618,15.6277,0.165874
21-Aug-2026,79.4031,0.276712,11.9453,12.1134,0.168118
21-Aug-2026,83.8144,0.276712,8.8181,8.96333,0.145228
21-Aug-2026,88.2257,0.276712,6.16185,6.26167,0.0998244
21-Aug-2026,92.6369,0.276712,4.0323,4.07691,0.044608
21-Aug-2026,97.0482,0.276712,2.44328,2.44095,0.00233069
21-Aug-2026,101.46,0.276712,1.3569,1.32948,0.0274211
21-Aug-2026,105.871,0.276712,0.686611,0.656687,0.0299239
21-Aug-2026,70.5805,0.361644,19.9203,20.0822,0.161894
21-Aug-2026,74.9918,0.361644,16.239,16.418,0.178953
21-Aug-2026,79.4031,0.361644,12.8445,13.0251,0.180598
21-Aug-2026,83.8144,0.361644,9.80304,9.96783,0.164786
21-Aug-2026,88.2257,0.361644,7.17318,7.30717,0.13399
21-Aug-2026,92.6369,0.361644,4.99659,5.09175,0.0951625
21-Aug-2026,97.0482,0.361644,3.28875,3.34612,0.0573712
21-Aug-2026,101.46,0.361644,2.03207,2.06009,0.0280238
21-Aug-2026,105.871,0.361644,1.17414,1.18442,0.0102785
21-Aug-2026,70.5805,0.441096,20.5678,20.7324,0.164641
21-Aug-2026,74.9918,0.441096,16.995,17.1746,0.179647
21-Aug-2026,79.4031,0.441096,13.6949,13.879,0.184098
21-Aug-2026,83.8144,0.441096,10.7184,10.8959,0.177519
21-Aug-2026,88.2257,0.441096,8.11018,8.27161,0.161431
21-Aug-2026,92.6369,0.441096,5.90298,6.04199,0.139011
21-Aug-2026,97.0482,0.441096,4.11168,4.22555,0.113871
21-Aug-2026,101.46,0.441096,2.7285,2.8173,0.0887962
21-Aug-2026,105.871,0.441096,1.72032,1.78615,0.0658301
21-Aug-2026,70.5805,0.517808,21.1658,21.3229,0.157097
21-Aug-2026,74.9918,0.517808,17.678,17.8499,0.171924
21-Aug-2026,79.4031,0.517808,14.4499,14.6305,0.180637
21-Aug-2026,83.8144,0.517808,11.5229,11.7059,0.182999
21-Aug-2026,88.2257,0.517808,8.93293,9.11257,0.179643
21-Aug-2026,92.6369,0.517808,6.70682,6.87828,0.171459
21-Aug-2026,97.0482,0.517808,4.85829,5.01715,0.158857
21-Aug-2026,101.46,0.517808,3.38427,3.52601,0.141737
21-Aug-2026,105.871,0.517808,2.26246,2.38298,0.120523
21-Aug-2026,70.5805,0.608219,21.8587,21.9972,0.138549
21-Aug-2026,74.9918,0.608219,18.4564,18.6112,0.154815
21-Aug-2026,79.4031,0.608219,15.3001,15.4692,0.169099
21-Aug-2026,83.8144,0.608219,12.4228,12.6042,0.18142
21-Aug-2026,88.2257,0.608219,9.85315,10.0446,0.19149
21-Aug-2026,92.6369,0.608219,7.61299,7.81129,0.198298
21-Aug-2026,97.0482,0.608219,5.71438,5.9144,0.200022
21-Aug-2026,101.46,0.608219,4.15713,4.35149,0.194363
21-Aug-2026,105.871,0.608219,2.92672,3.10683,0.180113
21-Aug-2026,70.5805,0.690411,22.4671,22.5821,0.115025
21-Aug-2026,74.9918,0.690411,19.1318,19.2649,0.133098
21-Aug-2026,79.4031,0.690411,16.0312,16.1837,0.152485
21-Aug-2026,83.8144,0.690411,13.193,13.3659,0.172926
21-Aug-2026,88.2257,0.690411,10.6411,10.8345,0.193425
21-Aug-2026,92.6369,0.690411,8.3938,8.6058,0.211999
21-Aug-2026,97.0482,0.690411,6.46177,6.68734,0.225571
21-Aug-2026,101.46,0.690411,4.84604,5.07672,0.230682
21-Aug-2026,105.871,0.690411,3.53642,3.76147,0.225052
21-Aug-2026,70.5805,0.775342,23.0789,23.1642,0.085336
21-Aug-2026,74.9918,0.775342,19.805,19.9106,0.105627
21-Aug-2026,79.4031,0.775342,16.7555,16.8854,0.129877
21-Aug-2026,83.8144,0.775342,13.9537,14.1114,0.15768
21-Aug-2026,88.2257,0.775342,11.4198,11.6072,0.187409
21-Aug-2026,92.6369,0.775342,9.16918,9.38564,0.216464
21-Aug-2026,97.0482,0.775342,7.21114,7.45217,0.241034
21-Aug-2026,101.46,0.775342,5.54731,5.80422,0.256912
21-Aug-2026,105.871,0.775342,4.17038,4.43145,0.261073
21-Aug-2026,70.5805,0.857534,23.6655,23.7173,0.0518483
21-Aug-2026,74.9918,0.857534,20.4462,20.5204,0.0742415
21-Aug-2026,79.4031,0.857534,17.4421,17.5449,0.102816
21-Aug-2026,83.8144,0.857534,14.6733,14.8101,0.136771
21-Aug-2026,88.2257,0.857534,12.1569,12.3311,0.174228
21-Aug-2026,92.6369,0.857534,9.90599,10.1182,0.212185
21-Aug-2026,97.0482,0.857534,7.92874,8.17508,0.246337
21-Aug-2026,101.46,0.857534,6.22694,6.49904,0.272105
21-Aug-2026,105.871,0.857534,4.79513,5.08114,0.286006
24-Aug-2026,70.2061,0.0109589,17.5779,17.5779,3.68492e-05
24-Aug-2026,74.594,0.0109589,13.1916,13.1917,8.29951e-05
24-Aug-2026,78.9819,0.0109589,8.80544,8.80558,0.000136924
24-Aug-2026,83.3698,0.0109589,4.44228,4.45218,0.00989757
24-Aug-2026,87.7577,0.0109589,0.912217,0.945606,0.0333889
24-Aug-2026,92.1456,0.0109589,0.0198613,0.0209914,0.00113007
24-Aug-2026,96.5334,0.0109589,1.22884e-05,8.75973e-06,3.52867e-06
24-Aug-2026,100.921,0.0109589,9.15425e-11,2.31166e-11,6.84259e-11
24-Aug-2026,105.309,0.0109589,2.75436e-16,2.01372e-15,1.73828e-15
24-Aug-2026,70.2061,0.030137,17.6503,17.6507,0.000389371
24-Aug-2026,74.594,0.030137,13.2711,13.2749,0.00376072
24-Aug-2026,78.9819,0.030137,8.92969,8.95214,0.0224522
24-Aug-2026,83.3698,0.030137,4.87253,4.93041,0.0578801
24-Aug-2026,87.7577,0.030137,1.81806,1.86665,0.0485948
24-Aug-2026,92.1456,0.030137,0.370562,0.370832,0.000270175
24-Aug-2026,96.5334,0.030137,0.032697,0.0275366,0.00516035
24-Aug-2026,100.921,0.030137,0.00102534,0.000597266,0.000428074
24-Aug-2026,105.309,0.030137,1.01722e-05,4.05919e-06,6.11301e-06
24-Aug-2026,70.2061,0.0493151,17.7116,17.7155,0.00394996
24-Aug-2026,74.594,0.0493151,13.3539,13.3716,0.0176658
24-Aug-2026,78.9819,0.0493151,9.10454,9.15344,0.0489035
24-Aug-2026,83.3698,0.0493151,5.2587,5.33297,0.0742679
24-Aug-2026,87.7577,0.0493151,2.3423,2.3876,0.0452963
24-Aug-2026,92.1456,0.0493151,0.717386,0.706798,0.0105879
24-Aug-2026,96.5334,0.0493151,0.133921,0.114814,0.0191065
24-Aug-2026,100.921,0.0493151,0.0136856,0.00892553,0.00476007
24-Aug-2026,105.309,0.0493151,0.000715316,0.000344943,0.000370373
24-Aug-2026,70.2061,0.0684932,17.7967,17.8118,0.0150689
24-Aug-2026,74.594,0.0684932,13.4895,13.529,0.0395159
24-Aug-2026,78.9819,0.0684932,9.36663,9.43784,0.0712146
24-Aug-2026,83.3698,0.0684932,5.70712,5.78504,0.0779151
24-Aug-2026,87.7577,0.0684932,2.88498,2.91643,0.0314482
24-Aug-2026,92.1456,0.0684932,1.13299,1.10144,0.0315452
24-Aug-2026,96.5334,0.0684932,0.322507,0.278209,0.0442981
24-Aug-2026,100.921,0.0684932,0.0624607,0.0432252,0.0192355
24-Aug-2026,105.309,0.0684932,0.00789229,0.00421848,0.00367381
24-Aug-2026,70.2061,0.0876712,17.8789,17.906,0.0270704
24-Aug-2026,74.594,0.0876712,13.6247,13.6799,0.0551897
24-Aug-2026,78.9819,0.0876712,9.59966,9.68001,0.0803474
24-Aug-2026,83.3698,0.0876712,6.05425,6.12623,0.071982
24-Aug-2026,87.7577,0.0876712,3.28264,3.2971,0.0144574
24-Aug-2026,92.1456,0.0876712,1.46086,1.40771,0.053154
24-Aug-2026,96.5334,0.0876712,0.508175,0.438834,0.0693408
24-Aug-2026,100.921,0.0876712,0.132109,0.0939113,0.0381977
24-Aug-2026,105.309,0.0876712,0.0248944,0.0139738,0.0109206
24-Aug-2026,70.2061,0.0191781,17.6108,17.6108,4.79664e-05
24-Aug-2026,74.594,0.0191781,13.2267,13.227,0.000277493
24-Aug-2026,78.9819,0.0191781,8.8488,8.85462,0.00581938
24-Aug-2026,83.3698,0.0191781,4.61694,4.65314,0.0361991
24-Aug-2026,87.7577,0.0191781,1.38837,1.43275,0.0443802
24-Aug-2026,92.1456,0.0191781,0.152341,0.155159,0.00281843
24-Aug-2026,96.5334,0.0191781,0.00384242,0.00311558,0.000726842
24-Aug-2026,100.921,0.0191781,1.55168e-05,7.38654e-06,8.13026e-06
24-Aug-2026,105.309,0.0191781,8.24979e-09,2.36044e-09,5.88935e-09
24-Aug-2026,70.2061,0.10137,17.9513,17.9877,0.036379
24-Aug-2026,74.594,0.10137,13.7415,13.8059,0.0644254
24-Aug-2026,78.9819,0.10137,9.78639,9.86886,0.0824691
24-Aug-2026,83.3698,0.10137,6.31371,6.37694,0.0632296
24-Aug-2026,87.7577,0.10137,3.57237,3.57086,0.00150683
24-Aug-2026,92.1456,0.10137,1.70866,1.63651,0.0721507
24-Aug-2026,96.5334,0.10137,0.664676,0.573836,0.0908396
24-Aug-2026,100.921,0.10137,0.20293,0.14637,0.05656
24-Aug-2026,105.309,0.10137,0.0474436,0.0273838,0.0200598
24-Aug-2026,70.2061,0.183562,18.5101,18.5722,0.0621487
24-Aug-2026,74.594,0.183562,14.5606,14.6216,0.060975
24-Aug-2026,78.9819,0.183562,10.9253,10.9545,0.0291965
24-Aug-2026,83.3698,0.183562,7.73407,7.69452,0.0395544
24-Aug-2026,87.7577,0.183562,5.10226,4.96966,0.132595
24-Aug-2026,92.1456,0.183562,3.09534,2.88079,0.214548
24-Aug-2026,96.5334,0.183562,1.70348,1.45921,0.244274
24-Aug-2026,100.921,0.183562,0.839912,0.632156,0.207756
24-Aug-2026,105.309,0.183562,0.367656,0.233391,0.134265
24-Aug-2026,70.2061,0.268493,19.2861,19.2975,0.0114234
24-Aug-2026,74.594,0.268493,15.5699,15.5342,0.0356787
24-Aug-2026,78.9819,0.268493,12.1661,12.0527,0.113448
24-Aug-2026,83.3698,0.268493,9.152,8.93578,0.216216
24-Aug-2026,87.7577,0.268493,6.58997,6.26429,0.325677
24-Aug-2026,92.1456,0.268493,4.51496,4.10186,0.413096
24-Aug-2026,96.5334,0.268493,2.92591,2.47657,0.449336
24-Aug-2026,100.921,0.268493,1.784,1.36369,0.420315
24-Aug-2026,105.309,0.268493,1.01934,0.681383,0.337957
24-Aug-2026,70.2061,0.353425,20.0574,19.9639,0.093547
24-Aug-2026,74.594,0.353425,16.5089,16.3306,0.178279
24-Aug-2026,78.9819,0.353425,13.2576,12.9701,0.287548
24-Aug-2026,83.3698,0.353425,10.3553,9.94446,0.410837
24-Aug-2026,87.7577,0.353425,7.84146,7.31207,0.529393
24-Aug-2026,92.1456,0.353425,5.7378,5.11814,0.619656
24-Aug-2026,96.5334,0.353425,4.04425,3.38466,0.659593
24-Aug-2026,100.921,0.353425,2.73818,2.10073,0.637448
24-Aug-2026,105.309,0.353425,1.77706,1.21873,0.558326
24-Aug-2026,70.2061,0.432877,20.8533,20.6155,0.23778
24-Aug-2026,74.594,0.432877,17.4423,17.0882,0.354111
24-Aug-2026,78.9819,0.432877,14.3113,13.8236,0.487744
24-Aug-2026,83.3698,0.432877,11.4964,10.8704,0.625979
24-Aug-2026,87.7577,0.432877,9.02414,8.27281,0.751331
24-Aug-2026,92.1456,0.432877,6.90829,6.0642,0.844086
24-Aug-2026,96.5334,0.432877,5.14843,4.26127,0.887164
24-Aug-2026,100.921,0.432877,3.72939,2.85829,0.871098
24-Aug-2026,105.309,0.432877,2.62271,1.82461,0.798105
24-Aug-2026,70.2061,0.509589,21.6016,21.2047,0.396923
24-Aug-2026,74.594,0.509589,18.2993,17.7612,0.53807
24-Aug-2026,78.9819,0.509589,15.2615,14.5715,0.689972
24-Aug-2026,83.3698,0.509589,12.5147,11.6754,0.839343
24-Aug-2026,87.7577,0.509589,10.0776,9.10755,0.970047
24-Aug-2026,92.1456,0.509589,7.9593,6.89396,1.06534
24-Aug-2026,96.5334,0.509589,6.15878,5.04733,1.11145
24-Aug-2026,100.921,0.509589,4.6645,3.56385,1.10065
24-Aug-2026,105.309,0.509589,3.45542,2.42145,1.03397
24-Aug-2026,70.2061,0.6,22.4437,21.8472,0.596457
24-Aug-2026,74.594,0.6,19.2474,18.4861,0.761318
24-Aug-2026,78.9819,0.6,16.2996,15.3692,0.930353
24-Aug-2026,83.3698,0.6,13.6192,12.5289,1.09028
24-Aug-2026,87.7577,0.6,11.2189,9.9924,1.2265
24-Aug-2026,92.1456,0.6,9.10459,7.77932,1.32527
24-Aug-2026,96.5334,0.6,7.27425,5.89903,1.37522
24-Aug-2026,100.921,0.6,5.7187,4.34846,1.37024
24-Aug-2026,105.309,0.6,4.42199,3.11115,1.31084
24-Aug-2026,70.2061,0.682192,23.225,22.4283,0.796667
24-Aug-2026,74.594,0.682192,20.1158,19.1352,0.980561
24-Aug-2026,78.9819,0.682192,17.2415,16.0783,1.16317
24-Aug-2026,83.3698,0.682192,14.6161,13.2843,1.33179
24-Aug-2026,87.7577,0.682192,12.2486,10.7752,1.47338
24-Aug-2026,92.1456,0.682192,10.1422,8.56639,1.57581
24-Aug-2026,96.5334,0.682192,8.29451,6.6647,1.62981
24-Aug-2026,100.921,0.682192,6.69765,5.06727,1.63038
24-Aug-2026,105.309,0.682192,5.33864,3.76078,1.57786
24-Aug-2026,70.2061,0.767123,24.0171,23.0057,1.01136
24-Aug-2026,74.594,0.767123,20.9879,19.7755,1.2124
24-Aug-2026,78.9819,0.767123,18.1811,16.7737,1.40739
24-Aug-2026,83.3698,0.767123,15.6069,14.0226,1.58426
24-Aug-2026,87.7577,0.767123,13.2713,11.5401,1.73118
24-Aug-2026,92.1456,0.767123,11.1761,9.33811,1.83799
24-Aug-2026,96.5334,0.767123,9.31816,7.42154,1.89662
24-Aug-2026,100.921,0.767123,7.69056,5.78745,1.90311
24-Aug-2026,105.309,0.767123,6.28234,4.42461,1.85773
24-Aug-2026,70.2061,0.849315,24.7813,23.5538,1.22755
24-Aug-2026,74.594,0.849315,21.823,20.3795,1.4435
24-Aug-2026,78.9819,0.849315,19.0761,17.4267,1.64941
24-Aug-2026,83.3698,0.849315,16.548,14.7141,1.83395
24-Aug-2026,87.7577,0.849315,14.2426,12.2562,1.98641
24-Aug-2026,92.1456,0.849315,12.1603,10.0625,2.09781
24-Aug-2026,96.5334,0.849315,10.2978,8.13636,2.16144
24-Aug-2026,100.921,0.849315,8.64863,6.4747,2.17393
24-Aug-2026,105.309,0.849315,7.20331,5.06764,2.13567
25-Aug-2026,70.5331,0.00821918,17.653,17.6529,7.39359e-05
25-Aug-2026,74.9414,0.00821918,13.2459,13.2459,4.10612e-05
25-Aug-2026,79.3497,0.00821918,8.83883,8.83881,2.33688e-05
25-Aug-2026,83.758,0.00821918,4.4405,4.4462,0.00570024
25-Aug-2026,88.1663,0.00821918,0.789296,0.828381,0.0390845
25-Aug-2026,92.5747,0.00821918,0.00708194,0.00850124,0.0014193
25-Aug-2026,96.983,0.00821918,4.79102e-07,4.80509e-07,1.40654e-09
25-Aug-2026,101.391,0.00821918,7.91916e-14,3.58171e-14,4.33745e-14
25-Aug-2026,70.5331,0.0273973,17.7253,17.7254,0.000147164
25-Aug-2026,74.9414,0.0273973,13.3244,13.3274,0.0029812
25-Aug-2026,79.3497,0.0273973,8.95445,8.97593,0.0214838
25-Aug-2026,83.758,0.0273973,4.8497,4.91449,0.0647882
25-Aug-2026,88.1663,0.0273973,1.75781,1.82542,0.0676101
25-Aug-2026,92.5747,0.0273973,0.3325,0.346977,0.0144772
25-Aug-2026,96.983,0.0273973,0.0253837,0.023765,0.0016187
25-Aug-2026,101.391,0.0273973,0.000630176,0.000449157,0.000181019
25-Aug-2026,105.8,0.0273973,4.48738e-06,2.43958e-06,2.0478e-06
25-Aug-2026,70.5331,0.0465753,17.786,17.7894,0.00339615
25-Aug-2026,74.9414,0.0465753,13.4045,13.4214,0.0169162
25-Aug-2026,79.3497,0.0465753,9.12347,9.17499,0.0515219
25-Aug-2026,83.758,0.0465753,5.23825,5.32581,0.0875644
25-Aug-2026,88.1663,0.0465753,2.29618,2.36568,0.0694998
25-Aug-2026,92.5747,0.0465753,0.679909,0.691155,0.0112457
25-Aug-2026,96.983,0.0465753,0.119579,0.110182,0.00939702
25-Aug-2026,101.391,0.0465753,0.0111436,0.00829807,0.00284553
25-Aug-2026,105.8,0.0465753,0.000512213,0.000301285,0.000210928
25-Aug-2026,70.5331,0.0657534,17.8697,17.8842,0.0145216
25-Aug-2026,74.9414,0.0657534,13.5367,13.5773,0.040587
25-Aug-2026,79.3497,0.0657534,9.38279,9.4611,0.0783144
25-Aug-2026,83.758,0.0657534,5.69113,5.7873,0.096173
25-Aug-2026,88.1663,0.0657534,2.849,2.90869,0.0596886
25-Aug-2026,92.5747,0.0657534,1.09888,1.09518,0.00369519
25-Aug-2026,96.983,0.0657534,0.303704,0.276205,0.0274987
25-Aug-2026,101.391,0.0657534,0.0562979,0.042783,0.0135149
25-Aug-2026,105.8,0.0657534,0.00670067,0.00411052,0.00259015
25-Aug-2026,70.5331,0.0849315,17.9506,17.9776,0.0270396
25-Aug-2026,74.9414,0.0849315,13.6701,13.7281,0.0580444
25-Aug-2026,79.3497,0.0849315,9.61543,9.70587,0.0904441
25-Aug-2026,83.758,0.0849315,6.04185,6.13485,0.0929971
25-Aug-2026,88.1663,0.0849315,3.25267,3.29755,0.0448816
25-Aug-2026,92.5747,0.0849315,1.4299,1.40785,0.0220457
25-Aug-2026,96.983,0.0849315,0.487964,0.440111,0.0478526
25-Aug-2026,101.391,0.0849315,0.123394,0.0945584,0.0288356
25-Aug-2026,105.8,0.0849315,0.0224038,0.0140306,0.00837325
25-Aug-2026,70.5331,0.0164384,17.6859,17.6858,0.000108337
25-Aug-2026,74.9414,0.0164384,13.2809,13.2809,2.59444e-05
25-Aug-2026,79.3497,0.0164384,8.87945,8.88369,0.0042415
25-Aug-2026,83.758,0.0164384,4.59713,4.63394,0.0368101
25-Aug-2026,88.1663,0.0164384,1.30922,1.36721,0.0579924
25-Aug-2026,92.5747,0.0164384,0.119537,0.12926,0.00972269
25-Aug-2026,96.983,0.0164384,0.00203253,0.00193969,9.28376e-05
25-Aug-2026,101.391,0.0164384,4.24688e-06,2.76848e-06,1.4784e-06
25-Aug-2026,105.8,0.0164384,8.75748e-10,4.09908e-10,4.6584e-10
25-Aug-2026,70.5331,0.0986301,18.0219,18.059,0.0371381
25-Aug-2026,74.9414,0.0986301,13.7859,13.8547,0.0687796
25-Aug-2026,79.3497,0.0986301,9.80251,9.89697,0.0944622
25-Aug-2026,83.758,0.0986301,6.304,6.38982,0.0858228
25-Aug-2026,88.1663,0.0986301,3.54635,3.57647,0.0301196
25-Aug-2026,92.5747,0.0986301,1.68018,1.64096,0.0392191
25-Aug-2026,96.983,0.0986301,0.644242,0.577837,0.0664047
25-Aug-2026,101.391,0.0986301,0.192719,0.148314,0.044405
25-Aug-2026,105.8,0.0986301,0.043852,0.0278035,0.0160485
25-Aug-2026,70.5331,0.180822,18.5783,18.6455,0.0671949
25-Aug-2026,74.9414,0.180822,14.6055,14.6768,0.0713242
25-Aug-2026,79.3497,0.180822,10.9483,10.9953,0.0470293
25-Aug-2026,83.758,0.180822,7.73887,7.72553,0.0133379
25-Aug-2026,88.1663,0.180822,5.09447,4.9952,0.09927
25-Aug-2026,92.5747,0.180822,3.08145,2.90306,0.178388
25-Aug-2026,96.983,0.180822,1.68917,1.47753,0.211638
25-Aug-2026,101.391,0.180822,0.828682,0.64462,0.184062
25-Aug-2026,105.8,0.180822,0.360487,0.239812,0.120675
25-Aug-2026,70.5331,0.265753,19.357,19.3757,0.0187376
25-Aug-2026,74.9414,0.265753,15.6212,15.5975,0.0237022
25-Aug-2026,79.3497,0.265753,12.1999,12.1043,0.0956141
25-Aug-2026,83.758,0.265753,9.17149,8.97921,0.192277
25-Aug-2026,88.1663,0.265753,6.59876,6.30229,0.29647
25-Aug-2026,92.5747,0.265753,4.51678,4.13566,0.38112
25-Aug-2026,96.983,0.265753,2.92402,2.50567,0.418354
25-Aug-2026,101.391,0.265753,1.78078,1.38656,0.394221
25-Aug-2026,105.8,0.265753,1.01622,0.696978,0.319242
25-Aug-2026,70.5331,0.350685,20.1336,20.0468,0.0867522
25-Aug-2026,74.9414,0.350685,16.5681,16.4003,0.16785
25-Aug-2026,79.3497,0.350685,13.3021,13.0292,0.272932
25-Aug-2026,83.758,0.350685,10.3876,9.99579,0.391805
25-Aug-2026,88.1663,0.350685,7.86421,7.3577,0.506506
25-Aug-2026,92.5747,0.350685,5.75354,5.15904,0.594501
25-Aug-2026,96.983,0.350685,4.05508,3.4206,0.634475
25-Aug-2026,101.391,0.350685,2.7457,2.13073,0.614972
25-Aug-2026,105.8,0.350685,1.78234,1.24168,0.540665
25-Aug-2026,70.5331,0.430137,20.9362,20.703,0.23323
25-Aug-2026,74.9414,0.430137,17.5103,17.1632,0.347069
25-Aug-2026,79.3497,0.430137,14.3666,13.8887,0.477939
25-Aug-2026,83.758,0.430137,11.541,10.9278,0.613153
25-Aug-2026,88.1663,0.430137,9.06015,8.32426,0.735887
25-Aug-2026,92.5747,0.430137,6.9375,6.11053,0.826968
25-Aug-2026,96.983,0.430137,5.17227,4.3025,0.869773
25-Aug-2026,101.391,0.430137,3.74891,2.89383,0.855079
25-Aug-2026,105.8,0.430137,2.63861,1.85354,0.785071
25-Aug-2026,70.5331,0.506849,21.6914,21.2959,0.395492
25-Aug-2026,74.9414,0.506849,18.3758,17.8406,0.535162
25-Aug-2026,79.3497,0.506849,15.3267,14.6413,0.685395
25-Aug-2026,83.758,0.506849,12.5704,11.7375,0.832941
25-Aug-2026,88.1663,0.506849,10.1254,9.16346,0.961936
25-Aug-2026,92.5747,0.506849,8.00059,6.94448,1.05611
25-Aug-2026,96.983,0.506849,6.19459,5.09265,1.10194
25-Aug-2026,101.391,0.506849,4.69553,3.60365,1.09188
25-Aug-2026,105.8,0.506849,3.48212,2.45501,1.02711
25-Aug-2026,70.5331,0.59726,22.5416,21.9423,0.599251
25-Aug-2026,74.9414,0.59726,19.3336,18.5698,0.763776
25-Aug-2026,79.3497,0.59726,16.3757,15.4436,0.932126
25-Aug-2026,83.758,0.59726,13.6868,12.5955,1.09125
25-Aug-2026,88.1663,0.59726,11.2794,10.0526,1.22676
25-Aug-2026,92.5747,0.59726,9.15893,7.83395,1.32498
25-Aug-2026,96.983,0.59726,7.32316,5.94834,1.37482
25-Aug-2026,101.391,0.59726,5.76265,4.39238,1.37027
25-Aug-2026,105.8,0.59726,4.46121,3.14916,1.31205
25-Aug-2026,70.5331,0.679452,23.3307,22.5268,0.80395
25-Aug-2026,74.9414,0.679452,20.2109,19.2226,0.988291
25-Aug-2026,79.3497,0.679452,17.3276,16.1564,1.17118
25-Aug-2026,83.758,0.679452,14.6945,13.3547,1.33982
25-Aug-2026,88.1663,0.679452,12.3204,10.8391,1.48133
25-Aug-2026,92.5747,0.679452,10.2082,8.62446,1.58374
25-Aug-2026,96.983,0.679452,8.35523,6.71739,1.63784
25-Aug-2026,101.391,0.679452,6.7534,5.11463,1.63877
25-Aug-2026,105.8,0.679452,5.38952,3.80245,1.58707
25-Aug-2026,70.5331,0.764384,24.1307,23.1073,1.02341
25-Aug-2026,74.9414,0.764384,21.092,19.8663,1.22573
25-Aug-2026,79.3497,0.764384,18.277,16.8553,1.42169
25-Aug-2026,83.758,0.764384,15.6958,14.0965,1.59931
25-Aug-2026,88.1663,0.764384,13.3542,11.6073,1.74685
25-Aug-2026,92.5747,0.764384,11.2534,9.39944,1.85396
25-Aug-2026,96.983,0.764384,9.39048,7.47742,1.91306
25-Aug-2026,101.391,0.764384,7.758,5.83804,1.91996
25-Aug-2026,105.8,0.764384,6.34493,4.46967,1.87526
25-Aug-2026,70.5331,0.846575,24.9026,23.6582,1.24443
25-Aug-2026,74.9414,0.846575,21.9357,20.4733,1.46236
25-Aug-2026,79.3497,0.846575,19.1813,17.5115,1.66985
25-Aug-2026,83.758,0.846575,16.6467,14.7911,1.85563
25-Aug-2026,88.1663,0.846575,14.3357,12.3265,2.00919
25-Aug-2026,92.5747,0.846575,12.2482,10.1268,2.12138
25-Aug-2026,96.983,0.846575,10.3809,8.19518,2.18572
25-Aug-2026,101.391,0.846575,8.72706,6.52825,2.19881
25-Aug-2026,105.8,0.846575,7.27698,5.11576,2.16122
26-Aug-2026,70.5164,0.00547945,17.642,17.6421,0.000121478
26-Aug-2026,74.9237,0.00547945,13.2356,13.2356,2.90745e-05
26-Aug-2026,79.331,0.00547945,8.82909,8.82914,4.67567e-05
26-Aug-2026,83.7383,0.00547945,4.42421,4.42508,0.000867425
26-Aug-2026,88.1456,0.00547945,0.64431,0.65667,0.0123601
26-Aug-2026,92.5528,0.00547945,0.00115992,0.00105226,0.000107665
26-Aug-2026,96.9601,0.00547945,1.18591e-09,3.09717e-10,8.76193e-10
26-Aug-2026,70.5164,0.0246575,17.7131,17.7132,0.000147724
26-Aug-2026,74.9237,0.0246575,13.3122,13.3137,0.00154166
26-Aug-2026,79.331,0.0246575,8.93648,8.94858,0.0120978
26-Aug-2026,83.7383,0.0246575,4.80745,4.84143,0.033977
26-Aug-2026,88.1456,0.0246575,1.69581,1.71324,0.0174344
26-Aug-2026,92.5528,0.0246575,0.29888,0.283438,0.0154424
26-Aug-2026,96.9601,0.0246575,0.0199114,0.014363,0.00554844
26-Aug-2026,101.367,0.0246575,0.000397633,0.000164403,0.00023323
26-Aug-2026,105.775,0.0246575,2.08063e-06,4.63802e-07,1.61683e-06
26-Aug-2026,70.5164,0.0438356,17.7724,17.7746,0.00218009
26-Aug-2026,74.9237,0.0438356,13.389,13.3998,0.0107642
26-Aug-2026,79.331,0.0438356,9.09963,9.13118,0.0315512
26-Aug-2026,83.7383,0.0438356,5.1984,5.2422,0.0438004
26-Aug-2026,88.1456,0.0438356,2.24864,2.25671,0.00807098
26-Aug-2026,92.5528,0.0438356,0.647738,0.612401,0.0353374
26-Aug-2026,96.9601,0.0438356,0.10863,0.0843711,0.0242589
26-Aug-2026,101.367,0.0438356,0.00941845,0.00503409,0.00438436
26-Aug-2026,105.775,0.0438356,0.000391767,0.000135751,0.000256016
26-Aug-2026,70.5164,0.0630137,17.8539,17.8638,0.00992216
26-Aug-2026,74.9237,0.0630137,13.5176,13.5446,0.026987
26-Aug-2026,79.331,0.0630137,9.35613,9.40327,0.0471435
26-Aug-2026,83.7383,0.0630137,5.65521,5.6963,0.0410862
26-Aug-2026,88.1456,0.0630137,2.81068,2.79918,0.0114976
26-Aug-2026,92.5528,0.0630137,1.07027,1.00592,0.0643544
26-Aug-2026,96.9601,0.0630137,0.289871,0.232888,0.0569834
26-Aug-2026,101.367,0.0630137,0.0521906,0.031622,0.0205686
26-Aug-2026,105.775,0.0630137,0.00597281,0.00257361,0.0033992
26-Aug-2026,70.5164,0.0821918,17.9329,17.9518,0.0188929
26-Aug-2026,74.9237,0.0821918,13.6488,13.6873,0.0384539
26-Aug-2026,79.331,0.0821918,9.58814,9.63976,0.0516156
26-Aug-2026,83.7383,0.0821918,6.00872,6.03962,0.0308985
26-Aug-2026,88.1456,0.0821918,3.21917,3.18691,0.0322583
26-Aug-2026,92.5528,0.0821918,1.404,1.31292,0.0910798
26-Aug-2026,96.9601,0.0821918,0.47351,0.385559,0.087951
26-Aug-2026,101.367,0.0821918,0.117799,0.0753973,0.0424017
26-Aug-2026,105.775,0.0821918,0.020933,0.00994167,0.0109913
26-Aug-2026,70.5164,0.0136986,17.6743,17.6744,0.000114928
26-Aug-2026,74.9237,0.0136986,13.2699,13.27,7.60225e-05
26-Aug-2026,79.331,0.0136986,8.86733,8.86903,0.00170261
26-Aug-2026,83.7383,0.0136986,4.55859,4.57643,0.0178448
26-Aug-2026,88.1456,0.0136986,1.22568,1.24408,0.0183982
26-Aug-2026,92.5528,0.0136986,0.0910676,0.0860738,0.00499383
26-Aug-2026,96.9601,0.0136986,0.000990225,0.000609932,0.000380293
26-Aug-2026,101.367,0.0136986,9.81936e-07,2.37838e-07,7.44098e-07
26-Aug-2026,105.775,0.0136986,6.94059e-11,6.19423e-12,6.32117e-11
26-Aug-2026,70.5164,0.0958904,18.0029,18.0289,0.0259694
26-Aug-2026,74.9237,0.0958904,13.7635,13.8081,0.0446447
26-Aug-2026,79.331,0.0958904,9.7752,9.82571,0.0505088
26-Aug-2026,83.7383,0.0958904,6.27274,6.292,0.0192586
26-Aug-2026,88.1456,0.0958904,3.51572,3.46495,0.0507704
26-Aug-2026,92.5528,0.0958904,1.65617,1.54273,0.113441
26-Aug-2026,96.9601,0.0958904,0.629858,0.516183,0.113675
26-Aug-2026,101.367,0.0958904,0.186353,0.122815,0.0635377
26-Aug-2026,105.775,0.0958904,0.0418044,0.0209368,0.0208676
26-Aug-2026,70.5164,0.178082,18.5545,18.5933,0.0388485
26-Aug-2026,74.9237,0.178082,14.5808,14.6072,0.0263598
26-Aug-2026,79.331,0.178082,10.9235,10.9061,0.0174172
26-Aug-2026,83.7383,0.178082,7.71544,7.61934,0.0961011
26-Aug-2026,88.1456,0.178082,5.07415,4.88114,0.193014
26-Aug-2026,92.5528,0.178082,3.06566,2.79585,0.269814
26-Aug-2026,96.9601,0.178082,1.67839,1.39224,0.286151
26-Aug-2026,101.367,0.178082,0.822284,0.589234,0.23305
26-Aug-2026,105.775,0.178082,0.357195,0.210985,0.14621
26-Aug-2026,70.5164,0.263014,19.3319,19.3082,0.0237148
26-Aug-2026,74.9237,0.263014,15.5975,15.515,0.0824586
26-Aug-2026,79.331,0.263014,12.1786,12.0074,0.17119
26-Aug-2026,83.7383,0.263014,9.15352,8.87133,0.282187
26-Aug-2026,88.1456,0.263014,6.5848,6.19008,0.394718
26-Aug-2026,92.5528,0.263014,4.50701,4.02841,0.4786
26-Aug-2026,96.9601,0.263014,2.91807,2.41289,0.505183
26-Aug-2026,101.367,0.263014,1.77781,1.31521,0.462596
26-Aug-2026,105.775,0.263014,1.01517,0.648776,0.366394
26-Aug-2026,70.5164,0.347945,20.1089,19.971,0.137942
26-Aug-2026,74.9237,0.347945,16.5461,16.3122,0.233936
26-Aug-2026,79.331,0.347945,13.2837,12.9303,0.353395
26-Aug-2026,83.7383,0.347945,10.3734,9.88952,0.483882
26-Aug-2026,88.1456,0.347945,7.85444,7.24927,0.605173
26-Aug-2026,92.5528,0.347945,5.74799,5.05508,0.692905
26-Aug-2026,96.9601,0.347945,4.05312,3.3277,0.725422
26-Aug-2026,101.367,0.347945,2.74638,2.05414,0.692243
26-Aug-2026,105.775,0.347945,1.78459,1.18383,0.600763
26-Aug-2026,70.5164,0.427397,20.9125,20.6221,0.290389
26-Aug-2026,74.9237,0.427397,17.4903,17.0726,0.417691
26-Aug-2026,79.331,0.427397,14.3508,13.7901,0.560714
26-Aug-2026,83.7383,0.427397,11.53,10.8244,0.705569
26-Aug-2026,88.1456,0.427397,9.05383,8.22025,0.833583
26-Aug-2026,92.5528,0.427397,6.93551,6.01091,0.9246
26-Aug-2026,96.9601,0.427397,5.17389,4.21199,0.961898
26-Aug-2026,101.367,0.427397,3.75316,2.81637,0.936791
26-Aug-2026,105.775,0.427397,2.64443,1.79131,0.853123
26-Aug-2026,70.5164,0.50411,21.6689,21.2123,0.456594
26-Aug-2026,74.9237,0.50411,18.3577,17.7492,0.608492
26-Aug-2026,79.331,0.50411,15.3133,14.544,0.769316
26-Aug-2026,83.7383,0.50411,12.562,11.6371,0.924914
26-Aug-2026,88.1456,0.50411,10.1219,9.06358,1.05832
26-Aug-2026,92.5528,0.50411,8.00154,6.84904,1.1525
26-Aug-2026,96.9601,0.50411,6.19924,5.00523,1.19401
26-Aug-2026,101.367,0.50411,4.70293,3.52727,1.17566
26-Aug-2026,105.775,0.50411,3.49122,2.39149,1.09973
26-Aug-2026,70.5164,0.594521,22.5208,21.857,0.663815
26-Aug-2026,74.9237,0.594521,19.3176,18.4784,0.839153
26-Aug-2026,79.331,0.594521,16.3648,15.3481,1.01667
26-Aug-2026,83.7383,0.594521,13.6812,12.4986,1.18262
26-Aug-2026,88.1456,0.594521,11.2788,9.9571,1.3217
26-Aug-2026,92.5528,0.594521,9.1629,7.74295,1.41995
26-Aug-2026,96.9601,0.594521,7.33097,5.86461,1.46636
26-Aug-2026,101.367,0.594521,5.77337,4.31819,1.45518
26-Aug-2026,105.775,0.594521,4.47386,3.08592,1.38794
26-Aug-2026,70.5164,0.676712,23.3114,22.4405,0.870899
26-Aug-2026,74.9237,0.676712,20.1968,19.1317,1.06506
26-Aug-2026,79.331,0.676712,17.3189,16.0628,1.25606
26-Aug-2026,83.7383,0.676712,14.6912,13.2607,1.43053
26-Aug-2026,88.1456,0.676712,12.3223,10.7471,1.57516
26-Aug-2026,92.5528,0.676712,10.2147,8.53721,1.67749
26-Aug-2026,96.9601,0.676712,8.36577,6.63695,1.72882
26-Aug-2026,101.367,0.676712,6.76704,5.04279,1.72425
26-Aug-2026,105.775,0.676712,5.40531,3.74031,1.665
26-Aug-2026,70.5164,0.761644,24.1131,23.0206,1.09253
26-Aug-2026,74.9237,0.761644,21.0798,19.7761,1.30369
26-Aug-2026,79.331,0.761644,18.2704,16.7635,1.50685
26-Aug-2026,83.7383,0.761644,15.6948,14.0052,1.68961
26-Aug-2026,88.1456,0.761644,13.3584,11.5187,1.83973
26-Aug-2026,92.5528,0.761644,11.2625,9.31556,1.94694
26-Aug-2026,96.9601,0.761644,9.40365,7.40004,2.00361
26-Aug-2026,101.367,0.761644,7.77445,5.76861,2.00584
26-Aug-2026,105.775,0.761644,6.36375,4.40901,1.95474
26-Aug-2026,70.5164,0.843836,24.8867,23.5712,1.31549
26-Aug-2026,74.9237,0.843836,21.9254,20.3839,1.54148
26-Aug-2026,79.331,0.843836,19.1767,17.4213,1.7554
26-Aug-2026,83.7383,0.843836,16.6478,14.7021,1.94574
26-Aug-2026,88.1456,0.843836,14.3422,12.2405,2.10165
26-Aug-2026,92.5528,0.843836,12.2596,10.0458,2.21383
26-Aug-2026,96.9601,0.843836,10.3965,8.12044,2.27606
26-Aug-2026,101.367,0.843836,8.74611,6.46099,2.28512
26-Aug-2026,105.775,0.843836,7.29861,5.05664,2.24197
27-Aug-2026,70.4276,0.00273973,17.6134,17.6133,5.45681e-05
27-Aug-2026,74.8294,0.00273973,13.212,13.2119,5.17217e-05
27-Aug-2026,79.2311,0.00273973,8.8107,8.81065,4.88844e-05
27-Aug-2026,83.6328,0.00273973,4.4094,4.40986,0.000456904
27-Aug-2026,88.0345,0.00273973,0.465248,0.602796,0.137548
27-Aug-2026,92.4363,0.00273973,1.45794e-05,0.00103444,0.00101986
27-Aug-2026,96.838,0.00273973,3.03084e-15,4.91508e-09,4.91507e-09
27-Aug-2026,101.24,0.00273973,2.332e-15,-5.5474e-17,2.38747e-15
27-Aug-2026,105.641,0.00273973,2.24775e-15,-1.91104e-16,2.43885e-15
27-Aug-2026,70.4276,0.0219178,17.6842,17.6843,0.000137501
27-Aug-2026,74.8294,0.0219178,13.2889,13.2926,0.00369371
27-Aug-2026,79.2311,0.0219178,8.92427,8.97251,0.0482359
27-Aug-2026,83.6328,0.0219178,4.83137,5.05991,0.228543
27-Aug-2026,88.0345,0.0219178,1.76552,2.19958,0.434056
27-Aug-2026,92.4363,0.0219178,0.349202,0.699052,0.34985
27-Aug-2026,96.838,0.0219178,0.0303918,0.160604,0.130212
27-Aug-2026,101.24,0.0219178,0.000990099,0.0272038,0.0262137
27-Aug-2026,105.641,0.0219178,1.08801e-05,0.00352225,0.00351137
27-Aug-2026,70.4276,0.0410959,17.7451,17.7486,0.00348354
27-Aug-2026,74.8294,0.0410959,13.3778,13.4075,0.0296701
27-Aug-2026,79.2311,0.0410959,9.13912,9.27289,0.133769
27-Aug-2026,83.6328,0.0410959,5.34034,5.68479,0.344449
27-Aug-2026,88.0345,0.0410959,2.47582,3.01021,0.534393
27-Aug-2026,92.4363,0.0410959,0.839579,1.36002,0.520441
27-Aug-2026,96.838,0.0410959,0.193138,0.525168,0.33203
27-Aug-2026,101.24,0.0410959,0.028332,0.175307,0.146975
27-Aug-2026,105.641,0.0410959,0.00253713,0.0514562,0.0489191
27-Aug-2026,70.4276,0.060274,17.8422,17.8603,0.0180564
27-Aug-2026,74.8294,0.060274,13.5595,13.6372,0.0777449
27-Aug-2026,79.2311,0.060274,9.51422,9.7332,0.218978
27-Aug-2026,83.6328,0.060274,5.97742,6.40588,0.42846
27-Aug-2026,88.0345,0.060274,3.24894,3.85581,0.606872
27-Aug-2026,92.4363,0.060274,1.47622,2.1187,0.642477
27-Aug-2026,96.838,0.060274,0.543539,1.06671,0.523175
27-Aug-2026,101.24,0.060274,0.15805,0.495707,0.337657
27-Aug-2026,105.641,0.060274,0.0356141,0.214656,0.179042
27-Aug-2026,70.4276,0.0794521,17.9546,17.9898,0.0352456
27-Aug-2026,74.8294,0.0794521,13.7668,13.8823,0.115526
27-Aug-2026,79.2311,0.0794521,9.87365,10.1429,0.269219
27-Aug-2026,83.6328,0.0794521,6.49655,6.96791,0.471356
27-Aug-2026,88.0345,0.0794521,3.84284,4.4864,0.643561
27-Aug-2026,92.4363,0.0794521,2.00427,2.70895,0.704685
27-Aug-2026,96.838,0.0794521,0.905959,1.53953,0.633571
27-Aug-2026,101.24,0.0794521,0.349909,0.828021,0.478112
27-Aug-2026,105.641,0.0794521,0.114272,0.424303,0.310031
27-Aug-2026,70.4276,0.0109589,17.6456,17.6456,3.62219e-05
27-Aug-2026,74.8294,0.0109589,13.2463,13.2462,7.68113e-05
27-Aug-2026,79.2311,0.0109589,8.8483,8.8537,0.00539782
27-Aug-2026,83.6328,0.0109589,4.53459,4.64055,0.105958
27-Aug-2026,88.0345,0.0109589,1.19327,1.51594,0.322673
27-Aug-2026,92.4363,0.0109589,0.0838025,0.249775,0.165973
27-Aug-2026,96.838,0.0109589,0.000852552,0.0193036,0.018451
27-Aug-2026,101.24,0.0109589,8.22137e-07,0.00072884,0.000728018
27-Aug-2026,105.641,0.0109589,5.92723e-11,1.47322e-05,1.47322e-05
27-Aug-2026,70.4276,0.0931507,18.0654,18.1145,0.0490996
27-Aug-2026,74.8294,0.0931507,13.9578,14.0986,0.14083
27-Aug-2026,79.2311,0.0931507,10.1731,10.4716,0.298522
27-Aug-2026,83.6328,0.0931507,6.89741,7.39185,0.494445
27-Aug-2026,88.0345,0.0931507,4.28972,4.95269,0.662969
27-Aug-2026,92.4363,0.0931507,2.41546,3.15396,0.738502
27-Aug-2026,96.838,0.0931507,1.21741,1.91538,0.697967
27-Aug-2026,101.24,0.0931507,0.544125,1.11429,0.570167
27-Aug-2026,105.641,0.0931507,0.214194,0.624319,0.410125
27-Aug-2026,70.4276,0.175342,19.0893,19.1903,0.101001
27-Aug-2026,74.8294,0.175342,15.4349,15.6512,0.216314
27-Aug-2026,79.2311,0.175342,12.1317,12.5001,0.368415
27-Aug-2026,83.6328,0.175342,9.24556,9.78186,0.5363
27-Aug-2026,88.0345,0.175342,6.81682,7.50869,0.691875
27-Aug-2026,92.4363,0.175342,4.85387,5.66253,0.808662
27-Aug-2026,96.838,0.175342,3.33313,4.20282,0.869693
27-Aug-2026,101.24,0.175342,2.20524,3.07584,0.870603
27-Aug-2026,105.641,0.175342,1.40491,2.22403,0.819122
27-Aug-2026,70.4276,0.260274,20.6666,20.7617,0.0951195
27-Aug-2026,74.8294,0.260274,17.3841,17.5952,0.211126
27-Aug-2026,79.2311,0.260274,14.4108,14.7624,0.351611
27-Aug-2026,83.6328,0.260274,11.7683,12.2715,0.503245
27-Aug-2026,88.0345,0.260274,9.46507,10.1161,0.651046
27-Aug-2026,92.4363,0.260274,7.49667,8.27773,0.781058
27-Aug-2026,96.838,0.260274,5.84719,6.72989,0.882699
27-Aug-2026,101.24,0.260274,4.4916,5.44121,0.949609
27-Aug-2026,105.641,0.260274,3.39866,4.37904,0.98038
27-Aug-2026,70.4276,0.345205,22.2756,22.3374,0.0617825
27-Aug-2026,74.8294,0.345205,19.2414,19.4174,0.175999
27-Aug-2026,79.2311,0.345205,16.4769,16.7863,0.309435
27-Aug-2026,83.6328,0.345205,13.9886,14.441,0.452415
27-Aug-2026,88.0345,0.345205,11.7753,12.3705,0.595236
27-Aug-2026,92.4363,0.345205,9.82968,10.5582,0.728529
27-Aug-2026,96.838,0.345205,8.13863,8.98371,0.845076
27-Aug-2026,101.24,0.345205,6.68495,7.62448,0.939526
27-Aug-2026,105.641,0.345205,5.44852,6.45785,1.00933
27-Aug-2026,70.4276,0.424658,23.9408,23.9613,0.0204614
27-Aug-2026,74.8294,0.424658,21.1003,21.2334,0.133149
27-Aug-2026,79.2311,0.424658,18.4967,18.7585,0.261836
27-Aug-2026,83.6328,0.424658,16.1297,16.5288,0.399068
27-Aug-2026,88.0345,0.424658,13.9945,14.5322,0.537685
27-Aug-2026,92.4363,0.424658,12.0826,12.7538,0.671248
27-Aug-2026,96.838,0.424658,10.3829,11.1772,0.794269
27-Aug-2026,101.24,0.424658,8.88198,9.78454,0.902559
27-Aug-2026,105.641,0.424658,7.56517,8.55879,0.993621
27-Aug-2026,70.4276,0.50137,25.4983,25.4809,0.017374
27-Aug-2026,74.8294,0.50137,22.8056,22.8999,0.0943484
27-Aug-2026,79.2311,0.50137,20.3252,20.5449,0.219694
27-Aug-2026,83.6328,0.50137,18.0534,18.4063,0.352855
27-Aug-2026,88.0345,0.50137,15.9838,16.4721,0.488325
27-Aug-2026,92.4363,0.50137,14.1081,14.729,0.620898
27-Aug-2026,96.838,0.50137,12.4162,13.1627,0.746463
27-Aug-2026,101.24,0.50137,10.8971,11.7585,0.861363
27-Aug-2026,105.641,0.50137,9.53879,10.5025,0.963665
27-Aug-2026,70.4276,0.591781,27.2344,27.1795,0.054874
27-Aug-2026,74.8294,0.591781,24.6826,24.7384,0.0558104
27-Aug-2026,79.2311,0.591781,22.3202,22.4986,0.178403
27-Aug-2026,83.6328,0.591781,20.1419,20.4499,0.308005
27-Aug-2026,88.0345,0.591781,18.1406,18.5809,0.440304
27-Aug-2026,92.4363,0.591781,16.3083,16.8795,0.57116
27-Aug-2026,96.838,0.591781,14.6359,15.3333,0.697412
27-Aug-2026,101.24,0.591781,13.114,13.9301,0.816098
27-Aug-2026,105.641,0.591781,11.7327,12.6583,0.925634
27-Aug-2026,70.4276,0.673973,28.8261,28.7427,0.0834114
27-Aug-2026,74.8294,0.673973,26.3879,26.4146,0.0266958
27-Aug-2026,79.2311,0.673973,24.1218,24.269,0.147184
27-Aug-2026,83.6328,0.673973,22.0214,22.2956,0.274189
27-Aug-2026,88.0345,0.673973,20.0798,20.4836,0.403799
27-Aug-2026,92.4363,0.673973,18.289,18.8219,0.532947
27-Aug-2026,96.838,0.673973,16.641,17.2998,0.658752
27-Aug-2026,101.24,0.673973,15.1272,15.9062,0.779013
27-Aug-2026,105.641,0.673973,13.7393,14.6315,0.892176
27-Aug-2026,70.4276,0.758904,30.4189,30.3138,0.105147
27-Aug-2026,74.8294,0.758904,28.0839,28.0883,0.00437556
27-Aug-2026,79.2311,0.758904,25.906,26.0292,0.123154
27-Aug-2026,83.6328,0.758904,23.8786,24.1263,0.247737
27-Aug-2026,88.0345,0.758904,21.9946,22.3696,0.375046
27-Aug-2026,92.4363,0.758904,20.2467,20.749,0.502252
27-Aug-2026,96.838,0.758904,18.6273,19.2545,0.627192
27-Aug-2026,101.24,0.758904,17.1289,17.8767,0.747791
27-Aug-2026,105.641,0.758904,15.744,16.607,0.862954
27-Aug-2026,70.4276,0.841096,31.9348,31.8156,0.119221
27-Aug-2026,74.8294,0.841096,29.6904,29.6804,0.0100351
27-Aug-2026,79.2311,0.841096,27.5909,27.6981,0.10725
27-Aug-2026,83.6328,0.841096,25.6293,25.8592,0.229913
27-Aug-2026,88.0345,0.841096,23.7989,24.154,0.35508
27-Aug-2026,92.4363,0.841096,22.0926,22.5731,0.480505
27-Aug-2026,96.838,0.841096,20.5034,21.1077,0.604315
27-Aug-2026,101.24,0.841096,19.0245,19.7492,0.724686
27-Aug-2026,105.641,0.841096,17.6492,18.4899,0.84068
