date,strike,maturity,true_price,computed_price,abs_error
09-Mar-2026,80,0.0109589,20.0263,20.0263,2.95317e-06
09-Mar-2026,85,0.0109589,15.0279,15.0279,4.06938e-05
09-Mar-2026,90,0.0109589,10.0296,10.0297,0.000108011
09-Mar-2026,95,0.0109589,5.03874,5.06104,0.0223015
09-Mar-2026,100,0.0109589,0.849889,1.00109,0.151206
09-Mar-2026,105,0.0109589,0.00426881,0.0101654,0.00589655
09-Mar-2026,110,0.0109589,3.63658e-08,5.83413e-08,2.19755e-08
09-Mar-2026,80,0.030137,20.0986,20.099,0.000378506
09-Mar-2026,85,0.030137,15.1051,15.111,0.00587351
09-Mar-2026,90,0.030137,10.1247,10.1741,0.0494032
09-Mar-2026,95,0.030137,5.33917,5.53919,0.200017
09-Mar-2026,100,0.030137,1.66625,1.95612,0.289872
09-Mar-2026,105,0.030137,0.189481,0.278143,0.0886616
09-Mar-2026,110,0.030137,0.0043272,0.00539743,0.00107023
09-Mar-2026,115,0.030137,1.27306e-05,3.3079e-06,9.4227e-06
09-Mar-2026,120,0.030137,5.09419e-09,1.11513e-10,4.98268e-09
09-Mar-2026,80,0.0493151,20.1579,20.164,0.00605303
09-Mar-2026,85,0.0493151,15.173,15.2072,0.034215
09-Mar-2026,90,0.0493151,10.2411,10.3732,0.132123
09-Mar-2026,95,0.0493151,5.6356,5.94454,0.308936
09-Mar-2026,100,0.0493151,2.11903,2.48319,0.364162
09-Mar-2026,105,0.0493151,0.413918,0.564778,0.15086
09-Mar-2026,110,0.0493151,0.0298812,0.0365506,0.00666943
09-Mar-2026,115,0.0493151,0.000613666,0.00027432,0.000339346
09-Mar-2026,120,0.0493151,3.70813e-06,3.15914e-07,3.39222e-06
09-Mar-2026,80,0.0657534,20.2398,20.2697,0.0298875
09-Mar-2026,85,0.0657534,15.2797,15.3781,0.098424
09-Mar-2026,90,0.0657534,10.4359,10.6791,0.243192
09-Mar-2026,95,0.0657534,6.01433,6.43308,0.418752
09-Mar-2026,100,0.0657534,2.60791,3.0507,0.442791
09-Mar-2026,105,0.0657534,0.718272,0.939828,0.221556
09-Mar-2026,110,0.0657534,0.101768,0.124723,0.0229551
09-Mar-2026,115,0.0657534,0.00629958,0.00396513,0.00233445
09-Mar-2026,120,0.0657534,0.000174519,3.34464e-05,0.000141073
09-Mar-2026,80,0.0876712,20.3129,20.3751,0.0622291
09-Mar-2026,85,0.0876712,15.3833,15.5438,0.160504
09-Mar-2026,90,0.0876712,10.615,10.941,0.326016
09-Mar-2026,95,0.0876712,6.30845,6.80029,0.491839
09-Mar-2026,100,0.0876712,2.95672,3.45502,0.498299
09-Mar-2026,105,0.0876712,0.96222,1.23659,0.274369
09-Mar-2026,110,0.0876712,0.185649,0.229438,0.0437893
09-Mar-2026,115,0.0876712,0.0187903,0.0140802,0.00471012
09-Mar-2026,120,0.0876712,0.00101736,0.000288941,0.000728419
09-Mar-2026,80,0.060274,20.212,20.2318,0.0197681
09-Mar-2026,85,0.060274,15.2419,15.3169,0.0749789
09-Mar-2026,90,0.060274,10.3676,10.575,0.207364
09-Mar-2026,95,0.060274,5.89116,6.27658,0.385421
09-Mar-2026,100,0.060274,2.45527,2.87364,0.418374
09-Mar-2026,105,0.060274,0.617846,0.816961,0.199115
09-Mar-2026,110,0.060274,0.0736783,0.0901007,0.0164224
09-Mar-2026,115,0.060274,0.00345165,0.00198323,0.00146842
09-Mar-2026,120,0.060274,6.52288e-05,1.01229e-05,5.51059e-05
09-Mar-2026,80,0.142466,20.5733,20.7656,0.192257
09-Mar-2026,85,0.142466,15.7586,16.1042,0.345634
09-Mar-2026,90,0.142466,11.1902,11.7184,0.5282
09-Mar-2026,95,0.142466,7.11426,7.77693,0.662668
09-Mar-2026,100,0.142466,3.84926,4.49082,0.641559
09-Mar-2026,105,0.142466,1.65158,2.07498,0.423396
09-Mar-2026,110,0.142466,0.515635,0.657273,0.141638
09-Mar-2026,115,0.142466,0.1096,0.112716,0.00311628
09-Mar-2026,120,0.142466,0.0160181,0.00927386,0.00674424
09-Mar-2026,80,0.221918,20.9523,21.3064,0.354089
09-Mar-2026,85,0.221918,16.2746,16.8064,0.531751
09-Mar-2026,90,0.221918,11.8835,12.5926,0.709112
09-Mar-2026,95,0.221918,7.9684,8.78985,0.821449
09-Mar-2026,100,0.221918,4.74898,5.54485,0.795867
09-Mar-2026,105,0.221918,2.40725,3.00889,0.601644
09-Mar-2026,110,0.221918,0.985133,1.29491,0.309775
09-Mar-2026,115,0.221918,0.31232,0.391121,0.0788011
09-Mar-2026,120,0.221918,0.0768307,0.0733958,0.00343493
09-Mar-2026,80,0.309589,21.4286,21.9421,0.513483
09-Mar-2026,85,0.309589,16.8816,17.5821,0.700487
09-Mar-2026,90,0.309589,12.6339,13.5064,0.872521
09-Mar-2026,95,0.309589,8.83279,9.81178,0.978988
09-Mar-2026,100,0.309589,5.64033,6.60736,0.967031
09-Mar-2026,105,0.309589,3.19491,4.0037,0.808786
09-Mar-2026,110,0.309589,1.55218,2.08791,0.535732
09-Mar-2026,115,0.309589,0.629004,0.879213,0.250209
09-Mar-2026,120,0.309589,0.211713,0.276687,0.064974
09-Mar-2026,80,0.394521,21.8776,22.5151,0.637489
09-Mar-2026,85,0.394521,17.4281,18.2583,0.8302
09-Mar-2026,90,0.394521,13.278,14.2816,1.0036
09-Mar-2026,95,0.394521,9.54974,10.6654,1.11567
09-Mar-2026,100,0.394521,6.37414,7.49733,1.12319
09-Mar-2026,105,0.394521,3.86485,4.86334,0.99849
09-Mar-2026,110,0.394521,2.07804,2.83112,0.753079
09-Mar-2026,115,0.394521,0.970426,1.42373,0.453306
09-Mar-2026,120,0.394521,0.390941,0.589576,0.198635
09-Mar-2026,80,0.479452,22.3202,23.0664,0.746178
09-Mar-2026,85,0.479452,17.9513,18.897,0.945698
09-Mar-2026,90,0.479452,13.8783,15.0033,1.12496
09-Mar-2026,95,0.479452,10.206,11.4538,1.24776
09-Mar-2026,100,0.479452,7.04472,8.32067,1.27595
09-Mar-2026,105,0.479452,4.49038,5.67248,1.1821
09-Mar-2026,110,0.479452,2.59589,3.56226,0.96637
09-Mar-2026,115,0.479452,1.33935,2.01105,0.671705
09-Mar-2026,120,0.479452,0.612106,0.989967,0.377861
09-Mar-2026,80,0.561644,22.7432,23.5864,0.843183
09-Mar-2026,85,0.561644,18.4415,19.4922,1.05074
09-Mar-2026,90,0.561644,14.431,15.6694,1.2384
09-Mar-2026,95,0.561644,10.804,12.1774,1.37338
09-Mar-2026,100,0.561644,7.65588,9.07681,1.42093
09-Mar-2026,105,0.561644,5.0695,6.42353,1.35403
09-Mar-2026,110,0.561644,3.09333,4.25989,1.16656
09-Mar-2026,115,0.561644,1.71725,2.60375,0.886503
09-Mar-2026,120,0.561644,0.860964,1.43718,0.576217
09-Mar-2026,80,0.643836,23.1952,24.1381,0.942884
09-Mar-2026,85,0.643836,18.9577,20.118,1.16029
09-Mar-2026,90,0.643836,15.006,16.3644,1.35839
09-Mar-2026,95,0.643836,11.4219,12.9287,1.50684
09-Mar-2026,100,0.643836,8.2879,9.86178,1.57388
09-Mar-2026,105,0.643836,5.67575,7.20882,1.53307
09-Mar-2026,110,0.643836,3.62885,5.00341,1.37456
09-Mar-2026,115,0.643836,2.14437,3.25999,1.11562
09-Mar-2026,120,0.643836,1.16331,1.9668,0.803489
09-Mar-2026,80,0.728767,23.6073,24.6393,1.03201
09-Mar-2026,85,0.728767,19.4233,20.6823,1.25896
09-Mar-2026,90,0.728767,15.5203,16.9872,1.46685
09-Mar-2026,95,0.728767,11.9718,13.5992,1.62739
09-Mar-2026,100,0.728767,8.85102,10.5617,1.71072
09-Mar-2026,105,0.728767,6.22111,7.91253,1.69142
09-Mar-2026,110,0.728767,4.12104,5.67885,1.55781
09-Mar-2026,115,0.728767,2.55183,3.87237,1.32054
09-Mar-2026,120,0.728767,1.46828,2.48438,1.0161
09-Mar-2026,80,0.813699,24.0287,25.1507,1.12201
09-Mar-2026,85,0.813699,19.8958,21.2544,1.35861
09-Mar-2026,90,0.813699,16.0387,17.6152,1.57655
09-Mar-2026,95,0.813699,12.5241,14.2729,1.7488
09-Mar-2026,100,0.813699,9.41721,11.2645,1.8473
09-Mar-2026,105,0.813699,6.77352,8.62151,1.84799
09-Mar-2026,110,0.813699,4.62786,6.36609,1.73823
09-Mar-2026,115,0.813699,2.98351,4.5075,1.52399
09-Mar-2026,120,0.813699,1.80555,3.03879,1.23324
09-Mar-2026,80,0.893151,24.4048,25.6061,1.20134
09-Mar-2026,85,0.893151,20.3147,21.7612,1.44653
09-Mar-2026,90,0.893151,16.4962,18.1691,1.67289
09-Mar-2026,95,0.893151,13.0102,14.8651,1.8549
09-Mar-2026,100,0.893151,9.91584,11.8817,1.96584
09-Mar-2026,105,0.893151,7.26284,9.24568,1.98284
09-Mar-2026,110,0.893151,5.08262,6.9756,1.89298
09-Mar-2026,115,0.893151,3.37953,5.07883,1.6993
09-Mar-2026,120,0.893151,2.12549,3.54936,1.42387
09-Mar-2026,80,0.969863,24.765,26.0416,1.27663
09-Mar-2026,85,0.969863,20.7141,22.2437,1.52962
09-Mar-2026,90,0.969863,16.9307,18.6943,1.76362
09-Mar-2026,95,0.969863,13.4709,15.4252,1.95431
09-Mar-2026,100,0.969863,10.3887,12.4649,2.07621
09-Mar-2026,105,0.969863,7.72897,9.83659,2.10762
09-Mar-2026,110,0.969863,5.52012,7.5558,2.03568
09-Mar-2026,115,0.969863,3.76706,5.6284,1.86134
09-Mar-2026,120,0.969863,2.44673,4.04893,1.6022
10-Mar-2026,80.7281,0.00821918,20.2018,20.2017,0.000108471
10-Mar-2026,85.7737,0.00821918,15.1576,15.1573,0.000271478
10-Mar-2026,90.8192,0.00821918,10.1133,10.1131,0.000232787
10-Mar-2026,95.8647,0.00821918,5.06981,5.07434,0.00452827
10-Mar-2026,100.91,0.00821918,0.663942,0.77343,0.109488
10-Mar-2026,105.956,0.00821918,0.000225143,0.000553702,0.000328559
10-Mar-2026,111.001,0.00821918,4.64692e-13,2.53009e-14,4.39391e-13
10-Mar-2026,116.047,0.00821918,1.38576e-15,1.15073e-15,2.35033e-16
10-Mar-2026,121.092,0.00821918,1.44525e-15,1.1588e-15,2.86448e-16
10-Mar-2026,80.7281,0.0273973,20.2744,20.2743,9.35362e-05
10-Mar-2026,85.7737,0.0273973,15.2347,15.2365,0.00175772
10-Mar-2026,90.8192,0.0273973,10.1999,10.2256,0.0256634
10-Mar-2026,95.8647,0.0273973,5.29326,5.44135,0.148094
10-Mar-2026,100.91,0.0273973,1.46094,1.70123,0.240287
10-Mar-2026,105.956,0.0273973,0.100293,0.141109,0.0408158
10-Mar-2026,111.001,0.0273973,0.000627359,0.000374697,0.000252662
10-Mar-2026,116.047,0.0273973,2.12531e-07,8.85808e-09,2.03673e-07
10-Mar-2026,121.092,0.0273973,6.67097e-12,1.5879e-14,6.65509e-12
10-Mar-2026,80.7281,0.0465753,20.3337,20.3361,0.00239083
10-Mar-2026,85.7737,0.0465753,15.2996,15.3178,0.0182024
10-Mar-2026,90.8192,0.0465753,10.2955,10.3853,0.0897607
10-Mar-2026,95.8647,0.0465753,5.54708,5.80015,0.253074
10-Mar-2026,100.91,0.0465753,1.88909,2.20099,0.311897
10-Mar-2026,105.956,0.0465753,0.26688,0.354479,0.0875993
10-Mar-2026,111.001,0.0465753,0.00897041,0.00727408,0.00169633
10-Mar-2026,116.047,0.0465753,5.34735e-05,8.24345e-06,4.523e-05
10-Mar-2026,121.092,0.0465753,7.73897e-08,1.88599e-09,7.55037e-08
10-Mar-2026,80.7281,0.0630137,20.414,20.431,0.0170024
10-Mar-2026,85.7737,0.0630137,15.3961,15.462,0.0659048
10-Mar-2026,90.8192,0.0630137,10.459,10.6478,0.188835
10-Mar-2026,95.8647,0.0630137,5.88625,6.24929,0.363042
10-Mar-2026,100.91,0.0630137,2.35103,2.74219,0.391164
10-Mar-2026,105.956,0.0630137,0.515281,0.666494,0.151213
10-Mar-2026,111.001,0.0630137,0.0442789,0.0435258,0.000753054
10-Mar-2026,116.047,0.0630137,0.00124936,0.000411301,0.000838059
10-Mar-2026,121.092,0.0630137,1.413e-05,1.20697e-06,1.2923e-05
10-Mar-2026,80.7281,0.0849315,20.4837,20.5242,0.0405117
10-Mar-2026,85.7737,0.0849315,15.4878,15.6058,0.11801
10-Mar-2026,90.8192,0.0849315,10.6144,10.8821,0.267685
10-Mar-2026,95.8647,0.0849315,6.15597,6.59434,0.438369
10-Mar-2026,100.91,0.0849315,2.68182,3.13148,0.449656
10-Mar-2026,105.956,0.0849315,0.724303,0.929018,0.204715
10-Mar-2026,111.001,0.0849315,0.0946148,0.102368,0.00775322
10-Mar-2026,116.047,0.0849315,0.00524459,0.00248395,0.00276064
10-Mar-2026,121.092,0.0849315,0.00014344,2.19583e-05,0.000121482
10-Mar-2026,80.7281,0.0575342,20.387,20.3973,0.0103466
10-Mar-2026,85.7737,0.0575342,15.3623,15.4099,0.0475601
10-Mar-2026,90.8192,0.0575342,10.401,10.5568,0.15581
10-Mar-2026,95.8647,0.0575342,5.77474,6.104,0.329264
10-Mar-2026,100.91,0.0575342,2.20665,2.57277,0.366124
10-Mar-2026,105.956,0.0575342,0.431466,0.561406,0.12994
10-Mar-2026,111.001,0.0575342,0.0292591,0.0273289,0.0019302
10-Mar-2026,116.047,0.0575342,0.000560335,0.000151577,0.000408758
10-Mar-2026,121.092,0.0575342,3.80497e-06,2.35974e-07,3.569e-06
10-Mar-2026,80.7281,0.139726,20.7253,20.876,0.150719
10-Mar-2026,85.7737,0.139726,15.8234,16.114,0.290606
10-Mar-2026,90.8192,0.139726,11.1333,11.6063,0.47295
10-Mar-2026,95.8647,0.139726,6.91246,7.53465,0.622193
10-Mar-2026,100.91,0.139726,3.53634,4.14639,0.61005
10-Mar-2026,105.956,0.139726,1.34332,1.71669,0.373368
10-Mar-2026,111.001,0.139726,0.33264,0.421674,0.0890344
10-Mar-2026,116.047,0.139726,0.0499815,0.0443568,0.00562466
10-Mar-2026,121.092,0.139726,0.00492491,0.00208613,0.00283878
10-Mar-2026,80.7281,0.219178,21.0764,21.3821,0.305727
10-Mar-2026,85.7737,0.219178,16.2991,16.7801,0.480987
10-Mar-2026,90.8192,0.219178,11.7835,12.4531,0.669569
10-Mar-2026,95.8647,0.219178,7.73444,8.53763,0.803192
10-Mar-2026,100.91,0.219178,4.41233,5.20472,0.792385
10-Mar-2026,105.956,0.219178,2.05444,2.64151,0.587071
10-Mar-2026,111.001,0.219178,0.723693,0.995521,0.271828
10-Mar-2026,116.047,0.219178,0.183982,0.234428,0.0504465
10-Mar-2026,121.092,0.219178,0.0349895,0.030551,0.00443848
10-Mar-2026,80.7281,0.306849,21.5255,21.9961,0.470618
10-Mar-2026,85.7737,0.306849,16.8746,17.5393,0.664663
10-Mar-2026,90.8192,0.306849,12.5065,13.3619,0.855409
10-Mar-2026,95.8647,0.306849,8.58283,9.57035,0.987525
10-Mar-2026,100.91,0.306849,5.29543,6.29012,0.994687
10-Mar-2026,105.956,0.306849,2.82129,3.65322,0.831935
10-Mar-2026,111.001,0.306849,1.2382,1.76843,0.53023
10-Mar-2026,116.047,0.306849,0.432774,0.654458,0.221684
10-Mar-2026,121.092,0.306849,0.121771,0.167891,0.0461196
10-Mar-2026,80.7281,0.391781,21.9565,22.5613,0.604751
10-Mar-2026,85.7737,0.391781,17.4035,18.2138,0.81027
10-Mar-2026,90.8192,0.391781,13.1386,14.1449,1.00626
10-Mar-2026,95.8647,0.391781,9.29706,10.4427,1.14562
10-Mar-2026,100.91,0.391781,6.0328,7.20664,1.17384
10-Mar-2026,105.956,0.391781,3.48853,4.53694,1.04841
10-Mar-2026,111.001,0.391781,1.73974,2.51586,0.776122
10-Mar-2026,116.047,0.391781,0.729083,1.1694,0.440315
10-Mar-2026,121.092,0.391781,0.256617,0.428488,0.171871
10-Mar-2026,80.7281,0.476712,22.387,23.1117,0.724712
10-Mar-2026,85.7737,0.476712,17.917,18.8575,0.940516
10-Mar-2026,90.8192,0.476712,13.7352,14.8793,1.14414
10-Mar-2026,95.8647,0.476712,9.95775,11.252,1.29428
10-Mar-2026,100.91,0.476712,6.7133,8.05662,1.34332
10-Mar-2026,105.956,0.476712,4.12041,5.3715,1.25109
10-Mar-2026,111.001,0.476712,2.24801,3.26012,1.01211
10-Mar-2026,116.047,0.476712,1.06834,1.74667,0.678327
10-Mar-2026,121.092,0.476712,0.439815,0.795049,0.355234
10-Mar-2026,80.7281,0.558904,22.8028,23.6347,0.831945
10-Mar-2026,85.7737,0.558904,18.4031,19.4608,1.05774
10-Mar-2026,90.8192,0.558904,14.2896,15.5597,1.2701
10-Mar-2026,95.8647,0.558904,10.5643,11.996,1.43168
10-Mar-2026,100.91,0.558904,7.33774,8.83722,1.49948
10-Mar-2026,105.956,0.558904,4.71076,6.14644,1.43568
10-Mar-2026,111.001,0.558904,2.74506,3.97385,1.22879
10-Mar-2026,116.047,0.558904,1.42876,2.33989,0.911135
10-Mar-2026,121.092,0.558904,0.659437,1.2238,0.564364
10-Mar-2026,80.7281,0.641096,23.2507,24.192,0.941345
10-Mar-2026,85.7737,0.641096,18.9191,20.0969,1.17782
10-Mar-2026,90.8192,0.641096,14.8703,16.2705,1.40016
10-Mar-2026,95.8647,0.641096,11.1944,12.7683,1.57392
10-Mar-2026,100.91,0.641096,7.98651,9.64665,1.66014
10-Mar-2026,105.956,0.641096,5.33247,6.95602,1.62355
10-Mar-2026,111.001,0.641096,3.2865,4.73597,1.44947
10-Mar-2026,116.047,0.641096,1.84623,3.00293,1.1567
10-Mar-2026,121.092,0.641096,0.938374,1.74438,0.806002
10-Mar-2026,80.7281,0.726027,23.6618,24.6995,1.03774
10-Mar-2026,85.7737,0.726027,19.3874,20.6712,1.28381
10-Mar-2026,90.8192,0.726027,15.3922,16.9074,1.5152
10-Mar-2026,95.8647,0.726027,11.7572,13.4568,1.69963
10-Mar-2026,100.91,0.726027,8.56625,10.3673,1.80104
10-Mar-2026,105.956,0.726027,5.89382,7.68051,1.78669
10-Mar-2026,111.001,0.726027,3.78793,5.42861,1.64068
10-Mar-2026,116.047,0.726027,2.25105,3.6247,1.37365
10-Mar-2026,121.092,0.726027,1.22849,2.26025,1.03176
10-Mar-2026,80.7281,0.810959,24.0844,25.2179,1.13352
10-Mar-2026,85.7737,0.810959,19.8646,21.2537,1.38911
10-Mar-2026,90.8192,0.810959,15.9201,17.5495,1.62938
10-Mar-2026,95.8647,0.810959,12.3239,14.1479,1.82398
10-Mar-2026,100.91,0.810959,9.1501,11.0896,1.93955
10-Mar-2026,105.956,0.810959,6.4636,8.40933,1.94573
10-Mar-2026,111.001,0.810959,4.3067,6.13309,1.82639
10-Mar-2026,116.047,0.810959,2.68458,4.27115,1.58657
10-Mar-2026,121.092,0.810959,1.5561,2.81721,1.26111
10-Mar-2026,80.7281,0.890411,24.4628,25.6798,1.21699
10-Mar-2026,85.7737,0.890411,20.2891,21.7696,1.48054
10-Mar-2026,90.8192,0.890411,16.3869,18.1152,1.72835
10-Mar-2026,95.8647,0.890411,12.8233,14.7546,1.93126
10-Mar-2026,100.91,0.890411,9.66469,11.7231,2.05838
10-Mar-2026,105.956,0.890411,6.96884,9.05009,2.08125
10-Mar-2026,111.001,0.890411,4.77351,6.7575,1.98399
10-Mar-2026,116.047,0.890411,3.08513,4.85336,1.76823
10-Mar-2026,121.092,0.890411,1.87137,3.33251,1.46114
10-Mar-2026,80.7281,0.967123,24.8263,26.1215,1.29518
10-Mar-2026,85.7737,0.967123,20.6946,22.2606,1.56604
10-Mar-2026,90.8192,0.967123,16.831,18.6514,1.82038
10-Mar-2026,95.8647,0.967123,13.2969,15.3277,2.03084
10-Mar-2026,100.91,0.967123,10.1528,12.3209,2.16808
10-Mar-2026,105.956,0.967123,7.45029,9.65595,2.20566
10-Mar-2026,111.001,0.967123,5.22334,7.35145,2.12811
10-Mar-2026,116.047,0.967123,3.47891,5.41366,1.93475
10-Mar-2026,121.092,0.967123,2.19103,3.83807,1.64704
11-Mar-2026,90.184,0.00547945,10.0349,10.0344,0.000464392
11-Mar-2026,95.1942,0.00547945,5.02558,5.02595,0.000368151
11-Mar-2026,100.204,0.00547945,0.570789,0.63544,0.0646506
11-Mar-2026,105.215,0.00547945,3.20262e-05,4.48956e-05,1.28694e-05
11-Mar-2026,80.1635,0.0246575,20.1243,20.1239,0.000377597
11-Mar-2026,85.1738,0.0246575,15.1193,15.1203,0.000984926
11-Mar-2026,90.184,0.0246575,10.1198,10.1396,0.019787
11-Mar-2026,95.1942,0.0246575,5.25666,5.37253,0.115874
11-Mar-2026,100.204,0.0246575,1.48036,1.64961,0.169249
11-Mar-2026,105.215,0.0246575,0.114716,0.130326,0.0156101
11-Mar-2026,110.225,0.0246575,0.00103576,0.000314215,0.000721545
11-Mar-2026,115.235,0.0246575,6.2031e-07,5.15203e-09,6.15158e-07
11-Mar-2026,120.245,0.0246575,3.16207e-11,5.89946e-15,3.16148e-11
11-Mar-2026,80.1635,0.0438356,20.182,20.1837,0.00173691
11-Mar-2026,85.1738,0.0438356,15.183,15.1985,0.0154681
11-Mar-2026,90.184,0.0438356,10.2188,10.2954,0.0765635
11-Mar-2026,95.1942,0.0438356,5.53068,5.73546,0.204781
11-Mar-2026,100.204,0.0438356,1.93953,2.16441,0.224876
11-Mar-2026,105.215,0.0438356,0.307639,0.347112,0.0394728
11-Mar-2026,110.225,0.0438356,0.0139417,0.00726743,0.00667427
11-Mar-2026,115.235,0.0438356,0.000132185,7.87947e-06,0.000124306
11-Mar-2026,120.245,0.0438356,3.02111e-07,1.5196e-09,3.00591e-07
11-Mar-2026,80.1635,0.060274,20.2606,20.2759,0.0152909
11-Mar-2026,85.1738,0.060274,15.2803,15.3396,0.0593417
11-Mar-2026,90.184,0.060274,10.3924,10.5569,0.164501
11-Mar-2026,95.1942,0.060274,5.89237,6.18958,0.29721
11-Mar-2026,100.204,0.060274,2.42732,2.71469,0.287368
11-Mar-2026,105.215,0.060274,0.586162,0.664022,0.0778604
11-Mar-2026,110.225,0.060274,0.0631117,0.0448864,0.0182253
11-Mar-2026,115.235,0.060274,0.0025137,0.000437351,0.00207635
11-Mar-2026,120.245,0.060274,4.05422e-05,1.24312e-06,3.92991e-05
11-Mar-2026,80.1635,0.0821918,20.3296,20.3672,0.0375561
11-Mar-2026,85.1738,0.0821918,15.3747,15.482,0.107283
11-Mar-2026,90.184,0.0821918,10.5573,10.7913,0.234033
11-Mar-2026,95.1942,0.0821918,6.17674,6.53723,0.360488
11-Mar-2026,100.204,0.0821918,2.77318,3.10757,0.334394
11-Mar-2026,105.215,0.0821918,0.815082,0.929125,0.114043
11-Mar-2026,110.225,0.0821918,0.128229,0.10559,0.0226388
11-Mar-2026,115.235,0.0821918,0.00941465,0.00267228,0.00674237
11-Mar-2026,120.245,0.0821918,0.000345627,2.37019e-05,0.000321925
11-Mar-2026,80.1635,0.0547945,20.234,20.2431,0.00911911
11-Mar-2026,85.1738,0.0547945,15.2459,15.2883,0.0424201
11-Mar-2026,90.184,0.0547945,10.3307,10.466,0.135261
11-Mar-2026,95.1942,0.0547945,5.77402,6.04286,0.268844
11-Mar-2026,100.204,0.0547945,2.27553,2.54301,0.267481
11-Mar-2026,105.215,0.0547945,0.493116,0.557502,0.0643858
11-Mar-2026,110.225,0.0547945,0.042771,0.0280763,0.0146947
11-Mar-2026,115.235,0.0547945,0.00119557,0.00015859,0.00103698
11-Mar-2026,120.245,0.0547945,1.19369e-05,2.32796e-07,1.17041e-05
11-Mar-2026,80.1635,0.136986,20.5737,20.7148,0.141054
11-Mar-2026,85.1738,0.136986,15.7234,15.9876,0.264218
11-Mar-2026,90.184,0.136986,11.1017,11.5154,0.413725
11-Mar-2026,95.1942,0.136986,6.96304,7.47945,0.516408
11-Mar-2026,100.204,0.136986,3.65619,4.1242,0.468011
11-Mar-2026,105.215,0.136986,1.47506,1.71796,0.242905
11-Mar-2026,110.225,0.136986,0.41127,0.429226,0.0179562
11-Mar-2026,115.235,0.136986,0.0736921,0.0466759,0.0270162
11-Mar-2026,120.245,0.136986,0.00879071,0.00225965,0.00653106
11-Mar-2026,80.1635,0.216438,20.9324,21.2164,0.284042
11-Mar-2026,85.1738,0.216438,16.2147,16.6499,0.435168
11-Mar-2026,90.184,0.216438,11.7724,12.3585,0.586136
11-Mar-2026,95.1942,0.216438,7.80375,8.47788,0.67413
11-Mar-2026,100.204,0.216438,4.54823,5.17647,0.628237
11-Mar-2026,105.215,0.216438,2.21187,2.63684,0.424972
11-Mar-2026,110.225,0.216438,0.843126,1.00208,0.158952
11-Mar-2026,115.235,0.216438,0.2408,0.240043,0.000756808
11-Mar-2026,120.245,0.216438,0.0522779,0.0320458,0.0202321
11-Mar-2026,80.1635,0.30411,21.3897,21.8243,0.434558
11-Mar-2026,85.1738,0.30411,16.8023,17.4023,0.600044
11-Mar-2026,90.184,0.30411,12.5076,13.2596,0.751991
11-Mar-2026,95.1942,0.30411,8.66036,9.5012,0.840839
11-Mar-2026,100.204,0.30411,5.43622,6.25095,0.81473
11-Mar-2026,105.215,0.30411,2.98993,3.63783,0.647904
11-Mar-2026,110.225,0.30411,1.38509,1.76813,0.383038
11-Mar-2026,115.235,0.30411,0.524086,0.659553,0.135467
11-Mar-2026,120.245,0.30411,0.162202,0.171403,0.00920076
11-Mar-2026,80.1635,0.389041,21.8254,22.3826,0.557206
11-Mar-2026,85.1738,0.389041,17.3368,18.0692,0.732392
11-Mar-2026,90.184,0.389041,13.1437,14.0337,0.890007
11-Mar-2026,95.1942,0.389041,9.37458,10.3634,0.988778
11-Mar-2026,100.204,0.389041,6.17062,7.1563,0.985678
11-Mar-2026,105.215,0.389041,3.65755,4.51053,0.852976
11-Mar-2026,110.225,0.389041,1.8987,2.50676,0.60806
11-Mar-2026,115.235,0.389041,0.843564,1.17005,0.326489
11-Mar-2026,120.245,0.389041,0.319362,0.431673,0.112311
11-Mar-2026,80.1635,0.473973,22.2581,22.9257,0.667575
11-Mar-2026,85.1738,0.473973,17.852,18.7046,0.852626
11-Mar-2026,90.184,0.473973,13.7396,14.7588,1.0192
11-Mar-2026,95.1942,0.473973,10.0308,11.1623,1.13147
11-Mar-2026,100.204,0.473973,6.84396,7.9951,1.15114
11-Mar-2026,105.215,0.473973,4.28432,5.33399,1.04967
11-Mar-2026,110.225,0.473973,2.41071,3.24138,0.830667
11-Mar-2026,115.235,0.473973,1.19772,1.74068,0.542962
11-Mar-2026,120.245,0.473973,0.52191,0.795278,0.273368
11-Mar-2026,80.1635,0.556164,22.6737,23.4412,0.7675
11-Mar-2026,85.1738,0.556164,18.3369,19.2996,0.962703
11-Mar-2026,90.184,0.556164,14.2902,15.4299,1.13971
11-Mar-2026,95.1942,0.556164,10.6303,11.8961,1.26584
11-Mar-2026,100.204,0.556164,7.45905,8.76507,1.30602
11-Mar-2026,105.215,0.556164,4.86658,6.09835,1.23177
11-Mar-2026,110.225,0.556164,2.90626,3.94545,1.03919
11-Mar-2026,115.235,0.556164,1.56632,2.32631,0.759989
11-Mar-2026,120.245,0.556164,0.756321,1.21925,0.462929
11-Mar-2026,80.1635,0.638356,23.1196,23.9902,0.870578
11-Mar-2026,85.1738,0.638356,18.8492,19.9265,1.07733
11-Mar-2026,90.184,0.638356,14.8645,16.1307,1.26619
11-Mar-2026,95.1942,0.638356,11.2508,12.6577,1.40695
11-Mar-2026,100.204,0.638356,8.09604,9.56329,1.46725
11-Mar-2026,105.215,0.638356,5.47741,6.8967,1.41929
11-Mar-2026,110.225,0.638356,3.44232,4.69706,1.25474
11-Mar-2026,115.235,0.638356,1.98734,2.9804,0.993059
11-Mar-2026,120.245,0.638356,1.04671,1.73321,0.686499
11-Mar-2026,80.1635,0.723288,23.5273,24.4899,0.962623
11-Mar-2026,85.1738,0.723288,19.3126,20.4924,1.17979
11-Mar-2026,90.184,0.723288,15.3791,16.7585,1.37942
11-Mar-2026,95.1942,0.723288,11.8037,13.3366,1.53287
11-Mar-2026,100.204,0.723288,8.66402,10.2738,1.60983
11-Mar-2026,105.215,0.723288,6.02754,7.61106,1.58352
11-Mar-2026,110.225,0.723288,3.93649,5.38001,1.44352
11-Mar-2026,115.235,0.723288,2.39179,3.59356,1.20177
11-Mar-2026,120.245,0.723288,1.34356,2.2421,0.898542
11-Mar-2026,80.1635,0.808219,23.9452,25.0003,1.05509
11-Mar-2026,85.1738,0.808219,19.7834,21.0662,1.28284
11-Mar-2026,90.184,0.808219,15.8984,17.3913,1.49293
11-Mar-2026,95.1942,0.808219,12.3594,14.0178,1.65841
11-Mar-2026,100.204,0.808219,9.23525,10.986,1.7508
11-Mar-2026,105.215,0.808219,6.58505,8.32966,1.74461
11-Mar-2026,110.225,0.808219,4.44622,6.07459,1.62837
11-Mar-2026,115.235,0.808219,2.82219,4.23092,1.40873
11-Mar-2026,120.245,0.808219,1.67481,2.79128,1.11647
11-Mar-2026,80.1635,0.887671,24.3186,25.455,1.13638
11-Mar-2026,85.1738,0.887671,20.2014,21.5745,1.37305
11-Mar-2026,90.184,0.887671,16.3569,17.9489,1.59198
11-Mar-2026,95.1942,0.887671,12.8485,14.6158,1.76735
11-Mar-2026,100.204,0.887671,9.73828,11.6105,1.87225
11-Mar-2026,105.215,0.887671,7.07892,8.96139,1.88247
11-Mar-2026,110.225,0.887671,4.90402,6.69018,1.78616
11-Mar-2026,115.235,0.887671,3.21818,4.80487,1.58669
11-Mar-2026,120.245,0.887671,1.99097,3.29924,1.30827
11-Mar-2026,80.1635,0.964384,24.6768,25.8898,1.21299
11-Mar-2026,85.1738,0.964384,20.6003,22.0581,1.45778
11-Mar-2026,90.184,0.964384,16.7926,18.4772,1.6846
11-Mar-2026,95.1942,0.964384,13.3121,15.1808,1.86873
11-Mar-2026,100.204,0.964384,10.2152,12.1999,1.98468
11-Mar-2026,105.215,0.964384,7.54929,9.5587,2.00941
11-Mar-2026,110.225,0.964384,5.34462,7.27571,1.93109
11-Mar-2026,115.235,0.964384,3.60637,5.35717,1.7508
11-Mar-2026,120.245,0.964384,2.30971,3.79752,1.48781
12-Mar-2026,80.313,0.00273973,20.0847,20.0845,0.000244612
12-Mar-2026,85.3325,0.00273973,15.0655,15.0654,0.000141156
12-Mar-2026,90.3521,0.00273973,10.0464,10.0462,0.000237691
12-Mar-2026,95.3717,0.00273973,5.02723,5.02697,0.000264225
12-Mar-2026,100.391,0.00273973,0.392104,0.302138,0.0899662
12-Mar-2026,105.411,0.00273973,5.53838e-09,-4.92041e-09,1.04588e-08
12-Mar-2026,110.43,0.00273973,3.73591e-15,-1.45615e-13,1.49351e-13
12-Mar-2026,115.45,0.00273973,4.88898e-16,-7.77592e-16,1.26649e-15
12-Mar-2026,120.469,0.00273973,4.85128e-16,-1.03549e-15,1.52062e-15
12-Mar-2026,80.313,0.0219178,20.1557,20.1554,0.000269371
12-Mar-2026,85.3325,0.0219178,15.141,15.1408,0.00020319
12-Mar-2026,90.3521,0.0219178,10.1294,10.1279,0.00153178
12-Mar-2026,95.3717,0.0219178,5.22631,5.1766,0.0497148
12-Mar-2026,100.391,0.0219178,1.3882,1.09369,0.29451
12-Mar-2026,105.411,0.0219178,0.0841161,0.00632763,0.0777885
12-Mar-2026,110.43,0.0219178,0.000407467,1.7138e-07,0.000407296
12-Mar-2026,115.45,0.0219178,8.43367e-08,6.59113e-13,8.4336e-08
12-Mar-2026,120.469,0.0219178,1.12334e-12,5.44062e-16,1.1228e-12
12-Mar-2026,80.313,0.0410959,20.2137,20.2135,0.000158456
12-Mar-2026,85.3325,0.0410959,15.2042,15.204,0.000163684
12-Mar-2026,90.3521,0.0410959,10.2216,10.2129,0.00867308
12-Mar-2026,95.3717,0.0410959,5.48831,5.38582,0.102486
12-Mar-2026,100.391,0.0410959,1.85246,1.48082,0.371638
12-Mar-2026,105.411,0.0410959,0.259622,0.0483287,0.211293
12-Mar-2026,110.43,0.0410959,0.00882683,8.12525e-05,0.00874558
12-Mar-2026,115.45,0.0410959,5.21242e-05,4.74372e-08,5.20768e-05
12-Mar-2026,120.469,0.0410959,6.67466e-08,2.11941e-11,6.67254e-08
12-Mar-2026,80.313,0.0575342,20.2923,20.2927,0.000440695
12-Mar-2026,85.3325,0.0575342,15.2988,15.2989,0.000104596
12-Mar-2026,90.3521,0.0575342,10.3862,10.3636,0.0225963
12-Mar-2026,95.3717,0.0575342,5.84215,5.68856,0.153591
12-Mar-2026,100.391,0.0575342,2.34179,1.90527,0.43652
12-Mar-2026,105.411,0.0575342,0.525011,0.161176,0.363835
12-Mar-2026,110.43,0.0575342,0.0481693,0.00209478,0.0460745
12-Mar-2026,115.45,0.0575342,0.00148684,1.40484e-05,0.00147279
12-Mar-2026,120.469,0.0575342,1.76803e-05,8.1155e-08,1.75991e-05
12-Mar-2026,80.313,0.0794521,20.3607,20.3628,0.00214766
12-Mar-2026,85.3325,0.0794521,15.3901,15.3908,0.000734981
12-Mar-2026,90.3521,0.0794521,10.5451,10.5114,0.0337258
12-Mar-2026,95.3717,0.0794521,6.12283,5.93917,0.183657
12-Mar-2026,100.391,0.0794521,2.68811,2.21732,0.470788
12-Mar-2026,105.411,0.0794521,0.747259,0.289454,0.457805
12-Mar-2026,110.43,0.0794521,0.104829,0.0088784,0.0959506
12-Mar-2026,115.45,0.0794521,0.00643545,0.000161128,0.00627432
12-Mar-2026,120.469,0.0794521,0.000191167,2.63561e-06,0.000188531
12-Mar-2026,80.313,0.0520548,20.2658,20.2659,0.000109436
12-Mar-2026,85.3325,0.0520548,15.2655,15.2655,2.14667e-05
12-Mar-2026,90.3521,0.0520548,10.3273,10.3094,0.0179006
12-Mar-2026,95.3717,0.0520548,5.72585,5.58719,0.138662
12-Mar-2026,100.391,0.0520548,2.18971,1.77139,0.418325
12-Mar-2026,105.411,0.0520548,0.435545,0.117653,0.317892
12-Mar-2026,110.43,0.0520548,0.0312826,0.000928059,0.0303545
12-Mar-2026,115.45,0.0520548,0.000645515,3.45064e-06,0.000642064
12-Mar-2026,120.469,0.0520548,4.47355e-06,1.07481e-08,4.4628e-06
12-Mar-2026,80.313,0.134247,20.6008,20.6145,0.0137308
12-Mar-2026,85.3325,0.134247,15.7298,15.7354,0.00559694
12-Mar-2026,90.3521,0.134247,11.0784,11.0222,0.0562301
12-Mar-2026,95.3717,0.134247,6.90483,6.67326,0.231572
12-Mar-2026,100.391,0.134247,3.57348,3.06368,0.509801
12-Mar-2026,105.411,0.134247,1.39825,0.791288,0.606962
12-Mar-2026,110.43,0.134247,0.368234,0.0872587,0.280975
12-Mar-2026,115.45,0.134247,0.0605517,0.0063307,0.054221
12-Mar-2026,120.469,0.134247,0.00652802,0.000433619,0.0060944
12-Mar-2026,80.313,0.213699,20.9546,20.9902,0.0356468
12-Mar-2026,85.3325,0.213699,16.2145,16.2333,0.0188363
12-Mar-2026,90.3521,0.213699,11.7447,11.6863,0.0583851
12-Mar-2026,95.3717,0.213699,7.74758,7.51564,0.231944
12-Mar-2026,100.391,0.213699,4.47229,3.99265,0.479642
12-Mar-2026,105.411,0.213699,2.13617,1.50901,0.627164
12-Mar-2026,110.43,0.213699,0.789515,0.340058,0.449457
12-Mar-2026,115.45,0.213699,0.215479,0.051035,0.164444
12-Mar-2026,120.469,0.213699,0.0442854,0.00690951,0.0373759
12-Mar-2026,80.313,0.30137,21.4088,21.4757,0.0669225
12-Mar-2026,85.3325,0.30137,16.8002,16.8462,0.046028
12-Mar-2026,90.3521,0.30137,12.4819,12.4505,0.0313773
12-Mar-2026,95.3717,0.30137,8.61203,8.42726,0.184773
12-Mar-2026,100.391,0.30137,5.37237,4.97942,0.392949
12-Mar-2026,105.411,0.30137,2.92391,2.37156,0.552347
12-Mar-2026,110.43,0.30137,1.33205,0.822486,0.509564
12-Mar-2026,115.45,0.30137,0.492039,0.203794,0.288245
12-Mar-2026,120.469,0.30137,0.147768,0.0420445,0.105724
12-Mar-2026,80.313,0.386301,21.8445,21.9449,0.100405
12-Mar-2026,85.3325,0.386301,17.3368,17.4185,0.0817385
12-Mar-2026,90.3521,0.386301,13.1237,13.1371,0.0134129
12-Mar-2026,95.3717,0.386301,9.33656,9.21989,0.116667
12-Mar-2026,100.391,0.386301,6.12042,5.82864,0.291783
12-Mar-2026,105.411,0.386301,3.60463,3.15865,0.445982
12-Mar-2026,110.43,0.386301,1.85342,1.37751,0.475915
12-Mar-2026,115.45,0.386301,0.812504,0.464851,0.347653
12-Mar-2026,120.469,0.386301,0.302376,0.127915,0.174461
12-Mar-2026,80.313,0.471233,22.2793,22.4167,0.137434
12-Mar-2026,85.3325,0.471233,17.8564,17.9813,0.124943
12-Mar-2026,90.3521,0.471233,13.7275,13.7967,0.0692132
12-Mar-2026,95.3717,0.471233,10.0047,9.96669,0.0380126
12-Mar-2026,100.391,0.471233,6.80856,6.62363,0.184932
12-Mar-2026,105.411,0.471233,4.24635,3.91785,0.328504
12-Mar-2026,110.43,0.471233,2.377,1.97894,0.398064
12-Mar-2026,115.45,0.471233,1.17278,0.82419,0.34859
12-Mar-2026,120.469,0.471233,0.50648,0.285085,0.221395
12-Mar-2026,80.313,0.553425,22.6984,22.8748,0.176353
12-Mar-2026,85.3325,0.553425,18.3473,18.519,0.171658
12-Mar-2026,90.3521,0.553425,14.2873,14.4166,0.129288
12-Mar-2026,95.3717,0.553425,10.6166,10.6591,0.0425052
12-Mar-2026,100.391,0.553425,7.4385,7.35737,0.0811282
12-Mar-2026,105.411,0.553425,4.84392,4.63126,0.212655
12-Mar-2026,110.43,0.553425,2.8858,2.58353,0.302266
12-Mar-2026,115.45,0.553425,1.55066,1.24254,0.308117
12-Mar-2026,120.469,0.553425,0.745941,0.511092,0.234849
12-Mar-2026,80.313,0.635616,23.1494,23.3702,0.220764
12-Mar-2026,85.3325,0.635616,18.8674,19.0931,0.225708
12-Mar-2026,90.3521,0.635616,14.8726,15.0702,0.197625
12-Mar-2026,95.3717,0.635616,11.2511,11.3817,0.130605
12-Mar-2026,100.391,0.635616,8.09172,8.12036,0.0286359
12-Mar-2026,105.411,0.635616,5.47165,5.38216,0.0894912
12-Mar-2026,110.43,0.635616,3.4374,3.24852,0.188875
12-Mar-2026,115.45,0.635616,1.98415,1.74934,0.234807
12-Mar-2026,120.469,0.635616,1.04495,0.830589,0.214361
12-Mar-2026,80.313,0.720548,23.5628,23.8261,0.26326
12-Mar-2026,85.3325,0.720548,19.3387,19.6161,0.277357
12-Mar-2026,90.3521,0.720548,15.3977,15.6596,0.261868
12-Mar-2026,95.3717,0.720548,11.817,12.0279,0.210928
12-Mar-2026,100.391,0.720548,8.67457,8.80074,0.126165
12-Mar-2026,105.411,0.720548,6.03731,6.05744,0.0201348
12-Mar-2026,110.43,0.720548,3.9464,3.86473,0.0816738
12-Mar-2026,115.45,0.720548,2.40148,2.25039,0.151088
12-Mar-2026,120.469,0.720548,1.35191,1.18254,0.16937
12-Mar-2026,80.313,0.805479,23.9872,24.2952,0.307964
12-Mar-2026,85.3325,0.805479,19.8184,20.1497,0.331278
12-Mar-2026,90.3521,0.805479,15.9282,16.2561,0.327869
12-Mar-2026,95.3717,0.805479,12.3861,12.6778,0.291698
12-Mar-2026,100.391,0.805479,9.26085,9.48338,0.222526
12-Mar-2026,105.411,0.805479,6.6106,6.73902,0.128425
12-Mar-2026,110.43,0.805479,4.47157,4.49969,0.0281241
12-Mar-2026,115.45,0.805479,2.84597,2.78998,0.0559854
12-Mar-2026,120.469,0.805479,1.69513,1.59108,0.104054
12-Mar-2026,80.313,0.884932,24.3669,24.7154,0.348462
12-Mar-2026,85.3325,0.884932,20.2445,20.6244,0.379867
12-Mar-2026,90.3521,0.884932,16.3968,16.7832,0.386375
12-Mar-2026,95.3717,0.884932,12.8871,13.2491,0.36198
12-Mar-2026,100.391,0.884932,9.77707,10.0823,0.305257
12-Mar-2026,105.411,0.884932,7.11833,7.33965,0.221323
12-Mar-2026,110.43,0.884932,4.94314,5.06768,0.124538
12-Mar-2026,115.45,0.884932,3.25497,3.28799,0.0330153
12-Mar-2026,120.469,0.884932,2.02293,1.9887,0.034225
12-Mar-2026,80.313,0.961644,24.7314,25.1188,0.387387
12-Mar-2026,85.3325,0.961644,20.6514,21.0775,0.426137
12-Mar-2026,90.3521,0.961644,16.8421,17.2837,0.441596
12-Mar-2026,95.3717,0.961644,13.3619,13.7893,0.427406
12-Mar-2026,100.391,0.961644,10.2664,10.6479,0.38145
12-Mar-2026,105.411,0.961644,7.60169,7.90855,0.306858
12-Mar-2026,110.43,0.961644,5.39682,5.61148,0.214664
12-Mar-2026,115.45,0.961644,3.6558,3.77548,0.119685
12-Mar-2026,120.469,0.961644,2.35339,2.39284,0.0394521
13-Mar-2026,81.1427,0.0191781,20.3575,20.3572,0.000326544
13-Mar-2026,86.2141,0.0191781,15.2906,15.2909,0.000323948
13-Mar-2026,91.2855,0.0191781,10.225,10.2407,0.0157166
13-Mar-2026,96.357,0.0191781,5.23652,5.38815,0.151634
13-Mar-2026,101.428,0.0191781,1.27991,1.62996,0.350046
13-Mar-2026,106.5,0.0191781,0.0518912,0.146034,0.0941423
13-Mar-2026,111.571,0.0191781,8.57439e-05,0.00135878,0.00127303
13-Mar-2026,116.643,0.0191781,2.9742e-09,8.0908e-07,8.06106e-07
13-Mar-2026,121.714,0.0191781,5.95558e-15,6.90893e-11,6.90833e-11
13-Mar-2026,81.1427,0.0383562,20.4163,20.4173,0.00102523
13-Mar-2026,86.2141,0.0383562,15.3538,15.3671,0.0132608
13-Mar-2026,91.2855,0.0383562,10.3097,10.3945,0.0848088
13-Mar-2026,96.357,0.0383562,5.47831,5.77613,0.297817
13-Mar-2026,101.428,0.0383562,1.74508,2.20232,0.457239
13-Mar-2026,106.5,0.0383562,0.198703,0.406809,0.208106
13-Mar-2026,111.571,0.0383562,0.00407102,0.0212437,0.0171727
13-Mar-2026,116.643,0.0383562,1.06931e-05,0.000251208,0.000240515
13-Mar-2026,121.714,0.0383562,5.42783e-09,1.0592e-06,1.05377e-06
13-Mar-2026,81.1427,0.0547945,20.4953,20.5088,0.0135004
13-Mar-2026,86.2141,0.0547945,15.4457,15.5069,0.0612404
13-Mar-2026,91.2855,0.0547945,10.4617,10.6617,0.199951
13-Mar-2026,96.357,0.0547945,5.81724,6.25429,0.43705
13-Mar-2026,101.428,0.0547945,2.2319,2.78696,0.555056
13-Mar-2026,106.5,0.0547945,0.439608,0.761305,0.321697
13-Mar-2026,111.571,0.0547945,0.0301497,0.0925278,0.0623781
13-Mar-2026,116.643,0.0547945,0.000593165,0.00445367,0.00386051
13-Mar-2026,121.714,0.0547945,4.26549e-06,0.000113855,0.000109589
13-Mar-2026,81.1427,0.0767123,20.5633,20.5994,0.0361122
13-Mar-2026,86.2141,0.0767123,15.5331,15.6495,0.116435
13-Mar-2026,91.2855,0.0767123,10.6114,10.901,0.289575
13-Mar-2026,96.357,0.0767123,6.09032,6.61305,0.522733
13-Mar-2026,101.428,0.0767123,2.5763,3.19147,0.615171
13-Mar-2026,106.5,0.0767123,0.648319,1.04099,0.392672
13-Mar-2026,111.571,0.0767123,0.073499,0.181101,0.107602
13-Mar-2026,116.643,0.0767123,0.00326427,0.0154714,0.0122071
13-Mar-2026,121.714,0.0767123,6.77692e-05,0.0008147,0.000746931
13-Mar-2026,81.1427,0.0958904,20.6496,20.7237,0.0741275
13-Mar-2026,86.2141,0.0958904,15.6509,15.8384,0.187473
13-Mar-2026,91.2855,0.0958904,10.8055,11.1885,0.382956
13-Mar-2026,96.357,0.0958904,6.40188,7.00428,0.602402
13-Mar-2026,101.428,0.0958904,2.94426,3.61559,0.671328
13-Mar-2026,106.5,0.0958904,0.896623,1.35627,0.459649
13-Mar-2026,111.571,0.0958904,0.147551,0.309419,0.161868
13-Mar-2026,116.643,0.0958904,0.0118249,0.0402632,0.0284383
13-Mar-2026,121.714,0.0958904,0.000525308,0.00356527,0.00303996
13-Mar-2026,81.1427,0.0493151,20.4688,20.4763,0.00750534
13-Mar-2026,86.2141,0.0493151,15.4136,15.4558,0.0421772
13-Mar-2026,91.2855,0.0493151,10.4069,10.5685,0.161639
13-Mar-2026,96.357,0.0493151,5.705,6.101,0.395996
13-Mar-2026,101.428,0.0493151,2.08071,2.607,0.526292
13-Mar-2026,106.5,0.0493151,0.357063,0.645012,0.287949
13-Mar-2026,111.571,0.0493151,0.0182581,0.0637319,0.0454738
13-Mar-2026,116.643,0.0493151,0.000221582,0.00218724,0.00196566
13-Mar-2026,121.714,0.0493151,8.46012e-07,3.63406e-05,3.54946e-05
13-Mar-2026,81.1427,0.131507,20.7986,20.9445,0.1459
13-Mar-2026,86.2141,0.131507,15.8596,16.1541,0.294459
13-Mar-2026,91.2855,0.131507,11.1259,11.6273,0.501374
13-Mar-2026,96.357,0.131507,6.86147,7.55638,0.694905
13-Mar-2026,101.428,0.131507,3.46017,4.19749,0.73732
13-Mar-2026,106.5,0.131507,1.27749,1.81774,0.540245
13-Mar-2026,111.571,0.131507,0.300712,0.541724,0.241012
13-Mar-2026,116.643,0.131507,0.041893,0.105386,0.0634928
13-Mar-2026,121.714,0.131507,0.00375932,0.0151254,0.0113661
13-Mar-2026,81.1427,0.210959,21.145,21.4367,0.291723
13-Mar-2026,86.2141,0.210959,16.3332,16.8016,0.468437
13-Mar-2026,91.2855,0.210959,11.7828,12.447,0.66416
13-Mar-2026,96.357,0.210959,7.7038,8.51623,0.812427
13-Mar-2026,101.428,0.210959,4.36504,5.19035,0.82531
13-Mar-2026,106.5,0.210959,2.00963,2.66439,0.654762
13-Mar-2026,111.571,0.210959,0.695645,1.07206,0.376414
13-Mar-2026,116.643,0.210959,0.172524,0.323466,0.150942
13-Mar-2026,121.714,0.210959,0.0317886,0.0771057,0.0453171
13-Mar-2026,81.1427,0.29863,21.5943,22.0216,0.427312
13-Mar-2026,86.2141,0.29863,16.9144,17.5193,0.604853
13-Mar-2026,91.2855,0.29863,12.5202,13.2972,0.776967
13-Mar-2026,96.357,0.29863,8.57688,9.46873,0.891854
13-Mar-2026,101.428,0.29863,5.27928,6.17229,0.893006
13-Mar-2026,106.5,0.29863,2.805,3.55563,0.750628
13-Mar-2026,111.571,0.29863,1.22773,1.73295,0.505216
13-Mar-2026,116.643,0.29863,0.427939,0.689895,0.261956
13-Mar-2026,121.714,0.29863,0.119908,0.226568,0.10666
13-Mar-2026,81.1427,0.383562,22.0292,22.5493,0.520066
13-Mar-2026,86.2141,0.383562,17.4526,18.1426,0.690019
13-Mar-2026,91.2855,0.383562,13.1686,14.0129,0.844303
13-Mar-2026,96.357,0.383562,9.31427,10.2565,0.942204
13-Mar-2026,101.428,0.383562,6.0444,6.98724,0.942835
13-Mar-2026,106.5,0.383562,3.49981,4.32341,0.823603
13-Mar-2026,111.571,0.383562,1.75158,2.3593,0.607721
13-Mar-2026,116.643,0.383562,0.7387,1.10512,0.36642
13-Mar-2026,121.714,0.383562,0.262058,0.441849,0.179791
13-Mar-2026,81.1427,0.468493,22.4664,23.056,0.589581
13-Mar-2026,86.2141,0.468493,17.9776,18.7294,0.75182
13-Mar-2026,91.2855,0.468493,13.7824,14.6763,0.893918
13-Mar-2026,96.357,0.468493,9.99777,10.9808,0.982986
13-Mar-2026,101.428,0.468493,6.75146,7.73888,0.987416
13-Mar-2026,106.5,0.468493,4.15893,5.04719,0.888258
13-Mar-2026,111.571,0.468493,2.28447,2.98329,0.698821
13-Mar-2026,116.643,0.468493,1.09741,1.56556,0.468145
13-Mar-2026,121.714,0.468493,0.458198,0.722031,0.263833
13-Mar-2026,81.1427,0.550685,22.8901,23.5331,0.643038
13-Mar-2026,86.2141,0.550685,18.4761,19.2753,0.799178
13-Mar-2026,91.2855,0.550685,14.3541,15.2876,0.933514
13-Mar-2026,96.357,0.550685,10.626,11.6447,1.0187
13-Mar-2026,101.428,0.550685,7.40061,8.42916,1.02855
13-Mar-2026,106.5,0.550685,4.77501,5.72134,0.946329
13-Mar-2026,111.571,0.550685,2.80618,3.58579,0.779611
13-Mar-2026,116.643,0.550685,1.47949,2.04257,0.563082
13-Mar-2026,121.714,0.550685,0.694656,1.04651,0.351854
13-Mar-2026,81.1427,0.632877,23.3479,24.039,0.691075
13-Mar-2026,86.2141,0.632877,19.0064,19.8489,0.842493
13-Mar-2026,91.2855,0.632877,14.9536,15.9254,0.971849
13-Mar-2026,96.357,0.632877,11.2789,12.3346,1.05565
13-Mar-2026,101.428,0.632877,8.07501,9.14697,1.07196
13-Mar-2026,106.5,0.632877,5.42364,6.42937,1.00573
13-Mar-2026,111.571,0.632877,3.37434,4.23506,0.860715
13-Mar-2026,116.643,0.632877,1.92204,2.58316,0.661119
13-Mar-2026,121.714,0.632877,0.995176,1.44561,0.450435
13-Mar-2026,81.1427,0.717808,23.7689,24.4986,0.729719
13-Mar-2026,86.2141,0.717808,19.4883,20.3666,0.878262
13-Mar-2026,91.2855,0.717808,15.4927,16.4977,1.00503
13-Mar-2026,96.357,0.717808,11.8621,12.9512,1.08909
13-Mar-2026,101.428,0.717808,8.67735,9.78871,1.11136
13-Mar-2026,106.5,0.717808,6.00884,7.06687,1.05803
13-Mar-2026,111.571,0.717808,3.89999,4.83073,0.930739
13-Mar-2026,116.643,0.717808,2.3506,3.09758,0.746983
13-Mar-2026,121.714,0.717808,1.30718,1.84883,0.541651
13-Mar-2026,81.1427,0.80274,24.2022,24.9681,0.765861
13-Mar-2026,86.2141,0.80274,19.9796,20.8923,0.9127
13-Mar-2026,91.2855,0.80274,16.0381,17.0761,1.03798
13-Mar-2026,96.357,0.80274,12.449,13.5723,1.12329
13-Mar-2026,101.428,0.80274,9.28349,10.4349,1.15142
13-Mar-2026,106.5,0.80274,6.6022,7.71211,1.10991
13-Mar-2026,111.571,0.80274,4.44308,5.44198,0.998902
13-Mar-2026,116.643,0.80274,2.80864,3.6397,0.83106
13-Mar-2026,121.714,0.80274,1.65847,2.29272,0.634255
13-Mar-2026,81.1427,0.882192,24.5904,25.3868,0.796362
13-Mar-2026,86.2141,0.882192,20.4168,21.359,0.942158
13-Mar-2026,91.2855,0.882192,16.5203,17.5872,1.06694
13-Mar-2026,96.357,0.882192,12.9659,14.1196,1.15372
13-Mar-2026,101.428,0.882192,9.81722,11.0041,1.18689
13-Mar-2026,106.5,0.882192,7.12773,8.2826,1.15487
13-Mar-2026,111.571,0.882192,4.93104,5.98807,1.05703
13-Mar-2026,116.643,0.882192,3.23094,4.13377,0.902834
13-Mar-2026,121.714,0.882192,1.99545,2.71067,0.715218
13-Mar-2026,81.1427,0.958904,24.9635,25.7878,0.824324
13-Mar-2026,86.2141,0.958904,20.8344,21.8041,0.969744
13-Mar-2026,91.2855,0.958904,16.9786,18.0731,1.09452
13-Mar-2026,96.357,0.958904,13.4558,14.6386,1.18276
13-Mar-2026,101.428,0.958904,10.323,11.5435,1.2205
13-Mar-2026,106.5,0.958904,7.62793,8.82473,1.1968
13-Mar-2026,111.571,0.958904,5.40056,6.51104,1.11048
13-Mar-2026,116.643,0.958904,3.64524,4.614,0.968759
13-Mar-2026,121.714,0.958904,2.33605,3.12678,0.790728
16-Mar-2026,86.2196,0.0109589,15.2431,15.2432,0.000130029
16-Mar-2026,91.2913,0.0109589,10.1729,10.1732,0.000268352
16-Mar-2026,96.3631,0.0109589,5.10486,5.10713,0.00226722
16-Mar-2026,101.435,0.0109589,0.725306,0.731926,0.00662013
16-Mar-2026,106.507,0.0109589,0.000537726,0.000163393,0.000374333
16-Mar-2026,111.578,0.0109589,8.66499e-12,3.53743e-14,8.62962e-12
16-Mar-2026,81.1479,0.030137,20.3851,20.3853,0.00019503
16-Mar-2026,86.2196,0.030137,15.3196,15.3203,0.000666534
16-Mar-2026,91.2913,0.030137,10.2585,10.2668,0.00826726
16-Mar-2026,96.3631,0.030137,5.31701,5.36222,0.0452056
16-Mar-2026,101.435,0.030137,1.43522,1.44951,0.0142904
16-Mar-2026,106.507,0.030137,0.0858282,0.0562708,0.0295574
16-Mar-2026,111.578,0.030137,0.000356182,6.64494e-05,0.000289733
16-Mar-2026,116.65,0.030137,6.92986e-08,9.82844e-09,5.94702e-08
16-Mar-2026,121.722,0.030137,1.47417e-12,6.84315e-13,7.89855e-13
16-Mar-2026,81.1479,0.0465753,20.4506,20.4515,0.00093837
16-Mar-2026,86.2196,0.0465753,15.3911,15.398,0.00685719
16-Mar-2026,91.2913,0.0465753,10.3608,10.3952,0.03443
16-Mar-2026,96.3631,0.0465753,5.57903,5.66023,0.0812022
16-Mar-2026,101.435,0.0465753,1.87715,1.89761,0.0204614
16-Mar-2026,106.507,0.0465753,0.247802,0.185965,0.0618373
16-Mar-2026,111.578,0.0465753,0.00687591,0.0023202,0.00455571
16-Mar-2026,116.65,0.0465753,3.22772e-05,8.66105e-06,2.36162e-05
16-Mar-2026,121.722,0.0465753,4.12733e-08,2.11926e-08,2.00807e-08
16-Mar-2026,81.1479,0.0684932,20.5302,20.5364,0.00623392
16-Mar-2026,86.2196,0.0684932,15.4857,15.5115,0.0258449
16-Mar-2026,91.2913,0.0684932,10.5169,10.5901,0.073175
16-Mar-2026,96.3631,0.0684932,5.89802,6.01239,0.114368
16-Mar-2026,101.435,0.0684932,2.3125,2.34086,0.0283553
16-Mar-2026,106.507,0.0684932,0.473592,0.385059,0.0885327
16-Mar-2026,111.578,0.0684932,0.0345102,0.0158655,0.0186447
16-Mar-2026,116.65,0.0684932,0.000780161,0.000288204,0.000491957
16-Mar-2026,121.722,0.0684932,7.4013e-06,3.98736e-06,3.41394e-06
16-Mar-2026,81.1479,0.0876712,20.6131,20.6311,0.0180493
16-Mar-2026,86.2196,0.0876712,15.5935,15.646,0.0524578
16-Mar-2026,91.2913,0.0876712,10.6955,10.8061,0.110593
16-Mar-2026,96.3631,0.0876712,6.20515,6.34553,0.140385
16-Mar-2026,101.435,0.0876712,2.6898,2.72723,0.0374262
16-Mar-2026,106.507,0.0876712,0.70763,0.604958,0.102672
16-Mar-2026,111.578,0.0876712,0.0863384,0.0473075,0.0390309
16-Mar-2026,116.65,0.0876712,0.00441867,0.00194203,0.00247664
16-Mar-2026,121.722,0.0876712,0.000117495,6.50784e-05,5.24166e-05
16-Mar-2026,81.1479,0.0410959,20.4375,20.4381,0.000596972
16-Mar-2026,86.2196,0.0410959,15.3764,15.3813,0.00490149
16-Mar-2026,91.2913,0.0410959,10.338,10.3664,0.0283934
16-Mar-2026,96.3631,0.0410959,5.52552,5.60023,0.0747072
16-Mar-2026,101.435,0.0410959,1.79625,1.81547,0.0192191
16-Mar-2026,106.507,0.0410959,0.21243,0.156391,0.0560385
16-Mar-2026,111.578,0.0410959,0.00457842,0.00142712,0.0031513
16-Mar-2026,116.65,0.0410959,1.4153e-05,3.49188e-06,1.06611e-05
16-Mar-2026,121.722,0.0410959,1.05943e-08,5.37144e-09,5.22286e-09
16-Mar-2026,81.1479,0.123288,20.7393,20.7827,0.0433918
16-Mar-2026,86.2196,0.123288,15.766,15.8605,0.0945096
16-Mar-2026,91.2913,0.123288,10.967,11.1239,0.156944
16-Mar-2026,96.3631,0.123288,6.61573,6.78572,0.169987
16-Mar-2026,101.435,0.123288,3.1631,3.21608,0.0529778
16-Mar-2026,106.507,0.123288,1.03763,0.931317,0.106313
16-Mar-2026,111.578,0.123288,0.194592,0.125268,0.0693239
16-Mar-2026,116.65,0.123288,0.019356,0.00994491,0.00941109
16-Mar-2026,121.722,0.123288,0.00117807,0.000672791,0.000505279
16-Mar-2026,81.1479,0.20274,21.0862,21.2053,0.11906
16-Mar-2026,86.2196,0.20274,16.2406,16.4278,0.187211
16-Mar-2026,91.2913,0.20274,11.6407,11.8815,0.240757
16-Mar-2026,96.3631,0.20274,7.50677,7.73343,0.22666
16-Mar-2026,101.435,0.20274,4.13473,4.23777,0.103038
16-Mar-2026,106.507,0.20274,1.80098,1.73318,0.0677966
16-Mar-2026,111.578,0.20274,0.565024,0.455358,0.109666
16-Mar-2026,116.65,0.20274,0.121411,0.0795852,0.0418258
16-Mar-2026,121.722,0.20274,0.0189544,0.0117816,0.00717281
16-Mar-2026,81.1479,0.290411,21.5031,21.6981,0.195016
16-Mar-2026,86.2196,0.290411,16.7846,17.0493,0.264666
16-Mar-2026,91.2913,0.290411,12.3425,12.6492,0.306673
16-Mar-2026,96.3631,0.290411,8.35208,8.63457,0.282488
16-Mar-2026,101.435,0.290411,5.02769,5.19712,0.169427
16-Mar-2026,106.507,0.290411,2.56864,2.57601,0.0073745
16-Mar-2026,111.578,0.290411,1.05394,0.963727,0.0902128
16-Mar-2026,116.65,0.290411,0.3346,0.263861,0.0707393
16-Mar-2026,121.722,0.290411,0.0837495,0.0590342,0.0247153
16-Mar-2026,81.1479,0.375342,21.9509,22.211,0.260109
16-Mar-2026,86.2196,0.375342,17.3437,17.6714,0.327679
16-Mar-2026,91.2913,0.375342,13.0244,13.3881,0.363727
16-Mar-2026,96.3631,0.375342,9.13701,9.47701,0.340001
16-Mar-2026,101.435,0.375342,5.84759,6.08987,0.242279
16-Mar-2026,106.507,0.375342,3.30929,3.40442,0.0951324
16-Mar-2026,111.578,0.375342,1.59796,1.56903,0.0289258
16-Mar-2026,116.65,0.375342,0.640321,0.57394,0.0663806
16-Mar-2026,121.722,0.375342,0.213108,0.171859,0.0412494
16-Mar-2026,81.1479,0.460274,22.3849,22.6979,0.312966
16-Mar-2026,86.2196,0.460274,17.869,18.2482,0.379215
16-Mar-2026,91.2913,0.460274,13.6443,14.0581,0.413832
16-Mar-2026,96.3631,0.460274,9.83327,10.2282,0.394966
16-Mar-2026,101.435,0.460274,6.5717,6.88352,0.311823
16-Mar-2026,106.507,0.460274,3.9832,4.16285,0.179645
16-Mar-2026,111.578,0.460274,2.13555,2.1826,0.0470461
16-Mar-2026,116.65,0.460274,0.9916,0.961146,0.030454
16-Mar-2026,121.722,0.460274,0.396511,0.355477,0.0410335
16-Mar-2026,81.1479,0.542466,22.8084,23.1666,0.358155
16-Mar-2026,86.2196,0.542466,18.3706,18.795,0.424425
16-Mar-2026,91.2913,0.542466,14.2239,14.6841,0.460155
16-Mar-2026,96.3631,0.542466,10.4747,10.9223,0.447598
16-Mar-2026,101.435,0.542466,7.23742,7.61498,0.377555
16-Mar-2026,106.507,0.542466,4.61478,4.87406,0.25928
16-Mar-2026,111.578,0.542466,2.66613,2.79283,0.126697
16-Mar-2026,116.65,0.542466,1.37311,1.3978,0.0246942
16-Mar-2026,121.722,0.542466,0.625672,0.605106,0.0205659
16-Mar-2026,81.1479,0.624658,23.2481,23.649,0.400897
16-Mar-2026,86.2196,0.624658,18.8832,19.3514,0.468183
16-Mar-2026,91.2913,0.624658,14.8073,15.3139,0.50661
16-Mar-2026,96.3631,0.624658,11.1138,11.6148,0.501011
16-Mar-2026,101.435,0.624658,7.90009,8.34321,0.443118
16-Mar-2026,106.507,0.624658,5.25216,5.59041,0.338245
16-Mar-2026,111.578,0.624658,3.22142,3.43166,0.210236
16-Mar-2026,116.65,0.624658,1.80016,1.89433,0.09417
16-Mar-2026,121.722,0.624658,0.909647,0.929467,0.0198204
16-Mar-2026,81.1479,0.709589,23.6725,24.1117,0.439226
16-Mar-2026,86.2196,0.709589,19.3719,19.8801,0.508165
16-Mar-2026,91.2913,0.709589,15.3572,15.9071,0.549939
16-Mar-2026,96.3631,0.709589,11.7116,12.2626,0.550999
16-Mar-2026,101.435,0.709589,8.51945,9.02309,0.503638
16-Mar-2026,106.507,0.709589,5.85403,6.26468,0.41065
16-Mar-2026,111.578,0.709589,3.75996,4.04933,0.289372
16-Mar-2026,116.65,0.709589,2.23526,2.40247,0.167214
16-Mar-2026,121.722,0.709589,1.22166,1.29441,0.0727519
16-Mar-2026,81.1479,0.794521,24.1296,24.6078,0.478173
16-Mar-2026,86.2196,0.794521,19.8928,20.4423,0.549544
16-Mar-2026,91.2913,0.794521,15.9382,16.5333,0.595135
16-Mar-2026,96.3631,0.794521,12.3395,12.9424,0.602938
16-Mar-2026,101.435,0.794521,9.16955,9.73535,0.565803
16-Mar-2026,106.507,0.794521,6.49082,6.97537,0.484546
16-Mar-2026,111.578,0.794521,4.34162,4.71333,0.371713
16-Mar-2026,116.65,0.794521,2.72325,2.97164,0.24839
16-Mar-2026,121.722,0.794521,1.59259,1.73255,0.139965
16-Mar-2026,81.1479,0.873973,24.5223,25.0325,0.510194
16-Mar-2026,86.2196,0.873973,20.3368,20.9206,0.583812
16-Mar-2026,91.2913,0.873973,16.4299,17.0627,0.632766
16-Mar-2026,96.3631,0.873973,12.8683,13.5144,0.646091
16-Mar-2026,101.435,0.873973,9.71688,10.3337,0.616794
16-Mar-2026,106.507,0.873973,7.0302,7.575,0.544803
16-Mar-2026,111.578,0.873973,4.84201,5.28166,0.439652
16-Mar-2026,116.65,0.873973,3.15509,3.47331,0.31822
16-Mar-2026,121.722,0.873973,1.93548,2.13832,0.202836
16-Mar-2026,81.1479,0.950685,24.8813,25.4198,0.538464
16-Mar-2026,86.2196,0.950685,20.7403,21.3545,0.614164
16-Mar-2026,91.2913,0.950685,16.8744,17.5405,0.666127
16-Mar-2026,96.3631,0.950685,13.3446,14.0288,0.684249
16-Mar-2026,101.435,0.950685,10.2096,10.8712,0.661592
16-Mar-2026,106.507,0.950685,7.51791,8.11536,0.597446
16-Mar-2026,111.578,0.950685,5.29952,5.7989,0.499383
16-Mar-2026,116.65,0.950685,3.55792,3.93912,0.381201
16-Mar-2026,121.722,0.950685,2.26538,2.52794,0.262563
17-Mar-2026,80.6983,0.00821918,20.1942,20.1943,0.000120169
17-Mar-2026,85.742,0.00821918,15.1518,15.1518,4.64431e-05
17-Mar-2026,90.7856,0.00821918,10.1094,10.1095,7.26936e-05
17-Mar-2026,95.8293,0.00821918,5.06757,5.06734,0.00022932
17-Mar-2026,100.873,0.00821918,0.647691,0.603109,0.0445821
17-Mar-2026,105.917,0.00821918,0.000151417,5.25811e-05,9.88359e-05
17-Mar-2026,110.96,0.00821918,8.56543e-14,3.77137e-14,4.79406e-14
17-Mar-2026,80.6983,0.0273973,20.2661,20.2662,0.000120221
17-Mar-2026,85.742,0.0273973,15.2282,15.2283,7.99829e-05
17-Mar-2026,90.7856,0.0273973,10.1945,10.1935,0.00104947
17-Mar-2026,95.8293,0.0273973,5.2802,5.25331,0.0268861
17-Mar-2026,100.873,0.0273973,1.42958,1.32564,0.103937
17-Mar-2026,105.917,0.0273973,0.0894649,0.0613677,0.0280972
17-Mar-2026,110.96,0.0273973,0.000435199,0.000305816,0.000129383
17-Mar-2026,116.004,0.0273973,9.98367e-08,3.44635e-07,2.44799e-07
17-Mar-2026,121.047,0.0273973,2.09277e-12,1.86591e-10,1.84499e-10
17-Mar-2026,80.6983,0.0438356,20.3315,20.3316,0.000100781
17-Mar-2026,85.742,0.0438356,15.2997,15.2994,0.000321211
17-Mar-2026,90.7856,0.0438356,10.2988,10.2911,0.00774638
17-Mar-2026,95.8293,0.0438356,5.55462,5.49695,0.0576747
17-Mar-2026,100.873,0.0438356,1.89468,1.75042,0.144258
17-Mar-2026,105.917,0.0438356,0.266523,0.197919,0.0686043
17-Mar-2026,110.96,0.0438356,0.00876657,0.00645144,0.00231513
17-Mar-2026,116.004,0.0438356,5.15103e-05,9.49712e-05,4.34609e-05
17-Mar-2026,121.047,0.0438356,7.74925e-08,9.53513e-07,8.76021e-07
17-Mar-2026,80.6983,0.0657534,20.4111,20.4111,1.03874e-05
17-Mar-2026,85.742,0.0657534,15.3955,15.3928,0.00265781
17-Mar-2026,90.7856,0.0657534,10.4605,10.4388,0.0216877
17-Mar-2026,95.8293,0.0657534,5.88737,5.79459,0.0927809
17-Mar-2026,100.873,0.0657534,2.34732,2.15993,0.187391
17-Mar-2026,105.917,0.0657534,0.509587,0.39272,0.116867
17-Mar-2026,110.96,0.0657534,0.0426919,0.0318875,0.0108044
17-Mar-2026,116.004,0.0657534,0.00116866,0.00158238,0.000413721
17-Mar-2026,121.047,0.0657534,1.30779e-05,6.25287e-05,4.94508e-05
17-Mar-2026,80.6983,0.0849315,20.4945,20.4938,0.000717177
17-Mar-2026,85.742,0.0849315,15.5057,15.4981,0.00759174
17-Mar-2026,90.7856,0.0849315,10.6461,10.6067,0.0394063
17-Mar-2026,95.8293,0.0849315,6.20575,6.07946,0.126286
17-Mar-2026,100.873,0.0849315,2.73673,2.50954,0.227193
17-Mar-2026,105.917,0.0849315,0.757923,0.595232,0.162691
17-Mar-2026,110.96,0.0849315,0.103707,0.0777557,0.0259513
17-Mar-2026,116.004,0.0849315,0.00622552,0.00714613,0.000920607
17-Mar-2026,121.047,0.0849315,0.000191737,0.000562495,0.000370758
17-Mar-2026,80.6983,0.0383562,20.3184,20.3185,0.000104908
17-Mar-2026,85.742,0.0383562,15.285,15.2848,0.000184362
17-Mar-2026,90.7856,0.0383562,10.2754,10.2694,0.00599213
17-Mar-2026,95.8293,0.0383562,5.4986,5.44697,0.0516252
17-Mar-2026,100.873,0.0383562,1.81006,1.67344,0.136616
17-Mar-2026,105.917,0.0383562,0.228046,0.167643,0.0604032
17-Mar-2026,110.96,0.0383562,0.00585093,0.00428382,0.00156711
17-Mar-2026,116.004,0.0383562,2.26878e-05,4.53841e-05,2.26963e-05
17-Mar-2026,121.047,0.0383562,1.97885e-08,3.13947e-07,2.94158e-07
17-Mar-2026,80.6983,0.120548,20.6224,20.6189,0.00346114
17-Mar-2026,85.742,0.120548,15.6833,15.6645,0.0188221
17-Mar-2026,90.7856,0.120548,10.9273,10.8595,0.0678446
17-Mar-2026,95.8293,0.120548,6.62884,6.45695,0.171891
17-Mar-2026,100.873,0.120548,3.22244,2.94305,0.279393
17-Mar-2026,105.917,0.120548,1.10377,0.880637,0.223133
17-Mar-2026,110.96,0.120548,0.226495,0.169965,0.05653
17-Mar-2026,116.004,0.120548,0.0255802,0.0255248,5.54495e-05
17-Mar-2026,121.047,0.120548,0.00176145,0.00346136,0.00169991
17-Mar-2026,80.6983,0.2,20.9765,20.9561,0.0204388
17-Mar-2026,85.742,0.2,16.1713,16.1107,0.0606463
17-Mar-2026,90.7856,0.2,11.6201,11.4757,0.144406
17-Mar-2026,95.8293,0.2,7.53972,7.26523,0.274486
17-Mar-2026,100.873,0.2,4.21222,3.82316,0.389064
17-Mar-2026,105.917,0.2,1.8915,1.54212,0.349377
17-Mar-2026,110.96,0.2,0.628262,0.473167,0.155095
17-Mar-2026,116.004,0.2,0.146607,0.12353,0.0230767
17-Mar-2026,121.047,0.2,0.0249965,0.030492,0.00549546
17-Mar-2026,80.6983,0.287671,21.4024,21.3492,0.0531646
17-Mar-2026,85.742,0.287671,16.7278,16.6089,0.118918
17-Mar-2026,90.7856,0.287671,12.3358,12.107,0.228819
17-Mar-2026,95.8293,0.287671,8.39727,8.02484,0.372428
17-Mar-2026,100.873,0.287671,5.1153,4.62866,0.48664
17-Mar-2026,105.917,0.287671,2.67319,2.21274,0.460452
17-Mar-2026,110.96,0.287671,1.14073,0.868993,0.271737
17-Mar-2026,116.004,0.287671,0.383525,0.299282,0.0842431
17-Mar-2026,121.047,0.287671,0.1026,0.0981449,0.0044551
17-Mar-2026,80.6983,0.372603,21.8583,21.762,0.0962915
17-Mar-2026,85.742,0.372603,17.2967,17.1129,0.183805
17-Mar-2026,90.7856,0.372603,13.0272,12.7161,0.311064
17-Mar-2026,95.8293,0.372603,9.18948,8.72958,0.459896
17-Mar-2026,100.873,0.372603,5.94051,5.36969,0.570822
17-Mar-2026,105.917,0.372603,3.42151,2.86603,0.555482
17-Mar-2026,110.96,0.372603,1.70038,1.31505,0.385328
17-Mar-2026,116.004,0.372603,0.710487,0.538088,0.172399
17-Mar-2026,121.047,0.372603,0.248958,0.208736,0.0402222
17-Mar-2026,80.6983,0.457534,22.2989,22.1567,0.14218
17-Mar-2026,85.742,0.457534,17.829,17.5833,0.245721
17-Mar-2026,90.7856,0.457534,13.6532,13.2697,0.383539
17-Mar-2026,95.8293,0.457534,9.88978,9.35655,0.533228
17-Mar-2026,100.873,0.457534,6.66704,6.02639,0.640645
17-Mar-2026,105.917,0.457534,4.09927,3.46539,0.633881
17-Mar-2026,110.96,0.457534,2.24762,1.76363,0.48399
17-Mar-2026,116.004,0.457534,1.07781,0.810968,0.266842
17-Mar-2026,121.047,0.457534,0.448983,0.352048,0.0969354
17-Mar-2026,80.6983,0.539726,22.7275,22.5391,0.188448
17-Mar-2026,85.742,0.539726,18.3357,18.0317,0.304028
17-Mar-2026,90.7856,0.539726,14.2368,13.7885,0.448306
17-Mar-2026,95.8293,0.539726,10.5334,9.93639,0.597014
17-Mar-2026,100.873,0.539726,7.33366,6.63223,0.701432
17-Mar-2026,105.917,0.539726,4.73271,4.03081,0.701899
17-Mar-2026,110.96,0.539726,2.7844,2.21339,0.57101
17-Mar-2026,116.004,0.539726,1.47135,1.11095,0.360403
17-Mar-2026,121.047,0.539726,0.69302,0.525616,0.167404
17-Mar-2026,80.6983,0.621918,23.1716,22.935,0.236644
17-Mar-2026,85.742,0.621918,18.8523,18.4905,0.361784
17-Mar-2026,90.7856,0.621918,14.8231,14.3129,0.510225
17-Mar-2026,95.8293,0.621918,11.1737,10.5166,0.657132
17-Mar-2026,100.873,0.621918,7.99634,7.23722,0.759122
17-Mar-2026,105.917,0.621918,5.37082,4.60455,0.766271
17-Mar-2026,110.96,0.621918,3.34392,2.69046,0.653457
17-Mar-2026,116.004,0.621918,1.90796,1.45262,0.455337
17-Mar-2026,121.047,0.621918,0.990476,0.740029,0.250447
17-Mar-2026,80.6983,0.706849,23.5994,23.317,0.282437
17-Mar-2026,85.742,0.706849,19.3438,18.9291,0.414663
17-Mar-2026,90.7856,0.706849,15.3748,14.8092,0.565563
17-Mar-2026,95.8293,0.706849,11.7719,11.0614,0.710535
17-Mar-2026,100.873,0.706849,8.61516,7.80434,0.810824
17-Mar-2026,105.917,0.706849,5.97265,5.14882,0.82383
17-Mar-2026,110.96,0.706849,3.88513,3.15838,0.726752
17-Mar-2026,116.004,0.706849,2.3501,1.80694,0.543162
17-Mar-2026,121.047,0.706849,1.31354,0.97802,0.33552
17-Mar-2026,80.6983,0.791781,24.0595,23.729,0.330506
17-Mar-2026,85.742,0.791781,19.8671,19.3985,0.468584
17-Mar-2026,90.7856,0.791781,15.957,15.336,0.62099
17-Mar-2026,95.8293,0.791781,12.3997,11.6357,0.764046
17-Mar-2026,100.873,0.791781,9.26432,8.40123,0.863086
17-Mar-2026,105.917,0.791781,6.60892,5.72701,0.881909
17-Mar-2026,110.96,0.791781,4.46859,3.66858,0.800009
17-Mar-2026,116.004,0.791781,2.84386,2.21096,0.632898
17-Mar-2026,121.047,0.791781,1.69442,1.26555,0.428873
17-Mar-2026,80.6983,0.871233,24.4543,24.0839,0.370437
17-Mar-2026,85.742,0.871233,20.3127,19.8001,0.51257
17-Mar-2026,90.7856,0.871233,16.4494,15.7836,0.665758
17-Mar-2026,95.8293,0.871233,12.9282,12.121,0.807234
17-Mar-2026,100.873,0.871233,9.81065,8.90499,0.905664
17-Mar-2026,105.917,0.871233,7.1476,6.21843,0.929167
17-Mar-2026,110.96,0.871233,4.96991,4.11091,0.859003
17-Mar-2026,116.004,0.871233,3.27953,2.57357,0.705957
17-Mar-2026,121.047,0.871233,2.04444,1.53587,0.508571
17-Mar-2026,80.6983,0.947945,24.8149,24.4091,0.4058
17-Mar-2026,85.742,0.947945,20.7172,20.1663,0.550887
17-Mar-2026,90.7856,0.947945,16.8941,16.1896,0.704499
17-Mar-2026,95.8293,0.947945,13.4041,12.5592,0.844872
17-Mar-2026,100.873,0.947945,10.3024,9.35942,0.942975
17-Mar-2026,105.917,0.947945,7.63454,6.664,0.970537
17-Mar-2026,110.96,0.947945,5.42792,4.51772,0.910201
17-Mar-2026,116.004,0.947945,3.68514,2.91555,0.769588
17-Mar-2026,121.047,0.947945,2.3799,1.79981,0.580092
18-Mar-2026,80.7058,0.00547945,20.19,20.1897,0.000265733
18-Mar-2026,85.75,0.00547945,15.1467,15.1464,0.000319827
18-Mar-2026,90.7941,0.00547945,10.1035,10.1031,0.000373936
18-Mar-2026,95.8382,0.00547945,5.06021,5.06046,0.000254427
18-Mar-2026,100.882,0.00547945,0.507998,0.654139,0.146141
18-Mar-2026,105.926,0.00547945,1.99827e-06,0.000293111,0.000291113
18-Mar-2026,110.971,0.00547945,3.81903e-15,8.84224e-12,8.83842e-12
18-Mar-2026,116.015,0.00547945,3.8075e-15,1.51435e-16,3.65607e-15
18-Mar-2026,121.059,0.00547945,3.85497e-15,2.03783e-16,3.65119e-15
18-Mar-2026,80.7058,0.0246575,20.2644,20.2641,0.000262776
18-Mar-2026,85.75,0.0246575,15.2258,15.2258,2.68773e-05
18-Mar-2026,90.7941,0.0246575,10.1894,10.2011,0.0116995
18-Mar-2026,95.8382,0.0246575,5.24437,5.37463,0.130262
18-Mar-2026,100.882,0.0246575,1.33055,1.68005,0.349503
18-Mar-2026,105.926,0.0246575,0.0610316,0.200947,0.139916
18-Mar-2026,110.971,0.0246575,0.000129489,0.00639916,0.00626968
18-Mar-2026,116.015,0.0246575,7.95141e-09,5.51643e-05,5.51563e-05
18-Mar-2026,121.059,0.0246575,4.76067e-14,1.77356e-07,1.77356e-07
18-Mar-2026,80.7058,0.0410959,20.332,20.3323,0.000324214
18-Mar-2026,85.75,0.0410959,15.2989,15.3061,0.0072344
18-Mar-2026,90.7941,0.0410959,10.2887,10.3468,0.0581105
18-Mar-2026,95.8382,0.0410959,5.50427,5.74309,0.238824
18-Mar-2026,100.882,0.0410959,1.79636,2.2347,0.438342
18-Mar-2026,105.926,0.0410959,0.215396,0.49142,0.276024
18-Mar-2026,110.971,0.0410959,0.0048004,0.0517493,0.0469489
18-Mar-2026,116.015,0.0410959,1.55517e-05,0.00269424,0.00267869
18-Mar-2026,121.059,0.0410959,1.21759e-08,8.3242e-05,8.32298e-05
18-Mar-2026,80.7058,0.0630137,20.4139,20.419,0.00509758
18-Mar-2026,85.75,0.0630137,15.3945,15.4252,0.0306622
18-Mar-2026,90.7941,0.0630137,10.4429,10.5671,0.124182
18-Mar-2026,95.8382,0.0630137,5.82762,6.15338,0.325756
18-Mar-2026,100.882,0.0630137,2.24761,2.75108,0.503472
18-Mar-2026,105.926,0.0630137,0.441117,0.829716,0.388599
18-Mar-2026,110.971,0.0630137,0.0294072,0.154164,0.124756
18-Mar-2026,116.015,0.0630137,0.000572627,0.0182932,0.0177205
18-Mar-2026,121.059,0.0630137,4.44186e-06,0.00156998,0.00156553
18-Mar-2026,80.7058,0.0821918,20.4988,20.5149,0.0161092
18-Mar-2026,85.75,0.0821918,15.5031,15.5657,0.0626113
18-Mar-2026,90.7941,0.0821918,10.6222,10.8043,0.18212
18-Mar-2026,95.8382,0.0821918,6.14063,6.52324,0.382607
18-Mar-2026,100.882,0.0821918,2.63602,3.17872,0.542697
18-Mar-2026,105.926,0.0821918,0.678359,1.14121,0.462847
18-Mar-2026,110.971,0.0821918,0.0792845,0.284716,0.205432
18-Mar-2026,116.015,0.0821918,0.00377462,0.0511556,0.047381
18-Mar-2026,121.059,0.0821918,9.07414e-05,0.00729067,0.00719993
18-Mar-2026,80.7058,0.0356164,20.3185,20.3185,2.93616e-05
18-Mar-2026,85.75,0.0356164,15.284,15.2888,0.00480949
18-Mar-2026,90.7941,0.0356164,10.2665,10.3138,0.0473463
18-Mar-2026,95.8382,0.0356164,5.45047,5.67071,0.22024
18-Mar-2026,100.882,0.0356164,1.71188,2.13571,0.42383
18-Mar-2026,105.926,0.0356164,0.18071,0.432963,0.252253
18-Mar-2026,110.971,0.0356164,0.00299249,0.0391434,0.0361509
18-Mar-2026,116.015,0.0356164,5.9158e-06,0.00162669,0.00162078
18-Mar-2026,121.059,0.0356164,2.45469e-09,3.79193e-05,3.79169e-05
18-Mar-2026,80.7058,0.117808,20.6276,20.6667,0.0390795
18-Mar-2026,85.75,0.117808,15.6777,15.7866,0.108887
18-Mar-2026,90.7941,0.117808,10.8972,11.1415,0.244254
18-Mar-2026,95.8382,0.117808,6.5599,6.99054,0.430644
18-Mar-2026,100.882,0.117808,3.1217,3.69228,0.570581
18-Mar-2026,105.926,0.117808,1.01486,1.54069,0.525827
18-Mar-2026,110.971,0.117808,0.187317,0.489791,0.302474
18-Mar-2026,116.015,0.117808,0.0181233,0.122601,0.104477
18-Mar-2026,121.059,0.117808,0.00105725,0.0260474,0.0249902
18-Mar-2026,80.7058,0.19726,20.9822,21.0795,0.0973239
18-Mar-2026,85.75,0.19726,16.1614,16.3494,0.18805
18-Mar-2026,90.7941,0.19726,11.5844,11.9008,0.31639
18-Mar-2026,95.8382,0.19726,7.47121,7.92998,0.458775
18-Mar-2026,100.882,0.19726,4.11731,4.68028,0.56297
18-Mar-2026,105.926,0.19726,1.79668,2.36177,0.565092
18-Mar-2026,110.971,0.19726,0.565986,1.00202,0.436033
18-Mar-2026,116.015,0.19726,0.122206,0.366184,0.243978
18-Mar-2026,121.059,0.19726,0.0191029,0.121214,0.102111
18-Mar-2026,80.7058,0.284932,21.4098,21.5448,0.135025
18-Mar-2026,85.75,0.284932,16.7188,16.9369,0.218137
18-Mar-2026,90.7941,0.284932,12.3031,12.6218,0.318709
18-Mar-2026,95.8382,0.284932,8.3372,8.75705,0.41985
18-Mar-2026,100.882,0.284932,5.03271,5.52992,0.49721
18-Mar-2026,105.926,0.284932,2.58507,3.10685,0.52178
18-Mar-2026,110.971,0.284932,1.07072,1.53705,0.466334
18-Mar-2026,116.015,0.284932,0.344507,0.680415,0.335908
18-Mar-2026,121.059,0.284932,0.0874657,0.279355,0.191889
18-Mar-2026,80.7058,0.369863,21.8703,22.0141,0.14376
18-Mar-2026,85.75,0.369863,17.2931,17.5014,0.208325
18-Mar-2026,90.7941,0.369863,13.0031,13.2822,0.279139
18-Mar-2026,95.8382,0.369863,9.14241,9.49002,0.347605
18-Mar-2026,100.882,0.369863,5.87399,6.2788,0.40481
18-Mar-2026,105.926,0.369863,3.34672,3.7859,0.439181
18-Mar-2026,110.971,0.369863,1.63377,2.06481,0.43104
18-Mar-2026,116.015,0.369863,0.664976,1.02881,0.363833
18-Mar-2026,121.059,0.369863,0.225476,0.480394,0.254918
18-Mar-2026,80.7058,0.454795,22.3174,22.4484,0.131033
18-Mar-2026,85.75,0.454795,17.8336,18.0094,0.17576
18-Mar-2026,90.7941,0.454795,13.6402,13.8617,0.221531
18-Mar-2026,95.8382,0.454795,9.85733,10.1231,0.265819
18-Mar-2026,100.882,0.454795,6.61751,6.92564,0.308132
18-Mar-2026,105.926,0.454795,4.04015,4.3858,0.345655
18-Mar-2026,110.971,0.454795,2.19038,2.55543,0.365048
18-Mar-2026,116.015,0.454795,1.03323,1.37835,0.345117
18-Mar-2026,121.059,0.454795,0.421357,0.700834,0.279477
18-Mar-2026,80.7058,0.536986,22.754,22.8592,0.105154
18-Mar-2026,85.75,0.536986,18.3502,18.4815,0.131312
18-Mar-2026,90.7941,0.536986,14.2362,14.3927,0.156505
18-Mar-2026,95.8382,0.536986,10.5163,10.6984,0.18206
18-Mar-2026,100.882,0.536986,7.30137,7.51396,0.212595
18-Mar-2026,105.926,0.536986,4.69018,4.94013,0.249954
18-Mar-2026,110.971,0.536986,2.73957,3.02511,0.285537
18-Mar-2026,116.015,0.536986,1.4326,1.73169,0.299091
18-Mar-2026,121.059,0.536986,0.665531,0.93872,0.273189
18-Mar-2026,80.7058,0.619178,23.2077,23.2768,0.0690586
18-Mar-2026,85.75,0.619178,18.8783,18.9561,0.0777925
18-Mar-2026,90.7941,0.619178,14.8365,14.9213,0.0848141
18-Mar-2026,95.8382,0.619178,11.1731,11.2678,0.0946804
18-Mar-2026,100.882,0.619178,7.98223,8.09703,0.114803
18-Mar-2026,105.926,0.619178,5.34618,5.49618,0.149997
18-Mar-2026,110.971,0.619178,3.31399,3.50918,0.195193
18-Mar-2026,116.015,0.619178,1.87886,2.1118,0.232944
18-Mar-2026,121.059,0.619178,0.967071,1.20869,0.241618
18-Mar-2026,80.7058,0.70411,23.6457,23.6743,0.0285846
18-Mar-2026,85.75,0.70411,19.3819,19.4041,0.0222167
18-Mar-2026,90.7941,0.70411,15.4024,15.4168,0.014429
18-Mar-2026,95.8382,0.70411,11.7875,11.7993,0.0117749
18-Mar-2026,100.882,0.70411,8.61864,8.64175,0.0231136
18-Mar-2026,105.926,0.70411,5.96556,6.02057,0.055011
18-Mar-2026,110.971,0.70411,3.87074,3.97558,0.104839
18-Mar-2026,116.015,0.70411,2.33269,2.4909,0.158209
18-Mar-2026,121.059,0.70411,1.2972,1.49023,0.193032
18-Mar-2026,80.7058,0.789041,24.1176,24.0988,0.0187996
18-Mar-2026,85.75,0.789041,19.9189,19.8794,0.0394588
18-Mar-2026,90.7941,0.789041,16.0003,15.9395,0.0607596
18-Mar-2026,95.8382,0.789041,12.4329,12.3579,0.074961
18-Mar-2026,100.882,0.789041,9.28661,9.21468,0.0719336
18-Mar-2026,105.926,0.789041,6.62075,6.57634,0.0444135
18-Mar-2026,110.971,0.789041,4.47164,4.4786,0.00695674
18-Mar-2026,116.015,0.789041,2.84083,2.91166,0.0708301
18-Mar-2026,121.059,0.789041,1.68836,1.81492,0.126555
18-Mar-2026,80.7058,0.868493,24.5229,24.4619,0.0609959
18-Mar-2026,85.75,0.868493,20.3765,20.2839,0.0926096
18-Mar-2026,90.7941,0.868493,16.5062,16.3822,0.123961
18-Mar-2026,95.8382,0.868493,12.9764,12.8297,0.146731
18-Mar-2026,100.882,0.868493,9.8489,9.69863,0.150273
18-Mar-2026,105.926,0.868493,7.17557,7.04861,0.126959
18-Mar-2026,110.971,0.868493,4.98825,4.91201,0.0762445
18-Mar-2026,116.015,0.868493,3.28981,3.28261,0.00720139
18-Mar-2026,121.059,0.868493,2.04888,2.11025,0.0613715
18-Mar-2026,80.7058,0.945205,24.8935,24.7932,0.100271
18-Mar-2026,85.75,0.945205,20.7922,20.6515,0.140734
18-Mar-2026,90.7941,0.945205,16.9634,16.7831,0.180287
18-Mar-2026,95.8382,0.945205,13.4658,13.2558,0.209984
18-Mar-2026,100.882,0.945205,10.3551,10.1359,0.219203
18-Mar-2026,105.926,0.945205,7.67713,7.47721,0.199915
18-Mar-2026,110.971,0.945205,5.46034,5.3094,0.150942
18-Mar-2026,116.015,0.945205,3.70813,3.62862,0.0795146
18-Mar-2026,121.059,0.945205,2.39494,2.39236,0.00258395
19-Mar-2026,80.5843,0.0219178,20.225,20.2246,0.000356798
19-Mar-2026,85.6208,0.0219178,15.1934,15.1931,0.000298016
19-Mar-2026,90.6573,0.0219178,10.1639,10.1641,0.000197718
19-Mar-2026,95.6938,0.0219178,5.22402,5.22861,0.00458955
19-Mar-2026,100.73,0.0219178,1.32264,1.3261,0.00346317
19-Mar-2026,105.767,0.0219178,0.0625412,0.0663246,0.00378344
19-Mar-2026,110.803,0.0219178,0.000151846,0.000346806,0.00019496
19-Mar-2026,115.84,0.0219178,1.04324e-08,3.13111e-07,3.02679e-07
19-Mar-2026,120.876,0.0219178,5.03636e-14,1.05393e-10,1.05343e-10
19-Mar-2026,80.5843,0.0383562,20.2908,20.2904,0.000355612
19-Mar-2026,85.6208,0.0383562,15.2647,15.2648,0.000110513
19-Mar-2026,90.6573,0.0383562,10.2629,10.2657,0.00275554
19-Mar-2026,95.6938,0.0383562,5.49674,5.49948,0.00273733
19-Mar-2026,100.73,0.0383562,1.81858,1.80653,0.0120479
19-Mar-2026,105.767,0.0383562,0.233664,0.233573,9.09209e-05
19-Mar-2026,110.803,0.0383562,0.00630831,0.00923663,0.00292832
19-Mar-2026,115.84,0.0383562,2.64694e-05,0.000150791,0.000124322
19-Mar-2026,120.876,0.0383562,2.50611e-08,1.51254e-06,1.48748e-06
19-Mar-2026,80.5843,0.060274,20.3706,20.3707,9.74545e-05
19-Mar-2026,85.6208,0.060274,15.3592,15.361,0.00181206
19-Mar-2026,90.6573,0.060274,10.4219,10.4252,0.00332324
19-Mar-2026,95.6938,0.060274,5.83707,5.82768,0.00939028
19-Mar-2026,100.73,0.060274,2.2941,2.25588,0.0382239
19-Mar-2026,105.767,0.060274,0.481946,0.464412,0.0175344
19-Mar-2026,110.803,0.060274,0.0379504,0.0451345,0.00718406
19-Mar-2026,115.84,0.060274,0.000934774,0.00256392,0.00162914
19-Mar-2026,120.876,0.060274,8.94816e-06,0.0001094,0.000100452
19-Mar-2026,80.5843,0.0794521,20.454,20.455,0.00102097
19-Mar-2026,85.6208,0.0794521,15.4689,15.4716,0.00274485
19-Mar-2026,90.6573,0.0794521,10.6088,10.6075,0.0013162
19-Mar-2026,95.6938,0.0794521,6.16576,6.13707,0.0286876
19-Mar-2026,100.73,0.0794521,2.70175,2.63231,0.0694438
19-Mar-2026,105.767,0.0794521,0.740322,0.696266,0.0440559
19-Mar-2026,110.803,0.0794521,0.0998039,0.106239,0.00643551
19-Mar-2026,115.84,0.0794521,0.00583032,0.0110778,0.00524752
19-Mar-2026,120.876,0.0794521,0.000170457,0.000949908,0.000779451
19-Mar-2026,80.5843,0.0328767,20.2776,20.2773,0.000338501
19-Mar-2026,85.6208,0.0328767,15.2501,15.2501,4.95046e-05
19-Mar-2026,90.6573,0.0328767,10.2404,10.2427,0.00226357
19-Mar-2026,95.6938,0.0328767,5.44009,5.4439,0.00381197
19-Mar-2026,100.73,0.0328767,1.72916,1.72079,0.00837411
19-Mar-2026,105.767,0.0328767,0.195247,0.196832,0.00158507
19-Mar-2026,110.803,0.0328767,0.00392281,0.00607259,0.00214978
19-Mar-2026,115.84,0.0328767,1.00156e-05,6.98619e-05,5.98463e-05
19-Mar-2026,120.876,0.0328767,4.93549e-09,4.65724e-07,4.60788e-07
19-Mar-2026,80.5843,0.115068,20.5823,20.5843,0.00197971
19-Mar-2026,85.6208,0.115068,15.6481,15.6482,0.000101916
19-Mar-2026,90.6573,0.115068,10.8967,10.88,0.0166908
19-Mar-2026,95.6938,0.115068,6.60506,6.54099,0.0640717
19-Mar-2026,100.73,0.115068,3.21054,3.09171,0.118826
19-Mar-2026,105.767,0.115068,1.10388,1.01306,0.0908218
19-Mar-2026,110.803,0.115068,0.229404,0.222188,0.00721579
19-Mar-2026,115.84,0.115068,0.0263685,0.0372092,0.0108407
19-Mar-2026,120.876,0.115068,0.00183059,0.00546516,0.00363457
19-Mar-2026,80.5843,0.194521,20.943,20.9361,0.00694211
19-Mar-2026,85.6208,0.194521,16.15,16.1202,0.0297739
19-Mar-2026,90.6573,0.194521,11.6161,11.5329,0.083154
19-Mar-2026,95.6938,0.194521,7.55803,7.38778,0.17025
19-Mar-2026,100.73,0.194521,4.25237,4.00408,0.248286
19-Mar-2026,105.767,0.194521,1.94095,1.71814,0.222808
19-Mar-2026,110.803,0.194521,0.665828,0.575362,0.0904657
19-Mar-2026,115.84,0.194521,0.163134,0.162887,0.00024683
19-Mar-2026,120.876,0.194521,0.0293386,0.0428119,0.0134733
19-Mar-2026,80.5843,0.282192,21.3839,21.3453,0.0386359
19-Mar-2026,85.6208,0.282192,16.7313,16.6402,0.0910827
19-Mar-2026,90.6573,0.282192,12.3681,12.1882,0.179896
19-Mar-2026,95.6938,0.282192,8.46275,8.16663,0.296122
19-Mar-2026,100.73,0.282192,5.20983,4.82138,0.388453
19-Mar-2026,105.767,0.282192,2.77886,2.40814,0.370717
19-Mar-2026,110.803,0.282192,1.22949,1.00695,0.222537
19-Mar-2026,115.84,0.282192,0.43645,0.369594,0.0668555
19-Mar-2026,120.876,0.282192,0.124678,0.127697,0.00301872
19-Mar-2026,80.5843,0.367123,21.8614,21.7713,0.0901005
19-Mar-2026,85.6208,0.367123,17.3309,17.1594,0.171495
19-Mar-2026,90.6573,0.367123,13.0999,12.811,0.288876
19-Mar-2026,95.6938,0.367123,9.30359,8.87904,0.424546
19-Mar-2026,100.73,0.367123,6.08933,5.56369,0.525637
19-Mar-2026,105.767,0.367123,3.58453,3.06733,0.517202
19-Mar-2026,110.803,0.367123,1.84647,1.47435,0.37212
19-Mar-2026,115.84,0.367123,0.813516,0.6348,0.178716
19-Mar-2026,120.876,0.367123,0.304872,0.257587,0.047285
19-Mar-2026,80.5843,0.452055,22.3261,22.1755,0.150622
19-Mar-2026,85.6208,0.452055,17.8953,17.6392,0.256105
19-Mar-2026,90.6573,0.452055,13.7656,13.3713,0.394299
19-Mar-2026,95.6938,0.452055,10.0497,9.50743,0.542266
19-Mar-2026,100.73,0.452055,6.86601,6.21696,0.649047
19-Mar-2026,105.767,0.452055,4.31554,3.6659,0.64964
19-Mar-2026,110.803,0.452055,2.44907,1.93375,0.515315
19-Mar-2026,115.84,0.452055,1.23436,0.926772,0.307588
19-Mar-2026,120.876,0.452055,0.548449,0.418408,0.130041
19-Mar-2026,80.5843,0.534247,22.7803,22.5646,0.215747
19-Mar-2026,85.6208,0.534247,18.4344,18.0934,0.34098
19-Mar-2026,90.6573,0.534247,14.3878,13.8931,0.494683
19-Mar-2026,95.6938,0.534247,10.7368,10.0857,0.651075
19-Mar-2026,100.73,0.534247,7.57967,6.81745,0.762216
19-Mar-2026,105.767,0.534247,4.99896,4.22757,0.771394
19-Mar-2026,110.803,0.534247,3.03877,2.38839,0.650384
19-Mar-2026,115.84,0.534247,1.68182,1.24017,0.44165
19-Mar-2026,120.876,0.534247,0.84142,0.607086,0.234334
19-Mar-2026,80.5843,0.616438,23.2524,22.9655,0.286885
19-Mar-2026,85.6208,0.616438,18.9853,18.556,0.429328
19-Mar-2026,90.6573,0.616438,15.0139,14.4183,0.595581
19-Mar-2026,95.6938,0.616438,11.4211,10.6627,0.758398
19-Mar-2026,100.73,0.616438,8.28941,7.41602,0.873388
19-Mar-2026,105.767,0.616438,5.68706,4.79588,0.89118
19-Mar-2026,110.803,0.616438,3.65171,2.86682,0.784892
19-Mar-2026,115.84,0.616438,2.17455,1.59144,0.583114
19-Mar-2026,120.876,0.616438,1.19343,0.834785,0.358645
19-Mar-2026,80.5843,0.70137,23.708,23.351,0.356977
19-Mar-2026,85.6208,0.70137,19.5101,18.9966,0.513455
19-Mar-2026,90.6573,0.70137,15.6033,14.9141,0.689161
19-Mar-2026,95.6938,0.70137,12.0605,11.2036,0.856863
19-Mar-2026,100.73,0.70137,8.95202,7.9767,0.975319
19-Mar-2026,105.767,0.70137,6.33536,5.33427,1.00109
19-Mar-2026,110.803,0.70137,4.24283,3.33382,0.909014
19-Mar-2026,115.84,0.70137,2.67008,1.95177,0.718309
19-Mar-2026,120.876,0.70137,1.57076,1.08324,0.487516
19-Mar-2026,80.5843,0.786301,24.1986,23.7657,0.432861
19-Mar-2026,85.6208,0.786301,20.0691,19.4671,0.601975
19-Mar-2026,90.6573,0.786301,16.2254,15.4395,0.785923
19-Mar-2026,95.6938,0.786301,12.7312,11.7734,0.957773
19-Mar-2026,100.73,0.786301,9.64659,8.56677,1.07982
19-Mar-2026,105.767,0.786301,7.01979,5.90593,1.11386
19-Mar-2026,110.803,0.786301,4.87816,3.84155,1.03661
19-Mar-2026,115.84,0.786301,3.21997,2.35963,0.860342
19-Mar-2026,120.876,0.786301,2.01038,1.37964,0.630737
19-Mar-2026,80.5843,0.865753,24.6197,24.1223,0.497431
19-Mar-2026,85.6208,0.865753,20.5448,19.8691,0.67572
19-Mar-2026,90.6573,0.865753,16.7511,15.8855,0.865621
19-Mar-2026,95.6938,0.865753,13.2954,12.2548,1.04057
19-Mar-2026,100.73,0.865753,10.2305,9.0649,1.1656
19-Mar-2026,105.767,0.865753,7.59833,6.39181,1.20652
19-Mar-2026,110.803,0.865753,5.4225,4.28102,1.14148
19-Mar-2026,115.84,0.865753,3.70247,2.72391,0.978556
19-Mar-2026,120.876,0.865753,2.41038,1.65583,0.754547
19-Mar-2026,80.5843,0.942466,25.0043,24.4486,0.555651
19-Mar-2026,85.6208,0.942466,20.9766,20.2353,0.741348
19-Mar-2026,90.6573,0.942466,17.2256,16.2898,0.935815
19-Mar-2026,95.6938,0.942466,13.8029,12.6896,1.1133
19-Mar-2026,100.73,0.942466,10.7556,9.51446,1.24114
19-Mar-2026,105.767,0.942466,8.12055,6.83249,1.28806
19-Mar-2026,110.803,0.942466,5.91859,4.68489,1.2337
19-Mar-2026,115.84,0.942466,4.14972,3.06646,1.08326
19-Mar-2026,120.876,0.942466,2.79075,1.92392,0.866828
20-Mar-2026,80.4233,0.0191781,20.178,20.1779,7.92167e-05
20-Mar-2026,85.4498,0.0191781,15.1561,15.156,0.000145059
20-Mar-2026,90.4762,0.0191781,10.1351,10.1362,0.00113748
20-Mar-2026,95.5027,0.0191781,5.17932,5.20066,0.0213376
20-Mar-2026,100.529,0.0191781,1.22037,1.26998,0.049608
20-Mar-2026,105.556,0.0191781,0.0396318,0.0480067,0.00837487
20-Mar-2026,110.582,0.0191781,3.4376e-05,0.000108882,7.45057e-05
20-Mar-2026,115.608,0.0191781,4.59809e-10,2.88349e-08,2.83751e-08
20-Mar-2026,80.4233,0.0356164,20.2437,20.2436,9.05718e-05
20-Mar-2026,85.4498,0.0356164,15.2266,15.2277,0.00109652
20-Mar-2026,90.4762,0.0356164,10.2272,10.2384,0.0112197
20-Mar-2026,95.5027,0.0356164,5.43175,5.47492,0.0431748
20-Mar-2026,100.529,0.0356164,1.7109,1.76071,0.0498119
20-Mar-2026,105.556,0.0356164,0.182123,0.197818,0.015695
20-Mar-2026,110.582,0.0356164,0.00307297,0.00527583,0.00220286
20-Mar-2026,115.608,0.0356164,6.39826e-06,4.95985e-05,4.32002e-05
20-Mar-2026,120.635,0.0356164,2.92605e-09,2.73812e-07,2.70886e-07
20-Mar-2026,80.4233,0.0575342,20.323,20.324,0.00103653
20-Mar-2026,85.4498,0.0575342,15.3182,15.3252,0.00698474
20-Mar-2026,90.4762,0.0575342,10.3749,10.4012,0.0262829
20-Mar-2026,95.5027,0.0575342,5.75482,5.80641,0.051588
20-Mar-2026,100.529,0.0575342,2.17354,2.20992,0.0363816
20-Mar-2026,105.556,0.0575342,0.401504,0.411638,0.0101345
20-Mar-2026,110.582,0.0575342,0.0234303,0.0308406,0.00741026
20-Mar-2026,115.608,0.0575342,0.00037757,0.00123491,0.000857338
20-Mar-2026,120.635,0.0575342,2.39941e-06,3.63955e-05,3.39961e-05
20-Mar-2026,80.4233,0.0767123,20.4051,20.4092,0.00413697
20-Mar-2026,85.4498,0.0767123,15.4231,15.4382,0.0150772
20-Mar-2026,90.4762,0.0767123,10.5504,10.5864,0.0360267
20-Mar-2026,95.5027,0.0767123,6.06893,6.1158,0.0468726
20-Mar-2026,100.529,0.0767123,2.56642,2.581,0.0145837
20-Mar-2026,105.556,0.0767123,0.633646,0.627601,0.00604484
20-Mar-2026,110.582,0.0767123,0.067786,0.077926,0.01014
20-Mar-2026,115.608,0.0767123,0.00288411,0.00620236,0.00331825
20-Mar-2026,120.635,0.0767123,6.30666e-05,0.000401319,0.000338253
20-Mar-2026,80.4233,0.0958904,20.4699,20.4772,0.00734821
20-Mar-2026,85.4498,0.0958904,15.5107,15.5312,0.0204596
20-Mar-2026,90.4762,0.0958904,10.6926,10.7311,0.0384742
20-Mar-2026,95.5027,0.0958904,6.2951,6.33255,0.0374464
20-Mar-2026,100.529,0.0958904,2.83217,2.82697,0.00520481
20-Mar-2026,105.556,0.0958904,0.80824,0.785686,0.0225537
20-Mar-2026,110.582,0.0958904,0.115368,0.124114,0.00874597
20-Mar-2026,115.608,0.0958904,0.00771285,0.0135904,0.00587759
20-Mar-2026,120.635,0.0958904,0.000298201,0.00126302,0.000964823
20-Mar-2026,80.4233,0.030137,20.2305,20.2304,5.73257e-05
20-Mar-2026,85.4498,0.030137,15.2123,15.2129,0.0005742
20-Mar-2026,90.4762,0.030137,10.2064,10.2151,0.00867591
20-Mar-2026,95.5027,0.030137,5.3785,5.41853,0.040035
20-Mar-2026,100.529,0.030137,1.62321,1.67406,0.0508481
20-Mar-2026,105.556,0.030137,0.148993,0.164178,0.0151855
20-Mar-2026,110.582,0.030137,0.00177037,0.00327111,0.00150074
20-Mar-2026,115.608,0.030137,2.04783e-06,2.02855e-05,1.82376e-05
20-Mar-2026,120.635,0.030137,4.38114e-10,6.90653e-08,6.86272e-08
20-Mar-2026,80.4233,0.112329,20.5303,20.5406,0.0103279
20-Mar-2026,85.4498,0.112329,15.5942,15.6181,0.0238789
20-Mar-2026,90.4762,0.112329,10.8232,10.8607,0.0374752
20-Mar-2026,95.5027,0.112329,6.48935,6.51527,0.025916
20-Mar-2026,100.529,0.112329,3.05315,3.0287,0.0244547
20-Mar-2026,105.556,0.112329,0.96205,0.922745,0.0393053
20-Mar-2026,110.582,0.112329,0.166288,0.171084,0.00479605
20-Mar-2026,115.608,0.112329,0.0149351,0.0230618,0.00812668
20-Mar-2026,120.635,0.112329,0.000835661,0.00270903,0.00187337
20-Mar-2026,80.4233,0.191781,20.8803,20.8967,0.0164169
20-Mar-2026,85.4498,0.191781,16.0753,16.0919,0.0165757
20-Mar-2026,90.4762,0.191781,11.5099,11.5058,0.00407144
20-Mar-2026,95.5027,0.191781,7.39985,7.33911,0.0607412
20-Mar-2026,100.529,0.191781,4.04025,3.90574,0.134508
20-Mar-2026,105.556,0.191781,1.71903,1.57966,0.139371
20-Mar-2026,110.582,0.191781,0.514167,0.466243,0.0479241
20-Mar-2026,115.608,0.191781,0.104803,0.111617,0.0068144
20-Mar-2026,120.635,0.191781,0.016069,0.0246754,0.00860639
20-Mar-2026,80.4233,0.279452,21.3088,21.3045,0.00427062
20-Mar-2026,85.4498,0.279452,16.635,16.6035,0.0315457
20-Mar-2026,90.4762,0.279452,12.2295,12.1412,0.0882588
20-Mar-2026,95.5027,0.279452,8.26077,8.08591,0.174858
20-Mar-2026,100.529,0.279452,4.9396,4.68411,0.255488
20-Mar-2026,105.556,0.279452,2.47684,2.22457,0.252274
20-Mar-2026,110.582,0.279452,0.978168,0.839983,0.138185
20-Mar-2026,115.608,0.279452,0.296737,0.267099,0.0296383
20-Mar-2026,120.635,0.279452,0.0730943,0.0790262,0.00593187
20-Mar-2026,80.4233,0.364384,21.7738,21.7231,0.0507156
20-Mar-2026,85.4498,0.364384,17.2134,17.1072,0.106152
20-Mar-2026,90.4762,0.364384,12.9296,12.7388,0.190759
20-Mar-2026,95.5027,0.364384,9.05822,8.76475,0.293469
20-Mar-2026,100.529,0.364384,5.76232,5.38947,0.372852
20-Mar-2026,105.556,0.364384,3.20736,2.84377,0.363586
20-Mar-2026,110.582,0.364384,1.49791,1.25603,0.24188
20-Mar-2026,115.608,0.364384,0.574422,0.477547,0.0968751
20-Mar-2026,120.635,0.364384,0.186244,0.167871,0.0183728
20-Mar-2026,80.4233,0.449315,22.2268,22.1164,0.110378
20-Mar-2026,85.4498,0.449315,17.7581,17.5693,0.188824
20-Mar-2026,90.4762,0.449315,13.5658,13.274,0.291819
20-Mar-2026,95.5027,0.449315,9.7646,9.36265,0.401948
20-Mar-2026,100.529,0.449315,6.48829,6.0107,0.477589
20-Mar-2026,105.556,0.449315,3.87323,3.40881,0.464425
20-Mar-2026,110.582,0.449315,2.01533,1.67323,0.342104
20-Mar-2026,115.608,0.449315,0.89717,0.719619,0.177551
20-Mar-2026,120.635,0.449315,0.34656,0.284662,0.0618981
20-Mar-2026,80.4233,0.531507,22.6696,22.493,0.176611
20-Mar-2026,85.4498,0.531507,18.2782,18.0051,0.273076
20-Mar-2026,90.4762,0.531507,14.1603,13.7718,0.388533
20-Mar-2026,95.5027,0.531507,10.415,9.91327,0.50173
20-Mar-2026,100.529,0.531507,7.15619,6.58278,0.573406
20-Mar-2026,105.556,0.531507,4.49918,3.94121,0.557971
20-Mar-2026,110.582,0.531507,2.5299,2.09193,0.437974
20-Mar-2026,115.608,0.531507,1.25233,0.988266,0.264064
20-Mar-2026,120.635,0.531507,0.548695,0.428947,0.119748
20-Mar-2026,80.4233,0.613699,23.1297,22.8799,0.249807
20-Mar-2026,85.4498,0.613699,18.8096,18.4484,0.361226
20-Mar-2026,90.4762,0.613699,14.7584,14.273,0.485421
20-Mar-2026,95.5027,0.613699,11.0633,10.4635,0.599789
20-Mar-2026,100.529,0.613699,7.82209,7.15425,0.66784
20-Mar-2026,105.556,0.613699,5.13318,4.48185,0.651335
20-Mar-2026,110.582,0.613699,3.07248,2.53716,0.53532
20-Mar-2026,115.608,0.613699,1.6553,1.29721,0.358086
20-Mar-2026,120.635,0.613699,0.803,0.610902,0.192098
20-Mar-2026,80.4233,0.69863,23.5737,23.2514,0.322336
20-Mar-2026,85.4498,0.69863,19.3157,18.8706,0.445061
20-Mar-2026,90.4762,0.69863,15.3221,14.7467,0.575387
20-Mar-2026,95.5027,0.69863,11.6702,10.9804,0.689837
20-Mar-2026,100.529,0.69863,8.44577,7.69068,0.755091
20-Mar-2026,105.556,0.69863,5.73418,4.99557,0.738607
20-Mar-2026,110.582,0.69863,3.60245,2.97518,0.627267
20-Mar-2026,115.608,0.69863,2.07111,1.6204,0.450714
20-Mar-2026,120.635,0.69863,1.08733,0.816705,0.270625
20-Mar-2026,80.4233,0.783562,24.0516,23.6508,0.400775
20-Mar-2026,85.4498,0.783562,19.855,19.3218,0.533219
20-Mar-2026,90.4762,0.783562,15.9176,15.2494,0.668167
20-Mar-2026,95.5027,0.783562,12.3082,11.5259,0.782335
20-Mar-2026,100.529,0.783562,9.10197,8.25637,0.845601
20-Mar-2026,105.556,0.783562,6.37258,5.54249,0.830095
20-Mar-2026,110.582,0.783562,4.1787,3.45434,0.724357
20-Mar-2026,115.608,0.783562,2.543,1.99178,0.551218
20-Mar-2026,120.635,0.783562,1.43144,1.0695,0.361936
20-Mar-2026,80.4233,0.863014,24.4618,23.9943,0.467489
20-Mar-2026,85.4498,0.863014,20.3144,19.7076,0.606796
20-Mar-2026,90.4762,0.863014,16.4217,15.6769,0.744782
20-Mar-2026,95.5027,0.863014,12.8463,11.9876,0.858707
20-Mar-2026,100.529,0.863014,9.65574,8.73477,0.920971
20-Mar-2026,105.556,0.863014,6.9153,6.00835,0.906953
20-Mar-2026,110.582,0.863014,4.67737,3.87102,0.806345
20-Mar-2026,115.608,0.863014,2.96482,2.32725,0.637569
20-Mar-2026,120.635,0.863014,1.75464,1.3104,0.44424
20-Mar-2026,80.4233,0.939726,24.8365,24.3089,0.527604
20-Mar-2026,85.4498,0.939726,20.7317,20.0594,0.672261
20-Mar-2026,90.4762,0.939726,16.8774,16.065,0.812418
20-Mar-2026,95.5027,0.939726,13.3316,12.4052,0.926383
20-Mar-2026,100.529,0.939726,10.1553,9.16714,0.988159
20-Mar-2026,105.556,0.939726,7.40756,6.43157,0.975993
20-Mar-2026,110.582,0.939726,5.13548,4.25523,0.880246
20-Mar-2026,115.608,0.939726,3.36144,2.6452,0.71624
20-Mar-2026,120.635,0.939726,2.06961,1.548,0.521614
23-Mar-2026,86.9544,0.0109589,15.3732,15.3729,0.000327979
23-Mar-2026,92.0693,0.0109589,10.2599,10.2596,0.000264527
23-Mar-2026,97.1843,0.0109589,5.14952,5.14971,0.000186188
23-Mar-2026,102.299,0.0109589,0.765659,0.757054,0.00860481
23-Mar-2026,107.414,0.0109589,0.00101478,0.000752922,0.000261858
23-Mar-2026,112.529,0.0109589,1.14165e-10,1.42155e-10,2.79904e-11
23-Mar-2026,81.8394,0.0273973,20.5662,20.566,0.000210122
23-Mar-2026,86.9544,0.0273973,15.4581,15.458,0.000128759
23-Mar-2026,92.0693,0.0273973,10.3581,10.36,0.00186067
23-Mar-2026,97.1843,0.0273973,5.41377,5.41558,0.00180745
23-Mar-2026,102.299,0.0273973,1.56602,1.52883,0.0371884
23-Mar-2026,107.414,0.0273973,0.126879,0.105893,0.0209856
23-Mar-2026,112.529,0.0273973,0.00116254,0.00100535,0.000157193
23-Mar-2026,117.644,0.0273973,7.926e-07,2.32084e-06,1.52824e-06
23-Mar-2026,122.759,0.0273973,7.0276e-11,2.64838e-09,2.5781e-09
23-Mar-2026,81.8394,0.0493151,20.6462,20.6463,9.83127e-05
23-Mar-2026,86.9544,0.0493151,15.548,15.5498,0.00176909
23-Mar-2026,92.0693,0.0493151,10.4992,10.5045,0.00531816
23-Mar-2026,97.1843,0.0493151,5.75846,5.74765,0.0108112
23-Mar-2026,102.299,0.0493151,2.102,2.02858,0.0734155
23-Mar-2026,107.414,0.0493151,0.3603,0.301806,0.0584943
23-Mar-2026,112.529,0.0493151,0.0183135,0.0146963,0.00361715
23-Mar-2026,117.644,0.0493151,0.000223895,0.000338341,0.000114446
23-Mar-2026,122.759,0.0493151,8.93579e-07,5.44316e-06,4.54958e-06
23-Mar-2026,81.8394,0.0684932,20.7076,20.7085,0.000880246
23-Mar-2026,86.9544,0.0684932,15.6243,15.6281,0.00383189
23-Mar-2026,92.0693,0.0684932,10.6306,10.6348,0.00421921
23-Mar-2026,97.1843,0.0684932,6.01507,5.98804,0.0270347
23-Mar-2026,102.299,0.0684932,2.43804,2.33432,0.103723
23-Mar-2026,107.414,0.0684932,0.551049,0.46002,0.0910288
23-Mar-2026,112.529,0.0684932,0.0501232,0.0389606,0.0111626
23-Mar-2026,117.644,0.0684932,0.00158706,0.00191074,0.000323675
23-Mar-2026,122.759,0.0684932,2.19377e-05,7.28374e-05,5.08997e-05
23-Mar-2026,81.8394,0.0876712,20.7935,20.7961,0.00263039
23-Mar-2026,86.9544,0.0876712,15.7399,15.7451,0.00521341
23-Mar-2026,92.0693,0.0876712,10.8257,10.8223,0.00339583
23-Mar-2026,97.1843,0.0876712,6.34377,6.28899,0.0547783
23-Mar-2026,102.299,0.0876712,2.83504,2.6883,0.146736
23-Mar-2026,107.414,0.0876712,0.807513,0.67028,0.137233
23-Mar-2026,112.529,0.0876712,0.116499,0.0879344,0.0285646
23-Mar-2026,117.644,0.0876712,0.00770686,0.00772622,1.93628e-05
23-Mar-2026,122.759,0.0876712,0.000276222,0.00056993,0.000293708
23-Mar-2026,81.8394,0.0219178,20.5264,20.5261,0.000293834
23-Mar-2026,86.9544,0.0219178,15.4156,15.4153,0.000330908
23-Mar-2026,92.0693,0.0219178,10.3055,10.3056,0.000138225
23-Mar-2026,97.1843,0.0219178,5.25774,5.26043,0.00269041
23-Mar-2026,102.299,0.0219178,1.22646,1.20479,0.0216726
23-Mar-2026,107.414,0.0219178,0.0395472,0.0324142,0.00713301
23-Mar-2026,112.529,0.0219178,3.58843e-05,3.37062e-05,2.17811e-06
23-Mar-2026,117.644,0.0219178,4.49221e-10,3.21283e-09,2.76361e-09
23-Mar-2026,81.8394,0.10411,20.8544,20.858,0.00357451
23-Mar-2026,86.9544,0.10411,15.8251,15.8293,0.00422809
23-Mar-2026,92.0693,0.10411,10.963,10.9509,0.0121062
23-Mar-2026,97.1843,0.10411,6.55374,6.47761,0.0761341
23-Mar-2026,102.299,0.10411,3.07692,2.90049,0.176429
23-Mar-2026,107.414,0.10411,0.976584,0.807676,0.168908
23-Mar-2026,112.529,0.10411,0.173313,0.128943,0.0443697
23-Mar-2026,117.644,0.10411,0.0158554,0.0146226,0.00123284
23-Mar-2026,122.759,0.10411,0.000860838,0.00143679,0.000575949
23-Mar-2026,81.8394,0.183562,21.2131,21.2092,0.00386763
23-Mar-2026,86.9544,0.183562,16.3264,16.2986,0.0277812
23-Mar-2026,92.0693,0.183562,11.6917,11.6013,0.0903719
23-Mar-2026,97.1843,0.183562,7.53226,7.32679,0.205472
23-Mar-2026,102.299,0.183562,4.14464,3.81312,0.331516
23-Mar-2026,107.414,0.183562,1.80265,1.47185,0.330799
23-Mar-2026,112.529,0.183562,0.564487,0.404115,0.160372
23-Mar-2026,117.644,0.183562,0.122046,0.0895513,0.0324947
23-Mar-2026,122.759,0.183562,0.0195579,0.0183969,0.00116099
23-Mar-2026,81.8394,0.271233,21.6601,21.6174,0.0427183
23-Mar-2026,86.9544,0.271233,16.9167,16.8138,0.102861
23-Mar-2026,92.0693,0.271233,12.4566,12.2478,0.208845
23-Mar-2026,97.1843,0.271233,8.451,8.09429,0.356709
23-Mar-2026,102.299,0.271233,5.10709,4.61641,0.490678
23-Mar-2026,107.414,0.271233,2.6211,2.12819,0.492911
23-Mar-2026,112.529,0.271233,1.08099,0.768054,0.312936
23-Mar-2026,117.644,0.271233,0.348044,0.232616,0.115428
23-Mar-2026,122.759,0.271233,0.0907248,0.0659022,0.0248226
23-Mar-2026,81.8394,0.356164,22.1263,22.0207,0.105552
23-Mar-2026,86.9544,0.356164,17.5012,17.302,0.199173
23-Mar-2026,92.0693,0.356164,13.1673,12.8309,0.336383
23-Mar-2026,97.1843,0.356164,9.26221,8.76115,0.501058
23-Mar-2026,102.299,0.356164,5.94546,5.31132,0.634141
23-Mar-2026,107.414,0.356164,3.37059,2.7329,0.637694
23-Mar-2026,112.529,0.356164,1.62643,1.16223,0.464198
23-Mar-2026,117.644,0.356164,0.653173,0.423342,0.229831
23-Mar-2026,122.759,0.356164,0.222172,0.143164,0.0790083
23-Mar-2026,81.8394,0.441096,22.6029,22.4191,0.183798
23-Mar-2026,86.9544,0.441096,18.0774,17.7721,0.305289
23-Mar-2026,92.0693,0.441096,13.8426,13.3784,0.464233
23-Mar-2026,97.1843,0.441096,10.013,9.37595,0.63705
23-Mar-2026,102.299,0.441096,6.71795,5.95158,0.766372
23-Mar-2026,107.414,0.441096,4.0827,3.31164,0.771062
23-Mar-2026,112.529,0.441096,2.18927,1.58014,0.609134
23-Mar-2026,117.644,0.441096,1.01742,0.657165,0.360255
23-Mar-2026,122.759,0.441096,0.41258,0.251863,0.160717
23-Mar-2026,81.8394,0.523288,23.0694,22.8012,0.268188
23-Mar-2026,86.9544,0.523288,18.6274,18.216,0.411421
23-Mar-2026,92.0693,0.523288,14.4724,13.8875,0.584939
23-Mar-2026,97.1843,0.523288,10.7025,9.94135,0.761154
23-Mar-2026,102.299,0.523288,7.42647,6.54016,0.886314
23-Mar-2026,107.414,0.523288,4.74956,3.85714,0.892423
23-Mar-2026,112.529,0.523288,2.7454,2.00247,0.742929
23-Mar-2026,117.644,0.523288,1.41356,0.920718,0.492842
23-Mar-2026,122.759,0.523288,0.649041,0.388993,0.260048
23-Mar-2026,81.8394,0.605479,23.5761,23.2119,0.364186
23-Mar-2026,86.9544,0.605479,19.214,18.6878,0.526188
23-Mar-2026,92.0693,0.605479,15.1332,14.4227,0.710454
23-Mar-2026,97.1843,0.605479,11.4187,10.5308,0.887851
23-Mar-2026,102.299,0.605479,8.16243,7.15341,1.00902
23-Mar-2026,107.414,0.605479,5.45308,4.43584,1.01724
23-Mar-2026,112.529,0.605479,3.35523,2.47414,0.881089
23-Mar-2026,117.644,0.605479,1.87931,1.24167,0.637636
23-Mar-2026,122.759,0.605479,0.956362,0.57344,0.382922
23-Mar-2026,81.8394,0.690411,24.0435,23.5892,0.454318
23-Mar-2026,86.9544,0.690411,19.7476,19.1176,0.629965
23-Mar-2026,92.0693,0.690411,15.7275,14.9062,0.821276
23-Mar-2026,97.1843,0.690411,12.0582,11.0597,0.998539
23-Mar-2026,102.299,0.690411,8.81994,7.70302,1.11692
23-Mar-2026,107.414,0.690411,6.089,4.9614,1.1276
23-Mar-2026,112.529,0.690411,3.92244,2.91918,1.00326
23-Mar-2026,117.644,0.690411,2.33539,1.56559,0.769799
23-Mar-2026,122.759,0.690411,1.28105,0.775922,0.505128
23-Mar-2026,81.8394,0.775342,24.5463,23.995,0.551251
23-Mar-2026,86.9544,0.775342,20.3156,19.5769,0.73867
23-Mar-2026,92.0693,0.775342,16.3546,15.4192,0.9354
23-Mar-2026,97.1843,0.775342,12.7298,11.6175,1.11231
23-Mar-2026,102.299,0.775342,9.51073,8.28221,1.22852
23-Mar-2026,107.414,0.775342,6.76319,5.52076,1.24243
23-Mar-2026,112.529,0.775342,4.5369,3.40673,1.13017
23-Mar-2026,117.644,0.775342,2.84902,1.93954,0.909481
23-Mar-2026,122.759,0.775342,1.66874,1.02667,0.642074
23-Mar-2026,81.8394,0.854795,24.9568,24.3272,0.629595
23-Mar-2026,86.9544,0.854795,20.7756,19.9507,0.824856
23-Mar-2026,92.0693,0.854795,16.8594,15.8343,1.02513
23-Mar-2026,97.1843,0.854795,13.2683,12.0667,1.2016
23-Mar-2026,102.299,0.854795,10.065,8.74814,1.31686
23-Mar-2026,107.414,0.854795,7.30781,5.97407,1.33374
23-Mar-2026,112.529,0.854795,5.04132,3.81042,1.2309
23-Mar-2026,117.644,0.854795,3.28298,2.26163,1.02135
23-Mar-2026,122.759,0.854795,2.01095,1.25488,0.756069
23-Mar-2026,81.8394,0.931507,25.3714,24.6639,0.70751
23-Mar-2026,86.9544,0.931507,21.2376,20.328,0.909636
23-Mar-2026,92.0693,0.931507,17.3639,16.2511,1.11276
23-Mar-2026,97.1843,0.931507,13.8051,12.5161,1.28898
23-Mar-2026,102.299,0.931507,10.6177,9.21389,1.40381
23-Mar-2026,107.414,0.931507,7.85372,6.42964,1.42408
23-Mar-2026,112.529,0.931507,5.55295,4.22253,1.33042
23-Mar-2026,117.644,0.931507,3.73253,2.60017,1.13236
23-Mar-2026,122.759,0.931507,2.37705,1.50505,0.872002
24-Mar-2026,82.1345,0.00821918,20.5532,20.5531,9.42249e-05
24-Mar-2026,87.2679,0.00821918,15.4211,15.4209,0.000168865
24-Mar-2026,92.4013,0.00821918,10.2889,10.2888,0.000142528
24-Mar-2026,97.5347,0.00821918,5.15773,5.1626,0.0048733
24-Mar-2026,102.668,0.00821918,0.692696,0.837078,0.144382
24-Mar-2026,107.802,0.00821918,0.000339134,0.0031476,0.00280846
24-Mar-2026,112.935,0.00821918,2.44462e-12,1.86205e-08,1.86181e-08
24-Mar-2026,118.068,0.00821918,2.35309e-15,-7.85657e-16,3.13875e-15
24-Mar-2026,123.202,0.00821918,2.39539e-15,-9.0794e-16,3.30333e-15
24-Mar-2026,82.1345,0.0246575,20.6316,20.6315,6.99518e-05
24-Mar-2026,87.2679,0.0246575,15.5045,15.5059,0.00135789
24-Mar-2026,92.4013,0.0246575,10.3857,10.4082,0.0224809
24-Mar-2026,97.5347,0.0246575,5.42749,5.56979,0.142296
24-Mar-2026,102.668,0.0246575,1.58358,1.87238,0.288799
24-Mar-2026,107.802,0.0246575,0.136638,0.269611,0.132973
24-Mar-2026,112.935,0.0246575,0.00152764,0.0114812,0.00995352
24-Mar-2026,118.068,0.0246575,1.37196e-06,0.000139907,0.000138535
24-Mar-2026,123.202,0.0246575,1.43297e-10,6.65626e-07,6.65483e-07
24-Mar-2026,82.1345,0.0465753,20.7103,20.7125,0.00216212
24-Mar-2026,87.2679,0.0465753,15.5936,15.6107,0.0171036
24-Mar-2026,92.4013,0.0465753,10.5311,10.6128,0.0816645
24-Mar-2026,97.5347,0.0465753,5.79339,6.02451,0.231118
24-Mar-2026,102.668,0.0465753,2.1538,2.49839,0.344594
24-Mar-2026,107.802,0.0465753,0.396185,0.62287,0.226685
24-Mar-2026,112.935,0.0465753,0.02408,0.0782292,0.0541492
24-Mar-2026,118.068,0.0465753,0.000381729,0.00499983,0.0046181
24-Mar-2026,123.202,0.0465753,1.92108e-06,0.000195387,0.000193466
24-Mar-2026,82.1345,0.0657534,20.7708,20.7789,0.00810855
24-Mar-2026,87.2679,0.0657534,15.6707,15.7083,0.0376467
24-Mar-2026,92.4013,0.0657534,10.6687,10.7917,0.123031
24-Mar-2026,97.5347,0.0657534,6.06438,6.33345,0.269068
24-Mar-2026,102.668,0.0657534,2.5077,2.8705,0.362795
24-Mar-2026,107.802,0.0657534,0.605031,0.871417,0.266386
24-Mar-2026,112.935,0.0657534,0.0641521,0.156719,0.0925668
24-Mar-2026,118.068,0.0657534,0.00253657,0.0170482,0.0145116
24-Mar-2026,123.202,0.0657534,4.32304e-05,0.00129689,0.00125366
24-Mar-2026,82.1345,0.0849315,20.8566,20.8775,0.0209236
24-Mar-2026,87.2679,0.0849315,15.7894,15.8567,0.0673352
24-Mar-2026,92.4013,0.0849315,10.8737,11.0383,0.164615
24-Mar-2026,97.5347,0.0849315,6.40963,6.70511,0.295482
24-Mar-2026,102.668,0.0849315,2.92353,3.29133,0.367798
24-Mar-2026,107.802,0.0849315,0.882526,1.17531,0.292787
24-Mar-2026,112.935,0.0849315,0.144628,0.28039,0.135762
24-Mar-2026,118.068,0.0849315,0.0114927,0.045879,0.0343863
24-Mar-2026,123.202,0.0849315,0.000492481,0.00578337,0.00529089
24-Mar-2026,82.1345,0.0191781,20.5924,20.5923,9.6539e-05
24-Mar-2026,87.2679,0.0191781,15.4627,15.4626,7.56169e-05
24-Mar-2026,92.4013,0.0191781,10.3336,10.3371,0.00351981
24-Mar-2026,97.5347,0.0191781,5.26311,5.33728,0.0741677
24-Mar-2026,102.668,0.0191781,1.21563,1.45231,0.236677
24-Mar-2026,107.802,0.0191781,0.0390779,0.102829,0.0637506
24-Mar-2026,112.935,0.0191781,3.81157e-05,0.000939574,0.000901459
24-Mar-2026,118.068,0.0191781,4.8671e-10,1.00144e-06,1.00095e-06
24-Mar-2026,123.202,0.0191781,4.51493e-16,2.07896e-10,2.07896e-10
24-Mar-2026,82.1345,0.10137,20.9179,20.9491,0.0311863
24-Mar-2026,87.2679,0.10137,15.8774,15.9628,0.0853959
24-Mar-2026,92.4013,0.10137,11.0178,11.2015,0.183725
24-Mar-2026,97.5347,0.10137,6.62924,6.93135,0.302113
24-Mar-2026,102.668,0.10137,3.17595,3.53834,0.362386
24-Mar-2026,107.802,0.10137,1.06391,1.36231,0.298404
24-Mar-2026,112.935,0.10137,0.211691,0.368853,0.157162
24-Mar-2026,118.068,0.10137,0.0228137,0.072177,0.0493633
24-Mar-2026,123.202,0.10137,0.00145625,0.0113226,0.00986633
24-Mar-2026,82.1345,0.180822,21.2842,21.3587,0.0744756
24-Mar-2026,87.2679,0.180822,16.3977,16.5298,0.132096
24-Mar-2026,92.4013,0.180822,11.7777,11.9778,0.200075
24-Mar-2026,97.5347,0.180822,7.64585,7.90091,0.25506
24-Mar-2026,102.668,0.180822,4.28377,4.55474,0.270967
24-Mar-2026,107.802,0.180822,1.9383,2.18052,0.242216
24-Mar-2026,112.935,0.180822,0.654044,0.836838,0.182794
24-Mar-2026,118.068,0.180822,0.15723,0.26321,0.10598
24-Mar-2026,123.202,0.180822,0.0281251,0.0727028,0.0445777
24-Mar-2026,82.1345,0.268493,21.7438,21.8199,0.076069
24-Mar-2026,87.2679,0.268493,17.0086,17.1136,0.10505
24-Mar-2026,92.4013,0.268493,12.5692,12.6947,0.12554
24-Mar-2026,97.5347,0.268493,8.59309,8.72172,0.128633
24-Mar-2026,102.668,0.268493,5.27543,5.39219,0.116759
24-Mar-2026,107.802,0.268493,2.79199,2.89968,0.107687
24-Mar-2026,112.935,0.268493,1.21525,1.32549,0.110244
24-Mar-2026,118.068,0.268493,0.422464,0.521772,0.099308
24-Mar-2026,123.202,0.268493,0.119738,0.18569,0.0659516
24-Mar-2026,82.1345,0.353425,22.2229,22.2589,0.0359899
24-Mar-2026,87.2679,0.353425,17.6106,17.6409,0.0302827
24-Mar-2026,92.4013,0.353425,13.3002,13.31,0.00983987
24-Mar-2026,97.5347,0.353425,9.42529,9.40258,0.0227058
24-Mar-2026,102.668,0.353425,6.135,6.08437,0.0506253
24-Mar-2026,107.802,0.353425,3.56664,3.51816,0.0484753
24-Mar-2026,112.935,0.353425,1.79466,1.78671,0.00794669
24-Mar-2026,118.068,0.353425,0.765036,0.801858,0.0368216
24-Mar-2026,123.202,0.353425,0.27863,0.328943,0.0503128
24-Mar-2026,82.1345,0.438356,22.7115,22.6796,0.0318761
24-Mar-2026,87.2679,0.438356,18.2019,18.1315,0.0703939
24-Mar-2026,92.4013,0.438356,13.9922,13.8685,0.12372
24-Mar-2026,97.5347,0.438356,10.1927,10.0118,0.180937
24-Mar-2026,102.668,0.438356,6.9241,6.70515,0.218953
24-Mar-2026,107.802,0.438356,4.29816,4.08787,0.210294
24-Mar-2026,112.935,0.438356,2.38428,2.23776,0.146522
24-Mar-2026,118.068,0.438356,1.16265,1.10186,0.0607939
24-Mar-2026,123.202,0.438356,0.499308,0.499189,0.000118686
24-Mar-2026,82.1345,0.520548,23.1886,23.0742,0.114398
24-Mar-2026,87.2679,0.520548,18.7645,18.5838,0.180669
24-Mar-2026,92.4013,0.520548,14.6354,14.3764,0.259014
24-Mar-2026,97.5347,0.520548,10.8955,10.5619,0.333597
24-Mar-2026,102.668,0.520548,7.64577,7.26742,0.378353
24-Mar-2026,107.802,0.520548,4.98023,4.61374,0.366487
24-Mar-2026,112.935,0.520548,2.96148,2.67218,0.289304
24-Mar-2026,118.068,0.520548,1.58692,1.41091,0.176008
24-Mar-2026,123.202,0.520548,0.765206,0.689286,0.07592
24-Mar-2026,82.1345,0.60274,23.7057,23.4912,0.214494
24-Mar-2026,87.2679,0.60274,19.363,19.0567,0.306344
24-Mar-2026,92.4013,0.60274,15.3087,14.9027,0.405954
24-Mar-2026,97.5347,0.60274,11.6238,11.1294,0.494357
24-Mar-2026,102.668,0.60274,8.39364,7.84885,0.544794
24-Mar-2026,107.802,0.60274,5.69736,5.1654,0.531961
24-Mar-2026,112.935,0.60274,3.59013,3.14309,0.447042
24-Mar-2026,118.068,0.60274,2.07885,1.76453,0.314323
24-Mar-2026,123.202,0.60274,1.10282,0.922223,0.180597
24-Mar-2026,82.1345,0.687671,24.1817,23.8697,0.31199
24-Mar-2026,87.2679,0.687671,19.9062,19.4826,0.423588
24-Mar-2026,92.4013,0.687671,15.9129,15.374,0.538903
24-Mar-2026,97.5347,0.687671,12.2729,11.6358,0.637135
24-Mar-2026,102.668,0.687671,9.06051,8.36838,0.692131
24-Mar-2026,107.802,0.687671,6.34391,5.66373,0.680176
24-Mar-2026,112.935,0.687671,4.17192,3.57948,0.592443
24-Mar-2026,118.068,0.687671,2.55567,2.10667,0.449003
24-Mar-2026,123.202,0.687671,1.45323,1.16092,0.292313
24-Mar-2026,82.1345,0.772603,24.6928,24.2736,0.419184
24-Mar-2026,87.2679,0.772603,20.4834,19.9346,0.548818
24-Mar-2026,92.4013,0.772603,16.5493,15.8715,0.677753
24-Mar-2026,97.5347,0.772603,12.9534,12.1687,0.784715
24-Mar-2026,102.668,0.772603,9.76005,8.91571,0.844343
24-Mar-2026,107.802,0.772603,7.02797,6.19316,0.834813
24-Mar-2026,112.935,0.772603,4.79979,4.0525,0.747294
24-Mar-2026,118.068,0.772603,3.08859,2.49061,0.597981
24-Mar-2026,123.202,0.772603,1.866,1.44194,0.424063
24-Mar-2026,82.1345,0.852055,25.1095,24.6025,0.507049
24-Mar-2026,87.2679,0.852055,20.9502,20.3009,0.649294
24-Mar-2026,92.4013,0.852055,17.0608,16.2732,0.787641
24-Mar-2026,97.5347,0.852055,13.4984,12.5977,0.900725
24-Mar-2026,102.668,0.852055,10.3206,9.3565,0.964104
24-Mar-2026,107.802,0.852055,7.57969,6.62224,0.95745
24-Mar-2026,112.935,0.852055,5.31378,4.44183,0.871951
24-Mar-2026,118.068,0.852055,3.53636,2.81526,0.721103
24-Mar-2026,123.202,0.852055,2.22671,1.68881,0.537903
24-Mar-2026,82.1345,0.928767,25.5299,24.9347,0.595188
24-Mar-2026,87.2679,0.928767,21.4184,20.6697,0.74868
24-Mar-2026,92.4013,0.928767,17.5714,16.6761,0.895269
24-Mar-2026,97.5347,0.928767,14.0411,13.0271,1.01398
24-Mar-2026,102.668,0.928767,10.8791,9.79783,1.08127
24-Mar-2026,107.802,0.928767,8.13209,7.05388,1.07821
24-Mar-2026,112.935,0.928767,5.83406,4.83806,0.995995
24-Mar-2026,118.068,0.928767,3.99835,3.15249,0.845861
24-Mar-2026,123.202,0.928767,2.60981,1.95294,0.656872
25-Mar-2026,82.8085,0.00547945,20.7151,20.7155,0.000420964
25-Mar-2026,87.984,0.00547945,15.5404,15.5408,0.00043477
25-Mar-2026,93.1595,0.00547945,10.3657,10.3661,0.000448575
25-Mar-2026,98.335,0.00547945,5.19108,5.19148,0.000396229
25-Mar-2026,103.511,0.00547945,0.572878,0.470485,0.102393
25-Mar-2026,108.686,0.00547945,1.86538e-05,2.12135e-08,1.86326e-05
25-Mar-2026,82.8085,0.0219178,20.7932,20.7936,0.000404469
25-Mar-2026,87.984,0.0219178,15.6235,15.6239,0.000364908
25-Mar-2026,93.1595,0.0219178,10.4604,10.4575,0.00289192
25-Mar-2026,98.335,0.0219178,5.44579,5.37902,0.06677
25-Mar-2026,103.511,0.0219178,1.55189,1.2603,0.29159
25-Mar-2026,108.686,0.0219178,0.123565,0.0246479,0.0989171
25-Mar-2026,113.862,0.0219178,0.00115415,1.41425e-05,0.00114001
25-Mar-2026,119.037,0.0219178,7.53951e-07,1.52625e-09,7.52425e-07
25-Mar-2026,124.213,0.0219178,4.92697e-11,9.83836e-14,4.91713e-11
25-Mar-2026,82.8085,0.0438356,20.8715,20.8719,0.000364222
25-Mar-2026,87.984,0.0438356,15.7117,15.7102,0.00146737
25-Mar-2026,93.1595,0.0438356,10.6034,10.5789,0.0245135
25-Mar-2026,98.335,0.0438356,5.81713,5.66018,0.156955
25-Mar-2026,103.511,0.0438356,2.14411,1.72066,0.423445
25-Mar-2026,108.686,0.0438356,0.386777,0.117992,0.268785
25-Mar-2026,113.862,0.0438356,0.0226872,0.00127659,0.0214106
25-Mar-2026,119.037,0.0438356,0.000337572,6.33085e-06,0.000331241
25-Mar-2026,124.213,0.0438356,1.53069e-06,2.4394e-08,1.5063e-06
25-Mar-2026,82.8085,0.0630137,20.9317,20.9317,2.29363e-05
25-Mar-2026,87.984,0.0630137,15.7881,15.7818,0.00626407
25-Mar-2026,93.1595,0.0630137,10.7412,10.6906,0.0505865
25-Mar-2026,98.335,0.0630137,6.09355,5.87151,0.222043
25-Mar-2026,103.511,0.0630137,2.50834,1.99591,0.512431
25-Mar-2026,108.686,0.0630137,0.600423,0.209142,0.391281
25-Mar-2026,113.862,0.0630137,0.062937,0.00559211,0.0573449
25-Mar-2026,119.037,0.0630137,0.00243529,8.80807e-05,0.00234721
25-Mar-2026,124.213,0.0630137,3.97709e-05,1.18615e-06,3.85848e-05
25-Mar-2026,82.8085,0.0821918,21.017,21.0151,0.00193709
25-Mar-2026,87.984,0.0821918,15.9065,15.8879,0.0185968
25-Mar-2026,93.1595,0.0821918,10.9479,10.8546,0.0933319
25-Mar-2026,98.335,0.0821918,6.44569,6.13908,0.306614
25-Mar-2026,103.511,0.0821918,2.93451,2.31063,0.623885
25-Mar-2026,108.686,0.0821918,0.884413,0.341209,0.543204
25-Mar-2026,113.862,0.0821918,0.144969,0.0180379,0.126931
25-Mar-2026,119.037,0.0821918,0.0115014,0.00066876,0.0108326
25-Mar-2026,124.213,0.0821918,0.000486982,2.2691e-05,0.000464291
25-Mar-2026,82.8085,0.0164384,20.7542,20.7546,0.000371575
25-Mar-2026,87.984,0.0164384,15.5819,15.5823,0.000426204
25-Mar-2026,93.1595,0.0164384,10.4099,10.4102,0.0003005
25-Mar-2026,98.335,0.0164384,5.28376,5.26082,0.022938
25-Mar-2026,103.511,0.0164384,1.16231,0.949561,0.212749
25-Mar-2026,108.686,0.0164384,0.0293887,0.00300775,0.026381
25-Mar-2026,113.862,0.0164384,1.56442e-05,1.61473e-08,1.56281e-05
25-Mar-2026,119.037,0.0164384,6.77239e-11,4.59006e-15,6.77193e-11
25-Mar-2026,124.213,0.0164384,4.53992e-16,9.65152e-16,5.1116e-16
25-Mar-2026,82.8085,0.0986301,21.0781,21.0734,0.00469074
25-Mar-2026,87.984,0.0986301,15.9948,15.9643,0.0305318
25-Mar-2026,93.1595,0.0986301,11.0937,10.9684,0.125347
25-Mar-2026,98.335,0.0986301,6.66952,6.30736,0.36216
25-Mar-2026,103.511,0.0986301,3.19254,2.49781,0.694734
25-Mar-2026,108.686,0.0986301,1.0699,0.432127,0.637773
25-Mar-2026,113.862,0.0986301,0.213643,0.0306812,0.182962
25-Mar-2026,119.037,0.0986301,0.0231184,0.0016368,0.0214816
25-Mar-2026,124.213,0.0986301,0.00147155,8.22016e-05,0.00138935
25-Mar-2026,82.8085,0.178082,21.4454,21.4025,0.0429382
25-Mar-2026,87.984,0.178082,16.5195,16.3917,0.127807
25-Mar-2026,93.1595,0.178082,11.8643,11.55,0.314258
25-Mar-2026,98.335,0.178082,7.70385,7.064,0.639853
25-Mar-2026,103.511,0.178082,4.32139,3.29752,1.02387
25-Mar-2026,108.686,0.178082,1.96208,0.906209,1.05587
25-Mar-2026,113.862,0.178082,0.66697,0.139807,0.527163
25-Mar-2026,119.037,0.178082,0.162067,0.0184756,0.143591
25-Mar-2026,124.213,0.178082,0.029283,0.00246655,0.0268164
25-Mar-2026,82.8085,0.265753,21.9086,21.7831,0.125545
25-Mar-2026,87.984,0.265753,17.1374,16.8617,0.275658
25-Mar-2026,93.1595,0.265753,12.6668,12.1296,0.537197
25-Mar-2026,98.335,0.265753,8.66552,7.74547,0.920046
25-Mar-2026,103.511,0.265753,5.32878,4.0031,1.32568
25-Mar-2026,108.686,0.265753,2.83053,1.41522,1.41531
25-Mar-2026,113.862,0.265753,1.24044,0.319238,0.921202
25-Mar-2026,119.037,0.265753,0.435557,0.0614607,0.374096
25-Mar-2026,124.213,0.265753,0.124811,0.0121683,0.112643
25-Mar-2026,82.8085,0.350685,22.3924,22.1577,0.234709
25-Mar-2026,87.984,0.350685,17.7467,17.3062,0.44052
25-Mar-2026,93.1595,0.350685,13.4076,12.652,0.755551
25-Mar-2026,98.335,0.350685,9.50923,8.33864,1.17059
25-Mar-2026,103.511,0.350685,6.20053,4.61897,1.58156
25-Mar-2026,108.686,0.350685,3.61702,1.90925,1.70777
25-Mar-2026,113.862,0.350685,1.83079,0.545689,1.2851
25-Mar-2026,119.037,0.350685,0.787237,0.129261,0.657976
25-Mar-2026,124.213,0.350685,0.289663,0.0309303,0.258733
25-Mar-2026,82.8085,0.435616,22.886,22.5264,0.359605
25-Mar-2026,87.984,0.435616,18.3449,17.7335,0.611444
25-Mar-2026,93.1595,0.435616,14.1082,13.1431,0.965084
25-Mar-2026,98.335,0.435616,10.2865,8.8882,1.3983
25-Mar-2026,103.511,0.435616,6.99992,5.19156,1.80836
25-Mar-2026,108.686,0.435616,4.35873,2.3983,1.96043
25-Mar-2026,113.862,0.435616,2.43028,0.815506,1.61477
25-Mar-2026,119.037,0.435616,1.19395,0.225451,0.968499
25-Mar-2026,124.213,0.435616,0.517486,0.060757,0.456729
25-Mar-2026,82.8085,0.517808,23.368,22.8792,0.48876
25-Mar-2026,87.984,0.517808,18.914,18.1368,0.777158
25-Mar-2026,93.1595,0.517808,14.7591,13.6011,1.158
25-Mar-2026,98.335,0.517808,10.9978,9.39651,1.60129
25-Mar-2026,103.511,0.517808,7.73044,5.72209,2.00835
25-Mar-2026,108.686,0.517808,5.04963,2.87007,2.17956
25-Mar-2026,113.862,0.517808,3.01625,1.1129,1.90335
25-Mar-2026,119.037,0.517808,1.62677,0.349671,1.2771
25-Mar-2026,124.213,0.517808,0.790863,0.103226,0.687637
25-Mar-2026,82.8085,0.6,23.8905,23.258,0.632479
25-Mar-2026,87.984,0.6,19.5191,18.5661,0.952994
25-Mar-2026,93.1595,0.6,15.4401,14.0845,1.35562
25-Mar-2026,98.335,0.6,11.7345,9.9296,1.8049
25-Mar-2026,103.511,0.6,8.48699,6.27869,2.2083
25-Mar-2026,108.686,0.6,5.7755,3.37928,2.39622
25-Mar-2026,113.862,0.6,3.6537,1.4676,2.1861
25-Mar-2026,119.037,0.6,2.12752,0.521213,1.60631
25-Mar-2026,124.213,0.6,1.13677,0.168414,0.968356
25-Mar-2026,82.8085,0.684932,24.3713,23.6059,0.765431
25-Mar-2026,87.984,0.684932,20.0682,18.9579,1.11031
25-Mar-2026,93.1595,0.684932,16.0509,14.5229,1.52802
25-Mar-2026,98.335,0.684932,12.3908,10.4104,1.98039
25-Mar-2026,103.511,0.684932,9.16127,6.78048,2.38079
25-Mar-2026,108.686,0.684932,6.42955,3.84782,2.58173
25-Mar-2026,113.862,0.684932,4.2431,1.81895,2.42415
25-Mar-2026,119.037,0.684932,2.6121,0.713807,1.89829
25-Mar-2026,124.213,0.684932,1.4948,0.250039,1.24476
25-Mar-2026,82.8085,0.769863,24.8875,23.9802,0.907257
25-Mar-2026,87.984,0.769863,20.6513,19.3775,1.2738
25-Mar-2026,93.1595,0.769863,16.6941,14.9899,1.70417
25-Mar-2026,98.335,0.769863,13.0785,10.9201,2.15842
25-Mar-2026,103.511,0.769863,9.86827,7.31195,2.55632
25-Mar-2026,108.686,0.769863,7.12119,4.35158,2.76961
25-Mar-2026,113.862,0.769863,4.8787,2.21798,2.66072
25-Mar-2026,119.037,0.769863,3.15298,0.956367,2.19661
25-Mar-2026,124.213,0.769863,1.91561,0.364531,1.55108
25-Mar-2026,82.8085,0.849315,25.3082,24.2869,1.02132
25-Mar-2026,87.984,0.849315,21.1228,19.7198,1.40296
25-Mar-2026,93.1595,0.849315,17.2108,15.3692,1.84157
25-Mar-2026,98.335,0.849315,13.6291,11.3322,2.29688
25-Mar-2026,103.511,0.849315,10.4346,7.74129,2.69331
25-Mar-2026,108.686,0.849315,7.67881,4.76301,2.9158
25-Mar-2026,113.862,0.849315,5.39873,2.55711,2.84162
25-Mar-2026,119.037,0.849315,3.607,1.17961,2.42739
25-Mar-2026,124.213,0.849315,2.28272,0.480351,1.80237
25-Mar-2026,82.8085,0.926027,25.7326,24.598,1.13459
25-Mar-2026,87.984,0.926027,21.5956,20.0661,1.52953
25-Mar-2026,93.1595,0.926027,17.7266,15.7514,1.97522
25-Mar-2026,98.335,0.926027,14.1772,11.746,2.43124
25-Mar-2026,103.511,0.926027,10.9988,8.1719,2.8269
25-Mar-2026,108.686,0.926027,8.23694,5.17894,3.058
25-Mar-2026,113.862,0.926027,5.92488,2.90985,3.01503
25-Mar-2026,119.037,0.926027,4.0751,1.42598,2.64912
25-Mar-2026,124.213,0.926027,2.67214,0.618568,2.05357
26-Mar-2026,82.5282,0.0191781,20.7158,20.7155,0.000260418
26-Mar-2026,87.6863,0.0191781,15.5631,15.5635,0.000377051
26-Mar-2026,92.8443,0.0191781,10.415,10.4298,0.0147829
26-Mar-2026,98.0023,0.0191781,5.39674,5.50857,0.111826
26-Mar-2026,103.16,0.0191781,1.48562,1.70915,0.223528
26-Mar-2026,108.318,0.0191781,0.103625,0.176449,0.0728242
26-Mar-2026,113.476,0.0191781,0.000704557,0.00299605,0.0022915
26-Mar-2026,118.634,0.0191781,2.66906e-07,7.47233e-06,7.20542e-06
26-Mar-2026,123.792,0.0191781,8.42674e-12,4.9621e-09,4.95367e-09
26-Mar-2026,82.5282,0.0410959,20.7932,20.7949,0.00167691
26-Mar-2026,87.6863,0.0410959,15.6495,15.6639,0.0143789
26-Mar-2026,92.8443,0.0410959,10.5525,10.6231,0.070629
26-Mar-2026,98.0023,0.0410959,5.76573,5.96039,0.194657
26-Mar-2026,103.16,0.0410959,2.09316,2.35085,0.257692
26-Mar-2026,108.318,0.0410959,0.362158,0.489292,0.127134
26-Mar-2026,113.476,0.0410959,0.0194543,0.0383621,0.0189078
26-Mar-2026,118.634,0.0410959,0.000250769,0.00113284,0.000882068
26-Mar-2026,123.792,0.0410959,9.42486e-07,1.76502e-05,1.67078e-05
26-Mar-2026,82.5282,0.060274,20.8526,20.8601,0.00750694
26-Mar-2026,87.6863,0.060274,15.7243,15.759,0.0347423
26-Mar-2026,92.8443,0.060274,10.6881,10.7982,0.110082
26-Mar-2026,98.0023,0.060274,6.04409,6.26791,0.22382
26-Mar-2026,103.16,0.060274,2.46477,2.72166,0.256895
26-Mar-2026,108.318,0.060274,0.576932,0.714002,0.13707
26-Mar-2026,113.476,0.060274,0.0578835,0.0889941,0.0311106
26-Mar-2026,118.634,0.060274,0.00209094,0.00542178,0.00333084
26-Mar-2026,123.792,0.060274,3.12584e-05,0.000210453,0.000179194
26-Mar-2026,82.5282,0.0794521,20.9367,20.9577,0.0209677
26-Mar-2026,87.6863,0.0794521,15.8411,15.9054,0.0643017
26-Mar-2026,92.8443,0.0794521,10.8942,11.0411,0.146925
26-Mar-2026,98.0023,0.0794521,6.4005,6.6353,0.234802
26-Mar-2026,103.16,0.0794521,2.89941,3.13367,0.234259
26-Mar-2026,108.318,0.0794521,0.864921,0.988045,0.123124
26-Mar-2026,113.476,0.0794521,0.139238,0.174914,0.0356763
26-Mar-2026,118.634,0.0794521,0.0107585,0.0181847,0.00742621
26-Mar-2026,123.792,0.0794521,0.000440777,0.00137431,0.000933536
26-Mar-2026,82.5282,0.0136986,20.6772,20.6769,0.00030871
26-Mar-2026,87.6863,0.0136986,15.522,15.5216,0.000385131
26-Mar-2026,92.8443,0.0136986,10.3669,10.3677,0.000754582
26-Mar-2026,98.0023,0.0136986,5.24316,5.2882,0.0450355
26-Mar-2026,103.16,0.0136986,1.07862,1.25704,0.178421
26-Mar-2026,108.318,0.0136986,0.0187512,0.044534,0.0257828
26-Mar-2026,113.476,0.0136986,3.69369e-06,5.58867e-05,5.2193e-05
26-Mar-2026,118.634,0.0136986,2.77377e-12,1.80969e-09,1.80691e-09
26-Mar-2026,123.792,0.0136986,5.0703e-16,4.51566e-15,4.00863e-15
26-Mar-2026,82.5282,0.0958904,20.9972,21.0289,0.0316584
26-Mar-2026,87.6863,0.0958904,15.9288,16.0105,0.0816518
26-Mar-2026,92.8443,0.0958904,11.0407,11.2019,0.161172
26-Mar-2026,98.0023,0.0958904,6.62779,6.85718,0.22939
26-Mar-2026,103.16,0.0958904,3.16283,3.37209,0.209262
26-Mar-2026,108.318,0.0958904,1.05401,1.15552,0.101514
26-Mar-2026,113.476,0.0958904,0.208621,0.238466,0.0298454
26-Mar-2026,118.634,0.0958904,0.022311,0.0311449,0.00883389
26-Mar-2026,123.792,0.0958904,0.0014006,0.00311873,0.00171813
26-Mar-2026,82.5282,0.175342,21.3648,21.4368,0.0720173
26-Mar-2026,87.6863,0.175342,16.4582,16.5697,0.11152
26-Mar-2026,92.8443,0.175342,11.8238,11.9584,0.134641
26-Mar-2026,98.0023,0.175342,7.68444,7.79007,0.105631
26-Mar-2026,103.16,0.175342,4.32005,4.32764,0.00759216
26-Mar-2026,108.318,0.175342,1.97114,1.87531,0.095828
26-Mar-2026,113.476,0.175342,0.676616,0.584112,0.0925042
26-Mar-2026,118.634,0.175342,0.167101,0.13686,0.0302414
26-Mar-2026,123.792,0.175342,0.0308612,0.0276937,0.00316747
26-Mar-2026,82.5282,0.263014,21.8363,21.891,0.0546977
26-Mar-2026,87.6863,0.263014,17.0911,17.1357,0.0446159
26-Mar-2026,92.8443,0.263014,12.6488,12.6408,0.00804346
26-Mar-2026,98.0023,0.263014,8.67546,8.55523,0.120233
26-Mar-2026,103.16,0.263014,5.36099,5.08756,0.273425
26-Mar-2026,108.318,0.263014,2.87311,2.49388,0.379228
26-Mar-2026,113.476,0.263014,1.27846,0.951234,0.327226
26-Mar-2026,118.634,0.263014,0.459568,0.290181,0.169387
26-Mar-2026,123.792,0.263014,0.135851,0.0789411,0.0569099
26-Mar-2026,82.5282,0.347945,22.3345,22.3164,0.0181442
26-Mar-2026,87.6863,0.347945,17.7211,17.6368,0.0843038
26-Mar-2026,92.8443,0.347945,13.4165,13.2132,0.203328
26-Mar-2026,98.0023,0.347945,9.55121,9.17506,0.376151
26-Mar-2026,103.16,0.347945,6.26806,5.70326,0.5648
26-Mar-2026,108.318,0.347945,3.69593,3.02145,0.674484
26-Mar-2026,113.476,0.347945,1.90316,1.30327,0.599891
26-Mar-2026,118.634,0.347945,0.839427,0.462999,0.376428
26-Mar-2026,123.792,0.347945,0.319414,0.147329,0.172085
26-Mar-2026,82.5282,0.432877,22.847,22.7178,0.12916
26-Mar-2026,87.6863,0.432877,18.344,18.0954,0.248577
26-Mar-2026,92.8443,0.432877,14.1471,13.7243,0.42278
26-Mar-2026,98.0023,0.432877,10.3627,9.72223,0.640467
26-Mar-2026,103.16,0.432877,7.10438,6.25105,0.853328
26-Mar-2026,108.318,0.432877,4.47594,3.50791,0.96803
26-Mar-2026,113.476,0.432877,2.54058,1.65434,0.886235
26-Mar-2026,118.634,0.432877,1.28053,0.655857,0.624673
26-Mar-2026,123.792,0.432877,0.574056,0.232303,0.341753
26-Mar-2026,82.5282,0.515068,23.3505,23.0898,0.260725
26-Mar-2026,87.6863,0.515068,18.9398,18.5133,0.426521
26-Mar-2026,92.8443,0.515068,14.8292,14.1848,0.644442
26-Mar-2026,98.0023,0.515068,11.1085,10.2135,0.894978
26-Mar-2026,103.16,0.515068,7.87185,6.74668,1.12517
26-Mar-2026,108.318,0.515068,5.20529,3.95943,1.24586
26-Mar-2026,113.476,0.515068,3.16549,1.99942,1.16607
26-Mar-2026,118.634,0.515068,1.75067,0.863166,0.887504
26-Mar-2026,123.792,0.515068,0.879558,0.332215,0.547343
26-Mar-2026,82.5282,0.59726,23.899,23.4793,0.419748
26-Mar-2026,87.6863,0.59726,19.576,18.9468,0.629222
26-Mar-2026,92.8443,0.59726,15.5456,14.6597,0.885878
26-Mar-2026,98.0023,0.59726,11.8838,10.7199,1.16394
26-Mar-2026,103.16,0.59726,8.66933,7.26055,1.40878
26-Mar-2026,108.318,0.59726,5.97379,4.43666,1.53713
26-Mar-2026,113.476,0.59726,3.84668,2.381,1.46568
26-Mar-2026,118.634,0.59726,2.29482,1.11059,1.18423
26-Mar-2026,123.792,0.59726,1.26535,0.462058,0.803292
26-Mar-2026,82.5282,0.682192,24.4059,23.8306,0.575269
26-Mar-2026,87.6863,0.682192,20.1553,19.3358,0.819538
26-Mar-2026,92.8443,0.682192,16.1901,15.0845,1.1056
26-Mar-2026,98.0023,0.682192,12.5765,11.1724,1.40407
26-Mar-2026,103.16,0.682192,9.38193,7.72175,1.66018
26-Mar-2026,108.318,0.682192,6.66776,4.87123,1.79653
26-Mar-2026,113.476,0.682192,4.47738,2.74103,1.73635
26-Mar-2026,118.634,0.682192,2.82125,1.35932,1.46193
26-Mar-2026,123.792,0.682192,1.66358,0.603199,1.06038
26-Mar-2026,82.5282,0.767123,24.9517,24.2043,0.747407
26-Mar-2026,87.6863,0.767123,20.7723,19.748,1.02434
26-Mar-2026,92.8443,0.767123,16.8704,15.5335,1.3369
26-Mar-2026,98.0023,0.767123,13.3039,11.6504,1.65352
26-Mar-2026,103.16,0.767123,10.1306,8.21011,1.92049
26-Mar-2026,108.318,0.767123,7.40279,5.33653,2.06626
26-Mar-2026,113.476,0.767123,5.1581,3.1375,2.0206
26-Mar-2026,118.634,0.767123,3.4085,1.64797,1.76053
26-Mar-2026,123.792,0.767123,2.13025,0.778885,1.35136
26-Mar-2026,82.5282,0.846575,25.3976,24.508,0.889577
26-Mar-2026,87.6863,0.846575,21.2721,20.0821,1.18996
26-Mar-2026,92.8443,0.846575,17.4179,15.8967,1.52117
26-Mar-2026,98.0023,0.846575,13.8871,12.0366,1.85053
26-Mar-2026,103.16,0.846575,10.7312,8.60534,2.12586
26-Mar-2026,108.318,0.846575,7.99606,5.71624,2.27982
26-Mar-2026,113.476,0.846575,5.71531,3.46814,2.24717
26-Mar-2026,118.634,0.846575,3.90107,1.89883,2.00224
26-Mar-2026,123.792,0.846575,2.53628,0.940762,1.59552
26-Mar-2026,82.5282,0.923288,25.8481,24.8148,1.0333
26-Mar-2026,87.6863,0.923288,21.774,20.419,1.35504
26-Mar-2026,92.8443,0.923288,17.9651,16.2621,1.70299
26-Mar-2026,98.0023,0.923288,14.4684,12.4246,2.04384
26-Mar-2026,103.16,0.923288,11.33,9.00278,2.32722
26-Mar-2026,108.318,0.923288,8.5903,6.10044,2.48986
26-Mar-2026,113.476,0.923288,6.2792,3.8082,2.471
26-Mar-2026,118.634,0.923288,4.40852,2.16512,2.2434
26-Mar-2026,123.792,0.923288,2.96594,1.12081,1.84513
27-Mar-2026,82.1707,0.0164384,20.619,20.6186,0.000392224
27-Mar-2026,87.3064,0.0164384,15.4881,15.4884,0.000317153
27-Mar-2026,92.442,0.0164384,10.3597,10.3764,0.016694
27-Mar-2026,97.5777,0.0164384,5.3305,5.48015,0.149645
27-Mar-2026,102.713,0.0164384,1.37354,1.71544,0.341896
27-Mar-2026,107.849,0.0164384,0.0712892,0.18825,0.116961
27-Mar-2026,112.985,0.0164384,0.00022437,0.00378609,0.00356172
27-Mar-2026,118.12,0.0164384,2.35372e-08,1.12047e-05,1.11812e-05
27-Mar-2026,123.256,0.0164384,1.60471e-13,7.66789e-09,7.66773e-09
27-Mar-2026,82.1707,0.0383562,20.6953,20.6972,0.00191122
27-Mar-2026,87.3064,0.0383562,15.5719,15.5899,0.0179549
27-Mar-2026,92.442,0.0383562,10.4843,10.5797,0.0954303
27-Mar-2026,97.5777,0.0383562,5.67397,5.96369,0.289724
27-Mar-2026,102.713,0.0383562,1.97234,2.40401,0.431665
27-Mar-2026,107.849,0.0383562,0.296523,0.539734,0.243211
27-Mar-2026,112.985,0.0383562,0.0114673,0.0500485,0.0385812
27-Mar-2026,118.12,0.0383562,8.78056e-05,0.00179914,0.00171134
27-Mar-2026,123.256,0.0383562,1.8138e-07,3.24442e-05,3.22628e-05
27-Mar-2026,82.1707,0.0575342,20.7534,20.7628,0.00943542
27-Mar-2026,87.3064,0.0575342,15.6425,15.6887,0.046158
27-Mar-2026,92.442,0.0575342,10.6085,10.7655,0.157015
27-Mar-2026,97.5777,0.0575342,5.93791,6.28963,0.351719
27-Mar-2026,102.713,0.0575342,2.3338,2.79646,0.462664
27-Mar-2026,107.849,0.0575342,0.49149,0.787786,0.296296
27-Mar-2026,112.985,0.0575342,0.0390146,0.113715,0.0747004
27-Mar-2026,118.12,0.0575342,0.000981804,0.00821439,0.00723259
27-Mar-2026,123.256,0.0575342,9.77277e-06,0.000364911,0.000355138
27-Mar-2026,82.1707,0.0767123,20.8347,20.8625,0.0277551
27-Mar-2026,87.3064,0.0767123,15.7517,15.8418,0.0901353
27-Mar-2026,92.442,0.0767123,10.7996,11.0222,0.222595
27-Mar-2026,97.5777,0.0767123,6.27729,6.67591,0.39862
27-Mar-2026,102.713,0.0767123,2.75369,3.22934,0.475646
27-Mar-2026,107.849,0.0767123,0.756138,1.0863,0.330166
27-Mar-2026,112.985,0.0767123,0.102288,0.217971,0.115683
27-Mar-2026,118.12,0.0767123,0.00608379,0.0261316,0.0200478
27-Mar-2026,123.256,0.0767123,0.000186655,0.00221654,0.00202988
27-Mar-2026,82.1707,0.0931507,20.8925,20.9357,0.0432175
27-Mar-2026,87.3064,0.0931507,15.8335,15.9518,0.118311
27-Mar-2026,92.442,0.0931507,10.9364,11.1911,0.254696
27-Mar-2026,97.5777,0.0931507,6.49393,6.90778,0.41385
27-Mar-2026,102.713,0.0931507,3.00698,3.47848,0.4715
27-Mar-2026,107.849,0.0931507,0.930785,1.26687,0.33608
27-Mar-2026,112.985,0.0931507,0.158476,0.293126,0.13465
27-Mar-2026,118.12,0.0931507,0.0135524,0.0435429,0.0299905
27-Mar-2026,123.256,0.0931507,0.000665723,0.00484099,0.00417527
27-Mar-2026,82.1707,0.0109589,20.5808,20.5805,0.000344735
27-Mar-2026,87.3064,0.0109589,15.4475,15.4471,0.000357993
27-Mar-2026,92.442,0.0109589,10.3143,10.3147,0.000392396
27-Mar-2026,97.5777,0.0109589,5.19731,5.24616,0.0488519
27-Mar-2026,102.713,0.0109589,0.960881,1.21614,0.255258
27-Mar-2026,107.849,0.0109589,0.00811346,0.0400782,0.0319647
27-Mar-2026,112.985,0.0109589,2.04138e-07,4.44137e-05,4.42096e-05
27-Mar-2026,118.12,0.0109589,5.81712e-15,9.73153e-10,9.73147e-10
27-Mar-2026,123.256,0.0109589,1.52172e-15,-1.64225e-15,3.16397e-15
27-Mar-2026,82.1707,0.172603,21.2397,21.3566,0.116854
27-Mar-2026,87.3064,0.172603,16.3282,16.5331,0.204879
27-Mar-2026,92.442,0.172603,11.672,11.9771,0.305142
27-Mar-2026,97.5777,0.172603,7.49941,7.87266,0.373246
27-Mar-2026,102.713,0.172603,4.1114,4.46688,0.35548
27-Mar-2026,107.849,0.172603,1.78041,2.02817,0.247758
27-Mar-2026,112.985,0.172603,0.555036,0.684827,0.129791
27-Mar-2026,118.12,0.172603,0.119382,0.17553,0.0561482
27-Mar-2026,123.256,0.172603,0.0189688,0.0381859,0.0192171
27-Mar-2026,82.1707,0.260274,21.6822,21.8218,0.139578
27-Mar-2026,87.3064,0.260274,16.921,17.1137,0.192703
27-Mar-2026,92.442,0.260274,12.4486,12.6755,0.226865
27-Mar-2026,97.5777,0.260274,8.43782,8.65241,0.21459
27-Mar-2026,102.713,0.260274,5.09584,5.23966,0.143822
27-Mar-2026,107.849,0.260274,2.61579,2.66458,0.0487945
27-Mar-2026,112.985,0.260274,1.08089,1.0809,5.68067e-06
27-Mar-2026,118.12,0.260274,0.349786,0.354111,0.0043253
27-Mar-2026,123.256,0.260274,0.0919712,0.102154,0.0101824
27-Mar-2026,82.1707,0.345205,22.1487,22.2537,0.104985
27-Mar-2026,87.3064,0.345205,17.5109,17.6222,0.111298
27-Mar-2026,92.442,0.345205,13.1699,13.2545,0.0845739
27-Mar-2026,97.5777,0.345205,9.26312,9.27622,0.0131017
27-Mar-2026,102.713,0.345205,5.94854,5.85679,0.091748
27-Mar-2026,107.849,0.345205,3.37685,3.19663,0.180218
27-Mar-2026,112.985,0.345205,1.63439,1.44838,0.186006
27-Mar-2026,118.12,0.345205,0.660527,0.546443,0.114084
27-Mar-2026,123.256,0.345205,0.227249,0.183233,0.0440163
27-Mar-2026,82.1707,0.430137,22.6279,22.6583,0.0304415
27-Mar-2026,87.3064,0.430137,18.0935,18.0837,0.00984145
27-Mar-2026,92.442,0.430137,13.8547,13.7668,0.0879096
27-Mar-2026,97.5777,0.430137,10.0249,9.82167,0.203232
27-Mar-2026,102.713,0.430137,6.73161,6.40034,0.331271
27-Mar-2026,107.849,0.430137,4.09769,3.68103,0.416661
27-Mar-2026,112.985,0.430137,2.20388,1.80706,0.396821
27-Mar-2026,118.12,0.430137,1.03009,0.754212,0.275878
27-Mar-2026,123.256,0.430137,0.422168,0.280343,0.141825
27-Mar-2026,82.1707,0.512329,23.098,23.031,0.0670062
27-Mar-2026,87.3064,0.512329,18.6498,18.5013,0.148453
27-Mar-2026,92.442,0.512329,14.4926,14.2252,0.267432
27-Mar-2026,97.5777,0.512329,10.7232,10.3082,0.415012
27-Mar-2026,102.713,0.512329,7.44834,6.88902,0.559321
27-Mar-2026,107.849,0.512329,4.77142,4.1272,0.644224
27-Mar-2026,112.985,0.512329,2.76551,2.15472,0.61079
27-Mar-2026,118.12,0.512329,1.43084,0.9723,0.45854
27-Mar-2026,123.256,0.512329,0.662895,0.391273,0.271622
27-Mar-2026,82.1707,0.594521,23.6092,23.4194,0.189818
27-Mar-2026,87.3064,0.594521,19.243,18.9325,0.310473
27-Mar-2026,92.442,0.594521,15.1613,14.6957,0.465565
27-Mar-2026,97.5777,0.594521,11.4475,10.8075,0.640044
27-Mar-2026,102.713,0.594521,8.19177,7.39378,0.797995
27-Mar-2026,107.849,0.594521,5.4813,4.59663,0.884674
27-Mar-2026,112.985,0.594521,3.38061,2.53559,0.845017
27-Mar-2026,118.12,0.594521,1.90107,1.22793,0.673138
27-Mar-2026,123.256,0.594521,0.974434,0.531962,0.442472
27-Mar-2026,82.1707,0.679452,24.081,23.7686,0.312441
27-Mar-2026,87.3064,0.679452,19.7824,19.3181,0.464311
27-Mar-2026,92.442,0.679452,15.7622,15.1153,0.646939
27-Mar-2026,97.5777,0.679452,12.0937,11.2526,0.841128
27-Mar-2026,102.713,0.679452,8.85532,7.84588,1.00944
27-Mar-2026,107.849,0.679452,6.12249,5.02302,1.09947
27-Mar-2026,112.985,0.679452,3.95231,2.89279,1.05952
27-Mar-2026,118.12,0.679452,2.361,1.48155,0.879448
27-Mar-2026,123.256,0.679452,1.30266,0.681881,0.620779
27-Mar-2026,82.1707,0.764384,24.5885,24.139,0.449523
27-Mar-2026,87.3064,0.764384,20.3563,19.7257,0.630566
27-Mar-2026,92.442,0.764384,16.3958,15.5579,0.837919
27-Mar-2026,97.5777,0.764384,12.7716,11.722,1.04957
27-Mar-2026,102.713,0.764384,9.55203,8.32419,1.22784
27-Mar-2026,107.849,0.764384,6.80195,5.47898,1.32297
27-Mar-2026,112.985,0.764384,4.57138,3.28463,1.28675
27-Mar-2026,118.12,0.764384,2.87863,1.77306,1.10557
27-Mar-2026,123.256,0.764384,1.69393,0.865523,0.828407
27-Mar-2026,82.1707,0.843836,25.0029,24.4396,0.5633
27-Mar-2026,87.3064,0.843836,20.821,20.0558,0.765229
27-Mar-2026,92.442,0.843836,16.9054,15.9156,0.989823
27-Mar-2026,97.5777,0.843836,13.315,12.1011,1.21387
27-Mar-2026,102.713,0.843836,10.1108,8.71121,1.39959
27-Mar-2026,107.849,0.843836,7.35069,5.85089,1.4998
27-Mar-2026,112.985,0.843836,5.07951,3.61062,1.46889
27-Mar-2026,118.12,0.843836,3.31586,2.02471,1.29115
27-Mar-2026,123.256,0.843836,2.03901,1.03268,1.00633
27-Mar-2026,82.1707,0.920548,25.4213,24.7429,0.678354
27-Mar-2026,87.3064,0.920548,21.2875,20.3882,0.89934
27-Mar-2026,92.442,0.920548,17.4146,16.2752,1.13939
27-Mar-2026,97.5777,0.920548,13.8564,12.4819,1.37445
27-Mar-2026,102.713,0.920548,10.6679,9.10042,1.56748
27-Mar-2026,107.849,0.920548,7.90067,6.22716,1.67351
27-Mar-2026,112.985,0.920548,5.59487,3.94542,1.64945
27-Mar-2026,118.12,0.920548,3.76874,2.29063,1.47811
27-Mar-2026,123.256,0.920548,2.40803,1.21695,1.19108
30-Mar-2026,81.3185,0.00821918,20.3491,20.349,9.666e-05
30-Mar-2026,86.4009,0.00821918,15.2679,15.2678,7.77027e-05
30-Mar-2026,91.4833,0.00821918,10.1868,10.1866,0.000155649
30-Mar-2026,96.5657,0.00821918,5.10607,5.11414,0.00806977
30-Mar-2026,101.648,0.00821918,0.63742,0.876222,0.238802
30-Mar-2026,106.731,0.00821918,0.00010147,0.00684623,0.00674476
30-Mar-2026,111.813,0.00821918,1.49565e-14,1.07216e-06,1.07216e-06
30-Mar-2026,81.3185,0.030137,20.4401,20.4403,0.000196191
30-Mar-2026,86.4009,0.030137,15.3648,15.3699,0.00512129
30-Mar-2026,91.4833,0.030137,10.2982,10.3483,0.050117
30-Mar-2026,96.5657,0.030137,5.38866,5.63852,0.249863
30-Mar-2026,101.648,0.030137,1.56225,2.05984,0.497592
30-Mar-2026,106.731,0.030137,0.124966,0.415221,0.290255
30-Mar-2026,111.813,0.030137,0.00107913,0.0480926,0.0470135
30-Mar-2026,116.895,0.030137,7.13205e-07,0.00392272,0.00392201
30-Mar-2026,121.978,0.030137,7.05343e-11,0.000264543,0.000264543
30-Mar-2026,81.3185,0.0493151,20.5117,20.5172,0.00547108
30-Mar-2026,86.4009,0.0493151,15.4449,15.4774,0.0324549
30-Mar-2026,91.4833,0.0493151,10.4224,10.5576,0.13523
30-Mar-2026,96.5657,0.0493151,5.69148,6.05812,0.366637
30-Mar-2026,101.648,0.0493151,2.0349,2.60847,0.573569
30-Mar-2026,106.731,0.0493151,0.324402,0.7701,0.445698
30-Mar-2026,111.813,0.0493151,0.0138593,0.166891,0.153032
30-Mar-2026,116.895,0.0493151,0.000132495,0.0303942,0.0302617
30-Mar-2026,121.978,0.0493151,4.18049e-07,0.00508277,0.00508235
30-Mar-2026,81.3185,0.0684932,20.5782,20.5965,0.0183044
30-Mar-2026,86.4009,0.0684932,15.527,15.597,0.0700346
30-Mar-2026,91.4833,0.0684932,10.5624,10.7663,0.203888
30-Mar-2026,96.5657,0.0684932,5.9665,6.39391,0.427406
30-Mar-2026,101.648,0.0684932,2.3975,3.00248,0.604976
30-Mar-2026,106.731,0.0684932,0.52477,1.05724,0.532469
30-Mar-2026,111.813,0.0684932,0.0441888,0.300266,0.256077
30-Mar-2026,116.895,0.0684932,0.00127213,0.0765917,0.0753195
30-Mar-2026,121.978,0.0684932,1.65347e-05,0.0186562,0.0186397
30-Mar-2026,81.3185,0.0849315,20.6335,20.6666,0.0331209
30-Mar-2026,86.4009,0.0849315,15.6002,15.7021,0.1019
30-Mar-2026,91.4833,0.0849315,10.6864,10.9337,0.247277
30-Mar-2026,96.5657,0.0849315,6.18041,6.63591,0.455502
30-Mar-2026,101.648,0.0849315,2.65927,3.27334,0.614067
30-Mar-2026,106.731,0.0849315,0.68836,1.26526,0.576896
30-Mar-2026,111.813,0.0849315,0.0815827,0.412114,0.330531
30-Mar-2026,116.895,0.0849315,0.00404588,0.124288,0.120242
30-Mar-2026,121.978,0.0849315,0.000105151,0.0364451,0.0363399
30-Mar-2026,81.3185,0.00273973,20.3361,20.336,9.83669e-05
30-Mar-2026,86.4009,0.00273973,15.2541,15.254,9.20153e-05
30-Mar-2026,91.4833,0.00273973,10.1721,10.172,8.56637e-05
30-Mar-2026,96.5657,0.00273973,5.09013,5.09003,9.61743e-05
30-Mar-2026,101.648,0.00273973,0.364871,0.505341,0.14047
30-Mar-2026,106.731,0.00273973,1.02293e-08,6.84557e-06,6.83534e-06
30-Mar-2026,116.895,0.00273973,6.24082e-16,-4.8011e-16,1.10419e-15
30-Mar-2026,121.978,0.00273973,6.2741e-16,-5.2806e-16,1.15547e-15
30-Mar-2026,81.3185,0.164384,20.9617,21.0783,0.116589
30-Mar-2026,86.4009,0.164384,16.0598,16.2713,0.211514
30-Mar-2026,91.4833,0.164384,11.3871,11.7179,0.330807
30-Mar-2026,96.5657,0.164384,7.18259,7.63055,0.447956
30-Mar-2026,101.648,0.164384,3.78405,4.33284,0.548795
30-Mar-2026,106.731,0.164384,1.5104,2.13192,0.621524
30-Mar-2026,111.813,0.164384,0.405892,0.963765,0.557873
30-Mar-2026,116.895,0.164384,0.0706109,0.427239,0.356628
30-Mar-2026,121.978,0.164384,0.00883695,0.19095,0.182113
30-Mar-2026,81.3185,0.252055,21.4072,21.5579,0.150724
30-Mar-2026,86.4009,0.252055,16.6592,16.8708,0.211569
30-Mar-2026,91.4833,0.252055,12.185,12.4514,0.266428
30-Mar-2026,96.5657,0.252055,8.16478,8.47964,0.314859
30-Mar-2026,101.648,0.252055,4.82273,5.2132,0.390473
30-Mar-2026,106.731,0.252055,2.37507,2.89367,0.518596
30-Mar-2026,111.813,0.252055,0.914341,1.5119,0.597555
30-Mar-2026,116.895,0.252055,0.267932,0.782312,0.51438
30-Mar-2026,121.978,0.252055,0.0630938,0.411271,0.348178
30-Mar-2026,81.3185,0.336986,21.8645,21.9864,0.12192
30-Mar-2026,86.4009,0.336986,17.2404,17.3809,0.140538
30-Mar-2026,91.4833,0.336986,12.9025,13.0492,0.146688
30-Mar-2026,96.5657,0.336986,8.99383,9.1523,0.158465
30-Mar-2026,101.648,0.336986,5.68359,5.90788,0.224291
30-Mar-2026,106.731,0.336986,3.13747,3.51408,0.376606
30-Mar-2026,111.813,0.336986,1.45105,1.9848,0.533748
30-Mar-2026,116.895,0.336986,0.550364,1.10845,0.55809
30-Mar-2026,121.978,0.336986,0.176136,0.62764,0.451504
30-Mar-2026,81.3185,0.421918,22.3389,22.3947,0.0557913
30-Mar-2026,86.4009,0.421918,17.8201,17.8567,0.0366139
30-Mar-2026,91.4833,0.421918,13.5889,13.5966,0.00772661
30-Mar-2026,96.5657,0.421918,9.763,9.76076,0.00223583
30-Mar-2026,101.648,0.421918,6.47756,6.53594,0.0583792
30-Mar-2026,106.731,0.421918,3.86573,4.08735,0.22162
30-Mar-2026,111.813,0.421918,2.0158,2.43986,0.424059
30-Mar-2026,116.895,0.421918,0.902499,1.43532,0.532821
30-Mar-2026,121.978,0.421918,0.351646,0.851975,0.500329
30-Mar-2026,81.3185,0.50411,22.8078,22.7786,0.0291863
30-Mar-2026,86.4009,0.50411,18.3776,18.299,0.0786123
30-Mar-2026,91.4833,0.50411,14.232,14.1001,0.13188
30-Mar-2026,96.5657,0.50411,10.471,10.3158,0.15521
30-Mar-2026,101.648,0.50411,7.2069,7.10865,0.098255
30-Mar-2026,106.731,0.50411,4.55038,4.61884,0.0684643
30-Mar-2026,111.813,0.50411,2.58021,2.87596,0.295751
30-Mar-2026,116.895,0.50411,1.29512,1.75995,0.464833
30-Mar-2026,121.978,0.50411,0.578506,1.08126,0.50275
30-Mar-2026,81.3185,0.586301,23.2986,23.1694,0.129163
30-Mar-2026,86.4009,0.586301,18.9496,18.7457,0.203859
30-Mar-2026,91.4833,0.586301,14.8802,14.6046,0.27557
30-Mar-2026,96.5657,0.586301,11.1765,10.8682,0.308315
30-Mar-2026,101.648,0.586301,7.93347,7.67836,0.255114
30-Mar-2026,106.731,0.586301,5.24381,5.15457,0.0892429
30-Mar-2026,111.813,0.586301,3.17664,3.32797,0.151332
30-Mar-2026,116.895,0.586301,1.74314,2.10771,0.364572
30-Mar-2026,121.978,0.586301,0.867027,1.33397,0.466942
30-Mar-2026,81.3185,0.671233,23.7966,23.5603,0.236327
30-Mar-2026,86.4009,0.671233,19.5212,19.1897,0.331492
30-Mar-2026,91.4833,0.671233,15.5197,15.1025,0.417219
30-Mar-2026,96.5657,0.671233,11.867,11.41,0.456991
30-Mar-2026,101.648,0.671233,8.64461,8.23682,0.407793
30-Mar-2026,106.731,0.671233,5.93112,5.68542,0.245696
30-Mar-2026,111.813,0.671233,3.78674,3.78673,9.29001e-06
30-Mar-2026,116.895,0.671233,2.22843,2.47159,0.243165
30-Mar-2026,121.978,0.671233,1.2068,1.6061,0.399295
30-Mar-2026,81.3185,0.756164,24.2887,23.9442,0.3445
30-Mar-2026,86.4009,0.756164,20.0796,19.6234,0.456165
30-Mar-2026,91.4833,0.756164,16.1383,15.5858,0.552492
30-Mar-2026,96.5657,0.756164,12.5312,11.9332,0.597969
30-Mar-2026,101.648,0.756164,9.32885,8.77574,0.553105
30-Mar-2026,106.731,0.756164,6.59883,6.20223,0.396605
30-Mar-2026,111.813,0.756164,4.3936,4.24236,0.151243
30-Mar-2026,116.895,0.756164,2.73227,2.84288,0.110609
30-Mar-2026,121.978,0.756164,1.58287,1.89144,0.308572
30-Mar-2026,81.3185,0.835616,24.7311,24.2891,0.44204
30-Mar-2026,86.4009,0.835616,20.5772,20.0112,0.566022
30-Mar-2026,91.4833,0.835616,16.6858,16.0156,0.670227
30-Mar-2026,96.5657,0.835616,13.1166,12.3964,0.720209
30-Mar-2026,101.648,0.835616,9.93213,9.25251,0.679618
30-Mar-2026,106.731,0.835616,7.19179,6.66256,0.529234
30-Mar-2026,111.813,0.835616,4.94192,4.6547,0.287222
30-Mar-2026,116.895,0.835616,3.20196,3.1865,0.0154608
30-Mar-2026,121.978,0.835616,1.95048,2.16194,0.211456
30-Mar-2026,81.3185,0.912329,25.1568,24.6216,0.535237
30-Mar-2026,86.4009,0.912329,21.053,20.3835,0.669516
30-Mar-2026,91.4833,0.912329,17.2065,16.4263,0.780164
30-Mar-2026,96.5657,0.912329,13.6716,12.8374,0.834172
30-Mar-2026,101.648,0.912329,10.5044,9.70626,0.79814
30-Mar-2026,106.731,0.912329,7.75728,7.10302,0.654264
30-Mar-2026,111.813,0.912329,5.47165,5.05425,0.417402
30-Mar-2026,116.895,0.912329,3.6664,3.52562,0.14078
30-Mar-2026,121.978,0.912329,2.32711,2.43442,0.107314
31-Mar-2026,81.8163,0.0273973,20.559,20.5587,0.00030614
31-Mar-2026,86.9298,0.0273973,15.4521,15.4535,0.00144738
31-Mar-2026,92.0433,0.0273973,10.351,10.3739,0.0229002
31-Mar-2026,97.1569,0.0273973,5.38202,5.52505,0.143033
31-Mar-2026,102.27,0.0273973,1.48487,1.79434,0.30947
31-Mar-2026,107.384,0.0273973,0.0959118,0.262187,0.166275
31-Mar-2026,112.497,0.0273973,0.000477304,0.0194546,0.0189773
31-Mar-2026,117.611,0.0273973,1.34579e-07,0.00100509,0.00100496
31-Mar-2026,122.724,0.0273973,5.10203e-12,4.38819e-05,4.38819e-05
31-Mar-2026,81.8163,0.0465753,20.6312,20.6332,0.00196956
31-Mar-2026,86.9298,0.0465753,15.5317,15.5476,0.0158699
31-Mar-2026,92.0433,0.0465753,10.4686,10.5443,0.0756913
31-Mar-2026,97.1569,0.0465753,5.67468,5.89321,0.218529
31-Mar-2026,102.27,0.0465753,1.96069,2.30609,0.345397
31-Mar-2026,107.384,0.0465753,0.278473,0.550947,0.272474
31-Mar-2026,112.497,0.0465753,0.00906256,0.0924911,0.0834285
31-Mar-2026,117.611,0.0465753,5.79628e-05,0.0132068,0.0131489
31-Mar-2026,122.724,0.0465753,1.18354e-07,0.00176728,0.00176716
31-Mar-2026,81.8163,0.0657534,20.6978,20.7069,0.0091133
31-Mar-2026,86.9298,0.0657534,15.612,15.651,0.0390131
31-Mar-2026,92.0433,0.0657534,10.6026,10.7228,0.120178
31-Mar-2026,97.1569,0.0657534,5.94453,6.19681,0.252284
31-Mar-2026,102.27,0.0657534,2.32398,2.67407,0.350092
31-Mar-2026,107.384,0.0657534,0.468769,0.795874,0.327105
31-Mar-2026,112.497,0.0657534,0.0329166,0.187382,0.154465
31-Mar-2026,117.611,0.0657534,0.000729936,0.0403215,0.0395916
31-Mar-2026,122.724,0.0657534,7.19462e-06,0.00843631,0.00842911
31-Mar-2026,81.8163,0.0821918,20.7529,20.771,0.0181382
31-Mar-2026,86.9298,0.0821918,15.6834,15.7429,0.059485
31-Mar-2026,92.0433,0.0821918,10.7225,10.87,0.147473
31-Mar-2026,97.1569,0.0821918,6.15565,6.41895,0.263303
31-Mar-2026,102.27,0.0821918,2.58592,2.92845,0.342526
31-Mar-2026,107.384,0.0821918,0.626446,0.977627,0.351181
31-Mar-2026,112.497,0.0821918,0.0644153,0.272264,0.207849
31-Mar-2026,117.611,0.0821918,0.00261315,0.0715712,0.068958
31-Mar-2026,122.724,0.0821918,5.50245e-05,0.0186007,0.0185457
31-Mar-2026,81.8163,0.161644,21.077,21.149,0.0720139
31-Mar-2026,86.9298,0.161644,16.1329,16.2585,0.125562
31-Mar-2026,92.0433,0.161644,11.4101,11.5885,0.178382
31-Mar-2026,97.1569,0.161644,7.15195,7.35652,0.204572
31-Mar-2026,102.27,0.161644,3.71217,3.94396,0.231785
31-Mar-2026,107.384,0.161644,1.43342,1.76757,0.334149
31-Mar-2026,112.497,0.161644,0.361788,0.728039,0.366251
31-Mar-2026,117.611,0.161644,0.0577579,0.2998,0.242042
31-Mar-2026,122.724,0.161644,0.00661674,0.126263,0.119646
31-Mar-2026,81.8163,0.249315,21.5174,21.6014,0.0840284
31-Mar-2026,86.9298,0.249315,16.7254,16.8247,0.0993166
31-Mar-2026,92.0433,0.249315,12.2032,12.2904,0.0872431
31-Mar-2026,97.1569,0.249315,8.13521,8.18713,0.0519181
31-Mar-2026,102.27,0.249315,4.75597,4.81813,0.0621648
31-Mar-2026,107.384,0.249315,2.29576,2.50132,0.20556
31-Mar-2026,112.497,0.249315,0.853528,1.21992,0.366387
31-Mar-2026,117.611,0.249315,0.238416,0.597649,0.359233
31-Mar-2026,122.724,0.249315,0.0533732,0.301399,0.248026
31-Mar-2026,81.8163,0.334247,21.9717,22.0151,0.0434429
31-Mar-2026,86.9298,0.334247,17.3043,17.32,0.0156873
31-Mar-2026,92.0433,0.334247,12.9211,12.8785,0.0426317
31-Mar-2026,97.1569,0.334247,8.96896,8.86164,0.107319
31-Mar-2026,102.27,0.334247,5.62435,5.52401,0.100344
31-Mar-2026,107.384,0.334247,3.06245,3.11985,0.0574021
31-Mar-2026,112.497,0.334247,1.38476,1.66669,0.281927
31-Mar-2026,117.611,0.334247,0.509094,0.888564,0.37947
31-Mar-2026,122.724,0.334247,0.157414,0.485678,0.328264
31-Mar-2026,81.8163,0.419178,22.4453,22.4157,0.0296149
31-Mar-2026,86.9298,0.419178,17.8847,17.7899,0.0947879
31-Mar-2026,92.0433,0.419178,13.6109,13.426,0.184947
31-Mar-2026,97.1569,0.419178,9.74503,9.48022,0.26481
31-Mar-2026,102.27,0.419178,6.4276,6.16969,0.257906
31-Mar-2026,107.384,0.419178,3.7984,3.70205,0.0963522
31-Mar-2026,112.497,0.419178,1.95037,2.11042,0.160048
31-Mar-2026,117.611,0.419178,0.854778,1.19207,0.337294
31-Mar-2026,122.724,0.419178,0.324962,0.685441,0.360479
31-Mar-2026,81.8163,0.50137,22.9152,22.7964,0.118769
31-Mar-2026,86.9298,0.50137,18.4447,18.2316,0.213126
31-Mar-2026,92.0433,0.50137,14.2591,13.9344,0.324651
31-Mar-2026,97.1569,0.50137,10.4611,10.0486,0.412502
31-Mar-2026,102.27,0.50137,7.16712,6.76174,0.405381
31-Mar-2026,107.384,0.50137,4.49246,4.24712,0.245344
31-Mar-2026,112.497,0.50137,2.51954,2.54413,0.0245885
31-Mar-2026,117.611,0.50137,1.24572,1.50196,0.256242
31-Mar-2026,122.724,0.50137,0.546519,0.896201,0.349682
31-Mar-2026,81.8163,0.583562,23.4084,23.1868,0.221573
31-Mar-2026,86.9298,0.583562,19.0211,18.6808,0.340287
31-Mar-2026,92.0433,0.583562,14.9142,14.4469,0.46732
31-Mar-2026,97.1569,0.583562,11.1762,10.6163,0.559884
31-Mar-2026,102.27,0.583562,7.90505,7.35196,0.553094
31-Mar-2026,107.384,0.583562,5.19694,4.79923,0.397709
31-Mar-2026,112.497,0.583562,3.12361,2.99925,0.124358
31-Mar-2026,117.611,0.583562,1.69582,1.84044,0.144624
31-Mar-2026,122.724,0.583562,0.832579,1.13405,0.301466
31-Mar-2026,81.8163,0.668493,23.9101,23.5791,0.330983
31-Mar-2026,86.9298,0.668493,19.5983,19.1292,0.469094
31-Mar-2026,92.0433,0.668493,15.5617,14.9542,0.607525
31-Mar-2026,97.1569,0.668493,11.8771,11.174,0.703113
31-Mar-2026,102.27,0.668493,8.62823,7.93069,0.697543
31-Mar-2026,107.384,0.668493,5.89627,5.34752,0.54875
31-Mar-2026,112.497,0.668493,3.74328,3.46479,0.278494
31-Mar-2026,117.611,0.668493,2.18624,2.1996,0.0133584
31-Mar-2026,122.724,0.668493,1.17294,1.39483,0.221887
31-Mar-2026,81.8163,0.753425,24.4068,23.9657,0.441139
31-Mar-2026,86.9298,0.753425,20.1632,19.5684,0.594796
31-Mar-2026,92.0433,0.753425,16.189,15.4475,0.741534
31-Mar-2026,97.1569,0.753425,12.5521,11.7126,0.839475
31-Mar-2026,102.27,0.753425,9.3247,8.48877,0.835925
31-Mar-2026,107.384,0.753425,6.57636,5.88158,0.694777
31-Mar-2026,112.497,0.753425,4.36081,3.92932,0.431492
31-Mar-2026,117.611,0.753425,2.69732,2.56966,0.127658
31-Mar-2026,122.724,0.753425,1.55224,1.67203,0.119788
31-Mar-2026,81.8163,0.832877,24.8541,24.3135,0.540572
31-Mar-2026,86.9298,0.832877,20.6673,19.9616,0.705686
31-Mar-2026,92.0433,0.832877,16.7448,15.8864,0.858422
31-Mar-2026,97.1569,0.832877,13.1474,12.1892,0.958172
31-Mar-2026,102.27,0.832877,9.93914,8.98193,0.957209
31-Mar-2026,107.384,0.832877,7.18069,6.35714,0.823549
31-Mar-2026,112.497,0.832877,4.91942,4.35083,0.568591
31-Mar-2026,117.611,0.832877,3.1749,2.91442,0.260485
31-Mar-2026,122.724,0.832877,1.92462,1.93741,0.0127941
31-Mar-2026,81.8163,0.909589,25.2851,24.6493,0.63578
31-Mar-2026,86.9298,0.909589,21.1498,20.3395,0.810329
31-Mar-2026,92.0433,0.909589,17.2738,16.3059,0.967854
31-Mar-2026,97.1569,0.909589,13.7123,12.6428,1.06955
31-Mar-2026,102.27,0.909589,10.5222,9.4507,1.0715
31-Mar-2026,107.384,0.909589,7.75728,6.81186,0.94542
31-Mar-2026,112.497,0.909589,5.45947,4.75985,0.699623
31-Mar-2026,117.611,0.909589,3.64782,3.25618,0.391645
31-Mar-2026,122.724,0.909589,2.30721,2.2067,0.100508
01-Apr-2026,81.5341,0.0246575,20.4833,20.4837,0.000387861
01-Apr-2026,86.63,0.0246575,15.3937,15.3948,0.00109779
01-Apr-2026,91.7259,0.0246575,10.3083,10.321,0.0127249
01-Apr-2026,96.8217,0.0246575,5.33906,5.42747,0.0884082
01-Apr-2026,101.918,0.0246575,1.42738,1.62177,0.194389
01-Apr-2026,107.014,0.0246575,0.0807099,0.183899,0.103189
01-Apr-2026,112.109,0.0246575,0.000286291,0.00962681,0.00934052
01-Apr-2026,117.205,0.0246575,4.61111e-08,0.000347097,0.000347051
01-Apr-2026,122.301,0.0246575,8.77687e-13,1.06687e-05,1.06687e-05
01-Apr-2026,81.5341,0.0438356,20.5565,20.5581,0.00160716
01-Apr-2026,86.63,0.0438356,15.4738,15.4838,0.0099919
01-Apr-2026,91.7259,0.0438356,10.4232,10.4718,0.0485618
01-Apr-2026,96.8217,0.0438356,5.62841,5.76656,0.138155
01-Apr-2026,101.918,0.0438356,1.91101,2.11683,0.20582
01-Apr-2026,107.014,0.0438356,0.256485,0.434463,0.177978
01-Apr-2026,112.109,0.0438356,0.00731899,0.0610586,0.0537396
01-Apr-2026,117.205,0.0438356,3.80024e-05,0.00736196,0.00732396
01-Apr-2026,122.301,0.0438356,6.02464e-08,0.000840684,0.000840624
01-Apr-2026,81.5341,0.0630137,20.6239,20.6301,0.00623116
01-Apr-2026,86.63,0.0630137,15.5539,15.58,0.0261061
01-Apr-2026,91.7259,0.0630137,10.5551,10.6345,0.0794027
01-Apr-2026,96.8217,0.0630137,5.89744,6.05258,0.155138
01-Apr-2026,101.918,0.0630137,2.27727,2.4721,0.194826
01-Apr-2026,107.014,0.0630137,0.443419,0.655396,0.211977
01-Apr-2026,112.109,0.0630137,0.028809,0.136404,0.107595
01-Apr-2026,117.205,0.0630137,0.000567024,0.026265,0.025698
01-Apr-2026,122.301,0.0630137,4.853e-06,0.00496416,0.00495931
01-Apr-2026,81.5341,0.0794521,20.6794,20.692,0.012606
01-Apr-2026,86.63,0.0794521,15.6249,15.6657,0.0407972
01-Apr-2026,91.7259,0.0794521,10.6737,10.7711,0.0973975
01-Apr-2026,96.8217,0.0794521,6.10828,6.26398,0.155705
01-Apr-2026,101.918,0.0794521,2.54042,2.7183,0.177885
01-Apr-2026,107.014,0.0794521,0.599137,0.822262,0.223125
01-Apr-2026,112.109,0.0794521,0.0581812,0.207216,0.149035
01-Apr-2026,117.205,0.0794521,0.00216606,0.0499493,0.0477833
01-Apr-2026,122.301,0.0794521,4.12844e-05,0.0120077,0.0119664
01-Apr-2026,81.5341,0.158904,21.0043,21.0555,0.0512443
01-Apr-2026,86.63,0.158904,16.0726,16.1552,0.0826194
01-Apr-2026,91.7259,0.158904,11.3578,11.4551,0.0973448
01-Apr-2026,96.8217,0.158904,7.10332,7.17119,0.0678727
01-Apr-2026,101.918,0.158904,3.66712,3.71257,0.0454466
01-Apr-2026,107.014,0.158904,1.39879,1.56845,0.169657
01-Apr-2026,112.109,0.158904,0.344748,0.611042,0.266294
01-Apr-2026,117.205,0.158904,0.0532342,0.241185,0.187951
01-Apr-2026,122.301,0.158904,0.00588557,0.0981048,0.0922192
01-Apr-2026,81.5341,0.246575,21.4447,21.4959,0.051244
01-Apr-2026,86.63,0.246575,16.6636,16.7054,0.0418111
01-Apr-2026,91.7259,0.246575,12.1485,12.1409,0.00763744
01-Apr-2026,96.8217,0.246575,8.08417,7.99237,0.0917952
01-Apr-2026,101.918,0.246575,4.70772,4.58503,0.122689
01-Apr-2026,107.014,0.246575,2.25406,2.28569,0.0316256
01-Apr-2026,112.109,0.246575,0.825603,1.07063,0.245031
01-Apr-2026,117.205,0.246575,0.225892,0.508764,0.282872
01-Apr-2026,122.301,0.246575,0.0495041,0.250687,0.201183
01-Apr-2026,81.5341,0.331507,21.8989,21.9036,0.00468781
01-Apr-2026,86.63,0.331507,17.2412,17.1939,0.0472616
01-Apr-2026,91.7259,0.331507,12.8641,12.7242,0.139902
01-Apr-2026,96.8217,0.331507,8.91501,8.66819,0.246818
01-Apr-2026,101.918,0.331507,5.57214,5.29769,0.274454
01-Apr-2026,107.014,0.331507,3.01449,2.90242,0.112071
01-Apr-2026,112.109,0.331507,1.34765,1.50142,0.153772
01-Apr-2026,117.205,0.331507,0.487595,0.780146,0.292551
01-Apr-2026,122.301,0.331507,0.148249,0.418237,0.269988
01-Apr-2026,81.5341,0.416438,22.3721,22.3016,0.0705227
01-Apr-2026,86.63,0.416438,17.8201,17.6618,0.15832
01-Apr-2026,91.7259,0.416438,13.5515,13.2721,0.279361
01-Apr-2026,96.8217,0.416438,9.68787,9.29234,0.395535
01-Apr-2026,101.918,0.416438,6.37115,5.95316,0.417986
01-Apr-2026,107.014,0.416438,3.74451,3.48887,0.255639
01-Apr-2026,112.109,0.416438,1.90491,1.93747,0.0325575
01-Apr-2026,117.205,0.416438,0.823901,1.07017,0.246268
01-Apr-2026,122.301,0.416438,0.308679,0.604787,0.296108
01-Apr-2026,81.5341,0.49863,22.8413,22.682,0.159285
01-Apr-2026,86.63,0.49863,18.3786,18.104,0.274581
01-Apr-2026,91.7259,0.49863,14.1973,13.7837,0.413634
01-Apr-2026,96.8217,0.49863,10.4007,9.8679,0.532797
01-Apr-2026,101.918,0.49863,7.10653,6.55566,0.550874
01-Apr-2026,107.014,0.49863,4.43314,4.04083,0.392312
01-Apr-2026,112.109,0.49863,2.46668,2.3687,0.0979787
01-Apr-2026,117.205,0.49863,1.20587,1.3712,0.165329
01-Apr-2026,122.301,0.49863,0.522143,0.805339,0.283196
01-Apr-2026,81.5341,0.580822,23.3337,23.0735,0.260179
01-Apr-2026,86.63,0.580822,18.9532,18.5555,0.39775
01-Apr-2026,91.7259,0.580822,14.8498,14.3007,0.549136
01-Apr-2026,96.8217,0.580822,11.1124,10.4438,0.668593
01-Apr-2026,101.918,0.580822,7.84024,7.1568,0.683435
01-Apr-2026,107.014,0.580822,5.13231,4.6014,0.530912
01-Apr-2026,112.109,0.580822,3.06371,2.82458,0.23913
01-Apr-2026,117.205,0.580822,1.64712,1.70383,0.0567111
01-Apr-2026,122.301,0.580822,0.799178,1.03483,0.235648
01-Apr-2026,81.5341,0.665753,23.8344,23.4679,0.366532
01-Apr-2026,86.63,0.665753,19.5286,19.007,0.521572
01-Apr-2026,91.7259,0.665753,15.4946,14.8133,0.681278
01-Apr-2026,96.8217,0.665753,11.8099,11.0099,0.799982
01-Apr-2026,101.918,0.665753,8.5593,7.74627,0.813032
01-Apr-2026,107.014,0.665753,5.82659,5.15875,0.667839
01-Apr-2026,112.109,0.665753,3.67686,3.29309,0.383769
01-Apr-2026,117.205,0.665753,2.12918,2.05974,0.0694371
01-Apr-2026,122.301,0.665753,1.13027,1.28914,0.158866
01-Apr-2026,81.5341,0.750685,24.3301,23.857,0.47308
01-Apr-2026,86.63,0.750685,20.0916,19.4499,0.641676
01-Apr-2026,91.7259,0.750685,16.1192,15.3122,0.806954
01-Apr-2026,96.8217,0.750685,12.4815,11.5568,0.924734
01-Apr-2026,101.918,0.750685,9.25187,8.31447,0.937402
01-Apr-2026,107.014,0.750685,6.50201,5.70183,0.800176
01-Apr-2026,112.109,0.750685,4.28847,3.76195,0.526517
01-Apr-2026,117.205,0.750685,2.63265,2.42864,0.204007
01-Apr-2026,122.301,0.750685,1.50065,1.56165,0.0609997
01-Apr-2026,81.5341,0.830137,24.7764,24.2075,0.568855
01-Apr-2026,86.63,0.830137,20.594,19.8467,0.747266
01-Apr-2026,91.7259,0.830137,16.6727,15.7563,0.916373
01-Apr-2026,96.8217,0.830137,13.074,12.0405,1.03346
01-Apr-2026,101.918,0.830137,9.86298,8.81627,1.04671
01-Apr-2026,107.014,0.830137,7.10241,6.18538,0.917025
01-Apr-2026,112.109,0.830137,4.84217,4.18811,0.654056
01-Apr-2026,117.205,0.830137,3.1039,2.7737,0.330203
01-Apr-2026,122.301,0.830137,1.86536,1.82409,0.041267
01-Apr-2026,81.5341,0.906849,25.2064,24.5461,0.660317
01-Apr-2026,86.63,0.906849,21.0749,20.2282,0.846699
01-Apr-2026,91.7259,0.906849,17.1996,16.1809,1.01872
01-Apr-2026,96.8217,0.906849,13.6362,12.5008,1.13545
01-Apr-2026,101.918,0.906849,10.443,9.29297,1.15003
01-Apr-2026,107.014,0.906849,7.67543,6.64762,1.02781
01-Apr-2026,112.109,0.906849,5.37782,4.60205,0.775774
01-Apr-2026,117.205,0.906849,3.57118,3.1167,0.454482
01-Apr-2026,122.301,0.906849,2.24097,2.09155,0.149415
02-Apr-2026,81.7175,0.0219178,20.5231,20.5232,0.000148325
02-Apr-2026,86.8248,0.0219178,15.4216,15.4236,0.0019825
02-Apr-2026,91.9322,0.0219178,10.3235,10.3516,0.0280578
02-Apr-2026,97.0395,0.0219178,5.33333,5.52677,0.193442
02-Apr-2026,102.147,0.0219178,1.40428,1.81052,0.406238
02-Apr-2026,107.254,0.0219178,0.0767698,0.224892,0.148122
02-Apr-2026,112.362,0.0219178,0.000261935,0.00606974,0.00580781
02-Apr-2026,117.469,0.0219178,3.54604e-08,3.48035e-05,3.4768e-05
02-Apr-2026,122.576,0.0219178,4.34893e-13,7.0561e-08,7.05605e-08
02-Apr-2026,81.7175,0.0410959,20.5967,20.5999,0.0032276
02-Apr-2026,86.8248,0.0410959,15.5022,15.5251,0.0228981
02-Apr-2026,91.9322,0.0410959,10.441,10.5526,0.1116
02-Apr-2026,97.0395,0.0410959,5.64605,5.97416,0.328106
02-Apr-2026,102.147,0.0410959,1.94773,2.42919,0.48146
02-Apr-2026,107.254,0.0410959,0.284788,0.553972,0.269184
02-Apr-2026,112.362,0.0410959,0.010365,0.0540379,0.0436729
02-Apr-2026,117.469,0.0410959,7.26108e-05,0.00227566,0.00220305
02-Apr-2026,122.576,0.0410959,1.35812e-07,5.47626e-05,5.46267e-05
02-Apr-2026,81.7175,0.060274,20.6646,20.6787,0.0141199
02-Apr-2026,86.8248,0.060274,15.5845,15.6445,0.0600463
02-Apr-2026,91.9322,0.060274,10.5839,10.7718,0.187916
02-Apr-2026,97.0395,0.060274,5.95032,6.34887,0.39855
02-Apr-2026,102.147,0.060274,2.37298,2.88107,0.508094
02-Apr-2026,107.254,0.060274,0.522439,0.850647,0.328208
02-Apr-2026,112.362,0.060274,0.046192,0.136875,0.0906825
02-Apr-2026,117.469,0.060274,0.00137113,0.0121541,0.010783
02-Apr-2026,122.576,0.060274,1.61178e-05,0.00072664,0.000710522
02-Apr-2026,81.7175,0.0767123,20.7211,20.7498,0.0286623
02-Apr-2026,86.8248,0.0767123,15.6597,15.7542,0.0945359
02-Apr-2026,91.9322,0.0767123,10.7174,10.9555,0.238061
02-Apr-2026,97.0395,0.0767123,6.19534,6.62641,0.431069
02-Apr-2026,102.147,0.0767123,2.68657,3.1983,0.511734
02-Apr-2026,107.254,0.0767123,0.727901,1.07885,0.350953
02-Apr-2026,112.362,0.0767123,0.0981238,0.221939,0.123815
02-Apr-2026,117.469,0.0767123,0.00571646,0.0281383,0.0224218
02-Apr-2026,122.576,0.0767123,0.00015867,0.00258099,0.00242232
02-Apr-2026,81.7175,0.0986301,20.8121,20.8685,0.0563947
02-Apr-2026,86.8248,0.0986301,15.7895,15.9336,0.144059
02-Apr-2026,91.9322,0.0986301,10.9399,11.2324,0.292492
02-Apr-2026,97.0395,0.0986301,6.55953,7.01159,0.452058
02-Apr-2026,102.147,0.0986301,3.12762,3.62462,0.497003
02-Apr-2026,107.254,0.0986301,1.04871,1.40558,0.356874
02-Apr-2026,112.362,0.0986301,0.213024,0.370312,0.157288
02-Apr-2026,117.469,0.0986301,0.0236556,0.0666373,0.0429817
02-Apr-2026,122.576,0.0986301,0.00149723,0.00924991,0.00775268
02-Apr-2026,81.7175,0.156164,21.0725,21.1958,0.123345
02-Apr-2026,86.8248,0.156164,16.1742,16.3971,0.222929
02-Apr-2026,91.9322,0.156164,11.5388,11.8765,0.337702
02-Apr-2026,97.0395,0.156164,7.41236,7.82858,0.416221
02-Apr-2026,102.147,0.156164,4.10196,4.50179,0.399831
02-Apr-2026,107.254,0.156164,1.84491,2.13215,0.287242
02-Apr-2026,112.362,0.156164,0.63066,0.786307,0.155647
02-Apr-2026,117.469,0.156164,0.155274,0.224559,0.0692854
02-Apr-2026,122.576,0.156164,0.0274099,0.0530597,0.0256498
02-Apr-2026,81.7175,0.243836,21.5967,21.7603,0.163606
02-Apr-2026,86.8248,0.243836,16.912,17.1319,0.219924
02-Apr-2026,91.9322,0.243836,12.5518,12.8029,0.251073
02-Apr-2026,97.0395,0.243836,8.68658,8.91936,0.232779
02-Apr-2026,102.147,0.243836,5.49278,5.6523,0.159523
02-Apr-2026,107.254,0.243836,3.0974,3.16071,0.0633124
02-Apr-2026,112.362,0.243836,1.51719,1.51405,0.00313818
02-Apr-2026,117.469,0.243836,0.630744,0.614481,0.0162626
02-Apr-2026,122.576,0.243836,0.220029,0.216103,0.00392631
02-Apr-2026,81.7175,0.328767,22.1706,22.2912,0.120592
02-Apr-2026,86.8248,0.328767,17.6667,17.786,0.119252
02-Apr-2026,91.9322,0.328767,13.5033,13.5848,0.0815285
02-Apr-2026,97.0395,0.328767,9.80412,9.80711,0.00299061
02-Apr-2026,102.147,0.328767,6.68536,6.5841,0.101259
02-Apr-2026,107.254,0.328767,4.2271,4.03371,0.193387
02-Apr-2026,112.362,0.328767,2.44559,2.21367,0.23192
02-Apr-2026,117.469,0.328767,1.27913,1.07722,0.201915
02-Apr-2026,122.576,0.328767,0.600019,0.467625,0.132394
02-Apr-2026,81.7175,0.413699,22.7896,22.8111,0.0215484
02-Apr-2026,86.8248,0.413699,18.4424,18.4081,0.0342915
02-Apr-2026,91.9322,0.413699,14.4357,14.3095,0.126182
02-Apr-2026,97.0395,0.413699,10.8619,10.6157,0.246243
02-Apr-2026,102.147,0.413699,7.80234,7.43133,0.371014
02-Apr-2026,107.254,0.413699,5.31091,4.84729,0.46362
02-Apr-2026,112.362,0.413699,3.39999,2.90973,0.49026
02-Apr-2026,117.469,0.413699,2.03321,1.59438,0.438826
02-Apr-2026,122.576,0.413699,1.12997,0.797462,0.332508
02-Apr-2026,81.7175,0.49589,23.416,23.3065,0.109455
02-Apr-2026,86.8248,0.49589,19.2013,18.9901,0.211242
02-Apr-2026,91.9322,0.49589,15.3205,14.9763,0.344181
02-Apr-2026,97.0395,0.49589,11.8448,11.3513,0.493479
02-Apr-2026,102.147,0.49589,8.83387,8.20107,0.632804
02-Apr-2026,107.254,0.49589,6.32583,5.59766,0.72817
02-Apr-2026,112.362,0.49589,4.32943,3.57806,0.751375
02-Apr-2026,117.469,0.49589,2.82015,2.12845,0.691699
02-Apr-2026,122.576,0.49589,1.74269,1.17603,0.566661
02-Apr-2026,81.7175,0.578082,24.081,23.813,0.267981
02-Apr-2026,86.8248,0.578082,19.9872,19.5771,0.410099
02-Apr-2026,91.9322,0.578082,16.2175,15.6409,0.576639
02-Apr-2026,97.0395,0.578082,12.8272,12.0783,0.748881
02-Apr-2026,102.147,0.578082,9.86068,8.9606,0.900082
02-Apr-2026,107.254,0.578082,7.3453,6.34554,0.999764
02-Apr-2026,112.362,0.578082,5.28664,4.26249,1.02415
02-Apr-2026,117.469,0.578082,3.66676,2.70311,0.963653
02-Apr-2026,122.576,0.578082,2.4457,1.61455,0.831149
02-Apr-2026,81.7175,0.663014,24.761,24.319,0.442022
02-Apr-2026,86.8248,0.663014,20.7755,20.1572,0.618279
02-Apr-2026,91.9322,0.663014,17.1029,16.2911,0.811772
02-Apr-2026,97.0395,0.663014,13.7869,12.7848,1.00214
02-Apr-2026,102.147,0.663014,10.861,9.69752,1.16348
02-Apr-2026,107.254,0.663014,8.34482,7.07637,1.26845
02-Apr-2026,112.362,0.663014,6.24161,4.94463,1.29698
02-Apr-2026,117.469,0.663014,4.53713,3.29674,1.24039
02-Apr-2026,122.576,0.663014,3.20096,2.09275,1.10821
02-Apr-2026,81.7175,0.747945,25.4349,24.8139,0.621006
02-Apr-2026,86.8248,0.747945,21.545,20.7196,0.825405
02-Apr-2026,91.9322,0.747945,17.957,16.9164,1.04062
02-Apr-2026,97.0395,0.747945,14.7056,13.4601,1.24548
02-Apr-2026,102.147,0.747945,11.8165,10.401,1.41552
02-Apr-2026,107.254,0.747945,9.3041,7.77765,1.52645
02-Apr-2026,112.362,0.747945,7.1696,5.60872,1.56088
02-Apr-2026,117.469,0.747945,5.401,3.89004,1.51096
02-Apr-2026,122.576,0.747945,3.974,2.59006,1.38394
02-Apr-2026,81.7175,0.827397,26.0405,25.256,0.784524
02-Apr-2026,86.8248,0.827397,22.2289,21.2183,1.01063
02-Apr-2026,91.9322,0.827397,18.7093,17.4672,1.24211
02-Apr-2026,97.0395,0.827397,15.5103,14.0523,1.458
02-Apr-2026,102.147,0.827397,12.6522,11.017,1.63518
02-Apr-2026,107.254,0.827397,10.1458,8.39404,1.75176
02-Apr-2026,112.362,0.827397,7.99103,6.19856,1.79247
02-Apr-2026,117.469,0.827397,6.17711,4.42706,1.75005
02-Apr-2026,122.576,0.827397,4.68352,3.05328,1.63024
02-Apr-2026,81.7175,0.90411,26.622,25.6797,0.942299
02-Apr-2026,86.8248,0.90411,22.8798,21.6934,1.18642
02-Apr-2026,91.9322,0.90411,19.4206,17.9892,1.43143
02-Apr-2026,97.0395,0.90411,16.268,14.6114,1.65659
02-Apr-2026,102.147,0.90411,13.4384,11.598,1.8404
02-Apr-2026,107.254,0.90411,10.9396,8.97694,1.96266
02-Apr-2026,112.362,0.90411,8.77061,6.76068,2.00993
02-Apr-2026,117.469,0.90411,6.92158,4.946,1.97558
02-Apr-2026,122.576,0.90411,5.37462,3.51041,1.86421
07-Apr-2026,81.6175,0.00821918,20.4247,20.4248,0.000140414
07-Apr-2026,86.7186,0.00821918,15.3249,15.325,0.000111692
07-Apr-2026,91.8197,0.00821918,10.2251,10.2252,8.38683e-05
07-Apr-2026,96.9207,0.00821918,5.1256,5.13041,0.0048148
07-Apr-2026,102.022,0.00821918,0.618923,0.792854,0.173931
07-Apr-2026,107.123,0.00821918,5.4975e-05,0.0013908,0.00133583
07-Apr-2026,112.224,0.00821918,3.08462e-15,4.71923e-10,4.71919e-10
07-Apr-2026,117.325,0.00821918,2.00939e-15,3.76304e-15,1.75365e-15
07-Apr-2026,122.426,0.00821918,2.02548e-15,3.74883e-15,1.72335e-15
07-Apr-2026,81.6175,0.0273973,20.4992,20.4994,0.000219352
07-Apr-2026,86.7186,0.0273973,15.4041,15.4055,0.00143378
07-Apr-2026,91.8197,0.0273973,10.3124,10.3342,0.0218229
07-Apr-2026,96.9207,0.0273973,5.32901,5.48678,0.157771
07-Apr-2026,102.022,0.0273973,1.40463,1.7349,0.330267
07-Apr-2026,107.123,0.0273973,0.0768078,0.186956,0.110148
07-Apr-2026,112.224,0.0273973,0.000261097,0.00364575,0.00338465
07-Apr-2026,117.325,0.0273973,3.5943e-08,1.39626e-05,1.39266e-05
07-Apr-2026,122.426,0.0273973,4.69939e-13,1.96255e-08,1.9625e-08
07-Apr-2026,81.6175,0.0465753,20.5602,20.5618,0.0016321
07-Apr-2026,86.7186,0.0465753,15.4704,15.4838,0.0133669
07-Apr-2026,91.8197,0.0465753,10.4066,10.4834,0.0768291
07-Apr-2026,96.9207,0.0465753,5.58399,5.83613,0.252141
07-Apr-2026,102.022,0.0465753,1.8578,2.23618,0.378379
07-Apr-2026,107.123,0.0465753,0.241434,0.43008,0.188646
07-Apr-2026,112.224,0.0465753,0.00669274,0.0295887,0.0228959
07-Apr-2026,117.325,0.0465753,3.05208e-05,0.000779525,0.000749004
07-Apr-2026,122.426,0.0465753,3.4347e-08,1.14047e-05,1.13704e-05
07-Apr-2026,81.6175,0.0630137,20.6357,20.6456,0.00992527
07-Apr-2026,86.7186,0.0630137,15.5605,15.6054,0.0448966
07-Apr-2026,91.8197,0.0630137,10.561,10.7078,0.146751
07-Apr-2026,96.9207,0.0630137,5.92044,6.23762,0.317185
07-Apr-2026,102.022,0.0630137,2.33583,2.73284,0.397007
07-Apr-2026,107.123,0.0630137,0.497996,0.736347,0.238351
07-Apr-2026,112.224,0.0630137,0.0409854,0.0993604,0.058375
07-Apr-2026,117.325,0.0630137,0.00109877,0.0070657,0.00596693
07-Apr-2026,122.426,0.0630137,1.1745e-05,0.000339542,0.000327797
07-Apr-2026,81.6175,0.0849315,20.7075,20.7321,0.0246281
07-Apr-2026,86.7186,0.0849315,15.6566,15.7363,0.0796761
07-Apr-2026,91.8197,0.0849315,10.731,10.9271,0.19606
07-Apr-2026,96.9207,0.0849315,6.2304,6.57427,0.343871
07-Apr-2026,102.022,0.0849315,2.73094,3.12114,0.390198
07-Apr-2026,107.123,0.0849315,0.755948,1.00786,0.251914
07-Apr-2026,112.224,0.0849315,0.105845,0.191083,0.0852382
07-Apr-2026,117.325,0.0849315,0.00661265,0.0220676,0.0154549
07-Apr-2026,122.426,0.0849315,0.000206825,0.0018777,0.00167088
07-Apr-2026,81.6175,0.142466,20.9519,21.031,0.0790654
07-Apr-2026,86.7186,0.142466,16.0153,16.1711,0.155766
07-Apr-2026,91.8197,0.142466,11.3155,11.5663,0.250812
07-Apr-2026,96.9207,0.142466,7.11431,7.43164,0.317332
07-Apr-2026,102.022,0.142466,3.76507,4.06116,0.296094
07-Apr-2026,107.123,0.142466,1.55347,1.74513,0.191662
07-Apr-2026,112.224,0.142466,0.456769,0.546983,0.0902144
07-Apr-2026,117.325,0.142466,0.0898747,0.125991,0.0361161
07-Apr-2026,122.426,0.142466,0.0120795,0.0236453,0.0115658
07-Apr-2026,81.6175,0.230137,21.4695,21.5764,0.106943
07-Apr-2026,86.7186,0.230137,16.7559,16.8965,0.14062
07-Apr-2026,91.8197,0.230137,12.3571,12.5062,0.149086
07-Apr-2026,96.9207,0.230137,8.4525,8.56454,0.112037
07-Apr-2026,102.022,0.230137,5.23485,5.26575,0.0309034
07-Apr-2026,107.123,0.230137,2.84953,2.79664,0.0528936
07-Apr-2026,112.224,0.230137,1.31962,1.2362,0.0834159
07-Apr-2026,117.325,0.230137,0.506322,0.450514,0.0558079
07-Apr-2026,122.426,0.230137,0.160005,0.140574,0.0194308
07-Apr-2026,81.6175,0.315068,22.0649,22.1032,0.0383454
07-Apr-2026,86.7186,0.315068,17.5471,17.5541,0.00696874
07-Apr-2026,91.8197,0.315068,13.3644,13.3037,0.0607018
07-Apr-2026,96.9207,0.315068,9.64372,9.48071,0.163006
07-Apr-2026,102.022,0.315068,6.50792,6.23151,0.276412
07-Apr-2026,107.123,0.315068,4.04616,3.69137,0.354786
07-Apr-2026,112.224,0.315068,2.28152,1.92694,0.354585
07-Apr-2026,117.325,0.315068,1.15117,0.876626,0.274544
07-Apr-2026,122.426,0.315068,0.516378,0.351696,0.164682
07-Apr-2026,81.6175,0.4,22.7276,22.6245,0.103145
07-Apr-2026,86.7186,0.4,18.3815,18.1832,0.198255
07-Apr-2026,91.8197,0.4,14.3708,14.0434,0.327409
07-Apr-2026,96.9207,0.4,10.788,10.3123,0.475684
07-Apr-2026,102.022,0.4,7.71656,7.10546,0.611098
07-Apr-2026,107.123,0.4,5.21536,4.52531,0.690049
07-Apr-2026,112.224,0.4,3.3023,2.62514,0.677158
07-Apr-2026,117.325,0.4,1.94437,1.37416,0.570212
07-Apr-2026,122.426,0.4,1.05969,0.650344,0.409346
07-Apr-2026,81.6175,0.482192,23.4138,23.1234,0.290423
07-Apr-2026,86.7186,0.482192,19.2138,18.7731,0.440673
07-Apr-2026,91.8197,0.482192,15.3415,14.7238,0.617699
07-Apr-2026,96.9207,0.482192,11.8663,11.0671,0.799201
07-Apr-2026,102.022,0.482192,8.84814,7.89695,0.951191
07-Apr-2026,107.123,0.482192,6.32783,5.29383,1.034
07-Apr-2026,112.224,0.482192,4.3184,3.3003,1.0181
07-Apr-2026,117.325,0.482192,2.79976,1.8994,0.900357
07-Apr-2026,122.426,0.482192,1.71919,1.0078,0.711392
07-Apr-2026,81.6175,0.564384,24.1901,23.6576,0.532472
07-Apr-2026,86.7186,0.564384,20.1296,19.3953,0.734323
07-Apr-2026,91.8197,0.564384,16.3846,15.4315,0.953121
07-Apr-2026,96.9207,0.564384,13.0073,11.8443,1.16297
07-Apr-2026,102.022,0.564384,10.0404,8.71032,1.33008
07-Apr-2026,107.123,0.564384,7.51222,6.09279,1.41943
07-Apr-2026,112.224,0.564384,5.43147,4.02517,1.4063
07-Apr-2026,117.325,0.564384,3.7848,2.49773,1.28707
07-Apr-2026,122.426,0.564384,2.53691,1.45247,1.08444
07-Apr-2026,81.6175,0.649315,24.9269,24.146,0.780864
07-Apr-2026,86.7186,0.649315,20.981,19.9574,1.02365
07-Apr-2026,91.8197,0.649315,17.3383,16.0639,1.27442
07-Apr-2026,96.9207,0.649315,14.0391,12.5335,1.50564
07-Apr-2026,102.022,0.649315,11.1155,9.43013,1.68537
07-Apr-2026,107.123,0.649315,8.58773,6.8055,1.78223
07-Apr-2026,112.224,0.649315,6.4616,4.68643,1.77517
07-Apr-2026,117.325,0.649315,4.72686,3.06647,1.66039
07-Apr-2026,122.426,0.649315,3.35757,1.90224,1.45533
07-Apr-2026,81.6175,0.734247,25.7013,24.6465,1.05477
07-Apr-2026,86.7186,0.734247,21.8619,20.5279,1.33399
07-Apr-2026,91.8197,0.734247,18.3129,16.7003,1.61263
07-Apr-2026,96.9207,0.734247,15.0855,13.2226,1.86291
07-Apr-2026,102.022,0.734247,12.2035,10.1487,2.05476
07-Apr-2026,107.123,0.734247,9.68158,7.52098,2.1606
07-Apr-2026,112.224,0.734247,7.52295,5.36084,2.16211
07-Apr-2026,117.325,0.734247,5.71922,3.66358,2.05564
07-Apr-2026,122.426,0.734247,4.25045,2.3957,1.85475
07-Apr-2026,81.6175,0.813699,26.4047,25.0937,1.31101
07-Apr-2026,86.7186,0.813699,22.6528,21.0337,1.61912
07-Apr-2026,91.8197,0.813699,19.1799,17.2604,1.91951
07-Apr-2026,96.9207,0.813699,16.0109,13.826,2.18485
07-Apr-2026,102.022,0.813699,13.1645,10.7771,2.3874
07-Apr-2026,107.123,0.813699,10.651,8.14914,2.50186
07-Apr-2026,112.224,0.813699,8.47235,5.95986,2.51249
07-Apr-2026,117.325,0.813699,6.62093,4.20526,2.41567
07-Apr-2026,122.426,0.813699,5.08036,2.85797,2.22239
07-Apr-2026,81.6175,0.890411,27.0862,25.5223,1.5639
07-Apr-2026,86.7186,0.890411,23.4121,21.5154,1.89672
07-Apr-2026,91.8197,0.890411,20.0065,17.7908,2.21569
07-Apr-2026,96.9207,0.890411,16.8896,14.3952,2.49441
07-Apr-2026,102.022,0.890411,14.0758,11.369,2.70681
07-Apr-2026,107.123,0.890411,11.5729,8.74257,2.83033
07-Apr-2026,112.224,0.890411,9.38113,6.53058,2.85055
07-Apr-2026,117.325,0.890411,7.49371,4.72936,2.76435
07-Apr-2026,122.426,0.890411,5.8966,3.31582,2.58078
08-Apr-2026,82.559,0.00547945,20.6534,20.6537,0.000276021
08-Apr-2026,87.7189,0.00547945,15.4943,15.4946,0.000330766
08-Apr-2026,92.8789,0.00547945,10.3353,10.3355,0.000185528
08-Apr-2026,98.0388,0.00547945,5.17621,5.17667,0.000455191
08-Apr-2026,103.199,0.00547945,0.535453,0.585247,0.0497944
08-Apr-2026,108.359,0.00547945,4.35567e-06,1.29392e-05,8.58349e-06
08-Apr-2026,113.519,0.00547945,2.82062e-15,-1.21785e-15,4.03847e-15
08-Apr-2026,118.679,0.00547945,2.8835e-15,-1.05189e-15,3.93539e-15
08-Apr-2026,123.838,0.00547945,2.92918e-15,-1.03042e-15,3.9596e-15
08-Apr-2026,82.559,0.0246575,20.7286,20.7289,0.00026014
08-Apr-2026,87.7189,0.0246575,15.5743,15.5749,0.000567383
08-Apr-2026,92.8789,0.0246575,10.4233,10.4311,0.0078127
08-Apr-2026,98.0388,0.0246575,5.38504,5.44476,0.0597209
08-Apr-2026,103.199,0.0246575,1.43244,1.52606,0.0936219
08-Apr-2026,108.359,0.0246575,0.084803,0.096912,0.012109
08-Apr-2026,113.519,0.0246575,0.000372527,0.000573851,0.000201324
08-Apr-2026,118.679,0.0246575,7.03904e-08,5.32303e-07,4.61913e-07
08-Apr-2026,123.838,0.0246575,1.03623e-12,1.95427e-10,1.94391e-10
08-Apr-2026,82.559,0.0438356,20.7901,20.7909,0.000774439
08-Apr-2026,87.7189,0.0438356,15.6413,15.6469,0.00563242
08-Apr-2026,92.8789,0.0438356,10.5214,10.5539,0.0324685
08-Apr-2026,98.0388,0.0438356,5.65961,5.75339,0.0937823
08-Apr-2026,103.199,0.0438356,1.91954,2.00791,0.0883673
08-Apr-2026,108.359,0.0438356,0.271235,0.280105,0.00886962
08-Apr-2026,113.519,0.0438356,0.00937009,0.00999045,0.000620361
08-Apr-2026,118.679,0.0438356,5.86069e-05,0.000124319,6.57117e-05
08-Apr-2026,123.838,0.0438356,8.62716e-08,9.1584e-07,8.29569e-07
08-Apr-2026,82.559,0.060274,20.8664,20.8711,0.0046802
08-Apr-2026,87.7189,0.060274,15.734,15.7547,0.0206676
08-Apr-2026,92.8789,0.060274,10.686,10.7479,0.061901
08-Apr-2026,98.0388,0.060274,6.01955,6.12379,0.104245
08-Apr-2026,103.199,0.060274,2.42635,2.48737,0.0610163
08-Apr-2026,108.359,0.060274,0.554499,0.537807,0.0166924
08-Apr-2026,113.519,0.060274,0.0536536,0.0476372,0.00601644
08-Apr-2026,118.679,0.060274,0.00183201,0.00211133,0.000279324
08-Apr-2026,123.838,0.060274,2.48653e-05,6.64217e-05,4.15564e-05
08-Apr-2026,82.559,0.0821918,20.9397,20.9517,0.0119866
08-Apr-2026,87.7189,0.0821918,15.8346,15.8712,0.0366147
08-Apr-2026,92.8789,0.0821918,10.8677,10.9449,0.0772196
08-Apr-2026,98.0388,0.0821918,6.34852,6.44176,0.0932408
08-Apr-2026,103.199,0.0821918,2.84195,2.86542,0.0234714
08-Apr-2026,108.359,0.0821918,0.833933,0.780031,0.0539015
08-Apr-2026,113.519,0.0821918,0.132436,0.107971,0.024465
08-Apr-2026,118.679,0.0821918,0.0100133,0.00874564,0.00126766
08-Apr-2026,123.838,0.0821918,0.000383227,0.000542998,0.000159771
08-Apr-2026,82.559,0.139726,21.1938,21.2288,0.0350247
08-Apr-2026,87.7189,0.139726,16.2145,16.2702,0.0556799
08-Apr-2026,92.8789,0.139726,11.4882,11.5427,0.0545494
08-Apr-2026,98.0388,0.139726,7.27734,7.27192,0.00542268
08-Apr-2026,103.199,0.139726,3.92098,3.79501,0.125966
08-Apr-2026,108.359,0.139726,1.68086,1.47585,0.205012
08-Apr-2026,113.519,0.139726,0.530633,0.389171,0.141462
08-Apr-2026,118.679,0.139726,0.116278,0.072916,0.043362
08-Apr-2026,123.838,0.139726,0.0177534,0.0113482,0.00640518
08-Apr-2026,82.559,0.227397,21.7383,21.7469,0.00864613
08-Apr-2026,87.7189,0.227397,16.9955,16.9641,0.0314058
08-Apr-2026,92.8789,0.227397,12.5806,12.4583,0.122314
08-Apr-2026,98.0388,0.227397,8.66862,8.40067,0.267948
08-Apr-2026,103.199,0.227397,5.44195,5.01283,0.429122
08-Apr-2026,108.359,0.227397,3.03289,2.52025,0.512639
08-Apr-2026,113.519,0.227397,1.45893,1.0193,0.439629
08-Apr-2026,118.679,0.227397,0.591556,0.330762,0.260794
08-Apr-2026,123.838,0.227397,0.200523,0.0916473,0.108876
08-Apr-2026,82.559,0.312329,22.3629,22.2604,0.102512
08-Apr-2026,87.7189,0.312329,17.8229,17.6114,0.211472
08-Apr-2026,92.8789,0.312329,13.6274,13.255,0.372357
08-Apr-2026,98.0388,0.312329,9.89898,9.33036,0.568619
08-Apr-2026,103.199,0.312329,6.75281,6.00266,0.750147
08-Apr-2026,108.359,0.312329,4.26982,3.43091,0.838911
08-Apr-2026,113.519,0.312329,2.4686,1.69505,0.77355
08-Apr-2026,118.679,0.312329,1.28961,0.716045,0.573565
08-Apr-2026,123.838,0.312329,0.604811,0.26417,0.340641
08-Apr-2026,82.559,0.39726,23.0546,22.7767,0.27788
08-Apr-2026,87.7189,0.39726,18.6902,18.2406,0.449628
08-Apr-2026,92.8789,0.39726,14.6681,14.0033,0.664796
08-Apr-2026,98.0388,0.39726,11.0767,10.1811,0.895579
08-Apr-2026,103.199,0.39726,7.99399,6.90303,1.09096
08-Apr-2026,108.359,0.39726,5.4732,4.28711,1.18609
08-Apr-2026,113.519,0.39726,3.52878,2.39634,1.13244
08-Apr-2026,118.679,0.39726,2.12854,1.19315,0.935394
08-Apr-2026,123.838,0.39726,1.1961,0.531902,0.664198
08-Apr-2026,82.559,0.479452,23.7678,23.276,0.491837
08-Apr-2026,87.7189,0.479452,19.5517,18.8356,0.716107
08-Apr-2026,92.8789,0.479452,15.6684,14.6959,0.972503
08-Apr-2026,98.0388,0.479452,12.184,10.9559,1.22813
08-Apr-2026,103.199,0.479452,9.1541,7.71958,1.43452
08-Apr-2026,108.359,0.479452,6.61538,5.07849,1.53689
08-Apr-2026,113.519,0.479452,4.57822,3.08235,1.49587
08-Apr-2026,118.679,0.479452,3.02245,1.71164,1.31081
08-Apr-2026,123.838,0.479452,1.89826,0.869307,1.02895
08-Apr-2026,82.559,0.561644,24.5717,23.8139,0.757804
08-Apr-2026,87.7189,0.561644,20.4966,19.4662,1.03036
08-Apr-2026,92.8789,0.561644,16.741,15.4184,1.32262
08-Apr-2026,98.0388,0.561644,13.3539,11.7544,1.59949
08-Apr-2026,103.199,0.561644,10.375,8.55844,1.81656
08-Apr-2026,108.359,0.561644,7.82941,5.90165,1.92776
08-Apr-2026,113.519,0.561644,5.72386,3.82279,1.90107
08-Apr-2026,118.679,0.561644,4.04453,2.31146,1.73307
08-Apr-2026,123.838,0.561644,2.75759,1.30192,1.45567
08-Apr-2026,82.559,0.646575,25.3327,24.3075,1.02522
08-Apr-2026,87.7189,0.646575,21.3732,20.0375,1.33575
08-Apr-2026,92.8789,0.646575,17.7199,16.0648,1.65514
08-Apr-2026,98.0388,0.646575,14.4107,12.4622,1.94846
08-Apr-2026,103.199,0.646575,11.475,9.29999,2.17501
08-Apr-2026,108.359,0.646575,8.93061,6.6355,2.29511
08-Apr-2026,113.519,0.646575,6.78175,4.49975,2.282
08-Apr-2026,118.679,0.646575,5.01763,2.88638,2.13125
08-Apr-2026,123.838,0.646575,3.61306,1.74729,1.86577
08-Apr-2026,82.559,0.731507,26.1308,24.8143,1.31647
08-Apr-2026,87.7189,0.731507,22.2787,20.618,1.66073
08-Apr-2026,92.8789,0.731507,18.7192,16.7153,2.0039
08-Apr-2026,98.0388,0.731507,15.4815,13.1695,2.31198
08-Apr-2026,103.199,0.731507,12.5875,10.0393,2.5482
08-Apr-2026,108.359,0.731507,10.0497,7.37143,2.67827
08-Apr-2026,113.519,0.731507,7.87006,5.19066,2.6794
08-Apr-2026,118.679,0.731507,6.03968,3.49261,2.54707
08-Apr-2026,123.838,0.731507,4.53895,2.24095,2.298
08-Apr-2026,82.559,0.810959,26.8547,25.2677,1.58703
08-Apr-2026,87.7189,0.810959,23.0906,21.1328,1.9578
08-Apr-2026,92.8789,0.810959,19.6073,17.2877,2.31958
08-Apr-2026,98.0388,0.810959,16.428,13.7883,2.63972
08-Apr-2026,103.199,0.810959,13.5696,10.6849,2.88471
08-Apr-2026,108.359,0.810959,11.0409,8.0168,3.0241
08-Apr-2026,113.519,0.810959,8.84253,5.8043,3.03823
08-Apr-2026,118.679,0.810959,6.9665,4.04386,2.92264
08-Apr-2026,123.838,0.810959,5.39654,2.70629,2.69025
08-Apr-2026,82.559,0.887671,27.5551,25.7024,1.85265
08-Apr-2026,87.7189,0.887671,23.8693,21.6232,2.24613
08-Apr-2026,92.8789,0.887671,20.4534,17.8295,2.62387
08-Apr-2026,98.0388,0.887671,17.3263,14.3713,2.95499
08-Apr-2026,103.199,0.887671,14.5007,11.2923,3.20842
08-Apr-2026,108.359,0.887671,11.983,8.62583,3.35717
08-Apr-2026,113.519,0.887671,9.77268,6.38874,3.38394
08-Apr-2026,118.679,0.887671,7.86232,4.57786,3.28446
08-Apr-2026,123.838,0.887671,6.23795,3.16888,3.06907
09-Apr-2026,81.2687,0.00273973,20.3238,20.324,0.000167634
09-Apr-2026,86.3479,0.00273973,15.245,15.2452,0.000184353
09-Apr-2026,91.4272,0.00273973,10.1661,10.1663,0.000201081
09-Apr-2026,96.5065,0.00273973,5.08721,5.08742,0.000208249
09-Apr-2026,101.586,0.00273973,0.364032,0.409648,0.0456162
09-Apr-2026,106.665,0.00273973,1.06419e-08,3.32441e-09,7.31749e-09
09-Apr-2026,81.2687,0.0219178,20.3971,20.3973,0.000177334
09-Apr-2026,86.3479,0.0219178,15.3229,15.3232,0.000342829
09-Apr-2026,91.4272,0.0219178,10.2505,10.2563,0.00581119
09-Apr-2026,96.5065,0.0219178,5.26704,5.32916,0.0621163
09-Apr-2026,101.586,0.0219178,1.32828,1.46077,0.132488
09-Apr-2026,106.665,0.0219178,0.0616254,0.0843004,0.022675
09-Apr-2026,111.744,0.0219178,0.000143484,0.000240214,9.673e-05
09-Apr-2026,116.824,0.0219178,9.44493e-09,2.54364e-08,1.59915e-08
09-Apr-2026,121.903,0.0219178,3.68176e-14,3.61642e-13,3.24825e-13
09-Apr-2026,81.2687,0.0410959,20.4571,20.4575,0.000433812
09-Apr-2026,86.3479,0.0410959,15.3877,15.392,0.00425278
09-Apr-2026,91.4272,0.0410959,10.3408,10.3716,0.0307835
09-Apr-2026,96.5065,0.0410959,5.52507,5.63673,0.111663
09-Apr-2026,101.586,0.0410959,1.81147,1.96027,0.148803
09-Apr-2026,106.665,0.0410959,0.228411,0.270203,0.0417922
09-Apr-2026,111.744,0.0410959,0.00603659,0.0070781,0.00104151
09-Apr-2026,116.824,0.0410959,2.4487e-05,2.96619e-05,5.17487e-06
09-Apr-2026,121.903,0.0410959,2.14452e-08,3.91683e-08,1.77231e-08
09-Apr-2026,81.2687,0.0575342,20.5312,20.5347,0.00348678
09-Apr-2026,86.3479,0.0575342,15.4758,15.4944,0.0186036
09-Apr-2026,91.4272,0.0575342,10.4939,10.5603,0.0664185
09-Apr-2026,96.5065,0.0575342,5.87032,6.01171,0.141392
09-Apr-2026,101.586,0.0575342,2.30934,2.45473,0.145389
09-Apr-2026,106.665,0.0575342,0.493582,0.537909,0.0443265
09-Apr-2026,111.744,0.0575342,0.0413458,0.0410929,0.000252874
09-Apr-2026,116.824,0.0575342,0.00112351,0.00096036,0.00016315
09-Apr-2026,121.903,0.0575342,1.16082e-05,1.02722e-05,1.33601e-06
09-Apr-2026,81.2687,0.0794521,20.6018,20.6119,0.0101166
09-Apr-2026,86.3479,0.0794521,15.5708,15.6068,0.0359754
09-Apr-2026,91.4272,0.0794521,10.6653,10.7559,0.0905692
09-Apr-2026,96.5065,0.0794521,6.18794,6.33575,0.147815
09-Apr-2026,101.586,0.0794521,2.71594,2.84425,0.128312
09-Apr-2026,106.665,0.0794521,0.759375,0.790894,0.0315185
09-Apr-2026,111.744,0.0794521,0.109355,0.100844,0.00851117
09-Apr-2026,116.824,0.0794521,0.00709581,0.00525468,0.00184113
09-Apr-2026,121.903,0.0794521,0.000225995,0.000147188,7.8807e-05
09-Apr-2026,81.2687,0.136986,20.8442,20.8806,0.0363749
09-Apr-2026,86.3479,0.136986,15.9308,16.0008,0.0699827
09-Apr-2026,91.4272,0.136986,11.258,11.36,0.10196
09-Apr-2026,96.5065,0.136986,7.08804,7.18677,0.098728
09-Apr-2026,101.586,0.136986,3.76862,3.80156,0.0329376
09-Apr-2026,106.665,0.136986,1.57342,1.51711,0.0563059
09-Apr-2026,111.744,0.136986,0.473854,0.39687,0.0769844
09-Apr-2026,116.824,0.136986,0.0966867,0.0622576,0.0344291
09-Apr-2026,121.903,0.136986,0.0135124,0.00641312,0.00709928
09-Apr-2026,81.2687,0.224658,21.3639,21.3961,0.0321554
09-Apr-2026,86.3479,0.224658,16.6784,16.7031,0.0247209
09-Apr-2026,91.4272,0.224658,12.3111,12.2981,0.0129947
09-Apr-2026,96.5065,0.224658,8.43911,8.34779,0.0913175
09-Apr-2026,101.586,0.224658,5.2499,5.05261,0.197288
09-Apr-2026,106.665,0.224658,2.8817,2.60038,0.281318
09-Apr-2026,111.744,0.224658,1.35349,1.07101,0.282477
09-Apr-2026,116.824,0.224658,0.530278,0.334443,0.195835
09-Apr-2026,121.903,0.224658,0.172025,0.0789257,0.0930993
09-Apr-2026,81.2687,0.309589,21.9628,21.9162,0.0465933
09-Apr-2026,86.3479,0.309589,17.475,17.3661,0.10895
09-Apr-2026,91.4272,0.309589,13.3242,13.1178,0.206416
09-Apr-2026,96.5065,0.309589,9.63479,9.30254,0.332252
09-Apr-2026,101.586,0.309589,6.52578,6.06585,0.459925
09-Apr-2026,106.665,0.309589,4.08175,3.5388,0.542953
09-Apr-2026,111.744,0.309589,2.32296,1.78662,0.536341
09-Apr-2026,116.824,0.309589,1.18753,0.755274,0.432256
09-Apr-2026,121.903,0.309589,0.541733,0.262798,0.278935
09-Apr-2026,81.2687,0.394521,22.6283,22.4434,0.184923
09-Apr-2026,86.3479,0.394521,18.3124,18.0122,0.300151
09-Apr-2026,91.4272,0.394521,14.3328,13.8867,0.446087
09-Apr-2026,96.5065,0.394521,10.7796,10.1736,0.605957
09-Apr-2026,101.586,0.394521,7.73352,6.98483,0.748693
09-Apr-2026,106.665,0.394521,5.2504,4.41715,0.83325
09-Apr-2026,111.744,0.394521,3.3461,2.52137,0.824731
09-Apr-2026,116.824,0.394521,1.98764,1.27234,0.7153
09-Apr-2026,121.903,0.394521,1.09557,0.559011,0.536559
09-Apr-2026,81.2687,0.476712,23.3159,22.9545,0.361418
09-Apr-2026,86.3479,0.476712,19.1456,18.6231,0.522473
09-Apr-2026,91.4272,0.476712,15.3031,14.5967,0.706403
09-Apr-2026,96.5065,0.476712,11.8561,10.9647,0.891431
09-Apr-2026,101.586,0.476712,8.86217,7.8163,1.04587
09-Apr-2026,106.665,0.476712,6.36009,5.22635,1.13374
09-Apr-2026,111.744,0.476712,4.36137,3.23442,1.12695
09-Apr-2026,116.824,0.476712,2.84566,1.8272,1.01846
09-Apr-2026,121.903,0.476712,1.76144,0.931501,0.829939
09-Apr-2026,81.2687,0.558904,24.0921,23.5053,0.586807
09-Apr-2026,86.3479,0.558904,20.0605,19.2694,0.791093
09-Apr-2026,91.4272,0.558904,16.344,15.3353,1.00869
09-Apr-2026,96.5065,0.558904,12.9934,11.7779,1.21549
09-Apr-2026,101.586,0.558904,10.0497,8.66876,1.38094
09-Apr-2026,106.665,0.558904,7.53981,6.06579,1.47402
09-Apr-2026,111.744,0.558904,5.47124,3.99939,1.47185
09-Apr-2026,116.824,0.558904,3.83032,2.46187,1.36845
09-Apr-2026,121.903,0.558904,2.58229,1.4034,1.17889
09-Apr-2026,81.2687,0.643836,24.8277,24.0102,0.81754
09-Apr-2026,86.3479,0.643836,20.9097,19.8535,1.05623
09-Apr-2026,91.4272,0.643836,17.2943,15.9944,1.29989
09-Apr-2026,96.5065,0.643836,14.0206,12.4972,1.5234
09-Apr-2026,101.586,0.643836,11.1195,9.42103,1.69847
09-Apr-2026,106.665,0.643836,8.60994,6.81252,1.79742
09-Apr-2026,111.744,0.643836,6.49694,4.69555,1.80139
09-Apr-2026,116.824,0.643836,4.76989,3.06474,1.70515
09-Apr-2026,121.903,0.643836,3.40311,1.88314,1.51997
09-Apr-2026,81.2687,0.728767,25.5996,24.5278,1.07182
09-Apr-2026,86.3479,0.728767,21.7873,20.4457,1.34157
09-Apr-2026,91.4272,0.728767,18.2645,16.6563,1.60824
09-Apr-2026,96.5065,0.728767,15.0615,13.2146,1.84691
09-Apr-2026,101.586,0.728767,12.2013,10.1699,2.03137
09-Apr-2026,106.665,0.728767,9.69744,7.56,2.13744
09-Apr-2026,111.744,0.728767,7.55263,5.40352,2.14911
09-Apr-2026,116.824,0.728767,5.75811,3.69609,2.06202
09-Apr-2026,121.903,0.728767,4.29402,2.40927,1.88475
09-Apr-2026,81.2687,0.808219,26.3002,24.99,1.31022
09-Apr-2026,86.3479,0.808219,22.5745,20.9699,1.60459
09-Apr-2026,91.4272,0.808219,19.1268,17.2375,1.88929
09-Apr-2026,96.5065,0.808219,15.9815,13.8412,2.14028
09-Apr-2026,101.586,0.808219,13.1561,10.8231,2.33304
09-Apr-2026,106.665,0.808219,10.6607,8.21449,2.44621
09-Apr-2026,111.744,0.808219,8.49624,6.03053,2.46571
09-Apr-2026,116.824,0.808219,6.65507,4.26712,2.38795
09-Apr-2026,121.903,0.808219,5.12075,2.90097,2.21978
09-Apr-2026,81.2687,0.884932,26.9784,25.4326,1.54584
09-Apr-2026,86.3479,0.884932,23.3296,21.4683,1.86128
09-Apr-2026,91.4272,0.884932,19.9484,17.7868,2.16159
09-Apr-2026,96.5065,0.884932,16.8544,14.4309,2.42351
09-Apr-2026,101.586,0.884932,14.0613,11.4369,2.62441
09-Apr-2026,106.665,0.884932,11.5761,8.83135,2.74475
09-Apr-2026,111.744,0.884932,9.39895,6.62639,2.77256
09-Apr-2026,116.824,0.884932,7.52256,4.81803,2.70453
09-Apr-2026,121.903,0.884932,5.93291,3.38653,2.54638
10-Apr-2026,81.1468,0.0191781,20.3574,20.3569,0.0004712
10-Apr-2026,86.2185,0.0191781,15.2902,15.2897,0.000481853
10-Apr-2026,91.2901,0.0191781,10.2241,10.227,0.0028524
10-Apr-2026,96.3618,0.0191781,5.2313,5.27724,0.0459442
10-Apr-2026,101.433,0.0191781,1.26328,1.36598,0.102695
10-Apr-2026,106.505,0.0191781,0.0480205,0.059833,0.0118125
10-Apr-2026,111.577,0.0191781,6.70135e-05,7.92948e-05,1.22813e-05
10-Apr-2026,116.649,0.0191781,1.83426e-09,2.65526e-09,8.21e-10
10-Apr-2026,81.1468,0.0383562,20.4153,20.4149,0.000353847
10-Apr-2026,86.2185,0.0383562,15.3525,15.3547,0.00221093
10-Apr-2026,91.2901,0.0383562,10.3087,10.3317,0.0230056
10-Apr-2026,96.3618,0.0383562,5.48159,5.57146,0.0898671
10-Apr-2026,101.433,0.0383562,1.75656,1.87064,0.114079
10-Apr-2026,106.505,0.0383562,0.205805,0.22725,0.0214449
10-Apr-2026,111.577,0.0383562,0.00460153,0.00434036,0.00026117
10-Apr-2026,116.649,0.0383562,1.41337e-05,1.15721e-05,2.56164e-06
10-Apr-2026,121.72,0.0383562,8.63181e-09,9.49189e-09,8.60078e-10
10-Apr-2026,81.1468,0.0547945,20.4866,20.4886,0.00203256
10-Apr-2026,86.2185,0.0547945,15.4366,15.4507,0.0140609
10-Apr-2026,91.2901,0.0547945,10.455,10.509,0.0539679
10-Apr-2026,96.3618,0.0547945,5.82297,5.93777,0.114795
10-Apr-2026,101.433,0.0547945,2.25886,2.36522,0.106363
10-Apr-2026,106.505,0.0547945,0.465778,0.481334,0.0155563
10-Apr-2026,111.577,0.0547945,0.036242,0.0310116,0.00523035
10-Apr-2026,116.649,0.0547945,0.000874587,0.000570916,0.000303671
10-Apr-2026,121.72,0.0547945,7.75437e-06,4.78794e-06,2.96643e-06
10-Apr-2026,81.1468,0.0767123,20.5544,20.562,0.00759867
10-Apr-2026,86.2185,0.0767123,15.5276,15.5567,0.0291015
10-Apr-2026,91.2901,0.0767123,10.6215,10.6962,0.0747474
10-Apr-2026,96.3618,0.0767123,6.13853,6.25645,0.11792
10-Apr-2026,101.433,0.0767123,2.66699,2.75351,0.0865167
10-Apr-2026,106.505,0.0767123,0.728821,0.726098,0.00272252
10-Apr-2026,111.577,0.0767123,0.100453,0.0824766,0.0179764
10-Apr-2026,116.649,0.0767123,0.00608529,0.00365461,0.00243068
10-Apr-2026,121.72,0.0767123,0.000177453,8.6936e-05,9.0517e-05
10-Apr-2026,81.1468,0.0958904,20.6355,20.6518,0.0162945
10-Apr-2026,86.2185,0.0958904,15.6459,15.6903,0.0444094
10-Apr-2026,91.2901,0.0958904,10.8294,10.9155,0.0860521
10-Apr-2026,96.3618,0.0958904,6.48274,6.58895,0.106214
10-Apr-2026,101.433,0.0958904,3.0839,3.13868,0.0547754
10-Apr-2026,106.505,0.0958904,1.03115,0.99806,0.0330899
10-Apr-2026,111.577,0.0958904,0.208913,0.167206,0.0417066
10-Apr-2026,116.649,0.0958904,0.0232156,0.0134043,0.00981133
10-Apr-2026,121.72,0.0958904,0.00148183,0.000638852,0.000842978
10-Apr-2026,81.1468,0.134247,20.7881,20.8183,0.0301974
10-Apr-2026,86.2185,0.134247,15.8771,15.9345,0.057413
10-Apr-2026,91.2901,0.134247,11.2043,11.2837,0.0793568
10-Apr-2026,96.3618,0.134247,7.03432,7.09711,0.0627874
10-Apr-2026,101.433,0.134247,3.71979,3.70644,0.0133529
10-Apr-2026,106.505,0.134247,1.5379,1.4384,0.0994974
10-Apr-2026,111.577,0.134247,0.455697,0.35645,0.0992466
10-Apr-2026,116.649,0.134247,0.0907914,0.0516803,0.0391111
10-Apr-2026,121.72,0.134247,0.0123099,0.00490035,0.00740955
10-Apr-2026,81.1468,0.221918,21.2951,21.3164,0.0212667
10-Apr-2026,86.2185,0.221918,16.6121,16.6184,0.00633469
10-Apr-2026,91.2901,0.221918,12.2474,12.2059,0.0415327
10-Apr-2026,96.3618,0.221918,8.37943,8.24814,0.13129
10-Apr-2026,101.433,0.221918,5.19745,4.95203,0.245421
10-Apr-2026,106.505,0.221918,2.84034,2.51126,0.329084
10-Apr-2026,111.577,0.221918,1.32562,1.00862,0.316998
10-Apr-2026,116.649,0.221918,0.514931,0.303439,0.211492
10-Apr-2026,121.72,0.221918,0.165277,0.0684589,0.0968181
10-Apr-2026,81.1468,0.306849,21.8842,21.8235,0.0606672
10-Apr-2026,86.2185,0.306849,17.3998,17.2691,0.130744
10-Apr-2026,91.2901,0.306849,13.2533,13.0156,0.237706
10-Apr-2026,96.3618,0.306849,9.56979,9.1964,0.373388
10-Apr-2026,101.433,0.306849,6.46892,5.96125,0.50767
10-Apr-2026,106.505,0.306849,4.03534,3.44407,0.59127
10-Apr-2026,111.577,0.306849,2.28844,1.71253,0.57591
10-Apr-2026,116.649,0.306849,1.16465,0.708241,0.456409
10-Apr-2026,121.72,0.306849,0.528436,0.239567,0.288869
10-Apr-2026,81.1468,0.391781,22.5414,22.34,0.201445
10-Apr-2026,86.2185,0.391781,18.2299,17.9055,0.324408
10-Apr-2026,91.2901,0.391781,14.2557,13.7767,0.479
10-Apr-2026,96.3618,0.391781,10.7094,10.0621,0.647326
10-Apr-2026,101.433,0.391781,7.672,6.87643,0.795573
10-Apr-2026,106.505,0.391781,5.19906,4.31797,0.881085
10-Apr-2026,111.577,0.391781,3.30584,2.43934,0.866496
10-Apr-2026,116.649,0.391781,1.95834,1.21337,0.744972
10-Apr-2026,121.72,0.391781,1.07597,0.523197,0.552773
10-Apr-2026,81.1468,0.473973,23.2219,22.842,0.379936
10-Apr-2026,86.2185,0.473973,19.0568,18.5082,0.548582
10-Apr-2026,91.2901,0.473973,15.2205,14.48,0.740462
10-Apr-2026,96.3618,0.473973,11.781,10.8481,0.932861
10-Apr-2026,101.433,0.473973,8.79602,7.70407,1.09195
10-Apr-2026,106.505,0.473973,6.30396,5.12307,1.18089
10-Apr-2026,111.577,0.473973,4.31588,3.14624,1.16964
10-Apr-2026,116.649,0.473973,2.8107,1.7592,1.0515
10-Apr-2026,121.72,0.473973,1.7361,0.884994,0.851106
10-Apr-2026,81.1468,0.556164,23.9913,23.3838,0.607472
10-Apr-2026,86.2185,0.556164,19.9654,19.1465,0.818936
10-Apr-2026,91.2901,0.556164,16.2557,15.2119,1.04379
10-Apr-2026,96.3618,0.556164,12.9131,11.656,1.25709
10-Apr-2026,101.433,0.556164,9.97853,8.55206,1.42647
10-Apr-2026,106.505,0.556164,7.4785,5.95793,1.52057
10-Apr-2026,111.577,0.556164,5.42026,3.90523,1.51503
10-Apr-2026,116.649,0.556164,3.78955,2.38569,1.40386
10-Apr-2026,121.72,0.556164,2.55105,1.34691,1.20414
10-Apr-2026,81.1468,0.641096,24.721,23.881,0.840044
10-Apr-2026,86.2185,0.641096,20.8092,19.7235,1.08569
10-Apr-2026,91.2901,0.641096,17.201,15.8649,1.33605
10-Apr-2026,96.3618,0.641096,13.9355,12.3702,1.56531
10-Apr-2026,101.433,0.641096,11.0435,9.29987,1.74363
10-Apr-2026,106.505,0.641096,8.54383,6.70018,1.84365
10-Apr-2026,111.577,0.641096,6.44095,4.59608,1.84487
10-Apr-2026,116.649,0.641096,4.72391,2.98182,1.74209
10-Apr-2026,121.72,0.641096,3.36656,1.81851,1.54805
10-Apr-2026,81.1468,0.726027,25.4873,24.3909,1.0964
10-Apr-2026,86.2185,0.726027,21.6814,20.3087,1.37266
10-Apr-2026,91.2901,0.726027,18.1661,16.5206,1.64553
10-Apr-2026,96.3618,0.726027,14.9715,13.0821,1.88937
10-Apr-2026,101.433,0.726027,12.1205,10.0438,2.07666
10-Apr-2026,106.505,0.726027,9.62633,7.44277,2.18356
10-Apr-2026,111.577,0.726027,7.49148,5.29856,2.19292
10-Apr-2026,116.649,0.726027,5.70681,3.60661,2.1002
10-Apr-2026,121.72,0.726027,4.25208,2.33693,1.91515
10-Apr-2026,81.1468,0.805479,26.183,24.8464,1.33661
10-Apr-2026,86.2185,0.805479,22.4639,20.8267,1.63721
10-Apr-2026,91.2901,0.805479,19.0238,17.0962,1.92762
10-Apr-2026,96.3618,0.805479,15.887,13.7037,2.18331
10-Apr-2026,101.433,0.805479,13.0708,10.6923,2.37853
10-Apr-2026,106.505,0.805479,10.585,8.0926,2.4924
10-Apr-2026,111.577,0.805479,8.43045,5.92054,2.50991
10-Apr-2026,116.649,0.805479,6.599,4.17192,2.42708
10-Apr-2026,121.72,0.805479,5.07399,2.82209,2.2519
10-Apr-2026,81.1468,0.882192,26.8566,25.2826,1.574
10-Apr-2026,86.2185,0.882192,23.2146,21.3191,1.89547
10-Apr-2026,91.2901,0.882192,19.8412,17.64,2.20121
10-Apr-2026,96.3618,0.882192,16.7557,14.2883,2.46737
10-Apr-2026,101.433,0.882192,13.9717,11.3014,2.67034
10-Apr-2026,106.505,0.882192,11.4961,8.70477,2.79133
10-Apr-2026,111.577,0.882192,9.32867,6.51145,2.81722
10-Apr-2026,116.649,0.882192,7.4619,4.71735,2.74455
10-Apr-2026,121.72,0.882192,5.88151,3.30155,2.57996
13-Apr-2026,79.3796,0.0109589,19.8707,19.8707,1.82235e-05
13-Apr-2026,84.3408,0.0109589,14.9111,14.9111,3.18549e-05
13-Apr-2026,89.302,0.0109589,9.95149,9.95155,6.4411e-05
13-Apr-2026,94.2632,0.0109589,4.99374,5.00316,0.00941972
13-Apr-2026,99.2245,0.0109589,0.704739,0.862145,0.157406
13-Apr-2026,104.186,0.0109589,0.000477546,0.00358474,0.00310719
13-Apr-2026,109.147,0.0109589,5.79303e-12,5.77925e-09,5.77346e-09
13-Apr-2026,79.3796,0.030137,19.9417,19.9417,1.20509e-05
13-Apr-2026,84.3408,0.030137,14.9866,14.9878,0.00119094
13-Apr-2026,89.302,0.030137,10.0364,10.0561,0.019677
13-Apr-2026,94.2632,0.030137,5.21036,5.34481,0.13445
13-Apr-2026,99.2245,0.030137,1.43048,1.69951,0.269029
13-Apr-2026,104.186,0.030137,0.0935642,0.181946,0.0883823
13-Apr-2026,109.147,0.030137,0.00050469,0.00271045,0.00220576
13-Apr-2026,114.108,0.030137,1.47693e-07,3.75041e-06,3.60271e-06
13-Apr-2026,119.069,0.030137,4.78334e-12,9.43604e-10,9.3882e-10
13-Apr-2026,79.3796,0.0465753,19.9998,20.0009,0.00111843
13-Apr-2026,84.3408,0.0465753,15.0503,15.0612,0.010914
13-Apr-2026,89.302,0.0465753,10.1311,10.1951,0.0639669
13-Apr-2026,94.2632,0.0465753,5.46457,5.67195,0.207377
13-Apr-2026,99.2245,0.0465753,1.86596,2.17099,0.305026
13-Apr-2026,104.186,0.0465753,0.264664,0.409902,0.145238
13-Apr-2026,109.147,0.0465753,0.00901467,0.0231549,0.0141402
13-Apr-2026,114.108,0.0465753,5.70836e-05,0.000306516,0.000249433
13-Apr-2026,119.069,0.0465753,9.48805e-08,1.39289e-06,1.29801e-06
13-Apr-2026,79.3796,0.0684932,20.0786,20.0871,0.00851998
13-Apr-2026,84.3408,0.0684932,15.147,15.1855,0.0385132
13-Apr-2026,89.302,0.0684932,10.3014,10.4251,0.123725
13-Apr-2026,94.2632,0.0684932,5.82613,6.08691,0.260778
13-Apr-2026,99.2245,0.0684932,2.3688,2.68752,0.318724
13-Apr-2026,104.186,0.0684932,0.54785,0.730209,0.182359
13-Apr-2026,109.147,0.0684932,0.0536426,0.090418,0.0367754
13-Apr-2026,114.108,0.0684932,0.00189216,0.00433286,0.0024407
13-Apr-2026,119.069,0.0684932,2.82119e-05,0.000100061,7.18495e-05
13-Apr-2026,79.3796,0.0876712,20.1411,20.16,0.0188688
13-Apr-2026,84.3408,0.0876712,15.2327,15.2959,0.0632301
13-Apr-2026,89.302,0.0876712,10.4544,10.6124,0.158037
13-Apr-2026,94.2632,0.0876712,6.09964,6.37787,0.27823
13-Apr-2026,99.2245,0.0876712,2.71335,3.02583,0.312485
13-Apr-2026,104.186,0.0876712,0.779484,0.968477,0.188993
13-Apr-2026,109.147,0.0876712,0.11781,0.167154,0.0493443
13-Apr-2026,114.108,0.0876712,0.00828656,0.0136149,0.00532832
13-Apr-2026,119.069,0.0876712,0.000298065,0.000608995,0.00031093
13-Apr-2026,79.3796,0.126027,20.2983,20.3467,0.048396
13-Apr-2026,84.3408,0.126027,15.4651,15.5744,0.10929
13-Apr-2026,89.302,0.126027,10.8423,11.0393,0.196961
13-Apr-2026,94.2632,0.126027,6.69962,6.97122,0.271599
13-Apr-2026,99.2245,0.126027,3.42106,3.68665,0.265588
13-Apr-2026,104.186,0.126027,1.31901,1.48006,0.161048
13-Apr-2026,109.147,0.126027,0.345053,0.394484,0.0494307
13-Apr-2026,114.108,0.126027,0.0568841,0.0634304,0.00654628
13-Apr-2026,119.069,0.126027,0.00607318,0.0065581,0.000484916
13-Apr-2026,79.3796,0.213699,20.752,20.8339,0.0818795
13-Apr-2026,84.3408,0.213699,16.1273,16.2467,0.119432
13-Apr-2026,89.302,0.213699,11.8029,11.9458,0.142898
13-Apr-2026,94.2632,0.213699,7.96694,8.09657,0.129631
13-Apr-2026,99.2245,0.213699,4.82634,4.89502,0.0686828
13-Apr-2026,104.186,0.213699,2.5363,2.51948,0.0168238
13-Apr-2026,109.147,0.213699,1.11359,1.04047,0.0731169
13-Apr-2026,114.108,0.213699,0.39627,0.326733,0.0695369
13-Apr-2026,119.069,0.213699,0.113624,0.0774691,0.0361549
13-Apr-2026,79.3796,0.29863,21.3412,21.3731,0.0319465
13-Apr-2026,84.3408,0.29863,16.923,16.9367,0.0136895
13-Apr-2026,89.302,0.29863,12.8321,12.7997,0.0323722
13-Apr-2026,94.2632,0.29863,9.19814,9.08925,0.108891
13-Apr-2026,99.2245,0.29863,6.14701,5.94428,0.202734
13-Apr-2026,104.186,0.29863,3.76916,3.48733,0.281832
13-Apr-2026,109.147,0.29863,2.08513,1.7781,0.307029
13-Apr-2026,114.108,0.29863,1.02579,0.763502,0.262288
13-Apr-2026,119.069,0.29863,0.445676,0.271244,0.174432
13-Apr-2026,79.3796,0.383562,21.9792,21.8932,0.0860143
13-Apr-2026,84.3408,0.383562,17.734,17.574,0.159996
13-Apr-2026,89.302,0.383562,13.8182,13.5566,0.261562
13-Apr-2026,94.2632,0.383562,10.3251,9.94415,0.380953
13-Apr-2026,99.2245,0.383562,7.33936,6.84329,0.496068
13-Apr-2026,104.186,0.383562,4.91945,4.34499,0.574464
13-Apr-2026,109.147,0.383562,3.08169,2.4965,0.585187
13-Apr-2026,114.108,0.383562,1.7901,1.27252,0.517576
13-Apr-2026,119.069,0.383562,0.959583,0.566805,0.392778
13-Apr-2026,79.3796,0.465753,22.6444,22.395,0.249356
13-Apr-2026,84.3408,0.465753,18.5461,18.1732,0.372876
13-Apr-2026,89.302,0.465753,14.77,14.2517,0.518284
13-Apr-2026,94.2632,0.465753,11.3859,10.7167,0.66921
13-Apr-2026,99.2245,0.465753,8.45357,7.6535,0.800072
13-Apr-2026,104.186,0.465753,6.01319,5.13247,0.880724
13-Apr-2026,109.147,0.465753,4.07655,3.19089,0.885663
13-Apr-2026,114.108,0.465753,2.62185,1.81495,0.806898
13-Apr-2026,119.069,0.465753,1.59469,0.933838,0.660852
13-Apr-2026,79.3796,0.547945,23.3664,22.9109,0.455545
13-Apr-2026,84.3408,0.547945,19.4022,18.778,0.624227
13-Apr-2026,89.302,0.547945,15.749,14.9419,0.807061
13-Apr-2026,94.2632,0.547945,12.4592,11.4754,0.983773
13-Apr-2026,99.2245,0.547945,9.57587,8.44758,1.12829
13-Apr-2026,104.186,0.547945,7.12687,5.91353,1.21334
13-Apr-2026,109.147,0.547945,5.12013,3.90249,1.21764
13-Apr-2026,114.108,0.547945,3.54098,2.40605,1.13493
13-Apr-2026,119.069,0.547945,2.35261,1.37467,0.977941
13-Apr-2026,79.3796,0.632877,24.0845,23.4043,0.680239
13-Apr-2026,84.3408,0.632877,20.2353,19.3485,0.886766
13-Apr-2026,89.302,0.632877,16.6849,15.5853,1.09961
13-Apr-2026,94.2632,0.632877,13.4737,12.1768,1.2969
13-Apr-2026,99.2245,0.632877,10.6334,9.18031,1.45309
13-Apr-2026,104.186,0.632877,8.184,6.64013,1.54387
13-Apr-2026,109.147,0.632877,6.13041,4.5794,1.55101
13-Apr-2026,114.108,0.632877,4.46156,2.99213,1.46943
13-Apr-2026,119.069,0.632877,3.15057,1.84128,1.30929
13-Apr-2026,79.3796,0.717808,24.8738,23.9316,0.942196
13-Apr-2026,84.3408,0.717808,21.1358,19.9516,1.18422
13-Apr-2026,89.302,0.717808,17.6831,16.2587,1.42445
13-Apr-2026,94.2632,0.717808,14.5465,12.906,1.6405
13-Apr-2026,99.2245,0.717808,11.7494,9.94089,1.80851
13-Apr-2026,104.186,0.717808,9.3053,7.39877,1.90653
13-Apr-2026,109.147,0.717808,7.21705,5.2977,1.91935
13-Apr-2026,114.108,0.717808,5.47557,3.63286,1.84271
13-Apr-2026,119.069,0.717808,4.06054,2.37575,1.68479
13-Apr-2026,79.3796,0.79726,25.5607,24.3818,1.17886
13-Apr-2026,84.3408,0.79726,21.9095,20.4619,1.44764
13-Apr-2026,89.302,0.79726,18.5323,16.824,1.70826
13-Apr-2026,94.2632,0.79726,15.4537,13.515,1.93867
13-Apr-2026,99.2245,0.79726,12.6914,10.5752,2.11618
13-Apr-2026,104.186,0.79726,10.2555,8.03412,2.22138
13-Apr-2026,109.147,0.79726,8.14695,5.90634,2.24061
13-Apr-2026,114.108,0.79726,6.35787,4.18745,2.17042
13-Apr-2026,119.069,0.79726,4.87156,2.8539,2.01766
13-Apr-2026,79.3796,0.873973,26.1931,24.7914,1.4017
13-Apr-2026,84.3408,0.873973,22.6153,20.9229,1.69239
13-Apr-2026,89.302,0.873973,19.3016,17.3319,1.9697
13-Apr-2026,94.2632,0.873973,16.2719,14.0599,2.21199
13-Apr-2026,99.2245,0.873973,13.5402,11.1421,2.39811
13-Apr-2026,104.186,0.873973,11.1138,8.60352,2.51028
13-Apr-2026,109.147,0.873973,8.99258,6.4562,2.53638
13-Apr-2026,114.108,0.873973,7.16923,4.69584,2.47339
13-Apr-2026,119.069,0.873973,5.62943,3.30216,2.32727
14-Apr-2026,78.13,0.00821918,19.5518,19.5518,2.23254e-06
14-Apr-2026,83.0132,0.00821918,14.6699,14.6698,9.13594e-05
14-Apr-2026,87.8963,0.00821918,9.78797,9.78792,5.49005e-05
14-Apr-2026,92.7794,0.00821918,4.9063,4.90745,0.0011541
14-Apr-2026,97.6625,0.00821918,0.57739,0.632422,0.0550325
14-Apr-2026,102.546,0.00821918,3.16677e-05,5.1608e-05,1.99403e-05
14-Apr-2026,78.13,0.0273973,19.6225,19.6226,5.14782e-05
14-Apr-2026,83.0132,0.0273973,14.7451,14.7455,0.000403281
14-Apr-2026,87.8963,0.0273973,9.87031,9.87961,0.00929938
14-Apr-2026,92.7794,0.0273973,5.09142,5.15598,0.064564
14-Apr-2026,97.6625,0.0273973,1.31462,1.38795,0.0733322
14-Apr-2026,102.546,0.0273973,0.0644604,0.0593682,0.00509221
14-Apr-2026,107.429,0.0273973,0.000162385,0.000188325,2.59403e-05
14-Apr-2026,112.312,0.0273973,1.4532e-08,1.59081e-07,1.44549e-07
14-Apr-2026,117.195,0.0273973,1.25366e-13,8.25342e-11,8.24089e-11
14-Apr-2026,78.13,0.0438356,19.6804,19.6812,0.000765223
14-Apr-2026,83.0132,0.0438356,14.8078,14.8144,0.00664912
14-Apr-2026,87.8963,0.0438356,9.95751,9.9947,0.0371864
14-Apr-2026,92.7794,0.0438356,5.32744,5.42561,0.0981662
14-Apr-2026,97.6625,0.0438356,1.74256,1.79102,0.0484579
14-Apr-2026,102.546,0.0438356,0.212259,0.176659,0.0355995
14-Apr-2026,107.429,0.0438356,0.00501602,0.00380111,0.00121491
14-Apr-2026,112.312,0.0438356,1.81063e-05,4.05418e-05,2.24355e-05
14-Apr-2026,117.195,0.0438356,1.60987e-08,3.39346e-07,3.23247e-07
14-Apr-2026,78.13,0.0657534,19.7585,19.7653,0.00680948
14-Apr-2026,83.0132,0.0657534,14.9006,14.9281,0.0274903
14-Apr-2026,87.8963,0.0657534,10.1153,10.1902,0.0749178
14-Apr-2026,92.7794,0.0657534,5.67165,5.77657,0.10492
14-Apr-2026,97.6625,0.0657534,2.23488,2.22354,0.0113436
14-Apr-2026,102.546,0.0657534,0.472674,0.364674,0.108
14-Apr-2026,107.429,0.0657534,0.0380647,0.0225954,0.0154693
14-Apr-2026,112.312,0.0657534,0.000995418,0.000944891,5.05268e-05
14-Apr-2026,117.195,0.0657534,1.0589e-05,3.508e-05,2.4491e-05
14-Apr-2026,78.13,0.0849315,19.8197,19.8358,0.0161194
14-Apr-2026,83.0132,0.0849315,14.982,15.0287,0.0467395
14-Apr-2026,87.8963,0.0849315,10.2589,10.3521,0.0931778
14-Apr-2026,92.7794,0.0849315,5.93489,6.02424,0.0893527
14-Apr-2026,97.6625,0.0849315,2.57219,2.50299,0.0691997
14-Apr-2026,102.546,0.0849315,0.691313,0.513397,0.177916
14-Apr-2026,107.429,0.0849315,0.0910417,0.048832,0.0422097
14-Apr-2026,112.312,0.0849315,0.00518796,0.00350609,0.00168187
14-Apr-2026,117.195,0.0849315,0.00014655,0.000234012,8.74624e-05
14-Apr-2026,78.13,0.123288,19.9717,20.0159,0.0442202
14-Apr-2026,83.0132,0.123288,15.2026,15.2832,0.0806272
14-Apr-2026,87.8963,0.123288,10.6282,10.7243,0.0960864
14-Apr-2026,92.7794,0.123288,6.51675,6.52867,0.0119229
14-Apr-2026,97.6625,0.123288,3.26596,3.04354,0.222423
14-Apr-2026,102.546,0.123288,1.20928,0.848649,0.360631
14-Apr-2026,107.429,0.123288,0.293252,0.138703,0.154549
14-Apr-2026,112.312,0.123288,0.0430913,0.0192905,0.0238008
14-Apr-2026,117.195,0.123288,0.00400856,0.00263297,0.00137559
14-Apr-2026,78.13,0.210959,20.408,20.4838,0.0758013
14-Apr-2026,83.0132,0.210959,15.8384,15.8972,0.058838
14-Apr-2026,87.8963,0.210959,11.5575,11.5157,0.0418484
14-Apr-2026,92.7794,0.210959,7.75599,7.47965,0.276335
14-Apr-2026,97.6625,0.210959,4.64779,4.02992,0.617867
14-Apr-2026,102.546,0.210959,2.39648,1.57925,0.817228
14-Apr-2026,107.429,0.210959,1.02028,0.440215,0.580065
14-Apr-2026,112.312,0.210959,0.347122,0.110933,0.236189
14-Apr-2026,117.195,0.210959,0.0940068,0.0286289,0.0653779
14-Apr-2026,78.13,0.29589,20.9785,20.9966,0.0180852
14-Apr-2026,83.0132,0.29589,16.6115,16.5226,0.0888782
14-Apr-2026,87.8963,0.29589,12.5636,12.2586,0.304987
14-Apr-2026,92.7794,0.29589,8.96658,8.32026,0.646319
14-Apr-2026,97.6625,0.29589,5.95021,4.89934,1.05087
14-Apr-2026,102.546,0.29589,3.60888,2.30844,1.30044
14-Apr-2026,107.429,0.29589,1.96458,0.844449,1.12013
14-Apr-2026,112.312,0.29589,0.945153,0.277261,0.667892
14-Apr-2026,117.195,0.29589,0.399049,0.0930458,0.306003
14-Apr-2026,78.13,0.380822,21.6002,21.4863,0.113931
14-Apr-2026,83.0132,0.380822,17.4047,17.0975,0.307234
14-Apr-2026,87.8963,0.380822,13.5322,12.919,0.61325
14-Apr-2026,92.7794,0.380822,10.0777,9.05244,1.02526
14-Apr-2026,97.6625,0.380822,7.12793,5.6595,1.46843
14-Apr-2026,102.546,0.380822,4.74373,2.98768,1.75605
14-Apr-2026,107.429,0.380822,2.94234,1.2922,1.65014
14-Apr-2026,112.312,0.380822,1.6868,0.497135,1.18967
14-Apr-2026,117.195,0.380822,0.889283,0.191471,0.697812
14-Apr-2026,78.13,0.463014,22.2513,21.9559,0.295437
14-Apr-2026,83.0132,0.463014,18.2019,17.6378,0.564113
14-Apr-2026,87.8963,0.463014,14.4695,13.5297,0.939819
14-Apr-2026,92.7794,0.463014,11.1249,9.72325,1.40165
14-Apr-2026,97.6625,0.463014,8.22938,6.35771,1.87167
14-Apr-2026,102.546,0.463014,5.82434,3.63468,2.18966
14-Apr-2026,107.429,0.463014,3.92229,1.76861,2.15368
14-Apr-2026,112.312,0.463014,2.50112,0.765133,1.73599
14-Apr-2026,117.195,0.463014,1.50517,0.323711,1.18146
14-Apr-2026,78.13,0.545205,22.9601,22.437,0.523149
14-Apr-2026,83.0132,0.545205,19.0443,18.1846,0.859688
14-Apr-2026,87.8963,0.545205,15.435,14.1417,1.2933
14-Apr-2026,92.7794,0.545205,12.1854,10.3913,1.7941
14-Apr-2026,97.6625,0.545205,9.33929,7.05396,2.28533
14-Apr-2026,102.546,0.545205,6.92544,4.29548,2.62996
14-Apr-2026,107.429,0.545205,4.95223,2.2939,2.65833
14-Apr-2026,112.312,0.545205,3.40495,1.09618,2.30877
14-Apr-2026,117.195,0.545205,2.24624,0.502291,1.74395
14-Apr-2026,78.13,0.630137,23.6664,22.8967,0.769703
14-Apr-2026,83.0132,0.630137,19.8653,18.7029,1.16245
14-Apr-2026,87.8963,0.630137,16.359,14.7177,1.64133
14-Apr-2026,92.7794,0.630137,13.1882,11.017,2.17125
14-Apr-2026,97.6625,0.630137,10.3854,7.70636,2.67904
14-Apr-2026,102.546,0.630137,7.97097,4.92509,3.04588
14-Apr-2026,107.429,0.630137,5.95031,2.82228,3.12803
14-Apr-2026,112.312,0.630137,4.31234,1.46139,2.85095
14-Apr-2026,117.195,0.630137,3.02996,0.71688,2.31308
14-Apr-2026,78.13,0.715068,24.4437,23.3884,1.05534
14-Apr-2026,83.0132,0.715068,20.7535,19.2536,1.49993
14-Apr-2026,87.8963,0.715068,17.3448,15.3263,2.01851
14-Apr-2026,92.7794,0.715068,14.2488,11.6753,2.57347
14-Apr-2026,97.6625,0.715068,11.4892,8.39296,3.09624
14-Apr-2026,102.546,0.715068,9.08011,5.59586,3.48425
14-Apr-2026,107.429,0.715068,7.02438,3.40814,3.61624
14-Apr-2026,112.312,0.715068,5.31313,1.89761,3.41552
14-Apr-2026,117.195,0.715068,3.92595,0.994933,2.93102
14-Apr-2026,78.13,0.794521,25.1209,23.8088,1.31215
14-Apr-2026,83.0132,0.794521,21.5171,19.7221,1.79497
14-Apr-2026,87.8963,0.794521,18.1838,15.8417,2.34205
14-Apr-2026,92.7794,0.794521,15.1458,12.231,2.91481
14-Apr-2026,97.6625,0.794521,12.4211,8.97233,3.44877
14-Apr-2026,102.546,0.794521,10.02,6.16695,3.85305
14-Apr-2026,107.429,0.794521,7.94374,3.92146,4.02228
14-Apr-2026,112.312,0.794521,6.18452,2.30196,3.88256
14-Apr-2026,117.195,0.794521,4.72565,1.27135,3.4543
14-Apr-2026,78.13,0.871233,25.7446,24.1918,1.55276
14-Apr-2026,83.0132,0.871233,22.2139,20.1475,2.06639
14-Apr-2026,87.8963,0.871233,18.9439,16.308,2.63587
14-Apr-2026,92.7794,0.871233,15.9547,12.7323,3.22244
14-Apr-2026,97.6625,0.871233,13.2606,9.49486,3.76574
14-Apr-2026,102.546,0.871233,10.8689,6.68517,4.18373
14-Apr-2026,107.429,0.871233,8.77982,4.39651,4.38331
14-Apr-2026,112.312,0.871233,6.98612,2.69127,4.29485
14-Apr-2026,117.195,0.871233,5.47352,1.55226,3.92126
15-Apr-2026,83.8866,0.00547945,14.8174,14.8174,2.07109e-05
15-Apr-2026,88.8211,0.00547945,9.88375,9.88374,1.04223e-05
15-Apr-2026,93.7556,0.00547945,4.95007,4.9506,0.000531927
15-Apr-2026,98.6901,0.00547945,0.473684,0.600981,0.127297
15-Apr-2026,103.625,0.00547945,5.18873e-07,3.84743e-05,3.79554e-05
15-Apr-2026,78.9521,0.0246575,19.8231,19.8232,5.1808e-05
15-Apr-2026,83.8866,0.0246575,14.894,14.8949,0.000882252
15-Apr-2026,88.8211,0.0246575,9.96636,9.9835,0.0171424
15-Apr-2026,93.7556,0.0246575,5.11503,5.25645,0.14142
15-Apr-2026,98.6901,0.0246575,1.24619,1.55183,0.305642
15-Apr-2026,103.625,0.0246575,0.0447641,0.116019,0.0712552
15-Apr-2026,108.559,0.0246575,4.75387e-05,0.000956546,0.000909007
15-Apr-2026,113.494,0.0246575,1.18728e-09,1.52279e-06,1.5216e-06
15-Apr-2026,118.428,0.0246575,1.60437e-15,1.10758e-09,1.10758e-09
15-Apr-2026,78.9521,0.0410959,19.882,19.8835,0.00147405
15-Apr-2026,83.8866,0.0410959,14.9572,14.9698,0.0126448
15-Apr-2026,88.8211,0.0410959,10.0485,10.123,0.0745369
15-Apr-2026,93.7556,0.0410959,5.32935,5.58521,0.255862
15-Apr-2026,98.6901,0.0410959,1.64848,2.02668,0.378198
15-Apr-2026,103.625,0.0410959,0.158702,0.305053,0.146351
15-Apr-2026,108.559,0.0410959,0.00204333,0.0126675,0.0106241
15-Apr-2026,113.494,0.0410959,3.18102e-06,0.000216787,0.000213606
15-Apr-2026,118.428,0.0410959,1.267e-09,2.48201e-06,2.48074e-06
15-Apr-2026,78.9521,0.0630137,19.9611,19.9736,0.0125029
15-Apr-2026,83.8866,0.0630137,15.0478,15.1009,0.0530865
15-Apr-2026,88.8211,0.0630137,10.1901,10.3592,0.169125
15-Apr-2026,93.7556,0.0630137,5.63461,5.999,0.364388
15-Apr-2026,98.6901,0.0630137,2.08718,2.52637,0.439192
15-Apr-2026,103.625,0.0630137,0.355995,0.573793,0.217798
15-Apr-2026,108.559,0.0630137,0.017147,0.0566859,0.0395389
15-Apr-2026,113.494,0.0630137,0.000224231,0.00332171,0.00309748
15-Apr-2026,118.428,0.0630137,1.26598e-06,0.000156514,0.000155248
15-Apr-2026,78.9521,0.0821918,20.0219,20.0518,0.0299326
15-Apr-2026,83.8866,0.0821918,15.1236,15.2186,0.0949948
15-Apr-2026,88.8211,0.0821918,10.3149,10.551,0.236092
15-Apr-2026,93.7556,0.0821918,5.86174,6.28477,0.423029
15-Apr-2026,98.6901,0.0821918,2.37558,2.84446,0.468883
15-Apr-2026,103.625,0.0821918,0.517109,0.771563,0.254454
15-Apr-2026,108.559,0.0821918,0.0421156,0.108044,0.0659279
15-Apr-2026,113.494,0.0821918,0.00125845,0.0102299,0.00897149
15-Apr-2026,118.428,0.0821918,1.97364e-05,0.000832686,0.00081295
15-Apr-2026,78.9521,0.120548,20.1668,20.2555,0.0886727
15-Apr-2026,83.8866,0.120548,15.3184,15.514,0.195583
15-Apr-2026,88.8211,0.120548,10.6247,10.9819,0.357229
15-Apr-2026,93.7556,0.120548,6.34705,6.85555,0.508497
15-Apr-2026,98.6901,0.120548,2.9437,3.44868,0.504979
15-Apr-2026,103.625,0.120548,0.886397,1.18956,0.303164
15-Apr-2026,108.559,0.120548,0.139288,0.259093,0.119805
15-Apr-2026,113.494,0.120548,0.0113871,0.0440184,0.0326313
15-Apr-2026,118.428,0.120548,0.000612441,0.00693235,0.00631991
15-Apr-2026,78.9521,0.208219,20.5448,20.7821,0.237332
15-Apr-2026,83.8866,0.208219,15.8367,16.2076,0.370948
15-Apr-2026,88.8211,0.208219,11.3613,11.8669,0.505584
15-Apr-2026,93.7556,0.208219,7.32258,7.89836,0.575781
15-Apr-2026,98.6901,0.208219,4.00303,4.51347,0.510442
15-Apr-2026,103.625,0.208219,1.69428,2.02496,0.330684
15-Apr-2026,108.559,0.208219,0.500173,0.683263,0.18309
15-Apr-2026,113.494,0.208219,0.102776,0.197645,0.0948688
15-Apr-2026,118.428,0.208219,0.0166902,0.0558837,0.0391935
15-Apr-2026,78.9521,0.293151,20.9973,21.3465,0.349229
15-Apr-2026,83.8866,0.293151,16.427,16.8921,0.465136
15-Apr-2026,88.8211,0.293151,12.1174,12.6694,0.552009
15-Apr-2026,93.7556,0.293151,8.22455,8.78914,0.564588
15-Apr-2026,98.6901,0.293151,4.94686,5.41906,0.472202
15-Apr-2026,103.625,0.293151,2.49366,2.80488,0.311221
15-Apr-2026,108.559,0.293151,0.99073,1.17994,0.18921
15-Apr-2026,113.494,0.293151,0.307971,0.435132,0.127161
15-Apr-2026,118.428,0.293151,0.080918,0.157325,0.0764073
15-Apr-2026,78.9521,0.378082,21.465,21.8741,0.409082
15-Apr-2026,83.8866,0.378082,17.0092,17.5061,0.496882
15-Apr-2026,88.8211,0.378082,12.8209,13.365,0.544089
15-Apr-2026,93.7556,0.378082,9.02526,9.54697,0.521713
15-Apr-2026,98.6901,0.378082,5.7751,6.19417,0.419066
15-Apr-2026,103.625,0.378082,3.23391,3.50693,0.273022
15-Apr-2026,108.559,0.378082,1.52121,1.6873,0.166089
15-Apr-2026,113.494,0.378082,0.595099,0.718981,0.123882
15-Apr-2026,118.428,0.378082,0.203129,0.296837,0.0937079
15-Apr-2026,78.9521,0.460274,21.939,22.3713,0.432341
15-Apr-2026,83.8866,0.460274,17.5801,18.0728,0.492691
15-Apr-2026,88.8211,0.460274,13.4876,13.9972,0.509645
15-Apr-2026,93.7556,0.460274,9.76568,10.231,0.465311
15-Apr-2026,98.6901,0.460274,6.53815,6.89745,0.3593
15-Apr-2026,103.625,0.460274,3.93817,4.16357,0.225395
15-Apr-2026,108.559,0.460274,2.07294,2.20152,0.128579
15-Apr-2026,113.494,0.460274,0.943423,1.04113,0.0977094
15-Apr-2026,118.428,0.460274,0.382234,0.470993,0.088759
15-Apr-2026,78.9521,0.542466,22.4442,22.8738,0.429599
15-Apr-2026,83.8866,0.542466,18.174,18.6386,0.464587
15-Apr-2026,88.8211,0.542466,14.1658,14.6232,0.45736
15-Apr-2026,93.7556,0.542466,10.5075,10.9056,0.398098
15-Apr-2026,98.6901,0.542466,7.30187,7.59361,0.291743
15-Apr-2026,103.625,0.542466,4.6588,4.82712,0.168322
15-Apr-2026,108.559,0.542466,2.67189,2.75143,0.0795393
15-Apr-2026,113.494,0.542466,1.36364,1.41829,0.0546523
15-Apr-2026,118.428,0.542466,0.629636,0.692705,0.0630687
15-Apr-2026,78.9521,0.627397,22.9408,23.3489,0.408087
15-Apr-2026,83.8866,0.627397,18.7474,19.1695,0.42211
15-Apr-2026,88.8211,0.627397,14.8104,15.2073,0.396875
15-Apr-2026,93.7556,0.627397,11.2058,11.5334,0.32765
15-Apr-2026,98.6901,0.627397,8.02063,8.24309,0.222464
15-Apr-2026,103.625,0.627397,5.34795,5.45541,0.107462
15-Apr-2026,108.559,0.627397,3.26906,3.29404,0.0249842
15-Apr-2026,113.494,0.627397,1.81558,1.81832,0.00274306
15-Apr-2026,118.428,0.627397,0.924334,0.946581,0.0222474
15-Apr-2026,78.9521,0.712329,23.4832,23.8529,0.369653
15-Apr-2026,83.8866,0.712329,19.3651,19.7297,0.36456
15-Apr-2026,88.8211,0.712329,15.4968,15.821,0.324165
15-Apr-2026,93.7556,0.712329,11.9439,12.1915,0.247636
15-Apr-2026,98.6901,0.712329,8.78078,8.92491,0.144128
15-Apr-2026,103.625,0.712329,6.08568,6.12235,0.0366733
15-Apr-2026,108.559,0.712329,3.92846,3.88832,0.0401385
15-Apr-2026,113.494,0.712329,2.34391,2.28266,0.0612487
15-Apr-2026,118.428,0.712329,1.29777,1.26267,0.0350962
15-Apr-2026,78.9521,0.791781,23.9541,24.2813,0.327186
15-Apr-2026,83.8866,0.791781,19.8958,20.2039,0.308117
15-Apr-2026,88.8211,0.791781,16.0815,16.3388,0.257296
15-Apr-2026,93.7556,0.791781,12.5696,12.7457,0.17606
15-Apr-2026,98.6901,0.791781,9.42537,9.49955,0.0741758
15-Apr-2026,103.625,0.791781,6.71698,6.68909,0.0278905
15-Apr-2026,108.559,0.791781,4.50569,4.40511,0.100581
15-Apr-2026,113.494,0.791781,2.82615,2.70478,0.121369
15-Apr-2026,118.428,0.791781,1.66012,1.56745,0.0926737
15-Apr-2026,78.9521,0.868493,24.3877,24.6702,0.282528
15-Apr-2026,83.8866,0.868493,20.3809,20.6331,0.252244
15-Apr-2026,88.8211,0.868493,16.6127,16.8062,0.193512
15-Apr-2026,93.7556,0.868493,13.1361,13.245,0.108854
15-Apr-2026,98.6901,0.868493,10.0092,10.0176,0.00838185
15-Apr-2026,103.625,0.868493,7.2925,7.20295,0.0895526
15-Apr-2026,108.559,0.868493,5.04032,4.8813,0.159016
15-Apr-2026,113.494,0.868493,3.28598,3.10624,0.179744
15-Apr-2026,118.428,0.868493,2.02107,1.87061,0.150459
16-Apr-2026,78.7261,0.00273973,19.688,19.688,2.18098e-05
16-Apr-2026,83.6465,0.00273973,14.7681,14.768,7.05756e-05
16-Apr-2026,88.5668,0.00273973,9.8481,9.84814,3.70308e-05
16-Apr-2026,93.4872,0.00273973,4.92812,4.92815,2.5238e-05
16-Apr-2026,98.4076,0.00273973,0.32448,0.391706,0.0672263
16-Apr-2026,103.328,0.00273973,4.90499e-08,7.54411e-10,4.82955e-08
16-Apr-2026,78.7261,0.0219178,19.7597,19.7597,3.21976e-05
16-Apr-2026,83.6465,0.0219178,14.8443,14.8445,0.000229493
16-Apr-2026,88.5668,0.0219178,9.92957,9.93814,0.00857132
16-Apr-2026,93.4872,0.0219178,5.07245,5.16716,0.0947071
16-Apr-2026,98.4076,0.0219178,1.16179,1.38169,0.219904
16-Apr-2026,103.328,0.0219178,0.0293952,0.0627398,0.0333446
16-Apr-2026,108.248,0.0219178,1.18888e-05,0.000178795,0.000166906
16-Apr-2026,113.169,0.0219178,7.22709e-11,9.03788e-08,9.03066e-08
16-Apr-2026,78.7261,0.0383562,19.8184,19.819,0.00062917
16-Apr-2026,83.6465,0.0383562,14.907,14.914,0.0070342
16-Apr-2026,88.5668,0.0383562,10.0073,10.0569,0.0496222
16-Apr-2026,93.4872,0.0383562,5.27267,5.46295,0.190282
16-Apr-2026,98.4076,0.0383562,1.56099,1.83846,0.277467
16-Apr-2026,103.328,0.0383562,0.124516,0.205651,0.0811345
16-Apr-2026,108.248,0.0383562,0.000998729,0.00494482,0.00394609
16-Apr-2026,113.169,0.0383562,8.21024e-07,4.94315e-05,4.86105e-05
16-Apr-2026,118.089,0.0383562,1.72292e-10,3.48979e-07,3.48806e-07
16-Apr-2026,78.7261,0.060274,19.8969,19.9047,0.00777231
16-Apr-2026,83.6465,0.060274,14.9954,15.0318,0.0364497
16-Apr-2026,88.5668,0.060274,10.1404,10.2664,0.125958
16-Apr-2026,93.4872,0.060274,5.56366,5.84699,0.283327
16-Apr-2026,98.4076,0.060274,1.9893,2.31574,0.326445
16-Apr-2026,103.328,0.060274,0.29887,0.42903,0.13016
16-Apr-2026,108.248,0.060274,0.0107258,0.0303705,0.0196447
16-Apr-2026,113.169,0.060274,9.73031e-05,0.00131497,0.00121767
16-Apr-2026,118.089,0.060274,3.91995e-07,4.77121e-05,4.73201e-05
16-Apr-2026,78.7261,0.0794521,19.9569,19.9775,0.0205619
16-Apr-2026,83.6465,0.0794521,15.0685,15.1382,0.069695
16-Apr-2026,88.5668,0.0794521,10.2583,10.4409,0.182557
16-Apr-2026,93.4872,0.0794521,5.78117,6.11566,0.334485
16-Apr-2026,98.4076,0.0794521,2.26813,2.61939,0.351263
16-Apr-2026,103.328,0.0794521,0.443459,0.600686,0.157227
16-Apr-2026,108.248,0.0794521,0.0284679,0.0648386,0.0363707
16-Apr-2026,113.169,0.0794521,0.000641682,0.00489759,0.00425591
16-Apr-2026,118.089,0.0794521,7.8623e-06,0.000329434,0.000321571
16-Apr-2026,78.7261,0.117808,20.0987,20.1661,0.0673738
16-Apr-2026,83.6465,0.117808,15.2551,15.4092,0.154062
16-Apr-2026,88.5668,0.117808,10.5522,10.8407,0.28854
16-Apr-2026,93.4872,0.117808,6.24583,6.65724,0.411409
16-Apr-2026,98.4076,0.117808,2.81237,3.19814,0.385766
16-Apr-2026,103.328,0.117808,0.776203,0.975893,0.19969
16-Apr-2026,108.248,0.117808,0.101917,0.177681,0.0757639
16-Apr-2026,113.169,0.117808,0.00684163,0.0261097,0.019268
16-Apr-2026,118.089,0.117808,0.000314608,0.00365836,0.00334375
16-Apr-2026,78.7261,0.205479,20.4644,20.6596,0.195246
16-Apr-2026,83.6465,0.205479,15.7504,16.0605,0.310145
16-Apr-2026,88.5668,0.205479,11.2532,11.6802,0.426958
16-Apr-2026,93.4872,0.205479,7.17501,7.66005,0.485037
16-Apr-2026,98.4076,0.205479,3.81256,4.23023,0.417666
16-Apr-2026,103.328,0.205479,1.50129,1.75879,0.2575
16-Apr-2026,108.248,0.205479,0.386794,0.531013,0.144219
16-Apr-2026,113.169,0.205479,0.0691463,0.140621,0.0714749
16-Apr-2026,118.089,0.205479,0.010207,0.0373144,0.0271074
16-Apr-2026,78.7261,0.290411,20.8996,21.1975,0.297906
16-Apr-2026,83.6465,0.290411,16.3138,16.716,0.402234
16-Apr-2026,88.5668,0.290411,11.971,12.4553,0.484293
16-Apr-2026,93.4872,0.290411,8.02676,8.52974,0.502982
16-Apr-2026,98.4076,0.290411,4.69091,5.12177,0.430861
16-Apr-2026,103.328,0.290411,2.21357,2.51472,0.30115
16-Apr-2026,108.248,0.290411,0.78115,0.977187,0.196037
16-Apr-2026,113.169,0.290411,0.2147,0.336009,0.121309
16-Apr-2026,118.089,0.290411,0.0521448,0.115835,0.0636898
16-Apr-2026,78.7261,0.375342,21.3485,21.7066,0.35812
16-Apr-2026,83.6465,0.375342,16.8682,17.3118,0.44358
16-Apr-2026,88.5668,0.375342,12.6362,13.1356,0.499422
16-Apr-2026,93.4872,0.375342,8.77714,9.278,0.500855
16-Apr-2026,98.4076,0.375342,5.45448,5.89281,0.438331
16-Apr-2026,103.328,0.375342,2.87068,3.2074,0.336724
16-Apr-2026,108.248,0.375342,1.21243,1.45326,0.240828
16-Apr-2026,113.169,0.375342,0.421718,0.583339,0.161621
16-Apr-2026,118.089,0.375342,0.133368,0.230835,0.0974672
16-Apr-2026,78.7261,0.457534,21.8025,22.1911,0.388553
16-Apr-2026,83.6465,0.457534,17.4103,17.8669,0.456636
16-Apr-2026,88.5668,0.457534,13.264,13.7595,0.495478
16-Apr-2026,93.4872,0.457534,9.46702,9.95842,0.491401
16-Apr-2026,98.4076,0.457534,6.154,6.59679,0.442789
16-Apr-2026,103.328,0.457534,3.49544,3.86162,0.36618
16-Apr-2026,108.248,0.457534,1.66608,1.94853,0.28245
16-Apr-2026,113.169,0.457534,0.676504,0.875423,0.198919
16-Apr-2026,118.089,0.457534,0.253118,0.380565,0.127447
16-Apr-2026,78.7261,0.539726,22.2852,22.6842,0.398988
16-Apr-2026,83.6465,0.539726,17.9727,18.4252,0.452453
16-Apr-2026,88.5668,0.539726,13.9002,14.381,0.480767
16-Apr-2026,93.4872,0.539726,10.1554,10.6328,0.47744
16-Apr-2026,98.4076,0.539726,6.85199,7.29633,0.44434
16-Apr-2026,103.328,0.539726,4.13559,4.52656,0.390969
16-Apr-2026,108.248,0.539726,2.1645,2.487,0.322496
16-Apr-2026,113.169,0.539726,0.989394,1.22768,0.238286
16-Apr-2026,118.089,0.539726,0.419698,0.577646,0.157948
16-Apr-2026,78.7261,0.624658,22.7588,23.1531,0.394321
16-Apr-2026,83.6465,0.624658,18.5145,18.9517,0.437212
16-Apr-2026,88.5668,0.624658,14.5032,14.9635,0.460299
16-Apr-2026,93.4872,0.624658,10.8016,11.2626,0.460963
16-Apr-2026,98.4076,0.624658,7.50815,7.95048,0.44233
16-Apr-2026,103.328,0.624658,4.74946,5.15833,0.408867
16-Apr-2026,108.248,0.624658,2.66748,3.02393,0.356447
16-Apr-2026,113.169,0.624658,1.33292,1.60951,0.276586
16-Apr-2026,118.089,0.624658,0.620633,0.809542,0.188909
16-Apr-2026,78.7261,0.709589,23.2751,23.6527,0.37762
16-Apr-2026,83.6465,0.709589,19.0968,19.5094,0.412578
16-Apr-2026,88.5668,0.709589,15.1441,15.5774,0.43328
16-Apr-2026,93.4872,0.709589,11.484,11.924,0.439981
16-Apr-2026,98.4076,0.709589,8.20233,8.63811,0.435778
16-Apr-2026,103.328,0.709589,5.40909,5.83032,0.42123
16-Apr-2026,108.248,0.709589,3.22955,3.61597,0.386425
16-Apr-2026,113.169,0.709589,1.7436,2.05978,0.316177
16-Apr-2026,118.089,0.709589,0.880217,1.10483,0.22461
16-Apr-2026,78.7261,0.789041,23.7226,24.0788,0.35616
16-Apr-2026,83.6465,0.789041,19.5965,19.9828,0.386266
16-Apr-2026,88.5668,0.789041,15.6896,16.0964,0.406784
16-Apr-2026,93.4872,0.789041,12.0623,12.4816,0.419284
16-Apr-2026,98.4076,0.789041,8.79183,9.21802,0.426192
16-Apr-2026,103.328,0.789041,5.97595,6.40196,0.426014
16-Apr-2026,108.248,0.789041,3.72703,4.13299,0.405957
16-Apr-2026,113.169,0.789041,2.12658,2.47356,0.346976
16-Apr-2026,118.089,0.789041,1.138,1.39447,0.256475
16-Apr-2026,78.7261,0.865753,24.1344,24.4663,0.331917
16-Apr-2026,83.6465,0.865753,20.053,20.4119,0.35891
16-Apr-2026,88.5668,0.865753,16.1852,16.5654,0.380194
16-Apr-2026,93.4872,0.865753,12.5864,12.9843,0.397918
16-Apr-2026,98.4076,0.865753,9.32684,9.74093,0.414089
16-Apr-2026,103.328,0.865753,6.49487,6.92052,0.425648
16-Apr-2026,108.248,0.865753,4.19206,4.61054,0.418484
16-Apr-2026,113.169,0.865753,2.49846,2.86978,0.371325
16-Apr-2026,118.089,0.865753,1.40071,1.68609,0.285378
17-Apr-2026,77.9004,0.0191781,19.5459,19.5459,3.65134e-05
17-Apr-2026,82.7692,0.0191781,14.6815,14.6834,0.0019326
17-Apr-2026,87.6379,0.0191781,9.81778,9.84683,0.029047
17-Apr-2026,92.5067,0.0191781,5.00717,5.2299,0.222725
17-Apr-2026,97.3755,0.0191781,1.13437,1.6279,0.493531
17-Apr-2026,102.244,0.0191781,0.0283835,0.135391,0.107007
17-Apr-2026,107.113,0.0191781,1.15119e-05,0.000453441,0.000441929
17-Apr-2026,111.982,0.0191781,5.54428e-11,2.8496e-08,2.84406e-08
17-Apr-2026,116.851,0.0191781,1.45331e-15,2.25517e-13,2.24064e-13
17-Apr-2026,77.9004,0.0356164,19.6037,19.6078,0.00406145
17-Apr-2026,82.7692,0.0356164,14.7434,14.7705,0.0270974
17-Apr-2026,87.6379,0.0356164,9.89468,10.0296,0.134942
17-Apr-2026,92.5067,0.0356164,5.21231,5.64142,0.429108
17-Apr-2026,97.3755,0.0356164,1.55334,2.19074,0.637398
17-Apr-2026,102.244,0.0356164,0.13088,0.375807,0.244927
17-Apr-2026,107.113,0.0356164,0.00122076,0.0100479,0.0088271
17-Apr-2026,111.982,0.0356164,1.12097e-06,3.01703e-05,2.90493e-05
17-Apr-2026,116.851,0.0356164,2.30257e-10,3.02757e-08,3.00454e-08
17-Apr-2026,77.9004,0.0575342,19.6812,19.7106,0.0293658
17-Apr-2026,82.7692,0.0575342,14.8309,14.9361,0.105171
17-Apr-2026,87.6379,0.0575342,10.0292,10.3296,0.300433
17-Apr-2026,92.5067,0.0575342,5.51233,6.13157,0.619236
17-Apr-2026,97.3755,0.0575342,1.99677,2.7582,0.761433
17-Apr-2026,102.244,0.0575342,0.318473,0.699632,0.381159
17-Apr-2026,107.113,0.0575342,0.0131935,0.051922,0.0387285
17-Apr-2026,111.982,0.0575342,0.000137798,0.000947554,0.000809756
17-Apr-2026,116.851,0.0575342,5.98704e-07,8.80991e-06,8.2112e-06
17-Apr-2026,77.9004,0.0767123,19.7406,19.8046,0.0640186
17-Apr-2026,82.7692,0.0767123,14.9041,15.0833,0.179213
17-Apr-2026,87.6379,0.0767123,10.1495,10.562,0.41246
17-Apr-2026,92.5067,0.0767123,5.73605,6.45704,0.720985
17-Apr-2026,97.3755,0.0767123,2.28361,3.10954,0.825934
17-Apr-2026,102.244,0.0767123,0.472521,0.928738,0.456217
17-Apr-2026,107.113,0.0767123,0.0344783,0.103103,0.0686245
17-Apr-2026,111.982,0.0767123,0.000885969,0.00369609,0.00281012
17-Apr-2026,116.851,0.0767123,1.1814e-05,7.7711e-05,6.5897e-05
17-Apr-2026,77.9004,0.0958904,19.8163,19.9344,0.118058
17-Apr-2026,82.7692,0.0958904,15.0036,15.2756,0.271989
17-Apr-2026,87.6379,0.0958904,10.3108,10.8395,0.528748
17-Apr-2026,92.5067,0.0958904,6.00177,6.81584,0.81407
17-Apr-2026,97.3755,0.0958904,2.60095,3.48448,0.883529
17-Apr-2026,102.244,0.0958904,0.665204,1.19246,0.527254
17-Apr-2026,107.113,0.0958904,0.0753088,0.183091,0.107782
17-Apr-2026,111.982,0.0958904,0.00383798,0.0110523,0.00721433
17-Apr-2026,116.851,0.0958904,0.000119387,0.000429398,0.000310011
17-Apr-2026,77.9004,0.115068,19.8817,20.0486,0.166866
17-Apr-2026,82.7692,0.115068,15.0926,15.4366,0.344049
17-Apr-2026,87.6379,0.115068,10.4502,11.0579,0.607732
17-Apr-2026,92.5067,0.115068,6.21206,7.08365,0.871587
17-Apr-2026,97.3755,0.115068,2.84094,3.75921,0.91827
17-Apr-2026,102.244,0.115068,0.823263,1.39688,0.573613
17-Apr-2026,107.113,0.115068,0.119553,0.259613,0.14006
17-Apr-2026,111.982,0.115068,0.00891766,0.0210845,0.0121669
17-Apr-2026,116.851,0.115068,0.000442936,0.00114834,0.000705407
17-Apr-2026,77.9004,0.20274,20.2499,20.6405,0.390587
17-Apr-2026,82.7692,0.20274,15.596,16.2015,0.605516
17-Apr-2026,87.6379,0.20274,11.1654,12.0059,0.840463
17-Apr-2026,92.5067,0.20274,7.15844,8.17144,1.013
17-Apr-2026,97.3755,0.20274,3.85967,4.86122,1.00155
17-Apr-2026,102.244,0.20274,1.5766,2.2972,0.720597
17-Apr-2026,107.113,0.20274,0.434845,0.725611,0.290766
17-Apr-2026,111.982,0.20274,0.08353,0.132314,0.0487839
17-Apr-2026,116.851,0.20274,0.0130347,0.016674,0.00363935
17-Apr-2026,77.9004,0.287671,20.6903,21.2299,0.539612
17-Apr-2026,82.7692,0.287671,16.1682,16.9058,0.737558
17-Apr-2026,87.6379,0.287671,11.8945,12.8194,0.924888
17-Apr-2026,92.5067,0.287671,8.02187,9.06572,1.04385
17-Apr-2026,97.3755,0.287671,4.7503,5.77438,1.02408
17-Apr-2026,102.244,0.287671,2.30792,3.11797,0.810052
17-Apr-2026,107.113,0.287671,0.85728,1.28959,0.432312
17-Apr-2026,111.982,0.287671,0.249035,0.363032,0.113997
17-Apr-2026,116.851,0.287671,0.0631547,0.0707271,0.00757244
17-Apr-2026,77.9004,0.372603,21.1445,21.7578,0.613315
17-Apr-2026,82.7692,0.372603,16.7299,17.5159,0.785972
17-Apr-2026,87.6379,0.372603,12.568,13.5074,0.939433
17-Apr-2026,92.5067,0.372603,8.78034,9.81536,1.03502
17-Apr-2026,97.3755,0.372603,5.52212,6.54938,1.02726
17-Apr-2026,102.244,0.372603,2.9777,3.84874,0.871043
17-Apr-2026,107.113,0.372603,1.31055,1.86459,0.55404
17-Apr-2026,111.982,0.372603,0.47738,0.683733,0.206353
17-Apr-2026,116.851,0.372603,0.156597,0.18194,0.0253435
17-Apr-2026,77.9004,0.454795,21.6034,22.2448,0.641388
17-Apr-2026,82.7692,0.454795,17.2781,18.0705,0.792383
17-Apr-2026,87.6379,0.454795,13.2021,14.1272,0.925056
17-Apr-2026,92.5067,0.454795,9.47616,10.4891,1.01291
17-Apr-2026,97.3755,0.454795,6.22749,7.25096,1.02347
17-Apr-2026,102.244,0.454795,3.61139,4.52754,0.916149
17-Apr-2026,107.113,0.454795,1.78144,2.4393,0.657857
17-Apr-2026,111.982,0.454795,0.752836,1.06689,0.314054
17-Apr-2026,116.851,0.454795,0.29103,0.359814,0.0687842
17-Apr-2026,77.9004,0.536986,22.0907,22.732,0.641301
17-Apr-2026,82.7692,0.536986,17.8458,18.621,0.77521
17-Apr-2026,87.6379,0.536986,13.8436,14.7391,0.895543
17-Apr-2026,92.5067,0.536986,10.1692,11.1531,0.98394
17-Apr-2026,97.3755,0.536986,6.92989,7.94493,1.01504
17-Apr-2026,102.244,0.536986,4.25831,5.20956,0.951249
17-Apr-2026,107.113,0.536986,2.29417,3.04379,0.749618
17-Apr-2026,111.982,0.536986,1.08598,1.51747,0.431488
17-Apr-2026,116.851,0.536986,0.474672,0.617234,0.142562
17-Apr-2026,77.9004,0.621918,22.5683,23.1911,0.62283
17-Apr-2026,82.7692,0.621918,18.3918,19.137,0.745228
17-Apr-2026,87.6379,0.621918,14.4507,15.3104,0.859657
17-Apr-2026,92.5067,0.621918,10.8188,11.7714,0.952646
17-Apr-2026,97.3755,0.621918,7.58906,8.59189,1.00283
17-Apr-2026,102.244,0.621918,4.87692,5.85187,0.97495
17-Apr-2026,107.113,0.621918,2.80807,3.6308,0.822726
17-Apr-2026,111.982,0.621918,1.44731,1.98821,0.5409
17-Apr-2026,116.851,0.621918,0.692998,0.927244,0.234246
17-Apr-2026,77.9004,0.706849,23.0882,23.6782,0.58997
17-Apr-2026,82.7692,0.706849,18.9779,19.6819,0.704004
17-Apr-2026,87.6379,0.706849,15.0949,15.911,0.816131
17-Apr-2026,92.5067,0.706849,11.5038,12.4197,0.915927
17-Apr-2026,97.3755,0.706849,8.28542,9.27025,0.98483
17-Apr-2026,102.244,0.706849,5.54014,6.53008,0.98994
17-Apr-2026,107.113,0.706849,3.37935,4.26429,0.884935
17-Apr-2026,111.982,0.706849,1.87492,2.52271,0.647793
17-Apr-2026,116.851,0.706849,0.971533,1.31603,0.3445
17-Apr-2026,77.9004,0.786301,23.5384,24.0928,0.554358
17-Apr-2026,82.7692,0.786301,19.4802,20.1438,0.66361
17-Apr-2026,87.6379,0.786301,15.6426,16.4182,0.775641
17-Apr-2026,92.5067,0.786301,12.0837,12.9655,0.881806
17-Apr-2026,97.3755,0.786301,8.87604,9.84105,0.965013
17-Apr-2026,102.244,0.786301,6.10908,7.10352,0.994437
17-Apr-2026,107.113,0.786301,3.88296,4.80827,0.925306
17-Apr-2026,111.982,0.786301,2.27051,2.99811,0.727603
17-Apr-2026,116.851,0.786301,1.24524,1.68607,0.440831
17-Apr-2026,77.9004,0.863014,23.9523,24.4697,0.517372
17-Apr-2026,82.7692,0.863014,19.9386,20.5623,0.623667
17-Apr-2026,87.6379,0.863014,16.1397,16.8762,0.736498
17-Apr-2026,92.5067,0.863014,12.6087,13.457,0.848309
17-Apr-2026,97.3755,0.863014,9.41158,10.3547,0.943156
17-Apr-2026,102.244,0.863014,6.62922,7.62123,0.99201
17-Apr-2026,107.113,0.863014,4.35241,5.30458,0.952171
17-Apr-2026,111.982,0.863014,2.65239,3.44213,0.789736
17-Apr-2026,116.851,0.863014,1.52187,2.04735,0.525476
20-Apr-2026,78.7377,0.0109589,19.7092,19.7092,1.58511e-05
20-Apr-2026,83.6588,0.0109589,14.7897,14.7897,3.31419e-05
20-Apr-2026,88.5799,0.0109589,9.87013,9.87016,2.52415e-05
20-Apr-2026,93.501,0.0109589,4.9519,4.96549,0.0135899
20-Apr-2026,98.4221,0.0109589,0.672059,0.837666,0.165607
20-Apr-2026,103.343,0.0109589,0.000256427,0.000832724,0.000576297
20-Apr-2026,108.264,0.0109589,4.51487e-13,3.60083e-13,9.14035e-14
20-Apr-2026,113.185,0.0109589,4.8911e-16,-1.75857e-17,5.06696e-16
20-Apr-2026,118.107,0.0109589,5.04268e-16,-1.08963e-16,6.13231e-16
20-Apr-2026,78.7377,0.0273973,19.7774,19.7777,0.000264735
20-Apr-2026,83.6588,0.0273973,14.8622,14.8658,0.00361472
20-Apr-2026,88.5799,0.0273973,9.95017,9.98628,0.0361132
20-Apr-2026,93.501,0.0273973,5.13919,5.32896,0.18977
20-Apr-2026,98.4221,0.0273973,1.33274,1.63446,0.301721
20-Apr-2026,103.343,0.0273973,0.0636186,0.0954813,0.0318627
20-Apr-2026,108.264,0.0273973,0.000141735,0.000103328,3.84072e-05
20-Apr-2026,113.185,0.0273973,1.27045e-08,7.92184e-09,4.78266e-09
20-Apr-2026,118.107,0.0273973,1.46224e-13,2.5912e-13,1.12896e-13
20-Apr-2026,78.7377,0.0493151,19.8394,19.8447,0.00526757
20-Apr-2026,83.6588,0.0493151,14.9295,14.9587,0.0292336
20-Apr-2026,88.5799,0.0493151,10.0437,10.1646,0.12094
20-Apr-2026,93.501,0.0493151,5.37825,5.69479,0.316543
20-Apr-2026,98.4221,0.0493151,1.74611,2.11462,0.368511
20-Apr-2026,103.343,0.0493151,0.197187,0.260778,0.0635914
20-Apr-2026,108.264,0.0493151,0.00369957,0.00276044,0.000939131
20-Apr-2026,113.185,0.0493151,1.10913e-05,6.09431e-06,4.99699e-06
20-Apr-2026,118.107,0.0493151,1.05132e-08,8.44536e-09,2.06784e-09
20-Apr-2026,78.7377,0.0684932,19.9084,19.9321,0.0237151
20-Apr-2026,83.6588,0.0684932,15.0103,15.0922,0.0818522
20-Apr-2026,88.5799,0.0684932,10.1744,10.3951,0.220722
20-Apr-2026,93.501,0.0684932,5.65071,6.06494,0.414233
20-Apr-2026,98.4221,0.0684932,2.12345,2.53973,0.416278
20-Apr-2026,103.343,0.0684932,0.374366,0.466201,0.0918351
20-Apr-2026,108.264,0.0684932,0.0193347,0.0148318,0.0045029
20-Apr-2026,113.185,0.0684932,0.000294703,0.000153835,0.000140868
20-Apr-2026,118.107,0.0684932,2.11113e-06,1.17951e-06,9.3162e-07
20-Apr-2026,78.7377,0.0876712,19.9665,20.0153,0.0488286
20-Apr-2026,83.6588,0.0876712,15.0842,15.2177,0.133489
20-Apr-2026,88.5799,0.0876712,10.297,10.5909,0.293885
20-Apr-2026,93.501,0.0876712,5.86979,6.34213,0.472342
20-Apr-2026,98.4221,0.0876712,2.39692,2.84051,0.443594
20-Apr-2026,103.343,0.0876712,0.527591,0.639602,0.112011
20-Apr-2026,108.264,0.0876712,0.0438491,0.0345534,0.00929572
20-Apr-2026,113.185,0.0876712,0.00141125,0.000725963,0.000685287
20-Apr-2026,118.107,0.0876712,2.54476e-05,1.20834e-05,1.33642e-05
20-Apr-2026,78.7377,0.106849,20.0411,20.1286,0.0874723
20-Apr-2026,83.6588,0.106849,15.1843,15.3822,0.197911
20-Apr-2026,88.5799,0.106849,10.4591,10.8287,0.36958
20-Apr-2026,93.501,0.106849,6.12954,6.65447,0.524929
20-Apr-2026,98.4221,0.106849,2.70235,3.17038,0.468027
20-Apr-2026,103.343,0.106849,0.717639,0.852774,0.135135
20-Apr-2026,108.264,0.106849,0.087673,0.0717098,0.0159632
20-Apr-2026,113.185,0.106849,0.005109,0.00263262,0.00247638
20-Apr-2026,118.107,0.106849,0.000190862,8.02816e-05,0.00011058
20-Apr-2026,78.7377,0.194521,20.3893,20.6436,0.254321
20-Apr-2026,83.6588,0.194521,15.6647,16.0655,0.400816
20-Apr-2026,88.5799,0.194521,11.1589,11.7094,0.550477
20-Apr-2026,93.501,0.194521,7.08206,7.70741,0.625348
20-Apr-2026,98.4221,0.194521,3.74024,4.26251,0.522269
20-Apr-2026,103.343,0.194521,1.46508,1.69069,0.225615
20-Apr-2026,108.264,0.194521,0.375281,0.357786,0.0174947
20-Apr-2026,113.185,0.194521,0.0654634,0.0387813,0.0266821
20-Apr-2026,118.107,0.194521,0.00919862,0.00343216,0.00576646
20-Apr-2026,78.7377,0.279452,20.7933,21.164,0.370711
20-Apr-2026,83.6588,0.279452,16.197,16.702,0.505019
20-Apr-2026,88.5799,0.279452,11.849,12.4657,0.616727
20-Apr-2026,93.501,0.279452,7.91133,8.56331,0.65198
20-Apr-2026,98.4221,0.279452,4.59985,5.15473,0.55488
20-Apr-2026,103.343,0.279452,2.1608,2.47462,0.313824
20-Apr-2026,108.264,0.279452,0.759254,0.800793,0.0415394
20-Apr-2026,113.185,0.279452,0.205685,0.152539,0.0531463
20-Apr-2026,118.107,0.279452,0.0484499,0.0210114,0.0274385
20-Apr-2026,78.7377,0.364384,21.234,21.669,0.435027
20-Apr-2026,83.6588,0.364384,16.7487,17.2977,0.548982
20-Apr-2026,88.5799,0.364384,12.5186,13.153,0.634384
20-Apr-2026,93.501,0.364384,8.67259,9.32919,0.656598
20-Apr-2026,98.4221,0.364384,5.37654,5.95913,0.582595
20-Apr-2026,103.343,0.364384,2.82803,3.22438,0.396354
20-Apr-2026,108.264,0.364384,1.19694,1.33316,0.136221
20-Apr-2026,113.185,0.364384,0.41566,0.373559,0.0421013
20-Apr-2026,118.107,0.364384,0.129895,0.0727041,0.0571909
20-Apr-2026,78.7377,0.446575,21.6825,22.1443,0.461846
20-Apr-2026,83.6588,0.446575,17.2895,17.8483,0.558825
20-Apr-2026,88.5799,0.446575,13.1496,13.7796,0.630037
20-Apr-2026,93.501,0.446575,9.36919,10.0225,0.65326
20-Apr-2026,98.4221,0.446575,6.08375,6.68971,0.605961
20-Apr-2026,103.343,0.446575,3.45898,3.92668,0.467698
20-Apr-2026,108.264,0.446575,1.6558,1.89381,0.23801
20-Apr-2026,113.185,0.446575,0.674807,0.686857,0.0120495
20-Apr-2026,118.107,0.446575,0.251672,0.179655,0.0720171
20-Apr-2026,78.7377,0.528767,22.1827,22.6472,0.46454
20-Apr-2026,83.6588,0.528767,17.876,18.4246,0.548622
20-Apr-2026,88.5799,0.528767,13.8163,14.4297,0.61342
20-Apr-2026,93.501,0.528767,10.0925,10.7375,0.645014
20-Apr-2026,98.4221,0.528767,6.8176,7.44381,0.626206
20-Apr-2026,103.343,0.528767,4.13181,4.66521,0.533397
20-Apr-2026,108.264,0.528767,2.18134,2.5257,0.344362
20-Apr-2026,113.185,0.528767,1.00788,1.11104,0.103159
20-Apr-2026,118.107,0.528767,0.430414,0.376579,0.0538349
20-Apr-2026,78.7377,0.613699,22.6527,23.1035,0.450796
20-Apr-2026,83.6588,0.613699,18.416,18.9434,0.527442
20-Apr-2026,88.5799,0.613699,14.4193,15.0109,0.591606
20-Apr-2026,93.501,0.613699,10.7398,11.3735,0.633654
20-Apr-2026,98.4221,0.613699,7.47493,8.11404,0.639114
20-Apr-2026,103.343,0.613699,4.74684,5.32946,0.582617
20-Apr-2026,108.264,0.613699,2.68714,3.11942,0.432278
20-Apr-2026,113.185,0.613699,1.35706,1.55734,0.200279
20-Apr-2026,118.107,0.613699,0.637115,0.633354,0.0037613
20-Apr-2026,78.7377,0.69863,23.1651,23.5894,0.424323
20-Apr-2026,83.6588,0.69863,18.9961,19.4925,0.496427
20-Apr-2026,88.5799,0.69863,15.0592,15.6223,0.563081
20-Apr-2026,93.501,0.69863,11.4218,12.0392,0.617396
20-Apr-2026,98.4221,0.69863,8.16885,8.81483,0.645981
20-Apr-2026,103.343,0.69863,5.40623,6.02951,0.623275
20-Apr-2026,108.264,0.69863,3.25063,3.76353,0.512896
20-Apr-2026,113.185,0.69863,1.77256,2.07798,0.305421
20-Apr-2026,118.107,0.69863,0.902981,0.979421,0.0764397
20-Apr-2026,78.7377,0.778082,23.5877,23.9838,0.396143
20-Apr-2026,83.6588,0.778082,19.4694,19.9359,0.466458
20-Apr-2026,88.5799,0.778082,15.5769,16.1133,0.536448
20-Apr-2026,93.501,0.778082,11.9712,12.5717,0.600483
20-Apr-2026,98.4221,0.778082,8.72876,9.37459,0.645833
20-Apr-2026,103.343,0.778082,5.94448,6.59167,0.647194
20-Apr-2026,108.264,0.778082,3.72377,4.29098,0.567212
20-Apr-2026,113.185,0.778082,2.13922,2.52496,0.385743
20-Apr-2026,118.107,0.778082,1.15238,1.30573,0.153346
20-Apr-2026,78.7377,0.854795,24.0179,24.381,0.363056
20-Apr-2026,83.6588,0.854795,19.9476,20.3803,0.432656
20-Apr-2026,88.5799,0.854795,16.0969,16.6035,0.50658
20-Apr-2026,93.501,0.854795,12.5214,13.1013,0.579911
20-Apr-2026,98.4221,0.854795,9.29039,9.93065,0.640264
20-Apr-2026,103.343,0.854795,6.48903,7.15214,0.663112
20-Apr-2026,108.264,0.854795,4.21237,4.82386,0.611485
20-Apr-2026,113.185,0.854795,2.53211,2.99081,0.458696
20-Apr-2026,118.107,0.854795,1.43266,1.66719,0.234534
21-Apr-2026,78.156,0.00821918,19.558,19.558,2.99871e-05
21-Apr-2026,83.0408,0.00821918,14.6744,14.6744,4.43491e-05
21-Apr-2026,87.9255,0.00821918,9.79084,9.79084,3.04181e-06
21-Apr-2026,92.8103,0.00821918,4.90759,4.91179,0.00420145
21-Apr-2026,97.695,0.00821918,0.587933,0.707347,0.119414
21-Apr-2026,102.58,0.00821918,4.48938e-05,9.20787e-05,4.71849e-05
21-Apr-2026,78.156,0.0246575,19.6275,19.6276,0.000114631
21-Apr-2026,83.0408,0.0246575,14.7483,14.7505,0.00223898
21-Apr-2026,87.9255,0.0246575,9.87175,9.89847,0.0267182
21-Apr-2026,92.8103,0.0246575,5.08924,5.24427,0.155034
21-Apr-2026,97.695,0.0246575,1.30324,1.54379,0.240551
21-Apr-2026,102.58,0.0246575,0.0601038,0.0720169,0.0119131
21-Apr-2026,107.465,0.0246575,0.000124627,4.02281e-05,8.43989e-05
21-Apr-2026,112.349,0.0246575,8.88546e-09,1.41473e-09,7.47073e-09
21-Apr-2026,117.234,0.0246575,8.9727e-14,2.24847e-14,6.72423e-14
21-Apr-2026,78.156,0.0465753,19.6907,19.6946,0.00389342
21-Apr-2026,83.0408,0.0465753,14.8168,14.8402,0.0233547
21-Apr-2026,87.9255,0.0465753,9.96604,10.068,0.101916
21-Apr-2026,92.8103,0.0465753,5.33358,5.60399,0.270413
21-Apr-2026,97.695,0.0465753,1.73283,2.0282,0.295371
21-Apr-2026,102.58,0.0465753,0.199074,0.222738,0.0236637
21-Apr-2026,107.465,0.0465753,0.00392436,0.00174428,0.00218008
21-Apr-2026,112.349,0.0465753,1.19187e-05,2.80892e-06,9.10978e-06
21-Apr-2026,117.234,0.0465753,1.05482e-08,2.87135e-09,7.67685e-09
21-Apr-2026,78.156,0.0657534,19.7609,19.7808,0.0198617
21-Apr-2026,83.0408,0.0657534,14.899,14.9695,0.0704527
21-Apr-2026,87.9255,0.0657534,10.0993,10.2923,0.192971
21-Apr-2026,92.8103,0.0657534,5.6133,5.97102,0.357725
21-Apr-2026,97.695,0.0657534,2.12174,2.45411,0.332372
21-Apr-2026,102.58,0.0657534,0.384581,0.418088,0.033507
21-Apr-2026,107.465,0.0657534,0.0212243,0.011084,0.0101403
21-Apr-2026,112.349,0.0657534,0.000342354,9.66376e-05,0.000245716
21-Apr-2026,117.234,0.0657534,2.48038e-06,6.31766e-07,1.84861e-06
21-Apr-2026,78.156,0.0849315,19.8201,19.8626,0.0424914
21-Apr-2026,83.0408,0.0849315,14.9744,15.0921,0.117732
21-Apr-2026,87.9255,0.0849315,10.2249,10.4847,0.259777
21-Apr-2026,92.8103,0.0849315,5.83812,6.2466,0.408483
21-Apr-2026,97.695,0.0849315,2.40264,2.75481,0.352175
21-Apr-2026,102.58,0.0849315,0.544757,0.585889,0.0411317
21-Apr-2026,107.465,0.0849315,0.048376,0.0275949,0.0207811
21-Apr-2026,112.349,0.0849315,0.00165872,0.000512217,0.0011465
21-Apr-2026,117.234,0.0849315,3.08395e-05,7.64481e-06,2.31947e-05
21-Apr-2026,78.156,0.10411,19.8962,19.9742,0.0779707
21-Apr-2026,83.0408,0.10411,15.0768,15.2539,0.177071
21-Apr-2026,87.9255,0.10411,10.3911,10.7196,0.328489
21-Apr-2026,92.8103,0.10411,6.10439,6.55756,0.453174
21-Apr-2026,97.695,0.10411,2.71582,3.08442,0.368603
21-Apr-2026,102.58,0.10411,0.742992,0.794252,0.05126
21-Apr-2026,107.465,0.10411,0.0966501,0.0601409,0.0365092
21-Apr-2026,112.349,0.10411,0.00599858,0.00201395,0.00398463
21-Apr-2026,117.234,0.10411,0.000232899,5.691e-05,0.000175989
21-Apr-2026,78.156,0.191781,20.2528,20.4849,0.232061
21-Apr-2026,83.0408,0.191781,15.5696,15.9314,0.361776
21-Apr-2026,87.9255,0.191781,11.1088,11.5952,0.486423
21-Apr-2026,92.8103,0.191781,7.07912,7.60859,0.529468
21-Apr-2026,97.695,0.191781,3.77832,4.17696,0.398636
21-Apr-2026,102.58,0.191781,1.51933,1.62425,0.104917
21-Apr-2026,107.465,0.191781,0.408602,0.327589,0.0810131
21-Apr-2026,112.349,0.191781,0.0750056,0.0336559,0.0413497
21-Apr-2026,117.234,0.191781,0.0109425,0.00287756,0.00806494
21-Apr-2026,78.156,0.276712,20.6674,21.0041,0.336695
21-Apr-2026,83.0408,0.276712,16.1158,16.5667,0.450873
21-Apr-2026,87.9255,0.276712,11.8156,12.3512,0.535584
21-Apr-2026,92.8103,0.276712,7.92683,8.46567,0.538837
21-Apr-2026,97.695,0.276712,4.65794,5.07157,0.413631
21-Apr-2026,102.58,0.276712,2.23918,2.4076,0.168418
21-Apr-2026,107.465,0.276712,0.819086,0.759459,0.0596265
21-Apr-2026,112.349,0.276712,0.231661,0.139155,0.0925058
21-Apr-2026,117.234,0.276712,0.0563761,0.0186096,0.0377665
21-Apr-2026,78.156,0.361644,21.1195,21.5098,0.390295
21-Apr-2026,83.0408,0.361644,16.6813,17.1632,0.481931
21-Apr-2026,87.9255,0.361644,12.5009,13.04,0.539061
21-Apr-2026,92.8103,0.361644,8.705,9.23401,0.529009
21-Apr-2026,97.695,0.361644,5.45289,5.87912,0.426234
21-Apr-2026,102.58,0.361644,2.9281,3.15905,0.230954
21-Apr-2026,107.465,0.361644,1.28289,1.28709,0.00420099
21-Apr-2026,112.349,0.361644,0.462871,0.351534,0.111337
21-Apr-2026,117.234,0.361644,0.148978,0.06657,0.082408
21-Apr-2026,78.156,0.443836,21.5794,21.9868,0.407383
21-Apr-2026,83.0408,0.443836,17.2353,17.7158,0.480451
21-Apr-2026,87.9255,0.443836,13.1465,13.6689,0.522408
21-Apr-2026,92.8103,0.443836,9.41725,9.93012,0.512871
21-Apr-2026,97.695,0.443836,6.1769,6.61292,0.436016
21-Apr-2026,102.58,0.443836,3.57862,3.86377,0.285146
21-Apr-2026,107.465,0.443836,1.76616,1.84651,0.0803476
21-Apr-2026,112.349,0.443836,0.745393,0.65883,0.0865634
21-Apr-2026,117.234,0.443836,0.285842,0.168572,0.11727
21-Apr-2026,78.156,0.526027,22.0922,22.4921,0.399896
21-Apr-2026,83.0408,0.526027,17.836,18.2946,0.458629
21-Apr-2026,87.9255,0.526027,13.8287,14.3218,0.49315
21-Apr-2026,92.8103,0.526027,10.157,10.6484,0.491396
21-Apr-2026,97.695,0.526027,6.92828,7.37044,0.442159
21-Apr-2026,102.58,0.526027,4.27155,4.6052,0.333647
21-Apr-2026,107.465,0.526027,2.31701,2.47896,0.161951
21-Apr-2026,112.349,0.526027,1.10553,1.07951,0.0260247
21-Apr-2026,117.234,0.526027,0.484977,0.360303,0.124674
21-Apr-2026,78.156,0.610959,22.5738,22.9509,0.377075
21-Apr-2026,83.0408,0.610959,18.389,18.8161,0.427056
21-Apr-2026,87.9255,0.610959,14.4458,14.9058,0.459987
21-Apr-2026,92.8103,0.610959,10.8191,11.2873,0.468171
21-Apr-2026,97.695,0.610959,7.60134,8.04371,0.442374
21-Apr-2026,102.58,0.610959,4.90437,5.27218,0.36781
21-Apr-2026,107.465,0.610959,2.84513,3.07409,0.228965
21-Apr-2026,112.349,0.610959,1.48039,1.52462,0.0442343
21-Apr-2026,117.234,0.610959,0.713578,0.613565,0.100013
21-Apr-2026,78.156,0.69589,23.0988,23.4397,0.340864
21-Apr-2026,83.0408,0.69589,18.983,19.368,0.385037
21-Apr-2026,87.9255,0.69589,15.1007,15.5201,0.41943
21-Apr-2026,92.8103,0.69589,11.5169,11.9561,0.439186
21-Apr-2026,97.695,0.69589,8.31183,8.74763,0.435801
21-Apr-2026,102.58,0.69589,5.58229,5.97515,0.392856
21-Apr-2026,107.465,0.69589,3.43165,3.72023,0.288582
21-Apr-2026,112.349,0.69589,1.92365,2.04542,0.121773
21-Apr-2026,117.234,0.69589,1.00561,0.957495,0.0481151
21-Apr-2026,78.156,0.775342,23.5318,23.8365,0.304669
21-Apr-2026,83.0408,0.775342,19.4677,19.8137,0.346047
21-Apr-2026,87.9255,0.775342,15.6305,16.0136,0.383093
21-Apr-2026,92.8103,0.775342,12.079,12.491,0.412011
21-Apr-2026,97.695,0.775342,8.88507,9.30985,0.424782
21-Apr-2026,102.58,0.775342,6.13531,6.53966,0.404347
21-Apr-2026,107.465,0.775342,3.92293,4.24956,0.32663
21-Apr-2026,112.349,0.775342,2.31273,2.49324,0.180511
21-Apr-2026,117.234,0.775342,1.27783,1.28314,0.0053146
21-Apr-2026,78.156,0.852055,23.9726,24.236,0.263402
21-Apr-2026,83.0408,0.852055,19.9573,20.2605,0.30324
21-Apr-2026,87.9255,0.852055,16.1626,16.5061,0.343512
21-Apr-2026,92.8103,0.852055,12.6419,13.023,0.381139
21-Apr-2026,97.695,0.852055,9.46,9.86832,0.40832
21-Apr-2026,102.58,0.852055,6.69449,7.10245,0.407963
21-Apr-2026,107.465,0.852055,4.4293,4.78443,0.355135
21-Apr-2026,112.349,0.852055,2.72786,2.96035,0.232493
21-Apr-2026,117.234,0.852055,1.58205,1.64472,0.0626701
22-Apr-2026,78.063,0.00547945,19.5293,19.5293,1.63532e-06
22-Apr-2026,82.942,0.00547945,14.6512,14.6511,5.45017e-05
22-Apr-2026,87.8209,0.00547945,9.77307,9.77309,1.93442e-05
22-Apr-2026,92.6998,0.00547945,4.89499,4.89536,0.000365098
22-Apr-2026,97.5788,0.00547945,0.47902,0.598608,0.119588
22-Apr-2026,102.458,0.00547945,9.57193e-07,9.30593e-05,9.21021e-05
22-Apr-2026,107.337,0.00547945,7.61277e-16,1.19293e-14,1.1168e-14
22-Apr-2026,112.216,0.00547945,6.53015e-16,-1.76037e-15,2.41339e-15
22-Apr-2026,117.095,0.00547945,5.8852e-16,-1.84707e-15,2.43559e-15
22-Apr-2026,78.063,0.0219178,19.6035,19.6035,2.07862e-05
22-Apr-2026,82.942,0.0219178,14.73,14.7302,0.000220091
22-Apr-2026,87.8209,0.0219178,9.85841,9.86677,0.00836206
22-Apr-2026,92.6998,0.0219178,5.06787,5.17372,0.10585
22-Apr-2026,97.5788,0.0219178,1.25845,1.55661,0.298158
22-Apr-2026,102.458,0.0219178,0.0503746,0.151389,0.101015
22-Apr-2026,107.337,0.0219178,7.21992e-05,0.00200514,0.00193294
22-Apr-2026,112.216,0.0219178,2.71508e-09,1.16281e-06,1.16009e-06
22-Apr-2026,117.095,0.0219178,1.25467e-14,1.33615e-11,1.33489e-11
22-Apr-2026,78.063,0.0438356,19.6709,19.6713,0.000383033
22-Apr-2026,82.942,0.0438356,14.8028,14.8079,0.00512834
22-Apr-2026,87.8209,0.0438356,9.95488,10.0008,0.0458952
22-Apr-2026,92.6998,0.0438356,5.31418,5.51964,0.205459
22-Apr-2026,97.5788,0.0438356,1.70258,2.09129,0.388713
22-Apr-2026,102.458,0.0438356,0.186637,0.407856,0.221219
22-Apr-2026,107.337,0.0438356,0.0032902,0.0263295,0.0230393
22-Apr-2026,112.216,0.0438356,8.21335e-06,0.000307385,0.000299171
22-Apr-2026,117.095,0.0438356,5.59373e-09,4.08998e-07,4.03404e-07
22-Apr-2026,78.063,0.0630137,19.7457,19.7488,0.00313155
22-Apr-2026,82.942,0.0630137,14.8891,14.9108,0.0216531
22-Apr-2026,87.8209,0.0630137,10.091,10.1909,0.0998619
22-Apr-2026,92.6998,0.0630137,5.59907,5.88703,0.287957
22-Apr-2026,97.5788,0.0630137,2.10164,2.56403,0.462393
22-Apr-2026,102.458,0.0630137,0.37359,0.70305,0.32946
22-Apr-2026,107.337,0.0630137,0.0197284,0.092029,0.0723006
22-Apr-2026,112.216,0.0630137,0.000293404,0.0039151,0.0036217
22-Apr-2026,117.095,0.0630137,1.89805e-06,3.93997e-05,3.75017e-05
22-Apr-2026,78.063,0.0821918,19.8085,19.8171,0.00863293
22-Apr-2026,82.942,0.0821918,14.9677,15.0091,0.0414046
22-Apr-2026,87.8209,0.0821918,10.2195,10.3628,0.14328
22-Apr-2026,92.6998,0.0821918,5.82861,6.16959,0.340984
22-Apr-2026,97.5788,0.0821918,2.38917,2.90004,0.510868
22-Apr-2026,102.458,0.0821918,0.536311,0.939239,0.402928
22-Apr-2026,107.337,0.0821918,0.0465702,0.170269,0.123698
22-Apr-2026,112.216,0.0821918,0.0015266,0.0129326,0.011406
22-Apr-2026,117.095,0.0821918,2.65635e-05,0.000319634,0.00029307
22-Apr-2026,78.063,0.10137,19.8889,19.9079,0.0190198
22-Apr-2026,82.942,0.10137,15.0742,15.143,0.0688016
22-Apr-2026,87.8209,0.10137,10.3899,10.5811,0.191191
22-Apr-2026,92.6998,0.10137,6.10074,6.49426,0.393516
22-Apr-2026,97.5788,0.10137,2.70949,3.26983,0.560336
22-Apr-2026,102.458,0.10137,0.738441,1.2177,0.479259
22-Apr-2026,107.337,0.10137,0.095187,0.286859,0.191672
22-Apr-2026,112.216,0.10137,0.0057735,0.0343885,0.028615
22-Apr-2026,117.095,0.10137,0.000215861,0.00171553,0.00149967
22-Apr-2026,78.063,0.189041,20.2623,20.3383,0.0760181
22-Apr-2026,82.942,0.189041,15.5843,15.7535,0.169237
22-Apr-2026,87.8209,0.189041,11.1267,11.4507,0.32405
22-Apr-2026,92.6998,0.189041,7.09831,7.62299,0.524676
22-Apr-2026,97.5788,0.189041,3.79669,4.49073,0.694039
22-Apr-2026,102.458,0.189041,1.5338,2.2286,0.694796
22-Apr-2026,107.337,0.189041,0.415402,0.868367,0.452965
22-Apr-2026,112.216,0.189041,0.0764848,0.241578,0.165093
22-Apr-2026,117.095,0.189041,0.0111138,0.0433407,0.0322269
22-Apr-2026,78.063,0.273973,20.6938,20.8141,0.120292
22-Apr-2026,82.942,0.273973,16.1486,16.3771,0.2285
22-Apr-2026,87.8209,0.273973,11.8534,12.2423,0.388937
22-Apr-2026,92.6998,0.273973,7.96764,8.55481,0.587169
22-Apr-2026,97.5788,0.273973,4.69883,5.46718,0.768347
22-Apr-2026,102.458,0.273973,2.27448,3.10126,0.826779
22-Apr-2026,107.337,0.273973,0.840833,1.49943,0.658601
22-Apr-2026,112.216,0.273973,0.239925,0.586178,0.346253
22-Apr-2026,117.095,0.273973,0.0585841,0.174555,0.115971
22-Apr-2026,78.063,0.358904,21.1632,21.3048,0.141581
22-Apr-2026,82.942,0.358904,16.7326,16.987,0.254391
22-Apr-2026,87.8209,0.358904,12.5587,12.9746,0.415859
22-Apr-2026,92.6998,0.358904,8.76722,9.3825,0.615275
22-Apr-2026,97.5788,0.358904,5.51605,6.32646,0.810411
22-Apr-2026,102.458,0.358904,2.98523,3.89887,0.91364
22-Apr-2026,107.337,0.358904,1.32338,2.13998,0.816605
22-Apr-2026,112.216,0.358904,0.482882,1.01265,0.529766
22-Apr-2026,117.095,0.358904,0.156416,0.398,0.241584
22-Apr-2026,78.063,0.441096,21.6402,21.7828,0.142604
22-Apr-2026,82.942,0.441096,17.305,17.5614,0.256431
22-Apr-2026,87.8209,0.441096,13.2239,13.6428,0.418871
22-Apr-2026,92.6998,0.441096,9.50031,10.122,0.621682
22-Apr-2026,97.5788,0.441096,6.26177,7.09179,0.830025
22-Apr-2026,102.458,0.441096,3.65763,4.62588,0.968245
22-Apr-2026,107.337,0.441096,1.82714,2.75979,0.932654
22-Apr-2026,112.216,0.441096,0.780818,1.47372,0.692902
22-Apr-2026,117.095,0.441096,0.301893,0.68718,0.385287
22-Apr-2026,78.063,0.523288,22.1718,22.298,0.126232
22-Apr-2026,82.942,0.523288,17.9259,18.1663,0.240357
22-Apr-2026,87.8209,0.523288,13.9277,14.332,0.404295
22-Apr-2026,92.6998,0.523288,10.2629,10.8748,0.61193
22-Apr-2026,97.5788,0.523288,7.03689,7.87011,0.833216
22-Apr-2026,102.458,0.523288,4.37482,5.37709,1.00227
22-Apr-2026,107.337,0.523288,2.40189,3.42598,1.02409
22-Apr-2026,112.216,0.523288,1.16126,2.00617,0.844909
22-Apr-2026,117.095,0.523288,0.51439,1.06203,0.547644
22-Apr-2026,78.063,0.608219,22.6711,22.7696,0.0985232
22-Apr-2026,82.942,0.608219,18.4978,18.7107,0.212858
22-Apr-2026,87.8209,0.608219,14.5649,14.9436,0.378707
22-Apr-2026,92.6998,0.608219,10.9462,11.5371,0.590878
22-Apr-2026,97.5788,0.608219,7.73206,8.55452,0.822461
22-Apr-2026,102.458,0.608219,5.03043,6.04521,1.01478
22-Apr-2026,107.337,0.608219,2.95314,4.03485,1.08171
22-Apr-2026,112.216,0.608219,1.55746,2.51712,0.959659
22-Apr-2026,117.095,0.608219,0.758888,1.45068,0.691789
22-Apr-2026,78.063,0.693151,23.2155,23.2736,0.0580711
22-Apr-2026,82.942,0.693151,19.1125,19.2852,0.172718
22-Apr-2026,87.8209,0.693151,15.2416,15.5825,0.34087
22-Apr-2026,92.6998,0.693151,11.667,12.2245,0.557526
22-Apr-2026,97.5788,0.693151,8.4666,9.26487,0.798275
22-Apr-2026,102.458,0.693151,5.73324,6.74439,1.01115
22-Apr-2026,107.337,0.693151,3.56537,4.68458,1.11921
22-Apr-2026,112.216,0.693151,2.02576,3.0815,1.05574
22-Apr-2026,117.095,0.693151,1.07151,1.90383,0.832319
22-Apr-2026,78.063,0.772603,23.6645,23.6829,0.0184027
22-Apr-2026,82.942,0.772603,19.6142,19.7476,0.133398
22-Apr-2026,87.8209,0.772603,15.7895,16.0927,0.303203
22-Apr-2026,92.6998,0.772603,12.2481,12.7711,0.522953
22-Apr-2026,97.5788,0.772603,9.05964,9.82954,0.769896
22-Apr-2026,102.458,0.772603,6.30683,7.30348,0.996653
22-Apr-2026,107.337,0.772603,4.07811,5.21144,1.13333
22-Apr-2026,112.216,0.772603,2.43652,3.55048,1.11396
22-Apr-2026,117.095,0.772603,1.36289,2.29492,0.932025
22-Apr-2026,78.063,0.849315,24.1216,24.0949,0.0267405
22-Apr-2026,82.942,0.849315,20.1213,20.2098,0.0884505
22-Apr-2026,87.8209,0.849315,16.3401,16.5998,0.259727
22-Apr-2026,92.6998,0.849315,12.8304,13.3124,0.48201
22-Apr-2026,97.5788,0.849315,9.65471,10.3888,0.734058
22-Apr-2026,102.458,0.849315,6.88696,7.85954,0.972578
22-Apr-2026,107.337,0.849315,4.60648,5.74068,1.1342
22-Apr-2026,112.216,0.849315,2.87435,4.02978,1.15543
22-Apr-2026,117.095,0.849315,1.68825,2.70534,1.01709
23-Apr-2026,78.2758,0.00273973,19.5756,19.5755,6.50668e-05
23-Apr-2026,83.168,0.00273973,14.6838,14.6837,5.03867e-05
23-Apr-2026,88.0602,0.00273973,9.79193,9.79196,3.42935e-05
23-Apr-2026,92.9525,0.00273973,4.90011,4.90008,2.99233e-05
23-Apr-2026,97.8447,0.00273973,0.328896,0.42746,0.0985639
23-Apr-2026,102.737,0.00273973,3.56637e-08,1.20181e-07,8.45176e-08
23-Apr-2026,78.2758,0.0191781,19.6485,19.6485,1.70464e-05
23-Apr-2026,83.168,0.0191781,14.7613,14.7614,9.10282e-05
23-Apr-2026,88.0602,0.0191781,9.87495,9.88192,0.00697055
23-Apr-2026,92.9525,0.0191781,5.05053,5.15846,0.107926
23-Apr-2026,97.8447,0.0191781,1.17892,1.51268,0.333764
23-Apr-2026,102.737,0.0191781,0.0338288,0.135473,0.101644
23-Apr-2026,107.629,0.0191781,1.955e-05,0.0015044,0.00148485
23-Apr-2026,112.521,0.0191781,1.85842e-10,6.42633e-07,6.42447e-07
23-Apr-2026,78.2758,0.0410959,19.7148,19.715,0.00022616
23-Apr-2026,83.168,0.0410959,14.8324,14.8372,0.00478856
23-Apr-2026,88.0602,0.0410959,9.96531,10.0123,0.0470143
23-Apr-2026,92.9525,0.0410959,5.28278,5.50882,0.226036
23-Apr-2026,97.8447,0.0410959,1.62524,2.06801,0.442765
23-Apr-2026,102.737,0.0410959,0.151964,0.395416,0.243452
23-Apr-2026,107.629,0.0410959,0.00181103,0.0247488,0.0229378
23-Apr-2026,112.521,0.0410959,2.59156e-06,0.000277631,0.000275039
23-Apr-2026,117.414,0.0410959,9.78209e-10,3.44029e-07,3.43051e-07
23-Apr-2026,78.2758,0.060274,19.7881,19.7911,0.00299824
23-Apr-2026,83.168,0.060274,14.9156,14.9381,0.0225054
23-Apr-2026,88.0602,0.060274,10.0932,10.2017,0.108546
23-Apr-2026,92.9525,0.060274,5.55815,5.88237,0.32422
23-Apr-2026,97.8447,0.060274,2.02245,2.55278,0.530331
23-Apr-2026,102.737,0.060274,0.324602,0.696533,0.371931
23-Apr-2026,107.629,0.060274,0.0135823,0.0909525,0.0773702
23-Apr-2026,112.521,0.060274,0.000147422,0.00389451,0.00374708
23-Apr-2026,117.414,0.060274,6.91046e-07,3.94842e-05,3.87931e-05
23-Apr-2026,78.2758,0.0794521,19.8493,19.8582,0.00894612
23-Apr-2026,83.168,0.0794521,14.9909,15.0355,0.0445954
23-Apr-2026,88.0602,0.0794521,10.2155,10.3744,0.158863
23-Apr-2026,92.9525,0.0794521,5.78191,6.16922,0.387309
23-Apr-2026,97.8447,0.0794521,2.30767,2.89526,0.587592
23-Apr-2026,102.737,0.0794521,0.478278,0.937017,0.458739
23-Apr-2026,107.629,0.0794521,0.0349232,0.170567,0.135644
23-Apr-2026,112.521,0.0794521,0.000911838,0.0131546,0.0122428
23-Apr-2026,117.414,0.0794521,1.26344e-05,0.000332697,0.000320063
23-Apr-2026,78.2758,0.0986301,19.9274,19.9478,0.0204456
23-Apr-2026,83.168,0.0986301,15.0928,15.1688,0.0760407
23-Apr-2026,88.0602,0.0986301,10.3788,10.5941,0.215259
23-Apr-2026,92.9525,0.0986301,6.04829,6.49813,0.449841
23-Apr-2026,97.8447,0.0986301,2.62497,3.27075,0.64578
23-Apr-2026,102.737,0.0986301,0.67141,1.21981,0.5484
23-Apr-2026,107.629,0.0986301,0.0758866,0.289293,0.213406
23-Apr-2026,112.521,0.0986301,0.00389218,0.0352882,0.031396
23-Apr-2026,117.414,0.0986301,0.000123443,0.00180926,0.00168581
23-Apr-2026,78.2758,0.186301,20.2884,20.3757,0.0873399
23-Apr-2026,83.168,0.186301,15.5848,15.7799,0.195116
23-Apr-2026,88.0602,0.186301,11.0946,11.469,0.374354
23-Apr-2026,92.9525,0.186301,7.02983,7.63665,0.606821
23-Apr-2026,97.8447,0.186301,3.70128,4.50315,0.801871
23-Apr-2026,102.737,0.186301,1.44304,2.24069,0.797646
23-Apr-2026,107.629,0.186301,0.366133,0.878322,0.512189
23-Apr-2026,112.521,0.186301,0.0623256,0.247239,0.184913
23-Apr-2026,117.414,0.186301,0.00841538,0.0452056,0.0367902
23-Apr-2026,78.2758,0.271233,20.7074,20.8504,0.142995
23-Apr-2026,83.168,0.271233,16.1345,16.4042,0.269685
23-Apr-2026,88.0602,0.271233,11.8073,12.263,0.455713
23-Apr-2026,92.9525,0.271233,7.88886,8.57201,0.683152
23-Apr-2026,97.8447,0.271233,4.59569,5.48326,0.887569
23-Apr-2026,102.737,0.271233,2.17046,3.11675,0.946293
23-Apr-2026,107.629,0.271233,0.769236,1.51297,0.743736
23-Apr-2026,112.521,0.271233,0.208735,0.595712,0.386977
23-Apr-2026,117.414,0.271233,0.0486702,0.1794,0.13073
23-Apr-2026,78.2758,0.356164,21.1656,21.3399,0.174278
23-Apr-2026,83.168,0.356164,16.707,17.0138,0.306813
23-Apr-2026,88.0602,0.356164,12.5024,12.9957,0.493257
23-Apr-2026,92.9525,0.356164,8.68113,9.40034,0.719214
23-Apr-2026,97.8447,0.356164,5.40768,6.34303,0.935351
23-Apr-2026,102.737,0.356164,2.87327,3.91476,1.04149
23-Apr-2026,107.629,0.356164,1.2361,2.15441,0.918308
23-Apr-2026,112.521,0.356164,0.435005,1.02404,0.58903
23-Apr-2026,117.414,0.356164,0.136287,0.405222,0.268935
23-Apr-2026,78.2758,0.438356,21.6332,21.8163,0.183138
23-Apr-2026,83.168,0.438356,17.2703,17.5872,0.316851
23-Apr-2026,88.0602,0.438356,13.1602,13.663,0.502806
23-Apr-2026,92.9525,0.438356,9.40918,10.1389,0.729759
23-Apr-2026,97.8447,0.438356,6.15021,7.10727,0.957058
23-Apr-2026,102.737,0.438356,3.54117,4.64063,1.09946
23-Apr-2026,107.629,0.438356,1.72948,2.77352,1.04404
23-Apr-2026,112.521,0.438356,0.718891,1.48534,0.766452
23-Apr-2026,117.414,0.438356,0.27079,0.695571,0.424781
23-Apr-2026,78.2758,0.520548,22.1561,22.3294,0.173325
23-Apr-2026,83.168,0.520548,17.8833,18.1901,0.306771
23-Apr-2026,88.0602,0.520548,13.8579,14.3504,0.49248
23-Apr-2026,92.9525,0.520548,10.168,10.8898,0.7218
23-Apr-2026,97.8447,0.520548,6.92352,7.88341,0.959893
23-Apr-2026,102.737,0.520548,4.25595,5.38966,1.13371
23-Apr-2026,107.629,0.520548,2.297,3.4379,1.1409
23-Apr-2026,112.521,0.520548,1.08711,2.01684,0.929727
23-Apr-2026,117.414,0.520548,0.471614,1.0705,0.598885
23-Apr-2026,78.2758,0.605479,22.6487,22.7987,0.149999
23-Apr-2026,83.168,0.605479,18.4495,18.7322,0.282743
23-Apr-2026,88.0602,0.605479,14.4909,14.9597,0.468835
23-Apr-2026,92.9525,0.605479,10.8492,11.5497,0.700464
23-Apr-2026,97.8447,0.605479,7.61824,8.5653,0.947062
23-Apr-2026,102.737,0.605479,4.91097,6.05524,1.14427
23-Apr-2026,107.629,0.605479,2.84436,4.04451,1.20015
23-Apr-2026,112.521,0.605479,1.47482,2.52615,1.05133
23-Apr-2026,117.414,0.605479,0.706352,1.45834,0.751983
23-Apr-2026,78.2758,0.690411,23.187,23.2999,0.112868
23-Apr-2026,83.168,0.690411,19.0592,19.304,0.244849
23-Apr-2026,88.0602,0.690411,15.1645,15.5958,0.431287
23-Apr-2026,92.9525,0.690411,11.569,12.2342,0.665178
23-Apr-2026,97.8447,0.690411,8.35332,9.2726,0.919282
23-Apr-2026,102.737,0.690411,5.61444,6.75137,1.13693
23-Apr-2026,107.629,0.690411,3.45462,4.69142,1.2368
23-Apr-2026,112.521,0.690411,1.93671,3.08823,1.15152
23-Apr-2026,117.414,0.690411,1.01006,1.90992,0.89986
23-Apr-2026,78.2758,0.769863,23.6319,23.7068,0.0748659
23-Apr-2026,83.168,0.769863,19.5579,19.764,0.206091
23-Apr-2026,88.0602,0.769863,15.7107,16.1035,0.392828
23-Apr-2026,92.9525,0.769863,12.1499,12.7781,0.628229
23-Apr-2026,97.8447,0.769863,8.94745,9.83461,0.88716
23-Apr-2026,102.737,0.769863,6.18935,7.30781,1.11846
23-Apr-2026,107.629,0.769863,3.96708,5.21577,1.24869
23-Apr-2026,112.521,0.769863,2.34404,3.55503,1.21099
23-Apr-2026,117.414,0.769863,1.29557,2.29932,1.00375
23-Apr-2026,78.2758,0.846575,24.0856,24.1162,0.0305515
23-Apr-2026,83.168,0.846575,20.0625,20.2236,0.161057
23-Apr-2026,88.0602,0.846575,16.2603,16.608,0.347716
23-Apr-2026,92.9525,0.846575,12.7326,13.3168,0.584177
23-Apr-2026,97.8447,0.846575,9.54413,10.3911,0.84694
23-Apr-2026,102.737,0.846575,6.7714,7.86109,1.08969
23-Apr-2026,107.629,0.846575,4.49612,5.74234,1.24622
23-Apr-2026,112.521,0.846575,2.77984,4.03194,1.2521
23-Apr-2026,117.414,0.846575,1.61632,2.70777,1.09145
24-Apr-2026,77.4424,0.0164384,19.4339,19.4339,2.70047e-05
24-Apr-2026,82.2825,0.0164384,14.5983,14.5984,0.000115185
24-Apr-2026,87.1227,0.0164384,9.76331,9.7679,0.00458635
24-Apr-2026,91.9628,0.0164384,4.97928,5.06956,0.0902846
24-Apr-2026,96.803,0.0164384,1.12119,1.42637,0.305185
24-Apr-2026,101.643,0.0164384,0.0268007,0.109523,0.0827226
24-Apr-2026,106.483,0.0164384,9.49763e-06,0.00083013,0.000820633
24-Apr-2026,111.323,0.0164384,3.81626e-11,1.67577e-07,1.67539e-07
24-Apr-2026,77.4424,0.0383562,19.5004,19.5006,0.000217241
24-Apr-2026,82.2825,0.0383562,14.6695,14.6733,0.00380697
24-Apr-2026,87.1227,0.0383562,9.85193,9.89188,0.0399519
24-Apr-2026,91.9628,0.0383562,5.20786,5.41363,0.205771
24-Apr-2026,96.803,0.0383562,1.57839,1.99136,0.412973
24-Apr-2026,101.643,0.0383562,0.140456,0.359928,0.219472
24-Apr-2026,106.483,0.0383562,0.00148823,0.0198606,0.0183723
24-Apr-2026,111.323,0.0383562,1.7181e-06,0.00017518,0.000173462
24-Apr-2026,116.164,0.0383562,4.82763e-10,1.48836e-07,1.48353e-07
24-Apr-2026,77.4424,0.0575342,19.574,19.5765,0.00245599
24-Apr-2026,82.2825,0.0575342,14.7525,14.772,0.0195176
24-Apr-2026,87.1227,0.0575342,9.97807,10.0761,0.0979987
24-Apr-2026,91.9628,0.0575342,5.48296,5.78462,0.301665
24-Apr-2026,96.803,0.0575342,1.98055,2.47888,0.498334
24-Apr-2026,101.643,0.0575342,0.31213,0.656361,0.344231
24-Apr-2026,106.483,0.0575342,0.0125541,0.0804808,0.0679267
24-Apr-2026,111.323,0.0575342,0.000125975,0.00306529,0.00293931
24-Apr-2026,116.164,0.0575342,5.26213e-07,2.58937e-05,2.53675e-05
24-Apr-2026,77.4424,0.0767123,19.6353,19.6431,0.0077565
24-Apr-2026,82.2825,0.0767123,14.8275,14.8675,0.0399568
24-Apr-2026,87.1227,0.0767123,10.0994,10.2456,0.14625
24-Apr-2026,91.9628,0.0767123,5.70707,6.07003,0.362964
24-Apr-2026,96.803,0.0767123,2.26801,2.82178,0.553768
24-Apr-2026,101.643,0.0767123,0.465986,0.894285,0.428299
24-Apr-2026,106.483,0.0767123,0.0334286,0.15605,0.122621
24-Apr-2026,111.323,0.0767123,0.000838516,0.0111393,0.0103008
24-Apr-2026,116.164,0.0767123,1.09024e-05,0.000249837,0.000238934
24-Apr-2026,77.4424,0.0958904,19.7134,19.7317,0.0183458
24-Apr-2026,82.2825,0.0958904,14.929,14.9986,0.0696003
24-Apr-2026,87.1227,0.0958904,10.2622,10.4625,0.200324
24-Apr-2026,91.9628,0.0958904,5.97398,6.39741,0.423428
24-Apr-2026,96.803,0.0958904,2.58704,3.19688,0.609844
24-Apr-2026,101.643,0.0958904,0.659697,1.17458,0.514879
24-Apr-2026,106.483,0.0958904,0.0741437,0.270588,0.196444
24-Apr-2026,111.323,0.0958904,0.00373256,0.0313291,0.0275965
24-Apr-2026,116.164,0.0958904,0.000114403,0.00148147,0.00136707
24-Apr-2026,77.4424,0.183562,20.0744,20.1557,0.0812706
24-Apr-2026,82.2825,0.183562,15.4204,15.6032,0.18276
24-Apr-2026,87.1227,0.183562,10.9777,11.3302,0.352493
24-Apr-2026,91.9628,0.183562,6.95697,7.53054,0.573573
24-Apr-2026,96.803,0.183562,3.66628,4.42514,0.758863
24-Apr-2026,101.643,0.183562,1.43395,2.1881,0.754146
24-Apr-2026,106.483,0.183562,0.366007,0.84824,0.482233
24-Apr-2026,111.323,0.183562,0.0624998,0.234344,0.171845
24-Apr-2026,116.164,0.183562,0.00841444,0.041628,0.0332136
24-Apr-2026,77.4424,0.268493,20.4937,20.6271,0.133422
24-Apr-2026,82.2825,0.268493,15.9703,16.2231,0.252818
24-Apr-2026,87.1227,0.268493,11.6907,12.1195,0.428838
24-Apr-2026,91.9628,0.268493,7.8166,8.46142,0.644821
24-Apr-2026,96.803,0.268493,4.56164,5.40085,0.839215
24-Apr-2026,101.643,0.268493,2.16329,3.05882,0.895527
24-Apr-2026,106.483,0.268493,0.772208,1.4759,0.703693
24-Apr-2026,111.323,0.268493,0.210901,0.575504,0.364603
24-Apr-2026,116.164,0.268493,0.049305,0.170779,0.121474
24-Apr-2026,77.4424,0.353425,20.9525,21.114,0.161513
24-Apr-2026,82.2825,0.353425,16.5432,16.8294,0.286207
24-Apr-2026,87.1227,0.353425,12.3862,12.8484,0.462233
24-Apr-2026,91.9628,0.353425,8.60914,9.28589,0.676746
24-Apr-2026,96.803,0.353425,5.37406,6.25666,0.8826
24-Apr-2026,101.643,0.353425,2.8675,3.85244,0.984937
24-Apr-2026,106.483,0.353425,1.24228,2.11217,0.869889
24-Apr-2026,111.323,0.353425,0.440356,0.99816,0.557804
24-Apr-2026,116.164,0.353425,0.138576,0.3916,0.253024
24-Apr-2026,77.4424,0.435616,21.4207,21.5883,0.167641
24-Apr-2026,82.2825,0.435616,17.1069,17.4,0.293127
24-Apr-2026,87.1227,0.435616,13.0442,13.5127,0.468467
24-Apr-2026,91.9628,0.435616,9.33729,10.0211,0.683859
24-Apr-2026,96.803,0.435616,6.11678,7.01742,0.90064
24-Apr-2026,101.643,0.435616,3.53643,4.57459,1.03816
24-Apr-2026,106.483,0.435616,1.73855,2.72718,0.988629
24-Apr-2026,111.323,0.435616,0.727967,1.45503,0.727062
24-Apr-2026,116.164,0.435616,0.275645,0.677652,0.402007
24-Apr-2026,77.4424,0.517808,21.9442,22.0994,0.155201
24-Apr-2026,82.2825,0.517808,17.7204,18.0004,0.279964
24-Apr-2026,87.1227,0.517808,13.7421,14.197,0.454938
24-Apr-2026,91.9628,0.517808,10.0962,10.7687,0.672532
24-Apr-2026,96.803,0.517808,6.89017,7.79011,0.899939
24-Apr-2026,101.643,0.517808,4.25205,5.31999,1.06794
24-Apr-2026,106.483,0.517808,2.30885,3.38772,1.07887
24-Apr-2026,111.323,0.517808,1.10052,1.98247,0.881949
24-Apr-2026,116.164,0.517808,0.480158,1.04854,0.568384
24-Apr-2026,77.4424,0.60274,22.4372,22.567,0.12978
24-Apr-2026,82.2825,0.60274,18.2869,18.5404,0.253473
24-Apr-2026,87.1227,0.60274,14.3753,14.8039,0.428555
24-Apr-2026,91.9628,0.60274,10.7773,11.4258,0.648489
24-Apr-2026,96.803,0.60274,7.58487,8.46902,0.884148
24-Apr-2026,101.643,0.60274,4.90765,5.98248,1.07483
24-Apr-2026,106.483,0.60274,2.85843,3.99112,1.13269
24-Apr-2026,111.323,0.60274,1.49223,2.48849,0.996263
24-Apr-2026,116.164,0.60274,0.718943,1.43311,0.714163
24-Apr-2026,77.4424,0.687671,22.976,23.0665,0.0904501
24-Apr-2026,82.2825,0.687671,18.897,19.11,0.213009
24-Apr-2026,87.1227,0.687671,15.049,15.4373,0.388343
24-Apr-2026,91.9628,0.687671,11.4969,12.1074,0.610547
24-Apr-2026,96.803,0.687671,8.31986,9.17327,0.853414
24-Apr-2026,101.643,0.687671,5.6116,6.67546,1.06386
24-Apr-2026,106.483,0.687671,3.47075,4.63482,1.16407
24-Apr-2026,111.323,0.687671,1.95824,3.04735,1.08911
24-Apr-2026,116.164,0.687671,1.02747,1.88152,0.854047
24-Apr-2026,77.4424,0.767123,23.4213,23.472,0.050725
24-Apr-2026,82.2825,0.767123,19.3958,19.5683,0.172462
24-Apr-2026,87.1227,0.767123,15.5952,15.9431,0.347883
24-Apr-2026,91.9628,0.767123,12.0778,12.6492,0.571358
24-Apr-2026,96.803,0.767123,8.91387,9.73289,0.819019
24-Apr-2026,101.643,0.767123,6.18679,7.22943,1.04264
24-Apr-2026,106.483,0.767123,3.98465,5.15669,1.17204
24-Apr-2026,111.323,0.767123,2.36873,3.51169,1.14296
24-Apr-2026,116.164,0.767123,1.3171,2.26852,0.95142
24-Apr-2026,77.4424,0.843836,23.8753,23.8801,0.00481388
24-Apr-2026,82.2825,0.843836,19.9006,20.0262,0.125574
24-Apr-2026,87.1227,0.843836,16.1448,16.4456,0.300809
24-Apr-2026,91.9628,0.843836,12.6603,13.1856,0.525308
24-Apr-2026,96.803,0.843836,9.51037,10.287,0.776629
24-Apr-2026,101.643,0.843836,6.76904,7.78028,1.01124
24-Apr-2026,106.483,0.843836,4.51495,5.68083,1.16588
24-Apr-2026,111.323,0.843836,2.80747,3.98621,1.17874
24-Apr-2026,116.164,0.843836,1.64206,2.67467,1.03261
27-Apr-2026,77.3734,0.00821918,19.363,19.3629,8.27977e-05
27-Apr-2026,82.2092,0.00821918,14.5284,14.5283,5.6732e-05
27-Apr-2026,87.0451,0.00821918,9.69374,9.69367,7.06403e-05
27-Apr-2026,91.8809,0.00821918,4.85945,4.85939,6.07127e-05
27-Apr-2026,96.7167,0.00821918,0.583834,0.556961,0.0268733
27-Apr-2026,101.553,0.00821918,4.65273e-05,1.6439e-05,3.00883e-05
27-Apr-2026,106.388,0.00821918,1.28097e-15,5.21775e-17,1.22879e-15
27-Apr-2026,111.224,0.00821918,6.78643e-16,-1.33547e-15,2.01411e-15
27-Apr-2026,116.06,0.00821918,6.76467e-16,-1.30631e-15,1.98278e-15
27-Apr-2026,77.3734,0.030137,19.4479,19.4479,2.95095e-05
27-Apr-2026,82.2092,0.030137,14.6187,14.6188,8.25737e-05
27-Apr-2026,87.0451,0.030137,9.79449,9.79569,0.00120151
27-Apr-2026,91.8809,0.030137,5.09024,5.08623,0.00400558
27-Apr-2026,96.7167,0.030137,1.39038,1.32781,0.0625741
27-Apr-2026,101.553,0.030137,0.0845282,0.0629294,0.0215988
27-Apr-2026,106.388,0.030137,0.000354583,0.000384229,2.96455e-05
27-Apr-2026,111.224,0.030137,8.1362e-08,7.97508e-07,7.16146e-07
27-Apr-2026,116.06,0.030137,2.67565e-12,1.06544e-09,1.06276e-09
27-Apr-2026,77.3734,0.0493151,19.5067,19.5068,0.000111027
27-Apr-2026,82.2092,0.0493151,14.6829,14.684,0.00112356
27-Apr-2026,87.0451,0.0493151,9.88519,9.8897,0.00451062
27-Apr-2026,91.8809,0.0493151,5.31478,5.30634,0.00843941
27-Apr-2026,96.7167,0.0493151,1.7627,1.6846,0.0780953
27-Apr-2026,101.553,0.0493151,0.216685,0.173435,0.0432496
27-Apr-2026,106.388,0.0493151,0.00499838,0.00516849,0.000170106
27-Apr-2026,111.224,0.0493151,1.9411e-05,8.27216e-05,6.33106e-05
27-Apr-2026,116.06,0.0493151,2.31077e-08,1.03643e-06,1.01333e-06
27-Apr-2026,77.3734,0.0684932,19.5795,19.5804,0.000949956
27-Apr-2026,82.2092,0.0684932,14.7685,14.773,0.0045216
27-Apr-2026,87.0451,0.0684932,10.0233,10.0321,0.00877102
27-Apr-2026,91.8809,0.0684932,5.59565,5.58103,0.0146177
27-Apr-2026,96.7167,0.0684932,2.146,2.0532,0.0927952
27-Apr-2026,101.553,0.0684932,0.405062,0.339376,0.0656858
27-Apr-2026,106.388,0.0684932,0.0243925,0.0246033,0.000210825
27-Apr-2026,111.224,0.0684932,0.000447851,0.00120715,0.000759294
27-Apr-2026,116.06,0.0684932,3.77304e-06,5.12701e-05,4.74971e-05
27-Apr-2026,77.3734,0.0876712,19.6409,19.6436,0.00272749
27-Apr-2026,82.2092,0.0876712,14.8467,14.8551,0.00841608
27-Apr-2026,87.0451,0.0876712,10.152,10.1634,0.011351
27-Apr-2026,91.8809,0.0876712,5.82088,5.80081,0.0200675
27-Apr-2026,96.7167,0.0876712,2.42438,2.32213,0.10225
27-Apr-2026,101.553,0.0876712,0.56684,0.486774,0.080066
27-Apr-2026,106.388,0.0876712,0.0536182,0.0535376,8.0594e-05
27-Apr-2026,111.224,0.0876712,0.0020116,0.00439167,0.00238007
27-Apr-2026,116.06,0.0876712,4.14101e-05,0.000325611,0.000284201
27-Apr-2026,77.3734,0.175342,20.0057,20.0238,0.0180975
27-Apr-2026,82.2092,0.175342,15.3463,15.3688,0.0225362
27-Apr-2026,87.0451,0.175342,10.8974,10.9043,0.00693214
27-Apr-2026,91.8809,0.175342,6.87583,6.82709,0.0487392
27-Apr-2026,96.7167,0.175342,3.59831,3.47362,0.124687
27-Apr-2026,101.553,0.175342,1.39376,1.28601,0.107745
27-Apr-2026,106.388,0.175342,0.350426,0.348823,0.00160281
27-Apr-2026,111.224,0.175342,0.0579801,0.0824396,0.0244595
27-Apr-2026,116.06,0.175342,0.00740813,0.0189762,0.011568
27-Apr-2026,77.3734,0.260274,20.4193,20.4428,0.0235117
27-Apr-2026,82.2092,0.260274,15.894,15.9106,0.0165866
27-Apr-2026,87.0451,0.260274,11.615,11.6015,0.0134911
27-Apr-2026,91.8809,0.260274,7.74719,7.67749,0.0696952
27-Apr-2026,96.7167,0.260274,4.50738,4.38695,0.12043
27-Apr-2026,101.553,0.260274,2.13073,2.03978,0.0909473
27-Apr-2026,106.388,0.260274,0.757708,0.768699,0.0109907
27-Apr-2026,111.224,0.260274,0.205075,0.258546,0.0534706
27-Apr-2026,116.06,0.260274,0.0470823,0.0851426,0.0380603
27-Apr-2026,77.3734,0.345205,20.8749,20.8893,0.0143809
27-Apr-2026,82.2092,0.345205,16.4665,16.4633,0.00323323
27-Apr-2026,87.0451,0.345205,12.3134,12.2749,0.0384976
27-Apr-2026,91.8809,0.345205,8.54522,8.46187,0.08335
27-Apr-2026,96.7167,0.345205,5.32479,5.21977,0.105022
27-Apr-2026,101.553,0.345205,2.83651,2.77902,0.0574919
27-Apr-2026,106.388,0.345205,1.22695,1.26739,0.0404438
27-Apr-2026,111.224,0.345205,0.433519,0.521555,0.0880363
27-Apr-2026,116.06,0.345205,0.135417,0.208081,0.0726641
27-Apr-2026,77.3734,0.427397,21.3408,21.3351,0.00566017
27-Apr-2026,82.2092,0.427397,17.0297,16.9997,0.0300271
27-Apr-2026,87.0451,0.427397,12.9724,12.9089,0.0635131
27-Apr-2026,91.8809,0.427397,9.27482,9.1826,0.0922203
27-Apr-2026,96.7167,0.427397,6.0677,5.98064,0.0870612
27-Apr-2026,101.553,0.427397,3.50316,3.48195,0.0212086
27-Apr-2026,106.388,0.427397,1.71982,1.79819,0.078369
27-Apr-2026,111.224,0.427397,0.718805,0.847139,0.128334
27-Apr-2026,116.06,0.427397,0.271216,0.383296,0.11208
27-Apr-2026,77.3734,0.509589,21.8392,21.8042,0.0349731
27-Apr-2026,82.2092,0.509589,17.6153,17.5531,0.0622472
27-Apr-2026,87.0451,0.509589,13.6395,13.5501,0.0894316
27-Apr-2026,91.8809,0.509589,10.0001,9.90006,0.100036
27-Apr-2026,96.7167,0.509589,6.80524,6.73516,0.0700787
27-Apr-2026,101.553,0.509589,4.18294,4.19668,0.0137408
27-Apr-2026,106.388,0.509589,2.25898,2.37881,0.119826
27-Apr-2026,111.224,0.509589,1.0696,1.2446,0.175003
27-Apr-2026,116.06,0.509589,0.463211,0.622133,0.158922
27-Apr-2026,77.3734,0.594521,22.3524,22.2817,0.0706876
27-Apr-2026,82.2092,0.594521,18.2058,18.1081,0.097702
27-Apr-2026,87.0451,0.594521,14.2999,14.1838,0.116089
27-Apr-2026,91.8809,0.594521,10.7099,10.601,0.108944
27-Apr-2026,96.7167,0.594521,7.52763,7.47009,0.0575355
27-Apr-2026,101.553,0.594521,4.86226,4.90491,0.0426466
27-Apr-2026,106.388,0.594521,2.82587,2.98409,0.158225
27-Apr-2026,111.224,0.594521,1.47186,1.69464,0.22278
27-Apr-2026,116.06,0.594521,0.707707,0.918549,0.210842
27-Apr-2026,77.3734,0.679452,22.8652,22.7546,0.110618
27-Apr-2026,82.2092,0.679452,18.7868,18.6515,0.13527
27-Apr-2026,87.0451,0.679452,14.9413,14.7973,0.143969
27-Apr-2026,91.8809,0.679452,11.3943,11.2734,0.120857
27-Apr-2026,96.7167,0.679452,8.22503,8.17362,0.051407
27-Apr-2026,101.553,0.679452,5.5281,5.59109,0.062993
27-Apr-2026,106.388,0.679452,3.40266,3.59185,0.189192
27-Apr-2026,111.224,0.679452,1.90881,2.175,0.266189
27-Apr-2026,116.06,0.679452,0.995913,1.25934,0.263428
27-Apr-2026,77.3734,0.758904,23.3299,23.1803,0.149556
27-Apr-2026,82.2092,0.758904,19.3075,19.1365,0.17097
27-Apr-2026,87.0451,0.758904,15.5113,15.3402,0.17112
27-Apr-2026,91.8809,0.758904,11.9995,11.8645,0.135039
27-Apr-2026,96.7167,0.758904,8.84276,8.79083,0.051928
27-Apr-2026,101.553,0.758904,6.12454,6.19817,0.0736348
27-Apr-2026,106.388,0.758904,3.93349,4.14304,0.209548
27-Apr-2026,111.224,0.758904,2.33079,2.63011,0.299317
27-Apr-2026,116.06,0.758904,1.29231,1.60107,0.308763
27-Apr-2026,77.3734,0.835616,23.7801,23.5906,0.189541
27-Apr-2026,82.2092,0.835616,19.808,19.6006,0.207421
27-Apr-2026,87.0451,0.835616,16.0556,15.8561,0.199509
27-Apr-2026,91.8809,0.835616,12.5757,12.4232,0.152464
27-Apr-2026,96.7167,0.835616,9.43169,9.37357,0.0581191
27-Apr-2026,101.553,0.835616,6.698,6.77483,0.076826
27-Apr-2026,106.388,0.835616,4.45415,4.67593,0.221782
27-Apr-2026,111.224,0.835616,2.75986,3.08427,0.324409
27-Apr-2026,116.06,0.835616,1.60886,1.95711,0.348254
28-Apr-2026,77.3617,0.00547945,19.3534,19.3535,9.90222e-05
28-Apr-2026,82.1968,0.00547945,14.5191,14.5192,0.00011146
28-Apr-2026,87.0319,0.00547945,9.68484,9.68492,8.38979e-05
28-Apr-2026,91.8671,0.00547945,4.85057,4.85059,2.35103e-05
28-Apr-2026,96.7022,0.00547945,0.48856,0.504254,0.0156945
28-Apr-2026,101.537,0.00547945,2.07179e-06,3.72918e-06,1.65739e-06
28-Apr-2026,106.372,0.00547945,2.46364e-15,2.0833e-15,3.8034e-16
28-Apr-2026,111.207,0.00547945,2.44724e-15,2.03113e-15,4.16106e-16
28-Apr-2026,116.043,0.00547945,2.48052e-15,2.07509e-15,4.05432e-16
28-Apr-2026,77.3617,0.0273973,19.4379,19.4379,4.38247e-05
28-Apr-2026,82.1968,0.0273973,14.6089,14.6092,0.000294547
28-Apr-2026,87.0319,0.0273973,9.78452,9.78877,0.00425083
28-Apr-2026,91.8671,0.0273973,5.07759,5.10585,0.028256
28-Apr-2026,96.7022,0.0273973,1.38153,1.41843,0.0369002
28-Apr-2026,101.537,0.0273973,0.0850068,0.0942083,0.00920148
28-Apr-2026,106.372,0.0273973,0.000378483,0.000938999,0.000560516
28-Apr-2026,111.207,0.0273973,8.58626e-08,2.67614e-06,2.59027e-06
28-Apr-2026,116.043,0.0273973,2.33037e-12,4.1638e-09,4.16147e-09
28-Apr-2026,77.3617,0.0465753,19.4963,19.4966,0.000339267
28-Apr-2026,82.1968,0.0465753,14.6727,14.6754,0.00269034
28-Apr-2026,87.0319,0.0465753,9.8756,9.89194,0.0163428
28-Apr-2026,91.8671,0.0465753,5.31006,5.35669,0.0466295
28-Apr-2026,96.7022,0.0465753,1.77215,1.81413,0.0419801
28-Apr-2026,101.537,0.0465753,0.226665,0.242722,0.0160567
28-Apr-2026,106.372,0.0465753,0.00583383,0.0104498,0.00461598
28-Apr-2026,111.207,0.0465753,2.52397e-05,0.000220003,0.000194764
28-Apr-2026,116.043,0.0465753,3.08849e-08,3.30643e-06,3.27555e-06
28-Apr-2026,77.3617,0.0657534,19.5687,19.5708,0.00207949
28-Apr-2026,82.1968,0.0657534,14.7584,14.7689,0.0104601
28-Apr-2026,87.0319,0.0657534,10.0166,10.0507,0.034075
28-Apr-2026,91.8671,0.0657534,5.60113,5.66251,0.0613828
28-Apr-2026,96.7022,0.0657534,2.17071,2.21525,0.0445425
28-Apr-2026,101.537,0.0657534,0.4278,0.449246,0.0214461
28-Apr-2026,106.372,0.0657534,0.0286077,0.0429667,0.014359
28-Apr-2026,111.207,0.0657534,0.00059071,0.00261524,0.00202453
28-Apr-2026,116.043,0.0657534,5.35515e-06,0.0001298,0.000124445
28-Apr-2026,77.3617,0.0849315,19.6299,19.6355,0.00557139
28-Apr-2026,82.1968,0.0849315,14.8374,14.8569,0.0194788
28-Apr-2026,87.0319,0.0849315,10.1489,10.1962,0.0473283
28-Apr-2026,91.8671,0.0849315,5.83403,5.90296,0.0689281
28-Apr-2026,96.7022,0.0849315,2.45881,2.50382,0.0450103
28-Apr-2026,101.537,0.0849315,0.599415,0.623898,0.0244828
28-Apr-2026,106.372,0.0849315,0.0623716,0.0864149,0.0240433
28-Apr-2026,111.207,0.0849315,0.00261099,0.0085018,0.00589081
28-Apr-2026,116.043,0.0849315,5.81129e-05,0.0007214,0.000663287
28-Apr-2026,77.3617,0.172603,19.9984,20.0351,0.0366683
28-Apr-2026,82.1968,0.172603,15.3477,15.4094,0.0617458
28-Apr-2026,87.0319,0.172603,10.9157,10.9967,0.0810064
28-Apr-2026,91.8671,0.172603,6.91925,6.99347,0.0742229
28-Apr-2026,96.7022,0.172603,3.66688,3.70777,0.0408862
28-Apr-2026,101.537,0.172603,1.46612,1.50462,0.0385035
28-Apr-2026,106.372,0.172603,0.392047,0.462203,0.0701563
28-Apr-2026,111.207,0.172603,0.0697028,0.121286,0.0515834
28-Apr-2026,116.043,0.172603,0.00944616,0.0302114,0.0207652
28-Apr-2026,77.3617,0.257534,20.4197,20.4759,0.056223
28-Apr-2026,82.1968,0.257534,15.9086,15.9812,0.0725576
28-Apr-2026,87.0319,0.257534,11.6511,11.7268,0.0756807
28-Apr-2026,91.8671,0.257534,7.81119,7.86991,0.0587222
28-Apr-2026,96.7022,0.257534,4.59799,4.63627,0.0382759
28-Apr-2026,101.537,0.257534,2.22991,2.28759,0.0576827
28-Apr-2026,106.372,0.257534,0.830442,0.93692,0.106478
28-Apr-2026,111.207,0.257534,0.237378,0.340759,0.103381
28-Apr-2026,116.043,0.257534,0.0570606,0.119201,0.0621406
28-Apr-2026,77.3617,0.342466,20.8846,20.9402,0.0555775
28-Apr-2026,82.1968,0.342466,16.4939,16.5541,0.0601507
28-Apr-2026,87.0319,0.342466,12.3652,12.4182,0.053027
28-Apr-2026,91.8671,0.342466,8.62601,8.66444,0.0384334
28-Apr-2026,96.7022,0.342466,5.43307,5.47083,0.0377593
28-Apr-2026,101.537,0.342466,2.95686,3.03611,0.079249
28-Apr-2026,106.372,0.342466,1.32698,1.46859,0.141606
28-Apr-2026,111.207,0.342466,0.490274,0.642573,0.152299
28-Apr-2026,116.043,0.342466,0.159171,0.269705,0.110534
28-Apr-2026,77.3617,0.424658,21.3598,21.3986,0.0387762
28-Apr-2026,82.1968,0.424658,17.0688,17.1027,0.0339129
28-Apr-2026,87.0319,0.424658,13.0375,13.0609,0.023351
28-Apr-2026,91.8671,0.424658,9.36969,9.38693,0.0172449
28-Apr-2026,96.7022,0.424658,6.19061,6.22726,0.0366466
28-Apr-2026,101.537,0.424658,3.64067,3.73873,0.0980579
28-Apr-2026,106.372,0.424658,1.84284,2.01654,0.173697
28-Apr-2026,111.207,0.424658,0.800117,0.997385,0.197268
28-Apr-2026,116.043,0.424658,0.312391,0.471404,0.159013
28-Apr-2026,77.3617,0.506849,21.8678,21.8764,0.00860524
28-Apr-2026,82.1968,0.506849,17.6658,17.6633,0.00251415
28-Apr-2026,87.0319,0.506849,13.7171,13.7052,0.0119063
28-Apr-2026,91.8671,0.506849,10.1079,10.1015,0.00636028
28-Apr-2026,96.7022,0.506849,6.94149,6.97396,0.0324713
28-Apr-2026,101.537,0.506849,4.33581,4.44811,0.1123
28-Apr-2026,106.372,0.506849,2.40279,2.6049,0.202114
28-Apr-2026,111.207,0.506849,1.17576,1.41616,0.240395
28-Apr-2026,116.043,0.506849,0.525219,0.734602,0.209383
28-Apr-2026,77.3617,0.591781,22.3904,22.3593,0.0311375
28-Apr-2026,82.1968,0.591781,18.2672,18.2216,0.0455846
28-Apr-2026,87.0319,0.591781,14.3892,14.3384,0.0508419
28-Apr-2026,91.8671,0.591781,10.8297,10.7968,0.0328792
28-Apr-2026,96.7022,0.591781,7.67599,7.69936,0.0233727
28-Apr-2026,101.537,0.591781,5.02883,5.14822,0.119388
28-Apr-2026,106.372,0.591781,2.98811,3.21148,0.223369
28-Apr-2026,111.207,0.591781,1.60172,1.87981,0.278086
28-Apr-2026,116.043,0.591781,0.792388,1.05104,0.258649
28-Apr-2026,77.3617,0.676712,22.9121,22.8349,0.0772189
28-Apr-2026,82.1968,0.676712,18.8581,18.7656,0.092498
28-Apr-2026,87.0319,0.676712,15.0412,14.949,0.0922097
28-Apr-2026,91.8671,0.676712,11.5248,11.4623,0.0624919
28-Apr-2026,96.7022,0.676712,8.38427,8.39279,0.00852295
28-Apr-2026,101.537,0.676712,5.70682,5.82506,0.118242
28-Apr-2026,106.372,0.676712,3.58103,3.81653,0.235495
28-Apr-2026,111.207,0.676712,2.06031,2.36758,0.307273
28-Apr-2026,116.043,0.676712,1.10358,1.40677,0.303192
28-Apr-2026,77.3617,0.756164,23.3845,23.2615,0.122982
28-Apr-2026,82.1968,0.756164,19.3874,19.2495,0.13786
28-Apr-2026,87.0319,0.756164,15.6201,15.488,0.132083
28-Apr-2026,91.8671,0.756164,12.139,12.0464,0.0926103
28-Apr-2026,96.7022,0.756164,9.01107,9.00076,0.0103073
28-Apr-2026,101.537,0.756164,6.31327,6.42324,0.109973
28-Apr-2026,106.372,0.756164,4.12493,4.36319,0.238259
28-Apr-2026,111.207,0.756164,2.50022,2.82558,0.325361
28-Apr-2026,116.043,0.756164,1.42053,1.75816,0.33763
28-Apr-2026,77.3617,0.832877,23.842,23.6715,0.170479
28-Apr-2026,82.1968,0.832877,19.8957,19.7116,0.184098
28-Apr-2026,87.0319,0.832877,16.1725,15.9996,0.172937
28-Apr-2026,91.8671,0.832877,12.7234,12.5982,0.125176
28-Apr-2026,96.7022,0.832877,9.60822,9.57467,0.0335478
28-Apr-2026,101.537,0.832877,6.89571,6.99119,0.0954785
28-Apr-2026,106.372,0.832877,4.65713,4.89057,0.23344
28-Apr-2026,111.207,0.832877,2.94523,3.28006,0.334826
28-Apr-2026,116.043,0.832877,1.75637,2.12057,0.364204
29-Apr-2026,77.303,0.00273973,19.3322,19.3322,1.87646e-05
29-Apr-2026,86.9658,0.00273973,9.67016,9.67019,3.13835e-05
29-Apr-2026,91.7973,0.00273973,4.83913,4.8391,3.31208e-05
29-Apr-2026,96.6287,0.00273973,0.347227,0.396306,0.0490787
29-Apr-2026,101.46,0.00273973,9.65143e-09,1.66248e-08,6.97334e-09
29-Apr-2026,77.303,0.0246575,19.4164,19.4164,4.91926e-06
29-Apr-2026,82.1344,0.0246575,14.5907,14.5911,0.000366556
29-Apr-2026,86.9658,0.0246575,9.76855,9.77733,0.00878464
29-Apr-2026,91.7973,0.0246575,5.05393,5.13014,0.076213
29-Apr-2026,96.6287,0.0246575,1.34615,1.51775,0.171598
29-Apr-2026,101.46,0.0246575,0.0767244,0.136591,0.0598669
29-Apr-2026,106.292,0.0246575,0.000285952,0.00232975,0.0020438
29-Apr-2026,111.123,0.0246575,4.60328e-08,1.03626e-05,1.03166e-05
29-Apr-2026,115.954,0.0246575,7.47926e-13,2.12613e-08,2.12605e-08
29-Apr-2026,77.303,0.0438356,19.4747,19.4751,0.000425077
29-Apr-2026,82.1344,0.0438356,14.6541,14.6593,0.00515813
29-Apr-2026,86.9658,0.0438356,9.85806,9.89395,0.0358948
29-Apr-2026,91.7973,0.0438356,5.28842,5.41964,0.131223
29-Apr-2026,96.6287,0.0438356,1.75062,1.96058,0.209963
29-Apr-2026,101.46,0.0438356,0.21998,0.333183,0.113203
29-Apr-2026,106.292,0.0438356,0.00548546,0.0212568,0.0157714
29-Apr-2026,111.123,0.0438356,2.19313e-05,0.000634816,0.000612885
29-Apr-2026,115.954,0.0438356,2.31337e-08,1.23655e-05,1.23424e-05
29-Apr-2026,77.303,0.0630137,19.5468,19.5506,0.00381904
29-Apr-2026,82.1344,0.0630137,14.7392,14.7599,0.0207039
29-Apr-2026,86.9658,0.0630137,9.99879,10.075,0.0761673
29-Apr-2026,91.7973,0.0630137,5.58425,5.76348,0.179229
29-Apr-2026,96.6287,0.0630137,2.1599,2.40121,0.24131
29-Apr-2026,101.46,0.0630137,0.426138,0.588524,0.162386
29-Apr-2026,106.292,0.0630137,0.0287453,0.0754574,0.0467121
29-Apr-2026,111.123,0.0630137,0.000590529,0.0059818,0.00539127
29-Apr-2026,115.954,0.0630137,5.14628e-06,0.000364966,0.000359819
29-Apr-2026,77.303,0.0821918,19.6078,19.618,0.0102372
29-Apr-2026,82.1344,0.0821918,14.818,14.8566,0.0386223
29-Apr-2026,86.9658,0.0821918,10.132,10.2391,0.107097
29-Apr-2026,91.7973,0.0821918,5.82124,6.02884,0.207599
29-Apr-2026,96.6287,0.0821918,2.45467,2.71398,0.259306
29-Apr-2026,101.46,0.0821918,0.60247,0.795272,0.192802
29-Apr-2026,106.292,0.0821918,0.0638913,0.140426,0.076535
29-Apr-2026,111.123,0.0821918,0.00271306,0.0172038,0.0144907
29-Apr-2026,115.954,0.0821918,5.98558e-05,0.00173732,0.00167746
29-Apr-2026,77.303,0.169863,19.9769,20.0459,0.0689573
29-Apr-2026,82.1344,0.169863,15.332,15.4609,0.128913
29-Apr-2026,86.9658,0.169863,10.9088,11.1136,0.204812
29-Apr-2026,91.7973,0.169863,6.92529,7.19712,0.271832
29-Apr-2026,96.6287,0.169863,3.68717,3.98617,0.299
29-Apr-2026,101.46,0.169863,1.49297,1.77196,0.278994
29-Apr-2026,106.292,0.169863,0.409532,0.61975,0.210218
29-Apr-2026,111.123,0.169863,0.0749684,0.183606,0.108638
29-Apr-2026,115.954,0.169863,0.0103731,0.0504057,0.0400326
29-Apr-2026,77.303,0.254795,20.4021,20.5157,0.113585
29-Apr-2026,82.1344,0.254795,15.9003,16.0705,0.170187
29-Apr-2026,86.9658,0.254795,11.6559,11.8842,0.228254
29-Apr-2026,91.7973,0.254795,7.83268,8.10675,0.274074
29-Apr-2026,96.6287,0.254795,4.63653,4.938,0.30147
29-Apr-2026,101.46,0.254795,2.27734,2.59124,0.313901
29-Apr-2026,106.292,0.254795,0.868209,1.15832,0.290112
29-Apr-2026,111.123,0.254795,0.255193,0.460194,0.205001
29-Apr-2026,115.954,0.254795,0.0627196,0.173137,0.110417
29-Apr-2026,77.303,0.339726,20.8728,21.003,0.130202
29-Apr-2026,82.1344,0.339726,16.4944,16.6689,0.174481
29-Apr-2026,86.9658,0.339726,12.3819,12.5984,0.216522
29-Apr-2026,91.7973,0.339726,8.66213,8.91571,0.253585
29-Apr-2026,96.6287,0.339726,5.48859,5.77872,0.290134
29-Apr-2026,101.46,0.339726,3.02381,3.35302,0.329211
29-Apr-2026,106.292,0.339726,1.38629,1.72731,0.341024
29-Apr-2026,111.123,0.339726,0.525776,0.809323,0.283547
29-Apr-2026,115.954,0.339726,0.174496,0.360724,0.186228
29-Apr-2026,77.303,0.421918,21.3548,21.4777,0.122927
29-Apr-2026,82.1344,0.421918,17.0786,17.2333,0.154728
29-Apr-2026,86.9658,0.421918,13.066,13.2526,0.186621
29-Apr-2026,91.7973,0.421918,9.4198,9.6423,0.222498
29-Apr-2026,96.6287,0.421918,6.26213,6.53283,0.270696
29-Apr-2026,101.46,0.421918,3.72598,4.05731,0.331333
29-Apr-2026,106.292,0.421918,1.92331,2.2947,0.371386
29-Apr-2026,111.123,0.421918,0.855903,1.19831,0.34241
29-Apr-2026,115.954,0.421918,0.341558,0.596048,0.25449
29-Apr-2026,77.303,0.50411,21.8706,21.9672,0.0965924
29-Apr-2026,82.1344,0.50411,17.6858,17.8036,0.117786
29-Apr-2026,86.9658,0.50411,13.7581,13.902,0.143857
29-Apr-2026,91.7973,0.50411,10.1725,10.3552,0.182703
29-Apr-2026,96.6287,0.50411,7.02939,7.27253,0.243136
29-Apr-2026,101.46,0.50411,4.43976,4.76215,0.322387
29-Apr-2026,106.292,0.50411,2.50506,2.89203,0.386971
29-Apr-2026,111.123,0.50411,1.25453,1.64147,0.386941
29-Apr-2026,115.954,0.50411,0.572731,0.889021,0.31629
29-Apr-2026,77.303,0.589041,22.4019,22.4575,0.055642
29-Apr-2026,82.1344,0.589041,18.298,18.3668,0.0688476
29-Apr-2026,86.9658,0.589041,14.443,14.5355,0.0925262
29-Apr-2026,91.7973,0.589041,10.909,11.0452,0.136194
29-Apr-2026,96.6287,0.589041,7.78031,7.98834,0.208026
29-Apr-2026,101.46,0.589041,5.15129,5.4541,0.302815
29-Apr-2026,106.292,0.589041,3.11207,3.50035,0.388283
29-Apr-2026,111.123,0.589041,1.70473,2.12057,0.415844
29-Apr-2026,115.954,0.589041,0.861734,1.22934,0.367602
29-Apr-2026,77.303,0.673973,22.9327,22.9374,0.0047085
29-Apr-2026,82.1344,0.673973,18.9,18.9124,0.0124023
29-Apr-2026,86.9658,0.673973,15.1079,15.1437,0.0357581
29-Apr-2026,91.7973,0.673973,11.6186,11.7035,0.0848601
29-Apr-2026,96.6287,0.673973,8.50471,8.67108,0.166374
29-Apr-2026,101.46,0.673973,5.84727,6.12105,0.273785
29-Apr-2026,106.292,0.673973,3.726,4.10263,0.376625
29-Apr-2026,111.123,0.673973,2.1876,2.61679,0.429191
29-Apr-2026,115.954,0.673973,1.19685,1.60268,0.405827
29-Apr-2026,77.303,0.753425,23.4137,23.3659,0.0478096
29-Apr-2026,82.1344,0.753425,19.4395,19.3958,0.0436832
29-Apr-2026,86.9658,0.753425,15.6985,15.6789,0.0196253
29-Apr-2026,91.7973,0.753425,12.246,12.2801,0.0341186
29-Apr-2026,96.6287,0.753425,9.14592,9.26902,0.123103
29-Apr-2026,101.46,0.753425,6.46969,6.70956,0.239875
29-Apr-2026,106.292,0.753425,4.28842,4.6444,0.355984
29-Apr-2026,111.123,0.753425,2.64927,3.07815,0.428878
29-Apr-2026,115.954,0.753425,1.53664,1.96542,0.428775
29-Apr-2026,77.303,0.830137,23.8797,23.7764,0.103341
29-Apr-2026,82.1344,0.830137,19.9579,19.8562,0.101731
29-Apr-2026,86.9658,0.830137,16.2624,16.1859,0.0765343
29-Apr-2026,91.7973,0.830137,12.8431,12.8244,0.0187178
29-Apr-2026,96.6287,0.830137,9.75689,9.8332,0.076313
29-Apr-2026,101.46,0.830137,7.06734,7.26792,0.200577
29-Apr-2026,106.292,0.830137,4.83813,5.16574,0.327606
29-Apr-2026,111.123,0.830137,3.11501,3.53309,0.418084
29-Apr-2026,115.954,0.830137,1.89518,2.33538,0.440197
30-Apr-2026,77.2169,0.0219178,19.3877,19.3878,0.000100853
30-Apr-2026,82.043,0.0219178,14.5669,14.5683,0.00144
30-Apr-2026,86.8691,0.0219178,9.74847,9.76918,0.0207108
30-Apr-2026,91.6951,0.0219178,5.02264,5.1581,0.135461
30-Apr-2026,96.5212,0.0219178,1.29043,1.52194,0.231508
30-Apr-2026,101.347,0.0219178,0.0629615,0.100658,0.0376965
30-Apr-2026,106.173,0.0219178,0.00015814,0.000575344,0.000417204
30-Apr-2026,110.999,0.0219178,1.3053e-08,6.90628e-07,6.77575e-07
30-Apr-2026,77.2169,0.0410959,19.4454,19.4478,0.0023995
30-Apr-2026,82.043,0.0410959,14.6293,14.6458,0.016489
30-Apr-2026,86.8691,0.0410959,9.8344,9.9159,0.0814951
30-Apr-2026,91.6951,0.0410959,5.25316,5.48865,0.235489
30-Apr-2026,96.5212,0.0410959,1.70398,1.98553,0.281555
30-Apr-2026,101.347,0.0410959,0.200438,0.273684,0.0732459
30-Apr-2026,106.173,0.0410959,0.00429098,0.00894913,0.00465815
30-Apr-2026,110.999,0.0410959,1.33604e-05,0.000125061,0.0001117
30-Apr-2026,115.825,0.0410959,1.0268e-08,1.26335e-06,1.25308e-06
30-Apr-2026,77.2169,0.060274,19.5167,19.5317,0.0149694
30-Apr-2026,82.043,0.060274,14.7126,14.7701,0.0575062
30-Apr-2026,86.8691,0.060274,9.9713,10.1373,0.165973
30-Apr-2026,91.6951,0.060274,5.54774,5.86641,0.318673
30-Apr-2026,96.5212,0.060274,2.11844,2.43619,0.317749
30-Apr-2026,101.347,0.060274,0.403695,0.506192,0.102497
30-Apr-2026,106.173,0.060274,0.0252848,0.0399627,0.0146779
30-Apr-2026,110.999,0.060274,0.000461835,0.00184624,0.00138441
30-Apr-2026,115.825,0.060274,3.47601e-06,7.09023e-05,6.74263e-05
30-Apr-2026,77.2169,0.0794521,19.5768,19.6114,0.0346165
30-Apr-2026,82.043,0.0794521,14.7898,14.8902,0.100431
30-Apr-2026,86.8691,0.0794521,10.1022,10.3301,0.227931
30-Apr-2026,91.6951,0.0794521,5.78452,6.14988,0.365358
30-Apr-2026,96.5212,0.0794521,2.41566,2.75143,0.335769
30-Apr-2026,101.347,0.0794521,0.578925,0.697936,0.119011
30-Apr-2026,106.173,0.0794521,0.0584869,0.0819365,0.0234496
30-Apr-2026,110.999,0.0794521,0.0023039,0.00635192,0.00404802
30-Apr-2026,115.825,0.0794521,4.63312e-05,0.000432994,0.000386663
30-Apr-2026,77.2169,0.0986301,19.6546,19.7209,0.0662928
30-Apr-2026,82.043,0.0986301,14.8957,15.0504,0.15471
30-Apr-2026,86.8691,0.0986301,10.2763,10.5671,0.290823
30-Apr-2026,91.6951,0.0986301,6.06456,6.46936,0.404801
30-Apr-2026,96.5212,0.0986301,2.74595,3.09525,0.349305
30-Apr-2026,101.347,0.0986301,0.795067,0.929261,0.134194
30-Apr-2026,106.173,0.0986301,0.117042,0.149801,0.0327594
30-Apr-2026,110.999,0.0986301,0.00833958,0.0172763,0.00893674
30-Apr-2026,115.825,0.0986301,0.000355681,0.00182261,0.00146693
30-Apr-2026,77.2169,0.167123,19.9408,20.1205,0.179683
30-Apr-2026,82.043,0.167123,15.2971,15.5914,0.294292
30-Apr-2026,86.8691,0.167123,10.8734,11.2832,0.409752
30-Apr-2026,91.6951,0.167123,6.8891,7.34629,0.457194
30-Apr-2026,96.5212,0.167123,3.6535,4.01655,0.363052
30-Apr-2026,101.347,0.167123,1.4683,1.63654,0.168243
30-Apr-2026,106.173,0.167123,0.397566,0.451379,0.053813
30-Apr-2026,110.999,0.167123,0.0714425,0.0969356,0.0254931
30-Apr-2026,115.825,0.167123,0.00966897,0.0197471,0.0100782
30-Apr-2026,77.2169,0.252055,20.3621,20.6424,0.280296
30-Apr-2026,82.043,0.252055,15.8618,16.2418,0.379976
30-Apr-2026,86.8691,0.252055,11.6187,12.0712,0.452542
30-Apr-2026,91.6951,0.252055,7.79718,8.25208,0.454896
30-Apr-2026,96.5212,0.252055,4.60507,4.96422,0.359149
30-Apr-2026,101.347,0.252055,2.2534,2.45473,0.201335
30-Apr-2026,106.173,0.252055,0.854059,0.935694,0.0816352
30-Apr-2026,110.999,0.252055,0.249032,0.286845,0.0378132
30-Apr-2026,115.825,0.252055,0.0606237,0.0813731,0.0207494
30-Apr-2026,77.2169,0.336986,20.83,21.1567,0.326657
30-Apr-2026,82.043,0.336986,16.454,16.855,0.400992
30-Apr-2026,86.8691,0.336986,12.3439,12.7864,0.442485
30-Apr-2026,91.6951,0.336986,8.62745,9.05515,0.427701
30-Apr-2026,96.5212,0.336986,5.45891,5.80709,0.348177
30-Apr-2026,101.347,0.336986,3.00123,3.22919,0.227961
30-Apr-2026,106.173,0.336986,1.37195,1.48943,0.117481
30-Apr-2026,110.999,0.336986,0.518349,0.571242,0.0528926
30-Apr-2026,115.825,0.336986,0.171227,0.197214,0.0259871
30-Apr-2026,77.2169,0.419178,21.3101,21.6436,0.333464
30-Apr-2026,82.043,0.419178,17.037,17.4232,0.386158
30-Apr-2026,86.8691,0.419178,13.0279,13.4373,0.409397
30-Apr-2026,91.6951,0.419178,9.3861,9.77798,0.391876
30-Apr-2026,96.5212,0.419178,6.23416,6.56676,0.332599
30-Apr-2026,101.347,0.419178,3.7051,3.95074,0.245643
30-Apr-2026,106.173,0.419178,1.90987,2.06288,0.153013
30-Apr-2026,110.999,0.419178,0.848464,0.925352,0.0768882
30-Apr-2026,115.825,0.419178,0.337832,0.370411,0.0325794
30-Apr-2026,77.2169,0.50137,21.8246,22.1381,0.313469
30-Apr-2026,82.043,0.50137,17.6436,17.9928,0.349198
30-Apr-2026,86.8691,0.50137,13.7203,14.0826,0.36234
30-Apr-2026,91.6951,0.50137,10.14,10.489,0.348971
30-Apr-2026,96.5212,0.50137,7.00332,7.31388,0.310562
30-Apr-2026,101.347,0.50137,4.42094,4.67482,0.253883
30-Apr-2026,106.173,0.50137,2.4933,2.67715,0.183847
30-Apr-2026,110.999,0.50137,1.24809,1.35604,0.107949
30-Apr-2026,115.825,0.50137,0.569387,0.616294,0.0469068
30-Apr-2026,77.2169,0.586301,22.3551,22.6296,0.274457
30-Apr-2026,82.043,0.586301,18.2557,18.5537,0.297995
30-Apr-2026,86.8691,0.586301,14.4059,14.7126,0.306684
30-Apr-2026,91.6951,0.586301,10.8779,11.1784,0.300504
30-Apr-2026,96.5212,0.586301,7.7563,8.03767,0.281375
30-Apr-2026,101.347,0.586301,5.13478,5.3858,0.251018
30-Apr-2026,106.173,0.586301,3.10251,3.30721,0.204698
30-Apr-2026,110.999,0.586301,1.70011,1.83894,0.138834
30-Apr-2026,115.825,0.586301,0.859647,0.928657,0.0690103
30-Apr-2026,77.2169,0.671233,22.8854,23.1086,0.223236
30-Apr-2026,82.043,0.671233,18.8579,19.0964,0.238463
30-Apr-2026,86.8691,0.671233,15.0717,15.3177,0.245972
30-Apr-2026,91.6951,0.671233,11.5892,11.8369,0.24767
30-Apr-2026,96.5212,0.671233,8.48286,8.7281,0.245239
30-Apr-2026,101.347,0.671233,5.83323,6.07027,0.23704
30-Apr-2026,106.173,0.671233,3.71894,3.93216,0.213221
30-Apr-2026,110.999,0.671233,2.18535,2.34847,0.163116
30-Apr-2026,115.825,0.671233,1.19676,1.29086,0.0940996
30-Apr-2026,77.2169,0.750685,23.3664,23.5356,0.169203
30-Apr-2026,82.043,0.750685,19.3979,19.5771,0.179176
30-Apr-2026,86.8691,0.750685,15.6634,15.8505,0.187107
30-Apr-2026,91.6951,0.750685,12.2182,12.414,0.195788
30-Apr-2026,96.5212,0.750685,9.12613,9.33247,0.20634
30-Apr-2026,101.347,0.750685,6.45797,6.6732,0.215234
30-Apr-2026,106.173,0.750685,4.28382,4.49396,0.210144
30-Apr-2026,110.999,0.750685,2.64951,2.82616,0.176652
30-Apr-2026,115.825,0.750685,1.53887,1.65401,0.115138
30-Apr-2026,77.2169,0.827397,23.8326,23.9442,0.111635
30-Apr-2026,82.043,0.827397,19.917,20.0348,0.117832
30-Apr-2026,86.8691,0.827397,16.2285,16.3554,0.126908
30-Apr-2026,91.6951,0.827397,12.817,12.9587,0.141745
30-Apr-2026,96.5212,0.827397,9.73916,9.9023,0.163138
30-Apr-2026,101.347,0.827397,7.05795,7.24419,0.186239
30-Apr-2026,106.173,0.827397,4.83602,5.03364,0.197625
30-Apr-2026,110.999,0.827397,3.11786,3.29871,0.180855
30-Apr-2026,115.825,0.827397,1.90003,2.03088,0.130848
30-Apr-2026,77.2169,0.917808,24.3527,24.3953,0.0426413
30-Apr-2026,82.043,0.917808,20.4921,20.5378,0.0456773
30-Apr-2026,86.8691,0.917808,16.8515,16.9076,0.056129
30-Apr-2026,91.6951,0.917808,13.4753,13.5524,0.0771428
30-Apr-2026,96.5212,0.917808,10.4139,10.5226,0.108721
30-Apr-2026,101.347,0.917808,7.72266,7.86798,0.145323
30-Apr-2026,106.173,0.917808,5.45696,5.63006,0.173102
30-Apr-2026,110.999,0.917808,3.65871,3.83334,0.17463
30-Apr-2026,115.825,0.917808,2.33358,2.47405,0.14047
04-May-2026,76.6617,0.0109589,19.1909,19.1909,1.07156e-05
04-May-2026,81.4531,0.0109589,14.4012,14.4011,0.00011762
04-May-2026,86.2444,0.0109589,9.61139,9.61138,1.12392e-05
04-May-2026,91.0358,0.0109589,4.82444,4.82642,0.00197889
04-May-2026,95.8271,0.0109589,0.718768,0.684985,0.033783
04-May-2026,100.619,0.0109589,0.000970356,9.26891e-05,0.000877667
04-May-2026,105.41,0.0109589,1.15507e-10,1.74526e-13,1.15332e-10
04-May-2026,76.6617,0.030137,19.261,19.261,1.14207e-05
04-May-2026,81.4531,0.030137,14.4757,14.4766,0.000869685
04-May-2026,86.2444,0.030137,9.69642,9.70674,0.0103167
04-May-2026,91.0358,0.030137,5.05028,5.08283,0.0325484
04-May-2026,95.8271,0.030137,1.42563,1.35218,0.0734516
04-May-2026,100.619,0.030137,0.105231,0.0425942,0.0626368
04-May-2026,105.41,0.030137,0.000770164,9.59912e-05,0.000674173
04-May-2026,110.201,0.030137,3.61831e-07,8.46424e-08,2.77189e-07
04-May-2026,114.993,0.030137,1.99778e-11,5.74809e-11,3.75031e-11
04-May-2026,76.6617,0.0493151,19.3183,19.3196,0.00131791
04-May-2026,81.4531,0.0493151,14.5389,14.5475,0.00857768
04-May-2026,86.2444,0.0493151,9.79144,9.82599,0.0345497
04-May-2026,91.0358,0.0493151,5.29594,5.34435,0.0484121
04-May-2026,95.8271,0.0493151,1.82828,1.72835,0.0999283
04-May-2026,100.619,0.0493151,0.26633,0.135348,0.130982
04-May-2026,105.41,0.0493151,0.00947868,0.00214618,0.0073325
04-May-2026,110.201,0.0493151,6.50066e-05,2.04518e-05,4.45548e-05
04-May-2026,114.993,0.0493151,1.24183e-07,1.72347e-07,4.81637e-08
04-May-2026,76.6617,0.0684932,19.3896,19.3977,0.00810935
04-May-2026,81.4531,0.0684932,14.6255,14.6541,0.0285678
04-May-2026,86.2444,0.0684932,9.93988,10.0056,0.0656892
04-May-2026,91.0358,0.0684932,5.60028,5.65606,0.0557842
04-May-2026,95.8271,0.0684932,2.2391,2.11065,0.128451
04-May-2026,100.619,0.0684932,0.488168,0.285296,0.202872
04-May-2026,105.41,0.0684932,0.0412137,0.012902,0.0283117
04-May-2026,110.201,0.0684932,0.00117386,0.000429858,0.000744002
04-May-2026,114.993,0.0684932,1.44862e-05,1.35691e-05,9.17053e-07
04-May-2026,76.6617,0.0876712,19.4506,19.4691,0.0185448
04-May-2026,81.4531,0.0876712,14.7067,14.7555,0.0488302
04-May-2026,86.2444,0.0876712,10.0789,10.1655,0.0865932
04-May-2026,91.0358,0.0876712,5.84243,5.8976,0.0551724
04-May-2026,95.8271,0.0876712,2.53609,2.38745,0.148639
04-May-2026,100.619,0.0876712,0.674591,0.42451,0.250081
04-May-2026,105.41,0.0876712,0.0850634,0.0310657,0.0539977
04-May-2026,110.201,0.0876712,0.00461814,0.00180978,0.00280836
04-May-2026,114.993,0.0876712,0.000131677,0.000102973,2.87045e-05
04-May-2026,76.6617,0.156164,19.7259,19.8021,0.0762442
04-May-2026,81.4531,0.156164,15.0967,15.213,0.116289
04-May-2026,86.2444,0.156164,10.6818,10.8046,0.122826
04-May-2026,91.0358,0.156164,6.71169,6.73823,0.0265433
04-May-2026,95.8271,0.156164,3.51189,3.30922,0.20267
04-May-2026,100.619,0.156164,1.38532,1.02932,0.355999
04-May-2026,105.41,0.156164,0.365278,0.185392,0.179886
04-May-2026,110.201,0.156164,0.0621898,0.0281151,0.0340747
04-May-2026,114.993,0.156164,0.00763495,0.00436282,0.00327213
04-May-2026,76.6617,0.241096,20.1429,20.2705,0.127598
04-May-2026,81.4531,0.241096,15.6649,15.8101,0.145193
04-May-2026,86.2444,0.241096,11.4464,11.5545,0.108142
04-May-2026,91.0358,0.241096,7.65752,7.63638,0.0211425
04-May-2026,95.8271,0.241096,4.50924,4.27583,0.233407
04-May-2026,100.619,0.241096,2.20566,1.81437,0.391293
04-May-2026,105.41,0.241096,0.838861,0.535995,0.302866
04-May-2026,110.201,0.241096,0.244047,0.128242,0.115805
04-May-2026,114.993,0.241096,0.0581823,0.0304684,0.0277139
04-May-2026,76.6617,0.326027,20.6134,20.7543,0.140902
04-May-2026,81.4531,0.326027,16.2668,16.3986,0.131802
04-May-2026,86.2444,0.326027,12.1906,12.2589,0.068277
04-May-2026,91.0358,0.326027,8.51477,8.4497,0.0650746
04-May-2026,95.8271,0.326027,5.39279,5.1459,0.246888
04-May-2026,100.619,0.326027,2.97943,2.59246,0.386971
04-May-2026,105.41,0.326027,1.37648,1.01482,0.361664
04-May-2026,110.201,0.326027,0.525881,0.321622,0.204259
04-May-2026,114.993,0.326027,0.17399,0.0953351,0.0786549
04-May-2026,76.6617,0.408219,21.0994,21.2251,0.125726
04-May-2026,81.4531,0.408219,16.8608,16.9571,0.0963098
04-May-2026,86.2444,0.408219,12.8909,12.9114,0.0204861
04-May-2026,91.0358,0.408219,9.29364,9.18894,0.104696
04-May-2026,95.8271,0.408219,6.18927,5.9332,0.256066
04-May-2026,100.619,0.408219,3.70288,3.3298,0.373079
04-May-2026,105.41,0.408219,1.93223,1.55365,0.378584
04-May-2026,110.201,0.408219,0.871372,0.603028,0.268344
04-May-2026,114.993,0.408219,0.350453,0.210818,0.139635
04-May-2026,76.6617,0.490411,21.6451,21.7332,0.0880602
04-May-2026,81.4531,0.490411,17.5065,17.55,0.0435184
04-May-2026,86.2444,0.490411,13.6295,13.5931,0.036391
04-May-2026,91.0358,0.490411,10.0987,9.95105,0.147653
04-May-2026,95.8271,0.490411,7.01052,6.74168,0.268841
04-May-2026,100.619,0.490411,4.46788,4.10744,0.360444
04-May-2026,105.41,0.490411,2.5596,2.1823,0.3773
04-May-2026,110.201,0.490411,1.30769,0.998829,0.308861
04-May-2026,114.993,0.490411,0.608052,0.407294,0.200758
04-May-2026,76.6617,0.575342,22.1596,22.1993,0.0396866
04-May-2026,81.4531,0.575342,18.1014,18.0876,0.0137877
04-May-2026,86.2444,0.575342,14.2966,14.2039,0.0926975
04-May-2026,91.0358,0.575342,10.8167,10.6269,0.189751
04-May-2026,95.8271,0.575342,7.74287,7.45634,0.286535
04-May-2026,100.619,0.575342,5.16269,4.80638,0.356311
04-May-2026,105.41,0.575342,3.15576,2.78353,0.372232
04-May-2026,110.201,0.575342,1.75606,1.42841,0.327653
04-May-2026,114.993,0.575342,0.901447,0.657236,0.244211
04-May-2026,76.6617,0.660274,22.7216,22.6987,0.0228688
04-May-2026,81.4531,0.660274,18.7404,18.6583,0.0821196
04-May-2026,86.2444,0.660274,15.0034,14.8462,0.157249
04-May-2026,91.0358,0.660274,11.5714,11.332,0.239439
04-May-2026,95.8271,0.660274,8.5134,8.1997,0.313704
04-May-2026,100.619,0.660274,5.9038,5.54142,0.362383
04-May-2026,105.41,0.660274,3.81274,3.44167,0.371074
04-May-2026,110.201,0.660274,2.27918,1.94037,0.338809
04-May-2026,114.993,0.660274,1.27133,0.994209,0.277121
04-May-2026,76.6617,0.739726,23.1856,23.1053,0.0802692
04-May-2026,81.4531,0.739726,19.2616,19.1194,0.142176
04-May-2026,86.2444,0.739726,15.5745,15.3612,0.213251
04-May-2026,91.0358,0.739726,12.1782,11.8938,0.284354
04-May-2026,95.8271,0.739726,9.13351,8.79081,0.3427
04-May-2026,100.619,0.739726,6.50634,6.13023,0.376111
04-May-2026,105.41,0.739726,4.35957,3.98298,0.376589
04-May-2026,110.201,0.739726,2.73293,2.38584,0.347094
04-May-2026,114.993,0.739726,1.61117,1.31431,0.296858
04-May-2026,76.6617,0.816438,23.6581,23.5152,0.142874
04-May-2026,81.4531,0.816438,19.7879,19.5816,0.206316
04-May-2026,86.2444,0.816438,16.1474,15.8745,0.27294
04-May-2026,91.0358,0.816438,12.7849,12.451,0.333924
04-May-2026,95.8271,0.816438,9.75427,9.37588,0.378387
04-May-2026,100.619,0.816438,7.11399,6.71591,0.39808
04-May-2026,105.41,0.816438,4.9204,4.53094,0.389463
04-May-2026,110.201,0.816438,3.21228,2.85387,0.35841
04-May-2026,114.993,0.816438,1.98575,1.67163,0.314115
04-May-2026,76.6617,0.906849,24.2081,23.988,0.22009
04-May-2026,81.4531,0.906849,20.3961,20.1116,0.284458
04-May-2026,86.2444,0.906849,16.806,16.4598,0.346209
04-May-2026,91.0358,0.906849,13.4803,13.0835,0.396769
04-May-2026,95.8271,0.906849,10.4666,10.039,0.427562
04-May-2026,100.619,0.906849,7.81591,7.38249,0.433418
04-May-2026,105.41,0.906849,5.57787,5.16368,0.414195
04-May-2026,110.201,0.906849,3.78902,3.41103,0.377987
04-May-2026,114.993,0.906849,2.4539,2.11902,0.33488
05-May-2026,76.9076,0.00821918,19.2459,19.2459,4.16638e-05
05-May-2026,81.7143,0.00821918,14.4403,14.4403,4.32261e-05
05-May-2026,86.5211,0.00821918,9.63478,9.63473,5.11098e-05
05-May-2026,91.3278,0.00821918,4.8299,4.83251,0.0026073
05-May-2026,96.1345,0.00821918,0.62367,0.67766,0.0539904
05-May-2026,100.941,0.00821918,0.000170236,0.000147746,2.24905e-05
05-May-2026,105.748,0.00821918,1.67177e-13,1.0343e-13,6.37475e-14
05-May-2026,110.555,0.00821918,6.29082e-16,1.23095e-15,6.01864e-16
05-May-2026,115.361,0.00821918,6.17337e-16,1.20092e-15,5.83578e-16
05-May-2026,76.9076,0.0273973,19.3153,19.3154,0.00010316
05-May-2026,81.7143,0.0273973,14.5142,14.5157,0.00149568
05-May-2026,86.5211,0.0273973,9.71782,9.73557,0.0177539
05-May-2026,91.3278,0.0273973,5.04408,5.13454,0.0904576
05-May-2026,96.1345,0.0273973,1.39333,1.482,0.0886701
05-May-2026,100.941,0.0273973,0.0957377,0.0825677,0.01317
05-May-2026,105.748,0.0273973,0.000601416,0.000374614,0.000226802
05-May-2026,110.555,0.0273973,2.11879e-07,4.51785e-07,2.39906e-07
05-May-2026,115.361,0.0273973,7.37434e-12,3.38998e-10,3.31623e-10
05-May-2026,76.9076,0.0465753,19.3722,19.3743,0.00207899
05-May-2026,81.7143,0.0465753,14.5767,14.5905,0.0138261
05-May-2026,86.5211,0.0465753,9.81176,9.87272,0.0609556
05-May-2026,91.3278,0.0465753,5.29766,5.4388,0.14114
05-May-2026,96.1345,0.0465753,1.82269,1.90867,0.0859759
05-May-2026,100.941,0.0465753,0.266415,0.226509,0.0399057
05-May-2026,105.748,0.0465753,0.00975677,0.0059705,0.00378627
05-May-2026,110.555,0.0465753,6.84492e-05,7.56245e-05,7.17533e-06
05-May-2026,115.361,0.0465753,1.24935e-07,7.51042e-07,6.26107e-07
05-May-2026,76.9076,0.0657534,19.4429,19.4554,0.0124664
05-May-2026,81.7143,0.0657534,14.6632,14.7079,0.0447403
05-May-2026,86.5211,0.0657534,9.96395,10.0784,0.11447
05-May-2026,91.3278,0.0657534,5.61931,5.79074,0.171427
05-May-2026,96.1345,0.0657534,2.26454,2.3306,0.0660563
05-May-2026,100.941,0.0657534,0.510918,0.429206,0.0817122
05-May-2026,105.748,0.0657534,0.0472422,0.0284517,0.0187905
05-May-2026,110.555,0.0657534,0.00152292,0.00118883,0.000334087
05-May-2026,115.361,0.0657534,2.05538e-05,4.34686e-05,2.29148e-05
05-May-2026,76.9076,0.0849315,19.5038,19.5315,0.0277076
05-May-2026,81.7143,0.0849315,14.7458,14.8207,0.07494
05-May-2026,86.5211,0.0849315,10.1101,10.2586,0.148518
05-May-2026,91.3278,0.0849315,5.8791,6.05753,0.17843
05-May-2026,96.1345,0.0849315,2.58775,2.62935,0.041604
05-May-2026,100.941,0.0849315,0.721285,0.601987,0.119298
05-May-2026,105.748,0.0849315,0.10172,0.0608023,0.0409177
05-May-2026,110.555,0.0849315,0.00645169,0.00429713,0.00215456
05-May-2026,115.361,0.0849315,0.000209952,0.000278152,6.82003e-05
05-May-2026,76.9076,0.153425,19.7872,19.8908,0.103611
05-May-2026,81.7143,0.153425,15.1598,15.3217,0.161922
05-May-2026,86.5211,0.153425,10.765,10.9559,0.190864
05-May-2026,91.3278,0.153425,6.83493,6.95546,0.120528
05-May-2026,96.1345,0.153425,3.67709,3.59071,0.0863772
05-May-2026,100.941,0.153425,1.55216,1.27973,0.272427
05-May-2026,105.748,0.153425,0.46925,0.282732,0.186518
05-May-2026,110.555,0.153425,0.096539,0.0491684,0.0473706
05-May-2026,115.361,0.153425,0.0141987,0.00832727,0.00587143
05-May-2026,76.9076,0.238356,20.2394,20.388,0.148636
05-May-2026,81.7143,0.238356,15.7914,15.9542,0.162796
05-May-2026,86.5211,0.238356,11.6276,11.7408,0.113177
05-May-2026,91.3278,0.238356,7.9133,7.87694,0.0363608
05-May-2026,96.1345,0.238356,4.83603,4.56347,0.272559
05-May-2026,100.941,0.238356,2.55425,2.09094,0.463308
05-May-2026,105.748,0.238356,1.1169,0.702152,0.414748
05-May-2026,110.555,0.238356,0.393682,0.188457,0.205225
05-May-2026,115.361,0.238356,0.113782,0.0481936,0.0655884
05-May-2026,76.9076,0.323288,20.7707,20.8899,0.119248
05-May-2026,81.7143,0.323288,16.4836,16.5605,0.0769059
05-May-2026,86.5211,0.323288,12.4938,12.4578,0.0360482
05-May-2026,91.3278,0.323288,8.92263,8.69225,0.23038
05-May-2026,96.1345,0.323288,5.89845,5.4246,0.473851
05-May-2026,100.941,0.323288,3.53008,2.86939,0.66069
05-May-2026,105.748,0.323288,1.86743,1.21969,0.647737
05-May-2026,110.555,0.323288,0.859165,0.424289,0.434876
05-May-2026,115.361,0.323288,0.345533,0.134936,0.210597
05-May-2026,76.9076,0.405479,21.3358,21.3702,0.0343934
05-May-2026,81.7143,0.405479,17.1847,17.1261,0.0585812
05-May-2026,86.5211,0.405479,13.3295,13.1121,0.217401
05-May-2026,91.3278,0.405479,9.86334,9.42543,0.437911
05-May-2026,96.1345,0.405479,6.88069,6.19885,0.68184
05-May-2026,100.941,0.405479,4.46165,3.59825,0.8634
05-May-2026,105.748,0.405479,2.64976,1.77512,0.87464
05-May-2026,110.555,0.405479,1.42609,0.739976,0.686114
05-May-2026,115.361,0.405479,0.695956,0.276069,0.419887
05-May-2026,76.9076,0.487671,21.9858,21.8826,0.103208
05-May-2026,81.7143,0.487671,17.9637,17.7205,0.243238
05-May-2026,86.5211,0.487671,14.2298,13.7903,0.43947
05-May-2026,91.3278,0.487671,10.8562,10.1776,0.678561
05-May-2026,96.1345,0.487671,7.91332,6.99221,0.921115
05-May-2026,100.941,0.487671,5.46103,4.36334,1.09769
05-May-2026,105.748,0.487671,3.535,2.40849,1.12651
05-May-2026,110.555,0.487671,2.13141,1.16121,0.970204
05-May-2026,115.361,0.487671,1.19579,0.500419,0.695371
05-May-2026,76.9076,0.572603,22.6111,22.3495,0.26161
05-May-2026,81.7143,0.572603,18.6947,18.2563,0.438419
05-May-2026,86.5211,0.572603,15.0572,14.3956,0.661598
05-May-2026,91.3278,0.572603,11.7564,10.8435,0.912866
05-May-2026,96.1345,0.572603,8.8477,7.69334,1.15436
05-May-2026,100.941,0.572603,6.37765,5.04997,1.32768
05-May-2026,105.748,0.572603,4.37553,3.00758,1.36795
05-May-2026,110.555,0.572603,2.84333,1.60454,1.23879
05-May-2026,115.361,0.572603,1.74761,0.772451,0.975159
05-May-2026,76.9076,0.657534,23.3057,22.8478,0.457933
05-May-2026,81.7143,0.657534,19.492,18.8234,0.668647
05-May-2026,86.5211,0.657534,15.9464,15.0309,0.915462
05-May-2026,91.3278,0.657534,12.7151,11.5379,1.17724
05-May-2026,96.1345,0.657534,9.84148,8.42311,1.41837
05-May-2026,100.941,0.657534,7.36181,5.77202,1.58979
05-May-2026,105.748,0.657534,5.29954,3.65992,1.63962
05-May-2026,110.555,0.657534,3.65898,2.12372,1.53526
05-May-2026,115.361,0.657534,2.4198,1.12748,1.29232
05-May-2026,76.9076,0.736986,23.8868,23.2525,0.634272
05-May-2026,81.7143,0.736986,20.1503,19.2809,0.869384
05-May-2026,86.5211,0.736986,16.6728,15.5402,1.13261
05-May-2026,91.3278,0.736986,13.4932,12.0914,1.4018
05-May-2026,96.1345,0.736986,10.6474,9.00396,1.64344
05-May-2026,100.941,0.736986,8.16528,6.35075,1.81453
05-May-2026,105.748,0.736986,6.06624,4.19515,1.87109
05-May-2026,110.555,0.736986,4.3551,2.5711,1.784
05-May-2026,115.361,0.736986,3.01794,1.45794,1.56
05-May-2026,76.9076,0.813699,24.4847,23.6601,0.82459
05-May-2026,81.7143,0.813699,20.8211,19.7392,1.0819
05-May-2026,86.5211,0.813699,17.4074,16.0475,1.35986
05-May-2026,91.3278,0.813699,14.2766,12.6405,1.63606
05-May-2026,96.1345,0.813699,11.4585,9.57942,1.87908
05-May-2026,100.941,0.813699,8.97757,6.92681,2.05076
05-May-2026,105.748,0.813699,6.85006,4.7364,2.11366
05-May-2026,110.555,0.813699,5.08057,3.03863,2.04194
05-May-2026,115.361,0.813699,3.65934,1.82227,1.83707
05-May-2026,76.9076,0.90411,25.1875,24.1299,1.05759
05-May-2026,81.7143,0.90411,21.6026,20.2647,1.33793
05-May-2026,86.5211,0.90411,18.2576,16.6263,1.63128
05-May-2026,91.3278,0.90411,15.1797,13.2645,1.91523
05-May-2026,96.1345,0.90411,12.393,10.2323,2.16065
05-May-2026,100.941,0.90411,9.91736,7.583,2.33436
05-May-2026,105.748,0.90411,7.76559,5.36113,2.40446
05-May-2026,110.555,0.90411,5.9418,3.59319,2.34861
05-May-2026,115.361,0.90411,4.43922,2.27431,2.16491
06-May-2026,76.6072,0.00547945,19.1645,19.1645,2.49731e-05
06-May-2026,81.3951,0.00547945,14.3774,14.3774,2.02756e-05
06-May-2026,86.1831,0.00547945,9.59021,9.59022,5.59472e-06
06-May-2026,90.971,0.00547945,4.80312,4.80323,0.000113872
06-May-2026,95.759,0.00547945,0.515599,0.541713,0.0261142
06-May-2026,100.547,0.00547945,9.45009e-06,2.66942e-05,1.72441e-05
06-May-2026,105.335,0.00547945,1.64601e-15,1.97766e-15,3.31648e-16
06-May-2026,110.123,0.00547945,1.66659e-15,9.26148e-16,7.40442e-16
06-May-2026,114.911,0.00547945,1.66614e-15,8.857e-16,7.8044e-16
06-May-2026,76.6072,0.0246575,19.2345,19.2345,2.46037e-05
06-May-2026,81.3951,0.0246575,14.4517,14.4519,0.000150967
06-May-2026,86.1831,0.0246575,9.67286,9.67508,0.00221613
06-May-2026,90.971,0.0246575,5.00807,5.03027,0.0221958
06-May-2026,95.759,0.0246575,1.3616,1.41207,0.0504738
06-May-2026,100.547,0.0246575,0.0891976,0.108284,0.019086
06-May-2026,105.335,0.0246575,0.000511068,0.00124732,0.000736255
06-May-2026,110.123,0.0246575,1.48216e-07,2.54082e-06,2.39261e-06
06-May-2026,114.911,0.0246575,3.57072e-12,1.68263e-09,1.67906e-09
06-May-2026,76.6072,0.0438356,19.2917,19.2918,0.000112367
06-May-2026,81.3951,0.0438356,14.5144,14.5157,0.00133369
06-May-2026,86.1831,0.0438356,9.76647,9.77584,0.00937285
06-May-2026,90.971,0.0438356,5.26676,5.29976,0.0330018
06-May-2026,95.759,0.0438356,1.8079,1.85706,0.049157
06-May-2026,100.547,0.0438356,0.264997,0.295376,0.0303793
06-May-2026,105.335,0.0438356,0.00990277,0.0159818,0.00607898
06-May-2026,110.123,0.0438356,7.04845e-05,0.000328599,0.000258115
06-May-2026,114.911,0.0438356,1.23422e-07,3.61021e-06,3.48678e-06
06-May-2026,76.6072,0.0630137,19.3629,19.3637,0.000845071
06-May-2026,81.3951,0.0630137,14.6014,14.6062,0.0047936
06-May-2026,86.1831,0.0630137,9.92059,9.93686,0.016271
06-May-2026,90.971,0.0630137,5.59616,5.62852,0.0323598
06-May-2026,95.759,0.0630137,2.26238,2.29878,0.036398
06-May-2026,100.547,0.0630137,0.517966,0.547797,0.029831
06-May-2026,105.335,0.0630137,0.0497852,0.0648905,0.0151053
06-May-2026,110.123,0.0630137,0.00169017,0.00414755,0.00245738
06-May-2026,114.911,0.0630137,2.35268e-05,0.00017806,0.000154534
06-May-2026,76.6072,0.0821918,19.4241,19.4262,0.00213796
06-May-2026,81.3951,0.0821918,14.685,14.6924,0.00739546
06-May-2026,86.1831,0.0821918,10.0695,10.0866,0.0170551
06-May-2026,90.971,0.0821918,5.86183,5.88556,0.0237308
06-May-2026,95.759,0.0821918,2.59315,2.61298,0.0198337
06-May-2026,100.547,0.0821918,0.73498,0.755738,0.0207577
06-May-2026,105.335,0.0821918,0.107787,0.127339,0.0195518
06-May-2026,110.123,0.0821918,0.00722044,0.0133654,0.00614498
06-May-2026,114.911,0.0821918,0.000245585,0.00103449,0.000788902
06-May-2026,76.6072,0.150685,19.7113,19.712,0.000718478
06-May-2026,81.3951,0.150685,15.1064,15.1014,0.00502275
06-May-2026,86.1831,0.150685,10.7375,10.7151,0.0224155
06-May-2026,90.971,0.150685,6.83576,6.78281,0.0529516
06-May-2026,95.759,0.150685,3.70225,3.62505,0.0772008
06-May-2026,100.547,0.150685,1.58663,1.52777,0.05886
06-May-2026,105.335,0.150685,0.493793,0.485751,0.00804205
06-May-2026,110.123,0.150685,0.105884,0.120397,0.014513
06-May-2026,114.911,0.150685,0.0162448,0.0253532,0.00910841
06-May-2026,76.6072,0.235616,20.1716,20.132,0.0395584
06-May-2026,81.3951,0.235616,15.7498,15.6703,0.0795369
06-May-2026,86.1831,0.235616,11.6149,11.477,0.137925
06-May-2026,90.971,0.235616,7.92996,7.72788,0.202084
06-May-2026,95.759,0.235616,4.87698,4.63772,0.239262
06-May-2026,100.547,0.235616,2.60666,2.39572,0.210936
06-May-2026,105.335,0.235616,1.16305,1.04171,0.121337
06-May-2026,110.123,0.235616,0.421817,0.386288,0.0355293
06-May-2026,114.911,0.235616,0.125846,0.127945,0.00209928
06-May-2026,76.6072,0.320548,20.7122,20.5852,0.126961
06-May-2026,81.3951,0.320548,16.4533,16.2483,0.204969
06-May-2026,86.1831,0.320548,12.4934,12.195,0.298399
06-May-2026,90.971,0.320548,8.9514,8.56599,0.385411
06-May-2026,95.759,0.320548,5.95118,5.52116,0.430019
06-May-2026,100.547,0.320548,3.59585,3.19842,0.397429
06-May-2026,105.335,0.320548,1.93102,1.6426,0.288416
06-May-2026,110.123,0.320548,0.907161,0.751205,0.155956
06-May-2026,114.911,0.320548,0.373838,0.313765,0.0600727
06-May-2026,76.6072,0.40274,21.2862,21.037,0.249217
06-May-2026,81.3951,0.40274,17.1643,16.8027,0.361591
06-May-2026,86.1831,0.40274,13.3392,12.8567,0.482525
06-May-2026,90.971,0.40274,9.90178,9.31604,0.585743
06-May-2026,95.759,0.40274,6.94273,6.3069,0.635828
06-May-2026,100.547,0.40274,4.53785,3.93535,0.6025
06-May-2026,105.335,0.40274,2.72707,2.24232,0.484752
06-May-2026,110.123,0.40274,1.49151,1.16778,0.323725
06-May-2026,114.911,0.40274,0.742057,0.563709,0.178348
06-May-2026,76.6072,0.484932,21.9454,21.5309,0.414534
06-May-2026,81.3951,0.484932,17.953,17.3931,0.559926
06-May-2026,86.1831,0.484932,14.2491,13.5438,0.70531
06-May-2026,90.971,0.484932,10.9035,10.0812,0.822346
06-May-2026,95.759,0.484932,7.98392,7.10577,0.878145
06-May-2026,100.547,0.484932,5.54668,4.69996,0.84672
06-May-2026,105.335,0.484932,3.6246,2.89852,0.726076
06-May-2026,110.123,0.484932,2.21313,1.66579,0.547337
06-May-2026,114.911,0.484932,1.26074,0.898712,0.362028
06-May-2026,76.6072,0.569863,22.5786,21.9873,0.591262
06-May-2026,81.3951,0.569863,18.6921,17.9286,0.763475
06-May-2026,86.1831,0.569863,15.0842,14.1564,0.927802
06-May-2026,90.971,0.569863,11.8109,10.7551,1.05583
06-May-2026,95.759,0.569863,8.92516,7.80788,1.11728
06-May-2026,100.547,0.569863,6.4708,5.38126,1.08954
06-May-2026,105.335,0.569863,4.47471,3.50457,0.970141
06-May-2026,110.123,0.569863,2.9379,2.15455,0.783353
06-May-2026,114.911,0.569863,1.82849,1.25551,0.572975
06-May-2026,76.6072,0.654795,23.281,22.4785,0.802461
06-May-2026,81.3951,0.654795,19.4972,18.4969,1.00028
06-May-2026,86.1831,0.654795,15.9808,14.7982,1.18258
06-May-2026,90.971,0.654795,12.7764,11.4549,1.32151
06-May-2026,95.759,0.654795,9.92547,8.53577,1.3897
06-May-2026,100.547,0.654795,7.46204,6.09446,1.36758
06-May-2026,105.335,0.654795,5.4076,4.15517,1.25243
06-May-2026,110.123,0.654795,3.76546,2.7024,1.06306
06-May-2026,114.911,0.654795,2.51596,1.68021,0.835751
06-May-2026,76.6072,0.734247,23.868,22.8795,0.988528
06-May-2026,81.3951,0.734247,20.1612,18.9559,1.20529
06-May-2026,86.1831,0.734247,16.7125,15.3117,1.40083
06-May-2026,90.971,0.734247,13.5595,12.011,1.54845
06-May-2026,95.759,0.734247,10.7362,9.11349,1.62271
06-May-2026,100.547,0.734247,8.27068,6.66441,1.60627
06-May-2026,105.335,0.734247,6.18068,4.68444,1.49624
06-May-2026,110.123,0.734247,4.47007,3.16192,1.30815
06-May-2026,114.911,0.734247,3.12519,2.05217,1.07302
06-May-2026,76.6072,0.810959,24.4715,23.2843,1.18719
06-May-2026,81.3951,0.810959,20.8373,19.4157,1.42161
06-May-2026,86.1831,0.810959,17.4521,15.8224,1.62975
06-May-2026,90.971,0.810959,14.3475,12.5615,1.786
06-May-2026,95.759,0.810959,11.5517,9.68473,1.86697
06-May-2026,100.547,0.810959,9.0877,7.23069,1.85701
06-May-2026,105.335,0.810959,6.97028,5.21691,1.75337
06-May-2026,110.123,0.810959,5.20317,3.63429,1.56888
06-May-2026,114.911,0.810959,3.77661,2.44649,1.33012
06-May-2026,76.6072,0.90137,25.1801,23.7519,1.42823
06-May-2026,81.3951,0.90137,21.6245,19.9428,1.68173
06-May-2026,86.1831,0.90137,18.3076,16.4039,1.90365
06-May-2026,90.971,0.90137,15.2554,13.1856,2.0698
06-May-2026,95.759,0.90137,12.4909,10.3318,2.15913
06-May-2026,100.547,0.90137,10.0324,7.87481,2.15759
06-May-2026,105.335,0.90137,7.89178,5.82918,2.0626
06-May-2026,110.123,0.90137,6.07219,4.18769,1.8845
06-May-2026,114.911,0.90137,4.56677,2.92103,1.64574
07-May-2026,90.7079,0.00273973,4.78175,4.78175,2.04763e-06
07-May-2026,95.482,0.00273973,0.362886,0.380738,0.0178521
07-May-2026,100.256,0.00273973,3.84162e-09,8.84593e-09,5.00431e-09
07-May-2026,76.3856,0.0219178,19.1736,19.1736,4.74585e-05
07-May-2026,81.1597,0.0219178,14.4044,14.4044,3.2037e-05
07-May-2026,85.9338,0.0219178,9.63782,9.63939,0.00157291
07-May-2026,90.7079,0.0219178,4.97015,4.98905,0.0188968
07-May-2026,95.482,0.0219178,1.30717,1.3528,0.0456251
07-May-2026,100.256,0.0219178,0.0750103,0.090782,0.0157717
07-May-2026,105.03,0.0219178,0.000312195,0.000775613,0.000463418
07-May-2026,109.804,0.0219178,5.16605e-08,1.00095e-06,9.49294e-07
07-May-2026,114.578,0.0219178,5.6809e-13,3.7853e-10,3.77962e-10
07-May-2026,76.3856,0.0410959,19.2316,19.2316,3.79408e-05
07-May-2026,81.1597,0.0410959,14.4674,14.4684,0.00101506
07-May-2026,85.9338,0.0410959,9.72916,9.73715,0.00798893
07-May-2026,90.7079,0.0410959,5.22766,5.25696,0.0292963
07-May-2026,95.482,0.0410959,1.76659,1.81004,0.0434482
07-May-2026,100.256,0.0410959,0.24751,0.273609,0.0260988
07-May-2026,105.03,0.0410959,0.00839961,0.0133494,0.00494974
07-May-2026,109.804,0.0410959,5.06247e-05,0.00023532,0.000184695
07-May-2026,114.578,0.0410959,6.99148e-08,2.14249e-06,2.07257e-06
07-May-2026,76.3856,0.060274,19.3034,19.3041,0.000715724
07-May-2026,81.1597,0.060274,14.5542,14.5583,0.00411719
07-May-2026,85.9338,0.060274,9.88175,9.89598,0.0142341
07-May-2026,90.7079,0.060274,5.55947,5.58712,0.0276499
07-May-2026,95.482,0.060274,2.22997,2.25902,0.0290538
07-May-2026,100.256,0.060274,0.50147,0.525256,0.0237863
07-May-2026,105.03,0.060274,0.046591,0.0594024,0.0128114
07-May-2026,109.804,0.060274,0.00149243,0.00354983,0.0020574
07-May-2026,114.578,0.060274,1.90342e-05,0.000140462,0.000121428
07-May-2026,76.3856,0.0794521,19.365,19.3669,0.00185415
07-May-2026,81.1597,0.0794521,14.6376,14.644,0.00644885
07-May-2026,85.9338,0.0794521,10.0306,10.045,0.0143741
07-May-2026,90.7079,0.0794521,5.82779,5.84568,0.0178877
07-May-2026,95.482,0.0794521,2.56594,2.57685,0.0109073
07-May-2026,100.256,0.0794521,0.720593,0.733484,0.0128906
07-May-2026,105.03,0.0794521,0.104028,0.120073,0.0160455
07-May-2026,109.804,0.0794521,0.00678186,0.0120945,0.0053126
07-May-2026,114.578,0.0794521,0.0002207,0.00089073,0.00067003
07-May-2026,76.3856,0.147945,19.6538,19.6533,0.000486192
07-May-2026,81.1597,0.147945,15.0608,15.0528,0.00799436
07-May-2026,85.9338,0.147945,10.7032,10.6743,0.0289015
07-May-2026,90.7079,0.147945,6.81239,6.74783,0.0645587
07-May-2026,95.482,0.147945,3.68975,3.59624,0.0935066
07-May-2026,100.256,0.147945,1.58307,1.50759,0.0754815
07-May-2026,105.03,0.147945,0.49429,0.475151,0.0191387
07-May-2026,109.804,0.147945,0.106436,0.116367,0.00993061
07-May-2026,114.578,0.147945,0.0163442,0.0241584,0.00781425
07-May-2026,76.3856,0.232877,20.1182,20.0749,0.0433255
07-May-2026,81.1597,0.232877,15.7104,15.6234,0.0870428
07-May-2026,85.9338,0.232877,11.5899,11.4388,0.151115
07-May-2026,90.7079,0.232877,7.91926,7.69687,0.222393
07-May-2026,95.482,0.232877,4.87916,4.61317,0.26599
07-May-2026,100.256,0.232877,2.6175,2.37768,0.239822
07-May-2026,105.03,0.232877,1.17571,1.0302,0.14551
07-May-2026,109.804,0.232877,0.430473,0.380193,0.0502805
07-May-2026,114.578,0.232877,0.129687,0.125219,0.00446842
07-May-2026,76.3856,0.317808,20.665,20.5301,0.1349
07-May-2026,81.1597,0.317808,16.4222,16.2036,0.218597
07-May-2026,85.9338,0.317808,12.4789,12.1593,0.319574
07-May-2026,90.7079,0.317808,8.95314,8.53781,0.415326
07-May-2026,95.482,0.317808,5.96712,5.49931,0.467814
07-May-2026,100.256,0.317808,3.62118,3.1821,0.43908
07-May-2026,105.03,0.317808,1.95832,1.63129,0.32703
07-May-2026,109.804,0.317808,0.929092,0.744203,0.184889
07-May-2026,114.578,0.317808,0.387216,0.309929,0.0772866
07-May-2026,76.3856,0.4,21.2463,20.984,0.262345
07-May-2026,81.1597,0.4,17.1422,16.7601,0.382069
07-May-2026,85.9338,0.4,13.3354,12.8232,0.512185
07-May-2026,90.7079,0.4,9.91555,9.29009,0.62546
07-May-2026,95.482,0.4,6.97172,6.28709,0.684634
07-May-2026,100.256,0.4,4.57712,3.92053,0.656593
07-May-2026,105.03,0.4,2.76926,2.23164,0.537617
07-May-2026,109.804,0.4,1.52866,1.1606,0.368063
07-May-2026,114.578,0.4,0.768974,0.559267,0.209707
07-May-2026,76.3856,0.482192,21.9144,21.4801,0.434262
07-May-2026,81.1597,0.482192,17.9414,17.3528,0.588643
07-May-2026,85.9338,0.482192,14.2571,13.5125,0.744563
07-May-2026,90.7079,0.482192,10.9303,10.0573,0.872979
07-May-2026,95.482,0.482192,8.02682,7.08788,0.938945
07-May-2026,100.256,0.482192,5.60085,4.68668,0.914173
07-May-2026,105.03,0.482192,3.683,2.88881,0.79419
07-May-2026,109.804,0.482192,2.26775,1.65891,0.608836
07-May-2026,114.578,0.482192,1.30508,0.894089,0.410991
07-May-2026,76.3856,0.567123,22.5563,21.9387,0.617597
07-May-2026,81.1597,0.567123,18.6904,17.8903,0.800079
07-May-2026,85.9338,0.567123,15.1032,14.1271,0.976141
07-May-2026,90.7079,0.567123,11.8496,10.733,1.11657
07-May-2026,95.482,0.567123,8.98071,7.79162,1.18909
07-May-2026,100.256,0.567123,6.5385,5.36937,1.16913
07-May-2026,105.03,0.567123,4.54789,3.4959,1.05199
07-May-2026,109.804,0.567123,3.0088,2.14828,0.860521
07-May-2026,114.578,0.567123,1.89008,1.2511,0.638983
07-May-2026,76.3856,0.652055,23.2685,22.4321,0.836386
07-May-2026,81.1597,0.652055,19.5065,18.4607,1.04578
07-May-2026,85.9338,0.652055,16.0117,14.7709,1.24084
07-May-2026,90.7079,0.652055,12.8277,11.4347,1.39301
07-May-2026,95.482,0.652055,9.99443,8.52119,1.47324
07-May-2026,100.256,0.652055,7.54403,6.08407,1.45996
07-May-2026,105.03,0.652055,5.49637,4.14774,1.34863
07-May-2026,109.804,0.652055,3.85367,2.69703,1.15664
07-May-2026,114.578,0.652055,2.59647,1.67634,0.920135
07-May-2026,76.3856,0.731507,23.8638,22.8348,1.02898
07-May-2026,81.1597,0.731507,20.1796,18.9214,1.25821
07-May-2026,85.9338,0.731507,16.7532,15.2859,1.46732
07-May-2026,90.7079,0.731507,13.6211,11.9923,1.62879
07-May-2026,95.482,0.731507,10.816,9.10027,1.71573
07-May-2026,100.256,0.731507,8.36412,6.65526,1.70886
07-May-2026,105.03,0.731507,6.28192,4.67809,1.60383
07-May-2026,109.804,0.731507,4.57214,3.15744,1.4147
07-May-2026,114.578,0.731507,3.22106,2.04894,1.17212
07-May-2026,76.3856,0.808219,24.4757,23.2414,1.23427
07-May-2026,81.1597,0.808219,20.8649,19.3828,1.48206
07-May-2026,85.9338,0.808219,17.5026,15.7981,1.70448
07-May-2026,90.7079,0.808219,14.4193,12.5442,1.87508
07-May-2026,95.482,0.808219,11.6421,9.67286,1.96924
07-May-2026,100.256,0.808219,9.19249,7.2228,1.96969
07-May-2026,105.03,0.808219,7.08384,5.21171,1.87213
07-May-2026,109.804,0.808219,5.31891,3.6308,1.68811
07-May-2026,114.578,0.808219,3.88774,2.44406,1.44368
07-May-2026,76.3856,0.89863,25.1941,23.711,1.48309
07-May-2026,81.1597,0.89863,21.6626,19.9118,1.75078
07-May-2026,85.9338,0.89863,18.3692,16.3815,1.9877
07-May-2026,90.7079,0.89863,15.3388,13.17,2.16881
07-May-2026,95.482,0.89863,12.5935,10.3215,2.27202
07-May-2026,100.256,0.89863,10.1501,7.8684,2.2817
07-May-2026,105.03,0.89863,8.01921,5.82536,2.19385
07-May-2026,109.804,0.89863,6.20329,4.18545,2.01784
07-May-2026,114.578,0.89863,4.69506,2.91967,1.77539
08-May-2026,75.9883,0.0191781,19.0642,19.0642,4.89536e-05
08-May-2026,80.7376,0.0191781,14.3192,14.3191,5.00599e-05
08-May-2026,85.4868,0.0191781,9.57587,9.57501,0.000862381
08-May-2026,90.2361,0.0191781,4.91707,4.88675,0.0303162
08-May-2026,94.9854,0.0191781,1.24697,1.11174,0.135226
08-May-2026,99.7346,0.0191781,0.0617187,0.0300947,0.031624
08-May-2026,104.484,0.0191781,0.000179907,3.60848e-05,0.000143822
08-May-2026,109.233,0.0191781,1.59064e-08,4.54426e-09,1.13621e-08
08-May-2026,113.982,0.0191781,8.34933e-14,1.79532e-13,9.60386e-14
08-May-2026,75.9883,0.0383562,19.1191,19.1192,6.10365e-05
08-May-2026,80.7376,0.0383562,14.3787,14.3781,0.000582402
08-May-2026,85.4868,0.0383562,9.66108,9.65097,0.0101085
08-May-2026,90.2361,0.0383562,5.16962,5.09284,0.0767781
08-May-2026,94.9854,0.0383562,1.71815,1.52655,0.191596
08-May-2026,99.7346,0.0383562,0.22986,0.137675,0.0921853
08-May-2026,104.484,0.0383562,0.00708897,0.00246934,0.00461963
08-May-2026,109.233,0.0383562,3.6249e-05,1.39532e-05,2.22958e-05
08-May-2026,113.982,0.0383562,3.94176e-08,4.36714e-08,4.2538e-09
08-May-2026,75.9883,0.0575342,19.1872,19.1868,0.000439657
08-May-2026,80.7376,0.0575342,14.4607,14.4558,0.00491991
08-May-2026,85.4868,0.0575342,9.80769,9.77406,0.0336342
08-May-2026,90.2361,0.0575342,5.50011,5.36816,0.131946
08-May-2026,94.9854,0.0575342,2.1878,1.93561,0.252186
08-May-2026,99.7346,0.0575342,0.483504,0.318125,0.165379
08-May-2026,104.484,0.0575342,0.0435779,0.0193244,0.0242535
08-May-2026,109.233,0.0575342,0.00132674,0.000579424,0.000747316
08-May-2026,113.982,0.0575342,1.56324e-05,1.21215e-05,3.51089e-06
08-May-2026,75.9883,0.0767123,19.2456,19.2437,0.00190785
08-May-2026,80.7376,0.0767123,14.5404,14.5274,0.013014
08-May-2026,85.4868,0.0767123,9.95305,9.89387,0.0591834
08-May-2026,90.2361,0.0767123,5.76821,5.59245,0.175761
08-May-2026,94.9854,0.0767123,2.52666,2.22788,0.298779
08-May-2026,99.7346,0.0767123,0.703445,0.481743,0.221702
08-May-2026,104.484,0.0767123,0.100286,0.0491613,0.0511247
08-May-2026,109.233,0.0767123,0.00640517,0.00294441,0.00346076
08-May-2026,113.982,0.0767123,0.000201111,0.000134545,6.65656e-05
08-May-2026,75.9883,0.0958904,19.3085,19.3033,0.00522467
08-May-2026,80.7376,0.0958904,14.632,14.6069,0.0251327
08-May-2026,85.4868,0.0958904,10.1131,10.0247,0.0884299
08-May-2026,90.2361,0.0958904,6.03036,5.81134,0.219024
08-May-2026,94.9854,0.0958904,2.83983,2.49585,0.343984
08-May-2026,99.7346,0.0958904,0.926629,0.651309,0.27532
08-May-2026,104.484,0.0958904,0.178386,0.0932926,0.0850934
08-May-2026,109.233,0.0958904,0.0183192,0.00870419,0.00961501
08-May-2026,113.982,0.0958904,0.00107284,0.000653685,0.000419155
08-May-2026,75.9883,0.145205,19.5227,19.4946,0.0281178
08-May-2026,80.7376,0.145205,14.9525,14.8724,0.080059
08-May-2026,85.4868,0.145205,10.6186,10.4324,0.186205
08-May-2026,90.2361,0.145205,6.75302,6.40916,0.343863
08-May-2026,94.9854,0.145205,3.65598,3.18464,0.471344
08-May-2026,99.7346,0.145205,1.57041,1.14998,0.420427
08-May-2026,104.484,0.145205,0.492577,0.285999,0.206578
08-May-2026,109.233,0.145205,0.106871,0.0537607,0.0531103
08-May-2026,113.982,0.145205,0.0165116,0.00875174,0.00775986
08-May-2026,75.9883,0.230137,19.9767,19.866,0.110725
08-May-2026,80.7376,0.230137,15.5945,15.3771,0.217392
08-May-2026,85.4868,0.230137,11.5018,11.1273,0.374484
08-May-2026,90.2361,0.230137,7.8606,7.30511,0.555494
08-May-2026,94.9854,0.230137,4.849,4.16717,0.681826
08-May-2026,99.7346,0.230137,2.61016,1.96256,0.6476
08-May-2026,104.484,0.230137,1.18063,0.741737,0.438893
08-May-2026,109.233,0.230137,0.437039,0.233073,0.203966
08-May-2026,113.982,0.230137,0.133347,0.0657457,0.0676013
08-May-2026,75.9883,0.315068,20.5167,20.2781,0.238556
08-May-2026,80.7376,0.315068,16.3022,15.9102,0.391996
08-May-2026,85.4868,0.315068,12.3896,11.8061,0.583503
08-May-2026,90.2361,0.315068,8.89571,8.11958,0.776131
08-May-2026,94.9854,0.315068,5.94004,5.04017,0.899872
08-May-2026,99.7346,0.315068,3.61877,2.7431,0.875673
08-May-2026,104.484,0.315068,1.9706,1.28584,0.684757
08-May-2026,109.233,0.315068,0.944741,0.525817,0.418924
08-May-2026,113.982,0.315068,0.39887,0.195684,0.203186
08-May-2026,75.9883,0.39726,21.0938,20.6986,0.395217
08-May-2026,80.7376,0.39726,17.0203,16.4342,0.586113
08-May-2026,85.4868,0.39726,13.2461,12.4447,0.801396
08-May-2026,90.2361,0.39726,9.85978,8.85885,1.00093
08-May-2026,94.9854,0.39726,6.94764,5.82447,1.12317
08-May-2026,99.7346,0.39726,4.5793,3.47265,1.10665
08-May-2026,104.484,0.39726,2.78848,1.85501,0.93347
08-May-2026,109.233,0.39726,1.55383,0.891426,0.662404
08-May-2026,113.982,0.39726,0.791041,0.394332,0.396709
08-May-2026,75.9883,0.479452,21.7592,21.1663,0.592907
08-May-2026,80.7376,0.479452,17.8187,17.0015,0.817205
08-May-2026,85.4868,0.479452,14.1688,13.1165,1.05226
08-May-2026,90.2361,0.479452,10.8767,9.61926,1.25744
08-May-2026,94.9854,0.479452,8.00611,6.62617,1.37994
08-May-2026,99.7346,0.479452,5.60784,4.23656,1.37128
08-May-2026,104.484,0.479452,3.70933,2.49352,1.21581
08-May-2026,109.233,0.479452,2.303,1.35166,0.95134
08-May-2026,113.982,0.479452,1.33953,0.682776,0.656754
08-May-2026,75.9883,0.564384,22.3999,21.604,0.795925
08-May-2026,80.7376,0.564384,18.568,17.5218,1.04621
08-May-2026,85.4868,0.564384,15.0164,13.7203,1.29607
08-May-2026,90.2361,0.564384,11.7984,10.2921,1.50632
08-May-2026,94.9854,0.564384,8.9632,7.33249,1.63071
08-May-2026,99.7346,0.564384,6.54981,4.92028,1.62953
08-May-2026,104.484,0.564384,4.58037,3.09122,1.48915
08-May-2026,109.233,0.564384,3.05283,1.81708,1.23575
08-May-2026,113.982,0.564384,1.93593,1.0057,0.930225
08-May-2026,75.9883,0.649315,23.1118,22.079,1.03275
08-May-2026,80.7376,0.649315,19.3851,18.0778,1.30727
08-May-2026,85.4868,0.649315,15.9269,14.3559,1.57101
08-May-2026,90.2361,0.649315,12.7794,10.9923,1.7871
08-May-2026,94.9854,0.649315,9.98044,8.06524,1.9152
08-May-2026,99.7346,0.649315,7.55987,5.63729,1.92258
08-May-2026,104.484,0.649315,5.53509,3.73751,1.79758
08-May-2026,109.233,0.649315,3.90648,2.34804,1.55844
08-May-2026,113.982,0.649315,2.65405,1.40236,1.25169
08-May-2026,75.9883,0.728767,23.7074,22.469,1.23835
08-May-2026,80.7376,0.728767,20.0595,18.5289,1.53061
08-May-2026,85.4868,0.728767,16.6704,14.8656,1.80477
08-May-2026,90.2361,0.728767,13.5752,11.5492,2.026
08-May-2026,94.9854,0.728767,10.8049,8.64667,2.15823
08-May-2026,99.7346,0.728767,8.38358,6.2105,2.17308
08-May-2026,104.484,0.728767,6.32546,4.26522,2.06024
08-May-2026,109.233,0.728767,4.63161,2.79796,1.83365
08-May-2026,113.982,0.728767,3.28764,1.75656,1.53108
08-May-2026,75.9883,0.805479,24.3202,22.8643,1.4559
08-May-2026,80.7376,0.805479,20.7464,18.9819,1.76451
08-May-2026,85.4868,0.805479,17.4219,15.3733,2.04864
08-May-2026,90.2361,0.805479,14.376,12.1004,2.27561
08-May-2026,94.9854,0.805479,11.634,9.22114,2.41286
08-May-2026,99.7346,0.805479,9.21553,6.7798,2.43573
08-May-2026,104.484,0.805479,7.13203,4.79703,2.335
08-May-2026,109.233,0.805479,5.38472,3.26317,2.12155
08-May-2026,113.982,0.805479,3.96283,2.13653,1.8263
08-May-2026,75.9883,0.89589,25.04,23.3221,1.71793
08-May-2026,80.7376,0.89589,21.5462,19.5021,2.04407
08-May-2026,85.4868,0.89589,18.2911,15.9517,2.33937
08-May-2026,90.2361,0.89589,15.2986,12.725,2.57358
08-May-2026,94.9854,0.89589,12.5888,9.87115,2.71765
08-May-2026,99.7346,0.89589,10.1771,7.42683,2.75027
08-May-2026,104.484,0.89589,8.07252,5.40901,2.66351
08-May-2026,109.233,0.89589,6.27593,3.81035,2.46558
08-May-2026,113.982,0.89589,4.77931,2.59783,2.18148
11-May-2026,75.1093,0.0109589,18.8017,18.8018,0.000104787
11-May-2026,79.8037,0.0109589,14.1089,14.1089,3.01089e-05
11-May-2026,84.498,0.0109589,9.41612,9.41616,4.14538e-05
11-May-2026,89.1923,0.0109589,4.72768,4.7328,0.00512388
11-May-2026,93.8867,0.0109589,0.746595,0.806133,0.059538
11-May-2026,98.581,0.0109589,0.0019628,0.00349333,0.00153053
11-May-2026,103.275,0.0109589,2.12171e-09,1.90981e-08,1.69764e-08
11-May-2026,75.1093,0.030137,18.8688,18.8689,0.000104867
11-May-2026,79.8037,0.030137,14.1804,14.1812,0.000806824
11-May-2026,84.498,0.030137,9.50115,9.5126,0.0114456
11-May-2026,89.1923,0.030137,4.98186,5.04411,0.0622512
11-May-2026,93.8867,0.030137,1.49141,1.58703,0.0956229
11-May-2026,98.581,0.030137,0.143492,0.171187,0.0276947
11-May-2026,103.275,0.030137,0.0021402,0.00353307,0.00139287
11-May-2026,107.97,0.030137,3.11549e-06,1.54041e-05,1.22886e-05
11-May-2026,112.664,0.030137,5.67463e-10,2.54928e-08,2.49253e-08
11-May-2026,75.1093,0.0493151,18.9238,18.9247,0.00093454
11-May-2026,79.8037,0.0493151,14.2426,14.2496,0.0069794
11-May-2026,84.498,0.0493151,9.60479,9.63979,0.0350006
11-May-2026,89.1923,0.0493151,5.25467,5.34597,0.0912967
11-May-2026,93.8867,0.0493151,1.92393,2.02521,0.101282
11-May-2026,98.581,0.0493151,0.345026,0.382001,0.0369747
11-May-2026,103.275,0.0493151,0.0204412,0.0261876,0.00574637
11-May-2026,107.97,0.0493151,0.000308396,0.000712725,0.000404329
11-May-2026,112.664,0.0493151,1.34967e-06,1.09946e-05,9.64497e-06
11-May-2026,75.1093,0.0684932,18.9932,18.9985,0.00532907
11-May-2026,79.8037,0.0684932,14.3323,14.3543,0.0220446
11-May-2026,84.498,0.0684932,9.77121,9.83336,0.0621531
11-May-2026,89.1923,0.0684932,5.59257,5.69975,0.107182
11-May-2026,93.8867,0.0684932,2.37278,2.46702,0.0942358
11-May-2026,98.581,0.0684932,0.617872,0.650565,0.0326934
11-May-2026,103.275,0.0684932,0.0780859,0.0865406,0.00845475
11-May-2026,107.97,0.0684932,0.00408716,0.006264,0.00217684
11-May-2026,112.664,0.0684932,9.54208e-05,0.000313981,0.00021856
11-May-2026,75.1093,0.0876712,19.0541,19.0662,0.0120821
11-May-2026,79.8037,0.0876712,14.4198,14.456,0.0361935
11-May-2026,84.498,0.0876712,9.92864,10.0066,0.0779853
11-May-2026,89.1923,0.0876712,5.8629,5.97192,0.109017
11-May-2026,93.8867,0.0876712,2.70241,2.78316,0.0807523
11-May-2026,98.581,0.0876712,0.847005,0.867185,0.0201801
11-May-2026,103.275,0.0876712,0.152408,0.157446,0.00503815
11-May-2026,107.97,0.0876712,0.0140253,0.0177939,0.00376862
11-May-2026,112.664,0.0876712,0.000694492,0.00151595,0.000821457
11-May-2026,75.1093,0.136986,19.263,19.2994,0.0363736
11-May-2026,79.8037,0.136986,14.7343,14.7999,0.0656495
11-May-2026,84.498,0.136986,10.4362,10.5255,0.0892509
11-May-2026,89.1923,0.136986,6.6052,6.68292,0.0777174
11-May-2026,93.8867,0.136986,3.54818,3.56444,0.0162649
11-May-2026,98.581,0.136986,1.50728,1.46269,0.0445934
11-May-2026,103.275,0.136986,0.465826,0.430005,0.0358207
11-May-2026,107.97,0.136986,0.0987748,0.0944708,0.00430396
11-May-2026,112.664,0.136986,0.014656,0.0174991,0.00284313
11-May-2026,75.1093,0.221918,19.7141,19.7638,0.049681
11-May-2026,79.8037,0.221918,15.378,15.4292,0.0511811
11-May-2026,84.498,0.221918,11.3305,11.3543,0.023759
11-May-2026,89.1923,0.221918,7.73448,7.68967,0.0448065
11-May-2026,93.8867,0.221918,4.76709,4.62704,0.140053
11-May-2026,98.581,0.221918,2.56695,2.36309,0.203864
11-May-2026,103.275,0.221918,1.16403,0.988316,0.175714
11-May-2026,107.97,0.221918,0.432633,0.344266,0.0883666
11-May-2026,112.664,0.221918,0.132213,0.107012,0.0252006
11-May-2026,75.1093,0.306849,20.2565,20.2654,0.00891557
11-May-2026,79.8037,0.306849,16.0919,16.0605,0.0314349
11-May-2026,84.498,0.306849,12.229,12.1218,0.107197
11-May-2026,89.1923,0.306849,8.78374,8.56782,0.215921
11-May-2026,93.8867,0.306849,5.87311,5.542,0.331112
11-May-2026,98.581,0.306849,3.589,3.19076,0.398238
11-May-2026,103.275,0.306849,1.96542,1.59948,0.365939
11-May-2026,107.97,0.306849,0.950066,0.70135,0.248716
11-May-2026,112.664,0.306849,0.404829,0.279853,0.124976
11-May-2026,75.1093,0.389041,20.8379,20.7607,0.0771993
11-May-2026,79.8037,0.389041,16.8166,16.6581,0.158537
11-May-2026,84.498,0.389041,13.0942,12.8209,0.273347
11-May-2026,89.1923,0.389041,9.75758,9.34732,0.410257
11-May-2026,93.8867,0.389041,6.89052,6.35211,0.538412
11-May-2026,98.581,0.389041,4.5589,3.9498,0.609101
11-May-2026,103.275,0.389041,2.79284,2.21378,0.579064
11-May-2026,107.97,0.389041,1.56952,1.11786,0.451658
11-May-2026,112.664,0.389041,0.807239,0.51992,0.287319
11-May-2026,75.1093,0.471233,21.4788,21.2736,0.205245
11-May-2026,79.8037,0.471233,17.5866,17.2611,0.325513
11-May-2026,84.498,0.471233,13.9844,13.5108,0.473586
11-May-2026,89.1923,0.471233,10.7386,10.106,0.632626
11-May-2026,93.8867,0.471233,7.91109,7.14016,0.770926
11-May-2026,98.581,0.471233,5.55045,4.70455,0.845903
11-May-2026,103.275,0.471233,3.68143,2.86023,0.8212
11-May-2026,107.97,0.471233,2.29471,1.60065,0.694059
11-May-2026,112.664,0.471233,1.3412,0.834189,0.507011
11-May-2026,75.1093,0.556164,22.1539,21.7876,0.366269
11-May-2026,79.8037,0.556164,18.3764,17.8551,0.521325
11-May-2026,84.498,0.556164,14.8777,14.1806,0.697136
11-May-2026,89.1923,0.556164,11.7096,10.8356,0.873959
11-May-2026,93.8867,0.556164,8.91887,7.89801,1.02086
11-May-2026,98.581,0.556164,6.54221,5.44138,1.10083
11-May-2026,103.275,0.556164,4.59938,3.51625,1.08313
11-May-2026,107.97,0.556164,3.08704,2.12499,0.962051
11-May-2026,112.664,0.556164,1.97455,1.20807,0.766478
11-May-2026,75.1093,0.641096,22.8399,22.2901,0.549759
11-May-2026,79.8037,0.641096,19.1636,18.4285,0.735064
11-May-2026,84.498,0.641096,15.7545,14.8205,0.934008
11-May-2026,89.1923,0.641096,12.6537,11.5282,1.12548
11-May-2026,93.8867,0.641096,9.8974,8.61722,1.28018
11-May-2026,98.581,0.641096,7.51383,6.14809,1.36574
11-May-2026,103.275,0.641096,5.51862,4.16274,1.35588
11-May-2026,107.97,0.641096,3.91095,2.66723,1.24372
11-May-2026,112.664,0.641096,2.67064,1.62187,1.04877
11-May-2026,75.1093,0.720548,23.4696,22.738,0.731577
11-May-2026,79.8037,0.720548,19.8763,18.9351,0.941212
11-May-2026,84.498,0.720548,16.5398,15.3815,1.1583
11-May-2026,89.1923,0.720548,13.4937,12.1325,1.36125
11-May-2026,93.8867,0.720548,10.7673,9.24453,1.52277
11-May-2026,98.581,0.720548,8.38294,6.76908,1.61386
11-May-2026,103.275,0.720548,6.35323,4.74163,1.6116
11-May-2026,107.97,0.720548,4.67822,3.1694,1.50882
11-May-2026,112.664,0.720548,3.34343,2.02427,1.31916
11-May-2026,75.1093,0.79726,24.0855,23.1662,0.919294
11-May-2026,79.8037,0.79726,20.5661,19.4161,1.15001
11-May-2026,84.498,0.79726,17.2939,15.9112,1.38273
11-May-2026,89.1923,0.79726,14.2966,12.7008,1.59581
11-May-2026,93.8867,0.79726,11.5983,9.83443,1.76387
11-May-2026,98.581,0.79726,9.21693,7.35614,1.86079
11-May-2026,103.275,0.79726,7.16256,5.29632,1.86624
11-May-2026,107.97,0.79726,5.43551,3.66234,1.77317
11-May-2026,112.664,0.79726,4.02485,2.43358,1.59127
11-May-2026,75.1093,0.887671,24.7776,23.6381,1.13951
11-May-2026,79.8037,0.887671,21.3347,19.9431,1.39165
11-May-2026,84.498,0.887671,18.1286,16.4885,1.64006
11-May-2026,89.1923,0.887671,15.1821,13.3183,1.8638
11-May-2026,93.8867,0.887671,12.5144,10.4752,2.03924
11-May-2026,98.581,0.887671,10.1395,7.99656,2.14294
11-May-2026,103.275,0.887671,8.06551,5.90816,2.15735
11-May-2026,107.97,0.887671,6.29245,4.21689,2.07556
11-May-2026,112.664,0.887671,4.81198,2.90778,1.9042
12-May-2026,75.2485,0.00821918,18.8309,18.8309,3.57145e-05
12-May-2026,79.9515,0.00821918,14.129,14.129,3.70455e-05
12-May-2026,84.6545,0.00821918,9.42717,9.42721,3.98677e-05
12-May-2026,89.3576,0.00821918,4.72629,4.72704,0.00074867
12-May-2026,94.0606,0.00821918,0.63681,0.654753,0.0179426
12-May-2026,98.7636,0.00821918,0.00032423,0.000334152,9.92216e-06
12-May-2026,103.467,0.00821918,2.67126e-12,4.12534e-12,1.45408e-12
12-May-2026,108.17,0.00821918,1.50905e-15,7.65511e-16,7.43539e-16
12-May-2026,112.873,0.00821918,1.53287e-15,7.44338e-16,7.88532e-16
12-May-2026,75.2485,0.0273973,18.8996,18.8996,3.3644e-05
12-May-2026,79.9515,0.0273973,14.2022,14.2025,0.000284036
12-May-2026,84.6545,0.0273973,9.51106,9.51611,0.00504722
12-May-2026,89.3576,0.0273973,4.95795,4.98528,0.0273306
12-May-2026,94.0606,0.0273973,1.42463,1.44519,0.020558
12-May-2026,98.7636,0.0273973,0.117435,0.111345,0.00609031
12-May-2026,103.467,0.0273973,0.00120522,0.00108157,0.000123653
12-May-2026,108.17,0.0273973,9.29355e-07,1.82206e-06,8.92706e-07
12-May-2026,112.873,0.0273973,7.44412e-11,1.16043e-09,1.08599e-09
12-May-2026,75.2485,0.0465753,18.956,18.9563,0.000329805
12-May-2026,79.9515,0.0465753,14.2648,14.2683,0.00352712
12-May-2026,84.6545,0.0465753,9.61061,9.62837,0.0177605
12-May-2026,89.3576,0.0465753,5.22648,5.26417,0.037689
12-May-2026,94.0606,0.0465753,1.86588,1.87381,0.00793347
12-May-2026,98.7636,0.0465753,0.310506,0.287795,0.0227105
12-May-2026,103.467,0.0465753,0.0155969,0.0130006,0.00259633
12-May-2026,108.17,0.0465753,0.000179284,0.000215034,3.57496e-05
12-May-2026,112.873,0.0465753,5.5482e-07,2.05003e-06,1.49521e-06
12-May-2026,75.2485,0.0657534,19.0265,19.0294,0.00287351
12-May-2026,79.9515,0.0657534,14.3539,14.366,0.0121447
12-May-2026,84.6545,0.0657534,9.77315,9.80442,0.0312712
12-May-2026,89.3576,0.0657534,5.56394,5.59942,0.0354785
12-May-2026,94.0606,0.0657534,2.32149,2.30472,0.016769
12-May-2026,98.7636,0.0657534,0.579689,0.526963,0.0527264
12-May-2026,103.467,0.0657534,0.0672593,0.0535919,0.0136674
12-May-2026,108.17,0.0657534,0.00307052,0.00285016,0.000220357
12-May-2026,112.873,0.0657534,6.02892e-05,0.000106939,4.66498e-05
12-May-2026,75.2485,0.0849315,19.088,19.0949,0.00691813
12-May-2026,79.9515,0.0849315,14.4405,14.4606,0.0201349
12-May-2026,84.6545,0.0849315,9.92881,9.96547,0.0366589
12-May-2026,89.3576,0.0849315,5.83552,5.8605,0.0249796
12-May-2026,94.0606,0.0849315,2.65579,2.61345,0.0423401
12-May-2026,98.7636,0.0849315,0.808523,0.725856,0.0826667
12-May-2026,103.467,0.0849315,0.137519,0.107086,0.030433
12-May-2026,108.17,0.0849315,0.0115849,0.00957791,0.00200699
12-May-2026,112.873,0.0849315,0.000512915,0.000657163,0.000144248
12-May-2026,75.2485,0.134247,19.2977,19.3182,0.0204783
12-May-2026,79.9515,0.134247,14.754,14.7848,0.0307963
12-May-2026,84.6545,0.134247,10.4366,10.4584,0.0218033
12-May-2026,89.3576,0.134247,6.58522,6.55057,0.0346542
12-May-2026,94.0606,0.134247,3.51461,3.38014,0.134466
12-May-2026,98.7636,0.134247,1.47468,1.28864,0.186038
12-May-2026,103.467,0.134247,0.446182,0.334711,0.111471
12-May-2026,108.17,0.134247,0.0916417,0.0640443,0.0275974
12-May-2026,112.873,0.134247,0.0130501,0.0104705,0.00257964
12-May-2026,75.2485,0.219178,19.7521,19.7656,0.0134954
12-May-2026,79.9515,0.219178,15.4027,15.3908,0.0119002
12-May-2026,84.6545,0.219178,11.3414,11.2639,0.0774841
12-May-2026,89.3576,0.219178,7.73297,7.54182,0.191149
12-May-2026,94.0606,0.219178,4.75726,4.434,0.323261
12-May-2026,98.7636,0.219178,2.55462,2.16638,0.388239
12-May-2026,103.467,0.219178,1.15406,0.844338,0.309722
12-May-2026,108.17,0.219178,0.426711,0.270849,0.155862
12-May-2026,112.873,0.219178,0.12944,0.0780342,0.0514058
12-May-2026,75.2485,0.30411,20.3024,20.2554,0.0470163
12-May-2026,79.9515,0.30411,16.1284,16.0094,0.119036
12-May-2026,84.6545,0.30411,12.2569,12.0218,0.235091
12-May-2026,89.3576,0.30411,8.80493,8.4169,0.388027
12-May-2026,94.0606,0.30411,5.88977,5.35105,0.538721
12-May-2026,98.7636,0.30411,3.60296,2.98969,0.613268
12-May-2026,103.467,0.30411,1.97714,1.43117,0.545971
12-May-2026,108.17,0.30411,0.958769,0.593016,0.365753
12-May-2026,112.873,0.30411,0.409979,0.223776,0.186203
12-May-2026,75.2485,0.386301,20.8956,20.7441,0.151491
12-May-2026,79.9515,0.386301,16.8689,16.6015,0.267393
12-May-2026,84.6545,0.386301,13.1425,12.719,0.423511
12-May-2026,89.3576,0.386301,9.8034,9.19988,0.603522
12-May-2026,94.0606,0.386301,6.93481,6.16856,0.766254
12-May-2026,98.7636,0.386301,4.60136,3.75277,0.848591
12-May-2026,103.467,0.386301,2.83146,2.036,0.795464
12-May-2026,108.17,0.386301,1.60127,0.986652,0.614618
12-May-2026,112.873,0.386301,0.829928,0.439349,0.390579
12-May-2026,75.2485,0.468493,21.5522,21.2542,0.297964
12-May-2026,79.9515,0.468493,17.6585,17.2037,0.454761
12-May-2026,84.6545,0.468493,14.0564,13.4118,0.644606
12-May-2026,89.3576,0.468493,10.8118,9.96594,0.845857
12-May-2026,94.0606,0.468493,7.98543,6.96723,1.0182
12-May-2026,98.7636,0.468493,5.62427,4.51613,1.10814
12-May-2026,103.467,0.468493,3.75125,2.68139,1.06986
12-May-2026,108.17,0.468493,2.35595,1.4557,0.900251
12-May-2026,112.873,0.468493,1.3899,0.733314,0.656586
12-May-2026,75.2485,0.553425,22.2458,21.7687,0.477089
12-May-2026,79.9515,0.553425,18.4706,17.8003,0.670268
12-May-2026,84.6545,0.553425,14.9756,14.0875,0.888114
12-May-2026,89.3576,0.553425,11.8117,10.7053,1.10637
12-May-2026,94.0606,0.553425,9.02454,7.73736,1.28718
12-May-2026,98.7636,0.553425,6.64886,5.26407,1.38479
12-May-2026,103.467,0.553425,4.70267,3.34173,1.36094
12-May-2026,108.17,0.553425,3.18148,1.97394,1.20754
12-May-2026,112.873,0.553425,2.05491,1.09283,0.962079
12-May-2026,75.2485,0.638356,22.9523,22.2739,0.678431
12-May-2026,79.9515,0.638356,19.2816,18.3786,0.902994
12-May-2026,84.6545,0.638356,15.8793,14.7351,1.14417
12-May-2026,89.3576,0.638356,12.7853,11.4087,1.37661
12-May-2026,94.0606,0.638356,10.0346,8.46939,1.56521
12-May-2026,98.7636,0.638356,7.65353,5.98294,1.67059
12-May-2026,103.467,0.638356,5.65602,3.99564,1.66038
12-May-2026,108.17,0.638356,4.04008,2.51557,1.52451
12-May-2026,112.873,0.638356,2.78552,1.49804,1.28748
12-May-2026,75.2485,0.717808,23.6018,22.7255,0.876297
12-May-2026,79.9515,0.717808,20.0167,18.8908,1.12595
12-May-2026,84.6545,0.717808,16.6895,15.304,1.38547
12-May-2026,89.3576,0.717808,13.6523,12.0231,1.62918
12-May-2026,94.0606,0.717808,10.9332,9.10843,1.82477
12-May-2026,98.7636,0.717808,8.5527,6.61531,1.93739
12-May-2026,103.467,0.717808,6.52183,4.58281,1.93902
12-May-2026,108.17,0.717808,4.83949,3.02037,1.81912
12-May-2026,112.873,0.717808,3.49102,1.89667,1.59435
12-May-2026,75.2485,0.794521,24.2376,23.1582,1.07941
12-May-2026,79.9515,0.794521,20.729,19.3779,1.3511
12-May-2026,84.6545,0.794521,17.4681,15.8418,1.62631
12-May-2026,89.3576,0.794521,14.4816,12.6015,1.88013
12-May-2026,94.0606,0.794521,11.792,9.7096,2.0824
12-May-2026,98.7636,0.794521,9.41578,7.21348,2.2023
12-May-2026,103.467,0.794521,7.36143,5.14635,2.21508
12-May-2026,108.17,0.794521,5.6282,3.51783,2.11037
12-May-2026,112.873,0.794521,4.20483,2.30516,1.89967
12-May-2026,75.2485,0.884932,24.9529,23.6358,1.31711
12-May-2026,79.9515,0.884932,21.5231,19.9123,1.61083
12-May-2026,84.6545,0.884932,18.3305,16.4285,1.90202
12-May-2026,89.3576,0.884932,15.3965,13.2301,2.16639
12-May-2026,94.0606,0.884932,12.739,10.3627,2.37632
12-May-2026,98.7636,0.884932,10.3707,7.86619,2.50451
12-May-2026,103.467,0.884932,8.29809,5.76859,2.5295
12-May-2026,108.17,0.884932,6.52025,4.07898,2.44127
12-May-2026,112.873,0.884932,5.02845,2.78097,2.24748
13-May-2026,77.0326,0.00547945,19.2707,19.2706,5.15885e-05
13-May-2026,86.6617,0.00547945,9.64319,9.64312,7.3033e-05
13-May-2026,91.4762,0.00547945,4.82949,4.82959,9.7584e-05
13-May-2026,96.2907,0.00547945,0.513823,0.549195,0.0353721
13-May-2026,101.105,0.00547945,7.82656e-06,1.88618e-05,1.10353e-05
13-May-2026,77.0326,0.0246575,19.3397,19.3396,6.83633e-05
13-May-2026,81.8471,0.0246575,14.5303,14.5305,0.000172876
13-May-2026,86.6617,0.0246575,9.72462,9.72984,0.00521509
13-May-2026,91.4762,0.0246575,5.0319,5.07454,0.0426351
13-May-2026,96.2907,0.0246575,1.36175,1.43209,0.0703427
13-May-2026,101.105,0.0246575,0.0874374,0.100108,0.0126706
13-May-2026,105.92,0.0246575,0.000476173,0.000771914,0.000295741
13-May-2026,110.734,0.0246575,1.27478e-07,8.94745e-07,7.67267e-07
13-May-2026,115.549,0.0246575,2.80971e-12,3.56108e-10,3.53298e-10
13-May-2026,77.0326,0.0438356,19.3961,19.3964,0.000308466
13-May-2026,81.8471,0.0438356,14.5921,14.5958,0.00367256
13-May-2026,86.6617,0.0438356,9.81728,9.84046,0.0231782
13-May-2026,91.4762,0.0438356,5.29132,5.36055,0.0692346
13-May-2026,96.2907,0.0438356,1.81306,1.88421,0.0711538
13-May-2026,101.105,0.0438356,0.264633,0.279871,0.0152384
13-May-2026,105.92,0.0438356,0.00982301,0.0117538,0.00193079
13-May-2026,110.734,0.0438356,6.92489e-05,0.000172285,0.000103036
13-May-2026,115.549,0.0438356,1.19506e-07,1.40415e-06,1.28465e-06
13-May-2026,77.0326,0.0630137,19.4663,19.4694,0.00306417
13-May-2026,81.8471,0.0630137,14.6782,14.6931,0.0148851
13-May-2026,86.6617,0.0630137,9.97159,10.018,0.046424
13-May-2026,91.4762,0.0630137,5.62479,5.70644,0.081653
13-May-2026,96.2907,0.0630137,2.27599,2.33371,0.057715
13-May-2026,101.105,0.0630137,0.523563,0.526481,0.00291758
13-May-2026,105.92,0.0630137,0.0510325,0.052101,0.00106847
13-May-2026,110.734,0.0630137,0.00177169,0.00264309,0.000871401
13-May-2026,115.549,0.0630137,2.51655e-05,9.30077e-05,6.78422e-05
13-May-2026,77.0326,0.0821918,19.5269,19.5349,0.00801035
13-May-2026,81.8471,0.0821918,14.7616,14.7881,0.0265084
13-May-2026,86.6617,0.0821918,10.1221,10.182,0.0598532
13-May-2026,91.4762,0.0821918,5.89561,5.97576,0.0801516
13-May-2026,96.2907,0.0821918,2.61505,2.65392,0.0388687
13-May-2026,101.105,0.0821918,0.747961,0.731729,0.0162321
13-May-2026,105.92,0.0821918,0.112182,0.106431,0.0057512
13-May-2026,110.734,0.0821918,0.00778228,0.00927792,0.00149564
13-May-2026,115.549,0.0821918,0.000273985,0.000613719,0.000339734
13-May-2026,77.0326,0.131507,19.7318,19.7596,0.0278031
13-May-2026,81.8471,0.131507,15.0662,15.1167,0.050493
13-May-2026,86.6617,0.131507,10.6218,10.686,0.0642098
13-May-2026,91.4762,0.131507,6.64866,6.68612,0.0374625
13-May-2026,96.2907,0.131507,3.48634,3.44501,0.0413332
13-May-2026,101.105,0.131507,1.4113,1.31115,0.100146
13-May-2026,105.92,0.131507,0.400251,0.339637,0.0606143
13-May-2026,110.734,0.131507,0.0746609,0.0646036,0.0100573
13-May-2026,115.549,0.131507,0.00948135,0.0104526,0.000971222
13-May-2026,77.0326,0.216438,20.1787,20.2133,0.0345801
13-May-2026,81.8471,0.216438,15.7079,15.7343,0.0263506
13-May-2026,86.6617,0.216438,11.5271,11.5103,0.0168403
13-May-2026,91.4762,0.216438,7.81008,7.70288,0.107202
13-May-2026,96.2907,0.216438,4.75043,4.52645,0.223977
13-May-2026,101.105,0.216438,2.50167,2.21108,0.290591
13-May-2026,105.92,0.216438,1.09538,0.86183,0.23355
13-May-2026,110.734,0.216438,0.387405,0.276427,0.110978
13-May-2026,115.549,0.216438,0.111334,0.0795136,0.0318204
13-May-2026,77.0326,0.30137,20.7264,20.7113,0.015083
13-May-2026,81.8471,0.30137,16.4353,16.365,0.0702772
13-May-2026,86.6617,0.30137,12.4522,12.2846,0.167583
13-May-2026,91.4762,0.30137,8.90059,8.59777,0.302816
13-May-2026,96.2907,0.30137,5.90643,5.46423,0.442203
13-May-2026,101.105,0.30137,3.56878,3.05256,0.516216
13-May-2026,105.92,0.30137,1.923,1.46155,0.461446
13-May-2026,110.734,0.30137,0.909555,0.605946,0.303609
13-May-2026,115.549,0.30137,0.377197,0.228691,0.148506
13-May-2026,77.0326,0.383562,21.3219,21.2085,0.113441
13-May-2026,81.8471,0.383562,17.1832,16.9685,0.21474
13-May-2026,86.6617,0.383562,13.3519,12.9959,0.355979
13-May-2026,91.4762,0.383562,9.91984,9.39701,0.522835
13-May-2026,96.2907,0.383562,6.97589,6.29865,0.677237
13-May-2026,101.105,0.383562,4.58945,3.83115,0.758299
13-May-2026,105.92,0.383562,2.79096,2.07855,0.712413
13-May-2026,110.734,0.383562,1.55396,1.00769,0.546274
13-May-2026,115.549,0.383562,0.790159,0.448896,0.341263
13-May-2026,77.0326,0.465753,21.9852,21.7272,0.257959
13-May-2026,81.8471,0.465753,17.9848,17.5817,0.403085
13-May-2026,86.6617,0.465753,14.2838,13.702,0.581798
13-May-2026,91.4762,0.465753,10.9518,10.178,0.773755
13-May-2026,96.2907,0.465753,8.05315,7.11293,0.940221
13-May-2026,101.105,0.465753,5.63798,4.60922,1.02876
13-May-2026,105.92,0.465753,3.73061,2.73618,0.994431
13-May-2026,110.734,0.465753,2.31933,1.48566,0.833671
13-May-2026,115.549,0.465753,1.35157,0.748592,0.602978
13-May-2026,77.0326,0.550685,22.6892,22.2502,0.438956
13-May-2026,81.8471,0.550685,18.8123,18.1888,0.623461
13-May-2026,86.6617,0.550685,15.2237,14.3901,0.8336
13-May-2026,91.4762,0.550685,11.977,10.9313,1.04573
13-May-2026,96.2907,0.550685,9.12017,7.89751,1.22266
13-May-2026,101.105,0.550685,6.69015,5.37104,1.31911
13-May-2026,105.92,0.550685,4.70579,3.40856,1.29723
13-May-2026,110.734,0.550685,3.1619,2.01324,1.14866
13-May-2026,115.549,0.550685,2.02567,1.11461,0.911062
13-May-2026,77.0326,0.635616,23.4086,22.7636,0.645005
13-May-2026,81.8471,0.635616,19.6409,18.777,0.863871
13-May-2026,86.6617,0.635616,16.1496,15.0493,1.10034
13-May-2026,91.4762,0.635616,12.9765,11.6474,1.3291
13-May-2026,96.2907,0.635616,10.1585,8.64288,1.51562
13-May-2026,101.105,0.635616,7.72316,6.1029,1.62026
13-May-2026,105.92,0.635616,5.68499,4.07408,1.61091
13-May-2026,110.734,0.635616,4.04153,2.56431,1.47722
13-May-2026,115.549,0.635616,2.77104,1.52678,1.24426
13-May-2026,77.0326,0.715068,24.0718,23.2224,0.849369
13-May-2026,81.8471,0.715068,20.3936,19.2978,1.09582
13-May-2026,86.6617,0.715068,16.9809,15.6281,1.35284
13-May-2026,91.4762,0.715068,13.8676,12.2727,1.59487
13-May-2026,96.2907,0.715068,11.083,9.29334,1.78966
13-May-2026,101.105,0.715068,8.64849,6.7465,1.90199
13-May-2026,105.92,0.715068,6.57543,4.67149,1.90394
13-May-2026,110.734,0.715068,4.86236,3.07771,1.78465
13-May-2026,115.549,0.715068,3.49352,1.93204,1.56148
13-May-2026,77.0326,0.791781,24.7222,23.6619,1.06027
13-May-2026,81.8471,0.791781,21.1238,19.793,1.33081
13-May-2026,86.6617,0.791781,17.7806,16.175,1.60556
13-May-2026,91.4762,0.791781,14.7206,12.8612,1.85941
13-May-2026,96.2907,0.791781,11.9671,9.90509,2.06201
13-May-2026,101.105,0.791781,9.53723,7.35513,2.1821
13-May-2026,105.92,0.791781,7.43969,5.24472,2.19497
13-May-2026,110.734,0.791781,5.67338,3.58353,2.08985
13-May-2026,115.549,0.791781,4.22622,2.3472,1.87902
13-May-2026,77.0326,0.882192,25.455,24.147,1.30802
13-May-2026,81.8471,0.882192,21.9389,20.3361,1.60281
13-May-2026,86.6617,0.882192,18.6671,16.7716,1.89546
13-May-2026,91.4762,0.882192,15.6622,13.5007,2.16152
13-May-2026,96.2907,0.882192,12.9425,10.5695,2.37298
13-May-2026,101.105,0.882192,10.521,8.01914,2.50186
13-May-2026,105.92,0.882192,8.40447,5.87756,2.52691
13-May-2026,110.734,0.882192,6.59161,4.15402,2.43759
13-May-2026,115.549,0.882192,5.07302,2.83067,2.24235
14-May-2026,76.5809,0.00273973,19.1516,19.1517,6.63776e-05
14-May-2026,81.3673,0.00273973,14.3657,14.3657,3.5716e-05
14-May-2026,86.1536,0.00273973,9.57978,9.57976,1.78179e-05
14-May-2026,90.9399,0.00273973,4.79387,4.79386,9.88896e-06
14-May-2026,95.7262,0.00273973,0.361818,0.366426,0.00460769
14-May-2026,100.512,0.00273973,3.9428e-09,5.84912e-09,1.90632e-09
14-May-2026,105.299,0.00273973,1.8904e-15,7.24455e-16,1.16594e-15
14-May-2026,110.085,0.00273973,2.09342e-15,1.40343e-15,6.89989e-16
14-May-2026,114.871,0.00273973,2.08943e-15,1.41977e-15,6.69664e-16
14-May-2026,76.5809,0.0219178,19.2216,19.2217,6.16344e-05
14-May-2026,81.3673,0.0219178,14.4401,14.44,5.24079e-05
14-May-2026,86.1536,0.0219178,9.66121,9.66069,0.000519771
14-May-2026,90.9399,0.0219178,4.98089,4.97648,0.00440647
14-May-2026,95.7262,0.0219178,1.30756,1.31657,0.00900957
14-May-2026,100.512,0.0219178,0.0744818,0.0880204,0.0135386
14-May-2026,105.299,0.0219178,0.000304781,0.000838839,0.000534058
14-May-2026,110.085,0.0219178,4.91211e-08,1.1777e-06,1.12857e-06
14-May-2026,114.871,0.0219178,5.1992e-13,3.90823e-10,3.90303e-10
14-May-2026,76.5809,0.0410959,19.2789,19.2789,6.39008e-06
14-May-2026,81.3673,0.0410959,14.5024,14.5019,0.000504288
14-May-2026,86.1536,0.0410959,9.752,9.7473,0.00470257
14-May-2026,90.9399,0.0410959,5.2396,5.22564,0.0139612
14-May-2026,95.7262,0.0410959,1.77154,1.77563,0.00409336
14-May-2026,100.512,0.0410959,0.24914,0.275753,0.0266135
14-May-2026,105.299,0.0410959,0.00856057,0.0151665,0.00660589
14-May-2026,110.085,0.0410959,5.26616e-05,0.000299296,0.000246635
14-May-2026,114.871,0.0410959,7.40801e-08,2.67025e-06,2.59617e-06
14-May-2026,76.5809,0.060274,19.3499,19.3494,0.000455434
14-May-2026,81.3673,0.060274,14.5886,14.5847,0.00391435
14-May-2026,86.1536,0.060274,9.90525,9.88912,0.0161289
14-May-2026,90.9399,0.060274,5.57558,5.5453,0.0302821
14-May-2026,95.7262,0.060274,2.24264,2.23542,0.00721741
14-May-2026,100.512,0.060274,0.509383,0.542879,0.0334956
14-May-2026,105.299,0.060274,0.0485408,0.0694808,0.02094
14-May-2026,110.085,0.060274,0.00161846,0.00471312,0.00309466
14-May-2026,114.871,0.060274,2.14924e-05,0.000192786,0.000171294
14-May-2026,76.5809,0.0794521,19.411,19.4089,0.00206928
14-May-2026,81.3673,0.0794521,14.6721,14.6619,0.0102156
14-May-2026,86.1536,0.0794521,10.0559,10.0261,0.0297975
14-May-2026,90.9399,0.0794521,5.84886,5.80214,0.0467168
14-May-2026,95.7262,0.0794521,2.58619,2.56625,0.0199422
14-May-2026,100.512,0.0794521,0.735781,0.768665,0.0328838
14-May-2026,105.299,0.0794521,0.109491,0.14251,0.0330194
14-May-2026,110.085,0.0794521,0.0074833,0.0163952,0.00891191
14-May-2026,114.871,0.0794521,0.000255748,0.00127911,0.00102337
14-May-2026,76.5809,0.128767,19.6175,19.5988,0.0186928
14-May-2026,81.3673,0.128767,14.9782,14.9314,0.0467959
14-May-2026,86.1536,0.128767,10.5587,10.4727,0.085969
14-May-2026,90.9399,0.128767,6.60855,6.5013,0.107253
14-May-2026,95.7262,0.128767,3.46631,3.3949,0.0714138
14-May-2026,100.512,0.128767,1.40547,1.41276,0.0072929
14-May-2026,105.299,0.128767,0.400252,0.450551,0.050299
14-May-2026,110.085,0.128767,0.0750735,0.109936,0.0348623
14-May-2026,114.871,0.128767,0.00955526,0.0213045,0.0117493
14-May-2026,76.5809,0.213699,20.0683,19.9767,0.0915947
14-May-2026,81.3673,0.213699,15.6251,15.4691,0.155958
14-May-2026,86.1536,0.213699,11.4711,11.2524,0.218695
14-May-2026,90.9399,0.213699,7.77904,7.53607,0.242969
14-May-2026,95.7262,0.213699,4.74032,4.54309,0.197234
14-May-2026,100.512,0.213699,2.50543,2.41252,0.092906
14-May-2026,105.299,0.213699,1.10401,1.11117,0.00716281
14-May-2026,110.085,0.213699,0.394013,0.442755,0.0487421
14-May-2026,114.871,0.213699,0.11435,0.154399,0.0400492
14-May-2026,76.5809,0.29863,20.6213,20.4078,0.213451
14-May-2026,81.3673,0.29863,16.3588,16.0498,0.308998
14-May-2026,86.1536,0.29863,12.4033,12.0149,0.388395
14-May-2026,90.9399,0.29863,8.87723,8.46164,0.415595
14-May-2026,95.7262,0.29863,5.90424,5.53863,0.365609
14-May-2026,100.512,0.29863,3.58096,3.3331,0.247861
14-May-2026,105.299,0.29863,1.94099,1.82986,0.111133
14-May-2026,110.085,0.29863,0.925653,0.914727,0.0109265
14-May-2026,114.871,0.29863,0.387633,0.418126,0.0304934
14-May-2026,76.5809,0.380822,21.2225,20.8542,0.368286
14-May-2026,81.3673,0.380822,17.113,16.6236,0.489387
14-May-2026,86.1536,0.380822,13.3097,12.7274,0.582302
14-May-2026,90.9399,0.380822,9.90322,9.28938,0.613835
14-May-2026,95.7262,0.380822,6.98055,6.41659,0.563963
14-May-2026,100.512,0.380822,4.60904,4.16867,0.440371
14-May-2026,105.299,0.380822,2.81762,2.53597,0.281649
14-May-2026,110.085,0.380822,1.57999,1.44288,0.137106
14-May-2026,114.871,0.380822,0.810366,0.769234,0.0411323
14-May-2026,76.5809,0.463014,21.8917,21.3325,0.55915
14-May-2026,81.3673,0.463014,17.9209,17.2175,0.703357
14-May-2026,86.1536,0.463014,14.2481,13.4388,0.809326
14-May-2026,90.9399,0.463014,10.9416,10.0942,0.847366
14-May-2026,95.7262,0.463014,8.06435,7.26335,0.800996
14-May-2026,100.512,0.463014,5.66468,4.98822,0.676463
14-May-2026,105.299,0.463014,3.76566,3.26106,0.504599
14-May-2026,110.085,0.463014,2.35542,2.02814,0.327282
14-May-2026,114.871,0.463014,1.38284,1.20106,0.181778
14-May-2026,76.5809,0.547945,22.6017,21.8238,0.777871
14-May-2026,81.3673,0.547945,18.7546,17.8115,0.943149
14-May-2026,86.1536,0.547945,15.1942,14.1321,1.06211
14-May-2026,90.9399,0.547945,11.9729,10.8645,1.10837
14-May-2026,95.7262,0.547945,9.13756,8.06937,1.06819
14-May-2026,100.512,0.547945,6.72354,5.77702,0.946523
14-May-2026,105.299,0.547945,4.74871,3.98026,0.768453
14-May-2026,110.085,0.547945,3.20755,2.63839,0.569156
14-May-2026,114.871,0.547945,2.06808,1.68361,0.384471
14-May-2026,76.5809,0.632877,23.3269,22.3121,1.01482
14-May-2026,81.3673,0.632877,19.5891,18.3896,1.19946
14-May-2026,86.1536,0.632877,16.1259,14.7945,1.33144
14-May-2026,90.9399,0.632877,12.9782,11.591,1.38721
14-May-2026,95.7262,0.632877,10.1816,8.82658,1.35502
14-May-2026,100.512,0.632877,7.76274,6.52371,1.23903
14-May-2026,105.299,0.632877,5.73512,4.6752,1.05992
14-May-2026,110.085,0.632877,4.09595,3.24854,0.847413
14-May-2026,114.871,0.632877,2.82393,2.18953,0.634404
14-May-2026,76.5809,0.712329,23.9951,22.752,1.24312
14-May-2026,81.3673,0.712329,20.3468,18.9025,1.44428
14-May-2026,86.1536,0.712329,16.9621,15.374,1.5881
14-May-2026,90.9399,0.712329,13.8741,12.2208,1.65335
14-May-2026,95.7262,0.712329,11.111,9.48123,1.62977
14-May-2026,100.512,0.712329,8.69331,7.17265,1.52066
14-May-2026,105.299,0.712329,6.63163,5.28773,1.3439
14-May-2026,110.085,0.712329,4.92412,3.79905,1.12507
14-May-2026,114.871,0.712329,3.55526,2.66112,0.89414
14-May-2026,76.5809,0.789041,24.6502,23.1755,1.47468
14-May-2026,81.3673,0.789041,21.0816,19.3905,1.69112
14-May-2026,86.1536,0.789041,17.7663,15.9198,1.84654
14-May-2026,90.9399,0.789041,14.7315,12.8098,1.9217
14-May-2026,95.7262,0.789041,11.9996,10.0923,1.90728
14-May-2026,100.512,0.789041,9.58683,7.78067,1.80616
14-May-2026,105.299,0.789041,7.50137,5.86743,1.63394
14-May-2026,110.085,0.789041,5.74172,4.32878,1.41294
14-May-2026,114.871,0.789041,4.29594,3.12553,1.17041
14-May-2026,76.5809,0.879452,25.3879,23.6448,1.74312
14-May-2026,81.3673,0.879452,21.9016,19.9255,1.9761
14-May-2026,86.1536,0.879452,18.6576,16.513,2.14464
14-May-2026,90.9399,0.879452,15.6777,13.4464,2.23131
14-May-2026,95.7262,0.879452,12.9796,10.7516,2.22797
14-May-2026,100.512,0.879452,10.5756,8.43867,2.13693
14-May-2026,105.299,0.879452,8.47185,6.49995,1.9719
14-May-2026,110.085,0.879452,6.66677,4.91466,1.75211
14-May-2026,114.871,0.879452,5.151,3.64897,1.50203
15-May-2026,75.1006,0.0191781,18.8419,18.8419,1.07531e-05
15-May-2026,79.7944,0.0191781,14.1523,14.1523,7.23526e-06
15-May-2026,84.4881,0.0191781,9.46481,9.46638,0.00157199
15-May-2026,89.1819,0.0191781,4.8673,4.90055,0.0332485
15-May-2026,93.8757,0.0191781,1.25766,1.38078,0.123122
15-May-2026,98.5695,0.0191781,0.068584,0.121996,0.0534125
15-May-2026,103.263,0.0191781,0.000262208,0.00216059,0.00189838
15-May-2026,107.957,0.0191781,3.62442e-08,7.0373e-06,7.00105e-06
15-May-2026,112.651,0.0191781,2.69063e-13,5.41277e-09,5.4125e-09
15-May-2026,75.1006,0.0383562,18.8966,18.8965,5.02417e-05
15-May-2026,79.7944,0.0383562,14.2118,14.2124,0.000561209
15-May-2026,84.4881,0.0383562,9.55214,9.56182,0.00967646
15-May-2026,89.1819,0.0383562,5.12742,5.18917,0.061754
15-May-2026,93.8757,0.0383562,1.73496,1.88442,0.149457
15-May-2026,98.5695,0.0383562,0.247877,0.359933,0.112056
15-May-2026,103.263,0.0383562,0.00900136,0.0298626,0.0208613
15-May-2026,107.957,0.0383562,5.98562e-05,0.001034,0.000974148
15-May-2026,112.651,0.0383562,8.68561e-08,1.68008e-05,1.6714e-05
15-May-2026,75.1006,0.0575342,18.9644,18.9646,0.000163374
15-May-2026,79.7944,0.0575342,14.2948,14.2973,0.00252295
15-May-2026,84.4881,0.0575342,9.7037,9.72289,0.0191881
15-May-2026,89.1819,0.0575342,5.46636,5.54358,0.0772217
15-May-2026,93.8757,0.0575342,2.21226,2.37374,0.161476
15-May-2026,98.5695,0.0575342,0.514633,0.671562,0.156929
15-May-2026,103.263,0.0575342,0.0520888,0.113665,0.0615765
15-May-2026,107.957,0.0575342,0.00190313,0.0112723,0.00936917
15-May-2026,112.651,0.0575342,2.74376e-05,0.000699362,0.000671924
15-May-2026,75.1006,0.0767123,19.0231,19.0232,0.000100454
15-May-2026,79.7944,0.0767123,14.3763,14.3796,0.00326623
15-May-2026,84.4881,0.0767123,9.85404,9.87599,0.0219452
15-May-2026,89.1819,0.0767123,5.74107,5.81985,0.0787829
15-May-2026,93.8757,0.0767123,2.55764,2.7187,0.161063
15-May-2026,98.5695,0.0767123,0.744836,0.922255,0.177419
15-May-2026,103.263,0.0767123,0.116909,0.212523,0.0956139
15-May-2026,107.957,0.0767123,0.00866741,0.0328054,0.024138
15-May-2026,112.651,0.0767123,0.000321313,0.00355073,0.00322942
15-May-2026,75.1006,0.0958904,19.0867,19.0859,0.000766939
15-May-2026,79.7944,0.0958904,14.4707,14.4723,0.00158661
15-May-2026,84.4881,0.0958904,10.0195,10.0389,0.019396
15-May-2026,89.1819,0.0958904,6.00975,6.08284,0.0730875
15-May-2026,93.8757,0.0958904,2.87757,3.03153,0.153964
15-May-2026,98.5695,0.0958904,0.978035,1.16532,0.187285
15-May-2026,103.263,0.0958904,0.204646,0.329275,0.124629
15-May-2026,107.957,0.0958904,0.0238781,0.0676949,0.0438168
15-May-2026,112.651,0.0958904,0.00161386,0.0104722,0.00885838
15-May-2026,75.1006,0.126027,19.2239,19.2169,0.00702264
15-May-2026,79.7944,0.126027,14.679,14.6689,0.0100587
15-May-2026,84.4881,0.126027,10.3561,10.3575,0.00140598
15-May-2026,89.1819,0.126027,6.50015,6.54764,0.0474944
15-May-2026,93.8757,0.126027,3.43596,3.56266,0.126702
15-May-2026,98.5695,0.126027,1.41851,1.60312,0.184608
15-May-2026,103.263,0.126027,0.418454,0.579395,0.160941
15-May-2026,107.957,0.126027,0.0827759,0.167084,0.0843079
15-May-2026,112.651,0.126027,0.0111826,0.039238,0.0280554
15-May-2026,75.1006,0.210959,19.6682,19.6072,0.061026
15-May-2026,79.7944,0.210959,15.3209,15.2303,0.0906458
15-May-2026,84.4881,0.210959,11.2626,11.1594,0.10323
15-May-2026,89.1819,0.210959,7.66063,7.58568,0.0749484
15-May-2026,93.8757,0.210959,4.69702,4.69888,0.00185591
15-May-2026,98.5695,0.210959,2.51152,2.60854,0.0970174
15-May-2026,103.263,0.210959,1.12875,1.28267,0.153923
15-May-2026,107.957,0.210959,0.414653,0.556819,0.142166
15-May-2026,112.651,0.210959,0.124616,0.214938,0.0903221
15-May-2026,75.1006,0.29589,20.2142,20.0452,0.169044
15-May-2026,79.7944,0.29589,16.0464,15.8173,0.229081
15-May-2026,84.4881,0.29589,12.1835,11.9188,0.264744
15-May-2026,89.1819,0.29589,8.74315,8.49237,0.250781
15-May-2026,93.8757,0.29589,5.84264,5.66561,0.177026
15-May-2026,98.5695,0.29589,3.57176,3.50853,0.063231
15-May-2026,103.263,0.29589,1.96008,2.0049,0.0448184
15-May-2026,107.957,0.29589,0.951269,1.05511,0.103837
15-May-2026,112.651,0.29589,0.407154,0.512926,0.105772
15-May-2026,75.1006,0.378082,20.8066,20.491,0.315618
15-May-2026,79.7944,0.378082,16.7896,16.3862,0.403428
15-May-2026,84.4881,0.378082,13.0754,12.6167,0.458729
15-May-2026,89.1819,0.378082,9.75089,9.29397,0.456916
15-May-2026,93.8757,0.378082,6.89847,6.51072,0.387747
15-May-2026,98.5695,0.378082,4.58087,4.31547,0.265398
15-May-2026,103.263,0.378082,2.82398,2.69736,0.126624
15-May-2026,107.957,0.378082,1.60191,1.58795,0.0139569
15-May-2026,112.651,0.378082,0.833599,0.881856,0.0482571
15-May-2026,75.1006,0.460274,21.4648,20.963,0.501816
15-May-2026,79.7944,0.460274,17.5836,16.9681,0.615508
15-May-2026,84.4881,0.460274,13.9963,13.3073,0.689013
15-May-2026,89.1819,0.460274,10.7684,10.069,0.699404
15-May-2026,93.8757,0.460274,7.9593,7.3226,0.636703
15-May-2026,98.5695,0.460274,5.61427,5.1026,0.511674
15-May-2026,103.263,0.460274,3.75411,3.40027,0.35384
15-May-2026,107.957,0.460274,2.36667,2.16536,0.201313
15-May-2026,112.651,0.460274,1.40317,1.31899,0.0841837
15-May-2026,75.1006,0.545205,22.1615,21.4438,0.717679
15-May-2026,79.7944,0.545205,18.401,17.5459,0.855113
15-May-2026,84.4881,0.545205,14.9229,13.9771,0.945798
15-May-2026,89.1819,0.545205,11.7771,10.8088,0.968308
15-May-2026,93.8757,0.545205,9.00806,8.09425,0.913813
15-May-2026,98.5695,0.545205,6.64894,5.85846,0.790482
15-May-2026,103.263,0.545205,4.71591,4.09354,0.622369
15-May-2026,107.957,0.545205,3.20298,2.76035,0.442627
15-May-2026,112.651,0.545205,2.07932,1.79749,0.281832
15-May-2026,75.1006,0.630137,22.8719,21.9192,0.952674
15-May-2026,79.7944,0.630137,19.2179,18.1061,1.11179
15-May-2026,84.4881,0.630137,15.8338,14.6155,1.21833
15-May-2026,89.1819,0.630137,12.759,11.5058,1.25317
15-May-2026,93.8757,0.630137,10.0272,8.81907,1.20813
15-May-2026,98.5695,0.630137,7.66313,6.57356,1.08957
15-May-2026,103.263,0.630137,5.67925,4.76172,0.91753
15-May-2026,107.957,0.630137,4.07226,3.35156,0.720704
15-May-2026,112.651,0.630137,2.82141,2.29342,0.527994
15-May-2026,75.1006,0.709589,23.5256,22.3462,1.17937
15-May-2026,79.7944,0.709589,19.9585,18.602,1.35654
15-May-2026,84.4881,0.709589,16.6506,15.1734,1.47717
15-May-2026,89.1819,0.709589,13.6334,12.1101,1.52333
15-May-2026,93.8757,0.709589,10.9336,9.446,1.4876
15-May-2026,98.5695,0.709589,8.57051,7.19517,1.37534
15-May-2026,103.263,0.709589,6.55376,5.35011,1.20365
15-May-2026,107.957,0.709589,4.88109,3.88331,0.997785
15-May-2026,112.651,0.709589,3.53726,2.75276,0.784499
15-May-2026,75.1006,0.786301,24.1658,22.7566,1.40919
15-May-2026,79.7944,0.786301,20.6762,19.0732,1.60302
15-May-2026,84.4881,0.786301,17.4355,15.6987,1.73681
15-May-2026,89.1819,0.786301,14.4695,12.6754,1.79408
15-May-2026,93.8757,0.786301,11.7997,10.0316,1.76809
15-May-2026,98.5695,0.786301,9.44123,7.7779,1.66333
15-May-2026,103.263,0.786301,7.40148,5.90684,1.49464
15-May-2026,107.957,0.786301,5.67863,4.39417,1.28446
15-May-2026,112.651,0.786301,4.26085,3.20347,1.05738
15-May-2026,75.1006,0.876712,24.8862,23.2107,1.67548
15-May-2026,79.7944,0.876712,21.4764,19.5895,1.88687
15-May-2026,84.4881,0.876712,18.3047,16.2696,2.0351
15-May-2026,89.1819,0.876712,15.3918,13.2867,2.10506
15-May-2026,93.8757,0.876712,12.7545,10.6639,2.09056
15-May-2026,98.5695,0.876712,10.4043,8.40899,1.99531
15-May-2026,103.263,0.876712,8.34681,6.51441,1.8324
15-May-2026,107.957,0.876712,6.58015,4.95871,1.62144
15-May-2026,112.651,0.876712,5.095,3.71029,1.38471
18-May-2026,74.7191,0.0109589,18.7046,18.7046,2.06236e-05
18-May-2026,79.389,0.0109589,14.0362,14.0362,2.80729e-05
18-May-2026,84.059,0.0109589,9.36776,9.36778,1.70039e-05
18-May-2026,88.7289,0.0109589,4.70422,4.70286,0.00136016
18-May-2026,93.3989,0.0109589,0.754246,0.733226,0.02102
18-May-2026,98.0688,0.0109589,0.00231793,0.00218869,0.000129239
18-May-2026,102.739,0.0109589,4.15456e-09,1.15012e-08,7.34665e-09
18-May-2026,74.7191,0.030137,18.7727,18.7727,1.90425e-05
18-May-2026,79.389,0.030137,14.1088,14.1087,0.000106181
18-May-2026,84.059,0.030137,9.455,9.4512,0.00379621
18-May-2026,88.7289,0.030137,4.96818,4.93854,0.0296433
18-May-2026,93.3989,0.030137,1.5102,1.46115,0.0490547
18-May-2026,98.0688,0.030137,0.154663,0.147601,0.00706213
18-May-2026,102.739,0.030137,0.00271242,0.0034011,0.000688676
18-May-2026,107.409,0.030137,5.17145e-06,1.80444e-05,1.28729e-05
18-May-2026,112.079,0.030137,1.27914e-09,3.08717e-08,2.95926e-08
18-May-2026,74.7191,0.0493151,18.8286,18.8284,0.000161272
18-May-2026,79.389,0.0493151,14.1723,14.1702,0.00210756
18-May-2026,84.059,0.0493151,9.56287,9.54623,0.0166435
18-May-2026,88.7289,0.0493151,5.24969,5.19284,0.0568485
18-May-2026,93.3989,0.0493151,1.95154,1.88059,0.0709481
18-May-2026,98.0688,0.0493151,0.367468,0.34928,0.0181882
18-May-2026,102.739,0.0493151,0.0244182,0.0271915,0.00277329
18-May-2026,107.409,0.0493151,0.000443947,0.000890475,0.000446528
18-May-2026,112.079,0.0493151,2.4029e-06,1.47176e-05,1.23147e-05
18-May-2026,74.7191,0.0684932,18.8993,18.8976,0.00167431
18-May-2026,79.389,0.0684932,14.2651,14.2546,0.0105386
18-May-2026,84.059,0.0684932,9.73635,9.69537,0.0409782
18-May-2026,88.7289,0.0684932,5.59817,5.50718,0.0909903
18-May-2026,93.3989,0.0684932,2.41153,2.31235,0.0991764
18-May-2026,98.0688,0.0684932,0.654415,0.618113,0.0363022
18-May-2026,102.739,0.0684932,0.0904441,0.0940199,0.00357579
18-May-2026,107.409,0.0684932,0.00545683,0.00814427,0.00268744
18-May-2026,112.079,0.0684932,0.000149937,0.000447044,0.000297107
18-May-2026,74.7191,0.0876712,18.9618,18.9565,0.00527007
18-May-2026,79.389,0.0876712,14.3561,14.3335,0.0226186
18-May-2026,84.059,0.0876712,9.90044,9.83508,0.0653584
18-May-2026,88.7289,0.0876712,5.87726,5.7573,0.119964
18-May-2026,93.3989,0.0876712,2.75062,2.62671,0.123914
18-May-2026,98.0688,0.0876712,0.895275,0.841028,0.0542471
18-May-2026,102.739,0.0876712,0.174122,0.174891,0.000768665
18-May-2026,107.409,0.0876712,0.0180968,0.0236041,0.00550725
18-May-2026,112.079,0.0876712,0.00103112,0.00222873,0.00119761
18-May-2026,74.7191,0.117808,19.0798,19.062,0.0178159
18-May-2026,79.389,0.117808,14.5354,14.4835,0.0518655
18-May-2026,84.059,0.117808,10.1992,10.0872,0.112049
18-May-2026,88.7289,0.117808,6.32719,6.1563,0.170885
18-May-2026,93.3989,0.117808,3.26972,3.10096,0.168763
18-May-2026,98.0688,0.117808,1.29753,1.20778,0.0897494
18-May-2026,102.739,0.117808,0.359114,0.346965,0.0121489
18-May-2026,107.409,0.117808,0.0644828,0.0733571,0.00887431
18-May-2026,112.079,0.117808,0.00759404,0.0119436,0.00434952
18-May-2026,74.7191,0.20274,19.519,19.419,0.0999719
18-May-2026,79.389,0.20274,15.1777,14.9961,0.181576
18-May-2026,84.059,0.20274,11.1237,10.8491,0.274569
18-May-2026,88.7289,0.20274,7.52995,7.19292,0.337032
18-May-2026,93.3989,0.20274,4.58424,4.26135,0.322886
18-May-2026,98.0688,0.20274,2.42722,2.20134,0.225879
18-May-2026,102.739,0.20274,1.07666,0.974537,0.102123
18-May-2026,107.409,0.20274,0.388499,0.368621,0.0198781
18-May-2026,112.079,0.20274,0.11377,0.120771,0.00700123
18-May-2026,74.7191,0.287671,20.098,19.854,0.243988
18-May-2026,79.389,0.287671,15.9518,15.587,0.36477
18-May-2026,84.059,0.287671,12.1118,11.6337,0.478131
18-May-2026,88.7289,0.287671,8.69575,8.1535,0.542254
18-May-2026,93.3989,0.287671,5.81931,5.29716,0.522149
18-May-2026,98.0688,0.287671,3.56884,3.15327,0.415573
18-May-2026,102.739,0.287671,1.96984,1.70592,0.263917
18-May-2026,107.409,0.287671,0.964291,0.836931,0.12736
18-May-2026,112.079,0.287671,0.416941,0.37412,0.0428206
18-May-2026,74.7191,0.369863,20.7036,20.2879,0.415683
18-May-2026,79.389,0.369863,16.7127,16.1477,0.565046
18-May-2026,84.059,0.369863,13.0258,12.3334,0.692409
18-May-2026,88.7289,0.369863,9.7288,8.96937,0.75943
18-May-2026,93.3989,0.369863,6.90168,6.16329,0.738391
18-May-2026,98.0688,0.369863,4.60397,3.97532,0.628648
18-May-2026,102.739,0.369863,2.85833,2.39588,0.462453
18-May-2026,107.409,0.369863,1.63754,1.34733,0.290214
18-May-2026,112.079,0.369863,0.862657,0.708432,0.154225
18-May-2026,74.7191,0.452055,21.3775,20.7541,0.623429
18-May-2026,79.389,0.452055,17.526,16.7285,0.797473
18-May-2026,84.059,0.452055,13.9689,13.0314,0.937454
18-May-2026,88.7289,0.452055,10.7703,9.76091,1.00939
18-May-2026,93.3989,0.452055,7.98736,6.99647,0.990885
18-May-2026,98.0688,0.452055,5.6624,4.78035,0.882053
18-May-2026,102.739,0.452055,3.81356,3.10515,0.708412
18-May-2026,107.409,0.452055,2.42747,1.91595,0.511518
18-May-2026,112.079,0.452055,1.45658,1.12416,0.332424
18-May-2026,74.7191,0.536986,22.0592,21.2121,0.847068
18-May-2026,79.389,0.536986,18.3257,17.284,1.04169
18-May-2026,84.059,0.536986,14.8752,13.6817,1.19349
18-May-2026,88.7289,0.536986,11.7565,10.4847,1.2718
18-May-2026,93.3989,0.536986,9.01255,7.75413,1.25842
18-May-2026,98.0688,0.536986,6.67434,5.52083,1.15351
18-May-2026,102.739,0.536986,4.75603,3.77808,0.97795
18-May-2026,107.409,0.536986,3.2503,2.48392,0.766385
18-May-2026,112.079,0.536986,2.12634,1.56998,0.556357
18-May-2026,74.7191,0.621918,22.8189,21.7101,1.10885
18-May-2026,79.389,0.621918,19.1988,17.8751,1.32371
18-May-2026,84.059,0.621918,15.8484,14.3603,1.48814
18-May-2026,88.7289,0.621918,12.805,11.2299,1.5751
18-May-2026,93.3989,0.621918,10.1005,8.53112,1.56938
18-May-2026,98.0688,0.621918,7.75752,6.28628,1.47124
18-May-2026,102.739,0.621918,5.78668,4.48881,1.29787
18-May-2026,107.409,0.621918,4.18359,3.10555,1.07804
18-May-2026,112.079,0.621918,2.9277,2.08275,0.844952
18-May-2026,74.7191,0.70137,23.4882,22.1396,1.34859
18-May-2026,79.389,0.70137,19.9564,18.3767,1.57969
18-May-2026,84.059,0.70137,16.6829,14.9278,1.75507
18-May-2026,88.7289,0.70137,13.6977,11.8472,1.85054
18-May-2026,93.3989,0.70137,11.0257,9.17287,1.85283
18-May-2026,98.0688,0.70137,8.6843,6.92205,1.76225
18-May-2026,102.739,0.70137,6.68154,5.08805,1.59349
18-May-2026,107.409,0.70137,5.01422,3.64288,1.37134
18-May-2026,112.079,0.70137,3.66707,2.54159,1.12548
18-May-2026,74.7191,0.778082,24.1106,22.5327,1.5779
18-May-2026,79.389,0.778082,20.6535,18.8303,1.82321
18-May-2026,84.059,0.778082,17.4446,15.4358,2.0088
18-May-2026,88.7289,0.778082,14.5087,12.3959,2.11284
18-May-2026,93.3989,0.778082,11.8655,9.7422,2.1233
18-May-2026,98.0688,0.778082,9.529,7.4882,2.0408
18-May-2026,102.739,0.778082,7.50512,5.62711,1.87801
18-May-2026,107.409,0.778082,5.79119,4.13441,1.65678
18-May-2026,112.079,0.778082,4.37511,2.97125,1.40386
18-May-2026,74.7191,0.868493,24.8802,23.0115,1.86866
18-May-2026,79.389,0.868493,21.5076,19.377,2.13062
18-May-2026,84.059,0.868493,18.3716,16.0426,2.32902
18-May-2026,88.7289,0.868493,15.4916,13.0475,2.44414
18-May-2026,93.3989,0.868493,12.8829,10.4171,2.46575
18-May-2026,98.0688,0.868493,10.5556,8.1615,2.3941
18-May-2026,102.739,0.868493,8.51409,6.27363,2.24046
18-May-2026,107.409,0.868493,6.7557,4.73223,2.02347
18-May-2026,112.079,0.868493,5.27094,3.50409,1.76685
19-May-2026,74.927,0.00821918,18.7504,18.7504,3.45404e-05
19-May-2026,79.6099,0.00821918,14.0686,14.0686,3.20415e-05
19-May-2026,84.2928,0.00821918,9.38687,9.3869,2.97933e-05
19-May-2026,88.9758,0.00821918,4.70648,4.71049,0.00400568
19-May-2026,93.6587,0.00821918,0.657987,0.744925,0.0869384
19-May-2026,98.3417,0.00821918,0.00054875,0.001387,0.000838252
19-May-2026,103.025,0.00821918,2.36716e-11,2.84632e-11,4.79161e-12
19-May-2026,74.927,0.0273973,18.8188,18.8188,5.39356e-06
19-May-2026,79.6099,0.0273973,14.1415,14.1427,0.00116085
19-May-2026,84.2928,0.0273973,9.47226,9.48953,0.017272
19-May-2026,88.9758,0.0273973,4.95722,5.05472,0.0974956
19-May-2026,93.6587,0.0273973,1.47223,1.62949,0.157259
19-May-2026,98.3417,0.0273973,0.139843,0.17801,0.0381665
19-May-2026,103.025,0.0273973,0.0020829,0.00180938,0.000273524
19-May-2026,107.708,0.0273973,2.99073e-06,1.38003e-07,2.85273e-06
19-May-2026,112.39,0.0273973,4.86085e-10,4.45901e-14,4.8604e-10
19-May-2026,74.927,0.0465753,18.8749,18.8761,0.00123924
19-May-2026,79.6099,0.0465753,14.2047,14.2154,0.0106955
19-May-2026,84.2928,0.0465753,9.57815,9.63175,0.053601
19-May-2026,88.9758,0.0465753,5.24195,5.38648,0.144533
19-May-2026,93.6587,0.0465753,1.9288,2.0995,0.170696
19-May-2026,98.3417,0.0465753,0.354508,0.407141,0.0526329
19-May-2026,103.025,0.0465753,0.0225281,0.018664,0.0038641
19-May-2026,107.708,0.0465753,0.000379851,4.6184e-05,0.000333667
19-May-2026,112.39,0.0465753,1.82433e-06,3.51893e-09,1.82081e-06
19-May-2026,74.927,0.0657534,18.9457,18.9533,0.00764626
19-May-2026,79.6099,0.0657534,14.297,14.3292,0.0322386
19-May-2026,84.2928,0.0657534,9.75171,9.84451,0.0928003
19-May-2026,88.9758,0.0657534,5.59653,5.76519,0.168661
19-May-2026,93.6587,0.0657534,2.40078,2.56405,0.16327
19-May-2026,98.3417,0.0657534,0.646941,0.694147,0.0472059
19-May-2026,103.025,0.0657534,0.0885548,0.0711151,0.0174397
19-May-2026,107.708,0.0657534,0.00525969,0.00107056,0.00418913
19-May-2026,112.39,0.0657534,0.000140062,1.39844e-06,0.000138664
19-May-2026,74.927,0.0849315,19.0083,19.0249,0.0165695
19-May-2026,79.6099,0.0849315,14.3881,14.439,0.0509061
19-May-2026,84.2928,0.0849315,9.91729,10.0306,0.113342
19-May-2026,88.9758,0.0849315,5.88073,6.05078,0.170053
19-May-2026,93.6587,0.0849315,2.74744,2.89174,0.144296
19-May-2026,98.3417,0.0849315,0.892838,0.922197,0.0293591
19-May-2026,103.025,0.0849315,0.173679,0.137066,0.036613
19-May-2026,107.708,0.0849315,0.0180591,0.00467221,0.0133869
19-May-2026,112.39,0.0849315,0.00102215,2.20596e-05,0.00100009
19-May-2026,74.927,0.115068,19.1267,19.16,0.0332938
19-May-2026,79.6099,0.115068,14.5687,14.6424,0.0736657
19-May-2026,84.2928,0.115068,10.22,10.3443,0.124264
19-May-2026,88.9758,0.115068,6.33881,6.48604,0.147225
19-May-2026,93.6587,0.115068,3.27703,3.37161,0.0945751
19-May-2026,98.3417,0.115068,1.30352,1.28435,0.0191721
19-May-2026,103.025,0.115068,0.363065,0.280372,0.0826932
19-May-2026,107.708,0.115068,0.0658563,0.0218401,0.0440162
19-May-2026,112.39,0.115068,0.00782576,0.000385276,0.00744048
19-May-2026,74.927,0.2,19.5704,19.6137,0.0433489
19-May-2026,79.6099,0.2,15.2198,15.2713,0.0515106
19-May-2026,84.2928,0.2,11.1595,11.1949,0.0354007
19-May-2026,88.9758,0.2,7.56261,7.53953,0.0230826
19-May-2026,93.6587,0.2,4.61555,4.48971,0.125836
19-May-2026,98.3417,0.2,2.45597,2.21865,0.237316
19-May-2026,103.025,0.2,1.09908,0.814282,0.284798
19-May-2026,107.708,0.2,0.401888,0.183094,0.218794
19-May-2026,112.39,0.2,0.119585,0.0193264,0.100259
19-May-2026,74.927,0.284932,20.1584,20.1223,0.0360873
19-May-2026,79.6099,0.284932,16.0069,15.9187,0.0881537
19-May-2026,84.2928,0.284932,12.1645,11.9908,0.173687
19-May-2026,88.9758,0.284932,8.74832,8.45625,0.292071
19-May-2026,93.6587,0.284932,5.8721,5.44667,0.425432
19-May-2026,98.3417,0.284932,3.61953,3.08503,0.534497
19-May-2026,103.025,0.284932,2.01386,1.44784,0.566015
19-May-2026,107.708,0.284932,0.997178,0.512874,0.484304
19-May-2026,112.39,0.284932,0.437375,0.119802,0.317573
19-May-2026,74.927,0.367123,20.7745,20.5942,0.180348
19-May-2026,79.6099,0.367123,16.7812,16.4923,0.288948
19-May-2026,84.2928,0.367123,13.0944,12.6661,0.428344
19-May-2026,88.9758,0.367123,9.79892,9.21212,0.586798
19-May-2026,93.6587,0.367123,6.97305,6.23421,0.738837
19-May-2026,98.3417,0.367123,4.67397,3.82757,0.846399
19-May-2026,103.025,0.367123,2.92236,2.05481,0.867553
19-May-2026,107.708,0.367123,1.69057,0.914158,0.776412
19-May-2026,112.39,0.367123,0.90155,0.312535,0.589015
19-May-2026,74.927,0.449315,21.4605,21.0764,0.384071
19-May-2026,79.6099,0.449315,17.6089,17.0629,0.545968
19-May-2026,84.2928,0.449315,14.0538,13.3226,0.73118
19-May-2026,88.9758,0.449315,10.858,9.93674,0.92126
19-May-2026,93.6587,0.449315,8.07725,6.98956,1.08769
19-May-2026,98.3417,0.449315,5.75171,4.55648,1.19523
19-May-2026,103.025,0.449315,3.89791,2.68765,1.21026
19-May-2026,107.708,0.449315,2.50181,1.3881,1.11371
19-May-2026,112.39,0.449315,1.5168,0.600541,0.916259
19-May-2026,74.927,0.534247,22.1546,21.5347,0.619922
19-May-2026,79.6099,0.534247,18.4229,17.5957,0.827186
19-May-2026,84.2928,0.534247,14.9757,13.9266,1.0491
19-May-2026,88.9758,0.534247,11.8609,10.5974,1.26353
19-May-2026,93.6587,0.534247,9.11979,7.67844,1.44135
19-May-2026,98.3417,0.534247,6.78176,5.23107,1.55069
19-May-2026,103.025,0.534247,4.85951,3.29581,1.5637
19-May-2026,107.708,0.534247,3.34499,1.87926,1.46573
19-May-2026,112.39,0.534247,2.2078,0.942899,1.2649
19-May-2026,74.927,0.619178,22.9282,22.0218,0.906358
19-May-2026,79.6099,0.619178,19.3115,18.1549,1.15657
19-May-2026,84.2928,0.619178,15.9656,14.5538,1.41181
19-May-2026,88.9758,0.619178,12.9269,11.2788,1.64808
19-May-2026,93.6587,0.619178,10.2259,8.38886,1.83704
19-May-2026,98.3417,0.619178,7.88396,5.93364,1.95032
19-May-2026,103.025,0.619178,5.91026,3.94553,1.96473
19-May-2026,107.708,0.619178,4.29976,2.4309,1.86886
19-May-2026,112.39,0.619178,3.03201,1.3628,1.66921
19-May-2026,74.927,0.69863,23.6096,22.4364,1.17324
19-May-2026,79.6099,0.69863,20.0823,18.6262,1.45606
19-May-2026,84.2928,0.69863,16.8142,15.0781,1.7361
19-May-2026,88.9758,0.69863,13.8344,11.8455,1.98891
19-May-2026,93.6587,0.69863,11.1665,8.97926,2.18724
19-May-2026,98.3417,0.69863,8.82671,6.52134,2.30537
19-May-2026,103.025,0.69863,6.82198,4.49858,2.3234
19-May-2026,107.708,0.69863,5.14842,2.91653,2.23189
19-May-2026,112.39,0.69863,3.79069,1.75437,2.03632
19-May-2026,74.927,0.775342,24.2432,22.8128,1.43044
19-May-2026,79.6099,0.775342,20.7915,19.0512,1.74028
19-May-2026,84.2928,0.775342,17.5888,15.548,2.04076
19-May-2026,88.9758,0.775342,14.6587,12.3514,2.30735
19-May-2026,93.6587,0.775342,12.0201,9.5059,2.5142
19-May-2026,98.3417,0.775342,9.68575,7.04779,2.63796
19-May-2026,103.025,0.775342,7.66065,4.99972,2.66093
19-May-2026,107.708,0.775342,5.9415,3.36638,2.57512
19-May-2026,112.39,0.775342,4.51604,2.13073,2.38531
19-May-2026,74.927,0.865753,25.0265,23.2689,1.75759
19-May-2026,79.6099,0.865753,21.6603,19.563,2.09734
19-May-2026,84.2928,0.865753,18.5312,16.1108,2.42041
19-May-2026,88.9758,0.865753,15.6576,12.9548,2.70276
19-May-2026,93.6587,0.865753,13.054,10.1336,2.92039
19-May-2026,98.3417,0.865753,10.7295,7.6774,3.0521
19-May-2026,103.025,0.865753,8.68762,5.60476,3.08286
19-May-2026,107.708,0.865753,6.92519,3.91934,3.00585
19-May-2026,112.39,0.865753,5.43245,2.60723,2.82522
20-May-2026,80.4939,0.00547945,14.2183,14.2183,4.98654e-05
20-May-2026,85.2288,0.00547945,9.48411,9.48414,3.13131e-05
20-May-2026,89.9638,0.00547945,4.75001,4.74998,3.0713e-05
20-May-2026,94.6987,0.00547945,0.497085,0.471837,0.0252476
20-May-2026,99.4336,0.00547945,5.25743e-06,6.81639e-08,5.18927e-06
20-May-2026,75.759,0.0246575,19.022,19.0219,5.36109e-05
20-May-2026,80.4939,0.0246575,14.2922,14.2923,8.15787e-05
20-May-2026,85.2288,0.0246575,9.56609,9.56716,0.001074
20-May-2026,89.9638,0.0246575,4.95032,4.9444,0.00591722
20-May-2026,94.6987,0.0246575,1.34002,1.24653,0.0934898
20-May-2026,99.4336,0.0246575,0.0865145,0.0317644,0.0547501
20-May-2026,104.169,0.0246575,0.000483612,3.78008e-07,0.000483234
20-May-2026,108.903,0.0246575,1.34926e-07,3.28563e-15,1.34926e-07
20-May-2026,113.638,0.0246575,3.0339e-12,1.23286e-14,3.02157e-12
20-May-2026,75.759,0.0438356,19.0789,19.079,0.000100019
20-May-2026,80.4939,0.0438356,14.3547,14.3556,0.00089922
20-May-2026,85.2288,0.0438356,9.66029,9.66213,0.00184119
20-May-2026,89.9638,0.0438356,5.21616,5.1867,0.0294574
20-May-2026,94.6987,0.0438356,1.80577,1.65392,0.151851
20-May-2026,99.4336,0.0438356,0.27466,0.131321,0.143339
20-May-2026,104.169,0.0438356,0.0113881,0.000150694,0.0112374
20-May-2026,108.903,0.0438356,9.571e-05,6.29028e-10,9.57094e-05
20-May-2026,113.638,0.0438356,1.96179e-07,-1.69051e-15,1.96179e-07
20-May-2026,75.759,0.0630137,19.1499,19.1507,0.000791649
20-May-2026,80.4939,0.0630137,14.4428,14.4448,0.00197663
20-May-2026,85.2288,0.0630137,9.82173,9.81424,0.00749092
20-May-2026,89.9638,0.0630137,5.56755,5.49167,0.0758843
20-May-2026,94.6987,0.0630137,2.29674,2.06665,0.23009
20-May-2026,99.4336,0.0630137,0.561189,0.305127,0.256062
20-May-2026,104.169,0.0630137,0.0630812,0.00338659,0.0596946
20-May-2026,108.903,0.0630137,0.00274246,7.60562e-07,0.0027417
20-May-2026,113.638,0.0630137,4.93372e-05,2.61897e-11,4.93372e-05
20-May-2026,75.759,0.0821918,19.2118,19.2131,0.00131538
20-May-2026,80.4939,0.0821918,14.5302,14.5296,0.000604136
20-May-2026,85.2288,0.0821918,9.98308,9.95698,0.0260995
20-May-2026,89.9638,0.0821918,5.85909,5.73462,0.124467
20-May-2026,94.6987,0.0821918,2.66443,2.36516,0.299269
20-May-2026,99.4336,0.0821918,0.816227,0.468441,0.347786
20-May-2026,104.169,0.0821918,0.142407,0.0140572,0.12835
20-May-2026,108.903,0.0821918,0.0125234,1.88043e-05,0.0125046
20-May-2026,113.638,0.0821918,0.000570781,4.46656e-09,0.000570777
20-May-2026,75.759,0.112329,19.3287,19.3274,0.00128402
20-May-2026,80.4939,0.112329,14.7084,14.6911,0.0172779
20-May-2026,85.2288,0.112329,10.2905,10.2128,0.0776775
20-May-2026,89.9638,0.112329,6.34237,6.12103,0.221341
20-May-2026,94.6987,0.112329,3.23743,2.81405,0.423385
20-May-2026,99.4336,0.112329,1.25983,0.759528,0.500302
20-May-2026,104.169,0.112329,0.339536,0.0599367,0.279599
20-May-2026,108.903,0.112329,0.0588139,0.000502116,0.0583118
20-May-2026,113.638,0.112329,0.00654976,8.19136e-07,0.00654894
20-May-2026,75.759,0.19726,19.7869,19.7178,0.0690588
20-May-2026,80.4939,0.19726,15.3946,15.2308,0.163796
20-May-2026,85.2288,0.19726,11.3035,10.9717,0.331799
20-May-2026,89.9638,0.19726,7.6899,7.11725,0.572652
20-May-2026,94.6987,0.19726,4.73677,3.91147,0.8253
20-May-2026,99.4336,0.19726,2.57034,1.62139,0.948949
20-May-2026,104.169,0.19726,1.19302,0.399325,0.793695
20-May-2026,108.903,0.19726,0.461944,0.0376694,0.424275
20-May-2026,113.638,0.19726,0.147732,0.000984796,0.146747
20-May-2026,75.759,0.282192,20.4337,20.1815,0.252193
20-May-2026,80.4939,0.282192,16.2748,15.8324,0.442355
20-May-2026,85.2288,0.282192,12.4416,11.7376,0.704036
20-May-2026,89.9638,0.282192,9.04646,8.03477,1.01169
20-May-2026,94.6987,0.282192,6.19114,4.89504,1.2961
20-May-2026,99.4336,0.282192,3.94221,2.49574,1.44647
20-May-2026,104.169,0.282192,2.30827,0.956496,1.35177
20-May-2026,108.903,0.282192,1.2302,0.229425,1.00077
20-May-2026,113.638,0.282192,0.593181,0.0267477,0.566433
20-May-2026,75.759,0.364384,21.1388,20.6313,0.507512
20-May-2026,80.4939,0.364384,17.1692,16.3907,0.77853
20-May-2026,85.2288,0.364384,13.522,12.4135,1.10847
20-May-2026,89.9638,0.364384,10.2735,8.81337,1.46013
20-May-2026,94.6987,0.364384,7.48765,5.72196,1.76569
20-May-2026,99.4336,0.364384,5.20432,3.27008,1.93424
20-May-2026,104.169,0.364384,3.42982,1.54933,1.88049
20-May-2026,108.903,0.364384,2.13251,0.554176,1.57833
20-May-2026,113.638,0.364384,1.24671,0.130463,1.11625
20-May-2026,75.759,0.446575,21.9423,21.1045,0.837805
20-May-2026,80.4939,0.446575,18.1427,16.9612,1.18149
20-May-2026,85.2288,0.446575,14.6527,13.0847,1.56804
20-May-2026,89.9638,0.446575,11.5247,9.56987,1.95483
20-May-2026,94.6987,0.446575,8.7998,6.52152,2.27828
20-May-2026,99.4336,0.446575,6.50254,4.0392,2.46334
20-May-2026,104.169,0.446575,4.63616,2.19293,2.44323
20-May-2026,108.903,0.446575,3.18113,0.99039,2.19074
20-May-2026,113.638,0.446575,2.09685,0.345291,1.75156
20-May-2026,75.759,0.531507,22.7667,21.5625,1.20419
20-May-2026,80.4939,0.531507,19.1102,17.5022,1.60797
20-May-2026,85.2288,0.531507,15.7479,13.7087,2.03915
20-May-2026,89.9638,0.531507,12.7167,10.2634,2.45332
20-May-2026,94.6987,0.531507,10.0443,7.252,2.7923
20-May-2026,99.4336,0.531507,7.746,4.75337,2.99263
20-May-2026,104.169,0.531507,5.82265,2.82233,3.00032
20-May-2026,108.903,0.531507,4.2603,1.46969,2.79061
20-May-2026,113.638,0.531507,3.0311,0.641992,2.38911
20-May-2026,75.759,0.616438,23.693,22.055,1.63796
20-May-2026,80.4939,0.616438,20.1723,18.0751,2.09725
20-May-2026,85.2288,0.616438,16.9286,14.36,2.56856
20-May-2026,89.9638,0.616438,13.9875,10.9796,3.00793
20-May-2026,94.6987,0.616438,11.3671,8.0043,3.3628
20-May-2026,99.4336,0.616438,9.07618,5.49676,3.57942
20-May-2026,104.169,0.616438,7.11397,3.49974,3.61423
20-May-2026,108.903,0.616438,5.46955,2.02393,3.44562
20-May-2026,113.638,0.616438,4.12282,1.03458,3.08824
20-May-2026,75.759,0.69589,24.5119,22.4769,2.03501
20-May-2026,80.4939,0.69589,21.0959,18.5599,2.53597
20-May-2026,85.2288,0.69589,17.9424,14.9054,3.03701
20-May-2026,89.9638,0.69589,15.0701,11.5746,3.49553
20-May-2026,94.6987,0.69589,12.4916,8.62788,3.86372
20-May-2026,99.4336,0.69589,10.212,6.11733,4.09467
20-May-2026,104.169,0.69589,8.22927,4.07788,4.15139
20-May-2026,108.903,0.69589,6.53411,2.5191,4.01501
20-May-2026,113.638,0.69589,5.11046,1.41543,3.69503
20-May-2026,75.759,0.772603,25.2744,22.8612,2.41316
20-May-2026,80.4939,0.772603,21.9458,18.9979,2.94789
20-May-2026,85.2288,0.772603,18.8673,15.3942,3.47314
20-May-2026,89.9638,0.772603,16.0528,12.1048,3.94798
20-May-2026,94.6987,0.772603,13.5109,9.18262,4.32828
20-May-2026,99.4336,0.772603,11.2445,6.67192,4.57258
20-May-2026,104.169,0.772603,9.25066,4.60196,4.6487
20-May-2026,108.903,0.772603,7.52102,2.98109,4.53993
20-May-2026,113.638,0.772603,6.04205,1.78911,4.25294
20-May-2026,75.759,0.863014,26.2166,23.328,2.88863
20-May-2026,80.4939,0.863014,22.986,19.5257,3.46035
20-May-2026,85.2288,0.863014,19.9912,15.979,4.0122
20-May-2026,89.9638,0.863014,17.2417,12.7361,4.5056
20-May-2026,94.6987,0.863014,14.7428,9.84196,4.90084
20-May-2026,99.4336,0.863014,12.4951,7.33347,5.16163
20-May-2026,104.169,0.863014,10.4952,5.23432,5.26088
20-May-2026,108.903,0.863014,8.73537,3.55136,5.18401
20-May-2026,113.638,0.863014,7.20417,2.26864,4.93553
21-May-2026,76.5887,0.00273973,19.1537,19.1537,3.47517e-05
21-May-2026,81.3755,0.00273973,14.3673,14.3673,4.31742e-05
21-May-2026,86.1623,0.00273973,9.58094,9.58095,1.15967e-05
21-May-2026,90.9491,0.00273973,4.79455,4.79456,1.12246e-05
21-May-2026,95.7359,0.00273973,0.355339,0.404884,0.0495451
21-May-2026,100.523,0.00273973,4.99563e-09,7.5227e-09,2.52707e-09
21-May-2026,76.5887,0.0219178,19.2256,19.2256,1.6094e-05
21-May-2026,81.3755,0.0219178,14.4437,14.444,0.000251417
21-May-2026,86.1623,0.0219178,9.66436,9.67166,0.00730392
21-May-2026,90.9491,0.0219178,4.98243,5.05043,0.0680021
21-May-2026,95.7359,0.0219178,1.30638,1.43491,0.128534
21-May-2026,100.523,0.0219178,0.0742383,0.0905147,0.0162764
21-May-2026,105.309,0.0219178,0.00030507,0.000123885,0.000181185
21-May-2026,110.096,0.0219178,4.95171e-08,8.27086e-11,4.94344e-08
21-May-2026,114.883,0.0219178,5.18663e-13,-2.9564e-15,5.21619e-13
21-May-2026,76.5887,0.0410959,19.2843,19.2848,0.000494851
21-May-2026,81.3755,0.0410959,14.5077,14.5128,0.00513979
21-May-2026,86.1623,0.0410959,9.75799,9.79203,0.0340408
21-May-2026,90.9491,0.0410959,5.25092,5.36034,0.109418
21-May-2026,95.7359,0.0410959,1.79134,1.91668,0.125341
21-May-2026,100.523,0.0410959,0.261333,0.275635,0.0143025
21-May-2026,105.309,0.0410959,0.00992176,0.00466636,0.0052554
21-May-2026,110.096,0.0410959,7.16649e-05,1.09687e-06,7.0568e-05
21-May-2026,114.883,0.0410959,1.18099e-07,6.00145e-12,1.18093e-07
21-May-2026,76.5887,0.060274,19.3574,19.3615,0.00405362
21-May-2026,81.3755,0.060274,14.5973,14.6172,0.0199188
21-May-2026,86.1623,0.060274,9.92046,9.98448,0.0640182
21-May-2026,90.9491,0.060274,5.60962,5.72799,0.118367
21-May-2026,95.7359,0.060274,2.29747,2.38747,0.089997
21-May-2026,100.523,0.060274,0.552315,0.532585,0.0197304
21-May-2026,105.309,0.060274,0.0602237,0.0303276,0.0298961
21-May-2026,110.096,0.060274,0.00248884,0.000113084,0.00237576
21-May-2026,114.883,0.060274,4.15161e-05,2.90853e-08,4.1487e-05
21-May-2026,76.5887,0.0794521,19.4208,19.4307,0.00992725
21-May-2026,81.3755,0.0794521,14.686,14.7189,0.0329385
21-May-2026,86.1623,0.0794521,10.0842,10.1593,0.0751061
21-May-2026,90.9491,0.0794521,5.90774,6.00978,0.102035
21-May-2026,95.7359,0.0794521,2.67491,2.71916,0.0442548
21-May-2026,100.523,0.0794521,0.812456,0.746191,0.0662648
21-May-2026,105.309,0.0794521,0.139682,0.0724051,0.0672769
21-May-2026,110.096,0.0794521,0.0119948,0.00089548,0.0110993
21-May-2026,114.883,0.0794521,0.000527049,1.20913e-06,0.00052584
21-May-2026,76.5887,0.109589,19.5404,19.5608,0.0203992
21-May-2026,81.3755,0.109589,14.8674,14.9112,0.0438388
21-May-2026,86.1623,0.109589,10.3973,10.4615,0.064208
21-May-2026,90.9491,0.109589,6.40189,6.44403,0.0421402
21-May-2026,95.7359,0.109589,3.26167,3.20622,0.0554476
21-May-2026,100.523,0.109589,1.26541,1.09572,0.169685
21-May-2026,105.309,0.109589,0.339525,0.180813,0.158712
21-May-2026,110.096,0.109589,0.058412,0.0073102,0.0511018
21-May-2026,114.883,0.109589,0.00643145,5.18e-05,0.00637965
21-May-2026,76.5887,0.194521,20.0089,20.0041,0.00482601
21-May-2026,81.3755,0.194521,15.5679,15.5265,0.0414294
21-May-2026,86.1623,0.194521,11.4316,11.3067,0.124854
21-May-2026,90.9491,0.194521,7.77839,7.51218,0.266214
21-May-2026,95.7359,0.194521,4.79327,4.35177,0.441496
21-May-2026,100.523,0.194521,2.60331,2.03179,0.571519
21-May-2026,105.309,0.194521,1.2103,0.661551,0.548749
21-May-2026,110.096,0.194521,0.469789,0.115689,0.3541
21-May-2026,114.883,0.194521,0.150679,0.0078536,0.142825
21-May-2026,76.5887,0.279452,20.6705,20.5127,0.157834
21-May-2026,81.3755,0.279452,16.4673,16.1779,0.289392
21-May-2026,86.1623,0.279452,12.5937,12.1165,0.477178
21-May-2026,90.9491,0.279452,9.16269,8.45608,0.706613
21-May-2026,95.7359,0.279452,6.27688,5.34408,0.932797
21-May-2026,100.523,0.279452,4.0029,2.92357,1.07933
21-May-2026,105.309,0.279452,2.34905,1.28694,1.06211
21-May-2026,110.096,0.279452,1.25578,0.404613,0.851167
21-May-2026,114.883,0.279452,0.607871,0.0765036,0.531367
21-May-2026,76.5887,0.361644,21.3915,20.9918,0.399697
21-May-2026,81.3755,0.361644,17.3809,16.7637,0.617199
21-May-2026,86.1623,0.361644,13.6962,12.8119,0.884265
21-May-2026,90.9491,0.361644,10.4141,9.24101,1.17309
21-May-2026,95.7359,0.361644,7.59875,6.16615,1.4326
21-May-2026,100.523,0.361644,5.28993,3.69628,1.59365
21-May-2026,105.309,0.361644,3.49374,1.90557,1.58817
21-May-2026,110.096,0.361644,2.17834,0.791016,1.38732
21-May-2026,114.883,0.361644,1.27793,0.240735,1.0372
21-May-2026,76.5887,0.443836,22.2128,21.4862,0.726593
21-May-2026,81.3755,0.443836,18.3748,17.3516,1.02317
21-May-2026,86.1623,0.443836,14.8497,13.4926,1.35713
21-May-2026,90.9491,0.443836,11.6897,9.99672,1.69298
21-May-2026,95.7359,0.443836,8.93619,6.95685,1.97934
21-May-2026,100.523,0.443836,6.61339,4.45806,2.15533
21-May-2026,105.309,0.443836,4.72444,2.55906,2.16538
21-May-2026,110.096,0.443836,3.24965,1.26534,1.98431
21-May-2026,114.883,0.443836,2.14837,0.510913,1.63746
21-May-2026,76.5887,0.528767,23.0549,21.9588,1.0961
21-May-2026,81.3755,0.528767,19.3622,17.9033,1.45892
21-May-2026,86.1623,0.528767,15.9665,14.1209,1.84562
21-May-2026,90.9491,0.528767,12.9047,10.687,2.21772
21-May-2026,95.7359,0.528767,10.2045,7.67855,2.52595
21-May-2026,100.523,0.528767,7.88077,5.16411,2.71666
21-May-2026,105.309,0.528767,5.93447,3.19079,2.74368
21-May-2026,110.096,0.528767,4.35146,1.76601,2.58545
21-May-2026,114.883,0.528767,3.10387,0.847079,2.25679
21-May-2026,76.5887,0.613699,24.0006,22.4631,1.53752
21-May-2026,81.3755,0.613699,20.4458,18.4839,1.96185
21-May-2026,86.1623,0.613699,17.1703,14.7744,2.39588
21-May-2026,90.9491,0.613699,14.1998,11.3993,2.80047
21-May-2026,95.7359,0.613699,11.5522,8.42262,3.12958
21-May-2026,100.523,0.613699,9.23628,5.8995,3.33678
21-May-2026,105.309,0.613699,7.25105,3.86749,3.38356
21-May-2026,110.096,0.613699,5.58548,2.33368,3.2518
21-May-2026,114.883,0.613699,4.21946,1.26934,2.95012
21-May-2026,76.5887,0.693151,24.8365,22.8931,1.94344
21-May-2026,81.3755,0.693151,21.3877,18.974,2.41367
21-May-2026,86.1623,0.693151,18.2036,15.3211,2.88251
21-May-2026,90.9491,0.693151,15.3029,11.9916,3.31132
21-May-2026,95.7359,0.693151,12.6978,9.04056,3.65724
21-May-2026,100.523,0.693151,10.3935,6.51437,3.87913
21-May-2026,105.309,0.693151,8.38791,4.44412,3.94379
21-May-2026,110.096,0.693151,6.67143,2.83592,3.83551
21-May-2026,114.883,0.693151,5.22806,1.66818,3.55988
21-May-2026,76.5887,0.769863,25.6145,23.2839,2.33058
21-May-2026,81.3755,0.769863,22.2543,19.4162,2.83812
21-May-2026,86.1623,0.769863,19.1462,15.8111,3.33513
21-May-2026,90.9491,0.769863,16.304,12.52,3.78398
21-May-2026,95.7359,0.769863,13.7362,9.59134,4.14486
21-May-2026,100.523,0.769863,11.4454,7.06481,4.38059
21-May-2026,105.309,0.769863,9.42886,4.96678,4.46208
21-May-2026,110.096,0.769863,7.67789,3.30232,4.37557
21-May-2026,114.883,0.769863,6.17899,2.05415,4.12484
21-May-2026,76.5887,0.860274,26.5755,23.7579,2.81762
21-May-2026,81.3755,0.860274,23.3146,19.9487,3.36588
21-May-2026,86.1623,0.860274,20.2914,16.3977,3.89371
21-May-2026,90.9491,0.860274,17.5151,13.1501,4.36504
21-May-2026,95.7359,0.860274,14.9909,10.2473,4.74361
21-May-2026,100.523,0.860274,12.7195,7.72263,4.99687
21-May-2026,105.309,0.860274,10.6971,5.59777,5.09933
21-May-2026,110.096,0.860274,8.91598,3.8765,5.03948
21-May-2026,114.883,0.860274,7.36476,2.54506,4.8197
22-May-2026,75.8119,0.0191781,19.0249,19.025,6.91227e-05
22-May-2026,80.5502,0.0191781,14.2912,14.2917,0.000520425
22-May-2026,85.2884,0.0191781,9.56004,9.57322,0.0131777
22-May-2026,90.0267,0.0191781,4.92844,5.04136,0.11292
22-May-2026,94.7649,0.0191781,1.30635,1.54009,0.233737
22-May-2026,99.5031,0.0191781,0.0808323,0.146336,0.0655038
22-May-2026,104.241,0.0191781,0.000439757,0.00150337,0.00106361
22-May-2026,108.98,0.0191781,1.10561e-07,6.40496e-07,5.29935e-07
22-May-2026,113.718,0.0191781,1.61169e-12,1.75555e-11,1.59438e-11
22-May-2026,75.8119,0.0383562,19.0838,19.085,0.00115316
22-May-2026,80.5502,0.0383562,14.3556,14.3664,0.010797
22-May-2026,85.2884,0.0383562,9.65747,9.7208,0.063334
22-May-2026,90.0267,0.0383562,5.21566,5.41209,0.19643
22-May-2026,94.7649,0.0383562,1.82134,2.08748,0.266141
22-May-2026,99.5031,0.0383562,0.29081,0.404528,0.113718
22-May-2026,104.241,0.0383562,0.0138973,0.0228288,0.00893155
22-May-2026,108.98,0.0383562,0.000145828,0.000228828,8.29996e-05
22-May-2026,113.718,0.0383562,3.55812e-07,5.20214e-07,1.64402e-07
22-May-2026,75.8119,0.0575342,19.1573,19.1668,0.00947404
22-May-2026,80.5502,0.0575342,14.4478,14.489,0.0412149
22-May-2026,85.2884,0.0575342,9.83043,9.95511,0.124676
22-May-2026,90.0267,0.0575342,5.59503,5.8357,0.240668
22-May-2026,94.7649,0.0575342,2.34937,2.60906,0.259688
22-May-2026,99.5031,0.0575342,0.607096,0.727493,0.120397
22-May-2026,104.241,0.0575342,0.0777115,0.0903256,0.0126141
22-May-2026,108.98,0.0575342,0.00416004,0.00369092,0.000469118
22-May-2026,113.718,0.0575342,9.35471e-05,5.80529e-05,3.54942e-05
22-May-2026,75.8119,0.0767123,19.2219,19.2446,0.0227019
22-May-2026,80.5502,0.0767123,14.5408,14.6108,0.0699856
22-May-2026,85.2884,0.0767123,10.0044,10.1627,0.158288
22-May-2026,90.0267,0.0767123,5.90686,6.15264,0.245779
22-May-2026,94.7649,0.0767123,2.73938,2.97032,0.230938
22-May-2026,99.5031,0.0767123,0.883764,0.98018,0.0964159
22-May-2026,104.241,0.0767123,0.171992,0.171495,0.000497109
22-May-2026,108.98,0.0767123,0.0179968,0.0126681,0.0053287
22-May-2026,113.718,0.0767123,0.00100283,0.000443826,0.000559004
22-May-2026,75.8119,0.0958904,19.2933,19.3321,0.0388232
22-May-2026,80.5502,0.0958904,14.6505,14.7451,0.0946467
22-May-2026,85.2884,0.0958904,10.1977,10.3731,0.175406
22-May-2026,90.0267,0.0958904,6.21545,6.44659,0.231139
22-May-2026,94.7649,0.0958904,3.10617,3.2933,0.187131
22-May-2026,99.5031,0.0958904,1.16705,1.22083,0.0537753
22-May-2026,104.241,0.0958904,0.298302,0.26832,0.0299822
22-May-2026,108.98,0.0958904,0.0477551,0.0291302,0.0186249
22-May-2026,113.718,0.0958904,0.00471784,0.00170489,0.00301295
22-May-2026,75.8119,0.106849,19.3455,19.3951,0.0495947
22-May-2026,80.5502,0.106849,14.7323,14.8393,0.106951
22-May-2026,85.2884,0.106849,10.3343,10.5125,0.178245
22-May-2026,90.0267,0.106849,6.41889,6.63162,0.212726
22-May-2026,94.7649,0.106849,3.34134,3.49258,0.151236
22-May-2026,99.5031,0.106849,1.3577,1.37501,0.0173117
22-May-2026,104.241,0.106849,0.397165,0.339069,0.0580958
22-May-2026,108.98,0.106849,0.0781604,0.0445719,0.0335885
22-May-2026,113.718,0.106849,0.0101836,0.00335601,0.00682759
22-May-2026,75.8119,0.191781,19.8353,19.9093,0.0740188
22-May-2026,80.5502,0.191781,15.4649,15.5464,0.0814997
22-May-2026,85.2884,0.191781,11.4055,11.4527,0.0471952
22-May-2026,90.0267,0.191781,7.82642,7.7743,0.0521201
22-May-2026,94.7649,0.191781,4.8972,4.68772,0.20948
22-May-2026,99.5031,0.191781,2.72968,2.36842,0.361262
22-May-2026,104.241,0.191781,1.32212,0.919887,0.402233
22-May-2026,108.98,0.191781,0.544491,0.251891,0.2926
22-May-2026,113.718,0.191781,0.18855,0.0488092,0.139741
22-May-2026,75.8119,0.276712,20.5211,20.484,0.037109
22-May-2026,80.5502,0.276712,16.3909,16.266,0.124871
22-May-2026,85.2884,0.276712,12.5908,12.3195,0.271344
22-May-2026,90.0267,0.276712,9.22688,8.75328,0.473596
22-May-2026,94.7649,0.276712,6.39218,5.69427,0.697915
22-May-2026,99.5031,0.276712,4.1453,3.27133,0.873969
22-May-2026,104.241,0.276712,2.49149,1.57894,0.912546
22-May-2026,108.98,0.276712,1.37581,0.606527,0.769283
22-May-2026,113.718,0.276712,0.694063,0.181575,0.512488
22-May-2026,75.8119,0.358904,21.2607,21.0116,0.249079
22-May-2026,80.5502,0.358904,17.3216,16.8956,0.425981
22-May-2026,85.2884,0.358904,13.7063,13.0461,0.66016
22-May-2026,90.0267,0.358904,10.4859,9.55241,0.933492
22-May-2026,94.7649,0.358904,7.7185,6.5158,1.2027
22-May-2026,99.5031,0.358904,5.43901,4.03893,1.40008
22-May-2026,104.241,0.358904,3.65127,2.20171,1.44956
22-May-2026,108.98,0.358904,2.32515,1.01721,1.30794
22-May-2026,113.718,0.358904,1.40038,0.388751,1.01163
22-May-2026,75.8119,0.441096,22.0966,21.5451,0.55145
22-May-2026,80.5502,0.441096,18.3275,17.5156,0.811944
22-May-2026,85.2884,0.441096,14.8674,13.7466,1.12083
22-May-2026,90.0267,0.441096,11.7648,10.3137,1.45111
22-May-2026,94.7649,0.441096,9.05693,7.30061,1.75632
22-May-2026,99.5031,0.441096,6.76478,4.79046,1.97432
22-May-2026,104.241,0.441096,4.88996,2.84922,2.04074
22-May-2026,108.98,0.441096,3.41342,1.49714,1.91628
22-May-2026,113.718,0.441096,2.29734,0.68048,1.61686
22-May-2026,75.8119,0.526027,22.9489,22.0472,0.901703
22-May-2026,80.5502,0.526027,19.3222,18.0894,1.23278
22-May-2026,85.2884,0.526027,15.988,14.3868,1.60115
22-May-2026,90.0267,0.526027,12.9803,11.0051,1.97518
22-May-2026,94.7649,0.526027,10.3238,8.01521,2.30859
22-May-2026,99.5031,0.526027,8.03152,5.48604,2.54548
22-May-2026,104.241,0.526027,6.10307,3.47232,2.63075
22-May-2026,108.98,0.526027,4.52461,1.99506,2.52955
22-May-2026,113.718,0.526027,3.26984,1.02312,2.24672
22-May-2026,75.8119,0.610959,23.9021,22.5765,1.32561
22-May-2026,80.5502,0.610959,20.4101,18.6878,1.72235
22-May-2026,85.2884,0.610959,17.1928,15.0488,2.14398
22-May-2026,90.0267,0.610959,14.2735,11.7169,2.55661
22-May-2026,94.7649,0.610959,11.6682,8.75214,2.91606
22-May-2026,99.5031,0.610959,9.38417,6.21157,3.1726
22-May-2026,104.241,0.610959,7.41958,4.1401,3.27948
22-May-2026,108.98,0.610959,5.76353,2.55708,3.20645
22-May-2026,113.718,0.610959,4.39679,1.44483,2.95196
22-May-2026,75.8119,0.690411,24.742,23.0239,1.71809
22-May-2026,80.5502,0.690411,21.3536,19.1896,2.164
22-May-2026,85.2884,0.690411,18.2252,15.6007,2.62451
22-May-2026,90.0267,0.690411,15.3737,12.3083,3.06539
22-May-2026,94.7649,0.690411,12.8098,9.36511,3.44469
22-May-2026,99.5031,0.690411,10.5376,6.81984,3.71776
22-May-2026,104.241,0.690411,8.55437,4.7106,3.84377
22-May-2026,108.98,0.690411,6.85062,3.05469,3.79593
22-May-2026,113.718,0.690411,5.41089,1.84103,3.56986
22-May-2026,75.8119,0.767123,25.522,23.4283,2.09372
22-May-2026,80.5502,0.767123,22.2202,19.6407,2.57952
22-May-2026,85.2884,0.767123,19.1658,16.0946,3.07123
22-May-2026,90.0267,0.767123,16.3712,12.8363,3.53493
22-May-2026,94.7649,0.767123,13.8436,9.91253,3.93107
22-May-2026,99.5031,0.767123,11.5851,7.36589,4.21921
22-May-2026,104.241,0.767123,9.59218,5.22925,4.36293
22-May-2026,108.98,0.767123,7.85625,3.51793,4.33832
22-May-2026,113.718,0.767123,6.36423,2.22458,4.13965
22-May-2026,75.8119,0.857534,26.4838,23.9164,2.56739
22-May-2026,80.5502,0.857534,23.279,20.1825,3.09647
22-May-2026,85.2884,0.857534,20.3073,16.6855,3.62184
22-May-2026,90.0267,0.857534,17.5769,13.4664,4.1105
22-May-2026,94.7649,0.857534,15.0921,10.566,4.52609
22-May-2026,99.5031,0.857534,12.8529,8.0205,4.8324
22-May-2026,104.241,0.857534,10.8553,5.85752,4.99778
22-May-2026,108.98,0.857534,9.09145,4.0901,5.00135
22-May-2026,113.718,0.857534,7.5503,2.71368,4.83662
25-May-2026,75.4717,0.0109589,18.8944,18.8944,2.5781e-05
25-May-2026,80.1887,0.0109589,14.1791,14.179,7.1135e-05
25-May-2026,84.9056,0.0109589,9.46375,9.46379,4.26898e-05
25-May-2026,89.6226,0.0109589,4.75409,4.75872,0.00462838
25-May-2026,94.3396,0.0109589,0.778651,0.805759,0.0271079
25-May-2026,99.0566,0.0109589,0.0029509,0.00226204,0.000688861
25-May-2026,103.774,0.0109589,1.04033e-08,3.46674e-10,1.00566e-08
25-May-2026,75.4717,0.030137,18.9672,18.9672,2.35924e-05
25-May-2026,80.1887,0.030137,14.2567,14.2577,0.000988097
25-May-2026,84.9056,0.030137,9.55866,9.56963,0.0109658
25-May-2026,89.6226,0.030137,5.04454,5.0842,0.0396582
25-May-2026,94.3396,0.030137,1.57895,1.58742,0.00847073
25-May-2026,99.0566,0.030137,0.1816,0.144813,0.0367868
25-May-2026,103.774,0.030137,0.00429622,0.00104508,0.00325114
25-May-2026,108.491,0.030137,1.36669e-05,3.79319e-07,1.32876e-05
25-May-2026,113.208,0.030137,6.16636e-09,2.29706e-11,6.14339e-09
25-May-2026,75.4717,0.0493151,19.027,19.028,0.00101665
25-May-2026,80.1887,0.0493151,14.3258,14.333,0.00716963
25-May-2026,84.9056,0.0493151,9.68006,9.70714,0.0270848
25-May-2026,89.6226,0.0493151,5.35628,5.39444,0.0381575
25-May-2026,94.3396,0.0493151,2.05906,2.02602,0.0330353
25-May-2026,99.0566,0.0493151,0.430349,0.337504,0.0928453
25-May-2026,103.774,0.0493151,0.0364631,0.0115781,0.024885
25-May-2026,108.491,0.0493151,0.000995113,6.3017e-05,0.000932096
25-May-2026,113.208,0.0493151,8.73909e-06,1.1319e-07,8.6259e-06
25-May-2026,75.4717,0.0684932,19.1035,19.109,0.00551737
25-May-2026,80.1887,0.0684932,14.4295,14.4477,0.0182336
25-May-2026,84.9056,0.0684932,9.87844,9.91234,0.0338959
25-May-2026,89.6226,0.0684932,5.7469,5.75544,0.00853912
25-May-2026,94.3396,0.0684932,2.57,2.46799,0.102011
25-May-2026,99.0566,0.0684932,0.769339,0.589947,0.179392
25-May-2026,103.774,0.0684932,0.131084,0.0478585,0.0832255
25-May-2026,108.491,0.0684932,0.0111295,0.00110355,0.010026
25-May-2026,113.208,0.0684932,0.000462626,1.181e-05,0.000450816
25-May-2026,75.4717,0.0876712,19.1725,19.1833,0.0107758
25-May-2026,80.1887,0.0876712,14.5338,14.5577,0.0238602
25-May-2026,84.9056,0.0876712,10.0681,10.0936,0.0254649
25-May-2026,89.6226,0.0876712,6.06357,6.03182,0.0317533
25-May-2026,94.3396,0.0876712,2.95321,2.78398,0.16923
25-May-2026,99.0566,0.0876712,1.05703,0.79677,0.26026
25-May-2026,103.774,0.0876712,0.249021,0.0968869,0.152134
25-May-2026,108.491,0.0876712,0.035201,0.00431652,0.0308845
25-May-2026,113.208,0.0876712,0.00292492,0.000103013,0.00282191
25-May-2026,75.4717,0.0986301,19.223,19.2369,0.0139062
25-May-2026,80.1887,0.0986301,14.6127,14.6369,0.0241773
25-May-2026,84.9056,0.0986301,10.2038,10.2169,0.0131318
25-May-2026,89.6226,0.0986301,6.27209,6.20728,0.0648078
25-May-2026,94.3396,0.0986301,3.19701,2.97871,0.218296
25-May-2026,99.0566,0.0986301,1.25091,0.93295,0.31796
25-May-2026,103.774,0.0986301,0.344091,0.13802,0.206071
25-May-2026,108.491,0.0986301,0.0617533,0.00841104,0.0533423
25-May-2026,113.208,0.0986301,0.00708372,0.000292543,0.00679118
25-May-2026,75.4717,0.183562,19.7043,19.6909,0.0134431
25-May-2026,80.1887,0.183562,15.339,15.268,0.0709689
25-May-2026,84.9056,0.183562,11.2821,11.0871,0.194987
25-May-2026,89.6226,0.183562,7.70772,7.31027,0.397451
25-May-2026,94.3396,0.183562,4.79036,4.15398,0.63638
25-May-2026,99.0566,0.183562,2.64388,1.85722,0.786661
25-May-2026,103.774,0.183562,1.26306,0.567414,0.695646
25-May-2026,108.491,0.183562,0.510623,0.107005,0.403618
25-May-2026,113.208,0.183562,0.1726,0.0138716,0.158728
25-May-2026,75.4717,0.268493,20.357,20.2001,0.156935
25-May-2026,80.1887,0.268493,16.2268,15.9168,0.309977
25-May-2026,84.9056,0.268493,12.4266,11.8882,0.538409
25-May-2026,89.6226,0.268493,9.06587,8.23753,0.828339
25-May-2026,94.3396,0.268493,6.24131,5.11963,1.12168
25-May-2026,99.0566,0.268493,4.01301,2.70514,1.30787
25-May-2026,103.774,0.268493,2.38489,1.12448,1.26041
25-May-2026,108.491,0.268493,1.29797,0.341547,0.956423
25-May-2026,113.208,0.268493,0.643056,0.07671,0.566346
25-May-2026,75.4717,0.350685,21.0974,20.7049,0.392475
25-May-2026,80.1887,0.350685,17.1631,16.5288,0.634295
25-May-2026,84.9056,0.350685,13.5533,12.6082,0.945124
25-May-2026,89.6226,0.350685,10.3406,9.0438,1.2968
25-May-2026,94.3396,0.350685,7.58448,5.95726,1.62722
25-May-2026,99.0566,0.350685,5.32034,3.47977,1.84057
25-May-2026,103.774,0.350685,3.55138,1.71757,1.83381
25-May-2026,108.491,0.350685,2.24587,0.680424,1.56545
25-May-2026,113.208,0.350685,1.34136,0.212181,1.12918
25-May-2026,75.4717,0.432877,21.9768,21.2492,0.727569
25-May-2026,80.1887,0.432877,18.2232,17.1693,1.05388
25-May-2026,84.9056,0.432877,14.7784,13.3424,1.43596
25-May-2026,89.6226,0.432877,11.6908,9.85283,1.83797
25-May-2026,94.3396,0.432877,8.99726,6.79839,2.19887
25-May-2026,99.0566,0.432877,6.71846,4.2814,2.43706
25-May-2026,103.774,0.432877,4.85552,2.3859,2.46962
25-May-2026,108.491,0.432877,3.389,1.13642,2.25258
25-May-2026,113.208,0.432877,2.28086,0.451446,1.82941
25-May-2026,75.4717,0.517808,22.8359,21.7455,1.09038
25-May-2026,80.1887,0.517808,19.226,17.7425,1.48352
25-May-2026,84.9056,0.517808,15.9082,13.9892,1.91896
25-May-2026,89.6226,0.517808,12.916,10.5587,2.35729
25-May-2026,94.3396,0.517808,10.2739,7.53283,2.74107
25-May-2026,99.0566,0.517808,7.99453,4.99468,2.99985
25-May-2026,103.774,0.517808,6.07715,3.01229,3.06486
25-May-2026,108.491,0.517808,4.5077,1.61248,2.89522
25-May-2026,113.208,0.517808,3.25984,0.74998,2.50986
25-May-2026,75.4717,0.60274,23.7555,22.2514,1.50406
25-May-2026,80.1887,0.60274,20.2759,18.3195,1.95639
25-May-2026,84.9056,0.60274,17.071,14.6337,2.43733
25-May-2026,89.6226,0.60274,14.164,11.2575,2.90653
25-May-2026,94.3396,0.60274,11.571,8.26009,3.31091
25-May-2026,99.0566,0.60274,9.29911,5.70964,3.58947
25-May-2026,103.774,0.60274,7.34638,3.66133,3.68505
25-May-2026,108.491,0.60274,5.70163,2.14042,3.56121
25-May-2026,113.208,0.60274,4.34542,1.12176,3.22366
25-May-2026,75.4717,0.682192,24.6017,22.701,1.90065
25-May-2026,80.1887,0.682192,21.2268,18.8277,2.3991
25-May-2026,84.9056,0.682192,18.1115,15.1969,2.91458
25-May-2026,89.6226,0.682192,15.2729,11.8652,3.40766
25-May-2026,94.3396,0.682192,12.7214,8.89263,3.82877
25-May-2026,99.0566,0.682192,10.4612,6.33668,4.12452
25-May-2026,103.774,0.682192,8.48915,4.24353,4.24562
25-May-2026,108.491,0.682192,6.7958,2.63595,4.15985
25-May-2026,113.208,0.682192,5.36552,1.49884,3.86668
25-May-2026,75.4717,0.758904,25.4288,23.1301,2.29874
25-May-2026,80.1887,0.758904,22.1457,19.3094,2.83634
25-May-2026,84.9056,0.758904,19.1088,15.7277,3.38109
25-May-2026,89.6226,0.758904,16.3303,12.4358,3.89446
25-May-2026,94.3396,0.758904,13.8171,9.48633,4.33077
25-May-2026,99.0566,0.758904,11.5712,6.92858,4.64262
25-May-2026,103.774,0.758904,9.58873,4.80167,4.78706
25-May-2026,108.491,0.758904,7.86123,3.12581,4.73542
25-May-2026,113.208,0.758904,6.37557,1.89157,4.484
25-May-2026,75.4717,0.849315,26.3564,23.6022,2.75416
25-May-2026,80.1887,0.849315,23.1666,19.8364,3.33021
25-May-2026,84.9056,0.849315,20.2092,16.3056,3.90362
25-May-2026,89.6226,0.849315,17.4924,13.055,4.43743
25-May-2026,94.3396,0.849315,15.0203,10.1303,4.89005
25-May-2026,99.0566,0.849315,12.7928,7.57345,5.21935
25-May-2026,103.774,0.849315,10.8058,5.41729,5.38851
25-May-2026,108.491,0.849315,9.05146,3.67922,5.37224
25-May-2026,113.208,0.849315,7.51864,2.35353,5.16511
26-May-2026,74.9283,0.00821918,18.7516,18.7516,1.27911e-05
26-May-2026,79.6113,0.00821918,14.0698,14.0698,3.23357e-05
26-May-2026,84.2944,0.00821918,9.38799,9.38795,3.74777e-05
26-May-2026,88.9774,0.00821918,4.70731,4.71016,0.00285222
26-May-2026,93.6604,0.00821918,0.644273,0.711117,0.0668445
26-May-2026,98.3434,0.00821918,0.000405421,0.000736341,0.00033092
26-May-2026,103.026,0.00821918,6.74806e-12,4.83221e-12,1.91585e-12
26-May-2026,74.9283,0.0273973,18.8231,18.8231,4.89381e-05
26-May-2026,79.6113,0.0273973,14.1459,14.1469,0.00101027
26-May-2026,84.2944,0.0273973,9.47628,9.49002,0.0137403
26-May-2026,88.9774,0.0273973,4.95628,5.03069,0.0744134
26-May-2026,93.6604,0.0273973,1.4626,1.56213,0.0995318
26-May-2026,98.3434,0.0273973,0.135528,0.143784,0.00825645
26-May-2026,103.026,0.0273973,0.00190577,0.00111493,0.000790836
26-May-2026,107.709,0.0273973,2.49001e-06,3.93518e-07,2.09649e-06
26-May-2026,112.392,0.0273973,3.58142e-10,1.86581e-11,3.39484e-10
26-May-2026,74.9283,0.0465753,18.8817,18.8829,0.00118238
26-May-2026,79.6113,0.0465753,14.2118,14.2209,0.00909434
26-May-2026,84.2944,0.0465753,9.58519,9.62771,0.042519
26-May-2026,88.9774,0.0465753,5.2488,5.3498,0.101002
26-May-2026,93.6604,0.0465753,1.93592,2.01834,0.082423
26-May-2026,98.3434,0.0465753,0.359376,0.347166,0.0122098
26-May-2026,103.026,0.0465753,0.0235176,0.0132498,0.0102678
26-May-2026,107.709,0.0465753,0.000417637,7.94007e-05,0.000338236
26-May-2026,112.392,0.0465753,2.11368e-06,1.42248e-07,1.97143e-06
26-May-2026,74.9283,0.0657534,18.9558,18.9628,0.00698444
26-May-2026,79.6113,0.0657534,14.3084,14.3355,0.0270804
26-May-2026,84.2944,0.0657534,9.76742,9.8361,0.0686773
26-May-2026,88.9774,0.0657534,5.62234,5.71982,0.0974773
26-May-2026,93.6604,0.0657534,2.4367,2.47244,0.0357411
26-May-2026,98.3434,0.0657534,0.676351,0.610955,0.0653964
26-May-2026,103.026,0.0657534,0.0991154,0.0544235,0.0446919
26-May-2026,107.709,0.0657534,0.00659595,0.00139468,0.00520127
26-May-2026,112.392,0.0657534,0.000200237,1.5713e-05,0.000184524
26-May-2026,74.9283,0.0849315,19.0216,19.0366,0.0150038
26-May-2026,79.6113,0.0849315,14.4052,14.4462,0.0410019
26-May-2026,84.2944,0.0849315,9.94476,10.0205,0.0757191
26-May-2026,88.9774,0.0849315,5.92752,6.00174,0.0742167
26-May-2026,93.6604,0.0849315,2.8116,2.79475,0.0168495
26-May-2026,98.3434,0.0849315,0.949719,0.824847,0.124872
26-May-2026,103.026,0.0849315,0.20059,0.10871,0.09188
26-May-2026,107.709,0.0849315,0.0238548,0.00534196,0.0185128
26-May-2026,112.392,0.0849315,0.00158399,0.000135427,0.00144856
26-May-2026,74.9283,0.0958904,19.0693,19.0902,0.0208667
26-May-2026,79.6113,0.0958904,14.4786,14.5262,0.0476051
26-May-2026,84.2944,0.0958904,10.0728,10.1459,0.0730689
26-May-2026,88.9774,0.0958904,6.12914,6.18015,0.0510115
26-May-2026,93.6604,0.0958904,3.05002,2.99259,0.057434
26-May-2026,98.3434,0.0958904,1.13522,0.964772,0.170448
26-May-2026,103.026,0.0958904,0.285029,0.153503,0.131526
26-May-2026,107.709,0.0958904,0.0443593,0.0102556,0.0341037
26-May-2026,112.392,0.0958904,0.0042269,0.000379386,0.00384751
26-May-2026,74.9283,0.180822,19.5235,19.546,0.0225209
26-May-2026,79.6113,0.180822,15.1654,15.1633,0.00208314
26-May-2026,84.2944,0.180822,11.1058,11.0256,0.0802458
26-May-2026,88.9774,0.180822,7.52496,7.29332,0.231636
26-May-2026,93.6604,0.180822,4.60894,4.17646,0.432481
26-May-2026,98.3434,0.180822,2.48261,1.9012,0.581408
26-May-2026,103.026,0.180822,1.14186,0.603471,0.538389
26-May-2026,107.709,0.180822,0.437102,0.120479,0.316623
26-May-2026,112.392,0.180822,0.137593,0.0164585,0.121134
26-May-2026,74.9283,0.265753,20.146,20.0568,0.0892307
26-May-2026,79.6113,0.265753,16.0185,15.8146,0.203926
26-May-2026,84.2944,0.265753,12.2156,11.8286,0.386962
26-May-2026,88.9774,0.265753,8.85194,8.2204,0.631538
26-May-2026,93.6604,0.265753,6.03082,5.13944,0.891384
26-May-2026,98.3434,0.265753,3.8182,2.74802,1.07018
26-May-2026,103.026,0.265753,2.21982,1.16848,1.05134
26-May-2026,107.709,0.265753,1.17277,0.367847,0.804923
26-May-2026,112.392,0.265753,0.5594,0.0860754,0.473325
26-May-2026,74.9283,0.347945,20.8587,20.5612,0.297529
26-May-2026,79.6113,0.347945,16.9255,16.4256,0.499866
26-May-2026,84.2944,0.347945,13.314,12.5462,0.767782
26-May-2026,88.9774,0.347945,10.1005,9.02189,1.07861
26-May-2026,93.6604,0.347945,7.34885,5.97017,1.37868
26-May-2026,98.3434,0.347945,5.09801,3.51648,1.58153
26-May-2026,103.026,0.347945,3.35271,1.76151,1.5912
26-May-2026,107.709,0.347945,2.07984,0.714296,1.36554
26-May-2026,112.392,0.347945,1.21284,0.229599,0.983241
26-May-2026,74.9283,0.430137,21.7104,21.103,0.607395
26-May-2026,79.6113,0.430137,17.9574,17.0626,0.894823
26-May-2026,84.2944,0.430137,14.512,13.2751,1.23692
26-May-2026,88.9774,0.430137,11.4251,9.82323,1.60187
26-May-2026,93.6604,0.430137,8.73658,6.80178,1.9348
26-May-2026,98.3434,0.430137,6.46942,4.30899,2.16043
26-May-2026,103.026,0.430137,4.62587,2.42513,2.20074
26-May-2026,107.709,0.430137,3.18609,1.17285,2.01324
26-May-2026,112.392,0.430137,2.11006,0.475814,1.63425
26-May-2026,74.9283,0.515068,22.546,21.5956,0.950356
26-May-2026,79.6113,0.515068,18.9367,17.6309,1.30579
26-May-2026,84.2944,0.515068,15.6189,13.9154,1.70346
26-May-2026,88.9774,0.515068,12.6284,10.5209,2.10752
26-May-2026,93.6604,0.515068,9.99159,7.52667,2.46492
26-May-2026,98.3434,0.515068,7.7227,5.0129,2.7098
26-May-2026,103.026,0.515068,5.82197,3.04491,2.77706
26-May-2026,107.709,0.515068,4.27524,1.64744,2.6278
26-May-2026,112.392,0.515068,3.05509,0.777793,2.2773
26-May-2026,74.9283,0.6,23.4429,22.0968,1.34606
26-May-2026,79.6113,0.6,19.964,18.202,1.762
26-May-2026,84.2944,0.6,16.7597,14.5524,2.20727
26-May-2026,88.9774,0.6,13.855,11.2107,2.64433
26-May-2026,93.6604,0.6,11.2674,8.24387,3.02353
26-May-2026,98.3434,0.6,9.00509,5.71787,3.28722
26-May-2026,103.026,0.6,7.0669,3.68594,3.38096
26-May-2026,107.709,0.6,5.4417,2.17136,3.27034
26-May-2026,112.392,0.6,4.10947,1.15021,2.95926
26-May-2026,74.9283,0.679452,24.2699,22.5417,1.72825
26-May-2026,79.6113,0.679452,20.8958,18.7044,2.19145
26-May-2026,84.2944,0.679452,17.7817,15.1087,2.67304
26-May-2026,88.9774,0.679452,14.9456,11.8103,3.13535
26-May-2026,93.6604,0.679452,12.3994,8.86741,3.53199
26-May-2026,98.3434,0.679452,10.1481,6.33591,3.81219
26-May-2026,103.026,0.679452,8.18914,4.26042,3.92872
26-May-2026,107.709,0.679452,6.5131,2.66188,3.85122
26-May-2026,112.392,0.679452,5.10405,1.52582,3.57823
26-May-2026,74.9283,0.756164,25.0795,22.9657,2.11378
26-May-2026,79.6113,0.756164,21.7974,19.1801,2.61726
26-May-2026,84.2944,0.756164,18.7618,15.6325,3.12925
26-May-2026,88.9774,0.756164,15.986,12.373,3.61301
26-May-2026,93.6604,0.756164,13.4781,9.45257,4.02553
26-May-2026,98.3434,0.756164,11.2404,6.91923,4.32117
26-May-2026,103.026,0.756164,9.26985,4.81091,4.45894
26-May-2026,107.709,0.756164,7.55789,3.14609,4.4118
26-May-2026,112.392,0.756164,6.09126,1.91574,4.17552
26-May-2026,74.9283,0.846575,25.9886,23.4322,2.55642
26-May-2026,79.6113,0.846575,22.7999,19.7005,3.09941
26-May-2026,84.2944,0.846575,19.8439,16.2027,3.64116
26-May-2026,88.9774,0.846575,17.13,12.9835,4.1465
26-May-2026,93.6604,0.846575,14.6629,10.0872,4.57566
26-May-2026,98.3434,0.846575,12.4431,7.55475,4.88835
26-May-2026,103.026,0.846575,10.4668,5.41793,5.04887
26-May-2026,107.709,0.846575,8.72642,3.69265,5.03377
26-May-2026,112.392,0.846575,7.21056,2.37339,4.83717
27-May-2026,74.6772,0.00547945,18.6826,18.6826,3.85708e-05
27-May-2026,79.3445,0.00547945,14.0161,14.0162,7.2227e-05
27-May-2026,84.0118,0.00547945,9.34965,9.34971,5.58852e-05
27-May-2026,88.6791,0.00547945,4.68324,4.68379,0.000545206
27-May-2026,93.3465,0.00547945,0.516345,0.578612,0.0622673
27-May-2026,98.0138,0.00547945,1.61567e-05,5.74221e-05,4.12654e-05
27-May-2026,74.6772,0.0246575,18.756,18.756,2.13234e-05
27-May-2026,79.3445,0.0246575,14.0941,14.0949,0.000758412
27-May-2026,84.0118,0.0246575,9.43737,9.44946,0.0120905
27-May-2026,88.6791,0.0246575,4.90829,4.98318,0.0748949
27-May-2026,93.3465,0.0246575,1.38996,1.50077,0.110809
27-May-2026,98.0138,0.0246575,0.110141,0.127446,0.0173049
27-May-2026,102.681,0.0246575,0.00106291,0.00124555,0.000182643
27-May-2026,107.348,0.0246575,7.27757e-07,1.66213e-06,9.34375e-07
27-May-2026,112.016,0.0246575,4.45979e-11,7.26465e-10,6.81867e-10
27-May-2026,74.6772,0.0438356,18.816,18.817,0.00103755
27-May-2026,79.3445,0.0438356,14.1606,14.1693,0.0086739
27-May-2026,84.0118,0.0438356,9.54209,9.58493,0.0428431
27-May-2026,88.6791,0.0438356,5.19547,5.30276,0.107288
27-May-2026,93.3465,0.0438356,1.8711,1.96655,0.0954456
27-May-2026,98.0138,0.0438356,0.324154,0.329171,0.00501686
27-May-2026,102.681,0.0438356,0.0182587,0.0155255,0.00273323
27-May-2026,107.348,0.0438356,0.000252657,0.000236366,1.62911e-05
27-May-2026,112.016,0.0438356,9.22774e-07,1.92817e-06,1.0054e-06
27-May-2026,74.6772,0.0630137,18.8913,18.8984,0.00713438
27-May-2026,79.3445,0.0630137,14.2566,14.2845,0.0278647
27-May-2026,84.0118,0.0630137,9.72016,9.79262,0.0724638
27-May-2026,88.6791,0.0630137,5.56773,5.67374,0.106005
27-May-2026,93.3465,0.0630137,2.3772,2.42442,0.0472221
27-May-2026,98.0138,0.0630137,0.636333,0.592562,0.0437711
27-May-2026,102.681,0.0630137,0.0867628,0.0622932,0.0244696
27-May-2026,107.348,0.0630137,0.00514034,0.00312929,0.00201105
27-May-2026,112.016,0.0630137,0.000134154,0.000105393,2.87607e-05
27-May-2026,74.6772,0.0821918,18.9578,18.9735,0.0157063
27-May-2026,79.3445,0.0821918,14.3525,14.3958,0.0433232
27-May-2026,84.0118,0.0821918,9.89559,9.97677,0.0811811
27-May-2026,88.6791,0.0821918,5.87359,5.95561,0.0820186
27-May-2026,93.3465,0.0821918,2.75564,2.74739,0.00824669
27-May-2026,98.0138,0.0821918,0.90858,0.806135,0.102445
27-May-2026,102.681,0.0821918,0.183361,0.121829,0.0615325
27-May-2026,107.348,0.0821918,0.0202964,0.0103168,0.00997959
27-May-2026,112.016,0.0821918,0.00122795,0.000640698,0.000587252
27-May-2026,74.6772,0.0931507,19.0058,19.0279,0.0220984
27-May-2026,79.3445,0.0931507,14.4255,14.4762,0.0507122
27-May-2026,84.0118,0.0931507,10.023,10.1019,0.0789121
27-May-2026,88.6791,0.0931507,6.07618,6.13362,0.0574352
27-May-2026,93.3465,0.0931507,2.99634,2.94511,0.0512286
27-May-2026,98.0138,0.0931507,1.09419,0.945837,0.148353
27-May-2026,102.681,0.0931507,0.265334,0.169952,0.0953817
27-May-2026,107.348,0.0931507,0.0391205,0.0183572,0.0207633
27-May-2026,112.016,0.0931507,0.00347552,0.00151136,0.00196416
27-May-2026,74.6772,0.178082,19.463,19.4875,0.0244569
27-May-2026,79.3445,0.178082,15.1149,15.1127,0.00219477
27-May-2026,84.0118,0.178082,11.0623,10.9762,0.0861384
27-May-2026,88.6791,0.178082,7.48598,7.23997,0.246006
27-May-2026,93.3465,0.178082,4.57404,4.12597,0.448071
27-May-2026,98.0138,0.178082,2.45352,1.88238,0.571138
27-May-2026,102.681,0.178082,1.12097,0.635541,0.485429
27-May-2026,107.348,0.178082,0.425003,0.160663,0.26434
27-May-2026,112.016,0.178082,0.132166,0.0342417,0.0979243
27-May-2026,74.6772,0.263014,20.0954,19.9968,0.098589
27-May-2026,79.3445,0.263014,15.9813,15.7585,0.222816
27-May-2026,84.0118,0.263014,12.1899,11.7714,0.418546
27-May-2026,88.6791,0.263014,8.83537,8.16122,0.674155
27-May-2026,93.3465,0.263014,6.02078,5.08941,0.931374
27-May-2026,98.0138,0.263014,3.81239,2.73304,1.07935
27-May-2026,102.681,0.263014,2.21656,1.20775,1.00881
27-May-2026,107.348,0.263014,1.17104,0.434874,0.736166
27-May-2026,112.016,0.263014,0.558635,0.134791,0.423844
27-May-2026,74.6772,0.345205,20.8252,20.4971,0.32814
27-May-2026,79.3445,0.345205,16.9094,16.3632,0.546171
27-May-2026,84.0118,0.345205,13.3131,12.483,0.830114
27-May-2026,88.6791,0.345205,10.1119,8.96074,1.15116
27-May-2026,93.3465,0.345205,7.3687,5.92388,1.44482
27-May-2026,98.0138,0.345205,5.1221,3.50725,1.61485
27-May-2026,102.681,0.345205,3.37719,1.80581,1.57138
27-May-2026,107.348,0.345205,2.10176,0.797233,1.30453
27-May-2026,112.016,0.345205,1.23052,0.308219,0.922301
27-May-2026,74.6772,0.427397,21.7029,21.0338,0.669121
27-May-2026,79.3445,0.427397,17.9713,16.9946,0.976701
27-May-2026,84.0118,0.427397,14.5448,13.2084,1.33642
27-May-2026,88.6791,0.427397,11.473,9.76323,1.70977
27-May-2026,93.3465,0.427397,8.79485,6.7614,2.03345
27-May-2026,98.0138,0.427397,6.5327,4.30674,2.22596
27-May-2026,102.681,0.427397,4.68897,2.47446,2.21451
27-May-2026,107.348,0.427397,3.24458,1.26602,1.97856
27-May-2026,112.016,0.427397,2.16081,0.579428,1.58138
27-May-2026,74.6772,0.512329,22.5686,21.5224,1.04623
27-May-2026,79.3445,0.512329,18.9843,17.5596,1.42471
27-May-2026,84.0118,0.512329,15.6883,13.8479,1.84036
27-May-2026,88.6791,0.512329,12.7153,10.4638,2.25146
27-May-2026,93.3465,0.512329,10.0906,7.4924,2.5982
27-May-2026,98.0138,0.512329,7.82782,5.01706,2.81076
27-May-2026,102.681,0.512329,5.92728,3.09865,2.82863
27-May-2026,107.348,0.512329,4.37541,1.74665,2.62876
27-May-2026,112.016,0.512329,3.14594,0.897333,2.24861
27-May-2026,74.6772,0.59726,23.5022,22.0205,1.48165
27-May-2026,79.3445,0.59726,20.0517,18.129,1.92273
27-May-2026,84.0118,0.59726,16.8721,14.4858,2.38626
27-May-2026,88.6791,0.59726,13.9872,11.1577,2.82948
27-May-2026,93.3465,0.59726,11.4134,8.21595,3.19745
27-May-2026,98.0138,0.59726,9.15871,5.72827,3.43044
27-May-2026,102.681,0.59726,7.22164,3.74394,3.4777
27-May-2026,107.348,0.59726,5.59163,2.27496,3.31667
27-May-2026,112.016,0.59726,4.2496,1.28081,2.96879
27-May-2026,74.6772,0.676712,24.3666,22.4637,1.90292
27-May-2026,79.3445,0.676712,21.0237,18.631,2.39267
27-May-2026,84.0118,0.676712,17.9367,15.0439,2.89279
27-May-2026,88.6791,0.676712,15.1225,11.7614,3.36108
27-May-2026,93.3465,0.676712,12.592,8.84498,3.74702
27-May-2026,98.0138,0.676712,10.3496,6.35147,3.99813
27-May-2026,102.681,0.676712,8.39296,4.32192,4.07104
27-May-2026,107.348,0.676712,6.71291,2.76845,3.94446
27-May-2026,112.016,0.676712,5.29435,1.66316,3.63119
27-May-2026,74.6772,0.753425,25.2158,22.887,2.32882
27-May-2026,79.3445,0.753425,21.9676,19.1074,2.86022
27-May-2026,84.0118,0.753425,18.9614,15.5702,3.39122
27-May-2026,88.6791,0.753425,16.2095,12.3283,3.88124
27-May-2026,93.3465,0.753425,13.7189,9.43516,4.28374
27-May-2026,98.0138,0.753425,11.4918,6.93934,4.55246
27-May-2026,102.681,0.753425,9.52485,4.87547,4.64938
27-May-2026,107.348,0.753425,7.80997,3.25494,4.55503
27-May-2026,112.016,0.753425,6.33454,2.05763,4.27691
27-May-2026,74.6772,0.843836,26.1728,23.3534,2.81939
27-May-2026,79.3445,0.843836,23.0209,19.6291,3.39179
27-May-2026,84.0118,0.843836,20.0969,16.1434,3.95345
27-May-2026,88.6791,0.843836,17.4089,12.9433,4.46557
27-May-2026,93.3465,0.843836,14.9612,10.075,4.88619
27-May-2026,98.0138,0.843836,12.7538,7.57944,5.17436
27-May-2026,102.681,0.843836,10.7828,5.48556,5.29724
27-May-2026,107.348,0.843836,9.04099,3.80353,5.23746
27-May-2026,112.016,0.843836,7.51753,2.5188,4.99873
28-May-2026,74.5818,0.0219178,18.7237,18.7237,1.375e-05
28-May-2026,79.2432,0.0219178,14.0673,14.0676,0.000310003
28-May-2026,83.9045,0.0219178,9.41252,9.42306,0.0105439
28-May-2026,88.5659,0.0219178,4.83781,4.9359,0.0980887
28-May-2026,93.2272,0.0219178,1.21781,1.42745,0.209641
28-May-2026,97.8886,0.0219178,0.0557837,0.103321,0.0475372
28-May-2026,102.55,0.0219178,0.000125763,0.000683817,0.000558054
28-May-2026,107.211,0.0219178,7.95071e-09,5.12224e-07,5.04273e-07
28-May-2026,111.873,0.0219178,3.03008e-14,1.15073e-10,1.15042e-10
28-May-2026,74.5818,0.0410959,18.7824,18.7831,0.000747792
28-May-2026,79.2432,0.0410959,14.1307,14.1386,0.00790635
28-May-2026,83.9045,0.0410959,9.50019,9.55045,0.0502555
28-May-2026,88.5659,0.0410959,5.08404,5.25089,0.166852
28-May-2026,93.2272,0.0410959,1.67866,1.90275,0.224086
28-May-2026,97.8886,0.0410959,0.217187,0.296501,0.0793136
28-May-2026,102.55,0.0410959,0.00614263,0.011957,0.00581438
28-May-2026,107.211,0.0410959,2.78863e-05,0.000146437,0.000118551
28-May-2026,111.873,0.0410959,2.77378e-08,9.37574e-07,9.09837e-07
28-May-2026,74.5818,0.060274,18.855,18.8618,0.00683002
28-May-2026,79.2432,0.060274,14.2173,14.2489,0.0315596
28-May-2026,83.9045,0.060274,9.65098,9.75152,0.100539
28-May-2026,88.5659,0.060274,5.42132,5.62003,0.198709
28-May-2026,93.2272,0.060274,2.16472,2.36488,0.200161
28-May-2026,97.8886,0.060274,0.483623,0.554822,0.0711994
28-May-2026,102.55,0.060274,0.0448898,0.0537124,0.00882263
28-May-2026,107.211,0.060274,0.00144001,0.00242238,0.000982365
28-May-2026,111.873,0.060274,1.80057e-05,7.26771e-05,5.46714e-05
28-May-2026,74.5818,0.0794521,18.9173,18.9344,0.0170684
28-May-2026,79.2432,0.0794521,14.3019,14.3565,0.0546395
28-May-2026,83.9045,0.0794521,9.80455,9.93198,0.127426
28-May-2026,88.5659,0.0794521,5.70587,5.90098,0.19511
28-May-2026,93.2272,0.0794521,2.5302,2.68927,0.159071
28-May-2026,97.8886,0.0794521,0.728898,0.76573,0.0368322
28-May-2026,102.55,0.0794521,0.112438,0.109239,0.00319876
28-May-2026,107.211,0.0794521,0.00815096,0.00860085,0.000449894
28-May-2026,111.873,0.0794521,0.000293596,0.000495082,0.000201486
28-May-2026,74.5818,0.090411,18.9616,18.9871,0.0254527
28-May-2026,79.2432,0.090411,14.3662,14.4347,0.0685386
28-May-2026,83.9045,0.090411,9.91843,10.0552,0.136731
28-May-2026,88.5659,0.090411,5.89672,6.07844,0.181717
28-May-2026,93.2272,0.090411,2.76362,2.88744,0.123823
28-May-2026,97.8886,0.090411,0.900153,0.904008,0.00385473
28-May-2026,102.55,0.090411,0.175323,0.154876,0.0204469
28-May-2026,107.211,0.090411,0.0183622,0.0157675,0.0025947
28-May-2026,111.873,0.090411,0.0010673,0.0012218,0.000154504
28-May-2026,74.5818,0.175342,19.3777,19.4359,0.0582334
28-May-2026,79.2432,0.175342,14.993,15.0599,0.0668807
28-May-2026,83.9045,0.175342,10.8875,10.9203,0.0328134
28-May-2026,88.5659,0.175342,7.25511,7.18088,0.0742315
28-May-2026,93.2272,0.175342,4.30955,4.0675,0.242054
28-May-2026,97.8886,0.175342,2.2024,1.83373,0.368669
28-May-2026,102.55,0.175342,0.931656,0.60679,0.324866
28-May-2026,107.211,0.175342,0.315942,0.149683,0.166259
28-May-2026,111.873,0.175342,0.0850814,0.0311694,0.053912
28-May-2026,74.5818,0.260274,19.9677,19.9372,0.0304974
28-May-2026,79.2432,0.260274,15.8141,15.698,0.116055
28-May-2026,83.9045,0.260274,11.9775,11.7094,0.268094
28-May-2026,88.5659,0.260274,8.58209,8.09816,0.483926
28-May-2026,93.2272,0.260274,5.74417,5.02827,0.715896
28-May-2026,97.8886,0.260274,3.54098,2.6799,0.861084
28-May-2026,102.55,0.260274,1.98138,1.17016,0.811224
28-May-2026,107.211,0.260274,0.99385,0.414963,0.578887
28-May-2026,111.873,0.260274,0.443821,0.126697,0.317124
28-May-2026,74.5818,0.342466,20.6659,20.431,0.234937
28-May-2026,79.2432,0.342466,16.7142,16.2968,0.417408
28-May-2026,83.9045,0.342466,13.0813,12.416,0.665263
28-May-2026,88.5659,0.342466,9.84958,8.89395,0.955627
28-May-2026,93.2272,0.342466,7.08936,5.85985,1.22951
28-May-2026,97.8886,0.342466,4.84486,3.45047,1.39439
28-May-2026,102.55,0.342466,3.12285,1.76201,1.36084
28-May-2026,107.211,0.342466,1.88763,0.769591,1.11804
28-May-2026,111.873,0.342466,1.06598,0.294138,0.771842
28-May-2026,74.5818,0.424658,21.52,20.9615,0.558524
28-May-2026,79.2432,0.424658,17.758,16.9224,0.835581
28-May-2026,83.9045,0.424658,14.3029,13.1365,1.1664
28-May-2026,88.5659,0.424658,11.2086,9.69247,1.51613
28-May-2026,93.2272,0.424658,8.5181,6.69405,1.82405
28-May-2026,97.8886,0.424658,6.25675,4.24627,2.01048
28-May-2026,102.55,0.424658,4.42789,2.42524,2.00265
28-May-2026,107.211,0.424658,3.01102,1.23122,1.7798
28-May-2026,111.873,0.424658,1.96372,0.558528,1.40519
28-May-2026,74.5818,0.509589,22.3716,21.4448,0.926806
28-May-2026,79.2432,0.509589,18.7619,17.4825,1.2794
28-May-2026,83.9045,0.509589,15.4434,13.7717,1.67168
28-May-2026,88.5659,0.509589,12.4532,10.3894,2.06379
28-May-2026,93.2272,0.509589,9.8193,7.42184,2.39746
28-May-2026,97.8886,0.509589,7.55697,4.95323,2.60374
28-May-2026,102.55,0.509589,5.66702,3.04504,2.62198
28-May-2026,107.211,0.509589,4.13514,1.70613,2.42901
28-May-2026,111.873,0.509589,2.93308,0.870331,2.06275
28-May-2026,74.5818,0.594521,23.2965,21.9378,1.3587
28-May-2026,79.2432,0.594521,19.8253,18.047,1.77826
28-May-2026,83.9045,0.594521,16.6281,14.4053,2.22284
28-May-2026,88.5659,0.594521,13.7302,11.0795,2.65074
28-May-2026,93.2272,0.594521,11.1497,8.14192,3.00778
28-May-2026,97.8886,0.594521,8.89548,5.66089,3.23459
28-May-2026,102.55,0.594521,6.96632,3.68607,3.28025
28-May-2026,107.211,0.594521,5.35119,2.22912,3.12207
28-May-2026,111.873,0.594521,4.0299,1.24787,2.78203
28-May-2026,74.5818,0.673973,24.1569,22.3765,1.78044
28-May-2026,79.2432,0.673973,20.7971,18.5449,2.25224
28-May-2026,83.9045,0.673973,17.696,14.9594,2.73656
28-May-2026,88.5659,0.673973,14.8717,11.6797,3.19205
28-May-2026,93.2272,0.673973,12.3363,8.76772,3.56858
28-May-2026,97.8886,0.673973,10.0946,6.2808,3.8138
28-May-2026,102.55,0.673973,8.14429,4.26032,3.88397
28-May-2026,107.211,0.673973,6.47603,2.71815,3.75788
28-May-2026,111.873,0.673973,5.07392,1.62519,3.44873
28-May-2026,74.5818,0.750685,25.0049,22.7955,2.20936
28-May-2026,79.2432,0.750685,21.7427,19.0172,2.72551
28-May-2026,83.9045,0.750685,18.7253,15.482,3.24333
28-May-2026,88.5659,0.750685,15.9657,12.2431,3.72264
28-May-2026,93.2272,0.750685,13.4716,9.35466,4.11694
28-May-2026,97.8886,0.750685,11.2454,6.86542,4.37998
28-May-2026,102.55,0.750685,9.28386,4.81031,4.47355
28-May-2026,107.211,0.750685,7.57868,3.20053,4.37815
28-May-2026,111.873,0.750685,6.11669,2.01502,4.10167
28-May-2026,74.5818,0.841096,25.9627,23.2574,2.70535
28-May-2026,79.2432,0.841096,22.7997,19.5345,3.2652
28-May-2026,83.9045,0.841096,19.8671,16.0511,3.81602
28-May-2026,88.5659,0.841096,17.1736,12.8542,4.31936
28-May-2026,93.2272,0.841096,14.7236,9.99081,4.73279
28-May-2026,97.8886,0.841096,12.5175,7.50182,5.01568
28-May-2026,102.55,0.841096,10.5513,5.41642,5.13488
28-May-2026,107.211,0.841096,8.81757,3.74466,5.07291
28-May-2026,111.873,0.841096,7.30512,2.47124,4.83388
29-May-2026,73.0696,0.0191781,18.3359,18.3359,8.69937e-06
29-May-2026,77.6365,0.0191781,13.7734,13.7736,0.00019928
29-May-2026,82.2033,0.0191781,9.21605,9.22145,0.00540248
29-May-2026,86.7702,0.0191781,4.79124,4.8202,0.0289554
29-May-2026,91.337,0.0191781,1.38005,1.38847,0.00842217
29-May-2026,95.9039,0.0191781,0.12318,0.102711,0.020469
29-May-2026,100.471,0.0191781,0.00174054,0.000718867,0.00102167
29-May-2026,105.038,0.0191781,2.32061e-06,4.9142e-07,1.82919e-06
29-May-2026,109.604,0.0191781,2.71868e-10,8.31075e-11,1.8876e-10
29-May-2026,73.0696,0.0383562,18.392,18.3926,0.000646731
29-May-2026,77.6365,0.0383562,13.8364,13.8417,0.00530816
29-May-2026,82.2033,0.0383562,9.32366,9.34751,0.0238548
29-May-2026,86.7702,0.0383562,5.10286,5.14393,0.0410652
29-May-2026,91.337,0.0383562,1.89707,1.8835,0.0135668
29-May-2026,95.9039,0.0383562,0.368308,0.309633,0.0586746
29-May-2026,100.471,0.0383562,0.0274401,0.0140545,0.0133856
29-May-2026,105.038,0.0383562,0.000608534,0.000187143,0.000421391
29-May-2026,109.604,0.0383562,3.83321e-06,1.20734e-06,2.62587e-06
29-May-2026,73.0696,0.0575342,18.4632,18.4684,0.00519203
29-May-2026,77.6365,0.0575342,13.9312,13.9502,0.0190273
29-May-2026,82.2033,0.0575342,9.50946,9.55084,0.0413837
29-May-2026,86.7702,0.0575342,5.48829,5.52118,0.0328876
29-May-2026,91.337,0.0575342,2.40963,2.35647,0.0531594
29-May-2026,95.9039,0.0575342,0.69623,0.581579,0.114651
29-May-2026,100.471,0.0575342,0.111719,0.0624362,0.0492828
29-May-2026,105.038,0.0575342,0.00862191,0.00309392,0.00552799
29-May-2026,109.604,0.0575342,0.000310171,9.79315e-05,0.00021224
29-May-2026,73.0696,0.0767123,18.527,18.5391,0.0121498
29-May-2026,77.6365,0.0767123,14.0274,14.0576,0.0302359
29-May-2026,82.2033,0.0767123,9.68788,9.73355,0.0456675
29-May-2026,86.7702,0.0767123,5.79246,5.80616,0.0136969
29-May-2026,91.337,0.0767123,2.77776,2.68512,0.0926386
29-May-2026,95.9039,0.0767123,0.965101,0.800004,0.165097
29-May-2026,100.471,0.0767123,0.215826,0.124738,0.0910883
29-May-2026,105.038,0.0767123,0.0280778,0.0107112,0.0173666
29-May-2026,109.604,0.0767123,0.00207438,0.000653279,0.0014211
29-May-2026,73.0696,0.0958904,18.5983,18.6181,0.0197989
29-May-2026,77.6365,0.0958904,14.1387,14.1765,0.0378437
29-May-2026,82.2033,0.0958904,9.87938,9.92038,0.0410015
29-May-2026,86.7702,0.0958904,6.08551,6.07192,0.0135873
29-May-2026,91.337,0.0958904,3.11677,2.97995,0.136823
29-May-2026,95.9039,0.0958904,1.22992,1.01151,0.21841
29-May-2026,100.471,0.0958904,0.34247,0.202057,0.140413
29-May-2026,105.038,0.0958904,0.0624004,0.0247501,0.0376503
29-May-2026,109.604,0.0958904,0.00729686,0.0022929,0.00500396
29-May-2026,73.0696,0.0876712,18.5736,18.5909,0.0173295
29-May-2026,77.6365,0.0876712,14.1001,14.1359,0.0358101
29-May-2026,82.2033,0.0876712,9.8145,9.85799,0.0434887
29-May-2026,86.7702,0.0876712,5.98901,5.98529,0.00371818
29-May-2026,91.337,0.0876712,3.00641,2.88477,0.121643
29-May-2026,95.9039,0.0876712,1.14217,0.941803,0.200367
29-May-2026,100.471,0.0876712,0.298179,0.174882,0.123297
29-May-2026,105.038,0.0876712,0.0492429,0.0193098,0.0299331
29-May-2026,109.604,0.0876712,0.00503858,0.00158423,0.00345435
29-May-2026,73.0696,0.172603,19.0081,19.0355,0.027444
29-May-2026,77.6365,0.172603,14.7528,14.7604,0.00755643
29-May-2026,82.2033,0.172603,10.7854,10.7241,0.0613213
29-May-2026,86.7702,0.172603,7.282,7.08579,0.196214
29-May-2026,91.337,0.172603,4.42758,4.05908,0.368504
29-May-2026,95.9039,0.172603,2.3507,1.87558,0.475116
29-May-2026,100.471,0.172603,1.0532,0.648421,0.404779
29-May-2026,105.038,0.172603,0.386693,0.168536,0.218157
29-May-2026,109.604,0.172603,0.115187,0.0366859,0.0785011
29-May-2026,73.0696,0.257534,19.5721,19.5308,0.0413212
29-May-2026,77.6365,0.257534,15.5155,15.3919,0.123586
29-May-2026,82.2033,0.257534,11.7664,11.5038,0.262623
29-May-2026,86.7702,0.257534,8.44159,7.98868,0.452912
29-May-2026,91.337,0.257534,5.6526,5.00137,0.651228
29-May-2026,95.9039,0.257534,3.47762,2.70794,0.769681
29-May-2026,100.471,0.257534,1.93309,1.21433,0.71876
29-May-2026,105.038,0.257534,0.957035,0.446079,0.510956
29-May-2026,109.604,0.257534,0.419392,0.141077,0.278315
29-May-2026,73.0696,0.339726,20.1902,20.0156,0.174577
29-May-2026,77.6365,0.339726,16.2946,15.9797,0.314898
29-May-2026,82.2033,0.339726,12.7026,12.196,0.506644
29-May-2026,86.7702,0.339726,9.49735,8.76556,0.731786
29-May-2026,91.337,0.339726,6.75425,5.81084,0.943408
29-May-2026,95.9039,0.339726,4.52675,3.45887,1.06788
29-May-2026,100.471,0.339726,2.83189,1.79755,1.03434
29-May-2026,105.038,0.339726,1.64022,0.804394,0.835826
29-May-2026,109.604,0.339726,0.875942,0.315997,0.559945
29-May-2026,73.0696,0.421918,20.9068,20.5338,0.373006
29-May-2026,77.6365,0.421918,17.1579,16.5903,0.567612
29-May-2026,82.2033,0.421918,13.7006,12.8977,0.802893
29-May-2026,86.7702,0.421918,10.5949,9.54135,1.05355
29-May-2026,91.337,0.421918,7.89355,6.61963,1.27392
29-May-2026,95.9039,0.421918,5.63397,4.23079,1.40318
29-May-2026,100.471,0.421918,3.83062,2.44491,1.38571
29-May-2026,105.038,0.421918,2.46917,1.2618,1.20737
29-May-2026,109.604,0.421918,1.50483,0.584107,0.920723
29-May-2026,73.0696,0.506849,21.5961,21.004,0.592065
29-May-2026,77.6365,0.506849,17.9636,17.1348,0.828814
29-May-2026,82.2033,0.506849,14.6095,13.5143,1.09519
29-May-2026,86.7702,0.506849,11.5797,10.2166,1.36308
29-May-2026,91.337,0.506849,8.9133,7.32378,1.58952
29-May-2026,95.9039,0.506849,6.63807,4.91493,1.72314
29-May-2026,100.471,0.506849,4.76568,3.04693,1.71875
29-May-2026,105.038,0.506849,3.28813,1.72735,1.56078
29-May-2026,109.604,0.506849,2.17627,0.894546,1.28172
29-May-2026,73.0696,0.591781,22.3269,21.4825,0.844423
29-May-2026,77.6365,0.591781,18.8004,17.6823,1.11809
29-May-2026,82.2033,0.591781,15.5385,14.1281,1.41042
29-May-2026,86.7702,0.591781,12.5767,10.8843,1.69243
29-May-2026,91.337,0.591781,9.94439,8.0198,1.92459
29-May-2026,95.9039,0.591781,7.66229,5.59901,2.06328
29-May-2026,100.471,0.591781,5.73943,3.66805,2.07138
29-May-2026,105.038,0.591781,4.17097,2.23707,1.9339
29-May-2026,109.604,0.591781,2.93711,1.26635,1.67076
29-May-2026,73.0696,0.671233,22.9959,21.9075,1.08842
29-May-2026,77.6365,0.671233,19.555,18.1644,1.39056
29-May-2026,82.2033,0.671233,16.367,14.6644,1.70261
29-May-2026,86.7702,0.671233,13.46,11.4646,1.99542
29-May-2026,91.337,0.671233,10.8573,8.62444,2.23286
29-May-2026,95.9039,0.671233,8.57475,6.19799,2.37676
29-May-2026,100.471,0.671233,6.61945,4.22374,2.39571
29-May-2026,105.038,0.671233,4.9879,2.71213,2.27577
29-May-2026,109.604,0.671233,3.66542,1.6355,2.02992
29-May-2026,73.0696,0.747945,23.6483,22.3131,1.33519
29-May-2026,77.6365,0.747945,20.2832,18.6215,1.66168
29-May-2026,82.2033,0.747945,17.16,15.1698,1.99021
29-May-2026,86.7702,0.747945,14.3017,12.0092,2.29255
29-May-2026,91.337,0.747945,11.7268,9.19146,2.53534
29-May-2026,95.9039,0.747945,9.44774,6.76277,2.68497
29-May-2026,100.471,0.747945,7.46985,4.75562,2.71423
29-May-2026,105.038,0.747945,5.79032,3.17987,2.61045
29-May-2026,109.604,0.747945,4.39769,2.01541,2.38228
29-May-2026,73.0696,0.838356,24.3796,22.7598,1.61977
29-May-2026,77.6365,0.838356,21.0922,19.1219,1.97032
29-May-2026,82.2033,0.838356,18.0354,15.7201,2.31534
29-May-2026,86.7702,0.838356,15.2275,12.5998,2.62766
29-May-2026,91.337,0.838356,12.6829,9.80605,2.87685
29-May-2026,95.9039,0.838356,10.4111,7.37757,3.03353
29-May-2026,100.471,0.838356,8.41582,5.34156,3.07426
29-May-2026,105.038,0.838356,6.6946,3.70688,2.98772
29-May-2026,109.604,0.838356,5.23832,2.45885,2.77947
29-May-2026,73.0696,0.920548,25.0581,23.1683,1.88977
29-May-2026,77.6365,0.920548,21.8373,19.577,2.26031
29-May-2026,82.2033,0.920548,18.8373,16.2182,2.61911
29-May-2026,86.7702,0.920548,16.0731,13.1328,2.94035
29-May-2026,91.337,0.920548,13.5561,10.3601,3.19601
29-May-2026,95.9039,0.920548,11.2934,7.9337,3.3597
29-May-2026,100.471,0.920548,9.28782,5.87668,3.41114
29-May-2026,105.038,0.920548,7.53683,4.19684,3.33999
29-May-2026,109.604,0.920548,6.03278,2.88279,3.14999
01-Jun-2026,74.2367,0.0109589,18.5848,18.5847,6.83172e-05
01-Jun-2026,78.8765,0.0109589,13.9466,13.9465,6.63315e-05
01-Jun-2026,83.5162,0.0109589,9.30842,9.30845,3.32662e-05
01-Jun-2026,88.156,0.0109589,4.67311,4.68246,0.00934706
01-Jun-2026,92.7958,0.0109589,0.701818,0.802675,0.100857
01-Jun-2026,97.4356,0.0109589,0.00104159,0.00208842,0.00104683
01-Jun-2026,102.075,0.0109589,1.71326e-10,2.29971e-10,5.86449e-11
01-Jun-2026,106.715,0.0109589,1.034e-15,6.12497e-16,4.21503e-16
01-Jun-2026,111.355,0.0109589,1.03453e-15,5.96662e-16,4.37868e-16
01-Jun-2026,74.2367,0.030137,18.6552,18.6553,6.70293e-05
01-Jun-2026,78.8765,0.030137,14.0216,14.0234,0.00182464
01-Jun-2026,83.5162,0.030137,9.39452,9.4167,0.0221793
01-Jun-2026,88.156,0.030137,4.90432,5.01602,0.111699
01-Jun-2026,92.7958,0.030137,1.41149,1.56627,0.154781
01-Jun-2026,97.4356,0.030137,0.114254,0.130998,0.0167437
01-Jun-2026,102.075,0.030137,0.00108089,0.000735206,0.000345684
01-Jun-2026,106.715,0.030137,7.53932e-07,3.46698e-07,4.07234e-07
01-Jun-2026,111.355,0.030137,6.13708e-11,5.08445e-11,1.05263e-11
01-Jun-2026,74.2367,0.0493151,18.7129,18.715,0.00207962
01-Jun-2026,78.8765,0.0493151,14.0856,14.1,0.0144077
01-Jun-2026,83.5162,0.0493151,9.49338,9.55877,0.0653908
01-Jun-2026,88.156,0.0493151,5.16084,5.32288,0.162045
01-Jun-2026,92.7958,0.0493151,1.82919,1.9843,0.155113
01-Jun-2026,97.4356,0.0493151,0.293876,0.30026,0.00638383
01-Jun-2026,102.075,0.0493151,0.0134023,0.00802877,0.00537353
01-Jun-2026,106.715,0.0493151,0.000133529,4.82209e-05,8.53081e-05
01-Jun-2026,111.355,0.0493151,3.68592e-07,1.47745e-07,2.20847e-07
01-Jun-2026,74.2367,0.0684932,18.785,18.7964,0.0114399
01-Jun-2026,78.8765,0.0684932,14.1751,14.218,0.042929
01-Jun-2026,83.5162,0.0684932,9.65172,9.76573,0.114006
01-Jun-2026,88.156,0.0684932,5.48508,5.67192,0.186838
01-Jun-2026,92.7958,0.0684932,2.26719,2.39626,0.129068
01-Jun-2026,97.4356,0.0684932,0.548449,0.515625,0.0328242
01-Jun-2026,102.075,0.0684932,0.0590323,0.0324626,0.0265697
01-Jun-2026,106.715,0.0684932,0.0024063,0.000751266,0.00165503
01-Jun-2026,111.355,0.0684932,4.23527e-05,1.13747e-05,3.0978e-05
01-Jun-2026,74.2367,0.0876712,18.8474,18.8721,0.024655
01-Jun-2026,78.8765,0.0876712,14.261,14.33,0.0689983
01-Jun-2026,83.5162,0.0876712,9.80293,9.94464,0.14171
01-Jun-2026,88.156,0.0876712,5.74798,5.93411,0.186133
01-Jun-2026,92.7958,0.0876712,2.59171,2.68459,0.0928819
01-Jun-2026,97.4356,0.0876712,0.76798,0.687717,0.0802629
01-Jun-2026,102.075,0.0876712,0.123094,0.0646096,0.0584844
01-Jun-2026,106.715,0.0876712,0.00948046,0.00274908,0.00673138
01-Jun-2026,111.355,0.0876712,0.000382828,8.51013e-05,0.000297727
01-Jun-2026,74.2367,0.0794521,18.8122,18.8291,0.0168518
01-Jun-2026,78.8765,0.0794521,14.2118,14.2664,0.0546221
01-Jun-2026,83.5162,0.0794521,9.717,9.84479,0.127795
01-Jun-2026,88.156,0.0794521,5.60242,5.79091,0.188492
01-Jun-2026,92.7958,0.0794521,2.41435,2.52874,0.11439
01-Jun-2026,97.4356,0.0794521,0.645267,0.59278,0.0524868
01-Jun-2026,102.075,0.0794521,0.084671,0.0455244,0.0391466
01-Jun-2026,106.715,0.0794521,0.00474465,0.00142876,0.00331589
01-Jun-2026,111.355,0.0794521,0.000126588,3.09573e-05,9.56307e-05
01-Jun-2026,74.2367,0.164384,19.191,19.2795,0.0884986
01-Jun-2026,78.8765,0.164384,14.7648,14.8938,0.129049
01-Jun-2026,83.5162,0.164384,10.5845,10.719,0.134519
01-Jun-2026,88.156,0.164384,6.86065,6.90751,0.0468572
01-Jun-2026,92.7958,0.164384,3.85276,3.68804,0.164725
01-Jun-2026,97.4356,0.164384,1.76939,1.38642,0.382975
01-Jun-2026,102.075,0.164384,0.621562,0.294006,0.327556
01-Jun-2026,106.715,0.164384,0.159517,0.0396003,0.119917
01-Jun-2026,111.355,0.164384,0.0304269,0.00461631,0.0258106
01-Jun-2026,74.2367,0.249315,19.6793,19.7648,0.0855404
01-Jun-2026,78.8765,0.249315,15.4406,15.5012,0.0605687
01-Jun-2026,83.5162,0.249315,11.4905,11.4533,0.0371976
01-Jun-2026,88.156,0.249315,7.97508,7.73557,0.239506
01-Jun-2026,92.7958,0.249315,5.05025,4.51728,0.532973
01-Jun-2026,97.4356,0.249315,2.83882,2.05281,0.78601
01-Jun-2026,102.075,0.249315,1.37444,0.628991,0.745449
01-Jun-2026,106.715,0.249315,0.560339,0.134513,0.425826
01-Jun-2026,111.355,0.249315,0.19249,0.0255324,0.166958
01-Jun-2026,74.2367,0.331507,20.238,20.2333,0.00469179
01-Jun-2026,78.8765,0.331507,16.1629,16.0544,0.108502
01-Jun-2026,83.5162,0.331507,12.385,12.0865,0.298535
01-Jun-2026,88.156,0.331507,9.01013,8.42504,0.585091
01-Jun-2026,92.7958,0.331507,6.14289,5.21145,0.931435
01-Jun-2026,97.4356,0.331507,3.86502,2.6556,1.20942
01-Jun-2026,102.075,0.331507,2.20821,1.00625,1.20196
01-Jun-2026,106.715,0.331507,1.13107,0.279551,0.851519
01-Jun-2026,111.355,0.331507,0.517985,0.0675211,0.450464
01-Jun-2026,74.2367,0.413699,20.8621,20.6932,0.168888
01-Jun-2026,78.8765,0.413699,16.9324,16.5811,0.351283
01-Jun-2026,83.5162,0.413699,13.296,12.6749,0.621127
01-Jun-2026,88.156,0.413699,10.0314,9.05886,0.972536
01-Jun-2026,92.7958,0.413699,7.21266,5.85585,1.35681
01-Jun-2026,97.4356,0.413699,4.89688,3.24159,1.65529
01-Jun-2026,102.075,0.413699,3.10995,1.42489,1.68506
01-Jun-2026,106.715,0.413699,1.8335,0.479895,1.35361
01-Jun-2026,111.355,0.413699,1.00057,0.137073,0.863497
01-Jun-2026,74.2367,0.49863,21.5349,21.1426,0.392304
01-Jun-2026,78.8765,0.49863,17.7345,17.0872,0.647288
01-Jun-2026,83.5162,0.49863,14.2183,13.2338,0.984481
01-Jun-2026,88.156,0.49863,11.0456,9.65893,1.38667
01-Jun-2026,92.7958,0.49863,8.27044,6.47076,1.79968
01-Jun-2026,97.4356,0.49863,5.93411,3.81789,2.11622
01-Jun-2026,102.075,0.49863,4.05669,1.87443,2.18226
01-Jun-2026,106.715,0.49863,2.62977,0.734947,1.89482
01-Jun-2026,111.355,0.49863,1.61285,0.241503,1.37135
01-Jun-2026,74.2367,0.583562,22.2768,21.6024,0.674369
01-Jun-2026,78.8765,0.583562,18.5975,17.6001,0.997362
01-Jun-2026,83.5162,0.583562,15.1903,13.7969,1.39336
01-Jun-2026,88.156,0.583562,12.1005,10.2627,1.83783
01-Jun-2026,92.7958,0.583562,9.36789,7.09286,2.27503
01-Jun-2026,97.4356,0.583562,7.02226,4.41324,2.60902
01-Jun-2026,102.075,0.583562,5.07873,2.36833,2.7104
01-Jun-2026,106.715,0.583562,3.53336,1.05467,2.47869
01-Jun-2026,111.355,0.583562,2.36077,0.394916,1.96585
01-Jun-2026,74.2367,0.663014,22.9357,21.9897,0.945961
01-Jun-2026,78.8765,0.663014,19.3505,18.0298,1.32072
01-Jun-2026,83.5162,0.663014,16.0266,14.267,1.75965
01-Jun-2026,88.156,0.663014,13.0002,10.7661,2.23412
01-Jun-2026,92.7958,0.663014,10.3021,7.61329,2.68881
01-Jun-2026,97.4356,0.663014,7.95548,4.91838,3.0371
01-Jun-2026,102.075,0.663014,5.97177,2.80524,3.16653
01-Jun-2026,106.715,0.663014,4.34869,1.36524,2.98345
01-Jun-2026,111.355,0.663014,3.06836,0.565092,2.50327
01-Jun-2026,74.2367,0.739726,23.552,22.3393,1.21267
01-Jun-2026,78.8765,0.739726,20.0461,18.4162,1.62985
01-Jun-2026,83.5162,0.739726,16.7918,14.6887,2.10309
01-Jun-2026,88.156,0.739726,13.8184,11.2173,2.60108
01-Jun-2026,92.7958,0.739726,11.151,8.08066,3.07034
01-Jun-2026,97.4356,0.739726,8.80751,5.37621,3.4313
01-Jun-2026,102.075,0.739726,6.79698,3.21227,3.58471
01-Jun-2026,106.715,0.739726,5.11772,1.67331,3.44441
01-Jun-2026,111.355,0.739726,3.75616,0.751631,3.00453
01-Jun-2026,74.2367,0.830137,24.3176,22.7614,1.5562
01-Jun-2026,78.8765,0.830137,20.9013,18.8815,2.01982
01-Jun-2026,83.5162,0.830137,17.7248,15.1952,2.52956
01-Jun-2026,88.156,0.830137,14.8115,11.7585,3.05296
01-Jun-2026,92.7958,0.830137,12.1802,8.64186,3.53834
01-Jun-2026,97.4356,0.830137,9.84465,5.93009,3.91456
01-Jun-2026,102.075,0.830137,7.81123,3.71583,4.0954
01-Jun-2026,106.715,0.830137,6.07847,2.07447,4.004
01-Jun-2026,111.355,0.830137,4.63616,1.01674,3.61942
01-Jun-2026,74.2367,0.912329,25.0021,23.1304,1.87169
01-Jun-2026,78.8765,0.912329,21.6592,19.2872,2.37204
01-Jun-2026,83.5162,0.912329,18.5462,15.6359,2.9103
01-Jun-2026,88.156,0.912329,15.6821,12.2287,3.45344
01-Jun-2026,92.7958,0.912329,13.082,9.12965,3.95235
01-Jun-2026,97.4356,0.912329,10.7562,6.41445,4.34175
01-Jun-2026,102.075,0.912329,8.70965,4.16423,4.54542
01-Jun-2026,106.715,0.912329,6.94062,2.44668,4.49394
01-Jun-2026,111.355,0.912329,5.44083,1.28128,4.15955
02-Jun-2026,83.6617,0.00821918,9.31732,9.31728,3.72291e-05
02-Jun-2026,88.3095,0.00821918,4.67118,4.67127,9.3499e-05
02-Jun-2026,92.9574,0.00821918,0.592075,0.53963,0.0524453
02-Jun-2026,97.6053,0.00821918,0.00011966,1.00001e-06,0.00011866
02-Jun-2026,102.253,0.00821918,4.22317e-14,5.8134e-14,1.59023e-14
02-Jun-2026,106.901,0.00821918,7.90748e-16,7.93264e-16,2.51581e-18
02-Jun-2026,111.549,0.00821918,7.73332e-16,6.94615e-16,7.87175e-17
02-Jun-2026,74.3659,0.0273973,18.681,18.681,8.71744e-06
02-Jun-2026,79.0138,0.0273973,14.0387,14.0389,0.000216371
02-Jun-2026,83.6617,0.0273973,9.40069,9.40313,0.00244218
02-Jun-2026,88.3095,0.0273973,4.87609,4.86974,0.00634799
02-Jun-2026,92.9574,0.0273973,1.33387,1.18846,0.145413
02-Jun-2026,97.6053,0.0273973,0.0873954,0.0176212,0.0697742
02-Jun-2026,102.253,0.0273973,0.000483694,2.35276e-06,0.000481341
02-Jun-2026,106.901,0.0273973,1.39855e-07,4.69053e-11,1.39808e-07
02-Jun-2026,111.549,0.0273973,3.94099e-12,5.40653e-15,3.93558e-12
02-Jun-2026,74.3659,0.0465753,18.7385,18.7388,0.000335042
02-Jun-2026,79.0138,0.0465753,14.1017,14.1042,0.00248971
02-Jun-2026,83.6617,0.0465753,9.49332,9.50097,0.00764644
02-Jun-2026,88.3095,0.0465753,5.12295,5.09402,0.0289299
02-Jun-2026,92.9574,0.0465753,1.75524,1.5362,0.219037
02-Jun-2026,97.6053,0.0465753,0.252856,0.072559,0.180297
02-Jun-2026,102.253,0.0465753,0.00896446,0.000205274,0.00875919
02-Jun-2026,106.901,0.0465753,5.97509e-05,2.0511e-07,5.95458e-05
02-Jun-2026,111.549,0.0465753,1.02391e-07,1.56403e-10,1.02235e-07
02-Jun-2026,74.3659,0.0657534,18.81,18.8125,0.00246988
02-Jun-2026,79.0138,0.0657534,14.1885,14.1968,0.00827631
02-Jun-2026,83.6617,0.0657534,9.644,9.651,0.00700384
02-Jun-2026,88.3095,0.0657534,5.44104,5.36842,0.0726152
02-Jun-2026,92.9574,0.0657534,2.19499,1.88175,0.313239
02-Jun-2026,97.6053,0.0657534,0.497403,0.171489,0.325914
02-Jun-2026,102.253,0.0657534,0.0466025,0.00232895,0.0442735
02-Jun-2026,106.901,0.0657534,0.00153021,1.67978e-05,0.00151341
02-Jun-2026,111.549,0.0657534,2.08632e-05,1.05051e-07,2.07581e-05
02-Jun-2026,74.3659,0.0849315,18.8713,18.8773,0.00595449
02-Jun-2026,79.0138,0.0849315,14.2714,14.2837,0.0122747
02-Jun-2026,83.6617,0.0849315,9.79003,9.78745,0.00258195
02-Jun-2026,88.3095,0.0849315,5.70109,5.58284,0.118254
02-Jun-2026,92.9574,0.0849315,2.52057,2.12687,0.393701
02-Jun-2026,97.6053,0.0849315,0.712069,0.267023,0.445046
02-Jun-2026,102.253,0.0849315,0.10368,0.00730705,0.096373
02-Jun-2026,106.901,0.0849315,0.00688975,0.000125403,0.00676435
02-Jun-2026,111.549,0.0849315,0.000233617,1.97027e-06,0.000231647
02-Jun-2026,74.3659,0.0767123,18.8368,18.8407,0.00388405
02-Jun-2026,79.0138,0.0767123,14.2239,14.2343,0.0103615
02-Jun-2026,83.6617,0.0767123,9.70684,9.71064,0.00379558
02-Jun-2026,88.3095,0.0767123,5.55694,5.465,0.0919369
02-Jun-2026,92.9574,0.0767123,2.34263,1.99396,0.348665
02-Jun-2026,97.6053,0.0767123,0.591777,0.212735,0.379042
02-Jun-2026,102.253,0.0767123,0.0690969,0.00410312,0.0649938
02-Jun-2026,106.901,0.0767123,0.00323183,4.57621e-05,0.00318607
02-Jun-2026,111.549,0.0767123,6.9647e-05,4.54844e-07,6.91922e-05
02-Jun-2026,74.3659,0.161644,19.2075,19.2177,0.0102199
02-Jun-2026,79.0138,0.161644,14.763,14.7404,0.0226164
02-Jun-2026,83.6617,0.161644,10.5594,10.4235,0.135854
02-Jun-2026,88.3095,0.161644,6.81135,6.42082,0.390528
02-Jun-2026,92.9574,0.161644,3.78824,3.01521,0.773032
02-Jun-2026,97.6053,0.161644,1.70861,0.7607,0.94791
02-Jun-2026,102.253,0.161644,0.582074,0.079814,0.50226
02-Jun-2026,106.901,0.161644,0.142827,0.00657358,0.136253
02-Jun-2026,111.549,0.161644,0.025788,0.000548888,0.0252391
02-Jun-2026,74.3659,0.246575,19.6893,19.6362,0.0530795
02-Jun-2026,79.0138,0.246575,15.433,15.2656,0.167394
02-Jun-2026,83.6617,0.246575,11.4641,11.073,0.391125
02-Jun-2026,88.3095,0.246575,7.93207,7.18023,0.751838
02-Jun-2026,92.9574,0.246575,4.99719,3.80085,1.19634
02-Jun-2026,97.6053,0.246575,2.78617,1.33921,1.44696
02-Jun-2026,102.253,0.246575,1.33256,0.253234,1.07933
02-Jun-2026,106.901,0.246575,0.534155,0.0366459,0.497509
02-Jun-2026,111.549,0.246575,0.179644,0.00551127,0.174133
02-Jun-2026,74.3659,0.328767,20.2457,20.0566,0.189133
02-Jun-2026,79.0138,0.328767,16.1558,15.7679,0.387859
02-Jun-2026,83.6617,0.328767,12.3639,11.6618,0.702059
02-Jun-2026,88.3095,0.328767,8.97764,7.84333,1.13431
02-Jun-2026,92.9574,0.328767,6.10391,4.48985,1.61406
02-Jun-2026,97.6053,0.328767,3.82578,1.91466,1.91112
02-Jun-2026,102.253,0.328767,2.17456,0.513034,1.66153
02-Jun-2026,106.901,0.328767,1.10645,0.100387,1.00606
02-Jun-2026,111.549,0.328767,0.502527,0.0196614,0.482866
02-Jun-2026,74.3659,0.410959,20.8716,20.4831,0.388452
02-Jun-2026,79.0138,0.410959,16.9304,16.2639,0.666472
02-Jun-2026,83.6617,0.410959,13.2841,12.2291,1.05503
02-Jun-2026,88.3095,0.410959,10.0123,8.47266,1.53964
02-Jun-2026,92.9574,0.410959,7.18981,5.14669,2.04312
02-Jun-2026,97.6053,0.410959,4.87405,2.50042,2.37363
02-Jun-2026,102.253,0.410959,3.09018,0.855169,2.23501
02-Jun-2026,106.901,0.410959,1.81836,0.211841,1.60652
02-Jun-2026,111.549,0.410959,0.990088,0.0489623,0.941126
02-Jun-2026,74.3659,0.49589,21.5493,20.9112,0.638094
02-Jun-2026,79.0138,0.49589,17.7408,16.7536,0.987185
02-Jun-2026,83.6617,0.49589,14.2183,12.7815,1.43677
02-Jun-2026,88.3095,0.49589,11.0417,9.0806,1.9611
02-Jun-2026,92.9574,0.49589,8.26511,5.78272,2.48239
02-Jun-2026,97.6053,0.49589,5.92948,3.09035,2.83913
02-Jun-2026,102.253,0.49589,4.05401,1.26147,2.79254
02-Jun-2026,106.901,0.49589,2.62921,0.382856,2.24635
02-Jun-2026,111.549,0.49589,1.61368,0.101566,1.51211
02-Jun-2026,74.3659,0.580822,22.2992,21.3583,0.940884
02-Jun-2026,79.0138,0.580822,18.615,17.2597,1.35526
02-Jun-2026,83.6617,0.580822,15.2048,13.3475,1.85733
02-Jun-2026,88.3095,0.580822,12.1139,9.69965,2.41425
02-Jun-2026,92.9574,0.580822,9.38185,6.43096,2.95089
02-Jun-2026,97.6053,0.580822,7.03779,3.70729,3.3305
02-Jun-2026,102.253,0.580822,5.09593,1.73483,3.3611
02-Jun-2026,106.901,0.580822,3.55138,0.630134,2.92125
02-Jun-2026,111.549,0.580822,2.37816,0.192298,2.18586
02-Jun-2026,74.3659,0.660274,22.9669,21.7403,1.22662
02-Jun-2026,79.0138,0.660274,19.3792,17.6891,1.69011
02-Jun-2026,83.6617,0.660274,16.0547,13.8245,2.23016
02-Jun-2026,88.3095,0.660274,13.0291,10.219,2.81005
02-Jun-2026,92.9574,0.660274,10.3331,6.97488,3.35822
02-Jun-2026,97.6053,0.660274,7.9888,4.23366,3.75514
02-Jun-2026,102.253,0.660274,6.0069,2.16723,3.83967
02-Jun-2026,106.901,0.660274,4.38425,0.894184,3.49007
02-Jun-2026,111.549,0.660274,3.10242,0.307023,2.7954
02-Jun-2026,74.3659,0.736986,23.5922,22.0881,1.50405
02-Jun-2026,79.0138,0.736986,20.0859,18.0782,2.00771
02-Jun-2026,83.6617,0.736986,16.8328,14.2549,2.57788
02-Jun-2026,88.3095,0.736986,13.862,10.6859,3.1761
02-Jun-2026,92.9574,0.736986,11.1977,7.46361,3.73409
02-Jun-2026,97.6053,0.736986,8.8573,4.71169,4.14561
02-Jun-2026,102.253,0.736986,6.84892,2.57695,4.27197
02-Jun-2026,106.901,0.736986,5.17007,1.17166,3.99841
02-Jun-2026,111.549,0.736986,3.80672,0.445595,3.36113
02-Jun-2026,74.3659,0.827397,24.3699,22.5109,1.85899
02-Jun-2026,79.0138,0.827397,20.9555,18.549,2.40648
02-Jun-2026,83.6617,0.827397,17.7822,14.7735,3.00872
02-Jun-2026,88.3095,0.827397,14.873,11.2464,3.62656
02-Jun-2026,92.9574,0.827397,12.2462,8.05009,4.19611
02-Jun-2026,97.6053,0.827397,9.91462,5.29024,4.62438
02-Jun-2026,102.253,0.827397,7.8839,3.0894,4.7945
02-Jun-2026,106.901,0.827397,6.15185,1.54837,4.60348
02-Jun-2026,111.549,0.827397,4.7078,0.659445,4.04835
02-Jun-2026,74.3659,0.909589,25.0659,22.8822,2.18367
02-Jun-2026,79.0138,0.909589,21.7265,18.9609,2.76556
02-Jun-2026,83.6617,0.909589,18.6183,15.2254,3.39292
02-Jun-2026,88.3095,0.909589,15.7597,11.7333,4.02637
02-Jun-2026,92.9574,0.909589,13.165,8.55916,4.60584
02-Jun-2026,97.6053,0.909589,10.844,5.79585,5.04815
02-Jun-2026,102.253,0.909589,8.80063,3.54882,5.25181
02-Jun-2026,106.901,0.909589,7.03274,1.90817,5.12457
02-Jun-2026,111.549,0.909589,5.53153,0.887019,4.64451
03-Jun-2026,74.2317,0.00547945,18.5709,18.571,0.000101896
03-Jun-2026,78.8712,0.00547945,13.9323,13.9323,1.45177e-05
03-Jun-2026,83.5107,0.00547945,9.2936,9.29363,2.71395e-05
03-Jun-2026,88.1502,0.00547945,4.65494,4.65501,6.59658e-05
03-Jun-2026,92.7897,0.00547945,0.448844,0.460921,0.012077
03-Jun-2026,97.4292,0.00547945,6.00863e-07,3.84815e-08,5.62381e-07
03-Jun-2026,102.069,0.00547945,7.72752e-16,-3.02436e-15,3.79711e-15
03-Jun-2026,106.708,0.00547945,8.72339e-16,2.56607e-15,1.69373e-15
03-Jun-2026,111.348,0.00547945,9.28989e-16,2.6288e-15,1.69981e-15
03-Jun-2026,74.2317,0.0246575,18.6424,18.6425,7.5342e-05
03-Jun-2026,78.8712,0.0246575,14.0082,14.0084,0.0002491
03-Jun-2026,83.5107,0.0246575,9.37578,9.38034,0.00456306
03-Jun-2026,88.1502,0.0246575,4.82133,4.8552,0.0338667
03-Jun-2026,92.7897,0.0246575,1.20276,1.19851,0.00424553
03-Jun-2026,97.4292,0.0246575,0.0498836,0.0219633,0.0279203
03-Jun-2026,102.069,0.0246575,8.03487e-05,3.29132e-06,7.70574e-05
03-Jun-2026,106.708,0.0246575,3.49646e-09,4.87759e-11,3.44768e-09
03-Jun-2026,111.348,0.0246575,1.75027e-14,4.0906e-15,1.34121e-14
03-Jun-2026,74.2317,0.0438356,18.7009,18.7013,0.000371457
03-Jun-2026,78.8712,0.0438356,14.0712,14.0749,0.00368348
03-Jun-2026,83.5107,0.0438356,9.45954,9.48141,0.0218696
03-Jun-2026,88.1502,0.0438356,5.04253,5.09304,0.0505055
03-Jun-2026,92.7897,0.0438356,1.61258,1.57099,0.0415898
03-Jun-2026,97.4292,0.0438356,0.18,0.0900537,0.0899463
03-Jun-2026,102.069,0.0438356,0.00341737,0.000311333,0.00310604
03-Jun-2026,106.708,0.0438356,8.89794e-06,3.09934e-07,8.58801e-06
03-Jun-2026,111.348,0.0438356,5.58773e-09,2.14208e-10,5.37352e-09
03-Jun-2026,74.2317,0.0630137,18.7729,18.7763,0.00344464
03-Jun-2026,78.8712,0.0630137,14.1547,14.1702,0.0155452
03-Jun-2026,83.5107,0.0630137,9.59506,9.63869,0.0436257
03-Jun-2026,88.1502,0.0630137,5.33824,5.38284,0.0446025
03-Jun-2026,92.7897,0.0630137,2.03932,1.93615,0.103168
03-Jun-2026,97.4292,0.0630137,0.39195,0.206808,0.185142
03-Jun-2026,102.069,0.0630137,0.0253654,0.00337002,0.0219954
03-Jun-2026,106.708,0.0630137,0.000479989,2.56624e-05,0.000454327
03-Jun-2026,111.348,0.0630137,3.62394e-06,1.59897e-07,3.46404e-06
03-Jun-2026,74.2317,0.0821918,18.8337,18.8428,0.0090935
03-Jun-2026,78.8712,0.0821918,14.2327,14.2605,0.0278011
03-Jun-2026,83.5107,0.0821918,9.72841,9.78193,0.0535152
03-Jun-2026,88.1502,0.0821918,5.58421,5.60794,0.0237255
03-Jun-2026,92.7897,0.0821918,2.35577,2.19295,0.16282
03-Jun-2026,97.4292,0.0821918,0.586273,0.315516,0.270757
03-Jun-2026,102.069,0.0821918,0.0651933,0.0101665,0.0550268
03-Jun-2026,106.708,0.0821918,0.00290447,0.000185686,0.00271878
03-Jun-2026,111.348,0.0821918,6.38679e-05,2.9708e-06,6.08971e-05
03-Jun-2026,74.2317,0.0739726,18.7996,18.8052,0.00563813
03-Jun-2026,78.8712,0.0739726,14.1882,14.2091,0.0209253
03-Jun-2026,83.5107,0.0739726,9.65221,9.70131,0.0490978
03-Jun-2026,88.1502,0.0739726,5.44752,5.48437,0.0368524
03-Jun-2026,92.7897,0.0739726,2.18274,2.05393,0.128812
03-Jun-2026,97.4292,0.0739726,0.476706,0.254118,0.222588
03-Jun-2026,102.069,0.0739726,0.0404734,0.0058298,0.0346436
03-Jun-2026,106.708,0.0739726,0.00117892,6.90097e-05,0.00110991
03-Jun-2026,111.348,0.0739726,1.52578e-05,6.91928e-07,1.45659e-05
03-Jun-2026,74.2317,0.158904,19.1565,19.1949,0.038405
03-Jun-2026,78.8712,0.158904,14.6933,14.7359,0.0426023
03-Jun-2026,83.5107,0.158904,10.4522,10.4452,0.00698403
03-Jun-2026,88.1502,0.158904,6.65444,6.47808,0.176357
03-Jun-2026,92.7897,0.158904,3.59541,3.11019,0.485223
03-Jun-2026,97.4292,0.158904,1.52888,0.848206,0.680674
03-Jun-2026,102.069,0.158904,0.468398,0.0998522,0.368546
03-Jun-2026,106.708,0.158904,0.0983774,0.00868626,0.0896911
03-Jun-2026,111.348,0.158904,0.0148457,0.00074663,0.0140991
03-Jun-2026,74.2317,0.243836,19.616,19.6274,0.0114475
03-Jun-2026,78.8712,0.243836,15.3329,15.2788,0.0540535
03-Jun-2026,83.5107,0.243836,11.3257,11.1144,0.21129
03-Jun-2026,88.1502,0.243836,7.75193,7.25536,0.496574
03-Jun-2026,92.7897,0.243836,4.78807,3.90774,0.880334
03-Jun-2026,97.4292,0.243836,2.57944,1.44567,1.13377
03-Jun-2026,102.069,0.243836,1.16722,0.298077,0.869143
03-Jun-2026,106.708,0.243836,0.432273,0.0454545,0.386819
03-Jun-2026,111.348,0.243836,0.132033,0.00701455,0.125018
03-Jun-2026,74.2317,0.326027,20.1522,20.0595,0.0927276
03-Jun-2026,78.8712,0.326027,16.0334,15.7939,0.239458
03-Jun-2026,83.5107,0.326027,12.2059,11.7154,0.490499
03-Jun-2026,88.1502,0.326027,8.78448,7.92739,0.85709
03-Jun-2026,92.7897,0.326027,5.88637,4.60097,1.2854
03-Jun-2026,97.4292,0.326027,3.60595,2.02903,1.57692
03-Jun-2026,102.069,0.326027,1.98066,0.579826,1.40083
03-Jun-2026,106.708,0.326027,0.961178,0.119677,0.841501
03-Jun-2026,111.348,0.326027,0.411565,0.0240561,0.387509
03-Jun-2026,74.2317,0.408219,20.761,20.4955,0.265523
03-Jun-2026,78.8712,0.408219,16.7914,16.2992,0.492174
03-Jun-2026,83.5107,0.408219,13.1133,12.2904,0.822867
03-Jun-2026,88.1502,0.408219,9.81153,8.56144,1.25009
03-Jun-2026,92.7897,0.408219,6.96817,5.25895,1.70922
03-Jun-2026,97.4292,0.408219,4.64777,2.61799,2.02978
03-Jun-2026,102.069,0.408219,2.87996,0.938562,1.9414
03-Jun-2026,106.708,0.408219,1.64345,0.244684,1.39877
03-Jun-2026,111.348,0.408219,0.861264,0.0582014,0.803063
03-Jun-2026,74.2317,0.493151,21.4252,20.931,0.494223
03-Jun-2026,78.8712,0.493151,17.5901,16.7957,0.794408
03-Jun-2026,83.5107,0.493151,14.0393,12.848,1.19129
03-Jun-2026,88.1502,0.493151,10.837,9.17183,1.66517
03-Jun-2026,92.7897,0.493151,8.04224,5.89474,2.1475
03-Jun-2026,97.4292,0.493151,5.70078,3.20883,2.49195
03-Jun-2026,102.069,0.493151,3.83501,1.35608,2.47893
03-Jun-2026,106.708,0.493151,2.43536,0.430529,2.00483
03-Jun-2026,111.348,0.493151,1.45631,0.117887,1.33842
03-Jun-2026,74.2317,0.578082,22.1645,21.3842,0.780257
03-Jun-2026,78.8712,0.578082,18.4559,17.3071,1.14882
03-Jun-2026,83.5107,0.578082,15.0208,13.4176,1.60324
03-Jun-2026,88.1502,0.578082,11.9078,9.7922,2.1156
03-Jun-2026,92.7897,0.578082,9.15983,6.54215,2.61768
03-Jun-2026,97.4292,0.578082,6.80936,3.82558,2.98378
03-Jun-2026,102.069,0.578082,4.87283,1.83691,3.03592
03-Jun-2026,106.708,0.578082,3.34575,0.692434,2.65332
03-Jun-2026,111.348,0.578082,2.20019,0.218337,1.98185
03-Jun-2026,74.2317,0.657534,22.8254,21.7705,1.05487
03-Jun-2026,78.8712,0.657534,19.2153,17.7399,1.47535
03-Jun-2026,83.5107,0.657534,15.8685,13.8969,1.97159
03-Jun-2026,88.1502,0.657534,12.8233,10.3122,2.51106
03-Jun-2026,92.7897,0.657534,10.113,7.08525,3.02775
03-Jun-2026,97.4292,0.657534,7.76213,4.35141,3.41072
03-Jun-2026,102.069,0.657534,5.78304,2.27342,3.50962
03-Jun-2026,106.708,0.657534,4.17306,0.967184,3.20588
03-Jun-2026,111.348,0.657534,2.91278,0.34271,2.57007
03-Jun-2026,74.2317,0.734247,23.4461,22.1218,1.32431
03-Jun-2026,78.8712,0.734247,19.9193,18.1318,1.78754
03-Jun-2026,83.5107,0.734247,16.646,14.329,2.31703
03-Jun-2026,88.1502,0.734247,13.6575,10.7795,2.87799
03-Jun-2026,92.7897,0.734247,10.9802,7.57328,3.40692
03-Jun-2026,97.4292,0.734247,8.63314,4.82887,3.80427
03-Jun-2026,102.069,0.734247,6.62588,2.6857,3.94018
03-Jun-2026,106.708,0.734247,4.9564,1.25273,3.70367
03-Jun-2026,111.348,0.734247,3.61009,0.490489,3.1196
03-Jun-2026,74.2317,0.824658,24.22,22.5482,1.67181
03-Jun-2026,78.8712,0.824658,20.787,18.6055,2.18154
03-Jun-2026,83.5107,0.824658,17.5958,14.8493,2.74651
03-Jun-2026,88.1502,0.824658,14.671,11.3405,3.33049
03-Jun-2026,92.7897,0.824658,12.0325,8.15909,3.87341
03-Jun-2026,97.4292,0.824658,9.69433,5.40678,4.28755
03-Jun-2026,102.069,0.824658,7.6633,3.20032,4.46298
03-Jun-2026,106.708,0.824658,5.93757,1.63729,4.30028
03-Jun-2026,111.348,0.824658,4.50624,0.715245,3.79099
03-Jun-2026,74.2317,0.906849,24.914,22.9224,1.99158
03-Jun-2026,78.8712,0.906849,21.5576,19.0197,2.53794
03-Jun-2026,83.5107,0.906849,18.4332,15.3026,3.13058
03-Jun-2026,88.1502,0.906849,15.5605,11.8278,3.73266
03-Jun-2026,92.7897,0.906849,12.955,8.66776,4.28724
03-Jun-2026,97.4292,0.906849,10.6276,5.91195,4.71565
03-Jun-2026,102.069,0.906849,8.5831,3.66113,4.92197
03-Jun-2026,106.708,0.906849,6.81954,2.00253,4.81701
03-Jun-2026,111.348,0.906849,5.32809,0.95163,4.37646
04-Jun-2026,74.5988,0.00273973,18.6561,18.6561,1.02018e-05
04-Jun-2026,79.2612,0.00273973,13.9941,13.9941,1.08415e-05
04-Jun-2026,83.9236,0.00273973,9.33204,9.33209,4.85187e-05
04-Jun-2026,88.5861,0.00273973,4.67001,4.66999,1.99381e-05
04-Jun-2026,93.2485,0.00273973,0.306465,0.409952,0.103487
04-Jun-2026,97.9109,0.00273973,4.93265e-08,4.76288e-08,1.69766e-09
04-Jun-2026,107.236,0.00273973,1.30962e-15,2.17547e-15,8.65845e-16
04-Jun-2026,111.898,0.00273973,1.48713e-15,2.24503e-15,7.57905e-16
04-Jun-2026,74.5988,0.0219178,18.7263,18.7263,4.70401e-05
04-Jun-2026,79.2612,0.0219178,14.0687,14.0691,0.000394792
04-Jun-2026,83.9236,0.0219178,9.41187,9.42289,0.0110226
04-Jun-2026,88.5861,0.0219178,4.81085,4.93819,0.127344
04-Jun-2026,93.2485,0.0219178,1.11008,1.44838,0.338298
04-Jun-2026,97.9109,0.0219178,0.0296114,0.111895,0.0822832
04-Jun-2026,102.573,0.0219178,1.40099e-05,0.000540974,0.000526964
04-Jun-2026,107.236,0.0219178,1.02153e-10,4.75313e-08,4.74292e-08
04-Jun-2026,111.898,0.0219178,3.77288e-15,1.96172e-13,1.92399e-13
04-Jun-2026,74.5988,0.0410959,18.7838,18.7844,0.000613116
04-Jun-2026,79.2612,0.0410959,14.1302,14.138,0.00777201
04-Jun-2026,83.9236,0.0410959,9.48851,9.54801,0.0595013
04-Jun-2026,88.5861,0.0410959,5.00894,5.25607,0.247125
04-Jun-2026,93.2485,0.0410959,1.50422,1.93042,0.426197
04-Jun-2026,97.9109,0.0410959,0.12903,0.313597,0.184567
04-Jun-2026,102.573,0.0410959,0.00125512,0.0102845,0.00902941
04-Jun-2026,107.236,0.0410959,1.28844e-06,3.53053e-05,3.40169e-05
04-Jun-2026,111.898,0.0410959,3.20485e-10,2.19143e-08,2.15938e-08
04-Jun-2026,74.5988,0.060274,18.8543,18.8607,0.00641972
04-Jun-2026,79.2612,0.060274,14.2096,14.2451,0.0354693
04-Jun-2026,83.9236,0.060274,9.60947,9.74778,0.138307
04-Jun-2026,88.5861,0.060274,5.27726,5.62922,0.351958
04-Jun-2026,93.2485,0.060274,1.90374,2.39839,0.494653
04-Jun-2026,97.9109,0.060274,0.300522,0.578199,0.277677
04-Jun-2026,102.573,0.060274,0.0122392,0.0478306,0.0355914
04-Jun-2026,107.236,0.060274,0.000123507,0.000907864,0.000784357
04-Jun-2026,111.898,0.060274,5.09064e-07,5.73034e-06,5.22128e-06
04-Jun-2026,74.5988,0.0794521,18.9131,18.931,0.017891
04-Jun-2026,79.2612,0.0794521,14.2818,14.3506,0.0688279
04-Jun-2026,83.9236,0.0794521,9.7278,9.92846,0.200664
04-Jun-2026,88.5861,0.0794521,5.50001,5.91354,0.413532
04-Jun-2026,93.2485,0.0794521,2.19456,2.72599,0.531434
04-Jun-2026,97.9109,0.0794521,0.460088,0.791002,0.330914
04-Jun-2026,102.573,0.0794521,0.0348265,0.0984076,0.0635811
04-Jun-2026,107.236,0.0794521,0.000923986,0.00388099,0.002957
04-Jun-2026,111.898,0.0794521,1.23968e-05,6.51578e-05,5.2761e-05
04-Jun-2026,74.5988,0.0712329,18.8802,18.891,0.0107818
04-Jun-2026,79.2612,0.0712329,14.2408,14.2903,0.0494507
04-Jun-2026,83.9236,0.0712329,9.66023,9.82697,0.166736
04-Jun-2026,88.5861,0.0712329,5.37634,5.75789,0.381547
04-Jun-2026,93.2485,0.0712329,2.03606,2.54879,0.512728
04-Jun-2026,97.9109,0.0712329,0.369996,0.673544,0.303548
04-Jun-2026,102.573,0.0712329,0.020579,0.0683527,0.0477737
04-Jun-2026,107.236,0.0712329,0.000338399,0.00187547,0.00153707
04-Jun-2026,111.898,0.0712329,2.53378e-06,1.94093e-05,1.68755e-05
04-Jun-2026,74.5988,0.156164,19.2121,19.3258,0.113705
04-Jun-2026,79.2612,0.156164,14.6917,14.9193,0.227582
04-Jun-2026,83.9236,0.156164,10.364,10.7506,0.386583
04-Jun-2026,88.5861,0.156164,6.45465,6.99386,0.539211
04-Jun-2026,93.2485,0.156164,3.30145,3.88001,0.578563
04-Jun-2026,97.9109,0.156164,1.23628,1.65294,0.416664
04-Jun-2026,102.573,0.156164,0.295919,0.451242,0.155323
04-Jun-2026,107.236,0.156164,0.0443553,0.0681965,0.0238412
04-Jun-2026,111.898,0.156164,0.00480451,0.00655309,0.00174858
04-Jun-2026,74.5988,0.241096,19.6167,19.8275,0.210849
04-Jun-2026,79.2612,0.241096,15.2447,15.5713,0.326595
04-Jun-2026,83.9236,0.241096,11.1193,11.567,0.447716
04-Jun-2026,88.5861,0.241096,7.4105,7.93992,0.529417
04-Jun-2026,93.2485,0.241096,4.33376,4.84622,0.512457
04-Jun-2026,97.9109,0.241096,2.09748,2.46112,0.363636
04-Jun-2026,102.573,0.241096,0.786624,0.934726,0.148102
04-Jun-2026,107.236,0.241096,0.224217,0.240529,0.0163122
04-Jun-2026,111.898,0.241096,0.0518807,0.0443574,0.00752327
04-Jun-2026,74.5988,0.323288,20.0758,20.3333,0.257548
04-Jun-2026,79.2612,0.323288,15.8401,16.1868,0.34672
04-Jun-2026,83.9236,0.323288,11.8694,12.2887,0.419286
04-Jun-2026,88.5861,0.323288,8.29437,8.73726,0.442893
04-Jun-2026,93.2485,0.323288,5.26771,5.65342,0.385709
04-Jun-2026,97.9109,0.323288,2.93656,3.17716,0.240596
04-Jun-2026,102.573,0.323288,1.38366,1.44463,0.0609698
04-Jun-2026,107.236,0.323288,0.542119,0.493768,0.0483513
04-Jun-2026,111.898,0.323288,0.182145,0.128049,0.0540964
04-Jun-2026,74.5988,0.405479,20.5885,20.8434,0.25488
04-Jun-2026,79.2612,0.405479,16.477,16.7842,0.307188
04-Jun-2026,83.9236,0.405479,12.6345,12.9659,0.331433
04-Jun-2026,88.5861,0.405479,9.16359,9.47012,0.306529
04-Jun-2026,93.2485,0.405479,6.17823,6.39632,0.218092
04-Jun-2026,97.9109,0.405479,3.78757,3.86081,0.0732377
04-Jun-2026,102.573,0.405479,2.06258,1.98159,0.0809945
04-Jun-2026,107.236,0.405479,0.985112,0.818152,0.16696
04-Jun-2026,111.898,0.405479,0.418151,0.267864,0.150287
04-Jun-2026,74.5988,0.490411,21.1415,21.3494,0.20794
04-Jun-2026,79.2612,0.490411,17.1425,17.3629,0.220399
04-Jun-2026,83.9236,0.490411,13.4096,13.6096,0.200005
04-Jun-2026,88.5861,0.490411,10.025,10.1597,0.134694
04-Jun-2026,93.2485,0.490411,7.07673,7.0981,0.0213679
04-Jun-2026,97.9109,0.490411,4.64821,4.5232,0.125007
04-Jun-2026,102.573,0.490411,2.79802,2.53581,0.262207
04-Jun-2026,107.236,0.490411,1.52894,1.19921,0.329733
04-Jun-2026,111.898,0.490411,0.7621,0.467526,0.294574
04-Jun-2026,74.5988,0.575342,21.7523,21.8709,0.118611
04-Jun-2026,79.2612,0.575342,17.8598,17.95,0.0901515
04-Jun-2026,83.9236,0.575342,14.2271,14.255,0.0279247
04-Jun-2026,88.5861,0.575342,10.9203,10.8476,0.0726964
04-Jun-2026,93.2485,0.575342,8.00829,7.8011,0.207186
04-Jun-2026,97.9109,0.575342,5.55548,5.19912,0.356361
04-Jun-2026,102.573,0.575342,3.60923,3.12688,0.482354
04-Jun-2026,107.236,0.575342,2.18075,1.64415,0.536598
04-Jun-2026,111.898,0.575342,1.22672,0.738074,0.488646
04-Jun-2026,74.5988,0.654795,22.2958,22.3107,0.0148787
04-Jun-2026,79.2612,0.654795,18.487,18.4401,0.0468954
04-Jun-2026,83.9236,0.654795,14.9311,14.7902,0.140947
04-Jun-2026,88.5861,0.654795,11.6838,11.4164,0.267364
04-Jun-2026,93.2485,0.654795,8.80145,8.38439,0.417059
04-Jun-2026,97.9109,0.654795,6.3366,5.76721,0.569386
04-Jun-2026,102.573,0.654795,4.32855,3.63884,0.689706
04-Jun-2026,107.236,0.654795,2.79079,2.05393,0.736857
04-Jun-2026,111.898,0.654795,1.69771,1.01488,0.682825
04-Jun-2026,74.5988,0.731507,22.805,22.7069,0.0980746
04-Jun-2026,79.2612,0.731507,19.0674,18.879,0.188409
04-Jun-2026,83.9236,0.731507,15.576,15.2673,0.308729
04-Jun-2026,88.5861,0.731507,12.3785,11.9228,0.455662
04-Jun-2026,93.2485,0.731507,9.52256,8.90491,0.617654
04-Jun-2026,97.9109,0.731507,7.05197,6.2786,0.773373
04-Jun-2026,102.573,0.731507,4.99996,4.10904,0.890924
04-Jun-2026,107.236,0.731507,3.38018,2.4458,0.934383
04-Jun-2026,111.898,0.731507,2.17705,1.29903,0.878017
04-Jun-2026,74.5988,0.821918,23.439,23.1836,0.255384
04-Jun-2026,79.2612,0.821918,19.7823,19.4044,0.377934
04-Jun-2026,83.9236,0.821918,16.3635,15.8365,0.527009
04-Jun-2026,88.5861,0.821918,13.2223,12.5263,0.696031
04-Jun-2026,93.2485,0.821918,10.3978,9.52637,0.871426
04-Jun-2026,97.9109,0.821918,7.92537,6.89357,1.0318
04-Jun-2026,102.573,0.821918,5.83225,4.68388,1.14837
04-Jun-2026,107.236,0.821918,4.13114,2.94089,1.19025
04-Jun-2026,111.898,0.821918,2.81375,1.67949,1.13426
04-Jun-2026,74.5988,0.90411,24.0072,23.5985,0.408713
04-Jun-2026,79.2612,0.90411,20.4174,19.8598,0.557622
04-Jun-2026,83.9236,0.90411,17.058,16.3285,0.72946
04-Jun-2026,88.5861,0.90411,13.963,13.0473,0.91566
04-Jun-2026,93.2485,0.90411,11.1656,10.0638,1.10175
04-Jun-2026,97.9109,0.90411,8.6953,7.42856,1.26674
04-Jun-2026,102.573,0.90411,6.57493,5.19077,1.38416
04-Jun-2026,107.236,0.90411,4.81595,3.38921,1.42674
04-Jun-2026,111.898,0.90411,3.41379,2.04045,1.37334
05-Jun-2026,73.7984,0.0191781,18.5171,18.5171,2.65605e-05
05-Jun-2026,78.4108,0.0191781,13.909,13.909,4.01774e-05
05-Jun-2026,83.0232,0.0191781,9.3021,9.30218,7.74861e-05
05-Jun-2026,87.6356,0.0191781,4.76793,4.75543,0.0124972
05-Jun-2026,92.248,0.0191781,1.17578,1.05856,0.117224
05-Jun-2026,96.8604,0.0191781,0.049815,0.0123185,0.0374965
05-Jun-2026,101.473,0.0191781,9.31447e-05,1.17181e-07,9.30275e-05
05-Jun-2026,106.085,0.0191781,4.04973e-09,1.61726e-15,4.04973e-09
05-Jun-2026,110.698,0.0191781,8.95413e-15,-2.64022e-15,1.15943e-14
05-Jun-2026,73.7984,0.0383562,18.5724,18.5724,1.92361e-05
05-Jun-2026,78.4108,0.0383562,13.9685,13.9689,0.000352
05-Jun-2026,83.0232,0.0383562,9.38326,9.38298,0.000283534
05-Jun-2026,87.6356,0.0383562,5.00034,4.96541,0.0349344
05-Jun-2026,92.248,0.0383562,1.61795,1.45002,0.167927
05-Jun-2026,96.8604,0.0383562,0.194882,0.0748043,0.120078
05-Jun-2026,101.473,0.0383562,0.00459977,8.29652e-05,0.0045168
05-Jun-2026,106.085,0.0383562,1.54862e-05,6.1453e-09,1.54801e-05
05-Jun-2026,110.698,0.0383562,1.08522e-08,1.729e-13,1.0852e-08
05-Jun-2026,73.7984,0.0575342,18.6405,18.641,0.000504929
05-Jun-2026,78.4108,0.0575342,14.0486,14.0504,0.00176869
05-Jun-2026,83.0232,0.0575342,9.5194,9.51497,0.0044284
05-Jun-2026,87.6356,0.0575342,5.30606,5.24013,0.0659301
05-Jun-2026,92.248,0.0575342,2.05675,1.83292,0.223827
05-Jun-2026,96.8604,0.0575342,0.418847,0.197276,0.221571
05-Jun-2026,101.473,0.0575342,0.0312083,0.0018288,0.0293795
05-Jun-2026,106.085,0.0575342,0.000710112,3.07883e-06,0.000707033
05-Jun-2026,110.698,0.0575342,6.15192e-06,2.84245e-09,6.14908e-06
05-Jun-2026,73.7984,0.0767123,18.6984,18.6999,0.00154213
05-Jun-2026,78.4108,0.0767123,14.1246,14.1272,0.00264877
05-Jun-2026,83.0232,0.0767123,9.65353,9.64175,0.0117847
05-Jun-2026,87.6356,0.0767123,5.55431,5.46094,0.0933676
05-Jun-2026,92.248,0.0767123,2.37207,2.10434,0.267731
05-Jun-2026,96.8604,0.0767123,0.614658,0.316593,0.298065
05-Jun-2026,101.473,0.0767123,0.0748035,0.00719198,0.0676115
05-Jun-2026,106.085,0.0767123,0.00376194,4.37473e-05,0.00371819
05-Jun-2026,110.698,0.0767123,9.16653e-05,1.69083e-07,9.14962e-05
05-Jun-2026,73.7984,0.0958904,18.7598,18.7628,0.00296604
05-Jun-2026,78.4108,0.0958904,14.2108,14.2131,0.00225431
05-Jun-2026,83.0232,0.0958904,9.80092,9.77831,0.0226093
05-Jun-2026,87.6356,0.0958904,5.7969,5.67445,0.122451
05-Jun-2026,92.248,0.0958904,2.66254,2.35155,0.310989
05-Jun-2026,96.8604,0.0958904,0.813949,0.445028,0.368921
05-Jun-2026,101.473,0.0958904,0.136561,0.0181224,0.118439
05-Jun-2026,106.085,0.0958904,0.011417,0.000249484,0.0111675
05-Jun-2026,110.698,0.0958904,0.000536944,2.38722e-06,0.000534557
05-Jun-2026,73.7984,0.0684932,18.6659,18.6668,0.000881655
05-Jun-2026,78.4108,0.0684932,14.0811,14.0834,0.00226995
05-Jun-2026,83.0232,0.0684932,9.577,9.56975,0.00725349
05-Jun-2026,87.6356,0.0684932,5.41699,5.33907,0.0779153
05-Jun-2026,92.248,0.0684932,2.20058,1.95713,0.243455
05-Jun-2026,96.8604,0.0684932,0.505152,0.248833,0.256319
05-Jun-2026,101.473,0.0684932,0.0481883,0.00362548,0.0445628
05-Jun-2026,106.085,0.0684932,0.00163834,1.17118e-05,0.00162663
05-Jun-2026,110.698,0.0684932,2.39848e-05,2.23731e-08,2.39624e-05
05-Jun-2026,73.7984,0.153425,19.0083,19.0117,0.00343624
05-Jun-2026,78.4108,0.153425,14.5718,14.5564,0.0154003
05-Jun-2026,83.0232,0.153425,10.3582,10.2762,0.0819686
05-Jun-2026,87.6356,0.153425,6.58699,6.35354,0.233445
05-Jun-2026,92.248,0.153425,3.55001,3.09129,0.458719
05-Jun-2026,96.8604,0.153425,1.49938,0.91732,0.58206
05-Jun-2026,101.473,0.153425,0.452111,0.108694,0.343417
05-Jun-2026,106.085,0.153425,0.0927363,0.00622559,0.0865107
05-Jun-2026,110.698,0.153425,0.0137077,0.000284079,0.0134236
05-Jun-2026,73.7984,0.238356,19.4408,19.4173,0.0234938
05-Jun-2026,78.4108,0.238356,15.1701,15.0872,0.0829238
05-Jun-2026,83.0232,0.238356,11.1682,10.9631,0.20505
05-Jun-2026,87.6356,0.238356,7.59288,7.18524,0.407642
05-Jun-2026,92.248,0.238356,4.62579,3.96248,0.663311
05-Jun-2026,96.8604,0.238356,2.42485,1.59155,0.833304
05-Jun-2026,101.473,0.238356,1.04472,0.366529,0.678191
05-Jun-2026,106.085,0.238356,0.360395,0.0485062,0.311889
05-Jun-2026,110.698,0.238356,0.101946,0.00524693,0.0966991
05-Jun-2026,73.7984,0.320548,19.9296,19.8445,0.0851079
05-Jun-2026,78.4108,0.320548,15.803,15.6161,0.186864
05-Jun-2026,83.0232,0.320548,11.9566,11.6023,0.354262
05-Jun-2026,87.6356,0.320548,8.50836,7.9169,0.591458
05-Jun-2026,92.248,0.320548,5.58583,4.72222,0.863614
05-Jun-2026,96.8604,0.320548,3.30099,2.24428,1.05671
05-Jun-2026,101.473,0.320548,1.70971,0.73141,0.9783
05-Jun-2026,106.085,0.320548,0.763245,0.152781,0.610464
05-Jun-2026,110.698,0.320548,0.296538,0.0252493,0.271289
05-Jun-2026,73.7984,0.40274,20.4699,20.2912,0.178665
05-Jun-2026,78.4108,0.40274,16.4705,16.1498,0.320701
05-Jun-2026,83.0232,0.40274,12.7498,12.2244,0.525442
05-Jun-2026,87.6356,0.40274,9.3991,8.61113,0.787969
05-Jun-2026,92.248,0.40274,6.51295,5.44289,1.07006
05-Jun-2026,96.8604,0.40274,4.17506,2.89835,1.27671
05-Jun-2026,101.473,0.40274,2.43485,1.17803,1.25682
05-Jun-2026,106.085,0.40274,1.2773,0.337865,0.939435
05-Jun-2026,110.698,0.40274,0.604664,0.0748763,0.529788
05-Jun-2026,73.7984,0.487671,21.0471,20.7479,0.299238
05-Jun-2026,78.4108,0.487671,17.1602,16.6825,0.477689
05-Jun-2026,83.0232,0.487671,13.5454,12.832,0.713366
05-Jun-2026,87.6356,0.487671,10.2748,9.27994,0.994864
05-Jun-2026,92.248,0.487671,7.4214,6.13784,1.28356
05-Jun-2026,96.8604,0.487671,5.04957,3.55048,1.49909
05-Jun-2026,101.473,0.487671,3.20108,1.67902,1.52206
05-Jun-2026,106.085,0.487671,1.87582,0.606455,1.26936
05-Jun-2026,110.698,0.487671,1.01646,0.170385,0.846075
05-Jun-2026,73.7984,0.572603,21.6788,21.23,0.448776
05-Jun-2026,78.4108,0.572603,17.8969,17.2358,0.661096
05-Jun-2026,83.0232,0.572603,14.378,13.4542,0.923766
05-Jun-2026,87.6356,0.572603,11.1794,9.95858,1.22082
05-Jun-2026,92.248,0.572603,8.35819,6.84362,1.51457
05-Jun-2026,96.8604,0.572603,5.96456,4.22761,1.73695
05-Jun-2026,101.473,0.572603,4.03283,2.2399,1.79293
05-Jun-2026,106.085,0.572603,2.56931,0.965431,1.60388
05-Jun-2026,110.698,0.572603,1.54119,0.333319,1.20787
05-Jun-2026,73.7984,0.652055,22.2369,21.6442,0.592692
05-Jun-2026,78.4108,0.652055,18.5367,17.7057,0.830956
05-Jun-2026,83.0232,0.652055,15.0908,13.9776,1.11315
05-Jun-2026,87.6356,0.652055,11.9471,10.526,1.42109
05-Jun-2026,92.248,0.652055,9.15262,7.43403,1.71859
05-Jun-2026,96.8604,0.652055,6.74826,4.8024,1.94586
05-Jun-2026,101.473,0.652055,4.76289,2.73927,2.02362
05-Jun-2026,106.085,0.652055,3.20481,1.32349,1.88132
05-Jun-2026,110.698,0.652055,2.05361,0.528407,1.5252
05-Jun-2026,73.7984,0.728767,22.7569,22.0222,0.734656
05-Jun-2026,78.4108,0.728767,19.1258,18.1314,0.994407
05-Jun-2026,83.0232,0.728767,15.7409,14.4487,1.29223
05-Jun-2026,87.6356,0.728767,12.6435,11.0345,1.60899
05-Jun-2026,92.248,0.728767,9.87285,7.96323,1.90962
05-Jun-2026,96.8604,0.728767,7.46349,5.32249,2.141
05-Jun-2026,101.473,0.728767,5.43994,3.2049,2.23504
05-Jun-2026,106.085,0.728767,3.8109,1.68183,2.12907
05-Jun-2026,110.698,0.728767,2.5631,0.749557,1.81354
05-Jun-2026,73.7984,0.819178,23.4012,22.4819,0.919287
05-Jun-2026,78.4108,0.819178,19.8483,18.6456,1.2027
05-Jun-2026,83.0232,0.819178,16.532,15.0146,1.51745
05-Jun-2026,87.6356,0.819178,13.4868,11.6432,1.84359
05-Jun-2026,92.248,0.819178,10.7449,8.59675,2.14815
05-Jun-2026,96.8604,0.819178,8.3342,5.94987,2.38433
05-Jun-2026,101.473,0.819178,6.275,3.77998,2.49502
05-Jun-2026,106.085,0.819178,4.57552,2.14923,2.42629
05-Jun-2026,110.698,0.819178,3.22786,1.06847,2.15939
05-Jun-2026,73.7984,0.90137,23.9762,22.8854,1.09081
05-Jun-2026,78.4108,0.90137,20.4875,19.0944,1.39305
05-Jun-2026,83.0232,0.90137,17.2274,15.5062,1.72124
05-Jun-2026,87.6356,0.90137,14.2253,12.1703,2.05496
05-Jun-2026,92.248,0.90137,11.5083,9.14533,2.36297
05-Jun-2026,96.8604,0.90137,9.09993,6.4965,2.60343
05-Jun-2026,101.473,0.90137,7.01718,4.29045,2.72673
05-Jun-2026,106.085,0.90137,5.26754,2.5819,2.68564
05-Jun-2026,110.698,0.90137,3.84595,1.38757,2.45838
08-Jun-2026,78.4201,0.0109589,13.8652,13.8652,7.2709e-06
08-Jun-2026,83.0331,0.0109589,9.25375,9.25376,1.40057e-05
08-Jun-2026,87.646,0.0109589,4.64587,4.65311,0.00724467
08-Jun-2026,92.259,0.0109589,0.715562,0.802234,0.0866719
08-Jun-2026,96.8719,0.0109589,0.0014254,0.00301351,0.00158811
08-Jun-2026,101.485,0.0109589,6.18459e-10,1.30091e-09,6.8245e-10
08-Jun-2026,73.8072,0.030137,18.5446,18.5446,4.60503e-05
08-Jun-2026,78.4201,0.030137,13.9376,13.9388,0.00118524
08-Jun-2026,83.0331,0.030137,9.33807,9.35411,0.0160382
08-Jun-2026,87.646,0.030137,4.88274,4.97444,0.0916955
08-Jun-2026,92.259,0.030137,1.42659,1.57584,0.149255
08-Jun-2026,96.8719,0.030137,0.123359,0.157954,0.0345949
08-Jun-2026,101.485,0.030137,0.00138504,0.00145831,7.32684e-05
08-Jun-2026,106.098,0.030137,1.26805e-06,4.84052e-07,7.83998e-07
08-Jun-2026,110.711,0.030137,1.39091e-10,1.46344e-11,1.24457e-10
08-Jun-2026,73.8072,0.0493151,18.6004,18.6015,0.0011195
08-Jun-2026,78.4201,0.0493151,13.9998,14.0095,0.00973213
08-Jun-2026,83.0331,0.0493151,9.43648,9.48667,0.0501901
08-Jun-2026,87.646,0.0493151,5.13843,5.27918,0.140747
08-Jun-2026,92.259,0.0493151,1.83706,2.00703,0.169973
08-Jun-2026,96.8719,0.0493151,0.303561,0.355106,0.0515454
08-Jun-2026,101.485,0.0493151,0.0147504,0.0139044,0.000846019
08-Jun-2026,106.098,0.0493151,0.000162215,6.99541e-05,9.22609e-05
08-Jun-2026,110.711,0.0493151,5.02188e-07,8.17245e-08,4.20464e-07
08-Jun-2026,73.8072,0.0684932,18.6701,18.6774,0.00725995
08-Jun-2026,78.4201,0.0684932,14.0873,14.1184,0.0310904
08-Jun-2026,83.0331,0.0684932,9.59247,9.6855,0.0930258
08-Jun-2026,87.646,0.0684932,5.45549,5.63247,0.176981
08-Jun-2026,92.259,0.0684932,2.26079,2.43888,0.178092
08-Jun-2026,96.8719,0.0684932,0.54988,0.605866,0.055986
08-Jun-2026,101.485,0.0684932,0.0596465,0.0525714,0.00707512
08-Jun-2026,106.098,0.0684932,0.00245988,0.00112583,0.00133405
08-Jun-2026,110.711,0.0684932,4.42092e-05,9.00832e-06,3.52009e-05
08-Jun-2026,73.8072,0.0876712,18.7306,18.7472,0.01663
08-Jun-2026,78.4201,0.0876712,14.1709,14.2234,0.0525483
08-Jun-2026,83.0331,0.0876712,9.73941,9.86144,0.122027
08-Jun-2026,87.646,0.0876712,5.70884,5.9021,0.193256
08-Jun-2026,92.259,0.0876712,2.57047,2.74577,0.175297
08-Jun-2026,96.8719,0.0876712,0.757279,0.807072,0.049793
08-Jun-2026,101.485,0.0876712,0.119404,0.101686,0.017718
08-Jun-2026,106.098,0.0876712,0.00896792,0.00420919,0.00475873
08-Jun-2026,110.711,0.0876712,0.000355055,7.98947e-05,0.00027516
08-Jun-2026,73.8072,0.060274,18.638,18.6417,0.00371168
08-Jun-2026,78.4201,0.060274,14.0456,14.0659,0.0203082
08-Jun-2026,83.0331,0.060274,9.51759,9.59188,0.0742911
08-Jun-2026,87.646,0.060274,5.31203,5.47515,0.163123
08-Jun-2026,92.259,0.060274,2.0758,2.25204,0.176244
08-Jun-2026,96.8719,0.060274,0.436212,0.492067,0.0558549
08-Jun-2026,101.485,0.060274,0.0351757,0.0318094,0.0033663
08-Jun-2026,106.098,0.060274,0.000894706,0.000400921,0.000493785
08-Jun-2026,110.711,0.060274,8.47146e-06,1.59136e-06,6.8801e-06
08-Jun-2026,73.8072,0.145205,18.9589,19.018,0.0591134
08-Jun-2026,78.4201,0.145205,14.5048,14.6174,0.112646
08-Jun-2026,83.0331,0.145205,10.2682,10.44,0.171815
08-Jun-2026,87.646,0.145205,6.47847,6.67252,0.194052
08-Jun-2026,92.259,0.145205,3.44363,3.57227,0.128639
08-Jun-2026,96.8719,0.145205,1.4226,1.41368,0.00892457
08-Jun-2026,101.485,0.145205,0.41462,0.331516,0.0831045
08-Jun-2026,106.098,0.145205,0.0805718,0.0394074,0.0411644
08-Jun-2026,110.711,0.145205,0.0109591,0.00288453,0.00807457
08-Jun-2026,73.8072,0.230137,19.3897,19.4933,0.103621
08-Jun-2026,78.4201,0.230137,15.1076,15.2476,0.140038
08-Jun-2026,83.0331,0.230137,11.096,11.2478,0.151809
08-Jun-2026,87.646,0.230137,7.5172,7.62663,0.109433
08-Jun-2026,92.259,0.230137,4.55747,4.55243,0.00503702
08-Jun-2026,96.8719,0.230137,2.37426,2.2161,0.158161
08-Jun-2026,101.485,0.230137,1.01492,0.776245,0.238675
08-Jun-2026,106.098,0.230137,0.346035,0.176128,0.169907
08-Jun-2026,110.711,0.230137,0.0959571,0.0282873,0.0676698
08-Jun-2026,73.8072,0.312329,19.8828,19.9826,0.0998149
08-Jun-2026,78.4201,0.312329,15.7501,15.8507,0.10063
08-Jun-2026,83.0331,0.312329,11.9006,11.9638,0.0632068
08-Jun-2026,87.646,0.312329,8.45435,8.42505,0.0293026
08-Jun-2026,92.259,0.312329,5.53987,5.36243,0.177438
08-Jun-2026,96.8719,0.312329,3.2677,2.92633,0.341366
08-Jun-2026,101.485,0.312329,1.68953,1.26199,0.427541
08-Jun-2026,106.098,0.312329,0.752497,0.397187,0.35531
08-Jun-2026,110.711,0.312329,0.290946,0.0937226,0.197223
08-Jun-2026,73.8072,0.394521,20.4559,20.5031,0.0471613
08-Jun-2026,78.4201,0.394521,16.4597,16.4651,0.00542497
08-Jun-2026,83.0331,0.394521,12.7449,12.6654,0.0794669
08-Jun-2026,87.646,0.394521,9.40229,9.18825,0.214035
08-Jun-2026,92.259,0.394521,6.5253,6.13709,0.388215
08-Jun-2026,96.8719,0.394521,4.19505,3.63472,0.560334
08-Jun-2026,101.485,0.394521,2.45804,1.8059,0.652139
08-Jun-2026,106.098,0.394521,1.2979,0.708975,0.588925
08-Jun-2026,110.711,0.394521,0.618906,0.218238,0.400668
08-Jun-2026,73.8072,0.479452,21.0412,20.998,0.0431648
08-Jun-2026,78.4201,0.479452,17.1592,17.0341,0.125082
08-Jun-2026,83.0331,0.479452,13.5512,13.3013,0.249915
08-Jun-2026,87.646,0.479452,10.2888,9.87182,0.416981
08-Jun-2026,92.259,0.479452,7.44364,6.83355,0.610092
08-Jun-2026,96.8719,0.479452,5.07819,4.28985,0.788342
08-Jun-2026,101.485,0.479452,3.23216,2.34677,0.885386
08-Jun-2026,106.098,0.479452,1.90438,1.069,0.835378
08-Jun-2026,110.711,0.479452,1.0386,0.39699,0.64161
08-Jun-2026,73.8072,0.564384,21.6263,21.4663,0.159993
08-Jun-2026,78.4201,0.564384,17.8417,17.5637,0.277983
08-Jun-2026,83.0331,0.564384,14.3222,13.8859,0.436307
08-Jun-2026,87.646,0.564384,11.1257,10.4967,0.628969
08-Jun-2026,92.259,0.564384,8.30921,7.47276,0.836446
08-Jun-2026,96.8719,0.564384,5.92244,4.90266,1.01978
08-Jun-2026,101.485,0.564384,3.99883,2.87693,1.1219
08-Jun-2026,106.098,0.564384,2.54352,1.45799,1.08553
08-Jun-2026,110.711,0.564384,1.52268,0.6229,0.89978
08-Jun-2026,73.8072,0.643836,22.2181,21.9198,0.29827
08-Jun-2026,78.4201,0.643836,18.5202,18.0712,0.448986
08-Jun-2026,83.0331,0.643836,15.0778,14.4419,0.635931
08-Jun-2026,87.646,0.643836,11.9389,11.0892,0.849706
08-Jun-2026,92.259,0.643836,9.14969,8.08078,1.06891
08-Jun-2026,96.8719,0.643836,6.75043,5.49347,1.25696
08-Jun-2026,101.485,0.643836,4.76912,3.40487,1.36425
08-Jun-2026,106.098,0.643836,3.21334,1.87226,1.34108
08-Jun-2026,110.711,0.643836,2.06249,0.892727,1.16976
08-Jun-2026,73.8072,0.720548,22.7711,22.3296,0.441472
08-Jun-2026,78.4201,0.720548,19.1462,18.5265,0.619695
08-Jun-2026,83.0331,0.720548,15.7681,14.9382,0.829927
08-Jun-2026,87.646,0.720548,12.6773,11.6171,1.06024
08-Jun-2026,92.259,0.720548,9.91264,8.62385,1.28879
08-Jun-2026,96.8719,0.720548,7.50743,6.02632,1.48111
08-Jun-2026,101.485,0.720548,5.48545,3.8921,1.59335
08-Jun-2026,106.098,0.720548,3.85486,2.27305,1.58181
08-Jun-2026,110.711,0.720548,2.60252,1.17628,1.42624
08-Jun-2026,73.8072,0.810959,23.4214,22.7979,0.623531
08-Jun-2026,78.4201,0.810959,19.8745,19.0439,0.830605
08-Jun-2026,83.0331,0.810959,16.5647,15.5,1.06466
08-Jun-2026,87.646,0.810959,13.5256,12.2138,1.31182
08-Jun-2026,92.259,0.810959,10.7889,9.23896,1.54994
08-Jun-2026,96.8719,0.810959,8.38188,6.63452,1.74736
08-Jun-2026,101.485,0.810959,6.32405,4.45841,1.86564
08-Jun-2026,106.098,0.810959,4.6233,2.7563,1.867
08-Jun-2026,110.711,0.810959,3.27177,1.54119,1.73058
08-Jun-2026,73.8072,0.893151,24.0011,23.2055,0.795581
08-Jun-2026,78.4201,0.893151,20.5184,19.4924,1.02599
08-Jun-2026,83.0331,0.893151,17.2643,15.9856,1.27867
08-Jun-2026,87.646,0.893151,14.2678,12.7288,1.53896
08-Jun-2026,92.259,0.893151,11.5555,9.77068,1.78482
08-Jun-2026,96.8719,0.893151,9.1504,7.16349,1.98691
08-Jun-2026,101.485,0.893151,7.06887,4.95808,2.11079
08-Jun-2026,106.098,0.893151,5.31816,3.19508,2.12308
08-Jun-2026,110.711,0.893151,3.89321,1.88974,2.00347
09-Jun-2026,73.725,0.00821918,18.4495,18.4495,1.29138e-05
09-Jun-2026,78.3328,0.00821918,13.8429,13.8428,6.99739e-05
09-Jun-2026,82.9406,0.00821918,9.2362,9.23617,2.51625e-05
09-Jun-2026,87.5484,0.00821918,4.63067,4.63466,0.00398527
09-Jun-2026,92.1562,0.00821918,0.635518,0.707014,0.0714956
09-Jun-2026,96.764,0.00821918,0.000415841,0.000768101,0.00035226
09-Jun-2026,101.372,0.00821918,7.94242e-12,8.95069e-11,8.15645e-11
09-Jun-2026,105.98,0.00821918,1.0709e-15,2.9363e-16,7.7727e-16
09-Jun-2026,110.587,0.00821918,1.08677e-15,2.98956e-16,7.87814e-16
09-Jun-2026,73.725,0.0273973,18.5165,18.5166,0.00011025
09-Jun-2026,78.3328,0.0273973,13.9142,13.9162,0.00201512
09-Jun-2026,82.9406,0.0273973,9.31864,9.3409,0.0222571
09-Jun-2026,87.5484,0.0273973,4.86416,4.96847,0.10431
09-Jun-2026,92.1562,0.0273973,1.41391,1.54129,0.127376
09-Jun-2026,96.764,0.0273973,0.122437,0.13754,0.0151026
09-Jun-2026,101.372,0.0273973,0.00142671,0.00202743,0.00060072
09-Jun-2026,105.98,0.0273973,1.35478e-06,9.42717e-06,8.07239e-06
09-Jun-2026,110.587,0.0273973,1.37578e-10,2.63959e-08,2.62583e-08
09-Jun-2026,73.725,0.0465753,18.5715,18.5742,0.00270559
09-Jun-2026,78.3328,0.0465753,13.9755,13.9928,0.0172708
09-Jun-2026,82.9406,0.0465753,9.4174,9.48858,0.07118
09-Jun-2026,87.5484,0.0465753,5.12921,5.2903,0.161093
09-Jun-2026,92.1562,0.0465753,1.84432,1.98016,0.13584
09-Jun-2026,96.764,0.0465753,0.313913,0.325183,0.0112703
09-Jun-2026,101.372,0.0465753,0.0165854,0.0182892,0.00170383
09-Jun-2026,105.98,0.0465753,0.000206548,0.000553545,0.000346997
09-Jun-2026,110.587,0.0465753,7.02518e-07,1.29896e-05,1.22871e-05
09-Jun-2026,73.725,0.0657534,18.6403,18.6559,0.0156021
09-Jun-2026,78.3328,0.0657534,14.0628,14.1161,0.0532828
09-Jun-2026,82.9406,0.0657534,9.57707,9.70772,0.130652
09-Jun-2026,87.5484,0.0657534,5.45771,5.65653,0.198815
09-Jun-2026,92.1562,0.0657534,2.28411,2.41006,0.125946
09-Jun-2026,96.764,0.0657534,0.574314,0.562914,0.0113998
09-Jun-2026,101.372,0.0657534,0.0674422,0.064249,0.00319325
09-Jun-2026,105.98,0.0657534,0.00313413,0.00507172,0.00193759
09-Jun-2026,110.587,0.0657534,6.30572e-05,0.000349775,0.000286717
09-Jun-2026,73.725,0.0849315,18.7004,18.7343,0.0339279
09-Jun-2026,78.3328,0.0849315,14.1474,14.2353,0.0878822
09-Jun-2026,82.9406,0.0849315,9.72834,9.89792,0.16958
09-Jun-2026,87.5484,0.0849315,5.71938,5.93145,0.212074
09-Jun-2026,92.1562,0.0849315,2.60383,2.71103,0.107204
09-Jun-2026,96.764,0.0849315,0.792078,0.752735,0.0393432
09-Jun-2026,101.372,0.0849315,0.134095,0.118766,0.0153288
09-Jun-2026,105.98,0.0849315,0.0112029,0.0143513,0.00314837
09-Jun-2026,110.587,0.0849315,0.000493349,0.0015919,0.00109855
09-Jun-2026,73.725,0.0575342,18.6086,18.6169,0.00826812
09-Jun-2026,78.3328,0.0575342,14.021,14.0564,0.0353729
09-Jun-2026,82.9406,0.0575342,9.50021,9.60511,0.104901
09-Jun-2026,87.5484,0.0575342,5.3092,5.49433,0.185132
09-Jun-2026,92.1562,0.0575342,2.09252,2.22508,0.132564
09-Jun-2026,96.764,0.0575342,0.454407,0.455232,0.000825425
09-Jun-2026,101.372,0.0575342,0.0398219,0.0400921,0.000270233
09-Jun-2026,105.98,0.0575342,0.00114785,0.00223575,0.0010879
09-Jun-2026,110.587,0.0575342,1.21497e-05,0.000104429,9.22798e-05
09-Jun-2026,73.725,0.142466,18.9302,19.0414,0.111212
09-Jun-2026,78.3328,0.142466,14.4887,14.6702,0.181505
09-Jun-2026,82.9406,0.142466,10.2726,10.5037,0.231125
09-Jun-2026,87.5484,0.142466,6.51052,6.69929,0.18877
09-Jun-2026,92.1562,0.142466,3.50058,3.51091,0.0103337
09-Jun-2026,96.764,0.142466,1.4843,1.32563,0.158666
09-Jun-2026,101.372,0.142466,0.454952,0.354054,0.100898
09-Jun-2026,105.98,0.142466,0.0951922,0.0826391,0.0125531
09-Jun-2026,110.587,0.142466,0.0140163,0.0189897,0.00497335
09-Jun-2026,73.725,0.227397,19.3692,19.5617,0.192501
09-Jun-2026,78.3328,0.227397,15.1065,15.3324,0.22594
09-Jun-2026,82.9406,0.227397,11.1211,11.3163,0.195163
09-Jun-2026,87.5484,0.227397,7.57241,7.62981,0.0573976
09-Jun-2026,92.1562,0.227397,4.63843,4.45966,0.178767
09-Jun-2026,96.764,0.227397,2.46447,2.09737,0.367098
09-Jun-2026,101.372,0.227397,1.0899,0.783144,0.306756
09-Jun-2026,105.98,0.227397,0.390158,0.265986,0.124172
09-Jun-2026,110.587,0.227397,0.114318,0.0912723,0.0230457
09-Jun-2026,73.725,0.309589,19.8726,20.0752,0.20257
09-Jun-2026,78.3328,0.309589,15.7634,15.9438,0.180366
09-Jun-2026,82.9406,0.309589,11.9425,12.0222,0.079694
09-Jun-2026,87.5484,0.309589,8.52692,8.40866,0.118262
09-Jun-2026,92.1562,0.309589,5.63849,5.25699,0.381496
09-Jun-2026,96.764,0.309589,3.37863,2.79803,0.580597
09-Jun-2026,101.372,0.309589,1.79162,1.24888,0.542739
09-Jun-2026,105.98,0.309589,0.82687,0.508652,0.318218
09-Jun-2026,110.587,0.309589,0.333307,0.208178,0.125129
09-Jun-2026,73.725,0.391781,20.4571,20.6073,0.150168
09-Jun-2026,78.3328,0.391781,16.4869,16.5572,0.0703069
09-Jun-2026,82.9406,0.391781,12.802,12.7134,0.0885544
09-Jun-2026,87.5484,0.391781,9.49012,9.16228,0.327844
09-Jun-2026,92.1562,0.391781,6.63928,6.03342,0.605863
09-Jun-2026,96.764,0.391781,4.32365,3.51113,0.812517
09-Jun-2026,101.372,0.391781,2.58339,1.77881,0.80458
09-Jun-2026,105.98,0.391781,1.40135,0.822995,0.578355
09-Jun-2026,110.587,0.391781,0.690226,0.376536,0.31369
09-Jun-2026,73.725,0.476712,21.0533,21.1071,0.0538449
09-Jun-2026,78.3328,0.476712,17.1987,17.124,0.0746993
09-Jun-2026,82.9406,0.476712,13.6212,13.3447,0.276541
09-Jun-2026,87.5484,0.476712,10.3893,9.84667,0.542627
09-Jun-2026,92.1562,0.476712,7.57031,6.74159,0.828721
09-Jun-2026,96.764,0.476712,5.2211,4.18018,1.04092
09-Jun-2026,101.372,0.476712,3.3761,2.31561,1.06049
09-Jun-2026,105.98,0.476712,2.03218,1.17629,0.85589
09-Jun-2026,110.587,0.476712,1.13753,0.581983,0.555547
09-Jun-2026,73.725,0.561644,21.6483,21.5785,0.0698098
09-Jun-2026,78.3328,0.561644,17.8921,17.6535,0.238552
09-Jun-2026,82.9406,0.561644,14.4033,13.9305,0.472848
09-Jun-2026,87.5484,0.561644,11.237,10.4796,0.757426
09-Jun-2026,92.1562,0.561644,8.44665,7.3981,1.04855
09-Jun-2026,96.764,0.561644,6.07733,4.81194,1.26539
09-Jun-2026,101.372,0.561644,4.15803,2.84964,1.30839
09-Jun-2026,105.98,0.561644,2.6916,1.55761,1.13399
09-Jun-2026,110.587,0.561644,1.64629,0.820549,0.825741
09-Jun-2026,73.725,0.641096,22.2493,22.0355,0.213785
09-Jun-2026,78.3328,0.641096,18.5804,18.1639,0.416474
09-Jun-2026,82.9406,0.641096,15.1687,14.4924,0.676344
09-Jun-2026,87.5484,0.641096,12.0598,11.0849,0.974905
09-Jun-2026,92.1562,0.641096,9.29668,8.02687,1.26981
09-Jun-2026,96.764,0.641096,6.91581,5.42483,1.49098
09-Jun-2026,101.372,0.641096,4.94143,3.3873,1.55413
09-Jun-2026,105.98,0.641096,3.37882,1.96688,1.41194
09-Jun-2026,110.587,0.641096,2.20808,1.09424,1.11384
09-Jun-2026,73.725,0.717808,22.8104,22.4497,0.360693
09-Jun-2026,78.3328,0.717808,19.2147,18.6244,0.590262
09-Jun-2026,82.9406,0.717808,15.8673,14.9975,0.869848
09-Jun-2026,87.5484,0.717808,12.8063,11.6276,1.17866
09-Jun-2026,92.1562,0.717808,10.0676,8.59103,1.47657
09-Jun-2026,96.764,0.717808,7.68149,5.97983,1.70166
09-Jun-2026,101.372,0.717808,5.66843,3.88736,1.78107
09-Jun-2026,105.98,0.717808,4.0344,2.36658,1.66782
09-Jun-2026,110.587,0.717808,2.76624,1.37736,1.38888
09-Jun-2026,73.725,0.808219,23.4693,22.9247,0.544557
09-Jun-2026,78.3328,0.808219,19.9521,19.1506,0.801505
09-Jun-2026,82.9406,0.808219,16.6727,15.5726,1.10013
09-Jun-2026,87.5484,0.808219,13.6631,12.2441,1.41899
09-Jun-2026,92.1562,0.808219,10.9524,9.23206,1.72034
09-Jun-2026,96.764,0.808219,8.56508,6.61506,1.95002
09-Jun-2026,101.372,0.808219,6.51808,4.47197,2.04611
09-Jun-2026,105.98,0.808219,4.81723,2.85302,1.96421
09-Jun-2026,110.587,0.808219,3.4542,1.74039,1.71381
09-Jun-2026,73.725,0.890411,24.0563,23.3399,0.716438
09-Jun-2026,78.3328,0.890411,20.6032,19.6088,0.994376
09-Jun-2026,82.9406,0.890411,17.3795,16.0719,1.30765
09-Jun-2026,87.5484,0.890411,14.4122,12.7781,1.63413
09-Jun-2026,92.1562,0.890411,11.7258,9.78736,1.93844
09-Jun-2026,96.764,0.890411,9.34095,7.16854,2.17241
09-Jun-2026,101.372,0.890411,7.27166,4.98998,2.28168
09-Jun-2026,105.98,0.890411,5.52335,3.29827,2.22508
09-Jun-2026,110.587,0.890411,4.09029,2.08802,2.00227
10-Jun-2026,83.4268,0.00547945,9.28327,9.28323,4.18686e-05
10-Jun-2026,88.0616,0.00547945,4.64925,4.64965,0.000401111
10-Jun-2026,92.6964,0.00547945,0.489992,0.549976,0.0599837
10-Jun-2026,97.3312,0.00547945,6.06029e-06,1.79726e-05,1.19123e-05
10-Jun-2026,101.966,0.00547945,9.75521e-16,7.55764e-16,2.19757e-16
10-Jun-2026,106.601,0.00547945,1.00126e-15,1.12044e-15,1.19182e-16
10-Jun-2026,111.236,0.00547945,9.87638e-16,1.10762e-15,1.19983e-16
10-Jun-2026,74.1571,0.0246575,18.618,18.618,4.27496e-05
10-Jun-2026,78.7919,0.0246575,13.9881,13.9892,0.00105269
10-Jun-2026,83.4268,0.0246575,9.3615,9.37629,0.0147881
10-Jun-2026,88.0616,0.0246575,4.83835,4.92996,0.0916086
10-Jun-2026,92.6964,0.0246575,1.29223,1.41927,0.127038
10-Jun-2026,97.3312,0.0246575,0.0775792,0.0904855,0.0129063
10-Jun-2026,101.966,0.0246575,0.00034969,0.000694778,0.000345088
10-Jun-2026,106.601,0.0246575,6.94864e-08,1.59991e-06,1.53043e-06
10-Jun-2026,111.236,0.0246575,1.12721e-12,2.26076e-09,2.25963e-09
10-Jun-2026,74.1571,0.0438356,18.6725,18.6742,0.00166815
10-Jun-2026,78.7919,0.0438356,14.0476,14.0598,0.0122417
10-Jun-2026,83.4268,0.0438356,9.44843,9.50761,0.0591778
10-Jun-2026,88.0616,0.0438356,5.07913,5.2332,0.154074
10-Jun-2026,92.6964,0.0438356,1.71401,1.85269,0.138683
10-Jun-2026,97.3312,0.0438356,0.236085,0.248694,0.0126095
10-Jun-2026,101.966,0.0438356,0.0075638,0.0100054,0.00244156
10-Jun-2026,106.601,0.0438356,4.24724e-05,0.00021815,0.000175677
10-Jun-2026,111.236,0.0438356,5.80587e-08,3.7747e-06,3.71664e-06
10-Jun-2026,74.1571,0.0630137,18.74,18.7517,0.0117022
10-Jun-2026,78.7919,0.0630137,14.1292,14.1731,0.0439238
10-Jun-2026,83.4268,0.0630137,9.59102,9.71006,0.119044
10-Jun-2026,88.0616,0.0630137,5.38689,5.58481,0.197924
10-Jun-2026,92.6964,0.0630137,2.14233,2.27403,0.131697
10-Jun-2026,97.3312,0.0630137,0.466852,0.461064,0.00578772
10-Jun-2026,101.966,0.0630137,0.040113,0.0426928,0.00257982
10-Jun-2026,106.601,0.0630137,0.00114988,0.00279126,0.00164138
10-Jun-2026,111.236,0.0630137,1.34045e-05,0.00016263,0.000149226
10-Jun-2026,74.1571,0.0821918,18.7979,18.8255,0.027572
10-Jun-2026,78.7919,0.0821918,14.207,14.284,0.0769533
10-Jun-2026,83.4268,0.0821918,9.72888,9.88929,0.160414
10-Jun-2026,88.0616,0.0821918,5.63535,5.85074,0.215389
10-Jun-2026,92.6964,0.0821918,2.45329,2.56847,0.115177
10-Jun-2026,97.3312,0.0821918,0.665694,0.635245,0.0304486
10-Jun-2026,101.966,0.0821918,0.0888763,0.0853073,0.00356901
10-Jun-2026,106.601,0.0821918,0.00517648,0.00898316,0.00380668
10-Jun-2026,111.236,0.0821918,0.000151952,0.000883606,0.000731654
10-Jun-2026,74.1571,0.0547945,18.7091,18.7148,0.00573977
10-Jun-2026,78.7919,0.0547945,14.0904,14.1181,0.0277123
10-Jun-2026,83.4268,0.0547945,9.52193,9.61453,0.0926047
10-Jun-2026,88.0616,0.0547945,5.24701,5.42861,0.181598
10-Jun-2026,92.6964,0.0547945,1.95588,2.09294,0.137062
10-Jun-2026,97.3312,0.0547945,0.35932,0.363859,0.00453947
10-Jun-2026,101.966,0.0547945,0.021591,0.024908,0.00331705
10-Jun-2026,106.601,0.0547945,0.000344766,0.00109806,0.000753296
10-Jun-2026,111.236,0.0547945,1.86679e-06,4.14262e-05,3.95594e-05
10-Jun-2026,74.1571,0.139726,19.0147,19.116,0.101347
10-Jun-2026,78.7919,0.139726,14.5224,14.696,0.173584
10-Jun-2026,83.4268,0.139726,10.2372,10.47,0.232788
10-Jun-2026,88.0616,0.139726,6.39532,6.59842,0.203095
10-Jun-2026,92.6964,0.139726,3.32647,3.35289,0.0264175
10-Jun-2026,97.3312,0.139726,1.31463,1.17525,0.139375
10-Jun-2026,101.966,0.139726,0.353547,0.284868,0.0686794
10-Jun-2026,106.601,0.139726,0.0610848,0.061769,0.000684222
10-Jun-2026,111.236,0.139726,0.00725022,0.0133743,0.00612409
10-Jun-2026,74.1571,0.224658,19.4275,19.6159,0.188379
10-Jun-2026,78.7919,0.224658,15.1046,15.3353,0.230659
10-Jun-2026,83.4268,0.224658,11.0479,11.2609,0.213004
10-Jun-2026,88.0616,0.224658,7.4268,7.51306,0.0862579
10-Jun-2026,92.6964,0.224658,4.4393,4.2915,0.1478
10-Jun-2026,97.3312,0.224658,2.25569,1.92406,0.331625
10-Jun-2026,101.966,0.224658,0.925705,0.67369,0.252015
10-Jun-2026,106.601,0.224658,0.298004,0.217993,0.0800114
10-Jun-2026,111.236,0.224658,0.077279,0.0722819,0.00499707
10-Jun-2026,74.1571,0.306849,19.906,20.1153,0.209254
10-Jun-2026,78.7919,0.306849,15.7336,15.9328,0.199176
10-Jun-2026,83.4268,0.306849,11.8434,11.9556,0.112246
10-Jun-2026,88.0616,0.306849,8.36093,8.28572,0.0752124
10-Jun-2026,92.6964,0.306849,5.42235,5.08735,0.335004
10-Jun-2026,97.3312,0.306849,3.1459,2.61663,0.529268
10-Jun-2026,101.966,0.306849,1.58619,1.11327,0.472916
10-Jun-2026,106.601,0.306849,0.682572,0.43561,0.246962
10-Jun-2026,111.236,0.306849,0.253354,0.173553,0.0798015
10-Jun-2026,74.1571,0.389041,20.4674,20.6373,0.16993
10-Jun-2026,78.7919,0.389041,16.4336,16.5376,0.10398
10-Jun-2026,83.4268,0.389041,12.6823,12.6413,0.0409621
10-Jun-2026,88.0616,0.389041,9.30843,9.03837,0.270064
10-Jun-2026,92.6964,0.389041,6.41029,5.86676,0.543532
10-Jun-2026,97.3312,0.389041,4.07393,3.32865,0.745277
10-Jun-2026,101.966,0.389041,2.34808,1.62625,0.721826
10-Jun-2026,106.601,0.389041,1.21295,0.726894,0.486056
10-Jun-2026,111.236,0.389041,0.563385,0.324616,0.238769
10-Jun-2026,74.1571,0.473973,21.0445,21.1311,0.0865841
10-Jun-2026,78.7919,0.473973,17.1273,17.1,0.0273351
10-Jun-2026,83.4268,0.473973,13.4865,13.271,0.215507
10-Jun-2026,88.0616,0.473973,10.1965,9.72493,0.471574
10-Jun-2026,92.6964,0.473973,7.33246,6.5801,0.752355
10-Jun-2026,97.3312,0.473973,4.96016,4.00051,0.959647
10-Jun-2026,101.966,0.473973,3.1208,2.15426,0.966539
10-Jun-2026,106.601,0.473973,1.81147,1.06227,0.749203
10-Jun-2026,111.236,0.473973,0.970316,0.513684,0.456632
10-Jun-2026,74.1571,0.558904,21.6239,21.5989,0.0249966
10-Jun-2026,78.7919,0.558904,17.8066,17.6277,0.178896
10-Jun-2026,83.4268,0.558904,14.2573,13.8575,0.399819
10-Jun-2026,88.0616,0.558904,11.0361,10.3615,0.674563
10-Jun-2026,92.6964,0.558904,8.20271,7.24267,0.960042
10-Jun-2026,97.3312,0.558904,5.80889,4.63691,1.17198
10-Jun-2026,101.966,0.558904,3.88907,2.6846,1.20447
10-Jun-2026,106.601,0.558904,2.44738,1.43053,1.01685
10-Jun-2026,111.236,0.558904,1.44648,0.737518,0.708962
10-Jun-2026,74.1571,0.638356,22.2118,22.0541,0.157716
10-Jun-2026,78.7919,0.638356,18.4835,18.1379,0.345621
10-Jun-2026,83.4268,0.638356,15.0141,14.4214,0.592706
10-Jun-2026,88.0616,0.638356,11.853,10.9714,0.881613
10-Jun-2026,92.6964,0.638356,9.04852,7.87787,1.17065
10-Jun-2026,97.3312,0.638356,6.64225,5.25536,1.38689
10-Jun-2026,101.966,0.638356,4.66282,3.22171,1.44111
10-Jun-2026,106.601,0.638356,3.11708,1.83067,1.28641
10-Jun-2026,111.236,0.638356,1.98212,0.998293,0.983827
10-Jun-2026,74.1571,0.715068,22.7627,22.4676,0.295095
10-Jun-2026,78.7919,0.715068,19.1094,18.5991,0.51026
10-Jun-2026,83.4268,0.715068,15.7064,14.9291,0.777344
10-Jun-2026,88.0616,0.715068,12.5955,11.5187,1.07682
10-Jun-2026,92.6964,0.715068,9.81681,8.44807,1.36874
10-Jun-2026,97.3312,0.715068,7.40477,5.81589,1.58888
10-Jun-2026,101.966,0.715068,5.38345,3.72306,1.66039
10-Jun-2026,106.601,0.715068,3.76043,2.22477,1.53566
10-Jun-2026,111.236,0.715068,2.52088,1.27127,1.24961
10-Jun-2026,74.1571,0.805479,23.4118,22.9427,0.469069
10-Jun-2026,78.7919,0.805479,19.8388,19.1269,0.711888
10-Jun-2026,83.4268,0.805479,16.5063,15.5077,0.998634
10-Jun-2026,88.0616,0.805479,13.449,12.1406,1.30836
10-Jun-2026,92.6964,0.805479,10.6997,9.09607,1.60363
10-Jun-2026,97.3312,0.805479,8.28609,6.45773,1.82836
10-Jun-2026,101.966,0.805479,6.22795,4.31056,1.91739
10-Jun-2026,106.601,0.805479,4.53262,2.70739,1.82523
10-Jun-2026,111.236,0.805479,3.19101,1.62478,1.56623
10-Jun-2026,74.1571,0.887671,23.9915,23.3585,0.633028
10-Jun-2026,78.7919,0.887671,20.4843,19.587,0.897297
10-Jun-2026,83.4268,0.887671,17.2094,16.0103,1.19911
10-Jun-2026,88.0616,0.887671,14.1962,12.6795,1.51672
10-Jun-2026,92.6964,0.887671,11.4724,9.65737,1.81503
10-Jun-2026,97.3312,0.887671,9.06096,7.01706,2.0439
10-Jun-2026,101.966,0.887671,6.97855,4.83191,2.14664
10-Jun-2026,106.601,0.887671,5.23184,3.15113,2.08071
10-Jun-2026,111.236,0.887671,3.8148,1.96594,1.84886
11-Jun-2026,73.514,0.00273973,18.3846,18.3846,4.35893e-05
11-Jun-2026,78.1087,0.00273973,13.7903,13.7903,2.13198e-05
11-Jun-2026,82.7033,0.00273973,9.19605,9.1961,4.9042e-05
11-Jun-2026,87.2979,0.00273973,4.6018,4.60188,8.01816e-05
11-Jun-2026,91.8926,0.00273973,0.370037,0.400436,0.0303993
11-Jun-2026,96.4872,0.00273973,1.24687e-08,2.11664e-08,8.6977e-09
11-Jun-2026,101.082,0.00273973,1.41442e-15,1.00344e-15,4.10979e-16
11-Jun-2026,73.514,0.0219178,18.451,18.4511,0.000116207
11-Jun-2026,78.1087,0.0219178,13.8609,13.8617,0.000844626
11-Jun-2026,82.7033,0.0219178,9.27481,9.28717,0.0123614
11-Jun-2026,87.2979,0.0219178,4.80366,4.87598,0.0723157
11-Jun-2026,91.8926,0.0219178,1.32545,1.40599,0.0805423
11-Jun-2026,96.4872,0.0219178,0.0958155,0.0940313,0.00178425
11-Jun-2026,101.082,0.0219178,0.000747571,0.000725662,2.19095e-05
11-Jun-2026,105.676,0.0219178,3.50459e-07,1.41267e-06,1.06221e-06
11-Jun-2026,110.271,0.0219178,1.23981e-11,1.50241e-09,1.49001e-09
11-Jun-2026,73.514,0.0410959,18.5054,18.5071,0.00165707
11-Jun-2026,78.1087,0.0410959,13.9209,13.9324,0.0114515
11-Jun-2026,82.7033,0.0410959,9.36848,9.42107,0.0525856
11-Jun-2026,87.2979,0.0410959,5.0716,5.1936,0.121997
11-Jun-2026,91.8926,0.0410959,1.78487,1.86555,0.0806788
11-Jun-2026,96.4872,0.0410959,0.288413,0.269105,0.0193083
11-Jun-2026,101.082,0.0410959,0.0138341,0.0117132,0.00212092
11-Jun-2026,105.676,0.0410959,0.000145627,0.000256436,0.000110809
11-Jun-2026,110.271,0.0410959,3.76359e-07,4.22959e-06,3.85323e-06
11-Jun-2026,73.514,0.060274,18.5734,18.5849,0.0115411
11-Jun-2026,78.1087,0.060274,14.0062,14.0478,0.0416179
11-Jun-2026,82.7033,0.060274,9.52609,9.63081,0.104725
11-Jun-2026,87.2979,0.060274,5.40832,5.56029,0.151974
11-Jun-2026,91.8926,0.060274,2.24425,2.30625,0.0619988
11-Jun-2026,96.4872,0.060274,0.556389,0.500207,0.0561823
11-Jun-2026,101.082,0.060274,0.0641261,0.0500831,0.014043
11-Jun-2026,105.676,0.060274,0.00288119,0.00338639,0.000505205
11-Jun-2026,110.271,0.060274,5.38813e-05,0.000198036,0.000144154
11-Jun-2026,73.514,0.0794521,18.6325,18.6598,0.0273231
11-Jun-2026,78.1087,0.0794521,14.0897,14.1618,0.0721181
11-Jun-2026,82.7033,0.0794521,9.67805,9.81664,0.138588
11-Jun-2026,87.2979,0.0794521,5.6766,5.83611,0.159511
11-Jun-2026,91.8926,0.0794521,2.5748,2.61175,0.0369543
11-Jun-2026,96.4872,0.0794521,0.780798,0.686777,0.0940207
11-Jun-2026,101.082,0.0794521,0.132318,0.0990563,0.0332617
11-Jun-2026,105.676,0.0794521,0.0110479,0.0108203,0.000227575
11-Jun-2026,110.271,0.0794521,0.000476459,0.00107965,0.000603195
11-Jun-2026,73.514,0.0520548,18.5421,18.5478,0.0056894
11-Jun-2026,78.1087,0.0520548,13.9653,13.9915,0.026214
11-Jun-2026,82.7033,0.0520548,9.44964,9.53173,0.0820861
11-Jun-2026,87.2979,0.0520548,5.25598,5.39768,0.141698
11-Jun-2026,91.8926,0.0520548,2.04495,2.1174,0.0724483
11-Jun-2026,96.4872,0.0520548,0.432802,0.394979,0.0378226
11-Jun-2026,101.082,0.0520548,0.0363891,0.0293161,0.00707301
11-Jun-2026,105.676,0.0520548,0.000975528,0.0013275,0.000351972
11-Jun-2026,110.271,0.0520548,9.04669e-06,4.95668e-05,4.05202e-05
11-Jun-2026,73.514,0.136986,18.861,18.9573,0.0962713
11-Jun-2026,78.1087,0.136986,14.4317,14.5862,0.15453
11-Jun-2026,82.7033,0.136986,10.2297,10.4157,0.186009
11-Jun-2026,87.2979,0.136986,6.48484,6.60554,0.120697
11-Jun-2026,91.8926,0.136986,3.49373,3.41715,0.0765787
11-Jun-2026,96.4872,0.136986,1.49114,1.25309,0.238045
11-Jun-2026,101.082,0.136986,0.463839,0.320763,0.143076
11-Jun-2026,105.676,0.136986,0.0991887,0.0718317,0.027357
11-Jun-2026,110.271,0.136986,0.0148901,0.0158397,0.000949572
11-Jun-2026,73.514,0.221918,19.3024,19.4687,0.166308
11-Jun-2026,78.1087,0.221918,15.0565,15.2407,0.184243
11-Jun-2026,82.7033,0.221918,11.0907,11.2237,0.133034
11-Jun-2026,87.2979,0.221918,7.56392,7.53563,0.0282853
11-Jun-2026,91.8926,0.221918,4.65056,4.36695,0.28361
11-Jun-2026,96.4872,0.221918,2.49003,2.019,0.471027
11-Jun-2026,101.082,0.221918,1.11657,0.736122,0.380448
11-Jun-2026,105.676,0.221918,0.407833,0.24486,0.162973
11-Jun-2026,110.271,0.221918,0.122182,0.0824947,0.0396873
11-Jun-2026,73.514,0.30411,19.8107,19.9767,0.165997
11-Jun-2026,78.1087,0.30411,15.7213,15.8475,0.126183
11-Jun-2026,82.7033,0.30411,11.9226,11.9266,0.00400302
11-Jun-2026,87.2979,0.30411,8.53024,8.31316,0.217084
11-Jun-2026,91.8926,0.30411,5.66281,5.16377,0.499037
11-Jun-2026,96.4872,0.30411,3.41698,2.71611,0.700873
11-Jun-2026,101.082,0.30411,1.83275,1.19231,0.640438
11-Jun-2026,105.676,0.30411,0.859666,0.478456,0.38121
11-Jun-2026,110.271,0.30411,0.353169,0.193526,0.159643
11-Jun-2026,73.514,0.386301,20.4014,20.5045,0.103102
11-Jun-2026,78.1087,0.386301,16.4528,16.4573,0.00447752
11-Jun-2026,82.7033,0.386301,12.7913,12.6152,0.176095
11-Jun-2026,87.2979,0.386301,9.50303,9.0653,0.437732
11-Jun-2026,91.8926,0.386301,6.67322,5.93941,0.733809
11-Jun-2026,96.4872,0.386301,4.37226,3.42666,0.945602
11-Jun-2026,101.082,0.386301,2.63682,1.71486,0.921964
11-Jun-2026,105.676,0.386301,1.44885,0.784066,0.664784
11-Jun-2026,110.271,0.386301,0.7248,0.355437,0.369363
11-Jun-2026,73.514,0.471233,21.0034,21.001,0.00235512
11-Jun-2026,78.1087,0.471233,17.1715,17.0212,0.150296
11-Jun-2026,82.7033,0.471233,13.6179,13.2443,0.373646
11-Jun-2026,87.2979,0.471233,10.4097,9.74837,0.661329
11-Jun-2026,91.8926,0.471233,7.61155,6.6468,0.964751
11-Jun-2026,96.4872,0.471233,5.27753,4.09391,1.18362
11-Jun-2026,101.082,0.471233,3.43909,2.24643,1.19266
11-Jun-2026,105.676,0.471233,2.0919,1.12992,0.961977
11-Jun-2026,110.271,0.471233,1.18605,0.554535,0.631515
11-Jun-2026,73.514,0.556164,21.6038,21.4696,0.134151
11-Jun-2026,78.1087,0.556164,17.8709,17.5484,0.322526
11-Jun-2026,82.7033,0.556164,14.4061,13.8282,0.577891
11-Jun-2026,87.2979,0.556164,11.2633,10.3801,0.883223
11-Jun-2026,91.8926,0.556164,8.4937,7.30254,1.19116
11-Jun-2026,96.4872,0.556164,6.13995,4.72427,1.41568
11-Jun-2026,101.082,0.556164,4.22865,2.77662,1.45203
11-Jun-2026,105.676,0.556164,2.76134,1.50507,1.25627
11-Jun-2026,110.271,0.556164,1.70714,0.787037,0.920103
11-Jun-2026,73.514,0.635616,22.2097,21.9243,0.285423
11-Jun-2026,78.1087,0.635616,18.5644,18.0567,0.50774
11-Jun-2026,82.7033,0.635616,15.1768,14.3885,0.788338
11-Jun-2026,87.2979,0.635616,12.0911,10.9843,1.10684
11-Jun-2026,91.8926,0.635616,9.34857,7.93051,1.41806
11-Jun-2026,96.4872,0.635616,6.98357,5.33595,1.64762
11-Jun-2026,101.082,0.635616,5.01836,3.3113,1.70706
11-Jun-2026,105.676,0.635616,3.45696,1.90918,1.54778
11-Jun-2026,110.271,0.635616,2.27975,1.05499,1.22476
11-Jun-2026,73.514,0.712329,22.7749,22.3365,0.438442
11-Jun-2026,78.1087,0.712329,19.2031,18.5154,0.687699
11-Jun-2026,82.7033,0.712329,15.8796,14.8921,0.987469
11-Jun-2026,87.2979,0.712329,12.8416,11.526,1.31563
11-Jun-2026,91.8926,0.712329,10.1233,8.4939,1.6294
11-Jun-2026,96.4872,0.712329,7.75332,5.88991,1.86341
11-Jun-2026,101.082,0.712329,5.75034,3.80908,1.94126
11-Jun-2026,105.676,0.712329,4.1192,2.30483,1.81437
11-Jun-2026,110.271,0.712329,2.84668,1.33316,1.51352
11-Jun-2026,73.514,0.80274,23.4383,22.8093,0.628977
11-Jun-2026,78.1087,0.80274,19.9449,19.0396,0.905273
11-Jun-2026,82.7033,0.80274,16.6893,15.4657,1.22365
11-Jun-2026,87.2979,0.80274,13.7024,12.1412,1.56117
11-Jun-2026,91.8926,0.80274,11.0119,9.13397,1.87793
11-Jun-2026,96.4872,0.80274,8.64098,6.52395,2.11703
11-Jun-2026,101.082,0.80274,6.60495,4.39141,2.21354
11-Jun-2026,105.676,0.80274,4.90865,2.78726,2.12139
11-Jun-2026,110.271,0.80274,3.54351,1.69094,1.85257
11-Jun-2026,73.514,0.884932,24.0288,23.2226,0.806173
11-Jun-2026,78.1087,0.884932,20.5996,19.4962,1.10337
11-Jun-2026,82.7033,0.884932,17.3995,15.9636,1.43594
11-Jun-2026,87.2979,0.884932,14.4546,12.6741,1.78051
11-Jun-2026,91.8926,0.884932,11.7884,9.68836,2.10004
11-Jun-2026,96.4872,0.884932,9.41997,7.07638,2.34359
11-Jun-2026,101.082,0.884932,7.36231,4.90763,2.45468
11-Jun-2026,105.676,0.884932,5.61981,3.22945,2.39036
11-Jun-2026,110.271,0.884932,4.18642,2.03438,2.15204
12-Jun-2026,74.6209,0.0191781,18.7229,18.7229,1.21154e-05
12-Jun-2026,79.2847,0.0191781,14.0633,14.0636,0.000314178
12-Jun-2026,83.9485,0.0191781,9.40462,9.41514,0.0105235
12-Jun-2026,88.6123,0.0191781,4.80594,4.93501,0.12907
12-Jun-2026,93.2761,0.0191781,1.13064,1.47704,0.346402
12-Jun-2026,97.9399,0.0191781,0.0363344,0.134692,0.0983574
12-Jun-2026,102.604,0.0191781,3.07571e-05,0.00127475,0.00124399
12-Jun-2026,107.268,0.0191781,4.06881e-10,2.93451e-07,2.93044e-07
12-Jun-2026,111.931,0.0191781,4.91288e-16,1.07707e-12,1.07657e-12
12-Jun-2026,74.6209,0.0383562,18.7783,18.7788,0.000541609
12-Jun-2026,79.2847,0.0383562,14.1227,14.1307,0.00804544
12-Jun-2026,83.9485,0.0383562,9.48164,9.54447,0.0628315
12-Jun-2026,88.6123,0.0383562,5.02149,5.27932,0.257828
12-Jun-2026,93.2761,0.0383562,1.55968,2.00404,0.444359
12-Jun-2026,97.9399,0.0383562,0.159109,0.379531,0.220422
12-Jun-2026,102.604,0.0383562,0.00245976,0.020502,0.0180422
12-Jun-2026,107.268,0.0383562,4.43903e-06,0.000145783,0.000141344
12-Jun-2026,111.931,0.0383562,1.66882e-09,1.0922e-07,1.07551e-07
12-Jun-2026,74.6209,0.0575342,18.8463,18.853,0.00673722
12-Jun-2026,79.2847,0.0575342,14.201,14.2387,0.0376776
12-Jun-2026,83.9485,0.0575342,9.60895,9.75542,0.146473
12-Jun-2026,88.6123,0.0575342,5.31205,5.6792,0.36715
12-Jun-2026,93.2761,0.0575342,1.98803,2.50749,0.519462
12-Jun-2026,97.9399,0.0575342,0.361432,0.688827,0.327395
12-Jun-2026,102.604,0.0575342,0.020711,0.0830563,0.0623453
12-Jun-2026,107.268,0.0575342,0.000322081,0.00270832,0.00238624
12-Jun-2026,111.931,0.0575342,1.90013e-06,2.0795e-05,1.88949e-05
12-Jun-2026,74.6209,0.0767123,18.9036,18.9224,0.0187966
12-Jun-2026,79.2847,0.0767123,14.274,14.3469,0.0728778
12-Jun-2026,83.9485,0.0767123,9.73534,9.94611,0.210765
12-Jun-2026,88.6123,0.0767123,5.55124,5.98105,0.42981
12-Jun-2026,93.2761,0.0767123,2.29748,2.85689,0.559408
12-Jun-2026,97.9399,0.0767123,0.544077,0.931676,0.387599
12-Jun-2026,102.604,0.0767123,0.0543965,0.159004,0.104607
12-Jun-2026,107.268,0.0767123,0.00206294,0.00982966,0.00776672
12-Jun-2026,111.931,0.0767123,3.77082e-05,0.000197704,0.000159996
12-Jun-2026,74.6209,0.0958904,18.9639,19.0003,0.0364038
12-Jun-2026,79.2847,0.0958904,14.3564,14.4679,0.11146
12-Jun-2026,83.9485,0.0958904,9.87548,10.1418,0.266349
12-Jun-2026,88.6123,0.0958904,5.78691,6.26248,0.475572
12-Jun-2026,93.2761,0.0958904,2.58372,3.16964,0.585916
12-Jun-2026,97.9399,0.0958904,0.733325,1.16312,0.429792
12-Jun-2026,102.604,0.0958904,0.105403,0.249783,0.14438
12-Jun-2026,107.268,0.0958904,0.00706822,0.0233736,0.0163054
12-Jun-2026,111.931,0.0958904,0.000264996,0.000870763,0.000605767
12-Jun-2026,74.6209,0.0493151,18.8152,18.8181,0.00288444
12-Jun-2026,79.2847,0.0493151,14.1642,14.1859,0.0217091
12-Jun-2026,83.9485,0.0493151,9.54678,9.655,0.108219
12-Jun-2026,88.6123,0.0493151,5.17889,5.50169,0.322797
12-Jun-2026,93.2761,0.0493151,1.80203,2.29172,0.489687
12-Jun-2026,97.9399,0.0493151,0.265328,0.549372,0.284044
12-Jun-2026,102.604,0.0493151,0.00955608,0.0497372,0.0401811
12-Jun-2026,107.268,0.0493151,6.97729e-05,0.000947676,0.000877903
12-Jun-2026,111.931,0.0493151,1.56993e-07,3.21537e-06,3.05838e-06
12-Jun-2026,74.6209,0.134247,19.1132,19.1991,0.085898
12-Jun-2026,79.2847,0.134247,14.5704,14.7628,0.192398
12-Jun-2026,83.9485,0.134247,10.2165,10.5738,0.3573
12-Jun-2026,88.6123,0.134247,6.29403,6.82896,0.53493
12-Jun-2026,93.2761,0.134247,3.16615,3.77664,0.610494
12-Jun-2026,97.9399,0.134247,1.16253,1.64032,0.477789
12-Jun-2026,102.604,0.134247,0.272007,0.482584,0.210577
12-Jun-2026,107.268,0.134247,0.038467,0.0786139,0.0401469
12-Jun-2026,111.931,0.134247,0.00366188,0.00658813,0.00292625
12-Jun-2026,74.6209,0.219178,19.51,19.6933,0.183311
12-Jun-2026,79.2847,0.219178,15.1298,15.4301,0.3003
12-Jun-2026,83.9485,0.219178,11.0058,11.4393,0.433464
12-Jun-2026,88.6123,0.219178,7.31625,7.85694,0.540687
12-Jun-2026,93.2761,0.219178,4.27869,4.84003,0.56134
12-Jun-2026,97.9399,0.219178,2.08726,2.538,0.450742
12-Jun-2026,102.604,0.219178,0.799363,1.04114,0.241777
12-Jun-2026,107.268,0.219178,0.233424,0.298348,0.0649239
12-Jun-2026,111.931,0.219178,0.0542057,0.0560112,0.00180546
12-Jun-2026,74.6209,0.30137,19.9755,20.2018,0.22631
12-Jun-2026,79.2847,0.30137,15.7454,16.0636,0.318159
12-Jun-2026,83.9485,0.30137,11.7928,12.196,0.403194
12-Jun-2026,88.6123,0.30137,8.25075,8.70291,0.452161
12-Jun-2026,93.2761,0.30137,5.26788,5.70077,0.432889
12-Jun-2026,97.9399,0.30137,2.97698,3.30523,0.328246
12-Jun-2026,102.604,0.30137,1.44018,1.60421,0.164034
12-Jun-2026,107.268,0.30137,0.585166,0.605407,0.0202414
12-Jun-2026,111.931,0.30137,0.203085,0.167858,0.0352271
12-Jun-2026,74.6209,0.383562,20.5279,20.74,0.212096
12-Jun-2026,79.2847,0.383562,16.4389,16.7034,0.264512
12-Jun-2026,83.9485,0.383562,12.631,12.9293,0.298305
12-Jun-2026,88.6123,0.383562,9.20484,9.50086,0.296023
12-Jun-2026,93.2761,0.383562,6.26725,6.51043,0.243177
12-Jun-2026,97.9399,0.383562,3.9133,4.05195,0.138648
12-Jun-2026,102.604,0.383562,2.19732,2.20431,0.0069872
12-Jun-2026,107.268,0.383562,1.09548,0.996944,0.0985358
12-Jun-2026,111.931,0.383562,0.487576,0.357838,0.129738
12-Jun-2026,74.6209,0.468493,21.1009,21.249,0.148114
12-Jun-2026,79.2847,0.468493,17.1319,17.2914,0.159477
12-Jun-2026,83.9485,0.468493,13.4398,13.5875,0.147665
12-Jun-2026,88.6123,0.468493,10.1035,10.2075,0.103982
12-Jun-2026,93.2761,0.468493,7.20391,7.22879,0.0248806
12-Jun-2026,97.9399,0.468493,4.81282,4.73065,0.0821662
12-Jun-2026,102.604,0.468493,2.9753,2.78223,0.193072
12-Jun-2026,107.268,0.468493,1.68714,1.41878,0.268365
12-Jun-2026,111.931,0.468493,0.878412,0.604681,0.273731
12-Jun-2026,74.6209,0.553425,21.6801,21.7281,0.0480141
12-Jun-2026,79.2847,0.553425,17.8147,17.835,0.0202796
12-Jun-2026,83.9485,0.553425,14.2188,14.1878,0.0310437
12-Jun-2026,88.6123,0.553425,10.9562,10.8477,0.108503
12-Jun-2026,93.2761,0.553425,8.09047,7.8817,0.208771
12-Jun-2026,97.9399,0.553425,5.67758,5.35807,0.319512
12-Jun-2026,102.604,0.553425,3.75458,3.33715,0.417426
12-Jun-2026,107.268,0.553425,2.32522,1.85419,0.471027
12-Jun-2026,111.931,0.553425,1.34773,0.892969,0.454761
12-Jun-2026,74.6209,0.632877,22.271,22.19,0.0809843
12-Jun-2026,79.2847,0.632877,18.4982,18.3529,0.145262
12-Jun-2026,83.9485,0.632877,14.9865,14.7549,0.231577
12-Jun-2026,88.6123,0.632877,11.7881,11.4504,0.337664
12-Jun-2026,93.2761,0.632877,8.95406,8.49829,0.455768
12-Jun-2026,97.9399,0.632877,6.52893,5.95798,0.570946
12-Jun-2026,102.604,0.632877,4.54305,3.88212,0.660929
12-Jun-2026,107.268,0.632877,3.0032,2.30374,0.699457
12-Jun-2026,111.931,0.632877,1.88394,1.21731,0.666632
12-Jun-2026,74.6209,0.709589,22.8269,22.6058,0.221117
12-Jun-2026,79.2847,0.709589,19.1323,18.8155,0.316832
12-Jun-2026,83.9485,0.709589,15.6906,15.2586,0.431971
12-Jun-2026,88.6123,0.709589,12.5457,11.9846,0.561058
12-Jun-2026,93.2761,0.709589,9.73979,9.04618,0.693606
12-Jun-2026,97.9399,0.709589,7.30934,6.49594,0.813403
12-Jun-2026,102.604,0.709589,5.27959,4.38027,0.899316
12-Jun-2026,107.268,0.709589,3.65809,2.72953,0.928565
12-Jun-2026,111.931,0.709589,2.42845,1.5437,0.884755
12-Jun-2026,74.6209,0.8,23.4841,23.0792,0.404864
12-Jun-2026,79.2847,0.8,19.8734,19.339,0.534391
12-Jun-2026,83.9485,0.8,16.5059,15.8265,0.679436
12-Jun-2026,88.6123,0.8,13.4181,12.586,0.832094
12-Jun-2026,93.2761,0.8,10.6439,9.66429,0.979614
12-Jun-2026,97.9399,0.8,8.21261,7.10728,1.10533
12-Jun-2026,102.604,0.8,6.14457,4.9551,1.18947
12-Jun-2026,107.268,0.8,4.4471,3.23479,1.21231
12-Jun-2026,111.931,0.8,3.11013,1.94981,1.16032
12-Jun-2026,74.6209,0.882192,24.0727,23.4902,0.582459
12-Jun-2026,79.2847,0.882192,20.5308,19.7914,0.739428
12-Jun-2026,83.9485,0.882192,17.2239,16.3156,0.908348
12-Jun-2026,88.6123,0.882192,14.1828,13.1034,1.0794
12-Jun-2026,93.2761,0.882192,11.436,10.197,1.23902
12-Jun-2026,97.9399,0.882192,9.00763,7.63723,1.3704
12-Jun-2026,102.604,0.882192,6.91455,5.45953,1.45502
12-Jun-2026,107.268,0.882192,5.1634,3.68808,1.47532
12-Jun-2026,111.931,0.882192,3.74745,2.32792,1.41953
15-Jun-2026,74.4507,0.0109589,18.6373,18.6372,6.44443e-05
15-Jun-2026,79.1038,0.0109589,13.9857,13.9857,2.47448e-05
15-Jun-2026,83.757,0.0109589,9.33405,9.33402,3.39502e-05
15-Jun-2026,88.4102,0.0109589,4.68487,4.68692,0.00205147
15-Jun-2026,93.0633,0.0109589,0.68844,0.715006,0.0265665
15-Jun-2026,97.7165,0.0109589,0.000786691,0.000631397,0.000155294
15-Jun-2026,102.37,0.0109589,5.40801e-11,4.2317e-13,5.36569e-11
15-Jun-2026,107.023,0.0109589,1.55845e-15,1.8089e-15,2.50452e-16
15-Jun-2026,111.676,0.0109589,1.57936e-15,1.79871e-15,2.19351e-16
15-Jun-2026,74.4507,0.030137,18.705,18.7049,5.16726e-05
15-Jun-2026,79.1038,0.030137,14.0577,14.058,0.000299122
15-Jun-2026,83.757,0.030137,9.416,9.42157,0.00556983
15-Jun-2026,88.4102,0.030137,4.90121,4.93643,0.0352192
15-Jun-2026,93.0633,0.030137,1.37684,1.41311,0.0362725
15-Jun-2026,97.7165,0.030137,0.0996695,0.0872109,0.0124586
15-Jun-2026,102.37,0.030137,0.000696996,0.000141353,0.000555643
15-Jun-2026,107.023,0.030137,3.05483e-07,1.94035e-09,3.03543e-07
15-Jun-2026,111.676,0.030137,1.55517e-11,2.97512e-15,1.55487e-11
15-Jun-2026,74.4507,0.0493151,18.7605,18.7607,0.000194755
15-Jun-2026,79.1038,0.0493151,14.1188,14.1221,0.0033052
15-Jun-2026,83.757,0.0493151,9.50813,9.52765,0.0195219
15-Jun-2026,88.4102,0.0493151,5.14256,5.19476,0.0521971
15-Jun-2026,93.0633,0.0493151,1.77695,1.80744,0.0304895
15-Jun-2026,97.7165,0.0493151,0.26071,0.228948,0.0317623
15-Jun-2026,102.37,0.0493151,0.00951007,0.00302687,0.0064832
15-Jun-2026,107.023,0.0493151,6.7578e-05,2.11994e-06,6.54581e-05
15-Jun-2026,111.676,0.0493151,1.32272e-07,2.66198e-10,1.32006e-07
15-Jun-2026,74.4507,0.0684932,18.8294,18.8318,0.00240381
15-Jun-2026,79.1038,0.0684932,14.2031,14.215,0.0118562
15-Jun-2026,83.757,0.0684932,9.65467,9.69126,0.0365893
15-Jun-2026,88.4102,0.0684932,5.44706,5.50604,0.0589793
15-Jun-2026,93.0633,0.0684932,2.19228,2.20682,0.0145404
15-Jun-2026,97.7165,0.0684932,0.489757,0.428416,0.0613408
15-Jun-2026,102.37,0.0684932,0.0440071,0.0178176,0.0261895
15-Jun-2026,107.023,0.0684932,0.00137001,0.000100309,0.0012697
15-Jun-2026,111.676,0.0684932,1.82799e-05,1.72191e-07,1.81077e-05
15-Jun-2026,74.4507,0.0876712,18.8886,18.8947,0.00607139
15-Jun-2026,79.1038,0.0876712,14.283,14.3035,0.020522
15-Jun-2026,83.757,0.0876712,9.79418,9.84054,0.0463649
15-Jun-2026,88.4102,0.0876712,5.69297,5.74916,0.0561891
15-Jun-2026,93.0633,0.0876712,2.49732,2.49358,0.00374311
15-Jun-2026,97.7165,0.0876712,0.686952,0.597911,0.0890409
15-Jun-2026,102.37,0.0876712,0.0937871,0.0423956,0.0513915
15-Jun-2026,107.023,0.0876712,0.00569547,0.000613545,0.00508193
15-Jun-2026,111.676,0.0876712,0.000179741,3.39937e-06,0.000176342
15-Jun-2026,74.4507,0.0410959,18.7419,18.742,9.56756e-05
15-Jun-2026,79.1038,0.0410959,14.0979,14.0997,0.00184953
15-Jun-2026,83.757,0.0410959,9.47431,9.48881,0.0145022
15-Jun-2026,88.4102,0.0410959,5.06026,5.10812,0.0478566
15-Jun-2026,93.0633,0.0410959,1.65163,1.68492,0.0332948
15-Jun-2026,97.7165,0.0410959,0.203001,0.178268,0.0247333
15-Jun-2026,102.37,0.0410959,0.00496694,0.00141911,0.00354783
15-Jun-2026,107.023,0.0410959,1.81306e-05,3.88298e-07,1.77423e-05
15-Jun-2026,111.676,0.0410959,1.48662e-08,1.48886e-11,1.48513e-08
15-Jun-2026,74.4507,0.126027,19.0356,19.0528,0.0172484
15-Jun-2026,79.1038,0.126027,14.4949,14.5309,0.0360085
15-Jun-2026,83.757,0.126027,10.14,10.1915,0.0515499
15-Jun-2026,88.4102,0.126027,6.22031,6.2514,0.031093
15-Jun-2026,93.0633,0.126027,3.10888,3.05212,0.0567553
15-Jun-2026,97.7165,0.126027,1.13346,0.974616,0.158844
15-Jun-2026,102.37,0.126027,0.263473,0.136889,0.126584
15-Jun-2026,107.023,0.126027,0.0365678,0.00642078,0.030147
15-Jun-2026,111.676,0.126027,0.00331095,0.000149288,0.00316166
15-Jun-2026,74.4507,0.210959,19.4329,19.4606,0.0277357
15-Jun-2026,79.1038,0.210959,15.0606,15.0878,0.0271973
15-Jun-2026,83.757,0.210959,10.9476,10.9462,0.00144273
15-Jun-2026,88.4102,0.210959,7.27445,7.19494,0.0795066
15-Jun-2026,93.0633,0.210959,4.25845,4.04895,0.209497
15-Jun-2026,97.7165,0.210959,2.08713,1.75222,0.334915
15-Jun-2026,102.37,0.210959,0.807874,0.478978,0.328896
15-Jun-2026,107.023,0.210959,0.239139,0.0683846,0.170754
15-Jun-2026,111.676,0.210959,0.0559244,0.00586572,0.0500587
15-Jun-2026,74.4507,0.293151,19.9044,19.9032,0.00122251
15-Jun-2026,79.1038,0.293151,15.6875,15.6505,0.0369632
15-Jun-2026,83.757,0.293151,11.7519,11.6407,0.111182
15-Jun-2026,88.4102,0.293151,8.2306,7.99766,0.232935
15-Jun-2026,93.0633,0.293151,5.26989,4.87941,0.39048
15-Jun-2026,97.7165,0.293151,2.99664,2.46755,0.529088
15-Jun-2026,102.37,0.293151,1.46603,0.920373,0.545657
15-Jun-2026,107.023,0.293151,0.605009,0.22109,0.383919
15-Jun-2026,111.676,0.293151,0.213207,0.0346626,0.178544
15-Jun-2026,74.4507,0.375342,20.427,20.3579,0.0690524
15-Jun-2026,79.1038,0.375342,16.3459,16.2028,0.143057
15-Jun-2026,83.757,0.375342,12.5493,12.2913,0.258036
15-Jun-2026,88.4102,0.375342,9.13856,8.72479,0.413771
15-Jun-2026,93.0633,0.375342,6.21999,5.62902,0.590972
15-Jun-2026,97.7165,0.375342,3.88586,3.14766,0.738203
15-Jun-2026,102.37,0.375342,2.18595,1.4145,0.771449
15-Jun-2026,107.023,0.375342,1.09295,0.464445,0.628505
15-Jun-2026,111.676,0.375342,0.487526,0.107261,0.380265
15-Jun-2026,74.4507,0.460274,21.0479,20.8652,0.182717
15-Jun-2026,79.1038,0.460274,17.0981,16.8003,0.29779
15-Jun-2026,83.757,0.460274,13.4275,12.9757,0.451755
15-Jun-2026,88.4102,0.460274,10.1138,9.47637,0.637429
15-Jun-2026,93.0633,0.460274,7.23533,6.40439,0.830939
15-Jun-2026,97.7165,0.460274,4.86013,3.87481,0.98532
15-Jun-2026,102.37,0.460274,3.02942,1.9969,1.03252
15-Jun-2026,107.023,0.460274,1.73735,0.821771,0.915579
15-Jun-2026,111.676,0.460274,0.916786,0.257091,0.659695
15-Jun-2026,74.4507,0.545205,21.6359,21.3218,0.31409
15-Jun-2026,79.1038,0.545205,17.7909,17.3274,0.463515
15-Jun-2026,83.757,0.545205,14.2171,13.5693,0.647801
15-Jun-2026,88.4102,0.545205,10.977,10.1215,0.855521
15-Jun-2026,93.0633,0.545205,8.13176,7.07095,1.06081
15-Jun-2026,97.7165,0.545205,5.7344,4.51367,1.22073
15-Jun-2026,102.37,0.545205,3.81895,2.54076,1.27819
15-Jun-2026,107.023,0.545205,2.38756,1.20423,1.18333
15-Jun-2026,111.676,0.545205,1.39985,0.459921,0.939929
15-Jun-2026,74.4507,0.624658,22.235,21.7694,0.465617
15-Jun-2026,79.1038,0.624658,18.4834,17.8372,0.646196
15-Jun-2026,83.757,0.624658,14.994,14.1372,0.856759
15-Jun-2026,88.4102,0.624658,11.8177,10.7349,1.08276
15-Jun-2026,93.0633,0.624658,9.0036,7.70565,1.29795
15-Jun-2026,97.7165,0.624658,6.59376,5.13069,1.46307
15-Jun-2026,102.37,0.624658,4.61612,3.08666,1.52946
15-Jun-2026,107.023,0.624658,3.07602,1.622,1.45402
15-Jun-2026,111.676,0.624658,1.94856,0.718331,1.23023
15-Jun-2026,74.4507,0.70137,22.7981,22.1773,0.620838
15-Jun-2026,79.1038,0.70137,19.125,18.2975,0.827534
15-Jun-2026,83.757,0.70137,15.7056,14.6461,1.05947
15-Jun-2026,88.4102,0.70137,12.5824,11.2823,1.30014
15-Jun-2026,93.0633,0.70137,9.79595,8.27248,1.52347
15-Jun-2026,97.7165,0.70137,7.38062,5.68723,1.69339
15-Jun-2026,102.37,0.70137,5.35968,3.59225,1.76743
15-Jun-2026,107.023,0.70137,3.73938,2.03144,1.70794
15-Jun-2026,111.676,0.70137,2.50348,0.99941,1.50407
15-Jun-2026,74.4507,0.791781,23.4346,22.6266,0.808004
15-Jun-2026,79.1038,0.791781,19.8422,18.8008,1.0414
15-Jun-2026,83.757,0.791781,16.4939,15.1994,1.29452
15-Jun-2026,88.4102,0.791781,13.425,11.8753,1.5497
15-Jun-2026,93.0633,0.791781,10.6685,8.88708,1.78142
15-Jun-2026,97.7165,0.791781,8.25213,6.29528,1.95685
15-Jun-2026,102.37,0.791781,6.19484,4.15574,2.0391
15-Jun-2026,107.023,0.791781,4.50285,2.50719,1.99566
15-Jun-2026,111.676,0.791781,3.16576,1.35194,1.81382
15-Jun-2026,74.4507,0.873973,24.0295,23.0373,0.992191
15-Jun-2026,79.1038,0.873973,20.5063,19.2581,1.24817
15-Jun-2026,83.757,0.873973,17.2185,15.6997,1.51884
15-Jun-2026,88.4102,0.873973,14.1961,12.4101,1.78604
15-Jun-2026,93.0633,0.873973,11.4667,9.44153,2.02517
15-Jun-2026,97.7165,0.873973,9.05298,6.84711,2.20587
15-Jun-2026,102.37,0.873973,6.97074,4.67511,2.29563
15-Jun-2026,107.023,0.873973,5.22564,2.95983,2.26581
15-Jun-2026,111.676,0.873973,3.81056,1.70714,2.10342
16-Jun-2026,74.9206,0.00821918,18.7488,18.7487,7.93521e-05
16-Jun-2026,79.6031,0.00821918,14.0674,14.0674,1.5571e-05
16-Jun-2026,84.2856,0.00821918,9.38602,9.38605,2.82117e-05
16-Jun-2026,88.9682,0.00821918,4.70497,4.705,2.83394e-05
16-Jun-2026,93.6507,0.00821918,0.568279,0.548305,0.0199742
16-Jun-2026,98.3333,0.00821918,5.0376e-05,4.55342e-06,4.58226e-05
16-Jun-2026,103.016,0.00821918,5.78282e-16,1.61138e-15,1.0331e-15
16-Jun-2026,74.9206,0.0273973,18.817,18.817,4.2498e-05
16-Jun-2026,79.6031,0.0273973,14.1399,14.14,6.29344e-05
16-Jun-2026,84.2856,0.0273973,9.46572,9.46694,0.00121938
16-Jun-2026,88.9682,0.0273973,4.88729,4.88939,0.00210409
16-Jun-2026,93.6507,0.0273973,1.27351,1.2192,0.0543074
16-Jun-2026,98.3333,0.0273973,0.0649281,0.0307783,0.0341498
16-Jun-2026,103.016,0.0273973,0.000179382,2.08071e-06,0.000177301
16-Jun-2026,107.698,0.0273973,1.87836e-08,6.72413e-13,1.87829e-08
16-Jun-2026,112.381,0.0273973,2.03385e-13,4.97744e-15,1.98408e-13
16-Jun-2026,74.9206,0.0465753,18.8728,18.8729,5.21666e-05
16-Jun-2026,79.6031,0.0465753,14.2004,14.2014,0.000968499
16-Jun-2026,84.2856,0.0465753,9.5499,9.55491,0.00500617
16-Jun-2026,88.9682,0.0465753,5.11048,5.10797,0.00251334
16-Jun-2026,93.6507,0.0465753,1.66913,1.58797,0.081165
16-Jun-2026,98.3333,0.0465753,0.199882,0.114553,0.0853293
16-Jun-2026,103.016,0.0465753,0.00445787,0.000241373,0.0042165
16-Jun-2026,107.698,0.0465753,1.51863e-05,2.05189e-08,1.51658e-05
16-Jun-2026,112.381,0.0465753,1.35312e-08,4.76395e-13,1.35307e-08
16-Jun-2026,74.9206,0.0657534,18.9418,18.9425,0.000731244
16-Jun-2026,79.6031,0.0657534,14.2816,14.2855,0.00391124
16-Jun-2026,84.2856,0.0657534,9.6845,9.69276,0.00826403
16-Jun-2026,88.9682,0.0657534,5.39986,5.38421,0.0156527
16-Jun-2026,93.6507,0.0657534,2.07791,1.96228,0.115629
16-Jun-2026,98.3333,0.0657534,0.405476,0.256775,0.148701
16-Jun-2026,103.016,0.0657534,0.0269088,0.00322475,0.0236841
16-Jun-2026,107.698,0.0657534,0.00053811,4.59542e-06,0.000533515
16-Jun-2026,112.381,0.0657534,4.49567e-06,2.71195e-09,4.49296e-06
16-Jun-2026,74.9206,0.0849315,19.0002,19.0024,0.00219077
16-Jun-2026,79.6031,0.0849315,14.3574,14.3641,0.00673968
16-Jun-2026,84.2856,0.0849315,9.81454,9.82208,0.00753546
16-Jun-2026,88.9682,0.0849315,5.63649,5.60538,0.0311136
16-Jun-2026,93.6507,0.0849315,2.37797,2.23256,0.145413
16-Jun-2026,98.3333,0.0849315,0.588066,0.389614,0.198452
16-Jun-2026,103.016,0.0849315,0.0639831,0.0109767,0.0530064
16-Jun-2026,107.698,0.0849315,0.0028001,5.42775e-05,0.00274582
16-Jun-2026,112.381,0.0849315,6.25423e-05,1.31736e-07,6.24106e-05
16-Jun-2026,74.9206,0.0383562,18.8542,18.8542,1.60914e-05
16-Jun-2026,79.6031,0.0383562,14.1799,14.1804,0.000488803
16-Jun-2026,84.2856,0.0383562,9.5191,9.52277,0.00366575
16-Jun-2026,88.9682,0.0383562,5.03343,5.03316,0.000274067
16-Jun-2026,93.6507,0.0383562,1.54554,1.47343,0.0721118
16-Jun-2026,98.3333,0.0383562,0.150049,0.0822019,0.0678471
16-Jun-2026,103.016,0.0383562,0.00204185,7.69542e-05,0.0019649
16-Jun-2026,107.698,0.0383562,3.07798e-06,1.77979e-09,3.0762e-06
16-Jun-2026,112.381,0.0383562,9.73699e-10,1.44417e-14,9.73685e-10
16-Jun-2026,74.9206,0.123288,19.1429,19.1492,0.00633329
16-Jun-2026,79.6031,0.123288,14.5578,14.5668,0.00895569
16-Jun-2026,84.2856,0.123288,10.1422,10.1356,0.0066425
16-Jun-2026,88.9682,0.123288,6.14871,6.07189,0.0768161
16-Jun-2026,93.6507,0.123288,2.98032,2.76389,0.216425
16-Jun-2026,98.3333,0.123288,1.01119,0.708236,0.302954
16-Jun-2026,103.016,0.123288,0.204124,0.054971,0.149153
16-Jun-2026,107.698,0.123288,0.023179,0.00123807,0.0219409
16-Jun-2026,112.381,0.123288,0.00169602,1.64592e-05,0.00167956
16-Jun-2026,74.9206,0.208219,19.525,19.5257,0.000680658
16-Jun-2026,79.6031,0.208219,15.0995,15.0768,0.0226674
16-Jun-2026,84.2856,0.208219,10.9229,10.8366,0.0862604
16-Jun-2026,88.9682,0.208219,7.18357,6.97218,0.211389
16-Jun-2026,93.6507,0.208219,4.1175,3.7304,0.387103
16-Jun-2026,98.3333,0.208219,1.93717,1.42345,0.51372
16-Jun-2026,103.016,0.208219,0.698305,0.288702,0.409603
16-Jun-2026,107.698,0.208219,0.187002,0.0265247,0.160477
16-Jun-2026,112.381,0.208219,0.0391606,0.00158547,0.0375751
16-Jun-2026,74.9206,0.290411,19.9811,19.9413,0.0397924
16-Jun-2026,79.6031,0.290411,15.7084,15.6081,0.10032
16-Jun-2026,84.2856,0.290411,11.7113,11.5022,0.209098
16-Jun-2026,88.9682,0.290411,8.12994,7.7564,0.373541
16-Jun-2026,93.6507,0.290411,5.12345,4.55265,0.570799
16-Jun-2026,98.3333,0.290411,2.8344,2.11783,0.716566
16-Jun-2026,103.016,0.290411,1.32673,0.661113,0.665617
16-Jun-2026,107.698,0.290411,0.514869,0.118298,0.396571
16-Jun-2026,112.381,0.290411,0.169047,0.0138548,0.155192
16-Jun-2026,74.9206,0.372603,20.4907,20.3761,0.114616
16-Jun-2026,79.6031,0.372603,16.3539,16.1404,0.213482
16-Jun-2026,84.2856,0.372603,12.4989,12.1378,0.361114
16-Jun-2026,88.9682,0.372603,9.03325,8.47806,0.555192
16-Jun-2026,93.6507,0.372603,6.07221,5.30534,0.766872
16-Jun-2026,98.3333,0.372603,3.71879,2.79506,0.923735
16-Jun-2026,103.016,0.372603,2.02988,1.11815,0.911726
16-Jun-2026,107.698,0.372603,0.973894,0.300867,0.673027
16-Jun-2026,112.381,0.372603,0.413633,0.0547204,0.358913
16-Jun-2026,74.9206,0.457534,21.1006,20.8684,0.232189
16-Jun-2026,79.6031,0.457534,17.0966,16.7254,0.371198
16-Jun-2026,84.2856,0.457534,13.3713,12.816,0.555263
16-Jun-2026,88.9682,0.457534,10.0072,9.23251,0.774686
16-Jun-2026,93.6507,0.457534,7.08928,6.09124,0.998043
16-Jun-2026,98.3333,0.457534,4.69275,3.52947,1.16328
16-Jun-2026,103.016,0.457534,2.86416,1.68251,1.18165
16-Jun-2026,107.698,0.457534,1.59688,0.606902,0.989978
16-Jun-2026,112.381,0.457534,0.814356,0.15847,0.655886
16-Jun-2026,74.9206,0.542466,21.6813,21.3169,0.364407
16-Jun-2026,79.6031,0.542466,17.7841,17.2474,0.536652
16-Jun-2026,84.2856,0.542466,14.1588,13.4101,0.748735
16-Jun-2026,88.9682,0.542466,10.8718,9.88505,0.986748
16-Jun-2026,93.6507,0.542466,7.98931,6.77077,1.21854
16-Jun-2026,98.3333,0.542466,5.56966,4.17979,1.38987
16-Jun-2026,103.016,0.542466,3.65085,2.22249,1.42836
16-Jun-2026,107.698,0.542466,2.23543,0.959259,1.27617
16-Jun-2026,112.381,0.542466,1.27782,0.319895,0.957925
16-Jun-2026,74.9206,0.621918,22.2755,21.7603,0.515227
16-Jun-2026,79.6031,0.621918,18.4737,17.7564,0.717276
16-Jun-2026,84.2856,0.621918,14.9356,13.9822,0.953425
16-Jun-2026,88.9682,0.621918,11.7155,10.5085,1.20701
16-Jun-2026,93.6507,0.621918,8.86607,7.4199,1.44617
16-Jun-2026,98.3333,0.621918,6.43346,4.81049,1.62297
16-Jun-2026,103.016,0.621918,4.44863,2.7714,1.67723
16-Jun-2026,107.698,0.621918,2.91768,1.35947,1.55821
16-Jun-2026,112.381,0.621918,1.81288,0.544012,1.26887
16-Jun-2026,74.9206,0.69863,22.8356,22.1669,0.66871
16-Jun-2026,79.6031,0.69863,19.1144,18.2185,0.895909
16-Jun-2026,84.2856,0.69863,15.6487,14.497,1.15168
16-Jun-2026,88.9682,0.69863,12.484,11.0663,1.41768
16-Jun-2026,93.6507,0.69863,9.66384,8.00064,1.6632
16-Jun-2026,98.3333,0.69863,7.22555,5.38061,1.84494
16-Jun-2026,103.016,0.69863,5.19485,3.28345,1.9114
16-Jun-2026,107.698,0.69863,3.57881,1.76061,1.8182
16-Jun-2026,112.381,0.69863,2.35957,0.80103,1.55854
16-Jun-2026,74.9206,0.789041,23.4705,22.617,0.853488
16-Jun-2026,79.6031,0.789041,19.8321,18.7259,1.10624
16-Jun-2026,84.2856,0.789041,16.44,15.0584,1.38157
16-Jun-2026,88.9682,0.789041,13.3319,11.6718,1.66007
16-Jun-2026,93.6507,0.789041,10.5432,8.63086,1.91234
16-Jun-2026,98.3333,0.789041,8.10382,6.0042,2.09962
16-Jun-2026,103.016,0.789041,6.03467,3.85662,2.17805
16-Jun-2026,107.698,0.789041,4.3427,2.23335,2.10935
16-Jun-2026,112.381,0.789041,3.01665,1.13475,1.8819
16-Jun-2026,74.9206,0.871233,24.0651,23.03,1.03513
16-Jun-2026,79.6031,0.871233,20.4977,19.1882,1.30947
16-Jun-2026,84.2856,0.871233,17.1683,15.5671,1.60119
16-Jun-2026,88.9682,0.871233,14.1086,12.2184,1.89022
16-Jun-2026,93.6507,0.871233,11.3482,9.19957,2.14863
16-Jun-2026,98.3333,0.871233,8.91157,6.57036,2.34121
16-Jun-2026,103.016,0.871233,6.81603,4.38632,2.42971
16-Jun-2026,107.698,0.871233,5.06789,2.68725,2.38064
16-Jun-2026,112.381,0.871233,3.6596,1.47881,2.18079
17-Jun-2026,75.5094,0.00547945,18.8897,18.8897,4.77355e-05
17-Jun-2026,80.2287,0.00547945,14.1711,14.1712,0.000119463
17-Jun-2026,84.9481,0.00547945,9.45257,9.45259,2.12067e-05
17-Jun-2026,89.6674,0.00547945,4.734,4.7342,0.000203061
17-Jun-2026,94.3868,0.00547945,0.425379,0.48694,0.0615605
17-Jun-2026,99.1061,0.00547945,6.75028e-08,2.90526e-08,3.84502e-08
17-Jun-2026,108.545,0.00547945,3.82812e-16,2.71122e-16,1.1169e-16
17-Jun-2026,113.264,0.00547945,3.83107e-16,1.93956e-16,1.89151e-16
17-Jun-2026,75.5094,0.0246575,18.9576,18.9576,3.70838e-05
17-Jun-2026,80.2287,0.0246575,14.2433,14.2438,0.000492457
17-Jun-2026,84.9481,0.0246575,9.52992,9.53922,0.00930238
17-Jun-2026,89.6674,0.0246575,4.8765,4.95888,0.082384
17-Jun-2026,94.3868,0.0246575,1.1336,1.26197,0.128366
17-Jun-2026,99.1061,0.0246575,0.0302259,0.0206653,0.00956062
17-Jun-2026,103.825,0.0246575,1.41119e-05,9.98635e-07,1.31133e-05
17-Jun-2026,108.545,0.0246575,1.26928e-10,3.67269e-12,1.23255e-10
17-Jun-2026,113.264,0.0246575,4.52133e-15,-1.39497e-15,5.9163e-15
17-Jun-2026,75.5094,0.0438356,19.0131,19.014,0.00086578
17-Jun-2026,80.2287,0.0438356,14.3027,14.3103,0.00760353
17-Jun-2026,84.9481,0.0438356,9.60453,9.65041,0.0458845
17-Jun-2026,89.6674,0.0438356,5.06907,5.21974,0.150672
17-Jun-2026,94.3868,0.0438356,1.5137,1.6509,0.137203
17-Jun-2026,99.1061,0.0438356,0.124497,0.0863234,0.0381736
17-Jun-2026,103.825,0.0438356,0.00108698,0.000145804,0.000941176
17-Jun-2026,108.545,0.0438356,1.04804e-06,6.2077e-08,9.85963e-07
17-Jun-2026,113.264,0.0438356,2.73526e-10,1.8823e-11,2.54703e-10
17-Jun-2026,75.5094,0.0630137,19.0812,19.0884,0.00724115
17-Jun-2026,80.2287,0.0630137,14.3796,14.4115,0.0318699
17-Jun-2026,84.9481,0.0630137,9.7219,9.82461,0.102705
17-Jun-2026,89.6674,0.0630137,5.33067,5.53172,0.201049
17-Jun-2026,94.3868,0.0630137,1.90568,2.03007,0.12439
17-Jun-2026,99.1061,0.0630137,0.289469,0.200498,0.0889707
17-Jun-2026,103.825,0.0630137,0.0107907,0.00195227,0.00883843
17-Jun-2026,108.545,0.0630137,0.000100263,8.2453e-06,9.20177e-05
17-Jun-2026,113.264,0.0630137,3.99629e-07,2.91333e-08,3.70496e-07
17-Jun-2026,75.5094,0.0821918,19.1381,19.1569,0.0187777
17-Jun-2026,80.2287,0.0821918,14.4494,14.5094,0.0600445
17-Jun-2026,84.9481,0.0821918,9.83695,9.9818,0.144847
17-Jun-2026,89.6674,0.0821918,5.54949,5.77127,0.221779
17-Jun-2026,94.3868,0.0821918,2.194,2.29528,0.101279
17-Jun-2026,99.1061,0.0821918,0.445608,0.307844,0.137764
17-Jun-2026,103.825,0.0821918,0.0315052,0.0064648,0.0250404
17-Jun-2026,108.545,0.0821918,0.000778858,7.31207e-05,0.000705737
17-Jun-2026,113.264,0.0821918,1.00168e-05,7.40126e-07,9.27667e-06
17-Jun-2026,75.5094,0.0356164,18.9946,18.9949,0.000339684
17-Jun-2026,80.2287,0.0356164,14.2827,14.2867,0.0039942
17-Jun-2026,84.9481,0.0356164,9.57764,9.60921,0.0315704
17-Jun-2026,89.6674,0.0356164,5.00125,5.13214,0.130892
17-Jun-2026,94.3868,0.0356164,1.39517,1.53185,0.13668
17-Jun-2026,99.1061,0.0356164,0.0875824,0.0606267,0.0269557
17-Jun-2026,103.825,0.0356164,0.000389279,4.52023e-05,0.000344077
17-Jun-2026,108.545,0.0356164,1.28932e-07,6.50359e-09,1.22428e-07
17-Jun-2026,113.264,0.0356164,9.26798e-12,6.15075e-13,8.6529e-12
17-Jun-2026,75.5094,0.120548,19.2737,19.3331,0.0593785
17-Jun-2026,80.2287,0.120548,14.6319,14.7579,0.125957
17-Jun-2026,84.9481,0.120548,10.1338,10.3421,0.208291
17-Jun-2026,89.6674,0.120548,6.03162,6.25412,0.222501
17-Jun-2026,94.3868,0.120548,2.77544,2.79986,0.024424
17-Jun-2026,99.1061,0.120548,0.825076,0.567763,0.257313
17-Jun-2026,103.825,0.120548,0.127647,0.0305594,0.0970876
17-Jun-2026,108.545,0.120548,0.0101726,0.00110466,0.00906794
17-Jun-2026,113.264,0.120548,0.000526197,3.87497e-05,0.000487447
17-Jun-2026,75.5094,0.205479,19.6299,19.778,0.148082
17-Jun-2026,80.2287,0.205479,15.1318,15.3369,0.205121
17-Jun-2026,84.9481,0.205479,10.8641,11.0797,0.215595
17-Jun-2026,89.6674,0.205479,7.0256,7.12694,0.101339
17-Jun-2026,94.3868,0.205479,3.88365,3.68371,0.199941
17-Jun-2026,99.1061,0.205479,1.69697,1.1656,0.531375
17-Jun-2026,103.825,0.205479,0.536174,0.155455,0.380719
17-Jun-2026,108.545,0.205479,0.119992,0.014884,0.105108
17-Jun-2026,113.264,0.205479,0.0208699,0.00149191,0.019378
17-Jun-2026,75.5094,0.287671,20.0577,20.2365,0.178814
17-Jun-2026,80.2287,0.287671,15.7064,15.8911,0.18467
17-Jun-2026,84.9481,0.287671,11.6196,11.7304,0.110792
17-Jun-2026,89.6674,0.287671,7.94845,7.85245,0.0960038
17-Jun-2026,94.3868,0.287671,4.8739,4.42282,0.451082
17-Jun-2026,99.1061,0.287671,2.56739,1.76245,0.804936
17-Jun-2026,103.825,0.287671,1.10887,0.375746,0.733124
17-Jun-2026,108.545,0.287671,0.385251,0.0539852,0.331266
17-Jun-2026,113.264,0.287671,0.111974,0.00806619,0.103908
17-Jun-2026,75.5094,0.369863,20.542,20.6892,0.147172
17-Jun-2026,80.2287,0.369863,16.3254,16.4176,0.0922132
17-Jun-2026,84.9481,0.369863,12.3848,12.3287,0.0561063
17-Jun-2026,89.6674,0.369863,8.83741,8.50835,0.329063
17-Jun-2026,94.3868,0.369863,5.8143,5.09864,0.715665
17-Jun-2026,99.1061,0.369863,3.43777,2.35614,1.08163
17-Jun-2026,103.825,0.369863,1.77756,0.685115,1.09245
17-Jun-2026,108.545,0.369863,0.791945,0.129969,0.661976
17-Jun-2026,113.264,0.369863,0.308708,0.0238235,0.284885
17-Jun-2026,75.5094,0.454795,21.1283,21.1806,0.0523053
17-Jun-2026,80.2287,0.454795,17.046,16.9774,0.0686024
17-Jun-2026,84.9481,0.454795,13.2404,12.955,0.285419
17-Jun-2026,89.6674,0.454795,9.80219,9.19066,0.611531
17-Jun-2026,94.3868,0.454795,6.82749,5.80717,1.02032
17-Jun-2026,99.1061,0.454795,4.40454,3.00985,1.39469
17-Jun-2026,103.825,0.454795,2.58932,1.11059,1.47873
17-Jun-2026,108.545,0.454795,1.37267,0.274185,1.09849
17-Jun-2026,113.264,0.454795,0.659058,0.0588437,0.600214
17-Jun-2026,75.5094,0.539726,21.6918,21.6161,0.0757223
17-Jun-2026,80.2287,0.539726,17.7188,17.4677,0.251122
17-Jun-2026,84.9481,0.539726,14.0181,13.4991,0.519019
17-Jun-2026,89.6674,0.539726,10.6626,9.78147,0.881126
17-Jun-2026,94.3868,0.539726,7.72726,6.42338,1.30388
17-Jun-2026,99.1061,0.539726,5.2796,3.5957,1.6839
17-Jun-2026,103.825,0.539726,3.36472,1.54738,1.81734
17-Jun-2026,108.545,0.539726,1.9852,0.469811,1.51539
17-Jun-2026,113.264,0.539726,1.08494,0.115452,0.969488
17-Jun-2026,75.5094,0.619178,22.2725,22.0396,0.232916
17-Jun-2026,80.2287,0.619178,18.3979,17.9413,0.456618
17-Jun-2026,84.9481,0.619178,14.7888,14.0221,0.766671
17-Jun-2026,89.6674,0.619178,11.505,10.348,1.15699
17-Jun-2026,94.3868,0.619178,8.6059,7.01553,1.59037
17-Jun-2026,99.1061,0.619178,6.14442,4.16919,1.97523
17-Jun-2026,103.825,0.619178,4.1569,2.01109,2.14581
17-Jun-2026,108.545,0.619178,2.65037,0.724919,1.92545
17-Jun-2026,113.264,0.619178,1.59128,0.204887,1.38639
17-Jun-2026,75.5094,0.69589,22.8229,22.4242,0.39868
17-Jun-2026,80.2287,0.69589,19.0316,18.3695,0.662134
17-Jun-2026,84.9481,0.69589,15.4987,14.4933,1.00538
17-Jun-2026,89.6674,0.69589,12.2742,10.8572,1.41699
17-Jun-2026,94.3868,0.69589,9.40674,7.54827,1.85847
17-Jun-2026,99.1061,0.69589,6.93919,4.6916,2.24759
17-Jun-2026,103.825,0.69589,4.90133,2.45621,2.44512
17-Jun-2026,108.545,0.69589,3.30143,1.00799,2.29344
17-Jun-2026,113.264,0.69589,2.11822,0.324213,1.79401
17-Jun-2026,75.5094,0.786301,23.4495,22.8476,0.601905
17-Jun-2026,80.2287,0.786301,19.7441,18.8391,0.905026
17-Jun-2026,84.9481,0.786301,16.2886,15.0085,1.28014
17-Jun-2026,89.6674,0.786301,13.1242,11.4126,1.71156
17-Jun-2026,94.3868,0.786301,10.2906,8.12957,2.16103
17-Jun-2026,99.1061,0.786301,7.82183,5.2669,2.55493
17-Jun-2026,103.825,0.786301,5.74184,2.96503,2.77681
17-Jun-2026,108.545,0.786301,4.05879,1.36771,2.69108
17-Jun-2026,113.264,0.786301,2.75958,0.503838,2.25574
17-Jun-2026,75.5094,0.868493,24.0384,23.2349,0.80353
17-Jun-2026,80.2287,0.868493,20.4068,19.2673,1.13951
17-Jun-2026,84.9481,0.868493,17.017,15.4768,1.54016
17-Jun-2026,89.6674,0.868493,13.904,11.9165,1.98752
17-Jun-2026,94.3868,0.868493,11.1006,8.65687,2.44373
17-Jun-2026,99.1061,0.868493,8.63456,5.79243,2.84213
17-Jun-2026,103.825,0.868493,6.52563,3.44286,3.08277
17-Jun-2026,108.545,0.868493,4.78122,1.73278,3.04844
17-Jun-2026,113.264,0.868493,3.39269,0.713984,2.67871
18-Jun-2026,75.6809,0.00273973,18.9265,18.9265,2.3784e-05
18-Jun-2026,80.411,0.00273973,14.1968,14.1968,3.15169e-05
18-Jun-2026,94.6011,0.00273973,0.279782,0.280305,0.000523473
18-Jun-2026,104.061,0.00273973,2.40705e-13,2.72341e-13,3.1636e-14
18-Jun-2026,75.6809,0.0219178,18.9955,18.9955,1.88563e-05
18-Jun-2026,80.411,0.0219178,14.2702,14.2701,5.27061e-05
18-Jun-2026,85.141,0.0219178,9.54514,9.54745,0.00230935
18-Jun-2026,89.8711,0.0219178,4.85752,4.88714,0.0296172
18-Jun-2026,94.6011,0.0219178,1.02194,1.00086,0.0210849
18-Jun-2026,99.3312,0.0219178,0.0137134,0.0011107,0.0126027
18-Jun-2026,104.061,0.0219178,9.76373e-07,1.1246e-09,9.75248e-07
18-Jun-2026,108.791,0.0219178,8.15414e-13,-6.44916e-15,8.21863e-13
18-Jun-2026,113.521,0.0219178,1.20178e-15,-2.58681e-15,3.78859e-15
18-Jun-2026,75.6809,0.0410959,19.0519,19.0521,0.000191449
18-Jun-2026,80.411,0.0410959,14.3303,14.3326,0.0023135
18-Jun-2026,85.141,0.0410959,9.61575,9.63433,0.0185773
18-Jun-2026,89.8711,0.0410959,5.02793,5.08888,0.0609454
18-Jun-2026,94.6011,0.0410959,1.39236,1.33999,0.0523702
18-Jun-2026,99.3312,0.0410959,0.0792765,0.0137882,0.0654883
18-Jun-2026,104.061,0.0410959,0.000276588,3.11246e-06,0.000273476
18-Jun-2026,108.791,0.0410959,8.69229e-08,3.4277e-10,8.65801e-08
18-Jun-2026,113.521,0.0410959,7.90252e-12,3.39672e-14,7.86855e-12
18-Jun-2026,75.6809,0.060274,19.121,19.1237,0.00265928
18-Jun-2026,80.411,0.060274,14.4064,14.4203,0.0138879
18-Jun-2026,85.141,0.060274,9.72338,9.77253,0.0491454
18-Jun-2026,89.8711,0.060274,5.26918,5.34753,0.0783545
18-Jun-2026,94.6011,0.060274,1.77263,1.6723,0.100333
18-Jun-2026,99.3312,0.060274,0.212925,0.0537433,0.159182
18-Jun-2026,104.061,0.060274,0.00461434,0.000146864,0.00446748
18-Jun-2026,108.791,0.060274,2.2287e-05,2.78339e-07,2.20087e-05
18-Jun-2026,113.521,0.060274,4.8569e-08,5.24229e-10,4.80448e-08
18-Jun-2026,75.6809,0.0794521,19.1782,19.1866,0.00836148
18-Jun-2026,80.411,0.0794521,14.4738,14.5033,0.0294998
18-Jun-2026,85.141,0.0794521,9.82908,9.9016,0.0725242
18-Jun-2026,89.8711,0.0794521,5.47489,5.55308,0.0781934
18-Jun-2026,94.6011,0.0794521,2.05243,1.90797,0.144464
18-Jun-2026,99.3312,0.0794521,0.347976,0.104251,0.243725
18-Jun-2026,104.061,0.0794521,0.0165142,0.000812179,0.015702
18-Jun-2026,108.791,0.0794521,0.000252388,5.07224e-06,0.000247316
18-Jun-2026,113.521,0.0794521,2.08753e-06,3.23771e-08,2.05515e-06
18-Jun-2026,75.6809,0.0328767,19.0331,19.0332,5.03599e-05
18-Jun-2026,80.411,0.0328767,14.3102,14.3111,0.000941846
18-Jun-2026,85.141,0.0328767,9.59074,9.60234,0.011603
18-Jun-2026,89.8711,0.0328767,4.96684,5.01904,0.0522001
18-Jun-2026,94.6011,0.0328767,1.27718,1.23621,0.040971
18-Jun-2026,99.3312,0.0328767,0.0518943,0.00759205,0.0443023
18-Jun-2026,104.061,0.0328767,7.5667e-05,5.13705e-07,7.51533e-05
18-Jun-2026,108.791,0.0328767,6.34888e-09,1.42459e-11,6.33463e-09
18-Jun-2026,113.521,0.0328767,1.43832e-13,1.06623e-14,1.3317e-13
18-Jun-2026,75.6809,0.117808,19.3121,19.3439,0.0318364
18-Jun-2026,80.411,0.117808,14.647,14.7157,0.0686798
18-Jun-2026,85.141,0.117808,10.1054,10.2088,0.103354
18-Jun-2026,89.8711,0.117808,5.93459,5.97983,0.0452394
18-Jun-2026,94.6011,0.117808,2.61808,2.36797,0.250109
18-Jun-2026,99.3312,0.117808,0.691821,0.261481,0.43034
18-Jun-2026,104.061,0.117808,0.0840806,0.00692243,0.0771582
18-Jun-2026,108.791,0.117808,0.00498277,0.00017255,0.00481022
18-Jun-2026,113.521,0.117808,0.000196193,4.55749e-06,0.000191636
18-Jun-2026,75.6809,0.20274,19.6556,19.7423,0.0866968
18-Jun-2026,80.411,0.20274,15.121,15.2295,0.108454
18-Jun-2026,85.141,0.20274,10.8001,10.871,0.070886
18-Jun-2026,89.8711,0.20274,6.89676,6.78749,0.109272
18-Jun-2026,94.6011,0.20274,3.70259,3.21429,0.488297
18-Jun-2026,99.3312,0.20274,1.5176,0.738791,0.778809
18-Jun-2026,104.061,0.20274,0.426262,0.0590552,0.367207
18-Jun-2026,108.791,0.20274,0.0818382,0.00452592,0.0773123
18-Jun-2026,113.521,0.20274,0.0122732,0.000390551,0.0118826
18-Jun-2026,75.6809,0.284932,20.0665,20.1645,0.098039
18-Jun-2026,80.411,0.284932,15.6721,15.7426,0.0704937
18-Jun-2026,85.141,0.284932,11.5304,11.484,0.0464039
18-Jun-2026,89.8711,0.284932,7.79959,7.49035,0.309244
18-Jun-2026,94.6011,0.284932,4.67788,3.95235,0.725525
18-Jun-2026,99.3312,0.284932,2.36279,1.29565,1.06714
18-Jun-2026,104.061,0.284932,0.950173,0.185974,0.764199
18-Jun-2026,108.791,0.284932,0.299662,0.0216129,0.278049
18-Jun-2026,113.521,0.284932,0.0787343,0.00290373,0.0758306
18-Jun-2026,75.6809,0.367123,20.534,20.593,0.0589814
18-Jun-2026,80.411,0.367123,16.2715,16.246,0.025467
18-Jun-2026,85.141,0.367123,12.2771,12.0661,0.210956
18-Jun-2026,89.8711,0.367123,8.67459,8.14379,0.530798
18-Jun-2026,94.6011,0.367123,5.60806,4.64113,0.966929
18-Jun-2026,99.3312,0.367123,3.21741,1.8829,1.33451
18-Jun-2026,104.061,0.367123,1.58554,0.409947,1.17559
18-Jun-2026,108.791,0.367123,0.661306,0.0617892,0.599517
18-Jun-2026,113.521,0.367123,0.239444,0.010265,0.229179
18-Jun-2026,75.6809,0.452055,21.1035,21.069,0.0344812
18-Jun-2026,80.411,0.452055,16.9745,16.7943,0.180235
18-Jun-2026,85.141,0.452055,13.1172,12.689,0.428153
18-Jun-2026,89.8711,0.452055,9.62825,8.83507,0.793178
18-Jun-2026,94.6011,0.452055,6.61332,5.37074,1.24258
18-Jun-2026,99.3312,0.452055,4.17274,2.54653,1.62621
18-Jun-2026,104.061,0.452055,2.37239,0.771201,1.60119
18-Jun-2026,108.791,0.452055,1.20163,0.151514,1.05012
18-Jun-2026,113.521,0.452055,0.546765,0.0290483,0.517717
18-Jun-2026,75.6809,0.536986,21.6539,21.4982,0.155732
18-Jun-2026,80.411,0.536986,17.6344,17.2824,0.352048
18-Jun-2026,85.141,0.536986,13.8842,13.2376,0.646552
18-Jun-2026,89.8711,0.536986,10.4813,9.43923,1.04207
18-Jun-2026,94.6011,0.536986,7.508,6.00831,1.49969
18-Jun-2026,99.3312,0.536986,5.04076,3.14828,1.89248
18-Jun-2026,104.061,0.536986,3.13233,1.17698,1.95535
18-Jun-2026,108.791,0.536986,1.78638,0.292007,1.49437
18-Jun-2026,113.521,0.536986,0.937044,0.0628993,0.874145
18-Jun-2026,75.6809,0.616438,22.2233,21.9203,0.302955
18-Jun-2026,80.411,0.616438,18.303,17.7586,0.544363
18-Jun-2026,85.141,0.616438,14.6467,13.7691,0.877579
18-Jun-2026,89.8711,0.616438,11.3182,10.0212,1.29697
18-Jun-2026,94.6011,0.616438,8.38295,6.62203,1.76092
18-Jun-2026,99.3312,0.616438,5.90066,3.74029,2.16037
18-Jun-2026,104.061,0.616438,3.91357,1.62774,2.28583
18-Jun-2026,108.791,0.616438,2.43072,0.497232,1.93349
18-Jun-2026,113.521,0.616438,1.4135,0.121847,1.29165
18-Jun-2026,75.6809,0.693151,22.7647,22.3067,0.457976
18-Jun-2026,80.411,0.693151,18.9288,18.192,0.73682
18-Jun-2026,85.141,0.693151,15.3505,14.25,1.10048
18-Jun-2026,89.8711,0.693151,12.0834,10.5455,1.53793
18-Jun-2026,94.6011,0.693151,9.18129,7.17432,2.00697
18-Jun-2026,99.3312,0.693151,6.69216,4.28069,2.41147
18-Jun-2026,104.061,0.693151,4.65062,2.07093,2.57969
18-Jun-2026,108.791,0.693151,3.06709,0.744068,2.32302
18-Jun-2026,113.521,0.693151,1.91774,0.207864,1.70988
18-Jun-2026,75.6809,0.783562,23.3827,22.7343,0.648429
18-Jun-2026,80.411,0.783562,19.6339,18.6692,0.964712
18-Jun-2026,85.141,0.783562,16.1349,14.7771,1.35776
18-Jun-2026,89.8711,0.783562,12.9302,11.1178,1.81239
18-Jun-2026,94.6011,0.783562,10.0632,7.77667,2.28653
18-Jun-2026,99.3312,0.783562,7.5722,4.87617,2.69603
18-Jun-2026,104.061,0.783562,5.48505,2.58454,2.90051
18-Jun-2026,108.791,0.783562,3.81192,1.0758,2.73612
18-Jun-2026,113.521,0.783562,2.53867,0.348695,2.18997
18-Jun-2026,75.6809,0.865753,23.9649,23.1268,0.838135
18-Jun-2026,80.411,0.865753,20.291,19.1055,1.18555
18-Jun-2026,85.141,0.865753,16.8594,15.257,1.60236
18-Jun-2026,89.8711,0.865753,13.7076,11.6371,2.07054
18-Jun-2026,94.6011,0.865753,10.8718,8.3226,2.5492
18-Jun-2026,99.3312,0.865753,8.38326,5.42006,2.9632
18-Jun-2026,104.061,0.865753,6.26472,3.07077,3.19395
18-Jun-2026,108.791,0.865753,4.5255,1.42516,3.10034
18-Jun-2026,113.521,0.865753,3.15667,0.52561,2.63106
19-Jun-2026,75.7075,0.0191781,18.9948,18.9947,7.89135e-05
19-Jun-2026,80.4392,0.0191781,14.2673,14.2681,0.000792943
19-Jun-2026,85.1709,0.0191781,9.54008,9.55747,0.0173876
19-Jun-2026,89.9026,0.0191781,4.84817,5.02374,0.175567
19-Jun-2026,94.6343,0.0191781,1.01274,1.46834,0.455603
19-Jun-2026,99.366,0.0191781,0.0139737,0.0919843,0.0780106
19-Jun-2026,104.098,0.0191781,1.04726e-06,0.000130369,0.000129321
19-Jun-2026,108.829,0.0191781,6.30052e-13,2.71436e-09,2.71373e-09
19-Jun-2026,75.7075,0.0383562,19.0503,19.0522,0.00188328
19-Jun-2026,80.4392,0.0383562,14.3265,14.3426,0.0161232
19-Jun-2026,85.1709,0.0383562,9.60987,9.70632,0.0964452
19-Jun-2026,89.9026,0.0383562,5.02371,5.38171,0.358002
19-Jun-2026,94.6343,0.0383562,1.40349,1.98206,0.57857
19-Jun-2026,99.366,0.0383562,0.0863252,0.282047,0.195722
19-Jun-2026,104.098,0.0383562,0.000363124,0.00454775,0.00418463
19-Jun-2026,108.829,0.0383562,1.25515e-07,7.72741e-06,7.60189e-06
19-Jun-2026,113.561,0.0383562,1.08009e-11,4.70425e-09,4.69345e-09
19-Jun-2026,75.7075,0.0575342,19.1182,19.1342,0.0159516
19-Jun-2026,80.4392,0.0575342,14.4016,14.4688,0.0672137
19-Jun-2026,85.1709,0.0575342,9.71845,9.94054,0.222089
19-Jun-2026,89.9026,0.0575342,5.27348,5.78784,0.514356
19-Jun-2026,94.6343,0.0575342,1.79764,2.46488,0.667239
19-Jun-2026,99.366,0.0575342,0.231059,0.529751,0.298692
19-Jun-2026,104.098,0.0575342,0.00585107,0.0259379,0.0200869
19-Jun-2026,108.829,0.0575342,3.22382e-05,0.000304735,0.000272497
19-Jun-2026,113.561,0.0575342,7.43734e-08,1.94734e-06,1.87297e-06
19-Jun-2026,75.7075,0.0767123,19.1746,19.2144,0.0398258
19-Jun-2026,80.4392,0.0767123,14.4687,14.5941,0.125361
19-Jun-2026,85.1709,0.0767123,9.82623,10.1458,0.319536
19-Jun-2026,89.9026,0.0767123,5.48543,6.08898,0.603546
19-Jun-2026,94.6343,0.0767123,2.08484,2.79461,0.709769
19-Jun-2026,99.366,0.0767123,0.374282,0.725557,0.351275
19-Jun-2026,104.098,0.0767123,0.0201608,0.0573533,0.0371925
19-Jun-2026,108.829,0.0767123,0.000347578,0.00150117,0.00115359
19-Jun-2026,113.561,0.0767123,3.08858e-06,2.51696e-05,2.2081e-05
19-Jun-2026,75.7075,0.0958904,19.2327,19.3055,0.0727547
19-Jun-2026,80.4392,0.0958904,14.5427,14.7312,0.188506
19-Jun-2026,85.1709,0.0958904,9.9473,10.3518,0.404531
19-Jun-2026,89.9026,0.0958904,5.69794,6.36582,0.667875
19-Jun-2026,94.6343,0.0958904,2.35225,3.08571,0.733457
19-Jun-2026,99.366,0.0958904,0.530176,0.912368,0.382192
19-Jun-2026,104.098,0.0958904,0.0465413,0.0990494,0.0525081
19-Jun-2026,108.829,0.0958904,0.00165939,0.00432546,0.00266607
19-Jun-2026,113.561,0.0958904,3.46813e-05,0.000133642,9.89612e-05
19-Jun-2026,75.7075,0.030137,19.0318,19.0324,0.000643883
19-Jun-2026,80.4392,0.030137,14.3067,14.3149,0.00823477
19-Jun-2026,85.1709,0.030137,9.585,9.65028,0.0652847
19-Jun-2026,89.9026,0.030137,4.96045,5.26378,0.303331
19-Jun-2026,94.6343,0.030137,1.28291,1.82724,0.544325
19-Jun-2026,99.366,0.030137,0.0561546,0.215334,0.159179
19-Jun-2026,104.098,0.030137,9.82087e-05,0.00203374,0.00193553
19-Jun-2026,108.829,0.030137,8.61031e-09,1.33113e-06,1.32252e-06
19-Jun-2026,113.561,0.030137,1.45001e-13,2.52293e-10,2.52148e-10
19-Jun-2026,75.7075,0.115068,19.3074,19.4279,0.120488
19-Jun-2026,80.4392,0.115068,14.643,14.9074,0.264411
19-Jun-2026,85.1709,0.115068,10.1086,10.5985,0.489933
19-Jun-2026,89.9026,0.115068,5.95557,6.67653,0.720958
19-Jun-2026,94.6343,0.115068,2.6604,3.40346,0.743063
19-Jun-2026,99.366,0.115068,0.73133,1.12912,0.397791
19-Jun-2026,104.098,0.115068,0.0964644,0.160894,0.0644293
19-Jun-2026,108.829,0.115068,0.00624699,0.0107098,0.00446286
19-Jun-2026,113.561,0.115068,0.000262686,0.000544579,0.000281893
19-Jun-2026,75.7075,0.2,19.6517,19.961,0.309256
19-Jun-2026,80.4392,0.2,15.1226,15.6051,0.482458
19-Jun-2026,85.1709,0.2,10.8137,11.4743,0.660563
19-Jun-2026,89.9026,0.2,6.92836,7.68532,0.756961
19-Jun-2026,94.6343,0.2,3.75134,4.40483,0.653495
19-Jun-2026,99.366,0.2,1.5682,1.88706,0.318857
19-Jun-2026,104.098,0.2,0.456977,0.476101,0.0191244
19-Jun-2026,108.829,0.2,0.091889,0.0713245,0.0205645
19-Jun-2026,113.561,0.2,0.0143648,0.00909019,0.00527461
19-Jun-2026,75.7075,0.282192,20.0648,20.4895,0.424659
19-Jun-2026,80.4392,0.282192,15.6778,16.2386,0.560769
19-Jun-2026,85.1709,0.282192,11.5482,12.2037,0.655501
19-Jun-2026,89.9026,0.282192,7.83226,8.47528,0.643015
19-Jun-2026,94.6343,0.282192,4.72358,5.18548,0.461901
19-Jun-2026,99.366,0.282192,2.41179,2.54397,0.132179
19-Jun-2026,104.098,0.282192,0.988017,0.852358,0.135659
19-Jun-2026,108.829,0.282192,0.319504,0.185301,0.134203
19-Jun-2026,113.561,0.282192,0.0861478,0.0339698,0.052178
19-Jun-2026,75.7075,0.364384,20.5334,20.9923,0.458913
19-Jun-2026,80.4392,0.364384,16.2783,16.8157,0.537356
19-Jun-2026,85.1709,0.364384,12.2941,12.8451,0.551044
19-Jun-2026,89.9026,0.364384,8.70303,9.15813,0.455103
19-Jun-2026,94.6343,0.364384,5.64603,5.86888,0.222847
19-Jun-2026,99.366,0.364384,3.25877,3.15508,0.103688
19-Jun-2026,104.098,0.364384,1.62143,1.2688,0.352627
19-Jun-2026,108.829,0.364384,0.685347,0.353698,0.331649
19-Jun-2026,113.561,0.364384,0.25198,0.0801797,0.1718
19-Jun-2026,75.7075,0.449315,21.1019,21.5205,0.418596
19-Jun-2026,80.4392,0.449315,16.9789,17.4079,0.429044
19-Jun-2026,85.1709,0.449315,13.1292,13.4936,0.364365
19-Jun-2026,89.9026,0.449315,9.64811,9.84636,0.198249
19-Jun-2026,94.6343,0.449315,6.63951,6.56678,0.0727282
19-Jun-2026,99.366,0.449315,4.20171,3.80438,0.397332
19-Jun-2026,104.098,0.449315,2.39943,1.76388,0.635547
19-Jun-2026,108.829,0.449315,1.22276,0.605574,0.617186
19-Jun-2026,113.561,0.449315,0.56063,0.164461,0.396169
19-Jun-2026,75.7075,0.534247,21.6492,21.9763,0.327087
19-Jun-2026,80.4392,0.534247,17.634,17.9131,0.27915
19-Jun-2026,85.1709,0.534247,13.8889,14.0434,0.154495
19-Jun-2026,89.9026,0.534247,10.491,10.4306,0.0603832
19-Jun-2026,94.6343,0.534247,7.52167,7.16506,0.356607
19-Jun-2026,99.366,0.534247,5.05642,4.37555,0.680865
19-Jun-2026,104.098,0.534247,3.14765,2.23255,0.915101
19-Jun-2026,108.829,0.534247,1.79947,0.888376,0.911094
19-Jun-2026,113.561,0.534247,0.946952,0.278981,0.667971
19-Jun-2026,75.7075,0.613699,22.2137,22.4112,0.197537
19-Jun-2026,80.4392,0.613699,18.2959,18.3926,0.0967176
19-Jun-2026,85.1709,0.613699,14.6423,14.5641,0.0781974
19-Jun-2026,89.9026,0.613699,11.3163,10.9848,0.33155
19-Jun-2026,94.6343,0.613699,8.38307,7.736,0.647073
19-Jun-2026,99.366,0.613699,5.90188,4.92969,0.972187
19-Jun-2026,104.098,0.613699,3.91516,2.70924,1.20592
19-Jun-2026,108.829,0.613699,2.43233,1.21186,1.22047
19-Jun-2026,113.561,0.613699,1.41515,0.433914,0.981236
19-Jun-2026,75.7075,0.690411,22.7493,22.801,0.0517323
19-Jun-2026,80.4392,0.690411,18.914,18.8211,0.0929451
19-Jun-2026,85.1709,0.690411,15.3364,15.0289,0.307503
19-Jun-2026,89.9026,0.690411,12.07,11.4798,0.590183
19-Jun-2026,94.6343,0.690411,9.16822,8.24804,0.920179
19-Jun-2026,99.366,0.690411,6.67934,5.43232,1.24702
19-Jun-2026,104.098,0.690411,4.63833,3.15597,1.48236
19-Jun-2026,108.829,0.690411,3.05603,1.54107,1.51496
19-Jun-2026,113.561,0.690411,1.9088,0.61495,1.29385
19-Jun-2026,75.7075,0.780822,23.3595,23.226,0.133511
19-Jun-2026,80.4392,0.780822,19.6094,19.2872,0.322167
19-Jun-2026,85.1709,0.780822,16.1091,15.5342,0.574931
19-Jun-2026,89.9026,0.780822,12.903,12.0181,0.884873
19-Jun-2026,94.6343,0.780822,10.0348,8.80619,1.22861
19-Jun-2026,99.366,0.780822,7.54319,5.98485,1.55834
19-Jun-2026,104.098,0.780822,5.45639,3.65926,1.79713
19-Jun-2026,108.829,0.780822,3.78515,1.93568,1.84947
19-Jun-2026,113.561,0.780822,2.51545,0.858362,1.65709
19-Jun-2026,75.7075,0.863014,23.9334,23.6121,0.321303
19-Jun-2026,80.4392,0.863014,20.2565,19.7101,0.546384
19-Jun-2026,85.1709,0.863014,16.8219,15.992,0.829872
19-Jun-2026,89.9026,0.863014,13.6673,12.5058,1.16152
19-Jun-2026,94.6343,0.863014,10.829,9.3126,1.5164
19-Jun-2026,99.366,0.863014,8.33892,6.48943,1.84949
19-Jun-2026,104.098,0.863014,6.22038,4.12774,2.09264
19-Jun-2026,108.829,0.863014,4.48319,2.32079,2.1624
19-Jun-2026,113.561,0.863014,3.11864,1.11889,1.99975
22-Jun-2026,73.9382,0.0109589,18.5092,18.5093,8.92911e-05
22-Jun-2026,78.5594,0.0109589,13.8896,13.8896,3.23928e-05
22-Jun-2026,83.1805,0.0109589,9.27005,9.27008,2.91075e-05
22-Jun-2026,87.8016,0.0109589,4.6559,4.65762,0.00171579
22-Jun-2026,92.4228,0.0109589,0.759178,0.757614,0.00156359
22-Jun-2026,97.0439,0.0109589,0.00275403,0.00221054,0.000543486
22-Jun-2026,101.665,0.0109589,8.33569e-09,1.03471e-08,2.01136e-09
22-Jun-2026,73.9382,0.030137,18.5771,18.5772,6.28007e-05
22-Jun-2026,78.5594,0.030137,13.962,13.9625,0.000470094
22-Jun-2026,83.1805,0.030137,9.35724,9.36257,0.00533034
22-Jun-2026,87.8016,0.030137,4.9196,4.93335,0.0137453
22-Jun-2026,92.4228,0.030137,1.50014,1.47565,0.0244869
22-Jun-2026,97.0439,0.030137,0.155028,0.13253,0.0224976
22-Jun-2026,101.665,0.030137,0.00275995,0.00245987,0.000300084
22-Jun-2026,106.286,0.030137,5.36515e-06,1.55167e-05,1.01515e-05
22-Jun-2026,110.907,0.030137,1.3652e-09,5.70991e-08,5.57339e-08
22-Jun-2026,73.9382,0.0493151,18.6328,18.6334,0.000572324
22-Jun-2026,78.5594,0.0493151,14.0252,14.029,0.00384318
22-Jun-2026,83.1805,0.0493151,9.46284,9.47693,0.0140929
22-Jun-2026,87.8016,0.0493151,5.19,5.20008,0.0100763
22-Jun-2026,92.4228,0.0493151,1.919,1.86747,0.05153
22-Jun-2026,97.0439,0.0493151,0.353815,0.301437,0.0523779
22-Jun-2026,101.665,0.0493151,0.0222044,0.0185638,0.00364063
22-Jun-2026,106.286,0.0493151,0.000365822,0.000615393,0.000249571
22-Jun-2026,110.907,0.0493151,1.7775e-06,1.51701e-05,1.33926e-05
22-Jun-2026,73.9382,0.0684932,18.703,18.7061,0.00314268
22-Jun-2026,78.5594,0.0684932,14.1156,14.1265,0.0108512
22-Jun-2026,83.1805,0.0684932,9.62733,9.64674,0.0194137
22-Jun-2026,87.8016,0.0684932,5.51545,5.5089,0.00655464
22-Jun-2026,92.4228,0.0684932,2.34365,2.25342,0.0902313
22-Jun-2026,97.0439,0.0684932,0.610379,0.515467,0.0949123
22-Jun-2026,101.665,0.0684932,0.0765978,0.06127,0.0153278
22-Jun-2026,106.286,0.0684932,0.00394658,0.00491273,0.000966147
22-Jun-2026,110.907,0.0684932,9.09186e-05,0.000330232,0.000239313
22-Jun-2026,73.9382,0.0876712,18.7642,18.7709,0.00669575
22-Jun-2026,78.5594,0.0876712,14.202,14.2179,0.01586
22-Jun-2026,83.1805,0.0876712,9.77885,9.79625,0.017404
22-Jun-2026,87.8016,0.0876712,5.77002,5.74308,0.026939
22-Jun-2026,92.4228,0.0876712,2.64887,2.52409,0.124778
22-Jun-2026,97.0439,0.0876712,0.818457,0.686318,0.132139
22-Jun-2026,101.665,0.0876712,0.141952,0.110801,0.031151
22-Jun-2026,106.286,0.0876712,0.0122872,0.0132548,0.000967589
22-Jun-2026,110.907,0.0876712,0.000570262,0.00139811,0.000827849
22-Jun-2026,73.9382,0.0219178,18.5463,18.5463,7.98373e-06
22-Jun-2026,78.5594,0.0219178,13.929,13.929,1.92457e-06
22-Jun-2026,83.1805,0.0219178,9.31331,9.31465,0.00134294
22-Jun-2026,87.8016,0.0219178,4.77938,4.78973,0.0103461
22-Jun-2026,92.4228,0.0219178,1.21544,1.20323,0.012208
22-Jun-2026,97.0439,0.0219178,0.0631547,0.0536732,0.0094815
22-Jun-2026,101.665,0.0219178,0.000222171,0.000212202,9.96892e-06
22-Jun-2026,106.286,0.0219178,2.58062e-08,1.50088e-07,1.24282e-07
22-Jun-2026,110.907,0.0219178,1.41495e-13,4.4245e-11,4.41035e-11
22-Jun-2026,73.9382,0.106849,18.8302,18.8406,0.0103741
22-Jun-2026,78.5594,0.106849,14.2984,14.3168,0.0183718
22-Jun-2026,83.1805,0.106849,9.93854,9.9485,0.00995889
22-Jun-2026,87.8016,0.106849,6.01367,5.96199,0.0516835
22-Jun-2026,92.4228,0.106849,2.92837,2.7675,0.160871
22-Jun-2026,97.0439,0.106849,1.02179,0.851493,0.170297
22-Jun-2026,101.665,0.106849,0.221164,0.169485,0.0516789
22-Jun-2026,106.286,0.106849,0.0271234,0.0264859,0.000637532
22-Jun-2026,110.907,0.106849,0.00200636,0.0037668,0.00176044
22-Jun-2026,73.9382,0.191781,19.2312,19.2388,0.00759881
22-Jun-2026,78.5594,0.191781,14.8712,14.8543,0.0168533
22-Jun-2026,83.1805,0.191781,10.766,10.6807,0.0853316
22-Jun-2026,87.8016,0.191781,7.10129,6.89109,0.210199
22-Jun-2026,92.4228,0.191781,4.10221,3.75595,0.34626
22-Jun-2026,97.0439,0.191781,1.96236,1.60497,0.357393
22-Jun-2026,101.665,0.191781,0.727458,0.533704,0.193754
22-Jun-2026,106.286,0.191781,0.201515,0.154506,0.0470088
22-Jun-2026,110.907,0.191781,0.0433641,0.0431039,0.000260175
22-Jun-2026,73.9382,0.273973,19.6777,19.6376,0.0400684
22-Jun-2026,78.5594,0.273973,15.4603,15.3538,0.106461
22-Jun-2026,83.1805,0.273973,11.5158,11.2952,0.220564
22-Jun-2026,87.8016,0.273973,7.98164,7.60718,0.374456
22-Jun-2026,92.4228,0.273973,5.0133,4.50335,0.509946
22-Jun-2026,97.0439,0.273973,2.75189,2.23717,0.51472
22-Jun-2026,101.665,0.273973,1.26678,0.92397,0.34281
22-Jun-2026,106.286,0.273973,0.478777,0.33925,0.139527
22-Jun-2026,110.907,0.273973,0.152647,0.120342,0.0323047
22-Jun-2026,73.9382,0.356164,20.1564,20.0341,0.122261
22-Jun-2026,78.5594,0.356164,16.0558,15.8302,0.225605
22-Jun-2026,83.1805,0.356164,12.2278,11.8576,0.370223
22-Jun-2026,87.8016,0.356164,8.77892,8.24403,0.534893
22-Jun-2026,92.4228,0.356164,5.8271,5.16717,0.659932
22-Jun-2026,97.0439,0.356164,3.4844,2.8288,0.655603
22-Jun-2026,101.665,0.356164,1.82437,1.33882,0.485549
22-Jun-2026,106.286,0.356164,0.824311,0.569229,0.255082
22-Jun-2026,110.907,0.356164,0.32756,0.231791,0.0957691
22-Jun-2026,73.9382,0.441096,20.6825,20.4489,0.233603
22-Jun-2026,78.5594,0.441096,16.6845,16.3168,0.367669
22-Jun-2026,83.1805,0.441096,12.9515,12.4198,0.531681
22-Jun-2026,87.8016,0.441096,9.56846,8.87152,0.696937
22-Jun-2026,92.4228,0.441096,6.62873,5.82133,0.807399
22-Jun-2026,97.0439,0.441096,4.22451,3.4315,0.793007
22-Jun-2026,101.665,0.441096,2.42671,1.79935,0.627362
22-Jun-2026,106.286,0.441096,1.24298,0.85654,0.38644
22-Jun-2026,110.907,0.441096,0.574907,0.387179,0.187728
22-Jun-2026,73.9382,0.526027,21.1872,20.8352,0.352044
22-Jun-2026,78.5594,0.526027,17.2711,16.7636,0.507541
22-Jun-2026,83.1805,0.526027,13.6105,12.9291,0.681363
22-Jun-2026,87.8016,0.526027,10.2764,9.43446,0.841935
22-Jun-2026,92.4228,0.526027,7.34645,6.40803,0.938424
22-Jun-2026,97.0439,0.526027,4.89945,3.98419,0.915259
22-Jun-2026,101.665,0.526027,3.00144,2.24776,0.753675
22-Jun-2026,106.286,0.526027,1.67445,1.163,0.511446
22-Jun-2026,110.907,0.526027,0.857814,0.56907,0.288744
22-Jun-2026,73.9382,0.605479,21.7116,21.2302,0.481421
22-Jun-2026,78.5594,0.605479,17.8687,17.216,0.652722
22-Jun-2026,83.1805,0.605479,14.2713,13.44,0.83126
22-Jun-2026,87.8016,0.605479,10.9796,9.99496,0.984637
22-Jun-2026,92.4228,0.605479,8.0596,6.99175,1.06785
22-Jun-2026,97.0439,0.605479,5.57947,4.54258,1.03689
22-Jun-2026,101.665,0.605479,3.59944,2.72055,0.878886
22-Jun-2026,106.286,0.605479,2.14867,1.50951,0.639157
22-Jun-2026,110.907,0.605479,1.19298,0.791711,0.401269
22-Jun-2026,73.9382,0.682192,22.1493,21.5575,0.591834
22-Jun-2026,78.5594,0.682192,18.3608,17.5881,0.772659
22-Jun-2026,83.1805,0.682192,14.8096,13.8573,0.952347
22-Jun-2026,87.8016,0.682192,11.5491,10.45,1.09911
22-Jun-2026,92.4228,0.682192,8.6378,7.46519,1.17261
22-Jun-2026,97.0439,0.682192,6.13654,5.00033,1.13621
22-Jun-2026,101.665,0.682192,4.10073,3.11992,0.98081
22-Jun-2026,106.286,0.682192,2.562,1.81762,0.744375
22-Jun-2026,110.907,0.682192,1.50142,1.00258,0.498838
22-Jun-2026,73.9382,0.772603,22.6828,21.9554,0.727429
22-Jun-2026,78.5594,0.772603,18.9543,18.0378,0.916452
22-Jun-2026,83.1805,0.772603,15.4539,14.3582,1.0957
22-Jun-2026,87.8016,0.772603,12.2281,10.9935,1.23458
22-Jun-2026,92.4228,0.772603,9.32809,8.03017,1.29792
22-Jun-2026,97.0439,0.772603,6.80726,5.55105,1.25621
22-Jun-2026,101.665,0.772603,4.71542,3.61171,1.10371
22-Jun-2026,106.286,0.772603,3.0848,2.21294,0.871861
22-Jun-2026,110.907,0.772603,1.90908,1.28812,0.620961
22-Jun-2026,73.9382,0.854795,23.1517,22.3052,0.846494
22-Jun-2026,78.5594,0.854795,19.4717,18.431,1.04069
22-Jun-2026,83.1805,0.854795,16.0121,14.7936,1.21849
22-Jun-2026,87.8016,0.854795,12.8147,11.4637,1.35098
22-Jun-2026,92.4228,0.854795,9.92532,8.51842,1.4069
22-Jun-2026,97.0439,0.854795,7.39183,6.03015,1.36168
22-Jun-2026,101.665,0.854795,5.25943,4.04776,1.21167
22-Jun-2026,106.286,0.854795,3.55962,2.57561,0.984013
22-Jun-2026,110.907,0.854795,2.29336,1.56258,0.730785
23-Jun-2026,73.7257,0.00821918,18.4497,18.4497,2.23726e-05
23-Jun-2026,78.3336,0.00821918,13.843,13.8429,8.001e-05
23-Jun-2026,82.9414,0.00821918,9.23628,9.23626,1.76455e-05
23-Jun-2026,87.5493,0.00821918,4.6311,4.63062,0.000478537
23-Jun-2026,92.1571,0.00821918,0.656511,0.605204,0.0513071
23-Jun-2026,96.765,0.00821918,0.000651111,0.000150994,0.000500117
23-Jun-2026,101.373,0.00821918,4.94964e-11,1.62007e-12,4.78763e-11
23-Jun-2026,105.981,0.00821918,1.4598e-15,-6.10503e-16,2.0703e-15
23-Jun-2026,110.589,0.00821918,1.46961e-15,-6.121e-16,2.08171e-15
23-Jun-2026,73.7257,0.0273973,18.5167,18.5167,3.84367e-05
23-Jun-2026,78.3336,0.0273973,13.9143,13.9143,4.70516e-05
23-Jun-2026,82.9414,0.0273973,9.31997,9.3199,6.94538e-05
23-Jun-2026,87.5493,0.0273973,4.8774,4.85201,0.0253918
23-Jun-2026,92.1571,0.0273973,1.44765,1.32099,0.126658
23-Jun-2026,96.765,0.0273973,0.136778,0.0787896,0.0579884
23-Jun-2026,101.373,0.0273973,0.00199421,0.000693476,0.00130073
23-Jun-2026,105.981,0.0273973,2.74272e-06,1.96981e-06,7.72912e-07
23-Jun-2026,110.589,0.0273973,4.24859e-10,3.38165e-09,2.95679e-09
23-Jun-2026,73.7257,0.0465753,18.5716,18.5718,0.000155244
23-Jun-2026,78.3336,0.0465753,13.976,13.9769,0.00089307
23-Jun-2026,82.9414,0.0465753,9.42148,9.41864,0.00283789
23-Jun-2026,87.5493,0.0465753,5.14638,5.09224,0.0541368
23-Jun-2026,92.1571,0.0465753,1.8756,1.6982,0.1774
23-Jun-2026,96.765,0.0465753,0.333191,0.212058,0.121133
23-Jun-2026,101.373,0.0465753,0.0194043,0.00862711,0.0107772
23-Jun-2026,105.981,0.0465753,0.000281677,0.000189195,9.24821e-05
23-Jun-2026,110.589,0.0465753,1.13858e-06,3.19214e-06,2.05356e-06
23-Jun-2026,73.7257,0.0657534,18.6406,18.6417,0.00112165
23-Jun-2026,78.3336,0.0657534,14.0641,14.0659,0.00184304
23-Jun-2026,82.9414,0.0657534,9.5823,9.56958,0.0127171
23-Jun-2026,87.5493,0.0657534,5.47152,5.37876,0.0927605
23-Jun-2026,92.1571,0.0657534,2.30465,2.0688,0.235847
23-Jun-2026,96.765,0.0657534,0.588888,0.394216,0.194672
23-Jun-2026,101.373,0.0657534,0.0713425,0.03576,0.0355825
23-Jun-2026,105.981,0.0657534,0.00346643,0.0022233,0.00124313
23-Jun-2026,110.589,0.0657534,7.32273e-05,0.000119226,4.59985e-05
23-Jun-2026,73.7257,0.0849315,18.7007,18.703,0.00229058
23-Jun-2026,78.3336,0.0849315,14.1485,14.1494,0.000873687
23-Jun-2026,82.9414,0.0849315,9.7315,9.70558,0.0259187
23-Jun-2026,87.5493,0.0849315,5.72558,5.59922,0.126359
23-Jun-2026,92.1571,0.0849315,2.61107,2.32929,0.281776
23-Jun-2026,96.765,0.0849315,0.796228,0.545291,0.250937
23-Jun-2026,101.373,0.0849315,0.134932,0.0711998,0.0637322
23-Jun-2026,105.981,0.0849315,0.0112412,0.00702208,0.00421912
23-Jun-2026,110.589,0.0849315,0.00049272,0.000626198,0.000133478
23-Jun-2026,73.7257,0.0191781,18.4862,18.4862,1.93043e-05
23-Jun-2026,78.3336,0.0191781,13.8818,13.8818,4.85411e-05
23-Jun-2026,82.9414,0.0191781,9.2783,9.27833,3.33036e-05
23-Jun-2026,87.5493,0.0191781,4.7408,4.72942,0.0113788
23-Jun-2026,92.1571,0.0191781,1.15194,1.05599,0.0959499
23-Jun-2026,96.765,0.0191781,0.0491952,0.0246198,0.0245754
23-Jun-2026,101.373,0.0191781,0.000107615,2.6237e-05,8.1378e-05
23-Jun-2026,105.981,0.0191781,5.41352e-09,4.19759e-09,1.21593e-09
23-Jun-2026,110.589,0.0191781,7.28205e-15,2.82226e-13,2.74944e-13
23-Jun-2026,73.7257,0.10411,18.7653,18.7685,0.00316979
23-Jun-2026,78.3336,0.10411,14.2429,14.2402,0.00269063
23-Jun-2026,82.9414,0.10411,9.88909,9.84609,0.0429971
23-Jun-2026,87.5493,0.10411,5.9683,5.80705,0.161253
23-Jun-2026,92.1571,0.10411,2.89057,2.56439,0.326178
23-Jun-2026,96.765,0.10411,0.998491,0.694672,0.303819
23-Jun-2026,101.373,0.10411,0.212454,0.115959,0.0964951
23-Jun-2026,105.981,0.10411,0.0253343,0.0155027,0.00983155
23-Jun-2026,110.589,0.10411,0.00179643,0.00192991,0.000133477
23-Jun-2026,73.7257,0.189041,19.158,19.1437,0.0143422
23-Jun-2026,78.3336,0.189041,14.805,14.7441,0.0608995
23-Jun-2026,82.9414,0.189041,10.7052,10.5389,0.166321
23-Jun-2026,87.5493,0.189041,7.04605,6.7034,0.34265
23-Jun-2026,92.1571,0.189041,4.05558,3.53063,0.524948
23-Jun-2026,96.765,0.189041,1.92882,1.40391,0.524913
23-Jun-2026,101.373,0.189041,0.708573,0.423083,0.28549
23-Jun-2026,105.981,0.189041,0.19348,0.112409,0.0810707
23-Jun-2026,110.589,0.189041,0.0407424,0.0293158,0.0114266
23-Jun-2026,73.7257,0.271233,19.5945,19.5249,0.0696418
23-Jun-2026,78.3336,0.271233,15.3819,15.2231,0.15877
23-Jun-2026,82.9414,0.271233,11.4413,11.1342,0.307092
23-Jun-2026,87.5493,0.271233,7.91202,7.40715,0.504871
23-Jun-2026,92.1571,0.271233,4.95193,4.2732,0.678732
23-Jun-2026,96.765,0.271233,2.70356,2.02122,0.682337
23-Jun-2026,101.373,0.271233,1.23448,0.779212,0.455268
23-Jun-2026,105.981,0.271233,0.460816,0.268041,0.192775
23-Jun-2026,110.589,0.271233,0.144259,0.0903869,0.0538721
23-Jun-2026,73.7257,0.353425,20.0608,19.9085,0.152334
23-Jun-2026,78.3336,0.353425,15.9628,15.6864,0.276378
23-Jun-2026,82.9414,0.353425,12.1369,11.6863,0.450629
23-Jun-2026,87.5493,0.353425,8.69187,8.03982,0.652046
23-Jun-2026,92.1571,0.353425,5.74772,4.93853,0.809193
23-Jun-2026,96.765,0.353425,3.41811,2.6087,0.809407
23-Jun-2026,101.373,0.353425,1.77541,1.17335,0.602059
23-Jun-2026,105.981,0.353425,0.792783,0.473208,0.319575
23-Jun-2026,110.589,0.353425,0.309715,0.184522,0.125193
23-Jun-2026,73.7257,0.438356,20.5713,20.3134,0.257881
23-Jun-2026,78.3336,0.438356,16.5736,16.1642,0.409352
23-Jun-2026,82.9414,0.438356,12.8409,12.243,0.597945
23-Jun-2026,87.5493,0.438356,9.46041,8.66715,0.793256
23-Jun-2026,92.1571,0.438356,6.52769,5.59709,0.930602
23-Jun-2026,96.765,0.438356,4.13654,3.21228,0.924262
23-Jun-2026,101.373,0.438356,2.35718,1.62134,0.73584
23-Jun-2026,105.981,0.438356,1.1936,0.739572,0.454028
23-Jun-2026,110.589,0.438356,0.543198,0.321841,0.221357
23-Jun-2026,73.7257,0.523288,21.0593,20.693,0.366319
23-Jun-2026,78.3336,0.523288,17.1413,16.6056,0.535679
23-Jun-2026,82.9414,0.523288,13.4793,12.7498,0.729488
23-Jun-2026,87.5493,0.523288,10.1466,9.23179,0.914807
23-Jun-2026,92.1571,0.523288,7.22305,6.1888,1.03425
23-Jun-2026,96.765,0.523288,4.78904,3.76799,1.02105
23-Jun-2026,101.373,0.523288,2.91023,2.06349,0.84674
23-Jun-2026,105.981,0.523288,1.60545,1.03107,0.574383
23-Jun-2026,110.589,0.523288,0.809778,0.487914,0.321864
23-Jun-2026,73.7257,0.60274,21.5647,21.0828,0.481878
23-Jun-2026,78.3336,0.60274,17.7177,17.0543,0.663363
23-Jun-2026,82.9414,0.60274,14.1173,13.2597,0.857615
23-Jun-2026,87.5493,0.60274,10.8258,9.79478,1.03102
23-Jun-2026,92.1571,0.60274,7.91154,6.77774,1.1338
23-Jun-2026,96.765,0.60274,5.4442,4.33035,1.11385
23-Jun-2026,101.373,0.60274,3.48388,2.53323,0.950647
23-Jun-2026,105.981,0.60274,2.05697,1.36622,0.690748
23-Jun-2026,110.589,0.60274,1.12516,0.696085,0.429075
23-Jun-2026,73.7257,0.679452,21.9852,21.4067,0.578513
23-Jun-2026,78.3336,0.679452,18.1909,17.4243,0.76662
23-Jun-2026,82.9414,0.679452,14.6354,13.6767,0.958748
23-Jun-2026,87.5493,0.679452,11.3743,10.252,1.12228
23-Jun-2026,92.1571,0.679452,8.4681,7.25526,1.21284
23-Jun-2026,96.765,0.679452,5.9794,4.79154,1.18786
23-Jun-2026,101.373,0.679452,3.96353,2.93167,1.03186
23-Jun-2026,105.981,0.679452,2.44973,1.66739,0.782341
23-Jun-2026,110.589,0.679452,1.41509,0.896528,0.518562
23-Jun-2026,73.7257,0.769863,22.4965,21.8011,0.695361
23-Jun-2026,78.3336,0.769863,18.7602,17.8719,0.88829
23-Jun-2026,82.9414,0.769863,15.254,14.1776,1.07636
23-Jun-2026,87.5493,0.769863,12.0264,10.7981,1.22827
23-Jun-2026,92.1571,0.769863,9.13082,7.82472,1.3061
23-Jun-2026,96.765,0.769863,6.62218,5.3463,1.27588
23-Jun-2026,101.373,0.769863,4.55039,3.42348,1.12691
23-Jun-2026,105.981,0.769863,2.94563,2.05657,0.889065
23-Jun-2026,110.589,0.769863,1.79793,1.17133,0.626597
23-Jun-2026,73.7257,0.852055,22.9447,22.1484,0.796341
23-Jun-2026,78.3336,0.852055,19.2553,18.2636,0.991721
23-Jun-2026,82.9414,0.852055,15.7885,14.6132,1.1753
23-Jun-2026,87.5493,0.852055,12.5884,11.2704,1.31804
23-Jun-2026,92.1571,0.852055,9.7028,8.31643,1.38637
23-Jun-2026,96.765,0.852055,7.1811,5.82866,1.35244
23-Jun-2026,101.373,0.852055,5.06868,3.86015,1.20853
23-Jun-2026,105.981,0.852055,3.39528,2.4154,0.97988
23-Jun-2026,110.589,0.852055,2.15849,1.43799,0.720501
24-Jun-2026,74.763,0.00547945,18.7039,18.7039,2.84524e-05
24-Jun-2026,79.4357,0.00547945,14.0321,14.032,0.000105228
24-Jun-2026,84.1084,0.00547945,9.36019,9.36012,7.20032e-05
24-Jun-2026,88.7811,0.00547945,4.68839,4.68877,0.000376252
24-Jun-2026,93.4537,0.00547945,0.508138,0.587534,0.0793964
24-Jun-2026,98.1264,0.00547945,1.12152e-05,0.000122329,0.000111113
24-Jun-2026,102.799,0.00547945,1.32431e-15,3.36228e-13,3.34904e-13
24-Jun-2026,107.472,0.00547945,1.38892e-15,-1.3964e-15,2.78532e-15
24-Jun-2026,112.144,0.00547945,1.42567e-15,-1.40605e-15,2.83172e-15
24-Jun-2026,74.763,0.0246575,18.7763,18.7763,1.3883e-05
24-Jun-2026,79.4357,0.0246575,14.109,14.1095,0.000506111
24-Jun-2026,84.1084,0.0246575,9.44546,9.45658,0.0111247
24-Jun-2026,88.7811,0.0246575,4.89239,4.97916,0.0867746
24-Jun-2026,93.4537,0.0246575,1.33002,1.50769,0.177666
24-Jun-2026,98.1264,0.0246575,0.0865635,0.147804,0.0612404
24-Jun-2026,102.799,0.0246575,0.0004825,0.00304634,0.00256384
24-Jun-2026,107.472,0.0246575,1.32921e-07,1.78361e-05,1.77032e-05
24-Jun-2026,112.144,0.0246575,3.03206e-12,5.06694e-08,5.06664e-08
24-Jun-2026,74.763,0.0438356,18.8356,18.8362,0.000649713
24-Jun-2026,79.4357,0.0438356,14.1737,14.1809,0.00720961
24-Jun-2026,84.1084,0.0438356,9.5391,9.58333,0.0442321
24-Jun-2026,88.7811,0.0438356,5.1409,5.28451,0.143611
24-Jun-2026,93.4537,0.0438356,1.75327,1.95973,0.206465
24-Jun-2026,98.1264,0.0438356,0.24967,0.356629,0.106959
24-Jun-2026,102.799,0.0438356,0.00860967,0.0261627,0.017553
24-Jun-2026,107.472,0.0438356,5.37288e-05,0.000960079,0.00090635
24-Jun-2026,112.144,0.0438356,8.1853e-08,2.4013e-05,2.39311e-05
24-Jun-2026,74.763,0.0630137,18.909,18.9146,0.00555156
24-Jun-2026,79.4357,0.0630137,14.2616,14.2882,0.0265507
24-Jun-2026,84.1084,0.0630137,9.6879,9.7751,0.0872021
24-Jun-2026,88.7811,0.0630137,5.45035,5.63337,0.183022
24-Jun-2026,93.4537,0.0630137,2.17537,2.39376,0.218389
24-Jun-2026,98.1264,0.0630137,0.476815,0.613352,0.136537
24-Jun-2026,102.799,0.0630137,0.0411636,0.0857586,0.044595
24-Jun-2026,107.472,0.0630137,0.00118062,0.00775675,0.00657613
24-Jun-2026,112.144,0.0630137,1.37531e-05,0.000558196,0.000544443
24-Jun-2026,74.763,0.0821918,18.9715,18.9851,0.0135968
24-Jun-2026,79.4357,0.0821918,14.3438,14.39,0.0461919
24-Jun-2026,84.1084,0.0821918,9.82801,9.94339,0.115378
24-Jun-2026,88.7811,0.0821918,5.69544,5.89442,0.198977
24-Jun-2026,93.4537,0.0821918,2.47667,2.69337,0.216696
24-Jun-2026,98.1264,0.0821918,0.666649,0.812809,0.14616
24-Jun-2026,102.799,0.0821918,0.0867474,0.151921,0.0651731
24-Jun-2026,107.472,0.0821918,0.00483551,0.0203819,0.0155464
24-Jun-2026,112.144,0.0821918,0.000135476,0.0023162,0.00218072
24-Jun-2026,74.763,0.0164384,18.7434,18.7434,2.76987e-05
24-Jun-2026,79.4357,0.0164384,14.074,14.074,2.32577e-05
24-Jun-2026,84.1084,0.0164384,9.40485,9.4063,0.00144841
24-Jun-2026,88.7811,0.0164384,4.77334,4.81632,0.0429767
24-Jun-2026,93.4537,0.0164384,1.0336,1.18162,0.148021
24-Jun-2026,98.1264,0.0164384,0.0233119,0.0504331,0.0271212
24-Jun-2026,102.799,0.0164384,8.74692e-06,0.000161205,0.000152458
24-Jun-2026,107.472,0.0164384,2.13619e-11,5.93784e-08,5.9357e-08
24-Jun-2026,112.144,0.0164384,5.92374e-16,6.19641e-12,6.19581e-12
24-Jun-2026,74.763,0.10137,19.0375,19.0616,0.0240857
24-Jun-2026,79.4357,0.10137,14.435,14.5003,0.0653483
24-Jun-2026,84.1084,0.10137,9.9777,10.1136,0.13587
24-Jun-2026,88.7811,0.10137,5.9313,6.13606,0.204756
24-Jun-2026,93.4537,0.10137,2.75175,2.95989,0.208138
24-Jun-2026,98.1264,0.10137,0.854841,1.00186,0.147021
24-Jun-2026,102.799,0.10137,0.146401,0.227652,0.0812515
24-Jun-2026,107.472,0.10137,0.0126244,0.0395752,0.0269508
24-Jun-2026,112.144,0.10137,0.000626287,0.00605606,0.00542977
24-Jun-2026,74.763,0.186301,19.4286,19.4997,0.0710721
24-Jun-2026,79.4357,0.186301,14.9808,15.0936,0.112832
24-Jun-2026,84.1084,0.186301,10.7692,10.9163,0.147123
24-Jun-2026,88.7811,0.186301,6.99139,7.14054,0.149154
24-Jun-2026,93.4537,0.186301,3.90388,4.01748,0.113601
24-Jun-2026,98.1264,0.186301,1.7434,1.83005,0.0866517
24-Jun-2026,102.799,0.186301,0.570711,0.664776,0.0940648
24-Jun-2026,107.472,0.186301,0.132377,0.208082,0.0757051
24-Jun-2026,112.144,0.186301,0.0233973,0.0614823,0.038085
24-Jun-2026,74.763,0.268493,19.8612,19.9335,0.0722907
24-Jun-2026,79.4357,0.268493,15.5488,15.6341,0.0853436
24-Jun-2026,84.1084,0.268493,11.4968,11.5741,0.0773448
24-Jun-2026,88.7811,0.268493,7.8539,7.89564,0.041743
24-Jun-2026,93.4537,0.268493,4.79831,4.79621,0.00210237
24-Jun-2026,98.1264,0.268493,2.50221,2.49705,0.00516113
24-Jun-2026,102.799,0.268493,1.05573,1.10132,0.0455879
24-Jun-2026,107.472,0.268493,0.353147,0.431099,0.0779523
24-Jun-2026,112.144,0.268493,0.0982617,0.160715,0.0624536
24-Jun-2026,74.763,0.350685,20.326,20.3595,0.0335216
24-Jun-2026,79.4357,0.350685,16.127,16.142,0.014984
24-Jun-2026,84.1084,0.350685,12.1917,12.1666,0.0250654
24-Jun-2026,88.7811,0.350685,8.63715,8.55721,0.0799375
24-Jun-2026,93.4537,0.350685,5.59878,5.47834,0.120442
24-Jun-2026,98.1264,0.350685,3.21299,3.10897,0.104022
24-Jun-2026,102.799,0.350685,1.5737,1.54774,0.0259608
24-Jun-2026,107.472,0.350685,0.64806,0.69424,0.04618
24-Jun-2026,112.144,0.350685,0.231753,0.295693,0.0639404
24-Jun-2026,74.763,0.435616,20.8384,20.8007,0.0377386
24-Jun-2026,79.4357,0.435616,16.74,16.6551,0.0849137
24-Jun-2026,84.1084,0.435616,12.9007,12.7528,0.147949
24-Jun-2026,88.7811,0.435616,9.41447,9.20326,0.211205
24-Jun-2026,93.4537,0.435616,6.38908,6.14572,0.243361
24-Jun-2026,98.1264,0.435616,3.93615,3.72598,0.210168
24-Jun-2026,102.799,0.435616,2.14471,2.03207,0.112638
24-Jun-2026,107.472,0.435616,1.02111,1.01108,0.0100274
24-Jun-2026,112.144,0.435616,0.433696,0.475901,0.0422052
24-Jun-2026,74.763,0.520548,21.3309,21.2084,0.122497
24-Jun-2026,79.4357,0.520548,17.3135,17.1226,0.190924
24-Jun-2026,84.1084,0.520548,13.5478,13.2802,0.267585
24-Jun-2026,88.7811,0.520548,10.1127,9.78008,0.332622
24-Jun-2026,93.4537,0.520548,7.09818,6.74233,0.355846
24-Jun-2026,98.1264,0.520548,4.59904,4.28903,0.310006
24-Jun-2026,102.799,0.520548,2.69699,2.49752,0.199465
24-Jun-2026,107.472,0.520548,1.41683,1.34088,0.0759499
24-Jun-2026,112.144,0.520548,0.675571,0.680256,0.00468538
24-Jun-2026,74.763,0.6,21.8437,21.6232,0.220482
24-Jun-2026,79.4357,0.6,17.8993,17.5938,0.305549
24-Jun-2026,84.1084,0.6,14.198,13.8073,0.390652
24-Jun-2026,88.7811,0.6,10.8075,10.3531,0.454379
24-Jun-2026,93.4537,0.6,7.80409,7.33534,0.46875
24-Jun-2026,98.1264,0.6,5.26944,4.85681,0.412632
24-Jun-2026,102.799,0.6,3.27703,2.98474,0.292293
24-Jun-2026,107.472,0.6,1.86058,1.70791,0.152667
24-Jun-2026,112.144,0.6,0.971863,0.924712,0.0471514
24-Jun-2026,74.763,0.676712,22.2723,21.9657,0.306559
24-Jun-2026,79.4357,0.676712,18.3823,17.9802,0.402064
24-Jun-2026,84.1084,0.676712,14.7285,14.237,0.491513
24-Jun-2026,88.7811,0.676712,11.3709,10.818,0.552919
24-Jun-2026,93.4537,0.676712,8.37724,7.81639,0.560849
24-Jun-2026,98.1264,0.676712,5.8201,5.32206,0.49804
24-Jun-2026,102.799,0.676712,3.76634,3.39473,0.371612
24-Jun-2026,107.472,0.676712,2.25274,2.03108,0.221661
24-Jun-2026,112.144,0.676712,1.25111,1.15261,0.0985013
24-Jun-2026,74.763,0.767123,22.7953,22.3812,0.414096
24-Jun-2026,79.4357,0.767123,18.9658,18.4464,0.519377
24-Jun-2026,84.1084,0.767123,15.3642,14.7524,0.611831
24-Jun-2026,88.7811,0.767123,12.0433,11.3733,0.670021
24-Jun-2026,93.4537,0.767123,9.06228,8.39086,0.671418
24-Jun-2026,98.1264,0.767123,6.48443,5.88202,0.602412
24-Jun-2026,102.799,0.767123,4.36917,3.89858,0.470589
24-Jun-2026,107.472,0.767123,2.75394,2.44299,0.310955
24-Jun-2026,112.144,0.767123,1.62715,1.45758,0.16957
24-Jun-2026,74.763,0.849315,23.2555,22.7459,0.50962
24-Jun-2026,79.4357,0.849315,19.475,18.8536,0.62145
24-Jun-2026,84.1084,0.849315,15.9155,15.2002,0.715329
24-Jun-2026,88.7811,0.849315,12.6247,11.8539,0.770814
24-Jun-2026,93.4537,0.849315,9.65551,8.88784,0.767673
24-Jun-2026,98.1264,0.849315,7.0643,6.36955,0.694749
24-Jun-2026,102.799,0.849315,4.9046,4.34489,0.559706
24-Jun-2026,107.472,0.849315,3.21285,2.81916,0.393689
24-Jun-2026,112.144,0.849315,1.98703,1.74809,0.238938
25-Jun-2026,73.2299,0.00273973,18.3139,18.3139,1.63145e-06
25-Jun-2026,77.8068,0.00273973,13.7374,13.7374,1.73068e-06
25-Jun-2026,82.3836,0.00273973,9.16094,9.161,5.81613e-05
25-Jun-2026,86.9605,0.00273973,4.58447,4.58452,4.55269e-05
25-Jun-2026,91.5374,0.00273973,0.386027,0.43401,0.047983
25-Jun-2026,96.1143,0.00273973,5.52708e-08,7.08917e-08,1.56209e-08
25-Jun-2026,73.2299,0.0219178,18.3842,18.3843,0.000136866
25-Jun-2026,77.8068,0.0219178,13.8122,13.8142,0.00195972
25-Jun-2026,82.3836,0.0219178,9.24534,9.26861,0.0232737
25-Jun-2026,86.9605,0.0219178,4.80744,4.92479,0.117352
25-Jun-2026,91.5374,0.0219178,1.37214,1.51605,0.143906
25-Jun-2026,96.1143,0.0219178,0.114773,0.110875,0.00389753
25-Jun-2026,100.691,0.0219178,0.00130951,0.000218433,0.00109108
25-Jun-2026,105.268,0.0219178,1.17359e-06,1.0423e-08,1.16317e-06
25-Jun-2026,109.845,0.0219178,8.96078e-11,1.02572e-13,8.95052e-11
25-Jun-2026,73.2299,0.0410959,18.4418,18.4453,0.00350917
25-Jun-2026,77.8068,0.0410959,13.8761,13.8972,0.021135
25-Jun-2026,82.3836,0.0410959,9.34719,9.43358,0.0863856
25-Jun-2026,86.9605,0.0410959,5.08845,5.28519,0.196739
25-Jun-2026,91.5374,0.0410959,1.83651,2.0038,0.167293
25-Jun-2026,96.1143,0.0410959,0.321433,0.30098,0.0204529
25-Jun-2026,100.691,0.0410959,0.0185298,0.00517518,0.0133546
25-Jun-2026,105.268,0.0410959,0.00026318,1.10377e-05,0.000252142
25-Jun-2026,109.845,0.0410959,9.66711e-07,9.98108e-09,9.5673e-07
25-Jun-2026,73.2299,0.060274,18.514,18.5343,0.0203225
25-Jun-2026,77.8068,0.060274,13.9673,14.0349,0.0675939
25-Jun-2026,82.3836,0.060274,9.51361,9.67804,0.164427
25-Jun-2026,86.9605,0.060274,5.43074,5.68523,0.25449
25-Jun-2026,91.5374,0.060274,2.29259,2.4658,0.173215
25-Jun-2026,96.1143,0.060274,0.594044,0.542746,0.0512975
25-Jun-2026,100.691,0.060274,0.0749801,0.0267009,0.0482792
25-Jun-2026,105.268,0.060274,0.00387672,0.000331459,0.00354526
25-Jun-2026,109.845,0.060274,8.52615e-05,2.42665e-06,8.28349e-05
25-Jun-2026,73.2299,0.0794521,18.5768,18.6208,0.0440425
25-Jun-2026,77.8068,0.0794521,14.0553,14.1672,0.111911
25-Jun-2026,82.3836,0.0794521,9.66964,9.88614,0.216498
25-Jun-2026,86.9605,0.0794521,5.69764,5.97905,0.281405
25-Jun-2026,91.5374,0.0794521,2.61531,2.78193,0.16662
25-Jun-2026,96.1143,0.0794521,0.814657,0.733534,0.0811233
25-Jun-2026,100.691,0.0794521,0.145195,0.0576327,0.0875623
25-Jun-2026,105.268,0.0794521,0.0130522,0.00150911,0.0115431
25-Jun-2026,109.845,0.0794521,0.000612032,2.65497e-05,0.000585482
25-Jun-2026,73.2299,0.0136986,18.3523,18.3523,2.28193e-05
25-Jun-2026,77.8068,0.0136986,13.7782,13.7782,2.51055e-05
25-Jun-2026,82.3836,0.0136986,9.20436,9.20751,0.00315474
25-Jun-2026,86.9605,0.0136986,4.67163,4.72724,0.055613
25-Jun-2026,91.5374,0.0136986,1.03907,1.15661,0.117541
25-Jun-2026,96.1143,0.0136986,0.0297474,0.0296447,0.000102701
25-Jun-2026,100.691,0.0136986,2.52989e-05,1.79673e-06,2.35022e-05
25-Jun-2026,105.268,0.0136986,2.39431e-10,1.63363e-13,2.39268e-10
25-Jun-2026,73.2299,0.0986301,18.6445,18.7174,0.0728745
25-Jun-2026,77.8068,0.0986301,14.1541,14.309,0.154851
25-Jun-2026,82.3836,0.0986301,9.83487,10.0919,0.257036
25-Jun-2026,86.9605,0.0986301,5.95197,6.24769,0.295719
25-Jun-2026,91.5374,0.0986301,2.9083,3.06132,0.153019
25-Jun-2026,96.1143,0.0986301,1.02919,0.916325,0.112865
25-Jun-2026,100.691,0.0986301,0.230759,0.0988119,0.131947
25-Jun-2026,105.268,0.0986301,0.0297496,0.00419212,0.0255575
25-Jun-2026,109.845,0.0986301,0.00227432,0.000129151,0.00214517
25-Jun-2026,73.2299,0.183562,19.0576,19.2677,0.21013
25-Jun-2026,77.8068,0.183562,14.7446,15.0367,0.29214
25-Jun-2026,82.3836,0.183562,10.6891,11.0206,0.331529
25-Jun-2026,86.9605,0.183562,7.07547,7.33678,0.261311
25-Jun-2026,91.5374,0.183562,4.12198,4.15653,0.03455
25-Jun-2026,96.1143,0.183562,2.00904,1.73928,0.269763
25-Jun-2026,100.691,0.183562,0.771418,0.412114,0.359304
25-Jun-2026,105.268,0.183562,0.22424,0.0522513,0.171989
25-Jun-2026,109.845,0.183562,0.0504243,0.00530853,0.0451158
25-Jun-2026,73.2299,0.265753,19.5166,19.7892,0.272646
25-Jun-2026,77.8068,0.265753,15.349,15.6637,0.314734
25-Jun-2026,82.3836,0.265753,11.4564,11.7478,0.291441
25-Jun-2026,86.9605,0.265753,7.97411,8.13403,0.159924
25-Jun-2026,91.5374,0.265753,5.05164,4.95814,0.0934961
25-Jun-2026,96.1143,0.265753,2.81936,2.42614,0.393215
25-Jun-2026,100.691,0.265753,1.33544,0.808044,0.527396
25-Jun-2026,105.268,0.265753,0.524332,0.163088,0.361244
25-Jun-2026,109.845,0.265753,0.173277,0.0249968,0.14828
25-Jun-2026,73.2299,0.347945,20.0057,20.2828,0.277054
25-Jun-2026,77.8068,0.347945,15.9556,16.233,0.277434
25-Jun-2026,82.3836,0.347945,12.1794,12.3871,0.207725
25-Jun-2026,86.9605,0.347945,8.78175,8.82525,0.0435003
25-Jun-2026,91.5374,0.347945,5.87548,5.66351,0.211974
25-Jun-2026,96.1143,0.347945,3.56385,3.07021,0.493643
25-Jun-2026,100.691,0.347945,1.90984,1.26006,0.649775
25-Jun-2026,105.268,0.347945,0.889685,0.348884,0.540801
25-Jun-2026,109.845,0.347945,0.364031,0.0702124,0.293819
25-Jun-2026,73.2299,0.432877,20.5398,20.7801,0.240269
25-Jun-2026,77.8068,0.432877,16.5919,16.7956,0.203704
25-Jun-2026,82.3836,0.432877,12.9097,13.0111,0.101432
25-Jun-2026,86.9605,0.432877,9.57669,9.49856,0.0781323
25-Jun-2026,91.5374,0.432877,6.68194,6.3584,0.323536
25-Jun-2026,96.1143,0.432877,4.31033,3.72853,0.581804
25-Jun-2026,100.691,0.432877,2.52329,1.77795,0.745339
25-Jun-2026,105.268,0.432877,1.32464,0.628272,0.696368
25-Jun-2026,109.845,0.432877,0.627599,0.162337,0.465262
25-Jun-2026,73.2299,0.517808,21.0492,21.2312,0.181953
25-Jun-2026,77.8068,0.517808,17.1822,17.3011,0.118916
25-Jun-2026,82.3836,0.517808,13.5712,13.569,0.00223494
25-Jun-2026,86.9605,0.517808,10.2858,10.1003,0.185485
25-Jun-2026,91.5374,0.517808,7.40021,6.98353,0.416679
25-Jun-2026,96.1143,0.517808,4.98689,4.33413,0.652763
25-Jun-2026,100.691,0.517808,3.10348,2.28879,0.814689
25-Jun-2026,105.268,0.517808,1.76697,0.957925,0.809045
25-Jun-2026,109.845,0.517808,0.923807,0.30434,0.619467
25-Jun-2026,73.2299,0.59726,21.5759,21.6843,0.108379
25-Jun-2026,77.8068,0.59726,17.7808,17.8063,0.025545
25-Jun-2026,82.3836,0.59726,14.2316,14.1248,0.106843
25-Jun-2026,86.9605,0.59726,10.9872,10.6994,0.287836
25-Jun-2026,91.5374,0.59726,8.11079,7.60785,0.502939
25-Jun-2026,96.1143,0.59726,5.66509,4.94753,0.717562
25-Jun-2026,100.691,0.59726,3.70299,2.82983,0.873158
25-Jun-2026,105.268,0.59726,2.24813,1.35005,0.898084
25-Jun-2026,109.845,0.59726,1.26995,0.512433,0.757517
25-Jun-2026,73.2299,0.673973,22.0137,22.0553,0.041627
25-Jun-2026,77.8068,0.673973,18.2718,18.2187,0.053145
25-Jun-2026,82.3836,0.673973,14.7675,14.5771,0.190362
25-Jun-2026,86.9605,0.673973,11.5533,11.1862,0.367069
25-Jun-2026,91.5374,0.673973,8.68483,8.11593,0.5689
25-Jun-2026,96.1143,0.673973,6.21842,5.45125,0.767166
25-Jun-2026,100.691,0.673973,4.20287,3.28723,0.915637
25-Jun-2026,105.268,0.673973,2.66429,1.70708,0.957215
25-Jun-2026,109.845,0.673973,1.58518,0.731382,0.853798
25-Jun-2026,73.2299,0.764384,22.5452,22.5027,0.0425468
25-Jun-2026,77.8068,0.764384,18.8619,18.7142,0.147671
25-Jun-2026,82.3836,0.764384,15.4069,15.1194,0.287512
25-Jun-2026,86.9605,0.764384,12.226,11.7687,0.457324
25-Jun-2026,91.5374,0.764384,9.36793,8.72398,0.643953
25-Jun-2026,96.1143,0.764384,6.88229,6.05803,0.824263
25-Jun-2026,100.691,0.764384,4.81309,3.85002,0.963072
25-Jun-2026,105.268,0.764384,3.18727,2.17024,1.01703
25-Jun-2026,109.845,0.764384,1.99815,1.04752,0.950627
25-Jun-2026,73.2299,0.846575,23.0109,22.8934,0.117511
25-Jun-2026,77.8068,0.846575,19.3746,19.1458,0.228795
25-Jun-2026,82.3836,0.846575,15.9591,15.5902,0.368862
25-Jun-2026,86.9605,0.846575,12.8053,12.2733,0.532001
25-Jun-2026,91.5374,0.846575,9.95717,9.25071,0.706464
25-Jun-2026,96.1143,0.846575,7.45901,6.58631,0.872705
25-Jun-2026,100.691,0.846575,5.35099,4.34819,1.0028
25-Jun-2026,105.268,0.846575,3.6596,2.59702,1.06258
25-Jun-2026,109.845,0.846575,2.38444,1.36346,1.02098
26-Jun-2026,71.8293,0.0191781,18.0255,18.0254,5.1596e-05
26-Jun-2026,76.3186,0.0191781,13.5405,13.5407,0.000222323
26-Jun-2026,80.8079,0.0191781,9.06153,9.06374,0.00220711
26-Jun-2026,85.2973,0.0191781,4.72279,4.69998,0.0228133
26-Jun-2026,89.7866,0.0191781,1.38829,1.18525,0.203036
26-Jun-2026,94.2759,0.0191781,0.134285,0.0197338,0.114551
26-Jun-2026,98.7653,0.0191781,0.00231373,5.79093e-07,0.00231315
26-Jun-2026,103.255,0.0191781,4.37594e-06,7.24863e-13,4.37594e-06
26-Jun-2026,107.744,0.0191781,8.14068e-10,-1.15953e-13,8.14184e-10
26-Jun-2026,71.8293,0.0383562,18.0813,18.0821,0.000780326
26-Jun-2026,76.3186,0.0383562,13.6036,13.6081,0.00454044
26-Jun-2026,80.8079,0.0383562,9.17085,9.17931,0.00846244
26-Jun-2026,85.2973,0.0383562,5.03295,4.97835,0.0545958
26-Jun-2026,89.7866,0.0383562,1.89202,1.60579,0.286235
26-Jun-2026,94.2759,0.0383562,0.379048,0.0966989,0.282349
26-Jun-2026,98.7653,0.0383562,0.0301807,0.000171595,0.0300091
26-Jun-2026,103.255,0.0383562,0.000746374,6.0413e-08,0.000746314
26-Jun-2026,107.744,0.0383562,5.41127e-06,1.40724e-11,5.41126e-06
26-Jun-2026,71.8293,0.0575342,18.1522,18.1583,0.00606737
26-Jun-2026,76.3186,0.0575342,13.698,13.7142,0.0162088
26-Jun-2026,80.8079,0.0575342,9.35367,9.36462,0.0109518
26-Jun-2026,85.2973,0.0575342,5.40445,5.30779,0.0966587
26-Jun-2026,89.7866,0.0575342,2.37922,2.00484,0.374384
26-Jun-2026,94.2759,0.0575342,0.690739,0.230607,0.460132
26-Jun-2026,98.7653,0.0575342,0.111499,0.00256273,0.108936
26-Jun-2026,103.255,0.0575342,0.00864702,1.04942e-05,0.00863653
26-Jun-2026,107.744,0.0575342,0.000312187,3.44346e-08,0.000312153
26-Jun-2026,71.8293,0.0767123,18.2154,18.2296,0.014171
26-Jun-2026,76.3186,0.0767123,13.7918,13.818,0.0261928
26-Jun-2026,80.8079,0.0767123,9.52424,9.53081,0.00656894
26-Jun-2026,85.2973,0.0767123,5.69055,5.55725,0.133301
26-Jun-2026,89.7866,0.0767123,2.72122,2.28045,0.440773
26-Jun-2026,94.2759,0.0767123,0.937497,0.354647,0.58285
26-Jun-2026,98.7653,0.0767123,0.205435,0.00857238,0.196863
26-Jun-2026,103.255,0.0767123,0.0257397,9.57882e-05,0.0256439
26-Jun-2026,107.744,0.0767123,0.0018066,9.25796e-07,0.00180567
26-Jun-2026,71.8293,0.0958904,18.285,18.3088,0.0237961
26-Jun-2026,76.3186,0.0958904,13.8981,13.9319,0.0337782
26-Jun-2026,80.8079,0.0958904,9.70345,9.70026,0.00319325
26-Jun-2026,85.2973,0.0958904,5.96107,5.78944,0.171627
26-Jun-2026,89.7866,0.0958904,3.03023,2.52693,0.503303
26-Jun-2026,94.2759,0.0958904,1.17431,0.485213,0.689097
26-Jun-2026,98.7653,0.0958904,0.314875,0.0195277,0.295347
26-Jun-2026,103.255,0.0958904,0.0537969,0.00041095,0.053386
26-Jun-2026,107.744,0.0958904,0.00577703,7.85015e-06,0.00576918
26-Jun-2026,71.8293,0.0109589,17.9945,17.9945,2.43212e-05
26-Jun-2026,76.3186,0.0109589,13.5075,13.5075,4.55475e-07
26-Jun-2026,80.8079,0.0109589,9.02068,9.02087,0.000192101
26-Jun-2026,85.2973,0.0109589,4.57315,4.56586,0.00728869
26-Jun-2026,89.7866,0.0109589,1.01709,0.871044,0.146046
26-Jun-2026,94.2759,0.0109589,0.0310122,0.00176359,0.0292486
26-Jun-2026,98.7653,0.0109589,3.56994e-05,2.99091e-11,3.56994e-05
26-Jun-2026,103.255,0.0109589,6.20303e-10,2.71352e-15,6.203e-10
26-Jun-2026,107.744,0.0109589,7.50665e-16,1.19764e-15,4.46973e-16
26-Jun-2026,71.8293,0.180822,18.7197,18.774,0.0543133
26-Jun-2026,76.3186,0.180822,14.5299,14.5492,0.0192598
26-Jun-2026,80.8079,0.180822,10.6129,10.5063,0.106639
26-Jun-2026,85.2973,0.180822,7.13998,6.76663,0.373347
26-Jun-2026,89.7866,0.180822,4.29898,3.53209,0.766894
26-Jun-2026,94.2759,0.180822,2.23182,1.17172,1.0601
26-Jun-2026,98.7653,0.180822,0.956826,0.162042,0.794784
26-Jun-2026,103.255,0.180822,0.327173,0.0129546,0.314218
26-Jun-2026,107.744,0.180822,0.0890953,0.00102039,0.0880749
26-Jun-2026,71.8293,0.263014,19.2032,19.2363,0.0331112
26-Jun-2026,76.3186,0.263014,15.1665,15.1121,0.0543853
26-Jun-2026,80.8079,0.263014,11.4147,11.1736,0.241138
26-Jun-2026,85.2973,0.263014,8.0706,7.51907,0.55153
26-Jun-2026,89.7866,0.263014,5.26098,4.30854,0.952439
26-Jun-2026,94.2759,0.263014,3.08749,1.81758,1.26991
26-Jun-2026,98.7653,0.263014,1.58799,0.431657,1.15633
26-Jun-2026,103.255,0.263014,0.701068,0.0580265,0.643042
26-Jun-2026,107.744,0.263014,0.26581,0.00707345,0.258737
26-Jun-2026,71.8293,0.345205,19.714,19.6894,0.0246307
26-Jun-2026,76.3186,0.345205,15.7982,15.6425,0.155701
26-Jun-2026,80.8079,0.345205,12.1624,11.7815,0.380891
26-Jun-2026,85.2973,0.345205,8.90044,8.19268,0.707759
26-Jun-2026,89.7866,0.345205,6.10736,5.01083,1.09653
26-Jun-2026,94.2759,0.345205,3.86328,2.4507,1.41258
26-Jun-2026,98.7653,0.345205,2.21103,0.806355,1.40468
26-Jun-2026,103.255,0.345205,1.12883,0.159764,0.969066
26-Jun-2026,107.744,0.345205,0.514391,0.0250615,0.48933
26-Jun-2026,71.8293,0.430137,20.2675,20.1581,0.109385
26-Jun-2026,76.3186,0.430137,16.4549,16.1804,0.274494
26-Jun-2026,80.8079,0.430137,12.9118,12.3889,0.522891
26-Jun-2026,85.2973,0.430137,9.71224,8.861,0.85124
26-Jun-2026,89.7866,0.430137,6.93073,5.71159,1.21914
26-Jun-2026,94.2759,0.430137,4.63315,3.11028,1.52287
26-Jun-2026,98.7653,0.430137,2.86234,1.2792,1.58314
26-Jun-2026,103.255,0.430137,1.61769,0.352293,1.2654
26-Jun-2026,107.744,0.430137,0.836433,0.0706152,0.765818
26-Jun-2026,71.8293,0.515068,20.7918,20.5911,0.200689
26-Jun-2026,76.3186,0.515068,17.0601,16.6719,0.388248
26-Jun-2026,80.8079,0.515068,13.5866,12.9392,0.647365
26-Jun-2026,85.2973,0.515068,10.4327,9.46368,0.969017
26-Jun-2026,89.7866,0.515068,7.66005,6.34497,1.31508
26-Jun-2026,94.2759,0.515068,5.32509,3.72169,1.6034
26-Jun-2026,98.7653,0.515068,3.46874,1.7678,1.70094
26-Jun-2026,103.255,0.515068,2.10074,0.61635,1.48439
26-Jun-2026,107.744,0.515068,1.18236,0.155859,1.0265
26-Jun-2026,71.8293,0.594521,21.3309,21.0311,0.299768
26-Jun-2026,76.3186,0.594521,17.6705,17.1678,0.502716
26-Jun-2026,80.8079,0.594521,14.257,13.4913,0.765687
26-Jun-2026,85.2973,0.594521,11.1421,10.0658,1.07634
26-Jun-2026,89.7866,0.594521,8.37808,6.97796,1.40012
26-Jun-2026,94.2759,0.594521,6.01401,4.34241,1.6716
26-Jun-2026,98.7653,0.594521,4.08797,2.29715,1.79082
26-Jun-2026,103.255,0.594521,2.6152,0.959539,1.65566
26-Jun-2026,107.744,0.594521,1.57331,0.302223,1.27109
26-Jun-2026,71.8293,0.671233,21.777,21.3939,0.383115
26-Jun-2026,76.3186,0.671233,18.169,17.5746,0.594427
26-Jun-2026,80.8079,0.671233,14.7989,13.942,0.856874
26-Jun-2026,85.2973,0.671233,11.7124,10.5555,1.15695
26-Jun-2026,89.7866,0.671233,8.95582,7.49258,1.46324
26-Jun-2026,94.2759,0.671233,6.57307,4.85213,1.72094
26-Jun-2026,98.7653,0.671233,4.59977,2.74968,1.85009
26-Jun-2026,103.255,0.671233,3.05337,1.28766,1.76571
26-Jun-2026,107.744,0.671233,1.92076,0.473913,1.44685
26-Jun-2026,71.8293,0.761644,22.3166,21.833,0.483638
26-Jun-2026,76.3186,0.761644,18.7659,18.0648,0.7011
26-Jun-2026,80.8079,0.761644,15.4431,14.4828,0.960255
26-Jun-2026,85.2973,0.761644,12.3879,11.1409,1.24695
26-Jun-2026,89.7866,0.761644,9.64086,8.10736,1.5335
26-Jun-2026,94.2759,0.761644,7.24074,5.46546,1.77528
26-Jun-2026,98.7653,0.761644,5.22004,3.30974,1.9103
26-Jun-2026,103.255,0.761644,3.5973,1.72603,1.87127
26-Jun-2026,107.744,0.761644,2.36701,0.741497,1.62551
26-Jun-2026,71.8293,0.843836,22.7875,22.2174,0.570113
26-Jun-2026,76.3186,0.843836,19.2826,18.4922,0.790354
26-Jun-2026,80.8079,0.843836,15.9976,14.9525,1.04515
26-Jun-2026,85.2973,0.843836,12.9679,11.6476,1.32031
26-Jun-2026,89.7866,0.843836,10.2298,8.63881,1.59099
26-Jun-2026,94.2759,0.843836,7.8184,5.99859,1.81981
26-Jun-2026,98.7653,0.843836,5.76345,3.80706,1.95639
26-Jun-2026,103.255,0.843836,4.08351,2.13758,1.94593
26-Jun-2026,107.744,0.843836,2.77754,1.0233,1.75424
29-Jun-2026,71.878,0.0109589,17.9944,17.9944,1.49069e-05
29-Jun-2026,76.3704,0.0109589,13.5036,13.5035,5.95216e-05
29-Jun-2026,80.8627,0.0109589,9.01275,9.01287,0.000121895
29-Jun-2026,85.3551,0.0109589,4.53364,4.54199,0.00834715
29-Jun-2026,89.8475,0.0109589,0.82967,0.828215,0.00145523
29-Jun-2026,94.3399,0.0109589,0.00820767,0.00261615,0.00559152
29-Jun-2026,98.8322,0.0109589,5.45364e-07,6.35066e-11,5.453e-07
29-Jun-2026,103.325,0.0109589,6.08031e-14,-1.49919e-16,6.0953e-14
29-Jun-2026,71.878,0.030137,18.0628,18.0632,0.000353925
29-Jun-2026,76.3704,0.030137,13.577,13.5813,0.00425234
29-Jun-2026,80.8627,0.030137,9.11116,9.1378,0.026637
29-Jun-2026,85.3551,0.030137,4.86483,4.92675,0.0619238
29-Jun-2026,89.8475,0.030137,1.63528,1.6105,0.0247826
29-Jun-2026,94.3399,0.030137,0.241743,0.140031,0.101712
29-Jun-2026,98.8322,0.030137,0.0103943,0.000464139,0.00993016
29-Jun-2026,103.325,0.030137,9.25564e-05,8.43232e-08,9.24721e-05
29-Jun-2026,107.817,0.030137,1.57004e-07,4.99791e-12,1.56999e-07
29-Jun-2026,71.878,0.0493151,18.1193,18.1244,0.00505947
29-Jun-2026,76.3704,0.0493151,13.6453,13.6681,0.0227957
29-Jun-2026,80.8627,0.0493151,9.24054,9.30534,0.0648033
29-Jun-2026,85.3551,0.0493151,5.17818,5.25891,0.0807287
29-Jun-2026,89.8475,0.0493151,2.08846,2.03541,0.0530504
29-Jun-2026,94.3399,0.0493151,0.497863,0.313115,0.184748
29-Jun-2026,98.8322,0.0493151,0.0556855,0.00573364,0.0499519
29-Jun-2026,103.325,0.0493151,0.0024004,1.76699e-05,0.00238273
29-Jun-2026,107.817,0.0493151,3.80134e-05,2.84688e-08,3.79849e-05
29-Jun-2026,71.878,0.0684932,18.1928,18.2136,0.0208192
29-Jun-2026,76.3704,0.0684932,13.7487,13.8052,0.0564515
29-Jun-2026,80.8627,0.0684932,9.43737,9.53982,0.102452
29-Jun-2026,85.3551,0.0684932,5.54338,5.62696,0.0835775
29-Jun-2026,89.8475,0.0684932,2.5461,2.45142,0.0946805
29-Jun-2026,94.3399,0.0684932,0.809007,0.530816,0.278191
29-Jun-2026,98.8322,0.0684932,0.153888,0.024992,0.128896
29-Jun-2026,103.325,0.0684932,0.0154747,0.000343672,0.015131
29-Jun-2026,107.817,0.0684932,0.000800172,3.12729e-06,0.000797045
29-Jun-2026,71.878,0.0876712,18.2591,18.2988,0.0397439
29-Jun-2026,76.3704,0.0876712,13.8492,13.9333,0.0841314
29-Jun-2026,80.8627,0.0876712,9.61393,9.73652,0.122592
29-Jun-2026,85.3551,0.0876712,5.82402,5.89896,0.0749396
29-Jun-2026,89.8475,0.0876712,2.87384,2.74102,0.13282
29-Jun-2026,94.3399,0.0876712,1.05339,0.704521,0.348869
29-Jun-2026,98.8322,0.0876712,0.257236,0.0518415,0.205394
29-Jun-2026,103.325,0.0876712,0.0381199,0.00139685,0.036723
29-Jun-2026,107.817,0.0876712,0.0033647,2.75068e-05,0.00333719
29-Jun-2026,71.878,0.00273973,17.9757,17.9757,2.20811e-05
29-Jun-2026,76.3704,0.00273973,13.4837,13.4837,1.09634e-05
29-Jun-2026,80.8627,0.00273973,8.99175,8.9918,4.9837e-05
29-Jun-2026,85.3551,0.00273973,4.49977,4.4998,2.94156e-05
29-Jun-2026,89.8475,0.00273973,0.410916,0.411788,0.000872305
29-Jun-2026,94.3399,0.00273973,5.67807e-07,1.72528e-08,5.50554e-07
29-Jun-2026,98.8322,0.00273973,2.67585e-13,-5.04151e-15,2.72627e-13
29-Jun-2026,71.878,0.172603,18.6612,18.7878,0.12659
29-Jun-2026,76.3704,0.172603,14.4419,14.5957,0.153756
29-Jun-2026,80.8627,0.172603,10.4912,10.6088,0.117612
29-Jun-2026,85.3551,0.172603,6.99078,6.95119,0.0395885
29-Jun-2026,89.8475,0.172603,4.14285,3.80827,0.334581
29-Jun-2026,94.3399,0.172603,2.09779,1.46816,0.629634
29-Jun-2026,98.8322,0.172603,0.866456,0.287844,0.578612
29-Jun-2026,103.325,0.172603,0.281,0.0293115,0.251689
29-Jun-2026,107.817,0.172603,0.0713065,0.00249938,0.0688071
29-Jun-2026,71.878,0.254795,19.1406,19.291,0.150394
29-Jun-2026,76.3704,0.254795,15.0819,15.2097,0.127787
29-Jun-2026,80.8627,0.254795,11.309,11.3316,0.0226079
29-Jun-2026,85.3551,0.254795,7.95054,7.75238,0.198163
29-Jun-2026,89.8475,0.254795,5.13936,4.6153,0.524059
29-Jun-2026,94.3399,0.254795,2.9801,2.14448,0.835621
29-Jun-2026,98.8322,0.254795,1.5074,0.638076,0.869324
29-Jun-2026,103.325,0.254795,0.650627,0.110388,0.540239
29-Jun-2026,107.817,0.254795,0.239479,0.0151462,0.224333
29-Jun-2026,71.878,0.336986,19.6534,19.7727,0.11933
29-Jun-2026,76.3704,0.336986,15.7215,15.7702,0.0487124
29-Jun-2026,80.8627,0.336986,12.0722,11.9661,0.106135
29-Jun-2026,85.3551,0.336986,8.80254,8.44241,0.360132
29-Jun-2026,89.8475,0.336986,6.0105,5.32051,0.689992
29-Jun-2026,94.3399,0.336986,3.77728,2.78122,0.996064
29-Jun-2026,98.8322,0.336986,2.14356,1.05985,1.08371
29-Jun-2026,103.325,0.336986,1.08243,0.261146,0.821284
29-Jun-2026,107.817,0.336986,0.486255,0.047557,0.438698
29-Jun-2026,71.878,0.421918,20.2371,20.2813,0.0441588
29-Jun-2026,76.3704,0.421918,16.4175,16.3485,0.0689787
29-Jun-2026,80.8627,0.421918,12.8699,12.6107,0.259164
29-Jun-2026,85.3551,0.421918,9.66938,9.14086,0.528516
29-Jun-2026,89.8475,0.421918,6.89121,6.04267,0.848542
29-Jun-2026,94.3399,0.421918,4.60076,3.46152,1.13924
29-Jun-2026,98.8322,0.421918,2.83902,1.57873,1.26029
29-Jun-2026,103.325,0.421918,1.60272,0.517717,1.085
29-Jun-2026,107.817,0.421918,0.827298,0.123203,0.704095
29-Jun-2026,71.878,0.506849,20.7677,20.7232,0.0444798
29-Jun-2026,76.3704,0.506849,17.0318,16.8456,0.186153
29-Jun-2026,80.8627,0.506849,13.5566,13.1613,0.39527
29-Jun-2026,85.3551,0.506849,10.404,9.73676,0.667245
29-Jun-2026,89.8475,0.506849,7.63594,6.66284,0.973104
29-Jun-2026,94.3399,0.506849,5.30793,4.06058,1.24735
29-Jun-2026,98.8322,0.506849,3.45911,2.07535,1.38376
29-Jun-2026,103.325,0.506849,2.09696,0.821995,1.27496
29-Jun-2026,107.817,0.506849,1.18149,0.2432,0.93829
29-Jun-2026,71.878,0.586301,21.2899,21.1482,0.141701
29-Jun-2026,76.3704,0.586301,17.6247,17.321,0.303732
29-Jun-2026,80.8627,0.586301,14.2093,13.6858,0.523455
29-Jun-2026,85.3551,0.586301,11.0959,10.3037,0.792231
29-Jun-2026,89.8475,0.586301,8.33715,7.2546,1.08255
29-Jun-2026,94.3399,0.586301,5.98127,4.64078,1.34049
29-Jun-2026,98.8322,0.586301,4.06474,2.58091,1.48383
29-Jun-2026,103.325,0.586301,2.60054,1.17547,1.42507
29-Jun-2026,107.817,0.586301,1.56463,0.418011,1.14662
29-Jun-2026,71.878,0.663014,21.7664,21.5317,0.23471
29-Jun-2026,76.3704,0.663014,18.1583,17.7482,0.410057
29-Jun-2026,80.8627,0.663014,14.7905,14.1559,0.634592
29-Jun-2026,85.3551,0.663014,11.7086,10.8108,0.897806
29-Jun-2026,89.8475,0.663014,8.9585,7.78457,1.17393
29-Jun-2026,94.3399,0.663014,6.58311,5.16548,1.41763
29-Jun-2026,98.8322,0.663014,4.61625,3.05328,1.56297
29-Jun-2026,103.325,0.663014,3.07342,1.53518,1.53824
29-Jun-2026,107.817,0.663014,1.94043,0.627558,1.31287
29-Jun-2026,71.878,0.753425,22.291,21.9522,0.338774
29-Jun-2026,76.3704,0.753425,18.7398,18.2152,0.524568
29-Jun-2026,80.8627,0.753425,15.4189,14.6681,0.750802
29-Jun-2026,85.3551,0.753425,12.3685,11.3621,1.00637
29-Jun-2026,89.8475,0.753425,9.62844,8.36089,1.26755
29-Jun-2026,94.3399,0.753425,7.23673,5.74006,1.49667
29-Jun-2026,98.8322,0.753425,5.22423,3.58295,1.64128
29-Jun-2026,103.325,0.753425,3.60759,1.96363,1.64396
29-Jun-2026,107.817,0.753425,2.37995,0.909463,1.47049
29-Jun-2026,71.878,0.835616,22.7697,22.3361,0.433638
29-Jun-2026,76.3704,0.835616,19.266,18.6401,0.625888
29-Jun-2026,80.8627,0.835616,15.9844,15.1327,0.851741
29-Jun-2026,85.3551,0.835616,12.9607,11.861,1.09971
29-Jun-2026,89.8475,0.835616,10.2304,8.88221,1.34819
29-Jun-2026,94.3399,0.835616,7.8277,6.26254,1.56516
29-Jun-2026,98.8322,0.835616,5.78078,4.07329,1.70749
29-Jun-2026,103.325,0.835616,4.1064,2.37818,1.72822
29-Jun-2026,107.817,0.835616,2.80222,1.20787,1.59435
30-Jun-2026,75.9525,0.00821918,13.4235,13.4235,2.02732e-05
30-Jun-2026,80.4203,0.00821918,8.95689,8.95691,1.71102e-05
30-Jun-2026,84.8881,0.00821918,4.49487,4.49806,0.00318688
30-Jun-2026,89.3559,0.00821918,0.729746,0.758925,0.0291786
30-Jun-2026,93.8237,0.00821918,0.00306605,0.00372217,0.000656124
30-Jun-2026,98.2915,0.00821918,2.25527e-08,5.54556e-08,3.29029e-08
30-Jun-2026,102.759,0.00821918,2.29956e-15,4.54763e-15,2.24807e-15
30-Jun-2026,107.227,0.00821918,2.28777e-15,3.72386e-16,1.91538e-15
30-Jun-2026,71.4847,0.0273973,17.9595,17.9596,0.000121486
30-Jun-2026,75.9525,0.0273973,13.4979,13.4995,0.00162125
30-Jun-2026,80.4203,0.0273973,9.05413,9.06878,0.0146538
30-Jun-2026,84.8881,0.0273973,4.82238,4.87311,0.0507269
30-Jun-2026,89.3559,0.0273973,1.60621,1.6556,0.0493947
30-Jun-2026,93.8237,0.0273973,0.23306,0.243207,0.0101469
30-Jun-2026,98.2915,0.0273973,0.00979742,0.0115733,0.00177589
30-Jun-2026,102.759,0.0273973,8.51128e-05,0.000207064,0.000121951
30-Jun-2026,107.227,0.0273973,1.36769e-07,1.99316e-06,1.85639e-06
30-Jun-2026,71.4847,0.0465753,18.0168,18.0188,0.00201126
30-Jun-2026,75.9525,0.0465753,13.5668,13.5783,0.0114856
30-Jun-2026,80.4203,0.0465753,9.18535,9.22551,0.0401569
30-Jun-2026,84.8881,0.0465753,5.14617,5.21838,0.0722063
30-Jun-2026,89.3559,0.0465753,2.0788,2.12906,0.0502624
30-Jun-2026,93.8237,0.0465753,0.500261,0.508631,0.00836952
30-Jun-2026,98.2915,0.0465753,0.0575614,0.0621057,0.00454434
30-Jun-2026,102.759,0.0465753,0.00261721,0.00434531,0.0017281
30-Jun-2026,107.227,0.0465753,4.41282e-05,0.000215805,0.000171677
30-Jun-2026,71.4847,0.0657534,18.0914,18.1013,0.00985597
30-Jun-2026,75.9525,0.0657534,13.6722,13.7036,0.031409
30-Jun-2026,80.4203,0.0657534,9.38759,9.45435,0.0667564
30-Jun-2026,84.8881,0.0657534,5.52288,5.60641,0.0835254
30-Jun-2026,89.3559,0.0657534,2.55148,2.59493,0.0434452
30-Jun-2026,93.8237,0.0657534,0.824075,0.82306,0.00101482
30-Jun-2026,98.2915,0.0657534,0.162547,0.166639,0.00409183
30-Jun-2026,102.759,0.0657534,0.0173848,0.0236021,0.00621732
30-Jun-2026,107.227,0.0657534,0.000970552,0.00270486,0.00173431
30-Jun-2026,71.4847,0.0849315,18.159,18.1792,0.0201808
30-Jun-2026,75.9525,0.0849315,13.7753,13.8238,0.0484504
30-Jun-2026,80.4203,0.0849315,9.56936,9.65127,0.0819115
30-Jun-2026,84.8881,0.0849315,5.81146,5.89662,0.0851554
30-Jun-2026,89.3559,0.0849315,2.88833,2.92248,0.0341452
30-Jun-2026,93.8237,0.0849315,1.07737,1.0656,0.0117679
30-Jun-2026,98.2915,0.0849315,0.27265,0.272802,0.000151616
30-Jun-2026,102.759,0.0849315,0.0428333,0.0530501,0.0102168
30-Jun-2026,107.227,0.0849315,0.00406667,0.00880689,0.00474022
30-Jun-2026,71.4847,0.169863,18.5716,18.6414,0.0698362
30-Jun-2026,75.9525,0.169863,14.3847,14.4777,0.0930151
30-Jun-2026,80.4203,0.169863,10.4696,10.5611,0.0915428
30-Jun-2026,84.8881,0.169863,7.00496,7.05203,0.0470663
30-Jun-2026,89.3559,0.169863,4.18539,4.15796,0.0274261
30-Jun-2026,93.8237,0.169863,2.15228,2.08101,0.0712691
30-Jun-2026,98.2915,0.169863,0.912958,0.872389,0.0405693
30-Jun-2026,102.759,0.169863,0.308116,0.319122,0.0110062
30-Jun-2026,107.227,0.169863,0.0821112,0.108528,0.0264163
30-Jun-2026,71.4847,0.252055,19.0635,19.1449,0.0814311
30-Jun-2026,75.9525,0.252055,15.0401,15.1198,0.0797377
30-Jun-2026,80.4203,0.252055,11.3045,11.3522,0.0477289
30-Jun-2026,84.8881,0.252055,7.98174,7.96547,0.0162718
30-Jun-2026,89.3559,0.252055,5.19899,5.1104,0.0885877
30-Jun-2026,93.8237,0.252055,3.05403,2.93331,0.120723
30-Jun-2026,98.2915,0.252055,1.57719,1.49505,0.0821413
30-Jun-2026,102.759,0.252055,0.701255,0.691305,0.00994969
30-Jun-2026,107.227,0.252055,0.267587,0.302057,0.0344698
30-Jun-2026,71.4847,0.334247,19.5881,19.6473,0.0592079
30-Jun-2026,75.9525,0.334247,15.6928,15.728,0.0352191
30-Jun-2026,80.4203,0.334247,12.0808,12.0668,0.0140261
30-Jun-2026,84.8881,0.334247,8.84636,8.76521,0.081151
30-Jun-2026,89.3559,0.334247,6.08263,5.94166,0.140966
30-Jun-2026,93.8237,0.334247,3.86538,3.7078,0.157577
30-Jun-2026,98.2915,0.334247,2.23101,2.11869,0.112323
30-Jun-2026,102.759,0.334247,1.15336,1.12099,0.0323738
30-Jun-2026,107.227,0.334247,0.533034,0.563509,0.0304754
30-Jun-2026,71.4847,0.419178,20.1834,20.1935,0.0101
30-Jun-2026,75.9525,0.419178,16.4008,16.3703,0.030472
30-Jun-2026,80.4203,0.419178,12.8902,12.8031,0.087092
30-Jun-2026,84.8881,0.419178,9.72417,9.57668,0.147485
30-Jun-2026,89.3559,0.419178,6.97405,6.78491,0.18914
30-Jun-2026,93.8237,0.419178,4.70082,4.51328,0.187545
30-Jun-2026,98.2915,0.419178,2.94153,2.80766,0.133869
30-Jun-2026,102.759,0.419178,1.69224,1.64221,0.0500269
30-Jun-2026,107.227,0.419178,0.893648,0.916918,0.0232698
30-Jun-2026,71.4847,0.50411,20.7232,20.6771,0.0460639
30-Jun-2026,75.9525,0.50411,17.0243,16.9292,0.0951229
30-Jun-2026,80.4203,0.50411,13.5857,13.4343,0.151392
30-Jun-2026,84.8881,0.50411,10.4668,10.2656,0.201151
30-Jun-2026,89.3559,0.50411,7.72648,7.50076,0.225718
30-Jun-2026,93.8237,0.50411,5.41644,5.20819,0.208248
30-Jun-2026,98.2915,0.50411,3.57228,3.42613,0.146149
30-Jun-2026,102.759,0.50411,2.20024,2.14114,0.0590995
30-Jun-2026,107.227,0.50411,1.26369,1.28315,0.0194567
30-Jun-2026,71.4847,0.583562,21.2535,21.1469,0.106643
30-Jun-2026,75.9525,0.583562,17.6251,17.4658,0.159308
30-Jun-2026,80.4203,0.583562,14.2456,14.0344,0.211183
30-Jun-2026,84.8881,0.583562,11.1653,10.9164,0.24895
30-Jun-2026,89.3559,0.583562,8.43391,8.17664,0.257273
30-Jun-2026,93.8237,0.583562,6.09648,5.8712,0.22528
30-Jun-2026,98.2915,0.583562,4.18636,4.03178,0.15458
30-Jun-2026,102.759,0.583562,2.71507,2.65146,0.0636104
30-Jun-2026,107.227,0.583562,1.6606,1.67972,0.0191206
30-Jun-2026,71.4847,0.660274,21.7366,21.5728,0.163839
30-Jun-2026,75.9525,0.660274,18.165,17.9483,0.216747
30-Jun-2026,80.4203,0.660274,14.8326,14.5699,0.262667
30-Jun-2026,84.8881,0.660274,11.783,11.4941,0.288948
30-Jun-2026,89.3559,0.660274,9.05999,8.77641,0.283581
30-Jun-2026,93.8237,0.660274,6.70335,6.46388,0.239471
30-Jun-2026,98.2915,0.660274,4.74422,4.58325,0.160971
30-Jun-2026,102.759,0.660274,3.19658,3.13088,0.0656984
30-Jun-2026,107.227,0.660274,2.04746,2.06847,0.0210101
30-Jun-2026,71.4847,0.750685,22.2678,22.0406,0.227188
30-Jun-2026,75.9525,0.750685,18.7526,18.4745,0.278104
30-Jun-2026,80.4203,0.750685,15.4665,15.1504,0.316132
30-Jun-2026,84.8881,0.750685,12.4477,12.1175,0.330204
30-Jun-2026,89.3559,0.750685,9.73429,9.42331,0.310979
30-Jun-2026,93.8237,0.750685,7.36154,7.10672,0.254822
30-Jun-2026,98.2915,0.750685,5.35798,5.18994,0.168035
30-Jun-2026,102.759,0.750685,3.73875,3.67131,0.0674425
30-Jun-2026,107.227,0.750685,2.49763,2.52183,0.0242022
30-Jun-2026,71.4847,0.832877,22.7519,22.4676,0.284338
30-Jun-2026,75.9525,0.832877,19.2838,18.9518,0.332018
30-Jun-2026,80.4203,0.832877,16.0363,15.6739,0.362388
30-Jun-2026,84.8881,0.832877,13.0437,12.6777,0.36599
30-Jun-2026,89.3559,0.832877,10.3396,10.0043,0.33534
30-Jun-2026,93.8237,0.832877,7.95596,7.68658,0.269384
30-Jun-2026,98.2915,0.832877,5.91887,5.74341,0.175464
30-Jun-2026,102.759,0.832877,4.24371,4.17397,0.0697374
30-Jun-2026,107.227,0.832877,2.92836,2.95528,0.0269167
30-Jun-2026,71.4847,0.917808,23.2585,22.9155,0.342957
30-Jun-2026,75.9525,0.917808,19.8363,19.4499,0.386389
30-Jun-2026,80.4203,0.917808,16.6266,16.2177,0.408861
30-Jun-2026,84.8881,0.917808,13.6598,13.2577,0.402055
30-Jun-2026,89.3559,0.917808,10.9663,10.6054,0.360886
30-Jun-2026,93.8237,0.917808,8.57446,8.28867,0.285789
30-Jun-2026,98.2915,0.917808,6.50817,6.3232,0.184968
30-Jun-2026,102.759,0.917808,4.78244,4.70865,0.0737877
30-Jun-2026,107.227,0.917808,3.39806,3.42652,0.0284615
01-Jul-2026,72.9103,0.00547945,18.2402,18.2402,2.53961e-05
01-Jul-2026,77.4672,0.00547945,13.684,13.6841,6.05177e-05
01-Jul-2026,82.0241,0.00547945,9.12794,9.12795,6.43274e-06
01-Jul-2026,86.581,0.00547945,4.57212,4.57228,0.000164785
01-Jul-2026,91.1379,0.00547945,0.562308,0.561597,0.000711242
01-Jul-2026,95.6948,0.00547945,0.000118112,8.138e-05,3.6732e-05
01-Jul-2026,100.252,0.00547945,1.38247e-13,1.14482e-13,2.37651e-14
01-Jul-2026,72.9103,0.0246575,18.3093,18.3093,1.17909e-05
01-Jul-2026,77.4672,0.0246575,13.7577,13.7581,0.000442754
01-Jul-2026,82.0241,0.0246575,9.21487,9.22086,0.00598824
01-Jul-2026,86.581,0.0246575,4.83227,4.85276,0.0204935
01-Jul-2026,91.1379,0.0246575,1.46579,1.45607,0.00972022
01-Jul-2026,95.6948,0.0246575,0.154037,0.136359,0.0176776
01-Jul-2026,100.252,0.0246575,0.00304307,0.0027313,0.000311769
01-Jul-2026,104.809,0.0246575,7.07877e-06,1.77931e-05,1.07143e-05
01-Jul-2026,109.365,0.0246575,1.92171e-09,6.40342e-08,6.21125e-08
01-Jul-2026,72.9103,0.0438356,18.366,18.3668,0.000760157
01-Jul-2026,77.4672,0.0438356,13.8221,13.8276,0.00548686
01-Jul-2026,82.0241,0.0438356,9.32543,9.34685,0.021419
01-Jul-2026,86.581,0.0438356,5.12671,5.15704,0.0303288
01-Jul-2026,91.1379,0.0438356,1.92801,1.90808,0.0199337
01-Jul-2026,95.6948,0.0438356,0.380774,0.343379,0.0373953
01-Jul-2026,100.252,0.0438356,0.0286668,0.0257474,0.0029194
01-Jul-2026,104.809,0.0438356,0.000637538,0.00105366,0.000416118
01-Jul-2026,109.365,0.0438356,4.17873e-06,3.1633e-05,2.74543e-05
01-Jul-2026,72.9103,0.0630137,18.4378,18.443,0.00523016
01-Jul-2026,77.4672,0.0630137,13.9166,13.935,0.0184096
01-Jul-2026,82.0241,0.0630137,9.50257,9.54216,0.0395916
01-Jul-2026,86.581,0.0630137,5.47901,5.51262,0.0336052
01-Jul-2026,91.1379,0.0630137,2.3869,2.35313,0.033773
01-Jul-2026,95.6948,0.0630137,0.669732,0.609769,0.0599634
01-Jul-2026,100.252,0.0630137,0.0996616,0.0895041,0.0101575
01-Jul-2026,104.809,0.0630137,0.0067333,0.00903434,0.00230104
01-Jul-2026,109.365,0.0630137,0.000207341,0.000759976,0.000552635
01-Jul-2026,72.9103,0.0821918,18.5012,18.5133,0.0121238
01-Jul-2026,77.4672,0.0821918,14.0085,14.0394,0.0309128
01-Jul-2026,82.0241,0.0821918,9.66626,9.71672,0.0504643
01-Jul-2026,86.581,0.0821918,5.7522,5.78395,0.031749
01-Jul-2026,91.1379,0.0821918,2.71317,2.66782,0.0453544
01-Jul-2026,95.6948,0.0821918,0.900829,0.82435,0.0764792
01-Jul-2026,100.252,0.0821918,0.182273,0.16385,0.0184231
01-Jul-2026,104.809,0.0821918,0.0200466,0.0245414,0.0044948
01-Jul-2026,109.365,0.0821918,0.00120647,0.00322289,0.00201642
01-Jul-2026,72.9103,0.167123,18.881,18.9336,0.0525981
01-Jul-2026,77.4672,0.167123,14.5648,14.6339,0.0690844
01-Jul-2026,82.0241,0.167123,10.5049,10.5629,0.0580465
01-Jul-2026,86.581,0.167123,6.8967,6.89447,0.0022287
01-Jul-2026,91.1379,0.167123,3.97001,3.8765,0.0935102
01-Jul-2026,95.6948,0.167123,1.90522,1.77599,0.129228
01-Jul-2026,100.252,0.167123,0.718144,0.656399,0.0617447
01-Jul-2026,104.809,0.167123,0.203383,0.210846,0.0074625
01-Jul-2026,109.365,0.167123,0.0436865,0.06406,0.0203735
01-Jul-2026,72.9103,0.249315,19.3391,19.4068,0.0677234
01-Jul-2026,77.4672,0.249315,15.1806,15.2444,0.0637924
01-Jul-2026,82.0241,0.249315,11.3022,11.3298,0.027591
01-Jul-2026,86.581,0.249315,7.84379,7.79946,0.0443282
01-Jul-2026,91.1379,0.249315,4.95645,4.83297,0.123476
01-Jul-2026,95.6948,0.249315,2.76509,2.61736,0.147731
01-Jul-2026,100.252,0.249315,1.31467,1.22994,0.0847345
01-Jul-2026,104.809,0.249315,0.519487,0.520426,0.000938796
01-Jul-2026,109.365,0.249315,0.171857,0.209941,0.0380836
01-Jul-2026,72.9103,0.331507,19.8352,19.8911,0.0558505
01-Jul-2026,77.4672,0.331507,15.8037,15.8379,0.0341803
01-Jul-2026,82.0241,0.331507,12.0525,12.0386,0.0139267
01-Jul-2026,86.581,0.331507,8.68778,8.60637,0.0814054
01-Jul-2026,91.1379,0.331507,5.82081,5.68082,0.139995
01-Jul-2026,95.6948,0.331507,3.54819,3.4008,0.147388
01-Jul-2026,100.252,0.331507,1.92157,1.83548,0.086091
01-Jul-2026,104.809,0.331507,0.909277,0.909685,0.000407664
01-Jul-2026,109.365,0.331507,0.377766,0.429479,0.0517125
01-Jul-2026,72.9103,0.416438,20.4048,20.4273,0.0224544
01-Jul-2026,77.4672,0.416438,16.4871,16.4758,0.0113354
01-Jul-2026,82.0241,0.416438,12.8412,12.7799,0.0613058
01-Jul-2026,86.581,0.416438,9.54942,9.43429,0.115125
01-Jul-2026,91.1379,0.416438,6.69734,6.54837,0.148969
01-Jul-2026,95.6948,0.416438,4.36236,4.226,0.136363
01-Jul-2026,100.252,0.416438,2.59565,2.52384,0.0718124
01-Jul-2026,104.809,0.416438,1.39448,1.40671,0.0122265
01-Jul-2026,109.365,0.416438,0.678135,0.747632,0.069497
01-Jul-2026,72.9103,0.50137,20.9259,20.9081,0.0178406
01-Jul-2026,77.4672,0.50137,17.0936,17.0371,0.0565243
01-Jul-2026,82.0241,0.50137,13.5229,13.4211,0.101824
01-Jul-2026,86.581,0.50137,10.2819,10.1415,0.140391
01-Jul-2026,91.1379,0.50137,7.44085,7.28796,0.152895
01-Jul-2026,95.6948,0.50137,5.06527,4.94234,0.122928
01-Jul-2026,100.252,0.50137,3.20339,3.15119,0.0521972
01-Jul-2026,104.809,0.50137,1.86539,1.89695,0.031562
01-Jul-2026,109.365,0.50137,1.00123,1.09236,0.09113
01-Jul-2026,72.9103,0.580822,21.4413,21.3788,0.0625296
01-Jul-2026,77.4672,0.580822,17.6814,17.5797,0.101718
01-Jul-2026,82.0241,0.580822,14.173,14.0336,0.139362
01-Jul-2026,86.581,0.580822,10.9736,10.8113,0.162264
01-Jul-2026,91.1379,0.580822,8.14287,7.9873,0.155566
01-Jul-2026,95.6948,0.580822,5.73737,5.62753,0.109837
01-Jul-2026,100.252,0.580822,3.80161,3.77024,0.0313741
01-Jul-2026,104.809,0.580822,2.3522,2.40689,0.0546875
01-Jul-2026,109.365,0.580822,1.35909,1.47602,0.116933
01-Jul-2026,72.9103,0.657534,21.9132,21.8078,0.105426
01-Jul-2026,77.4672,0.657534,18.2122,18.0695,0.142697
01-Jul-2026,82.0241,0.657534,14.7535,14.5817,0.17181
01-Jul-2026,86.581,0.657534,11.5876,11.4067,0.18091
01-Jul-2026,91.1379,0.657534,8.76646,8.60804,0.158419
01-Jul-2026,95.6948,0.657534,6.34014,6.24053,0.0996085
01-Jul-2026,100.252,0.657534,4.34957,4.33611,0.013456
01-Jul-2026,104.809,0.657534,2.81411,2.8907,0.0765949
01-Jul-2026,109.365,0.657534,1.71611,1.85874,0.142631
01-Jul-2026,72.9103,0.747945,22.4344,22.2807,0.153739
01-Jul-2026,77.4672,0.747945,18.7921,18.6051,0.186995
01-Jul-2026,82.0241,0.747945,15.3827,15.1765,0.206204
01-Jul-2026,86.581,0.747945,12.2503,12.0493,0.200992
01-Jul-2026,91.1379,0.747945,9.44032,9.27723,0.163094
01-Jul-2026,95.6948,0.747945,6.9967,6.90533,0.0913692
01-Jul-2026,100.252,0.747945,4.9565,4.9599,0.00340456
01-Jul-2026,104.809,0.747945,3.34018,3.43946,0.0992781
01-Jul-2026,109.365,0.747945,2.13931,2.3104,0.171086
01-Jul-2026,72.9103,0.830137,22.9114,22.7132,0.198203
01-Jul-2026,77.4672,0.830137,19.3183,19.0916,0.226708
01-Jul-2026,82.0241,0.830137,15.9502,15.7133,0.236916
01-Jul-2026,86.581,0.830137,12.8463,12.6265,0.219757
01-Jul-2026,91.1379,0.830137,10.0471,9.87765,0.169447
01-Jul-2026,95.6948,0.830137,7.59184,7.50461,0.0872277
01-Jul-2026,100.252,0.830137,5.51424,5.52945,0.015205
01-Jul-2026,104.809,0.830137,3.83467,3.95184,0.117167
01-Jul-2026,109.365,0.830137,2.55028,2.74573,0.195449
01-Jul-2026,72.9103,0.915068,23.4123,23.1677,0.244609
01-Jul-2026,77.4672,0.915068,19.8673,19.5997,0.267594
01-Jul-2026,82.0241,0.915068,16.5396,16.2709,0.26873
01-Jul-2026,86.581,0.915068,13.4641,13.2238,0.240301
01-Jul-2026,91.1379,0.915068,10.6769,10.4983,0.178607
01-Jul-2026,95.6948,0.915068,8.21301,8.12631,0.0867003
01-Jul-2026,100.252,0.915068,6.10286,6.12616,0.0233035
01-Jul-2026,104.809,0.915068,4.36608,4.49808,0.132
01-Jul-2026,109.365,0.915068,3.00372,3.22159,0.217867
02-Jul-2026,73.2781,0.00273973,18.3258,18.3258,1.07604e-05
02-Jul-2026,77.8579,0.00273973,13.7463,13.7464,8.23101e-05
02-Jul-2026,82.4378,0.00273973,9.16683,9.16688,4.53892e-05
02-Jul-2026,87.0177,0.00273973,4.58735,4.58737,2.15546e-05
02-Jul-2026,91.5976,0.00273973,0.391701,0.411383,0.0196822
02-Jul-2026,96.1775,0.00273973,8.57838e-08,1.97259e-07,1.11475e-07
02-Jul-2026,73.2781,0.0219178,18.395,18.3949,5.45871e-05
02-Jul-2026,77.8579,0.0219178,13.8199,13.8203,0.000448758
02-Jul-2026,82.4378,0.0219178,9.25049,9.25814,0.0076495
02-Jul-2026,87.0177,0.0219178,4.81651,4.86165,0.0451428
02-Jul-2026,91.5976,0.0219178,1.39215,1.45009,0.0579406
02-Jul-2026,96.1775,0.0219178,0.122959,0.135286,0.0123266
02-Jul-2026,100.757,0.0219178,0.00161785,0.00261057,0.000992718
02-Jul-2026,105.337,0.0219178,1.86218e-06,1.48117e-05,1.29495e-05
02-Jul-2026,109.917,0.0219178,1.93719e-10,4.23689e-08,4.21752e-08
02-Jul-2026,73.2781,0.0410959,18.4516,18.4524,0.000763748
02-Jul-2026,77.8579,0.0410959,13.8831,13.8898,0.00667119
02-Jul-2026,82.4378,0.0410959,9.35405,9.38643,0.0323775
02-Jul-2026,87.0177,0.0410959,5.10409,5.18099,0.0768973
02-Jul-2026,91.5976,0.0410959,1.86362,1.93034,0.0667151
02-Jul-2026,96.1775,0.0410959,0.338773,0.357852,0.0190794
02-Jul-2026,100.757,0.0410959,0.0213579,0.0278827,0.00652479
02-Jul-2026,105.337,0.0410959,0.000352968,0.00114571,0.000792738
02-Jul-2026,109.917,0.0410959,1.55944e-06,3.326e-05,3.17006e-05
02-Jul-2026,73.2781,0.060274,18.5228,18.529,0.00615752
02-Jul-2026,77.8579,0.060274,13.9745,13.9991,0.0245626
02-Jul-2026,82.4378,0.060274,9.52413,9.58881,0.064676
02-Jul-2026,87.0177,0.060274,5.45329,5.55262,0.0993256
02-Jul-2026,91.5976,0.060274,2.32713,2.39613,0.0689993
02-Jul-2026,96.1775,0.060274,0.621248,0.641387,0.0201391
02-Jul-2026,100.757,0.060274,0.0836926,0.0985181,0.0148255
02-Jul-2026,105.337,0.060274,0.00481368,0.0102385,0.00542478
02-Jul-2026,109.917,0.060274,0.000120308,0.000868658,0.00074835
02-Jul-2026,73.2781,0.0794521,18.5852,18.6002,0.0149583
02-Jul-2026,77.8579,0.0794521,14.0634,14.1063,0.0429198
02-Jul-2026,82.4378,0.0794521,9.68359,9.76995,0.0863623
02-Jul-2026,87.0177,0.0794521,5.72529,5.83451,0.109216
02-Jul-2026,91.5976,0.0794521,2.65544,2.72261,0.0671698
02-Jul-2026,96.1775,0.0794521,0.849196,0.867228,0.0180315
02-Jul-2026,100.757,0.0794521,0.159895,0.179887,0.0199917
02-Jul-2026,105.337,0.0794521,0.015693,0.0278192,0.0121262
02-Jul-2026,109.917,0.0794521,0.000816702,0.00371598,0.00289928
02-Jul-2026,73.2781,0.164384,18.9577,19.0299,0.0722442
02-Jul-2026,77.8579,0.164384,14.6087,14.718,0.109296
02-Jul-2026,82.4378,0.164384,10.5124,10.642,0.129567
02-Jul-2026,87.0177,0.164384,6.86881,6.97563,0.10682
02-Jul-2026,91.5976,0.164384,3.91734,3.96076,0.0434211
02-Jul-2026,96.1775,0.164384,1.84792,1.85,0.00208189
02-Jul-2026,100.757,0.164384,0.676488,0.70269,0.0262022
02-Jul-2026,105.337,0.164384,0.18352,0.231549,0.0480291
02-Jul-2026,109.917,0.164384,0.037399,0.0716979,0.0342989
02-Jul-2026,73.2781,0.246575,19.4102,19.5133,0.103071
02-Jul-2026,77.8579,0.246575,15.2191,15.3417,0.122643
02-Jul-2026,82.4378,0.246575,11.3072,11.4236,0.116414
02-Jul-2026,87.0177,0.246575,7.81808,7.89423,0.0761493
02-Jul-2026,91.5976,0.246575,4.90838,4.92821,0.0198261
02-Jul-2026,96.1775,0.246575,2.70872,2.70381,0.00491014
02-Jul-2026,100.757,0.246575,1.26594,1.29418,0.028241
02-Jul-2026,105.337,0.246575,0.488246,0.558314,0.0700684
02-Jul-2026,109.917,0.246575,0.15686,0.228902,0.0720418
02-Jul-2026,73.2781,0.328767,19.9029,20.0053,0.102417
02-Jul-2026,77.8579,0.328767,15.8402,15.944,0.103798
02-Jul-2026,82.4378,0.328767,12.0583,12.1408,0.0824873
02-Jul-2026,87.0177,0.328767,8.66601,8.70766,0.0416484
02-Jul-2026,91.5976,0.328767,5.77847,5.78048,0.00200785
02-Jul-2026,96.1775,0.328767,3.49603,3.49251,0.00351864
02-Jul-2026,100.757,0.328767,1.87215,1.90961,0.037464
02-Jul-2026,105.337,0.328767,0.872351,0.960421,0.0880697
02-Jul-2026,109.917,0.328767,0.355747,0.459635,0.103888
02-Jul-2026,73.2781,0.413699,20.471,20.5476,0.0766468
02-Jul-2026,77.8579,0.413699,16.524,16.588,0.0640223
02-Jul-2026,82.4378,0.413699,12.8501,12.8873,0.0371659
02-Jul-2026,87.0177,0.413699,9.53361,9.53889,0.00527959
02-Jul-2026,91.5976,0.413699,6.66275,6.64967,0.0130776
02-Jul-2026,96.1775,0.413699,4.31742,4.31983,0.00240798
02-Jul-2026,100.757,0.413699,2.55011,2.60367,0.0535558
02-Jul-2026,105.337,0.413699,1.35668,1.46701,0.110327
02-Jul-2026,109.917,0.413699,0.651974,0.788225,0.136251
02-Jul-2026,73.2781,0.49863,20.9925,21.0323,0.03978
02-Jul-2026,77.8579,0.49863,17.1326,17.1528,0.0202295
02-Jul-2026,82.4378,0.49863,13.5361,13.531,0.00507768
02-Jul-2026,87.0177,0.49863,10.2727,10.2473,0.0253565
02-Jul-2026,91.5976,0.49863,7.41437,7.3894,0.0249697
02-Jul-2026,96.1775,0.49863,5.02853,5.03653,0.00800183
02-Jul-2026,100.757,0.49863,3.16419,3.23354,0.069355
02-Jul-2026,105.337,0.49863,1.83058,1.96278,0.132203
02-Jul-2026,109.917,0.49863,0.974778,1.14026,0.165478
02-Jul-2026,73.2781,0.578082,21.5094,21.5057,0.00371655
02-Jul-2026,77.8579,0.578082,17.7238,17.6977,0.0260887
02-Jul-2026,82.4378,0.578082,14.1915,14.145,0.0464531
02-Jul-2026,87.0177,0.578082,10.9717,10.9176,0.0541113
02-Jul-2026,91.5976,0.578082,8.12524,8.08835,0.0368914
02-Jul-2026,96.1775,0.578082,5.70987,5.72142,0.0115475
02-Jul-2026,100.757,0.578082,3.77053,3.85375,0.0832221
02-Jul-2026,105.337,0.578082,2.32299,2.47623,0.153238
02-Jul-2026,109.917,0.578082,1.33525,1.52935,0.194098
02-Jul-2026,73.2781,0.654795,21.9837,21.9365,0.047183
02-Jul-2026,77.8579,0.654795,18.2584,18.189,0.0694205
02-Jul-2026,82.4378,0.654795,14.7778,14.6939,0.0838956
02-Jul-2026,87.0177,0.654795,11.5931,11.513,0.0801186
02-Jul-2026,91.5976,0.654795,8.75758,8.70854,0.0490443
02-Jul-2026,96.1775,0.654795,6.32191,6.33389,0.0119793
02-Jul-2026,100.757,0.654795,4.32714,4.42005,0.0929137
02-Jul-2026,105.337,0.654795,2.79184,2.96214,0.170296
02-Jul-2026,109.917,0.654795,1.69686,1.91579,0.218933
02-Jul-2026,73.2781,0.745205,22.5083,22.411,0.0973433
02-Jul-2026,77.8579,0.745205,18.8435,18.7257,0.117756
02-Jul-2026,82.4378,0.745205,15.414,15.2893,0.124726
02-Jul-2026,87.0177,0.745205,12.2647,12.1555,0.109224
02-Jul-2026,91.5976,0.745205,9.4417,9.37708,0.0646239
02-Jul-2026,96.1775,0.745205,6.9894,6.99803,0.00862624
02-Jul-2026,100.757,0.745205,4.94467,5.04393,0.0992592
02-Jul-2026,105.337,0.745205,3.32715,3.51239,0.185238
02-Jul-2026,109.917,0.745205,2.12716,2.37051,0.243351
02-Jul-2026,73.2781,0.827397,22.9891,22.8446,0.144469
02-Jul-2026,77.8579,0.827397,19.3751,19.213,0.16205
02-Jul-2026,82.4378,0.827397,15.9885,15.8264,0.16208
02-Jul-2026,87.0177,0.827397,12.8693,12.7326,0.136743
02-Jul-2026,91.5976,0.827397,10.0583,9.97696,0.0813409
02-Jul-2026,96.1775,0.827397,7.59506,7.59672,0.00166309
02-Jul-2026,100.757,0.827397,5.51286,5.61337,0.100512
02-Jul-2026,105.337,0.827397,3.83121,4.02565,0.194445
02-Jul-2026,109.917,0.827397,2.54619,2.80793,0.261737
02-Jul-2026,73.2781,0.912329,23.4947,23.3001,0.194568
02-Jul-2026,77.8579,0.912329,19.9304,19.7219,0.208