date,strike,maturity,true_price,computed_price,abs_error
09-Mar-2026,80,0.0109589,20.0263,20.0263,2.92365e-06
09-Mar-2026,85,0.0109589,15.0279,15.0279,4.88781e-05
09-Mar-2026,90,0.0109589,10.0296,10.0306,0.00103654
09-Mar-2026,95,0.0109589,5.03874,5.08695,0.0482101
09-Mar-2026,100,0.0109589,0.849889,1.04299,0.193097
09-Mar-2026,105,0.0109589,0.00426881,0.00633539,0.00206658
09-Mar-2026,110,0.0109589,3.63658e-08,5.63361e-08,1.99703e-08
09-Mar-2026,80,0.030137,20.0986,20.1042,0.0056464
09-Mar-2026,85,0.030137,15.1051,15.1363,0.0312081
09-Mar-2026,90,0.030137,10.1247,10.2588,0.134076
09-Mar-2026,95,0.030137,5.33917,5.70017,0.361001
09-Mar-2026,100,0.030137,1.66625,2.03981,0.37356
09-Mar-2026,105,0.030137,0.189481,0.227197,0.0377159
09-Mar-2026,110,0.030137,0.0043272,0.00525539,0.000928186
09-Mar-2026,115,0.030137,1.27306e-05,6.69236e-05,5.4193e-05
09-Mar-2026,120,0.030137,5.09419e-09,7.22585e-07,7.17491e-07
09-Mar-2026,80,0.0493151,20.1579,20.199,0.0410633
09-Mar-2026,85,0.0493151,15.173,15.2991,0.126057
09-Mar-2026,90,0.0493151,10.2411,10.557,0.315877
09-Mar-2026,95,0.0493151,5.6356,6.18474,0.549144
09-Mar-2026,100,0.0493151,2.11903,2.59211,0.47308
09-Mar-2026,105,0.0493151,0.413918,0.489364,0.0754463
09-Mar-2026,110,0.0493151,0.0298812,0.0356335,0.00575227
09-Mar-2026,115,0.0493151,0.000613666,0.00195051,0.00133685
09-Mar-2026,120,0.0493151,3.70813e-06,0.000100968,9.72598e-05
09-Mar-2026,80,0.0657534,20.2398,20.3794,0.139625
09-Mar-2026,85,0.0657534,15.2797,15.5815,0.301796
09-Mar-2026,90,0.0657534,10.4359,10.9836,0.547709
09-Mar-2026,95,0.0657534,6.01433,6.75666,0.742327
09-Mar-2026,100,0.0657534,2.60791,3.19555,0.587637
09-Mar-2026,105,0.0657534,0.718272,0.859151,0.140879
09-Mar-2026,110,0.0657534,0.101768,0.122344,0.0205756
09-Mar-2026,115,0.0657534,0.00629958,0.0151584,0.00885882
09-Mar-2026,120,0.0657534,0.000174519,0.00188386,0.00170934
09-Mar-2026,80,0.0876712,20.3129,20.5626,0.249683
09-Mar-2026,85,0.0876712,15.3833,15.8417,0.458412
09-Mar-2026,90,0.0876712,10.615,11.3342,0.719167
09-Mar-2026,95,0.0876712,6.30845,7.18438,0.875926
09-Mar-2026,100,0.0876712,2.95672,3.63678,0.680065
09-Mar-2026,105,0.0876712,0.96222,1.17207,0.209846
09-Mar-2026,110,0.0876712,0.185649,0.227556,0.0419066
09-Mar-2026,115,0.0876712,0.0187903,0.040193,0.0214027
09-Mar-2026,120,0.0876712,0.00101736,0.00731073,0.00629337
09-Mar-2026,80,0.060274,20.212,20.3135,0.101462
09-Mar-2026,85,0.060274,15.2419,15.4822,0.240252
09-Mar-2026,90,0.060274,10.3676,10.8411,0.473512
09-Mar-2026,95,0.060274,5.89116,6.57421,0.683047
09-Mar-2026,100,0.060274,2.45527,3.00569,0.550421
09-Mar-2026,105,0.060274,0.617846,0.734796,0.11695
09-Mar-2026,110,0.060274,0.0736783,0.0881286,0.0144503
09-Mar-2026,115,0.060274,0.00345165,0.00890055,0.0054489
09-Mar-2026,120,0.060274,6.52288e-05,0.000888335,0.000823106
09-Mar-2026,80,0.142466,20.5733,21.2103,0.636964
09-Mar-2026,85,0.142466,15.7586,16.6707,0.912125
09-Mar-2026,90,0.142466,11.1902,12.3482,1.15796
09-Mar-2026,95,0.142466,7.11426,8.34458,1.23032
09-Mar-2026,100,0.142466,3.84926,4.83325,0.983991
09-Mar-2026,105,0.142466,1.65158,2.1438,0.492223
09-Mar-2026,110,0.142466,0.515635,0.691242,0.175607
09-Mar-2026,115,0.142466,0.1096,0.204149,0.0945491
09-Mar-2026,120,0.142466,0.0160181,0.0636981,0.04768
09-Mar-2026,80,0.221918,20.9523,22.0609,1.10863
09-Mar-2026,85,0.221918,16.2746,17.6771,1.40254
09-Mar-2026,90,0.221918,11.8835,13.5036,1.62013
09-Mar-2026,95,0.221918,7.9684,9.62129,1.65289
09-Mar-2026,100,0.221918,4.74898,6.16147,1.41249
09-Mar-2026,105,0.221918,2.40725,3.34716,0.939908
09-Mar-2026,110,0.221918,0.985133,1.47887,0.493732
09-Mar-2026,115,0.221918,0.31232,0.582641,0.270321
09-Mar-2026,120,0.221918,0.0768307,0.235123,0.158292
09-Mar-2026,80,0.309589,21.4286,23.048,1.61937
09-Mar-2026,85,0.309589,16.8816,18.8044,1.92276
09-Mar-2026,90,0.309589,12.6339,14.7651,2.13125
09-Mar-2026,95,0.309589,8.83279,10.9967,2.16389
09-Mar-2026,100,0.309589,5.64033,7.59874,1.95841
09-Mar-2026,105,0.309589,3.19491,4.72277,1.52786
09-Mar-2026,110,0.309589,1.55218,2.56801,1.01583
09-Mar-2026,115,0.309589,0.629004,1.24969,0.620686
09-Mar-2026,120,0.309589,0.211713,0.592988,0.381275
09-Mar-2026,80,0.394521,21.8776,23.9459,2.06834
09-Mar-2026,85,0.394521,17.4281,19.8125,2.38443
09-Mar-2026,90,0.394521,13.278,15.8789,2.60089
09-Mar-2026,95,0.394521,9.54974,12.2011,2.65136
09-Mar-2026,100,0.394521,6.37414,8.85833,2.48419
09-Mar-2026,105,0.394521,3.86485,5.96162,2.09677
09-Mar-2026,110,0.394521,2.07804,3.65125,1.57321
09-Mar-2026,115,0.394521,0.970426,2.03969,1.06926
09-Mar-2026,120,0.394521,0.390941,1.08477,0.693825
09-Mar-2026,80,0.479452,22.3202,24.82,2.49985
09-Mar-2026,85,0.479452,17.9513,20.7842,2.83289
09-Mar-2026,90,0.479452,13.8783,16.9435,3.06523
09-Mar-2026,95,0.479452,10.206,13.3458,3.13982
09-Mar-2026,100,0.479452,7.04472,10.055,3.0103
09-Mar-2026,105,0.479452,4.49038,7.15557,2.66519
09-Mar-2026,110,0.479452,2.59589,4.75003,2.15414
09-Mar-2026,115,0.479452,1.33935,2.9313,1.59195
09-Mar-2026,120,0.479452,0.612106,1.71353,1.10143
09-Mar-2026,80,0.561644,22.7432,25.6514,2.90824
09-Mar-2026,85,0.561644,18.4415,21.7018,3.26034
09-Mar-2026,90,0.561644,14.431,17.9429,3.51186
09-Mar-2026,95,0.561644,10.804,14.4156,3.61157
09-Mar-2026,100,0.561644,7.65588,11.1726,3.51677
09-Mar-2026,105,0.561644,5.0695,8.28046,3.21096
09-Mar-2026,110,0.561644,3.09333,5.81695,2.72362
09-Mar-2026,115,0.561644,1.71725,3.8563,2.13905
09-Mar-2026,120,0.561644,0.860964,2.43079,1.56983
09-Mar-2026,80,0.643836,23.1952,26.5374,3.3422
09-Mar-2026,85,0.643836,18.9577,22.6741,3.71645
09-Mar-2026,90,0.643836,15.006,18.9965,3.99047
09-Mar-2026,95,0.643836,11.4219,15.5394,4.11747
09-Mar-2026,100,0.643836,8.2879,12.346,4.05811
09-Mar-2026,105,0.643836,5.67575,9.4686,3.79285
09-Mar-2026,110,0.643836,3.62885,6.96652,3.33767
09-Mar-2026,115,0.643836,2.14437,4.89748,2.75311
09-Mar-2026,120,0.643836,1.16331,3.2968,2.13349
09-Mar-2026,80,0.728767,23.6073,27.3431,3.73577
09-Mar-2026,85,0.728767,19.4233,23.5543,4.13095
09-Mar-2026,90,0.728767,15.5203,19.9463,4.426
09-Mar-2026,95,0.728767,11.9718,16.5495,4.57771
09-Mar-2026,100,0.728767,8.85102,13.4001,4.5491
09-Mar-2026,105,0.728767,6.22111,10.5406,4.31947
09-Mar-2026,110,0.728767,4.12104,8.01794,3.8969
09-Mar-2026,115,0.728767,2.55183,5.8782,3.32637
09-Mar-2026,120,0.728767,1.46828,4.1539,2.68562
09-Mar-2026,80,0.813699,24.0287,28.1638,4.13515
09-Mar-2026,85,0.813699,19.8958,24.4475,4.55166
09-Mar-2026,90,0.813699,16.0387,20.9071,4.8684
09-Mar-2026,95,0.813699,12.5241,17.5689,5.04484
09-Mar-2026,100,0.813699,9.41721,14.4634,5.04622
09-Mar-2026,105,0.813699,6.77352,11.6253,4.85173
09-Mar-2026,110,0.813699,4.62786,9.09196,4.4641
09-Mar-2026,115,0.813699,2.98351,6.90024,3.91673
09-Mar-2026,120,0.813699,1.80555,5.07822,3.27267
09-Mar-2026,80,0.893151,24.4048,28.8926,4.48777
09-Mar-2026,85,0.893151,20.3147,25.238,4.9233
09-Mar-2026,90,0.893151,16.4962,21.7552,5.25898
09-Mar-2026,95,0.893151,13.0102,18.4671,5.45687
09-Mar-2026,100,0.893151,9.91584,15.3999,5.48402
09-Mar-2026,105,0.893151,7.26284,12.5827,5.31985
09-Mar-2026,110,0.893151,5.08262,10.0465,4.96393
09-Mar-2026,115,0.893151,3.37953,7.82157,4.44204
09-Mar-2026,120,0.893151,2.12549,5.93188,3.80639
09-Mar-2026,80,0.969863,24.765,29.5867,4.82175
09-Mar-2026,85,0.969863,20.7141,25.9891,5.27504
09-Mar-2026,90,0.969863,16.9307,22.5592,5.62853
09-Mar-2026,95,0.969863,13.4709,19.3173,5.84641
09-Mar-2026,100,0.969863,10.3887,16.2861,5.89738
09-Mar-2026,105,0.969863,7.72897,13.4903,5.76136
09-Mar-2026,110,0.969863,5.52012,10.956,5.43588
09-Mar-2026,115,0.969863,3.76706,8.70817,4.94111
09-Mar-2026,120,0.969863,2.44673,6.76746,4.32073
10-Mar-2026,80.7281,0.00821918,20.2018,20.2017,0.000108471
10-Mar-2026,85.7737,0.00821918,15.1576,15.1573,0.000271193
10-Mar-2026,90.8192,0.00821918,10.1133,10.1132,7.74372e-05
10-Mar-2026,95.8647,0.00821918,5.06981,5.09419,0.0243799
10-Mar-2026,100.91,0.00821918,0.663942,0.909863,0.245921
10-Mar-2026,105.956,0.00821918,0.000225143,0.00173621,0.00151107
10-Mar-2026,111.001,0.00821918,4.64692e-13,4.70836e-10,4.70372e-10
10-Mar-2026,116.047,0.00821918,1.38576e-15,1.40722e-15,2.14572e-17
10-Mar-2026,121.092,0.00821918,1.44525e-15,1.37754e-15,6.77055e-17
10-Mar-2026,80.7281,0.0273973,20.2744,20.2782,0.00383063
10-Mar-2026,85.7737,0.0273973,15.2347,15.2592,0.0244633
10-Mar-2026,90.8192,0.0273973,10.1999,10.3216,0.121693
10-Mar-2026,95.8647,0.0273973,5.29326,5.69387,0.400614
10-Mar-2026,100.91,0.0273973,1.46094,1.98702,0.526083
10-Mar-2026,105.956,0.0273973,0.100293,0.201806,0.101513
10-Mar-2026,111.001,0.0273973,0.000627359,0.00377116,0.0031438
10-Mar-2026,116.047,0.0273973,2.12531e-07,3.64158e-05,3.62033e-05
10-Mar-2026,121.092,0.0273973,6.67097e-12,2.9208e-07,2.92074e-07
10-Mar-2026,80.7281,0.0465753,20.3337,20.3693,0.035614
10-Mar-2026,85.7737,0.0465753,15.2996,15.4162,0.116586
10-Mar-2026,90.8192,0.0465753,10.2955,10.6167,0.321249
10-Mar-2026,95.8647,0.0465753,5.54708,6.18828,0.641198
10-Mar-2026,100.91,0.0465753,1.88909,2.55872,0.669635
10-Mar-2026,105.956,0.0465753,0.26688,0.463037,0.196157
10-Mar-2026,111.001,0.0465753,0.00897041,0.030969,0.0219986
10-Mar-2026,116.047,0.0465753,5.34735e-05,0.00152375,0.00147028
10-Mar-2026,121.092,0.0465753,7.73897e-08,7.04021e-05,7.03247e-05
10-Mar-2026,80.7281,0.0630137,20.414,20.5464,0.132404
10-Mar-2026,85.7737,0.0630137,15.3961,15.6964,0.300276
10-Mar-2026,90.8192,0.0630137,10.459,11.0462,0.587201
10-Mar-2026,95.8647,0.0630137,5.88625,6.77142,0.88517
10-Mar-2026,100.91,0.0630137,2.35103,3.17659,0.82556
10-Mar-2026,105.956,0.0630137,0.515281,0.834896,0.319615
10-Mar-2026,111.001,0.0630137,0.0442789,0.114279,0.0699998
10-Mar-2026,116.047,0.0630137,0.00124936,0.0135096,0.0122602
10-Mar-2026,121.092,0.0630137,1.413e-05,0.00159715,0.00158302
10-Mar-2026,80.7281,0.0849315,20.4837,20.7286,0.244872
10-Mar-2026,85.7737,0.0849315,15.4878,15.9573,0.46949
10-Mar-2026,90.8192,0.0849315,10.6144,11.4006,0.786202
10-Mar-2026,95.8647,0.0849315,6.15597,7.20648,1.05051
10-Mar-2026,100.91,0.0849315,2.68182,3.62581,0.943989
10-Mar-2026,105.956,0.0849315,0.724303,1.15018,0.425877
10-Mar-2026,111.001,0.0849315,0.0946148,0.217671,0.123057
10-Mar-2026,116.047,0.0849315,0.00524459,0.037367,0.0321224
10-Mar-2026,121.092,0.0849315,0.00014344,0.00659433,0.00645089
10-Mar-2026,80.7281,0.0575342,20.387,20.4813,0.0942755
10-Mar-2026,85.7737,0.0575342,15.3623,15.5973,0.234979
10-Mar-2026,90.8192,0.0575342,10.401,10.9024,0.501391
10-Mar-2026,95.8647,0.0575342,5.77474,6.58555,0.810811
10-Mar-2026,100.91,0.0575342,2.20665,2.98273,0.776079
10-Mar-2026,105.956,0.0575342,0.431466,0.709699,0.278233
10-Mar-2026,111.001,0.0575342,0.0292591,0.0810327,0.0517736
10-Mar-2026,116.047,0.0575342,0.000560335,0.00771009,0.00714976
10-Mar-2026,121.092,0.0575342,3.80497e-06,0.000722222,0.000718417
10-Mar-2026,80.7281,0.139726,20.7253,21.3787,0.653373
10-Mar-2026,85.7737,0.139726,15.8234,16.7928,0.969446
10-Mar-2026,90.8192,0.139726,11.1333,12.4263,1.29298
10-Mar-2026,95.8647,0.139726,6.91246,8.3827,1.47024
10-Mar-2026,100.91,0.139726,3.53634,4.83863,1.30229
10-Mar-2026,105.956,0.139726,1.34332,2.13004,0.78672
10-Mar-2026,111.001,0.139726,0.33264,0.679107,0.346467
10-Mar-2026,116.047,0.139726,0.0499815,0.198478,0.148497
10-Mar-2026,121.092,0.139726,0.00492491,0.0613082,0.0563833
10-Mar-2026,80.7281,0.219178,21.0764,22.2358,1.15943
10-Mar-2026,85.7737,0.219178,16.2991,17.8085,1.50943
10-Mar-2026,90.8192,0.219178,11.7835,13.5937,1.81024
10-Mar-2026,95.8647,0.219178,7.73444,9.67346,1.93902
10-Mar-2026,100.91,0.219178,4.41233,6.18128,1.76895
10-Mar-2026,105.956,0.219178,2.05444,3.34396,1.28952
10-Mar-2026,111.001,0.219178,0.723693,1.46837,0.744677
10-Mar-2026,116.047,0.219178,0.183982,0.575146,0.391164
10-Mar-2026,121.092,0.219178,0.0349895,0.231084,0.196094
10-Mar-2026,80.7281,0.306849,21.5255,23.2311,1.70556
10-Mar-2026,85.7737,0.306849,16.8746,18.9459,2.07128
10-Mar-2026,90.8192,0.306849,12.5065,14.8673,2.36076
10-Mar-2026,95.8647,0.306849,8.58283,11.0624,2.47954
10-Mar-2026,100.91,0.306849,5.29543,7.63271,2.33728
10-Mar-2026,105.956,0.306849,2.82129,4.73187,1.91058
10-Mar-2026,111.001,0.306849,1.2382,2.5636,1.3254
10-Mar-2026,116.047,0.306849,0.432774,1.24252,0.809746
10-Mar-2026,121.092,0.306849,0.121771,0.587883,0.466112
10-Mar-2026,80.7281,0.391781,21.9565,24.1366,2.18006
10-Mar-2026,85.7737,0.391781,17.4035,19.9629,2.55942
10-Mar-2026,90.8192,0.391781,13.1386,15.9912,2.85257
10-Mar-2026,95.8647,0.391781,9.29706,12.2781,2.98104
10-Mar-2026,100.91,0.391781,6.0328,8.90419,2.87139
10-Mar-2026,105.956,0.391781,3.48853,5.98183,2.4933
10-Mar-2026,111.001,0.391781,1.73974,3.65466,1.91492
10-Mar-2026,116.047,0.391781,0.729083,2.03548,1.30639
10-Mar-2026,121.092,0.391781,0.256617,1.07987,0.823255
10-Mar-2026,80.7281,0.476712,22.387,25.018,2.63101
10-Mar-2026,85.7737,0.476712,17.917,20.943,3.02604
10-Mar-2026,90.8192,0.476712,13.7352,17.0654,3.33017
10-Mar-2026,95.8647,0.476712,9.95775,13.4333,3.47558
10-Mar-2026,100.91,0.476712,6.7133,10.1119,3.39863
10-Mar-2026,105.956,0.476712,4.12041,7.18646,3.06605
10-Mar-2026,111.001,0.476712,2.24801,4.76213,2.51412
10-Mar-2026,116.047,0.476712,1.06834,2.93214,1.8638
10-Mar-2026,121.092,0.476712,0.439815,1.71043,1.27061
10-Mar-2026,80.7281,0.558904,22.8028,25.8564,3.05359
10-Mar-2026,85.7737,0.558904,18.4031,21.8686,3.46554
10-Mar-2026,90.8192,0.558904,14.2896,18.0736,3.78398
10-Mar-2026,95.8647,0.558904,10.5643,14.5128,3.94845
10-Mar-2026,100.91,0.558904,7.33774,11.2397,3.90199
10-Mar-2026,105.956,0.558904,4.71076,8.32138,3.61062
10-Mar-2026,111.001,0.558904,2.74506,5.83786,3.0928
10-Mar-2026,116.047,0.558904,1.42876,3.8634,2.43464
10-Mar-2026,121.092,0.558904,0.659437,2.43098,1.77155
10-Mar-2026,80.7281,0.641096,23.2507,26.7498,3.4991
10-Mar-2026,85.7737,0.641096,18.9191,22.8493,3.93025
10-Mar-2026,90.8192,0.641096,14.8703,19.1365,4.26619
10-Mar-2026,95.8647,0.641096,11.1944,15.6466,4.45222
10-Mar-2026,100.91,0.641096,7.98651,12.4237,4.43714
10-Mar-2026,105.956,0.641096,5.33247,9.52007,4.1876
10-Mar-2026,111.001,0.641096,3.2865,6.9971,3.7106
10-Mar-2026,116.047,0.641096,1.84623,4.91231,3.06608
10-Mar-2026,121.092,0.641096,0.938374,3.30205,2.36368
10-Mar-2026,80.7281,0.726027,23.6618,27.5623,3.90046
10-Mar-2026,85.7737,0.726027,19.3874,23.737,4.34963
10-Mar-2026,90.8192,0.726027,15.3922,20.0946,4.70245
10-Mar-2026,95.8647,0.726027,11.7572,16.6657,4.90853
10-Mar-2026,100.91,0.726027,8.56625,13.4872,4.92093
10-Mar-2026,105.956,0.726027,5.89382,10.6015,4.7077
10-Mar-2026,111.001,0.726027,3.78793,8.05747,4.26954
10-Mar-2026,116.047,0.726027,2.25105,5.90068,3.64963
10-Mar-2026,121.092,0.726027,1.22849,4.16487,2.93638
10-Mar-2026,80.7281,0.810959,24.0844,28.3899,4.30555
10-Mar-2026,85.7737,0.810959,19.8646,24.6379,4.7733
10-Mar-2026,90.8192,0.810959,15.9201,21.0638,5.14373
10-Mar-2026,95.8647,0.810959,12.3239,17.6942,5.37026
10-Mar-2026,100.91,0.810959,9.1501,14.5599,5.40981
10-Mar-2026,105.956,0.810959,6.4636,11.6957,5.23213
10-Mar-2026,111.001,0.810959,4.3067,9.14067,4.83397
10-Mar-2026,116.047,0.810959,2.68458,6.93093,4.24635
10-Mar-2026,121.092,0.810959,1.5561,5.09583,3.53973
10-Mar-2026,80.7281,0.890411,24.4628,29.1248,4.662
10-Mar-2026,85.7737,0.890411,20.2891,25.4352,5.14612
10-Mar-2026,90.8192,0.890411,16.3869,21.9193,5.53237
10-Mar-2026,95.8647,0.890411,12.8233,18.6002,5.77687
10-Mar-2026,100.91,0.890411,9.66469,15.5046,5.83989
10-Mar-2026,105.956,0.890411,6.96884,12.6615,5.6927
10-Mar-2026,111.001,0.890411,4.77351,10.1034,5.32992
10-Mar-2026,116.047,0.890411,3.08513,7.85979,4.77466
10-Mar-2026,121.092,0.890411,1.87137,5.95591,4.08454
10-Mar-2026,80.7281,0.967123,24.8263,29.8248,4.99851
10-Mar-2026,85.7737,0.967123,20.6946,26.1928,5.49817
10-Mar-2026,90.8192,0.967123,16.831,22.7303,5.89928
10-Mar-2026,95.8647,0.967123,13.2969,19.4578,6.16094
10-Mar-2026,100.91,0.967123,10.1528,16.3986,6.24577
10-Mar-2026,105.956,0.967123,7.45029,13.5771,6.12681
10-Mar-2026,111.001,0.967123,5.22334,11.0207,5.79734
10-Mar-2026,116.047,0.967123,3.47891,8.75371,5.2748
10-Mar-2026,121.092,0.967123,2.19103,6.79796,4.60693
11-Mar-2026,90.184,0.00547945,10.0349,10.0344,0.000460208
11-Mar-2026,95.1942,0.00547945,5.02558,5.03113,0.00554841
11-Mar-2026,100.204,0.00547945,0.570789,0.736001,0.165212
11-Mar-2026,105.215,0.00547945,3.20262e-05,0.000154644,0.000122618
11-Mar-2026,80.1635,0.0246575,20.1243,20.1265,0.00222713
11-Mar-2026,85.1738,0.0246575,15.1193,15.1373,0.017991
11-Mar-2026,90.184,0.0246575,10.1198,10.2189,0.0991305
11-Mar-2026,95.1942,0.0246575,5.25666,5.59452,0.337857
11-Mar-2026,100.204,0.0246575,1.48036,1.89891,0.418546
11-Mar-2026,105.215,0.0246575,0.114716,0.173707,0.0589914
11-Mar-2026,110.225,0.0246575,0.00103576,0.00253822,0.00150246
11-Mar-2026,115.235,0.0246575,6.2031e-07,1.78374e-05,1.72171e-05
11-Mar-2026,120.245,0.0246575,3.16207e-11,1.01457e-07,1.01425e-07
11-Mar-2026,80.1635,0.0438356,20.182,20.2117,0.0297255
11-Mar-2026,85.1738,0.0438356,15.183,15.2848,0.101801
11-Mar-2026,90.184,0.0438356,10.2188,10.5045,0.285707
11-Mar-2026,95.1942,0.0438356,5.53068,6.08993,0.559248
11-Mar-2026,100.204,0.0438356,1.93953,2.48155,0.542021
11-Mar-2026,105.215,0.0438356,0.307639,0.428907,0.121268
11-Mar-2026,110.225,0.0438356,0.0139417,0.0261342,0.0121925
11-Mar-2026,115.235,0.0438356,0.000132185,0.00114547,0.00101328
11-Mar-2026,120.245,0.0438356,3.02111e-07,4.67275e-05,4.64254e-05
11-Mar-2026,80.1635,0.060274,20.2606,20.3813,0.120712
11-Mar-2026,85.1738,0.060274,15.2803,15.5567,0.276446
11-Mar-2026,90.184,0.060274,10.3924,10.9285,0.536057
11-Mar-2026,95.1942,0.060274,5.89237,6.6741,0.781733
11-Mar-2026,100.204,0.060274,2.42732,3.10361,0.676291
11-Mar-2026,105.215,0.060274,0.586162,0.796107,0.209945
11-Mar-2026,110.225,0.060274,0.0631117,0.104445,0.0413333
11-Mar-2026,115.235,0.060274,0.0025137,0.0117526,0.00923891
11-Mar-2026,120.245,0.060274,4.05422e-05,0.00131731,0.00127677
11-Mar-2026,80.1635,0.0821918,20.3296,20.5585,0.228944
11-Mar-2026,85.1738,0.0821918,15.3747,15.8131,0.438422
11-Mar-2026,90.184,0.0821918,10.5573,11.2801,0.722768
11-Mar-2026,95.1942,0.0821918,6.17674,7.1088,0.93206
11-Mar-2026,100.204,0.0821918,2.77318,3.55303,0.779847
11-Mar-2026,105.215,0.0821918,0.815082,1.10806,0.292981
11-Mar-2026,110.225,0.0821918,0.128229,0.204062,0.0758328
11-Mar-2026,115.235,0.0821918,0.00941465,0.0340135,0.0245989
11-Mar-2026,120.245,0.0821918,0.000345627,0.00581366,0.00546804
11-Mar-2026,80.1635,0.0547945,20.234,20.3185,0.0844919
11-Mar-2026,85.1738,0.0547945,15.2459,15.4599,0.21405
11-Mar-2026,90.184,0.0547945,10.3307,10.7861,0.455362
11-Mar-2026,95.1942,0.0547945,5.77402,6.48808,0.714056
11-Mar-2026,100.204,0.0547945,2.27553,2.90903,0.633498
11-Mar-2026,105.215,0.0547945,0.493116,0.672325,0.179209
11-Mar-2026,110.225,0.0547945,0.042771,0.0728035,0.0300325
11-Mar-2026,115.235,0.0547945,0.00119557,0.00650305,0.00530748
11-Mar-2026,120.245,0.0547945,1.19369e-05,0.000569047,0.00055711
11-Mar-2026,80.1635,0.136986,20.5737,21.1978,0.62411
11-Mar-2026,85.1738,0.136986,15.7234,16.639,0.915614
11-Mar-2026,90.184,0.136986,11.1017,12.2983,1.19664
11-Mar-2026,95.1942,0.136986,6.96304,8.27976,1.31672
11-Mar-2026,100.204,0.136986,3.65619,4.76051,1.10432
11-Mar-2026,105.215,0.136986,1.47506,2.07816,0.603102
11-Mar-2026,110.225,0.136986,0.41127,0.654499,0.243229
11-Mar-2026,115.235,0.136986,0.0736921,0.189295,0.115603
11-Mar-2026,120.245,0.136986,0.00879071,0.0578595,0.0490688
11-Mar-2026,80.1635,0.216438,20.9324,22.0445,1.1121
11-Mar-2026,85.1738,0.216438,16.2147,17.6444,1.42974
11-Mar-2026,90.184,0.216438,11.7724,13.4559,1.68346
11-Mar-2026,95.1942,0.216438,7.80375,9.56075,1.757
11-Mar-2026,100.204,0.216438,4.54823,6.09309,1.54486
11-Mar-2026,105.215,0.216438,2.21187,3.28027,1.0684
11-Mar-2026,110.225,0.216438,0.843126,1.43024,0.587118
11-Mar-2026,115.235,0.216438,0.2408,0.556932,0.316132
11-Mar-2026,120.245,0.216438,0.0522779,0.222753,0.170475
11-Mar-2026,80.1635,0.30411,21.3897,23.0284,1.63866
11-Mar-2026,85.1738,0.30411,16.8023,18.77,1.96775
11-Mar-2026,90.184,0.30411,12.5076,14.7173,2.20972
11-Mar-2026,95.1942,0.30411,8.66036,10.9374,2.27699
11-Mar-2026,100.204,0.30411,5.43622,7.53191,2.09569
11-Mar-2026,105.215,0.30411,2.98993,4.65473,1.6648
11-Mar-2026,110.225,0.30411,1.38509,2.51051,1.12542
11-Mar-2026,115.235,0.30411,0.524086,1.21152,0.687429
11-Mar-2026,120.245,0.30411,0.162202,0.571445,0.409243
11-Mar-2026,80.1635,0.389041,21.8254,23.9236,2.09824
11-Mar-2026,85.1738,0.389041,17.3368,19.7764,2.43958
11-Mar-2026,90.184,0.389041,13.1437,15.8301,2.68643
11-Mar-2026,95.1942,0.389041,9.37458,12.1417,2.76708
11-Mar-2026,100.204,0.389041,6.17062,8.7917,2.62108
11-Mar-2026,105.215,0.389041,3.65755,5.89253,2.23498
11-Mar-2026,110.225,0.389041,1.8987,3.58853,1.68983
11-Mar-2026,115.235,0.389041,0.843564,1.99175,1.14819
11-Mar-2026,120.245,0.389041,0.319362,1.0537,0.734336
11-Mar-2026,80.1635,0.473973,22.2581,24.7952,2.53711
11-Mar-2026,85.1738,0.473973,17.852,20.7461,2.89413
11-Mar-2026,90.184,0.473973,13.7396,16.8935,3.15393
11-Mar-2026,95.1942,0.473973,10.0308,13.2857,3.25494
11-Mar-2026,100.204,0.473973,6.84396,9.988,3.14404
11-Mar-2026,105.215,0.473973,4.28432,7.08536,2.80104
11-Mar-2026,110.225,0.473973,2.41071,4.68361,2.2729
11-Mar-2026,115.235,0.473973,1.19772,2.87582,1.6781
11-Mar-2026,120.245,0.473973,0.52191,1.6732,1.15129
11-Mar-2026,80.1635,0.556164,22.6737,25.6242,2.95054
11-Mar-2026,85.1738,0.556164,18.3369,21.6619,3.32499
11-Mar-2026,90.184,0.556164,14.2902,17.8915,3.60129
11-Mar-2026,95.1942,0.556164,10.6303,14.3546,3.72428
11-Mar-2026,100.204,0.556164,7.45905,11.1049,3.64586
11-Mar-2026,105.215,0.556164,4.86658,8.20909,3.34251
11-Mar-2026,110.225,0.556164,2.90626,5.7477,2.84144
11-Mar-2026,115.235,0.556164,1.56632,3.79513,2.22881
11-Mar-2026,120.245,0.556164,0.756321,2.38244,1.62612
11-Mar-2026,80.1635,0.638356,23.1196,26.5077,3.38812
11-Mar-2026,85.1738,0.638356,18.8492,22.6322,3.78296
11-Mar-2026,90.184,0.638356,14.8645,18.9435,4.07902
11-Mar-2026,95.1942,0.638356,11.2508,15.4772,4.22638
11-Mar-2026,100.204,0.638356,8.09604,12.2772,4.18121
11-Mar-2026,105.215,0.638356,5.47741,9.39584,3.91843
11-Mar-2026,110.225,0.638356,3.44232,6.89462,3.4523
11-Mar-2026,115.235,0.638356,1.98734,4.8314,2.84406
11-Mar-2026,120.245,0.638356,1.04671,3.24104,2.19433
11-Mar-2026,80.1635,0.723288,23.5273,27.3112,3.78386
11-Mar-2026,85.1738,0.723288,19.3126,23.5104,4.19777
11-Mar-2026,90.184,0.723288,15.3791,19.8918,4.5127
11-Mar-2026,95.1942,0.723288,11.8037,16.4861,4.68237
11-Mar-2026,100.204,0.723288,8.66402,13.3302,4.6662
11-Mar-2026,105.215,0.723288,6.02754,10.4664,4.43891
11-Mar-2026,110.225,0.723288,3.93649,7.94382,4.00733
11-Mar-2026,115.235,0.723288,2.39179,5.80831,3.41652
11-Mar-2026,120.245,0.723288,1.34356,4.09236,2.7488
11-Mar-2026,80.1635,0.808219,23.9452,28.1297,4.18448
11-Mar-2026,85.1738,0.808219,19.7834,24.4016,4.61822
11-Mar-2026,90.184,0.808219,15.8984,20.8509,4.95254
11-Mar-2026,95.1942,0.808219,12.3594,17.5041,5.14468
11-Mar-2026,100.204,0.808219,9.23525,14.3922,5.15696
11-Mar-2026,105.215,0.808219,6.58505,11.5496,4.96455
11-Mar-2026,110.225,0.808219,4.44622,9.01565,4.56943
11-Mar-2026,115.235,0.808219,2.82219,6.8269,4.00471
11-Mar-2026,120.245,0.808219,1.67481,5.01153,3.33672
11-Mar-2026,80.1635,0.887671,24.3186,28.8564,4.5378
11-Mar-2026,85.1738,0.887671,20.2014,25.1904,4.98899
11-Mar-2026,90.184,0.887671,16.3569,21.6975,5.34057
11-Mar-2026,95.1942,0.887671,12.8485,18.4009,5.55235
11-Mar-2026,100.204,0.887671,9.73828,15.3273,5.58906
11-Mar-2026,105.215,0.887671,7.07892,12.5056,5.42667
11-Mar-2026,110.225,0.887671,4.90402,9.96832,5.0643
11-Mar-2026,115.235,0.887671,3.21818,7.74541,4.52723
11-Mar-2026,120.245,0.887671,1.99097,5.86111,3.87014
11-Mar-2026,80.1635,0.964384,24.6768,29.5487,4.87186
11-Mar-2026,85.1738,0.964384,20.6003,25.9398,5.33952
11-Mar-2026,90.184,0.964384,16.7926,22.5,5.7074
11-Mar-2026,95.1942,0.964384,13.3121,19.2497,5.93762
11-Mar-2026,100.204,0.964384,10.2152,16.2122,5.99703
11-Mar-2026,105.215,0.964384,7.54929,13.4118,5.86249
11-Mar-2026,110.225,0.964384,5.34462,10.8759,5.53132
11-Mar-2026,115.235,0.964384,3.60637,8.62948,5.02311
11-Mar-2026,120.245,0.964384,2.30971,6.69312,4.38341
12-Mar-2026,80.313,0.00273973,20.0847,20.0845,0.000244612
12-Mar-2026,85.3325,0.00273973,15.0655,15.0654,0.000141156
12-Mar-2026,90.3521,0.00273973,10.0464,10.0462,0.000237691
12-Mar-2026,95.3717,0.00273973,5.02723,5.02712,0.000112713
12-Mar-2026,100.391,0.00273973,0.392104,0.519985,0.127881
12-Mar-2026,105.411,0.00273973,5.53838e-09,2.13742e-07,2.08204e-07
12-Mar-2026,110.43,0.00273973,3.73591e-15,3.12827e-14,2.75468e-14
12-Mar-2026,115.45,0.00273973,4.88898e-16,5.53128e-16,6.42299e-17
12-Mar-2026,120.469,0.00273973,4.85128e-16,5.07358e-16,2.22304e-17
12-Mar-2026,80.313,0.0219178,20.1557,20.1571,0.0014017
12-Mar-2026,85.3325,0.0219178,15.141,15.1542,0.0131522
12-Mar-2026,90.3521,0.0219178,10.1294,10.2117,0.082271
12-Mar-2026,95.3717,0.0219178,5.22631,5.54747,0.321163
12-Mar-2026,100.391,0.0219178,1.3882,1.8269,0.4387
12-Mar-2026,105.411,0.0219178,0.0841161,0.148607,0.064491
12-Mar-2026,110.43,0.0219178,0.000407467,0.00163533,0.00122787
12-Mar-2026,115.45,0.0219178,8.43367e-08,7.929e-06,7.84466e-06
12-Mar-2026,120.469,0.0219178,1.12334e-12,3.02381e-08,3.0237e-08
12-Mar-2026,80.313,0.0410959,20.2137,20.2388,0.025069
12-Mar-2026,85.3325,0.0410959,15.2042,15.2946,0.0904417
12-Mar-2026,90.3521,0.0410959,10.2216,10.4906,0.269035
12-Mar-2026,95.3717,0.0410959,5.48831,6.04938,0.561068
12-Mar-2026,100.391,0.0410959,1.85246,2.42832,0.575863
12-Mar-2026,105.411,0.0410959,0.259622,0.400116,0.140494
12-Mar-2026,110.43,0.0410959,0.00882683,0.022054,0.0132271
12-Mar-2026,115.45,0.0410959,5.21242e-05,0.000851295,0.000799171
12-Mar-2026,120.469,0.0410959,6.67466e-08,3.03208e-05,3.0254e-05
12-Mar-2026,80.313,0.0575342,20.2923,20.4041,0.111782
12-Mar-2026,85.3325,0.0575342,15.2988,15.5623,0.263464
12-Mar-2026,90.3521,0.0575342,10.3862,10.9143,0.528106
12-Mar-2026,95.3717,0.0575342,5.84215,6.64167,0.799519
12-Mar-2026,100.391,0.0575342,2.34179,3.06231,0.72052
12-Mar-2026,105.411,0.0575342,0.525011,0.766936,0.241925
12-Mar-2026,110.43,0.0575342,0.0481693,0.0963188,0.0481495
12-Mar-2026,115.45,0.0575342,0.00148684,0.0102815,0.00879468
12-Mar-2026,120.469,0.0575342,1.76803e-05,0.00108954,0.00107186
12-Mar-2026,80.313,0.0794521,20.3607,20.5793,0.218638
12-Mar-2026,85.3325,0.0794521,15.3901,15.8177,0.427644
12-Mar-2026,90.3521,0.0794521,10.5451,11.2677,0.72257
12-Mar-2026,95.3717,0.0794521,6.12283,7.08142,0.958592
12-Mar-2026,100.391,0.0794521,2.68811,3.51746,0.829352
12-Mar-2026,105.411,0.0794521,0.747259,1.0794,0.332142
12-Mar-2026,110.43,0.0794521,0.104829,0.193426,0.0885971
12-Mar-2026,115.45,0.0794521,0.00643545,0.0312503,0.0248148
12-Mar-2026,120.469,0.0794521,0.000191167,0.00516715,0.00497599
12-Mar-2026,80.313,0.0520548,20.2658,20.3425,0.0766537
12-Mar-2026,85.3325,0.0520548,15.2655,15.4664,0.200887
12-Mar-2026,90.3521,0.0520548,10.3273,10.7715,0.444227
12-Mar-2026,95.3717,0.0520548,5.72585,6.4532,0.727348
12-Mar-2026,100.391,0.0520548,2.18971,2.86461,0.674896
12-Mar-2026,105.411,0.0520548,0.435545,0.643084,0.207539
12-Mar-2026,110.43,0.0520548,0.0312826,0.0658943,0.0346117
12-Mar-2026,115.45,0.0520548,0.000645515,0.00549932,0.00485381
12-Mar-2026,120.469,0.0520548,4.47355e-06,0.000447646,0.000443172
12-Mar-2026,80.313,0.134247,20.6008,21.2178,0.616954
12-Mar-2026,85.3325,0.134247,15.7298,16.6457,0.9159
12-Mar-2026,90.3521,0.134247,11.0784,12.2921,1.21368
12-Mar-2026,95.3717,0.134247,6.90483,8.2621,1.35727
12-Mar-2026,100.391,0.134247,3.57348,4.7347,1.16122
12-Mar-2026,105.411,0.134247,1.39825,2.05206,0.653811
12-Mar-2026,110.43,0.134247,0.368234,0.638993,0.270759
12-Mar-2026,115.45,0.134247,0.0605517,0.182797,0.122245
12-Mar-2026,120.469,0.134247,0.00652802,0.0552775,0.0487495
12-Mar-2026,80.313,0.213699,20.9546,22.0668,1.1122
12-Mar-2026,85.3325,0.213699,16.2145,17.6552,1.44072
12-Mar-2026,90.3521,0.213699,11.7447,13.4554,1.71073
12-Mar-2026,95.3717,0.213699,7.74758,9.55012,1.80254
12-Mar-2026,100.391,0.213699,4.47229,6.07425,1.60196
12-Mar-2026,105.411,0.213699,2.13617,3.25799,1.12182
12-Mar-2026,110.43,0.213699,0.789515,1.41221,0.622697
12-Mar-2026,115.45,0.213699,0.215479,0.546719,0.33124
12-Mar-2026,120.469,0.213699,0.0442854,0.217668,0.173382
12-Mar-2026,80.313,0.30137,21.4088,23.054,1.64525
12-Mar-2026,85.3325,0.30137,16.8002,18.7852,1.98499
12-Mar-2026,90.3521,0.30137,12.4819,14.7222,2.24027
12-Mar-2026,95.3717,0.30137,8.61203,10.9327,2.32067
12-Mar-2026,100.391,0.30137,5.37237,7.51918,2.14681
12-Mar-2026,105.411,0.30137,2.92391,4.63711,1.7132
12-Mar-2026,110.43,0.30137,1.33205,2.49288,1.16083
12-Mar-2026,115.45,0.30137,0.492039,1.19844,0.706398
12-Mar-2026,120.469,0.30137,0.147768,0.56364,0.415872
12-Mar-2026,80.313,0.386301,21.8445,23.9525,2.10796
12-Mar-2026,85.3325,0.386301,17.3368,19.7952,2.45844
12-Mar-2026,90.3521,0.386301,13.1237,15.8393,2.71555
12-Mar-2026,95.3717,0.386301,9.33656,12.1417,2.80517
12-Mar-2026,100.391,0.386301,6.12042,8.78386,2.66344
12-Mar-2026,105.411,0.386301,3.60463,5.87919,2.27456
12-Mar-2026,110.43,0.386301,1.85342,3.57303,1.71961
12-Mar-2026,115.45,0.386301,0.812504,1.97787,1.16536
12-Mar-2026,120.469,0.386301,0.302376,1.04393,0.741557
12-Mar-2026,80.313,0.471233,22.2793,24.8271,2.54776
12-Mar-2026,85.3325,0.471233,17.8564,20.7685,2.91206
12-Mar-2026,90.3521,0.471233,13.7275,16.9066,3.17906
12-Mar-2026,95.3717,0.471233,10.0047,13.2901,3.28539
12-Mar-2026,100.391,0.471233,6.80856,9.98462,3.17606
12-Mar-2026,105.411,0.471233,4.24635,7.07616,2.82981
12-Mar-2026,110.43,0.471233,2.377,4.67102,2.29402
12-Mar-2026,115.45,0.471233,1.17278,2.86267,1.68989
12-Mar-2026,120.469,0.471233,0.50648,1.66246,1.15598
12-Mar-2026,80.313,0.553425,22.6984,25.659,2.96056
12-Mar-2026,85.3325,0.553425,18.3473,21.6875,3.34016
12-Mar-2026,90.3521,0.553425,14.2873,17.9081,3.62081
12-Mar-2026,95.3717,0.553425,10.6166,14.3628,3.74622
12-Mar-2026,100.391,0.553425,7.4385,11.1056,3.66708
12-Mar-2026,105.411,0.553425,4.84392,8.20378,3.35986
12-Mar-2026,110.43,0.553425,2.8858,5.73828,2.85248
12-Mar-2026,115.45,0.553425,1.55066,3.78369,2.23303
12-Mar-2026,120.469,0.553425,0.745941,2.3718,1.62586
12-Mar-2026,80.313,0.635616,23.1494,26.5455,3.39609
12-Mar-2026,85.3325,0.635616,18.8674,22.6611,3.79372
12-Mar-2026,90.3521,0.635616,14.8726,18.9639,4.09126
12-Mar-2026,95.3717,0.635616,11.2511,15.4894,4.23832
12-Mar-2026,100.391,0.635616,8.09172,12.2821,4.19036
12-Mar-2026,105.411,0.635616,5.47165,9.39464,3.92299
12-Mar-2026,110.43,0.635616,3.4374,6.88881,3.45141
12-Mar-2026,115.45,0.635616,1.98415,4.82248,2.83833
12-Mar-2026,120.469,0.635616,1.04495,3.23151,2.18656
12-Mar-2026,80.313,0.720548,23.5628,27.3517,3.7889
12-Mar-2026,85.3325,0.720548,19.3387,23.5424,4.20368
12-Mar-2026,90.3521,0.720548,15.3977,19.9155,4.51776
12-Mar-2026,95.3717,0.720548,11.817,16.5019,4.68486
12-Mar-2026,100.391,0.720548,8.67457,13.3387,4.66418
12-Mar-2026,105.411,0.720548,6.03731,10.4689,4.4316
12-Mar-2026,110.43,0.720548,3.9464,7.94139,3.99499
12-Mar-2026,115.45,0.720548,2.40148,5.8021,3.40062
12-Mar-2026,120.469,0.720548,1.35191,4.08453,2.73262
12-Mar-2026,80.313,0.805479,23.9872,28.173,4.18583
12-Mar-2026,85.3325,0.805479,19.8184,24.4367,4.61829
12-Mar-2026,90.3521,0.805479,15.9282,20.8779,4.94972
12-Mar-2026,95.3717,0.805479,12.3861,17.5234,5.13731
12-Mar-2026,100.391,0.805479,9.26085,14.4044,5.14357
12-Mar-2026,105.411,0.805479,6.6106,11.5558,4.94515
12-Mar-2026,110.43,0.805479,4.47157,9.01672,4.54515
12-Mar-2026,115.45,0.805479,2.84597,6.82371,3.97774
12-Mar-2026,120.469,0.805479,1.69513,5.00595,3.31082
12-Mar-2026,80.313,0.884932,24.3669,28.9022,4.53533
12-Mar-2026,85.3325,0.884932,20.2445,25.2282,4.98367
12-Mar-2026,90.3521,0.884932,16.3968,21.7274,5.33055
12-Mar-2026,95.3717,0.884932,12.8871,18.4233,5.53616
12-Mar-2026,100.391,0.884932,9.77707,15.3428,5.56568
12-Mar-2026,105.411,0.884932,7.11833,12.515,5.39665
12-Mar-2026,110.43,0.884932,4.94314,9.97252,5.02938
12-Mar-2026,115.45,0.884932,3.25497,7.74504,4.49007
12-Mar-2026,120.469,0.884932,2.02293,5.85783,3.8349
12-Mar-2026,80.313,0.961644,24.7314,29.5968,4.86545
12-Mar-2026,85.3325,0.961644,20.6514,25.9801,5.32874
12-Mar-2026,90.3521,0.961644,16.8421,22.5326,5.69052
12-Mar-2026,95.3717,0.961644,13.3619,19.275,5.91312
12-Mar-2026,100.391,0.961644,10.2664,16.2307,5.96426
12-Mar-2026,105.411,0.961644,7.60169,13.4242,5.82253
12-Mar-2026,110.43,0.961644,5.39682,10.8831,5.4863
12-Mar-2026,115.45,0.961644,3.6558,8.63187,4.97607
12-Mar-2026,120.469,0.961644,2.35339,6.69222,4.33883
13-Mar-2026,81.1427,0.0191781,20.3575,20.3581,0.000641811
13-Mar-2026,86.2141,0.0191781,15.2906,15.2995,0.00892117
13-Mar-2026,91.2855,0.0191781,10.225,10.2916,0.0666211
13-Mar-2026,96.357,0.0191781,5.23652,5.54592,0.309401
13-Mar-2026,101.428,0.0191781,1.27991,1.76609,0.486183
13-Mar-2026,106.5,0.0191781,0.0518912,0.125405,0.0735137
13-Mar-2026,111.571,0.0191781,8.57439e-05,0.000988246,0.000902503
13-Mar-2026,116.643,0.0191781,2.9742e-09,3.09375e-06,3.09077e-06
13-Mar-2026,121.714,0.0191781,5.95558e-15,7.3535e-09,7.3535e-09
13-Mar-2026,81.1427,0.0383562,20.4163,20.437,0.0206881
13-Mar-2026,86.2141,0.0383562,15.3538,15.4337,0.0798875
13-Mar-2026,91.2855,0.0383562,10.3097,10.5649,0.255247
13-Mar-2026,96.357,0.0383562,5.47831,6.05818,0.579871
13-Mar-2026,101.428,0.0383562,1.74508,2.39335,0.648271
13-Mar-2026,106.5,0.0383562,0.198703,0.374386,0.175683
13-Mar-2026,111.571,0.0383562,0.00407102,0.0184821,0.014411
13-Mar-2026,116.643,0.0383562,1.06931e-05,0.000620644,0.00060995
13-Mar-2026,121.714,0.0383562,5.42783e-09,1.90353e-05,1.90299e-05
13-Mar-2026,81.1427,0.0547945,20.4953,20.5991,0.103763
13-Mar-2026,86.2141,0.0547945,15.4457,15.6986,0.252926
13-Mar-2026,91.2855,0.0547945,10.4617,10.9913,0.529628
13-Mar-2026,96.357,0.0547945,5.81724,6.66372,0.846476
13-Mar-2026,101.428,0.0547945,2.2319,3.04535,0.813448
13-Mar-2026,106.5,0.0547945,0.439608,0.743598,0.30399
13-Mar-2026,111.571,0.0547945,0.0301497,0.089145,0.0589953
13-Mar-2026,116.643,0.0547945,0.000593165,0.00899915,0.00840598
13-Mar-2026,121.714,0.0547945,4.26549e-06,0.000898244,0.000893979
13-Mar-2026,81.1427,0.0767123,20.5633,20.7735,0.210239
13-Mar-2026,86.2141,0.0767123,15.5331,15.9551,0.421964
13-Mar-2026,91.2855,0.0767123,10.6114,11.3492,0.737843
13-Mar-2026,96.357,0.0767123,6.09032,7.11231,1.02199
13-Mar-2026,101.428,0.0767123,2.5763,3.51027,0.933972
13-Mar-2026,106.5,0.0767123,0.648319,1.05906,0.410743
13-Mar-2026,111.571,0.0767123,0.073499,0.184406,0.110907
13-Mar-2026,116.643,0.0767123,0.00326427,0.0288394,0.0255751
13-Mar-2026,121.714,0.0767123,6.77692e-05,0.00460475,0.00453698
13-Mar-2026,81.1427,0.0958904,20.6496,21.0108,0.36116
13-Mar-2026,86.2141,0.0958904,15.6509,16.2775,0.626622
13-Mar-2026,91.2855,0.0958904,10.8055,11.7649,0.959396
13-Mar-2026,96.357,0.0958904,6.40188,7.60369,1.20181
13-Mar-2026,101.428,0.0958904,2.94426,4.01598,1.07172
13-Mar-2026,106.5,0.0958904,0.896623,1.43985,0.543228
13-Mar-2026,111.571,0.0958904,0.147551,0.332855,0.185304
13-Mar-2026,116.643,0.0958904,0.0118249,0.0709501,0.0591252
13-Mar-2026,121.714,0.0958904,0.000525308,0.0157892,0.0152639
13-Mar-2026,81.1427,0.0493151,20.4688,20.5382,0.0694331
13-Mar-2026,86.2141,0.0493151,15.4136,15.603,0.189428
13-Mar-2026,91.2855,0.0493151,10.4069,10.8471,0.440185
13-Mar-2026,96.357,0.0493151,5.705,6.47116,0.766165
13-Mar-2026,101.428,0.0493151,2.08071,2.8427,0.761993
13-Mar-2026,106.5,0.0493151,0.357063,0.618706,0.261643
13-Mar-2026,111.571,0.0493151,0.0182581,0.0597478,0.0414897
13-Mar-2026,116.643,0.0493151,0.000221582,0.00463749,0.00441591
13-Mar-2026,121.714,0.0493151,8.46012e-07,0.000349265,0.000348419
13-Mar-2026,81.1427,0.131507,20.7986,21.4159,0.617327
13-Mar-2026,86.2141,0.131507,15.8596,16.7916,0.931994
13-Mar-2026,91.2855,0.131507,11.1259,12.3882,1.26226
13-Mar-2026,96.357,0.131507,6.86147,8.31263,1.45116
13-Mar-2026,101.428,0.131507,3.46017,4.74754,1.28737
13-Mar-2026,106.5,0.131507,1.27749,2.04213,0.764644
13-Mar-2026,111.571,0.131507,0.300712,0.628437,0.327725
13-Mar-2026,116.643,0.131507,0.041893,0.177792,0.135899
13-Mar-2026,121.714,0.131507,0.00375932,0.0531683,0.049409
13-Mar-2026,81.1427,0.210959,21.145,22.274,1.12903
13-Mar-2026,86.2141,0.210959,16.3332,17.8133,1.48011
13-Mar-2026,91.2855,0.210959,11.7828,13.5668,1.78399
13-Mar-2026,96.357,0.210959,7.7038,9.61824,1.91444
13-Mar-2026,101.428,0.210959,4.36504,6.10507,1.74003
13-Mar-2026,106.5,0.210959,2.00963,3.26164,1.25201
13-Mar-2026,111.571,0.210959,0.695645,1.4051,0.709457
13-Mar-2026,116.643,0.210959,0.172524,0.540806,0.368282
13-Mar-2026,121.714,0.210959,0.0317886,0.214297,0.182509
13-Mar-2026,81.1427,0.29863,21.5943,23.2725,1.67822
13-Mar-2026,86.2141,0.29863,16.9144,18.9567,2.04234
13-Mar-2026,91.2855,0.29863,12.5202,14.8491,2.32888
13-Mar-2026,96.357,0.29863,8.57688,11.0181,2.44118
13-Mar-2026,101.428,0.29863,5.27928,7.5679,2.28862
13-Mar-2026,106.5,0.29863,2.805,4.65659,1.85159
13-Mar-2026,111.571,0.29863,1.22773,2.49466,1.26693
13-Mar-2026,116.643,0.29863,0.427939,1.1947,0.766758
13-Mar-2026,121.714,0.29863,0.119908,0.5602,0.440292
13-Mar-2026,81.1427,0.383562,22.0292,24.1812,2.15201
13-Mar-2026,86.2141,0.383562,17.4526,19.9786,2.526
13-Mar-2026,91.2855,0.383562,13.1686,15.9794,2.81084
13-Mar-2026,96.357,0.383562,9.31427,12.2416,2.92735
13-Mar-2026,101.428,0.383562,6.0444,8.84776,2.80336
13-Mar-2026,106.5,0.383562,3.49981,5.91301,2.4132
13-Mar-2026,111.571,0.383562,1.75158,3.58554,1.83396
13-Mar-2026,116.643,0.383562,0.7387,1.97939,1.24069
13-Mar-2026,121.714,0.383562,0.262058,1.0422,0.780144
13-Mar-2026,81.1427,0.468493,22.4664,25.0658,2.59942
13-Mar-2026,86.2141,0.468493,17.9776,20.9631,2.98551
13-Mar-2026,91.2855,0.468493,13.7824,17.0593,3.27687
13-Mar-2026,96.357,0.468493,9.99777,13.4036,3.40579
13-Mar-2026,101.428,0.468493,6.75146,10.0627,3.31124
13-Mar-2026,106.5,0.468493,4.15893,7.12382,2.96489
13-Mar-2026,111.571,0.468493,2.28447,4.69522,2.41075
13-Mar-2026,116.643,0.468493,1.09741,2.87187,1.77446
13-Mar-2026,121.714,0.468493,0.458198,1.6645,1.20631
13-Mar-2026,81.1427,0.550685,22.8901,25.9072,3.01714
13-Mar-2026,86.2141,0.550685,18.4761,21.8927,3.41662
13-Mar-2026,91.2855,0.550685,14.3541,18.0725,3.71839
13-Mar-2026,96.357,0.550685,10.626,14.4889,3.86285
13-Mar-2026,101.428,0.550685,7.40061,11.1968,3.79619
13-Mar-2026,106.5,0.550685,4.77501,8.26446,3.48945
13-Mar-2026,111.571,0.550685,2.80618,5.77421,2.96803
13-Mar-2026,116.643,0.550685,1.47949,3.80189,2.3224
13-Mar-2026,121.714,0.550685,0.694656,2.37943,1.68477
13-Mar-2026,81.1427,0.632877,23.3479,26.8039,3.456
13-Mar-2026,86.2141,0.632877,19.0064,22.8776,3.87119
13-Mar-2026,91.2855,0.632877,14.9536,19.1405,4.18687
13-Mar-2026,96.357,0.632877,11.2789,15.6286,4.34967
13-Mar-2026,101.428,0.632877,8.07501,12.387,4.31198
13-Mar-2026,106.5,0.632877,5.42364,9.46903,4.04539
13-Mar-2026,111.571,0.632877,3.37434,6.93759,3.56325
13-Mar-2026,116.643,0.632877,1.92204,4.85146,2.92942
13-Mar-2026,121.714,0.632877,0.995176,3.24693,2.25176
13-Mar-2026,81.1427,0.717808,23.7689,27.6193,3.85041
13-Mar-2026,86.2141,0.717808,19.4883,23.769,4.28067
13-Mar-2026,91.2855,0.717808,15.4927,20.103,4.61035
13-Mar-2026,96.357,0.717808,11.8621,16.6527,4.79063
13-Mar-2026,101.428,0.717808,8.67735,13.4559,4.77854
13-Mar-2026,106.5,0.717808,6.00884,10.5557,4.54682
13-Mar-2026,111.571,0.717808,3.89999,8.00201,4.10202
13-Mar-2026,116.643,0.717808,2.3506,5.8416,3.491
13-Mar-2026,121.714,0.717808,1.30718,4.10835,2.80117
13-Mar-2026,81.1427,0.80274,24.2022,28.45,4.24781
13-Mar-2026,86.2141,0.80274,19.9796,24.6735,4.69393
13-Mar-2026,91.2855,0.80274,16.0381,21.0766,5.03847
13-Mar-2026,96.357,0.80274,12.449,17.6861,5.23706
13-Mar-2026,101.428,0.80274,9.28349,14.5338,5.25036
13-Mar-2026,106.5,0.80274,6.6022,11.655,5.05277
13-Mar-2026,111.571,0.80274,4.44308,9.08949,4.64641
13-Mar-2026,116.643,0.80274,2.80864,6.87438,4.06574
13-Mar-2026,121.714,0.80274,1.65847,5.03927,3.3808
13-Mar-2026,81.1427,0.882192,24.5904,29.1875,4.59712
13-Mar-2026,86.2141,0.882192,20.4168,25.4741,5.05725
13-Mar-2026,91.2855,0.882192,16.5203,21.9358,5.41546
13-Mar-2026,96.357,0.882192,12.9659,18.5963,5.63036
13-Mar-2026,101.428,0.882192,9.81722,15.483,5.66575
13-Mar-2026,106.5,0.882192,7.12773,12.6252,5.49745
13-Mar-2026,111.571,0.882192,4.93104,10.0561,5.12506
13-Mar-2026,116.643,0.882192,3.23094,7.8059,4.57496
13-Mar-2026,121.714,0.882192,1.99545,5.90019,3.90474
13-Mar-2026,81.1427,0.958904,24.9635,29.89,4.92654
13-Mar-2026,86.2141,0.958904,20.8344,26.2346,5.40021
13-Mar-2026,91.2855,0.958904,16.9786,22.7502,5.77164
13-Mar-2026,96.357,0.958904,13.4558,19.4578,6.00198
13-Mar-2026,101.428,0.958904,10.323,16.381,6.05805
13-Mar-2026,106.5,0.958904,7.62793,13.5448,5.91688
13-Mar-2026,111.571,0.958904,5.40056,10.977,5.57646
13-Mar-2026,116.643,0.958904,3.64524,8.7026,5.05736
13-Mar-2026,121.714,0.958904,2.33605,6.7436,4.40755
16-Mar-2026,86.2196,0.0109589,15.2431,15.2432,0.000138417
16-Mar-2026,91.2913,0.0109589,10.1729,10.1742,0.00133486
16-Mar-2026,96.3631,0.0109589,5.10486,5.15954,0.0546825
16-Mar-2026,101.435,0.0109589,0.725306,1.05763,0.33232
16-Mar-2026,106.507,0.0109589,0.000537726,0.00641675,0.00587903
16-Mar-2026,111.578,0.0109589,8.66499e-12,5.71193e-08,5.71106e-08
16-Mar-2026,81.1479,0.030137,20.3851,20.391,0.0059421
16-Mar-2026,86.2196,0.030137,15.3196,15.3518,0.0321658
16-Mar-2026,91.2913,0.030137,10.2585,10.4042,0.14574
16-Mar-2026,96.3631,0.030137,5.31701,5.78027,0.463265
16-Mar-2026,101.435,0.030137,1.43522,2.06777,0.632551
16-Mar-2026,106.507,0.030137,0.0858282,0.230085,0.144257
16-Mar-2026,111.578,0.030137,0.000356182,0.00532209,0.0049659
16-Mar-2026,116.65,0.030137,6.92986e-08,6.77433e-05,6.7674e-05
16-Mar-2026,121.722,0.030137,1.47417e-12,7.31174e-07,7.31172e-07
16-Mar-2026,81.1479,0.0465753,20.4506,20.499,0.0483875
16-Mar-2026,86.2196,0.0465753,15.3911,15.5373,0.146227
16-Mar-2026,91.2913,0.0465753,10.3608,10.7412,0.380377
16-Mar-2026,96.3631,0.0465753,5.57903,6.32212,0.743086
16-Mar-2026,101.435,0.0465753,1.87715,2.6826,0.805448
16-Mar-2026,106.507,0.0465753,0.247802,0.526176,0.278374
16-Mar-2026,111.578,0.0465753,0.00687591,0.0414423,0.0345664
16-Mar-2026,116.65,0.0465753,3.22772e-05,0.00250082,0.00246855
16-Mar-2026,121.722,0.0465753,4.12733e-08,0.000143733,0.000143692
16-Mar-2026,81.1479,0.0684932,20.5302,20.6851,0.15493
16-Mar-2026,86.2196,0.0684932,15.4857,15.8265,0.340821
16-Mar-2026,91.2913,0.0684932,10.5169,11.1729,0.656044
16-Mar-2026,96.3631,0.0684932,5.89802,6.89469,0.99667
16-Mar-2026,101.435,0.0684932,2.3125,3.28473,0.972227
16-Mar-2026,106.507,0.0684932,0.473592,0.901296,0.427704
16-Mar-2026,111.578,0.0684932,0.0345102,0.133236,0.0987258
16-Mar-2026,116.65,0.0684932,0.000780161,0.0172494,0.0164693
16-Mar-2026,121.722,0.0684932,7.4013e-06,0.00224742,0.00224002
16-Mar-2026,81.1479,0.0876712,20.6131,20.9117,0.298598
16-Mar-2026,86.2196,0.0876712,15.5935,16.1444,0.55093
16-Mar-2026,91.2913,0.0876712,10.6955,11.5957,0.900209
16-Mar-2026,96.3631,0.0876712,6.20515,7.40563,1.20048
16-Mar-2026,101.435,0.0876712,2.6898,3.81139,1.12159
16-Mar-2026,106.507,0.0876712,0.70763,1.2816,0.573967
16-Mar-2026,111.578,0.0876712,0.0863384,0.267111,0.180773
16-Mar-2026,116.65,0.0876712,0.00441867,0.0509912,0.0465725
16-Mar-2026,121.722,0.0876712,0.000117495,0.0100817,0.00996425
16-Mar-2026,81.1479,0.0410959,20.4375,20.4736,0.0360986
16-Mar-2026,86.2196,0.0410959,15.3764,15.4948,0.118362
16-Mar-2026,91.2913,0.0410959,10.338,10.6704,0.33237
16-Mar-2026,96.3631,0.0410959,5.52552,6.21891,0.693388
16-Mar-2026,101.435,0.0410959,1.79625,2.57061,0.774362
16-Mar-2026,106.507,0.0410959,0.21243,0.464966,0.252536
16-Mar-2026,111.578,0.0410959,0.00457842,0.0310919,0.0265135
16-Mar-2026,116.65,0.0410959,1.4153e-05,0.00152984,0.00151569
16-Mar-2026,121.722,0.0410959,1.05943e-08,7.06456e-05,7.0635e-05
16-Mar-2026,81.1479,0.123288,20.7393,21.2669,0.52757
16-Mar-2026,86.2196,0.123288,15.766,16.6053,0.839279
16-Mar-2026,91.2913,0.123288,10.967,12.1653,1.19828
16-Mar-2026,96.3631,0.123288,6.61573,8.06095,1.44522
16-Mar-2026,101.435,0.123288,3.1631,4.48651,1.32341
16-Mar-2026,106.507,0.123288,1.03763,1.82132,0.783692
16-Mar-2026,111.578,0.123288,0.194592,0.512151,0.317559
16-Mar-2026,116.65,0.123288,0.019356,0.132955,0.113599
16-Mar-2026,121.722,0.123288,0.00117807,0.0364077,0.0352297
16-Mar-2026,81.1479,0.20274,21.0862,22.1673,1.08107
16-Mar-2026,86.2196,0.20274,16.2406,17.6882,1.44757
16-Mar-2026,91.2913,0.20274,11.6407,13.4241,1.78336
16-Mar-2026,96.3631,0.20274,7.50677,9.46082,1.95405
16-Mar-2026,101.435,0.20274,4.13473,5.93999,1.80526
16-Mar-2026,106.507,0.20274,1.80098,3.10825,1.30727
16-Mar-2026,111.578,0.20274,0.565024,1.29645,0.731429
16-Mar-2026,116.65,0.20274,0.121411,0.484217,0.362806
16-Mar-2026,121.722,0.20274,0.0189544,0.187171,0.168217
16-Mar-2026,81.1479,0.290411,21.5031,23.126,1.62288
16-Mar-2026,86.2196,0.290411,16.7846,18.7899,2.00526
16-Mar-2026,91.2913,0.290411,12.3425,14.6626,2.32015
16-Mar-2026,96.3631,0.290411,8.35208,10.8148,2.46273
16-Mar-2026,101.435,0.290411,5.02769,7.35443,2.32674
16-Mar-2026,106.507,0.290411,2.56864,4.44948,1.88084
16-Mar-2026,111.578,0.290411,1.05394,2.32298,1.26904
16-Mar-2026,116.65,0.290411,0.3346,1.0819,0.747305
16-Mar-2026,121.722,0.290411,0.0837495,0.496513,0.412763
16-Mar-2026,81.1479,0.375342,21.9509,24.081,2.13011
16-Mar-2026,86.2196,0.375342,17.3437,19.8658,2.52209
16-Mar-2026,91.2913,0.375342,13.0244,15.8545,2.83012
16-Mar-2026,96.3631,0.375342,9.13701,12.1062,2.96918
16-Mar-2026,101.435,0.375342,5.84759,8.70518,2.85759
16-Mar-2026,106.507,0.375342,3.30929,5.77166,2.46237
16-Mar-2026,111.578,0.375342,1.59796,3.45897,1.86101
16-Mar-2026,116.65,0.375342,0.640321,1.88281,1.24248
16-Mar-2026,121.722,0.375342,0.213108,0.979115,0.766007
16-Mar-2026,81.1479,0.460274,22.3849,24.9689,2.58396
16-Mar-2026,86.2196,0.460274,17.869,20.8549,2.98587
16-Mar-2026,91.2913,0.460274,13.6443,16.9403,3.29595
16-Mar-2026,96.3631,0.460274,9.83327,13.2752,3.44189
16-Mar-2026,101.435,0.460274,6.5717,9.92755,3.35585
16-Mar-2026,106.507,0.460274,3.9832,6.9882,3.005
16-Mar-2026,111.578,0.460274,2.13555,4.56858,2.43303
16-Mar-2026,116.65,0.460274,0.9916,2.76608,1.77448
16-Mar-2026,121.722,0.460274,0.396511,1.58684,1.19033
16-Mar-2026,81.1479,0.542466,22.8084,25.8134,3.00495
16-Mar-2026,86.2196,0.542466,18.3706,21.7886,3.41795
16-Mar-2026,91.2913,0.542466,14.2239,17.9585,3.73464
16-Mar-2026,96.3631,0.542466,10.4747,14.3664,3.89169
16-Mar-2026,101.435,0.542466,7.23742,11.0679,3.8305
16-Mar-2026,106.507,0.542466,4.61478,8.13414,3.51936
16-Mar-2026,111.578,0.542466,2.66613,5.6494,2.98327
16-Mar-2026,116.65,0.542466,1.37311,3.69164,2.31853
16-Mar-2026,121.722,0.542466,0.625672,2.29133,1.66565
16-Mar-2026,81.1479,0.624658,23.2481,26.6747,3.42658
16-Mar-2026,86.2196,0.624658,18.8832,22.7353,3.85206
16-Mar-2026,91.2913,0.624658,14.8073,18.9857,4.17845
16-Mar-2026,96.3631,0.624658,11.1138,15.4631,4.34926
16-Mar-2026,101.435,0.624658,7.90009,12.2133,4.31317
16-Mar-2026,106.507,0.624658,5.25216,9.2925,4.04034
16-Mar-2026,111.578,0.624658,3.22142,6.76558,3.54416
16-Mar-2026,116.65,0.624658,1.80016,4.69361,2.89345
16-Mar-2026,121.722,0.624658,0.909647,3.11265,2.203
16-Mar-2026,81.1479,0.709589,23.6725,27.4941,3.82155
16-Mar-2026,86.2196,0.709589,19.3719,23.6315,4.25964
16-Mar-2026,91.2913,0.709589,15.3572,19.9542,4.59698
16-Mar-2026,96.3631,0.709589,11.7116,16.4939,4.78227
16-Mar-2026,101.435,0.709589,8.51945,13.2892,4.76973
16-Mar-2026,106.507,0.709589,5.85403,10.3856,4.53158
16-Mar-2026,111.578,0.709589,3.75996,7.83437,4.07441
16-Mar-2026,116.65,0.709589,2.23526,5.68387,3.44861
16-Mar-2026,121.722,0.709589,1.22166,3.96833,2.74667
16-Mar-2026,81.1479,0.794521,24.1296,28.3653,4.23569
16-Mar-2026,86.2196,0.794521,19.8928,24.5807,4.68789
16-Mar-2026,91.2913,0.794521,15.9382,20.9761,5.03791
16-Mar-2026,96.3631,0.794521,12.3395,17.5789,5.23938
16-Mar-2026,101.435,0.794521,9.16955,14.4211,5.25157
16-Mar-2026,106.507,0.794521,6.49082,11.5395,5.04871
16-Mar-2026,111.578,0.794521,4.34162,8.97456,4.63294
16-Mar-2026,116.65,0.794521,2.72325,6.76411,4.04086
16-Mar-2026,121.722,0.794521,1.59259,4.93802,3.34543
16-Mar-2026,81.1479,0.873973,24.5223,29.1054,4.58309
16-Mar-2026,86.2196,0.873973,20.3368,25.3843,5.04748
16-Mar-2026,91.2913,0.873973,16.4299,21.8388,5.40892
16-Mar-2026,96.3631,0.873973,12.8683,18.493,5.62469
16-Mar-2026,101.435,0.873973,9.71688,15.3744,5.65747
16-Mar-2026,106.507,0.873973,7.0302,12.5137,5.48351
16-Mar-2026,111.578,0.873973,4.84201,9.94445,5.10244
16-Mar-2026,116.65,0.873973,3.15509,7.69745,4.54236
16-Mar-2026,121.722,0.873973,1.93548,5.79849,3.86301
16-Mar-2026,81.1479,0.950685,24.8813,29.7755,4.89418
16-Mar-2026,86.2196,0.950685,20.7403,26.11,5.36967
16-Mar-2026,91.2913,0.950685,16.8744,22.6162,5.74178
16-Mar-2026,96.3631,0.950685,13.3446,19.3154,5.97081
16-Mar-2026,101.435,0.950685,10.2096,16.2317,6.0221
16-Mar-2026,106.507,0.950685,7.51791,13.3914,5.87352
16-Mar-2026,111.578,0.950685,5.29952,10.8228,5.5233
16-Mar-2026,116.65,0.950685,3.55792,8.5516,4.99368
16-Mar-2026,121.722,0.950685,2.26538,6.60008,4.3347
17-Mar-2026,80.6983,0.00821918,20.1942,20.1943,0.000120169
17-Mar-2026,85.742,0.00821918,15.1518,15.1518,4.67281e-05
17-Mar-2026,90.7856,0.00821918,10.1094,10.1096,0.000229687
17-Mar-2026,95.8293,0.00821918,5.06757,5.09238,0.0248059
17-Mar-2026,100.873,0.00821918,0.647691,0.90942,0.261729
17-Mar-2026,105.917,0.00821918,0.000151417,0.00173533,0.00158392
17-Mar-2026,110.96,0.00821918,8.56543e-14,4.70788e-10,4.70702e-10
17-Mar-2026,80.6983,0.0273973,20.2661,20.2702,0.00413104
17-Mar-2026,85.742,0.0273973,15.2282,15.253,0.0248101
17-Mar-2026,90.7856,0.0273973,10.1945,10.3173,0.12277
17-Mar-2026,95.8293,0.0273973,5.2802,5.69122,0.411022
17-Mar-2026,100.873,0.0273973,1.42958,1.98574,0.556161
17-Mar-2026,105.917,0.0273973,0.0894649,0.20162,0.112155
17-Mar-2026,110.96,0.0273973,0.000435199,0.00376728,0.00333208
17-Mar-2026,116.004,0.0273973,9.98367e-08,3.638e-05,3.62802e-05
17-Mar-2026,121.047,0.0273973,2.09277e-12,2.91819e-07,2.91817e-07
17-Mar-2026,80.6983,0.0438356,20.3315,20.3732,0.0417202
17-Mar-2026,85.742,0.0438356,15.2997,15.4304,0.130696
17-Mar-2026,90.7856,0.0438356,10.2988,10.6469,0.348146
17-Mar-2026,95.8293,0.0438356,5.55462,6.23664,0.682025
17-Mar-2026,100.873,0.0438356,1.89468,2.61309,0.718408
17-Mar-2026,105.917,0.0438356,0.266523,0.49292,0.226397
17-Mar-2026,110.96,0.0438356,0.00876657,0.0358895,0.0271229
17-Mar-2026,116.004,0.0438356,5.15103e-05,0.00196384,0.00191233
17-Mar-2026,121.047,0.0438356,7.74925e-08,0.000101688,0.00010161
17-Mar-2026,80.6983,0.0657534,20.4111,20.5542,0.143119
17-Mar-2026,85.742,0.0657534,15.3955,15.7143,0.318752
17-Mar-2026,90.7856,0.0657534,10.4605,11.0763,0.615773
17-Mar-2026,95.8293,0.0657534,5.88737,6.81257,0.925203
17-Mar-2026,100.873,0.0657534,2.34732,3.2209,0.873581
17-Mar-2026,105.917,0.0657534,0.509587,0.865275,0.355688
17-Mar-2026,110.96,0.0657534,0.0426919,0.123197,0.0805048
17-Mar-2026,116.004,0.0657534,0.00116866,0.0152603,0.0140916
17-Mar-2026,121.047,0.0657534,1.30779e-05,0.00189691,0.00188383
17-Mar-2026,80.6983,0.0849315,20.4945,20.7773,0.282817
17-Mar-2026,85.742,0.0849315,15.5057,16.0294,0.523695
17-Mar-2026,90.7856,0.0849315,10.6461,11.4983,0.852179
17-Mar-2026,95.8293,0.0849315,6.20575,7.32523,1.11948
17-Mar-2026,100.873,0.0849315,2.73673,3.74961,1.01288
17-Mar-2026,105.917,0.0849315,0.757923,1.24349,0.485563
17-Mar-2026,110.96,0.0849315,0.103707,0.253322,0.149615
17-Mar-2026,116.004,0.0849315,0.00622552,0.0471707,0.0409452
17-Mar-2026,121.047,0.0849315,0.000191737,0.00908374,0.008892
17-Mar-2026,80.6983,0.0383562,20.3184,20.3488,0.0304453
17-Mar-2026,85.742,0.0383562,15.285,15.3891,0.104148
17-Mar-2026,90.7856,0.0383562,10.2754,10.577,0.301583
17-Mar-2026,95.8293,0.0383562,5.4986,6.13271,0.634109
17-Mar-2026,100.873,0.0383562,1.81006,2.49946,0.689396
17-Mar-2026,105.917,0.0383562,0.228046,0.432349,0.204303
17-Mar-2026,110.96,0.0383562,0.00585093,0.0263622,0.0205113
17-Mar-2026,116.004,0.0383562,2.26878e-05,0.00115525,0.00113257
17-Mar-2026,121.047,0.0383562,1.97885e-08,4.71441e-05,4.71243e-05
17-Mar-2026,80.6983,0.120548,20.6224,21.1293,0.506946
17-Mar-2026,85.742,0.120548,15.6833,16.488,0.804704
17-Mar-2026,90.7856,0.120548,10.9273,12.0671,1.13982
17-Mar-2026,95.8293,0.120548,6.62884,7.98117,1.35233
17-Mar-2026,100.873,0.120548,3.22244,4.42521,1.20277
17-Mar-2026,105.917,0.120548,1.10377,1.7806,0.676834
17-Mar-2026,110.96,0.120548,0.226495,0.493742,0.267247
17-Mar-2026,116.004,0.120548,0.0255802,0.12643,0.100849
17-Mar-2026,121.047,0.120548,0.00176145,0.03414,0.0323786
17-Mar-2026,80.6983,0.2,20.9765,22.0252,1.04871
17-Mar-2026,85.742,0.2,16.1713,17.5672,1.39591
17-Mar-2026,90.7856,0.2,11.6201,13.3232,1.70311
17-Mar-2026,95.8293,0.2,7.53972,9.37893,1.83921
17-Mar-2026,100.873,0.2,4.21222,5.87606,1.66384
17-Mar-2026,105.917,0.2,1.8915,3.06195,1.17045
17-Mar-2026,110.96,0.2,0.628262,1.26873,0.640466
17-Mar-2026,116.004,0.2,0.146607,0.470926,0.324319
17-Mar-2026,121.047,0.2,0.0249965,0.181119,0.156122
17-Mar-2026,80.6983,0.287671,21.4024,22.9801,1.57769
17-Mar-2026,85.742,0.287671,16.7278,18.6651,1.93728
17-Mar-2026,90.7856,0.287671,12.3358,14.5579,2.22214
17-Mar-2026,95.8293,0.287671,8.39727,10.7289,2.33168
17-Mar-2026,100.873,0.287671,5.1153,7.28617,2.17087
17-Mar-2026,105.917,0.287671,2.67319,4.39774,1.72455
17-Mar-2026,110.96,0.287671,1.14073,2.2875,1.14677
17-Mar-2026,116.004,0.287671,0.383525,1.06109,0.67757
17-Mar-2026,121.047,0.287671,0.1026,0.485506,0.382906
17-Mar-2026,80.6983,0.372603,21.8583,23.9314,2.07308
17-Mar-2026,85.742,0.372603,17.2967,19.737,2.44033
17-Mar-2026,90.7856,0.372603,13.0272,15.7456,2.71841
17-Mar-2026,95.8293,0.372603,9.18948,12.0159,2.8264
17-Mar-2026,100.873,0.372603,5.94051,8.63221,2.6917
17-Mar-2026,105.917,0.372603,3.42151,5.71468,2.29317
17-Mar-2026,110.96,0.372603,1.70038,3.41707,1.71669
17-Mar-2026,116.004,0.372603,0.710487,1.85486,1.14437
17-Mar-2026,121.047,0.372603,0.248958,0.96234,0.713382
17-Mar-2026,80.6983,0.457534,22.2989,24.8157,2.51685
17-Mar-2026,85.742,0.457534,17.829,20.7223,2.89335
17-Mar-2026,90.7856,0.457534,13.6532,16.8273,3.17411
17-Mar-2026,95.8293,0.457534,9.88978,13.1806,3.29081
17-Mar-2026,100.873,0.457534,6.66704,9.85009,3.18305
17-Mar-2026,105.917,0.457534,4.09927,6.92642,2.82715
17-Mar-2026,110.96,0.457534,2.24762,4.5213,2.27368
17-Mar-2026,116.004,0.457534,1.07781,2.73212,1.65431
17-Mar-2026,121.047,0.457534,0.448983,1.56443,1.11545
17-Mar-2026,80.6983,0.539726,22.7275,25.6569,2.92941
17-Mar-2026,85.742,0.539726,18.3357,21.6524,3.31672
17-Mar-2026,90.7856,0.539726,14.2368,17.8417,3.60493
17-Mar-2026,95.8293,0.539726,10.5334,14.2677,3.73432
17-Mar-2026,100.873,0.539726,7.33366,10.9862,3.6525
17-Mar-2026,105.917,0.539726,4.73271,8.06785,3.33514
17-Mar-2026,110.96,0.539726,2.7844,5.59728,2.81288
17-Mar-2026,116.004,0.539726,1.47135,3.65242,2.18107
17-Mar-2026,121.047,0.539726,0.69302,2.26367,1.57065
17-Mar-2026,80.6983,0.621918,23.1716,26.5148,3.34324
17-Mar-2026,85.742,0.621918,18.8523,22.5954,3.74314
17-Mar-2026,90.7856,0.621918,14.8231,18.865,4.04188
17-Mar-2026,95.8293,0.621918,11.1737,15.3602,4.1865
17-Mar-2026,100.873,0.621918,7.99634,12.1271,4.13076
17-Mar-2026,105.917,0.621918,5.37082,9.22162,3.8508
17-Mar-2026,110.96,0.621918,3.34392,6.70866,3.36474
17-Mar-2026,116.004,0.621918,1.90796,4.64933,2.74137
17-Mar-2026,121.047,0.621918,0.990476,3.07985,2.08937
17-Mar-2026,80.6983,0.706849,23.5994,27.331,3.73157
17-Mar-2026,85.742,0.706849,19.3438,23.4882,4.1444
17-Mar-2026,90.7856,0.706849,15.3748,19.8296,4.45483
17-Mar-2026,95.8293,0.706849,11.7719,16.387,4.6151
17-Mar-2026,100.873,0.706849,8.61516,13.1988,4.58368
17-Mar-2026,105.917,0.706849,5.97265,10.3104,4.33773
17-Mar-2026,110.96,0.706849,3.88513,7.77296,3.88783
17-Mar-2026,116.004,0.706849,2.3501,5.63494,3.28484
17-Mar-2026,121.047,0.706849,1.31354,3.93082,2.61728
17-Mar-2026,80.6983,0.791781,24.0595,28.1987,4.13924
17-Mar-2026,85.742,0.791781,19.8671,24.4336,4.5665
17-Mar-2026,90.7856,0.791781,15.957,20.8475,4.89054
17-Mar-2026,95.8293,0.791781,12.3997,17.4678,5.06805
17-Mar-2026,100.873,0.791781,9.26432,14.3263,5.06199
17-Mar-2026,105.917,0.791781,6.60892,11.4597,4.85077
17-Mar-2026,110.96,0.791781,4.46859,8.90841,4.43982
17-Mar-2026,116.004,0.791781,2.84386,6.71035,3.86649
17-Mar-2026,121.047,0.791781,1.69442,4.89565,3.20123
17-Mar-2026,80.6983,0.871233,24.4543,28.9359,4.48159
17-Mar-2026,85.742,0.871233,20.3127,25.234,4.92129
17-Mar-2026,90.7856,0.871233,16.4494,21.7068,5.25742
17-Mar-2026,95.8293,0.871233,12.9282,18.3782,5.45003
17-Mar-2026,100.873,0.871233,9.81065,15.2758,5.46511
17-Mar-2026,105.917,0.871233,7.1476,12.43,5.28236
17-Mar-2026,110.96,0.871233,4.96991,9.87429,4.90438
17-Mar-2026,116.004,0.871233,3.27953,7.63962,4.36009
17-Mar-2026,121.047,0.871233,2.04444,5.75206,3.70762
17-Mar-2026,80.6983,0.947945,24.8149,29.6033,4.7884
17-Mar-2026,85.742,0.947945,20.7172,25.9568,5.23958
17-Mar-2026,90.7856,0.947945,16.8941,22.4811,5.58698
17-Mar-2026,95.8293,0.947945,13.4041,19.1974,5.79327
17-Mar-2026,100.873,0.947945,10.3024,16.1297,5.82727
17-Mar-2026,105.917,0.947945,7.63454,13.3041,5.66959
17-Mar-2026,110.96,0.947945,5.42792,10.749,5.32112
17-Mar-2026,116.004,0.947945,3.68514,8.49011,4.80497
17-Mar-2026,121.047,0.947945,2.3799,6.54999,4.17009
18-Mar-2026,80.7058,0.00547945,20.19,20.1897,0.000265733
18-Mar-2026,85.75,0.00547945,15.1467,15.1464,0.000319826
18-Mar-2026,90.7941,0.00547945,10.1035,10.1031,0.00036972
18-Mar-2026,95.8382,0.00547945,5.06021,5.066,0.00578777
18-Mar-2026,100.882,0.00547945,0.507998,0.741389,0.233391
18-Mar-2026,105.926,0.00547945,1.99827e-06,0.000156509,0.000154511
18-Mar-2026,110.971,0.00547945,3.81903e-15,5.41309e-14,5.03118e-14
18-Mar-2026,116.015,0.00547945,3.8075e-15,-3.80175e-15,7.60925e-15
18-Mar-2026,121.059,0.00547945,3.85497e-15,-3.90513e-15,7.7601e-15
18-Mar-2026,80.7058,0.0246575,20.2644,20.2668,0.00240393
18-Mar-2026,85.75,0.0246575,15.2258,15.244,0.0182351
18-Mar-2026,90.7941,0.0246575,10.1894,10.2925,0.103118
18-Mar-2026,95.8382,0.0246575,5.24437,5.63655,0.392183
18-Mar-2026,100.882,0.0246575,1.33055,1.91463,0.584081
18-Mar-2026,105.926,0.0246575,0.0610316,0.175624,0.114592
18-Mar-2026,110.971,0.0246575,0.000129489,0.00256816,0.00243867
18-Mar-2026,116.015,0.0246575,7.95141e-09,1.80577e-05,1.80497e-05
18-Mar-2026,121.059,0.0246575,4.76067e-14,1.02736e-07,1.02736e-07
18-Mar-2026,80.7058,0.0410959,20.332,20.3675,0.0354659
18-Mar-2026,85.75,0.0410959,15.2989,15.4159,0.116982
18-Mar-2026,90.7941,0.0410959,10.2887,10.6178,0.329114
18-Mar-2026,95.8382,0.0410959,5.50427,6.19031,0.686038
18-Mar-2026,100.882,0.0410959,1.79636,2.56096,0.764601
18-Mar-2026,105.926,0.0410959,0.215396,0.464142,0.248746
18-Mar-2026,110.971,0.0410959,0.0048004,0.0310437,0.0262433
18-Mar-2026,116.015,0.0410959,1.55517e-05,0.0015284,0.00151285
18-Mar-2026,121.059,0.0410959,1.21759e-08,7.06113e-05,7.05991e-05
18-Mar-2026,80.7058,0.0630137,20.4139,20.5465,0.13255
18-Mar-2026,85.75,0.0630137,15.3945,15.698,0.303459
18-Mar-2026,90.7941,0.0630137,10.4429,11.0491,0.606171
18-Mar-2026,95.8382,0.0630137,5.82762,6.77512,0.947495
18-Mar-2026,100.882,0.0630137,2.24761,3.18032,0.932707
18-Mar-2026,105.926,0.0630137,0.441117,0.837113,0.395996
18-Mar-2026,110.971,0.0630137,0.0294072,0.114604,0.0851972
18-Mar-2026,116.015,0.0630137,0.000572627,0.0135542,0.0129816
18-Mar-2026,121.059,0.0630137,4.44186e-06,0.00160237,0.00159793
18-Mar-2026,80.7058,0.0821918,20.4988,20.7694,0.270593
18-Mar-2026,85.75,0.0821918,15.5031,16.0142,0.51107
18-Mar-2026,90.7941,0.0821918,10.6222,11.4748,0.852613
18-Mar-2026,95.8382,0.0821918,6.14063,7.29459,1.15396
18-Mar-2026,100.882,0.0821918,2.63602,3.71621,1.08019
18-Mar-2026,105.926,0.0821918,0.678359,1.21692,0.538563
18-Mar-2026,110.971,0.0821918,0.0792845,0.242226,0.162941
18-Mar-2026,116.015,0.0821918,0.00377462,0.0439644,0.0401897
18-Mar-2026,121.059,0.0821918,9.07414e-05,0.00823339,0.00814265
18-Mar-2026,80.7058,0.0356164,20.3185,20.3436,0.0250951
18-Mar-2026,85.75,0.0356164,15.284,15.3754,0.0914059
18-Mar-2026,90.7941,0.0356164,10.2665,10.548,0.281523
18-Mar-2026,95.8382,0.0356164,5.45047,6.08468,0.634214
18-Mar-2026,100.882,0.0356164,1.71188,2.44457,0.73269
18-Mar-2026,105.926,0.0356164,0.18071,0.403709,0.222999
18-Mar-2026,110.971,0.0356164,0.00299249,0.0222619,0.0192694
18-Mar-2026,116.015,0.0356164,5.9158e-06,0.000860037,0.000854121
18-Mar-2026,121.059,0.0356164,2.45469e-09,3.06316e-05,3.06292e-05
18-Mar-2026,80.7058,0.117808,20.6276,21.1232,0.495563
18-Mar-2026,85.75,0.117808,15.6777,16.4761,0.798381
18-Mar-2026,90.7941,0.117808,10.8972,12.0492,1.15196
18-Mar-2026,95.8382,0.117808,6.5599,7.95792,1.39802
18-Mar-2026,100.882,0.117808,3.1217,4.39897,1.27727
18-Mar-2026,105.926,0.117808,1.01486,1.75687,0.742014
18-Mar-2026,110.971,0.117808,0.187317,0.480552,0.293235
18-Mar-2026,116.015,0.117808,0.0181233,0.121355,0.103232
18-Mar-2026,121.059,0.117808,0.00105725,0.0322881,0.0312309
18-Mar-2026,80.7058,0.19726,20.9822,22.0264,1.04419
18-Mar-2026,85.75,0.19726,16.1614,17.5647,1.40329
18-Mar-2026,90.7941,0.19726,11.5844,13.3167,1.7323
18-Mar-2026,95.8382,0.19726,7.47121,9.36841,1.8972
18-Mar-2026,100.882,0.19726,4.11731,5.86204,1.74473
18-Mar-2026,105.926,0.19726,1.79668,3.04608,1.2494
18-Mar-2026,110.971,0.19726,0.565986,1.25509,0.689099
18-Mar-2026,116.015,0.19726,0.122206,0.463141,0.340935
18-Mar-2026,121.059,0.19726,0.0191029,0.177146,0.158043
18-Mar-2026,80.7058,0.284932,21.4098,22.9899,1.58007
18-Mar-2026,85.75,0.284932,16.7188,18.6721,1.95328
18-Mar-2026,90.7941,0.284932,12.3031,14.5617,2.25864
18-Mar-2026,95.8382,0.284932,8.3372,10.7292,2.39196
18-Mar-2026,100.882,0.284932,5.03271,7.28268,2.24997
18-Mar-2026,105.926,0.284932,2.58507,4.39077,1.8057
18-Mar-2026,110.971,0.284932,1.07072,2.27814,1.20742
18-Mar-2026,116.015,0.284932,0.344507,1.05341,0.708898
18-Mar-2026,121.059,0.284932,0.0874657,0.480454,0.392988
18-Mar-2026,80.7058,0.369863,21.8703,23.9497,2.07938
18-Mar-2026,85.75,0.369863,17.2931,19.7531,2.46
18-Mar-2026,90.7941,0.369863,13.0031,15.7589,2.75581
18-Mar-2026,95.8382,0.369863,9.14241,12.0259,2.88346
18-Mar-2026,100.882,0.369863,5.87399,8.63847,2.76448
18-Mar-2026,105.926,0.369863,3.34672,5.71681,2.37009
18-Mar-2026,110.971,0.369863,1.63377,3.41459,1.78082
18-Mar-2026,116.015,0.369863,0.664976,1.85054,1.18556
18-Mar-2026,121.059,0.369863,0.225476,0.958102,0.732626
18-Mar-2026,80.7058,0.454795,22.3174,24.8419,2.52446
18-Mar-2026,85.75,0.454795,17.8336,20.7466,2.91301
18-Mar-2026,90.7941,0.454795,13.6402,16.8491,3.20892
18-Mar-2026,95.8382,0.454795,9.85733,13.1993,3.34196
18-Mar-2026,100.882,0.454795,6.61751,9.86512,3.24761
18-Mar-2026,105.926,0.454795,4.04015,6.93708,2.89693
18-Mar-2026,110.971,0.454795,2.19038,4.52636,2.33598
18-Mar-2026,116.015,0.454795,1.03323,2.73326,1.70003
18-Mar-2026,121.059,0.454795,0.421357,1.56313,1.14177
18-Mar-2026,80.7058,0.536986,22.754,25.6904,2.93638
18-Mar-2026,85.75,0.536986,18.3502,21.6844,3.33415
18-Mar-2026,90.7941,0.536986,14.2362,17.8715,3.63525
18-Mar-2026,95.8382,0.536986,10.5163,14.2945,3.77822
18-Mar-2026,100.882,0.536986,7.30137,11.0094,3.70802
18-Mar-2026,105.926,0.536986,4.69018,8.08663,3.39645
18-Mar-2026,110.971,0.536986,2.73957,5.61002,2.87045
18-Mar-2026,116.015,0.536986,1.4326,3.66011,2.22751
18-Mar-2026,121.059,0.536986,0.665531,2.26701,1.60147
18-Mar-2026,80.7058,0.619178,23.2077,26.5557,3.34805
18-Mar-2026,85.75,0.619178,18.8783,22.6351,3.75678
18-Mar-2026,90.7941,0.619178,14.8365,18.9026,4.06614
18-Mar-2026,95.8382,0.619178,11.1731,15.3951,4.22203
18-Mar-2026,100.882,0.619178,7.98223,12.1586,4.17635
18-Mar-2026,105.926,0.619178,5.34618,9.24869,3.90251
18-Mar-2026,110.971,0.619178,3.31399,6.7295,3.41551
18-Mar-2026,116.015,0.619178,1.87886,4.66452,2.78566
18-Mar-2026,121.059,0.619178,0.967071,3.08938,2.12231
18-Mar-2026,80.7058,0.70411,23.6457,27.3789,3.7332
18-Mar-2026,85.75,0.70411,19.3819,23.5351,4.15321
18-Mar-2026,90.7941,0.70411,15.4024,19.8748,4.47238
18-Mar-2026,95.8382,0.70411,11.7875,16.4296,4.64209
18-Mar-2026,100.882,0.70411,8.61864,13.2381,4.61946
18-Mar-2026,105.926,0.70411,5.96556,10.3453,4.37978
18-Mar-2026,110.971,0.70411,3.87074,7.80165,3.93091
18-Mar-2026,116.015,0.70411,2.33269,5.65771,3.32502
18-Mar-2026,121.059,0.70411,1.2972,3.9472,2.65
18-Mar-2026,80.7058,0.789041,24.1176,28.2541,4.1365
18-Mar-2026,85.75,0.789041,19.9189,24.4882,4.56928
18-Mar-2026,90.7941,0.789041,16.0003,20.9006,4.90026
18-Mar-2026,95.8382,0.789041,12.4329,17.5184,5.08551
18-Mar-2026,100.882,0.789041,9.28661,14.3738,5.0872
18-Mar-2026,105.926,0.789041,6.62075,11.503,4.88226
18-Mar-2026,110.971,0.789041,4.47164,8.94555,4.47391
18-Mar-2026,116.015,0.789041,2.84083,6.74148,3.90065
18-Mar-2026,121.059,0.789041,1.68836,4.91996,3.2316
18-Mar-2026,80.7058,0.868493,24.5229,28.9975,4.47462
18-Mar-2026,85.75,0.868493,20.3765,25.295,4.91854
18-Mar-2026,90.7941,0.868493,16.5062,21.7665,5.26029
18-Mar-2026,95.8382,0.868493,12.9764,18.4357,5.4593
18-Mar-2026,100.882,0.868493,9.8489,15.3302,5.48132
18-Mar-2026,105.926,0.868493,7.17557,12.4804,5.30481
18-Mar-2026,110.971,0.868493,4.98825,9.91865,4.9304
18-Mar-2026,116.015,0.868493,3.28981,7.67801,4.3882
18-Mar-2026,121.059,0.868493,2.04888,5.78348,3.7346
18-Mar-2026,80.7058,0.945205,24.8935,29.6706,4.77707
18-Mar-2026,85.75,0.945205,20.7922,26.0237,5.23145
18-Mar-2026,90.7941,0.945205,16.9634,22.5467,5.58334
18-Mar-2026,95.8382,0.945205,13.4658,19.261,5.79517
18-Mar-2026,100.882,0.945205,10.3551,16.1904,5.83531
18-Mar-2026,105.926,0.945205,7.67713,13.361,5.68385
18-Mar-2026,110.971,0.945205,5.46034,10.8,5.33961
18-Mar-2026,116.015,0.945205,3.70813,8.53515,4.82702
18-Mar-2026,121.059,0.945205,2.39494,6.58803,4.19309
19-Mar-2026,80.5843,0.0219178,20.225,20.2263,0.00131919
19-Mar-2026,85.6208,0.0219178,15.1934,15.2065,0.0130985
19-Mar-2026,90.6573,0.0219178,10.1639,10.2474,0.0835231
19-Mar-2026,95.6938,0.0219178,5.22402,5.56745,0.343433
19-Mar-2026,100.73,0.0219178,1.32264,1.83396,0.511324
19-Mar-2026,105.767,0.0219178,0.0625412,0.149282,0.086741
19-Mar-2026,110.803,0.0219178,0.000151846,0.00164354,0.00149169
19-Mar-2026,115.84,0.0219178,1.04324e-08,7.97013e-06,7.9597e-06
19-Mar-2026,120.876,0.0219178,5.03636e-14,3.0397e-08,3.0397e-08
19-Mar-2026,80.5843,0.0383562,20.2908,20.3207,0.0298961
19-Mar-2026,85.6208,0.0383562,15.2647,15.3681,0.103434
19-Mar-2026,90.6573,0.0383562,10.2629,10.5628,0.29987
19-Mar-2026,95.6938,0.0383562,5.49674,6.1248,0.628064
19-Mar-2026,100.73,0.0383562,1.81858,2.49673,0.678155
19-Mar-2026,105.767,0.0383562,0.233664,0.432003,0.198339
19-Mar-2026,110.803,0.0383562,0.00630831,0.0263442,0.0200359
19-Mar-2026,115.84,0.0383562,2.64694e-05,0.00115445,0.00112798
19-Mar-2026,120.876,0.0383562,2.50611e-08,4.71089e-05,4.70839e-05
19-Mar-2026,80.5843,0.060274,20.3706,20.4927,0.12207
19-Mar-2026,85.6208,0.060274,15.3592,15.643,0.283817
19-Mar-2026,90.6573,0.060274,10.4219,10.9904,0.568522
19-Mar-2026,95.6938,0.060274,5.83707,6.71345,0.876376
19-Mar-2026,100.73,0.060274,2.2941,3.12333,0.829235
19-Mar-2026,105.767,0.060274,0.481946,0.802036,0.32009
19-Mar-2026,110.803,0.060274,0.0379504,0.105298,0.0673479
19-Mar-2026,115.84,0.060274,0.000934774,0.011847,0.0109122
19-Mar-2026,120.876,0.060274,8.94816e-06,0.0013282,0.00131925
19-Mar-2026,80.5843,0.0794521,20.454,20.7106,0.25657
19-Mar-2026,85.6208,0.0794521,15.4689,15.9552,0.486296
19-Mar-2026,90.6573,0.0794521,10.6088,11.4148,0.805971
19-Mar-2026,95.6938,0.0794521,6.16576,7.23482,1.06906
19-Mar-2026,100.73,0.0794521,2.70175,3.66184,0.960094
19-Mar-2026,105.767,0.0794521,0.740322,1.17961,0.439284
19-Mar-2026,110.803,0.0794521,0.0998039,0.229009,0.129205
19-Mar-2026,115.84,0.0794521,0.00583032,0.0404414,0.0346111
19-Mar-2026,120.876,0.0794521,0.000170457,0.00735703,0.00718658
19-Mar-2026,80.5843,0.0328767,20.2776,20.2982,0.0205547
19-Mar-2026,85.6208,0.0328767,15.2501,15.3294,0.0792702
19-Mar-2026,90.6573,0.0328767,10.2404,10.4942,0.253759
19-Mar-2026,95.6938,0.0328767,5.44009,6.01836,0.578272
19-Mar-2026,100.73,0.0328767,1.72916,2.37823,0.649069
19-Mar-2026,105.767,0.0328767,0.195247,0.372281,0.177034
19-Mar-2026,110.803,0.0328767,0.00392281,0.0183873,0.0144645
19-Mar-2026,115.84,0.0328767,1.00156e-05,0.00061761,0.000607594
19-Mar-2026,120.876,0.0328767,4.93549e-09,1.89454e-05,1.89405e-05
19-Mar-2026,80.5843,0.115068,20.5823,21.0594,0.477082
19-Mar-2026,85.6208,0.115068,15.6481,16.4135,0.76539
19-Mar-2026,90.6573,0.115068,10.8967,11.9876,1.09093
19-Mar-2026,95.6938,0.115068,6.60506,7.89863,1.29357
19-Mar-2026,100.73,0.115068,3.21054,4.34523,1.13469
19-Mar-2026,105.767,0.115068,1.10388,1.71661,0.612732
19-Mar-2026,110.803,0.115068,0.229404,0.462369,0.232965
19-Mar-2026,115.84,0.115068,0.0263685,0.115048,0.0886797
19-Mar-2026,120.876,0.115068,0.00183059,0.0301517,0.0283211
19-Mar-2026,80.5843,0.194521,20.943,21.9545,1.01153
19-Mar-2026,85.6208,0.194521,16.15,17.4956,1.34558
19-Mar-2026,90.6573,0.194521,11.6161,13.2505,1.63436
19-Mar-2026,95.6938,0.194521,7.55803,9.3058,1.74777
19-Mar-2026,100.73,0.194521,4.25237,5.80498,1.55261
19-Mar-2026,105.767,0.194521,1.94095,2.99903,1.05808
19-Mar-2026,110.803,0.194521,0.665828,1.22593,0.560106
19-Mar-2026,115.84,0.194521,0.163134,0.44931,0.286176
19-Mar-2026,120.876,0.194521,0.0293386,0.170965,0.141626
19-Mar-2026,80.5843,0.282192,21.3839,22.9108,1.52692
19-Mar-2026,85.6208,0.282192,16.7313,18.5963,1.86497
19-Mar-2026,90.6573,0.282192,12.3681,14.4893,2.12123
19-Mar-2026,95.6938,0.282192,8.46275,10.6608,2.1981
19-Mar-2026,100.73,0.282192,5.20983,7.22,2.01017
19-Mar-2026,105.767,0.282192,2.77886,4.33671,1.55785
19-Mar-2026,110.803,0.282192,1.22949,2.23878,1.00929
19-Mar-2026,115.84,0.282192,0.43645,1.03003,0.593582
19-Mar-2026,120.876,0.282192,0.124678,0.468305,0.343627
19-Mar-2026,80.5843,0.367123,21.8614,23.8637,2.00229
19-Mar-2026,85.6208,0.367123,17.3309,19.6705,2.3396
19-Mar-2026,90.6573,0.367123,13.0999,15.6799,2.58004
19-Mar-2026,95.6938,0.367123,9.30359,11.9512,2.64765
19-Mar-2026,100.73,0.367123,6.08933,8.56953,2.4802
19-Mar-2026,105.767,0.367123,3.58453,5.65576,2.07123
19-Mar-2026,110.803,0.367123,1.84647,3.36621,1.51974
19-Mar-2026,115.84,0.367123,0.813516,1.817,1.00348
19-Mar-2026,120.876,0.367123,0.304872,0.938038,0.633166
19-Mar-2026,80.5843,0.452055,22.3261,24.7495,2.42341
19-Mar-2026,85.6208,0.452055,17.8953,20.6577,2.76239
19-Mar-2026,90.6573,0.452055,13.7656,16.7639,2.99833
19-Mar-2026,95.6938,0.452055,10.0497,13.1186,3.06886
19-Mar-2026,100.73,0.452055,6.86601,9.79009,2.92408
19-Mar-2026,105.767,0.452055,4.31554,6.8695,2.55396
19-Mar-2026,110.803,0.452055,2.44907,4.4702,2.02113
19-Mar-2026,115.84,0.452055,1.23436,2.69052,1.45616
19-Mar-2026,120.876,0.452055,0.548449,1.53445,0.986003
19-Mar-2026,80.5843,0.534247,22.7803,25.592,2.81174
19-Mar-2026,85.6208,0.534247,18.4344,21.5894,3.15503
19-Mar-2026,90.6573,0.534247,14.3878,17.7803,3.39251
19-Mar-2026,95.6938,0.534247,10.7368,14.2079,3.47109
19-Mar-2026,100.73,0.534247,7.57967,10.9284,3.34876
19-Mar-2026,105.767,0.534247,4.99896,8.0128,3.01384
19-Mar-2026,110.803,0.534247,3.03877,5.54674,2.50797
19-Mar-2026,115.84,0.534247,1.68182,3.60903,1.92721
19-Mar-2026,120.876,0.534247,0.84142,2.22969,1.38827
19-Mar-2026,80.5843,0.616438,23.2524,26.4513,3.19894
19-Mar-2026,85.6208,0.616438,18.9853,22.5341,3.54875
19-Mar-2026,90.6573,0.616438,15.0139,18.8054,3.7915
19-Mar-2026,95.6938,0.616438,11.4211,15.3024,3.88131
19-Mar-2026,100.73,0.616438,8.28941,12.0715,3.78206
19-Mar-2026,105.767,0.616438,5.68706,9.16843,3.48137
19-Mar-2026,110.803,0.616438,3.65171,6.65913,3.00742
19-Mar-2026,115.84,0.616438,2.17455,4.6053,2.43075
19-Mar-2026,120.876,0.616438,1.19343,3.04322,1.84979
19-Mar-2026,80.5843,0.70137,23.708,27.2688,3.56076
19-Mar-2026,85.6208,0.70137,19.5101,23.4283,3.91819
19-Mar-2026,90.6573,0.70137,15.6033,19.7717,4.16841
19-Mar-2026,95.6938,0.70137,12.0605,16.331,4.27053
19-Mar-2026,100.73,0.70137,8.95202,13.1451,4.19305
19-Mar-2026,105.767,0.70137,6.33536,10.2589,3.92355
19-Mar-2026,110.803,0.70137,4.24283,7.72461,3.48178
19-Mar-2026,115.84,0.70137,2.67008,5.591,2.92092
19-Mar-2026,120.876,0.70137,1.57076,3.89279,2.32203
19-Mar-2026,80.5843,0.786301,24.1986,28.1379,3.93928
19-Mar-2026,85.6208,0.786301,20.0691,24.3752,4.3061
19-Mar-2026,90.6573,0.786301,16.2254,20.7913,4.56589
19-Mar-2026,95.6938,0.786301,12.7312,17.4136,4.68238
19-Mar-2026,100.73,0.786301,9.64659,14.2744,4.62782
19-Mar-2026,105.767,0.786301,7.01979,11.41,4.39018
19-Mar-2026,110.803,0.786301,4.87816,8.86143,3.98327
19-Mar-2026,115.84,0.786301,3.21997,6.66697,3.447
19-Mar-2026,120.876,0.786301,2.01038,4.85698,2.8466
19-Mar-2026,80.5843,0.865753,24.6197,28.8761,4.25645
19-Mar-2026,85.6208,0.865753,20.5448,25.1768,4.63203
19-Mar-2026,90.6573,0.865753,16.7511,21.6519,4.90083
19-Mar-2026,95.6938,0.865753,13.2954,18.3255,5.03012
19-Mar-2026,100.73,0.865753,10.2305,15.2254,4.99485
19-Mar-2026,105.767,0.865753,7.59833,12.3817,4.78335
19-Mar-2026,110.803,0.865753,5.4225,9.82852,4.40602
19-Mar-2026,115.84,0.865753,3.70247,7.59697,3.8945
19-Mar-2026,120.876,0.865753,2.41038,5.71336,3.30298
19-Mar-2026,80.5843,0.942466,25.0043,29.5445,4.54025
19-Mar-2026,85.6208,0.942466,20.9766,25.9007,4.92411
19-Mar-2026,90.6573,0.942466,17.2256,22.4274,5.20177
19-Mar-2026,95.6938,0.942466,13.8029,19.1459,5.34302
19-Mar-2026,100.73,0.942466,10.7556,16.0806,5.32496
19-Mar-2026,105.767,0.942466,8.12055,13.2571,5.13657
19-Mar-2026,110.803,0.942466,5.91859,10.7044,4.78579
19-Mar-2026,115.84,0.942466,4.14972,8.44825,4.29853
19-Mar-2026,120.876,0.942466,2.79075,6.51155,3.7208
20-Mar-2026,80.4233,0.0191781,20.178,20.1789,0.000893624
20-Mar-2026,85.4498,0.0191781,15.1561,15.1651,0.009018
20-Mar-2026,90.4762,0.0191781,10.1351,10.2017,0.0665888
20-Mar-2026,95.5027,0.0191781,5.17932,5.49802,0.3187
20-Mar-2026,100.529,0.0191781,1.22037,1.75115,0.530779
20-Mar-2026,105.556,0.0191781,0.0396318,0.124424,0.0847926
20-Mar-2026,110.582,0.0191781,3.4376e-05,0.00098106,0.000946684
20-Mar-2026,115.608,0.0191781,4.59809e-10,3.07572e-06,3.07526e-06
20-Mar-2026,80.4233,0.0356164,20.2437,20.2689,0.0251536
20-Mar-2026,85.4498,0.0356164,15.2266,15.3179,0.0913293
20-Mar-2026,90.4762,0.0356164,10.2272,10.5074,0.280237
20-Mar-2026,95.5027,0.0356164,5.43175,6.05991,0.62816
20-Mar-2026,100.529,0.0356164,1.7109,2.43328,0.722381
20-Mar-2026,105.556,0.0356164,0.182123,0.401212,0.219089
20-Mar-2026,110.582,0.0356164,0.00307297,0.0221232,0.0190502
20-Mar-2026,115.608,0.0356164,6.39826e-06,0.000854627,0.000848229
20-Mar-2026,120.635,0.0356164,2.92605e-09,3.04205e-05,3.04176e-05
20-Mar-2026,80.4233,0.0575342,20.323,20.4356,0.112577
20-Mar-2026,85.4498,0.0575342,15.3182,15.5871,0.268918
20-Mar-2026,90.4762,0.0575342,10.3749,10.9329,0.557959
20-Mar-2026,95.5027,0.0575342,5.75482,6.65412,0.899301
20-Mar-2026,100.529,0.0575342,2.17354,3.06914,0.895602
20-Mar-2026,105.556,0.0575342,0.401504,0.769213,0.367709
20-Mar-2026,110.582,0.0575342,0.0234303,0.0966428,0.0732125
20-Mar-2026,115.608,0.0575342,0.00037757,0.0103216,0.00994406
20-Mar-2026,120.635,0.0575342,2.39941e-06,0.00109334,0.00109094
20-Mar-2026,80.4233,0.0767123,20.4051,20.6501,0.245009
20-Mar-2026,85.4498,0.0767123,15.4231,15.8969,0.473782
20-Mar-2026,90.4762,0.0767123,10.5504,11.3574,0.80704
20-Mar-2026,95.5027,0.0767123,6.06893,7.17912,1.11019
20-Mar-2026,100.529,0.0767123,2.56642,3.61196,1.04554
20-Mar-2026,105.556,0.0767123,0.633646,1.14573,0.512083
20-Mar-2026,110.582,0.0767123,0.067786,0.21682,0.149034
20-Mar-2026,115.608,0.0767123,0.00288411,0.0372331,0.034349
20-Mar-2026,120.635,0.0767123,6.30666e-05,0.00656828,0.00650522
20-Mar-2026,80.4233,0.0958904,20.4699,20.8294,0.359474
20-Mar-2026,85.4498,0.0958904,15.5107,16.1381,0.62745
20-Mar-2026,90.4762,0.0958904,10.6926,11.6655,0.972937
20-Mar-2026,95.5027,0.0958904,6.2951,7.54099,1.24589
20-Mar-2026,100.529,0.0958904,2.83217,3.98424,1.15207
20-Mar-2026,105.556,0.0958904,0.80824,1.42946,0.621217
20-Mar-2026,110.582,0.0958904,0.115368,0.330604,0.215236
20-Mar-2026,115.608,0.0958904,0.00771285,0.0704964,0.0627835
20-Mar-2026,120.635,0.0958904,0.000298201,0.0156841,0.0153859
20-Mar-2026,80.4233,0.030137,20.2305,20.2473,0.0168165
20-Mar-2026,85.4498,0.030137,15.2123,15.2806,0.0683367
20-Mar-2026,90.4762,0.030137,10.2064,10.4398,0.233443
20-Mar-2026,95.5027,0.030137,5.3785,5.95238,0.57388
20-Mar-2026,100.529,0.030137,1.62321,2.31224,0.68903
20-Mar-2026,105.556,0.030137,0.148993,0.342113,0.19312
20-Mar-2026,110.582,0.030137,0.00177037,0.0149687,0.0131983
20-Mar-2026,115.608,0.030137,2.04783e-06,0.000431449,0.000429401
20-Mar-2026,120.635,0.030137,4.38114e-10,1.12126e-05,1.12122e-05
20-Mar-2026,80.4233,0.112329,20.5303,20.9963,0.466022
20-Mar-2026,85.4498,0.112329,15.5942,16.3539,0.759716
20-Mar-2026,90.4762,0.112329,10.8232,11.9312,1.10798
20-Mar-2026,95.5027,0.112329,6.48935,7.8458,1.35645
20-Mar-2026,100.529,0.112329,3.05315,4.29821,1.24506
20-Mar-2026,105.556,0.112329,0.96205,1.68166,0.719609
20-Mar-2026,110.582,0.112329,0.166288,0.446121,0.279833
20-Mar-2026,115.608,0.112329,0.0149351,0.109381,0.0944458
20-Mar-2026,120.635,0.112329,0.000835661,0.0282118,0.0273762
20-Mar-2026,80.4233,0.191781,20.8803,21.889,1.00867
20-Mar-2026,85.4498,0.191781,16.0753,17.4351,1.35981
20-Mar-2026,90.4762,0.191781,11.5099,13.1949,1.68503
20-Mar-2026,95.5027,0.191781,7.39985,9.25514,1.85529
20-Mar-2026,100.529,0.191781,4.04025,5.75984,1.71959
20-Mar-2026,105.556,0.191781,1.71903,2.96216,1.24313
20-Mar-2026,110.582,0.191781,0.514167,1.2023,0.688131
20-Mar-2026,115.608,0.191781,0.104803,0.437881,0.333078
20-Mar-2026,120.635,0.191781,0.016069,0.165672,0.149603
20-Mar-2026,80.4233,0.279452,21.3088,22.8438,1.53502
20-Mar-2026,85.4498,0.279452,16.635,18.5349,1.8999
20-Mar-2026,90.4762,0.279452,12.2295,14.4334,2.20388
20-Mar-2026,95.5027,0.279452,8.26077,10.6101,2.34932
20-Mar-2026,100.529,0.279452,4.9396,7.17465,2.23505
20-Mar-2026,105.556,0.279452,2.47684,4.29818,1.82134
20-Mar-2026,110.582,0.279452,0.978168,2.20999,1.23182
20-Mar-2026,115.608,0.279452,0.296737,1.01264,0.715903
20-Mar-2026,120.635,0.279452,0.0730943,0.458847,0.385752
20-Mar-2026,80.4233,0.364384,21.7738,23.7954,2.02157
20-Mar-2026,85.4498,0.364384,17.2134,19.608,2.3946
20-Mar-2026,90.4762,0.364384,12.9296,15.623,2.69344
20-Mar-2026,95.5027,0.364384,9.05822,11.8997,2.84145
20-Mar-2026,100.529,0.364384,5.76232,8.52333,2.76101
20-Mar-2026,105.556,0.364384,3.20736,5.61571,2.40835
20-Mar-2026,110.582,0.364384,1.49791,3.33397,1.83606
20-Mar-2026,115.608,0.364384,0.574422,1.79446,1.22004
20-Mar-2026,120.635,0.364384,0.186244,0.923924,0.73768
20-Mar-2026,80.4233,0.449315,22.2268,24.68,2.45316
20-Mar-2026,85.4498,0.449315,17.7581,20.594,2.83593
20-Mar-2026,90.4762,0.449315,13.5658,16.706,3.14015
20-Mar-2026,95.5027,0.449315,9.7646,13.066,3.30138
20-Mar-2026,100.529,0.449315,6.48829,9.74286,3.25457
20-Mar-2026,105.556,0.449315,3.87323,6.82807,2.95484
20-Mar-2026,110.582,0.449315,2.01533,4.43554,2.42021
20-Mar-2026,115.608,0.449315,0.89717,2.66417,1.767
20-Mar-2026,120.635,0.449315,0.34656,1.51605,1.16949
20-Mar-2026,80.4233,0.531507,22.6696,25.5213,2.85173
20-Mar-2026,85.4498,0.531507,18.2782,21.5246,3.24643
20-Mar-2026,90.4762,0.531507,14.1603,17.7212,3.56092
20-Mar-2026,95.5027,0.531507,10.415,14.1542,3.73924
20-Mar-2026,100.529,0.531507,7.15619,10.8801,3.7239
20-Mar-2026,105.556,0.531507,4.49918,7.97004,3.47086
20-Mar-2026,110.582,0.531507,2.5299,5.51015,2.98025
20-Mar-2026,115.608,0.531507,1.25233,3.57978,2.32745
20-Mar-2026,120.635,0.531507,0.548695,2.20761,1.65891
20-Mar-2026,80.4233,0.613699,23.1297,26.3794,3.24974
20-Mar-2026,85.4498,0.613699,18.8096,22.4681,3.65846
20-Mar-2026,90.4762,0.613699,14.7584,18.7451,3.98674
20-Mar-2026,95.5027,0.613699,11.0633,15.2476,4.18429
20-Mar-2026,100.529,0.613699,7.82209,12.0219,4.19984
20-Mar-2026,105.556,0.613699,5.13318,9.12431,3.99113
20-Mar-2026,110.582,0.613699,3.07248,6.62076,3.54828
20-Mar-2026,115.608,0.613699,1.6553,4.57358,2.91828
20-Mar-2026,120.635,0.613699,0.803,3.01789,2.21489
20-Mar-2026,80.4233,0.69863,23.5737,27.1957,3.62201
20-Mar-2026,85.4498,0.69863,19.3157,23.3611,4.04545
20-Mar-2026,90.4762,0.69863,15.3221,19.7103,4.38819
20-Mar-2026,95.5027,0.69863,11.6702,16.275,4.60484
20-Mar-2026,100.529,0.69863,8.44577,13.0943,4.64855
20-Mar-2026,105.556,0.69863,5.73418,10.2135,4.47929
20-Mar-2026,110.582,0.69863,3.60245,7.68464,4.08219
20-Mar-2026,115.608,0.69863,2.07111,5.55722,3.48611
20-Mar-2026,120.635,0.69863,1.08733,3.86478,2.77745
20-Mar-2026,80.4233,0.783562,24.0516,28.0636,4.01202
20-Mar-2026,85.4498,0.783562,19.855,24.3068,4.45182
20-Mar-2026,90.4762,0.783562,15.9176,20.7286,4.81101
20-Mar-2026,95.5027,0.783562,12.3082,17.3563,5.04811
20-Mar-2026,100.529,0.783562,9.10197,14.2223,5.12036
20-Mar-2026,105.556,0.783562,6.37258,11.3631,4.99052
20-Mar-2026,110.582,0.783562,4.1787,8.81982,4.64112
20-Mar-2026,115.608,0.783562,2.543,6.6312,4.0882
20-Mar-2026,120.635,0.783562,1.43144,4.82647,3.39503
20-Mar-2026,80.4233,0.863014,24.4618,28.8009,4.33905
20-Mar-2026,85.4498,0.863014,20.3144,25.1074,4.79298
20-Mar-2026,90.4762,0.863014,16.4217,21.5881,5.16645
20-Mar-2026,95.5027,0.863014,12.8463,18.2671,5.42082
20-Mar-2026,100.529,0.863014,9.65574,15.1721,5.51637
20-Mar-2026,105.556,0.863014,6.9153,12.3336,5.41827
20-Mar-2026,110.582,0.863014,4.67737,9.78553,5.10816
20-Mar-2026,115.608,0.863014,2.96482,7.5596,4.59478
20-Mar-2026,120.635,0.863014,1.75464,5.68091,3.92627
20-Mar-2026,80.4233,0.939726,24.8365,29.4683,4.6318
20-Mar-2026,85.4498,0.939726,20.7317,25.8303,5.09857
20-Mar-2026,90.4762,0.939726,16.8774,22.3626,5.48518
20-Mar-2026,95.5027,0.939726,13.3316,19.0865,5.75488
20-Mar-2026,100.529,0.939726,10.1553,16.0262,5.87095
20-Mar-2026,105.556,0.939726,7.40756,13.2079,5.80031
20-Mar-2026,110.582,0.939726,5.13548,10.6602,5.52467
20-Mar-2026,115.608,0.939726,3.36144,8.40948,5.04804
20-Mar-2026,120.635,0.939726,2.06961,6.47746,4.40785
23-Mar-2026,86.9544,0.0109589,15.3732,15.3729,0.000319518
23-Mar-2026,92.0693,0.0109589,10.2599,10.2607,0.000812112
23-Mar-2026,97.1843,0.0109589,5.14952,5.20332,0.0538047
23-Mar-2026,102.299,0.0109589,0.765659,1.06677,0.301107
23-Mar-2026,107.414,0.0109589,0.00101478,0.00647633,0.00546155
23-Mar-2026,112.529,0.0109589,1.14165e-10,5.7553e-08,5.74388e-08
23-Mar-2026,81.8394,0.0273973,20.5662,20.574,0.00775706
23-Mar-2026,86.9544,0.0273973,15.4581,15.4981,0.039992
23-Mar-2026,92.0693,0.0273973,10.3581,10.5244,0.166332
23-Mar-2026,97.1843,0.0273973,5.41377,5.88751,0.47374
23-Mar-2026,102.299,0.0273973,1.56602,2.1555,0.589484
23-Mar-2026,107.414,0.0273973,0.126879,0.260475,0.133596
23-Mar-2026,112.529,0.0273973,0.00116254,0.00726738,0.00610484
23-Mar-2026,117.644,0.0273973,7.926e-07,0.000117858,0.000117065
23-Mar-2026,122.759,0.0273973,7.0276e-11,1.65125e-06,1.65118e-06
23-Mar-2026,81.8394,0.0493151,20.6462,20.7164,0.0701993
23-Mar-2026,86.9544,0.0493151,15.548,15.7388,0.190827
23-Mar-2026,92.0693,0.0493151,10.4992,10.9421,0.44289
23-Mar-2026,97.1843,0.0493151,5.75846,6.52851,0.770047
23-Mar-2026,102.299,0.0493151,2.102,2.86842,0.76642
23-Mar-2026,107.414,0.0493151,0.3603,0.624718,0.264418
23-Mar-2026,112.529,0.0493151,0.0183135,0.060334,0.0420205
23-Mar-2026,117.644,0.0493151,0.000223895,0.00468473,0.00446083
23-Mar-2026,122.759,0.0493151,8.93579e-07,0.000352761,0.000351867
23-Mar-2026,81.8394,0.0684932,20.7076,20.8628,0.155161
23-Mar-2026,86.9544,0.0684932,15.6243,15.9627,0.338435
23-Mar-2026,92.0693,0.0684932,10.6306,11.2695,0.638937
23-Mar-2026,97.1843,0.0684932,6.01507,6.95477,0.939704
23-Mar-2026,102.299,0.0684932,2.43804,3.31408,0.876039
23-Mar-2026,107.414,0.0684932,0.551049,0.909731,0.358682
23-Mar-2026,112.529,0.0684932,0.0501232,0.134469,0.0843462
23-Mar-2026,117.644,0.0684932,0.00158706,0.0174114,0.0158244
23-Mar-2026,122.759,0.0684932,2.19377e-05,0.00226879,0.00224685
23-Mar-2026,81.8394,0.0876712,20.7935,21.0918,0.298288
23-Mar-2026,86.9544,0.0876712,15.7399,16.2839,0.543989
23-Mar-2026,92.0693,0.0876712,10.8257,11.6964,0.870735
23-Mar-2026,97.1843,0.0876712,6.34377,7.47058,1.12681
23-Mar-2026,102.299,0.0876712,2.83504,3.8457,1.01066
23-Mar-2026,107.414,0.0876712,0.807513,1.29366,0.486151
23-Mar-2026,112.529,0.0876712,0.116499,0.269618,0.153119
23-Mar-2026,117.644,0.0876712,0.00770686,0.0514749,0.043768
23-Mar-2026,122.759,0.0876712,0.000276222,0.0101783,0.00990204
23-Mar-2026,81.8394,0.0219178,20.5264,20.5266,0.000228446
23-Mar-2026,86.9544,0.0219178,15.4156,15.4213,0.00566368
23-Mar-2026,92.0693,0.0219178,10.3055,10.3568,0.051268
23-Mar-2026,97.1843,0.0219178,5.25774,5.53482,0.277077
23-Mar-2026,102.299,0.0219178,1.22646,1.69755,0.471087
23-Mar-2026,107.414,0.0219178,0.0395472,0.102911,0.0633642
23-Mar-2026,112.529,0.0219178,3.58843e-05,0.000544647,0.000508763
23-Mar-2026,117.644,0.0219178,4.49221e-10,1.01054e-06,1.01009e-06
23-Mar-2026,81.8394,0.10411,20.8544,21.2574,0.403008
23-Mar-2026,86.9544,0.10411,15.8251,16.5028,0.677736
23-Mar-2026,92.0693,0.10411,10.963,11.9714,1.00843
23-Mar-2026,97.1843,0.10411,6.55374,7.79006,1.23632
23-Mar-2026,102.299,0.10411,3.07692,4.17446,1.09754
23-Mar-2026,107.414,0.10411,0.976584,1.55022,0.573639
23-Mar-2026,112.529,0.10411,0.173313,0.37872,0.205407
23-Mar-2026,117.644,0.10411,0.0158554,0.0854708,0.0696154
23-Mar-2026,122.759,0.10411,0.000860838,0.0202052,0.0193444
23-Mar-2026,81.8394,0.183562,21.2131,22.16,0.94689
23-Mar-2026,86.9544,0.183562,16.3264,17.6081,1.28173
23-Mar-2026,92.0693,0.183562,11.6917,13.2747,1.58296
23-Mar-2026,97.1843,0.183562,7.53226,9.25032,1.71806
23-Mar-2026,102.299,0.183562,4.14464,5.68698,1.54234
23-Mar-2026,107.414,0.183562,1.80265,2.85542,1.05277
23-Mar-2026,112.529,0.183562,0.564487,1.11651,0.55202
23-Mar-2026,117.644,0.183562,0.122046,0.393083,0.271037
23-Mar-2026,122.759,0.183562,0.0195579,0.14449,0.124932
23-Mar-2026,81.8394,0.271233,21.6601,23.1328,1.47275
23-Mar-2026,86.9544,0.271233,16.9167,18.7329,1.81619
23-Mar-2026,92.0693,0.271233,12.4566,14.5447,2.08808
23-Mar-2026,97.1843,0.271233,8.451,10.6419,2.19087
23-Mar-2026,102.299,0.271233,5.10709,7.13946,2.03237
23-Mar-2026,107.414,0.271233,2.6211,4.21913,1.59803
23-Mar-2026,112.529,0.271233,1.08099,2.12416,1.04317
23-Mar-2026,117.644,0.271233,0.348044,0.952243,0.604199
23-Mar-2026,122.759,0.271233,0.0907248,0.424485,0.333761
23-Mar-2026,81.8394,0.356164,22.1263,24.0605,1.93423
23-Mar-2026,86.9544,0.356164,17.5012,19.7813,2.28013
23-Mar-2026,92.0693,0.356164,13.1673,15.709,2.54165
23-Mar-2026,97.1843,0.356164,9.26221,11.9053,2.64311
23-Mar-2026,102.299,0.356164,5.94546,8.4608,2.51534
23-Mar-2026,107.414,0.356164,3.37059,5.50578,2.13519
23-Mar-2026,112.529,0.356164,1.62643,3.20871,1.58228
23-Mar-2026,117.644,0.356164,0.653173,1.68992,1.03674
23-Mar-2026,122.759,0.356164,0.222172,0.854507,0.632335
23-Mar-2026,81.8394,0.441096,22.6029,24.9637,2.36077
23-Mar-2026,86.9544,0.441096,18.0774,20.7897,2.71229
23-Mar-2026,92.0693,0.441096,13.8426,16.8179,2.97529
23-Mar-2026,97.1843,0.441096,10.013,13.1008,3.08783
23-Mar-2026,102.299,0.441096,6.71795,9.711,2.99305
23-Mar-2026,107.414,0.441096,4.0827,6.74592,2.66322
23-Mar-2026,112.529,0.441096,2.18927,4.32677,2.1375
23-Mar-2026,117.644,0.441096,1.01742,2.55814,1.54072
23-Mar-2026,122.759,0.441096,0.41258,1.43392,1.02134
23-Mar-2026,81.8394,0.523288,23.0694,25.8227,2.75328
23-Mar-2026,86.9544,0.523288,18.6274,21.7409,3.11355
23-Mar-2026,92.0693,0.523288,14.4724,17.8568,3.38441
23-Mar-2026,97.1843,0.523288,10.7025,14.2153,3.51279
23-Mar-2026,102.299,0.523288,7.42647,10.8758,3.44931
23-Mar-2026,107.414,0.523288,4.74956,7.91395,3.16439
23-Mar-2026,112.529,0.523288,2.7454,5.42068,2.67528
23-Mar-2026,117.644,0.523288,1.41356,3.48049,2.06693
23-Mar-2026,122.759,0.523288,0.649041,2.12,1.47096
23-Mar-2026,81.8394,0.605479,23.5761,26.738,3.16193
23-Mar-2026,86.9544,0.605479,19.214,22.7482,3.53417
23-Mar-2026,92.0693,0.605479,15.1332,18.9508,3.81756
23-Mar-2026,97.1843,0.605479,11.4187,15.3841,3.96536
23-Mar-2026,102.299,0.605479,8.16243,12.0965,3.93409
23-Mar-2026,107.414,0.605479,5.45308,9.14698,3.6939
23-Mar-2026,112.529,0.605479,3.35523,6.6039,3.24867
23-Mar-2026,117.644,0.605479,1.87931,4.53304,2.65373
23-Mar-2026,122.759,0.605479,0.956362,2.97014,2.01378
23-Mar-2026,81.8394,0.690411,24.0435,27.5704,3.52687
23-Mar-2026,86.9544,0.690411,19.7476,23.6594,3.91177
23-Mar-2026,92.0693,0.690411,15.7275,19.936,4.20848
23-Mar-2026,97.1843,0.690411,12.0582,16.4333,4.37506
23-Mar-2026,102.299,0.690411,8.81994,13.1917,4.37177
23-Mar-2026,107.414,0.690411,6.089,10.2588,4.16978
23-Mar-2026,112.529,0.690411,3.92244,7.68823,3.76579
23-Mar-2026,117.644,0.690411,2.33539,5.53231,3.19692
23-Mar-2026,122.759,0.690411,1.28105,3.82578,2.54473
23-Mar-2026,81.8394,0.775342,24.5463,28.4553,3.90903
23-Mar-2026,86.9544,0.775342,20.3156,24.6241,4.30849
23-Mar-2026,92.0693,0.775342,16.3546,20.9753,4.62065
23-Mar-2026,97.1843,0.775342,12.7298,17.5371,4.80731
23-Mar-2026,102.299,0.775342,9.51073,14.3434,4.83264
23-Mar-2026,107.414,0.775342,6.76319,11.4321,4.66892
23-Mar-2026,112.529,0.775342,4.5369,8.84556,4.30866
23-Mar-2026,117.644,0.775342,2.84902,6.62475,3.77573
23-Mar-2026,122.759,0.775342,1.66874,4.80021,3.13147
23-Mar-2026,81.8394,0.854795,24.9568,29.1708,4.21396
23-Mar-2026,86.9544,0.854795,20.7756,25.4014,4.62576
23-Mar-2026,92.0693,0.854795,16.8594,21.8101,4.95075
23-Mar-2026,97.1843,0.854795,13.2683,18.4221,5.15377
23-Mar-2026,102.299,0.854795,10.065,15.2663,5.20126
23-Mar-2026,107.414,0.854795,7.30781,12.3748,5.06699
23-Mar-2026,112.529,0.854795,5.04132,9.78274,4.74142
23-Mar-2026,117.644,0.854795,3.28298,7.52395,4.24097
23-Mar-2026,122.759,0.854795,2.01095,5.62503,3.61408
23-Mar-2026,81.8394,0.931507,25.3714,29.8875,4.5161
23-Mar-2026,86.9544,0.931507,21.2376,26.178,4.94038
23-Mar-2026,92.0693,0.931507,17.3639,22.6424,5.27853
23-Mar-2026,97.1843,0.931507,13.8051,19.3029,5.49777
23-Mar-2026,102.299,0.931507,10.6177,16.1845,5.5668
23-Mar-2026,107.414,0.931507,7.85372,13.3145,5.46077
23-Mar-2026,112.529,0.931507,5.55295,10.722,5.1691
23-Mar-2026,117.644,0.931507,3.73253,8.43528,4.70275
23-Mar-2026,122.759,0.931507,2.37705,6.47696,4.09991
24-Mar-2026,82.1345,0.00821918,20.5532,20.5531,9.42247e-05
24-Mar-2026,87.2679,0.00821918,15.4211,15.4209,0.000168575
24-Mar-2026,92.4013,0.00821918,10.2889,10.2889,1.63902e-05
24-Mar-2026,97.5347,0.00821918,5.15773,5.18242,0.0246932
24-Mar-2026,102.668,0.00821918,0.692696,0.925359,0.232663
24-Mar-2026,107.802,0.00821918,0.000339134,0.00176352,0.00142438
24-Mar-2026,112.935,0.00821918,2.44462e-12,4.77462e-10,4.75017e-10
24-Mar-2026,118.068,0.00821918,2.35309e-15,1.43208e-15,9.21013e-16
24-Mar-2026,123.202,0.00821918,2.39539e-15,1.40165e-15,9.93745e-16
24-Mar-2026,82.1345,0.0246575,20.6316,20.6373,0.0057174
24-Mar-2026,87.2679,0.0246575,15.5045,15.5367,0.0321629
24-Mar-2026,92.4013,0.0246575,10.3857,10.5289,0.143222
24-Mar-2026,97.5347,0.0246575,5.42749,5.84892,0.421429
24-Mar-2026,102.668,0.0246575,1.58358,2.0919,0.508316
24-Mar-2026,107.802,0.0246575,0.136638,0.232574,0.0959356
24-Mar-2026,112.935,0.0246575,0.00152764,0.00537528,0.00384764
24-Mar-2026,118.068,0.0246575,1.37196e-06,6.84438e-05,6.70718e-05
24-Mar-2026,123.202,0.0246575,1.43297e-10,7.38429e-07,7.38286e-07
24-Mar-2026,82.1345,0.0465753,20.7103,20.773,0.0627148
24-Mar-2026,87.2679,0.0465753,15.5936,15.7685,0.174938
24-Mar-2026,92.4013,0.0465753,10.5311,10.9413,0.410205
24-Mar-2026,97.5347,0.0465753,5.79339,6.49836,0.704972
24-Mar-2026,102.668,0.0465753,2.1538,2.82258,0.668783
24-Mar-2026,107.802,0.0465753,0.396185,0.594191,0.198006
24-Mar-2026,112.935,0.0465753,0.02408,0.0538414,0.0297614
24-Mar-2026,118.068,0.0465753,0.000381729,0.00386776,0.00348603
24-Mar-2026,123.202,0.0465753,1.92108e-06,0.000267835,0.000265914
24-Mar-2026,82.1345,0.0657534,20.7708,20.9155,0.144735
24-Mar-2026,87.2679,0.0657534,15.6707,15.9894,0.318663
24-Mar-2026,92.4013,0.0657534,10.6687,11.2688,0.600124
24-Mar-2026,97.5347,0.0657534,6.06438,6.92958,0.865199
24-Mar-2026,102.668,0.0657534,2.5077,3.27486,0.767162
24-Mar-2026,107.802,0.0657534,0.605031,0.878922,0.273891
24-Mar-2026,112.935,0.0657534,0.0641521,0.12506,0.0609083
24-Mar-2026,118.068,0.0657534,0.00253657,0.0154937,0.0129572
24-Mar-2026,123.202,0.0657534,4.32304e-05,0.00192478,0.00188155
24-Mar-2026,82.1345,0.0849315,20.8566,21.1413,0.284684
24-Mar-2026,87.2679,0.0849315,15.7894,16.3088,0.519384
24-Mar-2026,92.4013,0.0849315,10.8737,11.697,0.823325
24-Mar-2026,97.5347,0.0849315,6.40963,7.45008,1.04045
24-Mar-2026,102.668,0.0849315,2.92353,3.8118,0.888266
24-Mar-2026,107.802,0.0849315,0.882526,1.2629,0.380371
24-Mar-2026,112.935,0.0849315,0.144628,0.257111,0.112483
24-Mar-2026,118.068,0.0849315,0.0114927,0.0478838,0.0363911
24-Mar-2026,123.202,0.0849315,0.000492481,0.00921686,0.00872438
24-Mar-2026,82.1345,0.0191781,20.5924,20.5925,0.00014642
24-Mar-2026,87.2679,0.0191781,15.4627,15.4661,0.00342725
24-Mar-2026,92.4013,0.0191781,10.3336,10.3707,0.0371121
24-Mar-2026,97.5347,0.0191781,5.26311,5.49394,0.230831
24-Mar-2026,102.668,0.0191781,1.21563,1.61403,0.398402
24-Mar-2026,107.802,0.0191781,0.0390779,0.0808744,0.0417965
24-Mar-2026,112.935,0.0191781,3.81157e-05,0.000263801,0.000225685
24-Mar-2026,118.068,0.0191781,4.8671e-10,2.58335e-07,2.57848e-07
24-Mar-2026,123.202,0.0191781,4.51493e-16,1.74076e-10,1.74076e-10
24-Mar-2026,82.1345,0.10137,20.9179,21.3055,0.387627
24-Mar-2026,87.2679,0.10137,15.8774,16.5273,0.649909
24-Mar-2026,92.4013,0.10137,11.0178,11.973,0.955195
24-Mar-2026,97.5347,0.10137,6.62924,7.77182,1.14258
24-Mar-2026,102.668,0.10137,3.17595,4.14293,0.966984
24-Mar-2026,107.802,0.10137,1.06391,1.51957,0.455662
24-Mar-2026,112.935,0.10137,0.211691,0.364466,0.152775
24-Mar-2026,118.068,0.10137,0.0228137,0.0807672,0.0579535
24-Mar-2026,123.202,0.10137,0.00145625,0.0187224,0.0172661
24-Mar-2026,82.1345,0.180822,21.2842,22.2052,0.920998
24-Mar-2026,87.2679,0.180822,16.3977,17.6327,1.235
24-Mar-2026,92.4013,0.180822,11.7777,13.2797,1.50204
24-Mar-2026,97.5347,0.180822,7.64585,9.23827,1.59242
24-Mar-2026,102.668,0.180822,4.28377,5.66187,1.3781
24-Mar-2026,107.802,0.180822,1.9383,2.82567,0.887375
24-Mar-2026,112.935,0.180822,0.654044,1.09541,0.441364
24-Mar-2026,118.068,0.180822,0.15723,0.38292,0.22569
24-Mar-2026,123.202,0.180822,0.0281251,0.139887,0.111762
24-Mar-2026,82.1345,0.268493,21.7438,23.1769,1.43314
24-Mar-2026,87.2679,0.268493,17.0086,18.7577,1.74915
24-Mar-2026,92.4013,0.268493,12.5692,14.5515,1.98226
24-Mar-2026,97.5347,0.268493,8.59309,10.6327,2.03957
24-Mar-2026,102.668,0.268493,5.27543,7.11755,1.84212
24-Mar-2026,107.802,0.268493,2.79199,4.19049,1.3985
24-Mar-2026,112.935,0.268493,1.21525,2.0987,0.883448
24-Mar-2026,118.068,0.268493,0.422464,0.936246,0.513782
24-Mar-2026,123.202,0.268493,0.119738,0.415919,0.296181
24-Mar-2026,82.1345,0.353425,22.2229,24.1038,1.88093
24-Mar-2026,87.2679,0.353425,17.6106,19.8062,2.19561
24-Mar-2026,92.4013,0.353425,13.3002,15.7166,2.4164
24-Mar-2026,97.5347,0.353425,9.42529,11.8977,2.47244
24-Mar-2026,102.668,0.353425,6.135,8.44087,2.30587
24-Mar-2026,107.802,0.353425,3.56664,5.47817,1.91153
24-Mar-2026,112.935,0.353425,1.79466,3.18106,1.3864
24-Mar-2026,118.068,0.353425,0.765036,1.6689,0.903863
24-Mar-2026,123.202,0.353425,0.27863,0.841399,0.562769
24-Mar-2026,82.1345,0.438356,22.7115,25.0063,2.29477
24-Mar-2026,87.2679,0.438356,18.2019,20.8145,2.61258
24-Mar-2026,92.4013,0.438356,13.9922,16.8261,2.83389
24-Mar-2026,97.5347,0.438356,10.1927,13.0944,2.90168
24-Mar-2026,102.668,0.438356,6.9241,9.69251,2.76841
24-Mar-2026,107.802,0.438356,4.29816,6.71924,2.42108
24-Mar-2026,112.935,0.438356,2.38428,4.29803,1.91375
24-Mar-2026,118.068,0.438356,1.16265,2.53333,1.37068
24-Mar-2026,123.202,0.438356,0.499308,1.41612,0.916808
24-Mar-2026,82.1345,0.520548,23.1886,25.8647,2.67605
24-Mar-2026,87.2679,0.520548,18.7645,21.7656,3.00111
24-Mar-2026,92.4013,0.520548,14.6354,17.8654,3.22999
24-Mar-2026,97.5347,0.520548,10.8955,14.2097,3.31418
24-Mar-2026,102.668,0.520548,7.64577,10.8584,3.2126
24-Mar-2026,107.802,0.520548,4.98023,7.88804,2.90781
24-Mar-2026,112.935,0.520548,2.96148,5.39145,2.42997
24-Mar-2026,118.068,0.520548,1.58692,3.45306,1.86614
24-Mar-2026,123.202,0.520548,0.765206,2.09803,1.33283
24-Mar-2026,82.1345,0.60274,23.7057,26.7794,3.07369
24-Mar-2026,87.2679,0.60274,19.363,22.7727,3.40967
24-Mar-2026,92.4013,0.60274,15.3087,18.9596,3.65095
24-Mar-2026,97.5347,0.60274,11.6238,15.3792,3.75537
24-Mar-2026,102.668,0.60274,8.39364,12.08,3.68641
24-Mar-2026,107.802,0.60274,5.69736,9.1218,3.42444
24-Mar-2026,112.935,0.60274,3.59013,6.57443,2.9843
24-Mar-2026,118.068,0.60274,2.07885,4.50362,2.42477
24-Mar-2026,123.202,0.60274,1.10282,2.9444,1.84158
24-Mar-2026,82.1345,0.687671,24.1817,27.6112,3.4295
24-Mar-2026,87.2679,0.687671,19.9062,23.6837,3.7775
24-Mar-2026,92.4013,0.687671,15.9129,19.9451,4.03218
24-Mar-2026,97.5347,0.687671,12.2729,16.4289,4.156
24-Mar-2026,102.668,0.687671,9.06051,13.1759,4.11543
24-Mar-2026,107.802,0.687671,6.34391,10.2342,3.89024
24-Mar-2026,112.935,0.687671,4.17192,7.65869,3.48677
24-Mar-2026,118.068,0.687671,2.55567,5.50161,2.94594
24-Mar-2026,123.202,0.687671,1.45323,3.79724,2.34401
24-Mar-2026,82.1345,0.772603,24.6928,28.4956,3.80281
24-Mar-2026,87.2679,0.772603,20.4834,24.6482,4.16482
24-Mar-2026,92.4013,0.772603,16.5493,20.9845,4.4352
24-Mar-2026,97.5347,0.772603,12.9534,17.5332,4.5798
24-Mar-2026,102.668,0.772603,9.76005,14.3282,4.56815
24-Mar-2026,107.802,0.772603,7.02797,11.408,4.38002
24-Mar-2026,112.935,0.772603,4.79979,8.816,4.01621
24-Mar-2026,118.068,0.772603,3.08859,6.59302,3.50443
24-Mar-2026,123.202,0.772603,1.866,4.76927,2.90327
24-Mar-2026,82.1345,0.852055,25.1095,29.2106,4.10111
24-Mar-2026,87.2679,0.852055,20.9502,25.4253,4.47512
24-Mar-2026,92.4013,0.852055,17.0608,21.8195,4.75868
24-Mar-2026,97.5347,0.852055,13.4984,18.4184,4.92005
24-Mar-2026,102.668,0.852055,10.3206,15.2515,4.93089
24-Mar-2026,107.802,0.852055,7.57969,12.351,4.77133
24-Mar-2026,112.935,0.852055,5.31378,9.75318,4.4394
24-Mar-2026,118.068,0.852055,3.53636,7.49157,3.95521
24-Mar-2026,123.202,0.852055,2.22671,5.59249,3.36578
24-Mar-2026,82.1345,0.928767,25.5299,29.9269,4.39701
24-Mar-2026,87.2679,0.928767,21.4184,26.2017,4.78335
24-Mar-2026,92.4013,0.928767,17.5714,22.6518,5.0804
24-Mar-2026,97.5347,0.928767,14.0411,19.2995,5.25837
24-Mar-2026,102.668,0.928767,10.8791,16.1701,5.29096
24-Mar-2026,107.802,0.928767,8.13209,13.291,5.15889
24-Mar-2026,112.935,0.928767,5.83406,10.6925,4.85843
24-Mar-2026,118.068,0.928767,3.99835,8.40236,4.40401
24-Mar-2026,123.202,0.928767,2.60981,6.44307,3.83326
25-Mar-2026,82.8085,0.00547945,20.7151,20.7155,0.000420964
25-Mar-2026,87.984,0.00547945,15.5404,15.5408,0.00043477
25-Mar-2026,93.1595,0.00547945,10.3657,10.3662,0.000452904
25-Mar-2026,98.335,0.00547945,5.19108,5.19775,0.00666986
25-Mar-2026,103.511,0.00547945,0.572878,0.760136,0.187258
25-Mar-2026,108.686,0.00547945,1.86538e-05,0.000160258,0.000141605
25-Mar-2026,82.8085,0.0219178,20.7932,20.7977,0.0045237
25-Mar-2026,87.984,0.0219178,15.6235,15.6492,0.0257383
25-Mar-2026,93.1595,0.0219178,10.4604,10.5843,0.123932
25-Mar-2026,98.335,0.0219178,5.44579,5.83754,0.391754
25-Mar-2026,103.511,0.0219178,1.55189,2.03564,0.483752
25-Mar-2026,108.686,0.0219178,0.123565,0.206528,0.0829626
25-Mar-2026,113.862,0.0219178,0.00115415,0.00385231,0.00269816
25-Mar-2026,119.037,0.0219178,7.53951e-07,3.72166e-05,3.64626e-05
25-Mar-2026,124.213,0.0219178,4.92697e-11,2.98152e-07,2.98102e-07
25-Mar-2026,82.8085,0.0438356,20.8715,20.928,0.0564536
25-Mar-2026,87.984,0.0438356,15.7117,15.8734,0.161737
25-Mar-2026,93.1595,0.0438356,10.6034,10.993,0.389607
25-Mar-2026,98.335,0.0438356,5.81713,6.49916,0.682034
25-Mar-2026,103.511,0.0438356,2.14411,2.78969,0.645583
25-Mar-2026,108.686,0.0438356,0.386777,0.5672,0.180423
25-Mar-2026,113.862,0.0438356,0.0226872,0.0479919,0.0253047
25-Mar-2026,119.037,0.0438356,0.000337572,0.00317051,0.00283293
25-Mar-2026,124.213,0.0438356,1.53069e-06,0.000200707,0.000199176
25-Mar-2026,82.8085,0.0630137,20.9317,21.0676,0.13593
25-Mar-2026,87.984,0.0630137,15.7881,16.0924,0.304343
25-Mar-2026,93.1595,0.0630137,10.7412,11.3224,0.581235
25-Mar-2026,98.335,0.0630137,6.09355,6.93801,0.844456
25-Mar-2026,103.511,0.0630137,2.50834,3.25157,0.743227
25-Mar-2026,108.686,0.0630137,0.600423,0.853322,0.252899
25-Mar-2026,113.862,0.0630137,0.062937,0.116638,0.0537013
25-Mar-2026,119.037,0.0630137,0.00243529,0.0137904,0.0113551
25-Mar-2026,124.213,0.0630137,3.97709e-05,0.0016294,0.00158963
25-Mar-2026,82.8085,0.0821918,21.017,21.2916,0.274641
25-Mar-2026,87.984,0.0821918,15.9065,16.4121,0.505607
25-Mar-2026,93.1595,0.0821918,10.9479,11.7545,0.80664
25-Mar-2026,98.335,0.0821918,6.44569,7.46644,1.02075
25-Mar-2026,103.511,0.0821918,2.93451,3.79719,0.862676
25-Mar-2026,108.686,0.0821918,0.884413,1.23967,0.355259
25-Mar-2026,113.862,0.0821918,0.144969,0.246326,0.101357
25-Mar-2026,119.037,0.0821918,0.0115014,0.0447003,0.0331989
25-Mar-2026,124.213,0.0821918,0.000486982,0.00836798,0.007881
25-Mar-2026,82.8085,0.0164384,20.7542,20.7547,0.000466911
25-Mar-2026,87.984,0.0164384,15.5819,15.5842,0.00230079
25-Mar-2026,93.1595,0.0164384,10.4099,10.4358,0.0259191
25-Mar-2026,98.335,0.0164384,5.28376,5.47945,0.195693
25-Mar-2026,103.511,0.0164384,1.16231,1.53247,0.370156
25-Mar-2026,108.686,0.0164384,0.0293887,0.0610542,0.0316655
25-Mar-2026,113.862,0.0164384,1.56442e-05,0.000109106,9.34617e-05
25-Mar-2026,119.037,0.0164384,6.77239e-11,4.81149e-08,4.80472e-08
25-Mar-2026,124.213,0.0164384,4.53992e-16,1.36564e-11,1.3656e-11
25-Mar-2026,82.8085,0.0986301,21.0781,21.4556,0.37753
25-Mar-2026,87.984,0.0986301,15.9948,16.6316,0.636808
25-Mar-2026,93.1595,0.0986301,11.0937,12.0332,0.939512
25-Mar-2026,98.335,0.0986301,6.66952,7.79244,1.12292
25-Mar-2026,103.511,0.0986301,3.19254,4.13273,0.940194
25-Mar-2026,108.686,0.0986301,1.0699,1.49804,0.428137
25-Mar-2026,113.862,0.0986301,0.213643,0.352575,0.138932
25-Mar-2026,119.037,0.0986301,0.0231184,0.0766646,0.0535462
25-Mar-2026,124.213,0.0986301,0.00147155,0.0174168,0.0159453
25-Mar-2026,82.8085,0.178082,21.4454,22.3586,0.913181
25-Mar-2026,87.984,0.178082,16.5195,17.7443,1.22485
25-Mar-2026,93.1595,0.178082,11.8643,13.3518,1.48749
25-Mar-2026,98.335,0.178082,7.70385,9.27421,1.57036
25-Mar-2026,103.511,0.178082,4.32139,5.66737,1.34598
25-Mar-2026,108.686,0.178082,1.96208,2.81312,0.851042
25-Mar-2026,113.862,0.178082,0.66697,1.08131,0.414341
25-Mar-2026,119.037,0.178082,0.162067,0.375282,0.213215
25-Mar-2026,124.213,0.178082,0.029283,0.136248,0.106965
25-Mar-2026,82.8085,0.265753,21.9086,23.3359,1.4273
25-Mar-2026,87.984,0.265753,17.1374,18.8772,1.73975
25-Mar-2026,93.1595,0.265753,12.6668,14.6334,1.96657
25-Mar-2026,98.335,0.265753,8.66552,10.6802,2.01465
25-Mar-2026,103.511,0.265753,5.32878,7.13519,1.80641
25-Mar-2026,108.686,0.265753,2.83053,4.18754,1.35701
25-Mar-2026,113.862,0.265753,1.24044,2.08678,0.846338
25-Mar-2026,119.037,0.265753,0.435557,0.92654,0.490983
25-Mar-2026,124.213,0.265753,0.124811,0.410227,0.285416
25-Mar-2026,82.8085,0.350685,22.3924,24.2683,1.87593
25-Mar-2026,87.984,0.350685,17.7467,19.9326,2.18588
25-Mar-2026,93.1595,0.350685,13.4076,15.8069,2.39928
25-Mar-2026,98.335,0.350685,9.50923,11.9548,2.44559
25-Mar-2026,103.511,0.350685,6.20053,8.46869,2.26816
25-Mar-2026,108.686,0.350685,3.61702,5.48431,1.86729
25-Mar-2026,113.862,0.350685,1.83079,3.174,1.34321
25-Mar-2026,119.037,0.350685,0.787237,1.65925,0.872016
25-Mar-2026,124.213,0.350685,0.289663,0.834245,0.544582
25-Mar-2026,82.8085,0.435616,22.886,25.1762,2.29021
25-Mar-2026,87.984,0.435616,18.3449,20.9474,2.60253
25-Mar-2026,93.1595,0.435616,14.1082,16.9241,2.81588
25-Mar-2026,98.335,0.435616,10.2865,13.1602,2.87366
25-Mar-2026,103.511,0.435616,6.99992,9.72957,2.72965
25-Mar-2026,108.686,0.435616,4.35873,6.73409,2.37536
25-Mar-2026,113.862,0.435616,2.43028,4.29715,1.86687
25-Mar-2026,119.037,0.435616,1.19395,2.52585,1.3319
25-Mar-2026,124.213,0.435616,0.517486,1.4085,0.891009
25-Mar-2026,82.8085,0.517808,23.368,26.0398,2.67181
25-Mar-2026,87.984,0.517808,18.914,21.9047,2.99072
25-Mar-2026,93.1595,0.517808,14.7591,17.9705,3.21137
25-Mar-2026,98.335,0.517808,10.9978,14.2834,3.28557
25-Mar-2026,103.511,0.517808,7.73044,10.9038,3.17339
25-Mar-2026,108.686,0.517808,5.04963,7.91104,2.86141
25-Mar-2026,113.862,0.517808,3.01625,5.39714,2.38089
25-Mar-2026,119.037,0.517808,1.62677,3.44925,1.82248
25-Mar-2026,124.213,0.517808,0.790863,2.09124,1.30038
25-Mar-2026,82.8085,0.6,23.8905,26.9601,3.06962
25-Mar-2026,87.984,0.6,19.5191,22.9183,3.39916
25-Mar-2026,93.1595,0.6,15.4401,19.0721,3.632
25-Mar-2026,98.335,0.6,11.7345,15.461,3.7265
25-Mar-2026,103.511,0.6,8.48699,12.1341,3.64715
25-Mar-2026,108.686,0.6,5.7755,9.15332,3.37782
25-Mar-2026,113.862,0.6,3.6537,6.58752,2.93382
25-Mar-2026,119.037,0.6,2.12752,4.50494,2.37742
25-Mar-2026,124.213,0.6,1.13677,2.93994,1.80317
25-Mar-2026,82.8085,0.684932,24.3713,27.797,3.42571
25-Mar-2026,87.984,0.684932,20.0682,23.8351,3.76694
25-Mar-2026,93.1595,0.684932,16.0509,20.0641,4.01321
25-Mar-2026,98.335,0.684932,12.3908,16.5179,4.12714
25-Mar-2026,103.511,0.684932,9.16127,13.2377,4.07639
25-Mar-2026,108.686,0.684932,6.42955,10.2733,3.84374
25-Mar-2026,113.862,0.684932,4.2431,7.67871,3.43561
25-Mar-2026,119.037,0.684932,2.6121,5.50832,2.89622
25-Mar-2026,124.213,0.684932,1.4948,3.79604,2.30124
25-Mar-2026,82.8085,0.769863,24.8875,28.6868,3.79933
25-Mar-2026,87.984,0.769863,20.6513,24.8058,4.15452
25-Mar-2026,93.1595,0.769863,16.6941,21.1104,4.41632
25-Mar-2026,98.335,0.769863,13.0785,17.6298,4.55125
25-Mar-2026,103.511,0.769863,9.86827,14.3978,4.52957
25-Mar-2026,108.686,0.769863,7.12119,11.4551,4.33389
25-Mar-2026,113.862,0.769863,4.8787,8.84348,3.96478
25-Mar-2026,119.037,0.769863,3.15298,6.60598,3.453
25-Mar-2026,124.213,0.769863,1.91561,4.77248,2.85687
25-Mar-2026,82.8085,0.849315,25.3082,29.4062,4.09801
25-Mar-2026,87.984,0.849315,21.1228,25.5879,4.46508
25-Mar-2026,93.1595,0.849315,17.2108,21.9509,4.74009
25-Mar-2026,98.335,0.849315,13.6291,18.521,4.89185
25-Mar-2026,103.511,0.849315,10.4346,15.3274,4.8928
25-Mar-2026,108.686,0.849315,7.67881,12.4045,4.72565
25-Mar-2026,113.862,0.849315,5.39873,9.78672,4.38799
25-Mar-2026,119.037,0.849315,3.607,7.50984,3.90284
25-Mar-2026,124.213,0.849315,2.28272,5.59982,3.3171
25-Mar-2026,82.8085,0.926027,25.7326,30.1269,4.3943
25-Mar-2026,87.984,0.926027,21.5956,26.3692,4.77363
25-Mar-2026,93.1595,0.926027,17.7266,22.7887,5.06205
25-Mar-2026,98.335,0.926027,14.1772,19.4079,5.23066
25-Mar-2026,103.511,0.926027,10.9988,16.2522,5.25337
25-Mar-2026,108.686,0.926027,8.23694,13.3507,5.11377
25-Mar-2026,113.862,0.926027,5.92488,10.7321,4.80723
25-Mar-2026,119.037,0.926027,4.0751,8.42611,4.35101
25-Mar-2026,124.213,0.926027,2.67214,6.4549,3.78276
26-Mar-2026,82.5282,0.0191781,20.7158,20.7183,0.00246015
26-Mar-2026,87.6863,0.0191781,15.5631,15.5817,0.018626
26-Mar-2026,92.8443,0.0191781,10.415,10.5182,0.103206
26-Mar-2026,98.0023,0.0191781,5.39674,5.75749,0.360754
26-Mar-2026,103.16,0.0191781,1.48562,1.95341,0.467789
26-Mar-2026,108.318,0.0191781,0.103625,0.178598,0.0749735
26-Mar-2026,113.476,0.0191781,0.000704557,0.00260763,0.00190307
26-Mar-2026,118.634,0.0191781,2.66906e-07,1.83161e-05,1.80491e-05
26-Mar-2026,123.792,0.0191781,8.42674e-12,1.04139e-07,1.0413e-07
26-Mar-2026,82.5282,0.0410959,20.7932,20.8419,0.0487329
26-Mar-2026,87.6863,0.0410959,15.6495,15.7955,0.146036
26-Mar-2026,92.8443,0.0410959,10.5525,10.9178,0.365268
26-Mar-2026,98.0023,0.0410959,5.76573,6.42403,0.658295
26-Mar-2026,103.16,0.0410959,2.09316,2.72414,0.630981
26-Mar-2026,108.318,0.0410959,0.362158,0.53356,0.171402
26-Mar-2026,113.476,0.0410959,0.0194543,0.0419688,0.0225145
26-Mar-2026,118.634,0.0410959,0.000250769,0.00253205,0.00228128
26-Mar-2026,123.792,0.0410959,9.42486e-07,0.000145519,0.000144577
26-Mar-2026,82.5282,0.060274,20.8526,20.9773,0.124686
26-Mar-2026,87.6863,0.060274,15.7243,16.0102,0.285919
26-Mar-2026,92.8443,0.060274,10.6881,11.2454,0.557296
26-Mar-2026,98.0023,0.060274,6.04409,6.86587,0.821785
26-Mar-2026,103.16,0.060274,2.46477,3.19094,0.726174
26-Mar-2026,108.318,0.060274,0.576932,0.81778,0.240848
26-Mar-2026,113.476,0.060274,0.0578835,0.107213,0.0493294
26-Mar-2026,118.634,0.060274,0.00209094,0.0120607,0.00996973
26-Mar-2026,123.792,0.060274,3.12584e-05,0.00135156,0.0013203
26-Mar-2026,82.5282,0.0794521,20.9367,21.1972,0.260482
26-Mar-2026,87.6863,0.0794521,15.8411,16.3266,0.485545
26-Mar-2026,92.8443,0.0794521,10.8942,11.6767,0.782538
26-Mar-2026,98.0023,0.0794521,6.4005,7.39669,0.996186
26-Mar-2026,103.16,0.0794521,2.89941,3.73954,0.840126
26-Mar-2026,108.318,0.0794521,0.864921,1.20219,0.337268
26-Mar-2026,113.476,0.0794521,0.139238,0.233055,0.093817
26-Mar-2026,118.634,0.0794521,0.0107585,0.0411533,0.0303948
26-Mar-2026,123.792,0.0794521,0.000440777,0.00748417,0.00704339
26-Mar-2026,82.5282,0.0136986,20.6772,20.6769,0.000279873
26-Mar-2026,87.6863,0.0136986,15.522,15.5224,0.000440557
26-Mar-2026,92.8443,0.0136986,10.3669,10.3822,0.0152735
26-Mar-2026,98.0023,0.0136986,5.24316,5.40184,0.158683
26-Mar-2026,103.16,0.0136986,1.07862,1.42709,0.34847
26-Mar-2026,108.318,0.0136986,0.0187512,0.042644,0.0238928
26-Mar-2026,113.476,0.0136986,3.69369e-06,3.53833e-05,3.16896e-05
26-Mar-2026,118.634,0.0136986,2.77377e-12,5.59651e-09,5.59373e-09
26-Mar-2026,123.792,0.0136986,5.0703e-16,5.23389e-13,5.22882e-13
26-Mar-2026,82.5282,0.0958904,20.9972,21.3592,0.361998
26-Mar-2026,87.6863,0.0958904,15.9288,16.5448,0.615985
26-Mar-2026,92.8443,0.0958904,11.0407,11.9551,0.914446
26-Mar-2026,98.0023,0.0958904,6.62779,7.7235,1.09571
26-Mar-2026,103.16,0.0958904,3.16283,4.07593,0.913101
26-Mar-2026,108.318,0.0958904,1.05401,1.45939,0.405383
26-Mar-2026,113.476,0.0958904,0.208621,0.33702,0.128399
26-Mar-2026,118.634,0.0958904,0.022311,0.0718421,0.0495311
26-Mar-2026,123.792,0.0958904,0.0014006,0.0159848,0.0145842
26-Mar-2026,82.5282,0.175342,21.3648,22.2561,0.89127
26-Mar-2026,87.6863,0.175342,16.4582,17.6532,1.19499
26-Mar-2026,92.8443,0.175342,11.8238,13.2716,1.44781
26-Mar-2026,98.0023,0.175342,7.68444,9.20484,1.5204
26-Mar-2026,103.16,0.175342,4.32005,5.60981,1.28976
26-Mar-2026,108.318,0.175342,1.97114,2.76913,0.79799
26-Mar-2026,113.476,0.175342,0.676616,1.05569,0.379075
26-Mar-2026,118.634,0.175342,0.167101,0.36369,0.196589
26-Mar-2026,123.792,0.175342,0.0308612,0.131211,0.10035
26-Mar-2026,82.5282,0.263014,21.8363,23.2289,1.39256
26-Mar-2026,87.6863,0.263014,17.0911,18.7819,1.6908
26-Mar-2026,92.8443,0.263014,12.6488,14.5495,1.90073
26-Mar-2026,98.0023,0.263014,8.67546,10.6074,1.93192
26-Mar-2026,103.16,0.263014,5.36099,7.07404,1.71305
26-Mar-2026,108.318,0.263014,2.87311,4.13834,1.26523
26-Mar-2026,113.476,0.263014,1.27846,2.05264,0.774183
26-Mar-2026,118.634,0.263014,0.459568,0.90706,0.447492
26-Mar-2026,123.792,0.263014,0.135851,0.400265,0.264414
26-Mar-2026,82.5282,0.347945,22.3345,24.1572,1.82268
26-Mar-2026,87.6863,0.347945,17.7211,19.8333,2.11216
26-Mar-2026,92.8443,0.347945,13.4165,15.719,2.30251
26-Mar-2026,98.0023,0.347945,9.55121,11.878,2.32683
26-Mar-2026,103.16,0.347945,6.26806,8.40342,2.13536
26-Mar-2026,108.318,0.347945,3.69593,5.43028,1.73435
26-Mar-2026,113.476,0.347945,1.90316,3.1332,1.23004
26-Mar-2026,118.634,0.347945,0.839427,1.63217,0.792743
26-Mar-2026,123.792,0.347945,0.319414,0.818453,0.499039
26-Mar-2026,82.5282,0.432877,22.847,25.0611,2.2141
26-Mar-2026,87.6863,0.432877,18.344,20.8441,2.50006
26-Mar-2026,92.8443,0.432877,14.1471,16.8321,2.68501
26-Mar-2026,98.0023,0.432877,10.3627,13.0792,2.71655
26-Mar-2026,103.16,0.432877,7.10438,9.66006,2.55568
26-Mar-2026,108.318,0.432877,4.47594,6.67541,2.19947
26-Mar-2026,113.476,0.432877,2.54058,4.25063,1.71005
26-Mar-2026,118.634,0.432877,1.28053,2.4919,1.21137
26-Mar-2026,123.792,0.432877,0.574056,1.38636,0.812306
26-Mar-2026,82.5282,0.515068,23.3505,25.9209,2.57043
26-Mar-2026,87.6863,0.515068,18.9398,21.7975,2.85768
26-Mar-2026,92.8443,0.515068,14.8292,17.8745,3.04534
26-Mar-2026,98.0023,0.515068,11.1085,14.1984,3.08993
26-Mar-2026,103.16,0.515068,7.87185,10.8302,2.95832
26-Mar-2026,108.318,0.515068,5.20529,7.84794,2.64265
26-Mar-2026,113.476,0.515068,3.16549,5.34555,2.18006
26-Mar-2026,118.634,0.515068,1.75067,3.40931,1.65864
26-Mar-2026,123.792,0.515068,0.879558,2.06296,1.1834
26-Mar-2026,82.5282,0.59726,23.899,26.8372,2.93825
26-Mar-2026,87.6863,0.59726,19.576,22.8069,3.23088
26-Mar-2026,92.8443,0.59726,15.5456,18.9719,3.42632
26-Mar-2026,98.0023,0.59726,11.8838,15.3717,3.4879
26-Mar-2026,103.16,0.59726,8.66933,12.056,3.38667
26-Mar-2026,108.318,0.59726,5.97379,9.08549,3.1117
26-Mar-2026,113.476,0.59726,3.84668,6.53075,2.68407
26-Mar-2026,118.634,0.59726,2.29482,4.45907,2.16425
26-Mar-2026,123.792,0.59726,1.26535,2.90529,1.63994
26-Mar-2026,82.5282,0.682192,24.4059,27.6705,3.26462
26-Mar-2026,87.6863,0.682192,20.1553,23.72,3.56469
26-Mar-2026,92.8443,0.682192,16.1901,19.96,3.76994
26-Mar-2026,98.0023,0.682192,12.5765,16.4246,3.84815
26-Mar-2026,103.16,0.682192,9.38193,13.1554,3.77347
26-Mar-2026,108.318,0.682192,6.66776,10.2012,3.53339
26-Mar-2026,113.476,0.682192,4.47738,7.6173,3.13992
26-Mar-2026,118.634,0.682192,2.82125,5.45734,2.63609
26-Mar-2026,123.792,0.682192,1.66358,3.75584,2.09226
26-Mar-2026,82.5282,0.767123,24.9517,28.5565,3.60479
26-Mar-2026,87.6863,0.767123,20.7723,24.6867,3.91437
26-Mar-2026,92.8443,0.767123,16.8704,21.0022,4.1318
26-Mar-2026,98.0023,0.767123,13.3039,17.5322,4.22827
26-Mar-2026,103.16,0.767123,10.1306,14.3112,4.18055
26-Mar-2026,108.318,0.767123,7.40279,11.3784,3.97556
26-Mar-2026,113.476,0.767123,5.1581,8.7772,3.6191
26-Mar-2026,118.634,0.767123,3.4085,6.54972,3.14122
26-Mar-2026,123.792,0.767123,2.13025,4.72661,2.59636
26-Mar-2026,82.5282,0.846575,25.3976,29.2728,3.87515
26-Mar-2026,87.6863,0.846575,21.2721,25.4655,4.19337
26-Mar-2026,92.8443,0.846575,17.4179,21.8393,4.42139
26-Mar-2026,98.0023,0.846575,13.8871,18.4199,4.53279
26-Mar-2026,103.16,0.846575,10.7312,15.2371,4.50592
26-Mar-2026,108.318,0.846575,7.99606,12.324,4.32794
26-Mar-2026,113.476,0.846575,5.71531,9.71653,4.00122
26-Mar-2026,118.634,0.846575,3.90107,7.44941,3.54834
26-Mar-2026,123.792,0.846575,2.53628,5.54948,3.0132
26-Mar-2026,82.5282,0.923288,25.8481,29.9903,4.14222
26-Mar-2026,87.6863,0.923288,21.774,26.2436,4.46956
26-Mar-2026,92.8443,0.923288,17.9651,22.6737,4.70857
26-Mar-2026,98.0023,0.923288,14.4684,19.3033,4.83489
26-Mar-2026,103.16,0.923288,11.33,16.1583,4.82825
26-Mar-2026,108.318,0.923288,8.5903,13.2665,4.67619
26-Mar-2026,113.476,0.923288,6.2792,10.658,4.37879
26-Mar-2026,118.634,0.923288,4.40852,8.36154,3.95302
26-Mar-2026,123.792,0.923288,2.96594,6.40017,3.43423
27-Mar-2026,82.1707,0.0164384,20.619,20.6203,0.00130497
27-Mar-2026,87.3064,0.0164384,15.4881,15.5014,0.0132705
27-Mar-2026,92.442,0.0164384,10.3597,10.4446,0.0848736
27-Mar-2026,97.5777,0.0164384,5.3305,5.67268,0.34218
27-Mar-2026,102.713,0.0164384,1.37354,1.86706,0.493521
27-Mar-2026,107.849,0.0164384,0.0712892,0.151639,0.0803499
27-Mar-2026,112.985,0.0164384,0.00022437,0.00166518,0.00144081
27-Mar-2026,118.12,0.0164384,2.35372e-08,8.07854e-06,8.055e-06
27-Mar-2026,123.256,0.0164384,1.60471e-13,3.07689e-08,3.07688e-08
27-Mar-2026,82.1707,0.0383562,20.6953,20.7373,0.0420436
27-Mar-2026,87.3064,0.0383562,15.5719,15.7041,0.132169
27-Mar-2026,92.442,0.0383562,10.4843,10.8333,0.349035
27-Mar-2026,97.5777,0.0383562,5.67397,6.34313,0.669159
27-Mar-2026,102.713,0.0383562,1.97234,2.65537,0.683034
27-Mar-2026,107.849,0.0383562,0.296523,0.499835,0.203312
27-Mar-2026,112.985,0.0383562,0.0114673,0.0363253,0.024858
27-Mar-2026,118.12,0.0383562,8.78056e-05,0.00198783,0.00190002
27-Mar-2026,123.256,0.0383562,1.8138e-07,0.000102841,0.000102659
27-Mar-2026,82.1707,0.0575342,20.7534,20.8681,0.114656
27-Mar-2026,87.3064,0.0575342,15.6425,15.9139,0.271392
27-Mar-2026,92.442,0.0575342,10.6085,11.1585,0.550035
27-Mar-2026,97.5777,0.0575342,5.93791,6.7876,0.849685
27-Mar-2026,102.713,0.0575342,2.3338,3.12698,0.793179
27-Mar-2026,107.849,0.0575342,0.49149,0.781775,0.290285
27-Mar-2026,112.985,0.0575342,0.0390146,0.098044,0.0590294
27-Mar-2026,118.12,0.0575342,0.000981804,0.0104675,0.00948568
27-Mar-2026,123.256,0.0575342,9.77277e-06,0.0011086,0.00109882
27-Mar-2026,82.1707,0.0767123,20.8347,21.0834,0.2487
27-Mar-2026,87.3064,0.0767123,15.7517,16.2265,0.474806
27-Mar-2026,92.442,0.0767123,10.7996,11.5885,0.788913
27-Mar-2026,97.5777,0.0767123,6.27729,7.3203,1.04301
27-Mar-2026,102.713,0.0767123,2.75369,3.67816,0.924471
27-Mar-2026,107.849,0.0767123,0.756138,1.1638,0.407661
27-Mar-2026,112.985,0.0767123,0.102288,0.219843,0.117555
27-Mar-2026,118.12,0.0767123,0.00608379,0.0377437,0.0316599
27-Mar-2026,123.256,0.0767123,0.000186655,0.00665766,0.00647101
27-Mar-2026,82.1707,0.0931507,20.8925,21.2432,0.350665
27-Mar-2026,87.3064,0.0931507,15.8335,16.443,0.609456
27-Mar-2026,92.442,0.0931507,10.9364,11.8663,0.929914
27-Mar-2026,97.5777,0.0931507,6.49393,7.64761,1.15368
27-Mar-2026,102.713,0.0931507,3.00698,4.0151,1.00812
27-Mar-2026,107.849,0.0931507,0.930785,1.41955,0.488766
27-Mar-2026,112.985,0.0931507,0.158476,0.32138,0.162904
27-Mar-2026,118.12,0.0931507,0.0135524,0.0671355,0.0535831
27-Mar-2026,123.256,0.0931507,0.000665723,0.0146141,0.0139483
27-Mar-2026,82.1707,0.0109589,20.5808,20.5805,0.000338703
27-Mar-2026,87.3064,0.0109589,15.4475,15.4474,7.13137e-05
27-Mar-2026,92.442,0.0109589,10.3143,10.3223,0.00800594
27-Mar-2026,97.5777,0.0109589,5.19731,5.32231,0.125004
27-Mar-2026,102.713,0.0109589,0.960881,1.31394,0.353059
27-Mar-2026,107.849,0.0109589,0.00811346,0.0270876,0.0189741
27-Mar-2026,112.985,0.0109589,2.04138e-07,8.12321e-06,7.91908e-06
27-Mar-2026,118.12,0.0109589,5.81712e-15,3.28824e-10,3.28818e-10
27-Mar-2026,123.256,0.0109589,1.52172e-15,1.46114e-14,1.30896e-14
27-Mar-2026,82.1707,0.172603,21.2397,22.1327,0.892985
27-Mar-2026,87.3064,0.172603,16.3282,17.5456,1.21739
27-Mar-2026,92.442,0.172603,11.672,13.1791,1.50711
27-Mar-2026,97.5777,0.172603,7.49941,9.12691,1.6275
27-Mar-2026,102.713,0.172603,4.1114,5.54662,1.43522
27-Mar-2026,107.849,0.172603,1.78041,2.72245,0.942038
27-Mar-2026,112.985,0.172603,0.555036,1.02905,0.474014
27-Mar-2026,118.12,0.172603,0.119382,0.351944,0.232562
27-Mar-2026,123.256,0.172603,0.0189688,0.12614,0.107171
27-Mar-2026,82.1707,0.260274,21.6822,23.0997,1.41748
27-Mar-2026,87.3064,0.260274,16.921,18.6688,1.7478
27-Mar-2026,92.442,0.260274,12.4486,14.4518,2.00324
27-Mar-2026,97.5777,0.260274,8.43782,10.5244,2.08659
27-Mar-2026,102.713,0.260274,5.09584,7.00558,1.90974
27-Mar-2026,107.849,0.260274,2.61579,4.08487,1.46908
27-Mar-2026,112.985,0.260274,1.08089,2.0162,0.93531
27-Mar-2026,118.12,0.260274,0.349786,0.886838,0.537052
27-Mar-2026,123.256,0.260274,0.0919712,0.389979,0.298008
27-Mar-2026,82.1707,0.345205,22.1487,24.0227,1.87401
27-Mar-2026,87.3064,0.345205,17.5109,19.7148,2.20388
27-Mar-2026,92.442,0.345205,13.1699,15.6159,2.44598
27-Mar-2026,97.5777,0.345205,9.26312,11.7896,2.52645
27-Mar-2026,102.713,0.345205,5.94854,8.32931,2.38077
27-Mar-2026,107.849,0.345205,3.37685,5.37047,1.99362
27-Mar-2026,112.985,0.345205,1.63439,3.08873,1.45434
27-Mar-2026,118.12,0.345205,0.660527,1.60348,0.942952
27-Mar-2026,123.256,0.345205,0.227249,0.801832,0.574583
27-Mar-2026,82.1707,0.430137,22.6279,24.9215,2.29362
27-Mar-2026,87.3064,0.430137,18.0935,20.7203,2.62678
27-Mar-2026,92.442,0.430137,13.8547,16.7235,2.86883
27-Mar-2026,97.5777,0.430137,10.0249,12.9852,2.96032
27-Mar-2026,102.713,0.430137,6.73161,9.58023,2.84862
27-Mar-2026,107.849,0.430137,4.09769,6.60948,2.51179
27-Mar-2026,112.985,0.430137,2.20388,4.19906,1.99518
27-Mar-2026,118.12,0.430137,1.03009,2.45528,1.42519
27-Mar-2026,123.256,0.430137,0.422168,1.36267,0.940503
27-Mar-2026,82.1707,0.512329,23.098,25.7765,2.67851
27-Mar-2026,87.3064,0.512329,18.6498,21.6686,3.01885
27-Mar-2026,92.442,0.512329,14.4926,17.7607,3.26814
27-Mar-2026,97.5777,0.512329,10.7232,14.099,3.37583
27-Mar-2026,102.713,0.512329,7.44834,10.7448,3.29649
27-Mar-2026,107.849,0.512329,4.77142,7.77621,3.00479
27-Mar-2026,112.985,0.512329,2.76551,5.28758,2.52207
27-Mar-2026,118.12,0.512329,1.43084,3.36557,1.93473
27-Mar-2026,123.256,0.512329,0.662895,2.03223,1.36933
27-Mar-2026,82.1707,0.594521,23.6092,26.6877,3.07848
27-Mar-2026,87.3064,0.594521,19.243,22.6727,3.42967
27-Mar-2026,92.442,0.594521,15.1613,18.8525,3.69123
27-Mar-2026,97.5777,0.594521,11.4475,15.2666,3.81905
27-Mar-2026,102.713,0.594521,8.19177,11.9647,3.77295
27-Mar-2026,107.849,0.594521,5.4813,9.00758,3.52628
27-Mar-2026,112.985,0.594521,3.38061,6.46614,3.08553
27-Mar-2026,118.12,0.594521,1.90107,4.40812,2.50705
27-Mar-2026,123.256,0.594521,0.974434,2.86708,1.89265
27-Mar-2026,82.1707,0.679452,24.081,27.5163,3.43527
27-Mar-2026,87.3064,0.679452,19.7824,23.5809,3.79848
27-Mar-2026,92.442,0.679452,15.7622,19.8356,4.07336
27-Mar-2026,97.5777,0.679452,12.0937,16.3142,4.22054
27-Mar-2026,102.713,0.679452,8.85532,13.0587,4.20338
27-Mar-2026,107.849,0.679452,6.12249,10.1176,3.99512
27-Mar-2026,112.985,0.679452,3.95231,7.54676,3.59445
27-Mar-2026,118.12,0.679452,2.361,5.40004,3.03904
27-Mar-2026,123.256,0.679452,1.30266,3.71098,2.40832
27-Mar-2026,82.1707,0.764384,24.5885,28.3973,3.80878
27-Mar-2026,87.3064,0.764384,20.3563,24.5423,4.18605
27-Mar-2026,92.442,0.764384,16.3958,20.8723,4.47649
27-Mar-2026,97.5777,0.764384,12.7716,17.4162,4.64455
27-Mar-2026,102.713,0.764384,9.55203,14.2087,4.65663
27-Mar-2026,107.849,0.764384,6.80195,11.2888,4.48687
27-Mar-2026,112.985,0.764384,4.57138,8.70038,4.129
27-Mar-2026,118.12,0.764384,2.87863,6.48582,3.60719
27-Mar-2026,123.256,0.764384,1.69393,4.67482,2.98089
27-Mar-2026,82.1707,0.843836,25.0029,29.1095,4.10663
27-Mar-2026,87.3064,0.843836,20.821,25.3169,4.49594
27-Mar-2026,92.442,0.843836,16.9054,21.705,4.7996
27-Mar-2026,97.5777,0.843836,13.315,18.2993,4.98432
27-Mar-2026,102.713,0.843836,10.1108,15.1299,5.01913
27-Mar-2026,107.849,0.843836,7.35069,12.2296,4.87891
27-Mar-2026,112.985,0.843836,5.07951,9.63465,4.55514
27-Mar-2026,118.12,0.843836,3.31586,7.38023,4.06437
27-Mar-2026,123.256,0.843836,2.03901,5.49219,3.45318
27-Mar-2026,82.1707,0.920548,25.4213,29.8231,4.40177
27-Mar-2026,87.3064,0.920548,21.2875,26.0908,4.80331
27-Mar-2026,92.442,0.920548,17.4146,22.535,5.12037
27-Mar-2026,97.5777,0.920548,13.8564,19.1782,5.32175
27-Mar-2026,102.713,0.920548,10.6679,16.0463,5.37844
27-Mar-2026,107.849,0.920548,7.90067,13.1672,5.26654
27-Mar-2026,112.985,0.920548,5.59487,10.5711,4.97619
27-Mar-2026,118.12,0.920548,3.76874,8.28709,4.51835
27-Mar-2026,123.256,0.920548,2.40803,6.33742,3.92939
30-Mar-2026,81.3185,0.00821918,20.3491,20.349,9.66598e-05
30-Mar-2026,86.4009,0.00821918,15.2679,15.2678,7.74155e-05
30-Mar-2026,91.4833,0.00821918,10.1868,10.1868,4.5625e-07
30-Mar-2026,96.5657,0.00821918,5.10607,5.13104,0.0249724
30-Mar-2026,101.648,0.00821918,0.63742,0.916227,0.278807
30-Mar-2026,106.731,0.00821918,0.00010147,0.00174643,0.00164496
30-Mar-2026,111.813,0.00821918,1.49565e-14,4.72929e-10,4.72914e-10
30-Mar-2026,81.3185,0.030137,20.4401,20.4505,0.0103785
30-Mar-2026,86.4009,0.030137,15.3648,15.4137,0.048879
30-Mar-2026,91.4833,0.030137,10.2982,10.4875,0.189262
30-Mar-2026,96.5657,0.030137,5.38866,5.90495,0.516288
30-Mar-2026,101.648,0.030137,1.56225,2.20751,0.645265
30-Mar-2026,106.731,0.030137,0.124966,0.286938,0.161972
30-Mar-2026,111.813,0.030137,0.00107913,0.00945489,0.00837576
30-Mar-2026,116.895,0.030137,7.13205e-07,0.000189915,0.000189201
30-Mar-2026,121.978,0.030137,7.05343e-11,3.34754e-06,3.34747e-06
30-Mar-2026,81.3185,0.0493151,20.5117,20.5817,0.0699611
30-Mar-2026,86.4009,0.0493151,15.4449,15.6357,0.190797
30-Mar-2026,91.4833,0.0493151,10.4224,10.8694,0.447024
30-Mar-2026,96.5657,0.0493151,5.69148,6.48416,0.792682
30-Mar-2026,101.648,0.0493151,2.0349,2.84786,0.812956
30-Mar-2026,106.731,0.0493151,0.324402,0.619613,0.295211
30-Mar-2026,111.813,0.0493151,0.0138593,0.0598231,0.0459638
30-Mar-2026,116.895,0.0493151,0.000132495,0.00464536,0.00451287
30-Mar-2026,121.978,0.0493151,4.18049e-07,0.000349665,0.000349247
30-Mar-2026,81.3185,0.0684932,20.5782,20.7438,0.165608
30-Mar-2026,86.4009,0.0684932,15.527,15.8831,0.356071
30-Mar-2026,91.4833,0.0684932,10.5624,11.2297,0.6673
30-Mar-2026,96.5657,0.0684932,5.9665,6.95149,0.984992
30-Mar-2026,101.648,0.0684932,2.3975,3.33608,0.938584
30-Mar-2026,106.731,0.0684932,0.52477,0.933813,0.409043
30-Mar-2026,111.813,0.0684932,0.0441888,0.14302,0.0988314
30-Mar-2026,116.895,0.0684932,0.00127213,0.0193108,0.0180387
30-Mar-2026,121.978,0.0684932,1.65347e-05,0.00263114,0.0026146
30-Mar-2026,81.3185,0.0849315,20.6335,20.8933,0.259839
30-Mar-2026,86.4009,0.0849315,15.6002,16.0945,0.494256
30-Mar-2026,91.4833,0.0849315,10.6864,11.5127,0.826265
30-Mar-2026,96.5657,0.0849315,6.18041,7.29495,1.11454
30-Mar-2026,101.648,0.0849315,2.65927,3.6902,1.03093
30-Mar-2026,106.731,0.0849315,0.68836,1.18748,0.499116
30-Mar-2026,111.813,0.0849315,0.0815827,0.230383,0.148801
30-Mar-2026,116.895,0.0849315,0.00404588,0.040692,0.0366461
30-Mar-2026,121.978,0.0849315,0.000105151,0.00739936,0.00729421
30-Mar-2026,81.3185,0.00273973,20.3361,20.336,9.83669e-05
30-Mar-2026,86.4009,0.00273973,15.2541,15.254,9.20153e-05
30-Mar-2026,91.4833,0.00273973,10.1721,10.172,8.56635e-05
30-Mar-2026,96.5657,0.00273973,5.09013,5.09017,4.40605e-05
30-Mar-2026,101.648,0.00273973,0.364871,0.526473,0.161602
30-Mar-2026,106.731,0.00273973,1.02293e-08,2.16185e-07,2.05956e-07
30-Mar-2026,116.895,0.00273973,6.24082e-16,5.60039e-16,6.40435e-17
30-Mar-2026,121.978,0.00273973,6.2741e-16,5.13566e-16,1.13844e-16
30-Mar-2026,81.3185,0.164384,20.9617,21.7667,0.804979
30-Mar-2026,86.4009,0.164384,16.0598,17.198,1.13818
30-Mar-2026,91.4833,0.164384,11.3871,12.8484,1.4613
30-Mar-2026,96.5657,0.164384,7.18259,8.81466,1.63207
30-Mar-2026,101.648,0.164384,3.78405,5.26007,1.47602
30-Mar-2026,106.731,0.164384,1.5104,2.48614,0.975741
30-Mar-2026,111.813,0.164384,0.405892,0.885661,0.479769
30-Mar-2026,116.895,0.164384,0.0706109,0.286764,0.216153
30-Mar-2026,121.978,0.164384,0.00883695,0.0977328,0.0888959
30-Mar-2026,81.3185,0.252055,21.4072,22.7769,1.36972
30-Mar-2026,86.4009,0.252055,16.6592,18.3769,1.71766
30-Mar-2026,91.4833,0.252055,12.185,14.1885,2.00355
30-Mar-2026,96.5657,0.252055,8.16478,10.2883,2.12355
30-Mar-2026,101.648,0.252055,4.82273,6.79682,1.97409
30-Mar-2026,106.731,0.252055,2.37507,3.90921,1.53414
30-Mar-2026,111.813,0.252055,0.914341,1.88838,0.974041
30-Mar-2026,116.895,0.252055,0.267932,0.812001,0.544069
30-Mar-2026,121.978,0.252055,0.0630938,0.350774,0.28768
30-Mar-2026,81.3185,0.336986,21.8645,23.7001,1.83562
30-Mar-2026,86.4009,0.336986,17.2404,19.4243,2.18388
30-Mar-2026,91.4833,0.336986,12.9025,15.3551,2.45265
30-Mar-2026,96.5657,0.336986,8.99383,11.5568,2.56293
30-Mar-2026,101.648,0.336986,5.68359,8.12342,2.43983
30-Mar-2026,106.731,0.336986,3.13747,5.19373,2.05626
30-Mar-2026,111.813,0.336986,1.45105,2.94883,1.49778
30-Mar-2026,116.895,0.336986,0.550364,1.50731,0.956945
30-Mar-2026,121.978,0.336986,0.176136,0.743873,0.567737
30-Mar-2026,81.3185,0.421918,22.3389,24.5991,2.26016
30-Mar-2026,86.4009,0.421918,17.8201,20.4304,2.61034
30-Mar-2026,91.4833,0.421918,13.5889,16.464,2.87506
30-Mar-2026,96.5657,0.421918,9.763,12.7539,2.99092
30-Mar-2026,101.648,0.421918,6.47756,9.37563,2.89807
30-Mar-2026,106.731,0.421918,3.86573,6.43198,2.56625
30-Mar-2026,111.813,0.421918,2.0158,4.0525,2.0367
30-Mar-2026,116.895,0.421918,0.902499,2.3443,1.4418
30-Mar-2026,121.978,0.421918,0.351646,1.28746,0.935818
30-Mar-2026,81.3185,0.50411,22.8078,25.4541,2.6463
30-Mar-2026,86.4009,0.50411,18.3776,21.3791,3.00148
30-Mar-2026,91.4833,0.50411,14.232,17.5017,3.26967
30-Mar-2026,96.5657,0.50411,10.471,13.8684,3.3974
30-Mar-2026,101.648,0.50411,7.2069,10.5407,3.33384
30-Mar-2026,106.731,0.50411,4.55038,7.59806,3.04768
30-Mar-2026,111.813,0.50411,2.58021,5.13708,2.55687
30-Mar-2026,116.895,0.50411,1.29512,3.24511,1.94999
30-Mar-2026,121.978,0.50411,0.578506,1.94337,1.36487
30-Mar-2026,81.3185,0.586301,23.2986,26.3262,3.02758
30-Mar-2026,86.4009,0.586301,18.9496,22.3402,3.39063
30-Mar-2026,91.4833,0.586301,14.8802,18.5471,3.66685
30-Mar-2026,96.5657,0.586301,11.1765,14.9864,3.80993
30-Mar-2026,101.648,0.586301,7.93347,11.7088,3.77531
30-Mar-2026,106.731,0.586301,5.24381,8.77619,3.53238
30-Mar-2026,111.813,0.586301,3.17664,6.2621,3.08546
30-Mar-2026,116.895,0.586301,1.74314,4.23524,2.4921
30-Mar-2026,121.978,0.586301,0.867027,2.72959,1.86257
30-Mar-2026,81.3185,0.671233,23.7966,27.1938,3.39717
30-Mar-2026,86.4009,0.671233,19.5212,23.2913,3.77009
30-Mar-2026,91.4833,0.671233,15.5197,19.5766,4.05688
30-Mar-2026,96.5657,0.671233,11.867,16.0837,4.21674
30-Mar-2026,101.648,0.671233,8.64461,12.8545,4.20985
30-Mar-2026,106.731,0.671233,5.93112,9.93804,4.00692
30-Mar-2026,111.813,0.671233,3.78674,7.39147,3.60473
30-Mar-2026,116.895,0.671233,2.22843,5.26852,3.04009
30-Mar-2026,121.978,0.671233,1.2068,3.60373,2.39693
30-Mar-2026,81.3185,0.756164,24.2887,28.0376,3.74895
30-Mar-2026,86.4009,0.756164,20.0796,24.2123,4.13267
30-Mar-2026,91.4833,0.756164,16.1383,20.5697,4.4314
30-Mar-2026,96.5657,0.756164,12.5312,17.1393,4.60811
30-Mar-2026,101.648,0.756164,9.32885,13.956,4.6271
30-Mar-2026,106.731,0.756164,6.59883,11.0595,4.46062
30-Mar-2026,111.813,0.756164,4.3936,8.49497,4.10137
30-Mar-2026,116.895,0.756164,2.73227,6.30499,3.57272
30-Mar-2026,121.978,0.756164,1.58287,4.52045,2.93758
30-Mar-2026,81.3185,0.835616,24.7311,28.7867,4.05559
30-Mar-2026,86.4009,0.835616,20.5772,25.0269,4.44965
30-Mar-2026,91.4833,0.835616,16.6858,21.4454,4.7596
30-Mar-2026,96.5657,0.835616,13.1166,18.0681,4.95147
30-Mar-2026,101.648,0.835616,9.93213,14.9247,4.99256
30-Mar-2026,106.731,0.835616,7.19179,12.0484,4.85663
30-Mar-2026,111.813,0.835616,4.94192,9.4764,4.53448
30-Mar-2026,116.895,0.835616,3.20196,7.2432,4.04124
30-Mar-2026,121.978,0.835616,1.95048,5.37567,3.42519
30-Mar-2026,81.3185,0.912329,25.1568,29.5,4.34319
30-Mar-2026,86.4009,0.912329,21.053,25.8004,4.74737
30-Mar-2026,91.4833,0.912329,17.2065,22.2749,5.06843
30-Mar-2026,96.5657,0.912329,13.6716,18.9464,5.27477
30-Mar-2026,101.648,0.912329,10.5044,15.8405,5.33606
30-Mar-2026,106.731,0.912329,7.75728,12.9852,5.22792
30-Mar-2026,111.813,0.912329,5.47165,10.4116,4.93997
30-Mar-2026,116.895,0.912329,3.6664,8.14823,4.48183
30-Mar-2026,121.978,0.912329,2.32711,6.21805,3.89094
31-Mar-2026,81.8163,0.0273973,20.559,20.5666,0.00758969
31-Mar-2026,86.9298,0.0273973,15.4521,15.4921,0.0400387
31-Mar-2026,92.0433,0.0273973,10.351,10.5198,0.168811
31-Mar-2026,97.1569,0.0273973,5.38202,5.88427,0.502251
31-Mar-2026,102.27,0.0273973,1.48487,2.15384,0.668974
31-Mar-2026,107.384,0.0273973,0.0959118,0.260045,0.164133
31-Mar-2026,112.497,0.0273973,0.000477304,0.00725474,0.00677744
31-Mar-2026,117.611,0.0273973,1.34579e-07,0.000117588,0.000117454
31-Mar-2026,122.724,0.0273973,5.10203e-12,1.64807e-06,1.64807e-06
31-Mar-2026,81.8163,0.0465753,20.6312,20.6936,0.0624358
31-Mar-2026,86.9298,0.0465753,15.5317,15.7086,0.176915
31-Mar-2026,92.0433,0.0465753,10.4686,10.9001,0.431511
31-Mar-2026,97.1569,0.0465753,5.67468,6.47424,0.799558
31-Mar-2026,102.27,0.0465753,1.96069,2.81267,0.851983
31-Mar-2026,107.384,0.0465753,0.278473,0.592344,0.313871
31-Mar-2026,112.497,0.0465753,0.00906256,0.053689,0.0446264
31-Mar-2026,117.611,0.0465753,5.79628e-05,0.00385531,0.00379735
31-Mar-2026,122.724,0.0465753,1.18354e-07,0.000267138,0.00026702
31-Mar-2026,81.8163,0.0657534,20.6978,20.8535,0.155714
31-Mar-2026,86.9298,0.0657534,15.612,15.9548,0.342827
31-Mar-2026,92.0433,0.0657534,10.6026,11.2629,0.660325
31-Mar-2026,97.1569,0.0657534,5.94453,6.94956,1.00503
31-Mar-2026,102.27,0.0657534,2.32398,3.31057,0.986594
31-Mar-2026,107.384,0.0657534,0.468769,0.908035,0.439266
31-Mar-2026,112.497,0.0657534,0.0329166,0.134193,0.101276
31-Mar-2026,117.611,0.0657534,0.000729936,0.0173707,0.0166408
31-Mar-2026,122.724,0.0657534,7.19462e-06,0.00226384,0.00225664
31-Mar-2026,81.8163,0.0821918,20.7529,21.0023,0.249423
31-Mar-2026,86.9298,0.0821918,15.6834,16.1667,0.48329
31-Mar-2026,92.0433,0.0821918,10.7225,11.5486,0.826116
31-Mar-2026,97.1569,0.0821918,6.15565,7.29821,1.14256
31-Mar-2026,102.27,0.0821918,2.58592,3.67028,1.08436
31-Mar-2026,107.384,0.0821918,0.626446,1.16321,0.536766
31-Mar-2026,112.497,0.0821918,0.0644153,0.220015,0.1556
31-Mar-2026,117.611,0.0821918,0.00261315,0.0377655,0.0351524
31-Mar-2026,122.724,0.0821918,5.50245e-05,0.00666421,0.00660918
31-Mar-2026,81.8163,0.161644,21.077,21.8791,0.802065
31-Mar-2026,86.9298,0.161644,16.1329,17.278,1.14513
31-Mar-2026,92.0433,0.161644,11.4101,12.8976,1.48752
31-Mar-2026,97.1569,0.161644,7.15195,8.83567,1.68372
31-Mar-2026,102.27,0.161644,3.71217,5.25806,1.54589
31-Mar-2026,107.384,0.161644,1.43342,2.47075,1.03733
31-Mar-2026,112.497,0.161644,0.361788,0.872182,0.510394
31-Mar-2026,117.611,0.161644,0.0577579,0.279985,0.222227
31-Mar-2026,122.724,0.161644,0.00661674,0.0946968,0.0880801
31-Mar-2026,81.8163,0.249315,21.5174,22.8965,1.37913
31-Mar-2026,86.9298,0.249315,16.7254,18.4664,1.74101
31-Mar-2026,92.0433,0.249315,12.2032,14.2494,2.04621
31-Mar-2026,97.1569,0.249315,8.13521,10.3226,2.18739
31-Mar-2026,102.27,0.249315,4.75597,6.80836,2.05239
31-Mar-2026,107.384,0.249315,2.29576,3.90425,1.60849
31-Mar-2026,112.497,0.249315,0.853528,1.87726,1.02373
31-Mar-2026,117.611,0.249315,0.238416,0.803287,0.564871
31-Mar-2026,122.724,0.249315,0.0533732,0.345807,0.292434
31-Mar-2026,81.8163,0.334247,21.9717,23.8266,1.85491
31-Mar-2026,86.9298,0.334247,17.3043,19.522,2.21768
31-Mar-2026,92.0433,0.334247,12.9211,15.4254,2.50429
31-Mar-2026,97.1569,0.334247,8.96896,11.6014,2.63245
31-Mar-2026,102.27,0.334247,5.62435,8.14573,2.52138
31-Mar-2026,107.384,0.334247,3.06245,5.19837,2.13592
31-Mar-2026,112.497,0.334247,1.38476,2.94316,1.5584
31-Mar-2026,117.611,0.334247,0.509094,1.49929,0.990193
31-Mar-2026,122.724,0.334247,0.157414,0.738026,0.580612
31-Mar-2026,81.8163,0.419178,22.4453,24.7323,2.28695
31-Mar-2026,86.9298,0.419178,17.8847,20.5358,2.65113
31-Mar-2026,92.0433,0.419178,13.6109,16.5428,2.93193
31-Mar-2026,97.1569,0.419178,9.74503,12.808,3.06297
31-Mar-2026,102.27,0.419178,6.4276,9.40779,2.98019
31-Mar-2026,107.384,0.419178,3.7984,6.44592,2.64752
31-Mar-2026,112.497,0.419178,1.95037,4.05376,2.10339
31-Mar-2026,117.611,0.419178,0.854778,2.33935,1.48457
31-Mar-2026,122.724,0.419178,0.324962,1.28208,0.957114
31-Mar-2026,81.8163,0.50137,22.9152,25.5937,2.67847
31-Mar-2026,86.9298,0.50137,18.4447,21.4916,3.04695
31-Mar-2026,92.0433,0.50137,14.2591,17.5885,3.3294
31-Mar-2026,97.1569,0.50137,10.4611,13.9311,3.47
31-Mar-2026,102.27,0.50137,7.16712,10.5819,3.41477
31-Mar-2026,107.384,0.50137,4.49246,7.62076,3.1283
31-Mar-2026,112.497,0.50137,2.51954,5.14572,2.62618
31-Mar-2026,117.611,0.50137,1.24572,3.24483,1.99911
31-Mar-2026,122.724,0.50137,0.546519,1.93997,1.39345
31-Mar-2026,81.8163,0.583562,23.4084,26.4722,3.06383
31-Mar-2026,86.9298,0.583562,19.0211,22.46,3.43893
31-Mar-2026,92.0433,0.583562,14.9142,18.6418,3.72762
31-Mar-2026,97.1569,0.583562,11.1762,15.0577,3.88148
31-Mar-2026,102.27,0.583562,7.90505,11.7589,3.85381
31-Mar-2026,107.384,0.583562,5.19694,8.80771,3.61077
31-Mar-2026,112.497,0.583562,3.12361,6.27867,3.15506
31-Mar-2026,117.611,0.583562,1.69582,4.24095,2.54513
31-Mar-2026,122.724,0.583562,0.832579,2.72974,1.89716
31-Mar-2026,81.8163,0.668493,23.9101,27.3463,3.43617
31-Mar-2026,86.9298,0.668493,19.5983,23.4182,3.81991
31-Mar-2026,92.0433,0.668493,15.5617,19.6791,4.11742
31-Mar-2026,97.1569,0.668493,11.8771,16.1633,4.28621
31-Mar-2026,102.27,0.668493,8.62823,12.9132,4.28498
31-Mar-2026,107.384,0.668493,5.89627,9.97825,4.08198
31-Mar-2026,112.497,0.668493,3.74328,7.41616,3.67288
31-Mar-2026,117.611,0.668493,2.18624,5.28099,3.09475
31-Mar-2026,122.724,0.668493,1.17294,3.60869,2.43575
31-Mar-2026,81.8163,0.753425,24.4068,28.1964,3.78961
31-Mar-2026,86.9298,0.753425,20.1632,24.3461,4.18286
31-Mar-2026,92.0433,0.753425,16.189,20.6797,4.49068
31-Mar-2026,97.1569,0.753425,12.5521,17.2268,4.67473
31-Mar-2026,102.27,0.753425,9.3247,14.023,4.69829
31-Mar-2026,107.384,0.753425,6.57636,11.108,4.53165
31-Mar-2026,112.497,0.753425,4.36081,8.52767,4.16686
31-Mar-2026,117.611,0.753425,2.69732,6.32453,3.62721
31-Mar-2026,122.724,0.753425,1.55224,4.53103,2.97879
31-Mar-2026,81.8163,0.832877,24.8541,28.951,4.0969
31-Mar-2026,86.9298,0.832877,20.6673,25.1667,4.49941
31-Mar-2026,92.0433,0.832877,16.7448,21.5619,4.81712
31-Mar-2026,97.1569,0.832877,13.1474,18.1625,5.01514
31-Mar-2026,102.27,0.832877,9.93914,14.999,5.05983
31-Mar-2026,107.384,0.832877,7.18069,12.1043,4.92364
31-Mar-2026,112.497,0.832877,4.91942,9.51625,4.59683
31-Mar-2026,117.611,0.832877,3.1749,7.2693,4.0944
31-Mar-2026,122.724,0.832877,1.92462,5.39182,3.4672
31-Mar-2026,81.8163,0.909589,25.2851,29.6696,4.38447
31-Mar-2026,86.9298,0.909589,21.1498,25.946,4.79616
31-Mar-2026,92.0433,0.909589,17.2738,22.3976,5.12382
31-Mar-2026,97.1569,0.909589,13.7123,19.0474,5.33508
31-Mar-2026,102.27,0.909589,10.5222,15.9216,5.39936
31-Mar-2026,107.384,0.909589,7.75728,13.048,5.29076
31-Mar-2026,112.497,0.909589,5.45947,10.4583,4.99883
31-Mar-2026,117.611,0.909589,3.64782,8.18073,4.53291
31-Mar-2026,122.724,0.909589,2.30721,6.23986,3.93265
01-Apr-2026,81.5341,0.0246575,20.4833,20.4895,0.0061502
01-Apr-2026,86.63,0.0246575,15.3937,15.4262,0.0324871
01-Apr-2026,91.7259,0.0246575,10.3083,10.4551,0.146777
01-Apr-2026,96.8217,0.0246575,5.33906,5.80914,0.470077
01-Apr-2026,101.918,0.0246575,1.42738,2.07843,0.651048
01-Apr-2026,107.014,0.0246575,0.0807099,0.23141,0.150701
01-Apr-2026,112.109,0.0246575,0.000286291,0.00535549,0.0050692
01-Apr-2026,117.205,0.0246575,4.61111e-08,6.8189e-05,6.81429e-05
01-Apr-2026,122.301,0.0246575,8.77687e-13,7.36151e-07,7.3615e-07
01-Apr-2026,81.5341,0.0438356,20.5565,20.6121,0.0556411
01-Apr-2026,86.63,0.0438356,15.4738,15.6356,0.161813
01-Apr-2026,91.7259,0.0438356,10.4232,10.8303,0.407077
01-Apr-2026,96.8217,0.0438356,5.62841,6.40521,0.7768
01-Apr-2026,101.918,0.0438356,1.91101,2.75154,0.840528
01-Apr-2026,107.014,0.0438356,0.256485,0.560276,0.303791
01-Apr-2026,112.109,0.0438356,0.00731899,0.0474863,0.0401673
01-Apr-2026,117.205,0.0438356,3.80024e-05,0.00313724,0.00309924
01-Apr-2026,122.301,0.0438356,6.02464e-08,0.000198682,0.000198622
01-Apr-2026,81.5341,0.0630137,20.6239,20.769,0.145068
01-Apr-2026,86.63,0.0630137,15.5539,15.879,0.325054
01-Apr-2026,91.7259,0.0630137,10.5551,11.1929,0.637767
01-Apr-2026,96.8217,0.0630137,5.89744,6.88499,0.987554
01-Apr-2026,101.918,0.0630137,2.27727,3.25555,0.978281
01-Apr-2026,107.014,0.0630137,0.443419,0.874956,0.431537
01-Apr-2026,112.109,0.0630137,0.028809,0.124614,0.0958052
01-Apr-2026,117.205,0.0630137,0.000567024,0.0154383,0.0148713
01-Apr-2026,122.301,0.0630137,4.853e-06,0.00191851,0.00191365
01-Apr-2026,81.5341,0.0794521,20.6794,20.9162,0.236837
01-Apr-2026,86.63,0.0794521,15.6249,16.0899,0.464969
01-Apr-2026,91.7259,0.0794521,10.6737,11.4792,0.805517
01-Apr-2026,96.8217,0.0794521,6.10828,7.2363,1.12802
01-Apr-2026,101.918,0.0794521,2.54042,3.61821,1.07779
01-Apr-2026,107.014,0.0794521,0.599137,1.1297,0.530567
01-Apr-2026,112.109,0.0794521,0.0581812,0.208225,0.150044
01-Apr-2026,117.205,0.0794521,0.00216606,0.0347076,0.0325415
01-Apr-2026,122.301,0.0794521,4.12844e-05,0.00593204,0.00589076
01-Apr-2026,81.5341,0.158904,21.0043,21.7913,0.786965
01-Apr-2026,86.63,0.158904,16.0726,17.2018,1.1292
01-Apr-2026,91.7259,0.158904,11.3578,12.8321,1.47434
01-Apr-2026,96.8217,0.158904,7.10332,8.7805,1.67718
01-Apr-2026,101.918,0.158904,3.66712,5.21227,1.54515
01-Apr-2026,107.014,0.158904,1.39879,2.43655,1.03776
01-Apr-2026,112.109,0.158904,0.344748,0.852729,0.507981
01-Apr-2026,117.205,0.158904,0.0532342,0.271453,0.218219
01-Apr-2026,122.301,0.158904,0.00588557,0.0910578,0.0851722
01-Apr-2026,81.5341,0.246575,21.4447,22.8099,1.36517
01-Apr-2026,86.63,0.246575,16.6636,18.392,1.72844
01-Apr-2026,91.7259,0.246575,12.1485,14.1864,2.03794
01-Apr-2026,96.8217,0.246575,8.08417,10.2702,2.18604
01-Apr-2026,101.918,0.246575,4.70772,6.76495,2.05723
01-Apr-2026,107.014,0.246575,2.25406,3.87026,1.6162
01-Apr-2026,112.109,0.246575,0.825603,1.85357,1.02797
01-Apr-2026,117.205,0.246575,0.225892,0.789668,0.563776
01-Apr-2026,122.301,0.246575,0.0495041,0.338645,0.289141
01-Apr-2026,81.5341,0.331507,21.8989,23.7412,1.84232
01-Apr-2026,86.63,0.331507,17.2412,19.449,2.20782
01-Apr-2026,91.7259,0.331507,12.8641,15.3639,2.49982
01-Apr-2026,96.8217,0.331507,8.91501,11.5505,2.63549
01-Apr-2026,101.918,0.331507,5.57214,8.1036,2.53146
01-Apr-2026,107.014,0.331507,3.01449,5.16488,2.15039
01-Apr-2026,112.109,0.331507,1.34765,2.91797,1.57032
01-Apr-2026,117.205,0.331507,0.487595,1.48235,0.994759
01-Apr-2026,122.301,0.331507,0.148249,0.727739,0.57949
01-Apr-2026,81.5341,0.416438,22.3721,24.6481,2.27596
01-Apr-2026,86.63,0.416438,17.8201,20.4641,2.64397
01-Apr-2026,91.7259,0.416438,13.5515,16.4825,2.93103
01-Apr-2026,96.8217,0.416438,9.68787,12.7582,3.07033
01-Apr-2026,101.918,0.416438,6.37115,9.36663,2.99548
01-Apr-2026,107.014,0.416438,3.74451,6.41303,2.66852
01-Apr-2026,112.109,0.416438,1.90491,4.0282,2.12329
01-Apr-2026,117.205,0.416438,0.823901,2.32062,1.49672
01-Apr-2026,122.301,0.416438,0.308679,1.2693,0.960622
01-Apr-2026,81.5341,0.49863,22.8413,25.5106,2.66926
01-Apr-2026,86.63,0.49863,18.3786,21.4209,3.04232
01-Apr-2026,91.7259,0.49863,14.1973,17.5292,3.33188
01-Apr-2026,96.8217,0.49863,10.4007,13.8822,3.48151
01-Apr-2026,101.918,0.49863,7.10653,10.5416,3.43502
01-Apr-2026,107.014,0.49863,4.43314,7.58848,3.15534
01-Apr-2026,112.109,0.49863,2.46668,5.12032,2.65364
01-Apr-2026,117.205,0.49863,1.20587,3.2254,2.01953
01-Apr-2026,122.301,0.49863,0.522143,1.92564,1.4035
01-Apr-2026,81.5341,0.580822,23.3337,26.3902,3.0565
01-Apr-2026,86.63,0.580822,18.9532,22.3903,3.43711
01-Apr-2026,91.7259,0.580822,14.8498,18.5834,3.73363
01-Apr-2026,96.8217,0.580822,11.1124,15.0096,3.89723
01-Apr-2026,101.918,0.580822,7.84024,11.7193,3.87905
01-Apr-2026,107.014,0.580822,5.13231,8.77609,3.64378
01-Apr-2026,112.109,0.580822,3.06371,6.25369,3.18998
01-Apr-2026,117.205,0.580822,1.64712,4.22145,2.57433
01-Apr-2026,122.301,0.580822,0.799178,2.71466,1.91548
01-Apr-2026,81.5341,0.665753,23.8344,27.2653,3.43087
01-Apr-2026,86.63,0.665753,19.5286,23.3495,3.82085
01-Apr-2026,91.7259,0.665753,15.4946,19.6216,4.127
01-Apr-2026,96.8217,0.665753,11.8099,16.1161,4.30616
01-Apr-2026,101.918,0.665753,8.5593,12.8744,4.31508
01-Apr-2026,107.014,0.665753,5.82659,9.9473,4.12071
01-Apr-2026,112.109,0.665753,3.67686,7.39173,3.71487
01-Apr-2026,117.205,0.665753,2.12918,5.26181,3.13263
01-Apr-2026,122.301,0.665753,1.13027,3.59348,2.46321
01-Apr-2026,81.5341,0.750685,24.3301,28.1164,3.7863
01-Apr-2026,86.63,0.750685,20.0916,24.2782,4.1866
01-Apr-2026,91.7259,0.750685,16.1192,20.623,4.50378
01-Apr-2026,96.8217,0.750685,12.4815,17.1803,4.69882
01-Apr-2026,101.918,0.750685,9.25187,13.9849,4.73298
01-Apr-2026,107.014,0.750685,6.50201,11.0777,4.5757
01-Apr-2026,112.109,0.750685,4.28847,8.50385,4.21538
01-Apr-2026,117.205,0.750685,2.63265,6.30588,3.67323
01-Apr-2026,122.301,0.750685,1.50065,4.51611,3.01546
01-Apr-2026,81.5341,0.830137,24.7764,28.8718,4.09543
01-Apr-2026,86.63,0.830137,20.594,25.0996,4.50562
01-Apr-2026,91.7259,0.830137,16.6727,21.5059,4.83322
01-Apr-2026,96.8217,0.830137,13.074,18.1167,5.04267
01-Apr-2026,101.918,0.830137,9.86298,14.9614,5.09846
01-Apr-2026,107.014,0.830137,7.10241,12.0746,4.9722
01-Apr-2026,112.109,0.830137,4.84217,9.49301,4.65084
01-Apr-2026,117.205,0.830137,3.1039,7.25121,4.14731
01-Apr-2026,122.301,0.830137,1.86536,5.37738,3.51202
01-Apr-2026,81.5341,0.906849,25.2064,29.5912,4.3848
01-Apr-2026,86.63,0.906849,21.0749,25.8796,4.80469
01-Apr-2026,91.7259,0.906849,17.1996,22.3423,5.14268
01-Apr-2026,96.8217,0.906849,13.6362,19.0021,5.36591
01-Apr-2026,101.918,0.906849,10.443,15.8846,5.44159
01-Apr-2026,107.014,0.906849,7.67543,13.0189,5.34345
01-Apr-2026,112.109,0.906849,5.37782,10.4356,5.0578
01-Apr-2026,117.205,0.906849,3.57118,8.16324,4.59206
01-Apr-2026,122.301,0.906849,2.24097,6.226,3.98503
02-Apr-2026,81.7175,0.0219178,20.5231,20.5272,0.00414478
02-Apr-2026,86.8248,0.0219178,15.4216,15.4468,0.0252127
02-Apr-2026,91.9322,0.0219178,10.3235,10.4487,0.125164
02-Apr-2026,97.0395,0.0219178,5.33333,5.76421,0.430881
02-Apr-2026,102.147,0.0219178,1.40428,2.01155,0.60727
02-Apr-2026,107.254,0.0219178,0.0767698,0.204433,0.127663
02-Apr-2026,112.362,0.0219178,0.000261935,0.00381746,0.00355553
02-Apr-2026,117.469,0.0219178,3.54604e-08,3.6893e-05,3.68575e-05
02-Apr-2026,122.576,0.0219178,4.34893e-13,2.95872e-07,2.95872e-07
02-Apr-2026,81.7175,0.0410959,20.5967,20.6453,0.0486498
02-Apr-2026,86.8248,0.0410959,15.5022,15.649,0.146762
02-Apr-2026,91.9322,0.0410959,10.441,10.8191,0.378069
02-Apr-2026,97.0395,0.0410959,5.64605,6.36891,0.72286
02-Apr-2026,102.147,0.0410959,1.94773,2.70331,0.755581
02-Apr-2026,107.254,0.0410959,0.284788,0.530757,0.245969
02-Apr-2026,112.362,0.0410959,0.010365,0.0417925,0.0314275
02-Apr-2026,117.469,0.0410959,7.26108e-05,0.00252316,0.00245055
02-Apr-2026,122.576,0.0410959,1.35812e-07,0.000145079,0.000144943
02-Apr-2026,81.7175,0.060274,20.6646,20.799,0.134438
02-Apr-2026,86.8248,0.060274,15.5845,15.8897,0.305212
02-Apr-2026,91.9322,0.060274,10.5839,11.1825,0.598568
02-Apr-2026,97.0395,0.060274,5.95032,6.85526,0.904938
02-Apr-2026,102.147,0.060274,2.37298,3.21598,0.843
02-Apr-2026,107.254,0.060274,0.522439,0.8456,0.323161
02-Apr-2026,112.362,0.060274,0.046192,0.115704,0.0695118
02-Apr-2026,117.469,0.060274,0.00137113,0.0136832,0.0123121
02-Apr-2026,122.576,0.060274,1.61178e-05,0.00161759,0.00160147
02-Apr-2026,81.7175,0.0767123,20.7211,20.9449,0.223756
02-Apr-2026,86.8248,0.0767123,15.6597,16.1001,0.44041
02-Apr-2026,91.9322,0.0767123,10.7174,11.4704,0.753013
02-Apr-2026,97.0395,0.0767123,6.19534,7.21069,1.01535
02-Apr-2026,102.147,0.0767123,2.68657,3.58323,0.896659
02-Apr-2026,107.254,0.0767123,0.727901,1.10088,0.372976
02-Apr-2026,112.362,0.0767123,0.0981238,0.197309,0.0991849
02-Apr-2026,117.469,0.0767123,0.00571646,0.0318903,0.0261739
02-Apr-2026,122.576,0.0767123,0.00015867,0.00527296,0.00511429
02-Apr-2026,81.7175,0.0986301,20.8121,21.1868,0.374711
02-Apr-2026,86.8248,0.0986301,15.7895,16.4267,0.637205
02-Apr-2026,91.9322,0.0986301,10.9399,11.8888,0.948868
02-Apr-2026,97.0395,0.0986301,6.55953,7.70318,1.14365
02-Apr-2026,102.147,0.0986301,3.12762,4.08995,0.96233
02-Apr-2026,107.254,0.0986301,1.04871,1.48541,0.436704
02-Apr-2026,112.362,0.0986301,0.213024,0.350032,0.137008
02-Apr-2026,117.469,0.0986301,0.0236556,0.0761193,0.0524637
02-Apr-2026,122.576,0.0986301,0.00149723,0.0172982,0.015801
02-Apr-2026,81.7175,0.156164,21.0725,21.8198,0.747274
02-Apr-2026,86.8248,0.156164,16.1742,17.2156,1.04139
02-Apr-2026,91.9322,0.156164,11.5388,12.8318,1.29297
02-Apr-2026,97.0395,0.156164,7.41236,8.76746,1.3551
02-Apr-2026,102.147,0.156164,4.10196,5.18987,1.08791
02-Apr-2026,107.254,0.156164,1.84491,2.41173,0.566823
02-Apr-2026,112.362,0.156164,0.63066,0.835827,0.205167
02-Apr-2026,117.469,0.156164,0.155274,0.263792,0.108518
02-Apr-2026,122.576,0.156164,0.0274099,0.0877687,0.0603588
02-Apr-2026,81.7175,0.243836,21.5967,22.8419,1.2452
02-Apr-2026,86.8248,0.243836,16.912,18.411,1.49903
02-Apr-2026,91.9322,0.243836,12.5518,14.1929,1.64106
02-Apr-2026,97.0395,0.243836,8.68658,10.2651,1.57852
02-Apr-2026,102.147,0.243836,5.49278,6.7505,1.25772
02-Apr-2026,107.254,0.243836,3.0974,3.8506,0.753201
02-Apr-2026,112.362,0.243836,1.51719,1.83501,0.317821
02-Apr-2026,117.469,0.243836,0.630744,0.778063,0.147319
02-Apr-2026,122.576,0.243836,0.220029,0.33245,0.112421
02-Apr-2026,81.7175,0.328767,22.1706,23.7768,1.60618
02-Apr-2026,86.8248,0.328767,17.6667,19.4724,1.80566
02-Apr-2026,91.9322,0.328767,13.5033,15.3755,1.87215
02-Apr-2026,97.0395,0.328767,9.80412,11.5511,1.747
02-Apr-2026,102.147,0.328767,6.68536,8.09505,1.40969
02-Apr-2026,107.254,0.328767,4.2271,5.15007,0.922971
02-Apr-2026,112.362,0.328767,2.44559,2.90079,0.455204
02-Apr-2026,117.469,0.328767,1.27913,1.46882,0.189686
02-Apr-2026,122.576,0.328767,0.600019,0.719171,0.119152
02-Apr-2026,81.7175,0.413699,22.7896,24.6871,1.89746
02-Apr-2026,86.8248,0.413699,18.4424,20.4914,2.04902
02-Apr-2026,91.9322,0.413699,14.4357,16.4986,2.06294
02-Apr-2026,97.0395,0.413699,10.8619,12.7639,1.90195
02-Apr-2026,102.147,0.413699,7.80234,9.36331,1.56097
02-Apr-2026,107.254,0.413699,5.31091,6.40295,1.09204
02-Apr-2026,112.362,0.413699,3.39999,4.01382,0.613827
02-Apr-2026,117.469,0.413699,2.03321,2.30703,0.273823
02-Apr-2026,122.576,0.413699,1.12997,1.25914,0.129173
02-Apr-2026,81.7175,0.49589,23.416,25.5528,2.13682
02-Apr-2026,86.8248,0.49589,19.2013,21.452,2.25069
02-Apr-2026,91.9322,0.49589,15.3205,17.5494,2.22894
02-Apr-2026,97.0395,0.49589,11.8448,13.8924,2.04758
02-Apr-2026,102.147,0.49589,8.83387,10.5429,1.70907
02-Apr-2026,107.254,0.49589,6.32583,7.58286,1.25703
02-Apr-2026,112.362,0.49589,4.32943,5.10927,0.779837
02-Apr-2026,117.469,0.49589,2.82015,3.21317,0.393015
02-Apr-2026,122.576,0.49589,1.74269,1.91502,0.17233
02-Apr-2026,81.7175,0.578082,24.081,26.4358,2.35478
02-Apr-2026,86.8248,0.578082,19.9872,22.4251,2.4379
02-Apr-2026,91.9322,0.578082,16.2175,18.6078,2.3903
02-Apr-2026,97.0395,0.578082,12.8272,15.0242,2.19705
02-Apr-2026,102.147,0.578082,9.86068,11.7253,1.86462
02-Apr-2026,107.254,0.578082,7.3453,8.77496,1.42966
02-Apr-2026,112.362,0.578082,5.28664,6.24641,0.95977
02-Apr-2026,117.469,0.578082,3.66676,4.21157,0.544809
02-Apr-2026,122.576,0.578082,2.4457,2.70468,0.258979
02-Apr-2026,81.7175,0.663014,24.761,27.3141,2.55314
02-Apr-2026,86.8248,0.663014,20.7755,23.3879,2.61239
02-Apr-2026,91.9322,0.663014,17.1029,19.65,2.54706
02-Apr-2026,97.0395,0.663014,13.7869,16.135,2.34805
02-Apr-2026,102.147,0.663014,10.861,12.8848,2.02385
02-Apr-2026,107.254,0.663014,8.34482,9.95057,1.60575
02-Apr-2026,112.362,0.663014,6.24161,7.3884,1.14679
02-Apr-2026,117.469,0.663014,4.53713,5.2549,0.717772
02-Apr-2026,122.576,0.663014,3.20096,3.58511,0.384151
02-Apr-2026,81.7175,0.747945,25.4349,28.1685,2.73356
02-Apr-2026,86.8248,0.747945,21.545,24.3201,2.77514
02-Apr-2026,91.9322,0.747945,17.957,20.6551,2.69815
02-Apr-2026,97.0395,0.747945,14.7056,17.2033,2.49768
02-Apr-2026,102.147,0.747945,11.8165,13.9995,2.18304
02-Apr-2026,107.254,0.747945,9.3041,11.0852,1.78111
02-Apr-2026,112.362,0.747945,7.1696,8.50446,1.33486
02-Apr-2026,117.469,0.747945,5.401,6.30225,0.90125
02-Apr-2026,122.576,0.747945,3.974,4.51001,0.536009
02-Apr-2026,81.7175,0.827397,26.0405,28.9267,2.88621
02-Apr-2026,86.8248,0.827397,22.2289,25.1446,2.91574
02-Apr-2026,91.9322,0.827397,18.7093,21.5414,2.83212
02-Apr-2026,97.0395,0.827397,15.5103,18.1432,2.63287
02-Apr-2026,102.147,0.827397,12.6522,14.9798,2.32761
02-Apr-2026,107.254,0.827397,10.1458,12.0858,1.94002
02-Apr-2026,112.362,0.827397,7.99103,9.49716,1.50613
02-Apr-2026,117.469,0.827397,6.17711,7.2507,1.07359
02-Apr-2026,122.576,0.827397,4.68352,5.37371,0.690186
02-Apr-2026,81.7175,0.90411,26.622,29.6488,3.02676
02-Apr-2026,86.8248,0.90411,22.8798,25.9275,3.04773
02-Apr-2026,91.9322,0.90411,19.4206,22.3809,2.9603
02-Apr-2026,97.0395,0.90411,16.268,19.0319,2.76393
02-Apr-2026,102.147,0.90411,13.4384,15.9064,2.46801
02-Apr-2026,107.254,0.90411,10.9396,13.0336,2.09397
02-Apr-2026,112.362,0.90411,8.77061,10.4432,1.67255
02-Apr-2026,117.469,0.90411,6.92158,8.16582,1.24424
02-Apr-2026,122.576,0.90411,5.37462,6.22492,0.850299
07-Apr-2026,81.6175,0.00821918,20.4247,20.4248,0.000140415
07-Apr-2026,86.7186,0.00821918,15.3249,15.325,0.00011198
07-Apr-2026,91.8197,0.00821918,10.2251,10.2253,0.000241652
07-Apr-2026,96.9207,0.00821918,5.1256,5.1511,0.0255039
07-Apr-2026,102.022,0.00821918,0.618923,0.920112,0.301189
07-Apr-2026,107.123,0.00821918,5.4975e-05,0.00175924,0.00170427
07-Apr-2026,112.224,0.00821918,3.08462e-15,4.77139e-10,4.77136e-10
07-Apr-2026,117.325,0.00821918,2.00939e-15,1.42298e-15,5.8641e-16
07-Apr-2026,122.426,0.00821918,2.02548e-15,1.39174e-15,6.33739e-16
07-Apr-2026,81.6175,0.0273973,20.4992,20.5034,0.00423179
07-Apr-2026,86.7186,0.0273973,15.4041,15.4292,0.0251393
07-Apr-2026,91.8197,0.0273973,10.3124,10.4373,0.124893
07-Apr-2026,96.9207,0.0273973,5.32901,5.75853,0.42952
07-Apr-2026,102.022,0.0273973,1.40463,2.01003,0.605404
07-Apr-2026,107.123,0.0273973,0.0768078,0.204376,0.127568
07-Apr-2026,112.224,0.0273973,0.000261097,0.00382044,0.00355934
07-Apr-2026,117.325,0.0273973,3.5943e-08,3.69215e-05,3.68855e-05
07-Apr-2026,122.426,0.0273973,4.69939e-13,2.96063e-07,2.96063e-07
07-Apr-2026,81.6175,0.0465753,20.5602,20.5965,0.0362868
07-Apr-2026,86.7186,0.0465753,15.4704,15.589,0.118579
07-Apr-2026,91.8197,0.0465753,10.4066,10.7367,0.330061
07-Apr-2026,96.9207,0.0465753,5.58399,6.25926,0.675272
07-Apr-2026,102.022,0.0465753,1.8578,2.58882,0.731015
07-Apr-2026,107.123,0.0465753,0.241434,0.468979,0.227545
07-Apr-2026,112.224,0.0465753,0.00669274,0.0313767,0.0246839
07-Apr-2026,117.325,0.0465753,3.05208e-05,0.00154467,0.00151415
07-Apr-2026,122.426,0.0465753,3.4347e-08,7.13587e-05,7.13244e-05
07-Apr-2026,81.6175,0.0630137,20.6357,20.7597,0.124015
07-Apr-2026,86.7186,0.0630137,15.5605,15.848,0.287472
07-Apr-2026,91.8197,0.0630137,10.561,11.1357,0.574676
07-Apr-2026,96.9207,0.0630137,5.92044,6.80364,0.883197
07-Apr-2026,102.022,0.0630137,2.33583,3.16639,0.830556
07-Apr-2026,107.123,0.0630137,0.497996,0.813946,0.31595
07-Apr-2026,112.224,0.0630137,0.0409854,0.106901,0.0659151
07-Apr-2026,117.325,0.0630137,0.00109877,0.0120321,0.0109333
07-Apr-2026,122.426,0.0630137,1.1745e-05,0.00134883,0.00133709
07-Apr-2026,81.6175,0.0849315,20.7075,20.9424,0.23493
07-Apr-2026,86.7186,0.0849315,15.6566,16.1113,0.454683
07-Apr-2026,91.8197,0.0849315,10.731,11.4959,0.764918
07-Apr-2026,96.9207,0.0849315,6.2304,7.2484,1.018
07-Apr-2026,102.022,0.0849315,2.73094,3.62598,0.895041
07-Apr-2026,107.123,0.0849315,0.755948,1.13319,0.377246
07-Apr-2026,112.224,0.0849315,0.105845,0.208922,0.103077
07-Apr-2026,117.325,0.0849315,0.00661265,0.0348298,0.0282171
07-Apr-2026,122.426,0.0849315,0.000206825,0.00595373,0.00574691
07-Apr-2026,81.6175,0.142466,20.9519,21.5558,0.603861
07-Apr-2026,86.7186,0.142466,16.0153,16.9046,0.889336
07-Apr-2026,91.8197,0.142466,11.3155,12.4753,1.15985
07-Apr-2026,96.9207,0.142466,7.11431,8.37544,1.26113
07-Apr-2026,102.022,0.142466,3.76507,4.78732,1.02225
07-Apr-2026,107.123,0.142466,1.55347,2.06262,0.509152
07-Apr-2026,112.224,0.142466,0.456769,0.635457,0.178688
07-Apr-2026,117.325,0.142466,0.0898747,0.179828,0.0899532
07-Apr-2026,122.426,0.142466,0.0120795,0.0537707,0.0416912
07-Apr-2026,81.6175,0.230137,21.4695,22.5813,1.11176
07-Apr-2026,86.7186,0.230137,16.7559,18.1194,1.36347
07-Apr-2026,91.8197,0.230137,12.3571,13.8714,1.51428
07-Apr-2026,96.9207,0.230137,8.4525,9.91865,1.46615
07-Apr-2026,102.022,0.230137,5.23485,6.39218,1.15733
07-Apr-2026,107.123,0.230137,2.84953,3.51344,0.66391
07-Apr-2026,112.224,0.230137,1.31962,1.58051,0.260886
07-Apr-2026,117.325,0.230137,0.506322,0.633231,0.126909
07-Apr-2026,122.426,0.230137,0.160005,0.258904,0.0988995
07-Apr-2026,81.6175,0.315068,22.0649,23.5243,1.45938
07-Apr-2026,86.7186,0.315068,17.5471,19.1951,1.64796
07-Apr-2026,91.8197,0.315068,13.3644,15.0742,1.70976
07-Apr-2026,96.9207,0.315068,9.64372,11.2293,1.58553
07-Apr-2026,102.022,0.315068,6.50792,7.76171,1.25379
07-Apr-2026,107.123,0.315068,4.04616,4.8262,0.780043
07-Apr-2026,112.224,0.315068,2.28152,2.62562,0.344103
07-Apr-2026,117.325,0.315068,1.15117,1.27818,0.127014
07-Apr-2026,122.426,0.315068,0.516378,0.606551,0.0901725
07-Apr-2026,81.6175,0.4,22.7276,24.4428,1.71518
07-Apr-2026,86.7186,0.4,18.3815,20.226,1.84452
07-Apr-2026,91.8197,0.4,14.3708,16.2128,1.84203
07-Apr-2026,96.9207,0.4,10.788,12.4604,1.67243
07-Apr-2026,102.022,0.4,7.71656,9.04915,1.33259
07-Apr-2026,107.123,0.4,5.21536,6.0925,0.877141
07-Apr-2026,112.224,0.4,3.3023,3.73324,0.430944
07-Apr-2026,117.325,0.4,1.94437,2.0864,0.142031
07-Apr-2026,122.426,0.4,1.05969,1.10984,0.0501537
07-Apr-2026,81.6175,0.482192,23.4138,25.3163,1.90253
07-Apr-2026,86.7186,0.482192,19.2138,21.1969,1.98312
07-Apr-2026,91.8197,0.482192,15.3415,17.2765,1.93502
07-Apr-2026,96.9207,0.482192,11.8663,13.604,1.73771
07-Apr-2026,102.022,0.482192,8.84814,10.2446,1.39641
07-Apr-2026,107.123,0.482192,6.32783,7.28507,0.957239
07-Apr-2026,112.224,0.482192,4.3184,4.83058,0.512184
07-Apr-2026,117.325,0.482192,2.79976,2.97648,0.176725
07-Apr-2026,122.426,0.482192,1.71919,1.73704,0.0178473
07-Apr-2026,81.6175,0.564384,24.1901,26.2471,2.05699
07-Apr-2026,86.7186,0.564384,20.1296,22.2239,2.0943
07-Apr-2026,91.8197,0.564384,16.3846,18.3946,2.00999
07-Apr-2026,96.9207,0.564384,13.0073,14.8006,1.79331
07-Apr-2026,102.022,0.564384,10.0404,11.4946,1.4542
07-Apr-2026,107.123,0.564384,7.51222,8.54345,1.03123
07-Apr-2026,112.224,0.564384,5.43147,6.02491,0.593443
07-Apr-2026,117.325,0.564384,3.7848,4.01346,0.228661
07-Apr-2026,122.426,0.564384,2.53691,2.54298,0.00607321
07-Apr-2026,81.6175,0.649315,24.9269,27.0933,2.16644
07-Apr-2026,86.7186,0.649315,20.981,23.1523,2.17129
07-Apr-2026,91.8197,0.649315,17.3383,19.4003,2.062
07-Apr-2026,96.9207,0.649315,14.0391,15.873,1.83394
07-Apr-2026,102.022,0.649315,11.1155,12.6142,1.49874
07-Apr-2026,107.123,0.649315,8.58773,9.67743,1.0897
07-Apr-2026,112.224,0.649315,6.4616,7.12289,0.661294
07-Apr-2026,117.325,0.649315,4.72686,5.00953,0.282675
07-Apr-2026,122.426,0.649315,3.35757,3.3736,0.0160252
07-Apr-2026,81.6175,0.734247,25.7013,27.9552,2.25385
07-Apr-2026,86.7186,0.734247,21.8619,24.0935,2.23157
07-Apr-2026,91.8197,0.734247,18.3129,20.4158,2.10291
07-Apr-2026,96.9207,0.734247,15.0855,16.9529,1.86736
07-Apr-2026,102.022,0.734247,12.2035,13.741,1.53749
07-Apr-2026,107.123,0.734247,9.68158,10.8234,1.1418
07-Apr-2026,112.224,0.734247,7.52295,8.24728,0.724328
07-Apr-2026,117.325,0.734247,5.71922,6.05913,0.339912
07-Apr-2026,122.426,0.734247,4.25045,4.29209,0.0416378
07-Apr-2026,81.6175,0.813699,26.4047,28.72,2.31528
07-Apr-2026,86.7186,0.813699,22.6528,24.9256,2.27285
07-Apr-2026,91.8197,0.813699,19.1799,21.3108,2.13094
07-Apr-2026,96.9207,0.813699,16.0109,17.9024,1.8915
07-Apr-2026,102.022,0.813699,13.1645,14.7314,1.56685
07-Apr-2026,107.123,0.813699,10.651,11.8337,1.18266
07-Apr-2026,112.224,0.813699,8.47235,9.24777,0.775421
07-Apr-2026,117.325,0.813699,6.62093,7.01146,0.390531
07-Apr-2026,122.426,0.813699,5.08036,5.15374,0.0733825
07-Apr-2026,81.6175,0.890411,27.0862,29.4482,2.36198
07-Apr-2026,86.7186,0.890411,23.4121,25.7156,2.30353
07-Apr-2026,91.8197,0.890411,20.0065,22.1583,2.15183
07-Apr-2026,96.9207,0.890411,16.8896,18.7999,1.91032
07-Apr-2026,102.022,0.890411,14.0758,15.6671,1.59132
07-Apr-2026,107.123,0.890411,11.5729,12.7903,1.21742
07-Apr-2026,112.224,0.890411,9.38113,10.2013,0.820214
07-Apr-2026,117.325,0.890411,7.49371,7.93135,0.43764
07-Apr-2026,122.426,0.890411,5.8966,6.00532,0.108717
08-Apr-2026,82.559,0.00547945,20.6534,20.6537,0.000276021
08-Apr-2026,87.7189,0.00547945,15.4943,15.4946,0.000330766
08-Apr-2026,92.8789,0.00547945,10.3353,10.3355,0.000189839
08-Apr-2026,98.0388,0.00547945,5.17621,5.1827,0.00649412
08-Apr-2026,103.199,0.00547945,0.535453,0.758305,0.222852
08-Apr-2026,108.359,0.00547945,4.35567e-06,0.000159925,0.000155569
08-Apr-2026,113.519,0.00547945,2.82062e-15,5.74589e-14,5.46382e-14
08-Apr-2026,118.679,0.00547945,2.8835e-15,-3.88878e-15,6.77228e-15
08-Apr-2026,123.838,0.00547945,2.92918e-15,-3.99516e-15,6.92434e-15
08-Apr-2026,82.559,0.0246575,20.7286,20.7316,0.00298752
08-Apr-2026,87.7189,0.0246575,15.5743,15.5935,0.0192456
08-Apr-2026,92.8789,0.0246575,10.4233,10.5282,0.104907
08-Apr-2026,98.0388,0.0246575,5.38504,5.76537,0.380326
08-Apr-2026,103.199,0.0246575,1.43244,1.95782,0.525375
08-Apr-2026,108.359,0.0246575,0.084803,0.179465,0.0946622
08-Apr-2026,113.519,0.0246575,0.000372527,0.00262523,0.0022527
08-Apr-2026,118.679,0.0246575,7.03904e-08,1.84539e-05,1.83835e-05
08-Apr-2026,123.838,0.0246575,1.03623e-12,1.05071e-07,1.0507e-07
08-Apr-2026,82.559,0.0438356,20.7901,20.8214,0.0312608
08-Apr-2026,87.7189,0.0438356,15.6413,15.7475,0.106238
08-Apr-2026,92.8789,0.0438356,10.5214,10.8243,0.302939
08-Apr-2026,98.0388,0.0438356,5.65961,6.27743,0.617822
08-Apr-2026,103.199,0.0438356,1.91954,2.5595,0.639956
08-Apr-2026,108.359,0.0438356,0.271235,0.443253,0.172018
08-Apr-2026,113.519,0.0438356,0.00937009,0.0270343,0.0176642
08-Apr-2026,118.679,0.0438356,5.86069e-05,0.00118521,0.00112661
08-Apr-2026,123.838,0.0438356,8.62716e-08,4.83821e-05,4.82959e-05
08-Apr-2026,82.559,0.060274,20.8664,20.9817,0.115314
08-Apr-2026,87.7189,0.060274,15.734,16.0047,0.270674
08-Apr-2026,92.8789,0.060274,10.686,11.2267,0.540685
08-Apr-2026,98.0388,0.060274,6.01955,6.83416,0.814607
08-Apr-2026,103.199,0.060274,2.42635,3.15307,0.726721
08-Apr-2026,108.359,0.060274,0.554499,0.790938,0.236439
08-Apr-2026,113.519,0.060274,0.0536536,0.0993943,0.0457407
08-Apr-2026,118.679,0.060274,0.00183201,0.0106144,0.00878239
08-Apr-2026,123.838,0.060274,2.48653e-05,0.00112517,0.00110031
08-Apr-2026,82.559,0.0821918,20.9397,21.1637,0.224025
08-Apr-2026,87.7189,0.0821918,15.8346,16.2692,0.434565
08-Apr-2026,92.8789,0.0821918,10.8677,11.5918,0.724072
08-Apr-2026,98.0388,0.0821918,6.34852,7.28799,0.939467
08-Apr-2026,103.199,0.0821918,2.84195,3.6226,0.780654
08-Apr-2026,108.359,0.0821918,0.833933,1.11344,0.279511
08-Apr-2026,113.519,0.0821918,0.132436,0.199663,0.067227
08-Apr-2026,118.679,0.0821918,0.0100133,0.0322684,0.0222551
08-Apr-2026,123.838,0.0821918,0.000383227,0.0053368,0.00495357
08-Apr-2026,82.559,0.139726,21.1938,21.7808,0.587009
08-Apr-2026,87.7189,0.139726,16.2145,17.0709,0.856354
08-Apr-2026,92.8789,0.139726,11.4882,12.5854,1.09717
08-Apr-2026,98.0388,0.139726,7.27734,8.43422,1.15688
08-Apr-2026,103.199,0.139726,3.92098,4.80358,0.882598
08-Apr-2026,108.359,0.139726,1.68086,2.05323,0.372367
08-Apr-2026,113.519,0.139726,0.530633,0.624858,0.0942251
08-Apr-2026,118.679,0.139726,0.116278,0.174824,0.0585464
08-Apr-2026,123.838,0.139726,0.0177534,0.0516907,0.0339373
08-Apr-2026,82.559,0.227397,21.7383,22.8172,1.07893
08-Apr-2026,87.7189,0.227397,16.9955,18.3004,1.30488
08-Apr-2026,92.8789,0.227397,12.5806,14,1.41941
08-Apr-2026,98.0388,0.227397,8.66862,9.99893,1.33031
08-Apr-2026,103.199,0.227397,5.44195,6.43053,0.988581
08-Apr-2026,108.359,0.227397,3.03289,3.52094,0.488054
08-Apr-2026,113.519,0.227397,1.45893,1.57454,0.115609
08-Apr-2026,118.679,0.227397,0.591556,0.627344,0.035788
08-Apr-2026,123.838,0.227397,0.200523,0.255435,0.0549119
08-Apr-2026,82.559,0.312329,22.3629,23.771,1.40807
08-Apr-2026,87.7189,0.312329,17.8229,19.3889,1.56605
08-Apr-2026,92.8789,0.312329,13.6274,15.2177,1.59033
08-Apr-2026,98.0388,0.312329,9.89898,11.3262,1.4272
08-Apr-2026,103.199,0.312329,6.75281,7.81744,1.06463
08-Apr-2026,108.359,0.312329,4.26982,4.84923,0.579411
08-Apr-2026,113.519,0.312329,2.4686,2.62867,0.160073
08-Apr-2026,118.679,0.312329,1.28961,1.27467,0.0149366
08-Apr-2026,123.838,0.312329,0.604811,0.603172,0.00163906
08-Apr-2026,82.559,0.39726,23.0546,24.7,1.64538
08-Apr-2026,87.7189,0.39726,18.6902,20.4321,1.74186
08-Apr-2026,92.8789,0.39726,14.6681,16.3702,1.70206
08-Apr-2026,98.0388,0.39726,11.0767,12.5725,1.49578
08-Apr-2026,103.199,0.39726,7.99399,9.12074,1.12675
08-Apr-2026,108.359,0.39726,5.4732,6.13055,0.657351
08-Apr-2026,113.519,0.39726,3.52878,3.74755,0.218775
08-Apr-2026,118.679,0.39726,2.12854,2.08842,0.0401234
08-Apr-2026,123.838,0.39726,1.1961,1.10828,0.0878156
08-Apr-2026,82.559,0.479452,23.7678,25.5835,1.81572
08-Apr-2026,87.7189,0.479452,19.5517,21.4143,1.86263
08-Apr-2026,92.8789,0.479452,15.6684,17.4465,1.77813
08-Apr-2026,98.0388,0.479452,12.184,13.7299,1.54588
08-Apr-2026,103.199,0.479452,9.1541,10.3306,1.17654
08-Apr-2026,108.359,0.479452,6.61538,7.33725,0.721875
08-Apr-2026,113.519,0.479452,4.57822,4.85681,0.278593
08-Apr-2026,118.679,0.479452,3.02245,2.98627,0.0361843
08-Apr-2026,123.838,0.479452,1.89826,1.73926,0.159002
08-Apr-2026,82.559,0.561644,24.5717,26.5249,1.95324
08-Apr-2026,87.7189,0.561644,20.4966,22.4533,1.95667
08-Apr-2026,92.8789,0.561644,16.741,18.5778,1.83684
08-Apr-2026,98.0388,0.561644,13.3539,14.9408,1.58689
08-Apr-2026,103.199,0.561644,10.375,11.5957,1.22069
08-Apr-2026,108.359,0.561644,7.82941,8.61052,0.781108
08-Apr-2026,113.519,0.561644,5.72386,6.06452,0.340661
08-Apr-2026,118.679,0.561644,4.04453,4.03344,0.0110887
08-Apr-2026,123.838,0.561644,2.75759,2.55151,0.20608
08-Apr-2026,82.559,0.646575,25.3327,27.3809,2.04818
08-Apr-2026,87.7189,0.646575,21.3732,23.3925,2.01925
08-Apr-2026,92.8789,0.646575,17.7199,19.5954,1.87547
08-Apr-2026,98.0388,0.646575,14.4107,16.026,1.61527
08-Apr-2026,103.199,0.646575,11.475,12.7287,1.25367
08-Apr-2026,108.359,0.646575,8.93061,9.75786,0.827255
08-Apr-2026,113.519,0.646575,6.78175,7.17499,0.393241
08-Apr-2026,118.679,0.646575,5.01763,5.03995,0.0223159
08-Apr-2026,123.838,0.646575,3.61306,3.38963,0.223431
08-Apr-2026,82.559,0.731507,26.1308,28.2526,2.12176
08-Apr-2026,87.7189,0.731507,22.2787,24.3445,2.06585
08-Apr-2026,92.8789,0.731507,18.7192,20.6228,1.90359
08-Apr-2026,98.0388,0.731507,15.4815,17.1185,1.63704
08-Apr-2026,103.199,0.731507,12.5875,13.8688,1.28126
08-Apr-2026,108.359,0.731507,10.0497,10.9173,0.867584
08-Apr-2026,113.519,0.731507,7.87006,8.31226,0.4422
08-Apr-2026,118.679,0.731507,6.03968,6.10091,0.0612317
08-Apr-2026,123.838,0.731507,4.53895,4.31713,0.22182
08-Apr-2026,82.559,0.810959,26.8547,29.0261,2.17144
08-Apr-2026,87.7189,0.810959,23.0906,25.1864,2.09575
08-Apr-2026,92.8789,0.810959,19.6073,21.5283,1.92097
08-Apr-2026,98.0388,0.810959,16.428,18.0793,1.65125
08-Apr-2026,103.199,0.810959,13.5696,14.8708,1.30119
08-Apr-2026,108.359,0.810959,11.0409,11.9394,0.898502
08-Apr-2026,113.519,0.810959,8.84253,9.32426,0.481727
08-Apr-2026,118.679,0.810959,6.9665,7.06376,0.0972566
08-Apr-2026,123.838,0.810959,5.39654,5.18765,0.208886
08-Apr-2026,82.559,0.887671,27.5551,29.7627,2.20757
08-Apr-2026,87.7189,0.887671,23.8693,25.9855,2.11616
08-Apr-2026,92.8789,0.887671,20.4534,22.3856,1.93223
08-Apr-2026,98.0388,0.887671,17.3263,18.9873,1.66098
08-Apr-2026,103.199,0.887671,14.5007,15.8175,1.31684
08-Apr-2026,108.359,0.887671,11.983,12.9072,0.924241
08-Apr-2026,113.519,0.887671,9.77268,10.2888,0.51613
08-Apr-2026,118.679,0.887671,7.86232,7.99392,0.131596
08-Apr-2026,123.838,0.887671,6.23795,6.04825,0.1897
09-Apr-2026,81.2687,0.00273973,20.3238,20.324,0.000167634
09-Apr-2026,86.3479,0.00273973,15.245,15.2452,0.000184353
09-Apr-2026,91.4272,0.00273973,10.1661,10.1663,0.000201081
09-Apr-2026,96.5065,0.00273973,5.08721,5.08757,0.000360917
09-Apr-2026,101.586,0.00273973,0.364032,0.526263,0.162231
09-Apr-2026,106.665,0.00273973,1.06419e-08,2.17438e-07,2.06796e-07
09-Apr-2026,81.2687,0.0219178,20.3971,20.399,0.00186529
09-Apr-2026,86.3479,0.0219178,15.3229,15.3366,0.0137048
09-Apr-2026,91.4272,0.0219178,10.2505,10.3354,0.0848875
09-Apr-2026,96.5065,0.0219178,5.26704,5.61558,0.348535
09-Apr-2026,101.586,0.0219178,1.32828,1.84981,0.521528
09-Apr-2026,106.665,0.0219178,0.0616254,0.15069,0.0890646
09-Apr-2026,111.744,0.0219178,0.000143484,0.00165933,0.00151584
09-Apr-2026,116.824,0.0219178,9.44493e-09,8.04592e-06,8.03647e-06
09-Apr-2026,121.903,0.0219178,3.68176e-14,3.06805e-08,3.06805e-08
09-Apr-2026,81.2687,0.0410959,20.4571,20.4828,0.0257001
09-Apr-2026,86.3479,0.0410959,15.3877,15.48,0.0922924
09-Apr-2026,91.4272,0.0410959,10.3408,10.6189,0.278065
09-Apr-2026,96.5065,0.0410959,5.52507,6.12454,0.59947
09-Apr-2026,101.586,0.0410959,1.81147,2.45934,0.647869
09-Apr-2026,106.665,0.0410959,0.228411,0.405764,0.177353
09-Apr-2026,111.744,0.0410959,0.00603659,0.0223777,0.0163411
09-Apr-2026,116.824,0.0410959,2.4487e-05,0.000863874,0.000839387
09-Apr-2026,121.903,0.0410959,2.14452e-08,3.07679e-05,3.07464e-05
09-Apr-2026,81.2687,0.0575342,20.5312,20.6354,0.104165
09-Apr-2026,86.3479,0.0575342,15.4758,15.7275,0.25171
09-Apr-2026,91.4272,0.0575342,10.4939,11.0129,0.518952
09-Apr-2026,96.5065,0.0575342,5.87032,6.67828,0.807958
09-Apr-2026,101.586,0.0575342,2.30934,3.05308,0.743735
09-Apr-2026,106.665,0.0575342,0.493582,0.746397,0.252815
09-Apr-2026,111.744,0.0575342,0.0413458,0.0895297,0.0481839
09-Apr-2026,116.824,0.0575342,0.00112351,0.00903909,0.00791558
09-Apr-2026,121.903,0.0575342,1.16082e-05,0.000902276,0.000890668
09-Apr-2026,81.2687,0.0794521,20.6018,20.8112,0.209432
09-Apr-2026,86.3479,0.0794521,15.5708,15.9855,0.414673
09-Apr-2026,91.4272,0.0794521,10.6653,11.3724,0.707132
09-Apr-2026,96.5065,0.0794521,6.18794,7.12864,0.940702
09-Apr-2026,101.586,0.0794521,2.71594,3.51972,0.803779
09-Apr-2026,106.665,0.0794521,0.759375,1.06316,0.303789
09-Apr-2026,111.744,0.0794521,0.109355,0.185223,0.0758675
09-Apr-2026,116.824,0.0794521,0.00709581,0.0289693,0.0218735
09-Apr-2026,121.903,0.0794521,0.000225995,0.00462564,0.00439965
09-Apr-2026,81.2687,0.136986,20.8442,21.4141,0.569924
09-Apr-2026,86.3479,0.136986,15.9308,16.7726,0.84178
09-Apr-2026,91.4272,0.136986,11.258,12.3522,1.09423
09-Apr-2026,96.5065,0.136986,7.08804,8.26215,1.17411
09-Apr-2026,101.586,0.136986,3.76862,4.68758,0.918956
09-Apr-2026,106.665,0.136986,1.57342,1.98702,0.413602
09-Apr-2026,111.744,0.136986,0.473854,0.597137,0.123283
09-Apr-2026,116.824,0.136986,0.0966867,0.165102,0.0684153
09-Apr-2026,121.903,0.136986,0.0135124,0.0482375,0.0347251
09-Apr-2026,81.2687,0.224658,21.3639,22.4317,1.06784
09-Apr-2026,86.3479,0.224658,16.6784,17.982,1.30356
09-Apr-2026,91.4272,0.224658,12.3111,13.7456,1.43446
09-Apr-2026,96.5065,0.224658,8.43911,9.80446,1.36535
09-Apr-2026,101.586,0.224658,5.2499,6.2911,1.0412
09-Apr-2026,106.665,0.224658,2.8817,3.43045,0.548749
09-Apr-2026,111.744,0.224658,1.35349,1.5246,0.171114
09-Apr-2026,116.824,0.224658,0.530278,0.603936,0.0736579
09-Apr-2026,121.903,0.224658,0.172025,0.244813,0.0727884
09-Apr-2026,81.2687,0.309589,21.9628,23.3689,1.40614
09-Apr-2026,86.3479,0.309589,17.475,19.0525,1.57747
09-Apr-2026,91.4272,0.309589,13.3242,14.9438,1.6196
09-Apr-2026,96.5065,0.309589,9.63479,11.111,1.4762
09-Apr-2026,101.586,0.309589,6.52578,7.65645,1.13067
09-Apr-2026,106.665,0.309589,4.08175,4.73691,0.655161
09-Apr-2026,111.744,0.309589,2.32296,2.55789,0.234925
09-Apr-2026,116.824,0.309589,1.18753,1.23515,0.0476202
09-Apr-2026,121.903,0.309589,0.541733,0.582664,0.040931
09-Apr-2026,81.2687,0.394521,22.6283,24.2819,1.65361
09-Apr-2026,86.3479,0.394521,18.3124,20.0781,1.7657
09-Apr-2026,91.4272,0.394521,14.3328,16.0774,1.74459
09-Apr-2026,96.5065,0.394521,10.7796,12.3373,1.5577
09-Apr-2026,101.586,0.394521,7.73352,8.93896,1.20544
09-Apr-2026,106.665,0.394521,5.2504,5.99718,0.746781
09-Apr-2026,111.744,0.394521,3.3461,3.65634,0.310239
09-Apr-2026,116.824,0.394521,1.98764,2.03112,0.0434771
09-Apr-2026,121.903,0.394521,1.09557,1.07499,0.0205753
09-Apr-2026,81.2687,0.476712,23.3159,25.1502,1.83433
09-Apr-2026,86.3479,0.476712,19.1456,21.0438,1.89822
09-Apr-2026,91.4272,0.476712,15.3031,17.136,1.83289
09-Apr-2026,96.5065,0.476712,11.8561,13.4759,1.61978
09-Apr-2026,101.586,0.476712,8.86217,10.1293,1.26711
09-Apr-2026,106.665,0.476712,6.36009,7.18402,0.823932
09-Apr-2026,111.744,0.476712,4.36137,4.74611,0.384744
09-Apr-2026,116.824,0.476712,2.84566,2.91105,0.0653901
09-Apr-2026,121.903,0.476712,1.76144,1.69147,0.0699693
09-Apr-2026,81.2687,0.558904,24.0921,26.0754,1.98335
09-Apr-2026,86.3479,0.558904,20.0605,22.0652,2.00472
09-Apr-2026,91.4272,0.558904,16.344,18.2485,1.9045
09-Apr-2026,96.5065,0.558904,12.9934,14.6669,1.67353
09-Apr-2026,101.586,0.558904,10.0497,11.3737,1.32398
09-Apr-2026,106.665,0.558904,7.53981,8.43627,0.896456
09-Apr-2026,111.744,0.558904,5.47124,5.93302,0.461784
09-Apr-2026,116.824,0.558904,3.83032,3.93853,0.108212
09-Apr-2026,121.903,0.558904,2.58229,2.48654,0.0957545
09-Apr-2026,81.2687,0.643836,24.8277,26.9167,2.08897
09-Apr-2026,86.3479,0.643836,20.9097,22.9885,2.07881
09-Apr-2026,91.4272,0.643836,17.2943,19.2491,1.95476
09-Apr-2026,96.5065,0.643836,14.0206,15.7342,1.7136
09-Apr-2026,101.586,0.643836,11.1195,12.488,1.36855
09-Apr-2026,106.665,0.643836,8.60994,9.56461,0.954672
09-Apr-2026,111.744,0.643836,6.49694,7.02456,0.52762
09-Apr-2026,116.824,0.643836,4.76989,4.92678,0.156894
09-Apr-2026,121.903,0.643836,3.40311,3.30799,0.0951176
09-Apr-2026,81.2687,0.728767,25.5996,27.7734,2.17378
09-Apr-2026,86.3479,0.728767,21.7873,23.9245,2.13718
09-Apr-2026,91.4272,0.728767,18.2645,20.2593,1.99479
09-Apr-2026,96.5065,0.728767,15.0615,16.8087,1.74716
09-Apr-2026,101.586,0.728767,12.2013,13.6093,1.40801
09-Apr-2026,106.665,0.728767,9.69744,10.7048,1.00733
09-Apr-2026,111.744,0.728767,7.55263,8.14253,0.589901
09-Apr-2026,116.824,0.728767,5.75811,5.96892,0.210811
09-Apr-2026,121.903,0.728767,4.29402,4.21783,0.0761881
09-Apr-2026,81.2687,0.808219,26.3002,28.5337,2.23346
09-Apr-2026,86.3479,0.808219,22.5745,24.752,2.17751
09-Apr-2026,91.4272,0.808219,19.1268,21.1496,2.02278
09-Apr-2026,96.5065,0.808219,15.9815,17.7534,1.77188
09-Apr-2026,101.586,0.808219,13.1561,14.5947,1.43862
09-Apr-2026,106.665,0.808219,10.6607,11.7099,1.04916
09-Apr-2026,111.744,0.808219,8.49624,9.13739,0.641152
09-Apr-2026,116.824,0.808219,6.65507,6.9149,0.259831
09-Apr-2026,121.903,0.808219,5.12075,5.07225,0.0484961
09-Apr-2026,81.2687,0.884932,26.9784,29.2575,2.27914
09-Apr-2026,86.3479,0.884932,23.3296,25.5375,2.20795
09-Apr-2026,91.4272,0.884932,19.9484,21.9925,2.04412
09-Apr-2026,96.5065,0.884932,16.8544,18.6462,1.79185
09-Apr-2026,101.586,0.884932,14.0613,15.5257,1.46441
09-Apr-2026,106.665,0.884932,11.5761,12.6615,1.08543
09-Apr-2026,111.744,0.884932,9.39895,10.0856,0.686673
09-Apr-2026,116.824,0.884932,7.52256,7.82889,0.306335
09-Apr-2026,121.903,0.884932,5.93291,5.91723,0.015679
10-Apr-2026,81.1468,0.0191781,20.3574,20.3579,0.000511112
10-Apr-2026,86.2185,0.0191781,15.2902,15.2989,0.0087249
10-Apr-2026,91.2901,0.0191781,10.2241,10.2908,0.0666865
10-Apr-2026,96.3618,0.0191781,5.2313,5.54497,0.313669
10-Apr-2026,101.433,0.0191781,1.26328,1.76537,0.502092
10-Apr-2026,106.505,0.0191781,0.0480205,0.125291,0.0772707
10-Apr-2026,111.577,0.0191781,6.70135e-05,0.000986096,0.000919082
10-Apr-2026,116.649,0.0191781,1.83426e-09,3.08706e-06,3.08523e-06
10-Apr-2026,81.1468,0.0383562,20.4153,20.4358,0.0205464
10-Apr-2026,86.2185,0.0383562,15.3525,15.4322,0.0796557
10-Apr-2026,91.2901,0.0383562,10.3087,10.5632,0.254502
10-Apr-2026,96.3618,0.0383562,5.48159,6.05641,0.574821
10-Apr-2026,101.433,0.0383562,1.75656,2.39194,0.635383
10-Apr-2026,106.505,0.0383562,0.205805,0.37394,0.168135
10-Apr-2026,111.577,0.0383562,0.00460153,0.018443,0.0138415
10-Apr-2026,116.649,0.0383562,1.41337e-05,0.000619312,0.000605178
10-Apr-2026,121.72,0.0383562,8.63181e-09,1.89957e-05,1.89871e-05
10-Apr-2026,81.1468,0.0547945,20.4866,20.5811,0.094477
10-Apr-2026,86.2185,0.0547945,15.4366,15.6716,0.235011
10-Apr-2026,91.2901,0.0547945,10.455,10.9524,0.497445
10-Apr-2026,96.3618,0.0547945,5.82297,6.61361,0.790643
10-Apr-2026,101.433,0.0547945,2.25886,2.99348,0.734617
10-Apr-2026,106.505,0.0547945,0.465778,0.711257,0.245479
10-Apr-2026,111.577,0.0547945,0.036242,0.0811109,0.0448689
10-Apr-2026,116.649,0.0547945,0.000874587,0.00771594,0.00684135
10-Apr-2026,121.72,0.0547945,7.75437e-06,0.000722703,0.000714948
10-Apr-2026,81.1468,0.0767123,20.5544,20.7518,0.197362
10-Apr-2026,86.2185,0.0767123,15.5276,15.9251,0.397519
10-Apr-2026,91.2901,0.0767123,10.6215,11.3101,0.688619
10-Apr-2026,96.3618,0.0767123,6.13853,7.06564,0.927112
10-Apr-2026,101.433,0.0767123,2.66699,3.4628,0.795814
10-Apr-2026,106.505,0.0767123,0.728821,1.02577,0.296944
10-Apr-2026,111.577,0.0767123,0.100453,0.173215,0.0727621
10-Apr-2026,116.649,0.0767123,0.00608529,0.026181,0.0200957
10-Apr-2026,121.72,0.0767123,0.000177453,0.00403007,0.00385262
10-Apr-2026,81.1468,0.0958904,20.6355,20.9656,0.330111
10-Apr-2026,86.2185,0.0958904,15.6459,16.2188,0.57286
10-Apr-2026,91.2901,0.0958904,10.8294,11.6921,0.862721
10-Apr-2026,96.3618,0.0958904,6.48274,7.52003,1.03729
10-Apr-2026,101.433,0.0958904,3.0839,3.93063,0.846727
10-Apr-2026,106.505,0.0958904,1.03115,1.37397,0.342823
10-Apr-2026,111.577,0.0958904,0.208913,0.305097,0.0961836
10-Apr-2026,116.649,0.0958904,0.0232156,0.0623844,0.0391688
10-Apr-2026,121.72,0.0958904,0.00148183,0.0132805,0.0117987
10-Apr-2026,81.1468,0.134247,20.7881,21.3449,0.556795
10-Apr-2026,86.2185,0.134247,15.8771,16.7047,0.827586
10-Apr-2026,91.2901,0.134247,11.2043,12.286,1.08172
10-Apr-2026,96.3618,0.134247,7.03432,8.19877,1.16445
10-Apr-2026,101.433,0.134247,3.71979,4.63066,0.910873
10-Apr-2026,106.505,0.134247,1.5379,1.94359,0.405689
10-Apr-2026,111.577,0.134247,0.455697,0.575931,0.120234
10-Apr-2026,116.649,0.134247,0.0907914,0.157345,0.0665541
10-Apr-2026,121.72,0.134247,0.0123099,0.0454218,0.0331119
10-Apr-2026,81.1468,0.221918,21.2951,22.3521,1.05703
10-Apr-2026,86.2185,0.221918,16.6121,17.905,1.29291
10-Apr-2026,91.2901,0.221918,12.2474,13.6718,1.4244
10-Apr-2026,96.3618,0.221918,8.37943,9.73469,1.35526
10-Apr-2026,101.433,0.221918,5.19745,6.22789,1.03044
10-Apr-2026,106.505,0.221918,2.84034,3.37774,0.537405
10-Apr-2026,111.577,0.221918,1.32562,1.4898,0.164184
10-Apr-2026,116.649,0.221918,0.514931,0.586596,0.0716647
10-Apr-2026,121.72,0.221918,0.165277,0.23678,0.0715026
10-Apr-2026,81.1468,0.306849,21.8842,23.2807,1.39655
10-Apr-2026,86.2185,0.306849,17.3998,18.9673,1.56747
10-Apr-2026,91.2901,0.306849,13.2533,14.8622,1.60889
10-Apr-2026,96.3618,0.306849,9.56979,11.0338,1.46398
10-Apr-2026,101.433,0.306849,6.46892,7.5859,1.11698
10-Apr-2026,106.505,0.306849,4.03534,4.67576,0.64042
10-Apr-2026,111.577,0.306849,2.28844,2.51176,0.223317
10-Apr-2026,116.649,0.306849,1.16465,1.20703,0.0423779
10-Apr-2026,121.72,0.306849,0.528436,0.567659,0.0392229
10-Apr-2026,81.1468,0.391781,22.5414,24.1855,1.64413
10-Apr-2026,86.2185,0.391781,18.2299,19.9848,1.75491
10-Apr-2026,91.2901,0.391781,14.2557,15.9879,1.73216
10-Apr-2026,96.3618,0.391781,10.7094,12.2524,1.54298
10-Apr-2026,101.433,0.391781,7.672,8.86076,1.18876
10-Apr-2026,106.505,0.391781,5.19906,5.92776,0.728704
10-Apr-2026,111.577,0.391781,3.30584,3.60005,0.294211
10-Apr-2026,116.649,0.391781,1.95834,1.99179,0.03345
10-Apr-2026,121.72,0.391781,1.07597,1.05105,0.0249195
10-Apr-2026,81.1468,0.473973,23.2219,25.0462,1.82426
10-Apr-2026,86.2185,0.473973,19.0568,20.9429,1.88605
10-Apr-2026,91.2901,0.473973,15.2205,17.0389,1.81836
10-Apr-2026,96.3618,0.473973,11.781,13.3835,1.60247
10-Apr-2026,101.433,0.473973,8.79602,10.0436,1.24758
10-Apr-2026,106.505,0.473973,6.30396,7.10669,0.802729
10-Apr-2026,111.577,0.473973,4.31588,4.68065,0.364772
10-Apr-2026,116.649,0.473973,2.8107,2.8612,0.0505025
10-Apr-2026,121.72,0.473973,1.7361,1.65766,0.0784431
10-Apr-2026,81.1468,0.556164,23.9913,25.9633,1.97196
10-Apr-2026,86.2185,0.556164,19.9654,21.9561,1.9907
10-Apr-2026,91.2901,0.556164,16.2557,18.1432,1.88755
10-Apr-2026,96.3618,0.556164,12.9131,14.5664,1.65335
10-Apr-2026,101.433,0.556164,9.97853,11.2799,1.30134
10-Apr-2026,106.505,0.556164,7.4785,8.35043,0.871935
10-Apr-2026,111.577,0.556164,5.42026,5.85807,0.437813
10-Apr-2026,116.649,0.556164,3.78955,3.87786,0.0883082
10-Apr-2026,121.72,0.556164,2.55105,2.44156,0.109488
10-Apr-2026,81.1468,0.641096,24.721,26.7972,2.07616
10-Apr-2026,86.2185,0.641096,20.8092,22.872,2.06282
10-Apr-2026,91.2901,0.641096,17.201,19.1364,1.93542
10-Apr-2026,96.3618,0.641096,13.9355,15.6263,1.69082
10-Apr-2026,101.433,0.641096,11.0435,12.3867,1.34325
10-Apr-2026,106.505,0.641096,8.54383,9.47099,0.927162
10-Apr-2026,111.577,0.641096,6.44095,6.94112,0.500166
10-Apr-2026,116.649,0.641096,4.72391,4.85658,0.132669
10-Apr-2026,121.72,0.641096,3.36656,3.25278,0.113785
10-Apr-2026,81.1468,0.726027,25.4873,27.6465,2.15915
10-Apr-2026,86.2185,0.726027,21.6814,23.8005,2.11908
10-Apr-2026,91.2901,0.726027,18.1661,20.1391,1.973
10-Apr-2026,96.3618,0.726027,14.9715,16.6932,1.72169
10-Apr-2026,101.433,0.726027,12.1205,13.5003,1.3798
10-Apr-2026,106.505,0.726027,9.62633,10.6032,0.976827
10-Apr-2026,111.577,0.726027,7.49148,8.0505,0.559018
10-Apr-2026,116.649,0.726027,5.70681,5.88923,0.182422
10-Apr-2026,121.72,0.726027,4.25208,4.15229,0.0997861
10-Apr-2026,81.1468,0.805479,26.183,28.4002,2.21718
10-Apr-2026,86.2185,0.805479,22.4639,24.6214,2.15746
10-Apr-2026,91.2901,0.805479,19.0238,21.0227,1.99887
10-Apr-2026,96.3618,0.805479,15.887,17.6311,1.74412
10-Apr-2026,101.433,0.805479,13.0708,14.4788,1.408
10-Apr-2026,106.505,0.805479,10.585,11.6011,1.0161
10-Apr-2026,111.577,0.805479,8.43045,9.03775,0.607303
10-Apr-2026,116.649,0.805479,6.599,6.82692,0.227924
10-Apr-2026,121.72,0.805479,5.07399,4.99769,0.0762968
10-Apr-2026,81.1468,0.882192,26.8566,29.1178,2.26123
10-Apr-2026,86.2185,0.882192,23.2146,25.4006,2.18598
10-Apr-2026,91.2901,0.882192,19.8412,21.8592,2.01801
10-Apr-2026,96.3618,0.882192,16.7557,18.5175,1.76181
10-Apr-2026,101.433,0.882192,13.9717,15.4032,1.43147
10-Apr-2026,106.505,0.882192,11.4961,12.5459,1.04982
10-Apr-2026,111.577,0.882192,9.32867,9.97874,0.650071
10-Apr-2026,116.649,0.882192,7.4619,7.7331,0.2712
10-Apr-2026,121.72,0.882192,5.88151,5.83419,0.0473165
13-Apr-2026,79.3796,0.0109589,19.8707,19.8707,1.82528e-05
13-Apr-2026,84.3408,0.0109589,14.9111,14.9111,4.00584e-05
13-Apr-2026,89.302,0.0109589,9.95149,9.95259,0.00109993
13-Apr-2026,94.2632,0.0109589,4.99374,5.04726,0.0535191
13-Apr-2026,99.2245,0.0109589,0.704739,1.03471,0.329972
13-Apr-2026,104.186,0.0109589,0.000477546,0.00627937,0.00580183
13-Apr-2026,109.147,0.0109589,5.79303e-12,5.58326e-08,5.58268e-08
13-Apr-2026,79.3796,0.030137,19.9417,19.9473,0.00561018
13-Apr-2026,84.3408,0.030137,14.9866,15.0179,0.0312678
13-Apr-2026,89.302,0.030137,10.0364,10.1782,0.141759
13-Apr-2026,94.2632,0.030137,5.21036,5.65499,0.44463
13-Apr-2026,99.2245,0.030137,1.43048,2.02324,0.592763
13-Apr-2026,104.186,0.030137,0.0935642,0.225204,0.13164
13-Apr-2026,109.147,0.030137,0.00050469,0.00520818,0.00470349
13-Apr-2026,114.108,0.030137,1.47693e-07,6.63262e-05,6.61785e-05
13-Apr-2026,119.069,0.030137,4.78334e-12,7.16227e-07,7.16222e-07
13-Apr-2026,79.3796,0.0465753,19.9998,20.0407,0.0408902
13-Apr-2026,84.3408,0.0465753,15.0503,15.1787,0.128438
13-Apr-2026,89.302,0.0465753,10.1311,10.4734,0.342344
13-Apr-2026,94.2632,0.0465753,5.46457,6.13525,0.670677
13-Apr-2026,99.2245,0.0465753,1.86596,2.57077,0.704813
13-Apr-2026,104.186,0.0465753,0.264664,0.485031,0.220367
13-Apr-2026,109.147,0.0465753,0.00901467,0.0353104,0.0262957
13-Apr-2026,114.108,0.0465753,5.70836e-05,0.00193286,0.00187578
13-Apr-2026,119.069,0.0465753,9.48805e-08,0.000100061,9.99661e-05
13-Apr-2026,79.3796,0.0684932,20.0786,20.219,0.140377
13-Apr-2026,84.3408,0.0684932,15.147,15.4582,0.311203
13-Apr-2026,89.302,0.0684932,10.3014,10.896,0.594598
13-Apr-2026,94.2632,0.0684932,5.82613,6.70199,0.875862
13-Apr-2026,99.2245,0.0684932,2.3688,3.16886,0.800063
13-Apr-2026,104.186,0.0684932,0.54785,0.851454,0.303604
13-Apr-2026,109.147,0.0684932,0.0536426,0.12122,0.0675775
13-Apr-2026,114.108,0.0684932,0.00189216,0.0150194,0.0131272
13-Apr-2026,119.069,0.0684932,2.82119e-05,0.00186667,0.00183846
13-Apr-2026,79.3796,0.0876712,20.1411,20.381,0.239948
13-Apr-2026,84.3408,0.0876712,15.2327,15.6895,0.456833
13-Apr-2026,89.302,0.0876712,10.4544,11.209,0.754571
13-Apr-2026,94.2632,0.0876712,6.09964,7.08498,0.985339
13-Apr-2026,99.2245,0.0876712,2.71335,3.56412,0.850771
13-Apr-2026,104.186,0.0876712,0.779484,1.13041,0.350923
13-Apr-2026,109.147,0.0876712,0.11781,0.213881,0.0960705
13-Apr-2026,114.108,0.0876712,0.00828656,0.0367246,0.028438
13-Apr-2026,119.069,0.0876712,0.000298065,0.00648021,0.00618214
13-Apr-2026,79.3796,0.126027,20.2983,20.7853,0.486968
13-Apr-2026,84.3408,0.126027,15.4651,16.2199,0.754777
13-Apr-2026,89.302,0.126027,10.8423,11.8712,1.02892
13-Apr-2026,94.2632,0.126027,6.69962,7.85204,1.15242
13-Apr-2026,99.2245,0.126027,3.42106,4.354,0.932942
13-Apr-2026,104.186,0.126027,1.31901,1.75226,0.433254
13-Apr-2026,109.147,0.126027,0.345053,0.485887,0.140834
13-Apr-2026,114.108,0.126027,0.0568841,0.124439,0.0675546
13-Apr-2026,119.069,0.126027,0.00607318,0.0335988,0.0275256
13-Apr-2026,79.3796,0.213699,20.752,21.732,0.979969
13-Apr-2026,84.3408,0.213699,16.1273,17.3577,1.23043
13-Apr-2026,89.302,0.213699,11.8029,13.1934,1.39046
13-Apr-2026,94.2632,0.213699,7.96694,9.32205,1.35511
13-Apr-2026,99.2245,0.213699,4.82634,5.88023,1.05389
13-Apr-2026,104.186,0.213699,2.5363,3.1044,0.568096
13-Apr-2026,109.147,0.213699,1.11359,1.31246,0.198869
13-Apr-2026,114.108,0.213699,0.39627,0.496337,0.100067
13-Apr-2026,119.069,0.213699,0.113624,0.193818,0.080194
13-Apr-2026,79.3796,0.29863,21.3412,22.6916,1.35039
13-Apr-2026,84.3408,0.29863,16.923,18.4586,1.53557
13-Apr-2026,89.302,0.29863,12.8321,14.4294,1.59733
13-Apr-2026,94.2632,0.29863,9.19814,10.6723,1.47414
13-Apr-2026,99.2245,0.29863,6.14701,7.29082,1.14381
13-Apr-2026,104.186,0.29863,3.76916,4.44528,0.676117
13-Apr-2026,109.147,0.29863,2.08513,2.34799,0.262859
13-Apr-2026,114.108,0.29863,1.02579,1.10727,0.0814836
13-Apr-2026,119.069,0.29863,0.445676,0.51295,0.0672736
13-Apr-2026,79.3796,0.383562,21.9792,23.5848,1.6056
13-Apr-2026,84.3408,0.383562,17.734,19.464,1.73
13-Apr-2026,89.302,0.383562,13.8182,15.5425,1.72427
13-Apr-2026,94.2632,0.383562,10.3251,11.8777,1.55257
13-Apr-2026,99.2245,0.383562,7.33936,8.55156,1.2122
13-Apr-2026,104.186,0.383562,4.91945,5.68067,0.761221
13-Apr-2026,109.147,0.383562,3.08169,3.41364,0.331947
13-Apr-2026,114.108,0.383562,1.7901,1.86413,0.07403
13-Apr-2026,119.069,0.383562,0.959583,0.971999,0.0124161
13-Apr-2026,79.3796,0.465753,22.6444,24.4344,1.78995
13-Apr-2026,84.3408,0.465753,18.5461,20.4102,1.86407
13-Apr-2026,89.302,0.465753,14.77,16.5808,1.81085
13-Apr-2026,94.2632,0.465753,11.3859,12.9955,1.60956
13-Apr-2026,99.2245,0.465753,8.45357,9.72033,1.26676
13-Apr-2026,104.186,0.465753,6.01319,6.84408,0.830888
13-Apr-2026,109.147,0.465753,4.07655,4.47554,0.398991
13-Apr-2026,114.108,0.465753,2.62185,2.71069,0.0888445
13-Apr-2026,119.069,0.465753,1.59469,1.55546,0.0392296
13-Apr-2026,79.3796,0.547945,23.3664,25.3008,1.93437
13-Apr-2026,84.3408,0.547945,19.4022,21.3678,1.96561
13-Apr-2026,89.302,0.547945,15.749,17.625,1.87601
13-Apr-2026,94.2632,0.547945,12.4592,14.1142,1.65501
13-Apr-2026,99.2245,0.547945,9.57587,10.8894,1.3135
13-Apr-2026,104.186,0.547945,7.12687,8.01905,0.892181
13-Apr-2026,109.147,0.547945,5.12013,5.58451,0.46438
13-Apr-2026,114.108,0.547945,3.54098,3.66184,0.120861
13-Apr-2026,119.069,0.547945,2.35261,2.28114,0.0714715
13-Apr-2026,79.3796,0.632877,24.0845,26.1249,2.04035
13-Apr-2026,84.3408,0.632877,20.2353,22.2733,2.03799
13-Apr-2026,89.302,0.632877,16.6849,18.6072,1.92232
13-Apr-2026,94.2632,0.632877,13.4737,15.1626,1.68892
13-Apr-2026,99.2245,0.632877,10.6334,11.9842,1.35083
13-Apr-2026,104.186,0.632877,8.184,9.12658,0.942578
13-Apr-2026,109.147,0.632877,6.13041,6.65248,0.522074
13-Apr-2026,114.108,0.632877,4.46156,4.62207,0.160509
13-Apr-2026,119.069,0.632877,3.15057,3.07025,0.080324
13-Apr-2026,79.3796,0.717808,24.8738,27.0008,2.12704
13-Apr-2026,84.3408,0.717808,21.1358,23.2311,2.09531
13-Apr-2026,89.302,0.717808,17.6831,19.6418,1.95867
13-Apr-2026,94.2632,0.717808,14.5465,16.2635,1.71702
13-Apr-2026,99.2245,0.717808,11.7494,13.1332,1.38382
13-Apr-2026,104.186,0.717808,9.3053,10.2942,0.988931
13-Apr-2026,109.147,0.717808,7.21705,7.79516,0.578106
13-Apr-2026,114.108,0.717808,5.47557,5.68277,0.207205
13-Apr-2026,119.069,0.717808,4.06054,3.98975,0.0707893
13-Apr-2026,79.3796,0.79726,25.5607,27.7447,2.18397
13-Apr-2026,84.3408,0.79726,21.9095,24.0412,2.13172
13-Apr-2026,89.302,0.79726,18.5323,20.5138,1.98148
13-Apr-2026,94.2632,0.79726,15.4537,17.1892,1.73549
13-Apr-2026,99.2245,0.79726,12.6914,14.0989,1.40747
13-Apr-2026,104.186,0.79726,10.2555,11.2788,1.02328
13-Apr-2026,109.147,0.79726,8.14695,8.76848,0.621531
13-Apr-2026,114.108,0.79726,6.35787,6.60591,0.248037
13-Apr-2026,119.069,0.79726,4.87156,4.81989,0.0516673
13-Apr-2026,79.3796,0.873973,26.1931,28.4178,2.22473
13-Apr-2026,84.3408,0.873973,22.6153,24.7722,2.15687
13-Apr-2026,89.302,0.873973,19.3016,21.2985,1.99695
13-Apr-2026,94.2632,0.873973,16.2719,18.0207,1.74885
13-Apr-2026,99.2245,0.873973,13.5402,14.966,1.42581
13-Apr-2026,104.186,0.873973,11.1138,12.1649,1.05107
13-Apr-2026,109.147,0.873973,8.99258,9.6504,0.657824
13-Apr-2026,114.108,0.873973,7.16923,7.4541,0.284868
13-Apr-2026,119.069,0.873973,5.62943,5.60107,0.0283606
14-Apr-2026,78.13,0.00821918,19.5518,19.5518,2.23271e-06
14-Apr-2026,83.0132,0.00821918,14.6699,14.6698,9.10836e-05
14-Apr-2026,87.8963,0.00821918,9.78797,9.78807,9.69854e-05
14-Apr-2026,92.7794,0.00821918,4.9063,4.93058,0.0242842
14-Apr-2026,97.6625,0.00821918,0.57739,0.880681,0.303291
14-Apr-2026,102.546,0.00821918,3.16677e-05,0.00168147,0.00164981
14-Apr-2026,78.13,0.0273973,19.6225,19.6264,0.00391766
14-Apr-2026,83.0132,0.0273973,14.7451,14.7689,0.0238335
14-Apr-2026,87.8963,0.0273973,9.87031,9.9903,0.119995
14-Apr-2026,92.7794,0.0273973,5.09142,5.51148,0.420056
14-Apr-2026,97.6625,0.0273973,1.31462,1.92357,0.608953
14-Apr-2026,102.546,0.0273973,0.0644604,0.195445,0.130984
14-Apr-2026,107.429,0.0273973,0.000162385,0.00365211,0.00348973
14-Apr-2026,112.312,0.0273973,1.4532e-08,3.52904e-05,3.52759e-05
14-Apr-2026,117.195,0.0273973,1.25366e-13,2.82971e-07,2.82971e-07
14-Apr-2026,78.13,0.0438356,19.6804,19.715,0.0346017
14-Apr-2026,83.0132,0.0438356,14.8078,14.9213,0.113543
14-Apr-2026,87.8963,0.0438356,9.95751,10.2764,0.31888
14-Apr-2026,92.7794,0.0438356,5.32744,5.99036,0.662922
14-Apr-2026,97.6625,0.0438356,1.74256,2.47722,0.734665
14-Apr-2026,102.546,0.0438356,0.212259,0.448476,0.236217
14-Apr-2026,107.429,0.0438356,0.00501602,0.0299958,0.0249798
14-Apr-2026,112.312,0.0438356,1.81063e-05,0.00147655,0.00145845
14-Apr-2026,117.195,0.0438356,1.60987e-08,6.82094e-05,6.81933e-05
14-Apr-2026,78.13,0.0657534,19.7585,19.8869,0.128448
14-Apr-2026,83.0132,0.0657534,14.9006,15.1931,0.292477
14-Apr-2026,87.8963,0.0657534,10.1153,10.6926,0.577268
14-Apr-2026,92.7794,0.0657534,5.67165,6.55526,0.883607
14-Apr-2026,97.6625,0.0657534,2.23488,3.07568,0.840803
14-Apr-2026,102.546,0.0657534,0.472674,0.808712,0.336038
14-Apr-2026,107.429,0.0657534,0.0380647,0.110702,0.0726377
14-Apr-2026,112.312,0.0657534,0.000995418,0.0130911,0.0120956
14-Apr-2026,117.195,0.0657534,1.0589e-05,0.00154749,0.0015369
14-Apr-2026,78.13,0.0849315,19.8197,20.0451,0.225364
14-Apr-2026,83.0132,0.0849315,14.982,15.4202,0.438223
14-Apr-2026,87.8963,0.0849315,10.2589,11.0021,0.743218
14-Apr-2026,92.7794,0.0849315,5.93489,6.93619,1.0013
14-Apr-2026,97.6625,0.0849315,2.57219,3.46911,0.896921
14-Apr-2026,102.546,0.0849315,0.691313,1.08354,0.392229
14-Apr-2026,107.429,0.0849315,0.0910417,0.199712,0.10867
14-Apr-2026,112.312,0.0849315,0.00518796,0.0332931,0.0281051
14-Apr-2026,117.195,0.0849315,0.00014655,0.00569095,0.0055444
14-Apr-2026,78.13,0.123288,19.9717,20.4422,0.470519
14-Apr-2026,83.0132,0.123288,15.2026,15.9433,0.740696
14-Apr-2026,87.8963,0.123288,10.6282,11.6577,1.02949
14-Apr-2026,92.7794,0.123288,6.51675,7.69735,1.1806
14-Apr-2026,97.6625,0.123288,3.26596,4.25268,0.986716
14-Apr-2026,102.546,0.123288,1.20928,1.69675,0.487468
14-Apr-2026,107.429,0.123288,0.293252,0.463929,0.170677
14-Apr-2026,112.312,0.123288,0.0430913,0.117151,0.0740601
14-Apr-2026,117.195,0.123288,0.00400856,0.0311695,0.0271609
14-Apr-2026,78.13,0.210959,20.408,21.3765,0.968491
14-Apr-2026,83.0132,0.210959,15.8384,17.0677,1.22926
14-Apr-2026,87.8963,0.210959,11.5575,12.9655,1.40799
14-Apr-2026,92.7794,0.210959,7.75599,9.15206,1.39607
14-Apr-2026,97.6625,0.210959,4.64779,5.76241,1.11462
14-Apr-2026,102.546,0.210959,2.39648,3.03101,0.634528
14-Apr-2026,107.429,0.210959,1.02028,1.27372,0.253441
14-Apr-2026,112.312,0.210959,0.347122,0.478823,0.131701
14-Apr-2026,117.195,0.210959,0.0940068,0.186031,0.0920243
14-Apr-2026,78.13,0.29589,20.9785,22.3244,1.34593
14-Apr-2026,83.0132,0.29589,16.6115,18.1554,1.54389
14-Apr-2026,87.8963,0.29589,12.5636,14.187,1.62341
14-Apr-2026,92.7794,0.29589,8.96658,10.4864,1.51982
14-Apr-2026,97.6625,0.29589,5.95021,7.15612,1.20591
14-Apr-2026,102.546,0.29589,3.60888,4.35464,0.745761
14-Apr-2026,107.429,0.29589,1.96458,2.29284,0.328257
14-Apr-2026,112.312,0.29589,0.945153,1.07728,0.132128
14-Apr-2026,117.195,0.29589,0.399049,0.49753,0.0984812
14-Apr-2026,78.13,0.380822,21.6002,23.2068,1.60659
14-Apr-2026,83.0132,0.380822,17.4047,19.1486,1.74393
14-Apr-2026,87.8963,0.380822,13.5322,15.2865,1.75433
14-Apr-2026,92.7794,0.380822,10.0777,11.6771,1.59941
14-Apr-2026,97.6625,0.380822,7.12793,8.40133,1.2734
14-Apr-2026,102.546,0.380822,4.74373,5.5743,0.830571
14-Apr-2026,107.429,0.380822,2.94234,3.34347,0.401126
14-Apr-2026,112.312,0.380822,1.6868,1.82139,0.134586
14-Apr-2026,117.195,0.380822,0.889283,0.947514,0.058231
14-Apr-2026,78.13,0.463014,22.2513,24.046,1.7947
14-Apr-2026,83.0132,0.463014,18.2019,20.0832,1.88132
14-Apr-2026,87.8963,0.463014,14.4695,16.3121,1.84265
14-Apr-2026,92.7794,0.463014,11.1249,12.7811,1.65619
14-Apr-2026,97.6625,0.463014,8.22938,9.55555,1.32617
14-Apr-2026,102.546,0.463014,5.82434,6.72295,0.898608
14-Apr-2026,107.429,0.463014,3.92229,4.39117,0.468881
14-Apr-2026,112.312,0.463014,2.50112,2.65532,0.154201
14-Apr-2026,117.195,0.463014,1.50517,1.52101,0.0158391
14-Apr-2026,78.13,0.545205,22.9601,24.9018,1.94174
14-Apr-2026,83.0132,0.545205,19.0443,21.0291,1.98478
14-Apr-2026,87.8963,0.545205,15.435,17.3434,1.90839
14-Apr-2026,92.7794,0.545205,12.1854,13.8859,1.70051
14-Apr-2026,97.6625,0.545205,9.33929,10.71,1.37067
14-Apr-2026,102.546,0.545205,6.92544,7.88304,0.957601
14-Apr-2026,107.429,0.545205,4.95223,5.48569,0.533456
14-Apr-2026,112.312,0.545205,3.40495,3.59327,0.188316
14-Apr-2026,117.195,0.545205,2.24624,2.23559,0.0106494
14-Apr-2026,78.13,0.630137,23.6664,25.7158,2.04943
14-Apr-2026,83.0132,0.630137,19.8653,21.9234,2.05809
14-Apr-2026,87.8963,0.630137,16.359,18.3134,1.95438
14-Apr-2026,92.7794,0.630137,13.1882,14.9212,1.73302
14-Apr-2026,97.6625,0.630137,10.3854,11.7911,1.40566
14-Apr-2026,102.546,0.630137,7.97097,8.97655,1.00558
14-Apr-2026,107.429,0.630137,5.95031,6.53992,0.589615
14-Apr-2026,112.312,0.630137,4.31234,4.5407,0.228359
14-Apr-2026,117.195,0.630137,3.02996,3.01351,0.0164475
14-Apr-2026,78.13,0.715068,24.4437,26.5811,2.13737
14-Apr-2026,83.0132,0.715068,20.7535,22.8694,2.11585
14-Apr-2026,87.8963,0.715068,17.3448,19.335,1.99024
14-Apr-2026,92.7794,0.715068,14.2488,16.0083,1.75953
14-Apr-2026,97.6625,0.715068,11.4892,12.9256,1.43639
14-Apr-2026,102.546,0.715068,9.08011,10.1294,1.04932
14-Apr-2026,107.429,0.715068,7.02438,7.668,0.643623
14-Apr-2026,112.312,0.715068,5.31313,5.5876,0.274466
14-Apr-2026,117.195,0.715068,3.92595,3.9206,0.00534815
14-Apr-2026,78.13,0.794521,25.1209,27.3158,2.19486
14-Apr-2026,83.0132,0.794521,21.5171,23.6694,2.15232
14-Apr-2026,87.8963,0.794521,18.1838,20.1962,2.01236
14-Apr-2026,92.7794,0.794521,15.1458,16.9224,1.77657
14-Apr-2026,97.6625,0.794521,12.4211,13.8791,1.45796
14-Apr-2026,102.546,0.794521,10.02,11.1015,1.08151
14-Apr-2026,107.429,0.794521,7.94374,8.62894,0.685204
14-Apr-2026,112.312,0.794521,6.18452,6.49886,0.314341
14-Apr-2026,117.195,0.794521,4.72565,4.73985,0.0142021
14-Apr-2026,78.13,0.871233,25.7446,27.9806,2.23602
14-Apr-2026,83.0132,0.871233,22.2139,24.3913,2.17739
14-Apr-2026,87.8963,0.871233,18.9439,20.9711,2.02721
14-Apr-2026,92.7794,0.871233,15.9547,17.7435,1.78877
14-Apr-2026,97.6625,0.871233,13.2606,14.7352,1.47464
14-Apr-2026,102.546,0.871233,10.8689,11.9764,1.10749
14-Apr-2026,107.429,0.871233,8.77982,9.49967,0.719847
14-Apr-2026,112.312,0.871233,6.98612,7.33622,0.350101
14-Apr-2026,117.195,0.871233,5.47352,5.51094,0.0374191
15-Apr-2026,83.8866,0.00547945,14.8174,14.8174,2.07113e-05
15-Apr-2026,88.8211,0.00547945,9.88375,9.88374,6.30045e-06
15-Apr-2026,93.7556,0.00547945,4.95007,4.95605,0.00598023
15-Apr-2026,98.6901,0.00547945,0.473684,0.725189,0.251505
15-Apr-2026,103.625,0.00547945,5.18873e-07,0.000152786,0.000152267
15-Apr-2026,78.9521,0.0246575,19.8231,19.8257,0.00263763
15-Apr-2026,83.8866,0.0246575,14.894,14.9122,0.0181507
15-Apr-2026,88.8211,0.0246575,9.96636,10.0682,0.101826
15-Apr-2026,93.7556,0.0246575,5.11503,5.51341,0.398384
15-Apr-2026,98.6901,0.0246575,1.24619,1.87238,0.626195
15-Apr-2026,103.625,0.0246575,0.0447641,0.171606,0.126842
15-Apr-2026,108.559,0.0246575,4.75387e-05,0.00251153,0.00246399
15-Apr-2026,113.494,0.0246575,1.18728e-09,1.76472e-05,1.7646e-05
15-Apr-2026,118.428,0.0246575,1.60437e-15,1.00436e-07,1.00436e-07
15-Apr-2026,78.9521,0.0410959,19.882,19.9117,0.029693
15-Apr-2026,83.8866,0.0410959,14.9572,15.0595,0.102326
15-Apr-2026,88.8211,0.0410959,10.0485,10.3515,0.30299
15-Apr-2026,93.7556,0.0410959,5.32935,6.00321,0.673863
15-Apr-2026,98.6901,0.0410959,1.64848,2.44786,0.799379
15-Apr-2026,103.625,0.0410959,0.158702,0.423885,0.265183
15-Apr-2026,108.559,0.0410959,0.00204333,0.025862,0.0238187
15-Apr-2026,113.494,0.0410959,3.18102e-06,0.00113352,0.00113034
15-Apr-2026,118.428,0.0410959,1.267e-09,4.62604e-05,4.62592e-05
15-Apr-2026,78.9521,0.0630137,19.9611,20.0813,0.12025
15-Apr-2026,83.8866,0.0630137,15.0478,15.33,0.282217
15-Apr-2026,88.8211,0.0630137,10.1901,10.7716,0.581528
15-Apr-2026,93.7556,0.0630137,5.63461,6.58102,0.946413
15-Apr-2026,98.6901,0.0630137,2.08718,3.06277,0.975586
15-Apr-2026,103.625,0.0630137,0.355995,0.787122,0.431127
15-Apr-2026,108.559,0.0630137,0.017147,0.103388,0.0862415
15-Apr-2026,113.494,0.0630137,0.000224231,0.0116336,0.0114094
15-Apr-2026,118.428,0.0630137,1.26598e-06,0.00130439,0.00130312
15-Apr-2026,78.9521,0.0821918,20.0219,20.2393,0.217433
15-Apr-2026,83.8866,0.0821918,15.1236,15.5586,0.435003
15-Apr-2026,88.8211,0.0821918,10.3149,11.0856,0.77073
15-Apr-2026,93.7556,0.0821918,5.86174,6.96984,1.1081
15-Apr-2026,98.6901,0.0821918,2.37558,3.46472,1.08914
15-Apr-2026,103.625,0.0821918,0.517109,1.0649,0.547789
15-Apr-2026,108.559,0.0821918,0.0421156,0.191002,0.148887
15-Apr-2026,113.494,0.0821918,0.00125845,0.030864,0.0296055
15-Apr-2026,118.428,0.0821918,1.97364e-05,0.00510383,0.00508409
15-Apr-2026,78.9521,0.120548,20.1668,20.6393,0.472451
15-Apr-2026,83.8866,0.120548,15.3184,16.0876,0.769178
15-Apr-2026,88.8211,0.120548,10.6247,11.7513,1.12661
15-Apr-2026,93.7556,0.120548,6.34705,7.7448,1.39775
15-Apr-2026,98.6901,0.120548,2.9437,4.26235,1.31865
15-Apr-2026,103.625,0.120548,0.886397,1.68522,0.798824
15-Apr-2026,108.559,0.120548,0.139288,0.454168,0.31488
15-Apr-2026,113.494,0.120548,0.0113871,0.113013,0.101626
15-Apr-2026,118.428,0.120548,0.000612441,0.0296187,0.0290062
15-Apr-2026,78.9521,0.208219,20.5448,21.5846,1.03978
15-Apr-2026,83.8866,0.208219,15.8367,17.227,1.3903
15-Apr-2026,88.8211,0.208219,11.3613,13.0782,1.71692
15-Apr-2026,93.7556,0.208219,7.32258,9.22164,1.89906
15-Apr-2026,98.6901,0.208219,4.00303,5.79453,1.7915
15-Apr-2026,103.625,0.208219,1.69428,3.03586,1.34158
15-Apr-2026,108.559,0.208219,0.500173,1.26779,0.767616
15-Apr-2026,113.494,0.208219,0.102776,0.473642,0.370866
15-Apr-2026,118.428,0.208219,0.0166902,0.18309,0.1664
15-Apr-2026,78.9521,0.293151,20.9973,22.5448,1.54747
15-Apr-2026,83.8866,0.293151,16.427,18.3292,1.90223
15-Apr-2026,88.8211,0.293151,12.1174,14.3164,2.19896
15-Apr-2026,93.7556,0.293151,8.22455,10.5743,2.34975
15-Apr-2026,98.6901,0.293151,4.94686,7.20714,2.26028
15-Apr-2026,103.625,0.293151,2.49366,4.37618,1.88252
15-Apr-2026,108.559,0.293151,0.99073,2.2964,1.30567
15-Apr-2026,113.494,0.293151,0.307971,1.0747,0.766734
15-Apr-2026,118.428,0.293151,0.080918,0.49484,0.413922
15-Apr-2026,78.9521,0.378082,21.465,23.4386,1.97358
15-Apr-2026,83.8866,0.378082,17.0092,19.3355,2.3263
15-Apr-2026,88.8211,0.378082,12.8209,15.4304,2.60952
15-Apr-2026,93.7556,0.378082,9.02526,11.7808,2.75552
15-Apr-2026,98.6901,0.378082,5.7751,8.46876,2.69366
15-Apr-2026,103.625,0.378082,3.23391,5.61134,2.37743
15-Apr-2026,108.559,0.378082,1.52121,3.35876,1.83755
15-Apr-2026,113.494,0.378082,0.595099,1.82478,1.22968
15-Apr-2026,118.428,0.378082,0.203129,0.947053,0.743924
15-Apr-2026,78.9521,0.460274,21.939,24.2887,2.34967
15-Apr-2026,83.8866,0.460274,17.5801,20.2822,2.70214
15-Apr-2026,88.8211,0.460274,13.4876,16.4694,2.98181
15-Apr-2026,93.7556,0.460274,9.76568,12.8992,3.1335
15-Apr-2026,98.6901,0.460274,6.53815,9.63799,3.09984
15-Apr-2026,103.625,0.460274,3.93817,6.77462,2.83645
15-Apr-2026,108.559,0.460274,2.07294,4.41895,2.34601
15-Apr-2026,113.494,0.460274,0.943423,2.6671,1.72368
15-Apr-2026,118.428,0.460274,0.382234,1.52493,1.1427
15-Apr-2026,78.9521,0.542466,22.4442,25.1556,2.71138
15-Apr-2026,83.8866,0.542466,18.174,21.2404,3.06635
15-Apr-2026,88.8211,0.542466,14.1658,17.514,3.34821
15-Apr-2026,93.7556,0.542466,10.5075,14.0183,3.51081
15-Apr-2026,98.6901,0.542466,7.30187,10.8073,3.50544
15-Apr-2026,103.625,0.542466,4.6588,7.94951,3.29071
15-Apr-2026,108.559,0.542466,2.67189,5.52691,2.85502
15-Apr-2026,113.494,0.542466,1.36364,3.61554,2.2519
15-Apr-2026,118.428,0.542466,0.629636,2.24631,1.61668
15-Apr-2026,78.9521,0.627397,22.9408,25.9801,3.03929
15-Apr-2026,83.8866,0.627397,18.7474,22.1462,3.3988
15-Apr-2026,88.8211,0.627397,14.8104,18.4965,3.68612
15-Apr-2026,93.7556,0.627397,11.2058,15.067,3.86117
15-Apr-2026,98.6901,0.627397,8.02063,11.9023,3.88168
15-Apr-2026,103.625,0.627397,5.34795,9.05696,3.70901
15-Apr-2026,108.559,0.627397,3.26906,6.59428,3.32522
15-Apr-2026,113.494,0.627397,1.81558,4.57416,2.75858
15-Apr-2026,118.428,0.627397,0.924334,3.03257,2.10824
15-Apr-2026,78.9521,0.712329,23.4832,26.8565,3.37329
15-Apr-2026,83.8866,0.712329,19.3651,23.1043,3.73924
15-Apr-2026,88.8211,0.712329,15.4968,19.5313,4.03451
15-Apr-2026,93.7556,0.712329,11.9439,16.168,4.22413
15-Apr-2026,98.6901,0.712329,8.78078,13.0514,4.27059
15-Apr-2026,103.625,0.712329,6.08568,10.2245,4.13883
15-Apr-2026,108.559,0.712329,3.92846,7.73653,3.80807
15-Apr-2026,113.494,0.712329,2.34391,5.63379,3.28988
15-Apr-2026,118.428,0.712329,1.29777,3.95006,2.65229
15-Apr-2026,78.9521,0.791781,23.9541,27.6006,3.64654
15-Apr-2026,83.8866,0.791781,19.8958,23.9147,4.01889
15-Apr-2026,88.8211,0.791781,16.0815,20.4035,4.32197
15-Apr-2026,93.7556,0.791781,12.5696,17.0938,4.52418
15-Apr-2026,98.6901,0.791781,9.42537,14.017,4.59164
15-Apr-2026,103.625,0.791781,6.71698,11.209,4.49198
15-Apr-2026,108.559,0.791781,4.50569,8.70958,4.20389
15-Apr-2026,113.494,0.791781,2.82615,6.5563,3.73015
15-Apr-2026,118.428,0.791781,1.66012,4.77907,3.11895
15-Apr-2026,78.9521,0.868493,24.3877,28.2741,3.88636
15-Apr-2026,83.8866,0.868493,20.3809,24.6458,4.26491
15-Apr-2026,88.8211,0.868493,16.6127,21.1883,4.57564
15-Apr-2026,93.7556,0.868493,13.1361,17.9254,4.78926
15-Apr-2026,98.6901,0.868493,10.0092,14.8841,4.87492
15-Apr-2026,103.625,0.868493,7.2925,12.095,4.80245
15-Apr-2026,108.559,0.868493,5.04032,9.59129,4.55097
15-Apr-2026,113.494,0.868493,3.28598,7.40409,4.11811
15-Apr-2026,118.428,0.868493,2.02107,5.55953,3.53846
16-Apr-2026,78.7261,0.00273973,19.688,19.688,2.18098e-05
16-Apr-2026,83.6465,0.00273973,14.7681,14.768,7.05756e-05
16-Apr-2026,88.5668,0.00273973,9.8481,9.84814,3.7031e-05
16-Apr-2026,93.4872,0.00273973,4.92812,4.92829,0.000172997
16-Apr-2026,98.4076,0.00273973,0.32448,0.509838,0.185358
16-Apr-2026,103.328,0.00273973,4.90499e-08,2.10353e-07,1.61303e-07
16-Apr-2026,78.7261,0.0219178,19.7597,19.7614,0.00166251
16-Apr-2026,83.6465,0.0219178,14.8443,14.8573,0.0130198
16-Apr-2026,88.5668,0.0219178,9.92957,10.0127,0.0831188
16-Apr-2026,93.4872,0.0219178,5.07245,5.4405,0.368052
16-Apr-2026,98.4076,0.0219178,1.16179,1.79247,0.630681
16-Apr-2026,103.328,0.0219178,0.0293952,0.146049,0.116654
16-Apr-2026,108.248,0.0219178,1.18888e-05,0.00160876,0.00159687
16-Apr-2026,113.169,0.0219178,7.22709e-11,7.80219e-06,7.80212e-06
16-Apr-2026,78.7261,0.0383562,19.8184,19.8431,0.0247303
16-Apr-2026,83.6465,0.0383562,14.907,14.9968,0.0897966
16-Apr-2026,88.5668,0.0383562,10.0073,10.2879,0.280563
16-Apr-2026,93.4872,0.0383562,5.27267,5.93406,0.661393
16-Apr-2026,98.4076,0.0383562,1.56099,2.38337,0.82238
16-Apr-2026,103.328,0.0383562,0.124516,0.39335,0.268834
16-Apr-2026,108.248,0.0383562,0.000998729,0.0216997,0.020701
16-Apr-2026,113.169,0.0383562,8.21024e-07,0.000837823,0.000837002
16-Apr-2026,118.089,0.0383562,1.72292e-10,2.98438e-05,2.98436e-05
16-Apr-2026,78.7261,0.060274,19.8969,20.0074,0.110486
16-Apr-2026,83.6465,0.060274,14.9954,15.2614,0.265966
16-Apr-2026,88.5668,0.060274,10.1404,10.7053,0.564942
16-Apr-2026,93.4872,0.060274,5.56366,6.51671,0.953053
16-Apr-2026,98.4076,0.060274,1.9893,3.0067,1.0174
16-Apr-2026,103.328,0.060274,0.29887,0.754235,0.455365
16-Apr-2026,108.248,0.060274,0.0107258,0.0948008,0.084075
16-Apr-2026,113.169,0.060274,9.73031e-05,0.0101213,0.010024
16-Apr-2026,118.089,0.060274,3.91995e-07,0.00107264,0.00107225
16-Apr-2026,78.7261,0.0794521,19.9569,20.1625,0.205625
16-Apr-2026,83.6465,0.0794521,15.0685,15.4877,0.419219
16-Apr-2026,88.5668,0.0794521,10.2583,11.0191,0.760785
16-Apr-2026,93.4872,0.0794521,5.78117,6.90792,1.12675
16-Apr-2026,98.4076,0.0794521,2.26813,3.41164,1.14351
16-Apr-2026,103.328,0.0794521,0.443459,1.03091,0.587454
16-Apr-2026,108.248,0.0794521,0.0284679,0.179657,0.151189
16-Apr-2026,113.169,0.0794521,0.000641682,0.0281012,0.0274596
16-Apr-2026,118.089,0.0794521,7.8623e-06,0.00448735,0.00447949
16-Apr-2026,78.7261,0.117808,20.0987,20.5587,0.459997
16-Apr-2026,83.6465,0.117808,15.2551,16.0144,0.759304
16-Apr-2026,88.5668,0.117808,10.5522,11.685,1.1328
16-Apr-2026,93.4872,0.117808,6.24583,7.68558,1.43975
16-Apr-2026,98.4076,0.117808,2.81237,4.21202,1.39965
16-Apr-2026,103.328,0.117808,0.776203,1.64929,0.873091
16-Apr-2026,108.248,0.117808,0.101917,0.437753,0.335836
16-Apr-2026,113.169,0.117808,0.00684163,0.107302,0.10046
16-Apr-2026,118.089,0.117808,0.000314608,0.0276829,0.0273683
16-Apr-2026,78.7261,0.205479,20.4644,21.5003,1.03586
16-Apr-2026,83.6465,0.205479,15.7504,17.1515,1.40113
16-Apr-2026,88.5668,0.205479,11.2532,13.0113,1.75806
16-Apr-2026,93.4872,0.205479,7.17501,9.1629,1.98789
16-Apr-2026,98.4076,0.205479,3.81256,5.74435,1.93179
16-Apr-2026,103.328,0.205479,1.50129,2.99643,1.49514
16-Apr-2026,108.248,0.205479,0.386794,1.24276,0.855969
16-Apr-2026,113.169,0.205479,0.0691463,0.461378,0.392231
16-Apr-2026,118.089,0.205479,0.010207,0.177423,0.167216
16-Apr-2026,78.7261,0.290411,20.8996,22.4578,1.55822
16-Apr-2026,83.6465,0.290411,16.3138,18.2515,1.93768
16-Apr-2026,88.5668,0.290411,11.971,14.2475,2.27646
16-Apr-2026,93.4872,0.290411,8.02676,10.5138,2.48706
16-Apr-2026,98.4076,0.290411,4.69091,7.15508,2.46417
16-Apr-2026,103.328,0.290411,2.21357,4.3336,2.12003
16-Apr-2026,108.248,0.290411,0.78115,2.26517,1.48402
16-Apr-2026,113.169,0.290411,0.2147,1.05568,0.840979
16-Apr-2026,118.089,0.290411,0.0521448,0.484552,0.432407
16-Apr-2026,78.7261,0.375342,21.3485,23.3493,2.00078
16-Apr-2026,83.6465,0.375342,16.8682,19.2555,2.38726
16-Apr-2026,88.5668,0.375342,12.6362,15.3593,2.72309
16-Apr-2026,93.4872,0.375342,8.77714,11.7181,2.94098
16-Apr-2026,98.4076,0.375342,5.45448,8.41443,2.95995
16-Apr-2026,103.328,0.375342,2.87068,5.56592,2.69524
16-Apr-2026,108.248,0.375342,1.21243,3.32311,2.11068
16-Apr-2026,113.169,0.375342,0.421718,1.79999,1.37827
16-Apr-2026,118.089,0.375342,0.133368,0.931793,0.798425
16-Apr-2026,78.7261,0.457534,21.8025,24.1971,2.39464
16-Apr-2026,83.6465,0.457534,17.4103,20.1999,2.78965
16-Apr-2026,88.5668,0.457534,13.264,16.396,3.13201
16-Apr-2026,93.4872,0.457534,9.46702,12.8342,3.36723
16-Apr-2026,98.4076,0.457534,6.154,9.58132,3.42732
16-Apr-2026,103.328,0.457534,3.49544,6.72654,3.2311
16-Apr-2026,108.248,0.457534,1.66608,4.37976,2.71368
16-Apr-2026,113.169,0.457534,0.676504,2.63759,1.96108
16-Apr-2026,118.089,0.457534,0.253118,1.50481,1.25169
16-Apr-2026,78.7261,0.539726,22.2852,25.0618,2.77657
16-Apr-2026,83.6465,0.539726,17.9727,21.1557,3.18302
16-Apr-2026,88.5668,0.539726,13.9002,17.4382,3.53804
16-Apr-2026,93.4872,0.539726,10.1554,13.951,3.79557
16-Apr-2026,98.4076,0.539726,6.85199,10.7481,3.89615
16-Apr-2026,103.328,0.539726,4.13559,7.8987,3.76311
16-Apr-2026,108.248,0.539726,2.1645,5.48443,3.31993
16-Apr-2026,113.169,0.539726,0.989394,3.58186,2.59246
16-Apr-2026,118.089,0.539726,0.419698,2.22148,1.80178
16-Apr-2026,78.7261,0.624658,22.7588,25.8841,3.12532
16-Apr-2026,83.6465,0.624658,18.5145,22.0593,3.54483
16-Apr-2026,88.5668,0.624658,14.5032,18.4184,3.91525
16-Apr-2026,93.4872,0.624658,10.8016,14.9973,4.19567
16-Apr-2026,98.4076,0.624658,7.50815,11.8407,4.33256
16-Apr-2026,103.328,0.624658,4.74946,9.00355,4.25409
16-Apr-2026,108.248,0.624658,2.66748,6.54884,3.88136
16-Apr-2026,113.169,0.624658,1.33292,4.53692,3.204
16-Apr-2026,118.089,0.624658,0.620633,3.00362,2.38299
16-Apr-2026,78.7261,0.709589,23.2751,26.7582,3.48312
16-Apr-2026,83.6465,0.709589,19.0968,23.0151,3.91828
16-Apr-2026,88.5668,0.709589,15.1441,19.4508,4.30666
16-Apr-2026,93.4872,0.709589,11.484,16.0958,4.61179
16-Apr-2026,98.4076,0.709589,8.20233,12.9871,4.78481
16-Apr-2026,103.328,0.709589,5.40909,10.1683,4.75924
16-Apr-2026,108.248,0.709589,3.22955,7.68803,4.45848
16-Apr-2026,113.169,0.709589,1.7436,5.59304,3.84944
16-Apr-2026,118.089,0.709589,0.880217,3.9171,3.03688
16-Apr-2026,78.7261,0.789041,23.7226,27.5004,3.77781
16-Apr-2026,83.6465,0.789041,19.5965,23.8234,4.22688
16-Apr-2026,88.5668,0.789041,15.6896,20.3208,4.6312
16-Apr-2026,93.4872,0.789041,12.0623,17.0193,4.95704
16-Apr-2026,98.4076,0.789041,8.79183,13.9505,5.15869
16-Apr-2026,103.328,0.789041,5.97595,11.1504,5.17445
16-Apr-2026,108.248,0.789041,3.72703,8.65853,4.9315
16-Apr-2026,113.169,0.789041,2.12658,6.51272,4.38614
16-Apr-2026,118.089,0.789041,1.138,4.74293,3.60493
16-Apr-2026,78.7261,0.865753,24.1344,28.1721,4.03766
16-Apr-2026,83.6465,0.865753,20.053,24.5526,4.49965
16-Apr-2026,88.5668,0.865753,16.1852,21.1037,4.91854
16-Apr-2026,93.4872,0.865753,12.5864,17.8489,5.26252
16-Apr-2026,98.4076,0.865753,9.32684,14.8156,5.48871
16-Apr-2026,103.328,0.865753,6.49487,12.0342,5.53936
16-Apr-2026,108.248,0.865753,4.19206,9.53794,5.34588
16-Apr-2026,113.169,0.865753,2.49846,7.35801,4.85955
16-Apr-2026,118.089,0.865753,1.40071,5.52064,4.11993
17-Apr-2026,77.9004,0.0191781,19.5459,19.5468,0.000897416
17-Apr-2026,82.7692,0.0191781,14.6815,14.6904,0.00886929
17-Apr-2026,87.6379,0.0191781,9.81778,9.88269,0.0649122
17-Apr-2026,92.5067,0.0191781,5.00717,5.32653,0.319364
17-Apr-2026,97.3755,0.0191781,1.13437,1.69679,0.562417
17-Apr-2026,102.244,0.0191781,0.0283835,0.120701,0.0923177
17-Apr-2026,107.113,0.0191781,1.15119e-05,0.000951621,0.000940109
17-Apr-2026,111.982,0.0191781,5.54428e-11,2.98156e-06,2.9815e-06
17-Apr-2026,116.851,0.0191781,1.45331e-15,7.08303e-09,7.08302e-09
17-Apr-2026,77.9004,0.0356164,19.6037,19.6239,0.0202172
17-Apr-2026,82.7692,0.0356164,14.7434,14.8206,0.0772414
17-Apr-2026,87.6379,0.0356164,9.89468,10.1465,0.25185
17-Apr-2026,92.5067,0.0356164,5.21231,5.81963,0.607316
17-Apr-2026,97.3755,0.0356164,1.55334,2.3001,0.746764
17-Apr-2026,102.244,0.0356164,0.13088,0.360387,0.229507
17-Apr-2026,107.113,0.0356164,0.00122076,0.0177995,0.0165788
17-Apr-2026,111.982,0.0356164,1.12097e-06,0.00059806,0.000596939
17-Apr-2026,116.851,0.0356164,2.30257e-10,1.83379e-05,1.83377e-05
17-Apr-2026,77.9004,0.0575342,19.6812,19.7814,0.10015
17-Apr-2026,82.7692,0.0575342,14.8309,15.0768,0.24595
17-Apr-2026,87.6379,0.0575342,10.0292,10.5577,0.528482
17-Apr-2026,92.5067,0.0575342,5.51233,6.40267,0.890341
17-Apr-2026,97.3755,0.0575342,1.99677,2.9276,0.93083
17-Apr-2026,102.244,0.0575342,0.318473,0.715957,0.397484
17-Apr-2026,107.113,0.0575342,0.0131935,0.0858746,0.0726811
17-Apr-2026,111.982,0.0575342,0.000137798,0.00867237,0.00853458
17-Apr-2026,116.851,0.0575342,5.98704e-07,0.000865493,0.000864894
17-Apr-2026,77.9004,0.0767123,19.7406,19.9323,0.191714
17-Apr-2026,82.7692,0.0767123,14.9041,15.2991,0.394951
17-Apr-2026,87.6379,0.0767123,10.1495,10.8686,0.719127
17-Apr-2026,92.5067,0.0767123,5.73605,6.7933,1.05725
17-Apr-2026,97.3755,0.0767123,2.28361,3.33254,1.04893
17-Apr-2026,102.244,0.0767123,0.472521,0.989357,0.516836
17-Apr-2026,107.113,0.0767123,0.0344783,0.167278,0.1328
17-Apr-2026,111.982,0.0767123,0.000885969,0.0252914,0.0244054
17-Apr-2026,116.851,0.0767123,1.1814e-05,0.00389249,0.00388068
17-Apr-2026,77.9004,0.0958904,19.8163,20.1402,0.323874
17-Apr-2026,82.7692,0.0958904,15.0036,15.5835,0.579934
17-Apr-2026,87.6379,0.0958904,10.3108,11.2379,0.927114
17-Apr-2026,92.5067,0.0958904,6.00177,7.23201,1.23024
17-Apr-2026,97.3755,0.0958904,2.60095,3.78398,1.18303
17-Apr-2026,102.244,0.0958904,0.665204,1.3256,0.660392
17-Apr-2026,107.113,0.0958904,0.0753088,0.29475,0.219441
17-Apr-2026,111.982,0.0958904,0.00383798,0.0602812,0.0564433
17-Apr-2026,116.851,0.0958904,0.000119387,0.0128305,0.0127111
17-Apr-2026,77.9004,0.115068,19.8817,20.3215,0.439774
17-Apr-2026,82.7692,0.115068,15.0926,15.8192,0.726583
17-Apr-2026,87.6379,0.115068,10.4502,11.5295,1.07933
17-Apr-2026,92.5067,0.115068,6.21206,7.56768,1.35562
17-Apr-2026,97.3755,0.115068,2.84094,4.12957,1.28863
17-Apr-2026,102.244,0.115068,0.823263,1.60095,0.777689
17-Apr-2026,107.113,0.115068,0.119553,0.418246,0.298693
17-Apr-2026,111.982,0.115068,0.00891766,0.100956,0.0920385
17-Apr-2026,116.851,0.115068,0.000442936,0.0256218,0.0251788
17-Apr-2026,77.9004,0.20274,20.2499,21.2518,1.00186
17-Apr-2026,82.7692,0.20274,15.596,16.945,1.34901
17-Apr-2026,87.6379,0.20274,11.1654,12.8447,1.67934
17-Apr-2026,92.5067,0.20274,7.15844,9.03399,1.87555
17-Apr-2026,97.3755,0.20274,3.85967,5.65015,1.79048
17-Apr-2026,102.244,0.20274,1.5766,2.93404,1.35744
17-Apr-2026,107.113,0.20274,0.434845,1.20825,0.773409
17-Apr-2026,111.982,0.20274,0.08353,0.445756,0.362226
17-Apr-2026,116.851,0.20274,0.0130347,0.170495,0.15746
17-Apr-2026,77.9004,0.287671,20.6903,22.1991,1.50879
17-Apr-2026,82.7692,0.287671,16.1682,18.034,1.86581
17-Apr-2026,87.6379,0.287671,11.8945,14.0693,2.17479
17-Apr-2026,92.5067,0.287671,8.02187,10.3726,2.35072
17-Apr-2026,97.3755,0.287671,4.7503,7.04796,2.29766
17-Apr-2026,102.244,0.287671,2.30792,4.25758,1.94966
17-Apr-2026,107.113,0.287671,0.85728,2.21634,1.35906
17-Apr-2026,111.982,0.287671,0.249035,1.02864,0.779604
17-Apr-2026,116.851,0.287671,0.0631547,0.470609,0.407455
17-Apr-2026,77.9004,0.372603,21.1445,23.0811,1.93664
17-Apr-2026,82.7692,0.372603,16.7299,19.0278,2.29788
17-Apr-2026,87.6379,0.372603,12.568,15.1702,2.60216
17-Apr-2026,92.5067,0.372603,8.78034,11.5653,2.78493
17-Apr-2026,97.3755,0.372603,5.52212,8.29518,2.77306
17-Apr-2026,102.244,0.372603,2.9777,5.47741,2.49971
17-Apr-2026,107.113,0.372603,1.31055,3.26151,1.95096
17-Apr-2026,111.982,0.372603,0.47738,1.76129,1.28391
17-Apr-2026,116.851,0.372603,0.156597,0.909344,0.752747
17-Apr-2026,77.9004,0.454795,21.6034,23.9201,2.31666
17-Apr-2026,82.7692,0.454795,17.2781,19.9626,2.68446
17-Apr-2026,87.6379,0.454795,13.2021,16.1965,2.99437
17-Apr-2026,92.5067,0.454795,9.47616,12.6704,3.19421
17-Apr-2026,97.3755,0.454795,6.22749,9.45059,3.2231
17-Apr-2026,102.244,0.454795,3.61139,6.62626,3.01487
17-Apr-2026,107.113,0.454795,1.78144,4.30627,2.52483
17-Apr-2026,111.982,0.454795,0.752836,2.58754,1.83471
17-Apr-2026,116.851,0.454795,0.29103,1.47293,1.1819
17-Apr-2026,77.9004,0.536986,22.0907,24.7756,2.68488
17-Apr-2026,82.7692,0.536986,17.8458,20.9085,3.06267
17-Apr-2026,87.6379,0.536986,13.8436,17.2281,3.38452
17-Apr-2026,92.5067,0.536986,10.1692,13.7759,3.60671
17-Apr-2026,97.3755,0.536986,6.92989,10.6058,3.67588
17-Apr-2026,102.244,0.536986,4.25831,7.7865,3.52819
17-Apr-2026,107.113,0.536986,2.29417,5.39895,3.10478
17-Apr-2026,111.982,0.536986,1.08598,3.52017,2.43419
17-Apr-2026,116.851,0.536986,0.474672,2.17917,1.7045
17-Apr-2026,77.9004,0.621918,22.5683,25.5893,3.02097
17-Apr-2026,82.7692,0.621918,18.3918,21.8027,3.41091
17-Apr-2026,87.6379,0.621918,14.4507,18.1983,3.74762
17-Apr-2026,92.5067,0.621918,10.8188,14.8116,3.99284
17-Apr-2026,97.3755,0.621918,7.58906,11.6873,4.09828
17-Apr-2026,102.244,0.621918,4.87692,8.88008,4.00316
17-Apr-2026,107.113,0.621918,2.80807,6.45203,3.64396
17-Apr-2026,111.982,0.621918,1.44731,4.46413,3.01682
17-Apr-2026,116.851,0.621918,0.692998,2.95097,2.25797
17-Apr-2026,77.9004,0.706849,23.0882,26.4542,3.36597
17-Apr-2026,82.7692,0.706849,18.9779,22.7485,3.77064
17-Apr-2026,87.6379,0.706849,15.0949,19.22,4.12514
17-Apr-2026,92.5067,0.706849,11.5038,15.899,4.39518
17-Apr-2026,97.3755,0.706849,8.28542,12.8221,4.53671
17-Apr-2026,102.244,0.706849,5.54014,10.0329,4.4928
17-Apr-2026,107.113,0.706849,3.37935,7.5792,4.19985
17-Apr-2026,111.982,0.706849,1.87492,5.50841,3.63349
17-Apr-2026,116.851,0.706849,0.971533,3.85317,2.88163
17-Apr-2026,77.9004,0.786301,23.5384,27.1885,3.65014
17-Apr-2026,82.7692,0.786301,19.4802,23.5484,4.06822
17-Apr-2026,87.6379,0.786301,15.6426,20.0811,4.43851
17-Apr-2026,92.5067,0.786301,12.0837,16.8131,4.72939
17-Apr-2026,97.3755,0.786301,8.87604,13.7757,4.89964
17-Apr-2026,102.244,0.786301,6.10908,11.0049,4.89584
17-Apr-2026,107.113,0.786301,3.88296,8.5395,4.65654
17-Apr-2026,111.982,0.786301,2.27051,6.418,4.14749
17-Apr-2026,116.851,0.786301,1.24524,4.66926,3.42402
17-Apr-2026,77.9004,0.863014,23.9523,27.8531,3.9008
17-Apr-2026,82.7692,0.863014,19.9386,24.2701,4.33148
17-Apr-2026,87.6379,0.863014,16.1397,20.856,4.71625
17-Apr-2026,92.5067,0.863014,12.6087,17.6342,5.02545
17-Apr-2026,97.3755,0.863014,9.41158,14.6318,5.22027
17-Apr-2026,102.244,0.863014,6.62922,11.8796,5.25042
17-Apr-2026,107.113,0.863014,4.35241,9.4097,5.05729
17-Apr-2026,111.982,0.863014,2.65239,7.25413,4.60174
17-Apr-2026,116.851,0.863014,1.52187,5.43805,3.91618
20-Apr-2026,78.7377,0.0109589,19.7092,19.7092,1.58802e-05
20-Apr-2026,83.6588,0.0109589,14.7897,14.7897,2.50149e-05
20-Apr-2026,88.5799,0.0109589,9.87013,9.87115,0.00102472
20-Apr-2026,93.501,0.0109589,4.9519,5.00546,0.0535612
20-Apr-2026,98.4221,0.0109589,0.672059,1.02581,0.353747
20-Apr-2026,103.343,0.0109589,0.000256427,0.00622249,0.00596606
20-Apr-2026,108.264,0.0109589,4.51487e-13,5.52672e-08,5.52668e-08
20-Apr-2026,113.185,0.0109589,4.8911e-16,2.16971e-14,2.1208e-14
20-Apr-2026,118.107,0.0109589,5.04268e-16,4.31514e-15,3.81087e-15
20-Apr-2026,78.7377,0.0273973,19.7774,19.783,0.00561482
20-Apr-2026,83.6588,0.0273973,14.8622,14.8933,0.0310566
20-Apr-2026,88.5799,0.0273973,9.95017,10.0926,0.142424
20-Apr-2026,93.501,0.0273973,5.13919,5.60619,0.467001
20-Apr-2026,98.4221,0.0273973,1.33274,2.00472,0.671984
20-Apr-2026,103.343,0.0273973,0.0636186,0.222896,0.159278
20-Apr-2026,108.264,0.0273973,0.000141735,0.00514968,0.00500795
20-Apr-2026,113.185,0.0273973,1.27045e-08,6.55483e-05,6.55356e-05
20-Apr-2026,118.107,0.0273973,1.46224e-13,7.06933e-07,7.06932e-07
20-Apr-2026,78.7377,0.0493151,19.8394,19.8863,0.0468986
20-Apr-2026,83.6588,0.0493151,14.9295,15.0718,0.142322
20-Apr-2026,88.5799,0.0493151,10.0437,10.4181,0.374379
20-Apr-2026,93.501,0.0493151,5.37825,6.1306,0.752349
20-Apr-2026,98.4221,0.0493151,1.74611,2.60011,0.853996
20-Apr-2026,103.343,0.0493151,0.197187,0.50953,0.312343
20-Apr-2026,108.264,0.0493151,0.00369957,0.0400923,0.0363927
20-Apr-2026,113.185,0.0493151,1.10913e-05,0.00241923,0.00240814
20-Apr-2026,118.107,0.0493151,1.05132e-08,0.000138971,0.000138961
20-Apr-2026,78.7377,0.0684932,19.9084,20.0485,0.140106
20-Apr-2026,83.6588,0.0684932,15.0103,15.326,0.315694
20-Apr-2026,88.5799,0.0684932,10.1744,10.8007,0.626281
20-Apr-2026,93.501,0.0684932,5.65071,6.64102,0.990307
20-Apr-2026,98.4221,0.0684932,2.12345,3.13775,1.0143
20-Apr-2026,103.343,0.0684932,0.374366,0.841961,0.467595
20-Apr-2026,108.264,0.0684932,0.0193347,0.119762,0.100427
20-Apr-2026,113.185,0.0684932,0.000294703,0.0148345,0.0145398
20-Apr-2026,118.107,0.0684932,2.11113e-06,0.00184255,0.00184044
20-Apr-2026,78.7377,0.0876712,19.9665,20.2076,0.241137
20-Apr-2026,83.6588,0.0876712,15.0842,15.5538,0.469612
20-Apr-2026,88.5799,0.0876712,10.297,11.1095,0.812501
20-Apr-2026,93.501,0.0876712,5.86979,7.01934,1.14955
20-Apr-2026,98.4221,0.0876712,2.39692,3.52835,1.13143
20-Apr-2026,103.343,0.0876712,0.527591,1.11752,0.589929
20-Apr-2026,108.264,0.0876712,0.0438491,0.211247,0.167398
20-Apr-2026,113.185,0.0876712,0.00141125,0.0362646,0.0348534
20-Apr-2026,118.107,0.0876712,2.54476e-05,0.00639587,0.00637042
20-Apr-2026,78.7377,0.106849,20.0411,20.4213,0.380173
20-Apr-2026,83.6588,0.106849,15.1843,15.8406,0.656285
20-Apr-2026,88.5799,0.106849,10.4591,11.4746,1.01553
20-Apr-2026,93.501,0.106849,6.12954,7.44736,1.31782
20-Apr-2026,98.4221,0.106849,2.70235,3.96893,1.26658
20-Apr-2026,103.343,0.106849,0.717639,1.45536,0.737722
20-Apr-2026,108.264,0.106849,0.087673,0.348944,0.261271
20-Apr-2026,113.185,0.106849,0.005109,0.0773179,0.0722089
20-Apr-2026,118.107,0.106849,0.000190862,0.0179208,0.01773
20-Apr-2026,78.7377,0.194521,20.3893,21.3455,0.956158
20-Apr-2026,83.6588,0.194521,15.6647,16.9734,1.30869
20-Apr-2026,88.5799,0.194521,11.1589,12.8114,1.6525
20-Apr-2026,93.501,0.194521,7.08206,8.94622,1.86416
20-Apr-2026,98.4221,0.194521,3.74024,5.52218,1.78194
20-Apr-2026,103.343,0.194521,1.46508,2.79606,1.33098
20-Apr-2026,108.264,0.194521,0.375281,1.10855,0.733267
20-Apr-2026,113.185,0.194521,0.0654634,0.395596,0.330133
20-Apr-2026,118.107,0.194521,0.00919862,0.147152,0.137953
20-Apr-2026,78.7377,0.279452,20.7933,22.2527,1.45944
20-Apr-2026,83.6588,0.279452,16.197,18.022,1.82503
20-Apr-2026,88.5799,0.279452,11.849,13.9953,2.14634
20-Apr-2026,93.501,0.279452,7.91133,10.2436,2.33231
20-Apr-2026,98.4221,0.279452,4.59985,6.87711,2.27726
20-Apr-2026,103.343,0.279452,2.1608,4.0703,1.9095
20-Apr-2026,108.264,0.279452,0.759254,2.05507,1.29581
20-Apr-2026,113.185,0.279452,0.205685,0.924665,0.71898
20-Apr-2026,118.107,0.279452,0.0484499,0.413509,0.36506
20-Apr-2026,78.7377,0.364384,21.234,23.1382,1.90417
20-Apr-2026,83.6588,0.364384,16.7487,19.0231,2.27442
20-Apr-2026,88.5799,0.364384,12.5186,15.1074,2.58884
20-Apr-2026,93.501,0.364384,8.67259,11.4509,2.7783
20-Apr-2026,98.4221,0.364384,5.37654,8.1401,2.76356
20-Apr-2026,103.343,0.364384,2.82803,5.30064,2.47261
20-Apr-2026,108.264,0.364384,1.19694,3.09327,1.89633
20-Apr-2026,113.185,0.364384,0.41566,1.63249,1.21683
20-Apr-2026,118.107,0.364384,0.129895,0.827232,0.697337
20-Apr-2026,78.7377,0.446575,21.6825,23.9805,2.29798
20-Apr-2026,83.6588,0.446575,17.2895,19.9641,2.67456
20-Apr-2026,88.5799,0.446575,13.1496,16.1427,2.99314
20-Apr-2026,93.501,0.446575,9.36919,12.5675,3.19827
20-Apr-2026,98.4221,0.446575,6.08375,9.30805,3.2243
20-Apr-2026,103.343,0.446575,3.45898,6.45928,3.0003
20-Apr-2026,108.264,0.446575,1.6558,4.13768,2.48188
20-Apr-2026,113.185,0.446575,0.674807,2.44341,1.7686
20-Apr-2026,118.107,0.446575,0.251672,1.36847,1.1168
20-Apr-2026,78.7377,0.528767,22.1827,24.8781,2.69535
20-Apr-2026,83.6588,0.528767,17.876,20.9583,3.08233
20-Apr-2026,88.5799,0.528767,13.8163,17.2289,3.41261
20-Apr-2026,93.501,0.528767,10.0925,13.7328,3.64035
20-Apr-2026,98.4221,0.528767,6.8176,10.5263,3.70871
20-Apr-2026,103.343,0.528767,4.13181,7.68129,3.54948
20-Apr-2026,108.264,0.528767,2.18134,5.28288,3.10154
20-Apr-2026,113.185,0.528767,1.00788,3.41051,2.40263
20-Apr-2026,118.107,0.528767,0.430414,2.08987,1.65946
20-Apr-2026,78.7377,0.613699,22.6527,25.6942,3.04148
20-Apr-2026,83.6588,0.613699,18.416,21.8566,3.44058
20-Apr-2026,88.5799,0.613699,14.4193,18.2047,3.78538
20-Apr-2026,93.501,0.613699,10.7398,14.7755,4.03572
20-Apr-2026,98.4221,0.613699,7.47493,11.6155,4.14059
20-Apr-2026,103.343,0.613699,4.74684,8.78178,4.03494
20-Apr-2026,108.264,0.613699,2.68714,6.33961,3.65247
20-Apr-2026,113.185,0.613699,1.35706,4.35194,2.99488
20-Apr-2026,118.107,0.613699,0.637115,2.85218,2.21506
20-Apr-2026,78.7377,0.69863,23.1651,26.5617,3.39662
20-Apr-2026,83.6588,0.69863,18.9961,22.8065,3.81041
20-Apr-2026,88.5799,0.69863,15.0592,19.232,4.17276
20-Apr-2026,93.501,0.69863,11.4218,15.8697,4.44786
20-Apr-2026,98.4221,0.69863,8.16885,12.7578,4.58894
20-Apr-2026,103.343,0.69863,5.40623,9.94161,4.53538
20-Apr-2026,108.264,0.69863,3.25063,7.47131,4.22068
20-Apr-2026,113.185,0.69863,1.77256,5.39589,3.62333
20-Apr-2026,118.107,0.69863,0.902981,3.74771,2.84473
20-Apr-2026,78.7377,0.778082,23.5877,27.2628,3.67515
20-Apr-2026,83.6588,0.778082,19.4694,23.5711,4.10172
20-Apr-2026,88.5799,0.778082,15.5769,20.0559,4.47902
20-Apr-2026,93.501,0.778082,11.9712,16.745,4.77383
20-Apr-2026,98.4221,0.778082,8.72876,13.6712,4.94244
20-Apr-2026,103.343,0.778082,5.94448,10.8722,4.92777
20-Apr-2026,108.264,0.778082,3.72377,8.38919,4.66542
20-Apr-2026,113.185,0.778082,2.13922,6.26219,4.12297
20-Apr-2026,118.107,0.778082,1.15238,4.52028,3.3679
20-Apr-2026,78.7377,0.854795,24.0179,27.965,3.94707
20-Apr-2026,83.6588,0.854795,19.9476,24.3344,4.38681
20-Apr-2026,88.5799,0.854795,16.0969,20.8762,4.77933
20-Apr-2026,93.501,0.854795,12.5214,17.6149,5.09346
20-Apr-2026,98.4221,0.854795,9.29039,14.5785,5.28807
20-Apr-2026,103.343,0.854795,6.48903,11.7988,5.3098
20-Apr-2026,108.264,0.854795,4.21237,9.30973,5.09736
20-Apr-2026,113.185,0.854795,2.53211,7.14417,4.61206
20-Apr-2026,118.107,0.854795,1.43266,5.32739,3.89473
21-Apr-2026,78.156,0.00821918,19.558,19.558,2.99869e-05
21-Apr-2026,83.0408,0.00821918,14.6744,14.6744,4.40732e-05
21-Apr-2026,87.9255,0.00821918,9.79084,9.79099,0.000153336
21-Apr-2026,92.8103,0.00821918,4.90759,4.93181,0.0242173
21-Apr-2026,97.695,0.00821918,0.587933,0.880747,0.292814
21-Apr-2026,102.58,0.00821918,4.48938e-05,0.00168084,0.00163594
21-Apr-2026,78.156,0.0246575,19.6275,19.6314,0.00387241
21-Apr-2026,83.0408,0.0246575,14.7483,14.7722,0.0239097
21-Apr-2026,87.9255,0.0246575,9.87175,9.99197,0.12022
21-Apr-2026,92.8103,0.0246575,5.08924,5.51168,0.422445
21-Apr-2026,97.695,0.0246575,1.30324,1.92307,0.619833
21-Apr-2026,102.58,0.0246575,0.0601038,0.195254,0.13515
21-Apr-2026,107.465,0.0246575,0.000124627,0.00364529,0.00352066
21-Apr-2026,112.349,0.0246575,8.88546e-09,3.52368e-05,3.52279e-05
21-Apr-2026,117.234,0.0246575,8.9727e-14,2.82399e-07,2.82399e-07
21-Apr-2026,78.156,0.0465753,19.6907,19.731,0.0403136
21-Apr-2026,83.0408,0.0465753,14.8168,14.9439,0.127102
21-Apr-2026,87.9255,0.0465753,9.96604,10.3112,0.345119
21-Apr-2026,92.8103,0.0465753,5.33358,6.03983,0.706251
21-Apr-2026,97.695,0.0465753,1.73283,2.53057,0.797741
21-Apr-2026,102.58,0.0465753,0.199074,0.477336,0.278262
21-Apr-2026,107.465,0.0465753,0.00392436,0.0347357,0.0308114
21-Apr-2026,112.349,0.0465753,1.19187e-05,0.00190189,0.00188997
21-Apr-2026,117.234,0.0465753,1.05482e-08,9.84263e-05,9.84157e-05
21-Apr-2026,78.156,0.0657534,19.7609,19.8897,0.128819
21-Apr-2026,83.0408,0.0657534,14.899,15.1942,0.295185
21-Apr-2026,87.9255,0.0657534,10.0993,10.6922,0.592905
21-Apr-2026,92.8103,0.0657534,5.6133,6.5537,0.940398
21-Apr-2026,97.695,0.0657534,2.12174,3.07367,0.951934
21-Apr-2026,102.58,0.0657534,0.384581,0.807521,0.42294
21-Apr-2026,107.465,0.0657534,0.0212243,0.110467,0.089243
21-Apr-2026,112.349,0.0657534,0.000342354,0.013065,0.0127226
21-Apr-2026,117.234,0.0657534,2.48038e-06,0.00154402,0.00154154
21-Apr-2026,78.156,0.0849315,19.8201,20.047,0.226858
21-Apr-2026,83.0408,0.0849315,14.9744,15.4205,0.44607
21-Apr-2026,87.9255,0.0849315,10.2249,11.0009,0.776033
21-Apr-2026,92.8103,0.0849315,5.83812,6.93387,1.09575
21-Apr-2026,97.695,0.0849315,2.40264,3.4664,1.06376
21-Apr-2026,102.58,0.0849315,0.544757,1.08179,0.537038
21-Apr-2026,107.465,0.0849315,0.048376,0.199261,0.150885
21-Apr-2026,112.349,0.0849315,0.00165872,0.0332221,0.0315633
21-Apr-2026,117.234,0.0849315,3.08395e-05,0.00567767,0.00564683
21-Apr-2026,78.156,0.10411,19.8962,20.2592,0.362956
21-Apr-2026,83.0408,0.10411,15.0768,15.7063,0.629529
21-Apr-2026,87.9255,0.10411,10.3911,11.3663,0.975186
21-Apr-2026,92.8103,0.10411,6.10439,7.36327,1.25888
21-Apr-2026,97.695,0.10411,2.71582,3.90825,1.19243
21-Apr-2026,102.58,0.10411,0.742992,1.41834,0.675346
21-Apr-2026,107.465,0.10411,0.0966501,0.334121,0.237471
21-Apr-2026,112.349,0.10411,0.00599858,0.072665,0.0666665
21-Apr-2026,117.234,0.10411,0.000232899,0.01651,0.0162771
21-Apr-2026,78.156,0.191781,20.2528,21.1815,0.928664
21-Apr-2026,83.0408,0.191781,15.5696,16.8382,1.26859
21-Apr-2026,87.9255,0.191781,11.1088,12.7034,1.59456
21-Apr-2026,92.8103,0.191781,7.07912,8.86319,1.78407
21-Apr-2026,97.695,0.191781,3.77832,5.46165,1.68333
21-Apr-2026,102.58,0.191781,1.51933,2.75512,1.23579
21-Apr-2026,107.465,0.191781,0.408602,1.08526,0.676663
21-Apr-2026,112.349,0.191781,0.0750056,0.384792,0.309786
21-Apr-2026,117.234,0.191781,0.0109425,0.142294,0.131351
21-Apr-2026,78.156,0.276712,20.6674,22.0882,1.4208
21-Apr-2026,83.0408,0.276712,16.1158,17.8862,1.77039
21-Apr-2026,87.9255,0.276712,11.8156,13.8865,2.07087
21-Apr-2026,92.8103,0.276712,7.92683,10.1594,2.23258
21-Apr-2026,97.695,0.276712,4.65794,6.81479,2.15685
21-Apr-2026,102.58,0.276712,2.23918,4.02638,1.7872
21-Apr-2026,107.465,0.276712,0.819086,2.02659,1.20751
21-Apr-2026,112.349,0.276712,0.231661,0.908519,0.676858
21-Apr-2026,117.234,0.276712,0.0563761,0.40498,0.348604
21-Apr-2026,78.156,0.361644,21.1195,22.9731,1.85364
21-Apr-2026,83.0408,0.361644,16.6813,18.8864,2.20513
21-Apr-2026,87.9255,0.361644,12.5009,14.9973,2.49643
21-Apr-2026,92.8103,0.361644,8.705,11.365,2.65999
21-Apr-2026,97.695,0.361644,5.45289,8.07568,2.62279
21-Apr-2026,102.58,0.361644,2.9281,5.25413,2.32603
21-Apr-2026,107.465,0.361644,1.28289,3.06132,1.77843
21-Apr-2026,112.349,0.361644,0.462871,1.61219,1.14932
21-Apr-2026,117.234,0.361644,0.148978,0.815135,0.666157
21-Apr-2026,78.156,0.443836,21.5794,23.8149,2.23551
21-Apr-2026,83.0408,0.443836,17.2353,19.8265,2.59116
21-Apr-2026,87.9255,0.443836,13.1465,16.0313,2.8848
21-Apr-2026,92.8103,0.443836,9.41725,12.4798,3.06259
21-Apr-2026,97.695,0.443836,6.1769,9.24158,3.06468
21-Apr-2026,102.58,0.443836,3.57862,6.41046,2.83184
21-Apr-2026,107.465,0.443836,1.76616,4.10313,2.33697
21-Apr-2026,112.349,0.443836,0.745393,2.42013,1.67474
21-Apr-2026,117.234,0.443836,0.285842,1.35342,1.06758
21-Apr-2026,78.156,0.526027,22.0922,24.7118,2.61964
21-Apr-2026,83.0408,0.526027,17.836,20.8197,2.98367
21-Apr-2026,87.9255,0.526027,13.8287,17.116,3.28728
21-Apr-2026,92.8103,0.526027,10.157,13.6434,3.48635
21-Apr-2026,97.695,0.526027,6.92828,10.4577,3.52938
21-Apr-2026,102.58,0.526027,4.27155,7.63012,3.35857
21-Apr-2026,107.465,0.526027,2.31701,5.24593,2.92892
21-Apr-2026,112.349,0.526027,1.10553,3.3848,2.27927
21-Apr-2026,117.234,0.526027,0.484977,2.07234,1.58736
21-Apr-2026,78.156,0.610959,22.5738,25.5273,2.95354
21-Apr-2026,83.0408,0.610959,18.389,21.7169,3.32791
21-Apr-2026,87.9255,0.610959,14.4458,18.0904,3.64458
21-Apr-2026,92.8103,0.610959,10.8191,14.6843,3.86522
21-Apr-2026,97.695,0.610959,7.60134,11.5449,3.94358
21-Apr-2026,102.58,0.610959,4.90437,8.72856,3.82419
21-Apr-2026,107.465,0.610959,2.84513,6.30065,3.45552
21-Apr-2026,112.349,0.610959,1.48039,4.32436,2.84397
21-Apr-2026,117.234,0.610959,0.713578,2.8329,2.11932
21-Apr-2026,78.156,0.69589,23.0988,26.3942,3.29536
21-Apr-2026,83.0408,0.69589,18.983,22.6657,3.68274
21-Apr-2026,87.9255,0.69589,15.1007,19.1162,4.01549
21-Apr-2026,92.8103,0.69589,11.5169,15.7767,4.25976
21-Apr-2026,97.695,0.69589,8.31183,12.6852,4.37332
21-Apr-2026,102.58,0.69589,5.58229,9.88626,4.30397
21-Apr-2026,107.465,0.69589,3.43165,7.43031,3.99866
21-Apr-2026,112.349,0.69589,1.92365,5.36653,3.44288
21-Apr-2026,117.234,0.69589,1.00561,3.72692,2.72131
21-Apr-2026,78.156,0.775342,23.5318,27.0947,3.56287
21-Apr-2026,83.0408,0.775342,19.4677,23.4294,3.96174
21-Apr-2026,87.9255,0.775342,15.6305,19.9389,4.30845
21-Apr-2026,92.8103,0.775342,12.079,16.6506,4.57158
21-Apr-2026,97.695,0.775342,8.88507,13.5969,4.71187
21-Apr-2026,102.58,0.775342,6.13531,10.8152,4.67991
21-Apr-2026,107.465,0.775342,3.92293,8.34659,4.42366
21-Apr-2026,112.349,0.775342,2.31273,6.23144,3.91871
21-Apr-2026,117.234,0.775342,1.27783,4.4984,3.22057
21-Apr-2026,78.156,0.852055,23.9726,27.7962,3.82356
21-Apr-2026,83.0408,0.852055,19.9573,24.1918,4.23451
21-Apr-2026,87.9255,0.852055,16.1626,20.7581,4.59546
21-Apr-2026,92.8103,0.852055,12.6419,17.519,4.87707
21-Apr-2026,97.695,0.852055,9.46,14.5026,5.0426
21-Apr-2026,102.58,0.852055,6.69449,11.7401,5.04565
21-Apr-2026,107.465,0.852055,4.4293,9.26555,4.83625
21-Apr-2026,112.349,0.852055,2.72786,7.11208,4.38422
21-Apr-2026,117.234,0.852055,1.58205,5.30448,3.72243
22-Apr-2026,78.063,0.00547945,19.5293,19.5293,1.63532e-06
22-Apr-2026,82.942,0.00547945,14.6512,14.6511,5.45013e-05
22-Apr-2026,87.8209,0.00547945,9.77307,9.77309,2.34174e-05
22-Apr-2026,92.6998,0.00547945,4.89499,4.90095,0.00596217
22-Apr-2026,97.5788,0.00547945,0.47902,0.717385,0.238365
22-Apr-2026,102.458,0.00547945,9.57193e-07,0.000151472,0.000150515
22-Apr-2026,107.337,0.00547945,7.61277e-16,5.10585e-14,5.02972e-14
22-Apr-2026,112.216,0.00547945,6.53015e-16,-3.67669e-15,4.32971e-15
22-Apr-2026,117.095,0.00547945,5.8852e-16,-3.77723e-15,4.36575e-15
22-Apr-2026,78.063,0.0219178,19.6035,19.6061,0.00260003
22-Apr-2026,82.942,0.0219178,14.73,14.748,0.0179782
22-Apr-2026,87.8209,0.0219178,9.85841,9.9587,0.100293
22-Apr-2026,92.6998,0.0219178,5.06787,5.45503,0.387155
22-Apr-2026,97.5788,0.0219178,1.25845,1.85386,0.595409
22-Apr-2026,102.458,0.0219178,0.0503746,0.170252,0.119878
22-Apr-2026,107.337,0.0219178,7.21992e-05,0.00249403,0.00242183
22-Apr-2026,112.216,0.0219178,2.71508e-09,1.75421e-05,1.75394e-05
22-Apr-2026,117.095,0.0219178,1.25467e-14,9.98123e-08,9.98123e-08
22-Apr-2026,78.063,0.0438356,19.6709,19.7055,0.0345718
22-Apr-2026,82.942,0.0438356,14.8028,14.9163,0.113451
22-Apr-2026,87.8209,0.0438356,9.95488,10.2754,0.320471
22-Apr-2026,92.6998,0.0438356,5.31418,5.99249,0.678307
22-Apr-2026,97.5788,0.0438356,1.70258,2.48063,0.778054
22-Apr-2026,102.458,0.0438356,0.186637,0.450194,0.263557
22-Apr-2026,107.337,0.0438356,0.0032902,0.0301527,0.0268625
22-Apr-2026,112.216,0.0438356,8.21335e-06,0.00148494,0.00147673
22-Apr-2026,117.095,0.0438356,5.59373e-09,6.86111e-05,6.86055e-05
22-Apr-2026,78.063,0.0630137,19.7457,19.8644,0.118654
22-Apr-2026,82.942,0.0630137,14.8891,15.1668,0.277659
22-Apr-2026,87.8209,0.0630137,10.091,10.6597,0.568722
22-Apr-2026,92.6998,0.0630137,5.59907,6.51575,0.91668
22-Apr-2026,97.5788,0.0630137,2.10164,3.03541,0.933772
22-Apr-2026,102.458,0.0630137,0.37359,0.781764,0.408174
22-Apr-2026,107.337,0.0630137,0.0197284,0.102785,0.0830569
22-Apr-2026,112.216,0.0630137,0.000293404,0.011572,0.0112786
22-Apr-2026,117.095,0.0630137,1.89805e-06,0.00129744,0.00129554
22-Apr-2026,78.063,0.0821918,19.8085,20.0228,0.214316
22-Apr-2026,82.942,0.0821918,14.9677,15.395,0.427348
22-Apr-2026,87.8209,0.0821918,10.2195,10.9724,0.752934
22-Apr-2026,92.6998,0.0821918,5.82861,6.90236,1.07375
22-Apr-2026,97.5788,0.0821918,2.38917,3.43485,1.04568
22-Apr-2026,102.458,0.0821918,0.536311,1.05799,0.521681
22-Apr-2026,107.337,0.0821918,0.0465702,0.189964,0.143394
22-Apr-2026,112.216,0.0821918,0.0015266,0.0307091,0.0291825
22-Apr-2026,117.095,0.0821918,2.65635e-05,0.00507798,0.00505142
22-Apr-2026,78.063,0.10137,19.8889,20.2375,0.34858
22-Apr-2026,82.942,0.10137,15.0742,15.6844,0.610185
22-Apr-2026,87.8209,0.10137,10.3899,11.3429,0.953034
22-Apr-2026,92.6998,0.10137,6.10074,7.33849,1.23775
22-Apr-2026,97.5788,0.10137,2.70949,3.88324,1.17375
22-Apr-2026,102.458,0.10137,0.738441,1.39736,0.658923
22-Apr-2026,107.337,0.10137,0.095187,0.323742,0.228555
22-Apr-2026,112.216,0.10137,0.0057735,0.0690388,0.0632653
22-Apr-2026,117.095,0.10137,0.000215861,0.015364,0.0151481
22-Apr-2026,78.063,0.189041,20.2623,21.1737,0.911412
22-Apr-2026,82.942,0.189041,15.5843,16.8326,1.2483
22-Apr-2026,87.8209,0.189041,11.1267,12.699,1.57228
22-Apr-2026,92.6998,0.189041,7.09831,8.859,1.76069
22-Apr-2026,97.5788,0.189041,3.79669,5.45619,1.6595
22-Apr-2026,102.458,0.189041,1.5338,2.74743,1.21363
22-Apr-2026,107.337,0.189041,0.415402,1.07727,0.661867
22-Apr-2026,112.216,0.189041,0.0764848,0.379481,0.302996
22-Apr-2026,117.095,0.189041,0.0111138,0.139456,0.128343
22-Apr-2026,78.063,0.273973,20.6938,22.095,1.40115
22-Apr-2026,82.942,0.273973,16.1486,17.896,1.74744
22-Apr-2026,87.8209,0.273973,11.8534,13.8982,2.04481
22-Apr-2026,92.6998,0.273973,7.96764,10.1716,2.20392
22-Apr-2026,97.5788,0.273973,4.69883,6.82516,2.12633
22-Apr-2026,102.458,0.273973,2.27448,4.03265,1.75817
22-Apr-2026,107.337,0.273973,0.840833,2.02762,1.18679
22-Apr-2026,112.216,0.273973,0.239925,0.906348,0.666423
22-Apr-2026,117.095,0.273973,0.0585841,0.402667,0.344083
22-Apr-2026,78.063,0.358904,21.1632,22.9939,1.8307
22-Apr-2026,82.942,0.358904,16.7326,18.9108,2.1782
22-Apr-2026,87.8209,0.358904,12.5587,15.0239,2.46521
22-Apr-2026,92.6998,0.358904,8.76722,11.3921,2.62484
22-Apr-2026,97.5788,0.358904,5.51605,8.10075,2.5847
22-Apr-2026,102.458,0.358904,2.98523,5.27444,2.28921
22-Apr-2026,107.337,0.358904,1.32338,3.0744,1.75102
22-Apr-2026,112.216,0.358904,0.482882,1.61774,1.13486
22-Apr-2026,117.095,0.358904,0.156416,0.816479,0.660063
22-Apr-2026,78.063,0.441096,21.6402,23.8488,2.20859
22-Apr-2026,82.942,0.441096,17.305,19.8643,2.55931
22-Apr-2026,87.8209,0.441096,13.2239,16.0716,2.84768
22-Apr-2026,92.6998,0.441096,9.50031,12.5207,3.02037
22-Apr-2026,97.5788,0.441096,6.26177,9.28038,3.01861
22-Apr-2026,102.458,0.441096,3.65763,6.4443,2.78667
22-Apr-2026,107.337,0.441096,1.82714,4.12906,2.30192
22-Apr-2026,112.216,0.441096,0.780818,2.43629,1.65547
22-Apr-2026,117.095,0.441096,0.301893,1.3617,1.0598
22-Apr-2026,78.063,0.523288,22.1718,24.7595,2.58774
22-Apr-2026,82.942,0.523288,17.9259,20.8716,2.94574
22-Apr-2026,87.8209,0.523288,13.9277,17.1706,3.24289
22-Apr-2026,92.6998,0.523288,10.2629,13.6986,3.43572
22-Apr-2026,97.5788,0.523288,7.03689,10.5109,3.47404
22-Apr-2026,102.458,0.523288,4.37482,7.67848,3.30366
22-Apr-2026,107.337,0.523288,2.40189,5.28627,2.88438
22-Apr-2026,112.216,0.523288,1.16126,3.41434,2.25308
22-Apr-2026,117.095,0.523288,0.51439,2.09136,1.57697
22-Apr-2026,78.063,0.608219,22.6711,25.5875,2.91636
22-Apr-2026,82.942,0.608219,18.4978,21.7816,3.28377
22-Apr-2026,87.8209,0.608219,14.5649,18.1578,3.59294
22-Apr-2026,92.6998,0.608219,10.9462,14.7526,3.80637
22-Apr-2026,97.5788,0.608219,7.73206,11.6113,3.87923
22-Apr-2026,102.458,0.608219,5.03043,8.79017,3.75974
22-Apr-2026,107.337,0.608219,2.95314,6.35441,3.40127
22-Apr-2026,112.216,0.608219,1.55746,4.36711,2.80965
22-Apr-2026,117.095,0.608219,0.758888,2.86386,2.10497
22-Apr-2026,78.063,0.693151,23.2155,26.4674,3.25188
22-Apr-2026,82.942,0.693151,19.1125,22.7438,3.63126
22-Apr-2026,87.8209,0.693151,15.2416,19.1972,3.95561
22-Apr-2026,92.6998,0.693151,11.667,15.8586,4.19162
22-Apr-2026,97.5788,0.693151,8.4666,12.7654,4.29882
22-Apr-2026,102.458,0.693151,5.73324,9.96202,4.22878
22-Apr-2026,107.337,0.693151,3.56537,7.49854,3.93317
22-Apr-2026,112.216,0.693151,2.02576,5.42391,3.39815
22-Apr-2026,117.095,0.693151,1.07151,3.77201,2.7005
22-Apr-2026,78.063,0.772603,23.6645,27.1784,3.51391
22-Apr-2026,82.942,0.772603,19.6142,23.5182,3.90398
22-Apr-2026,87.8209,0.772603,15.7895,20.0309,4.24136
22-Apr-2026,92.6998,0.772603,12.2481,16.7436,4.49548
22-Apr-2026,97.5788,0.772603,9.05964,13.6884,4.62877
22-Apr-2026,102.458,0.772603,6.30683,10.9024,4.59559
22-Apr-2026,107.337,0.772603,4.07811,8.4266,4.34849
22-Apr-2026,112.216,0.772603,2.43652,6.30091,3.86439
22-Apr-2026,117.095,0.772603,1.36289,4.55557,3.19268
22-Apr-2026,78.063,0.849315,24.1216,27.8904,3.76877
22-Apr-2026,82.942,0.849315,20.1213,24.2912,4.16993
22-Apr-2026,87.8209,0.849315,16.3401,20.8608,4.52072
22-Apr-2026,92.6998,0.849315,12.8304,17.623,4.7926
22-Apr-2026,97.5788,0.849315,9.65471,14.6053,4.95059
22-Apr-2026,102.458,0.849315,6.88696,11.8388,4.95188
22-Apr-2026,107.337,0.849315,4.60648,9.35741,4.75093
22-Apr-2026,112.216,0.849315,2.87435,7.19378,4.31943
22-Apr-2026,117.095,0.849315,1.68825,5.37411,3.68586
23-Apr-2026,78.2758,0.00273973,19.5756,19.5755,6.50668e-05
23-Apr-2026,83.168,0.00273973,14.6838,14.6837,5.03867e-05
23-Apr-2026,88.0602,0.00273973,9.79193,9.79196,3.42936e-05
23-Apr-2026,92.9525,0.00273973,4.90011,4.90023,0.000116443
23-Apr-2026,97.8447,0.00273973,0.328896,0.50702,0.178124
23-Apr-2026,102.737,0.00273973,3.56637e-08,2.09338e-07,1.73674e-07
23-Apr-2026,78.2758,0.0191781,19.6485,19.6501,0.00160787
23-Apr-2026,83.168,0.0191781,14.7613,14.7743,0.0129753
23-Apr-2026,88.0602,0.0191781,9.87495,9.95737,0.0824244
23-Apr-2026,92.9525,0.0191781,5.05053,5.4112,0.360665
23-Apr-2026,97.8447,0.0191781,1.17892,1.78351,0.604588
23-Apr-2026,102.737,0.0191781,0.0338288,0.145467,0.111638
23-Apr-2026,107.629,0.0191781,1.955e-05,0.00160337,0.00158382
23-Apr-2026,112.521,0.0191781,1.85842e-10,7.78603e-06,7.78584e-06
23-Apr-2026,78.2758,0.0410959,19.7148,19.7442,0.0293526
23-Apr-2026,83.168,0.0410959,14.8324,14.9337,0.101314
23-Apr-2026,88.0602,0.0410959,9.96531,10.2661,0.300756
23-Apr-2026,92.9525,0.0410959,5.28278,5.95476,0.67198
23-Apr-2026,97.8447,0.0410959,1.62524,2.42918,0.803941
23-Apr-2026,102.737,0.0410959,0.151964,0.421152,0.269188
23-Apr-2026,107.629,0.0410959,0.00181103,0.0257089,0.0238979
23-Apr-2026,112.521,0.0410959,2.59156e-06,0.00112763,0.00112504
23-Apr-2026,117.414,0.0410959,9.78209e-10,4.59885e-05,4.59876e-05
23-Apr-2026,78.2758,0.060274,19.7881,19.8978,0.109668
23-Apr-2026,83.168,0.060274,14.9156,15.1791,0.263511
23-Apr-2026,88.0602,0.060274,10.0932,10.6491,0.555905
23-Apr-2026,92.9525,0.060274,5.55815,6.48409,0.925936
23-Apr-2026,97.8447,0.060274,2.02245,2.9933,0.970853
23-Apr-2026,102.737,0.060274,0.324602,0.751722,0.42712
23-Apr-2026,107.629,0.060274,0.0135823,0.0945414,0.0809591
23-Apr-2026,112.521,0.060274,0.000147422,0.0100995,0.0099521
23-Apr-2026,117.414,0.060274,6.91046e-07,0.00106991,0.00106922
23-Apr-2026,78.2758,0.0794521,19.8493,20.0533,0.203965
23-Apr-2026,83.168,0.0794521,14.9909,15.4054,0.414524
23-Apr-2026,88.0602,0.0794521,10.2155,10.9623,0.74679
23-Apr-2026,92.9525,0.0794521,5.78191,6.87425,1.09234
23-Apr-2026,97.8447,0.0794521,2.30767,3.39703,1.08936
23-Apr-2026,102.737,0.0794521,0.478278,1.02767,0.549394
23-Apr-2026,107.629,0.0794521,0.0349232,0.179205,0.144281
23-Apr-2026,112.521,0.0794521,0.000911838,0.0280436,0.0271317
23-Apr-2026,117.414,0.0794521,1.26344e-05,0.00447664,0.004464
23-Apr-2026,78.2758,0.0986301,19.9274,20.2655,0.338141
23-Apr-2026,83.168,0.0986301,15.0928,15.6936,0.600831
23-Apr-2026,88.0602,0.0986301,10.3788,11.3338,0.954956
23-Apr-2026,92.9525,0.0986301,6.04829,7.31344,1.26515
23-Apr-2026,97.8447,0.0986301,2.62497,3.84873,1.22376
23-Apr-2026,102.737,0.0986301,0.67141,1.36688,0.695466
23-Apr-2026,107.629,0.0986301,0.0758866,0.310394,0.234507
23-Apr-2026,112.521,0.0986301,0.00389218,0.0648564,0.0609642
23-Apr-2026,117.414,0.0986301,0.000123443,0.0141187,0.0139953
23-Apr-2026,78.2758,0.186301,20.2884,21.1978,0.909426
23-Apr-2026,83.168,0.186301,15.5848,16.8409,1.25609
23-Apr-2026,88.0602,0.186301,11.0946,12.6924,1.59778
23-Apr-2026,92.9525,0.186301,7.02983,8.83934,1.80951
23-Apr-2026,97.8447,0.186301,3.70128,5.42724,1.72596
23-Apr-2026,102.737,0.186301,1.44304,2.71673,1.27369
23-Apr-2026,107.629,0.186301,0.366133,1.05609,0.689957
23-Apr-2026,112.521,0.186301,0.0623256,0.369361,0.307036
23-Apr-2026,117.414,0.186301,0.00841538,0.134896,0.126481
23-Apr-2026,78.2758,0.271233,20.7074,22.1173,1.40989
23-Apr-2026,83.168,0.271233,16.1345,17.9038,1.76925
23-Apr-2026,88.0602,0.271233,11.8073,13.8922,2.08493
23-Apr-2026,92.9525,0.271233,7.88886,10.1535,2.26461
23-Apr-2026,97.8447,0.271233,4.59569,6.79805,2.20236
23-Apr-2026,102.737,0.271233,2.17046,4.00192,1.83146
23-Apr-2026,107.629,0.271233,0.769236,2.00154,1.2323
23-Apr-2026,112.521,0.271233,0.208735,0.890259,0.681524
23-Apr-2026,117.414,0.271233,0.0486702,0.394131,0.34546
23-Apr-2026,78.2758,0.356164,21.1656,23.0148,1.84915
23-Apr-2026,83.168,0.356164,16.707,18.9177,2.21072
23-Apr-2026,88.0602,0.356164,12.5024,15.0178,2.51544
23-Apr-2026,92.9525,0.356164,8.68113,11.3745,2.69339
23-Apr-2026,97.8447,0.356164,5.40768,8.07447,2.66679
23-Apr-2026,102.737,0.356164,2.87327,5.24365,2.37038
23-Apr-2026,107.629,0.356164,1.2361,3.04532,1.80922
23-Apr-2026,112.521,0.356164,0.435005,1.59619,1.16118
23-Apr-2026,117.414,0.356164,0.136287,0.803184,0.666897
23-Apr-2026,78.2758,0.438356,21.6332,23.8683,2.2351
23-Apr-2026,83.168,0.438356,17.2703,19.8704,2.60007
23-Apr-2026,88.0602,0.438356,13.1602,16.0652,2.90497
23-Apr-2026,92.9525,0.438356,9.40918,12.5033,3.0941
23-Apr-2026,97.8447,0.438356,6.15021,9.25446,3.10425
23-Apr-2026,102.737,0.438356,3.54117,6.4134,2.87223
23-Apr-2026,107.629,0.438356,1.72948,4.09808,2.3686
23-Apr-2026,112.521,0.438356,0.718891,2.41045,1.69156
23-Apr-2026,117.414,0.438356,0.27079,1.34349,1.0727
23-Apr-2026,78.2758,0.520548,22.1561,24.7777,2.62157
23-Apr-2026,83.168,0.520548,17.8833,20.8768,2.99345
23-Apr-2026,88.0602,0.520548,13.8579,17.1637,3.30577
23-Apr-2026,92.9525,0.520548,10.168,13.6811,3.51313
23-Apr-2026,97.8447,0.520548,6.92352,10.4851,3.5616
23-Apr-2026,102.737,0.520548,4.25595,7.64736,3.39141
23-Apr-2026,107.629,0.520548,2.297,5.2538,2.9568
23-Apr-2026,112.521,0.520548,1.08711,3.38494,2.29783
23-Apr-2026,117.414,0.520548,0.471614,2.06813,1.59652
23-Apr-2026,78.2758,0.605479,22.6487,25.6044,2.95568
23-Apr-2026,83.168,0.605479,18.4495,21.7858,3.33629
23-Apr-2026,88.0602,0.605479,14.4909,18.1504,3.65949
23-Apr-2026,92.9525,0.605479,10.8492,14.7348,3.88564
23-Apr-2026,97.8447,0.605479,7.61824,11.5854,3.96715
23-Apr-2026,102.737,0.605479,4.91097,8.75876,3.84779
23-Apr-2026,107.629,0.605479,2.84436,6.32085,3.47649
23-Apr-2026,112.521,0.605479,1.47482,4.33517,2.86035
23-Apr-2026,117.414,0.605479,0.706352,2.8366,2.13024
23-Apr-2026,78.2758,0.690411,23.187,26.483,3.29604
23-Apr-2026,83.168,0.690411,19.0592,22.747,3.68782
23-Apr-2026,88.0602,0.690411,15.1645,19.1891,4.02461
23-Apr-2026,92.9525,0.690411,11.569,15.8405,4.27152
23-Apr-2026,97.8447,0.690411,8.35332,12.7393,4.38595
23-Apr-2026,102.737,0.690411,5.61444,9.9302,4.31576
23-Apr-2026,107.629,0.690411,3.45462,7.46395,4.00933
23-Apr-2026,112.521,0.690411,1.93671,5.38975,3.45304
23-Apr-2026,117.414,0.690411,1.01006,3.74107,2.73101
23-Apr-2026,78.2758,0.769863,23.6319,27.1931,3.56116
23-Apr-2026,83.168,0.769863,19.5579,23.5207,3.96276
23-Apr-2026,88.0602,0.769863,15.7107,20.0222,4.3115
23-Apr-2026,92.9525,0.769863,12.1499,16.7251,4.5752
23-Apr-2026,97.8447,0.769863,8.94745,13.662,4.71453
23-Apr-2026,102.737,0.769863,6.18935,10.8702,4.68087
23-Apr-2026,107.629,0.769863,3.96708,8.39122,4.42414
23-Apr-2026,112.521,0.769863,2.34404,6.26521,3.92117
23-Apr-2026,117.414,0.769863,1.29557,4.52206,3.22649
23-Apr-2026,78.2758,0.846575,24.0856,27.904,3.81842
23-Apr-2026,83.168,0.846575,20.0625,24.2929,4.23041
23-Apr-2026,88.0602,0.846575,16.2603,20.8516,4.59126
23-Apr-2026,92.9525,0.846575,12.7326,17.6041,4.87148
23-Apr-2026,97.8447,0.846575,9.54413,14.5785,5.03437
23-Apr-2026,102.737,0.846575,6.7714,11.8062,5.03479
23-Apr-2026,107.629,0.846575,4.49612,9.32126,4.82514
23-Apr-2026,112.521,0.846575,2.77984,7.15669,4.37685
23-Apr-2026,117.414,0.846575,1.61632,5.33834,3.72202
24-Apr-2026,77.4424,0.0164384,19.4339,19.4348,0.000907839
24-Apr-2026,82.2825,0.0164384,14.5983,14.6072,0.00887922
24-Apr-2026,87.1227,0.0164384,9.76331,9.82776,0.0644473
24-Apr-2026,91.9628,0.0164384,4.97928,5.29829,0.319013
24-Apr-2026,96.803,0.0164384,1.12119,1.6889,0.56771
24-Apr-2026,101.643,0.0164384,0.0268007,0.120353,0.0935523
24-Apr-2026,106.483,0.0164384,9.49763e-06,0.000950629,0.000941131
24-Apr-2026,111.323,0.0164384,3.81626e-11,2.98176e-06,2.98172e-06
24-Apr-2026,77.4424,0.0383562,19.5004,19.5248,0.02437
24-Apr-2026,82.2825,0.0383562,14.6695,14.7578,0.0882623
24-Apr-2026,87.1227,0.0383562,9.85193,10.1255,0.273616
24-Apr-2026,91.9628,0.0383562,5.20786,5.84243,0.634574
24-Apr-2026,96.803,0.0383562,1.57839,2.34838,0.769992
24-Apr-2026,101.643,0.0383562,0.140456,0.388325,0.247869
24-Apr-2026,106.483,0.0383562,0.00148823,0.0214452,0.019957
24-Apr-2026,111.323,0.0383562,1.7181e-06,0.000828811,0.000827092
24-Apr-2026,116.164,0.0383562,4.82763e-10,2.95057e-05,2.95052e-05
24-Apr-2026,77.4424,0.0575342,19.574,19.6734,0.0993995
24-Apr-2026,82.2825,0.0575342,14.7525,14.9969,0.244416
24-Apr-2026,87.1227,0.0575342,9.97807,10.5042,0.526132
24-Apr-2026,91.9628,0.0575342,5.48296,6.37314,0.890178
24-Apr-2026,96.803,0.0575342,1.98055,2.91691,0.93636
24-Apr-2026,101.643,0.0575342,0.31213,0.714773,0.402643
24-Apr-2026,106.483,0.0575342,0.0125541,0.0858492,0.0732951
24-Apr-2026,111.323,0.0575342,0.000125975,0.00867458,0.00854861
24-Apr-2026,116.164,0.0575342,5.26213e-07,0.000865647,0.000865121
24-Apr-2026,77.4424,0.0767123,19.6353,19.8257,0.19039
24-Apr-2026,82.2825,0.0767123,14.8275,15.22,0.392543
24-Apr-2026,87.1227,0.0767123,10.0994,10.8155,0.716119
24-Apr-2026,91.9628,0.0767123,5.70707,6.76359,1.05652
24-Apr-2026,96.803,0.0767123,2.26801,3.32143,1.05342
24-Apr-2026,101.643,0.0767123,0.465986,0.988066,0.52208
24-Apr-2026,106.483,0.0767123,0.0334286,0.167287,0.133858
24-Apr-2026,111.323,0.0767123,0.000838516,0.0253033,0.0244648
24-Apr-2026,116.164,0.0767123,1.09024e-05,0.00389404,0.00388313
24-Apr-2026,77.4424,0.0958904,19.7134,20.035,0.321566
24-Apr-2026,82.2825,0.0958904,14.929,15.5055,0.576515
24-Apr-2026,87.1227,0.0958904,10.2622,11.1853,0.923078
24-Apr-2026,91.9628,0.0958904,5.97398,7.20229,1.22831
24-Apr-2026,96.803,0.0958904,2.58704,3.77262,1.18558
24-Apr-2026,101.643,0.0958904,0.659697,1.32432,0.664619
24-Apr-2026,106.483,0.0958904,0.0741437,0.294889,0.220745
24-Apr-2026,111.323,0.0958904,0.00373256,0.0603278,0.0565952
24-Apr-2026,116.164,0.0958904,0.000114403,0.0128391,0.0127247
24-Apr-2026,77.4424,0.183562,20.0744,20.9596,0.885154
24-Apr-2026,82.2825,0.183562,15.4204,16.6454,1.22498
24-Apr-2026,87.1227,0.183562,10.9777,12.5373,1.55959
24-Apr-2026,91.9628,0.183562,6.95697,8.72206,1.76509
24-Apr-2026,96.803,0.183562,3.66628,5.34405,1.67777
24-Apr-2026,101.643,0.183562,1.43395,2.6636,1.22965
24-Apr-2026,106.483,0.183562,0.366007,1.028,0.661996
24-Apr-2026,111.323,0.183562,0.0624998,0.357016,0.294516
24-Apr-2026,116.164,0.183562,0.00841444,0.129562,0.121147
24-Apr-2026,77.4424,0.268493,20.4937,21.8731,1.37941
24-Apr-2026,82.2825,0.268493,15.9703,17.7018,1.73145
24-Apr-2026,87.1227,0.268493,11.6907,13.7301,2.03935
24-Apr-2026,91.9628,0.268493,7.8166,10.0284,2.21182
24-Apr-2026,96.803,0.268493,4.56164,6.70636,2.14472
24-Apr-2026,101.643,0.268493,2.16329,3.93938,1.77609
24-Apr-2026,106.483,0.268493,0.772208,1.96305,1.19084
24-Apr-2026,111.323,0.268493,0.210901,0.86951,0.658609
24-Apr-2026,116.164,0.268493,0.049305,0.383618,0.334313
24-Apr-2026,77.4424,0.353425,20.9525,22.7649,1.8124
24-Apr-2026,82.2825,0.353425,16.5432,18.7093,2.1661
24-Apr-2026,87.1227,0.353425,12.3862,14.8485,2.46229
24-Apr-2026,91.9628,0.353425,8.60914,11.2416,2.63244
24-Apr-2026,96.803,0.353425,5.37406,7.97432,2.60026
24-Apr-2026,101.643,0.353425,2.8675,5.17226,2.30476
24-Apr-2026,106.483,0.353425,1.24228,2.9977,1.75542
24-Apr-2026,111.323,0.353425,0.440356,1.56704,1.12669
24-Apr-2026,116.164,0.353425,0.138576,0.78655,0.647974
24-Apr-2026,77.4424,0.435616,21.4207,23.613,2.19232
24-Apr-2026,82.2825,0.435616,17.1069,19.6558,2.54888
24-Apr-2026,87.1227,0.435616,13.0442,15.8889,2.84474
24-Apr-2026,91.9628,0.435616,9.33729,12.3628,3.02551
24-Apr-2026,96.803,0.435616,6.11678,9.14628,3.0295
24-Apr-2026,101.643,0.435616,3.53643,6.33374,2.79731
24-Apr-2026,106.483,0.435616,1.73855,4.04222,2.30367
24-Apr-2026,111.323,0.435616,0.727967,2.37352,1.64556
24-Apr-2026,116.164,0.435616,0.275645,1.32044,1.0448
24-Apr-2026,77.4424,0.517808,21.9442,24.5166,2.57236
24-Apr-2026,82.2825,0.517808,17.7204,20.6556,2.93518
24-Apr-2026,87.1227,0.517808,13.7421,16.9801,3.23802
24-Apr-2026,91.9628,0.517808,10.0962,13.5327,3.43648
24-Apr-2026,96.803,0.517808,6.89017,10.3685,3.47832
24-Apr-2026,101.643,0.517808,4.25205,7.55903,3.30698
24-Apr-2026,106.483,0.517808,2.30885,5.18939,2.88054
24-Apr-2026,111.323,0.517808,1.10052,3.33995,2.23943
24-Apr-2026,116.164,0.517808,0.480158,2.03801,1.55785
24-Apr-2026,77.4424,0.60274,22.4372,25.3379,2.90074
24-Apr-2026,82.2825,0.60274,18.2869,21.5586,3.27172
24-Apr-2026,87.1227,0.60274,14.3753,17.9602,3.5849
24-Apr-2026,91.9628,0.60274,10.7773,14.5792,3.8019
24-Apr-2026,96.803,0.60274,7.58487,11.4612,3.87629
24-Apr-2026,101.643,0.60274,4.90765,8.66264,3.75499
24-Apr-2026,106.483,0.60274,2.85843,6.24876,3.39033
24-Apr-2026,111.323,0.60274,1.49223,4.28292,2.79069
24-Apr-2026,116.164,0.60274,0.718943,2.79997,2.08103
24-Apr-2026,77.4424,0.687671,22.976,26.2109,3.2349
24-Apr-2026,82.2825,0.687671,18.897,22.5135,3.61647
24-Apr-2026,87.1227,0.687671,15.049,18.9919,3.94291
24-Apr-2026,91.9628,0.687671,11.4969,15.6773,4.1804
24-Apr-2026,96.803,0.687671,8.31986,12.607,4.28718
24-Apr-2026,101.643,0.687671,5.6116,9.82589,4.21429
24-Apr-2026,106.483,0.687671,3.47075,7.38376,3.91301
24-Apr-2026,111.323,0.687671,1.95824,5.32982,3.37158
24-Apr-2026,116.164,0.687671,1.02747,3.69746,2.66999
24-Apr-2026,77.4424,0.767123,23.4213,26.9163,3.49501
24-Apr-2026,82.2825,0.767123,19.3958,23.282,3.88616
24-Apr-2026,87.1227,0.767123,15.5952,19.8193,4.22413
24-Apr-2026,91.9628,0.767123,12.0778,16.5558,4.47799
24-Apr-2026,96.803,0.767123,8.91387,13.5233,4.60947
24-Apr-2026,101.643,0.767123,6.18679,10.7593,4.57254
24-Apr-2026,106.483,0.767123,3.98465,8.3045,4.31985
24-Apr-2026,111.323,0.767123,2.36873,6.19904,3.83031
24-Apr-2026,116.164,0.767123,1.3171,4.47273,3.15563
24-Apr-2026,77.4424,0.843836,23.8753,27.6226,3.74732
24-Apr-2026,82.2825,0.843836,19.9006,24.049,4.14844
24-Apr-2026,87.1227,0.843836,16.1448,20.6431,4.49825
24-Apr-2026,91.9628,0.843836,12.6603,17.4287,4.7684
24-Apr-2026,96.803,0.843836,9.51037,14.4335,4.92311
24-Apr-2026,101.643,0.843836,6.76904,11.6887,4.91971
24-Apr-2026,106.483,0.843836,4.51495,9.22802,4.71307
24-Apr-2026,111.323,0.843836,2.80747,7.08425,4.27678
24-Apr-2026,116.164,0.843836,1.64206,5.2832,3.64114
27-Apr-2026,77.3734,0.00821918,19.363,19.3629,8.27975e-05
27-Apr-2026,82.2092,0.00821918,14.5284,14.5283,5.64592e-05
27-Apr-2026,87.0451,0.00821918,9.69374,9.69382,7.97517e-05
27-Apr-2026,91.8809,0.00821918,4.85945,4.88341,0.0239574
27-Apr-2026,96.7167,0.00821918,0.583834,0.872489,0.288655
27-Apr-2026,101.553,0.00821918,4.65273e-05,0.00166731,0.00162078
27-Apr-2026,106.388,0.00821918,1.28097e-15,4.53414e-10,4.53413e-10
27-Apr-2026,111.224,0.00821918,6.78643e-16,1.34924e-15,6.70594e-16
27-Apr-2026,116.06,0.00821918,6.76467e-16,1.31964e-15,6.43174e-16
27-Apr-2026,77.3734,0.030137,19.4479,19.4554,0.00749469
27-Apr-2026,82.2092,0.030137,14.6187,14.6568,0.0380997
27-Apr-2026,87.0451,0.030137,9.79449,9.95452,0.160028
27-Apr-2026,91.8809,0.030137,5.09024,5.57041,0.48017
27-Apr-2026,96.7167,0.030137,1.39038,2.04079,0.650411
27-Apr-2026,101.553,0.030137,0.0845282,0.246996,0.162468
27-Apr-2026,106.388,0.030137,0.000354583,0.00690442,0.00654983
27-Apr-2026,111.224,0.030137,8.1362e-08,0.000112021,0.00011194
27-Apr-2026,116.06,0.030137,2.67565e-12,1.56978e-06,1.56978e-06
27-Apr-2026,77.3734,0.0493151,19.5067,19.5526,0.0459165
27-Apr-2026,82.2092,0.0493151,14.6829,14.822,0.139137
27-Apr-2026,87.0451,0.0493151,9.88519,10.2489,0.363739
27-Apr-2026,91.8809,0.0493151,5.31478,6.03501,0.720231
27-Apr-2026,96.7167,0.0493151,1.7627,2.56336,0.800658
27-Apr-2026,101.553,0.0493151,0.216685,0.503859,0.287174
27-Apr-2026,106.388,0.0493151,0.00499838,0.0397401,0.0347417
27-Apr-2026,111.224,0.0493151,1.9411e-05,0.00239939,0.00237998
27-Apr-2026,116.06,0.0493151,2.31077e-08,0.000137949,0.000137926
27-Apr-2026,77.3734,0.0684932,19.5795,19.7166,0.137083
27-Apr-2026,82.2092,0.0684932,14.7685,15.0764,0.307918
27-Apr-2026,87.0451,0.0684932,10.0233,10.6294,0.606124
27-Apr-2026,91.8809,0.0684932,5.59565,6.54089,0.945244
27-Apr-2026,96.7167,0.0684932,2.146,3.09562,0.949623
27-Apr-2026,101.553,0.0684932,0.405062,0.833312,0.42825
27-Apr-2026,106.388,0.0684932,0.0243925,0.118799,0.0944061
27-Apr-2026,111.224,0.0684932,0.000447851,0.0147214,0.0142735
27-Apr-2026,116.06,0.0684932,3.77304e-06,0.00182967,0.0018259
27-Apr-2026,77.3734,0.0876712,19.6409,19.8766,0.235689
27-Apr-2026,82.2092,0.0876712,14.8467,15.3039,0.45725
27-Apr-2026,87.0451,0.0876712,10.152,10.9365,0.784512
27-Apr-2026,91.8809,0.0876712,5.82088,6.91616,1.09528
27-Apr-2026,96.7167,0.0876712,2.42438,3.48271,1.05833
27-Apr-2026,101.553,0.0876712,0.56684,1.10665,0.539813
27-Apr-2026,106.388,0.0876712,0.0536182,0.209673,0.156055
27-Apr-2026,111.224,0.0876712,0.0020116,0.0360049,0.0339933
27-Apr-2026,116.06,0.0876712,4.14101e-05,0.00635321,0.0063118
27-Apr-2026,77.3734,0.175342,20.0057,20.824,0.818344
27-Apr-2026,82.2092,0.175342,15.3463,16.4939,1.14761
27-Apr-2026,87.0451,0.175342,10.8974,12.3708,1.47341
27-Apr-2026,91.8809,0.175342,6.87583,8.5442,1.66837
27-Apr-2026,96.7167,0.175342,3.59831,5.16397,1.56566
27-Apr-2026,101.553,0.175342,1.39376,2.50389,1.11013
27-Apr-2026,106.388,0.175342,0.350426,0.926575,0.576149
27-Apr-2026,111.224,0.175342,0.0579801,0.309898,0.251918
27-Apr-2026,116.06,0.175342,0.00740813,0.108784,0.101376
27-Apr-2026,77.3734,0.260274,20.4193,21.7344,1.31514
27-Apr-2026,82.2092,0.260274,15.894,17.5517,1.65769
27-Apr-2026,87.0451,0.260274,11.615,13.5693,1.95433
27-Apr-2026,91.8809,0.260274,7.74719,9.85943,2.11224
27-Apr-2026,96.7167,0.260274,4.50738,6.53505,2.02767
27-Apr-2026,101.553,0.260274,2.13073,3.77918,1.64845
27-Apr-2026,106.388,0.260274,0.757708,1.83923,1.08152
27-Apr-2026,111.224,0.260274,0.205075,0.795536,0.590461
27-Apr-2026,116.06,0.260274,0.0470823,0.344899,0.297817
27-Apr-2026,77.3734,0.345205,20.8749,22.6242,1.74931
27-Apr-2026,82.2092,0.345205,16.4665,18.5593,2.09284
27-Apr-2026,87.0451,0.345205,12.3134,14.69,2.37656
27-Apr-2026,91.8809,0.345205,8.54522,11.0765,2.53124
27-Apr-2026,96.7167,0.345205,5.32479,7.80717,2.48238
27-Apr-2026,101.553,0.345205,2.83651,5.01213,2.17562
27-Apr-2026,106.388,0.345205,1.22695,2.8616,1.63465
27-Apr-2026,111.224,0.345205,0.433519,1.47038,1.03686
27-Apr-2026,116.06,0.345205,0.135417,0.728054,0.592637
27-Apr-2026,77.3734,0.427397,21.3408,23.4705,2.12972
27-Apr-2026,82.2092,0.427397,17.0297,19.5053,2.4756
27-Apr-2026,87.0451,0.427397,12.9724,15.7312,2.7588
27-Apr-2026,91.8809,0.427397,9.27482,12.1996,2.92479
27-Apr-2026,96.7167,0.427397,6.0677,8.98139,2.91369
27-Apr-2026,101.553,0.427397,3.50316,6.17374,2.67058
27-Apr-2026,106.388,0.427397,1.71982,3.8993,2.17948
27-Apr-2026,111.224,0.427397,0.718805,2.26058,1.54178
27-Apr-2026,116.06,0.427397,0.271216,1.24307,0.971852
27-Apr-2026,77.3734,0.509589,21.8392,24.3335,2.4943
27-Apr-2026,82.2092,0.509589,17.6153,20.4615,2.84622
27-Apr-2026,87.0451,0.509589,13.6395,16.7761,3.13656
27-Apr-2026,91.8809,0.509589,10.0001,13.3208,3.3207
27-Apr-2026,96.7167,0.509589,6.80524,10.153,3.34774
27-Apr-2026,101.553,0.509589,4.18294,7.34675,3.16381
27-Apr-2026,106.388,0.509589,2.25898,4.9924,2.73342
27-Apr-2026,111.224,0.509589,1.0696,3.17203,2.10243
27-Apr-2026,116.06,0.509589,0.463211,1.91004,1.44683
27-Apr-2026,77.3734,0.594521,22.3524,25.1919,2.83945
27-Apr-2026,82.2092,0.594521,18.2058,21.4063,3.20046
27-Apr-2026,87.0451,0.594521,14.2999,17.8024,3.5025
27-Apr-2026,91.8809,0.594521,10.7099,14.4175,3.70759
27-Apr-2026,96.7167,0.594521,7.52763,11.2983,3.77064
27-Apr-2026,101.553,0.594521,4.86226,8.50248,3.64022
27-Apr-2026,106.388,0.594521,2.82587,6.09838,3.27251
27-Apr-2026,111.224,0.594521,1.47186,4.14987,2.67801
27-Apr-2026,116.06,0.594521,0.707707,2.69181,1.98411
27-Apr-2026,77.3734,0.679452,22.8652,26.0265,3.16127
27-Apr-2026,82.2092,0.679452,18.7868,22.32,3.53322
27-Apr-2026,87.0451,0.679452,14.9413,18.7905,3.84919
27-Apr-2026,91.8809,0.679452,11.3943,15.4698,4.07548
27-Apr-2026,96.7167,0.679452,8.22503,12.3965,4.17151
27-Apr-2026,101.553,0.679452,5.5281,9.61672,4.08862
27-Apr-2026,106.388,0.679452,3.40266,7.18332,3.78066
27-Apr-2026,111.224,0.679452,1.90881,5.14615,3.23734
27-Apr-2026,116.06,0.679452,0.995913,3.53962,2.54371
27-Apr-2026,77.3734,0.758904,23.3299,26.767,3.43708
27-Apr-2026,82.2092,0.758904,19.3075,23.1274,3.8199
27-Apr-2026,87.0451,0.758904,15.5113,19.6604,4.14909
27-Apr-2026,91.8809,0.758904,11.9995,16.3938,4.39433
27-Apr-2026,96.7167,0.758904,8.84276,13.3605,4.51774
27-Apr-2026,101.553,0.758904,6.12454,10.5983,4.47372
27-Apr-2026,106.388,0.758904,3.93349,8.15005,4.21656
27-Apr-2026,111.224,0.758904,2.33079,6.05585,3.72506
27-Apr-2026,116.06,0.758904,1.29231,4.34661,3.0543
27-Apr-2026,77.3734,0.835616,23.7801,27.4718,3.69172
27-Apr-2026,82.2092,0.835616,19.808,23.8934,4.08537
27-Apr-2026,87.0451,0.835616,16.0556,20.4834,4.42776
27-Apr-2026,91.8809,0.835616,12.5757,17.2663,4.69058
27-Apr-2026,96.7167,0.835616,9.43169,14.2703,4.83859
27-Apr-2026,101.553,0.835616,6.698,11.527,4.82904
27-Apr-2026,106.388,0.835616,4.45415,9.072,4.61785
27-Apr-2026,111.224,0.835616,2.75986,6.93774,4.17788
27-Apr-2026,116.06,0.835616,1.60886,5.15123,3.54237
28-Apr-2026,77.3617,0.00547945,19.3534,19.3535,9.90222e-05
28-Apr-2026,82.1968,0.00547945,14.5191,14.5192,0.00011146
28-Apr-2026,87.0319,0.00547945,9.68484,9.68493,8.79371e-05
28-Apr-2026,91.8671,0.00547945,4.85057,4.85641,0.00583606
28-Apr-2026,96.7022,0.00547945,0.48856,0.710688,0.222128
28-Apr-2026,101.537,0.00547945,2.07179e-06,0.000150143,0.000148072
28-Apr-2026,106.372,0.00547945,2.46364e-15,4.9678e-14,4.72143e-14
28-Apr-2026,111.207,0.00547945,2.44724e-15,-3.64342e-15,6.09066e-15
28-Apr-2026,116.043,0.00547945,2.48052e-15,-3.74306e-15,6.22358e-15
28-Apr-2026,77.3617,0.0273973,19.4379,19.4434,0.0055248
28-Apr-2026,82.1968,0.0273973,14.6089,14.6394,0.0305423
28-Apr-2026,87.0319,0.0273973,9.78452,9.92282,0.138302
28-Apr-2026,91.8671,0.0273973,5.07759,5.51432,0.436733
28-Apr-2026,96.7022,0.0273973,1.38153,1.97408,0.592551
28-Apr-2026,101.537,0.0273973,0.0850068,0.220145,0.135138
28-Apr-2026,106.372,0.0273973,0.000378483,0.00509678,0.0047183
28-Apr-2026,111.207,0.0273973,8.58626e-08,6.49318e-05,6.4846e-05
28-Apr-2026,116.043,0.0273973,2.33037e-12,7.00617e-07,7.00614e-07
28-Apr-2026,77.3617,0.0465753,19.4963,19.5363,0.0399579
28-Apr-2026,82.1968,0.0465753,14.6727,14.7981,0.12539
28-Apr-2026,87.0319,0.0465753,9.8756,10.2124,0.336823
28-Apr-2026,91.8671,0.0465753,5.31006,5.98406,0.674001
28-Apr-2026,96.7022,0.0465753,1.77215,2.50917,0.737022
28-Apr-2026,101.537,0.0465753,0.226665,0.47428,0.247615
28-Apr-2026,106.372,0.0465753,0.00583383,0.0345612,0.0287274
28-Apr-2026,111.207,0.0465753,2.52397e-05,0.00189243,0.00186719
28-Apr-2026,116.043,0.0465753,3.08849e-08,9.79219e-05,9.7891e-05
28-Apr-2026,77.3617,0.0657534,19.5687,19.6958,0.127139
28-Apr-2026,82.1968,0.0657534,14.7584,15.0483,0.28994
28-Apr-2026,87.0319,0.0657534,10.0166,10.5921,0.575456
28-Apr-2026,91.8671,0.0657534,5.60113,6.49505,0.893916
28-Apr-2026,96.7022,0.0657534,2.17071,3.04889,0.878182
28-Apr-2026,101.537,0.0657534,0.4278,0.802661,0.374861
28-Apr-2026,106.372,0.0657534,0.0286077,0.109943,0.0813349
28-Apr-2026,111.207,0.0657534,0.00059071,0.0130033,0.0124126
28-Apr-2026,116.043,0.0657534,5.35515e-06,0.00153658,0.00153122
28-Apr-2026,77.3617,0.0849315,19.6299,19.8535,0.223555
28-Apr-2026,82.1968,0.0849315,14.8374,15.2743,0.436917
28-Apr-2026,87.0319,0.0849315,10.1489,10.8996,0.750713
28-Apr-2026,91.8671,0.0849315,5.83403,6.87325,1.03922
28-Apr-2026,96.7022,0.0849315,2.45881,3.4394,0.980585
28-Apr-2026,101.537,0.0849315,0.599415,1.07556,0.476147
28-Apr-2026,106.372,0.0849315,0.0623716,0.198367,0.135996
28-Apr-2026,111.207,0.0849315,0.00261099,0.0330726,0.0304616
28-Apr-2026,116.043,0.0849315,5.81129e-05,0.00565157,0.00559346
28-Apr-2026,77.3617,0.172603,19.9984,20.7965,0.798136
28-Apr-2026,82.1968,0.172603,15.3477,16.4629,1.11524
28-Apr-2026,87.0319,0.172603,10.9157,12.3367,1.42098
28-Apr-2026,91.8671,0.172603,6.91925,8.50756,1.58831
28-Apr-2026,96.7022,0.172603,3.66688,5.1269,1.46002
28-Apr-2026,101.537,0.172603,1.46612,2.47172,1.0056
28-Apr-2026,106.372,0.172603,0.392047,0.906409,0.514362
28-Apr-2026,111.207,0.172603,0.0697028,0.300789,0.231086
28-Apr-2026,116.043,0.172603,0.00944616,0.10482,0.0953735
28-Apr-2026,77.3617,0.257534,20.4197,21.7057,1.28605
28-Apr-2026,82.1968,0.257534,15.9086,17.5205,1.6119
28-Apr-2026,87.0319,0.257534,11.6511,13.5359,1.88482
28-Apr-2026,91.8671,0.257534,7.81119,9.82418,2.01299
28-Apr-2026,96.7022,0.257534,4.59799,6.49937,1.90138
28-Apr-2026,101.537,0.257534,2.22991,3.74646,1.51655
28-Apr-2026,106.372,0.257534,0.830442,1.81399,0.983549
28-Apr-2026,111.207,0.257534,0.237378,0.780818,0.54344
28-Apr-2026,116.043,0.257534,0.0570606,0.337256,0.280195
28-Apr-2026,77.3617,0.342466,20.8846,22.5946,1.71001
28-Apr-2026,82.1968,0.342466,16.4939,18.5277,2.03379
28-Apr-2026,87.0319,0.342466,12.3652,14.6565,2.29132
28-Apr-2026,91.8671,0.342466,8.62601,11.0415,2.41554
28-Apr-2026,96.7022,0.342466,5.43307,7.77189,2.33882
28-Apr-2026,101.537,0.342466,2.95686,4.97897,2.02211
28-Apr-2026,106.372,0.342466,1.32698,2.83333,1.50635
28-Apr-2026,111.207,0.342466,0.490274,1.4507,0.960427
28-Apr-2026,116.043,0.342466,0.159171,0.716231,0.55706
28-Apr-2026,77.3617,0.424658,21.3598,23.4401,2.0803
28-Apr-2026,82.1968,0.424658,17.0688,19.4731,2.40429
28-Apr-2026,87.0319,0.424658,13.0375,15.6975,2.65998
28-Apr-2026,91.8671,0.424658,9.36969,12.1646,2.79496
28-Apr-2026,96.7022,0.424658,6.19061,8.94612,2.75551
28-Apr-2026,101.537,0.424658,3.64067,6.14017,2.4995
28-Apr-2026,106.372,0.424658,1.84284,3.86915,2.02631
28-Apr-2026,111.207,0.424658,0.800117,2.23715,1.43703
28-Apr-2026,116.043,0.424658,0.312391,1.2271,0.914709
28-Apr-2026,77.3617,0.506849,21.8678,24.3023,2.43446
28-Apr-2026,82.1968,0.506849,17.6658,20.4287,2.76288
28-Apr-2026,87.0319,0.506849,13.7171,16.7419,3.02481
28-Apr-2026,91.8671,0.506849,10.1079,13.2856,3.17769
28-Apr-2026,96.7022,0.506849,6.94149,10.1175,3.17605
28-Apr-2026,101.537,0.506849,4.33581,7.31272,2.97691
28-Apr-2026,106.372,0.506849,2.40279,4.96085,2.55806
28-Apr-2026,111.207,0.506849,1.17576,3.1457,1.96994
28-Apr-2026,116.043,0.506849,0.525219,1.89016,1.36494
28-Apr-2026,77.3617,0.591781,22.3904,25.1598,2.7694
28-Apr-2026,82.1968,0.591781,18.2672,21.3728,3.10557
28-Apr-2026,87.0319,0.591781,14.3892,17.7677,3.37854
28-Apr-2026,91.8671,0.591781,10.8297,14.3819,3.55222
28-Apr-2026,96.7022,0.591781,7.67599,11.2625,3.58652
28-Apr-2026,101.537,0.591781,5.02883,8.46795,3.43912
28-Apr-2026,106.372,0.591781,2.98811,6.06572,3.07761
28-Apr-2026,111.207,0.591781,1.60172,4.12132,2.5196
28-Apr-2026,116.043,0.591781,0.792388,2.66862,1.87624
28-Apr-2026,77.3617,0.676712,22.9121,25.9936,3.08154
28-Apr-2026,82.1968,0.676712,18.8581,22.2859,3.42776
28-Apr-2026,87.0319,0.676712,15.0412,18.7553,3.71409
28-Apr-2026,91.8671,0.676712,11.5248,15.4338,3.90898
28-Apr-2026,96.7022,0.676712,8.38427,12.3604,3.97611
28-Apr-2026,101.537,0.676712,5.70682,9.58166,3.87484
28-Apr-2026,106.372,0.676712,3.58103,7.14971,3.56868
28-Apr-2026,111.207,0.676712,2.06031,5.1159,3.05559
28-Apr-2026,116.043,0.676712,1.10358,3.51376,2.41018
28-Apr-2026,77.3617,0.756164,23.3845,26.7335,3.34896
28-Apr-2026,82.1968,0.756164,19.3874,23.0926,3.70523
28-Apr-2026,87.0319,0.756164,15.6201,19.6247,4.00458
28-Apr-2026,91.8671,0.756164,12.139,16.3574,4.21838
28-Apr-2026,96.7022,0.756164,9.01107,13.3239,4.31284
28-Apr-2026,101.537,0.756164,6.31327,10.5627,4.24943
28-Apr-2026,106.372,0.756164,4.12493,8.11565,3.99072
28-Apr-2026,111.207,0.756164,2.50022,6.0243,3.52408
28-Apr-2026,116.043,0.756164,1.42053,4.31875,2.89822
28-Apr-2026,77.3617,0.832877,23.842,27.4376,3.59564
28-Apr-2026,82.1968,0.832877,19.8957,23.858,3.96232
28-Apr-2026,87.0319,0.832877,16.1725,20.4471,4.27462
28-Apr-2026,91.8671,0.832877,12.7234,17.2294,4.50597
28-Apr-2026,96.7022,0.832877,9.60822,14.2332,4.62502
28-Apr-2026,101.537,0.832877,6.89571,11.4909,4.59524
28-Apr-2026,106.372,0.832877,4.65713,9.03688,4.37975
28-Apr-2026,111.207,0.832877,2.94523,6.90508,3.95985
28-Apr-2026,116.043,0.832877,1.75637,5.12171,3.36534
29-Apr-2026,77.303,0.00273973,19.3322,19.3322,1.87646e-05
29-Apr-2026,86.9658,0.00273973,9.67016,9.67019,3.13837e-05
29-Apr-2026,91.7973,0.00273973,4.83913,4.83924,0.000112123
29-Apr-2026,96.6287,0.00273973,0.347227,0.500672,0.153445
29-Apr-2026,101.46,0.00273973,9.65143e-09,2.06867e-07,1.97216e-07
29-Apr-2026,77.303,0.0246575,19.4164,19.4202,0.00382576
29-Apr-2026,82.1344,0.0246575,14.5907,14.6144,0.0236568
29-Apr-2026,86.9658,0.0246575,9.76855,9.88636,0.117814
29-Apr-2026,91.7973,0.0246575,5.05393,5.45476,0.400827
29-Apr-2026,96.6287,0.0246575,1.34615,1.90437,0.558221
29-Apr-2026,101.46,0.0246575,0.0767244,0.19372,0.116995
29-Apr-2026,106.292,0.0246575,0.000285952,0.00362019,0.00333424
29-Apr-2026,111.123,0.0246575,4.60328e-08,3.5001e-05,3.4955e-05
29-Apr-2026,115.954,0.0246575,7.47926e-13,2.80779e-07,2.80778e-07
29-Apr-2026,77.303,0.0438356,19.4747,19.5089,0.034181
29-Apr-2026,82.1344,0.0438356,14.6541,14.7662,0.112085
29-Apr-2026,86.9658,0.0438356,9.85806,10.1704,0.312368
29-Apr-2026,91.7973,0.0438356,5.28842,5.9295,0.641085
29-Apr-2026,96.6287,0.0438356,1.75062,2.45297,0.702353
29-Apr-2026,101.46,0.0438356,0.21998,0.444576,0.224596
29-Apr-2026,106.292,0.0438356,0.00548546,0.0297404,0.024255
29-Apr-2026,111.123,0.0438356,2.19313e-05,0.00146456,0.00144263
29-Apr-2026,115.954,0.0438356,2.31337e-08,6.76767e-05,6.76536e-05
29-Apr-2026,77.303,0.0630137,19.5468,19.6641,0.117295
29-Apr-2026,82.1344,0.0630137,14.7392,15.0121,0.272909
29-Apr-2026,86.9658,0.0630137,9.99879,10.549,0.550168
29-Apr-2026,91.7973,0.0630137,5.58425,6.44568,0.861433
29-Apr-2026,96.6287,0.0630137,2.1599,3.00053,0.840635
29-Apr-2026,101.46,0.0630137,0.426138,0.771676,0.345538
29-Apr-2026,106.292,0.0630137,0.0287453,0.101346,0.0726008
29-Apr-2026,111.123,0.0630137,0.000590529,0.0114095,0.010819
29-Apr-2026,115.954,0.0630137,5.14628e-06,0.00127929,0.00127415
29-Apr-2026,77.303,0.0821918,19.6078,19.8193,0.211531
29-Apr-2026,82.1344,0.0821918,14.818,15.2365,0.418476
29-Apr-2026,86.9658,0.0821918,10.132,10.8569,0.724949
29-Apr-2026,91.7973,0.0821918,5.82124,6.82691,1.00567
29-Apr-2026,96.6287,0.0821918,2.45467,3.39458,0.939912
29-Apr-2026,101.46,0.0821918,0.60247,1.04406,0.441586
29-Apr-2026,106.292,0.0821918,0.0638913,0.187254,0.123362
29-Apr-2026,111.123,0.0821918,0.00271306,0.0302706,0.0275575
29-Apr-2026,115.954,0.0821918,5.98558e-05,0.00500578,0.00494592
29-Apr-2026,77.303,0.169863,19.9769,20.7583,0.781396
29-Apr-2026,82.1344,0.169863,15.332,16.4239,1.09194
29-Apr-2026,86.9658,0.169863,10.9088,12.297,1.38817
29-Apr-2026,91.7973,0.169863,6.92529,8.46771,1.54242
29-Apr-2026,96.6287,0.169863,3.68717,5.08849,1.40132
29-Apr-2026,101.46,0.169863,1.49297,2.43899,0.946017
29-Apr-2026,106.292,0.169863,0.409532,0.886323,0.476791
29-Apr-2026,111.123,0.169863,0.0749684,0.291802,0.216834
29-Apr-2026,115.954,0.169863,0.0103731,0.100977,0.0906035
29-Apr-2026,77.303,0.254795,20.4021,21.6666,1.26454
29-Apr-2026,82.1344,0.254795,15.9003,17.4816,1.58125
29-Apr-2026,86.9658,0.254795,11.6559,13.4971,1.84124
29-Apr-2026,91.7973,0.254795,7.83268,9.78584,1.95316
29-Apr-2026,96.6287,0.254795,4.63653,6.46241,1.82588
29-Apr-2026,101.46,0.254795,2.27734,3.7132,1.43586
29-Apr-2026,106.292,0.254795,0.868209,1.78889,0.92068
29-Apr-2026,111.123,0.254795,0.255193,0.766319,0.511126
29-Apr-2026,115.954,0.254795,0.0627196,0.329862,0.267142
29-Apr-2026,77.303,0.339726,20.8728,22.5549,1.68212
29-Apr-2026,82.1344,0.339726,16.4944,18.4885,1.99414
29-Apr-2026,86.9658,0.339726,12.3819,14.6179,2.23601
29-Apr-2026,91.7973,0.339726,8.66213,11.0037,2.34154
29-Apr-2026,96.6287,0.339726,5.48859,7.73541,2.24682
29-Apr-2026,101.46,0.339726,3.02381,4.94534,1.92153
29-Apr-2026,106.292,0.339726,1.38629,2.80533,1.41904
29-Apr-2026,111.123,0.339726,0.525776,1.43143,0.905653
29-Apr-2026,115.954,0.339726,0.174496,0.7049,0.530404
29-Apr-2026,77.303,0.421918,21.3548,23.3999,2.04507
29-Apr-2026,82.1344,0.421918,17.0786,19.4336,2.35501
29-Apr-2026,86.9658,0.421918,13.066,15.6587,2.59275
29-Apr-2026,91.7973,0.421918,9.4198,12.1268,2.70705
29-Apr-2026,96.6287,0.421918,6.26213,8.90975,2.64762
29-Apr-2026,101.46,0.421918,3.72598,6.10621,2.38023
29-Apr-2026,106.292,0.421918,1.92331,3.83941,1.9161
29-Apr-2026,111.123,0.421918,0.855903,2.21435,1.35845
29-Apr-2026,115.954,0.421918,0.341558,1.21196,0.870401
29-Apr-2026,77.303,0.50411,21.8706,24.2615,2.39088
29-Apr-2026,82.1344,0.50411,17.6858,20.3888,2.703
29-Apr-2026,86.9658,0.50411,13.7581,16.7029,2.94484
29-Apr-2026,91.7973,0.50411,10.1725,13.2477,3.07518
29-Apr-2026,96.6287,0.50411,7.02939,10.0811,3.05169
29-Apr-2026,101.46,0.50411,4.43976,7.27842,2.83866
29-Apr-2026,106.292,0.50411,2.50506,4.92988,2.42482
29-Apr-2026,111.123,0.50411,1.25453,3.12027,1.86574
29-Apr-2026,115.954,0.50411,0.572731,1.87153,1.2988
29-Apr-2026,77.303,0.589041,22.4019,25.1185,2.71658
29-Apr-2026,82.1344,0.589041,18.298,21.3325,3.03445
29-Apr-2026,86.9658,0.589041,14.443,17.7285,3.28546
29-Apr-2026,91.7973,0.589041,10.909,14.3438,3.43479
29-Apr-2026,96.6287,0.589041,7.78031,11.2259,3.44555
29-Apr-2026,101.46,0.589041,5.15129,8.43328,3.28199
29-Apr-2026,106.292,0.589041,3.11207,6.03381,2.92174
29-Apr-2026,111.123,0.589041,1.70473,4.09396,2.38923
29-Apr-2026,115.954,0.589041,0.861734,2.64711,1.78537
29-Apr-2026,77.303,0.673973,22.9327,25.9518,3.0191
29-Apr-2026,82.1344,0.673973,18.9,22.2451,3.3451
29-Apr-2026,86.9658,0.673973,15.1079,18.7156,3.60774
29-Apr-2026,91.7973,0.673973,11.6186,15.3954,3.77676
29-Apr-2026,96.6287,0.673973,8.50471,12.3235,3.81874
29-Apr-2026,101.46,0.673973,5.84727,9.54659,3.69932
29-Apr-2026,106.292,0.673973,3.726,7.11703,3.39103
29-Apr-2026,111.123,0.673973,2.1876,5.08707,2.89947
29-Apr-2026,115.954,0.673973,1.19685,3.48999,2.29314
29-Apr-2026,77.303,0.753425,23.4137,26.6911,3.27744
29-Apr-2026,82.1344,0.753425,19.4395,23.0515,3.61196
29-Apr-2026,86.9658,0.753425,15.6985,19.5847,3.88617
29-Apr-2026,91.7973,0.753425,12.246,16.3187,4.07265
29-Apr-2026,96.6287,0.753425,9.14592,13.2867,4.14077
29-Apr-2026,101.46,0.753425,6.46969,10.5272,4.05755
29-Apr-2026,106.292,0.753425,4.28842,8.08235,3.79393
29-Apr-2026,111.123,0.753425,2.64927,5.9944,3.34513
29-Apr-2026,115.954,0.753425,1.53664,4.29334,2.7567
29-Apr-2026,77.303,0.830137,23.8797,27.3949,3.51517
29-Apr-2026,82.1344,0.830137,19.9579,23.8164,3.85853
29-Apr-2026,86.9658,0.830137,16.2624,20.4068,4.14435
29-Apr-2026,91.7973,0.830137,12.8431,17.1903,4.34721
29-Apr-2026,96.6287,0.830137,9.75689,14.1957,4.43879
29-Apr-2026,101.46,0.830137,7.06734,11.4551,4.38777
29-Apr-2026,106.292,0.830137,4.83813,9.00301,4.16488
29-Apr-2026,111.123,0.830137,3.11501,6.87429,3.75928
29-Apr-2026,115.954,0.830137,1.89518,5.09498,3.1998
30-Apr-2026,77.2169,0.0219178,19.3877,19.3903,0.00259477
30-Apr-2026,82.043,0.0219178,14.5669,14.5847,0.0177586
30-Apr-2026,86.8691,0.0219178,9.74847,9.84711,0.0986405
30-Apr-2026,91.6951,0.0219178,5.02264,5.39248,0.369835
30-Apr-2026,96.5212,0.0219178,1.29043,1.83137,0.540939
30-Apr-2026,101.347,0.0219178,0.0629615,0.167942,0.104981
30-Apr-2026,106.173,0.0219178,0.00015814,0.00245746,0.00229932
30-Apr-2026,110.999,0.0219178,1.3053e-08,1.72781e-05,1.7265e-05
30-Apr-2026,77.2169,0.0410959,19.4454,19.4745,0.0290865
30-Apr-2026,82.043,0.0410959,14.6293,14.7289,0.0996235
30-Apr-2026,86.8691,0.0410959,9.8344,10.1243,0.289915
30-Apr-2026,91.6951,0.0410959,5.25316,5.87162,0.618464
30-Apr-2026,96.5212,0.0410959,1.70398,2.3943,0.690317
30-Apr-2026,101.347,0.0410959,0.200438,0.414787,0.214349
30-Apr-2026,106.173,0.0410959,0.00429098,0.0253039,0.021013
30-Apr-2026,110.999,0.0410959,1.33604e-05,0.0011095,0.00109614
30-Apr-2026,115.825,0.0410959,1.0268e-08,4.52677e-05,4.52574e-05
30-Apr-2026,77.2169,0.060274,19.5167,19.6247,0.108033
30-Apr-2026,82.043,0.060274,14.7126,14.9697,0.257096
30-Apr-2026,86.8691,0.060274,9.9713,10.5009,0.529599
30-Apr-2026,91.6951,0.060274,5.54774,6.39258,0.84484
30-Apr-2026,96.5212,0.060274,2.11844,2.94969,0.831251
30-Apr-2026,101.347,0.060274,0.403695,0.740152,0.336457
30-Apr-2026,106.173,0.060274,0.0252848,0.0930299,0.0677451
30-Apr-2026,110.999,0.060274,0.000461835,0.00993562,0.00947378
30-Apr-2026,115.825,0.060274,3.47601e-06,0.00105284,0.00104936
30-Apr-2026,77.2169,0.0794521,19.5768,19.7771,0.200302
30-Apr-2026,82.043,0.0794521,14.7898,15.1919,0.402116
30-Apr-2026,86.8691,0.0794521,10.1022,10.8088,0.706632
30-Apr-2026,91.6951,0.0794521,5.78452,6.77649,0.991967
30-Apr-2026,96.5212,0.0794521,2.41566,3.34705,0.931387
30-Apr-2026,101.347,0.0794521,0.578925,1.01168,0.432755
30-Apr-2026,106.173,0.0794521,0.0584869,0.176308,0.117821
30-Apr-2026,110.999,0.0794521,0.0023039,0.027585,0.0252811
30-Apr-2026,115.825,0.0794521,4.63312e-05,0.00440445,0.00435812
30-Apr-2026,77.2169,0.0986301,19.6546,19.9853,0.330686
30-Apr-2026,82.043,0.0986301,14.8957,15.475,0.579292
30-Apr-2026,86.8691,0.0986301,10.2763,11.1741,0.897752
30-Apr-2026,91.6951,0.0986301,6.06456,7.20854,1.14398
30-Apr-2026,96.5212,0.0986301,2.74595,3.79153,1.04558
30-Apr-2026,101.347,0.0986301,0.795067,1.34538,0.550313
30-Apr-2026,106.173,0.0986301,0.117042,0.305312,0.18827
30-Apr-2026,110.999,0.0986301,0.00833958,0.0637858,0.0554462
30-Apr-2026,115.825,0.0986301,0.000355681,0.0138886,0.0135329
30-Apr-2026,77.2169,0.167123,19.9408,20.7099,0.769072
30-Apr-2026,82.043,0.167123,15.2971,16.3761,1.07899
30-Apr-2026,86.8691,0.167123,10.8734,12.2497,1.37635
30-Apr-2026,91.6951,0.167123,6.8891,8.42187,1.53277
30-Apr-2026,96.5212,0.167123,3.6535,5.04556,1.39206
30-Apr-2026,101.347,0.167123,1.4683,2.4036,0.935303
30-Apr-2026,106.173,0.167123,0.397566,0.865487,0.467921
30-Apr-2026,110.999,0.167123,0.0714425,0.282599,0.211156
30-Apr-2026,115.825,0.167123,0.00966897,0.0970564,0.0873875
30-Apr-2026,77.2169,0.252055,20.3621,21.6156,1.25354
30-Apr-2026,82.043,0.252055,15.8618,17.432,1.57018
30-Apr-2026,86.8691,0.252055,11.6187,13.449,1.83035
30-Apr-2026,91.6951,0.252055,7.79718,9.73973,1.94255
30-Apr-2026,96.5212,0.252055,4.60507,6.41914,1.81407
30-Apr-2026,101.347,0.252055,2.2534,3.67556,1.42216
30-Apr-2026,106.173,0.252055,0.854059,1.76167,0.907615
30-Apr-2026,110.999,0.252055,0.249032,0.750831,0.501799
30-Apr-2026,115.825,0.252055,0.0606237,0.321988,0.261364
30-Apr-2026,77.2169,0.336986,20.83,22.5017,1.6717
30-Apr-2026,82.043,0.336986,16.454,18.4371,1.98308
30-Apr-2026,86.8691,0.336986,12.3439,14.5683,2.22436
30-Apr-2026,91.6951,0.336986,8.62745,10.9563,2.32882
30-Apr-2026,96.5212,0.336986,5.45891,7.69089,2.23198
30-Apr-2026,101.347,0.336986,3.00123,4.9056,1.90437
30-Apr-2026,106.173,0.336986,1.37195,2.77363,1.40168
30-Apr-2026,110.999,0.336986,0.518349,1.40996,0.891607
30-Apr-2026,115.825,0.336986,0.171227,0.692325,0.521098
30-Apr-2026,77.2169,0.419178,21.3101,23.3446,2.03447
30-Apr-2026,82.043,0.419178,17.037,19.3802,2.34325
30-Apr-2026,86.8691,0.419178,13.0279,15.6074,2.57949
30-Apr-2026,91.6951,0.419178,9.3861,12.0779,2.69179
30-Apr-2026,96.5212,0.419178,6.23416,8.86369,2.62953
30-Apr-2026,101.347,0.419178,3.7051,6.06449,2.35939
30-Apr-2026,106.173,0.419178,1.90987,3.80438,1.89451
30-Apr-2026,110.999,0.419178,0.848464,2.18791,1.33944
30-Apr-2026,115.825,0.419178,0.337832,1.19447,0.856634
30-Apr-2026,77.2169,0.50137,21.8246,24.2041,2.3795
30-Apr-2026,82.043,0.50137,17.6436,20.3335,2.68985
30-Apr-2026,86.8691,0.50137,13.7203,16.6497,2.92941
30-Apr-2026,91.6951,0.50137,10.14,13.197,3.05697
30-Apr-2026,96.5212,0.50137,7.00332,10.0333,3.02996
30-Apr-2026,101.347,0.50137,4.42094,7.23466,2.81372
30-Apr-2026,106.173,0.50137,2.4933,4.89193,2.39863
30-Apr-2026,110.999,0.50137,1.24809,3.08954,1.84145
30-Apr-2026,115.825,0.50137,0.569387,1.84909,1.2797
30-Apr-2026,77.2169,0.586301,22.3551,25.059,2.70393
30-Apr-2026,82.043,0.586301,18.2557,21.2751,3.0194
30-Apr-2026,86.8691,0.586301,14.4059,17.6733,3.2674
30-Apr-2026,91.6951,0.586301,10.8779,14.2912,3.41332
30-Apr-2026,96.5212,0.586301,7.7563,11.1762,3.4199
30-Apr-2026,101.347,0.586301,5.13478,8.38745,3.25267
30-Apr-2026,106.173,0.586301,3.10251,5.99321,2.8907
30-Apr-2026,110.999,0.586301,1.70011,4.05957,2.35946
30-Apr-2026,115.825,0.586301,0.859647,2.62014,1.76049
30-Apr-2026,77.2169,0.671233,22.8854,25.8903,3.00495
30-Apr-2026,82.043,0.671233,18.8579,22.1858,3.32789
30-Apr-2026,86.8691,0.671233,15.0717,18.6586,3.58687
30-Apr-2026,91.6951,0.671233,11.5892,15.3409,3.75171
30-Apr-2026,96.5212,0.671233,8.48286,12.2719,3.78904
30-Apr-2026,101.347,0.671233,5.83323,9.49871,3.66548
30-Apr-2026,106.173,0.671233,3.71894,7.07398,3.35504
30-Apr-2026,110.999,0.671233,2.18535,5.04952,2.86417
30-Apr-2026,115.825,0.671233,1.19676,3.45904,2.26228
30-Apr-2026,77.2169,0.750685,23.3664,26.6279,3.26153
30-Apr-2026,82.043,0.750685,19.3979,22.9904,3.59249
30-Apr-2026,86.8691,0.750685,15.6634,19.5259,3.86248
30-Apr-2026,91.6951,0.750685,12.2182,16.2625,4.0443
30-Apr-2026,96.5212,0.750685,9.12613,13.2334,4.10728
30-Apr-2026,101.347,0.750685,6.45797,10.4775,4.01955
30-Apr-2026,106.173,0.750685,4.28382,8.03718,3.75336
30-Apr-2026,110.999,0.750685,2.64951,5.95424,3.30473
30-Apr-2026,115.825,0.750685,1.53887,4.25916,2.72029
30-Apr-2026,77.2169,0.827397,23.8326,27.33,3.49737
30-Apr-2026,82.043,0.827397,19.917,23.7537,3.83669
30-Apr-2026,86.8691,0.827397,16.2285,20.3463,4.11779
30-Apr-2026,91.6951,0.827397,12.817,17.1325,4.31549
30-Apr-2026,96.5212,0.827397,9.73916,14.1407,4.40155
30-Apr-2026,101.347,0.827397,7.05795,11.4036,4.34564
30-Apr-2026,106.173,0.827397,4.83602,8.95584,4.11982
30-Apr-2026,110.999,0.827397,3.11786,6.83176,3.7139
30-Apr-2026,115.825,0.827397,1.90003,5.05794,3.15791
30-Apr-2026,77.2169,0.917808,24.3527,28.0999,3.74723
30-Apr-2026,82.043,0.917808,20.4921,24.5883,4.09623
30-Apr-2026,86.8691,0.917808,16.8515,21.2411,4.3896
30-Apr-2026,91.6951,0.917808,13.4753,18.0797,4.60439
30-Apr-2026,96.5212,0.917808,10.4139,15.1282,4.71428
30-Apr-2026,101.347,0.917808,7.72266,12.4136,4.69097
30-Apr-2026,106.173,0.917808,5.45696,9.96418,4.50722
30-Apr-2026,110.999,0.917808,3.65871,7.80754,4.14883
30-Apr-2026,115.825,0.917808,2.33358,5.96611,3.63253
04-May-2026,76.6617,0.0109589,19.1909,19.1909,1.06873e-05
04-May-2026,81.4531,0.0109589,14.4012,14.4011,0.000109702
04-May-2026,86.2444,0.0109589,9.61139,9.61238,0.000993597
04-May-2026,91.0358,0.0109589,4.82444,4.87495,0.0505145
04-May-2026,95.8271,0.0109589,0.718768,0.999659,0.280891
04-May-2026,100.619,0.0109589,0.000970356,0.00606923,0.00509888
04-May-2026,105.41,0.0109589,1.15507e-10,5.40178e-08,5.39023e-08
04-May-2026,76.6617,0.030137,19.261,19.2664,0.00537909
04-May-2026,81.4531,0.030137,14.4757,14.5058,0.0300617
04-May-2026,86.2444,0.030137,9.69642,9.83185,0.135426
04-May-2026,91.0358,0.030137,5.05028,5.46336,0.413077
04-May-2026,95.8271,0.030137,1.42563,1.95548,0.529848
04-May-2026,100.619,0.030137,0.105231,0.217841,0.11261
04-May-2026,105.41,0.030137,0.000770164,0.00504182,0.00427166
04-May-2026,110.201,0.030137,3.61831e-07,6.42346e-05,6.38727e-05
04-May-2026,114.993,0.030137,1.99778e-11,6.93189e-07,6.93169e-07
04-May-2026,76.6617,0.0493151,19.3183,19.3578,0.0394782
04-May-2026,81.4531,0.0493151,14.5389,14.6624,0.123469
04-May-2026,86.2444,0.0493151,9.79144,10.1182,0.326797
04-May-2026,91.0358,0.0493151,5.29594,5.9283,0.632357
04-May-2026,95.8271,0.0493151,1.82828,2.48525,0.656966
04-May-2026,100.619,0.0493151,0.26633,0.469327,0.202997
04-May-2026,105.41,0.0493151,0.00947868,0.0341909,0.0247123
04-May-2026,110.201,0.0493151,6.50066e-05,0.00187219,0.00180718
04-May-2026,114.993,0.0493151,1.24183e-07,9.68819e-05,9.67578e-05
04-May-2026,76.6617,0.0684932,19.3896,19.5152,0.125613
04-May-2026,81.4531,0.0684932,14.6255,14.9096,0.284147
04-May-2026,86.2444,0.0684932,9.93988,10.4937,0.553861
04-May-2026,91.0358,0.0684932,5.60028,6.434,0.833717
04-May-2026,95.8271,0.0684932,2.2391,3.01948,0.780378
04-May-2026,100.619,0.0684932,0.488168,0.79425,0.306082
04-May-2026,105.41,0.0684932,0.0412137,0.108762,0.0675481
04-May-2026,110.201,0.0684932,0.00117386,0.0128639,0.01169
04-May-2026,114.993,0.0684932,1.44862e-05,0.00152019,0.0015057
04-May-2026,76.6617,0.0876712,19.4506,19.6708,0.220246
04-May-2026,81.4531,0.0876712,14.7067,15.133,0.426318
04-May-2026,86.2444,0.0876712,10.0789,10.798,0.71906
04-May-2026,91.0358,0.0876712,5.84243,6.80825,0.965816
04-May-2026,95.8271,0.0876712,2.53609,3.40595,0.869859
04-May-2026,100.619,0.0876712,0.674591,1.06425,0.389662
04-May-2026,105.41,0.0876712,0.0850634,0.196226,0.111163
04-May-2026,110.201,0.0876712,0.00461814,0.0327166,0.0280985
04-May-2026,114.993,0.0876712,0.000131677,0.00559103,0.00545935
04-May-2026,76.6617,0.156164,19.7259,20.3721,0.646185
04-May-2026,81.4531,0.156164,15.0967,16.0311,0.934382
04-May-2026,86.2444,0.156164,10.6818,11.8976,1.21584
04-May-2026,91.0358,0.156164,6.71169,8.06778,1.35609
04-May-2026,95.8271,0.156164,3.51189,4.70482,1.19293
04-May-2026,100.619,0.156164,1.38532,2.1171,0.73178
04-May-2026,105.41,0.156164,0.365278,0.697948,0.33267
04-May-2026,110.201,0.156164,0.0621898,0.210313,0.148123
04-May-2026,114.993,0.156164,0.00763495,0.0669063,0.0592713
04-May-2026,76.6617,0.241096,20.1429,21.2729,1.13004
04-May-2026,81.4531,0.241096,15.6649,17.0915,1.42664
04-May-2026,86.2444,0.241096,11.4464,13.1107,1.66431
04-May-2026,91.0358,0.241096,7.65752,9.40558,1.74806
04-May-2026,95.8271,0.241096,4.50924,6.09727,1.58803
04-May-2026,100.619,0.241096,2.20566,3.38752,1.18186
04-May-2026,105.41,0.241096,0.838861,1.54972,0.71086
04-May-2026,110.201,0.241096,0.244047,0.631022,0.386975
04-May-2026,114.993,0.241096,0.0581823,0.261236,0.203053
04-May-2026,76.6617,0.326027,20.6134,22.1573,1.54389
04-May-2026,81.4531,0.326027,16.2668,18.0988,1.83199
04-May-2026,86.2444,0.326027,12.1906,14.2357,2.04512
04-May-2026,91.0358,0.326027,8.51477,10.6306,2.11586
04-May-2026,95.8271,0.326027,5.39279,7.37756,1.98477
04-May-2026,100.619,0.326027,2.97943,4.61769,1.63826
04-May-2026,105.41,0.326027,1.37648,2.53776,1.16128
04-May-2026,110.201,0.326027,0.525881,1.24939,0.723506
04-May-2026,114.993,0.326027,0.17399,0.598022,0.424032
04-May-2026,76.6617,0.408219,21.0994,22.9988,1.89938
04-May-2026,81.4531,0.408219,16.8608,19.0426,2.18182
04-May-2026,86.2444,0.408219,12.8909,15.2776,2.38666
04-May-2026,91.0358,0.408219,9.29364,11.7567,2.46303
04-May-2026,95.8271,0.408219,6.18927,8.55503,2.36576
04-May-2026,100.619,0.408219,3.70288,5.77707,2.07419
04-May-2026,105.41,0.408219,1.93223,3.55585,1.62362
04-May-2026,110.201,0.408219,0.871372,1.99808,1.12671
04-May-2026,114.993,0.408219,0.350453,1.0679,0.717444
04-May-2026,76.6617,0.490411,21.6451,23.8953,2.25022
04-May-2026,81.4531,0.490411,17.5065,20.0383,2.53185
04-May-2026,86.2444,0.490411,13.6295,16.3677,2.73824
04-May-2026,91.0358,0.490411,10.0987,12.9282,2.82949
04-May-2026,95.8271,0.490411,7.01052,9.77957,2.76905
04-May-2026,100.619,0.490411,4.46788,6.99988,2.532
04-May-2026,105.41,0.490411,2.5596,4.6848,2.1252
04-May-2026,110.201,0.490411,1.30769,2.92061,1.61292
04-May-2026,114.993,0.490411,0.608052,1.72461,1.11655
04-May-2026,76.6617,0.575342,22.1596,24.7104,2.55078
04-May-2026,81.4531,0.575342,18.1014,20.9371,2.83566
04-May-2026,86.2444,0.575342,14.2966,17.3456,3.049
04-May-2026,91.0358,0.575342,10.8167,13.9743,3.15759
04-May-2026,95.8271,0.575342,7.74287,10.8723,3.12945
04-May-2026,100.619,0.575342,5.16269,8.10073,2.93804
04-May-2026,105.41,0.575342,3.15576,5.73223,2.57647
04-May-2026,110.201,0.575342,1.75606,3.83508,2.07902
04-May-2026,114.993,0.575342,0.901447,2.44132,1.53988
04-May-2026,76.6617,0.660274,22.7216,25.5766,2.85502
04-May-2026,81.4531,0.660274,18.7404,21.8869,3.14646
04-May-2026,86.2444,0.660274,15.0034,18.374,3.37058
04-May-2026,91.0358,0.660274,11.5714,15.0705,3.49912
04-May-2026,95.8271,0.660274,8.5134,12.0167,3.50332
04-May-2026,100.619,0.660274,5.9038,9.2604,3.3566
04-May-2026,105.41,0.660274,3.81274,6.85703,3.04429
04-May-2026,110.201,0.660274,2.27918,4.85932,2.58014
04-May-2026,114.993,0.660274,1.27133,3.3008,2.02947
04-May-2026,76.6617,0.739726,23.1856,26.2766,3.09095
04-May-2026,81.4531,0.739726,19.2616,22.6509,3.38934
04-May-2026,86.2444,0.739726,15.5745,19.1981,3.62363
04-May-2026,91.0358,0.739726,12.1782,15.9466,3.76844
04-May-2026,95.8271,0.739726,9.13351,12.9309,3.79736
04-May-2026,100.619,0.739726,6.50634,10.1904,3.6841
04-May-2026,105.41,0.739726,4.35957,7.77051,3.41094
04-May-2026,110.201,0.739726,2.73293,5.71394,2.98101
04-May-2026,114.993,0.739726,1.61117,4.05146,2.44029
04-May-2026,76.6617,0.816438,23.6581,26.9773,3.3192
04-May-2026,81.4531,0.816438,19.7879,23.4134,3.62547
04-May-2026,86.2444,0.816438,16.1474,20.0181,3.8707
04-May-2026,91.0358,0.816438,12.7849,16.8165,4.03163
04-May-2026,95.8271,0.816438,9.75427,13.8381,4.08388
04-May-2026,100.619,0.816438,7.11399,11.116,4.00201
04-May-2026,105.41,0.816438,4.9204,8.68719,3.76679
04-May-2026,110.201,0.816438,3.21228,6.58668,3.3744
04-May-2026,114.993,0.816438,1.98575,4.84138,2.85563
04-May-2026,76.6617,0.906849,24.2081,27.7794,3.57134
04-May-2026,81.4531,0.906849,20.3961,24.2834,3.88726
04-May-2026,86.2444,0.906849,16.806,20.9512,4.14523
04-May-2026,91.0358,0.906849,13.4803,17.8046,4.32431
04-May-2026,95.8271,0.906849,10.4666,14.8683,4.4017
04-May-2026,100.619,0.906849,7.81591,12.1693,4.35341
04-May-2026,105.41,0.906849,5.57787,9.7376,4.15973
04-May-2026,110.201,0.906849,3.78902,7.60094,3.81192
04-May-2026,114.993,0.906849,2.4539,5.78182,3.32792
05-May-2026,76.9076,0.00821918,19.2459,19.2459,4.16636e-05
05-May-2026,81.7143,0.00821918,14.4403,14.4403,4.34975e-05
05-May-2026,86.5211,0.00821918,9.63478,9.63488,9.7733e-05
05-May-2026,91.3278,0.00821918,4.8299,4.85339,0.0234927
05-May-2026,96.1345,0.00821918,0.62367,0.866874,0.243204
05-May-2026,100.941,0.00821918,0.000170236,0.00165718,0.00148695
05-May-2026,105.748,0.00821918,1.67177e-13,4.48706e-10,4.48539e-10
05-May-2026,110.555,0.00821918,6.29082e-16,1.3406e-15,7.1152e-16
05-May-2026,115.361,0.00821918,6.17337e-16,1.31203e-15,6.94695e-16
05-May-2026,76.9076,0.0273973,19.3153,19.3192,0.0038532
05-May-2026,81.7143,0.0273973,14.5142,14.5378,0.023555
05-May-2026,86.5211,0.0273973,9.71782,9.83379,0.115967
05-May-2026,91.3278,0.0273973,5.04408,5.42505,0.380967
05-May-2026,96.1345,0.0273973,1.39333,1.89334,0.500007
05-May-2026,100.941,0.0273973,0.0957377,0.192431,0.0966934
05-May-2026,105.748,0.0273973,0.000601416,0.00359473,0.00299332
05-May-2026,110.555,0.0273973,2.11879e-07,3.47216e-05,3.45097e-05
05-May-2026,115.361,0.0273973,7.37434e-12,2.78574e-07,2.78567e-07
05-May-2026,76.9076,0.0465753,19.3722,19.4062,0.0340285
05-May-2026,81.7143,0.0465753,14.5767,14.6877,0.110953
05-May-2026,86.5211,0.0465753,9.81176,10.1153,0.303513
05-May-2026,91.3278,0.0465753,5.29766,5.89633,0.598667
05-May-2026,96.1345,0.0465753,1.82269,2.43823,0.615537
05-May-2026,100.941,0.0465753,0.266415,0.441496,0.175081
05-May-2026,105.748,0.0465753,0.00975677,0.0295221,0.0197653
05-May-2026,110.555,0.0465753,6.84492e-05,0.00145284,0.00138439
05-May-2026,115.361,0.0465753,1.24935e-07,6.71387e-05,6.70137e-05
05-May-2026,76.9076,0.0657534,19.4429,19.5593,0.116417
05-May-2026,81.7143,0.0657534,14.6632,14.931,0.267772
05-May-2026,86.5211,0.0657534,9.96395,10.4906,0.526603
05-May-2026,91.3278,0.0657534,5.61931,6.40861,0.789304
05-May-2026,96.1345,0.0657534,2.26454,2.98185,0.717311
05-May-2026,100.941,0.0657534,0.510918,0.766134,0.255216
05-May-2026,105.748,0.0657534,0.0472422,0.100574,0.0533317
05-May-2026,110.555,0.0657534,0.00152292,0.0113171,0.00979415
05-May-2026,115.361,0.0657534,2.05538e-05,0.00126897,0.00124841
05-May-2026,76.9076,0.0849315,19.5038,19.7127,0.2089
05-May-2026,81.7143,0.0849315,14.7458,15.1531,0.407326
05-May-2026,86.5211,0.0849315,10.1101,10.7959,0.685818
05-May-2026,91.3278,0.0849315,5.8791,6.78688,0.907775
05-May-2026,96.1345,0.0849315,2.58775,3.37294,0.785191
05-May-2026,100.941,0.0849315,0.721285,1.03639,0.315103
05-May-2026,105.748,0.0849315,0.10172,0.185789,0.0840691
05-May-2026,110.555,0.0849315,0.00645169,0.0300221,0.0235705
05-May-2026,115.361,0.0849315,0.000209952,0.00496486,0.00475491
05-May-2026,76.9076,0.153425,19.7872,20.4112,0.623992
05-May-2026,81.7143,0.153425,15.1598,16.0517,0.891905
05-May-2026,86.5211,0.153425,10.765,11.9006,1.13556
05-May-2026,91.3278,0.153425,6.83493,8.05525,1.22032
05-May-2026,96.1345,0.153425,3.67709,4.68089,1.0038
05-May-2026,100.941,0.153425,1.55216,2.09098,0.538822
05-May-2026,105.748,0.153425,0.46925,0.681583,0.212333
05-May-2026,110.555,0.153425,0.096539,0.203323,0.106784
05-May-2026,115.361,0.153425,0.0141987,0.0640839,0.0498852
05-May-2026,76.9076,0.238356,20.2394,21.3124,1.07297
05-May-2026,81.7143,0.238356,15.7914,17.1143,1.32288
05-May-2026,86.5211,0.238356,11.6276,13.1175,1.48994
05-May-2026,91.3278,0.238356,7.9133,9.39829,1.48499
05-May-2026,96.1345,0.238356,4.83603,6.07876,1.24273
05-May-2026,100.941,0.238356,2.55425,3.36391,0.809655
05-May-2026,105.748,0.238356,1.1169,1.52948,0.412585
05-May-2026,110.555,0.238356,0.393682,0.619281,0.225599
05-May-2026,115.361,0.238356,0.113782,0.255389,0.141607
05-May-2026,76.9076,0.323288,20.7707,22.1976,1.42688
05-May-2026,81.7143,0.323288,16.4836,18.1233,1.6397
05-May-2026,86.5211,0.323288,12.4938,14.2452,1.75142
05-May-2026,91.3278,0.323288,8.92263,10.6268,1.70415
05-May-2026,96.1345,0.323288,5.89845,7.36274,1.46429
05-May-2026,100.941,0.323288,3.53008,4.59659,1.06651
05-May-2026,105.748,0.323288,1.86743,2.51624,0.648812
05-May-2026,110.555,0.323288,0.859165,1.23364,0.374478
05-May-2026,115.361,0.323288,0.345533,0.588862,0.243329
05-May-2026,76.9076,0.405479,21.3358,23.0399,1.70414
05-May-2026,81.7143,0.405479,17.1847,19.0686,1.88393
05-May-2026,86.5211,0.405479,13.3295,15.2892,1.95969
05-May-2026,91.3278,0.405479,9.86334,11.7555,1.89215
05-May-2026,96.1345,0.405479,6.88069,8.54315,1.66246
05-May-2026,100.941,0.405479,4.46165,5.75833,1.29668
05-May-2026,105.748,0.405479,2.64976,3.5345,0.884737
05-May-2026,110.555,0.405479,1.42609,1.97971,0.553624
05-May-2026,115.361,0.405479,0.695956,1.05551,0.359549
05-May-2026,76.9076,0.487671,21.9858,23.9375,1.95166
05-May-2026,81.7143,0.487671,17.9637,20.0659,2.10216
05-May-2026,86.5211,0.487671,14.2298,16.3814,2.15162
05-May-2026,91.3278,0.487671,10.8562,12.9295,2.07334
05-May-2026,96.1345,0.487671,7.91332,9.77047,1.85715
05-May-2026,100.941,0.487671,5.46103,6.98356,1.52253
05-May-2026,105.748,0.487671,3.535,4.6644,1.1294
05-May-2026,110.555,0.487671,2.13141,2.90079,0.76938
05-May-2026,115.361,0.487671,1.19579,1.70924,0.513453
05-May-2026,76.9076,0.572603,22.6111,24.7534,2.14232
05-May-2026,81.7143,0.572603,18.6947,20.9659,2.27119
05-May-2026,86.5211,0.572603,15.0572,17.361,2.30383
05-May-2026,91.3278,0.572603,11.7564,13.9778,2.22135
05-May-2026,96.1345,0.572603,8.8477,10.8655,2.01782
05-May-2026,100.941,0.572603,6.37765,8.08654,1.70889
05-May-2026,105.748,0.572603,4.37553,5.71309,1.33756
05-May-2026,110.555,0.572603,2.84333,3.81486,0.971526
05-May-2026,115.361,0.572603,1.74761,2.424,0.676386
05-May-2026,76.9076,0.657534,23.3057,25.6206,2.31495
05-May-2026,81.7143,0.657534,19.492,21.9171,2.42506
05-May-2026,86.5211,0.657534,15.9464,18.3912,2.44477
05-May-2026,91.3278,0.657534,12.7151,15.0761,2.36098
05-May-2026,96.1345,0.657534,9.84148,12.0122,2.17073
05-May-2026,100.941,0.657534,7.36181,9.24838,1.88657
05-May-2026,105.748,0.657534,5.29954,6.8394,1.53986
05-May-2026,110.555,0.657534,3.65898,4.83933,1.18035
05-May-2026,115.361,0.657534,2.4198,3.2822,0.862396
05-May-2026,76.9076,0.736986,23.8868,26.3214,2.43458
05-May-2026,81.7143,0.736986,20.1503,22.6822,2.53193
05-May-2026,86.5211,0.736986,16.6728,19.2167,2.54388
05-May-2026,91.3278,0.736986,13.4932,15.9538,2.46061
05-May-2026,96.1345,0.736986,10.6474,12.9281,2.2807
05-May-2026,100.941,0.736986,8.16528,10.1801,2.01482
05-May-2026,105.748,0.736986,6.06624,7.7542,1.68796
05-May-2026,110.555,0.736986,4.3551,5.69447,1.33937
05-May-2026,115.361,0.736986,3.01794,4.03234,1.0144
05-May-2026,76.9076,0.813699,24.4847,27.0229,2.53823
05-May-2026,81.7143,0.813699,20.8211,23.4457,2.62462
05-May-2026,86.5211,0.813699,17.4074,20.038,2.63058
05-May-2026,91.3278,0.813699,14.2766,16.8252,2.54864
05-May-2026,96.1345,0.813699,11.4585,13.837,2.37855
05-May-2026,100.941,0.813699,8.97757,11.1073,2.12971
05-May-2026,105.748,0.813699,6.85006,8.67222,1.82216
05-May-2026,110.555,0.813699,5.08057,6.56793,1.48736
05-May-2026,115.361,0.813699,3.65934,4.8221,1.16276
05-May-2026,76.9076,0.90411,25.1875,27.826,2.63849
05-May-2026,81.7143,0.90411,21.6026,24.3169,2.71432
05-May-2026,86.5211,0.90411,18.2576,20.9726,2.71498
05-May-2026,91.3278,0.90411,15.1797,17.815,2.63531
05-May-2026,96.1345,0.90411,12.393,14.869,2.47602
05-May-2026,100.941,0.90411,9.91736,12.1624,2.24504
05-May-2026,105.748,0.90411,7.76559,9.72417,1.95858
05-May-2026,110.555,0.90411,5.9418,7.58318,1.64138
05-May-2026,115.361,0.90411,4.43922,5.76272,1.3235
06-May-2026,76.6072,0.00547945,19.1645,19.1645,2.49731e-05
06-May-2026,81.3951,0.00547945,14.3774,14.3774,2.0276e-05
06-May-2026,86.1831,0.00547945,9.59021,9.59022,9.59631e-06
06-May-2026,90.971,0.00547945,4.80312,4.80892,0.00580421
06-May-2026,95.759,0.00547945,0.515599,0.703659,0.18806
06-May-2026,100.547,0.00547945,9.45009e-06,0.000148416,0.000138965
06-May-2026,105.335,0.00547945,1.64601e-15,4.91392e-14,4.74932e-14
06-May-2026,110.123,0.00547945,1.66659e-15,-3.60838e-15,5.27497e-15
06-May-2026,114.911,0.00547945,1.66614e-15,-3.70686e-15,5.373e-15
06-May-2026,76.6072,0.0246575,19.2345,19.237,0.00251128
06-May-2026,81.3951,0.0246575,14.4517,14.4694,0.0177073
06-May-2026,86.1831,0.0246575,9.67286,9.76926,0.0963962
06-May-2026,90.971,0.0246575,5.00807,5.34979,0.341724
06-May-2026,95.759,0.0246575,1.3616,1.81683,0.455232
06-May-2026,100.547,0.0246575,0.0891976,0.166562,0.0773647
06-May-2026,105.335,0.0246575,0.000511068,0.0024367,0.00192563
06-May-2026,110.123,0.0246575,1.48216e-07,1.71292e-05,1.6981e-05
06-May-2026,114.911,0.0246575,3.57072e-12,9.74321e-08,9.74285e-08
06-May-2026,76.6072,0.0438356,19.2917,19.3205,0.0287676
06-May-2026,81.3951,0.0438356,14.5144,14.6125,0.0980594
06-May-2026,86.1831,0.0438356,9.76647,10.0442,0.27773
06-May-2026,90.971,0.0438356,5.26676,5.82509,0.558333
06-May-2026,95.759,0.0438356,1.8079,2.37526,0.567358
06-May-2026,100.547,0.0438356,0.264997,0.4114,0.146403
06-May-2026,105.335,0.0438356,0.00990277,0.0250936,0.0151908
06-May-2026,110.123,0.0438356,7.04845e-05,0.00110016,0.00102968
06-May-2026,114.911,0.0438356,1.23422e-07,4.48831e-05,4.47597e-05
06-May-2026,76.6072,0.0630137,19.3629,19.4694,0.106545
06-May-2026,81.3951,0.0630137,14.6014,14.8512,0.249845
06-May-2026,86.1831,0.0630137,9.92059,10.4177,0.497136
06-May-2026,90.971,0.0630137,5.59616,6.34186,0.745696
06-May-2026,95.759,0.0630137,2.26238,2.92619,0.663815
06-May-2026,100.547,0.0630137,0.517966,0.734125,0.216159
06-May-2026,105.335,0.0630137,0.0497852,0.0922619,0.0424767
06-May-2026,110.123,0.0630137,0.00169017,0.00985295,0.00816278
06-May-2026,114.911,0.0630137,2.35268e-05,0.00104402,0.00102049
06-May-2026,76.6072,0.0821918,19.4241,19.6205,0.196444
06-May-2026,81.3951,0.0821918,14.685,15.0716,0.386642
06-May-2026,86.1831,0.0821918,10.0695,10.7232,0.65366
06-May-2026,90.971,0.0821918,5.86183,6.72267,0.860838
06-May-2026,95.759,0.0821918,2.59315,3.32035,0.727204
06-May-2026,100.547,0.0821918,0.73498,1.00345,0.268469
06-May-2026,105.335,0.0821918,0.107787,0.174856,0.0670687
06-May-2026,110.123,0.0821918,0.00722044,0.0273565,0.0201361
06-May-2026,114.911,0.0821918,0.000245585,0.00436777,0.00412219
06-May-2026,76.6072,0.150685,19.7113,20.3155,0.604174
06-May-2026,81.3951,0.150685,15.1064,15.9686,0.862202
06-May-2026,86.1831,0.150685,10.7375,11.8293,1.09179
06-May-2026,90.971,0.150685,6.83576,7.99534,1.15958
06-May-2026,95.759,0.150685,3.70225,4.63234,0.930088
06-May-2026,100.547,0.150685,1.58663,2.05571,0.46908
06-May-2026,105.335,0.150685,0.493793,0.663102,0.169309
06-May-2026,110.123,0.150685,0.105884,0.195844,0.0899599
06-May-2026,114.911,0.150685,0.0162448,0.0611049,0.0448601
06-May-2026,76.6072,0.235616,20.1716,21.2156,1.04398
06-May-2026,81.3951,0.235616,15.7498,17.0309,1.28106
06-May-2026,86.1831,0.235616,11.6149,13.0467,1.43178
06-May-2026,90.971,0.235616,7.92996,9.33916,1.4092
06-May-2026,95.759,0.235616,4.87698,6.03059,1.15361
06-May-2026,100.547,0.235616,2.60666,3.32669,0.720032
06-May-2026,105.335,0.235616,1.16305,1.50493,0.341884
06-May-2026,110.123,0.235616,0.421817,0.606213,0.184396
06-May-2026,114.911,0.235616,0.125846,0.248909,0.123063
06-May-2026,76.6072,0.320548,20.7122,22.1001,1.38795
06-May-2026,81.3951,0.320548,16.4533,18.0394,1.58606
06-May-2026,86.1831,0.320548,12.4934,14.1739,1.68052
06-May-2026,90.971,0.320548,8.9514,10.5672,1.6158
06-May-2026,95.759,0.320548,5.95118,7.3139,1.36272
06-May-2026,100.547,0.320548,3.59585,4.55781,0.961958
06-May-2026,105.335,0.320548,1.93102,2.48795,0.55693
06-May-2026,110.123,0.320548,0.907161,1.21568,0.308523
06-May-2026,114.911,0.320548,0.373838,0.57857,0.204732
06-May-2026,76.6072,0.40274,21.2862,22.9419,1.6557
06-May-2026,81.3951,0.40274,17.1643,18.984,1.81973
06-May-2026,86.1831,0.40274,13.3392,15.2172,1.87798
06-May-2026,90.971,0.40274,9.90178,11.6951,1.79333
06-May-2026,95.759,0.40274,6.94273,8.49336,1.55063
06-May-2026,100.547,0.40274,4.53785,5.71817,1.18032
06-May-2026,105.335,0.40274,2.72707,3.50376,0.776692
06-May-2026,110.123,0.40274,1.49151,1.95808,0.466574
06-May-2026,114.911,0.40274,0.742057,1.04156,0.299503
06-May-2026,76.6072,0.484932,21.9454,23.8387,1.89333
06-May-2026,81.3951,0.484932,17.953,19.9805,2.02747
06-May-2026,86.1831,0.484932,14.2491,16.3085,2.05941
06-May-2026,90.971,0.484932,10.9035,12.8682,1.96466
06-May-2026,95.759,0.484932,7.98392,9.71954,1.73562
06-May-2026,100.547,0.484932,5.54668,6.942,1.39532
06-May-2026,105.335,0.484932,3.6246,4.63167,1.00707
06-May-2026,110.123,0.484932,2.21313,2.87623,0.663104
06-May-2026,114.911,0.484932,1.26074,1.69184,0.431103
06-May-2026,76.6072,0.569863,22.5786,24.6541,2.07545
06-May-2026,81.3951,0.569863,18.6921,20.8797,2.18764
06-May-2026,86.1831,0.569863,15.0842,17.2872,2.20304
06-May-2026,90.971,0.569863,11.8109,13.9154,2.10448
06-May-2026,95.759,0.569863,8.92516,10.8135,1.88833
06-May-2026,100.547,0.569863,6.4708,8.04373,1.57293
06-May-2026,105.335,0.569863,4.47471,5.6788,1.20409
06-May-2026,110.123,0.569863,2.9379,3.78824,0.850344
06-May-2026,114.911,0.569863,1.82849,2.40401,0.575525
06-May-2026,76.6072,0.654795,23.281,25.5206,2.23957
06-May-2026,81.3951,0.654795,19.4972,21.8301,2.33287
06-May-2026,86.1831,0.654795,15.9808,18.3164,2.33561
06-May-2026,90.971,0.654795,12.7764,15.0126,2.23622
06-May-2026,95.759,0.654795,9.92547,11.959,2.03352
06-May-2026,100.547,0.654795,7.46204,9.20425,1.74221
06-May-2026,105.335,0.654795,5.4076,6.80362,1.39602
06-May-2026,110.123,0.654795,3.76546,4.81092,1.04546
06-May-2026,114.911,0.654795,2.51596,3.25999,0.74403
06-May-2026,76.6072,0.734247,23.868,26.2207,2.35272
06-May-2026,81.3951,0.734247,20.1612,22.5945,2.43334
06-May-2026,86.1831,0.734247,16.7125,19.1411,2.42862
06-May-2026,90.971,0.734247,13.5595,15.8894,2.32995
06-May-2026,95.759,0.734247,10.7362,12.8739,2.1377
06-May-2026,100.547,0.734247,8.27068,10.1349,1.86423
06-May-2026,105.335,0.734247,6.18068,7.71726,1.53658
06-May-2026,110.123,0.734247,4.47007,5.66477,1.1947
06-May-2026,114.911,0.734247,3.12519,4.00862,0.883435
06-May-2026,76.6072,0.810959,24.4715,26.9217,2.45017
06-May-2026,81.3951,0.810959,20.8373,23.3573,2.52001
06-May-2026,86.1831,0.810959,17.4521,19.9616,2.50949
06-May-2026,90.971,0.810959,14.3475,16.76,2.41246
06-May-2026,95.759,0.810959,11.5517,13.7818,2.23014
06-May-2026,100.547,0.810959,9.0877,11.061,1.97334
06-May-2026,105.335,0.810959,6.97028,8.63416,1.66388
06-May-2026,110.123,0.810959,5.20317,6.53702,1.33385
06-May-2026,114.911,0.810959,3.77661,4.79705,1.02044
06-May-2026,76.6072,0.90137,25.1801,27.724,2.54393
06-May-2026,81.3951,0.90137,21.6245,24.2277,2.60317
06-May-2026,86.1831,0.90137,18.3076,20.8952,2.58763
06-May-2026,90.971,0.90137,15.2554,17.7487,2.49326
06-May-2026,95.759,0.90137,12.4909,14.8127,2.32177
06-May-2026,100.547,0.90137,10.0324,12.1149,2.08254
06-May-2026,105.335,0.90137,7.89178,9.68485,1.79307
06-May-2026,110.123,0.90137,6.07219,7.55097,1.47878
06-May-2026,114.911,0.90137,4.56677,5.73629,1.16952
07-May-2026,90.7079,0.00273973,4.78175,4.78189,0.000141698
07-May-2026,95.482,0.00273973,0.362886,0.494754,0.131868
07-May-2026,100.256,0.00273973,3.84162e-09,2.04429e-07,2.00588e-07
07-May-2026,76.3856,0.0219178,19.1736,19.1752,0.00163394
07-May-2026,81.1597,0.0219178,14.4044,14.4171,0.0126823
07-May-2026,85.9338,0.0219178,9.63782,9.71645,0.0786298
07-May-2026,90.7079,0.0219178,4.97015,5.28013,0.309982
07-May-2026,95.482,0.0219178,1.30717,1.74015,0.432975
07-May-2026,100.256,0.0219178,0.0750103,0.141913,0.0669024
07-May-2026,105.03,0.0219178,0.000312195,0.00156377,0.00125157
07-May-2026,109.804,0.0219178,5.16605e-08,7.59198e-06,7.54032e-06
07-May-2026,114.578,0.0219178,5.6809e-13,2.89501e-08,2.89495e-08
07-May-2026,76.3856,0.0410959,19.2316,19.2556,0.0239638
07-May-2026,81.1597,0.0410959,14.4674,14.5534,0.0860339
07-May-2026,85.9338,0.0410959,9.72916,9.98445,0.255287
07-May-2026,90.7079,0.0410959,5.22766,5.75994,0.532278
07-May-2026,95.482,0.0410959,1.76659,2.31426,0.547674
07-May-2026,100.256,0.0410959,0.24751,0.382292,0.134782
07-May-2026,105.03,0.0410959,0.00839961,0.0210977,0.0126981
07-May-2026,109.804,0.0410959,5.06247e-05,0.000815145,0.00076452
07-May-2026,114.578,0.0410959,6.99148e-08,2.90341e-05,2.89642e-05
07-May-2026,76.3856,0.060274,19.3034,19.4008,0.0973753
07-May-2026,81.1597,0.060274,14.5542,14.7879,0.233718
07-May-2026,85.9338,0.060274,9.88175,10.3566,0.47481
07-May-2026,90.7079,0.060274,5.55947,6.2821,0.722632
07-May-2026,95.482,0.060274,2.22997,2.87386,0.643888
07-May-2026,100.256,0.060274,0.50147,0.703483,0.202013
07-May-2026,105.03,0.060274,0.046591,0.0844399,0.0378489
07-May-2026,109.804,0.060274,0.00149243,0.00853038,0.00703795
07-May-2026,114.578,0.060274,1.90342e-05,0.000851546,0.000832512
07-May-2026,76.3856,0.0794521,19.365,19.5499,0.184886
07-May-2026,81.1597,0.0794521,14.6376,15.0069,0.36929
07-May-2026,85.9338,0.0794521,10.0306,10.6625,0.631934
07-May-2026,90.7079,0.0794521,5.82779,6.66617,0.838384
07-May-2026,95.482,0.0794521,2.56594,3.27188,0.705938
07-May-2026,100.256,0.0794521,0.720593,0.972294,0.251701
07-May-2026,105.03,0.0794521,0.104028,0.164511,0.0604831
07-May-2026,109.804,0.0794521,0.00678186,0.0248796,0.0180977
07-May-2026,114.578,0.0794521,0.0002207,0.0038299,0.0036092
07-May-2026,76.3856,0.147945,19.6538,20.2427,0.588881
07-May-2026,81.1597,0.147945,15.0608,15.9039,0.843107
07-May-2026,85.9338,0.147945,10.7032,11.7722,1.06897
07-May-2026,90.7079,0.147945,6.81239,7.94548,1.13309
07-May-2026,95.482,0.147945,3.68975,4.59026,0.900511
07-May-2026,100.256,0.147945,1.58307,2.02401,0.44094
07-May-2026,105.03,0.147945,0.49429,0.646046,0.151756
07-May-2026,109.804,0.147945,0.106436,0.188865,0.0824293
07-May-2026,114.578,0.147945,0.0163442,0.0583301,0.0419859
07-May-2026,76.3856,0.232877,20.1182,21.1436,1.02543
07-May-2026,81.1597,0.232877,15.7104,16.968,1.25756
07-May-2026,85.9338,0.232877,11.5899,12.9923,1.40238
07-May-2026,90.7079,0.232877,7.91926,9.29252,1.37326
07-May-2026,95.482,0.232877,4.87916,5.99134,1.11218
07-May-2026,100.256,0.232877,2.6175,3.2953,0.677799
07-May-2026,105.03,0.232877,1.17571,1.48342,0.30771
07-May-2026,109.804,0.232877,0.430473,0.594482,0.164009
07-May-2026,114.578,0.232877,0.129687,0.243049,0.113362
07-May-2026,76.3856,0.317808,20.665,22.0294,1.36441
07-May-2026,81.1597,0.317808,16.4222,17.978,1.55576
07-May-2026,85.9338,0.317808,12.4789,14.1212,1.64232
07-May-2026,90.7079,0.317808,8.95314,10.5223,1.56921
07-May-2026,95.482,0.317808,5.96712,7.27625,1.30913
07-May-2026,100.256,0.317808,3.62118,4.52706,0.905875
07-May-2026,105.03,0.317808,1.95832,2.46462,0.506296
07-May-2026,109.804,0.317808,0.929092,1.20037,0.271277
07-May-2026,114.578,0.317808,0.387216,0.569669,0.182453
07-May-2026,76.3856,0.4,21.2463,22.8723,1.62602
07-May-2026,81.1597,0.4,17.1422,18.9239,1.78167
07-May-2026,85.9338,0.4,13.3354,15.1658,1.83036
07-May-2026,90.7079,0.4,9.91555,11.6515,1.73599
07-May-2026,95.482,0.4,6.97172,8.45688,1.48516
07-May-2026,100.256,0.4,4.57712,5.68815,1.11103
07-May-2026,105.03,0.4,2.76926,3.47996,0.710703
07-May-2026,109.804,0.4,1.52866,1.9407,0.412043
07-May-2026,114.578,0.4,0.768974,1.03012,0.26115
07-May-2026,76.3856,0.482192,21.9144,23.7703,1.85595
07-May-2026,81.1597,0.482192,17.9414,19.9215,1.9801
07-May-2026,85.9338,0.482192,14.2571,16.2583,2.00118
07-May-2026,90.7079,0.482192,10.9303,12.8258,1.89545
07-May-2026,95.482,0.482192,8.02682,9.68413,1.65731
07-May-2026,100.256,0.482192,5.60085,6.91281,1.31196
07-May-2026,105.03,0.482192,3.683,4.60804,0.925044
07-May-2026,109.804,0.482192,2.26775,2.85788,0.590134
07-May-2026,114.578,0.482192,1.30508,1.67852,0.373444
07-May-2026,76.3856,0.567123,22.5563,24.5867,2.03041
07-May-2026,81.1597,0.567123,18.6904,20.8218,2.1314
07-May-2026,85.9338,0.567123,15.1032,17.238,2.13481
07-May-2026,90.7079,0.567123,11.8496,13.8739,2.02434
07-May-2026,95.482,0.567123,8.98071,10.779,1.79829
07-May-2026,100.256,0.567123,6.5385,8.01532,1.47682
07-May-2026,105.03,0.567123,4.54789,5.65564,1.10775
07-May-2026,109.804,0.567123,3.0088,3.76975,0.760946
07-May-2026,114.578,0.567123,1.89008,2.3898,0.499719
07-May-2026,76.3856,0.652055,23.2685,25.4543,2.18581
07-May-2026,81.1597,0.652055,19.5065,21.7732,2.26667
07-May-2026,85.9338,0.652055,16.0117,18.2682,2.25648
07-May-2026,90.7079,0.652055,12.8277,14.9721,2.14444
07-May-2026,95.482,0.652055,9.99443,11.9254,1.93097
07-May-2026,100.256,0.652055,7.54403,9.17667,1.63264
07-May-2026,105.03,0.652055,5.49637,6.78112,1.28475
07-May-2026,109.804,0.652055,3.85367,4.79272,0.939046
07-May-2026,114.578,0.652055,2.59647,3.24552,0.649049
07-May-2026,76.3856,0.731507,23.8638,26.1553,2.29151
07-May-2026,81.1597,0.731507,20.1796,22.5385,2.35886
07-May-2026,85.9338,0.731507,16.7532,19.0937,2.34047
07-May-2026,90.7079,0.731507,13.6211,15.8497,2.22861
07-May-2026,95.482,0.731507,10.816,12.841,2.02503
07-May-2026,100.256,0.731507,8.36412,10.108,1.74389
07-May-2026,105.03,0.731507,6.28192,7.69537,1.41345
07-May-2026,109.804,0.731507,4.57214,5.64701,1.07487
07-May-2026,114.578,0.731507,3.22106,3.99432,0.773263
07-May-2026,76.3856,0.808219,24.4757,26.8571,2.3814
07-May-2026,81.1597,0.808219,20.8649,23.302,2.43713
07-May-2026,85.9338,0.808219,17.5026,19.9149,2.41229
07-May-2026,90.7079,0.808219,14.4193,16.7209,2.30164
07-May-2026,95.482,0.808219,11.6421,13.7497,2.10757
07-May-2026,100.256,0.808219,9.19249,11.0348,1.84231
07-May-2026,105.03,0.808219,7.08384,8.6129,1.52906
07-May-2026,109.804,0.808219,5.31891,6.51983,1.20092
07-May-2026,114.578,0.808219,3.88774,4.78315,0.895407
07-May-2026,76.3856,0.89863,25.1941,27.6604,2.46629
07-May-2026,81.1597,0.89863,21.6626,24.1733,2.51067
07-May-2026,85.9338,0.89863,18.3692,20.8494,2.48017
07-May-2026,90.7079,0.89863,15.3388,17.7104,2.37165
07-May-2026,95.482,0.89863,12.5935,14.7813,2.18777
07-May-2026,100.256,0.89863,10.1501,12.0895,1.93937
07-May-2026,105.03,0.89863,8.01921,9.66435,1.64514
07-May-2026,109.804,0.89863,6.20329,7.5345,1.33121
07-May-2026,114.578,0.89863,4.69506,5.72302,1.02796
08-May-2026,75.9883,0.0191781,19.0642,19.0652,0.000968662
08-May-2026,80.7376,0.0191781,14.3192,14.3278,0.00862681
08-May-2026,85.4868,0.0191781,9.57587,9.63808,0.0622101
08-May-2026,90.2361,0.0191781,4.91707,5.19385,0.276782
08-May-2026,94.9854,0.0191781,1.24697,1.65381,0.406838
08-May-2026,99.7346,0.0191781,0.0617187,0.117482,0.0557631
08-May-2026,104.484,0.0191781,0.000179907,0.000925396,0.000745489
08-May-2026,109.233,0.0191781,1.59064e-08,2.89996e-06,2.88405e-06
08-May-2026,113.982,0.0191781,8.34933e-14,6.89203e-09,6.89194e-09
08-May-2026,75.9883,0.0383562,19.1191,19.1389,0.0197871
08-May-2026,80.7376,0.0383562,14.3787,14.4533,0.0746448
08-May-2026,85.4868,0.0383562,9.66108,9.89391,0.232832
08-May-2026,90.2361,0.0383562,5.16962,5.67345,0.503826
08-May-2026,94.9854,0.0383562,1.71815,2.24113,0.522982
08-May-2026,99.7346,0.0383562,0.22986,0.350659,0.120799
08-May-2026,104.484,0.0383562,0.00708897,0.0173052,0.0102163
08-May-2026,109.233,0.0383562,3.6249e-05,0.000581466,0.000545217
08-May-2026,113.982,0.0383562,3.94176e-08,1.78322e-05,1.77928e-05
08-May-2026,75.9883,0.0575342,19.1872,19.2758,0.0885567
08-May-2026,80.7376,0.0575342,14.4607,14.6785,0.217756
08-May-2026,85.4868,0.0575342,9.80769,10.2593,0.451575
08-May-2026,90.2361,0.0575342,5.50011,6.19603,0.695923
08-May-2026,94.9854,0.0575342,2.1878,2.80517,0.617365
08-May-2026,99.7346,0.0575342,0.483504,0.667054,0.18355
08-May-2026,104.484,0.0575342,0.0435779,0.076109,0.0325311
08-May-2026,109.233,0.0575342,0.00132674,0.0072432,0.00591646
08-May-2026,113.982,0.0575342,1.56324e-05,0.000678358,0.000662726
08-May-2026,75.9883,0.0767123,19.2456,19.4191,0.173547
08-May-2026,80.7376,0.0767123,14.5404,14.892,0.351638
08-May-2026,85.4868,0.0767123,9.95305,10.5617,0.608669
08-May-2026,90.2361,0.0767123,5.76821,6.57942,0.811215
08-May-2026,94.9854,0.0767123,2.52666,3.20342,0.676758
08-May-2026,99.7346,0.0767123,0.703445,0.932476,0.229031
08-May-2026,104.484,0.0767123,0.100286,0.15269,0.0524042
08-May-2026,109.233,0.0767123,0.00640517,0.0222741,0.0158689
08-May-2026,113.982,0.0767123,0.000201111,0.00329897,0.00309786
08-May-2026,75.9883,0.0958904,19.3085,19.5808,0.272283
08-May-2026,80.7376,0.0958904,14.632,15.1165,0.484536
08-May-2026,85.4868,0.0958904,10.1131,10.8571,0.743972
08-May-2026,90.2361,0.0958904,6.03036,6.9335,0.903144
08-May-2026,94.9854,0.0958904,2.83983,3.56806,0.72823
08-May-2026,99.7346,0.0958904,0.926629,1.19964,0.273009
08-May-2026,104.484,0.0958904,0.178386,0.249929,0.0715434
08-May-2026,109.233,0.0958904,0.0183192,0.0477187,0.0293995
08-May-2026,113.982,0.0958904,0.00107284,0.00943622,0.00836338
08-May-2026,75.9883,0.145205,19.5227,20.0959,0.573153
08-May-2026,80.7376,0.145205,14.9525,15.7746,0.822062
08-May-2026,85.4868,0.145205,10.6186,11.66,1.04138
08-May-2026,90.2361,0.145205,6.75302,7.85056,1.09754
08-May-2026,94.9854,0.145205,3.65598,4.51407,0.858087
08-May-2026,99.7346,0.145205,1.57041,1.97131,0.400899
08-May-2026,104.484,0.145205,0.492577,0.620915,0.128338
08-May-2026,109.233,0.145205,0.106871,0.179588,0.0727171
08-May-2026,113.982,0.145205,0.0165116,0.0548927,0.0383811
08-May-2026,75.9883,0.230137,19.9767,20.9813,1.00465
08-May-2026,80.7376,0.230137,15.5945,16.8235,1.22905
08-May-2026,85.4868,0.230137,11.5018,12.8656,1.36378
08-May-2026,90.2361,0.230137,7.8606,9.18359,1.32299
08-May-2026,94.9854,0.230137,4.849,5.90115,1.05215
08-May-2026,99.7346,0.230137,2.61016,3.22687,0.616713
08-May-2026,104.484,0.230137,1.18063,1.441,0.260369
08-May-2026,109.233,0.230137,0.437039,0.573899,0.13686
08-May-2026,113.982,0.230137,0.133347,0.233672,0.100325
08-May-2026,75.9883,0.315068,20.5167,21.8528,1.33609
08-May-2026,80.7376,0.315068,16.3022,17.819,1.51679
08-May-2026,85.4868,0.315068,12.3896,13.9799,1.59028
08-May-2026,90.2361,0.315068,8.89571,10.3988,1.50307
08-May-2026,94.9854,0.315068,5.94004,7.1714,1.23136
08-May-2026,99.7346,0.315068,3.61877,4.4432,0.824433
08-May-2026,104.484,0.315068,1.9706,2.40516,0.43456
08-May-2026,109.233,0.315068,0.944741,1.16527,0.220531
08-May-2026,113.982,0.315068,0.39887,0.551272,0.152402
08-May-2026,75.9883,0.39726,21.0938,22.6823,1.58845
08-May-2026,80.7376,0.39726,17.0203,18.7511,1.7308
08-May-2026,85.4868,0.39726,13.2461,15.0104,1.7643
08-May-2026,90.2361,0.39726,9.85978,11.5139,1.65409
08-May-2026,94.9854,0.39726,6.94764,8.33781,1.39017
08-May-2026,99.7346,0.39726,4.5793,5.58958,1.01028
08-May-2026,104.484,0.39726,2.78848,3.40457,0.616093
08-May-2026,109.233,0.39726,1.55383,1.88998,0.336147
08-May-2026,113.982,0.39726,0.791041,0.999938,0.208897
08-May-2026,75.9883,0.479452,21.7592,23.5661,1.80688
08-May-2026,80.7376,0.479452,17.8187,19.7341,1.91544
08-May-2026,85.4868,0.479452,14.1688,16.088,1.91924
08-May-2026,90.2361,0.479452,10.8767,12.673,1.79631
08-May-2026,94.9854,0.479452,8.00611,9.54981,1.5437
08-May-2026,99.7346,0.479452,5.60784,6.7985,1.19066
08-May-2026,104.484,0.479452,3.70933,4.51592,0.806586
08-May-2026,109.233,0.479452,2.303,2.78984,0.486841
08-May-2026,113.982,0.479452,1.33953,1.6331,0.29357
08-May-2026,75.9883,0.564384,22.3999,24.3696,1.96975
08-May-2026,80.7376,0.564384,18.568,20.6212,2.05325
08-May-2026,85.4868,0.564384,15.0164,17.0543,2.03789
08-May-2026,90.2361,0.564384,11.7984,13.7075,1.9091
08-May-2026,94.9854,0.564384,8.9632,10.6307,1.66754
08-May-2026,99.7346,0.564384,6.54981,7.88667,1.33686
08-May-2026,104.484,0.564384,4.58037,5.54842,0.968053
08-May-2026,109.233,0.564384,3.05283,3.68586,0.63303
08-May-2026,113.982,0.564384,1.93593,2.32911,0.393179
08-May-2026,75.9883,0.649315,23.1118,25.2237,2.11192
08-May-2026,80.7376,0.649315,19.3851,21.5587,2.17357
08-May-2026,85.4868,0.649315,15.9269,18.0702,2.14328
08-May-2026,90.2361,0.649315,12.7794,14.7911,2.01174
08-May-2026,94.9854,0.649315,9.98044,11.7623,1.78185
08-May-2026,99.7346,0.649315,7.55987,9.03274,1.47287
08-May-2026,104.484,0.649315,5.53509,6.65792,1.12283
08-May-2026,109.233,0.649315,3.90648,4.69204,0.785556
08-May-2026,113.982,0.649315,2.65405,3.16791,0.513859
08-May-2026,75.9883,0.728767,23.7074,25.9138,2.20644
08-May-2026,80.7376,0.728767,20.0595,22.3127,2.25324
08-May-2026,85.4868,0.728767,16.6704,18.8842,2.21375
08-May-2026,90.2361,0.728767,13.5752,15.6569,2.08174
08-May-2026,94.9854,0.728767,10.8049,12.6659,1.86098
08-May-2026,99.7346,0.728767,8.38358,9.95169,1.56811
08-May-2026,104.484,0.728767,6.32546,7.55927,1.23381
08-May-2026,109.233,0.728767,4.63161,5.53281,0.901198
08-May-2026,113.982,0.728767,3.28764,3.90282,0.615178
08-May-2026,75.9883,0.805479,24.3202,26.6048,2.28457
08-May-2026,80.7376,0.805479,20.7464,23.0651,2.3187
08-May-2026,85.4868,0.805479,17.4219,19.6939,2.27197
08-May-2026,90.2361,0.805479,14.376,16.5164,2.14038
08-May-2026,94.9854,0.805479,11.634,13.5624,1.92845
08-May-2026,99.7346,0.805479,9.21553,10.8661,1.65052
08-May-2026,104.484,0.805479,7.13203,8.46388,1.33185
08-May-2026,109.233,0.805479,5.38472,6.39211,1.00739
08-May-2026,113.982,0.805479,3.96283,4.67765,0.714824
08-May-2026,75.9883,0.89589,25.04,27.3957,2.35566
08-May-2026,80.7376,0.89589,21.5462,23.9235,2.37733
08-May-2026,85.4868,0.89589,18.2911,20.6152,2.32408
08-May-2026,90.2361,0.89589,15.2986,17.4924,2.19378
08-May-2026,94.9854,0.89589,12.5888,14.5802,1.99139
08-May-2026,99.7346,0.89589,10.1771,11.9064,1.72935
08-May-2026,104.484,0.89589,8.07252,9.50052,1.428
08-May-2026,109.233,0.89589,6.27593,7.39133,1.1154
08-May-2026,113.982,0.89589,4.77931,5.60148,0.822166
11-May-2026,75.1093,0.0109589,18.8017,18.8018,0.000104815
11-May-2026,79.8037,0.0109589,14.1089,14.1089,3.78718e-05
11-May-2026,84.498,0.0109589,9.41612,9.41714,0.0010237
11-May-2026,89.1923,0.0109589,4.72768,4.77571,0.0480272
11-May-2026,93.8867,0.0109589,0.746595,0.979032,0.232437
11-May-2026,98.581,0.0109589,0.0019628,0.00594442,0.00398162
11-May-2026,103.275,0.0109589,2.12171e-09,5.28888e-08,5.07671e-08
11-May-2026,75.1093,0.030137,18.8688,18.8742,0.00540912
11-May-2026,79.8037,0.030137,14.1804,14.2099,0.0294539
11-May-2026,84.498,0.030137,9.50115,9.63051,0.129357
11-May-2026,89.1923,0.030137,4.98186,5.35068,0.368821
11-May-2026,93.8867,0.030137,1.49141,1.91434,0.422926
11-May-2026,98.581,0.030137,0.143492,0.213114,0.0696217
11-May-2026,103.275,0.030137,0.0021402,0.00492928,0.00278908
11-May-2026,107.97,0.030137,3.11549e-06,6.27226e-05,5.96072e-05
11-May-2026,112.664,0.030137,5.67463e-10,6.77384e-07,6.76817e-07
11-May-2026,75.1093,0.0493151,18.9238,18.9625,0.0387115
11-May-2026,79.8037,0.0493151,14.2426,14.362,0.119416
11-May-2026,84.498,0.0493151,9.60479,9.90985,0.305064
11-May-2026,89.1923,0.0493151,5.25467,5.80505,0.550383
11-May-2026,93.8867,0.0493151,1.92393,2.43237,0.508438
11-May-2026,98.581,0.0493151,0.345026,0.458961,0.113935
11-May-2026,103.275,0.0493151,0.0204412,0.0334152,0.012974
11-May-2026,107.97,0.0493151,0.000308396,0.00182811,0.00151971
11-May-2026,112.664,0.0493151,1.34967e-06,9.46447e-05,9.32951e-05
11-May-2026,75.1093,0.0684932,18.9932,19.1153,0.122085
11-May-2026,79.8037,0.0684932,14.3323,14.6028,0.270499
11-May-2026,84.498,0.0684932,9.77121,10.2763,0.505088
11-May-2026,89.1923,0.0684932,5.59257,6.29913,0.706555
11-May-2026,93.8867,0.0684932,2.37278,2.95452,0.581739
11-May-2026,98.581,0.0684932,0.617872,0.776448,0.158576
11-May-2026,103.275,0.0684932,0.0780859,0.106258,0.0281725
11-May-2026,107.97,0.0684932,0.00408716,0.0125597,0.00847256
11-May-2026,112.664,0.0684932,9.54208e-05,0.00148473,0.00138931
11-May-2026,75.1093,0.0876712,19.0541,19.2666,0.212496
11-May-2026,79.8037,0.0876712,14.4198,14.8205,0.400667
11-May-2026,84.498,0.0876712,9.92864,10.5732,0.644552
11-May-2026,89.1923,0.0876712,5.8629,6.66467,0.801769
11-May-2026,93.8867,0.0876712,2.70241,3.33212,0.62971
11-May-2026,98.581,0.0876712,0.847005,1.04018,0.193179
11-May-2026,103.275,0.0876712,0.152408,0.191664,0.0392563
11-May-2026,107.97,0.0876712,0.0140253,0.0319394,0.0179141
11-May-2026,112.664,0.0876712,0.000694492,0.00545973,0.00476524
11-May-2026,75.1093,0.136986,19.263,19.767,0.503962
11-May-2026,79.8037,0.136986,14.7343,15.4721,0.737849
11-May-2026,84.498,0.136986,10.4362,11.3822,0.945952
11-May-2026,89.1923,0.136986,6.6052,7.59857,0.993373
11-May-2026,93.8867,0.136986,3.54818,4.29436,0.746181
11-May-2026,98.581,0.136986,1.50728,1.80469,0.297409
11-May-2026,103.275,0.136986,0.465826,0.535352,0.069526
11-May-2026,107.97,0.136986,0.0987748,0.146256,0.0474813
11-May-2026,112.664,0.136986,0.014656,0.0422165,0.0275605
11-May-2026,75.1093,0.221918,19.7141,20.6439,0.929783
11-May-2026,79.8037,0.221918,15.378,16.5181,1.14015
11-May-2026,84.498,0.221918,11.3305,12.5905,1.26001
11-May-2026,89.1923,0.221918,7.73448,8.93803,1.20355
11-May-2026,93.8867,0.221918,4.76709,5.68653,0.919436
11-May-2026,98.581,0.221918,2.56695,3.05168,0.484729
11-May-2026,103.275,0.221918,1.16403,1.3234,0.159375
11-May-2026,107.97,0.221918,0.432633,0.512389,0.0797558
11-May-2026,112.664,0.221918,0.132213,0.203985,0.0717716
11-May-2026,75.1093,0.306849,20.2565,21.5099,1.25343
11-May-2026,79.8037,0.306849,16.0919,17.5098,1.41793
11-May-2026,84.498,0.306849,12.229,13.7025,1.47354
11-May-2026,89.1923,0.306849,8.78374,10.1519,1.36816
11-May-2026,93.8867,0.306849,5.87311,6.95491,1.0818
11-May-2026,98.581,0.306849,3.589,4.26098,0.671978
11-May-2026,103.275,0.306849,1.96542,2.26725,0.301832
11-May-2026,107.97,0.306849,0.950066,1.07757,0.127507
11-May-2026,112.664,0.306849,0.404829,0.502256,0.097427
11-May-2026,75.1093,0.389041,20.8379,22.3345,1.49656
11-May-2026,79.8037,0.389041,16.8166,18.4375,1.62095
11-May-2026,84.498,0.389041,13.0942,14.7292,1.63499
11-May-2026,89.1923,0.389041,9.75758,11.2635,1.50589
11-May-2026,93.8867,0.389041,6.89052,8.11753,1.22701
11-May-2026,98.581,0.389041,4.5589,5.40107,0.842174
11-May-2026,103.275,0.389041,2.79284,3.25333,0.460494
11-May-2026,107.97,0.389041,1.56952,1.78142,0.211902
11-May-2026,112.664,0.389041,0.807239,0.931186,0.123947
11-May-2026,75.1093,0.471233,21.4788,23.1753,1.69654
11-May-2026,79.8037,0.471233,17.5866,19.3737,1.78711
11-May-2026,84.498,0.471233,13.9844,15.7563,1.77186
11-May-2026,89.1923,0.471233,10.7386,12.3688,1.63024
11-May-2026,93.8867,0.471233,7.91109,9.2733,1.36221
11-May-2026,98.581,0.471233,5.55045,6.55214,1.00169
11-May-2026,103.275,0.471233,3.68143,4.30593,0.624501
11-May-2026,107.97,0.471233,2.29471,2.62393,0.32922
11-May-2026,112.664,0.471233,1.3412,1.51498,0.173778
11-May-2026,75.1093,0.556164,22.1539,24.0118,1.85786
11-May-2026,79.8037,0.556164,18.3764,20.2977,1.92133
11-May-2026,84.498,0.556164,14.8777,16.7633,1.88561
11-May-2026,89.1923,0.556164,11.7096,13.4475,1.73788
11-May-2026,93.8867,0.556164,8.91887,10.4004,1.48151
11-May-2026,98.581,0.556164,6.54221,7.68563,1.14342
11-May-2026,103.275,0.556164,4.59938,5.37795,0.778567
11-May-2026,107.97,0.556164,3.08704,3.54753,0.460486
11-May-2026,112.664,0.556164,1.97455,2.22451,0.24996
11-May-2026,75.1093,0.641096,22.8399,24.8251,1.98516
11-May-2026,79.8037,0.641096,19.1636,21.1908,2.02725
11-May-2026,84.498,0.641096,15.7545,17.7316,1.97712
11-May-2026,89.1923,0.641096,12.6537,14.4807,1.82699
11-May-2026,93.8867,0.641096,9.8974,11.4793,1.58189
11-May-2026,98.581,0.641096,7.51383,8.77767,1.26384
11-May-2026,103.275,0.641096,5.51862,6.43299,0.914371
11-May-2026,107.97,0.641096,3.91095,4.50005,0.589103
11-May-2026,112.664,0.641096,2.67064,3.01268,0.342039
11-May-2026,75.1093,0.720548,23.4696,25.5466,2.077
11-May-2026,79.8037,0.720548,19.8763,21.9796,2.10327
11-May-2026,84.498,0.720548,16.5398,18.5833,2.04351
11-May-2026,89.1923,0.720548,13.4937,15.3868,1.89313
11-May-2026,93.8867,0.720548,10.7673,12.425,1.6577
11-May-2026,98.581,0.720548,8.38294,9.73899,1.35605
11-May-2026,103.275,0.720548,6.35323,7.37454,1.02131
11-May-2026,107.97,0.720548,4.67822,5.37563,0.697409
11-May-2026,112.664,0.720548,3.34343,3.774,0.430567
11-May-2026,75.1093,0.79726,24.0855,26.2333,2.14779
11-May-2026,79.8037,0.79726,20.5661,22.7275,2.1614
11-May-2026,84.498,0.79726,17.2939,19.3884,2.09453
11-May-2026,89.1923,0.79726,14.2966,16.2415,1.94492
11-May-2026,93.8867,0.79726,11.5983,13.3166,1.7183
11-May-2026,98.581,0.79726,9.21693,10.648,1.43109
11-May-2026,103.275,0.79726,7.16256,8.27312,1.11056
11-May-2026,107.97,0.79726,5.43551,6.22768,0.79217
11-May-2026,112.664,0.79726,4.02485,4.53994,0.515086
11-May-2026,75.1093,0.887671,24.7776,26.9863,2.20868
11-May-2026,79.8037,0.887671,21.3347,23.545,2.21031
11-May-2026,84.498,0.887671,18.1286,20.266,2.13742
11-May-2026,89.1923,0.887671,15.1821,17.1713,1.98925
11-May-2026,93.8867,0.887671,12.5144,14.2862,1.7718
11-May-2026,98.581,0.887671,10.1395,11.6389,1.49943
11-May-2026,103.275,0.887671,8.06551,9.2597,1.19419
11-May-2026,107.97,0.887671,6.29245,7.17716,0.884707
11-May-2026,112.664,0.887671,4.81198,5.41542,0.603442
12-May-2026,75.2485,0.00821918,18.8309,18.8309,3.57144e-05
12-May-2026,79.9515,0.00821918,14.129,14.129,3.7311e-05
12-May-2026,84.6545,0.00821918,9.42717,9.42736,0.000186112
12-May-2026,89.3576,0.00821918,4.72629,4.74894,0.0226451
12-May-2026,94.0606,0.00821918,0.63681,0.848317,0.211507
12-May-2026,98.7636,0.00821918,0.00032423,0.00162178,0.00129755
12-May-2026,103.467,0.00821918,2.67126e-12,4.39038e-10,4.36367e-10
12-May-2026,108.17,0.00821918,1.50905e-15,1.31148e-15,1.97574e-16
12-May-2026,112.873,0.00821918,1.53287e-15,1.28369e-15,2.49177e-16
12-May-2026,75.2485,0.0273973,18.8996,18.9034,0.00376365
12-May-2026,79.9515,0.0273973,14.2022,14.2252,0.0229748
12-May-2026,84.6545,0.0273973,9.51106,9.62281,0.111753
12-May-2026,89.3576,0.0273973,4.95795,5.30903,0.351076
12-May-2026,94.0606,0.0273973,1.42463,1.85322,0.428586
12-May-2026,98.7636,0.0273973,0.117435,0.188428,0.0709929
12-May-2026,103.467,0.0273973,0.00120522,0.0035208,0.00231558
12-May-2026,108.17,0.0273973,9.29355e-07,3.40226e-05,3.30932e-05
12-May-2026,112.873,0.0273973,7.44412e-11,2.72799e-07,2.72725e-07
12-May-2026,75.2485,0.0465753,18.956,18.9892,0.0331905
12-May-2026,79.9515,0.0465753,14.2648,14.3725,0.107684
12-May-2026,84.6545,0.0465753,9.61061,9.89885,0.288244
12-May-2026,89.3576,0.0465753,5.22648,5.77072,0.544241
12-May-2026,94.0606,0.0465753,1.86588,2.38686,0.520978
12-May-2026,98.7636,0.0465753,0.310506,0.432393,0.121887
12-May-2026,103.467,0.0465753,0.0155969,0.0289208,0.0133239
12-May-2026,108.17,0.0465753,0.000179284,0.0014237,0.00124441
12-May-2026,112.873,0.0465753,5.5482e-07,6.57678e-05,6.52129e-05
12-May-2026,75.2485,0.0657534,19.0265,19.1397,0.113221
12-May-2026,79.9515,0.0657534,14.3539,14.6113,0.257407
12-May-2026,84.6545,0.0657534,9.77315,10.2668,0.493621
12-May-2026,89.3576,0.0657534,5.56394,6.27266,0.708716
12-May-2026,94.0606,0.0657534,2.32149,2.91939,0.5979
12-May-2026,98.7636,0.0657534,0.579689,0.750458,0.170769
12-May-2026,103.467,0.0657534,0.0672593,0.0985426,0.0312833
12-May-2026,108.17,0.0657534,0.00307052,0.0110911,0.00802056
12-May-2026,112.873,0.0657534,6.02892e-05,0.00124331,0.00118302
12-May-2026,75.2485,0.0849315,19.088,19.2904,0.202388
12-May-2026,79.9515,0.0849315,14.4405,14.8293,0.388765
12-May-2026,84.6545,0.0849315,9.92881,10.5661,0.637326
12-May-2026,89.3576,0.0849315,5.83552,6.64332,0.807805
12-May-2026,94.0606,0.0849315,2.65579,3.30257,0.64678
12-May-2026,98.7636,0.0849315,0.808523,1.01529,0.206763
12-May-2026,103.467,0.0849315,0.137519,0.182059,0.0445398
12-May-2026,108.17,0.0849315,0.0115849,0.0294248,0.0178399
12-May-2026,112.873,0.0849315,0.000512915,0.00486504,0.00435212
12-May-2026,75.2485,0.134247,19.2977,19.7925,0.494789
12-May-2026,79.9515,0.134247,14.754,15.4851,0.731113
12-May-2026,84.6545,0.134247,10.4366,11.3827,0.946101
12-May-2026,89.3576,0.134247,6.58522,7.58785,1.00263
12-May-2026,94.0606,0.134247,3.51461,4.27532,0.760714
12-May-2026,98.7636,0.134247,1.47468,1.78387,0.309187
12-May-2026,103.467,0.134247,0.446182,0.522734,0.0765519
12-May-2026,108.17,0.134247,0.0916417,0.141106,0.0494642
12-May-2026,112.873,0.134247,0.0130501,0.0402194,0.0271693
12-May-2026,75.2485,0.219178,19.7521,20.6759,0.923803
12-May-2026,79.9515,0.219178,15.4027,16.5396,1.1369
12-May-2026,84.6545,0.219178,11.3414,12.6015,1.26011
12-May-2026,89.3576,0.219178,7.73297,8.93906,1.20609
12-May-2026,94.0606,0.219178,4.75726,5.67897,0.921715
12-May-2026,98.7636,0.219178,2.55462,3.03856,0.483938
12-May-2026,103.467,0.219178,1.15406,1.31074,0.15668
12-May-2026,108.17,0.219178,0.426711,0.504763,0.0780525
12-May-2026,112.873,0.219178,0.12944,0.199977,0.0705368
12-May-2026,75.2485,0.30411,20.3024,21.5489,1.24652
12-May-2026,79.9515,0.30411,16.1284,17.5392,1.4108
12-May-2026,84.6545,0.30411,12.2569,13.7223,1.46539
12-May-2026,89.3576,0.30411,8.80493,10.1622,1.35731
12-May-2026,94.0606,0.30411,5.88977,6.95669,1.06692
12-May-2026,98.7636,0.30411,3.60296,4.2558,0.652843
12-May-2026,103.467,0.30411,1.97714,2.25842,0.281284
12-May-2026,108.17,0.30411,0.958769,1.06995,0.111185
12-May-2026,112.873,0.30411,0.409979,0.497202,0.0872229
12-May-2026,75.2485,0.386301,20.8956,22.3801,1.48446
12-May-2026,79.9515,0.386301,16.8689,18.4741,1.60523
12-May-2026,84.6545,0.386301,13.1425,14.7567,1.61419
12-May-2026,89.3576,0.386301,9.8034,11.282,1.47856
12-May-2026,94.0606,0.386301,6.93481,8.12757,1.19276
12-May-2026,98.7636,0.386301,4.60136,5.40358,0.802217
12-May-2026,103.467,0.386301,2.83146,3.25012,0.418655
12-May-2026,108.17,0.386301,1.60127,1.77626,0.174994
12-May-2026,112.873,0.386301,0.829928,0.92648,0.096552
12-May-2026,75.2485,0.468493,21.5522,23.2276,1.67543
12-May-2026,79.9515,0.468493,17.6585,19.4175,1.75897
12-May-2026,84.6545,0.468493,14.0564,15.7914,1.73498
12-May-2026,89.3576,0.468493,10.8118,12.3953,1.58349
12-May-2026,94.0606,0.468493,7.98543,9.29145,1.30602
12-May-2026,98.7636,0.468493,5.62427,6.5625,0.938227
12-May-2026,103.467,0.468493,3.75125,4.30942,0.558175
12-May-2026,108.17,0.468493,2.35595,2.62329,0.267337
12-May-2026,112.873,0.468493,1.3899,1.51239,0.122493
12-May-2026,75.2485,0.553425,22.2458,24.0706,1.82484
12-May-2026,79.9515,0.553425,18.4706,20.3485,1.8779
12-May-2026,84.6545,0.553425,14.9756,16.8058,1.83022
12-May-2026,89.3576,0.553425,11.8117,13.4816,1.66993
12-May-2026,94.0606,0.553425,9.02454,10.4264,1.40187
12-May-2026,98.7636,0.553425,6.64886,7.70378,1.05492
12-May-2026,103.467,0.553425,4.70267,5.38862,0.685954
12-May-2026,108.17,0.553425,3.18148,3.55271,0.371228
12-May-2026,112.873,0.553425,2.05491,2.22577,0.170857
12-May-2026,75.2485,0.638356,22.9523,24.8903,1.93801
12-May-2026,79.9515,0.638356,19.2816,21.2484,1.96675
12-May-2026,84.6545,0.638356,15.8793,17.7812,1.9019
12-May-2026,89.3576,0.638356,12.7853,14.5222,1.73689
12-May-2026,94.0606,0.638356,10.0346,11.5129,1.47825
12-May-2026,98.7636,0.638356,7.65353,8.80336,1.14983
12-May-2026,103.467,0.638356,5.65602,6.45091,0.794887
12-May-2026,108.17,0.638356,4.04008,4.51168,0.471601
12-May-2026,112.873,0.638356,2.78552,3.01899,0.233474
12-May-2026,75.2485,0.717808,23.6018,25.6175,2.01567
12-May-2026,79.9515,0.717808,20.0167,22.043,2.02629
12-May-2026,84.6545,0.717808,16.6895,18.6391,1.94959
12-May-2026,89.3576,0.717808,13.6523,15.4348,1.78247
12-May-2026,94.0606,0.717808,10.9332,12.4652,1.53196
12-May-2026,98.7636,0.717808,8.5527,9.77135,1.21865
12-May-2026,103.467,0.717808,6.52183,7.399,0.877167
12-May-2026,108.17,0.717808,4.83949,5.39337,0.553884
12-May-2026,112.873,0.717808,3.49102,3.78558,0.294565
12-May-2026,75.2485,0.794521,24.2376,26.3095,2.07189
12-May-2026,79.9515,0.794521,20.729,22.7965,2.06752
12-May-2026,84.6545,0.794521,17.4681,19.45,1.98195
12-May-2026,89.3576,0.794521,14.4816,16.2955,1.81392
12-May-2026,94.0606,0.794521,11.792,13.363,1.57099
12-May-2026,98.7636,0.794521,9.41578,10.6867,1.27092
12-May-2026,103.467,0.794521,7.36143,8.30386,0.942429
12-May-2026,108.17,0.794521,5.6282,6.25147,0.623269
12-May-2026,112.873,0.794521,4.20483,4.55702,0.352193
12-May-2026,75.2485,0.884932,24.9529,27.0683,2.11539
12-May-2026,79.9515,0.884932,21.5231,23.6201,2.09703
12-May-2026,84.6545,0.884932,18.3305,20.334,2.00349
12-May-2026,89.3576,0.884932,15.3965,17.2319,1.83543
12-May-2026,94.0606,0.884932,12.739,14.3394,1.60037
12-May-2026,98.7636,0.884932,10.3707,11.6845,1.31381
12-May-2026,103.467,0.884932,8.29809,9.29736,0.999268
12-May-2026,108.17,0.884932,6.52025,7.20774,0.687488
12-May-2026,112.873,0.884932,5.02845,5.43891,0.410465
13-May-2026,77.0326,0.00547945,19.2707,19.2706,5.15885e-05
13-May-2026,86.6617,0.00547945,9.64319,9.64312,6.90068e-05
13-May-2026,91.4762,0.00547945,4.82949,4.83525,0.00575966
13-May-2026,96.2907,0.00547945,0.513823,0.707402,0.193579
13-May-2026,101.105,0.00547945,7.82656e-06,0.000149221,0.000141394
13-May-2026,77.0326,0.0246575,19.3397,19.3422,0.00248074
13-May-2026,81.8471,0.0246575,14.5303,14.548,0.0176993
13-May-2026,86.6617,0.0246575,9.72462,9.82169,0.0970681
13-May-2026,91.4762,0.0246575,5.0319,5.37778,0.345882
13-May-2026,96.2907,0.0246575,1.36175,1.82577,0.464015
13-May-2026,101.105,0.0246575,0.0874374,0.167268,0.0798302
13-May-2026,105.92,0.0246575,0.000476173,0.0024446,0.00196843
13-May-2026,110.734,0.0246575,1.27478e-07,1.71905e-05,1.7063e-05
13-May-2026,115.549,0.0246575,2.80971e-12,9.77224e-08,9.77196e-08
13-May-2026,77.0326,0.0438356,19.3961,19.425,0.0289108
13-May-2026,81.8471,0.0438356,14.5921,14.6907,0.098628
13-May-2026,86.6617,0.0438356,9.81728,10.0971,0.279786
13-May-2026,91.4762,0.0438356,5.29132,5.85472,0.563398
13-May-2026,96.2907,0.0438356,1.81306,2.38642,0.573362
13-May-2026,101.105,0.0438356,0.264633,0.413009,0.148376
13-May-2026,105.92,0.0438356,0.00982301,0.0251714,0.0153484
13-May-2026,110.734,0.0438356,6.92489e-05,0.00110375,0.0010345
13-May-2026,115.549,0.0438356,1.19506e-07,4.50112e-05,4.48917e-05
13-May-2026,77.0326,0.0630137,19.4663,19.5735,0.107226
13-May-2026,81.8471,0.0630137,14.6782,14.9295,0.251337
13-May-2026,86.6617,0.0630137,9.97159,10.4714,0.499803
13-May-2026,91.4762,0.0630137,5.62479,6.37315,0.748355
13-May-2026,96.2907,0.0630137,2.27599,2.93932,0.663332
13-May-2026,101.105,0.0630137,0.523563,0.736792,0.213229
13-May-2026,105.92,0.0630137,0.0510325,0.0925303,0.0414978
13-May-2026,110.734,0.0630137,0.00177169,0.00988265,0.00811096
13-May-2026,115.549,0.0630137,2.51655e-05,0.00104686,0.00102169
13-May-2026,77.0326,0.0821918,19.5269,19.7244,0.197543
13-May-2026,81.8471,0.0821918,14.7616,15.1501,0.388528
13-May-2026,86.6617,0.0821918,10.1221,10.7775,0.655408
13-May-2026,91.4762,0.0821918,5.89561,6.75509,0.859482
13-May-2026,96.2907,0.0821918,2.61505,3.33476,0.719713
13-May-2026,101.105,0.0821918,0.747961,1.00692,0.25896
13-May-2026,105.92,0.0821918,0.112182,0.175336,0.063154
13-May-2026,110.734,0.0821918,0.00778228,0.0274345,0.0196522
13-May-2026,115.549,0.0821918,0.000273985,0.00437919,0.0041052
13-May-2026,77.0326,0.131507,19.7318,20.2328,0.501022
13-May-2026,81.8471,0.131507,15.0662,15.8181,0.751867
13-May-2026,86.6617,0.131507,10.6218,11.6134,0.991551
13-May-2026,91.4762,0.131507,6.64866,7.72509,1.07643
13-May-2026,96.2907,0.131507,3.48634,4.3339,0.847562
13-May-2026,101.105,0.131507,1.4113,1.79138,0.380081
13-May-2026,105.92,0.131507,0.400251,0.517668,0.117417
13-May-2026,110.734,0.131507,0.0746609,0.137999,0.0633376
13-May-2026,115.549,0.131507,0.00948135,0.0388241,0.0293427
13-May-2026,77.0326,0.216438,20.1787,21.1322,0.953511
13-May-2026,81.8471,0.216438,15.7079,16.8942,1.18629
13-May-2026,86.6617,0.216438,11.5271,12.8594,1.33233
13-May-2026,91.4762,0.216438,7.81008,9.108,1.29792
13-May-2026,96.2907,0.216438,4.75043,5.77055,1.02012
13-May-2026,101.105,0.216438,2.50167,3.07233,0.570659
13-May-2026,105.92,0.216438,1.09538,1.31571,0.220333
13-May-2026,110.734,0.216438,0.387405,0.503611,0.116206
13-May-2026,115.549,0.216438,0.111334,0.198565,0.0872313
13-May-2026,77.0326,0.30137,20.7264,22.022,1.29557
13-May-2026,81.8471,0.30137,16.4353,17.9141,1.47884
13-May-2026,86.6617,0.30137,12.4522,14.0041,1.55186
13-May-2026,91.4762,0.30137,8.90059,10.358,1.45738
13-May-2026,96.2907,0.30137,5.90643,7.07647,1.17004
13-May-2026,101.105,0.30137,3.56878,4.31512,0.746335
13-May-2026,105.92,0.30137,1.923,2.27921,0.356213
13-May-2026,110.734,0.30137,0.909555,1.07494,0.165386
13-May-2026,115.549,0.30137,0.377197,0.49792,0.120723
13-May-2026,77.0326,0.383562,21.3219,22.8692,1.54729
13-May-2026,81.8471,0.383562,17.1832,18.8679,1.68471
13-May-2026,86.6617,0.383562,13.3519,15.06,1.70809
13-May-2026,91.4762,0.383562,9.91984,11.5016,1.58174
13-May-2026,96.2907,0.383562,6.97589,8.27256,1.29667
13-May-2026,101.105,0.383562,4.58945,5.48693,0.897483
13-May-2026,105.92,0.383562,2.79096,3.28925,0.498294
13-May-2026,110.734,0.383562,1.55396,1.7912,0.237244
13-May-2026,115.549,0.383562,0.790159,0.931581,0.141422
13-May-2026,77.0326,0.465753,21.9852,23.7332,1.74801
13-May-2026,81.8471,0.465753,17.9848,19.8302,1.84537
13-May-2026,86.6617,0.465753,14.2838,16.116,1.83222
13-May-2026,91.4762,0.465753,10.9518,12.6383,1.68654
13-May-2026,96.2907,0.465753,8.05315,9.46115,1.408
13-May-2026,101.105,0.465753,5.63798,6.67005,1.03207
13-May-2026,105.92,0.465753,3.73061,4.36908,0.638468
13-May-2026,110.734,0.465753,2.31933,2.65202,0.332686
13-May-2026,115.549,0.465753,1.35157,1.52488,0.173314
13-May-2026,77.0326,0.550685,22.6892,24.5926,1.90344
13-May-2026,81.8471,0.550685,18.8123,20.7798,1.96754
13-May-2026,86.6617,0.550685,15.2237,17.1513,1.92756
13-May-2026,91.4762,0.550685,11.977,13.7473,1.77035
13-May-2026,96.2907,0.550685,9.12017,10.62,1.49981
13-May-2026,101.105,0.550685,6.69015,7.83506,1.14491
13-May-2026,105.92,0.550685,4.70579,5.46964,0.763853
13-May-2026,110.734,0.550685,3.1619,3.59786,0.435963
13-May-2026,115.549,0.550685,2.02567,2.2487,0.223029
13-May-2026,77.0326,0.635616,23.4086,25.4283,2.0197
13-May-2026,81.8471,0.635616,19.6409,21.6977,2.05679
13-May-2026,86.6617,0.635616,16.1496,18.1466,1.99695
13-May-2026,91.4762,0.635616,12.9765,14.8095,1.83298
13-May-2026,96.2907,0.635616,10.1585,11.7291,1.5706
13-May-2026,101.105,0.635616,7.72316,8.95742,1.23426
13-May-2026,105.92,0.635616,5.68499,6.55318,0.86819
13-May-2026,110.734,0.635616,4.04153,4.57459,0.533056
13-May-2026,115.549,0.635616,2.77104,3.05474,0.283697
13-May-2026,77.0326,0.715068,24.0718,26.1697,2.09787
13-May-2026,81.8471,0.715068,20.3936,22.5082,2.11461
13-May-2026,86.6617,0.715068,16.9809,19.0219,2.041
13-May-2026,91.4762,0.715068,13.8676,15.7409,1.87328
13-May-2026,96.2907,0.715068,11.083,12.7012,1.61817
13-May-2026,101.105,0.715068,8.64849,9.94538,1.29689
13-May-2026,105.92,0.715068,6.57543,7.52033,0.944903
13-May-2026,110.734,0.715068,4.86236,5.47302,0.610665
13-May-2026,115.549,0.715068,3.49352,3.83449,0.340967
13-May-2026,77.0326,0.791781,24.7222,26.8752,2.15303
13-May-2026,81.8471,0.791781,21.1238,23.2768,2.15298
13-May-2026,86.6617,0.791781,17.7806,19.8493,2.06872
13-May-2026,91.4762,0.791781,14.7206,16.6193,1.89871
13-May-2026,96.2907,0.791781,11.9671,13.6176,1.65046
13-May-2026,101.105,0.791781,9.53723,10.8796,1.34232
13-May-2026,105.92,0.791781,7.43969,8.44342,1.00373
13-May-2026,110.734,0.791781,5.67338,6.34766,0.674281
13-May-2026,115.549,0.791781,4.22622,4.61968,0.39346
13-May-2026,77.0326,0.882192,25.455,27.6489,2.19388
13-May-2026,81.8471,0.882192,21.9389,24.1168,2.1779
13-May-2026,86.6617,0.882192,18.6671,20.7512,2.08406
13-May-2026,91.4762,0.882192,15.6622,17.5749,1.91269
13-May-2026,96.2907,0.882192,12.9425,14.614,1.67151
13-May-2026,101.105,0.882192,10.521,11.8978,1.37681
13-May-2026,105.92,0.882192,8.40447,9.45695,1.05248
13-May-2026,110.734,0.882192,6.59161,7.32255,0.730936
13-May-2026,115.549,0.882192,5.07302,5.51772,0.444705
14-May-2026,76.5809,0.00273973,19.1516,19.1517,6.63776e-05
14-May-2026,81.3673,0.00273973,14.3657,14.3657,3.5716e-05
14-May-2026,86.1536,0.00273973,9.57978,9.57976,1.78177e-05
14-May-2026,90.9399,0.00273973,4.79387,4.794,0.000134391
14-May-2026,95.7262,0.00273973,0.361818,0.495961,0.134143
14-May-2026,100.512,0.00273973,3.9428e-09,2.05313e-07,2.0137e-07
14-May-2026,105.299,0.00273973,1.8904e-15,2.98313e-14,2.79409e-14
14-May-2026,110.085,0.00273973,2.09342e-15,5.27515e-16,1.56591e-15
14-May-2026,114.871,0.00273973,2.08943e-15,4.8377e-16,1.60566e-15
14-May-2026,76.5809,0.0219178,19.2216,19.2233,0.00165321
14-May-2026,81.3673,0.0219178,14.4401,14.4528,0.0126802
14-May-2026,86.1536,0.0219178,9.66121,9.7401,0.0788885
14-May-2026,90.9399,0.0219178,4.98089,5.29251,0.31162
14-May-2026,95.7262,0.0219178,1.30756,1.74382,0.436261
14-May-2026,100.512,0.0219178,0.0744818,0.142165,0.0676835
14-May-2026,105.299,0.0219178,0.000304781,0.00156466,0.00125988
14-May-2026,110.085,0.0219178,4.91211e-08,7.59629e-06,7.54717e-06
14-May-2026,114.871,0.0219178,5.1992e-13,2.89702e-08,2.89697e-08
14-May-2026,76.5809,0.0410959,19.2789,19.303,0.0240894
14-May-2026,81.3673,0.0410959,14.5024,14.5887,0.0862592
14-May-2026,86.1536,0.0410959,9.752,10.008,0.255976
14-May-2026,90.9399,0.0410959,5.2396,5.77281,0.533206
14-May-2026,95.7262,0.0410959,1.77154,2.31878,0.547235
14-May-2026,100.512,0.0410959,0.24914,0.382858,0.133718
14-May-2026,105.299,0.0410959,0.00856057,0.02111,0.0125494
14-May-2026,110.085,0.0410959,5.26616e-05,0.000815591,0.000762929
14-May-2026,114.871,0.0410959,7.40801e-08,2.90514e-05,2.89773e-05
14-May-2026,76.5809,0.060274,19.3499,19.4476,0.0977261
14-May-2026,81.3673,0.060274,14.5886,14.8228,0.234187
14-May-2026,86.1536,0.060274,9.90525,10.3801,0.474856
14-May-2026,90.9399,0.060274,5.57558,6.29542,0.719842
14-May-2026,95.7262,0.060274,2.24264,2.879,0.636361
14-May-2026,100.512,0.060274,0.509383,0.704359,0.194976
14-May-2026,105.299,0.060274,0.0485408,0.0844819,0.0359411
14-May-2026,110.085,0.060274,0.00161846,0.00853437,0.00691591
14-May-2026,114.871,0.060274,2.14924e-05,0.000851966,0.000830473
14-May-2026,76.5809,0.0794521,19.411,19.5964,0.185368
14-May-2026,81.3673,0.0794521,14.6721,15.0416,0.369464
14-May-2026,86.1536,0.0794521,10.0559,10.6861,0.630219
14-May-2026,90.9399,0.0794521,5.84886,6.67976,0.830899
14-May-2026,95.7262,0.0794521,2.58619,3.27738,0.691186
14-May-2026,100.512,0.0794521,0.735781,0.973366,0.237585
14-May-2026,105.299,0.0794521,0.109491,0.164577,0.0550862
14-May-2026,110.085,0.0794521,0.0074833,0.0248893,0.017406
14-May-2026,114.871,0.0794521,0.000255748,0.00383149,0.00357574
14-May-2026,76.5809,0.128767,19.6175,20.1019,0.484419
14-May-2026,81.3673,0.128767,14.9782,15.708,0.729798
14-May-2026,86.1536,0.128767,10.5587,11.5229,0.964229
14-May-2026,90.9399,0.128767,6.60855,7.65312,1.04457
14-May-2026,95.7262,0.128767,3.46631,4.27964,0.813331
14-May-2026,100.512,0.128767,1.40547,1.75559,0.350123
14-May-2026,105.299,0.128767,0.400252,0.500877,0.100625
14-May-2026,110.085,0.128767,0.0750735,0.131805,0.0567314
14-May-2026,114.871,0.128767,0.00955526,0.0365979,0.0270426
14-May-2026,76.5809,0.213699,20.0683,21.0003,0.932028
14-May-2026,81.3673,0.213699,15.6251,16.7839,1.1588
14-May-2026,86.1536,0.213699,11.4711,12.7696,1.29849
14-May-2026,90.9399,0.213699,7.77904,9.03697,1.25793
14-May-2026,95.7262,0.213699,4.74032,5.71655,0.976233
14-May-2026,100.512,0.213699,2.50543,3.03399,0.528557
14-May-2026,105.299,0.213699,1.10401,1.29217,0.188158
14-May-2026,110.085,0.213699,0.394013,0.491768,0.0977547
14-May-2026,114.871,0.213699,0.11435,0.19297,0.0786198
14-May-2026,76.5809,0.29863,20.6213,21.8898,1.26848
14-May-2026,81.3673,0.29863,16.3588,17.8035,1.44473
14-May-2026,86.1536,0.29863,12.4033,13.9138,1.5105
14-May-2026,90.9399,0.29863,8.87723,10.2863,1.40909
14-May-2026,95.7262,0.29863,5.90424,7.02144,1.1172
14-May-2026,100.512,0.29863,3.58096,4.27477,0.693812
14-May-2026,105.299,0.29863,1.94099,2.25158,0.310586
14-May-2026,110.085,0.29863,0.925653,1.05821,0.132561
14-May-2026,114.871,0.29863,0.387633,0.48875,0.101117
14-May-2026,76.5809,0.380822,21.2225,22.7367,1.51421
14-May-2026,81.3673,0.380822,17.113,18.7568,1.6438
14-May-2026,86.1536,0.380822,13.3097,14.969,1.65931
14-May-2026,90.9399,0.380822,9.90322,11.4289,1.52571
14-May-2026,95.7262,0.380822,6.98055,8.21625,1.2357
14-May-2026,100.512,0.380822,4.60904,5.44488,0.835841
14-May-2026,105.299,0.380822,2.81762,3.25901,0.441388
14-May-2026,110.085,0.380822,1.57999,1.77089,0.190902
14-May-2026,114.871,0.380822,0.810366,0.919092,0.108726
14-May-2026,76.5809,0.463014,21.8917,23.6004,1.70868
14-May-2026,81.3673,0.463014,17.9209,19.7185,1.79755
14-May-2026,86.1536,0.463014,14.2481,16.0241,1.77604
14-May-2026,90.9399,0.463014,10.9416,12.5645,1.62295
14-May-2026,95.7262,0.463014,8.06435,9.40345,1.3391
14-May-2026,100.512,0.463014,5.66468,6.62636,0.961682
14-May-2026,105.299,0.463014,3.76566,4.3368,0.571144
14-May-2026,110.085,0.463014,2.35542,2.62905,0.273634
14-May-2026,114.871,0.463014,1.38284,1.50952,0.126677
14-May-2026,76.5809,0.547945,22.6017,24.4594,1.8577
14-May-2026,81.3673,0.547945,18.7546,20.6675,1.91285
14-May-2026,86.1536,0.547945,15.1942,17.0584,1.86424
14-May-2026,90.9399,0.547945,11.9729,13.6723,1.69945
14-May-2026,95.7262,0.547945,9.13756,10.5609,1.42331
14-May-2026,100.512,0.547945,6.72354,7.78982,1.06628
14-May-2026,105.299,0.547945,4.74871,5.43566,0.686954
14-May-2026,110.085,0.547945,3.20755,3.57293,0.365384
14-May-2026,114.871,0.547945,2.06808,2.23113,0.163048
14-May-2026,76.5809,0.632877,23.3269,25.2946,1.96773
14-May-2026,81.3673,0.632877,19.5891,21.5846,1.99551
14-May-2026,86.1536,0.632877,16.1259,18.0528,1.92688
14-May-2026,90.9399,0.632877,12.9782,14.7333,1.75509
14-May-2026,95.7262,0.632877,10.1816,11.6686,1.48703
14-May-2026,100.512,0.632877,7.76274,8.91071,1.14797
14-May-2026,105.299,0.632877,5.73512,6.5177,0.782579
14-May-2026,110.085,0.632877,4.09595,4.54811,0.45216
14-May-2026,114.871,0.632877,2.82393,3.03554,0.211614
14-May-2026,76.5809,0.712329,23.9951,26.0356,2.04049
14-May-2026,81.3673,0.712329,20.3468,22.3945,2.04769
14-May-2026,86.1536,0.712329,16.9621,18.9273,1.96516
14-May-2026,90.9399,0.712329,13.8741,15.6636,1.78953
14-May-2026,95.7262,0.712329,11.111,12.6395,1.52849
14-May-2026,100.512,0.712329,8.69331,9.8974,1.20409
14-May-2026,105.299,0.712329,6.63163,7.48359,0.851959
14-May-2026,110.085,0.712329,4.92412,5.44534,0.52122
14-May-2026,114.871,0.712329,3.55526,3.81414,0.258882
14-May-2026,76.5809,0.789041,24.6502,26.7407,2.09053
14-May-2026,81.3673,0.789041,21.0816,23.1624,2.08083
14-May-2026,86.1536,0.789041,17.7663,19.7539,1.98755
14-May-2026,90.9399,0.789041,14.7315,16.5411,1.80956
14-May-2026,95.7262,0.789041,11.9996,13.5547,1.55514
14-May-2026,100.512,0.789041,9.58683,10.8304,1.24355
14-May-2026,105.299,0.789041,7.50137,8.40552,0.904148
14-May-2026,110.085,0.789041,5.74172,6.31891,0.577185
14-May-2026,114.871,0.789041,4.29594,4.59839,0.302451
14-May-2026,76.5809,0.879452,25.3879,27.5139,2.126
14-May-2026,81.3673,0.879452,21.9016,24.0018,2.10015
14-May-2026,86.1536,0.879452,18.6576,20.6548,1.99717
14-May-2026,90.9399,0.879452,15.6777,17.4955,1.81783
14-May-2026,95.7262,0.879452,12.9796,14.55,1.57036
14-May-2026,100.512,0.879452,10.5756,11.8473,1.27175
14-May-2026,105.299,0.879452,8.47185,9.4178,0.945945
14-May-2026,110.085,0.879452,6.66677,7.29266,0.625895
14-May-2026,114.871,0.879452,5.151,5.4955,0.344495
15-May-2026,75.1006,0.0191781,18.8419,18.8428,0.000897983
15-May-2026,79.7944,0.0191781,14.1523,14.1608,0.00854155
15-May-2026,84.4881,0.0191781,9.46481,9.52592,0.0611071
15-May-2026,89.1819,0.0191781,4.8673,5.1336,0.266302
15-May-2026,93.8757,0.0191781,1.25766,1.63479,0.377129
15-May-2026,98.5695,0.0191781,0.068584,0.116155,0.0475711
15-May-2026,103.263,0.0191781,0.000262208,0.00091556,0.000653352
15-May-2026,107.957,0.0191781,3.62442e-08,2.86775e-06,2.8315e-06
15-May-2026,112.651,0.0191781,2.69063e-13,6.81154e-09,6.81127e-09
15-May-2026,75.1006,0.0383562,18.8966,18.916,0.0193982
15-May-2026,79.7944,0.0383562,14.2118,14.2852,0.0734474
15-May-2026,84.4881,0.0383562,9.55214,9.77911,0.226969
15-May-2026,89.1819,0.0383562,5.12742,5.60791,0.48049
15-May-2026,93.8757,0.0383562,1.73496,2.21552,0.48056
15-May-2026,98.5695,0.0383562,0.247877,0.346738,0.0988614
15-May-2026,103.263,0.0383562,0.00900136,0.0171197,0.00811838
15-May-2026,107.957,0.0383562,5.98562e-05,0.000575079,0.000515223
15-May-2026,112.651,0.0383562,8.68561e-08,1.76308e-05,1.75439e-05
15-May-2026,75.1006,0.0575342,18.9644,19.0517,0.0872751
15-May-2026,79.7944,0.0575342,14.2948,14.5081,0.213341
15-May-2026,84.4881,0.0575342,9.7037,10.1406,0.436895
15-May-2026,89.1819,0.0575342,5.46636,6.12477,0.65841
15-May-2026,93.8757,0.0575342,2.21226,2.77331,0.561045
15-May-2026,98.5695,0.0575342,0.514633,0.659657,0.145024
15-May-2026,103.263,0.0575342,0.0520888,0.0752932,0.0232044
15-May-2026,107.957,0.0575342,0.00190313,0.00716426,0.00526113
15-May-2026,112.651,0.0575342,2.74376e-05,0.000670825,0.000643387
15-May-2026,75.1006,0.0767123,19.0231,19.1937,0.170613
15-May-2026,79.7944,0.0767123,14.3763,14.7196,0.343252
15-May-2026,84.4881,0.0767123,9.85404,10.4398,0.585796
15-May-2026,89.1819,0.0767123,5.74107,6.50399,0.76292
15-May-2026,93.8757,0.0767123,2.55764,3.16719,0.609548
15-May-2026,98.5695,0.0767123,0.744836,0.922189,0.177353
15-May-2026,103.263,0.0767123,0.116909,0.151058,0.0341487
15-May-2026,107.957,0.0767123,0.00866741,0.0220325,0.0133651
15-May-2026,112.651,0.0767123,0.000321313,0.00326265,0.00294134
15-May-2026,75.1006,0.0958904,19.0867,19.3538,0.267075
15-May-2026,79.7944,0.0958904,14.4707,14.9417,0.471045
15-May-2026,84.4881,0.0958904,10.0195,10.7321,0.712552
15-May-2026,89.1819,0.0958904,6.00975,6.85424,0.844488
15-May-2026,93.8757,0.0958904,2.87757,3.52785,0.650284
15-May-2026,98.5695,0.0958904,0.978035,1.18646,0.208424
15-May-2026,103.263,0.0958904,0.204646,0.247266,0.04262
15-May-2026,107.957,0.0958904,0.0238781,0.0472036,0.0233255
15-May-2026,112.651,0.0958904,0.00161386,0.009333,0.00771914
15-May-2026,75.1006,0.126027,19.2239,19.6827,0.458778
15-May-2026,79.7944,0.126027,14.679,15.3685,0.689453
15-May-2026,84.4881,0.126027,10.3561,11.2594,0.903275
15-May-2026,89.1819,0.126027,6.50015,7.46091,0.960763
15-May-2026,93.8757,0.126027,3.43596,4.15285,0.716889
15-May-2026,98.5695,0.126027,1.41851,1.68613,0.267623
15-May-2026,103.263,0.126027,0.418454,0.474122,0.0556681
15-May-2026,107.957,0.126027,0.0827759,0.123085,0.0403086
15-May-2026,112.651,0.126027,0.0111826,0.033705,0.0225224
15-May-2026,75.1006,0.210959,19.6682,20.5572,0.888999
15-May-2026,79.7944,0.210959,15.3209,16.4187,1.09776
15-May-2026,84.4881,0.210959,11.2626,12.4788,1.21624
15-May-2026,89.1819,0.210959,7.66063,8.8163,1.15567
15-May-2026,93.8757,0.210959,4.69702,5.56037,0.863352
15-May-2026,98.5695,0.210959,2.51152,2.93494,0.423416
15-May-2026,103.263,0.210959,1.12875,1.24054,0.111792
15-May-2026,107.957,0.210959,0.414653,0.469068,0.0544146
15-May-2026,112.651,0.210959,0.124616,0.183158,0.0585423
15-May-2026,75.1006,0.29589,20.2142,21.4241,1.20989
15-May-2026,79.7944,0.29589,16.0464,17.4138,1.36739
15-May-2026,84.4881,0.29589,12.1835,13.5968,1.41327
15-May-2026,89.1819,0.29589,8.74315,10.0379,1.29473
15-May-2026,93.8757,0.29589,5.84264,6.83658,0.993943
15-May-2026,98.5695,0.29589,3.57176,4.14703,0.575269
15-May-2026,103.263,0.29589,1.96008,2.17349,0.213411
15-May-2026,107.957,0.29589,0.951269,1.0165,0.0652274
15-May-2026,112.651,0.29589,0.407154,0.467957,0.0608028
15-May-2026,75.1006,0.378082,20.8066,22.2497,1.44311
15-May-2026,79.7944,0.378082,16.7896,18.344,1.55438
15-May-2026,84.4881,0.378082,13.0754,14.6273,1.55186
15-May-2026,89.1819,0.378082,9.75089,11.1544,1.40353
15-May-2026,93.8757,0.378082,6.89847,8.00444,1.10597
15-May-2026,98.5695,0.378082,4.58087,5.29001,0.709145
15-May-2026,103.263,0.378082,2.82398,3.15496,0.330983
15-May-2026,107.957,0.378082,1.60191,1.70746,0.105551
15-May-2026,112.651,0.378082,0.833599,0.883513,0.0499139
15-May-2026,75.1006,0.460274,21.4648,23.0917,1.62693
15-May-2026,79.7944,0.460274,17.5836,19.2823,1.69866
15-May-2026,84.4881,0.460274,13.9963,15.6574,1.66115
15-May-2026,89.1819,0.460274,10.7684,12.2638,1.49537
15-May-2026,93.8757,0.460274,7.9593,9.16446,1.20516
15-May-2026,98.5695,0.460274,5.61427,6.44401,0.829739
15-May-2026,103.263,0.460274,3.75411,4.20593,0.451819
15-May-2026,107.957,0.460274,2.36667,2.54136,0.174693
15-May-2026,112.651,0.460274,1.40317,1.45498,0.0518129
15-May-2026,75.1006,0.545205,22.1615,23.9293,1.76778
15-May-2026,79.7944,0.545205,18.401,20.2082,1.80717
15-May-2026,84.4881,0.545205,14.9229,16.6672,1.74427
15-May-2026,89.1819,0.545205,11.7771,13.3457,1.56864
15-May-2026,93.8757,0.545205,9.00806,10.2951,1.28707
15-May-2026,98.5695,0.545205,6.64894,7.58029,0.931347
15-May-2026,103.263,0.545205,4.71591,5.27792,0.562007
15-May-2026,107.957,0.545205,3.20298,3.45992,0.256943
15-May-2026,112.651,0.545205,2.07932,2.15487,0.0755488
15-May-2026,75.1006,0.630137,22.8719,24.7437,1.87178
15-May-2026,79.7944,0.630137,19.2179,21.103,1.88509
15-May-2026,84.4881,0.630137,15.8338,17.6378,1.80399
15-May-2026,89.1819,0.630137,12.759,14.3818,1.62278
15-May-2026,93.8757,0.630137,10.0272,11.3771,1.34989
15-May-2026,98.5695,0.630137,7.66313,8.67488,1.01175
15-May-2026,103.263,0.630137,5.67925,6.33372,0.654474
15-May-2026,107.957,0.630137,4.07226,4.4098,0.337542
15-May-2026,112.651,0.630137,2.82141,2.93632,0.11491
15-May-2026,75.1006,0.709589,23.5256,25.4662,1.94058
15-May-2026,79.7944,0.709589,19.9585,21.8931,1.93463
15-May-2026,84.4881,0.709589,16.6506,18.4914,1.84076
15-May-2026,89.1819,0.709589,13.6334,15.2902,1.65679
15-May-2026,93.8757,0.709589,10.9336,12.3252,1.39162
15-May-2026,98.5695,0.709589,8.57051,9.63833,1.06782
15-May-2026,103.263,0.709589,6.55376,7.2763,0.722536
15-May-2026,107.957,0.709589,4.88109,5.28422,0.403133
15-May-2026,112.651,0.709589,3.53726,3.69353,0.156266
15-May-2026,75.1006,0.786301,24.1658,26.1538,1.98798
15-May-2026,79.7944,0.786301,20.6762,22.6423,1.96614
15-May-2026,84.4881,0.786301,17.4355,19.2981,1.86263
15-May-2026,89.1819,0.786301,14.4695,16.1468,1.67734
15-May-2026,93.8757,0.786301,11.7997,13.2189,1.41923
15-May-2026,98.5695,0.786301,9.44123,10.5493,1.10804
15-May-2026,103.263,0.786301,7.40148,8.176,0.774523
15-May-2026,107.957,0.786301,5.67863,6.13585,0.457222
15-May-2026,112.651,0.786301,4.26085,4.45679,0.195939
15-May-2026,75.1006,0.876712,24.8862,26.9077,2.02153
15-May-2026,79.7944,0.876712,21.4764,23.4612,1.98478
15-May-2026,84.4881,0.876712,18.3047,20.1774,1.8727
15-May-2026,89.1819,0.876712,15.3918,17.0786,1.68684
15-May-2026,93.8757,0.876712,12.7545,14.1906,1.43614
15-May-2026,98.5695,0.876712,10.4043,11.5421,1.13782
15-May-2026,103.263,0.876712,8.34681,9.16389,0.817082
15-May-2026,107.957,0.876712,6.58015,7.08536,0.505215
15-May-2026,112.651,0.876712,5.095,5.33036,0.235365
18-May-2026,74.7191,0.0109589,18.7046,18.7046,2.0596e-05
18-May-2026,79.389,0.0109589,14.0362,14.0362,3.57905e-05
18-May-2026,84.059,0.0109589,9.36776,9.36876,0.000999461
18-May-2026,88.7289,0.0109589,4.70422,4.75146,0.0472374
18-May-2026,93.3989,0.0109589,0.754246,0.974285,0.220039
18-May-2026,98.0688,0.0109589,0.00231793,0.00592077,0.00360284
18-May-2026,102.739,0.0109589,4.15456e-09,5.26314e-08,4.84768e-08
18-May-2026,74.7191,0.030137,18.7727,18.778,0.00528087
18-May-2026,79.389,0.030137,14.1088,14.1381,0.0292693
18-May-2026,84.059,0.030137,9.455,9.58247,0.127474
18-May-2026,88.7289,0.030137,4.96818,5.32477,0.356589
18-May-2026,93.3989,0.030137,1.5102,1.90575,0.395553
18-May-2026,98.0688,0.030137,0.154663,0.212358,0.0576955
18-May-2026,102.739,0.030137,0.00271242,0.0049125,0.00220008
18-May-2026,107.409,0.030137,5.17145e-06,6.25606e-05,5.73891e-05
18-May-2026,112.079,0.030137,1.27914e-09,6.75484e-07,6.74205e-07
18-May-2026,74.7191,0.0493151,18.8286,18.8669,0.0383234
18-May-2026,79.389,0.0493151,14.1723,14.2906,0.118262
18-May-2026,84.059,0.0493151,9.56287,9.86147,0.298597
18-May-2026,88.7289,0.0493151,5.24969,5.77779,0.528104
18-May-2026,93.3989,0.0493151,1.95154,2.42198,0.470443
18-May-2026,98.0688,0.0493151,0.367468,0.457451,0.0899826
18-May-2026,102.739,0.0493151,0.0244182,0.0333134,0.00889519
18-May-2026,107.409,0.0493151,0.000443947,0.00182362,0.00137967
18-May-2026,112.079,0.0493151,2.4029e-06,9.44014e-05,9.19985e-05
18-May-2026,74.7191,0.0684932,18.8993,19.0202,0.120902
18-May-2026,79.389,0.0684932,14.2651,14.5314,0.266304
18-May-2026,84.059,0.0684932,9.73635,10.2273,0.490942
18-May-2026,88.7289,0.0684932,5.59817,6.27052,0.672352
18-May-2026,93.3989,0.0684932,2.41153,2.94254,0.531006
18-May-2026,98.0688,0.0684932,0.654415,0.774079,0.119664
18-May-2026,102.739,0.0684932,0.0904441,0.105968,0.0155236
18-May-2026,107.409,0.0684932,0.00545683,0.0125308,0.00707401
18-May-2026,112.079,0.0684932,0.000149937,0.0014812,0.00133126
18-May-2026,74.7191,0.0876712,18.9618,19.1718,0.20996
18-May-2026,79.389,0.0876712,14.3561,14.749,0.39288
18-May-2026,84.059,0.0876712,9.90044,10.5237,0.62323
18-May-2026,88.7289,0.0876712,5.87726,6.63516,0.7579
18-May-2026,93.3989,0.0876712,2.75062,3.3191,0.568476
18-May-2026,98.0688,0.0876712,0.895275,1.03717,0.141896
18-May-2026,102.739,0.0876712,0.174122,0.191181,0.0170594
18-May-2026,107.409,0.0876712,0.0180968,0.0318701,0.0137733
18-May-2026,112.079,0.0876712,0.00103112,0.0054475,0.00441638
18-May-2026,74.7191,0.117808,19.0798,19.4537,0.373895
18-May-2026,79.389,0.117808,14.5354,15.1243,0.588938
18-May-2026,84.059,0.117808,10.1992,10.9986,0.7994
18-May-2026,88.7289,0.117808,6.32719,7.18981,0.86262
18-May-2026,93.3989,0.117808,3.26972,3.88977,0.62005
18-May-2026,98.0688,0.117808,1.29753,1.47751,0.179981
18-May-2026,102.739,0.117808,0.359114,0.373731,0.0146174
18-May-2026,107.409,0.117808,0.0644828,0.0873325,0.0228497
18-May-2026,112.079,0.117808,0.00759404,0.0214193,0.0138252
18-May-2026,74.7191,0.20274,19.519,20.3248,0.805821
18-May-2026,79.389,0.20274,15.1777,16.1836,1.00589
18-May-2026,84.059,0.20274,11.1237,12.2407,1.11698
18-May-2026,88.7289,0.20274,7.52995,8.57731,1.04736
18-May-2026,93.3989,0.20274,4.58424,5.32766,0.743417
18-May-2026,98.0688,0.20274,2.42722,2.72941,0.302188
18-May-2026,102.739,0.20274,1.07666,1.10051,0.023851
18-May-2026,107.409,0.20274,0.388499,0.398205,0.00970617
18-May-2026,112.079,0.20274,0.11377,0.149828,0.0360585
18-May-2026,74.7191,0.287671,20.098,21.2357,1.13769
18-May-2026,79.389,0.287671,15.9518,17.2327,1.28088
18-May-2026,84.059,0.287671,12.1118,13.422,1.31017
18-May-2026,88.7289,0.287671,8.69575,9.86953,1.17378
18-May-2026,93.3989,0.287671,5.81931,6.67667,0.857358
18-May-2026,98.0688,0.287671,3.56884,4.00264,0.433801
18-May-2026,102.739,0.287671,1.96984,2.05933,0.0894916
18-May-2026,107.409,0.287671,0.964291,0.943912,0.0203787
18-May-2026,112.079,0.287671,0.416941,0.427746,0.0108049
18-May-2026,74.7191,0.369863,20.7036,22.0646,1.361
18-May-2026,79.389,0.369863,16.7127,18.1676,1.45486
18-May-2026,84.059,0.369863,13.0258,14.4584,1.43264
18-May-2026,88.7289,0.369863,9.7288,10.993,1.26423
18-May-2026,93.3989,0.369863,6.90168,7.85147,0.949795
18-May-2026,98.0688,0.369863,4.60397,5.14961,0.545635
18-May-2026,102.739,0.369863,2.85833,3.03574,0.177406
18-May-2026,107.409,0.369863,1.63754,1.61998,0.0175605
18-May-2026,112.079,0.369863,0.862657,0.827922,0.0347345
18-May-2026,74.7191,0.452055,21.3775,22.9099,1.53243
18-May-2026,79.389,0.452055,17.526,19.11,1.58403
18-May-2026,84.059,0.452055,13.9689,15.4937,1.52478
18-May-2026,88.7289,0.452055,10.7703,12.1081,1.33782
18-May-2026,93.3989,0.452055,7.98736,9.01732,1.02996
18-May-2026,98.0688,0.452055,5.6624,6.30777,0.645373
18-May-2026,102.739,0.452055,3.81356,4.08561,0.272052
18-May-2026,107.409,0.452055,2.42747,2.44469,0.0172197
18-May-2026,112.079,0.452055,1.45658,1.38587,0.0707114
18-May-2026,74.7191,0.536986,22.0592,23.7138,1.65464
18-May-2026,79.389,0.536986,18.3257,19.9991,1.67345
18-May-2026,84.059,0.536986,14.8752,16.4637,1.58846
18-May-2026,88.7289,0.536986,11.7565,13.1478,1.39127
18-May-2026,93.3989,0.536986,9.01255,10.1037,1.09112
18-May-2026,98.0688,0.536986,6.67434,7.39839,0.724048
18-May-2026,102.739,0.536986,4.75603,5.11117,0.355143
18-May-2026,107.409,0.536986,3.2503,3.31711,0.0668142
18-May-2026,112.079,0.536986,2.12634,2.0432,0.0831386
18-May-2026,74.7191,0.621918,22.8189,24.5682,1.74929
18-May-2026,79.389,0.621918,19.1988,20.9381,1.73934
18-May-2026,84.059,0.621918,15.8484,17.4825,1.63408
18-May-2026,88.7289,0.621918,12.805,14.2355,1.43045
18-May-2026,93.3989,0.621918,10.1005,11.2395,1.13897
18-May-2026,98.0688,0.621918,7.75752,8.54665,0.789126
18-May-2026,102.739,0.621918,5.78668,6.21644,0.429757
18-May-2026,107.409,0.621918,4.18359,4.30696,0.12337
18-May-2026,112.079,0.621918,2.9277,2.85136,0.0763373
18-May-2026,74.7191,0.70137,23.4882,25.2934,1.80519
18-May-2026,79.389,0.70137,19.9564,21.7313,1.77489
18-May-2026,84.059,0.70137,16.6829,18.3394,1.65647
18-May-2026,88.7289,0.70137,13.6977,15.1474,1.44974
18-May-2026,93.3989,0.70137,11.0257,12.1913,1.16557
18-May-2026,98.0688,0.70137,8.6843,9.51344,0.829138
18-May-2026,102.739,0.70137,6.68154,7.16126,0.479716
18-May-2026,107.409,0.70137,5.01422,5.18144,0.16722
18-May-2026,112.079,0.70137,3.66707,3.60556,0.0615078
18-May-2026,74.7191,0.778082,24.1106,25.9494,1.83879
18-May-2026,79.389,0.778082,20.6535,22.4462,1.79266
18-May-2026,84.059,0.778082,17.4446,19.1092,1.66465
18-May-2026,88.7289,0.778082,14.5087,15.965,1.45628
18-May-2026,93.3989,0.778082,11.8655,13.0441,1.17862
18-May-2026,98.0688,0.778082,9.529,10.3824,0.853408
18-May-2026,102.739,0.778082,7.50512,8.01869,0.513574
18-May-2026,107.409,0.778082,5.79119,5.99144,0.200251
18-May-2026,112.079,0.778082,4.37511,4.32898,0.0461332
18-May-2026,74.7191,0.868493,24.8802,26.7401,1.85994
18-May-2026,79.389,0.868493,21.5076,23.305,1.79743
18-May-2026,84.059,0.868493,18.3716,20.0316,1.65997
18-May-2026,88.7289,0.868493,15.4916,16.9424,1.45084
18-May-2026,93.3989,0.868493,12.8829,14.0634,1.18049
18-May-2026,98.0688,0.868493,10.5556,11.4236,0.867971
18-May-2026,102.739,0.868493,8.51409,9.05391,0.539823
18-May-2026,107.409,0.868493,6.7557,6.98502,0.22932
18-May-2026,112.079,0.868493,5.27094,5.24081,0.0301282
19-May-2026,74.927,0.00821918,18.7504,18.7504,3.45402e-05
19-May-2026,79.6099,0.00821918,14.0686,14.0686,3.23059e-05
19-May-2026,84.2928,0.00821918,9.38687,9.38704,0.00017431
19-May-2026,88.9758,0.00821918,4.70648,4.72862,0.0221373
19-May-2026,93.6587,0.00821918,0.657987,0.84468,0.186693
19-May-2026,98.3417,0.00821918,0.00054875,0.0016144,0.00106565
19-May-2026,103.025,0.00821918,2.36716e-11,4.36965e-10,4.13293e-10
19-May-2026,74.927,0.0273973,18.8188,18.8225,0.00368691
19-May-2026,79.6099,0.0273973,14.1415,14.1643,0.0227873
19-May-2026,84.2928,0.0273973,9.47226,9.58159,0.109333
19-May-2026,88.9758,0.0273973,4.95722,5.28625,0.329029
19-May-2026,93.6587,0.0273973,1.47223,1.84523,0.373005
19-May-2026,98.3417,0.0273973,0.139843,0.187595,0.0477523
19-May-2026,103.025,0.0273973,0.0020829,0.00350505,0.00142215
19-May-2026,107.708,0.0273973,2.99073e-06,3.38665e-05,3.08757e-05
19-May-2026,112.39,0.0273973,4.86085e-10,2.71799e-07,2.71313e-07
19-May-2026,74.927,0.0465753,18.8749,18.9079,0.0329926
19-May-2026,79.6099,0.0465753,14.2047,14.3109,0.106211
19-May-2026,84.2928,0.0465753,9.57815,9.8564,0.278251
19-May-2026,88.9758,0.0465753,5.24195,5.74592,0.503971
19-May-2026,93.6587,0.0465753,1.9288,2.37655,0.447753
19-May-2026,98.3417,0.0465753,0.354508,0.430485,0.0759767
19-May-2026,103.025,0.0465753,0.0225281,0.028792,0.00626394
19-May-2026,107.708,0.0465753,0.000379851,0.00141725,0.0010374
19-May-2026,112.39,0.0465753,1.82433e-06,6.55084e-05,6.36841e-05
19-May-2026,74.927,0.0657534,18.9457,19.0577,0.112016
19-May-2026,79.6099,0.0657534,14.297,14.5486,0.25165
19-May-2026,84.2928,0.0657534,9.75171,10.2227,0.470972
19-May-2026,88.9758,0.0657534,5.59653,6.24565,0.649121
19-May-2026,93.6587,0.0657534,2.40078,2.90675,0.505974
19-May-2026,98.3417,0.0657534,0.646941,0.747146,0.100205
19-May-2026,103.025,0.0657534,0.0885548,0.0981042,0.00954941
19-May-2026,107.708,0.0657534,0.00525969,0.0110412,0.00578146
19-May-2026,112.39,0.0657534,0.000140062,0.00123823,0.00109817
19-May-2026,74.927,0.0849315,19.0083,19.2077,0.199387
19-May-2026,79.6099,0.0849315,14.3881,14.7656,0.377525
19-May-2026,84.2928,0.0849315,9.91729,10.5207,0.603427
19-May-2026,88.9758,0.0849315,5.88073,6.61469,0.733957
19-May-2026,93.6587,0.0849315,2.74744,3.28825,0.540811
19-May-2026,98.3417,0.0849315,0.892838,1.0108,0.117965
19-May-2026,103.025,0.0849315,0.173679,0.181249,0.00756957
19-May-2026,107.708,0.0849315,0.0180591,0.0292926,0.0112335
19-May-2026,112.39,0.0849315,0.00102215,0.00484484,0.00382269
19-May-2026,74.927,0.115068,19.1267,19.4887,0.361994
19-May-2026,79.6099,0.115068,14.5687,15.1417,0.572958
19-May-2026,84.2928,0.115068,10.22,10.9988,0.778779
19-May-2026,88.9758,0.115068,6.33881,7.17478,0.835971
19-May-2026,93.6587,0.115068,3.27703,3.8645,0.587467
19-May-2026,98.3417,0.115068,1.30352,1.45241,0.148893
19-May-2026,103.025,0.115068,0.363065,0.361244,0.00182075
19-May-2026,107.708,0.115068,0.0658563,0.0829859,0.0171296
19-May-2026,112.39,0.115068,0.00782576,0.0199951,0.0121693
19-May-2026,74.927,0.2,19.5704,20.3617,0.791269
19-May-2026,79.6099,0.2,15.2198,16.2054,0.985586
19-May-2026,84.2928,0.2,11.1595,12.2482,1.0887
19-May-2026,88.9758,0.2,7.56261,8.57173,1.00912
19-May-2026,93.6587,0.2,4.61555,5.31177,0.69622
19-May-2026,98.3417,0.2,2.45597,2.70867,0.252701
19-May-2026,103.025,0.2,1.09908,1.08425,0.0148303
19-May-2026,107.708,0.2,0.401888,0.389721,0.0121672
19-May-2026,112.39,0.2,0.119585,0.145834,0.026249
19-May-2026,74.927,0.284932,20.1584,21.2759,1.11746
19-May-2026,79.6099,0.284932,16.0069,17.259,1.2521
19-May-2026,84.2928,0.284932,12.1645,13.4351,1.27062
19-May-2026,88.9758,0.284932,8.74832,9.87045,1.12213
19-May-2026,93.6587,0.284932,5.8721,6.66742,0.795318
19-May-2026,98.3417,0.284932,3.61953,3.98675,0.367218
19-May-2026,103.025,0.284932,2.01386,2.04295,0.0290942
19-May-2026,107.708,0.284932,0.997178,0.932447,0.064731
19-May-2026,112.39,0.284932,0.437375,0.421255,0.0161204
19-May-2026,74.927,0.367123,20.7745,22.1079,1.33341
19-May-2026,79.6099,0.367123,16.7812,18.1977,1.41649
19-May-2026,84.2928,0.367123,13.0944,14.4761,1.38166
19-May-2026,88.9758,0.367123,9.79892,10.999,1.20003
19-May-2026,93.6587,0.367123,6.97305,7.84743,0.874381
19-May-2026,98.3417,0.367123,4.67397,5.13818,0.464212
19-May-2026,103.025,0.367123,2.92236,3.02127,0.0989149
19-May-2026,107.708,0.367123,1.69057,1.6074,0.0831722
19-May-2026,112.39,0.367123,0.90155,0.819501,0.0820491
19-May-2026,74.927,0.449315,21.4605,22.9564,1.49593
19-May-2026,79.6099,0.449315,17.6089,19.1439,1.53499
19-May-2026,84.2928,0.449315,14.0538,15.5156,1.46177
19-May-2026,88.9758,0.449315,10.858,12.1188,1.26075
19-May-2026,93.6587,0.449315,8.07725,9.01819,0.940944
19-May-2026,98.3417,0.449315,5.75171,6.30088,0.549175
19-May-2026,103.025,0.449315,3.89791,4.07415,0.176239
19-May-2026,107.708,0.449315,2.50181,2.4326,0.0692063
19-May-2026,112.39,0.449315,1.5168,1.37629,0.140511
19-May-2026,74.927,0.534247,22.1546,23.7634,1.60877
19-May-2026,79.6099,0.534247,18.4229,20.0365,1.61358
19-May-2026,84.2928,0.534247,14.9757,16.4894,1.51374
19-May-2026,88.9758,0.534247,11.8609,13.1627,1.30176
19-May-2026,93.6587,0.534247,9.11979,10.109,0.989203
19-May-2026,98.3417,0.534247,6.78176,7.39576,0.614001
19-May-2026,103.025,0.534247,4.85951,5.10307,0.243561
19-May-2026,107.708,0.534247,3.34499,3.30668,0.038312
19-May-2026,112.39,0.534247,2.2078,2.03356,0.174244
19-May-2026,74.927,0.619178,22.9282,24.6209,1.69274
19-May-2026,79.6099,0.619178,19.3115,20.9791,1.6676
19-May-2026,84.2928,0.619178,15.9656,17.5123,1.54667
19-May-2026,88.9758,0.619178,12.9269,14.2547,1.3278
19-May-2026,93.6587,0.619178,10.2259,11.2493,1.02345
19-May-2026,98.3417,0.619178,7.88396,8.54848,0.664521
19-May-2026,103.025,0.619178,5.91026,6.21219,0.301931
19-May-2026,107.708,0.619178,4.29976,4.29912,0.000642974
19-May-2026,112.39,0.619178,3.03201,2.84273,0.189283
19-May-2026,74.927,0.69863,23.6096,25.3489,1.73926
19-May-2026,79.6099,0.69863,20.0823,21.7753,1.69299
19-May-2026,84.2928,0.69863,16.8142,18.3725,1.55831
19-May-2026,88.9758,0.69863,13.8344,15.1703,1.33589
19-May-2026,93.6587,0.69863,11.1665,12.2049,1.03841
19-May-2026,98.3417,0.69863,8.82671,9.51901,0.692296
19-May-2026,103.025,0.69863,6.82198,7.16041,0.338426
19-May-2026,107.708,0.69863,5.14842,5.17624,0.0278195
19-May-2026,112.39,0.69863,3.79069,3.5985,0.192192
19-May-2026,74.927,0.775342,24.2432,26.0073,1.76412
19-May-2026,79.6099,0.775342,20.7915,22.4929,1.70139
19-May-2026,84.2928,0.775342,17.5888,19.1454,1.55656
19-May-2026,88.9758,0.775342,14.6587,15.991,1.33232
19-May-2026,93.6587,0.775342,12.0201,13.0611,1.04098
19-May-2026,98.3417,0.775342,9.68575,10.3913,0.705561
19-May-2026,103.025,0.775342,7.66065,8.02097,0.360316
19-May-2026,107.708,0.775342,5.9415,5.98886,0.0473592
19-May-2026,112.39,0.775342,4.51604,4.32376,0.192276
19-May-2026,74.927,0.865753,25.0265,26.801,1.77453
19-May-2026,79.6099,0.865753,21.6603,23.355,1.69471
19-May-2026,84.2928,0.865753,18.5312,20.0712,1.54002
19-May-2026,88.9758,0.865753,15.6576,16.9723,1.31466
19-May-2026,93.6587,0.865753,13.054,14.0843,1.03029
19-May-2026,98.3417,0.865753,10.7295,11.4364,0.706942
19-May-2026,103.025,0.865753,8.68762,9.05998,0.372361
19-May-2026,107.708,0.865753,6.92519,6.98579,0.0605983
19-May-2026,112.39,0.865753,5.43245,5.23823,0.194217
20-May-2026,80.4939,0.00547945,14.2183,14.2183,4.9865e-05
20-May-2026,85.2288,0.00547945,9.48411,9.48415,3.52696e-05
20-May-2026,89.9638,0.00547945,4.75001,4.75568,0.00567142
20-May-2026,94.6987,0.00547945,0.497085,0.695917,0.198832
20-May-2026,99.4336,0.00547945,5.25743e-06,0.00014686,0.000141602
20-May-2026,75.759,0.0246575,19.022,19.0245,0.00245357
20-May-2026,80.4939,0.0246575,14.2922,14.3097,0.0174526
20-May-2026,85.2288,0.0246575,9.56609,9.66164,0.0955524
20-May-2026,89.9638,0.0246575,4.95032,5.29098,0.340663
20-May-2026,94.6987,0.0246575,1.34002,1.79706,0.457045
20-May-2026,99.4336,0.0246575,0.0865145,0.164805,0.0782906
20-May-2026,104.169,0.0246575,0.000483612,0.00241054,0.00192692
20-May-2026,108.903,0.0246575,1.34926e-07,1.69643e-05,1.68294e-05
20-May-2026,113.638,0.0246575,3.0339e-12,9.64982e-08,9.64952e-08
20-May-2026,75.759,0.0438356,19.0789,19.1073,0.0284162
20-May-2026,80.4939,0.0438356,14.3547,14.4515,0.0967606
20-May-2026,85.2288,0.0438356,9.66029,9.93387,0.273582
20-May-2026,89.9638,0.0438356,5.21616,5.76133,0.545168
20-May-2026,94.6987,0.0438356,1.80577,2.34957,0.543801
20-May-2026,99.4336,0.0438356,0.27466,0.407085,0.132425
20-May-2026,104.169,0.0438356,0.0113881,0.0248285,0.0134404
20-May-2026,108.903,0.0438356,9.571e-05,0.00108933,0.000993615
20-May-2026,113.638,0.0438356,1.96179e-07,4.44424e-05,4.42462e-05
20-May-2026,75.759,0.0630137,19.1499,19.255,0.105135
20-May-2026,80.4939,0.0630137,14.4428,14.688,0.245199
20-May-2026,85.2288,0.0630137,9.82173,10.3036,0.481918
20-May-2026,89.9638,0.0630137,5.56755,6.27274,0.705186
20-May-2026,94.6987,0.0630137,2.29674,2.89474,0.597999
20-May-2026,99.4336,0.0630137,0.561189,0.726471,0.165282
20-May-2026,104.169,0.0630137,0.0630812,0.0912986,0.0282174
20-May-2026,108.903,0.0630137,0.00274246,0.0097551,0.00701264
20-May-2026,113.638,0.0630137,4.93372e-05,0.00103367,0.000984336
20-May-2026,75.759,0.0821918,19.2118,19.4048,0.192972
20-May-2026,80.4939,0.0821918,14.5302,14.9063,0.376069
20-May-2026,85.2288,0.0821918,9.98308,10.606,0.622927
20-May-2026,89.9638,0.0821918,5.85909,6.64963,0.790539
20-May-2026,94.6987,0.0821918,2.66443,3.28481,0.620379
20-May-2026,99.4336,0.0821918,0.816227,0.99303,0.176803
20-May-2026,104.169,0.0821918,0.142407,0.173043,0.0306363
20-May-2026,108.903,0.0821918,0.0125234,0.0270844,0.014561
20-May-2026,113.638,0.0821918,0.000570781,0.00432439,0.00375361
20-May-2026,75.759,0.112329,19.3287,19.6874,0.358742
20-May-2026,80.4939,0.112329,14.7084,15.2864,0.578
20-May-2026,85.2288,0.112329,10.2905,11.0916,0.801091
20-May-2026,89.9638,0.112329,6.34237,7.22038,0.878013
20-May-2026,94.6987,0.112329,3.23743,3.87199,0.634558
20-May-2026,99.4336,0.112329,1.25983,1.43988,0.180048
20-May-2026,104.169,0.112329,0.339536,0.352036,0.0124996
20-May-2026,108.903,0.112329,0.0588139,0.0794808,0.0206669
20-May-2026,113.638,0.112329,0.00654976,0.0187897,0.01224
20-May-2026,75.759,0.19726,19.7869,20.5705,0.783598
20-May-2026,80.4939,0.19726,15.3946,16.3645,0.969916
20-May-2026,85.2288,0.19726,11.3035,12.3599,1.05643
20-May-2026,89.9638,0.19726,7.6899,8.63968,0.949781
20-May-2026,94.6987,0.19726,4.73677,5.3419,0.605131
20-May-2026,99.4336,0.19726,2.57034,2.7119,0.141564
20-May-2026,104.169,0.19726,1.19302,1.07781,0.115214
20-May-2026,108.903,0.19726,0.461944,0.384903,0.0770414
20-May-2026,113.638,0.19726,0.147732,0.143165,0.00456738
20-May-2026,75.759,0.282192,20.4337,21.4967,1.06298
20-May-2026,80.4939,0.282192,16.2748,17.4325,1.15772
20-May-2026,85.2288,0.282192,12.4416,13.5635,1.12191
20-May-2026,89.9638,0.282192,9.04646,9.95683,0.910366
20-May-2026,94.6987,0.282192,6.19114,6.71657,0.52543
20-May-2026,99.4336,0.282192,3.94221,4.0065,0.0642881
20-May-2026,104.169,0.282192,2.30827,2.04524,0.263034
20-May-2026,108.903,0.282192,1.2302,0.929784,0.300416
20-May-2026,113.638,0.282192,0.593181,0.418613,0.174568
20-May-2026,75.759,0.364384,21.1388,22.3397,1.20093
20-May-2026,80.4939,0.364384,17.1692,18.3838,1.21461
20-May-2026,85.2288,0.364384,13.522,14.6186,1.09657
20-May-2026,89.9638,0.364384,10.2735,11.1007,0.827217
20-May-2026,94.6987,0.364384,7.48765,7.91259,0.424936
20-May-2026,99.4336,0.364384,5.20432,5.17295,0.0313732
20-May-2026,104.169,0.364384,3.42982,3.03454,0.395282
20-May-2026,108.903,0.364384,2.13251,1.61005,0.522459
20-May-2026,113.638,0.364384,1.24671,0.81867,0.42804
20-May-2026,75.759,0.446575,21.9423,23.1995,1.25716
20-May-2026,80.4939,0.446575,18.1427,19.3426,1.1999
20-May-2026,85.2288,0.446575,14.6527,15.672,1.01927
20-May-2026,89.9638,0.446575,11.5247,12.2355,0.710829
20-May-2026,94.6987,0.446575,8.7998,9.099,0.299198
20-May-2026,99.4336,0.446575,6.50254,6.35085,0.151687
20-May-2026,104.169,0.446575,4.63616,4.10017,0.535989
20-May-2026,108.903,0.446575,3.18113,2.44361,0.737523
20-May-2026,113.638,0.446575,2.09685,1.37959,0.717256
20-May-2026,75.759,0.531507,22.7667,24.0171,1.25035
20-May-2026,80.4939,0.531507,19.1102,20.247,1.1368
20-May-2026,85.2288,0.531507,15.7479,16.6588,0.910864
20-May-2026,89.9638,0.531507,12.7167,13.2933,0.576613
20-May-2026,94.6987,0.531507,10.0443,10.2043,0.15996
20-May-2026,99.4336,0.531507,7.746,7.46005,0.285948
20-May-2026,104.169,0.531507,5.82265,5.14199,0.680657
20-May-2026,108.903,0.531507,4.2603,3.32762,0.932683
20-May-2026,113.638,0.531507,3.0311,2.04307,0.988028
20-May-2026,75.759,0.616438,23.693,24.8859,1.19292
20-May-2026,80.4939,0.616438,20.1723,21.2021,1.02976
20-May-2026,85.2288,0.616438,16.9286,17.6951,0.766511
20-May-2026,89.9638,0.616438,13.9875,14.3998,0.412284
20-May-2026,94.6987,0.616438,11.3671,11.3597,0.00744409
20-May-2026,99.4336,0.616438,9.07618,8.62784,0.448339
20-May-2026,104.169,0.616438,7.11397,6.26525,0.848722
20-May-2026,108.903,0.616438,5.46955,4.33202,1.13753
20-May-2026,113.638,0.616438,4.12282,2.86097,1.26185
20-May-2026,75.759,0.69589,24.5119,25.6234,1.11152
20-May-2026,80.4939,0.69589,21.0959,22.0087,0.912829
20-May-2026,85.2288,0.69589,17.9424,18.5667,0.624267
20-May-2026,89.9638,0.69589,15.0701,15.3274,0.257324
20-May-2026,94.6987,0.69589,12.4916,12.3278,0.163832
20-May-2026,99.4336,0.69589,10.212,9.61104,0.60096
20-May-2026,104.169,0.69589,8.22927,7.22565,1.00362
20-May-2026,108.903,0.69589,6.53411,5.22003,1.31408
20-May-2026,113.638,0.69589,5.11046,3.62551,1.48495
20-May-2026,75.759,0.772603,25.2744,26.2905,1.01614
20-May-2026,80.4939,0.772603,21.9458,22.7357,0.789949
20-May-2026,85.2288,0.772603,18.8673,19.3497,0.482369
20-May-2026,89.9638,0.772603,16.0528,16.1589,0.106125
20-May-2026,94.6987,0.772603,13.5109,13.1952,0.315736
20-May-2026,99.4336,0.772603,11.2445,10.4947,0.749778
20-May-2026,104.169,0.772603,9.25066,8.0973,1.15336
20-May-2026,108.903,0.772603,7.52102,6.0429,1.47812
20-May-2026,113.638,0.772603,6.04205,4.35951,1.68254
20-May-2026,75.759,0.863014,26.2166,27.0947,0.878075
20-May-2026,80.4939,0.863014,22.986,23.6092,0.623175
20-May-2026,85.2288,0.863014,19.9912,20.2877,0.296458
20-May-2026,89.9638,0.863014,17.2417,17.153,0.0886911
20-May-2026,94.6987,0.863014,14.7428,14.2317,0.511053
20-May-2026,99.4336,0.863014,12.4951,11.5535,0.941634
20-May-2026,104.169,0.863014,10.4952,9.14975,1.34545
20-May-2026,108.903,0.863014,8.73537,7.05252,1.68285
20-May-2026,113.638,0.863014,7.20417,5.28527,1.9189
21-May-2026,76.5887,0.00273973,19.1537,19.1537,3.47517e-05
21-May-2026,81.3755,0.00273973,14.3673,14.3673,4.31742e-05
21-May-2026,86.1623,0.00273973,9.58094,9.58095,1.15969e-05
21-May-2026,90.9491,0.00273973,4.79455,4.7947,0.000154272
21-May-2026,95.7359,0.00273973,0.355339,0.49612,0.140781
21-May-2026,100.523,0.00273973,4.99563e-09,2.04597e-07,1.99602e-07
21-May-2026,76.5887,0.0219178,19.2256,19.2272,0.00157055
21-May-2026,81.3755,0.0219178,14.4437,14.4564,0.0127148
21-May-2026,86.1623,0.0219178,9.66436,9.74331,0.0789495
21-May-2026,90.9491,0.0219178,4.98243,5.29513,0.312704
21-May-2026,95.7359,0.0219178,1.30638,1.74544,0.439057
21-May-2026,100.523,0.0219178,0.0742383,0.142379,0.0681404
21-May-2026,105.309,0.0219178,0.00030507,0.00157053,0.00126546
21-May-2026,110.096,0.0219178,4.95171e-08,7.62371e-06,7.57419e-06
21-May-2026,114.883,0.0219178,5.18663e-13,2.90636e-08,2.90631e-08
21-May-2026,76.5887,0.0410959,19.2843,19.3084,0.024098
21-May-2026,81.3755,0.0410959,14.5077,14.5938,0.0861327
21-May-2026,86.1623,0.0410959,9.75799,10.0127,0.254719
21-May-2026,90.9491,0.0410959,5.25092,5.77685,0.525928
21-May-2026,95.7359,0.0410959,1.79134,2.32162,0.530285
21-May-2026,100.523,0.0410959,0.261333,0.38365,0.122317
21-May-2026,105.309,0.0410959,0.00992176,0.021189,0.0112672
21-May-2026,110.096,0.0410959,7.16649e-05,0.000818627,0.000746962
21-May-2026,114.883,0.0410959,1.18099e-07,2.91543e-05,2.90362e-05
21-May-2026,76.5887,0.060274,19.3574,19.4548,0.097405
21-May-2026,81.3755,0.060274,14.5973,14.8298,0.23246
21-May-2026,86.1623,0.060274,9.92046,10.3866,0.466152
21-May-2026,90.9491,0.060274,5.60962,6.30116,0.691537
21-May-2026,95.7359,0.060274,2.29747,2.88339,0.585921
21-May-2026,100.523,0.060274,0.552315,0.70613,0.153815
21-May-2026,105.309,0.060274,0.0602237,0.0848122,0.0245885
21-May-2026,110.096,0.060274,0.00248884,0.00856769,0.00607885
21-May-2026,114.883,0.060274,4.15161e-05,0.000855201,0.000813685
21-May-2026,76.5887,0.0794521,19.4208,19.605,0.184154
21-May-2026,81.3755,0.0794521,14.686,15.05,0.363961
21-May-2026,86.1623,0.0794521,10.0842,10.694,0.609838
21-May-2026,90.9491,0.0794521,5.90774,6.68686,0.779124
21-May-2026,95.7359,0.0794521,2.67491,3.28304,0.608128
21-May-2026,100.523,0.0794521,0.812456,0.976074,0.163618
21-May-2026,105.309,0.0794521,0.139682,0.165251,0.0255686
21-May-2026,110.096,0.0794521,0.0119948,0.0249904,0.0129956
21-May-2026,114.883,0.0794521,0.000527049,0.0038467,0.00331965
21-May-2026,76.5887,0.109589,19.5404,19.8904,0.350034
21-May-2026,81.3755,0.109589,14.8674,15.4354,0.567991
21-May-2026,86.1623,0.109589,10.3973,11.1885,0.791175
21-May-2026,90.9491,0.109589,6.40189,7.26976,0.867867
21-May-2026,95.7359,0.109589,3.26167,3.88259,0.620916
21-May-2026,100.523,0.109589,1.26541,1.42911,0.163696
21-May-2026,105.309,0.109589,0.339525,0.343601,0.00407563
21-May-2026,110.096,0.109589,0.058412,0.0761492,0.0177372
21-May-2026,114.883,0.109589,0.00643145,0.0176558,0.0112244
21-May-2026,76.5887,0.194521,20.0089,20.787,0.778124
21-May-2026,81.3755,0.194521,15.5679,16.5315,0.963599
21-May-2026,86.1623,0.194521,11.4316,12.4795,1.04787
21-May-2026,90.9491,0.194521,7.77839,8.71519,0.936797
21-May-2026,95.7359,0.194521,4.79327,5.37875,0.585481
21-May-2026,100.523,0.194521,2.60331,2.71997,0.116665
21-May-2026,105.309,0.194521,1.2103,1.07421,0.13609
21-May-2026,110.096,0.194521,0.469789,0.380983,0.088806
21-May-2026,114.883,0.194521,0.150679,0.140857,0.00982221
21-May-2026,76.5887,0.279452,20.6705,21.7287,1.05823
21-May-2026,81.3755,0.279452,16.4673,17.6175,1.15022
21-May-2026,86.1623,0.279452,12.5937,13.7034,1.10968
21-May-2026,90.9491,0.279452,9.16269,10.0544,0.891704
21-May-2026,95.7359,0.279452,6.27688,6.77597,0.499088
21-May-2026,100.523,0.279452,4.0029,4.03447,0.0315675
21-May-2026,105.309,0.279452,2.34905,2.05347,0.295585
21-May-2026,110.096,0.279452,1.25578,0.929826,0.325954
21-May-2026,114.883,0.279452,0.607871,0.417254,0.190617
21-May-2026,76.5887,0.361644,21.3915,22.586,1.19446
21-May-2026,81.3755,0.361644,17.3809,18.5846,1.20374
21-May-2026,86.1623,0.361644,13.6962,14.7758,1.0796
21-May-2026,90.9491,0.361644,10.4141,11.2169,0.802791
21-May-2026,95.7359,0.361644,7.59875,7.99116,0.392414
21-May-2026,100.523,0.361644,5.28993,5.21909,0.0708428
21-May-2026,105.309,0.361644,3.49374,3.05693,0.436812
21-May-2026,110.096,0.361644,2.17834,1.61791,0.560426
21-May-2026,114.883,0.361644,1.27793,0.820727,0.457203
21-May-2026,76.5887,0.443836,22.2128,23.4601,1.24729
21-May-2026,81.3755,0.443836,18.3748,19.5593,1.18446
21-May-2026,86.1623,0.443836,14.8497,15.8464,0.996657
21-May-2026,90.9491,0.443836,11.6897,12.37,0.680264
21-May-2026,95.7359,0.443836,8.93619,9.19646,0.260268
21-May-2026,100.523,0.443836,6.61339,6.41546,0.197933
21-May-2026,105.309,0.443836,4.72444,4.1387,0.585741
21-May-2026,110.096,0.443836,3.24965,2.46292,0.786726
21-May-2026,114.883,0.443836,2.14837,1.38822,0.760153
21-May-2026,76.5887,0.528767,23.0549,24.2913,1.23641
21-May-2026,81.3755,0.528767,19.3622,20.4785,1.11631
21-May-2026,86.1623,0.528767,15.9665,16.8491,0.882635
21-May-2026,90.9491,0.528767,12.9047,13.4447,0.539986
21-May-2026,95.7359,0.528767,10.2045,10.3193,0.114757
21-May-2026,100.523,0.528767,7.88077,7.5421,0.338665
21-May-2026,105.309,0.528767,5.93447,5.19668,0.737786
21-May-2026,110.096,0.528767,4.35146,3.36009,0.991365
21-May-2026,114.883,0.528767,3.10387,2.0608,1.04307
21-May-2026,76.5887,0.613699,24.0006,25.1746,1.17403
21-May-2026,81.3755,0.613699,20.4458,21.4492,1.0034
21-May-2026,86.1623,0.613699,17.1703,17.9022,0.731918
21-May-2026,90.9491,0.613699,14.1998,14.5688,0.369032
21-May-2026,95.7359,0.613699,11.5522,11.493,0.0592333
21-May-2026,100.523,0.613699,9.23628,8.72831,0.507974
21-May-2026,105.309,0.613699,7.25105,6.33757,0.91348
21-May-2026,110.096,0.613699,5.58548,4.38003,1.20545
21-May-2026,114.883,0.613699,4.21946,2.89092,1.32854
21-May-2026,76.5887,0.693151,24.8365,25.9244,1.08787
21-May-2026,81.3755,0.693151,21.3877,22.269,0.881342
21-May-2026,86.1623,0.693151,18.2036,18.7878,0.584223
21-May-2026,90.9491,0.693151,15.3029,15.5113,0.208372
21-May-2026,95.7359,0.693151,12.6978,12.4764,0.221383
21-May-2026,100.523,0.693151,10.3935,9.72703,0.666469
21-May-2026,105.309,0.693151,8.38791,7.31313,1.07478
21-May-2026,110.096,0.693151,6.67143,5.28202,1.38941
21-May-2026,114.883,0.693151,5.22806,3.66736,1.5607
21-May-2026,76.5887,0.769863,25.6145,26.6025,0.988029
21-May-2026,81.3755,0.769863,22.2543,23.0079,0.753615
21-May-2026,86.1623,0.769863,19.1462,19.5834,0.437231
21-May-2026,90.9491,0.769863,16.304,16.356,0.0520284
21-May-2026,95.7359,0.769863,13.7362,13.3576,0.378643
21-May-2026,100.523,0.769863,11.4454,10.6247,0.820719
21-May-2026,105.309,0.769863,9.42886,8.19859,1.23027
21-May-2026,110.096,0.769863,7.67789,6.11795,1.55994
21-May-2026,114.883,0.769863,6.17899,4.41302,1.76597
21-May-2026,76.5887,0.860274,26.5755,27.4199,0.844444
21-May-2026,81.3755,0.860274,23.3146,23.8956,0.580959
21-May-2026,86.1623,0.860274,20.2914,20.5365,0.245105
21-May-2026,90.9491,0.860274,17.5151,17.366,0.149147
21-May-2026,95.7359,0.860274,14.9909,14.4106,0.580336
21-May-2026,100.523,0.860274,12.7195,11.7002,1.01933
21-May-2026,105.309,0.860274,10.6971,9.26773,1.42937
21-May-2026,110.096,0.860274,8.91598,7.14368,1.7723
21-May-2026,114.883,0.860274,7.36476,5.35364,2.01112
22-May-2026,75.8119,0.0191781,19.0249,19.0259,0.00097427
22-May-2026,80.5502,0.0191781,14.2912,14.2998,0.00859698
22-May-2026,85.2884,0.0191781,9.56004,9.6211,0.0610635
22-May-2026,90.0267,0.0191781,4.92844,5.1869,0.258459
22-May-2026,94.7649,0.0191781,1.30635,1.6535,0.347155
22-May-2026,99.5031,0.0191781,0.0808323,0.117838,0.0370061
22-May-2026,104.241,0.0191781,0.000439757,0.000931057,0.0004913
22-May-2026,108.98,0.0191781,1.10561e-07,2.91724e-06,2.80668e-06
22-May-2026,113.718,0.0191781,1.61169e-12,6.93691e-09,6.9353e-09
22-May-2026,75.8119,0.0383562,19.0838,19.1034,0.0196273
22-May-2026,80.5502,0.0383562,14.3556,14.4292,0.0735575
22-May-2026,85.2884,0.0383562,9.65747,9.88041,0.222935
22-May-2026,90.0267,0.0383562,5.21566,5.66909,0.453427
22-May-2026,94.7649,0.0383562,1.82134,2.24261,0.421273
22-May-2026,99.5031,0.0383562,0.29081,0.352087,0.0612769
22-May-2026,104.241,0.0383562,0.0138973,0.0174199,0.00352257
22-May-2026,108.98,0.0383562,0.000145828,0.000585403,0.000439575
22-May-2026,113.718,0.0383562,3.55812e-07,1.79615e-05,1.76057e-05
22-May-2026,75.8119,0.0575342,19.1573,19.2447,0.0874226
22-May-2026,80.5502,0.0575342,14.4478,14.6586,0.210752
22-May-2026,85.2884,0.0575342,9.83043,10.2496,0.419176
22-May-2026,90.0267,0.0575342,5.59503,6.19489,0.599855
22-May-2026,94.7649,0.0575342,2.34937,2.80933,0.459956
22-May-2026,99.5031,0.0575342,0.607096,0.670406,0.0633099
22-May-2026,104.241,0.0575342,0.0777115,0.0766674,0.00104409
22-May-2026,108.98,0.0575342,0.00416004,0.00729744,0.0031374
22-May-2026,113.718,0.0575342,9.35471e-05,0.0006837,0.000590152
22-May-2026,75.8119,0.0767123,19.2219,19.3915,0.16964
22-May-2026,80.5502,0.0767123,14.5408,14.8754,0.334629
22-May-2026,85.2884,0.0767123,10.0044,10.5551,0.55069
22-May-2026,90.0267,0.0767123,5.90686,6.58098,0.674117
22-May-2026,94.7649,0.0767123,2.73938,3.20997,0.470586
22-May-2026,99.5031,0.0767123,0.883764,0.93773,0.0539657
22-May-2026,104.241,0.0767123,0.171992,0.153902,0.0180895
22-May-2026,108.98,0.0767123,0.0179968,0.0224526,0.00445576
22-May-2026,113.718,0.0767123,0.00100283,0.0033264,0.00232357
22-May-2026,75.8119,0.0958904,19.2933,19.5565,0.263173
22-May-2026,80.5502,0.0958904,14.6505,15.1031,0.452611
22-May-2026,85.2884,0.0958904,10.1977,10.8534,0.655728
22-May-2026,90.0267,0.0958904,6.21545,6.9378,0.722352
22-May-2026,94.7649,0.0958904,3.10617,3.57709,0.470916
22-May-2026,99.5031,0.0958904,1.16705,1.20699,0.0399434
22-May-2026,104.241,0.0958904,0.298302,0.252064,0.0462382
22-May-2026,108.98,0.0958904,0.0477551,0.0481258,0.000370696
22-May-2026,113.718,0.0958904,0.00471784,0.00951864,0.0048008
22-May-2026,75.8119,0.106849,19.3455,19.6729,0.327447
22-May-2026,80.5502,0.106849,14.7323,15.2572,0.524882
22-May-2026,85.2884,0.106849,10.3343,11.0472,0.712915
22-May-2026,90.0267,0.106849,6.41889,7.16316,0.744267
22-May-2026,94.7649,0.106849,3.34134,3.80877,0.46743
22-May-2026,99.5031,0.106849,1.3577,1.38685,0.0291478
22-May-2026,104.241,0.106849,0.397165,0.327467,0.0696983
22-May-2026,108.98,0.106849,0.0781604,0.0712022,0.00695819
22-May-2026,113.718,0.106849,0.0101836,0.0161821,0.00599846
22-May-2026,75.8119,0.191781,19.8353,20.562,0.726748
22-May-2026,80.5502,0.191781,15.4649,16.3461,0.8812
22-May-2026,85.2884,0.191781,11.4055,12.3317,0.926193
22-May-2026,90.0267,0.191781,7.82642,8.60242,0.776003
22-May-2026,94.7649,0.191781,4.8972,5.29792,0.400722
22-May-2026,99.5031,0.191781,2.72968,2.66764,0.0620424
22-May-2026,104.241,0.191781,1.32212,1.046,0.276121
22-May-2026,108.98,0.191781,0.544491,0.368404,0.176087
22-May-2026,113.718,0.191781,0.18855,0.135395,0.0531549
22-May-2026,75.8119,0.276712,20.5211,21.4974,0.976312
22-May-2026,80.5502,0.276712,16.3909,17.4252,1.03432
22-May-2026,85.2884,0.276712,12.5908,13.5481,0.95732
22-May-2026,90.0267,0.276712,9.22688,9.93352,0.706642
22-May-2026,94.7649,0.276712,6.39218,6.68635,0.294171
22-May-2026,99.5031,0.276712,4.1453,3.97245,0.172851
22-May-2026,104.241,0.276712,2.49149,2.01447,0.477017
22-May-2026,108.98,0.276712,1.37581,0.908373,0.467437
22-May-2026,113.718,0.276712,0.694063,0.40631,0.287753
22-May-2026,75.8119,0.358904,21.2607,22.3489,1.08825
22-May-2026,80.5502,0.358904,17.3216,18.386,1.06438
22-May-2026,85.2884,0.358904,13.7063,14.6135,0.907205
22-May-2026,90.0267,0.358904,10.4859,11.0884,0.602455
22-May-2026,94.7649,0.358904,7.7185,7.89337,0.174872
22-May-2026,99.5031,0.358904,5.43901,5.14852,0.29049
22-May-2026,104.241,0.358904,3.65127,3.00905,0.64222
22-May-2026,108.98,0.358904,2.32515,1.58815,0.737004
22-May-2026,113.718,0.358904,1.40038,0.803682,0.596698
22-May-2026,75.8119,0.441096,22.0966,23.2172,1.12064
22-May-2026,80.5502,0.441096,18.3275,19.3541,1.02656
22-May-2026,85.2884,0.441096,14.8674,15.6768,0.809436
22-May-2026,90.0267,0.441096,11.7648,12.2336,0.468788
22-May-2026,94.7649,0.441096,9.05693,9.09036,0.033428
22-May-2026,99.5031,0.441096,6.76478,6.33633,0.428454
22-May-2026,104.241,0.441096,4.88996,4.0822,0.80776
22-May-2026,108.98,0.441096,3.41342,2.42488,0.988544
22-May-2026,113.718,0.441096,2.29734,1.36428,0.933058
22-May-2026,75.8119,0.526027,22.9489,24.0429,1.09399
22-May-2026,80.5502,0.526027,19.3222,20.2671,0.944877
22-May-2026,85.2884,0.526027,15.988,16.6728,0.684751
22-May-2026,90.0267,0.526027,12.9803,13.3009,0.320593
22-May-2026,94.7649,0.526027,10.3238,10.2053,0.118476
22-May-2026,99.5031,0.526027,8.03152,7.45493,0.576586
22-May-2026,104.241,0.526027,6.10307,5.13218,0.970886
22-May-2026,108.98,0.526027,4.52461,3.31436,1.21025
22-May-2026,113.718,0.526027,3.26984,2.03006,1.23978
22-May-2026,75.8119,0.610959,23.9021,24.9203,1.01816
22-May-2026,80.5502,0.610959,20.4101,21.2311,0.821044
22-May-2026,85.2884,0.610959,17.1928,17.7186,0.525766
22-May-2026,90.0267,0.610959,14.2735,14.4172,0.143711
22-May-2026,94.7649,0.610959,11.6682,11.3708,0.297414
22-May-2026,99.5031,0.610959,9.38417,8.63268,0.751489
22-May-2026,104.241,0.610959,7.41958,6.26467,1.15491
22-May-2026,108.98,0.610959,5.76353,4.32623,1.4373
22-May-2026,113.718,0.610959,4.39679,2.85284,1.54395
22-May-2026,75.8119,0.690411,24.742,25.6649,0.922923
22-May-2026,80.5502,0.690411,21.3536,22.0454,0.691761
22-May-2026,85.2884,0.690411,18.2252,18.598,0.372824
22-May-2026,90.0267,0.690411,15.3737,15.3531,0.0206492
22-May-2026,94.7649,0.690411,12.8098,12.3473,0.462505
22-May-2026,99.5031,0.690411,10.5376,9.62429,0.913314
22-May-2026,104.241,0.690411,8.55437,7.23315,1.32122
22-May-2026,108.98,0.690411,6.85062,5.22141,1.62921
22-May-2026,113.718,0.690411,5.41089,3.62299,1.7879
22-May-2026,75.8119,0.767123,25.522,26.3385,0.816483
22-May-2026,80.5502,0.767123,22.2202,22.7791,0.558946
22-May-2026,85.2884,0.767123,19.1658,19.3881,0.222288
22-May-2026,90.0267,0.767123,16.3712,16.1919,0.179332
22-May-2026,94.7649,0.767123,13.8436,13.2222,0.621405
22-May-2026,99.5031,0.767123,11.5851,10.5155,1.06957
22-May-2026,104.241,0.767123,9.59218,8.11222,1.47996
22-May-2026,108.98,0.767123,7.85625,6.05116,1.80509
22-May-2026,113.718,0.767123,6.36423,4.3629,2.00133
22-May-2026,75.8119,0.857534,26.4838,27.1503,0.66653
22-May-2026,80.5502,0.857534,23.279,23.6607,0.381656
22-May-2026,85.2884,0.857534,20.3073,20.3345,0.0271982
22-May-2026,90.0267,0.857534,17.5769,17.1947,0.38223
22-May-2026,94.7649,0.857534,15.0921,14.2677,0.824374
22-May-2026,99.5031,0.857534,12.8529,11.5834,1.26955
22-May-2026,104.241,0.857534,10.8553,9.17368,1.68162
22-May-2026,108.98,0.857534,9.09145,7.06942,2.02203
22-May-2026,113.718,0.857534,7.5503,5.29651,2.25379
25-May-2026,75.4717,0.0109589,18.8944,18.8944,2.57532e-05
25-May-2026,80.1887,0.0109589,14.1791,14.179,6.33528e-05
25-May-2026,84.9056,0.0109589,9.46375,9.46477,0.00102449
25-May-2026,89.6226,0.0109589,4.75409,4.80093,0.046839
25-May-2026,94.3396,0.0109589,0.778651,0.985077,0.206426
25-May-2026,99.0566,0.0109589,0.0029509,0.00600029,0.00304939
25-May-2026,103.774,0.0109589,1.04033e-08,5.34366e-08,4.30333e-08
25-May-2026,75.4717,0.030137,18.9672,18.9725,0.0052734
25-May-2026,80.1887,0.030137,14.2567,14.2861,0.0293553
25-May-2026,84.9056,0.030137,9.55866,9.68484,0.126184
25-May-2026,89.6226,0.030137,5.04454,5.38384,0.339296
25-May-2026,94.3396,0.030137,1.57895,1.92888,0.349932
25-May-2026,99.0566,0.030137,0.1816,0.215501,0.0339013
25-May-2026,103.774,0.030137,0.00429622,0.00499389,0.000697668
25-May-2026,108.491,0.030137,1.36669e-05,6.36487e-05,4.99818e-05
25-May-2026,113.208,0.030137,6.16636e-09,6.87559e-07,6.81393e-07
25-May-2026,75.4717,0.0493151,19.027,19.0655,0.0384788
25-May-2026,80.1887,0.0493151,14.3258,14.4433,0.117522
25-May-2026,84.9056,0.0493151,9.68006,9.96981,0.289747
25-May-2026,89.6226,0.0493151,5.35628,5.84435,0.488069
25-May-2026,94.3396,0.0493151,2.05906,2.45288,0.393817
25-May-2026,99.0566,0.0493151,0.430349,0.464564,0.0342154
25-May-2026,103.774,0.0493151,0.0364631,0.033886,0.00257708
25-May-2026,108.491,0.0493151,0.000995113,0.00185619,0.000861073
25-May-2026,113.208,0.0493151,8.73909e-06,9.61248e-05,8.73857e-05
25-May-2026,75.4717,0.0684932,19.1035,19.224,0.120547
25-May-2026,80.1887,0.0684932,14.4295,14.6904,0.260874
25-May-2026,84.9056,0.0684932,9.87844,10.343,0.46458
25-May-2026,89.6226,0.0684932,5.7469,6.34556,0.598665
25-May-2026,94.3396,0.0684932,2.57,2.98189,0.411889
25-May-2026,99.0566,0.0684932,0.769339,0.786661,0.0173221
25-May-2026,103.774,0.0684932,0.131084,0.107861,0.0232228
25-May-2026,108.491,0.0684932,0.0111295,0.0127609,0.00163139
25-May-2026,113.208,0.0684932,0.000462626,0.00150885,0.00104622
25-May-2026,75.4717,0.0876712,19.1725,19.3801,0.207605
25-May-2026,80.1887,0.0876712,14.5338,14.9131,0.379341
25-May-2026,84.9056,0.0876712,10.0681,10.6453,0.577244
25-May-2026,89.6226,0.0876712,6.06357,6.71674,0.653169
25-May-2026,94.3396,0.0876712,2.95321,3.3649,0.41169
25-May-2026,99.0566,0.0876712,1.05703,1.0545,0.00253069
25-May-2026,103.774,0.0876712,0.249021,0.194699,0.0543218
25-May-2026,108.491,0.0876712,0.035201,0.032468,0.00273303
25-May-2026,113.208,0.0876712,0.00292492,0.00555094,0.00262602
25-May-2026,75.4717,0.0986301,19.223,19.4927,0.269668
25-May-2026,80.1887,0.0986301,14.6127,15.0659,0.453218
25-May-2026,84.9056,0.0986301,10.2038,10.8423,0.638464
25-May-2026,89.6226,0.0986301,6.27209,6.94954,0.677449
25-May-2026,94.3396,0.0986301,3.19701,3.60419,0.407176
25-May-2026,99.0566,0.0986301,1.25091,1.23381,0.0171012
25-May-2026,103.774,0.0986301,0.344091,0.263502,0.0805887
25-May-2026,108.491,0.0986301,0.0617533,0.0515411,0.0102122
25-May-2026,113.208,0.0986301,0.00708372,0.0104576,0.00337386
25-May-2026,75.4717,0.183562,19.7043,20.3742,0.669859
25-May-2026,80.1887,0.183562,15.339,16.1586,0.819563
25-May-2026,84.9056,0.183562,11.2821,12.1443,0.862163
25-May-2026,89.6226,0.183562,7.70772,8.41684,0.709125
25-May-2026,94.3396,0.183562,4.79036,5.12,0.329636
25-May-2026,99.0566,0.183562,2.64388,2.51449,0.12939
25-May-2026,103.774,0.183562,1.26306,0.94774,0.31532
25-May-2026,108.491,0.183562,0.510623,0.321976,0.188647
25-May-2026,113.208,0.183562,0.1726,0.114586,0.0580139
25-May-2026,75.4717,0.268493,20.357,21.27,0.912957
25-May-2026,80.1887,0.268493,16.2268,17.1963,0.969543
25-May-2026,84.9056,0.268493,12.4266,13.3175,0.890933
25-May-2026,89.6226,0.268493,9.06587,9.70256,0.636689
25-May-2026,94.3396,0.268493,6.24131,6.46002,0.218707
25-May-2026,99.0566,0.268493,4.01301,3.7647,0.24831
25-May-2026,103.774,0.268493,2.38489,1.85237,0.532524
25-May-2026,108.491,0.268493,1.29797,0.809543,0.488427
25-May-2026,113.208,0.268493,0.643056,0.353483,0.289573
25-May-2026,75.4717,0.350685,21.0974,22.1248,1.02737
25-May-2026,80.1887,0.350685,17.1631,18.1629,0.999804
25-May-2026,84.9056,0.350685,13.5533,14.3911,0.837792
25-May-2026,89.6226,0.350685,10.3406,10.8674,0.526774
25-May-2026,94.3396,0.350685,7.58448,7.67712,0.0926389
25-May-2026,99.0566,0.350685,5.32034,4.94576,0.374583
25-May-2026,103.774,0.350685,3.55138,2.83655,0.714829
25-May-2026,108.491,0.350685,2.24587,1.46441,0.781459
25-May-2026,113.208,0.350685,1.34136,0.727381,0.613979
25-May-2026,75.4717,0.432877,21.9768,23.0355,1.05867
25-May-2026,80.1887,0.432877,18.2232,19.1793,0.956101
25-May-2026,84.9056,0.432877,14.7784,15.5084,0.730029
25-May-2026,89.6226,0.432877,11.6908,12.0714,0.380635
25-May-2026,94.3396,0.432877,8.99726,8.93547,0.0617927
25-May-2026,99.0566,0.432877,6.71846,6.19202,0.526444
25-May-2026,103.774,0.432877,4.85552,3.95491,0.900606
25-May-2026,108.491,0.432877,3.389,2.32408,1.06492
25-May-2026,113.208,0.432877,2.28086,1.29368,0.98718
25-May-2026,75.4717,0.517808,22.8359,23.8632,1.02732
25-May-2026,80.1887,0.517808,19.226,20.0951,0.86909
25-May-2026,84.9056,0.517808,15.9082,16.5078,0.59959
25-May-2026,89.6226,0.517808,12.916,13.1427,0.226744
25-May-2026,94.3396,0.517808,10.2739,10.0546,0.219346
25-May-2026,99.0566,0.517808,7.99453,7.31368,0.680853
25-May-2026,103.774,0.517808,6.07715,5.00446,1.07269
25-May-2026,108.491,0.517808,4.5077,3.20707,1.30063
25-May-2026,113.208,0.517808,3.25984,1.94778,1.31206
25-May-2026,75.4717,0.60274,23.7555,24.7059,0.950371
25-May-2026,80.1887,0.60274,20.2759,21.0214,0.745528
25-May-2026,84.9056,0.60274,17.071,17.5131,0.442082
25-May-2026,89.6226,0.60274,14.164,14.2161,0.0521055
25-May-2026,94.3396,0.60274,11.571,11.1751,0.395861
25-May-2026,99.0566,0.60274,9.29911,8.44522,0.853892
25-May-2026,103.774,0.60274,7.34638,6.08998,1.2564
25-May-2026,108.491,0.60274,5.70163,4.172,1.52963
25-May-2026,113.208,0.60274,4.34542,2.72571,1.61971
25-May-2026,75.4717,0.682192,24.6017,25.4533,0.851573
25-May-2026,80.1887,0.682192,21.2268,21.839,0.612202
25-May-2026,84.9056,0.682192,18.1115,18.3965,0.285013
25-May-2026,89.6226,0.682192,15.2729,15.1564,0.116473
25-May-2026,94.3396,0.682192,12.7214,12.1563,0.565087
25-May-2026,99.0566,0.682192,10.4612,9.44093,1.02027
25-May-2026,103.774,0.682192,8.48915,7.06065,1.4285
25-May-2026,108.491,0.682192,6.7958,5.0656,1.7302
25-May-2026,113.208,0.682192,5.36552,3.48919,1.87633
25-May-2026,75.4717,0.758904,25.4288,26.1644,0.735609
25-May-2026,80.1887,0.758904,22.1457,22.6139,0.468226
25-May-2026,84.9056,0.758904,19.1088,19.2311,0.122267
25-May-2026,89.6226,0.758904,16.3303,16.0426,0.287679
25-May-2026,94.3396,0.758904,13.8171,13.0806,0.736494
25-May-2026,99.0566,0.758904,11.5712,10.3821,1.18908
25-May-2026,103.774,0.758904,9.58873,7.98792,1.60081
25-May-2026,108.491,0.758904,7.86123,5.93877,1.92246
25-May-2026,113.208,0.758904,6.37557,4.26457,2.111
25-May-2026,75.4717,0.849315,26.3564,26.944,0.587571
25-May-2026,80.1887,0.849315,23.1666,23.4605,0.293945
25-May-2026,84.9056,0.849315,20.2092,20.1402,0.0690231
25-May-2026,89.6226,0.849315,17.4924,17.006,0.486391
25-May-2026,94.3396,0.849315,15.0203,14.085,0.935279
25-May-2026,99.0566,0.849315,12.7928,11.4076,1.38517
25-May-2026,103.774,0.849315,10.8058,9.0065,1.7993
25-May-2026,108.491,0.849315,9.05146,6.91429,2.13717
25-May-2026,113.208,0.849315,7.51864,5.15643,2.36221
26-May-2026,74.9283,0.00821918,18.7516,18.7516,1.27913e-05
26-May-2026,79.6113,0.00821918,14.0698,14.0698,3.25997e-05
26-May-2026,84.2944,0.00821918,9.38799,9.3881,0.000107438
26-May-2026,88.9774,0.00821918,4.70731,4.7297,0.0223914
26-May-2026,93.6604,0.00821918,0.644273,0.845263,0.20099
26-May-2026,98.3434,0.00821918,0.000405421,0.00161892,0.0012135
26-May-2026,103.026,0.00821918,6.74806e-12,4.40436e-10,4.33688e-10
26-May-2026,74.9283,0.0273973,18.8231,18.8268,0.00373139
26-May-2026,79.6113,0.0273973,14.1459,14.1687,0.0228493
26-May-2026,84.2944,0.0273973,9.47628,9.58597,0.10969
26-May-2026,88.9774,0.0273973,4.95628,5.29037,0.334092
26-May-2026,93.6604,0.0273973,1.4626,1.84812,0.385524
26-May-2026,98.3434,0.0273973,0.135528,0.188293,0.0527652
26-May-2026,103.026,0.0273973,0.00190577,0.00352613,0.00162036
26-May-2026,107.709,0.0273973,2.49001e-06,3.4097e-05,3.1607e-05
26-May-2026,112.392,0.0273973,3.58142e-10,2.73492e-07,2.73133e-07
26-May-2026,74.9283,0.0465753,18.8817,18.9147,0.0330201
26-May-2026,79.6113,0.0465753,14.2118,14.3179,0.106117
26-May-2026,84.2944,0.0465753,9.58519,9.86327,0.27808
26-May-2026,88.9774,0.0465753,5.2488,5.75234,0.503542
26-May-2026,93.6604,0.0465753,1.93592,2.38145,0.445528
26-May-2026,98.3434,0.0465753,0.359376,0.432334,0.0729578
26-May-2026,103.026,0.0465753,0.0235176,0.0289697,0.00545206
26-May-2026,107.709,0.0465753,0.000417637,0.00142685,0.00100921
26-May-2026,112.392,0.0465753,2.11368e-06,6.59321e-05,6.38184e-05
26-May-2026,74.9283,0.0657534,18.9558,19.0675,0.11168
26-May-2026,79.6113,0.0657534,14.3084,14.5586,0.250224
26-May-2026,84.2944,0.0657534,9.76742,10.2325,0.465044
26-May-2026,88.9774,0.0657534,5.62234,6.25484,0.632496
26-May-2026,93.6604,0.0657534,2.4367,2.91417,0.477468
26-May-2026,98.3434,0.0657534,0.676351,0.750763,0.0744125
26-May-2026,103.026,0.0657534,0.0991154,0.0987446,0.000370761
26-May-2026,107.709,0.0657534,0.00659595,0.011118,0.00452201
26-May-2026,112.392,0.0657534,0.000200237,0.00124659,0.00104636
26-May-2026,74.9283,0.0849315,19.0216,19.2198,0.198184
26-May-2026,79.6113,0.0849315,14.4052,14.778,0.372752
26-May-2026,84.2944,0.0849315,9.94476,10.5328,0.588063
26-May-2026,88.9774,0.0849315,5.92752,6.62612,0.698597
26-May-2026,93.6604,0.0849315,2.8116,3.29775,0.486147
26-May-2026,98.3434,0.0849315,0.949719,1.01605,0.0663343
26-May-2026,103.026,0.0849315,0.20059,0.182493,0.0180969
26-May-2026,107.709,0.0849315,0.0238548,0.0295029,0.00564806
26-May-2026,112.392,0.0849315,0.00158399,0.00487872,0.00329473
26-May-2026,74.9283,0.0958904,19.0693,19.3302,0.26095
26-May-2026,79.6113,0.0958904,14.4786,14.9289,0.450306
26-May-2026,84.2944,0.0958904,10.0728,10.7286,0.655835
26-May-2026,88.9774,0.0958904,6.12914,6.85862,0.729475
26-May-2026,93.6604,0.0958904,3.05002,3.5368,0.486777
26-May-2026,98.3434,0.0958904,1.13522,1.19374,0.0585208
26-May-2026,103.026,0.0958904,0.285029,0.249348,0.0356805
26-May-2026,107.709,0.0958904,0.0443593,0.0476215,0.00326219
26-May-2026,112.392,0.0958904,0.0042269,0.00941827,0.00519137
26-May-2026,74.9283,0.180822,19.5235,20.2011,0.677579
26-May-2026,79.6113,0.180822,15.1654,16.0119,0.846522
26-May-2026,84.2944,0.180822,11.1058,12.0227,0.916948
26-May-2026,88.9774,0.180822,7.52496,8.31947,0.794506
26-May-2026,93.6604,0.180822,4.60894,5.04575,0.436811
26-May-2026,98.3434,0.180822,2.48261,2.46346,0.0191507
26-May-2026,103.026,0.180822,1.14186,0.920475,0.221385
26-May-2026,107.709,0.180822,0.437102,0.31032,0.126782
26-May-2026,112.392,0.180822,0.137593,0.10969,0.0279035
26-May-2026,74.9283,0.265753,20.146,21.0884,0.942421
26-May-2026,79.6113,0.265753,16.0185,17.0411,1.02263
26-May-2026,84.2944,0.265753,12.2156,13.1874,0.971754
26-May-2026,88.9774,0.265753,8.85194,9.59636,0.744419
26-May-2026,93.6604,0.265753,6.03082,6.37659,0.345772
26-May-2026,98.3434,0.265753,3.8182,3.70332,0.11488
26-May-2026,103.026,0.265753,2.21982,1.81308,0.40674
26-May-2026,107.709,0.265753,1.17277,0.788472,0.384298
26-May-2026,112.392,0.265753,0.5594,0.343063,0.216337
26-May-2026,74.9283,0.347945,20.8587,21.9354,1.07671
26-May-2026,79.6113,0.347945,16.9255,17.9995,1.07396
26-May-2026,84.2944,0.347945,13.314,14.2523,0.938338
26-May-2026,88.9774,0.347945,10.1005,10.7523,0.651793
26-May-2026,93.6604,0.347945,7.34885,7.58452,0.235671
26-May-2026,98.3434,0.347945,5.09801,4.87467,0.223344
26-May-2026,103.026,0.347945,3.35271,2.78659,0.56612
26-May-2026,107.709,0.347945,2.07984,1.43328,0.646562
26-May-2026,112.392,0.347945,1.21284,0.709899,0.502941
26-May-2026,74.9283,0.430137,21.7104,22.8378,1.12742
26-May-2026,79.6113,0.430137,17.9574,19.0071,1.04968
26-May-2026,84.2944,0.430137,14.512,15.3605,0.848461
26-May-2026,88.9774,0.430137,11.4251,11.9468,0.521678
26-May-2026,93.6604,0.430137,8.73658,8.83299,0.0964051
26-May-2026,98.3434,0.430137,6.46942,6.11065,0.358765
26-May-2026,103.026,0.430137,4.62587,3.89408,0.731789
26-May-2026,107.709,0.430137,3.18609,2.28198,0.904109
26-May-2026,112.392,0.430137,2.11006,1.26709,0.842974
26-May-2026,74.9283,0.515068,22.546,23.6581,1.11206
26-May-2026,79.6113,0.515068,18.9367,19.9149,0.978198
26-May-2026,84.2944,0.515068,15.6189,16.3515,0.73255
26-May-2026,88.9774,0.515068,12.6284,13.0094,0.380972
26-May-2026,93.6604,0.515068,9.99159,9.94307,0.04852
26-May-2026,98.3434,0.515068,7.7227,7.22302,0.499676
26-May-2026,103.026,0.515068,5.82197,4.93398,0.887987
26-May-2026,107.709,0.515068,4.27524,3.15509,1.12015
26-May-2026,112.392,0.515068,3.05509,1.91208,1.14301
26-May-2026,74.9283,0.6,23.4429,24.4931,1.05018
26-May-2026,79.6113,0.6,19.964,20.8331,0.869144
26-May-2026,84.2944,0.6,16.7597,17.3482,0.588538
26-May-2026,88.9774,0.6,13.855,14.0739,0.218874
26-May-2026,93.6604,0.6,11.2674,11.0545,0.212904
26-May-2026,98.3434,0.6,9.00509,8.34513,0.659957
26-May-2026,103.026,0.6,7.0669,6.00978,1.05712
26-May-2026,107.709,0.6,5.4417,4.1101,1.3316
26-May-2026,112.392,0.6,4.10947,2.68039,1.42908
26-May-2026,74.9283,0.679452,24.2699,25.2337,0.963829
26-May-2026,79.6113,0.679452,20.8958,21.6436,0.747757
26-May-2026,84.2944,0.679452,17.7817,18.2241,0.442444
26-May-2026,88.9774,0.679452,14.9456,15.0064,0.0607511
26-May-2026,93.6604,0.679452,12.3994,12.0276,0.371846
26-May-2026,98.3434,0.679452,10.1481,9.3325,0.815603
26-May-2026,103.026,0.679452,8.18914,6.97189,1.21725
26-May-2026,107.709,0.679452,6.5131,4.99497,1.51813
26-May-2026,112.392,0.679452,5.10405,3.43523,1.66882
26-May-2026,74.9283,0.756164,25.0795,25.9384,0.858944
26-May-2026,79.6113,0.756164,21.7974,22.4117,0.614277
26-May-2026,84.2944,0.756164,18.7618,19.0516,0.289751
26-May-2026,88.9774,0.756164,15.986,15.8851,0.100909
26-May-2026,93.6604,0.756164,13.4781,12.9441,0.533968
26-May-2026,98.3434,0.756164,11.2404,10.2657,0.974659
26-May-2026,103.026,0.756164,9.26985,7.89102,1.37883
26-May-2026,107.709,0.756164,7.55789,5.85985,1.69804
26-May-2026,112.392,0.756164,6.09126,4.20234,1.88892
26-May-2026,74.9283,0.846575,25.9886,26.711,0.722369
26-May-2026,79.6113,0.846575,22.7999,23.2508,0.450945
26-May-2026,84.2944,0.846575,19.8439,19.9528,0.108934
26-May-2026,88.9774,0.846575,17.13,16.8403,0.289683
26-May-2026,93.6604,0.846575,14.6629,13.9401,0.722807
26-May-2026,98.3434,0.846575,12.4431,11.2826,1.16055
26-May-2026,103.026,0.846575,10.4668,8.9007,1.5661
26-May-2026,107.709,0.846575,8.72642,6.82631,1.90011
26-May-2026,112.392,0.846575,7.21056,5.08511,2.12545
27-May-2026,74.6772,0.00547945,18.6826,18.6826,3.85708e-05
27-May-2026,79.3445,0.00547945,14.0161,14.0162,7.22273e-05
27-May-2026,84.0118,0.00547945,9.34965,9.34971,5.97763e-05
27-May-2026,88.6791,0.00547945,4.68324,4.6889,0.00565792
27-May-2026,93.3465,0.00547945,0.516345,0.68655,0.170205
27-May-2026,98.0138,0.00547945,1.61567e-05,0.0001453,0.000129143
27-May-2026,74.6772,0.0246575,18.756,18.7584,0.00242438
27-May-2026,79.3445,0.0246575,14.0941,14.1113,0.0171513
27-May-2026,84.0118,0.0246575,9.43737,9.52977,0.092404
27-May-2026,88.6791,0.0246575,4.90829,5.22125,0.312958
27-May-2026,93.3465,0.0246575,1.38996,1.77543,0.385466
27-May-2026,98.0138,0.0246575,0.110141,0.163337,0.0531957
27-May-2026,102.681,0.0246575,0.00106291,0.00239612,0.00133321
27-May-2026,107.348,0.0246575,7.27757e-07,1.68694e-05,1.61417e-05
27-May-2026,112.016,0.0246575,4.45979e-11,9.59464e-08,9.59018e-08
27-May-2026,74.6772,0.0438356,18.816,18.8439,0.0278963
27-May-2026,79.3445,0.0438356,14.1606,14.2549,0.0943268
27-May-2026,84.0118,0.0438356,9.54209,9.80193,0.259837
27-May-2026,88.6791,0.0438356,5.19547,5.68837,0.492903
27-May-2026,93.3465,0.0438356,1.8711,2.32307,0.451973
27-May-2026,98.0138,0.0438356,0.324154,0.403834,0.0796798
27-May-2026,102.681,0.0438356,0.0182587,0.0246914,0.00643266
27-May-2026,107.348,0.0438356,0.000252657,0.00108376,0.000831107
27-May-2026,112.016,0.0438356,9.22774e-07,4.42175e-05,4.32947e-05
27-May-2026,74.6772,0.0630137,18.8913,18.994,0.102692
27-May-2026,79.3445,0.0630137,14.2566,14.4926,0.236024
27-May-2026,84.0118,0.0630137,9.72016,10.1709,0.4507
27-May-2026,88.6791,0.0630137,5.56773,6.19668,0.62895
27-May-2026,93.3465,0.0630137,2.3772,2.86427,0.487075
27-May-2026,98.0138,0.0630137,0.636333,0.721294,0.0849612
27-May-2026,102.681,0.0630137,0.0867628,0.0908547,0.00409187
27-May-2026,107.348,0.0630137,0.00514034,0.00971074,0.0045704
27-May-2026,112.016,0.0630137,0.000134154,0.00102904,0.000894891
27-May-2026,74.6772,0.0821918,18.9578,19.1451,0.187349
27-May-2026,79.3445,0.0821918,14.3525,14.7114,0.358865
27-May-2026,84.0118,0.0821918,9.89559,10.4724,0.57685
27-May-2026,88.6791,0.0821918,5.87359,6.5716,0.698014
27-May-2026,93.3465,0.0821918,2.75564,3.25194,0.496296
27-May-2026,98.0138,0.0821918,0.90858,0.986502,0.0779224
27-May-2026,102.681,0.0821918,0.183361,0.1723,0.0110612
27-May-2026,107.348,0.0821918,0.0202964,0.0269735,0.00667709
27-May-2026,112.016,0.0821918,0.00122795,0.00430684,0.00307889
27-May-2026,74.6772,0.0931507,19.0058,19.2553,0.249479
27-May-2026,79.3445,0.0931507,14.4255,14.8624,0.436926
27-May-2026,84.0118,0.0931507,10.023,10.6693,0.646263
27-May-2026,88.6791,0.0931507,6.07618,6.80608,0.729899
27-May-2026,93.3465,0.0931507,2.99634,3.49299,0.496645
27-May-2026,98.0138,0.0931507,1.09419,1.16428,0.0700938
27-May-2026,102.681,0.0931507,0.265334,0.23788,0.0274537
27-May-2026,107.348,0.0931507,0.0391205,0.0443279,0.00520741
27-May-2026,112.016,0.0931507,0.00347552,0.00853502,0.0050595
27-May-2026,74.6772,0.178082,19.463,20.1282,0.665154
27-May-2026,79.3445,0.178082,15.1149,15.9495,0.834615
27-May-2026,84.0118,0.178082,11.0623,11.9701,0.907787
27-May-2026,88.6791,0.178082,7.48598,8.27564,0.789657
27-May-2026,93.3465,0.178082,4.57404,5.00997,0.435934
27-May-2026,98.0138,0.178082,2.45352,2.43606,0.0174644
27-May-2026,102.681,0.178082,1.12097,0.903609,0.217361
27-May-2026,107.348,0.178082,0.425003,0.302374,0.122629
27-May-2026,112.016,0.178082,0.132166,0.106109,0.0260565
27-May-2026,74.6772,0.263014,20.0954,21.0194,0.924011
27-May-2026,79.3445,0.263014,15.9813,16.9832,1.00192
27-May-2026,84.0118,0.263014,12.1899,13.1397,0.949764
27-May-2026,88.6791,0.263014,8.83537,9.55765,0.722284
27-May-2026,93.3465,0.263014,6.02078,6.34552,0.324738
27-May-2026,98.0138,0.263014,3.81239,3.67888,0.13351
27-May-2026,102.681,0.263014,2.21656,1.79521,0.42135
27-May-2026,107.348,0.263014,1.17104,0.777584,0.393456
27-May-2026,112.016,0.263014,0.558635,0.337059,0.221576
27-May-2026,74.6772,0.345205,20.8252,21.8702,1.04501
27-May-2026,79.3445,0.345205,16.9094,17.9455,1.03613
27-May-2026,84.0118,0.345205,13.3131,14.2087,0.895606
27-May-2026,88.6791,0.345205,10.1119,10.7176,0.605711
27-May-2026,93.3465,0.345205,7.3687,7.55725,0.188551
27-May-2026,98.0138,0.345205,5.1221,4.85336,0.268744
27-May-2026,102.681,0.345205,3.37719,2.77006,0.607128
27-May-2026,107.348,0.345205,2.10176,1.42154,0.680223
27-May-2026,112.016,0.345205,1.23052,0.702291,0.528229
27-May-2026,74.6772,0.427397,21.7029,22.7766,1.07369
27-May-2026,79.3445,0.427397,17.9713,18.9572,0.985863
27-May-2026,84.0118,0.427397,14.5448,15.3208,0.776034
27-May-2026,88.6791,0.427397,11.473,11.916,0.443035
27-May-2026,93.3465,0.427397,8.79485,8.80952,0.0146654
27-May-2026,98.0138,0.427397,6.5327,6.09283,0.439874
27-May-2026,102.681,0.427397,4.68897,3.88019,0.808782
27-May-2026,107.348,0.427397,3.24458,2.27131,0.973269
27-May-2026,112.016,0.427397,2.16081,1.25911,0.901702
27-May-2026,74.6772,0.512329,22.5686,23.6004,1.03176
27-May-2026,79.3445,0.512329,18.9843,19.8685,0.884213
27-May-2026,84.0118,0.512329,15.6883,16.3153,0.627015
27-May-2026,88.6791,0.512329,12.7153,12.9821,0.266761
27-May-2026,93.3465,0.512329,10.0906,9.92296,0.167645
27-May-2026,98.0138,0.512329,7.82782,7.20842,0.619395
27-May-2026,102.681,0.512329,5.92728,4.92301,1.00427
27-May-2026,107.348,0.512329,4.37541,3.14661,1.2288
27-May-2026,112.016,0.512329,3.14594,1.90514,1.2408
27-May-2026,74.6772,0.59726,23.5022,24.4389,0.936713
27-May-2026,79.3445,0.59726,20.0517,20.7903,0.738573
27-May-2026,84.0118,0.59726,16.8721,17.3156,0.443471
27-May-2026,88.6791,0.59726,13.9872,14.05,0.0627771
27-May-2026,93.3465,0.59726,11.4134,11.0377,0.375652
27-May-2026,98.0138,0.59726,9.15871,8.33386,0.824851
27-May-2026,102.681,0.59726,7.22164,6.00203,1.21961
27-May-2026,107.348,0.59726,5.59163,4.10452,1.48711
27-May-2026,112.016,0.59726,4.2496,2.67561,1.57399
27-May-2026,74.6772,0.676712,24.3666,25.1827,0.816053
27-May-2026,79.3445,0.676712,21.0237,21.6038,0.580052
27-May-2026,84.0118,0.676712,17.9367,18.1945,0.257802
27-May-2026,88.6791,0.676712,15.1225,14.9854,0.13706
27-May-2026,93.3465,0.676712,12.592,12.0138,0.57823
27-May-2026,98.0138,0.676712,10.3496,9.32419,1.02541
27-May-2026,102.681,0.676712,8.39296,6.96712,1.42584
27-May-2026,107.348,0.676712,6.71291,4.9923,1.72061
27-May-2026,112.016,0.676712,5.29435,3.43302,1.86133
27-May-2026,74.6772,0.753425,25.2158,25.8903,0.674475
27-May-2026,79.3445,0.753425,21.9676,22.3748,0.407154
27-May-2026,84.0118,0.753425,18.9614,19.0248,0.0633541
27-May-2026,88.6791,0.753425,16.2095,15.867,0.342504
27-May-2026,93.3465,0.753425,13.7189,12.9332,0.785744
27-May-2026,98.0138,0.753425,11.4918,10.2603,1.23153
27-May-2026,102.681,0.753425,9.52485,7.88915,1.6357
27-May-2026,107.348,0.753425,7.80997,5.86012,1.94985
27-May-2026,112.016,0.753425,6.33454,4.20297,2.13157
27-May-2026,74.6772,0.843836,26.1728,26.666,0.493154
27-May-2026,79.3445,0.843836,23.0209,23.217,0.196147
27-May-2026,84.0118,0.843836,20.0969,19.9291,0.167773
27-May-2026,88.6791,0.843836,17.4089,16.8253,0.583613
27-May-2026,93.3465,0.843836,14.9612,13.9322,1.02901
27-May-2026,98.0138,0.843836,12.7538,11.2802,1.47359
27-May-2026,102.681,0.843836,10.7828,8.90204,1.88076
27-May-2026,107.348,0.843836,9.04099,6.82992,2.21107
27-May-2026,112.016,0.843836,7.51753,5.08909,2.42844
28-May-2026,74.5818,0.0219178,18.7237,18.7252,0.0015249
28-May-2026,79.2432,0.0219178,14.0673,14.0796,0.0122617
28-May-2026,83.9045,0.0219178,9.41252,9.49009,0.0775732
28-May-2026,88.5659,0.0219178,4.83781,5.15834,0.320526
28-May-2026,93.2272,0.0219178,1.21781,1.7011,0.483286
28-May-2026,97.8886,0.0219178,0.0557837,0.138955,0.0831717
28-May-2026,102.55,0.0219178,0.000125763,0.00153292,0.00140716
28-May-2026,107.211,0.0219178,7.95071e-09,7.44859e-06,7.44064e-06
28-May-2026,111.873,0.0219178,3.03008e-14,2.8387e-08,2.8387e-08
28-May-2026,74.5818,0.0410959,18.7824,18.8058,0.0233632
28-May-2026,79.2432,0.0410959,14.1307,14.2149,0.0841612
28-May-2026,83.9045,0.0410959,9.50019,9.75389,0.253696
28-May-2026,88.5659,0.0410959,5.08404,5.62876,0.544719
28-May-2026,93.2272,0.0410959,1.67866,2.26333,0.584666
28-May-2026,97.8886,0.0410959,0.217187,0.374537,0.15735
28-May-2026,102.55,0.0410959,0.00614263,0.0206917,0.0145491
28-May-2026,107.211,0.0410959,2.78863e-05,0.000799968,0.000772082
28-May-2026,111.873,0.0410959,2.77378e-08,2.84859e-05,2.84582e-05
28-May-2026,74.5818,0.060274,18.855,18.95,0.0950374
28-May-2026,79.2432,0.060274,14.2173,14.4463,0.229032
28-May-2026,83.9045,0.060274,9.65098,10.1197,0.468698
28-May-2026,88.5659,0.060274,5.42132,6.14092,0.719602
28-May-2026,93.2272,0.060274,2.16472,2.81181,0.647093
28-May-2026,97.8886,0.060274,0.483623,0.689565,0.205942
28-May-2026,102.55,0.060274,0.0448898,0.0828547,0.0379649
28-May-2026,107.211,0.060274,0.00144001,0.00837417,0.00693416
28-May-2026,111.873,0.060274,1.80057e-05,0.000835821,0.000817815
28-May-2026,74.5818,0.0794521,18.9173,19.0976,0.180303
28-May-2026,79.2432,0.0794521,14.3019,14.6621,0.360225
28-May-2026,83.9045,0.0794521,9.80455,10.4204,0.615839
28-May-2026,88.5659,0.0794521,5.70587,6.51781,0.811945
28-May-2026,93.2272,0.0794521,2.5302,3.20218,0.671982
28-May-2026,97.8886,0.0794521,0.728898,0.953367,0.224469
28-May-2026,102.55,0.0794521,0.112438,0.161481,0.0490433
28-May-2026,107.211,0.0794521,0.00815096,0.0244301,0.0162791
28-May-2026,111.873,0.0794521,0.000293596,0.0037602,0.00346661
28-May-2026,74.5818,0.090411,18.9616,19.2058,0.244234
28-May-2026,79.2432,0.090411,14.3662,14.8118,0.4456
28-May-2026,83.9045,0.090411,9.91843,10.6169,0.698447
28-May-2026,88.5659,0.090411,5.89672,6.75311,0.856393
28-May-2026,93.2272,0.090411,2.76362,3.44423,0.680605
28-May-2026,97.8886,0.090411,0.900153,1.1303,0.230143
28-May-2026,102.55,0.090411,0.175323,0.22535,0.0500269
28-May-2026,107.211,0.090411,0.0183622,0.0409147,0.0225525
28-May-2026,111.873,0.090411,0.0010673,0.00766129,0.00659399
28-May-2026,74.5818,0.175342,19.3777,20.0705,0.692796
28-May-2026,79.2432,0.175342,14.993,15.893,0.90003
28-May-2026,83.9045,0.175342,10.8875,11.915,1.02754
28-May-2026,88.5659,0.175342,7.25511,8.22272,0.967613
28-May-2026,93.2272,0.175342,4.30955,4.96131,0.651756
28-May-2026,97.8886,0.175342,2.2024,2.39648,0.194082
28-May-2026,102.55,0.175342,0.931656,0.880368,0.0512883
28-May-2026,107.211,0.175342,0.315942,0.292247,0.0236952
28-May-2026,111.873,0.175342,0.0850814,0.101834,0.0167525
28-May-2026,74.5818,0.260274,19.9677,20.9562,0.988494
28-May-2026,79.2432,0.260274,15.8141,16.9219,1.1078
28-May-2026,83.9045,0.260274,11.9775,13.0805,1.10302
28-May-2026,88.5659,0.260274,8.58209,9.50121,0.91912
28-May-2026,93.2272,0.260274,5.74417,6.29335,0.549178
28-May-2026,97.8886,0.260274,3.54098,3.63408,0.0931011
28-May-2026,102.55,0.260274,1.98138,1.76306,0.218316
28-May-2026,107.211,0.260274,0.99385,0.759638,0.234212
28-May-2026,111.873,0.260274,0.443821,0.328099,0.115722
28-May-2026,74.5818,0.342466,20.6659,21.802,1.1361
28-May-2026,79.2432,0.342466,16.7142,17.8795,1.16526
28-May-2026,83.9045,0.342466,13.0813,14.1451,1.06379
28-May-2026,88.5659,0.342466,9.84958,10.657,0.807384
28-May-2026,93.2272,0.342466,7.08936,7.50093,0.411567
28-May-2026,97.8886,0.342466,4.84486,4.80362,0.0412386
28-May-2026,102.55,0.342466,3.12285,2.73073,0.39212
28-May-2026,107.211,0.342466,1.88763,1.39551,0.49212
28-May-2026,111.873,0.342466,1.06598,0.687387,0.378593
28-May-2026,74.5818,0.424658,21.52,22.7031,1.18315
28-May-2026,79.2432,0.424658,17.758,18.886,1.12796
28-May-2026,83.9045,0.424658,14.3029,15.2523,0.949353
28-May-2026,88.5659,0.424658,11.2086,11.8506,0.641985
28-May-2026,93.2272,0.424658,8.5181,8.74841,0.230312
28-May-2026,97.8886,0.424658,6.25675,6.03781,0.218937
28-May-2026,102.55,0.424658,4.42789,3.83406,0.593828
28-May-2026,107.211,0.424658,3.01102,2.23695,0.774071
28-May-2026,111.873,0.424658,1.96372,1.23662,0.727098
28-May-2026,74.5818,0.509589,22.3716,23.5222,1.15062
28-May-2026,79.2432,0.509589,18.7619,19.7926,1.03075
28-May-2026,83.9045,0.509589,15.4434,16.2421,0.798744
28-May-2026,88.5659,0.509589,12.4532,12.9121,0.458906
28-May-2026,93.2272,0.509589,9.8193,9.85734,0.0380359
28-May-2026,97.8886,0.509589,7.55697,7.14858,0.408395
28-May-2026,102.55,0.509589,5.66702,4.87112,0.795899
28-May-2026,107.211,0.509589,4.13514,3.1052,1.02994
28-May-2026,111.873,0.509589,2.93308,1.8753,1.05778
28-May-2026,74.5818,0.594521,23.2965,24.356,1.05952
28-May-2026,79.2432,0.594521,19.8253,20.7097,0.884361
28-May-2026,83.9045,0.594521,16.6281,17.2377,0.609591
28-May-2026,88.5659,0.594521,13.7302,13.9754,0.245153
28-May-2026,93.2272,0.594521,11.1497,10.9674,0.18228
28-May-2026,97.8886,0.594521,8.89548,8.26904,0.626441
28-May-2026,102.55,0.594521,6.96632,5.9445,1.02182
28-May-2026,107.211,0.594521,5.35119,4.0564,1.29479
28-May-2026,111.873,0.594521,4.0299,2.63832,1.39158
28-May-2026,74.5818,0.673973,24.1569,25.0956,0.938677
28-May-2026,79.2432,0.673973,20.7971,21.5189,0.721837
28-May-2026,83.9045,0.673973,17.696,18.1124,0.416423
28-May-2026,88.5659,0.673973,14.8717,14.9066,0.0349207
28-May-2026,93.2272,0.673973,12.3363,11.9392,0.397107
28-May-2026,97.8886,0.673973,10.0946,9.25492,0.83968
28-May-2026,102.55,0.673973,8.14429,6.90466,1.23963
28-May-2026,107.211,0.673973,6.47603,4.93851,1.53752
28-May-2026,111.873,0.673973,5.07392,3.38934,1.68458
28-May-2026,74.5818,0.750685,25.0049,25.7992,0.794333
28-May-2026,79.2432,0.750685,21.7427,22.2859,0.54324
28-May-2026,83.9045,0.750685,18.7253,18.9387,0.213362
28-May-2026,88.5659,0.750685,15.9657,15.7841,0.181555
28-May-2026,93.2272,0.750685,13.4716,12.8545,0.617118
28-May-2026,97.8886,0.750685,11.2454,10.1867,1.05867
28-May-2026,102.55,0.750685,9.28386,7.82205,1.46181
28-May-2026,107.211,0.750685,7.57868,5.8011,1.77758
28-May-2026,111.873,0.750685,6.11669,4.15339,1.9633
28-May-2026,74.5818,0.841096,25.9627,26.5706,0.607876
28-May-2026,79.2432,0.841096,22.7997,23.1238,0.324148
28-May-2026,83.9045,0.841096,19.8671,19.8386,0.0284853
28-May-2026,88.5659,0.841096,17.1736,16.738,0.435623
28-May-2026,93.2272,0.841096,14.7236,13.849,0.874631
28-May-2026,97.8886,0.841096,12.5175,11.2019,1.31557
28-May-2026,102.55,0.841096,10.5513,8.82987,1.72143
28-May-2026,107.211,0.841096,8.81757,6.76528,2.05229
28-May-2026,111.873,0.841096,7.30512,5.03324,2.27188
29-May-2026,73.0696,0.0191781,18.3359,18.3368,0.00086853
29-May-2026,77.6365,0.0191781,13.7734,13.7816,0.00819796
29-May-2026,82.2033,0.0191781,9.21605,9.27212,0.0560688
29-May-2026,86.7702,0.0191781,4.79124,4.99836,0.207123
29-May-2026,91.337,0.0191781,1.38005,1.59307,0.213023
29-May-2026,95.9039,0.0191781,0.12318,0.113456,0.00972406
29-May-2026,100.471,0.0191781,0.00174054,0.000895363,0.000845177
29-May-2026,105.038,0.0191781,2.32061e-06,2.80676e-06,4.86153e-07
29-May-2026,109.604,0.0191781,2.71868e-10,6.67893e-09,6.40706e-09
29-May-2026,73.0696,0.0383562,18.392,18.4108,0.0188145
29-May-2026,77.6365,0.0383562,13.8364,13.9056,0.0691552
29-May-2026,82.2033,0.0383562,9.32366,9.52133,0.19767
29-May-2026,86.7702,0.0383562,5.10286,5.46246,0.359601
29-May-2026,91.337,0.0383562,1.89707,2.16032,0.26325
29-May-2026,95.9039,0.0383562,0.368308,0.338939,0.0293692
29-May-2026,100.471,0.0383562,0.0274401,0.0167553,0.0106848
29-May-2026,105.038,0.0383562,0.000608534,0.000563213,4.53214e-05
29-May-2026,109.604,0.0383562,3.83321e-06,1.72872e-05,1.3454e-05
29-May-2026,73.0696,0.0575342,18.4632,18.5462,0.082968
29-May-2026,77.6365,0.0575342,13.9312,14.1258,0.194611
29-May-2026,82.2033,0.0575342,9.50946,9.87635,0.366893
29-May-2026,86.7702,0.0575342,5.48829,5.96846,0.480174
29-May-2026,91.337,0.0575342,2.40963,2.70583,0.296204
29-May-2026,95.9039,0.0575342,0.69623,0.645269,0.0509611
29-May-2026,100.471,0.0575342,0.111719,0.0737425,0.0379765
29-May-2026,105.038,0.0575342,0.00862191,0.00702025,0.00160166
29-May-2026,109.604,0.0575342,0.000310171,0.000657891,0.00034772
29-May-2026,73.0696,0.0767123,18.527,18.687,0.160016
29-May-2026,77.6365,0.0767123,14.0274,14.3342,0.306778
29-May-2026,82.2033,0.0767123,9.68788,10.1701,0.482253
29-May-2026,86.7702,0.0767123,5.79246,6.33996,0.547501
29-May-2026,91.337,0.0767123,2.77776,3.0914,0.313641
29-May-2026,95.9039,0.0767123,0.965101,0.902476,0.062625
29-May-2026,100.471,0.0767123,0.215826,0.148023,0.0678033
29-May-2026,105.038,0.0767123,0.0280778,0.0215981,0.00647972
29-May-2026,109.604,0.0767123,0.00207438,0.00320045,0.00112607
29-May-2026,73.0696,0.0958904,18.5983,18.8453,0.24704
29-May-2026,77.6365,0.0958904,14.1387,14.553,0.414276
29-May-2026,82.2033,0.0958904,9.87938,10.457,0.577657
29-May-2026,86.7702,0.0958904,6.08551,6.68325,0.597744
29-May-2026,91.337,0.0958904,3.11677,3.44466,0.327889
29-May-2026,95.9039,0.0958904,1.22992,1.16152,0.0684019
29-May-2026,100.471,0.0958904,0.34247,0.242416,0.100054
29-May-2026,105.038,0.0958904,0.0624004,0.0462905,0.0161099
29-May-2026,109.604,0.0958904,0.00729686,0.00915728,0.00186042
29-May-2026,73.0696,0.0876712,18.5736,18.7911,0.21749
29-May-2026,77.6365,0.0876712,14.1001,14.4794,0.379305
29-May-2026,82.2033,0.0876712,9.8145,10.3624,0.547857
29-May-2026,86.7702,0.0876712,5.98901,6.57147,0.582461
29-May-2026,91.337,0.0876712,3.00641,3.32973,0.323323
29-May-2026,95.9039,0.0876712,1.14217,1.07507,0.0671
29-May-2026,100.471,0.0876712,0.298179,0.208936,0.0892426
29-May-2026,105.038,0.0876712,0.0492429,0.0369096,0.0123333
29-May-2026,109.604,0.0876712,0.00503858,0.00671647,0.00167789
29-May-2026,73.0696,0.172603,19.0081,19.6299,0.621766
29-May-2026,77.6365,0.172603,14.7528,15.533,0.780173
29-May-2026,82.2033,0.172603,10.7854,11.632,0.846601
29-May-2026,86.7702,0.172603,7.282,8.01212,0.730119
29-May-2026,91.337,0.172603,4.42758,4.81708,0.3895
29-May-2026,95.9039,0.172603,2.3507,2.31066,0.0400361
29-May-2026,100.471,0.172603,1.0532,0.840347,0.212853
29-May-2026,105.038,0.172603,0.386693,0.276658,0.110035
29-May-2026,109.604,0.172603,0.115187,0.095741,0.019446
29-May-2026,73.0696,0.257534,19.5721,20.4921,0.919977
29-May-2026,77.6365,0.257534,15.5155,16.5363,1.02083
29-May-2026,82.2033,0.257534,11.7664,12.7701,1.00372
29-May-2026,86.7702,0.257534,8.44159,9.26169,0.820099
29-May-2026,91.337,0.257534,5.6526,6.11926,0.466655
29-May-2026,95.9039,0.257534,3.47762,3.5185,0.0408834
29-May-2026,100.471,0.257534,1.93309,1.69654,0.236554
29-May-2026,105.038,0.257534,0.957035,0.726948,0.230087
29-May-2026,109.604,0.257534,0.419392,0.312931,0.106461
29-May-2026,73.0696,0.339726,20.1902,21.3158,1.1256
29-May-2026,77.6365,0.339726,16.2946,17.4699,1.17531
29-May-2026,82.2033,0.339726,12.7026,13.809,1.10635
29-May-2026,86.7702,0.339726,9.49735,10.3902,0.892898
29-May-2026,91.337,0.339726,6.75425,7.29873,0.544476
29-May-2026,95.9039,0.339726,4.52675,4.65989,0.133136
29-May-2026,100.471,0.339726,2.83189,2.63766,0.194225
29-May-2026,105.038,0.339726,1.64022,1.34194,0.298276
29-May-2026,109.604,0.339726,0.875942,0.659158,0.216784
29-May-2026,73.0696,0.421918,20.9068,22.1935,1.28673
29-May-2026,77.6365,0.421918,17.1579,18.4511,1.29318
29-May-2026,82.2033,0.421918,13.7006,14.889,1.18842
29-May-2026,86.7702,0.421918,10.5949,11.5553,0.9604
29-May-2026,91.337,0.421918,7.89355,8.51665,0.623102
29-May-2026,95.9039,0.421918,5.63397,5.86427,0.230297
29-May-2026,100.471,0.421918,3.83062,3.71214,0.118481
29-May-2026,105.038,0.421918,2.46917,2.15805,0.311117
29-May-2026,109.604,0.421918,1.50483,1.18978,0.315049
29-May-2026,73.0696,0.506849,21.5961,22.9914,1.39527
29-May-2026,77.6365,0.506849,17.9636,19.3349,1.3713
29-May-2026,82.2033,0.506849,14.6095,15.8545,1.24503
29-May-2026,86.7702,0.506849,11.5797,12.5912,1.01147
29-May-2026,91.337,0.506849,8.9133,9.59901,0.685712
29-May-2026,95.9039,0.506849,6.63807,6.9481,0.310025
29-May-2026,100.471,0.506849,4.76568,4.72271,0.0429691
29-May-2026,105.038,0.506849,3.28813,3.00174,0.286394
29-May-2026,109.604,0.506849,2.17627,1.80819,0.368081
29-May-2026,73.0696,0.591781,22.3269,23.8036,1.47673
29-May-2026,77.6365,0.591781,18.8004,20.2288,1.42836
29-May-2026,82.2033,0.591781,15.5385,16.8255,1.28696
29-May-2026,86.7702,0.591781,12.5767,13.6285,1.05185
29-May-2026,91.337,0.591781,9.94439,10.6823,0.737908
29-May-2026,95.9039,0.591781,7.66229,8.04128,0.378993
29-May-2026,100.471,0.591781,5.73943,5.76899,0.0295562
29-May-2026,105.038,0.591781,4.17097,3.92705,0.243917
29-May-2026,109.604,0.591781,2.93711,2.54832,0.388791
29-May-2026,73.0696,0.671233,22.9959,24.5241,1.5282
29-May-2026,77.6365,0.671233,19.555,21.0176,1.46259
29-May-2026,82.2033,0.671233,16.367,17.6785,1.3115
29-May-2026,86.7702,0.671233,13.46,14.537,1.07705
29-May-2026,91.337,0.671233,10.8573,11.6305,0.773172
29-May-2026,95.9039,0.671233,8.57475,9.00308,0.428325
29-May-2026,100.471,0.671233,6.61945,6.70504,0.0855935
29-May-2026,105.038,0.671233,4.9879,4.78574,0.202165
29-May-2026,109.604,0.671233,3.66542,3.27773,0.387693
29-May-2026,73.0696,0.747945,23.6483,25.2096,1.56131
29-May-2026,77.6365,0.747945,20.2832,21.7652,1.48201
29-May-2026,82.2033,0.747945,17.16,18.4842,1.32421
29-May-2026,86.7702,0.747945,14.3017,15.393,1.09133
29-May-2026,91.337,0.747945,11.7268,12.5234,0.796628
29-May-2026,95.9039,0.747945,9.44774,9.91204,0.4643
29-May-2026,100.471,0.747945,7.46985,7.59946,0.129611
29-May-2026,105.038,0.747945,5.79032,5.62575,0.164566
29-May-2026,109.604,0.747945,4.39769,4.02043,0.377259
29-May-2026,73.0696,0.838356,24.3796,25.9611,1.58149
29-May-2026,77.6365,0.838356,21.0922,22.5819,1.48972
29-May-2026,82.2033,0.838356,18.0354,19.3617,1.32634
29-May-2026,86.7702,0.838356,15.2275,16.3234,1.09587
29-May-2026,91.337,0.838356,12.6829,13.4935,0.810647
29-May-2026,95.9039,0.838356,10.4111,10.9023,0.491178
29-May-2026,100.471,0.838356,8.41582,8.58207,0.166249
29-May-2026,105.038,0.838356,6.6946,6.56495,0.129645
29-May-2026,109.604,0.838356,5.23832,4.87625,0.362067
29-May-2026,73.0696,0.920548,25.0581,26.6444,1.58631
29-May-2026,77.6365,0.920548,21.8373,23.3223,1.48502
29-May-2026,82.2033,0.920548,18.8373,20.1552,1.31791
29-May-2026,86.7702,0.920548,16.0731,17.1631,1.08998
29-May-2026,91.337,0.920548,13.5561,14.3688,0.812749
29-May-2026,95.9039,0.920548,11.2934,11.7977,0.504278
29-May-2026,100.471,0.920548,9.28782,9.47633,0.188511
29-May-2026,105.038,0.920548,7.53683,7.43108,0.105755
29-May-2026,109.604,0.920548,6.03278,5.6835,0.349285
01-Jun-2026,74.2367,0.0109589,18.5848,18.5847,6.82898e-05
01-Jun-2026,78.8765,0.0109589,13.9466,13.9465,5.86752e-05
01-Jun-2026,83.5162,0.0109589,9.30842,9.30941,0.000990856
01-Jun-2026,88.156,0.0109589,4.67311,4.72189,0.0487787
01-Jun-2026,92.7958,0.0109589,0.701818,0.96868,0.266862
01-Jun-2026,97.4356,0.0109589,0.00104159,0.00589637,0.00485478
01-Jun-2026,102.075,0.0109589,1.71326e-10,5.26014e-08,5.243e-08
01-Jun-2026,106.715,0.0109589,1.034e-15,2.64946e-14,2.54606e-14
01-Jun-2026,111.355,0.0109589,1.03453e-15,4.06683e-15,3.0323e-15
01-Jun-2026,74.2367,0.030137,18.6552,18.6604,0.00523193
01-Jun-2026,78.8765,0.030137,14.0216,14.0506,0.0290313
01-Jun-2026,83.5162,0.030137,9.39452,9.52469,0.13017
01-Jun-2026,88.156,0.030137,4.90432,5.29418,0.389857
01-Jun-2026,92.7958,0.030137,1.41149,1.8962,0.484712
01-Jun-2026,97.4356,0.030137,0.114254,0.211689,0.0974348
01-Jun-2026,102.075,0.030137,0.00108089,0.00490642,0.00382553
01-Jun-2026,106.715,0.030137,7.53932e-07,6.25114e-05,6.17575e-05
01-Jun-2026,111.355,0.030137,6.13708e-11,6.75067e-07,6.75006e-07
01-Jun-2026,74.2367,0.0493151,18.7129,18.751,0.0381189
01-Jun-2026,78.8765,0.0493151,14.0856,14.2044,0.118808
01-Jun-2026,83.5162,0.0493151,9.49338,9.80409,0.310715
01-Jun-2026,88.156,0.0493151,5.16084,5.74633,0.585486
01-Jun-2026,92.7958,0.0493151,1.82919,2.4109,0.581706
01-Jun-2026,97.4356,0.0493151,0.293876,0.456249,0.162373
01-Jun-2026,102.075,0.0493151,0.0134023,0.0332794,0.0198771
01-Jun-2026,106.715,0.0493151,0.000133529,0.00182244,0.00168891
01-Jun-2026,111.355,0.0493151,3.68592e-07,9.43557e-05,9.39871e-05
01-Jun-2026,74.2367,0.0684932,18.785,18.9059,0.120932
01-Jun-2026,78.8765,0.0684932,14.1751,14.4463,0.271248
01-Jun-2026,83.5162,0.0684932,9.65172,10.1702,0.518431
01-Jun-2026,88.156,0.0684932,5.48508,6.23834,0.753261
01-Jun-2026,92.7958,0.0684932,2.26719,2.93034,0.66315
01-Jun-2026,97.4356,0.0684932,0.548449,0.772428,0.223979
01-Jun-2026,102.075,0.0684932,0.0590323,0.105898,0.0468653
01-Jun-2026,106.715,0.0684932,0.0024063,0.0125259,0.0101196
01-Jun-2026,111.355,0.0684932,4.23527e-05,0.0014808,0.00143845
01-Jun-2026,74.2367,0.0876712,18.8474,19.0586,0.211195
01-Jun-2026,78.8765,0.0876712,14.261,14.6646,0.403621
01-Jun-2026,83.5162,0.0876712,9.80293,10.4667,0.66376
01-Jun-2026,88.156,0.0876712,5.74798,6.60263,0.85465
01-Jun-2026,92.7958,0.0876712,2.59171,3.30633,0.714619
01-Jun-2026,97.4356,0.0876712,0.76798,1.03529,0.267308
01-Jun-2026,102.075,0.0876712,0.123094,0.191116,0.068022
01-Jun-2026,106.715,0.0876712,0.00948046,0.031865,0.0223845
01-Jun-2026,111.355,0.0876712,0.000382828,0.0054471,0.00506427
01-Jun-2026,74.2367,0.0794521,18.8122,18.9715,0.159337
01-Jun-2026,78.8765,0.0794521,14.2118,14.542,0.330212
01-Jun-2026,83.5162,0.0794521,9.717,10.3028,0.585817
01-Jun-2026,88.156,0.0794521,5.60242,6.40384,0.801424
01-Jun-2026,92.7958,0.0794521,2.41435,3.10156,0.68721
01-Jun-2026,97.4356,0.0794521,0.645267,0.889015,0.243748
01-Jun-2026,102.075,0.0794521,0.084671,0.141218,0.0565474
01-Jun-2026,106.715,0.0794521,0.00474465,0.0198451,0.0151005
01-Jun-2026,111.355,0.0794521,0.000126588,0.002823,0.00269641
01-Jun-2026,74.2367,0.164384,19.191,19.8473,0.656289
01-Jun-2026,78.8765,0.164384,14.7648,15.6651,0.900289
01-Jun-2026,83.5162,0.164384,10.5845,11.6826,1.09814
01-Jun-2026,88.156,0.164384,6.86065,7.98933,1.12868
01-Jun-2026,92.7958,0.164384,3.85276,4.73656,0.883797
01-Jun-2026,97.4356,0.164384,1.76939,2.20652,0.437133
01-Jun-2026,102.075,0.164384,0.621562,0.766566,0.145004
01-Jun-2026,106.715,0.164384,0.159517,0.241968,0.0824507
01-Jun-2026,111.355,0.164384,0.0304269,0.0804858,0.0500589
01-Jun-2026,74.2367,0.249315,19.6793,20.7274,1.04806
01-Jun-2026,78.8765,0.249315,15.4406,16.6939,1.25331
01-Jun-2026,83.5162,0.249315,11.4905,12.8535,1.36297
01-Jun-2026,88.156,0.249315,7.97508,9.27685,1.30177
01-Jun-2026,92.7958,0.249315,5.05025,6.07712,1.02687
01-Jun-2026,97.4356,0.249315,2.83882,3.44058,0.601762
01-Jun-2026,102.075,0.249315,1.37444,1.61935,0.244914
01-Jun-2026,106.715,0.249315,0.560339,0.677094,0.116755
01-Jun-2026,111.355,0.249315,0.19249,0.285955,0.0934645
01-Jun-2026,74.2367,0.331507,20.238,21.5694,1.33145
01-Jun-2026,78.8765,0.331507,16.1629,17.65,1.48713
01-Jun-2026,83.5162,0.331507,12.385,13.9188,1.53379
01-Jun-2026,88.156,0.331507,9.01013,10.435,1.4249
01-Jun-2026,92.7958,0.331507,6.14289,7.28722,1.14433
01-Jun-2026,97.4356,0.331507,3.86502,4.60761,0.742592
01-Jun-2026,102.075,0.331507,2.20821,2.56993,0.361722
01-Jun-2026,106.715,0.331507,1.13107,1.28529,0.154223
01-Jun-2026,111.355,0.331507,0.517985,0.622503,0.104518
01-Jun-2026,74.2367,0.413699,20.8621,22.4091,1.54697
01-Jun-2026,78.8765,0.413699,16.9324,18.5898,1.65744
01-Jun-2026,83.5162,0.413699,13.296,14.9544,1.65841
01-Jun-2026,88.156,0.413699,10.0314,11.5529,1.52153
01-Jun-2026,92.7958,0.413699,7.21266,8.45575,1.24309
01-Jun-2026,97.4356,0.413699,4.89688,5.76046,0.863581
01-Jun-2026,102.075,0.413699,3.10995,3.59005,0.480102
01-Jun-2026,106.715,0.413699,1.8335,2.04691,0.213413
01-Jun-2026,111.355,0.413699,1.00057,1.10798,0.107408
01-Jun-2026,74.2367,0.49863,21.5349,23.245,1.7101
01-Jun-2026,78.8765,0.49863,17.7345,19.5168,1.78232
01-Jun-2026,83.5162,0.49863,14.2183,15.968,1.7497
01-Jun-2026,88.156,0.49863,11.0456,12.6411,1.59547
01-Jun-2026,92.7958,0.49863,8.27044,9.59273,1.32229
01-Jun-2026,97.4356,0.49863,5.93411,6.89709,0.962978
01-Jun-2026,102.075,0.49863,4.05669,4.64396,0.587271
01-Jun-2026,106.715,0.49863,2.62977,2.91603,0.286256
01-Jun-2026,111.355,0.49863,1.61285,1.73401,0.121157
01-Jun-2026,74.2367,0.583562,22.2768,24.1128,1.83599
01-Jun-2026,78.8765,0.583562,18.5975,20.4723,1.87485
01-Jun-2026,83.5162,0.583562,15.1903,17.0064,1.81613
01-Jun-2026,88.156,0.583562,12.1005,13.751,1.65046
01-Jun-2026,92.7958,0.583562,9.36789,10.7517,1.38384
01-Jun-2026,97.4356,0.583562,7.02226,8.06568,1.04342
01-Jun-2026,102.075,0.583562,5.07873,5.75937,0.68064
01-Jun-2026,106.715,0.583562,3.53336,3.89658,0.363216
01-Jun-2026,111.355,0.583562,2.36077,2.51075,0.149984
01-Jun-2026,74.2367,0.663014,22.9357,24.8493,1.91357
01-Jun-2026,78.8765,0.663014,19.3505,21.279,1.92846
01-Jun-2026,83.5162,0.663014,16.0266,17.879,1.85235
01-Jun-2026,88.156,0.663014,13.0002,14.6804,1.68018
01-Jun-2026,92.7958,0.663014,10.3021,11.7217,1.41962
01-Jun-2026,97.4356,0.663014,7.95548,9.04913,1.09365
01-Jun-2026,102.075,0.663014,5.97177,6.71513,0.743364
01-Jun-2026,106.715,0.663014,4.34869,4.7706,0.421912
01-Jun-2026,111.355,0.663014,3.06836,3.2492,0.180842
01-Jun-2026,74.2367,0.739726,23.552,25.5154,1.96335
01-Jun-2026,78.8765,0.739726,20.0461,22.0056,1.95953
01-Jun-2026,83.5162,0.739726,16.7918,18.6623,1.8705
01-Jun-2026,88.156,0.739726,13.8184,15.5128,1.69439
01-Jun-2026,92.7958,0.739726,11.151,12.5901,1.43908
01-Jun-2026,97.4356,0.739726,8.80751,9.93267,1.12516
01-Jun-2026,102.075,0.739726,6.79698,7.58346,0.786479
01-Jun-2026,106.715,0.739726,5.11772,5.58397,0.466249
01-Jun-2026,111.355,0.739726,3.75616,3.96503,0.20887
01-Jun-2026,74.2367,0.830137,24.3176,26.3181,2.00047
01-Jun-2026,78.8765,0.830137,20.9013,22.8783,1.97696
01-Jun-2026,83.5162,0.830137,17.7248,19.6001,1.87534
01-Jun-2026,88.156,0.830137,14.8115,16.5072,1.69571
01-Jun-2026,92.7958,0.830137,12.1802,13.627,1.44683
01-Jun-2026,97.4356,0.830137,9.84465,10.9908,1.14612
01-Jun-2026,102.075,0.830137,7.81123,8.63244,0.821207
01-Jun-2026,106.715,0.830137,6.07847,6.5847,0.506232
01-Jun-2026,111.355,0.830137,4.63616,4.87389,0.237733
01-Jun-2026,74.2367,0.912329,25.0021,27.0164,2.01435
01-Jun-2026,78.8765,0.912329,21.6592,23.6351,1.97588
01-Jun-2026,83.5162,0.912329,18.5462,20.4113,1.86512
01-Jun-2026,88.156,0.912329,15.6821,17.3657,1.68363
01-Jun-2026,92.7958,0.912329,13.082,14.5219,1.43991
01-Jun-2026,97.4356,0.912329,10.7562,11.906,1.14982
01-Jun-2026,102.075,0.912329,8.70965,9.54602,0.836374
01-Jun-2026,106.715,0.912329,6.94062,7.46858,0.527959
01-Jun-2026,111.355,0.912329,5.44083,5.69612,0.255292
02-Jun-2026,83.6617,0.00821918,9.31732,9.31743,0.000107235
02-Jun-2026,88.3095,0.00821918,4.67118,4.69404,0.0228588
02-Jun-2026,92.9574,0.00821918,0.592075,0.838797,0.246722
02-Jun-2026,97.6053,0.00821918,0.00011966,0.00160569,0.00148603
02-Jun-2026,102.253,0.00821918,4.22317e-14,4.36193e-10,4.36151e-10
02-Jun-2026,106.901,0.00821918,7.90748e-16,1.29647e-15,5.05724e-16
02-Jun-2026,111.549,0.00821918,7.73332e-16,1.26842e-15,4.95092e-16
02-Jun-2026,74.3659,0.0273973,18.681,18.6847,0.00367465
02-Jun-2026,79.0138,0.0273973,14.0387,14.0615,0.0227594
02-Jun-2026,83.6617,0.0273973,9.40069,9.5131,0.112413
02-Jun-2026,88.3095,0.0273973,4.87609,5.24984,0.373755
02-Jun-2026,92.9574,0.0273973,1.33387,1.83364,0.49977
02-Jun-2026,97.6053,0.0273973,0.0873954,0.186727,0.0993312
02-Jun-2026,102.253,0.0273973,0.000483694,0.00349478,0.00301109
02-Jun-2026,106.901,0.0273973,1.39855e-07,3.37832e-05,3.36434e-05
02-Jun-2026,111.549,0.0273973,3.94099e-12,2.7091e-07,2.70906e-07
02-Jun-2026,74.3659,0.0465753,18.7385,18.7714,0.0328714
02-Jun-2026,79.0138,0.0465753,14.1017,14.209,0.107263
02-Jun-2026,83.6617,0.0465753,9.49332,9.78779,0.294469
02-Jun-2026,88.3095,0.0465753,5.12295,5.70785,0.584904
02-Jun-2026,92.9574,0.0465753,1.75524,2.36253,0.607292
02-Jun-2026,97.6053,0.0465753,0.252856,0.428687,0.175831
02-Jun-2026,102.253,0.0465753,0.00896446,0.0287122,0.0197477
02-Jun-2026,106.901,0.0465753,5.97509e-05,0.00141385,0.0013541
02-Jun-2026,111.549,0.0465753,1.02391e-07,6.53209e-05,6.52185e-05
02-Jun-2026,74.3659,0.0657534,18.81,18.9224,0.112355
02-Jun-2026,79.0138,0.0657534,14.1885,14.4472,0.258729
02-Jun-2026,83.6617,0.0657534,9.644,10.1536,0.509589
02-Jun-2026,88.3095,0.0657534,5.44104,6.20598,0.764945
02-Jun-2026,92.9574,0.0657534,2.19499,2.89072,0.695726
02-Jun-2026,97.6053,0.0657534,0.497403,0.744345,0.246942
02-Jun-2026,102.253,0.0657534,0.0466025,0.0978612,0.0512587
02-Jun-2026,106.901,0.0657534,0.00153021,0.0110168,0.00948657
02-Jun-2026,111.549,0.0657534,2.08632e-05,0.0012351,0.00121424
02-Jun-2026,74.3659,0.0849315,18.8713,19.073,0.201716
02-Jun-2026,79.0138,0.0849315,14.2714,14.6644,0.393007
02-Jun-2026,83.6617,0.0849315,9.79003,10.4512,0.661166
02-Jun-2026,88.3095,0.0849315,5.70109,6.574,0.872908
02-Jun-2026,92.9574,0.0849315,2.52057,3.27097,0.7504
02-Jun-2026,97.6053,0.0849315,0.712069,1.00729,0.295224
02-Jun-2026,102.253,0.0849315,0.10368,0.180849,0.0771687
02-Jun-2026,106.901,0.0849315,0.00688975,0.0292336,0.0223438
02-Jun-2026,111.549,0.0849315,0.000233617,0.00483374,0.00460013
02-Jun-2026,74.3659,0.0767123,18.8368,18.9869,0.15015
02-Jun-2026,79.0138,0.0767123,14.2239,14.5423,0.318362
02-Jun-2026,83.6617,0.0767123,9.70684,10.2867,0.579828
02-Jun-2026,88.3095,0.0767123,5.55694,6.37327,0.816329
02-Jun-2026,92.9574,0.0767123,2.34263,3.06404,0.721412
02-Jun-2026,97.6053,0.0767123,0.591777,0.860944,0.269167
02-Jun-2026,102.253,0.0767123,0.0690969,0.132132,0.0630356
02-Jun-2026,106.901,0.0767123,0.00323183,0.0178465,0.0146146
02-Jun-2026,111.549,0.0767123,6.9647e-05,0.00243285,0.0023632
02-Jun-2026,74.3659,0.161644,19.2075,19.8595,0.652025
02-Jun-2026,79.0138,0.161644,14.763,15.6658,0.902845
02-Jun-2026,83.6617,0.161644,10.5594,11.6724,1.113
02-Jun-2026,88.3095,0.161644,6.81135,7.96963,1.15828
02-Jun-2026,92.9574,0.161644,3.78824,4.71021,0.921966
02-Jun-2026,97.6053,0.161644,1.70861,2.18005,0.471435
02-Jun-2026,102.253,0.161644,0.582074,0.749818,0.167744
02-Jun-2026,106.901,0.161644,0.142827,0.234581,0.0917544
02-Jun-2026,111.549,0.161644,0.025788,0.0773741,0.0515861
02-Jun-2026,74.3659,0.246575,19.6893,20.7405,1.05115
02-Jun-2026,79.0138,0.246575,15.433,16.6969,1.26391
02-Jun-2026,83.6617,0.246575,11.4641,12.8468,1.38272
02-Jun-2026,88.3095,0.246575,7.93207,9.2617,1.32963
02-Jun-2026,92.9574,0.246575,4.99719,6.05537,1.05818
02-Jun-2026,97.6053,0.246575,2.78617,3.41627,0.630097
02-Jun-2026,102.253,0.246575,1.33256,1.59924,0.266685
02-Jun-2026,106.901,0.246575,0.534155,0.665248,0.131093
02-Jun-2026,111.549,0.246575,0.179644,0.279865,0.100221
02-Jun-2026,74.3659,0.328767,20.2457,21.5837,1.338
02-Jun-2026,79.0138,0.328767,16.1558,17.6549,1.49908
02-Jun-2026,83.6617,0.328767,12.3639,13.9146,1.55074
02-Jun-2026,88.3095,0.328767,8.97764,10.4229,1.44529
02-Jun-2026,92.9574,0.328767,6.10391,7.26866,1.16475
02-Jun-2026,97.6053,0.328767,3.82578,4.58549,0.759706
02-Jun-2026,102.253,0.328767,2.17456,2.5489,0.374344
02-Jun-2026,106.901,0.328767,1.10645,1.27004,0.163591
02-Jun-2026,111.549,0.328767,0.502527,0.613356,0.110829
02-Jun-2026,74.3659,0.410959,20.8716,22.4245,1.55292
02-Jun-2026,79.0138,0.410959,16.9304,18.5963,1.66595
02-Jun-2026,83.6617,0.410959,13.2841,14.9524,1.6683
02-Jun-2026,88.3095,0.410959,10.0123,11.5434,1.53106
02-Jun-2026,92.9574,0.410959,7.18981,8.43989,1.25008
02-Jun-2026,97.6053,0.410959,4.87405,5.74052,0.866472
02-Jun-2026,102.253,0.410959,3.09018,3.56938,0.479199
02-Jun-2026,106.901,0.410959,1.81836,2.02957,0.211209
02-Jun-2026,111.549,0.410959,0.990088,1.09592,0.105833
02-Jun-2026,74.3659,0.49589,21.5493,23.2616,1.71235
02-Jun-2026,79.0138,0.49589,17.7408,19.5249,1.7841
02-Jun-2026,83.6617,0.49589,14.2183,15.9679,1.74964
02-Jun-2026,88.3095,0.49589,11.0417,12.6338,1.59207
02-Jun-2026,92.9574,0.49589,8.26511,9.57928,1.31417
02-Jun-2026,97.6053,0.49589,5.92948,6.87929,0.949806
02-Jun-2026,102.253,0.49589,4.05401,4.62431,0.570297
02-Jun-2026,106.901,0.49589,2.62921,2.89781,0.2686
02-Jun-2026,111.549,0.49589,1.61368,1.71966,0.105985
02-Jun-2026,74.3659,0.580822,22.2992,24.1307,1.83149
02-Jun-2026,79.0138,0.580822,18.615,20.482,1.86701
02-Jun-2026,83.6617,0.580822,15.2048,17.0083,1.80348
02-Jun-2026,88.3095,0.580822,12.1139,13.7458,1.63194
02-Jun-2026,92.9574,0.580822,9.38185,10.7406,1.35876
02-Jun-2026,97.6053,0.580822,7.03779,8.05003,1.01224
02-Jun-2026,102.253,0.580822,5.09593,5.74113,0.645204
02-Jun-2026,106.901,0.580822,3.55138,3.87838,0.326997
02-Jun-2026,111.549,0.580822,2.37816,2.49492,0.116761
02-Jun-2026,74.3659,0.660274,22.9669,24.8682,1.90133
02-Jun-2026,79.0138,0.660274,19.3792,21.2899,1.91073
02-Jun-2026,83.6617,0.660274,16.0547,17.8823,1.82764
02-Jun-2026,88.3095,0.660274,13.0291,14.677,1.64792
02-Jun-2026,92.9574,0.660274,10.3331,11.7125,1.37937
02-Jun-2026,97.6053,0.660274,7.9888,9.03527,1.04647
02-Jun-2026,102.253,0.660274,6.0069,6.69825,0.691354
02-Jun-2026,106.901,0.660274,4.38425,4.75291,0.368656
02-Jun-2026,111.549,0.660274,3.10242,3.23277,0.130351
02-Jun-2026,74.3659,0.736986,23.5922,25.5353,1.94308
02-Jun-2026,79.0138,0.736986,20.0859,22.0178,1.93186
02-Jun-2026,83.6617,0.736986,16.8328,18.6671,1.83425
02-Jun-2026,88.3095,0.736986,13.862,15.5109,1.64895
02-Jun-2026,92.9574,0.736986,11.1977,12.5824,1.38474
02-Jun-2026,97.6053,0.736986,8.8573,9.92038,1.06308
02-Jun-2026,102.253,0.736986,6.84892,7.56787,0.718948
02-Jun-2026,106.901,0.736986,5.17007,5.56698,0.396912
02-Jun-2026,111.549,0.736986,3.80672,3.94848,0.141764
02-Jun-2026,74.3659,0.827397,24.3699,26.3392,1.96926
02-Jun-2026,79.0138,0.827397,20.9555,22.8918,1.93627
02-Jun-2026,83.6617,0.827397,17.7822,19.6065,1.82428
02-Jun-2026,88.3095,0.827397,14.873,16.5071,1.63414
02-Jun-2026,92.9574,0.827397,12.2462,13.6213,1.37506
02-Jun-2026,97.6053,0.827397,9.91462,10.9803,1.06569
02-Jun-2026,102.253,0.827397,7.8839,8.61844,0.73454
02-Jun-2026,106.901,0.827397,6.15185,6.56878,0.416933
02-Jun-2026,111.549,0.827397,4.7078,4.85762,0.149822
02-Jun-2026,74.3659,0.909589,25.0659,27.0385,1.97264
02-Jun-2026,79.0138,0.909589,21.7265,23.6498,1.92326
02-Jun-2026,83.6617,0.909589,18.6183,20.419,1.8007
02-Jun-2026,88.3095,0.909589,15.7597,17.3671,1.60743
02-Jun-2026,92.9574,0.909589,13.165,14.5177,1.35271
02-Jun-2026,97.6053,0.909589,10.844,11.8971,1.05312
02-Jun-2026,102.253,0.909589,8.80063,9.53343,0.732799
02-Jun-2026,106.901,0.909589,7.03274,7.45371,0.420974
02-Jun-2026,111.549,0.909589,5.53153,5.68036,0.148833
03-Jun-2026,74.2317,0.00547945,18.5709,18.571,0.000101896
03-Jun-2026,78.8712,0.00547945,13.9323,13.9323,1.45181e-05
03-Jun-2026,83.5107,0.00547945,9.2936,9.29363,3.10115e-05
03-Jun-2026,88.1502,0.00547945,4.65494,4.66057,0.00562711
03-Jun-2026,92.7897,0.00547945,0.448844,0.682284,0.23344
03-Jun-2026,97.4292,0.00547945,6.00863e-07,0.000144252,0.000143651
03-Jun-2026,102.069,0.00547945,7.72752e-16,5.03187e-14,4.95459e-14
03-Jun-2026,106.708,0.00547945,8.72339e-16,-3.49672e-15,4.36906e-15
03-Jun-2026,111.348,0.00547945,9.28989e-16,-3.59205e-15,4.52104e-15
03-Jun-2026,74.2317,0.0246575,18.6424,18.6449,0.00252491
03-Jun-2026,78.8712,0.0246575,14.0082,14.0253,0.0171376
03-Jun-2026,83.5107,0.0246575,9.37578,9.4711,0.0953172
03-Jun-2026,88.1502,0.0246575,4.82133,5.18834,0.367013
03-Jun-2026,92.7897,0.0246575,1.20276,1.76363,0.560874
03-Jun-2026,97.4292,0.0246575,0.0498836,0.162092,0.112209
03-Jun-2026,102.069,0.0246575,8.03487e-05,0.00237508,0.00229474
03-Jun-2026,106.708,0.0246575,3.49646e-09,1.67187e-05,1.67152e-05
03-Jun-2026,111.348,0.0246575,1.75027e-14,9.50891e-08,9.50891e-08
03-Jun-2026,74.2317,0.0438356,18.7009,18.7288,0.0278532
03-Jun-2026,78.8712,0.0438356,14.0712,14.167,0.0957925
03-Jun-2026,83.5107,0.0438356,9.45954,9.74049,0.280949
03-Jun-2026,88.1502,0.0438356,5.04253,5.65164,0.609108
03-Jun-2026,92.7897,0.0438356,1.61258,2.30711,0.694528
03-Jun-2026,97.4292,0.0438356,0.18,0.400649,0.220649
03-Jun-2026,102.069,0.0438356,0.00341737,0.024474,0.0210566
03-Jun-2026,106.708,0.0438356,8.89794e-06,0.00107407,0.00106517
03-Jun-2026,111.348,0.0438356,5.58773e-09,4.38203e-05,4.38147e-05
03-Jun-2026,74.2317,0.0630137,18.7729,18.8766,0.103712
03-Jun-2026,78.8712,0.0630137,14.1547,14.4019,0.247215
03-Jun-2026,83.5107,0.0630137,9.59506,10.1059,0.510835
03-Jun-2026,88.1502,0.0630137,5.33824,6.15566,0.817418
03-Jun-2026,92.7897,0.0630137,2.03932,2.84394,0.80462
03-Jun-2026,97.4292,0.0630137,0.39195,0.715424,0.323474
03-Jun-2026,102.069,0.0630137,0.0253654,0.0900418,0.0646764
03-Jun-2026,106.708,0.0630137,0.000479989,0.00962284,0.00914285
03-Jun-2026,111.348,0.0630137,3.62394e-06,0.0010197,0.00101607
03-Jun-2026,74.2317,0.0821918,18.8337,19.0258,0.192104
03-Jun-2026,78.8712,0.0821918,14.2327,14.6183,0.385579
03-Jun-2026,83.5107,0.0821918,9.72841,10.4046,0.676209
03-Jun-2026,88.1502,0.0821918,5.58421,6.52733,0.943116
03-Jun-2026,92.7897,0.0821918,2.35577,3.22834,0.872573
03-Jun-2026,97.4292,0.0821918,0.586273,0.978313,0.39204
03-Jun-2026,102.069,0.0821918,0.0651933,0.170733,0.10554
03-Jun-2026,106.708,0.0821918,0.00290447,0.0267264,0.023822
03-Jun-2026,111.348,0.0821918,6.38679e-05,0.00426731,0.00420344
03-Jun-2026,74.2317,0.0739726,18.7996,18.9404,0.14084
03-Jun-2026,78.8712,0.0739726,14.1882,14.4964,0.308241
03-Jun-2026,83.5107,0.0739726,9.65221,10.2394,0.587189
03-Jun-2026,88.1502,0.0739726,5.44752,6.32468,0.877164
03-Jun-2026,92.7897,0.0739726,2.18274,3.01932,0.83658
03-Jun-2026,97.4292,0.0739726,0.476706,0.831957,0.355251
03-Jun-2026,102.069,0.0739726,0.0404734,0.123229,0.0827558
03-Jun-2026,106.708,0.0739726,0.00117892,0.0159689,0.01479
03-Jun-2026,111.348,0.0739726,1.52578e-05,0.00208112,0.00206587
03-Jun-2026,74.2317,0.158904,19.1565,19.8121,0.655621
03-Jun-2026,78.8712,0.158904,14.6933,15.622,0.928734
03-Jun-2026,83.5107,0.158904,10.4522,11.6318,1.17957
03-Jun-2026,88.1502,0.158904,6.65444,7.93206,1.27762
03-Jun-2026,92.7897,0.158904,3.59541,4.67636,1.08095
03-Jun-2026,97.4292,0.158904,1.52888,2.15251,0.623632
03-Jun-2026,102.069,0.158904,0.468398,0.733486,0.265088
03-Jun-2026,106.708,0.158904,0.0983774,0.227452,0.129075
03-Jun-2026,111.348,0.158904,0.0148457,0.0743642,0.0595185
03-Jun-2026,74.2317,0.243836,19.616,20.6958,1.0798
03-Jun-2026,78.8712,0.243836,15.3329,16.6568,1.3239
03-Jun-2026,83.5107,0.243836,11.3257,12.8108,1.48507
03-Jun-2026,88.1502,0.243836,7.75193,9.2292,1.47727
03-Jun-2026,92.7897,0.243836,4.78807,6.02628,1.23821
03-Jun-2026,97.4292,0.243836,2.57944,3.39123,0.811791
03-Jun-2026,102.069,0.243836,1.16722,1.58053,0.413305
03-Jun-2026,106.708,0.243836,0.432273,0.654408,0.222135
03-Jun-2026,111.348,0.243836,0.132033,0.274186,0.142153
03-Jun-2026,74.2317,0.326027,20.1522,21.5419,1.38972
03-Jun-2026,78.8712,0.326027,16.0334,17.618,1.5846
03-Jun-2026,83.5107,0.326027,12.2059,13.8821,1.67622
03-Jun-2026,88.1502,0.326027,8.78448,10.3941,1.60962
03-Jun-2026,92.7897,0.326027,5.88637,7.24311,1.35674
03-Jun-2026,97.4292,0.326027,3.60595,4.56313,0.957177
03-Jun-2026,102.069,0.326027,1.98066,2.53043,0.549766
03-Jun-2026,106.708,0.326027,0.961178,1.25718,0.296
03-Jun-2026,111.348,0.326027,0.411565,0.605453,0.193888
03-Jun-2026,74.2317,0.408219,20.761,22.3856,1.62456
03-Jun-2026,78.8712,0.408219,16.7914,18.5625,1.77108
03-Jun-2026,83.5107,0.408219,13.1133,14.923,1.80973
03-Jun-2026,88.1502,0.408219,9.81153,11.5178,1.70624
03-Jun-2026,92.7897,0.408219,6.96817,8.41753,1.44936
03-Jun-2026,97.4292,0.408219,4.64777,5.72094,1.07317
03-Jun-2026,102.069,0.408219,2.87996,3.55243,0.672473
03-Jun-2026,106.708,0.408219,1.64345,2.01637,0.372917
03-Jun-2026,111.348,0.408219,0.861264,1.08658,0.225315
03-Jun-2026,74.2317,0.493151,21.4252,23.2255,1.80025
03-Jun-2026,78.8712,0.493151,17.5901,19.4939,1.90382
03-Jun-2026,83.5107,0.493151,14.0393,15.9415,1.90224
03-Jun-2026,88.1502,0.493151,10.837,12.6112,1.77421
03-Jun-2026,92.7897,0.493151,8.04224,9.55993,1.51769
03-Jun-2026,97.4292,0.493151,5.70078,6.86251,1.16173
03-Jun-2026,102.069,0.493151,3.83501,4.60952,0.774514
03-Jun-2026,106.708,0.493151,2.43536,2.88557,0.450213
03-Jun-2026,111.348,0.493151,1.45631,1.71,0.253694
03-Jun-2026,74.2317,0.578082,22.1645,24.0973,1.93282
03-Jun-2026,78.8712,0.578082,18.4559,20.4539,1.99803
03-Jun-2026,83.5107,0.578082,15.0208,16.9849,1.96405
03-Jun-2026,88.1502,0.578082,11.9078,13.7263,1.8185
03-Jun-2026,92.7897,0.578082,9.15983,10.7243,1.56445
03-Jun-2026,97.4292,0.578082,6.80936,8.03618,1.22682
03-Jun-2026,102.069,0.578082,4.87283,5.72894,0.856108
03-Jun-2026,106.708,0.578082,3.34575,3.86801,0.522264
03-Jun-2026,111.348,0.578082,2.20019,2.48607,0.285881
03-Jun-2026,74.2317,0.657534,22.8254,24.8372,2.01183
03-Jun-2026,78.8712,0.657534,19.2153,21.2643,2.04898
03-Jun-2026,83.5107,0.657534,15.8685,17.8614,1.99289
03-Jun-2026,88.1502,0.657534,12.8233,14.66,1.83668
03-Jun-2026,92.7897,0.657534,10.113,11.6987,1.58566
03-Jun-2026,97.4292,0.657534,7.76213,9.0239,1.26177
03-Jun-2026,102.069,0.657534,5.78304,6.6884,0.905357
03-Jun-2026,106.708,0.657534,4.17306,4.74455,0.571489
03-Jun-2026,111.348,0.657534,2.91278,3.22532,0.312536
03-Jun-2026,74.2317,0.734247,23.4461,25.5064,2.0603
03-Jun-2026,78.8712,0.734247,19.9193,21.9943,2.07497
03-Jun-2026,83.5107,0.734247,16.646,18.6483,2.00229
03-Jun-2026,88.1502,0.734247,13.6575,15.4961,1.83863
03-Jun-2026,92.7897,0.734247,10.9802,12.5709,1.59067
03-Jun-2026,97.4292,0.734247,8.63314,9.91125,1.27811
03-Jun-2026,102.069,0.734247,6.62588,7.56019,0.934312
03-Jun-2026,106.708,0.734247,4.9564,5.56064,0.60424
03-Jun-2026,111.348,0.734247,3.61009,3.94269,0.332597
03-Jun-2026,74.2317,0.824658,24.22,26.3128,2.09281
03-Jun-2026,78.8712,0.824658,20.787,22.8709,2.08385
03-Jun-2026,83.5107,0.824658,17.5958,19.5903,1.99453
03-Jun-2026,88.1502,0.824658,14.671,16.495,1.82397
03-Jun-2026,92.7897,0.824658,12.0325,13.6124,1.57986
03-Jun-2026,97.4292,0.824658,9.69433,10.9739,1.27955
03-Jun-2026,102.069,0.824658,7.6633,8.61344,0.95014
03-Jun-2026,106.708,0.824658,5.93757,6.56503,0.627457
03-Jun-2026,111.348,0.824658,4.50624,4.85416,0.34792
03-Jun-2026,74.2317,0.906849,24.914,27.0144,2.10037
03-Jun-2026,78.8712,0.906849,21.5576,23.6311,2.07346
03-Jun-2026,83.5107,0.906849,18.4332,20.4051,1.97189
03-Jun-2026,88.1502,0.906849,15.5605,17.3572,1.79673
03-Jun-2026,92.7897,0.906849,12.955,14.5111,1.55612
03-Jun-2026,97.4292,0.906849,10.6276,11.893,1.26542
03-Jun-2026,102.069,0.906849,8.5831,9.53078,0.947682
03-Jun-2026,106.708,0.906849,6.81954,7.4523,0.632756
03-Jun-2026,111.348,0.906849,5.32809,5.67913,0.351043
04-Jun-2026,74.5988,0.00273973,18.6561,18.6561,1.02018e-05
04-Jun-2026,79.2612,0.00273973,13.9941,13.9941,1.08415e-05
04-Jun-2026,83.9236,0.00273973,9.33204,9.33209,4.85189e-05
04-Jun-2026,88.5861,0.00273973,4.67001,4.67013,0.000118392
04-Jun-2026,93.2485,0.00273973,0.306465,0.483246,0.176781
04-Jun-2026,97.9109,0.00273973,4.93265e-08,1.9972e-07,1.50394e-07
04-Jun-2026,107.236,0.00273973,1.30962e-15,5.1395e-16,7.9567e-16
04-Jun-2026,111.898,0.00273973,1.48713e-15,4.71179e-16,1.01595e-15
04-Jun-2026,74.5988,0.0219178,18.7263,18.7279,0.00159026
04-Jun-2026,79.2612,0.0219178,14.0687,14.0811,0.0124347
04-Jun-2026,83.9236,0.0219178,9.41187,9.49052,0.0786538
04-Jun-2026,88.5861,0.0219178,4.81085,5.15784,0.346988
04-Jun-2026,93.2485,0.0219178,1.11008,1.7003,0.59022
04-Jun-2026,97.9109,0.0219178,0.0296114,0.138757,0.109146
04-Jun-2026,102.573,0.0219178,1.40099e-05,0.00153019,0.00151619
04-Jun-2026,107.236,0.0219178,1.02153e-10,7.42498e-06,7.42488e-06
04-Jun-2026,111.898,0.0219178,3.77288e-15,2.83278e-08,2.83278e-08
04-Jun-2026,74.5988,0.0410959,18.7838,18.8072,0.023427
04-Jun-2026,79.2612,0.0410959,14.1302,14.2152,0.085008
04-Jun-2026,83.9236,0.0410959,9.48851,9.75314,0.264634
04-Jun-2026,88.5861,0.0410959,5.00894,5.62724,0.6183
04-Jun-2026,93.2485,0.0410959,1.50422,2.26169,0.757471
04-Jun-2026,97.9109,0.0410959,0.12903,0.373882,0.244852
04-Jun-2026,102.573,0.0410959,0.00125512,0.0206467,0.0193916
04-Jun-2026,107.236,0.0410959,1.28844e-06,0.000797498,0.000796209
04-Jun-2026,111.898,0.0410959,3.20485e-10,2.84152e-05,2.84149e-05
04-Jun-2026,74.5988,0.060274,18.8543,18.9501,0.09579
04-Jun-2026,79.2612,0.060274,14.2096,14.4453,0.235668
04-Jun-2026,83.9236,0.060274,9.60947,10.1176,0.508118
04-Jun-2026,88.5861,0.060274,5.27726,6.13817,0.86091
04-Jun-2026,93.2485,0.060274,1.90374,2.80908,0.905342
04-Jun-2026,97.9109,0.060274,0.300522,0.688156,0.387634
04-Jun-2026,102.573,0.060274,0.0122392,0.0826473,0.0704081
04-Jun-2026,107.236,0.060274,0.000123507,0.00834772,0.00822422
04-Jun-2026,111.898,0.060274,5.09064e-07,0.00083352,0.000833011
04-Jun-2026,74.5988,0.0794521,18.9131,19.0965,0.183444
04-Jun-2026,79.2612,0.0794521,14.2818,14.66,0.378155
04-Jun-2026,83.9236,0.0794521,9.7278,10.4172,0.68943
04-Jun-2026,88.5861,0.0794521,5.50001,6.51405,1.01404
04-Jun-2026,93.2485,0.0794521,2.19456,3.19853,1.00397
04-Jun-2026,97.9109,0.0794521,0.460088,0.951242,0.491154
04-Jun-2026,102.573,0.0794521,0.0348265,0.16104,0.126213
04-Jun-2026,107.236,0.0794521,0.000923986,0.0243505,0.0234266
04-Jun-2026,111.898,0.0794521,1.23968e-05,0.00374921,0.00373682
04-Jun-2026,74.5988,0.0712329,18.8802,19.0126,0.132361
04-Jun-2026,79.2612,0.0712329,14.2408,14.5389,0.298073
04-Jun-2026,83.9236,0.0712329,9.66023,10.2514,0.591186
04-Jun-2026,88.5861,0.0712329,5.37634,6.30922,0.932876
04-Jun-2026,93.2485,0.0712329,2.03606,2.98696,0.950901
04-Jun-2026,97.9109,0.0712329,0.369996,0.804748,0.434752
04-Jun-2026,102.573,0.0712329,0.020579,0.114752,0.0941726
04-Jun-2026,107.236,0.0712329,0.000338399,0.0142187,0.0138804
04-Jun-2026,111.898,0.0712329,2.53378e-06,0.00176778,0.00176524
04-Jun-2026,74.5988,0.156164,19.2121,19.8787,0.66656
04-Jun-2026,79.2612,0.156164,14.6917,15.6634,0.971728
04-Jun-2026,83.9236,0.156164,10.364,11.6494,1.28543
04-Jun-2026,88.5861,0.156164,6.45465,7.92859,1.47394
04-Jun-2026,93.2485,0.156164,3.30145,4.65686,1.35541
04-Jun-2026,97.9109,0.156164,1.23628,2.12723,0.890948
04-Jun-2026,102.573,0.156164,0.295919,0.716978,0.421059
04-Jun-2026,107.236,0.156164,0.0443553,0.220198,0.175842
04-Jun-2026,111.898,0.156164,0.00480451,0.0713744,0.0665699
04-Jun-2026,74.5988,0.241096,19.6167,20.7618,1.14505
04-Jun-2026,79.2612,0.241096,15.2447,16.6995,1.45477
04-Jun-2026,83.9236,0.241096,11.1193,12.8316,1.71227
04-Jun-2026,88.5861,0.241096,7.4105,9.23033,1.81983
04-Jun-2026,93.2485,0.241096,4.33376,6.01173,1.67797
04-Jun-2026,97.9109,0.241096,2.09748,3.36811,1.27063
04-Jun-2026,102.573,0.241096,0.786624,1.5599,0.773272
04-Jun-2026,107.236,0.241096,0.224217,0.642115,0.417898
04-Jun-2026,111.898,0.241096,0.0518807,0.268027,0.216146
04-Jun-2026,74.5988,0.323288,20.0758,21.6078,1.53201
04-Jun-2026,79.2612,0.323288,15.8401,17.6616,1.82151
04-Jun-2026,83.9236,0.323288,11.8694,13.9049,2.03547
04-Jun-2026,88.5861,0.323288,8.29437,10.3981,2.10371
04-Jun-2026,93.2485,0.323288,5.26771,7.23179,1.96408
04-Jun-2026,97.9109,0.323288,2.93656,4.54207,1.60551
04-Jun-2026,102.573,0.323288,1.38366,2.50805,1.12439
04-Jun-2026,107.236,0.323288,0.542119,1.24037,0.698253
04-Jun-2026,111.898,0.323288,0.182145,0.595635,0.41349
04-Jun-2026,74.5988,0.405479,20.5885,22.4515,1.86298
04-Jun-2026,79.2612,0.405479,16.477,18.6069,2.12987
04-Jun-2026,83.9236,0.405479,12.6345,14.9473,2.31284
04-Jun-2026,88.5861,0.405479,9.16359,11.524,2.36041
04-Jun-2026,93.2485,0.405479,6.17823,8.40881,2.23058
04-Jun-2026,97.9109,0.405479,3.78757,5.70186,1.91429
04-Jun-2026,102.573,0.405479,2.06258,3.52964,1.46706
04-Jun-2026,107.236,0.405479,0.985112,1.99608,1.01097
04-Jun-2026,111.898,0.405479,0.418151,1.07272,0.654571
04-Jun-2026,74.5988,0.490411,21.1415,23.2915,2.14997
04-Jun-2026,79.2612,0.490411,17.1425,19.539,2.39651
04-Jun-2026,83.9236,0.490411,13.4096,15.9672,2.55759
04-Jun-2026,88.5861,0.490411,10.025,12.6193,2.59434
04-Jun-2026,93.2485,0.490411,7.07673,9.55343,2.4767
04-Jun-2026,97.9109,0.490411,4.64821,6.84528,2.19707
04-Jun-2026,102.573,0.490411,2.79802,4.58703,1.78901
04-Jun-2026,107.236,0.490411,1.52894,2.86301,1.33407
04-Jun-2026,111.898,0.490411,0.7621,1.69233,0.930228
04-Jun-2026,74.5988,0.575342,21.7523,24.1635,2.41118
04-Jun-2026,79.2612,0.575342,17.8598,20.4997,2.63993
04-Jun-2026,83.9236,0.575342,14.2271,17.0118,2.78466
04-Jun-2026,88.5861,0.575342,10.9203,13.7362,2.8159
04-Jun-2026,93.2485,0.575342,8.00829,10.7198,2.71153
04-Jun-2026,97.9109,0.575342,5.55548,8.02076,2.46528
04-Jun-2026,102.573,0.575342,3.60923,5.70715,2.09792
04-Jun-2026,107.236,0.575342,2.18075,3.84409,1.66334
04-Jun-2026,111.898,0.575342,1.22672,2.46512,1.2384
04-Jun-2026,74.5988,0.654795,22.2958,24.9035,2.60775
04-Jun-2026,79.2612,0.654795,18.487,21.3106,2.82365
04-Jun-2026,83.9236,0.654795,14.9311,17.8893,2.95819
04-Jun-2026,88.5861,0.654795,11.6838,14.6712,2.98744
04-Jun-2026,93.2485,0.654795,8.80145,11.6958,2.89431
04-Jun-2026,97.9109,0.654795,6.3366,9.00991,2.67331
04-Jun-2026,102.573,0.654795,4.32855,6.66737,2.33882
04-Jun-2026,107.236,0.654795,2.79079,4.72005,1.92926
04-Jun-2026,111.898,0.654795,1.69771,3.20224,1.50453
04-Jun-2026,74.5988,0.731507,22.805,25.5729,2.76788
04-Jun-2026,79.2612,0.731507,19.0674,22.0411,2.97374
04-Jun-2026,83.9236,0.731507,15.576,18.677,3.10104
04-Jun-2026,88.5861,0.731507,12.3785,15.5085,3.13004
04-Jun-2026,93.2485,0.731507,9.52256,12.5693,3.04672
04-Jun-2026,97.9109,0.731507,7.05197,9.89848,2.84651
04-Jun-2026,102.573,0.731507,4.99996,7.53992,2.53996
04-Jun-2026,107.236,0.731507,3.38018,5.53594,2.15576
04-Jun-2026,111.898,0.731507,2.17705,3.91817,1.74112
04-Jun-2026,74.5988,0.821918,23.439,26.3795,2.94048
04-Jun-2026,79.2612,0.821918,19.7823,22.9183,3.13601
04-Jun-2026,83.9236,0.821918,16.3635,19.62,3.25654
04-Jun-2026,88.5861,0.821918,13.2223,16.5086,3.28634
04-Jun-2026,93.2485,0.821918,10.3978,13.6122,3.21442
04-Jun-2026,97.9109,0.821918,7.92537,10.9625,3.03712
04-Jun-2026,102.573,0.821918,5.83225,8.59411,2.76186
04-Jun-2026,107.236,0.821918,4.13114,6.54035,2.40921
04-Jun-2026,111.898,0.821918,2.81375,4.82839,2.01464
04-Jun-2026,74.5988,0.90411,24.0072,27.0812,3.07403
04-Jun-2026,79.2612,0.90411,20.4174,23.679,3.26161
04-Jun-2026,83.9236,0.90411,17.058,20.4356,3.37759
04-Jun-2026,88.5861,0.90411,13.963,17.3719,3.40894
04-Jun-2026,93.2485,0.90411,11.1656,14.5121,3.34654
04-Jun-2026,97.9109,0.90411,8.6953,11.8828,3.18746
04-Jun-2026,102.573,0.90411,6.57493,9.51228,2.93735
04-Jun-2026,107.236,0.90411,4.81595,7.4278,2.61185
04-Jun-2026,111.898,0.90411,3.41379,5.65262,2.23883
05-Jun-2026,73.7984,0.0191781,18.5171,18.518,0.000918665
05-Jun-2026,78.4108,0.0191781,13.909,13.9174,0.0083682
05-Jun-2026,83.0232,0.0191781,9.3021,9.3628,0.0606982
05-Jun-2026,87.6356,0.0191781,4.76793,5.04655,0.278621
05-Jun-2026,92.248,0.0191781,1.17578,1.60779,0.432013
05-Jun-2026,96.8604,0.0191781,0.049815,0.114383,0.0645684
05-Jun-2026,101.473,0.0191781,9.31447e-05,0.000901979,0.000808835
05-Jun-2026,106.085,0.0191781,4.04973e-09,2.82851e-06,2.82446e-06
05-Jun-2026,110.698,0.0191781,8.95413e-15,6.71648e-09,6.71648e-09
05-Jun-2026,73.7984,0.0383562,18.5724,18.5915,0.0190783
05-Jun-2026,78.4108,0.0383562,13.9685,14.0412,0.0726937
05-Jun-2026,83.0232,0.0383562,9.38326,9.61315,0.229891
05-Jun-2026,87.6356,0.0383562,5.00034,5.51405,0.51371
05-Jun-2026,92.248,0.0383562,1.61795,2.17966,0.561706
05-Jun-2026,96.8604,0.0383562,0.194882,0.341586,0.146704
05-Jun-2026,101.473,0.0383562,0.00459977,0.0168742,0.0122745
05-Jun-2026,106.085,0.0383562,1.54862e-05,0.000567277,0.000551791
05-Jun-2026,110.698,0.0383562,1.08522e-08,1.73899e-05,1.7379e-05
05-Jun-2026,73.7984,0.0575342,18.6405,18.7266,0.0861129
05-Jun-2026,78.4108,0.0575342,14.0486,14.2621,0.213455
05-Jun-2026,83.0232,0.0575342,9.5194,9.97016,0.450763
05-Jun-2026,87.6356,0.0575342,5.30606,6.02364,0.717576
05-Jun-2026,92.248,0.0575342,2.05675,2.72929,0.672541
05-Jun-2026,96.8604,0.0575342,0.418847,0.650094,0.231247
05-Jun-2026,101.473,0.0575342,0.0312083,0.074244,0.0430357
05-Jun-2026,106.085,0.0575342,0.000710112,0.00706842,0.00635831
05-Jun-2026,110.698,0.0575342,6.15192e-06,0.000661822,0.00065567
05-Jun-2026,73.7984,0.0767123,18.6984,18.8676,0.169222
05-Jun-2026,78.4108,0.0767123,14.1246,14.4712,0.346647
05-Jun-2026,83.0232,0.0767123,9.65353,10.2656,0.612109
05-Jun-2026,87.6356,0.0767123,5.55431,6.39765,0.843341
05-Jun-2026,92.248,0.0767123,2.37207,3.11761,0.745538
05-Jun-2026,96.8604,0.0767123,0.614658,0.909035,0.294377
05-Jun-2026,101.473,0.0767123,0.0748035,0.148996,0.0741923
05-Jun-2026,106.085,0.0767123,0.00376194,0.0217415,0.0179795
05-Jun-2026,110.698,0.0767123,9.16653e-05,0.00321942,0.00312775
05-Jun-2026,73.7984,0.0958904,18.7598,19.0263,0.26651
05-Jun-2026,78.4108,0.0958904,14.2108,14.691,0.4802
05-Jun-2026,83.0232,0.0958904,9.80092,10.5542,0.75327
05-Jun-2026,87.6356,0.0958904,5.7969,6.74319,0.946287
05-Jun-2026,92.248,0.0958904,2.66254,3.47329,0.810749
05-Jun-2026,96.8604,0.0958904,0.813949,1.16976,0.355812
05-Jun-2026,101.473,0.0958904,0.136561,0.243957,0.107396
05-Jun-2026,106.085,0.0958904,0.011417,0.0465884,0.0351714
05-Jun-2026,110.698,0.0958904,0.000536944,0.00921084,0.0086739
05-Jun-2026,73.7984,0.0684932,18.6659,18.7866,0.12066
05-Jun-2026,78.4108,0.0684932,14.0811,14.3531,0.271958
05-Jun-2026,83.0232,0.0684932,9.577,10.102,0.525033
05-Jun-2026,87.6356,0.0684932,5.41699,6.19394,0.776948
05-Jun-2026,92.248,0.0684932,2.20058,2.90687,0.70629
05-Jun-2026,96.8604,0.0684932,0.505152,0.76482,0.259668
05-Jun-2026,101.473,0.0684932,0.0481883,0.104713,0.0565249
05-Jun-2026,106.085,0.0684932,0.00163834,0.0123855,0.0107471
05-Jun-2026,110.698,0.0684932,2.39848e-05,0.00146367,0.00143969
05-Jun-2026,73.7984,0.153425,19.0083,19.6318,0.623504
05-Jun-2026,78.4108,0.153425,14.5718,15.4573,0.885461
05-Jun-2026,83.0232,0.153425,10.3582,11.4823,1.12408
05-Jun-2026,87.6356,0.153425,6.58699,7.79874,1.21175
05-Jun-2026,92.248,0.153425,3.55001,4.56245,1.01244
05-Jun-2026,96.8604,0.153425,1.49938,2.06734,0.567959
05-Jun-2026,101.473,0.153425,0.452111,0.688709,0.236598
05-Jun-2026,106.085,0.153425,0.0927363,0.209548,0.116811
05-Jun-2026,110.698,0.153425,0.0137077,0.0672919,0.0535842
05-Jun-2026,73.7984,0.238356,19.4408,20.4991,1.05834
05-Jun-2026,78.4108,0.238356,15.1701,16.477,1.30691
05-Jun-2026,83.0232,0.238356,11.1682,12.6477,1.47952
05-Jun-2026,87.6356,0.238356,7.59288,9.08342,1.49054
05-Jun-2026,92.248,0.238356,4.62579,5.89984,1.27405
05-Jun-2026,96.8604,0.238356,2.42485,3.28974,0.864893
05-Jun-2026,101.473,0.238356,1.04472,1.51316,0.468443
05-Jun-2026,106.085,0.238356,0.360395,0.619409,0.259014
05-Jun-2026,110.698,0.238356,0.101946,0.257479,0.155533
05-Jun-2026,73.7984,0.320548,19.9296,21.3306,1.40104
05-Jun-2026,78.4108,0.320548,15.803,17.4238,1.62077
05-Jun-2026,83.0232,0.320548,11.9566,13.7049,1.74833
05-Jun-2026,87.6356,0.320548,8.50836,10.2345,1.72614
05-Jun-2026,92.248,0.320548,5.58583,7.10283,1.517
05-Jun-2026,96.8604,0.320548,3.30099,4.44618,1.14519
05-Jun-2026,101.473,0.320548,1.70971,2.44347,0.733756
05-Jun-2026,106.085,0.320548,0.763245,1.20302,0.439771
05-Jun-2026,110.698,0.320548,0.296538,0.575832,0.279294
05-Jun-2026,73.7984,0.40274,20.4699,22.1599,1.69002
05-Jun-2026,78.4108,0.40274,16.4705,18.3538,1.88328
05-Jun-2026,83.0232,0.40274,12.7498,14.7314,1.98159
05-Jun-2026,87.6356,0.40274,9.3991,11.3438,1.94472
05-Jun-2026,92.248,0.40274,6.51295,8.26281,1.74986
05-Jun-2026,96.8604,0.40274,4.17506,5.58856,1.4135
05-Jun-2026,101.473,0.40274,2.43485,3.44733,1.01248
05-Jun-2026,106.085,0.40274,1.2773,1.94235,0.665051
05-Jun-2026,110.698,0.40274,0.604664,1.04062,0.435955
05-Jun-2026,73.7984,0.487671,21.0471,22.9857,1.93855
05-Jun-2026,78.4108,0.487671,17.1602,19.2708,2.11063
05-Jun-2026,83.0232,0.487671,13.5454,15.7354,2.19001
05-Jun-2026,87.6356,0.487671,10.2748,12.4227,2.14792
05-Jun-2026,92.248,0.487671,7.4214,9.39053,1.96913
05-Jun-2026,96.8604,0.487671,5.04957,6.71472,1.66515
05-Jun-2026,101.473,0.487671,3.20108,4.48715,1.28607
05-Jun-2026,106.085,0.487671,1.87582,2.7922,0.916384
05-Jun-2026,110.698,0.487671,1.01646,1.64563,0.629165
05-Jun-2026,73.7984,0.572603,21.6788,23.8429,2.16413
05-Jun-2026,78.4108,0.572603,17.8969,20.216,2.31906
05-Jun-2026,83.0232,0.572603,14.378,16.7636,2.38565
05-Jun-2026,87.6356,0.572603,11.1794,13.5226,2.34321
05-Jun-2026,92.248,0.572603,8.35819,10.5394,2.18124
05-Jun-2026,96.8604,0.572603,5.96456,7.87231,1.90775
05-Jun-2026,101.473,0.572603,4.03283,5.58907,1.55624
05-Jun-2026,106.085,0.572603,2.56931,3.75523,1.18592
05-Jun-2026,110.698,0.572603,1.54119,2.40171,0.860524
05-Jun-2026,73.7984,0.652055,22.2369,24.5705,2.33363
05-Jun-2026,78.4108,0.652055,18.5367,21.0137,2.47701
05-Jun-2026,83.0232,0.652055,15.0908,17.6274,2.53658
05-Jun-2026,87.6356,0.652055,11.9471,14.4433,2.49621
05-Jun-2026,92.248,0.652055,9.15262,11.5006,2.34797
05-Jun-2026,96.8604,0.652055,6.74826,8.84631,2.09805
05-Jun-2026,101.473,0.652055,4.76289,6.53387,1.77098
05-Jun-2026,106.085,0.652055,3.20481,4.61572,1.41091
05-Jun-2026,110.698,0.652055,2.05361,3.12395,1.07034
05-Jun-2026,73.7984,0.728767,22.7569,25.2286,2.47171
05-Jun-2026,78.4108,0.728767,19.1258,21.7323,2.60653
05-Jun-2026,83.0232,0.728767,15.7409,18.4027,2.6618
05-Jun-2026,87.6356,0.728767,12.6435,15.2677,2.62418
05-Jun-2026,92.248,0.728767,9.87285,12.3608,2.48791
05-Jun-2026,96.8604,0.728767,7.46349,9.7212,2.25771
05-Jun-2026,101.473,0.728767,5.43994,7.39246,1.95252
05-Jun-2026,106.085,0.728767,3.8109,5.41755,1.60665
05-Jun-2026,110.698,0.728767,2.5631,3.82608,1.26298
05-Jun-2026,73.7984,0.819178,23.4012,26.0217,2.62048
05-Jun-2026,78.4108,0.819178,19.8483,22.5952,2.74693
05-Jun-2026,83.0232,0.819178,16.532,19.3307,2.79875
05-Jun-2026,87.6356,0.819178,13.4868,16.2523,2.76545
05-Jun-2026,92.248,0.819178,10.7449,13.3877,2.64276
05-Jun-2026,96.8604,0.819178,8.3342,10.7687,2.43454
05-Jun-2026,101.473,0.819178,6.275,8.42983,2.15483
05-Jun-2026,106.085,0.819178,4.57552,6.40494,1.82942
05-Jun-2026,110.698,0.819178,3.22786,4.7194,1.49154
05-Jun-2026,73.7984,0.90137,23.9762,26.7117,2.73546
05-Jun-2026,78.4108,0.90137,20.4875,23.3435,2.85603
05-Jun-2026,83.0232,0.90137,17.2274,20.1333,2.90593
05-Jun-2026,87.6356,0.90137,14.2253,17.1021,2.87676
05-Jun-2026,92.248,0.90137,11.5083,14.2736,2.76534
05-Jun-2026,96.8604,0.90137,9.09993,11.6747,2.57475
05-Jun-2026,101.473,0.90137,7.01718,9.33335,2.31617
05-Jun-2026,106.085,0.90137,5.26754,7.27755,2.01001
05-Jun-2026,110.698,0.90137,3.84595,5.52876,1.68281
08-Jun-2026,78.4201,0.0109589,13.8652,13.8652,1.48912e-05
08-Jun-2026,83.0331,0.0109589,9.25375,9.25473,0.000975153
08-Jun-2026,87.646,0.0109589,4.64587,4.69379,0.0479163
08-Jun-2026,92.259,0.0109589,0.715562,0.962586,0.247024
08-Jun-2026,96.8719,0.0109589,0.0014254,0.0058526,0.0044272
08-Jun-2026,101.485,0.0109589,6.18459e-10,5.20665e-08,5.14481e-08
08-Jun-2026,73.8072,0.030137,18.5446,18.5498,0.00524018
08-Jun-2026,78.4201,0.030137,13.9376,13.9666,0.0290195
08-Jun-2026,83.0331,0.030137,9.33807,9.46665,0.128585
08-Jun-2026,87.646,0.030137,4.88274,5.26085,0.378108
08-Jun-2026,92.259,0.030137,1.42659,1.88326,0.456674
08-Jun-2026,96.8719,0.030137,0.123359,0.209966,0.0866065
08-Jun-2026,101.485,0.030137,0.00138504,0.00485945,0.00347441
08-Jun-2026,106.098,0.030137,1.26805e-06,6.18954e-05,6.06274e-05
08-Jun-2026,110.711,0.030137,1.39091e-10,6.68365e-07,6.68226e-07
08-Jun-2026,73.8072,0.0493151,18.6004,18.6383,0.0379171
08-Jun-2026,78.4201,0.0493151,13.9998,14.1179,0.118085
08-Jun-2026,83.0331,0.0493151,9.43648,9.74286,0.306381
08-Jun-2026,87.646,0.0493151,5.13843,5.70892,0.570487
08-Jun-2026,92.259,0.0493151,1.83706,2.3937,0.556635
08-Jun-2026,96.8719,0.0493151,0.303561,0.452361,0.1488
08-Jun-2026,101.485,0.0493151,0.0147504,0.0329562,0.0182058
08-Jun-2026,106.098,0.0493151,0.000162215,0.00180431,0.00164209
08-Jun-2026,110.711,0.0493151,5.02188e-07,9.34087e-05,9.29066e-05
08-Jun-2026,73.8072,0.0684932,18.6701,18.7905,0.120359
08-Jun-2026,78.4201,0.0684932,14.0873,14.3565,0.269228
08-Jun-2026,83.0331,0.0684932,9.59247,10.1049,0.512477
08-Jun-2026,87.646,0.0684932,5.45549,6.19632,0.740831
08-Jun-2026,92.259,0.0684932,2.26079,2.90852,0.647734
08-Jun-2026,96.8719,0.0684932,0.54988,0.765572,0.215692
08-Jun-2026,101.485,0.0684932,0.0596465,0.104843,0.0451964
08-Jun-2026,106.098,0.0684932,0.00245988,0.012399,0.00993914
08-Jun-2026,110.711,0.0684932,4.42092e-05,0.0014657,0.00142149
08-Jun-2026,73.8072,0.0876712,18.7306,18.9407,0.210148
08-Jun-2026,78.4201,0.0876712,14.1709,14.572,0.401135
08-Jun-2026,83.0331,0.0876712,9.73941,10.3983,0.658878
08-Jun-2026,87.646,0.0876712,5.70884,6.55707,0.848228
08-Jun-2026,92.259,0.0876712,2.57047,3.28101,0.710538
08-Jun-2026,96.8719,0.0876712,0.757279,1.02586,0.268584
08-Jun-2026,101.485,0.0876712,0.119404,0.18917,0.0697659
08-Jun-2026,106.098,0.0876712,0.00896792,0.031537,0.022569
08-Jun-2026,110.711,0.0876712,0.000355055,0.00539079,0.00503573
08-Jun-2026,73.8072,0.060274,18.638,18.7161,0.0780803
08-Jun-2026,78.4201,0.060274,14.0456,14.2432,0.197592
08-Jun-2026,83.0331,0.060274,9.51759,9.93983,0.422241
08-Jun-2026,87.646,0.060274,5.31203,5.98207,0.670041
08-Jun-2026,92.259,0.060274,2.0758,2.68484,0.609039
08-Jun-2026,96.8719,0.060274,0.436212,0.62213,0.185918
08-Jun-2026,101.485,0.060274,0.0351757,0.0674515,0.0322758
08-Jun-2026,106.098,0.060274,0.000894706,0.00602691,0.0051322
08-Jun-2026,110.711,0.060274,8.47146e-06,0.000527454,0.000518983
08-Jun-2026,73.8072,0.145205,18.9589,19.4969,0.53799
08-Jun-2026,78.4201,0.145205,14.5048,15.291,0.786189
08-Jun-2026,83.0331,0.145205,10.2682,11.2855,1.01731
08-Jun-2026,87.646,0.145205,6.47847,7.57774,1.09927
08-Jun-2026,92.259,0.145205,3.44363,4.33261,0.88898
08-Jun-2026,96.8719,0.145205,1.4226,1.86757,0.444968
08-Jun-2026,101.485,0.145205,0.41462,0.575537,0.160917
08-Jun-2026,106.098,0.145205,0.0805718,0.162871,0.0822991
08-Jun-2026,110.711,0.145205,0.0109591,0.0486983,0.0377392
08-Jun-2026,73.8072,0.230137,19.3897,20.3661,0.976412
08-Jun-2026,78.4201,0.230137,15.1076,16.322,1.21437
08-Jun-2026,83.0331,0.230137,11.096,12.4715,1.37547
08-Jun-2026,87.646,0.230137,7.5172,8.88925,1.37205
08-Jun-2026,92.259,0.230137,4.55747,5.69602,1.13855
08-Jun-2026,96.8719,0.230137,2.37426,3.09715,0.72289
08-Jun-2026,101.485,0.230137,1.01492,1.36968,0.354758
08-Jun-2026,106.098,0.230137,0.346035,0.539787,0.193752
08-Jun-2026,110.711,0.230137,0.0959571,0.217811,0.121854
08-Jun-2026,73.8072,0.312329,19.8828,21.2027,1.31991
08-Jun-2026,78.4201,0.312329,15.7501,17.2777,1.52764
08-Jun-2026,83.0331,0.312329,11.9006,13.5413,1.64073
08-Jun-2026,87.646,0.312329,8.45435,10.0557,1.60135
08-Jun-2026,92.259,0.312329,5.53987,6.9146,1.37473
08-Jun-2026,96.8719,0.312329,3.2677,4.26188,0.994178
08-Jun-2026,101.485,0.312329,1.68953,2.28744,0.597908
08-Jun-2026,106.098,0.312329,0.752497,1.09689,0.34439
08-Jun-2026,110.711,0.312329,0.290946,0.514384,0.223438
08-Jun-2026,73.8072,0.394521,20.4559,22.0756,1.61971
08-Jun-2026,78.4201,0.394521,16.4597,18.2582,1.79846
08-Jun-2026,83.0331,0.394521,12.7449,14.6247,1.87983
08-Jun-2026,87.646,0.394521,9.40229,11.2275,1.8252
08-Jun-2026,92.259,0.394521,6.5253,8.13982,1.61452
08-Jun-2026,96.8719,0.394521,4.19505,5.46538,1.27033
08-Jun-2026,101.485,0.394521,2.45804,3.33522,0.87718
08-Jun-2026,106.098,0.394521,1.2979,1.85446,0.556563
08-Jun-2026,110.711,0.394521,0.618906,0.98184,0.362934
08-Jun-2026,73.8072,0.479452,21.0412,22.9056,1.8644
08-Jun-2026,78.4201,0.479452,17.1592,19.1807,2.02145
08-Jun-2026,83.0331,0.479452,13.5512,15.6354,2.08419
08-Jun-2026,87.646,0.479452,10.2888,12.314,2.02524
08-Jun-2026,92.259,0.479452,7.44364,9.27553,1.83189
08-Jun-2026,96.8719,0.479452,5.07819,6.59811,1.51992
08-Jun-2026,101.485,0.479452,3.23216,4.3767,1.14454
08-Jun-2026,106.098,0.479452,1.90438,2.69783,0.793455
08-Jun-2026,110.711,0.479452,1.0386,1.57482,0.536224
08-Jun-2026,73.8072,0.564384,21.6263,23.6949,2.06862
08-Jun-2026,78.4201,0.564384,17.8417,20.0516,2.20989
08-Jun-2026,83.0331,0.564384,14.3222,16.5836,2.2614
08-Jun-2026,87.646,0.564384,11.1257,13.3288,2.20315
08-Jun-2026,92.259,0.564384,8.30921,10.3356,2.0264
08-Jun-2026,96.8719,0.564384,5.92244,7.66505,1.74261
08-Jun-2026,101.485,0.564384,3.99883,5.38873,1.3899
08-Jun-2026,106.098,0.564384,2.54352,3.57534,1.03182
08-Jun-2026,110.711,0.564384,1.52268,2.25526,0.732582
08-Jun-2026,73.8072,0.643836,22.2181,24.4633,2.24524
08-Jun-2026,78.4201,0.643836,18.5202,20.8947,2.37454
08-Jun-2026,83.0331,0.643836,15.0778,17.4971,2.41931
08-Jun-2026,87.646,0.643836,11.9389,14.3031,2.36418
08-Jun-2026,92.259,0.643836,9.14969,11.3527,2.20302
08-Jun-2026,96.8719,0.643836,6.75043,8.69484,1.94441
08-Jun-2026,101.485,0.643836,4.76912,6.38488,1.61576
08-Jun-2026,106.098,0.643836,3.21334,4.47714,1.2638
08-Jun-2026,110.711,0.643836,2.06249,3.00459,0.942099
08-Jun-2026,73.8072,0.720548,22.7711,25.16,2.38888
08-Jun-2026,78.4201,0.720548,19.1462,21.6558,2.50961
08-Jun-2026,83.0331,0.720548,15.7681,18.3185,2.55045
08-Jun-2026,87.646,0.720548,12.6773,15.1767,2.49943
08-Jun-2026,92.259,0.720548,9.91264,12.2643,2.35169
08-Jun-2026,96.8719,0.720548,7.50743,9.6216,2.11417
08-Jun-2026,101.485,0.720548,5.48545,7.29306,1.80761
08-Jun-2026,106.098,0.720548,3.85486,5.32265,1.46779
08-Jun-2026,110.711,0.720548,2.60252,3.74106,1.13854
08-Jun-2026,73.8072,0.810959,23.4214,25.957,2.53562
08-Jun-2026,78.4201,0.810959,19.8745,22.5233,2.64876
08-Jun-2026,83.0331,0.810959,16.5647,19.2517,2.68703
08-Jun-2026,87.646,0.810959,13.5256,16.1669,2.6413
08-Jun-2026,92.259,0.810959,10.7889,13.2971,2.50817
08-Jun-2026,96.8719,0.810959,8.38188,10.6748,2.29292
08-Jun-2026,101.485,0.810959,6.32405,8.33514,2.01109
08-Jun-2026,106.098,0.810959,4.6233,6.31277,1.68947
08-Jun-2026,110.711,0.810959,3.27177,4.63413,1.36236
08-Jun-2026,73.8072,0.893151,24.0011,26.6504,2.6493
08-Jun-2026,78.4201,0.893151,20.5184,23.2754,2.75703
08-Jun-2026,83.0331,0.893151,17.2643,20.0586,2.7943
08-Jun-2026,87.646,0.893151,14.2678,17.0214,2.75357
08-Jun-2026,92.259,0.893151,11.5555,14.1879,2.63243
08-Jun-2026,96.8719,0.893151,9.1504,11.5855,2.43511
08-Jun-2026,101.485,0.893151,7.06887,9.24286,2.17399
08-Jun-2026,106.098,0.893151,5.31816,7.18831,1.87015
08-Jun-2026,110.711,0.893151,3.89321,5.44445,1.55124
09-Jun-2026,73.725,0.00821918,18.4495,18.4495,1.29136e-05
09-Jun-2026,78.3328,0.00821918,13.8429,13.8428,6.97138e-05
09-Jun-2026,82.9406,0.00821918,9.2362,9.23632,0.00011634
09-Jun-2026,87.5484,0.00821918,4.63067,4.65269,0.0220216
09-Jun-2026,92.1562,0.00821918,0.635518,0.831076,0.195558
09-Jun-2026,96.764,0.00821918,0.000415841,0.00158839,0.00117255
09-Jun-2026,101.372,0.00821918,7.94242e-12,4.30179e-10,4.22237e-10
09-Jun-2026,105.98,0.00821918,1.0709e-15,1.28628e-15,2.15375e-16
09-Jun-2026,110.587,0.00821918,1.08677e-15,1.2573e-15,1.70533e-16
09-Jun-2026,73.725,0.0273973,18.5165,18.5202,0.00366301
09-Jun-2026,78.3328,0.0273973,13.9142,13.9366,0.0224472
09-Jun-2026,82.9406,0.0273973,9.31864,9.42744,0.108797
09-Jun-2026,87.5484,0.0273973,4.86416,5.20109,0.336933
09-Jun-2026,92.1562,0.0273973,1.41391,1.81537,0.401457
09-Jun-2026,96.764,0.0273973,0.122437,0.184532,0.062095
09-Jun-2026,101.372,0.0273973,0.00142671,0.00344795,0.00202124
09-Jun-2026,105.98,0.0273973,1.35478e-06,3.33089e-05,3.19541e-05
09-Jun-2026,110.587,0.0273973,1.37578e-10,2.67285e-07,2.67148e-07
09-Jun-2026,73.725,0.0465753,18.5715,18.604,0.0324672
09-Jun-2026,78.3328,0.0465753,13.9755,14.0807,0.105183
09-Jun-2026,82.9406,0.0465753,9.4174,9.69761,0.280206
09-Jun-2026,87.5484,0.0465753,5.12921,5.65318,0.523966
09-Jun-2026,92.1562,0.0465753,1.84432,2.33798,0.493655
09-Jun-2026,96.764,0.0465753,0.313913,0.423425,0.109512
09-Jun-2026,101.372,0.0465753,0.0165854,0.0283195,0.0117341
09-Jun-2026,105.98,0.0465753,0.000206548,0.00139382,0.00118727
09-Jun-2026,110.587,0.0465753,7.02518e-07,6.44188e-05,6.37162e-05
09-Jun-2026,73.725,0.0657534,18.6403,18.7511,0.110813
09-Jun-2026,78.3328,0.0657534,14.0628,14.3143,0.251531
09-Jun-2026,82.9406,0.0657534,9.57707,10.0577,0.480672
09-Jun-2026,87.5484,0.0657534,5.45771,6.14463,0.686922
09-Jun-2026,92.1562,0.0657534,2.28411,2.85944,0.575328
09-Jun-2026,96.764,0.0657534,0.574314,0.734848,0.160534
09-Jun-2026,101.372,0.0657534,0.0674422,0.0964857,0.0290435
09-Jun-2026,105.98,0.0657534,0.00313413,0.010858,0.00772385
09-Jun-2026,110.587,0.0657534,6.30572e-05,0.00121759,0.00115454
09-Jun-2026,73.725,0.0849315,18.7004,18.8985,0.198062
09-Jun-2026,78.3328,0.0849315,14.1474,14.5276,0.380207
09-Jun-2026,82.9406,0.0849315,9.72834,10.3508,0.622441
09-Jun-2026,87.5484,0.0849315,5.71938,6.50754,0.788158
09-Jun-2026,92.1562,0.0849315,2.60383,3.23462,0.630791
09-Jun-2026,96.764,0.0849315,0.792078,0.994127,0.202049
09-Jun-2026,101.372,0.0849315,0.134095,0.178248,0.0441535
09-Jun-2026,105.98,0.0849315,0.0112029,0.0288056,0.0176027
09-Jun-2026,110.587,0.0849315,0.000493349,0.00476399,0.00427065
09-Jun-2026,73.725,0.0575342,18.6086,18.6788,0.0702084
09-Jun-2026,78.3328,0.0575342,14.021,14.2029,0.181853
09-Jun-2026,82.9406,0.0575342,9.50021,9.89315,0.392944
09-Jun-2026,87.5484,0.0575342,5.3092,5.92875,0.619546
09-Jun-2026,92.1562,0.0575342,2.09252,2.63338,0.540857
09-Jun-2026,96.764,0.0575342,0.454407,0.592091,0.137684
09-Jun-2026,101.372,0.0575342,0.0398219,0.0606982,0.0208763
09-Jun-2026,105.98,0.0575342,0.00114785,0.00506764,0.00391979
09-Jun-2026,110.587,0.0575342,1.21497e-05,0.000412641,0.000400492
09-Jun-2026,73.725,0.142466,18.9302,19.4493,0.519058
09-Jun-2026,78.3328,0.142466,14.4887,15.2433,0.754552
09-Jun-2026,82.9406,0.142466,10.2726,11.2378,0.965202
09-Jun-2026,87.5484,0.142466,6.51052,7.53086,1.02034
09-Jun-2026,92.1562,0.142466,3.50058,4.28898,0.788399
09-Jun-2026,96.764,0.142466,1.4843,1.83314,0.348839
09-Jun-2026,101.372,0.142466,0.454952,0.557822,0.10287
09-Jun-2026,105.98,0.142466,0.0951922,0.156062,0.0608697
09-Jun-2026,110.587,0.142466,0.0140163,0.0461429,0.0321266
09-Jun-2026,73.725,0.227397,19.3692,20.3142,0.945039
09-Jun-2026,78.3328,0.227397,15.1065,16.2712,1.16473
09-Jun-2026,82.9406,0.227397,11.1211,12.4221,1.30095
09-Jun-2026,87.5484,0.227397,7.57241,8.84159,1.26918
09-Jun-2026,92.1562,0.227397,4.63843,5.65155,1.01312
09-Jun-2026,96.764,0.227397,2.46447,3.0592,0.594728
09-Jun-2026,101.372,0.227397,1.0899,1.34391,0.254011
09-Jun-2026,105.98,0.227397,0.390158,0.526516,0.136358
09-Jun-2026,110.587,0.227397,0.114318,0.21155,0.097232
09-Jun-2026,73.725,0.309589,19.8726,21.1474,1.27485
09-Jun-2026,78.3328,0.309589,15.7634,17.224,1.46061
09-Jun-2026,82.9406,0.309589,11.9425,13.4893,1.54685
09-Jun-2026,87.5484,0.309589,8.52692,10.0058,1.4789
09-Jun-2026,92.1562,0.309589,5.63849,6.86794,1.22945
09-Jun-2026,96.764,0.309589,3.37863,4.2207,0.842067
09-Jun-2026,101.372,0.309589,1.79162,2.25567,0.464052
09-Jun-2026,105.98,0.309589,0.82687,1.07694,0.250067
09-Jun-2026,110.587,0.309589,0.333307,0.503551,0.170244
09-Jun-2026,73.725,0.391781,20.4571,22.0169,1.55981
09-Jun-2026,78.3328,0.391781,16.4869,18.2012,1.71428
09-Jun-2026,82.9406,0.391781,12.802,14.5697,1.76773
09-Jun-2026,87.5484,0.391781,9.49012,11.1748,1.68467
09-Jun-2026,92.1562,0.391781,6.63928,8.09038,1.4511
09-Jun-2026,96.764,0.391781,4.32365,5.42085,1.0972
09-Jun-2026,101.372,0.391781,2.58339,3.29835,0.714963
09-Jun-2026,105.98,0.391781,1.40135,1.82785,0.426495
09-Jun-2026,110.587,0.391781,0.690226,0.965257,0.275031
09-Jun-2026,73.725,0.476712,21.0533,22.8437,1.79037
09-Jun-2026,78.3328,0.476712,17.1987,19.1205,1.92185
09-Jun-2026,82.9406,0.476712,13.6212,15.5774,1.95618
09-Jun-2026,87.5484,0.476712,10.3893,12.2585,1.86916
09-Jun-2026,92.1562,0.476712,7.57031,9.22323,1.65292
09-Jun-2026,96.764,0.476712,5.2211,6.55037,1.32927
09-Jun-2026,101.372,0.476712,3.3761,4.33558,0.959483
09-Jun-2026,105.98,0.476712,2.03218,2.66555,0.633367
09-Jun-2026,110.587,0.476712,1.13753,1.55238,0.41485
09-Jun-2026,73.725,0.561644,21.6483,23.63,1.98165
09-Jun-2026,78.3328,0.561644,17.8921,19.9885,2.09639
09-Jun-2026,82.9406,0.561644,14.4033,16.5227,2.11937
09-Jun-2026,87.5484,0.561644,11.237,13.2704,2.03342
09-Jun-2026,92.1562,0.561644,8.44665,10.2805,1.83381
09-Jun-2026,96.764,0.561644,6.07733,7.61423,1.5369
09-Jun-2026,101.372,0.561644,4.15803,5.34385,1.18582
09-Jun-2026,105.98,0.561644,2.6916,3.53822,0.84662
09-Jun-2026,110.587,0.561644,1.64629,2.22734,0.581051
09-Jun-2026,73.725,0.641096,22.2493,24.3954,2.14613
09-Jun-2026,78.3328,0.641096,18.5804,20.8287,2.24833
09-Jun-2026,82.9406,0.641096,15.1687,17.4333,2.26461
09-Jun-2026,87.5484,0.641096,12.0598,14.2418,2.18203
09-Jun-2026,92.1562,0.641096,9.29668,11.2947,1.99802
09-Jun-2026,96.764,0.641096,6.91581,8.64098,1.72517
09-Jun-2026,101.372,0.641096,4.94143,6.33647,1.39504
09-Jun-2026,105.98,0.641096,3.37882,4.43568,1.05686
09-Jun-2026,110.587,0.641096,2.20808,2.97161,0.763529
09-Jun-2026,73.725,0.717808,22.8104,25.0894,2.27902
09-Jun-2026,78.3328,0.717808,19.2147,21.5871,2.37245
09-Jun-2026,82.9406,0.717808,15.8673,18.2521,2.38481
09-Jun-2026,87.5484,0.717808,12.8063,15.1129,2.30655
09-Jun-2026,92.1562,0.717808,10.0676,12.2037,2.13607
09-Jun-2026,96.764,0.717808,7.68149,9.56495,1.88346
09-Jun-2026,101.372,0.717808,5.66843,7.24152,1.57309
09-Jun-2026,105.98,0.717808,4.0344,5.27748,1.24308
09-Jun-2026,110.587,0.717808,2.76624,3.70375,0.937506
09-Jun-2026,73.725,0.808219,23.4693,25.8834,2.41412
09-Jun-2026,78.3328,0.808219,19.9521,22.4516,2.49946
09-Jun-2026,82.9406,0.808219,16.6727,19.1823,2.50955
09-Jun-2026,87.5484,0.808219,13.6631,16.1,2.43689
09-Jun-2026,92.1562,0.808219,10.9524,13.2333,2.28093
09-Jun-2026,96.764,0.808219,8.56508,10.6149,2.04982
09-Jun-2026,101.372,0.808219,6.51808,8.28005,1.76197
09-Jun-2026,105.98,0.808219,4.81723,6.26352,1.44629
09-Jun-2026,110.587,0.808219,3.4542,4.59211,1.13791
09-Jun-2026,73.725,0.890411,24.0563,26.5742,2.51788
09-Jun-2026,78.3328,0.890411,20.6032,23.2011,2.59787
09-Jun-2026,82.9406,0.890411,17.3795,19.9865,2.60697
09-Jun-2026,87.5484,0.890411,14.4122,16.9518,2.53958
09-Jun-2026,92.1562,0.890411,11.7258,14.1215,2.39565
09-Jun-2026,96.764,0.890411,9.34095,11.5228,2.18181
09-Jun-2026,101.372,0.890411,7.27166,9.18467,1.91301
09-Jun-2026,105.98,0.890411,5.52335,7.1356,1.61225
09-Jun-2026,110.587,0.890411,4.09029,5.39851,1.30822
10-Jun-2026,83.4268,0.00547945,9.28327,9.28323,3.79957e-05
10-Jun-2026,88.0616,0.00547945,4.64925,4.65481,0.00556496
10-Jun-2026,92.6964,0.00547945,0.489992,0.681019,0.191027
10-Jun-2026,97.3312,0.00547945,6.06029e-06,0.000143573,0.000137513
10-Jun-2026,101.966,0.00547945,9.75521e-16,4.92505e-14,4.8275e-14
10-Jun-2026,106.601,0.00547945,1.00126e-15,-3.49323e-15,4.49449e-15
10-Jun-2026,111.236,0.00547945,9.87638e-16,-3.58852e-15,4.57616e-15
10-Jun-2026,74.1571,0.0246575,18.618,18.6205,0.00246189
10-Jun-2026,78.7919,0.0246575,13.9881,14.0052,0.0171342
10-Jun-2026,83.4268,0.0246575,9.3615,9.45533,0.0938336
10-Jun-2026,88.0616,0.0246575,4.83835,5.17728,0.338929
10-Jun-2026,92.6964,0.0246575,1.29223,1.75777,0.465542
10-Jun-2026,97.3312,0.0246575,0.0775792,0.161034,0.0834547
10-Jun-2026,101.966,0.0246575,0.00034969,0.00235471,0.00200502
10-Jun-2026,106.601,0.0246575,6.94864e-08,1.65467e-05,1.64772e-05
10-Jun-2026,111.236,0.0246575,1.12721e-12,9.40921e-08,9.40909e-08
10-Jun-2026,74.1571,0.0438356,18.6725,18.7003,0.0278491
10-Jun-2026,78.7919,0.0438356,14.0476,14.1428,0.0951877
10-Jun-2026,83.4268,0.0438356,9.44843,9.72058,0.272151
10-Jun-2026,88.0616,0.0438356,5.07913,5.63655,0.55742
10-Jun-2026,92.6964,0.0438356,1.71401,2.29762,0.58361
10-Jun-2026,97.3312,0.0438356,0.236085,0.397651,0.161566
10-Jun-2026,101.966,0.0438356,0.0075638,0.0242441,0.0166803
10-Jun-2026,106.601,0.0438356,4.24724e-05,0.00106262,0.00102015
10-Jun-2026,111.236,0.0438356,5.80587e-08,4.33428e-05,4.32847e-05
10-Jun-2026,74.1571,0.0630137,18.74,18.8435,0.103497
10-Jun-2026,78.7919,0.0630137,14.1292,14.3729,0.24366
10-Jun-2026,83.4268,0.0630137,9.59102,10.0811,0.49009
10-Jun-2026,88.0616,0.0630137,5.38689,6.13579,0.748901
10-Jun-2026,92.6964,0.0630137,2.14233,2.83003,0.687702
10-Jun-2026,97.3312,0.0630137,0.466852,0.709436,0.242584
10-Jun-2026,101.966,0.0630137,0.040113,0.0891201,0.0490071
10-Jun-2026,106.601,0.0630137,0.00114988,0.00951546,0.00836558
10-Jun-2026,111.236,0.0630137,1.34045e-05,0.00100811,0.000994703
10-Jun-2026,74.1571,0.0821918,18.7979,18.9889,0.191019
10-Jun-2026,78.7919,0.0821918,14.207,14.5854,0.378357
10-Jun-2026,83.4268,0.0821918,9.72888,10.3759,0.647057
10-Jun-2026,88.0616,0.0821918,5.63535,6.50361,0.868264
10-Jun-2026,92.6964,0.0821918,2.45329,3.21084,0.757546
10-Jun-2026,97.3312,0.0821918,0.665694,0.969569,0.303875
10-Jun-2026,101.966,0.0821918,0.0888763,0.168875,0.0799984
10-Jun-2026,106.601,0.0821918,0.00517648,0.0264166,0.0212401
10-Jun-2026,111.236,0.0821918,0.000151952,0.00421722,0.00406526
10-Jun-2026,74.1571,0.0547945,18.7091,18.7728,0.0636797
10-Jun-2026,78.7919,0.0547945,14.0904,14.2625,0.17213
10-Jun-2026,83.4268,0.0547945,9.52193,9.91593,0.393998
10-Jun-2026,88.0616,0.0547945,5.24701,5.91662,0.669613
10-Jun-2026,92.6964,0.0547945,1.95588,2.59977,0.643894
10-Jun-2026,97.3312,0.0547945,0.35932,0.566355,0.207035
10-Jun-2026,101.966,0.0547945,0.021591,0.0547071,0.0331161
10-Jun-2026,106.601,0.0547945,0.000344766,0.0042477,0.00390294
10-Jun-2026,111.236,0.0547945,1.86679e-06,0.000319837,0.000317971
10-Jun-2026,74.1571,0.139726,19.0147,19.5384,0.523666
10-Jun-2026,78.7919,0.139726,14.5224,15.3029,0.780494
10-Jun-2026,83.4268,0.139726,10.2372,11.2693,1.03211
10-Jun-2026,88.0616,0.139726,6.39532,7.53725,1.14193
10-Jun-2026,92.6964,0.139726,3.32647,4.27586,0.949388
10-Jun-2026,97.3312,0.139726,1.31463,1.812,0.497375
10-Jun-2026,101.966,0.139726,0.353547,0.544405,0.190858
10-Jun-2026,106.601,0.139726,0.0610848,0.150539,0.0894546
10-Jun-2026,111.236,0.139726,0.00725022,0.0439778,0.0367275
10-Jun-2026,74.1571,0.224658,19.4275,20.4056,0.978058
10-Jun-2026,78.7919,0.224658,15.1046,16.3355,1.2309
10-Jun-2026,83.4268,0.224658,11.0479,12.4606,1.41273
10-Jun-2026,88.0616,0.224658,7.4268,8.85691,1.43011
10-Jun-2026,92.6964,0.224658,4.4393,5.64763,1.20833
10-Jun-2026,97.3312,0.224658,2.25569,3.04353,0.787838
10-Jun-2026,101.966,0.224658,0.925705,1.32825,0.402543
10-Jun-2026,106.601,0.224658,0.298004,0.517327,0.219323
10-Jun-2026,111.236,0.224658,0.077279,0.206882,0.129603
10-Jun-2026,74.1571,0.306849,19.906,21.2416,1.33561
10-Jun-2026,78.7919,0.306849,15.7336,17.2924,1.55879
10-Jun-2026,83.4268,0.306849,11.8434,13.5333,1.68987
10-Jun-2026,88.0616,0.306849,8.36093,10.0275,1.66657
10-Jun-2026,92.6964,0.306849,5.42235,6.87077,1.44842
10-Jun-2026,97.3312,0.306849,3.1459,4.21033,1.06443
10-Jun-2026,101.966,0.306849,1.58619,2.24076,0.654574
10-Jun-2026,106.601,0.306849,0.682572,1.06523,0.382658
10-Jun-2026,111.236,0.306849,0.253354,0.496471,0.243117
10-Jun-2026,74.1571,0.389041,20.4674,22.1141,1.64675
10-Jun-2026,78.7919,0.389041,16.4336,18.2736,1.83998
10-Jun-2026,83.4268,0.389041,12.6823,14.6186,1.93632
10-Jun-2026,88.0616,0.389041,9.30843,11.2023,1.89384
10-Jun-2026,92.6964,0.389041,6.41029,8.09943,1.68914
10-Jun-2026,97.3312,0.389041,4.07393,5.41596,1.34203
10-Jun-2026,101.966,0.389041,2.34808,3.28607,0.937991
10-Jun-2026,106.601,0.389041,1.21295,1.81513,0.602182
10-Jun-2026,111.236,0.389041,0.563385,0.955868,0.392483
10-Jun-2026,74.1571,0.473973,21.0445,22.9439,1.89936
10-Jun-2026,78.7919,0.473973,17.1273,19.1967,2.06935
10-Jun-2026,83.4268,0.473973,13.4865,15.6307,2.14423
10-Jun-2026,88.0616,0.473973,10.1965,12.2911,2.09455
10-Jun-2026,92.6964,0.473973,7.33246,9.23775,1.90529
10-Jun-2026,97.3312,0.473973,4.96016,6.5506,1.59044
10-Jun-2026,101.966,0.473973,3.1208,4.32673,1.20593
10-Jun-2026,106.601,0.473973,1.81147,2.65346,0.841986
10-Jun-2026,111.236,0.473973,0.970316,1.54152,0.571204
10-Jun-2026,74.1571,0.558904,21.6239,23.733,2.10908
10-Jun-2026,78.7919,0.558904,17.8066,20.0681,2.26145
10-Jun-2026,83.4268,0.558904,14.2573,16.5801,2.3228
10-Jun-2026,88.0616,0.558904,11.0361,13.3076,2.27154
10-Jun-2026,92.6964,0.558904,8.20271,10.2999,2.09721
10-Jun-2026,97.3312,0.558904,5.80889,7.61921,1.81032
10-Jun-2026,101.966,0.558904,3.88907,5.33871,1.44964
10-Jun-2026,106.601,0.558904,2.44738,3.52783,1.08045
10-Jun-2026,111.236,0.558904,1.44648,2.21605,0.769572
10-Jun-2026,74.1571,0.638356,22.2118,24.5012,2.28943
10-Jun-2026,78.7919,0.638356,18.4835,20.9116,2.42812
10-Jun-2026,83.4268,0.638356,15.0141,17.4946,2.48051
10-Jun-2026,88.0616,0.638356,11.853,14.2834,2.43038
10-Jun-2026,92.6964,0.638356,9.04852,11.3188,2.27026
10-Jun-2026,97.3312,0.638356,6.64225,8.65049,2.00824
10-Jun-2026,101.966,0.638356,4.66282,6.33515,1.67233
10-Jun-2026,106.601,0.638356,3.11708,4.42766,1.31058
10-Jun-2026,111.236,0.638356,1.98212,2.96083,0.978709
10-Jun-2026,74.1571,0.715068,22.7627,25.1977,2.43505
10-Jun-2026,78.7919,0.715068,19.1094,21.673,2.56363
10-Jun-2026,83.4268,0.715068,15.7064,18.3169,2.61045
10-Jun-2026,88.0616,0.715068,12.5955,15.1582,2.56273
10-Jun-2026,92.6964,0.715068,9.81681,12.2318,2.415
10-Jun-2026,97.3312,0.715068,7.40477,9.57848,2.17371
10-Jun-2026,101.966,0.715068,5.38345,7.24377,1.86032
10-Jun-2026,106.601,0.715068,3.76043,5.27203,1.5116
10-Jun-2026,111.236,0.715068,2.52088,3.69411,1.17323
10-Jun-2026,74.1571,0.805479,23.4118,25.9947,2.58285
10-Jun-2026,78.7919,0.805479,19.8388,22.5408,2.70203
10-Jun-2026,83.4268,0.805479,16.5063,19.2509,2.74455
10-Jun-2026,88.0616,0.805479,13.449,16.1496,2.70062
10-Jun-2026,92.6964,0.805479,10.6997,13.266,2.56628
10-Jun-2026,97.3312,0.805479,8.28609,10.633,2.34687
10-Jun-2026,101.966,0.805479,6.22795,8.28643,2.05848
10-Jun-2026,106.601,0.805479,4.53262,6.26134,1.72872
10-Jun-2026,111.236,0.805479,3.19101,4.5844,1.39339
10-Jun-2026,74.1571,0.887671,23.9915,26.6879,2.69643
10-Jun-2026,78.7919,0.887671,20.4843,23.2933,2.80896
10-Jun-2026,83.4268,0.887671,17.2094,20.0584,2.84896
10-Jun-2026,88.0616,0.887671,14.1962,17.005,2.80883
10-Jun-2026,92.6964,0.887671,11.4724,14.1579,2.68553
10-Jun-2026,97.3312,0.887671,9.06096,11.5447,2.48371
10-Jun-2026,101.966,0.887671,6.97855,9.19467,2.21612
10-Jun-2026,106.601,0.887671,5.23184,7.13645,1.90461
10-Jun-2026,111.236,0.887671,3.8148,5.3929,1.5781
11-Jun-2026,73.514,0.00273973,18.3846,18.3846,4.35893e-05
11-Jun-2026,78.1087,0.00273973,13.7903,13.7903,2.13198e-05
11-Jun-2026,82.7033,0.00273973,9.19605,9.1961,4.90422e-05
11-Jun-2026,87.2979,0.00273973,4.6018,4.60202,0.000215296
11-Jun-2026,91.8926,0.00273973,0.370037,0.476055,0.106018
11-Jun-2026,96.4872,0.00273973,1.24687e-08,1.96411e-07,1.83943e-07
11-Jun-2026,101.082,0.00273973,1.41442e-15,2.86276e-14,2.72132e-14
11-Jun-2026,73.514,0.0219178,18.451,18.4526,0.00161872
11-Jun-2026,78.1087,0.0219178,13.8609,13.8732,0.0122608
11-Jun-2026,82.7033,0.0219178,9.27481,9.3492,0.0743912
11-Jun-2026,87.2979,0.0219178,4.80366,5.07979,0.276128
11-Jun-2026,91.8926,0.0219178,1.32545,1.6734,0.347953
11-Jun-2026,96.4872,0.0219178,0.0958155,0.136306,0.0404902
11-Jun-2026,101.082,0.0219178,0.000747571,0.00150019,0.000752623
11-Jun-2026,105.676,0.0219178,3.50459e-07,7.28506e-06,6.9346e-06
11-Jun-2026,110.271,0.0219178,1.23981e-11,2.77583e-08,2.77459e-08
11-Jun-2026,73.514,0.0410959,18.5054,18.5286,0.0231618
11-Jun-2026,78.1087,0.0410959,13.9209,14.003,0.0820803
11-Jun-2026,82.7033,0.0410959,9.36848,9.60574,0.237263
11-Jun-2026,87.2979,0.0410959,5.0716,5.54029,0.468692
11-Jun-2026,91.8926,0.0410959,1.78487,2.22486,0.439987
11-Jun-2026,96.4872,0.0410959,0.288413,0.367065,0.0786518
11-Jun-2026,101.082,0.0410959,0.0138341,0.0202378,0.00640371
11-Jun-2026,105.676,0.0410959,0.000145627,0.000781978,0.000636351
11-Jun-2026,110.271,0.0410959,3.76359e-07,2.78385e-05,2.74621e-05
11-Jun-2026,73.514,0.060274,18.5734,18.6667,0.0932961
11-Jun-2026,78.1087,0.060274,14.0062,14.227,0.220813
11-Jun-2026,82.7033,0.060274,9.52609,9.96227,0.436177
11-Jun-2026,87.2979,0.060274,5.40832,6.04131,0.632994
11-Jun-2026,91.8926,0.060274,2.24425,2.76205,0.517797
11-Jun-2026,96.4872,0.060274,0.556389,0.675249,0.11886
11-Jun-2026,101.082,0.060274,0.0641261,0.0809809,0.0168548
11-Jun-2026,105.676,0.060274,0.00288119,0.00818126,0.00530007
11-Jun-2026,110.271,0.060274,5.38813e-05,0.000816394,0.000762513
11-Jun-2026,73.514,0.0794521,18.6325,18.8089,0.176418
11-Jun-2026,78.1087,0.0794521,14.0897,14.4365,0.34676
11-Jun-2026,82.7033,0.0794521,9.67805,10.2555,0.577415
11-Jun-2026,87.2979,0.0794521,5.6766,6.40972,0.733119
11-Jun-2026,91.8926,0.0794521,2.5748,3.14397,0.569171
11-Jun-2026,96.4872,0.0794521,0.780798,0.933081,0.152283
11-Jun-2026,101.082,0.0794521,0.132318,0.157741,0.025423
11-Jun-2026,105.676,0.0794521,0.0110479,0.023857,0.0128091
11-Jun-2026,110.271,0.0794521,0.000476459,0.00367141,0.00319495
11-Jun-2026,73.514,0.0520548,18.5421,18.5981,0.0560245
11-Jun-2026,78.1087,0.0520548,13.9653,14.119,0.153715
11-Jun-2026,82.7033,0.0520548,9.44964,9.79846,0.34882
11-Jun-2026,87.2979,0.0520548,5.25598,5.82148,0.565497
11-Jun-2026,91.8926,0.0520548,2.04495,2.53029,0.485341
11-Jun-2026,96.4872,0.0520548,0.432802,0.533624,0.100822
11-Jun-2026,101.082,0.0520548,0.0363891,0.0483866,0.0119975
11-Jun-2026,105.676,0.0520548,0.000975528,0.00347759,0.00250206
11-Jun-2026,110.271,0.0520548,9.04669e-06,0.000240886,0.000231839
11-Jun-2026,73.514,0.136986,18.861,19.3518,0.490789
11-Jun-2026,78.1087,0.136986,14.4317,15.1483,0.716591
11-Jun-2026,82.7033,0.136986,10.2297,11.1451,0.915442
11-Jun-2026,87.2979,0.136986,6.48484,7.44171,0.956869
11-Jun-2026,91.8926,0.136986,3.49373,4.2071,0.71337
11-Jun-2026,96.4872,0.136986,1.49114,1.76903,0.277891
11-Jun-2026,101.082,0.136986,0.463839,0.524928,0.0610892
11-Jun-2026,105.676,0.136986,0.0991887,0.143465,0.0442766
11-Jun-2026,110.271,0.136986,0.0148901,0.0414026,0.0265125
11-Jun-2026,73.514,0.221918,19.3024,20.2127,0.910252
11-Jun-2026,78.1087,0.221918,15.0565,16.1747,1.11818
11-Jun-2026,82.7033,0.221918,11.0907,12.3304,1.23975
11-Jun-2026,87.2979,0.221918,7.56392,8.75529,1.19137
11-Jun-2026,91.8926,0.221918,4.65056,5.57216,0.921597
11-Jun-2026,96.4872,0.221918,2.49003,2.99188,0.501846
11-Jun-2026,101.082,0.221918,1.11657,1.29805,0.181478
11-Jun-2026,105.676,0.221918,0.407833,0.502786,0.0949529
11-Jun-2026,110.271,0.221918,0.122182,0.200123,0.0779415
11-Jun-2026,73.514,0.30411,19.8107,21.0432,1.23252
11-Jun-2026,78.1087,0.30411,15.7213,17.1257,1.40437
11-Jun-2026,82.7033,0.30411,11.9226,13.3967,1.47415
11-Jun-2026,87.2979,0.30411,8.53024,9.91909,1.38885
11-Jun-2026,91.8926,0.30411,5.66281,6.78805,1.12524
11-Jun-2026,96.4872,0.30411,3.41698,4.15075,0.733774
11-Jun-2026,101.082,0.30411,1.83275,2.20158,0.36883
11-Jun-2026,105.676,0.30411,0.859666,1.04279,0.183125
11-Jun-2026,110.271,0.30411,0.353169,0.484529,0.13136
11-Jun-2026,73.514,0.386301,20.4014,21.9101,1.50867
11-Jun-2026,78.1087,0.386301,16.4528,18.1006,1.64782
11-Jun-2026,82.7033,0.386301,12.7913,14.4753,1.684
11-Jun-2026,87.2979,0.386301,9.50303,11.0866,1.58354
11-Jun-2026,91.8926,0.386301,6.67322,8.009,1.33578
11-Jun-2026,96.4872,0.386301,4.37226,5.3483,0.976039
11-Jun-2026,101.082,0.386301,2.63682,3.23832,0.601497
11-Jun-2026,105.676,0.386301,1.44885,1.78438,0.335533
11-Jun-2026,110.271,0.386301,0.7248,0.937447,0.212647
11-Jun-2026,73.514,0.471233,21.0034,22.7344,1.73096
11-Jun-2026,78.1087,0.471233,17.1715,19.0177,1.84621
11-Jun-2026,82.7033,0.471233,13.6179,15.4809,1.863
11-Jun-2026,87.2979,0.471233,10.4097,12.1684,1.75869
11-Jun-2026,91.8926,0.471233,7.61155,9.13999,1.52844
11-Jun-2026,96.4872,0.471233,5.27753,6.47535,1.19782
11-Jun-2026,101.082,0.471233,3.43909,4.27121,0.832118
11-Jun-2026,105.676,0.471233,2.0919,2.61504,0.523144
11-Jun-2026,110.271,0.471233,1.18605,1.51638,0.33033
11-Jun-2026,73.514,0.556164,21.6038,23.5183,1.9145
11-Jun-2026,78.1087,0.556164,17.8709,19.8834,2.01253
11-Jun-2026,82.7033,0.556164,14.4061,16.4241,2.018
11-Jun-2026,87.2979,0.556164,11.2633,13.1784,1.91507
11-Jun-2026,91.8926,0.556164,8.4937,10.1952,1.70154
11-Jun-2026,96.4872,0.556164,6.13995,7.53683,1.39688
11-Jun-2026,101.082,0.556164,4.22865,5.27596,1.04731
11-Jun-2026,105.676,0.556164,2.76134,3.48232,0.720976
11-Jun-2026,110.271,0.556164,1.70714,2.18434,0.477205
11-Jun-2026,73.514,0.635616,22.2097,24.2815,2.07181
11-Jun-2026,78.1087,0.635616,18.5644,20.7215,2.15706
11-Jun-2026,82.7033,0.635616,15.1768,17.3326,2.15581
11-Jun-2026,87.2979,0.635616,12.0911,14.1477,2.05661
11-Jun-2026,91.8926,0.635616,9.34857,11.2074,1.85882
11-Jun-2026,96.4872,0.635616,6.98357,8.56121,1.57764
11-Jun-2026,101.082,0.635616,5.01836,6.26546,1.2471
11-Jun-2026,105.676,0.635616,3.45696,4.37534,0.918377
11-Jun-2026,110.271,0.635616,2.27975,2.92269,0.642937
11-Jun-2026,73.514,0.712329,22.7749,24.9734,2.19854
11-Jun-2026,78.1087,0.712329,19.2031,21.4778,2.27475
11-Jun-2026,82.7033,0.712329,15.8796,18.1494,2.26983
11-Jun-2026,87.2979,0.712329,12.8416,15.0168,2.17518
11-Jun-2026,91.8926,0.712329,10.1233,12.1144,1.99107
11-Jun-2026,96.4872,0.712329,7.75332,9.48299,1.72967
11-Jun-2026,101.082,0.712329,5.75034,7.16781,1.41747
11-Jun-2026,105.676,0.712329,4.1192,5.21356,1.09436
11-Jun-2026,110.271,0.712329,2.84668,3.65011,0.803432
11-Jun-2026,73.514,0.80274,23.4383,25.7651,2.32678
11-Jun-2026,78.1087,0.80274,19.9449,22.3399,2.395
11-Jun-2026,82.7033,0.80274,16.6893,19.0772,2.38793
11-Jun-2026,87.2979,0.80274,13.7024,16.0016,2.29918
11-Jun-2026,91.8926,0.80274,11.0119,13.1416,2.12974
11-Jun-2026,96.4872,0.80274,8.64098,10.5304,1.8894
11-Jun-2026,101.082,0.80274,6.60495,8.20334,1.59839
11-Jun-2026,105.676,0.80274,4.90865,6.19585,1.2872
11-Jun-2026,110.271,0.80274,3.54351,4.53368,0.990166
11-Jun-2026,73.514,0.884932,24.0288,26.4538,2.42496
11-Jun-2026,78.1087,0.884932,20.5996,23.0873,2.48773
11-Jun-2026,82.7033,0.884932,17.3995,19.8794,2.47986
11-Jun-2026,87.2979,0.884932,14.4546,16.8513,2.39668
11-Jun-2026,91.8926,0.884932,11.7884,14.0276,2.23922
11-Jun-2026,96.4872,0.884932,9.41997,11.436,2.01598
11-Jun-2026,101.082,0.884932,7.36231,9.10539,1.74308
11-Jun-2026,105.676,0.884932,5.61981,7.06485,1.44504
11-Jun-2026,110.271,0.884932,4.18642,5.33628,1.14986
12-Jun-2026,74.6209,0.0191781,18.7229,18.7238,0.000886761
12-Jun-2026,79.2847,0.0191781,14.0633,14.0718,0.00853229
12-Jun-2026,83.9485,0.0191781,9.40462,9.46648,0.0618642
12-Jun-2026,88.6123,0.0191781,4.80594,5.10217,0.296232
12-Jun-2026,93.2761,0.0191781,1.13064,1.62529,0.494648
12-Jun-2026,97.9399,0.0191781,0.0363344,0.115583,0.0792486
12-Jun-2026,102.604,0.0191781,3.07571e-05,0.000911061,0.000880304
12-Jun-2026,107.268,0.0191781,4.06881e-10,2.8544e-06,2.85399e-06
12-Jun-2026,111.931,0.0191781,4.91288e-16,6.78984e-09,6.78984e-09
12-Jun-2026,74.6209,0.0383562,18.7783,18.7976,0.0192855
12-Jun-2026,79.2847,0.0383562,14.1227,14.1965,0.0738431
12-Jun-2026,83.9485,0.0383562,9.48164,9.71914,0.237501
12-Jun-2026,88.6123,0.0383562,5.02149,5.57444,0.552947
12-Jun-2026,93.2761,0.0383562,1.55968,2.20315,0.643468
12-Jun-2026,97.9399,0.0383562,0.159109,0.345125,0.186016
12-Jun-2026,102.604,0.0383562,0.00245976,0.0170434,0.0145836
12-Jun-2026,107.268,0.0383562,4.43903e-06,0.000572645,0.000568206
12-Jun-2026,111.931,0.0383562,1.66882e-09,1.75718e-05,1.75702e-05
12-Jun-2026,74.6209,0.0575342,18.8463,18.9337,0.0873583
12-Jun-2026,79.2847,0.0575342,14.201,14.4193,0.218291
12-Jun-2026,83.9485,0.0575342,9.60895,10.0796,0.47062
12-Jun-2026,88.6123,0.0575342,5.31205,6.08917,0.777123
12-Jun-2026,93.2761,0.0575342,1.98803,2.75843,0.770401
12-Jun-2026,97.9399,0.0575342,0.361432,0.656753,0.295321
12-Jun-2026,102.604,0.0575342,0.020711,0.0749823,0.0542713
12-Jun-2026,107.268,0.0575342,0.000322081,0.00713595,0.00681387
12-Jun-2026,111.931,0.0575342,1.90013e-06,0.000668591,0.000666691
12-Jun-2026,74.6209,0.0767123,18.9036,19.0758,0.172189
12-Jun-2026,79.2847,0.0767123,14.274,14.6304,0.35636
12-Jun-2026,83.9485,0.0767123,9.73534,10.3779,0.642553
12-Jun-2026,88.6123,0.0767123,5.55124,6.46693,0.915686
12-Jun-2026,93.2761,0.0767123,2.29748,3.15068,0.853199
12-Jun-2026,97.9399,0.0767123,0.544077,0.918279,0.374202
12-Jun-2026,102.604,0.0767123,0.0543965,0.150467,0.0960703
12-Jun-2026,107.268,0.0767123,0.00206294,0.0219494,0.0198864
12-Jun-2026,111.931,0.0767123,3.77082e-05,0.00325196,0.00321426
12-Jun-2026,74.6209,0.0958904,18.9639,19.2358,0.271906
12-Jun-2026,79.2847,0.0958904,14.3564,14.8521,0.495719
12-Jun-2026,83.9485,0.0958904,9.87548,10.6692,0.79374
12-Jun-2026,88.6123,0.0958904,5.78691,6.81589,1.02898
12-Jun-2026,93.2761,0.0958904,2.58372,3.50993,0.926206
12-Jun-2026,97.9399,0.0958904,0.733325,1.18158,0.44826
12-Jun-2026,102.604,0.0958904,0.105403,0.246348,0.140945
12-Jun-2026,107.268,0.0958904,0.00706822,0.0470331,0.0399649
12-Jun-2026,111.931,0.0958904,0.000264996,0.0093031,0.00903811
12-Jun-2026,74.6209,0.0493151,18.8152,18.8658,0.0505633
12-Jun-2026,79.2847,0.0493151,14.1642,14.3113,0.147086
12-Jun-2026,83.9485,0.0493151,9.54678,9.91343,0.366654
12-Jun-2026,88.6123,0.0493151,5.17889,5.86342,0.684535
12-Jun-2026,93.2761,0.0493151,1.80203,2.5195,0.717474
12-Jun-2026,97.9399,0.0493151,0.265328,0.513314,0.247986
12-Jun-2026,102.604,0.0493151,0.00955608,0.0434922,0.0339361
12-Jun-2026,107.268,0.0493151,6.97729e-05,0.00287345,0.00280368
12-Jun-2026,111.931,0.0493151,1.56993e-07,0.000182084,0.000181927
12-Jun-2026,74.6209,0.134247,19.1132,19.6244,0.511159
12-Jun-2026,79.2847,0.134247,14.5704,15.3528,0.782419
12-Jun-2026,83.9485,0.134247,10.2165,11.2846,1.06811
12-Jun-2026,88.6123,0.134247,6.29403,7.52161,1.22758
12-Jun-2026,93.2761,0.134247,3.16615,4.23707,1.07092
12-Jun-2026,97.9399,0.134247,1.16253,1.76723,0.604701
12-Jun-2026,102.604,0.134247,0.272007,0.517722,0.245715
12-Jun-2026,107.268,0.134247,0.038467,0.139741,0.101274
12-Jun-2026,111.931,0.134247,0.00366188,0.0398387,0.0361768
12-Jun-2026,74.6209,0.219178,19.51,20.4987,0.988694
12-Jun-2026,79.2847,0.219178,15.1298,16.3968,1.26697
12-Jun-2026,83.9485,0.219178,11.0058,12.4915,1.48572
12-Jun-2026,88.6123,0.219178,7.31625,8.85984,1.54359
12-Jun-2026,93.2761,0.219178,4.27869,5.62738,1.34869
12-Jun-2026,97.9399,0.219178,2.08726,3.0099,0.922638
12-Jun-2026,102.604,0.219178,0.799363,1.29793,0.498567
12-Jun-2026,107.268,0.219178,0.233424,0.499755,0.266331
12-Jun-2026,111.931,0.219178,0.0542057,0.198028,0.143823
12-Jun-2026,74.6209,0.30137,19.9755,21.3429,1.36744
12-Jun-2026,79.2847,0.30137,15.7454,17.3639,1.61849
12-Jun-2026,83.9485,0.30137,11.7928,13.5763,1.78347
12-Jun-2026,88.6123,0.30137,8.25075,10.044,1.79324
12-Jun-2026,93.2761,0.30137,5.26788,6.86441,1.59653
12-Jun-2026,97.9399,0.30137,2.97698,4.18784,1.21086
12-Jun-2026,102.604,0.30137,1.44018,2.21335,0.773171
12-Jun-2026,107.268,0.30137,0.585166,1.04413,0.458969
12-Jun-2026,111.931,0.30137,0.203085,0.483768,0.280683
12-Jun-2026,74.6209,0.383562,20.5279,22.2241,1.69622
12-Jun-2026,79.2847,0.383562,16.4389,18.3552,1.91627
12-Jun-2026,83.9485,0.383562,12.631,14.6731,2.04208
12-Jun-2026,88.6123,0.383562,9.20484,11.2314,2.02651
12-Jun-2026,93.2761,0.383562,6.26725,8.10611,1.83886
12-Jun-2026,97.9399,0.383562,3.9133,5.40519,1.49189
12-Jun-2026,102.604,0.383562,2.19732,3.26552,1.0682
12-Jun-2026,107.268,0.383562,1.09548,1.79433,0.698849
12-Jun-2026,111.931,0.383562,0.487576,0.940552,0.452976
12-Jun-2026,74.6209,0.468493,21.1009,23.062,1.96113
12-Jun-2026,79.2847,0.468493,17.1319,19.2875,2.15563
12-Jun-2026,83.9485,0.468493,13.4398,15.6955,2.25573
12-Jun-2026,88.6123,0.468493,10.1035,12.3314,2.22787
12-Jun-2026,93.2761,0.468493,7.20391,9.25611,2.0522
12-Jun-2026,97.9399,0.468493,4.81282,6.55089,1.73807
12-Jun-2026,102.604,0.468493,2.9753,4.31459,1.33929
12-Jun-2026,107.268,0.468493,1.68714,2.63636,0.949215
12-Jun-2026,111.931,0.468493,0.878412,1.52598,0.647571
12-Jun-2026,74.6209,0.553425,21.6801,23.8589,2.17881
12-Jun-2026,79.2847,0.553425,17.8147,20.1676,2.35291
12-Jun-2026,83.9485,0.553425,14.2188,16.6544,2.43565
12-Jun-2026,88.6123,0.553425,10.9562,13.3582,2.40204
12-Jun-2026,93.2761,0.553425,8.09047,10.329,2.23852
12-Jun-2026,97.9399,0.553425,5.67758,7.62993,1.95235
12-Jun-2026,102.604,0.553425,3.75458,5.33543,1.58085
12-Jun-2026,107.268,0.553425,2.32522,3.51647,1.19125
12-Jun-2026,111.931,0.553425,1.34773,2.20266,0.854931
12-Jun-2026,74.6209,0.632877,22.271,24.6347,2.36371
12-Jun-2026,79.2847,0.632877,18.4982,21.0195,2.52131
12-Jun-2026,83.9485,0.632877,14.9865,17.578,2.59155
12-Jun-2026,88.6123,0.632877,11.7881,14.3437,2.55562
12-Jun-2026,93.2761,0.632877,8.95406,11.358,2.40392
12-Jun-2026,97.9399,0.632877,6.52893,8.67123,2.1423
12-Jun-2026,102.604,0.632877,4.54305,6.34094,1.79789
12-Jun-2026,107.268,0.632877,3.0032,4.42325,1.42005
12-Jun-2026,111.931,0.632877,1.88394,2.9515,1.06756
12-Jun-2026,74.6209,0.709589,22.8269,25.338,2.51115
12-Jun-2026,79.2847,0.709589,19.1323,21.7884,2.65611
12-Jun-2026,83.9485,0.709589,15.6906,18.4084,2.7178
12-Jun-2026,88.6123,0.709589,12.5457,15.2272,2.68151
12-Jun-2026,93.2761,0.709589,9.73979,12.28,2.54021
12-Jun-2026,97.9399,0.709589,7.30934,9.60822,2.29888
12-Jun-2026,102.604,0.709589,5.27959,7.25798,1.97839
12-Jun-2026,107.268,0.709589,3.65809,5.27468,1.61659
12-Jun-2026,111.931,0.709589,2.42845,3.68978,1.26133
12-Jun-2026,74.6209,0.8,23.4841,26.1427,2.65863
12-Jun-2026,79.2847,0.8,19.8734,22.6647,2.79129
12-Jun-2026,83.9485,0.8,16.5059,19.3515,2.84564
12-Jun-2026,88.6123,0.8,13.4181,16.2283,2.81021
12-Jun-2026,93.2761,0.8,10.6439,13.3243,2.68036
12-Jun-2026,97.9399,0.8,8.21261,10.6729,2.46026
12-Jun-2026,102.604,0.8,6.14457,8.3104,2.16583
12-Jun-2026,107.268,0.8,4.4471,6.27266,1.82556
12-Jun-2026,111.931,0.8,3.11013,4.58695,1.47682
12-Jun-2026,74.6209,0.882192,24.0727,26.8428,2.77005
12-Jun-2026,79.2847,0.882192,20.5308,23.4244,2.89364
12-Jun-2026,83.9485,0.882192,17.2239,20.1669,2.943
12-Jun-2026,88.6123,0.882192,14.1828,17.092,2.90924
12-Jun-2026,93.2761,0.882192,11.436,14.2249,2.78886
12-Jun-2026,97.9399,0.882192,9.00763,11.5934,2.58572
12-Jun-2026,102.604,0.882192,6.91455,9.22719,2.31264
12-Jun-2026,107.268,0.882192,5.1634,7.15564,1.99224
12-Jun-2026,111.931,0.882192,3.74745,5.40215,1.6547
15-Jun-2026,74.4507,0.0109589,18.6373,18.6372,6.44168e-05
15-Jun-2026,79.1038,0.0109589,13.9857,13.9857,1.70539e-05
15-Jun-2026,83.757,0.0109589,9.33405,9.33499,0.00094421
15-Jun-2026,88.4102,0.0109589,4.68487,4.73421,0.0493368
15-Jun-2026,93.0633,0.0109589,0.68844,0.970747,0.282307
15-Jun-2026,97.7165,0.0109589,0.000786691,0.00589785,0.00511116
15-Jun-2026,102.37,0.0109589,5.40801e-11,5.24055e-08,5.23514e-08
15-Jun-2026,107.023,0.0109589,1.55845e-15,2.09462e-14,1.93877e-14
15-Jun-2026,111.676,0.0109589,1.57936e-15,4.08065e-15,2.50129e-15
15-Jun-2026,74.4507,0.030137,18.705,18.7102,0.00522342
15-Jun-2026,79.1038,0.030137,14.0577,14.087,0.0292935
15-Jun-2026,83.757,0.030137,9.416,9.54778,0.131783
15-Jun-2026,88.4102,0.030137,4.90121,5.30533,0.404117
15-Jun-2026,93.0633,0.030137,1.37684,1.89876,0.521917
15-Jun-2026,97.7165,0.030137,0.0996695,0.211546,0.111876
15-Jun-2026,102.37,0.030137,0.000696996,0.0048929,0.0041959
15-Jun-2026,107.023,0.030137,3.05483e-07,6.23216e-05,6.20161e-05
15-Jun-2026,111.676,0.030137,1.55517e-11,6.73037e-07,6.73022e-07
15-Jun-2026,74.4507,0.0493151,18.7605,18.7987,0.038227
15-Jun-2026,79.1038,0.0493151,14.1188,14.2388,0.120017
15-Jun-2026,83.757,0.0493151,9.50813,9.82565,0.317525
15-Jun-2026,88.4102,0.0493151,5.14256,5.75662,0.614058
15-Jun-2026,93.0633,0.0493151,1.77695,2.41303,0.636084
15-Jun-2026,97.7165,0.0493151,0.26071,0.455694,0.194984
15-Jun-2026,102.37,0.0493151,0.00951007,0.0331813,0.0236712
15-Jun-2026,107.023,0.0493151,6.7578e-05,0.00181659,0.00174901
15-Jun-2026,111.676,0.0493151,1.32272e-07,9.40493e-05,9.3917e-05
15-Jun-2026,74.4507,0.0684932,18.8294,18.9513,0.121914
15-Jun-2026,79.1038,0.0684932,14.2031,14.4787,0.275552
15-Jun-2026,83.757,0.0684932,9.65467,10.19,0.535356
15-Jun-2026,88.4102,0.0684932,5.44706,6.24744,0.800384
15-Jun-2026,93.0633,0.0684932,2.19228,2.93159,0.739315
15-Jun-2026,97.7165,0.0684932,0.489757,0.771092,0.281335
15-Jun-2026,102.37,0.0684932,0.0440071,0.105548,0.0615405
15-Jun-2026,107.023,0.0684932,0.00137001,0.0124822,0.0111122
15-Jun-2026,111.676,0.0684932,1.82799e-05,0.00147558,0.0014573
15-Jun-2026,74.4507,0.0876712,18.8886,19.1022,0.213615
15-Jun-2026,79.1038,0.0876712,14.283,14.6953,0.412333
15-Jun-2026,83.757,0.0876712,9.79418,10.4852,0.691048
15-Jun-2026,88.4102,0.0876712,5.69297,6.61066,0.917694
15-Jun-2026,93.0633,0.0876712,2.49732,3.3067,0.809381
15-Jun-2026,97.7165,0.0876712,0.686952,1.03316,0.346204
15-Jun-2026,102.37,0.0876712,0.0937871,0.190422,0.0966348
15-Jun-2026,107.023,0.0876712,0.00569547,0.0317458,0.0260503
15-Jun-2026,111.676,0.0876712,0.000179741,0.00542665,0.00524691
15-Jun-2026,74.4507,0.0410959,18.7419,18.7653,0.0233868
15-Jun-2026,79.1038,0.0410959,14.0979,14.1822,0.0843218
15-Jun-2026,83.757,0.0410959,9.47431,9.72891,0.254603
15-Jun-2026,88.4102,0.0410959,5.06026,5.61156,0.551304
15-Jun-2026,93.0633,0.0410959,1.65163,2.25381,0.60218
15-Jun-2026,97.7165,0.0410959,0.203001,0.371941,0.16894
15-Jun-2026,102.37,0.0410959,0.00496694,0.0205081,0.0155412
15-Jun-2026,107.023,0.0410959,1.81306e-05,0.00079221,0.000774079
15-Jun-2026,111.676,0.0410959,1.48662e-08,2.82148e-05,2.81999e-05
15-Jun-2026,74.4507,0.126027,19.0356,19.4812,0.445566
15-Jun-2026,79.1038,0.126027,14.4949,15.1943,0.699373
15-Jun-2026,83.757,0.126027,10.14,11.1104,0.970427
15-Jun-2026,88.4102,0.126027,6.22031,7.33646,1.11615
15-Jun-2026,93.0633,0.126027,3.10888,4.05382,0.944944
15-Jun-2026,97.7165,0.126027,1.13346,1.6179,0.48444
15-Jun-2026,102.37,0.126027,0.263473,0.442389,0.178916
15-Jun-2026,107.023,0.126027,0.0365678,0.111715,0.0751476
15-Jun-2026,111.676,0.126027,0.00331095,0.0297236,0.0264127
15-Jun-2026,74.4507,0.210959,19.4329,20.3522,0.919262
15-Jun-2026,79.1038,0.210959,15.0606,16.2431,1.18245
15-Jun-2026,83.757,0.210959,10.9476,12.3308,1.38318
15-Jun-2026,88.4102,0.210959,7.27445,8.69412,1.41967
15-Jun-2026,93.0633,0.210959,4.25845,5.46262,1.20417
15-Jun-2026,97.7165,0.210959,2.08713,2.86174,0.774612
15-Jun-2026,102.37,0.210959,0.807874,1.19473,0.386859
15-Jun-2026,107.023,0.210959,0.239139,0.446392,0.207253
15-Jun-2026,111.676,0.210959,0.0559244,0.172547,0.116623
15-Jun-2026,74.4507,0.293151,19.9044,21.1974,1.29295
15-Jun-2026,79.1038,0.293151,15.6875,17.2141,1.52663
15-Jun-2026,83.757,0.293151,11.7519,13.4223,1.67042
15-Jun-2026,88.4102,0.293151,8.2306,9.88708,1.65648
15-Jun-2026,93.0633,0.293151,5.26989,6.7084,1.43851
15-Jun-2026,97.7165,0.293151,2.99664,4.04221,1.04557
15-Jun-2026,102.37,0.293151,1.46603,2.09609,0.630064
15-Jun-2026,107.023,0.293151,0.605009,0.968882,0.363873
15-Jun-2026,111.676,0.293151,0.213207,0.441897,0.22869
15-Jun-2026,74.4507,0.375342,20.427,22.0218,1.59482
15-Jun-2026,79.1038,0.375342,16.3459,18.1434,1.79752
15-Jun-2026,83.757,0.375342,12.5493,14.4521,1.90281
15-Jun-2026,88.4102,0.375342,9.13856,11.003,1.86444
15-Jun-2026,93.0633,0.375342,6.21999,7.87533,1.65534
15-Jun-2026,97.7165,0.375342,3.88586,5.18267,1.29681
15-Jun-2026,102.37,0.375342,2.18595,3.07063,0.884682
15-Jun-2026,107.023,0.375342,1.09295,1.6485,0.555548
15-Jun-2026,111.676,0.375342,0.487526,0.846843,0.359317
15-Jun-2026,74.4507,0.460274,21.0479,22.9191,1.87119
15-Jun-2026,79.1038,0.460274,17.0981,19.1431,2.04503
15-Jun-2026,83.757,0.460274,13.4275,15.5496,2.12211
15-Jun-2026,88.4102,0.460274,10.1138,12.1847,2.07087
15-Jun-2026,93.0633,0.460274,7.23533,9.11076,1.87543
15-Jun-2026,97.7165,0.460274,4.86013,6.41119,1.55106
15-Jun-2026,102.37,0.460274,3.02942,4.18817,1.15875
15-Jun-2026,107.023,0.460274,1.73735,2.53305,0.795701
15-Jun-2026,111.676,0.460274,0.916786,1.45115,0.534369
15-Jun-2026,74.4507,0.545205,21.6359,23.7172,2.0813
15-Jun-2026,79.1038,0.545205,17.7909,20.0252,2.23428
15-Jun-2026,83.757,0.545205,14.2171,16.5113,2.29415
15-Jun-2026,88.4102,0.545205,10.977,13.2149,2.23792
15-Jun-2026,93.0633,0.545205,8.13176,10.1872,2.05546
15-Jun-2026,97.7165,0.545205,5.7344,7.49287,1.75847
15-Jun-2026,102.37,0.545205,3.81895,5.20851,1.38956
15-Jun-2026,107.023,0.545205,2.38756,3.40704,1.01948
15-Jun-2026,111.676,0.545205,1.39985,2.11649,0.716645
15-Jun-2026,74.4507,0.624658,22.235,24.4942,2.25917
15-Jun-2026,79.1038,0.624658,18.4834,20.8788,2.39543
15-Jun-2026,83.757,0.624658,14.994,17.4372,2.4432
15-Jun-2026,88.4102,0.624658,11.8177,14.2032,2.38554
15-Jun-2026,93.0633,0.624658,9.0036,11.2192,2.21564
15-Jun-2026,97.7165,0.624658,6.59376,8.53662,1.94286
15-Jun-2026,102.37,0.624658,4.61612,6.21443,1.59831
15-Jun-2026,107.023,0.624658,3.07602,4.31039,1.23437
15-Jun-2026,111.676,0.624658,1.94856,2.85731,0.908753
15-Jun-2026,74.4507,0.70137,22.7981,25.1986,2.40045
15-Jun-2026,79.1038,0.70137,19.125,21.6492,2.52421
15-Jun-2026,83.757,0.70137,15.7056,18.2695,2.56388
15-Jun-2026,88.4102,0.70137,12.5824,15.089,2.50663
15-Jun-2026,93.0633,0.70137,9.79595,12.1437,2.34774
15-Jun-2026,97.7165,0.70137,7.38062,9.47567,2.09505
15-Jun-2026,102.37,0.70137,5.35968,7.13226,1.77258
15-Jun-2026,107.023,0.70137,3.73938,5.16011,1.42073
15-Jun-2026,111.676,0.70137,2.50348,3.59049,1.08701
15-Jun-2026,74.4507,0.791781,23.4346,25.9706,2.53597
15-Jun-2026,79.1038,0.791781,19.8422,22.4903,2.64809
15-Jun-2026,83.757,0.791781,16.4939,19.1751,2.68119
15-Jun-2026,88.4102,0.791781,13.425,16.0506,2.62555
15-Jun-2026,93.0633,0.791781,10.6685,13.1467,2.47822
15-Jun-2026,97.7165,0.791781,8.25213,10.4979,2.24576
15-Jun-2026,102.37,0.791781,6.19484,8.14157,1.94673
15-Jun-2026,107.023,0.791781,4.50285,6.1149,1.61205
15-Jun-2026,111.676,0.791781,3.16576,4.44526,1.2795
15-Jun-2026,74.4507,0.873973,24.0295,26.6724,2.6429
15-Jun-2026,79.1038,0.873973,20.5063,23.2523,2.74605
15-Jun-2026,83.757,0.873973,17.2185,19.9932,2.77474
15-Jun-2026,88.4102,0.873973,14.1961,16.9175,2.72136
15-Jun-2026,93.0633,0.873973,11.4667,14.0507,2.58398
15-Jun-2026,97.7165,0.873973,9.05298,11.4215,2.3685
15-Jun-2026,102.37,0.873973,6.97074,9.06053,2.08979
15-Jun-2026,107.023,0.873973,5.22564,6.99815,1.77251
15-Jun-2026,111.676,0.873973,3.81056,5.25782,1.44726
16-Jun-2026,74.9206,0.00821918,18.7488,18.7487,7.9352e-05
16-Jun-2026,79.6031,0.00821918,14.0674,14.0674,1.53066e-05
16-Jun-2026,84.2856,0.00821918,9.38602,9.38619,0.000173893
16-Jun-2026,88.9682,0.00821918,4.70497,4.72816,0.0231932
16-Jun-2026,93.6507,0.00821918,0.568279,0.844579,0.2763
16-Jun-2026,98.3333,0.00821918,5.0376e-05,0.00161405,0.00156368
16-Jun-2026,103.016,0.00821918,5.78282e-16,4.37163e-10,4.37163e-10
16-Jun-2026,74.9206,0.0273973,18.817,18.8207,0.00367797
16-Jun-2026,79.6031,0.0273973,14.1399,14.1629,0.0229652
16-Jun-2026,84.2856,0.0273973,9.46572,9.58056,0.114837
16-Jun-2026,88.9682,0.0273973,4.88729,5.28559,0.398303
16-Jun-2026,93.6507,0.0273973,1.27351,1.84493,0.571422
16-Jun-2026,98.3333,0.0273973,0.0649281,0.187544,0.122616
16-Jun-2026,103.016,0.0273973,0.000179382,0.0035045,0.00332511
16-Jun-2026,107.698,0.0273973,1.87836e-08,3.38812e-05,3.38624e-05
16-Jun-2026,112.381,0.0273973,2.03385e-13,2.71522e-07,2.71521e-07
16-Jun-2026,74.9206,0.0465753,18.8728,18.9059,0.0331497
16-Jun-2026,79.6031,0.0465753,14.2004,14.3093,0.108947
16-Jun-2026,84.2856,0.0465753,9.5499,9.85521,0.305314
16-Jun-2026,88.9682,0.0465753,5.11048,5.74511,0.634628
16-Jun-2026,93.6507,0.0465753,1.66913,2.3761,0.706972
16-Jun-2026,98.3333,0.0465753,0.199882,0.430355,0.230473
16-Jun-2026,103.016,0.0465753,0.00445787,0.028785,0.0243271
16-Jun-2026,107.698,0.0465753,1.51863e-05,0.00141743,0.00140224
16-Jun-2026,112.381,0.0465753,1.35312e-08,6.54556e-05,6.54421e-05
16-Jun-2026,74.9206,0.0657534,18.9418,19.0556,0.11381
16-Jun-2026,79.6031,0.0657534,14.2816,14.5469,0.265314
16-Jun-2026,84.2856,0.0657534,9.6845,10.2213,0.536816
16-Jun-2026,88.9682,0.0657534,5.39986,6.24466,0.844795
16-Jun-2026,93.6507,0.0657534,2.07791,2.90613,0.828221
16-Jun-2026,98.3333,0.0657534,0.405476,0.7469,0.341424
16-Jun-2026,103.016,0.0657534,0.0269088,0.0980744,0.0711656
16-Jun-2026,107.698,0.0657534,0.00053811,0.0110407,0.0105026
16-Jun-2026,112.381,0.0657534,4.49567e-06,0.00123735,0.00123286
16-Jun-2026,74.9206,0.0849315,19.0002,19.2055,0.20525
16-Jun-2026,79.6031,0.0849315,14.3574,14.7638,0.40635
16-Jun-2026,84.2856,0.0849315,9.81454,10.5192,0.704667
16-Jun-2026,88.9682,0.0849315,5.63649,6.61355,0.977055
16-Jun-2026,93.6507,0.0849315,2.37797,3.28749,0.909519
16-Jun-2026,98.3333,0.0849315,0.588066,1.01045,0.422385
16-Jun-2026,103.016,0.0849315,0.0639831,0.181187,0.117204
16-Jun-2026,107.698,0.0849315,0.0028001,0.0292891,0.026489
16-Jun-2026,112.381,0.0849315,6.25423e-05,0.0048416,0.00477906
16-Jun-2026,74.9206,0.0383562,18.8542,18.8736,0.0193937
16-Jun-2026,79.6031,0.0383562,14.1799,14.2541,0.074228
16-Jun-2026,84.2856,0.0383562,9.5191,9.75878,0.23968
16-Jun-2026,88.9682,0.0383562,5.03343,5.59733,0.5639
16-Jun-2026,93.6507,0.0383562,1.54554,2.2124,0.666855
16-Jun-2026,98.3333,0.0383562,0.150049,0.346631,0.196582
16-Jun-2026,103.016,0.0383562,0.00204185,0.0171215,0.0150796
16-Jun-2026,107.698,0.0383562,3.07798e-06,0.000575612,0.000572534
16-Jun-2026,112.381,0.0383562,9.73699e-10,1.76467e-05,1.76458e-05
16-Jun-2026,74.9206,0.123288,19.1429,19.5848,0.441884
16-Jun-2026,79.6031,0.123288,14.5578,15.2655,0.707747
16-Jun-2026,84.2856,0.123288,10.1422,11.1507,1.00853
16-Jun-2026,88.9682,0.123288,6.14871,7.34878,1.20007
16-Jun-2026,93.6507,0.123288,2.98032,4.04424,1.06392
16-Jun-2026,98.3333,0.123288,1.01119,1.59899,0.587799
16-Jun-2026,103.016,0.123288,0.204124,0.43083,0.226706
16-Jun-2026,107.698,0.123288,0.023179,0.107237,0.084058
16-Jun-2026,112.381,0.123288,0.00169602,0.0280972,0.0264012
16-Jun-2026,74.9206,0.208219,19.525,20.461,0.936029
16-Jun-2026,79.6031,0.208219,15.0995,16.3226,1.22305
16-Jun-2026,84.2856,0.208219,10.9229,12.3824,1.45948
16-Jun-2026,88.9682,0.208219,7.18357,8.72002,1.53645
16-Jun-2026,93.6507,0.208219,4.1175,5.46675,1.34925
16-Jun-2026,98.3333,0.208219,1.93717,2.85162,0.914451
16-Jun-2026,103.016,0.208219,0.698305,1.18258,0.484274
16-Jun-2026,107.698,0.208219,0.187002,0.439138,0.252136
16-Jun-2026,112.381,0.208219,0.0391606,0.168842,0.129681
16-Jun-2026,74.9206,0.290411,19.9811,21.3123,1.33119
16-Jun-2026,79.6031,0.290411,15.7084,17.3012,1.59281
16-Jun-2026,84.2856,0.290411,11.7113,13.4829,1.77161
16-Jun-2026,88.9682,0.290411,8.12994,9.92307,1.79313
16-Jun-2026,93.6507,0.290411,5.12345,6.72296,1.59951
16-Jun-2026,98.3333,0.290411,2.8344,4.04075,1.20635
16-Jun-2026,103.016,0.290411,1.32673,2.08724,0.76051
16-Jun-2026,107.698,0.290411,0.514869,0.960843,0.445974
16-Jun-2026,112.381,0.290411,0.169047,0.436789,0.267742
16-Jun-2026,74.9206,0.372603,20.4907,22.1428,1.65207
16-Jun-2026,79.6031,0.372603,16.3539,18.2375,1.88365
16-Jun-2026,84.2856,0.372603,12.4989,14.5207,2.02185
16-Jun-2026,88.9682,0.372603,9.03325,11.0479,2.01462
16-Jun-2026,93.6507,0.372603,6.07221,7.89916,1.82695
16-Jun-2026,98.3333,0.372603,3.71879,5.18967,1.47088
16-Jun-2026,103.016,0.372603,2.02988,3.06719,1.03731
16-Jun-2026,107.698,0.372603,0.973894,1.64185,0.667954
16-Jun-2026,112.381,0.372603,0.413633,0.841208,0.427575
16-Jun-2026,74.9206,0.457534,21.1006,23.0466,1.94598
16-Jun-2026,79.6031,0.457534,17.0966,19.2447,2.14812
16-Jun-2026,84.2856,0.457534,13.3713,15.6266,2.25531
16-Jun-2026,88.9682,0.457534,10.0072,12.2387,2.23147
16-Jun-2026,93.6507,0.457534,7.08928,9.14413,2.05485
16-Jun-2026,98.3333,0.457534,4.69275,6.42732,1.73457
16-Jun-2026,103.016,0.457534,2.86416,4.1919,1.32774
16-Jun-2026,107.698,0.457534,1.59688,2.53019,0.933307
16-Jun-2026,112.381,0.457534,0.814356,1.44643,0.632078
16-Jun-2026,74.9206,0.542466,21.6813,23.8505,2.16919
16-Jun-2026,79.6031,0.542466,17.7841,20.1333,2.3492
16-Jun-2026,84.2856,0.542466,14.1588,16.5955,2.43668
16-Jun-2026,88.9682,0.542466,10.8718,13.2767,2.40495
16-Jun-2026,93.6507,0.542466,7.98931,10.2288,2.23946
16-Jun-2026,98.3333,0.542466,5.56966,7.51703,1.94737
16-Jun-2026,103.016,0.542466,3.65085,5.21921,1.56836
16-Jun-2026,107.698,0.542466,2.23543,3.40901,1.17358
16-Jun-2026,112.381,0.542466,1.27782,2.11411,0.83629
16-Jun-2026,74.9206,0.621918,22.2755,24.6331,2.35761
16-Jun-2026,79.6031,0.621918,18.4737,20.9933,2.51955
16-Jun-2026,84.2856,0.621918,14.9356,17.5283,2.59273
16-Jun-2026,88.9682,0.621918,11.7155,14.2725,2.557
16-Jun-2026,93.6507,0.621918,8.86607,11.2686,2.40248
16-Jun-2026,98.3333,0.621918,6.43346,8.5685,2.13504
16-Jun-2026,103.016,0.621918,4.44863,6.23219,1.78356
16-Jun-2026,107.698,0.621918,2.91768,4.31795,1.40027
16-Jun-2026,112.381,0.621918,1.81288,2.85846,1.04558
16-Jun-2026,74.9206,0.69863,22.8356,25.3426,2.50702
16-Jun-2026,79.6031,0.69863,19.1144,21.7693,2.65489
16-Jun-2026,84.2856,0.69863,15.6487,18.3668,2.71808
16-Jun-2026,88.9682,0.69863,12.484,15.1649,2.6809
16-Jun-2026,93.6507,0.69863,9.66384,12.1999,2.53607
16-Jun-2026,98.3333,0.69863,7.22555,9.51448,2.28893
16-Jun-2026,103.016,0.69863,5.19485,7.15654,1.96169
16-Jun-2026,107.698,0.69863,3.57881,5.17324,1.59443
16-Jun-2026,112.381,0.69863,2.35957,3.59572,1.23615
16-Jun-2026,74.9206,0.789041,23.4705,26.1202,2.64974
16-Jun-2026,79.6031,0.789041,19.8321,22.6165,2.78443
16-Jun-2026,84.2856,0.789041,16.44,19.2791,2.83907
16-Jun-2026,88.9682,0.789041,13.3319,16.1336,2.80165
16-Jun-2026,93.6507,0.789041,10.5432,13.2104,2.66718
16-Jun-2026,98.3333,0.789041,8.10382,10.5442,2.44039
16-Jun-2026,103.016,0.789041,6.03467,8.17308,2.13841
16-Jun-2026,107.698,0.789041,4.3427,6.13449,1.79179
16-Jun-2026,112.381,0.789041,3.01665,4.45567,1.43902
16-Jun-2026,74.9206,0.871233,24.0651,26.8272,2.76205
16-Jun-2026,79.6031,0.871233,20.4977,23.3841,2.88644
16-Jun-2026,84.2856,0.871233,17.1683,20.1032,2.93492
16-Jun-2026,88.9682,0.871233,14.1086,17.0068,2.89825
16-Jun-2026,93.6507,0.871233,11.3482,14.121,2.7728
16-Jun-2026,98.3333,0.871233,8.91157,11.4746,2.563
16-Jun-2026,103.016,0.871233,6.81603,9.09864,2.28261
16-Jun-2026,107.698,0.871233,5.06789,7.02384,1.95595
16-Jun-2026,112.381,0.871233,3.6596,5.27344,1.61384
17-Jun-2026,75.5094,0.00547945,18.8897,18.8897,4.77355e-05
17-Jun-2026,80.2287,0.00547945,14.1711,14.1712,0.000119463
17-Jun-2026,84.9481,0.00547945,9.45257,9.4526,2.51522e-05
17-Jun-2026,89.6674,0.00547945,4.734,4.73979,0.0057946
17-Jun-2026,94.3868,0.00547945,0.425379,0.693446,0.268067
17-Jun-2026,99.1061,0.00547945,6.75028e-08,0.000146209,0.000146142
17-Jun-2026,108.545,0.00547945,3.82812e-16,-3.55615e-15,3.93896e-15
17-Jun-2026,113.264,0.00547945,3.83107e-16,-3.65351e-15,4.03661e-15
17-Jun-2026,75.5094,0.0246575,18.9576,18.9601,0.0025259
17-Jun-2026,80.2287,0.0246575,14.2433,14.2608,0.0174596
17-Jun-2026,84.9481,0.0246575,9.52992,9.62791,0.0979898
17-Jun-2026,89.6674,0.0246575,4.8765,5.27185,0.395347
17-Jun-2026,94.3868,0.0246575,1.1336,1.78989,0.656287
17-Jun-2026,99.1061,0.0246575,0.0302259,0.163986,0.13376
17-Jun-2026,103.825,0.0246575,1.41119e-05,0.00239898,0.00238487
17-Jun-2026,108.545,0.0246575,1.26928e-10,1.68499e-05,1.68498e-05
17-Jun-2026,113.264,0.0246575,4.52133e-15,9.58726e-08,9.58726e-08
17-Jun-2026,75.5094,0.0438356,19.0131,19.0415,0.0284268
17-Jun-2026,80.2287,0.0438356,14.3027,14.4009,0.0981794
17-Jun-2026,84.9481,0.0438356,9.60453,9.89805,0.29352
17-Jun-2026,89.6674,0.0438356,5.06907,5.73954,0.670472
17-Jun-2026,94.3868,0.0438356,1.5137,2.33963,0.825925
17-Jun-2026,99.1061,0.0438356,0.124497,0.404945,0.280448
17-Jun-2026,103.825,0.0438356,0.00108698,0.0246963,0.0236093
17-Jun-2026,108.545,0.0438356,1.04804e-06,0.00108212,0.00108107
17-Jun-2026,113.264,0.0438356,2.73526e-10,4.41542e-05,4.41539e-05
17-Jun-2026,75.5094,0.0630137,19.0812,19.1874,0.106152
17-Jun-2026,80.2287,0.0630137,14.3796,14.6352,0.255615
17-Jun-2026,84.9481,0.0630137,9.7219,10.2652,0.543317
17-Jun-2026,89.6674,0.0630137,5.33067,6.24795,0.917278
17-Jun-2026,94.3868,0.0630137,1.90568,2.8818,0.976124
17-Jun-2026,99.1061,0.0630137,0.289469,0.722457,0.432988
17-Jun-2026,103.825,0.0630137,0.0107907,0.0907764,0.0799857
17-Jun-2026,108.545,0.0630137,0.000100263,0.00969023,0.00958997
17-Jun-2026,113.264,0.0630137,3.99629e-07,0.00102688,0.00102648
17-Jun-2026,75.5094,0.0821918,19.1381,19.3355,0.19738
17-Jun-2026,80.2287,0.0821918,14.4494,14.8516,0.40224
17-Jun-2026,84.9481,0.0821918,9.83695,10.5655,0.728523
17-Jun-2026,89.6674,0.0821918,5.54949,6.62253,1.07304
17-Jun-2026,94.3868,0.0821918,2.194,3.2696,1.0756
17-Jun-2026,99.1061,0.0821918,0.445608,0.987371,0.541763
17-Jun-2026,103.825,0.0821918,0.0315052,0.172009,0.140504
17-Jun-2026,108.545,0.0821918,0.000778858,0.0269021,0.0261232
17-Jun-2026,113.264,0.0821918,1.00168e-05,0.0042956,0.00428558
17-Jun-2026,75.5094,0.0356164,18.9946,19.0105,0.0158997
17-Jun-2026,80.2287,0.0356164,14.2827,14.3474,0.0646681
17-Jun-2026,84.9481,0.0356164,9.57764,9.80223,0.224593
17-Jun-2026,89.6674,0.0356164,5.00125,5.589,0.58775
17-Jun-2026,94.3868,0.0356164,1.39517,2.17107,0.775897
17-Jun-2026,99.1061,0.0356164,0.0875824,0.321343,0.233761
17-Jun-2026,103.825,0.0356164,0.000389279,0.0140619,0.0136726
17-Jun-2026,108.545,0.0356164,1.28932e-07,0.000404991,0.000404862
17-Jun-2026,113.264,0.0356164,9.26798e-12,1.05321e-05,1.05321e-05
17-Jun-2026,75.5094,0.120548,19.2737,19.714,0.44032
17-Jun-2026,80.2287,0.120548,14.6319,15.3553,0.723443
17-Jun-2026,84.9481,0.120548,10.1338,11.2027,1.06893
17-Jun-2026,89.6674,0.120548,6.03162,7.36699,1.33537
17-Jun-2026,94.3868,0.120548,2.77544,4.03595,1.26051
17-Jun-2026,99.1061,0.120548,0.825076,1.57936,0.754281
17-Jun-2026,103.825,0.120548,0.127647,0.419013,0.291366
17-Jun-2026,108.545,0.120548,0.0101726,0.102702,0.0925294
17-Jun-2026,113.264,0.120548,0.000526197,0.0264957,0.0259695
17-Jun-2026,75.5094,0.205479,19.6299,20.5935,0.963624
17-Jun-2026,80.2287,0.205479,15.1318,16.4189,1.28709
17-Jun-2026,84.9481,0.205479,10.8641,12.4444,1.58028
17-Jun-2026,89.6674,0.205479,7.0256,8.75085,1.72525
17-Jun-2026,94.3868,0.205479,3.88365,5.47144,1.58779
17-Jun-2026,99.1061,0.205479,1.69697,2.83982,1.14285
17-Jun-2026,103.825,0.205479,0.536174,1.16906,0.632885
17-Jun-2026,108.545,0.205479,0.119992,0.431207,0.311215
17-Jun-2026,113.264,0.205479,0.0208699,0.164955,0.144085
17-Jun-2026,75.5094,0.287671,20.0577,21.4491,1.39143
17-Jun-2026,80.2287,0.287671,15.7064,17.4036,1.69717
17-Jun-2026,84.9481,0.287671,11.6196,13.5526,1.93295
17-Jun-2026,89.6674,0.287671,7.94845,9.96289,2.01444
17-Jun-2026,94.3868,0.287671,4.8739,6.73713,1.86323
17-Jun-2026,99.1061,0.287671,2.56739,4.03655,1.46916
17-Jun-2026,103.825,0.287671,1.10887,2.07562,0.966751
17-Jun-2026,108.545,0.287671,0.385251,0.950934,0.565683
17-Jun-2026,113.264,0.287671,0.111974,0.430949,0.318975
17-Jun-2026,75.5094,0.369863,20.542,22.284,1.742
17-Jun-2026,80.2287,0.369863,16.3254,18.3455,2.02007
17-Jun-2026,84.9481,0.369863,12.3848,14.5971,2.21232
17-Jun-2026,89.6674,0.369863,8.83741,11.0954,2.25801
17-Jun-2026,94.3868,0.369863,5.8143,7.92156,2.10726
17-Jun-2026,99.1061,0.369863,3.43777,5.19282,1.75505
17-Jun-2026,103.825,0.369863,1.77756,3.05953,1.28197
17-Jun-2026,108.545,0.369863,0.791945,1.63171,0.839769
17-Jun-2026,113.264,0.369863,0.308708,0.833811,0.525103
17-Jun-2026,75.5094,0.454795,21.1283,23.1926,2.06433
17-Jun-2026,80.2287,0.454795,17.046,19.3585,2.31252
17-Jun-2026,84.9481,0.454795,13.2404,15.7099,2.4695
17-Jun-2026,89.6674,0.454795,9.80219,12.2941,2.49188
17-Jun-2026,94.3868,0.454795,6.82749,9.17489,2.3474
17-Jun-2026,99.1061,0.454795,4.40454,6.43834,2.0338
17-Jun-2026,103.825,0.454795,2.58932,4.18986,1.60054
17-Jun-2026,108.545,0.454795,1.37267,2.52186,1.14919
17-Jun-2026,113.264,0.454795,0.659058,1.43829,0.779232
17-Jun-2026,75.5094,0.539726,21.6918,24.0009,2.30906
17-Jun-2026,80.2287,0.539726,17.7188,20.2522,2.53344
17-Jun-2026,84.9481,0.539726,14.0181,16.6847,2.66662
17-Jun-2026,89.6674,0.539726,10.6626,13.3388,2.6762
17-Jun-2026,94.3868,0.539726,7.72726,10.2666,2.53935
17-Jun-2026,99.1061,0.539726,5.2796,7.53493,2.25533
17-Jun-2026,103.825,0.539726,3.36472,5.22274,1.85802
17-Jun-2026,108.545,0.539726,1.9852,3.40374,1.41854
17-Jun-2026,113.264,0.539726,1.08494,2.10651,1.02157
17-Jun-2026,75.5094,0.619178,22.2725,24.7877,2.5152
17-Jun-2026,80.2287,0.619178,18.3979,21.1171,2.71924
17-Jun-2026,84.9481,0.619178,14.7888,17.6232,2.83444
17-Jun-2026,89.6674,0.619178,11.505,14.3408,2.83582
17-Jun-2026,94.3868,0.619178,8.6059,11.313,2.70714
17-Jun-2026,99.1061,0.619178,6.14442,8.59296,2.44854
17-Jun-2026,103.825,0.619178,4.1569,6.24143,2.08453
17-Jun-2026,108.545,0.619178,2.65037,4.31657,1.6662
17-Jun-2026,113.264,0.619178,1.59128,2.85252,1.26124
17-Jun-2026,75.5094,0.69589,22.8229,25.501,2.67814
17-Jun-2026,80.2287,0.69589,19.0316,21.8976,2.86602
17-Jun-2026,84.9481,0.69589,15.4987,18.4667,2.96802
17-Jun-2026,89.6674,0.69589,12.2742,15.2388,2.96456
17-Jun-2026,94.3868,0.69589,9.40674,12.2503,2.84352
17-Jun-2026,99.1061,0.69589,6.93919,9.54479,2.6056
17-Jun-2026,103.825,0.69589,4.90133,7.17109,2.26976
17-Jun-2026,108.545,0.69589,3.30143,5.17591,1.87448
17-Jun-2026,113.264,0.69589,2.11822,3.59211,1.47389
17-Jun-2026,75.5094,0.786301,23.4495,26.2829,2.83338
17-Jun-2026,80.2287,0.786301,19.7441,22.7497,3.0056
17-Jun-2026,84.9481,0.786301,16.2886,19.3844,3.09584
17-Jun-2026,89.6674,0.786301,13.1242,16.2134,3.08916
17-Jun-2026,94.3868,0.786301,10.2906,13.267,2.97641
17-Jun-2026,99.1061,0.786301,7.82183,10.5808,2.759
17-Jun-2026,103.825,0.786301,5.74184,8.1935,2.45166
17-Jun-2026,108.545,0.786301,4.05879,6.14199,2.0832
17-Jun-2026,113.264,0.786301,2.75958,4.45536,1.69578
17-Jun-2026,75.5094,0.868493,24.0384,26.9936,2.95523
17-Jun-2026,80.2287,0.868493,20.4068,23.5217,3.11488
17-Jun-2026,84.9481,0.868493,17.017,20.2135,3.19647
17-Jun-2026,89.6674,0.868493,13.904,17.092,3.18796
17-Jun-2026,94.3868,0.868493,11.1006,14.1832,3.08263
17-Jun-2026,99.1061,0.868493,8.63456,11.5168,2.88228
17-Jun-2026,103.825,0.868493,6.52563,9.12443,2.5988
17-Jun-2026,108.545,0.868493,4.78122,7.03598,2.25476
17-Jun-2026,113.264,0.868493,3.39269,5.27663,1.88394
18-Jun-2026,75.6809,0.00273973,18.9265,18.9265,2.3784e-05
18-Jun-2026,80.411,0.00273973,14.1968,14.1968,3.15169e-05
18-Jun-2026,94.6011,0.00273973,0.279782,0.490122,0.21034
18-Jun-2026,104.061,0.00273973,2.40705e-13,2.95358e-14,2.11169e-13
18-Jun-2026,75.6809,0.0219178,18.9955,18.9971,0.00155333
18-Jun-2026,80.411,0.0219178,14.2702,14.2827,0.0124826
18-Jun-2026,85.141,0.0219178,9.54514,9.62543,0.0802888
18-Jun-2026,89.8711,0.0219178,4.85752,5.23008,0.372556
18-Jun-2026,94.6011,0.0219178,1.02194,1.72319,0.701253
18-Jun-2026,99.3312,0.0219178,0.0137134,0.140408,0.126695
18-Jun-2026,104.061,0.0219178,9.76373e-07,0.00154649,0.00154551
18-Jun-2026,108.791,0.0219178,8.15414e-13,7.50589e-06,7.50589e-06
18-Jun-2026,113.521,0.0219178,1.20178e-15,2.86164e-08,2.86164e-08
18-Jun-2026,75.6809,0.0410959,19.0519,19.0757,0.0238173
18-Jun-2026,80.411,0.0410959,14.3303,14.4168,0.0865256
18-Jun-2026,85.141,0.0410959,9.61575,9.89002,0.27427
18-Jun-2026,89.8711,0.0410959,5.02793,5.7046,0.676674
18-Jun-2026,94.6011,0.0410959,1.39236,2.29128,0.898923
18-Jun-2026,99.3312,0.0410959,0.0792765,0.378166,0.298889
18-Jun-2026,104.061,0.0410959,0.000276588,0.0208611,0.0205845
18-Jun-2026,108.791,0.0410959,8.69229e-08,0.00080582,0.000805733
18-Jun-2026,113.521,0.0410959,7.90252e-12,2.86978e-05,2.86978e-05
18-Jun-2026,75.6809,0.060274,19.121,19.2185,0.0974946
18-Jun-2026,80.411,0.060274,14.4064,14.648,0.24164
18-Jun-2026,85.141,0.060274,9.72338,10.2576,0.534238
18-Jun-2026,89.8711,0.060274,5.26918,6.22093,0.951749
18-Jun-2026,94.6011,0.060274,1.77263,2.84479,1.07216
18-Jun-2026,99.3312,0.060274,0.212925,0.695755,0.48283
18-Jun-2026,104.061,0.060274,0.00461434,0.0834775,0.0788631
18-Jun-2026,108.791,0.060274,2.2287e-05,0.00843172,0.00840944
18-Jun-2026,113.521,0.060274,4.8569e-08,0.000841605,0.000841556
18-Jun-2026,75.6809,0.0794521,19.1782,19.3654,0.187161
18-Jun-2026,80.411,0.0794521,14.4738,14.8641,0.390318
18-Jun-2026,85.141,0.0794521,9.82908,10.5599,0.730828
18-Jun-2026,89.8711,0.0794521,5.47489,6.60063,1.12574
18-Jun-2026,94.6011,0.0794521,2.05243,3.23837,1.18594
18-Jun-2026,99.3312,0.0794521,0.347976,0.96149,0.613514
18-Jun-2026,104.061,0.0794521,0.0165142,0.162612,0.146098
18-Jun-2026,108.791,0.0794521,0.000252388,0.0245892,0.0243368
18-Jun-2026,113.521,0.0794521,2.08753e-06,0.00378488,0.0037828
18-Jun-2026,75.6809,0.0328767,19.0331,19.0457,0.0126133
18-Jun-2026,80.411,0.0328767,14.3102,14.365,0.0547595
18-Jun-2026,85.141,0.0328767,9.59074,9.79509,0.204345
18-Jun-2026,89.8711,0.0328767,4.96684,5.55164,0.584801
18-Jun-2026,94.6011,0.0328767,1.27718,2.11805,0.840874
18-Jun-2026,99.3312,0.0328767,0.0518943,0.295024,0.24313
18-Jun-2026,104.061,0.0328767,7.5667e-05,0.0112952,0.0112196
18-Jun-2026,108.791,0.0328767,6.34888e-09,0.000274505,0.000274498
18-Jun-2026,113.521,0.0328767,1.43832e-13,5.94246e-06,5.94246e-06
18-Jun-2026,75.6809,0.117808,19.3121,19.7439,0.431772
18-Jun-2026,80.411,0.117808,14.647,15.3699,0.722873
18-Jun-2026,85.141,0.117808,10.1054,11.2024,1.09702
18-Jun-2026,89.8711,0.117808,5.93459,7.35337,1.41878
18-Jun-2026,94.6011,0.117808,2.61808,4.01309,1.39501
18-Jun-2026,99.3312,0.117808,0.691821,1.55598,0.864157
18-Jun-2026,104.061,0.117808,0.0840806,0.406603,0.322522
18-Jun-2026,108.791,0.117808,0.00498277,0.0981549,0.0931721
18-Jun-2026,113.521,0.117808,0.000196193,0.0249127,0.0247165
18-Jun-2026,75.6809,0.20274,19.6556,20.6279,0.972275
18-Jun-2026,80.411,0.20274,15.121,16.4404,1.31936
18-Jun-2026,85.141,0.20274,10.8001,12.4536,1.65346
18-Jun-2026,89.8711,0.20274,6.89676,8.74852,1.85176
18-Jun-2026,94.6011,0.20274,3.70259,5.45966,1.75707
18-Jun-2026,99.3312,0.20274,1.5176,2.82279,1.30519
18-Jun-2026,104.061,0.20274,0.426262,1.15466,0.728394
18-Jun-2026,108.791,0.20274,0.0818382,0.423303,0.341465
18-Jun-2026,113.521,0.20274,0.0122732,0.161044,0.148771
18-Jun-2026,75.6809,0.284932,20.0665,21.4888,1.42234
18-Jun-2026,80.411,0.284932,15.6721,17.4315,1.75937
18-Jun-2026,85.141,0.284932,11.5304,13.5691,2.03874
18-Jun-2026,89.8711,0.284932,7.79959,9.96865,2.16906
18-Jun-2026,94.6011,0.284932,4.67788,6.73349,2.05561
18-Jun-2026,99.3312,0.284932,2.36279,4.02603,1.66324
18-Jun-2026,104.061,0.284932,0.950173,2.06315,1.11298
18-Jun-2026,108.791,0.284932,0.299662,0.941658,0.641996
18-Jun-2026,113.521,0.284932,0.0787343,0.425351,0.346617
18-Jun-2026,75.6809,0.367123,20.534,22.329,1.79498
18-Jun-2026,80.411,0.367123,16.2715,18.3793,2.10782
18-Jun-2026,85.141,0.367123,12.2771,14.6203,2.34317
18-Jun-2026,89.8711,0.367123,8.67459,11.1082,2.43364
18-Jun-2026,94.6011,0.367123,5.60806,7.9251,2.31704
18-Jun-2026,99.3312,0.367123,3.21741,5.18877,1.97136
18-Jun-2026,104.061,0.367123,1.58554,3.05107,1.46553
18-Jun-2026,108.791,0.367123,0.661306,1.62321,0.961902
18-Jun-2026,113.521,0.367123,0.239444,0.827443,0.587999
18-Jun-2026,75.6809,0.452055,21.1035,23.2433,2.13981
18-Jun-2026,80.411,0.452055,16.9745,19.3986,2.42414
18-Jun-2026,85.141,0.452055,13.1172,15.7398,2.62264
18-Jun-2026,89.8711,0.452055,9.62825,12.3141,2.68583
18-Jun-2026,94.6011,0.452055,6.61332,9.18583,2.57251
18-Jun-2026,99.3312,0.452055,4.17274,6.44133,2.26859
18-Jun-2026,104.061,0.452055,2.37239,4.18696,1.81457
18-Jun-2026,108.791,0.452055,1.20163,2.51634,1.31471
18-Jun-2026,113.521,0.452055,0.546765,1.4326,0.885832
18-Jun-2026,75.6809,0.536986,21.6539,24.0566,2.40268
18-Jun-2026,80.411,0.536986,17.6344,20.2978,2.66342
18-Jun-2026,85.141,0.536986,13.8842,16.7205,2.83632
18-Jun-2026,89.8711,0.536986,10.4813,13.365,2.8837
18-Jun-2026,94.6011,0.536986,7.508,10.2839,2.77592
18-Jun-2026,99.3312,0.536986,5.04076,7.54415,2.50339
18-Jun-2026,104.061,0.536986,3.13233,5.22534,2.09301
18-Jun-2026,108.791,0.536986,1.78638,3.4022,1.61582
18-Jun-2026,113.521,0.536986,0.937044,2.10289,1.16584
18-Jun-2026,75.6809,0.616438,22.2233,24.8483,2.625
18-Jun-2026,80.411,0.616438,18.303,21.168,2.86497
18-Jun-2026,85.141,0.616438,14.6467,17.6646,3.01793
18-Jun-2026,89.8711,0.616438,11.3182,14.3729,3.05471
18-Jun-2026,94.6011,0.616438,8.38295,11.3364,2.95347
18-Jun-2026,99.3312,0.616438,5.90066,8.60821,2.70755
18-Jun-2026,104.061,0.616438,3.91357,6.24963,2.33606
18-Jun-2026,108.791,0.616438,2.43072,4.31966,1.88894
18-Jun-2026,113.521,0.616438,1.4135,2.85207,1.43857
18-Jun-2026,75.6809,0.693151,22.7647,25.566,2.80134
18-Jun-2026,80.411,0.693151,18.9288,21.9532,3.02437
18-Jun-2026,85.141,0.693151,15.3505,18.5131,3.16261
18-Jun-2026,89.8711,0.693151,12.0834,15.2761,3.19269
18-Jun-2026,94.6011,0.693151,9.18129,12.279,3.09775
18-Jun-2026,99.3312,0.693151,6.69216,9.56547,2.87331
18-Jun-2026,104.061,0.693151,4.65062,7.18449,2.53387
18-Jun-2026,108.791,0.693151,3.06709,5.18362,2.11653
18-Jun-2026,113.521,0.693151,1.91774,3.59529,1.67755
18-Jun-2026,75.6809,0.783562,23.3827,26.3527,2.96999
18-Jun-2026,80.411,0.783562,19.6339,22.8104,3.17647
18-Jun-2026,85.141,0.783562,16.1349,19.4362,3.30135
18-Jun-2026,89.8711,0.783562,12.9302,16.2564,3.32616
18-Jun-2026,94.6011,0.783562,10.0632,13.3016,3.23844
18-Jun-2026,99.3312,0.783562,7.5722,10.6074,3.03522
18-Jun-2026,104.061,0.783562,5.48505,8.21268,2.72763
18-Jun-2026,108.791,0.783562,3.81192,6.15506,2.34314
18-Jun-2026,113.521,0.783562,2.53867,4.46311,1.92444
18-Jun-2026,75.6809,0.865753,23.9649,27.0678,3.10288
18-Jun-2026,80.411,0.865753,20.291,23.587,3.29597
18-Jun-2026,85.141,0.865753,16.8594,20.2701,3.41075
18-Jun-2026,89.8711,0.865753,13.7076,17.14,3.43245
18-Jun-2026,94.6011,0.865753,10.8718,14.2231,3.35131
18-Jun-2026,99.3312,0.865753,8.38326,11.5488,3.16551
18-Jun-2026,104.061,0.865753,6.26472,9.14889,2.88417
18-Jun-2026,108.791,0.865753,4.5255,7.05409,2.52859
18-Jun-2026,113.521,0.865753,3.15667,5.28892,2.13225
19-Jun-2026,75.7075,0.0191781,18.9948,18.9956,0.000812647
19-Jun-2026,80.4392,0.0191781,14.2673,14.2759,0.00858525
19-Jun-2026,85.1709,0.0191781,9.54008,9.60346,0.0633791
19-Jun-2026,89.9026,0.0191781,4.84817,5.17565,0.327481
19-Jun-2026,94.6343,0.0191781,1.01274,1.6484,0.635664
19-Jun-2026,99.366,0.0191781,0.0139737,0.117169,0.103195
19-Jun-2026,104.098,0.0191781,1.04726e-06,0.000923215,0.000922168
19-Jun-2026,108.829,0.0191781,6.30052e-13,2.89532e-06,2.89532e-06
19-Jun-2026,75.7075,0.0383562,19.0503,19.0699,0.0195625
19-Jun-2026,80.4392,0.0383562,14.3265,14.4018,0.0752689
19-Jun-2026,85.1709,0.0383562,9.60987,9.85916,0.249294
19-Jun-2026,89.9026,0.0383562,5.02371,5.65422,0.630507
19-Jun-2026,94.6343,0.0383562,1.40349,2.23419,0.830697
19-Jun-2026,99.366,0.0383562,0.0863252,0.349802,0.263477
19-Jun-2026,104.098,0.0383562,0.000363124,0.0172686,0.0169055
19-Jun-2026,108.829,0.0383562,1.25515e-07,0.000580522,0.000580396
19-Jun-2026,113.561,0.0383562,1.08009e-11,1.77978e-05,1.77978e-05
19-Jun-2026,75.7075,0.0575342,19.1182,19.2072,0.0889786
19-Jun-2026,80.4392,0.0575342,14.4016,14.627,0.225413
19-Jun-2026,85.1709,0.0575342,9.71845,10.2241,0.50566
19-Jun-2026,89.9026,0.0575342,5.27348,6.17576,0.90228
19-Jun-2026,94.6343,0.0575342,1.79764,2.79694,0.999296
19-Jun-2026,99.366,0.0575342,0.231059,0.665556,0.434497
19-Jun-2026,104.098,0.0575342,0.00585107,0.0759634,0.0701123
19-Jun-2026,108.829,0.0575342,3.22382e-05,0.00723189,0.00719966
19-Jun-2026,113.561,0.0575342,7.43734e-08,0.000677165,0.000677091
19-Jun-2026,75.7075,0.0767123,19.1746,19.3508,0.176194
19-Jun-2026,80.4392,0.0767123,14.4687,14.8406,0.371865
19-Jun-2026,85.1709,0.0767123,9.82623,10.5262,0.699967
19-Jun-2026,89.9026,0.0767123,5.48543,6.55846,1.07303
19-Jun-2026,94.6343,0.0767123,2.08484,3.19438,1.10954
19-Jun-2026,99.366,0.0767123,0.374282,0.930498,0.556216
19-Jun-2026,104.098,0.0767123,0.0201608,0.15242,0.132259
19-Jun-2026,108.829,0.0767123,0.000347578,0.0222409,0.0218933
19-Jun-2026,113.561,0.0767123,3.08858e-06,0.00329353,0.00329044
19-Jun-2026,75.7075,0.0958904,19.2327,19.5126,0.27987
19-Jun-2026,80.4392,0.0958904,14.5427,15.065,0.522278
19-Jun-2026,85.1709,0.0958904,9.9473,10.8212,0.873895
19-Jun-2026,89.9026,0.0958904,5.69794,6.91194,1.214
19-Jun-2026,94.6343,0.0958904,2.35225,3.55834,1.20609
19-Jun-2026,99.366,0.0958904,0.530176,1.19722,0.667039
19-Jun-2026,104.098,0.0958904,0.0465413,0.249521,0.20298
19-Jun-2026,108.829,0.0958904,0.00165939,0.0476515,0.0459921
19-Jun-2026,113.561,0.0958904,3.46813e-05,0.00942154,0.00938686
19-Jun-2026,75.7075,0.030137,19.0318,19.0415,0.00969407
19-Jun-2026,80.4392,0.030137,14.3067,14.3524,0.0456525
19-Jun-2026,85.1709,0.030137,9.585,9.7661,0.181097
19-Jun-2026,89.9026,0.030137,4.96045,5.49964,0.539188
19-Jun-2026,94.6343,0.030137,1.28291,2.05671,0.773802
19-Jun-2026,99.366,0.030137,0.0561546,0.267672,0.211518
19-Jun-2026,104.098,0.030137,9.82087e-05,0.00882189,0.00872368
19-Jun-2026,108.829,0.030137,8.61031e-09,0.000177296,0.000177287
19-Jun-2026,113.561,0.030137,1.45001e-13,3.1263e-06,3.1263e-06
19-Jun-2026,75.7075,0.115068,19.3074,19.725,0.417589
19-Jun-2026,80.4392,0.115068,14.643,15.3438,0.70083
19-Jun-2026,85.1709,0.115068,10.1086,11.1693,1.06071
19-Jun-2026,89.9026,0.115068,5.95557,7.31486,1.35929
19-Jun-2026,94.6343,0.115068,2.6604,3.97308,1.31268
19-Jun-2026,99.366,0.115068,0.73133,1.52368,0.792354
19-Jun-2026,104.098,0.115068,0.0964644,0.391567,0.295102
19-Jun-2026,108.829,0.115068,0.00624699,0.0930399,0.0867929
19-Jun-2026,113.561,0.115068,0.000262686,0.023218,0.0229553
19-Jun-2026,75.7075,0.2,19.6517,20.6047,0.953048
19-Jun-2026,80.4392,0.2,15.1226,16.4121,1.28949
19-Jun-2026,85.1709,0.2,10.8137,12.4205,1.6068
19-Jun-2026,89.9026,0.2,6.92836,8.7118,1.78344
19-Jun-2026,94.6343,0.2,3.75134,5.42143,1.67009
19-Jun-2026,99.366,0.2,1.5682,2.7882,1.22
19-Jun-2026,104.098,0.2,0.456977,1.13149,0.674508
19-Jun-2026,108.829,0.2,0.091889,0.41211,0.320221
19-Jun-2026,113.561,0.2,0.0143648,0.155929,0.141565
19-Jun-2026,75.7075,0.282192,20.0648,21.4629,1.39814
19-Jun-2026,80.4392,0.282192,15.6778,17.4012,1.72336
19-Jun-2026,85.1709,0.282192,11.5482,13.5348,1.98659
19-Jun-2026,89.9026,0.282192,7.83226,9.93122,2.09896
19-Jun-2026,94.6343,0.282192,4.72358,6.69468,1.9711
19-Jun-2026,99.366,0.282192,2.41179,3.98942,1.57763
19-Jun-2026,104.098,0.282192,0.988017,2.03424,1.04622
19-Jun-2026,108.829,0.282192,0.319504,0.92417,0.604666
19-Jun-2026,113.561,0.282192,0.0861478,0.416064,0.329916
19-Jun-2026,75.7075,0.364384,20.5334,22.3005,1.76713
19-Jun-2026,80.4392,0.364384,16.2783,18.3468,2.06854
19-Jun-2026,85.1709,0.364384,12.2941,14.5842,2.29005
19-Jun-2026,89.9026,0.364384,8.70303,11.0694,2.36637
19-Jun-2026,94.6343,0.364384,5.64603,7.88502,2.23899
19-Jun-2026,99.366,0.364384,3.25877,5.1502,1.89143
19-Jun-2026,104.098,0.364384,1.62143,3.01794,1.39651
19-Jun-2026,108.829,0.364384,0.685347,1.59978,0.914435
19-Jun-2026,113.561,0.364384,0.25198,0.813172,0.561192
19-Jun-2026,75.7075,0.449315,21.1019,23.2121,2.11025
19-Jun-2026,80.4392,0.449315,16.9789,19.3637,2.38483
19-Jun-2026,85.1709,0.449315,13.1292,15.7016,2.5724
19-Jun-2026,89.9026,0.449315,9.64811,12.2734,2.62531
19-Jun-2026,94.6343,0.449315,6.63951,9.14402,2.50451
19-Jun-2026,99.366,0.449315,4.20171,6.40058,2.19887
19-Jun-2026,104.098,0.449315,2.39943,4.15013,1.7507
19-Jun-2026,108.829,0.449315,1.22276,2.48728,1.26452
19-Jun-2026,113.561,0.449315,0.56063,1.41239,0.851761
19-Jun-2026,75.7075,0.534247,21.6492,24.023,2.37384
19-Jun-2026,80.4392,0.534247,17.634,20.2607,2.62671
19-Jun-2026,85.1709,0.534247,13.8889,16.6803,2.7914
19-Jun-2026,89.9026,0.534247,10.491,13.3225,2.83154
19-Jun-2026,94.6343,0.534247,7.52167,10.2404,2.71871
19-Jun-2026,99.366,0.534247,5.05642,7.50141,2.44499
19-Jun-2026,104.098,0.534247,3.14765,5.18562,2.03797
19-Jun-2026,108.829,0.534247,1.79947,3.36885,1.56938
19-Jun-2026,113.561,0.534247,0.946952,2.07749,1.13054
19-Jun-2026,75.7075,0.613699,22.2137,24.8125,2.59878
19-Jun-2026,80.4392,0.613699,18.2959,21.1287,2.83282
19-Jun-2026,85.1709,0.613699,14.6423,17.6224,2.98012
19-Jun-2026,89.9026,0.613699,11.3163,14.3286,3.01231
19-Jun-2026,94.6343,0.613699,8.38307,11.2911,2.90801
19-Jun-2026,99.366,0.613699,5.90188,8.56348,2.6616
19-Jun-2026,104.098,0.613699,3.91516,6.2073,2.29214
19-Jun-2026,108.829,0.613699,2.43233,4.28265,1.85032
19-Jun-2026,113.561,0.613699,1.41515,2.82198,1.40683
19-Jun-2026,75.7075,0.690411,22.7493,25.5282,2.77887
19-Jun-2026,80.4392,0.690411,18.914,21.912,2.99796
19-Jun-2026,85.1709,0.690411,15.3364,18.4691,3.13266
19-Jun-2026,89.9026,0.690411,12.07,15.23,3.16005
19-Jun-2026,94.6343,0.690411,9.16822,12.232,3.06377
19-Jun-2026,99.366,0.690411,6.67934,9.51888,2.83954
19-Jun-2026,104.098,0.690411,4.63833,7.13986,2.50153
19-Jun-2026,108.829,0.690411,3.05603,5.14357,2.08754
19-Jun-2026,113.561,0.690411,1.9088,3.56129,1.65249
19-Jun-2026,75.7075,0.780822,23.3595,26.3126,2.95307
19-Jun-2026,80.4392,0.780822,19.6094,22.767,3.15761
19-Jun-2026,85.1709,0.780822,16.1091,19.3902,3.28105
19-Jun-2026,89.9026,0.780822,12.903,16.2083,3.30534
19-Jun-2026,94.6343,0.780822,10.0348,13.2526,3.21783
19-Jun-2026,99.366,0.780822,7.54319,10.5587,3.01555
19-Jun-2026,104.098,0.780822,5.45639,8.16559,2.7092
19-Jun-2026,108.829,0.780822,3.78515,6.11189,2.32674
19-Jun-2026,113.561,0.780822,2.51545,4.42516,1.90971
19-Jun-2026,75.7075,0.863014,23.9334,27.0256,3.09224
19-Jun-2026,80.4392,0.863014,20.2565,23.5417,3.28515
19-Jun-2026,85.1709,0.863014,16.8219,20.2222,3.40026
19-Jun-2026,89.9026,0.863014,13.6673,17.0902,3.4229
19-Jun-2026,94.6343,0.863014,10.829,14.1723,3.34327
19-Jun-2026,99.366,0.863014,8.33892,11.4981,3.15922
19-Jun-2026,104.098,0.863014,6.22038,9.09958,2.8792
19-Jun-2026,108.829,0.863014,4.48319,7.00822,2.52503
19-Jun-2026,113.561,0.863014,3.11864,5.24761,2.12897
22-Jun-2026,73.9382,0.0109589,18.5092,18.5093,8.93184e-05
22-Jun-2026,78.5594,0.0109589,13.8896,13.8896,4.00288e-05
22-Jun-2026,83.1805,0.0109589,9.27005,9.27105,0.000997663
22-Jun-2026,87.8016,0.0109589,4.6559,4.702,0.0460987
22-Jun-2026,92.4228,0.0109589,0.759178,0.964217,0.205039
22-Jun-2026,97.0439,0.0109589,0.00275403,0.00586125,0.00310722
22-Jun-2026,101.665,0.0109589,8.33569e-09,5.21625e-08,4.38268e-08
22-Jun-2026,73.9382,0.030137,18.5771,18.5824,0.00528618
22-Jun-2026,78.5594,0.030137,13.962,13.9909,0.0288962
22-Jun-2026,83.1805,0.030137,9.35724,9.48302,0.12578
22-Jun-2026,87.8016,0.030137,4.9196,5.26976,0.350164
22-Jun-2026,92.4228,0.030137,1.50014,1.8863,0.386156
22-Jun-2026,97.0439,0.030137,0.155028,0.210257,0.0552287
22-Jun-2026,101.665,0.030137,0.00275995,0.00486627,0.00210632
22-Jun-2026,106.286,0.030137,5.36515e-06,6.19905e-05,5.66253e-05
22-Jun-2026,110.907,0.030137,1.3652e-09,6.69497e-07,6.68131e-07
22-Jun-2026,73.9382,0.0493151,18.6328,18.6708,0.0379691
22-Jun-2026,78.5594,0.0493151,14.0252,14.1422,0.116975
22-Jun-2026,83.1805,0.0493151,9.46284,9.75947,0.296626
22-Jun-2026,87.8016,0.0493151,5.19,5.7184,0.528396
22-Jun-2026,92.4228,0.0493151,1.919,2.39743,0.478431
22-Jun-2026,97.0439,0.0493151,0.353815,0.452963,0.0991479
22-Jun-2026,101.665,0.0493151,0.0222044,0.0329992,0.0107948
22-Jun-2026,106.286,0.0493151,0.000365822,0.0018068,0.00144098
22-Jun-2026,110.907,0.0493151,1.7775e-06,9.35464e-05,9.17689e-05
22-Jun-2026,73.9382,0.0684932,18.703,18.8229,0.119884
22-Jun-2026,78.5594,0.0684932,14.1156,14.3809,0.265344
22-Jun-2026,83.1805,0.0684932,9.62733,10.1219,0.49457
22-Jun-2026,87.8016,0.0684932,5.51545,6.20639,0.690936
22-Jun-2026,92.4228,0.0684932,2.34365,2.91292,0.569269
22-Jun-2026,97.0439,0.0684932,0.610379,0.766548,0.156169
22-Jun-2026,101.665,0.0684932,0.0765978,0.104972,0.0283738
22-Jun-2026,106.286,0.0684932,0.00394658,0.0124149,0.0084683
22-Jun-2026,110.907,0.0684932,9.09186e-05,0.00146767,0.00137675
22-Jun-2026,73.9382,0.0876712,18.7642,18.9732,0.209004
22-Jun-2026,78.5594,0.0876712,14.202,14.5966,0.394598
22-Jun-2026,83.1805,0.0876712,9.77885,10.4155,0.636677
22-Jun-2026,87.8016,0.0876712,5.77002,6.56755,0.797527
22-Jun-2026,92.4228,0.0876712,2.64887,3.28585,0.636984
22-Jun-2026,97.0439,0.0876712,0.818457,1.02713,0.208678
22-Jun-2026,101.665,0.0876712,0.141952,0.189392,0.0474399
22-Jun-2026,106.286,0.0876712,0.0122872,0.0315754,0.0192882
22-Jun-2026,110.907,0.0876712,0.000570262,0.00539764,0.00482738
22-Jun-2026,73.9382,0.0219178,18.5463,18.5468,0.000479155
22-Jun-2026,78.5594,0.0219178,13.929,13.9344,0.00538087
22-Jun-2026,83.1805,0.0219178,9.31331,9.35888,0.0455738
22-Jun-2026,87.8016,0.0219178,4.77938,5.00243,0.22305
22-Jun-2026,92.4228,0.0219178,1.21544,1.53481,0.31937
22-Jun-2026,97.0439,0.0219178,0.0631547,0.093163,0.0300083
22-Jun-2026,101.665,0.0219178,0.000222171,0.000493593,0.000271422
22-Jun-2026,106.286,0.0219178,2.58062e-08,9.16445e-07,8.90639e-07
22-Jun-2026,110.907,0.0219178,1.41495e-13,1.23587e-09,1.23572e-09
22-Jun-2026,73.9382,0.106849,18.8302,19.1379,0.307692
22-Jun-2026,78.5594,0.106849,14.2984,14.8191,0.520721
22-Jun-2026,83.1805,0.106849,9.93854,10.7009,0.762329
22-Jun-2026,87.8016,0.106849,6.01367,6.90366,0.889988
22-Jun-2026,92.4228,0.106849,2.92837,3.63155,0.703175
22-Jun-2026,97.0439,0.106849,1.02179,1.28879,0.267
22-Jun-2026,101.665,0.106849,0.221164,0.292501,0.0713373
22-Jun-2026,106.286,0.106849,0.0271234,0.0611122,0.0339888
22-Jun-2026,110.907,0.106849,0.00200636,0.013307,0.0113006
22-Jun-2026,73.9382,0.191781,19.2312,20.0352,0.804041
22-Jun-2026,78.5594,0.191781,14.8712,15.9231,1.0519
22-Jun-2026,83.1805,0.191781,10.766,12.0079,1.24195
22-Jun-2026,87.8016,0.191781,7.10129,8.37163,1.27034
22-Jun-2026,92.4228,0.191781,4.10221,5.15061,1.0484
22-Jun-2026,97.0439,0.191781,1.96236,2.58934,0.626984
22-Jun-2026,101.665,0.191781,0.727458,1.01368,0.286225
22-Jun-2026,106.286,0.191781,0.201515,0.356982,0.155467
22-Jun-2026,110.907,0.191781,0.0433641,0.131211,0.0878467
22-Jun-2026,73.9382,0.273973,19.6777,20.8802,1.20249
22-Jun-2026,78.5594,0.273973,15.4603,16.8998,1.43953
22-Jun-2026,83.1805,0.273973,11.5158,13.1106,1.59481
22-Jun-2026,87.8016,0.273973,7.98164,9.57948,1.59784
22-Jun-2026,92.4228,0.273973,5.0133,6.41086,1.39756
22-Jun-2026,97.0439,0.273973,2.75189,3.77159,1.0197
22-Jun-2026,101.665,0.273973,1.26678,1.8849,0.618121
22-Jun-2026,106.286,0.273973,0.478777,0.83805,0.359273
22-Jun-2026,110.907,0.273973,0.152647,0.371074,0.218427
22-Jun-2026,73.9382,0.356164,20.1564,21.7054,1.54898
22-Jun-2026,78.5594,0.356164,16.0558,17.8327,1.77686
22-Jun-2026,83.1805,0.356164,12.2278,14.1466,1.91882
22-Jun-2026,87.8016,0.356164,8.77892,10.7037,1.9248
22-Jun-2026,92.4228,0.356164,5.8271,7.58627,1.75917
22-Jun-2026,97.0439,0.356164,3.4844,4.91466,1.43026
22-Jun-2026,101.665,0.356164,1.82437,2.8443,1.01993
22-Jun-2026,106.286,0.356164,0.824311,1.48518,0.660872
22-Jun-2026,110.907,0.356164,0.32756,0.745303,0.417743
22-Jun-2026,73.9382,0.441096,20.6825,22.5658,1.8833
22-Jun-2026,78.5594,0.441096,16.6845,18.7932,2.10871
22-Jun-2026,83.1805,0.441096,12.9515,15.2029,2.25136
22-Jun-2026,87.8016,0.441096,9.56846,11.8423,2.27381
22-Jun-2026,92.4228,0.441096,6.62873,8.77665,2.14792
22-Jun-2026,97.0439,0.441096,4.22451,6.09479,1.87028
22-Jun-2026,101.665,0.441096,2.42671,3.9064,1.47969
22-Jun-2026,106.286,0.441096,1.24298,2.30688,1.0639
22-Jun-2026,110.907,0.441096,0.574907,1.29112,0.716212
22-Jun-2026,73.9382,0.526027,21.1872,23.3656,2.1784
22-Jun-2026,78.5594,0.526027,17.2711,19.6785,2.40742
22-Jun-2026,83.1805,0.526027,13.6105,16.1694,2.55888
22-Jun-2026,87.8016,0.526027,10.2764,12.8788,2.60235
22-Jun-2026,92.4228,0.526027,7.34645,9.85973,2.51328
22-Jun-2026,97.0439,0.526027,4.89945,7.18085,2.2814
22-Jun-2026,101.665,0.526027,3.00144,4.92373,1.92229
22-Jun-2026,106.286,0.526027,1.67445,3.16492,1.49047
22-Jun-2026,110.907,0.526027,0.857814,1.92948,1.07167
22-Jun-2026,73.9382,0.605479,21.7116,24.1799,2.46829
22-Jun-2026,78.5594,0.605479,17.8687,20.5742,2.70546
22-Jun-2026,83.1805,0.605479,14.2713,17.1418,2.8705
22-Jun-2026,87.8016,0.605479,10.9796,13.9174,2.93778
22-Jun-2026,92.4228,0.605479,8.0596,10.9444,2.88476
22-Jun-2026,97.0439,0.605479,5.57947,8.27641,2.69694
22-Jun-2026,101.665,0.605479,3.59944,5.97526,2.37582
22-Jun-2026,106.286,0.605479,2.14867,4.10077,1.9521
22-Jun-2026,110.907,0.605479,1.19298,2.68576,1.49278
22-Jun-2026,73.9382,0.682192,22.1493,24.85,2.70069
22-Jun-2026,78.5594,0.682192,18.3608,21.3077,2.94687
22-Jun-2026,83.1805,0.682192,14.8096,17.9348,3.12525
22-Jun-2026,87.8016,0.682192,11.5491,14.7619,3.21277
22-Jun-2026,92.4228,0.682192,8.6378,11.8258,3.18798
22-Jun-2026,97.0439,0.682192,6.13654,9.17094,3.0344
22-Jun-2026,101.665,0.682192,4.10073,6.84713,2.7464
22-Jun-2026,106.286,0.682192,2.562,4.90311,2.34111
22-Jun-2026,110.907,0.682192,1.50142,3.371,1.86958
22-Jun-2026,73.9382,0.772603,22.6828,25.6574,2.97458
22-Jun-2026,78.5594,0.772603,18.9543,22.1879,3.23362
22-Jun-2026,83.1805,0.772603,15.4539,18.8832,3.42932
22-Jun-2026,87.8016,0.772603,12.2281,15.7692,3.54114
22-Jun-2026,92.4228,0.772603,9.32809,12.8767,3.5486
22-Jun-2026,97.0439,0.772603,6.80726,10.2412,3.43396
22-Jun-2026,101.665,0.772603,4.71542,7.90177,3.18635
22-Jun-2026,106.286,0.772603,3.0848,5.89654,2.81174
22-Jun-2026,110.907,0.772603,1.90908,4.25386,2.34478
22-Jun-2026,73.9382,0.854795,23.1517,26.3596,3.20792
22-Jun-2026,78.5594,0.854795,19.4717,22.9508,3.47912
22-Jun-2026,83.1805,0.854795,16.0121,19.7026,3.69054
22-Jun-2026,87.8016,0.854795,12.8147,16.6378,3.82306
22-Jun-2026,92.4228,0.854795,9.92532,13.7824,3.85705
22-Jun-2026,97.0439,0.854795,7.39183,11.1661,3.77432
22-Jun-2026,101.665,0.854795,5.25943,8.82084,3.56141
22-Jun-2026,106.286,0.854795,3.55962,6.77751,3.21789
22-Jun-2026,110.907,0.854795,2.29336,5.06058,2.76722
23-Jun-2026,73.7257,0.00821918,18.4497,18.4497,2.23724e-05
23-Jun-2026,78.3336,0.00821918,13.843,13.8429,7.97498e-05
23-Jun-2026,82.9414,0.00821918,9.23628,9.23641,0.000125703
23-Jun-2026,87.5493,0.00821918,4.6311,4.65268,0.0215819
23-Jun-2026,92.1571,0.00821918,0.656511,0.831078,0.174567
23-Jun-2026,96.765,0.00821918,0.000651111,0.00158815,0.000937043
23-Jun-2026,101.373,0.00821918,4.94964e-11,4.30146e-10,3.8065e-10
23-Jun-2026,105.981,0.00821918,1.4598e-15,1.28559e-15,1.74209e-16
23-Jun-2026,110.589,0.00821918,1.46961e-15,1.25741e-15,2.12195e-16
23-Jun-2026,73.7257,0.0273973,18.5167,18.5203,0.00361898
23-Jun-2026,78.3336,0.0273973,13.9143,13.9367,0.0224013
23-Jun-2026,82.9414,0.0273973,9.31997,9.42749,0.10752
23-Jun-2026,87.5493,0.0273973,4.8774,5.20106,0.323659
23-Jun-2026,92.1571,0.0273973,1.44765,1.81535,0.367702
23-Jun-2026,96.765,0.0273973,0.136778,0.184519,0.0477408
23-Jun-2026,101.373,0.0273973,0.00199421,0.00344774,0.00145353
23-Jun-2026,105.981,0.0273973,2.74272e-06,3.33082e-05,3.05655e-05
23-Jun-2026,110.589,0.0273973,4.24859e-10,2.6701e-07,2.66585e-07
23-Jun-2026,73.7257,0.0465753,18.5716,18.6041,0.0324956
23-Jun-2026,78.3336,0.0465753,13.976,14.0807,0.10471
23-Jun-2026,82.9414,0.0465753,9.42148,9.69763,0.276153
23-Jun-2026,87.5493,0.0465753,5.14638,5.65312,0.506742
23-Jun-2026,92.1571,0.0465753,1.8756,2.33794,0.462343
23-Jun-2026,96.765,0.0465753,0.333191,0.423397,0.0902056
23-Jun-2026,101.373,0.0465753,0.0194043,0.0283178,0.00891351
23-Jun-2026,105.981,0.0465753,0.000281677,0.00139377,0.00111209
23-Jun-2026,110.589,0.0465753,1.13858e-06,6.43751e-05,6.32365e-05
23-Jun-2026,73.7257,0.0657534,18.6406,18.7512,0.110609
23-Jun-2026,78.3336,0.0657534,14.0641,14.3143,0.250228
23-Jun-2026,82.9414,0.0657534,9.5823,10.0577,0.47544
23-Jun-2026,87.5493,0.0657534,5.47152,6.14455,0.673033
23-Jun-2026,92.1571,0.0657534,2.30465,2.85938,0.554732
23-Jun-2026,96.765,0.0657534,0.588888,0.734799,0.145911
23-Jun-2026,101.373,0.0657534,0.0713425,0.0964794,0.0251369
23-Jun-2026,105.981,0.0657534,0.00346643,0.0108575,0.00739103
23-Jun-2026,110.589,0.0657534,7.32273e-05,0.00121698,0.00114376
23-Jun-2026,73.7257,0.0849315,18.7007,18.8985,0.197833
23-Jun-2026,78.3336,0.0849315,14.1485,14.5276,0.379079
23-Jun-2026,82.9414,0.0849315,9.7315,10.3508,0.619255
23-Jun-2026,87.5493,0.0849315,5.72558,6.50744,0.781858
23-Jun-2026,92.1571,0.0849315,2.61107,3.23455,0.623476
23-Jun-2026,96.765,0.0849315,0.796228,0.99406,0.197832
23-Jun-2026,101.373,0.0849315,0.134932,0.178236,0.0433042
23-Jun-2026,105.981,0.0849315,0.0112412,0.028804,0.0175628
23-Jun-2026,110.589,0.0849315,0.00049272,0.00476196,0.00426924
23-Jun-2026,73.7257,0.0191781,18.4862,18.4864,0.000237248
23-Jun-2026,78.3336,0.0191781,13.8818,13.8849,0.00312715
23-Jun-2026,82.9414,0.0191781,9.2783,9.31132,0.0330156
23-Jun-2026,87.5493,0.0191781,4.7408,4.93368,0.192878
23-Jun-2026,92.1571,0.0191781,1.15194,1.45022,0.298284
23-Jun-2026,96.765,0.0191781,0.0491952,0.072821,0.0236258
23-Jun-2026,101.373,0.0191781,0.000107615,0.000237735,0.00013012
23-Jun-2026,105.981,0.0191781,5.41352e-09,2.32762e-07,2.27349e-07
23-Jun-2026,110.589,0.0191781,7.28205e-15,1.56989e-10,1.56982e-10
23-Jun-2026,73.7257,0.10411,18.7653,19.061,0.295678
23-Jun-2026,78.3336,0.10411,14.2429,14.7485,0.505616
23-Jun-2026,82.9414,0.10411,9.88909,10.6358,0.746677
23-Jun-2026,87.5493,0.10411,5.9683,6.84452,0.876224
23-Jun-2026,92.1571,0.10411,2.89057,3.58132,0.690747
23-Jun-2026,96.765,0.10411,0.998491,1.25452,0.256028
23-Jun-2026,101.373,0.10411,0.212454,0.278952,0.0664976
23-Jun-2026,105.981,0.10411,0.0253343,0.0570517,0.0317174
23-Jun-2026,110.589,0.10411,0.00179643,0.0121434,0.010347
23-Jun-2026,73.7257,0.189041,19.158,19.9519,0.793883
23-Jun-2026,78.3336,0.189041,14.805,15.8479,1.04287
23-Jun-2026,82.9414,0.189041,10.7052,11.9406,1.23535
23-Jun-2026,87.5493,0.189041,7.04605,8.31202,1.26597
23-Jun-2026,92.1571,0.189041,4.05558,5.09969,1.04411
23-Jun-2026,96.765,0.189041,1.92882,2.54974,0.620919
23-Jun-2026,101.373,0.189041,0.708573,0.98997,0.281397
23-Jun-2026,105.981,0.189041,0.19348,0.346131,0.152651
23-Jun-2026,110.589,0.189041,0.0407424,0.126441,0.0856987
23-Jun-2026,73.7257,0.271233,19.5945,20.7926,1.19814
23-Jun-2026,78.3336,0.271233,15.3819,16.8208,1.43892
23-Jun-2026,82.9414,0.271233,11.4413,13.0398,1.59854
23-Jun-2026,87.5493,0.271233,7.91202,9.51678,1.60476
23-Jun-2026,92.1571,0.271233,4.95193,6.35674,1.40481
23-Jun-2026,96.765,0.271233,2.70356,3.72743,1.02387
23-Jun-2026,101.373,0.271233,1.23448,1.85367,0.619192
23-Jun-2026,105.981,0.271233,0.460816,0.820194,0.359378
23-Jun-2026,110.589,0.271233,0.144259,0.361912,0.217653
23-Jun-2026,73.7257,0.353425,20.0608,21.6139,1.55314
23-Jun-2026,78.3336,0.353425,15.9628,17.7498,1.78701
23-Jun-2026,82.9414,0.353425,12.1369,14.0721,1.93522
23-Jun-2026,87.5493,0.353425,8.69187,10.6374,1.9455
23-Jun-2026,92.1571,0.353425,5.74772,7.52843,1.78071
23-Jun-2026,96.765,0.353425,3.41811,4.86615,1.44804
23-Jun-2026,101.373,0.353425,1.77541,2.80697,1.03156
23-Jun-2026,105.981,0.353425,0.792783,1.46034,0.667557
23-Jun-2026,110.589,0.353425,0.309715,0.730768,0.421053
23-Jun-2026,73.7257,0.438356,20.5713,22.4703,1.89903
23-Jun-2026,78.3336,0.438356,16.5736,18.7063,2.1327
23-Jun-2026,82.9414,0.438356,12.8409,15.1243,2.2834
23-Jun-2026,87.5493,0.438356,9.46041,11.7719,2.31146
23-Jun-2026,92.1571,0.438356,6.52769,8.7147,2.18701
23-Jun-2026,96.765,0.438356,4.13654,6.04175,1.90521
23-Jun-2026,101.373,0.438356,2.35718,3.86345,1.50627
23-Jun-2026,105.981,0.438356,1.1936,2.27523,1.08163
23-Jun-2026,110.589,0.438356,0.543198,1.27024,0.727043
23-Jun-2026,73.7257,0.523288,21.0593,23.2664,2.20711
23-Jun-2026,78.3336,0.523288,17.1413,19.5878,2.44652
23-Jun-2026,82.9414,0.523288,13.4793,16.087,2.60768
23-Jun-2026,87.5493,0.523288,10.1466,12.8045,2.65789
23-Jun-2026,92.1571,0.523288,7.22305,9.79383,2.57078
23-Jun-2026,96.765,0.523288,4.78904,7.12361,2.33457
23-Jun-2026,101.373,0.523288,2.91023,4.87591,1.96568
23-Jun-2026,105.981,0.523288,1.60545,3.12747,1.52202
23-Jun-2026,110.589,0.523288,0.809778,1.90254,1.09277
23-Jun-2026,73.7257,0.60274,21.5647,24.0769,2.51223
23-Jun-2026,78.3336,0.60274,17.7177,20.4796,2.76189
23-Jun-2026,82.9414,0.60274,14.1173,17.0555,2.93816
23-Jun-2026,87.5493,0.60274,10.8258,13.8391,3.01332
23-Jun-2026,92.1571,0.60274,7.91154,10.8744,2.96284
23-Jun-2026,96.765,0.60274,5.4442,8.21487,2.77067
23-Jun-2026,101.373,0.60274,3.48388,5.92268,2.4388
23-Jun-2026,105.981,0.60274,2.05697,4.05783,2.00086
23-Jun-2026,110.589,0.60274,1.12516,2.65281,1.52765
23-Jun-2026,73.7257,0.679452,21.9852,24.7439,2.75873
23-Jun-2026,78.3336,0.679452,18.1909,21.2099,3.01902
23-Jun-2026,82.9414,0.679452,14.6354,17.8453,3.20985
23-Jun-2026,87.5493,0.679452,11.3743,14.6803,3.306
23-Jun-2026,92.1571,0.679452,8.4681,11.7524,3.28429
23-Jun-2026,96.765,0.679452,5.9794,9.10584,3.12644
23-Jun-2026,101.373,0.679452,3.96353,6.7907,2.82717
23-Jun-2026,105.981,0.679452,2.44973,4.85585,2.40612
23-Jun-2026,110.589,0.679452,1.41509,3.33329,1.9182
23-Jun-2026,73.7257,0.769863,22.4965,25.5476,3.0511
23-Jun-2026,78.3336,0.769863,18.7602,22.0863,3.32613
23-Jun-2026,82.9414,0.769863,15.254,18.7897,3.53568
23-Jun-2026,87.5493,0.769863,12.0264,15.6836,3.65723
23-Jun-2026,92.1571,0.769863,9.13082,12.7992,3.66835
23-Jun-2026,96.765,0.769863,6.62218,10.1718,3.54964
23-Jun-2026,101.373,0.769863,4.55039,7.84073,3.29034
23-Jun-2026,105.981,0.769863,2.94563,5.84424,2.89861
23-Jun-2026,110.589,0.769863,1.79793,4.21064,2.41271
23-Jun-2026,73.7257,0.852055,22.9447,26.2466,3.30191
23-Jun-2026,78.3336,0.852055,19.2553,22.8459,3.59058
23-Jun-2026,82.9414,0.852055,15.7885,19.6057,3.81716
23-Jun-2026,87.5493,0.852055,12.5884,16.5486,3.96022
23-Jun-2026,92.1571,0.852055,9.7028,13.7012,3.99841
23-Jun-2026,96.765,0.852055,7.1811,11.093,3.91187
23-Jun-2026,101.373,0.852055,5.06868,8.75582,3.68714
23-Jun-2026,105.981,0.852055,3.39528,6.72092,3.32564
23-Jun-2026,110.589,0.852055,2.15849,5.0127,2.85421
24-Jun-2026,74.763,0.00547945,18.7039,18.7039,2.84524e-05
24-Jun-2026,79.4357,0.00547945,14.0321,14.032,0.000105228
24-Jun-2026,84.1084,0.00547945,9.36019,9.36012,6.81046e-05
24-Jun-2026,88.7811,0.00547945,4.68839,4.69391,0.00551891
24-Jun-2026,93.4537,0.00547945,0.508138,0.687217,0.179079
24-Jun-2026,98.1264,0.00547945,1.12152e-05,0.000145332,0.000134117
24-Jun-2026,102.799,0.00547945,1.32431e-15,5.44718e-14,5.31475e-14
24-Jun-2026,107.472,0.00547945,1.38892e-15,-3.52094e-15,4.90986e-15
24-Jun-2026,112.144,0.00547945,1.42567e-15,-3.61732e-15,5.04299e-15
24-Jun-2026,74.763,0.0246575,18.7763,18.7787,0.002444
24-Jun-2026,79.4357,0.0246575,14.109,14.1261,0.0171278
24-Jun-2026,84.1084,0.0246575,9.44546,9.53932,0.0938558
24-Jun-2026,88.7811,0.0246575,4.89239,5.22589,0.333504
24-Jun-2026,93.4537,0.0246575,1.33002,1.77661,0.446593
24-Jun-2026,98.1264,0.0246575,0.0865635,0.163331,0.0767679
24-Jun-2026,102.799,0.0246575,0.0004825,0.00239472,0.00191222
24-Jun-2026,107.472,0.0246575,1.32921e-07,1.68441e-05,1.67112e-05
24-Jun-2026,112.144,0.0246575,3.03206e-12,9.5935e-08,9.59319e-08
24-Jun-2026,74.763,0.0438356,18.8356,18.8635,0.0279106
24-Jun-2026,79.4357,0.0438356,14.1737,14.2691,0.0954448
24-Jun-2026,84.1084,0.0438356,9.5391,9.81098,0.271878
24-Jun-2026,88.7811,0.0438356,5.1409,5.69282,0.55192
24-Jun-2026,93.4537,0.0438356,1.75327,2.32425,0.570976
24-Jun-2026,98.1264,0.0438356,0.24967,0.403745,0.154075
24-Jun-2026,102.799,0.0438356,0.00860967,0.0246742,0.0160645
24-Jun-2026,107.472,0.0438356,5.37288e-05,0.00108235,0.00102862
24-Jun-2026,112.144,0.0438356,8.1853e-08,4.41964e-05,4.41146e-05
24-Jun-2026,74.763,0.0630137,18.909,19.0128,0.103828
24-Jun-2026,79.4357,0.0630137,14.2616,14.5062,0.244555
24-Jun-2026,84.1084,0.0630137,9.6879,10.1794,0.491498
24-Jun-2026,88.7811,0.0630137,5.45035,6.20082,0.750473
24-Jun-2026,93.4537,0.0630137,2.17537,2.86526,0.689889
24-Jun-2026,98.1264,0.0630137,0.476815,0.721007,0.244192
24-Jun-2026,102.799,0.0630137,0.0411636,0.0907779,0.0496143
24-Jun-2026,107.472,0.0630137,0.00118062,0.00969831,0.00851769
24-Jun-2026,112.144,0.0630137,1.37531e-05,0.00102832,0.00101457
24-Jun-2026,74.763,0.0821918,18.9715,19.1634,0.191905
24-Jun-2026,79.4357,0.0821918,14.3438,14.7244,0.380588
24-Jun-2026,84.1084,0.0821918,9.82801,10.4806,0.652566
24-Jun-2026,88.7811,0.0821918,5.69544,6.57546,0.880016
24-Jun-2026,93.4537,0.0821918,2.47667,3.25269,0.776025
24-Jun-2026,98.1264,0.0821918,0.666649,0.985996,0.319347
24-Jun-2026,102.799,0.0821918,0.0867474,0.172133,0.0853856
24-Jun-2026,107.472,0.0821918,0.00483551,0.026938,0.0221025
24-Jun-2026,112.144,0.0821918,0.000135476,0.00430323,0.00416775
24-Jun-2026,74.763,0.0164384,18.7434,18.7435,5.80313e-05
24-Jun-2026,79.4357,0.0164384,14.074,14.0757,0.00165118
24-Jun-2026,84.1084,0.0164384,9.40485,9.42772,0.0228723
24-Jun-2026,88.7811,0.0164384,4.77334,4.9527,0.179359
24-Jun-2026,93.4537,0.0164384,1.0336,1.38753,0.353927
24-Jun-2026,98.1264,0.0164384,0.0233119,0.0555274,0.0322155
24-Jun-2026,102.799,0.0164384,8.74692e-06,9.97048e-05,9.09579e-05
24-Jun-2026,107.472,0.0164384,2.13619e-11,4.39891e-08,4.39677e-08
24-Jun-2026,112.144,0.0164384,5.92374e-16,1.25202e-11,1.25196e-11
24-Jun-2026,74.763,0.10137,19.0375,19.3301,0.292571
24-Jun-2026,79.4357,0.10137,14.435,14.9512,0.516244
24-Jun-2026,84.1084,0.10137,9.9777,10.7739,0.796198
24-Jun-2026,88.7811,0.10137,5.9313,6.92304,0.991741
24-Jun-2026,93.4537,0.10137,2.75175,3.61002,0.858269
24-Jun-2026,98.1264,0.10137,0.854841,1.25254,0.397703
24-Jun-2026,102.799,0.10137,0.146401,0.273387,0.126986
24-Jun-2026,107.472,0.10137,0.0126244,0.0547087,0.0420843
24-Jun-2026,112.144,0.10137,0.000626287,0.0113786,0.0107523
24-Jun-2026,74.763,0.186301,19.4286,20.2476,0.819043
24-Jun-2026,79.4357,0.186301,14.9808,16.083,1.10215
24-Jun-2026,84.1084,0.186301,10.7692,12.117,1.34781
24-Jun-2026,88.7811,0.186301,6.99139,8.43322,1.44183
24-Jun-2026,93.4537,0.186301,3.90388,5.17083,1.26695
24-Jun-2026,98.1264,0.186301,1.7434,2.58014,0.836743
24-Jun-2026,102.799,0.186301,0.570711,0.996862,0.426151
24-Jun-2026,107.472,0.186301,0.132377,0.346238,0.213861
24-Jun-2026,112.144,0.186301,0.0233973,0.12568,0.102282
24-Jun-2026,74.763,0.268493,19.8612,21.1145,1.25332
24-Jun-2026,79.4357,0.268493,15.5488,17.085,1.53615
24-Jun-2026,84.1084,0.268493,11.4968,13.248,1.75116
24-Jun-2026,88.7811,0.268493,7.8539,9.67147,1.81757
24-Jun-2026,93.4537,0.268493,4.79831,6.46168,1.66337
24-Jun-2026,98.1264,0.268493,2.50221,3.78858,1.28637
24-Jun-2026,102.799,0.268493,1.05573,1.8817,0.825971
24-Jun-2026,107.472,0.268493,0.353147,0.830094,0.476947
24-Jun-2026,112.144,0.268493,0.0982617,0.365053,0.266792
24-Jun-2026,74.763,0.350685,20.326,21.9612,1.6352
24-Jun-2026,79.4357,0.350685,16.127,18.0415,1.91448
24-Jun-2026,84.1084,0.350685,12.1917,14.3097,2.11796
24-Jun-2026,88.7811,0.350685,8.63715,10.8229,2.18576
24-Jun-2026,93.4537,0.350685,5.59878,7.6648,2.06602
24-Jun-2026,98.1264,0.350685,3.21299,4.95755,1.74456
24-Jun-2026,102.799,0.350685,1.5737,2.86042,1.28672
24-Jun-2026,107.472,0.350685,0.64806,1.48676,0.838704
24-Jun-2026,112.144,0.350685,0.231753,0.742623,0.51087
24-Jun-2026,74.763,0.435616,20.8384,22.8439,2.00547
24-Jun-2026,79.4357,0.435616,16.74,19.0261,2.28614
24-Jun-2026,84.1084,0.435616,12.9007,15.3917,2.491
24-Jun-2026,88.7811,0.435616,9.41447,11.9886,2.57415
24-Jun-2026,93.4537,0.435616,6.38908,8.883,2.49392
24-Jun-2026,98.1264,0.435616,3.93615,6.1647,2.22855
24-Jun-2026,102.799,0.435616,2.14471,3.94589,1.80118
24-Jun-2026,107.472,0.435616,1.02111,2.32459,1.30348
24-Jun-2026,112.144,0.435616,0.433696,1.29712,0.863427
24-Jun-2026,74.763,0.520548,21.3309,23.6642,2.33332
24-Jun-2026,79.4357,0.520548,17.3135,19.9335,2.62001
24-Jun-2026,84.1084,0.520548,13.5478,16.3817,2.83386
24-Jun-2026,88.7811,0.520548,10.1127,13.0497,2.93697
24-Jun-2026,93.4537,0.520548,7.09818,9.99132,2.89314
24-Jun-2026,98.1264,0.520548,4.59904,7.27582,2.67678
24-Jun-2026,102.799,0.520548,2.69699,4.98642,2.28943
24-Jun-2026,107.472,0.520548,1.41683,3.20153,1.7847
24-Jun-2026,112.144,0.520548,0.675571,1.9484,1.27282
24-Jun-2026,74.763,0.6,21.8437,24.4993,2.65562
24-Jun-2026,79.4357,0.6,17.8993,20.8514,2.95207
24-Jun-2026,84.1084,0.6,14.198,17.3776,3.17957
24-Jun-2026,88.7811,0.6,10.8075,14.1129,3.30537
24-Jun-2026,93.4537,0.6,7.80409,11.1012,3.29716
24-Jun-2026,98.1264,0.6,5.26944,8.39677,3.12733
24-Jun-2026,102.799,0.6,3.27703,6.06234,2.78531
24-Jun-2026,107.472,0.6,1.86058,4.15902,2.29844
24-Jun-2026,112.144,0.6,0.971863,2.72177,1.74991
24-Jun-2026,74.763,0.676712,22.2723,25.1865,2.91417
24-Jun-2026,79.4357,0.676712,18.3823,21.603,3.22071
24-Jun-2026,84.1084,0.676712,14.7285,18.1897,3.46124
24-Jun-2026,88.7811,0.676712,11.3709,14.9773,3.60642
24-Jun-2026,93.4537,0.676712,8.37724,12.0032,3.626
24-Jun-2026,98.1264,0.676712,5.8201,9.3121,3.492
24-Jun-2026,102.799,0.676712,3.76634,6.9546,3.18826
24-Jun-2026,107.472,0.676712,2.25274,4.98033,2.72759
24-Jun-2026,112.144,0.676712,1.25111,3.4233,2.17219
24-Jun-2026,74.763,0.767123,22.7953,26.0143,3.21904
24-Jun-2026,79.4357,0.767123,18.9658,22.505,3.53916
24-Jun-2026,84.1084,0.767123,15.3642,19.1609,3.79674
24-Jun-2026,88.7811,0.767123,12.0433,16.0085,3.9652
24-Jun-2026,93.4537,0.767123,9.06228,13.0787,4.01643
24-Jun-2026,98.1264,0.767123,6.48443,10.4073,3.9229
24-Jun-2026,102.799,0.767123,4.36917,8.034,3.66483
24-Jun-2026,107.472,0.767123,2.75394,5.99747,3.24353
24-Jun-2026,112.144,0.767123,1.62715,4.32767,2.70052
24-Jun-2026,74.763,0.849315,23.2555,26.7343,3.47883
24-Jun-2026,79.4357,0.849315,19.475,23.2866,3.81163
24-Jun-2026,84.1084,0.849315,15.9155,20.0001,4.08457
24-Jun-2026,88.7811,0.849315,12.6247,16.8976,4.27286
24-Jun-2026,93.4537,0.849315,9.65551,14.0056,4.35007
24-Jun-2026,98.1264,0.849315,7.0643,11.3539,4.28956
24-Jun-2026,102.799,0.849315,4.9046,8.97473,4.07013
24-Jun-2026,107.472,0.849315,3.21285,6.89959,3.68674
24-Jun-2026,112.144,0.849315,1.98703,5.15426,3.16723
25-Jun-2026,73.2299,0.00273973,18.3139,18.3139,1.63145e-06
25-Jun-2026,77.8068,0.00273973,13.7374,13.7374,1.73068e-06
25-Jun-2026,82.3836,0.00273973,9.16094,9.161,5.81615e-05
25-Jun-2026,86.9605,0.00273973,4.58447,4.58464,0.000165919
25-Jun-2026,91.5374,0.00273973,0.386027,0.474461,0.0884338
25-Jun-2026,96.1143,0.00273973,5.52708e-08,1.96192e-07,1.40922e-07
25-Jun-2026,73.2299,0.0219178,18.3842,18.3858,0.0015628
25-Jun-2026,77.8068,0.0219178,13.8122,13.8243,0.0121074
25-Jun-2026,82.3836,0.0219178,9.24534,9.31803,0.0726909
25-Jun-2026,86.9605,0.0219178,4.80744,5.0648,0.257356
25-Jun-2026,91.5374,0.0219178,1.37214,1.67018,0.29804
25-Jun-2026,96.1143,0.0219178,0.114773,0.136421,0.0216483
25-Jun-2026,100.691,0.0219178,0.00130951,0.00150524,0.000195728
25-Jun-2026,105.268,0.0219178,1.17359e-06,7.30979e-06,6.1362e-06
25-Jun-2026,109.845,0.0219178,8.96078e-11,2.78745e-08,2.77849e-08
25-Jun-2026,73.2299,0.0410959,18.4418,18.4648,0.022956
25-Jun-2026,77.8068,0.0410959,13.8761,13.9571,0.0809658
25-Jun-2026,82.3836,0.0410959,9.34719,9.57695,0.229764
25-Jun-2026,86.9605,0.0410959,5.08845,5.52661,0.43816
25-Jun-2026,91.5374,0.0410959,1.83651,2.22215,0.385642
25-Jun-2026,96.1143,0.0410959,0.321433,0.367698,0.0462647
25-Jun-2026,100.691,0.0410959,0.0185298,0.0203158,0.00178602
25-Jun-2026,105.268,0.0410959,0.00026318,0.000785153,0.000521973
25-Jun-2026,109.845,0.0410959,9.66711e-07,2.79682e-05,2.70015e-05
25-Jun-2026,73.2299,0.060274,18.514,18.6063,0.0923137
25-Jun-2026,77.8068,0.060274,13.9673,14.1842,0.216937
25-Jun-2026,82.3836,0.060274,9.51361,9.93601,0.422403
25-Jun-2026,86.9605,0.060274,5.43074,6.02939,0.598654
25-Jun-2026,91.5374,0.060274,2.29259,2.76061,0.468022
25-Jun-2026,96.1143,0.060274,0.594044,0.676959,0.0829146
25-Jun-2026,100.691,0.060274,0.0749801,0.0813447,0.0063646
25-Jun-2026,105.268,0.060274,0.00387672,0.00821945,0.00434273
25-Jun-2026,109.845,0.060274,8.52615e-05,0.000820577,0.000735316
25-Jun-2026,73.2299,0.0794521,18.5768,18.7511,0.174324
25-Jun-2026,77.8068,0.0794521,14.0553,14.396,0.340738
25-Jun-2026,82.3836,0.0794521,9.66964,10.2312,0.561553
25-Jun-2026,86.9605,0.0794521,5.69764,6.39938,0.701738
25-Jun-2026,91.5374,0.0794521,2.61531,3.14384,0.528525
25-Jun-2026,96.1143,0.0794521,0.814657,0.935925,0.121268
25-Jun-2026,100.691,0.0794521,0.145195,0.158533,0.0133383
25-Jun-2026,105.268,0.0794521,0.0130522,0.0239791,0.0109269
25-Jun-2026,109.845,0.0794521,0.000612032,0.00369151,0.00307948
25-Jun-2026,73.2299,0.0136986,18.3523,18.3523,2.33677e-06
25-Jun-2026,77.8068,0.0136986,13.7782,13.7789,0.000710107
25-Jun-2026,82.3836,0.0136986,9.20436,9.2181,0.0137384
25-Jun-2026,86.9605,0.0136986,4.67163,4.7987,0.127071
25-Jun-2026,91.5374,0.0136986,1.03907,1.26961,0.230545
25-Jun-2026,96.1143,0.0136986,0.0297474,0.0381226,0.00837521
25-Jun-2026,100.691,0.0136986,2.52989e-05,3.17769e-05,6.47804e-06
25-Jun-2026,105.268,0.0136986,2.39431e-10,5.03432e-09,4.79489e-09
25-Jun-2026,73.2299,0.0986301,18.6445,18.9125,0.268043
25-Jun-2026,77.8068,0.0986301,14.1541,14.6172,0.463141
25-Jun-2026,82.3836,0.0986301,9.83487,10.519,0.684171
25-Jun-2026,86.9605,0.0986301,5.95197,6.74199,0.790025
25-Jun-2026,91.5374,0.0986301,2.9083,3.49617,0.587873
25-Jun-2026,96.1143,0.0986301,1.02919,1.19659,0.167399
25-Jun-2026,100.691,0.0986301,0.230759,0.255574,0.0248147
25-Jun-2026,105.268,0.0986301,0.0297496,0.0499872,0.0202376
25-Jun-2026,109.845,0.0986301,0.00227432,0.0101418,0.00786744
25-Jun-2026,73.2299,0.183562,19.0576,19.8076,0.749997
25-Jun-2026,77.8068,0.183562,14.7446,15.7245,0.97995
25-Jun-2026,82.3836,0.183562,10.6891,11.8365,1.14743
25-Jun-2026,86.9605,0.183562,7.07547,8.22561,1.15014
25-Jun-2026,91.5374,0.183562,4.12198,5.02929,0.907314
25-Jun-2026,96.1143,0.183562,2.00904,2.49563,0.486593
25-Jun-2026,100.691,0.183562,0.771418,0.956163,0.184745
25-Jun-2026,105.268,0.183562,0.22424,0.329686,0.105446
25-Jun-2026,109.845,0.183562,0.0504243,0.11889,0.068466
25-Jun-2026,73.2299,0.265753,19.5166,20.6553,1.13865
25-Jun-2026,77.8068,0.265753,15.349,16.7054,1.35638
25-Jun-2026,82.3836,0.265753,11.4564,12.9445,1.48807
25-Jun-2026,86.9605,0.265753,7.97411,9.43923,1.46512
25-Jun-2026,91.5374,0.265753,5.05164,6.29447,1.24283
25-Jun-2026,96.1143,0.265753,2.81936,3.67843,0.859072
25-Jun-2026,100.691,0.265753,1.33544,1.81803,0.482595
25-Jun-2026,105.268,0.265753,0.524332,0.798167,0.273835
25-Jun-2026,109.845,0.265753,0.173277,0.34974,0.176463
25-Jun-2026,73.2299,0.347945,20.0057,21.4834,1.47767
25-Jun-2026,77.8068,0.347945,15.9556,17.6415,1.68588
25-Jun-2026,82.3836,0.347945,12.1794,13.984,1.80458
25-Jun-2026,86.9605,0.347945,8.78175,10.567,1.78522
25-Jun-2026,91.5374,0.347945,5.87548,7.47291,1.59743
25-Jun-2026,96.1143,0.347945,3.56385,4.82266,1.25881
25-Jun-2026,100.691,0.347945,1.90984,2.77361,0.863766
25-Jun-2026,105.268,0.347945,0.889685,1.43648,0.546791
25-Jun-2026,109.845,0.347945,0.364031,0.715408,0.351377
25-Jun-2026,73.2299,0.432877,20.5398,22.3467,1.80691
25-Jun-2026,77.8068,0.432877,16.5919,18.605,2.01309
25-Jun-2026,82.3836,0.432877,12.9097,15.0431,2.13344
25-Jun-2026,86.9605,0.432877,9.57669,11.7083,2.13164
25-Jun-2026,91.5374,0.432877,6.68194,8.66576,1.98382
25-Jun-2026,96.1143,0.432877,4.31033,6.00426,1.69393
25-Jun-2026,100.691,0.432877,2.52329,3.83457,1.31128
25-Jun-2026,105.268,0.432877,1.32464,2.25298,0.928343
25-Jun-2026,109.845,0.432877,0.627599,1.25397,0.626368
25-Jun-2026,73.2299,0.517808,21.0492,23.1491,2.09992
25-Jun-2026,77.8068,0.517808,17.1822,19.4928,2.31061
25-Jun-2026,82.3836,0.517808,13.5712,16.012,2.44085
25-Jun-2026,86.9605,0.517808,10.2858,12.7471,2.46125
25-Jun-2026,91.5374,0.517808,7.40021,9.75084,2.35063
25-Jun-2026,96.1143,0.517808,4.98689,7.09182,2.10493
25-Jun-2026,100.691,0.517808,3.10348,4.85214,1.74866
25-Jun-2026,105.268,0.517808,1.76697,3.10893,1.34196
25-Jun-2026,109.845,0.517808,0.923807,1.88791,0.964103
25-Jun-2026,73.2299,0.59726,21.5759,23.966,2.39007
25-Jun-2026,77.8068,0.59726,17.7808,20.3909,2.61006
25-Jun-2026,82.3836,0.59726,14.2316,16.9867,2.7551
25-Jun-2026,86.9605,0.59726,10.9872,13.7877,2.80055
25-Jun-2026,91.5374,0.59726,8.11079,10.8374,2.72656
25-Jun-2026,96.1143,0.59726,5.66509,8.18894,2.52385
25-Jun-2026,100.691,0.59726,3.70299,5.90458,2.20159
25-Jun-2026,105.268,0.59726,2.24813,4.04433,1.7962
25-Jun-2026,109.845,0.59726,1.26995,2.64189,1.37194
25-Jun-2026,73.2299,0.673973,22.0137,24.6381,2.62442
25-Jun-2026,77.8068,0.673973,18.2718,21.1263,2.85446
25-Jun-2026,82.3836,0.673973,14.7675,17.7815,3.01399
25-Jun-2026,86.9605,0.673973,11.5533,14.6338,3.08054
25-Jun-2026,91.5374,0.673973,8.68483,11.7202,3.0354
25-Jun-2026,96.1143,0.673973,6.21842,9.08478,2.86636
25-Jun-2026,100.691,0.673973,4.20287,6.77746,2.57459
25-Jun-2026,105.268,0.673973,2.66429,4.84707,2.18278
25-Jun-2026,109.845,0.673973,1.58518,3.32652,1.74134
25-Jun-2026,73.2299,0.764384,22.5452,25.4479,2.9027
25-Jun-2026,77.8068,0.764384,18.8619,22.0087,3.14681
25-Jun-2026,82.3836,0.764384,15.4069,18.7319,3.32497
25-Jun-2026,86.9605,0.764384,12.226,15.643,3.41704
25-Jun-2026,91.5374,0.764384,9.36793,12.7728,3.40491
25-Jun-2026,96.1143,0.764384,6.88229,10.1566,3.27435
25-Jun-2026,100.691,0.764384,4.81309,7.8335,3.02041
25-Jun-2026,105.268,0.764384,3.18727,5.84153,2.65426
25-Jun-2026,109.845,0.764384,1.99815,4.20971,2.21156
25-Jun-2026,73.2299,0.846575,23.0109,26.1522,3.14126
25-Jun-2026,77.8068,0.846575,19.3746,22.7735,3.39886
25-Jun-2026,82.3836,0.846575,15.9591,19.553,3.59387
25-Jun-2026,86.9605,0.846575,12.8053,16.5131,3.7078
25-Jun-2026,91.5374,0.846575,9.95717,13.6799,3.72278
25-Jun-2026,96.1143,0.846575,7.45901,11.0829,3.62392
25-Jun-2026,100.691,0.846575,5.35099,8.75388,3.40289
25-Jun-2026,105.268,0.846575,3.6596,6.7237,3.0641
25-Jun-2026,109.845,0.846575,2.38444,5.01733,2.63289
26-Jun-2026,71.8293,0.0191781,18.0255,18.0263,0.000807963
26-Jun-2026,76.3186,0.0191781,13.5405,13.5486,0.00808607
26-Jun-2026,80.8079,0.0191781,9.06153,9.11566,0.0541345
26-Jun-2026,85.2973,0.0191781,4.72279,4.91439,0.191596
26-Jun-2026,89.7866,0.0191781,1.38829,1.56661,0.178324
26-Jun-2026,94.2759,0.0191781,0.134285,0.111642,0.0226431
26-Jun-2026,98.7653,0.0191781,0.00231373,0.000881648,0.00143208
26-Jun-2026,103.255,0.0191781,4.37594e-06,2.76355e-06,1.61239e-06
26-Jun-2026,107.744,0.0191781,8.14068e-10,6.57228e-09,5.75821e-09
26-Jun-2026,71.8293,0.0383562,18.0813,18.0998,0.0184564
26-Jun-2026,76.3186,0.0383562,13.6036,13.6711,0.0675184
26-Jun-2026,80.8079,0.0383562,9.17085,9.36131,0.190462
26-Jun-2026,85.2973,0.0383562,5.03295,5.37121,0.338265
26-Jun-2026,89.7866,0.0383562,1.89202,2.12475,0.23273
26-Jun-2026,94.2759,0.0383562,0.379048,0.333571,0.045477
26-Jun-2026,98.7653,0.0383562,0.0301807,0.0164987,0.013682
26-Jun-2026,103.255,0.0383562,0.000746374,0.00055458,0.000191794
26-Jun-2026,107.744,0.0383562,5.41127e-06,1.7017e-05,1.16058e-05
26-Jun-2026,71.8293,0.0575342,18.1522,18.2336,0.0813932
26-Jun-2026,76.3186,0.0575342,13.698,13.8884,0.190424
26-Jun-2026,80.8079,0.0575342,9.35367,9.71108,0.357411
26-Jun-2026,85.2973,0.0575342,5.40445,5.86936,0.464907
26-Jun-2026,89.7866,0.0575342,2.37922,2.66166,0.282441
26-Jun-2026,94.2759,0.0575342,0.690739,0.635146,0.0555927
26-Jun-2026,98.7653,0.0575342,0.111499,0.072619,0.03888
26-Jun-2026,103.255,0.0575342,0.00864702,0.00691328,0.00173374
26-Jun-2026,107.744,0.0575342,0.000312187,0.000647739,0.000335552
26-Jun-2026,71.8293,0.0767123,18.2154,18.3727,0.15727
26-Jun-2026,76.3186,0.0767123,13.7918,14.0939,0.302078
26-Jun-2026,80.8079,0.0767123,9.52424,10.0005,0.476247
26-Jun-2026,85.2973,0.0767123,5.69055,6.23514,0.544588
26-Jun-2026,89.7866,0.0767123,2.72122,3.04123,0.320009
26-Jun-2026,94.2759,0.0767123,0.937497,0.888407,0.0490902
26-Jun-2026,98.7653,0.0767123,0.205435,0.14578,0.0596548
26-Jun-2026,103.255,0.0767123,0.0257397,0.0212707,0.00446904
26-Jun-2026,107.744,0.0767123,0.0018066,0.00315142,0.00134482
26-Jun-2026,71.8293,0.0958904,18.285,18.5289,0.24391
26-Jun-2026,76.3186,0.0958904,13.8981,14.3096,0.41147
26-Jun-2026,80.8079,0.0958904,9.70345,10.2831,0.579674
26-Jun-2026,85.2973,0.0958904,5.96107,6.57319,0.61212
26-Jun-2026,89.7866,0.0958904,3.03023,3.38904,0.358808
26-Jun-2026,94.2759,0.0958904,1.17431,1.1435,0.0308062
26-Jun-2026,98.7653,0.0958904,0.314875,0.238765,0.0761097
26-Jun-2026,103.255,0.0958904,0.0537969,0.0455925,0.00820444
26-Jun-2026,107.744,0.0958904,0.00577703,0.00901788,0.00324085
26-Jun-2026,71.8293,0.0109589,17.9945,17.9945,1.90687e-05
26-Jun-2026,76.3186,0.0109589,13.5075,13.5078,0.000250621
26-Jun-2026,80.8079,0.0109589,9.02068,9.02783,0.00714578
26-Jun-2026,85.2973,0.0109589,4.57315,4.65698,0.0838315
26-Jun-2026,89.7866,0.0109589,1.01709,1.15122,0.134125
26-Jun-2026,94.2759,0.0109589,0.0310122,0.0238537,0.00715852
26-Jun-2026,98.7653,0.0109589,3.56994e-05,7.18883e-06,2.85106e-05
26-Jun-2026,103.255,0.0109589,6.20303e-10,2.90929e-10,3.29374e-10
26-Jun-2026,107.744,0.0109589,7.50665e-16,1.31112e-14,1.23605e-14
26-Jun-2026,71.8293,0.180822,18.7197,19.402,0.682339
26-Jun-2026,76.3186,0.180822,14.5299,15.3934,0.863495
26-Jun-2026,80.8079,0.180822,10.6129,11.5763,0.963383
26-Jun-2026,85.2973,0.180822,7.13998,8.03187,0.891889
26-Jun-2026,89.7866,0.180822,4.29898,4.89625,0.597273
26-Jun-2026,94.2759,0.180822,2.23182,2.41549,0.183665
26-Jun-2026,98.7653,0.180822,0.956826,0.917368,0.0394582
26-Jun-2026,103.255,0.180822,0.327173,0.313934,0.0132394
26-Jun-2026,107.744,0.180822,0.0890953,0.112489,0.0233936
26-Jun-2026,71.8293,0.263014,19.2032,20.2311,1.02793
26-Jun-2026,76.3186,0.263014,15.1665,16.3539,1.18742
26-Jun-2026,80.8079,0.263014,11.4147,12.6623,1.24758
26-Jun-2026,85.2973,0.263014,8.0706,9.22213,1.15153
26-Jun-2026,89.7866,0.263014,5.26098,6.13713,0.876147
26-Jun-2026,94.2759,0.263014,3.08749,3.57393,0.486443
26-Jun-2026,98.7653,0.263014,1.58799,1.75715,0.169162
26-Jun-2026,103.255,0.263014,0.701068,0.767574,0.0665055
26-Jun-2026,107.744,0.263014,0.26581,0.335184,0.069374
26-Jun-2026,71.8293,0.345205,19.714,21.0413,1.32733
26-Jun-2026,76.3186,0.345205,15.7982,17.2704,1.47222
26-Jun-2026,80.8079,0.345205,12.1624,13.6806,1.5182
26-Jun-2026,85.2973,0.345205,8.90044,10.3273,1.4269
26-Jun-2026,89.7866,0.345205,6.10736,7.29215,1.18479
26-Jun-2026,94.2759,0.345205,3.86328,4.69464,0.831365
26-Jun-2026,98.7653,0.345205,2.21103,2.6905,0.47947
26-Jun-2026,103.255,0.345205,1.12883,1.38809,0.259261
26-Jun-2026,107.744,0.345205,0.514391,0.689386,0.174995
26-Jun-2026,71.8293,0.430137,20.2675,21.886,1.61854
26-Jun-2026,76.3186,0.430137,16.4549,18.2136,1.75872
26-Jun-2026,80.8079,0.430137,12.9118,14.7179,1.80611
26-Jun-2026,85.2973,0.430137,9.71224,11.4455,1.73328
26-Jun-2026,89.7866,0.430137,6.93073,8.46092,1.53019
26-Jun-2026,94.2759,0.430137,4.63315,5.85193,1.21878
26-Jun-2026,98.7653,0.430137,2.86234,3.72798,0.865638
26-Jun-2026,103.255,0.430137,1.61769,2.18394,0.56625
26-Jun-2026,107.744,0.430137,0.836433,1.21251,0.376073
26-Jun-2026,71.8293,0.515068,20.7918,22.6712,1.87937
26-Jun-2026,76.3186,0.515068,17.0601,19.0827,2.02259
26-Jun-2026,80.8079,0.515068,13.5866,15.6667,2.08009
26-Jun-2026,85.2973,0.515068,10.4327,12.4629,2.03025
26-Jun-2026,89.7866,0.515068,7.66005,9.52388,1.86383
26-Jun-2026,94.2759,0.515068,5.32509,6.91705,1.59196
26-Jun-2026,98.7653,0.515068,3.46874,4.72356,1.25482
26-Jun-2026,103.255,0.515068,2.10074,3.01959,0.918848
26-Jun-2026,107.744,0.515068,1.18236,1.82963,0.647271
26-Jun-2026,71.8293,0.594521,21.3309,23.4705,2.13955
26-Jun-2026,76.3186,0.594521,17.6705,19.9617,2.29124
26-Jun-2026,80.8079,0.594521,14.257,16.621,2.36403
26-Jun-2026,85.2973,0.594521,11.1421,13.4822,2.34009
26-Jun-2026,89.7866,0.594521,8.37808,10.5881,2.21001
26-Jun-2026,94.2759,0.594521,6.01401,7.99148,1.97747
26-Jun-2026,98.7653,0.594521,4.08797,5.75353,1.66556
26-Jun-2026,103.255,0.594521,2.6152,3.93368,1.31848
26-Jun-2026,107.744,0.594521,1.57331,2.5648,0.991489
26-Jun-2026,71.8293,0.671233,21.777,24.1281,2.35115
26-Jun-2026,76.3186,0.671233,18.169,20.6816,2.51257
26-Jun-2026,80.8079,0.671233,14.7989,17.3992,2.6003
26-Jun-2026,85.2973,0.671233,11.7124,14.3108,2.59836
26-Jun-2026,89.7866,0.671233,8.95582,11.4528,2.49695
26-Jun-2026,94.2759,0.671233,6.57307,8.86874,2.29567
26-Jun-2026,98.7653,0.671233,4.59977,6.60789,2.00812
26-Jun-2026,103.255,0.671233,3.05337,4.71855,1.66518
26-Jun-2026,107.744,0.671233,1.92076,3.23306,1.3123
26-Jun-2026,71.8293,0.761644,22.3166,24.9205,2.60394
26-Jun-2026,76.3186,0.761644,18.7659,21.5453,2.77941
26-Jun-2026,80.8079,0.761644,15.4431,18.3297,2.88656
26-Jun-2026,85.2973,0.761644,12.3879,15.299,2.91109
26-Jun-2026,89.7866,0.761644,9.64086,12.4836,2.84272
26-Jun-2026,94.2759,0.761644,7.24074,9.9183,2.67756
26-Jun-2026,98.7653,0.761644,5.22004,7.64158,2.42154
26-Jun-2026,103.255,0.761644,3.5973,5.69119,2.09389
26-Jun-2026,107.744,0.761644,2.36701,4.09576,1.72875
26-Jun-2026,71.8293,0.843836,22.7875,25.6097,2.82218
26-Jun-2026,76.3186,0.843836,19.2826,22.2938,3.01123
26-Jun-2026,80.8079,0.843836,15.9976,19.1335,3.13591
26-Jun-2026,85.2973,0.843836,12.9679,16.1509,3.18301
26-Jun-2026,89.7866,0.843836,10.2298,13.3718,3.14203
26-Jun-2026,94.2759,0.843836,7.8184,10.8253,3.00687
26-Jun-2026,98.7653,0.843836,5.76345,8.54251,2.77906
26-Jun-2026,103.255,0.843836,4.08351,6.5542,2.47069
26-Jun-2026,107.744,0.843836,2.77754,4.88505,2.10751
29-Jun-2026,71.878,0.0109589,17.9944,17.9944,1.48805e-05
29-Jun-2026,76.3704,0.0109589,13.5036,13.5035,5.21647e-05
29-Jun-2026,80.8627,0.0109589,9.01275,9.01374,0.00098987
29-Jun-2026,85.3551,0.0109589,4.53364,4.57196,0.0383174
29-Jun-2026,89.8475,0.0109589,0.82967,0.937949,0.108279
29-Jun-2026,94.3399,0.0109589,0.00820767,0.00570983,0.00249784
29-Jun-2026,98.8322,0.0109589,5.45364e-07,5.08949e-08,4.94469e-07
29-Jun-2026,103.325,0.0109589,6.08031e-14,2.19776e-14,3.88255e-14
29-Jun-2026,71.878,0.030137,18.0628,18.0679,0.00506571
29-Jun-2026,76.3704,0.030137,13.577,13.6045,0.0275253
29-Jun-2026,80.8627,0.030137,9.11116,9.22237,0.111215
29-Jun-2026,85.3551,0.030137,4.86483,5.12624,0.26141
29-Jun-2026,89.8475,0.030137,1.63528,1.83614,0.200861
29-Jun-2026,94.3399,0.030137,0.241743,0.205008,0.0367346
29-Jun-2026,98.8322,0.030137,0.0103943,0.00475067,0.00564363
29-Jun-2026,103.325,0.030137,9.25564e-05,6.05148e-05,3.20416e-05
29-Jun-2026,107.817,0.030137,1.57004e-07,6.53898e-07,4.96894e-07
29-Jun-2026,71.878,0.0493151,18.1193,18.1557,0.0364226
29-Jun-2026,76.3704,0.0493151,13.6453,13.7536,0.108267
29-Jun-2026,80.8627,0.0493151,9.24054,9.49305,0.25251
29-Jun-2026,85.3551,0.0493151,5.17818,5.56416,0.385981
29-Jun-2026,89.8475,0.0493151,2.08846,2.3346,0.246142
29-Jun-2026,94.3399,0.0493151,0.497863,0.441868,0.0559947
29-Jun-2026,98.8322,0.0493151,0.0556855,0.0322269,0.0234586
29-Jun-2026,103.325,0.0493151,0.0024004,0.00176459,0.000635813
29-Jun-2026,107.817,0.0493151,3.80134e-05,9.13969e-05,5.33835e-05
29-Jun-2026,71.878,0.0684932,18.1928,18.3059,0.113089
29-Jun-2026,76.3704,0.0684932,13.7487,13.988,0.239296
29-Jun-2026,80.8627,0.0684932,9.43737,9.84765,0.410279
29-Jun-2026,85.3551,0.0684932,5.54338,6.04071,0.497328
29-Jun-2026,89.8475,0.0684932,2.5461,2.83769,0.291593
29-Jun-2026,94.3399,0.0684932,0.809007,0.748107,0.0608995
29-Jun-2026,98.8322,0.0684932,0.153888,0.102557,0.051331
29-Jun-2026,103.325,0.0684932,0.0154747,0.0121297,0.003345
29-Jun-2026,107.817,0.0684932,0.000800172,0.00143438,0.000634213
29-Jun-2026,71.878,0.0876712,18.2591,18.4538,0.19474
29-Jun-2026,76.3704,0.0876712,13.8492,14.1995,0.350275
29-Jun-2026,80.8627,0.0876712,9.61393,10.1349,0.520974
29-Jun-2026,85.3551,0.0876712,5.82402,6.39356,0.569538
29-Jun-2026,89.8475,0.0876712,2.87384,3.20186,0.328022
29-Jun-2026,94.3399,0.0876712,1.05339,1.00271,0.050676
29-Jun-2026,98.8322,0.0876712,0.257236,0.185096,0.0721399
29-Jun-2026,103.325,0.0876712,0.0381199,0.0308591,0.00726083
29-Jun-2026,107.817,0.0876712,0.0033647,0.00527641,0.00191171
29-Jun-2026,71.878,0.00273973,17.9757,17.9757,2.20811e-05
29-Jun-2026,76.3704,0.00273973,13.4837,13.4837,1.09634e-05
29-Jun-2026,80.8627,0.00273973,8.99175,8.9918,4.98371e-05
29-Jun-2026,85.3551,0.00273973,4.49977,4.49992,0.000154056
29-Jun-2026,89.8475,0.00273973,0.410916,0.465664,0.0547477
29-Jun-2026,94.3399,0.00273973,5.67807e-07,1.92481e-07,3.75326e-07
29-Jun-2026,98.8322,0.00273973,2.67585e-13,2.8083e-14,2.39502e-13
29-Jun-2026,71.878,0.172603,18.6612,19.2777,0.616494
29-Jun-2026,76.3704,0.172603,14.4419,15.2401,0.798242
29-Jun-2026,80.8627,0.172603,10.4912,11.3955,0.90427
29-Jun-2026,85.3551,0.172603,6.99078,7.82845,0.837667
29-Jun-2026,89.8475,0.172603,4.14285,4.68231,0.539461
29-Jun-2026,94.3399,0.172603,2.09779,2.2217,0.123912
29-Jun-2026,98.8322,0.172603,0.866456,0.794089,0.0723666
29-Jun-2026,103.325,0.172603,0.281,0.257184,0.0238162
29-Jun-2026,107.817,0.172603,0.0713065,0.0876495,0.016343
29-Jun-2026,71.878,0.254795,19.1406,20.1101,0.969485
29-Jun-2026,76.3704,0.254795,15.0819,16.2106,1.12867
29-Jun-2026,80.8627,0.254795,11.309,12.4976,1.18863
29-Jun-2026,85.3551,0.254795,7.95054,9.0392,1.08866
29-Jun-2026,89.8475,0.254795,5.13936,5.94338,0.804024
29-Jun-2026,94.3399,0.254795,2.9801,3.38735,0.407251
29-Jun-2026,98.8322,0.254795,1.5074,1.6107,0.103297
29-Jun-2026,103.325,0.254795,0.650627,0.680279,0.0296517
29-Jun-2026,107.817,0.254795,0.239479,0.289544,0.0500652
29-Jun-2026,71.878,0.336986,19.6534,20.925,1.27159
29-Jun-2026,76.3704,0.336986,15.7215,17.1349,1.41345
29-Jun-2026,80.8627,0.336986,12.0722,13.5269,1.45465
29-Jun-2026,85.3551,0.336986,8.80254,10.1576,1.3551
29-Jun-2026,89.8475,0.336986,6.0105,7.112,1.1015
29-Jun-2026,94.3399,0.336986,3.77728,4.516,0.738724
29-Jun-2026,98.8322,0.336986,2.14356,2.53491,0.391346
29-Jun-2026,103.325,0.336986,1.08243,1.2769,0.194467
29-Jun-2026,107.817,0.336986,0.486255,0.622015,0.13576
29-Jun-2026,71.878,0.421918,20.2371,21.8119,1.57482
29-Jun-2026,76.3704,0.421918,16.4175,18.1267,1.70918
29-Jun-2026,80.8627,0.421918,12.8699,14.6188,1.74887
29-Jun-2026,85.3551,0.421918,9.66938,11.3356,1.66623
29-Jun-2026,89.8475,0.421918,6.89121,8.34327,1.45206
29-Jun-2026,94.3399,0.421918,4.60076,5.73252,1.13176
29-Jun-2026,98.8322,0.421918,2.83902,3.61706,0.778038
29-Jun-2026,103.325,0.421918,1.60272,2.09383,0.491115
29-Jun-2026,107.817,0.421918,0.827298,1.14946,0.322161
29-Jun-2026,71.878,0.506849,20.7677,22.6007,1.83299
29-Jun-2026,76.3704,0.506849,17.0318,19.0005,1.96867
29-Jun-2026,80.8627,0.506849,13.5566,15.5733,2.01675
29-Jun-2026,85.3551,0.506849,10.404,12.3597,1.95574
29-Jun-2026,89.8475,0.506849,7.63594,9.41326,1.77732
29-Jun-2026,94.3399,0.506849,5.30793,6.80355,1.49562
29-Jun-2026,98.8322,0.506849,3.45911,4.61454,1.15543
29-Jun-2026,103.325,0.506849,2.09696,2.9244,0.827443
29-Jun-2026,107.817,0.506849,1.18149,1.75584,0.574346
29-Jun-2026,71.878,0.586301,21.2899,23.3685,2.07856
29-Jun-2026,76.3704,0.586301,17.6247,19.8455,2.22076
29-Jun-2026,80.8627,0.586301,14.2093,16.4913,2.28198
29-Jun-2026,85.3551,0.586301,11.0959,13.3406,2.24466
29-Jun-2026,89.8475,0.586301,8.33715,10.4374,2.10026
29-Jun-2026,94.3399,0.586301,5.98127,7.83666,1.85539
29-Jun-2026,98.8322,0.586301,4.06474,5.60222,1.53748
29-Jun-2026,103.325,0.586301,2.60054,3.7957,1.19516
29-Jun-2026,107.817,0.586301,1.56463,2.44981,0.885182
29-Jun-2026,71.878,0.663014,21.7664,24.0644,2.29799
29-Jun-2026,76.3704,0.663014,18.1583,20.6076,2.44928
29-Jun-2026,80.8627,0.663014,14.7905,17.3156,2.5251
29-Jun-2026,85.3551,0.663014,11.7086,14.2186,2.50997
29-Jun-2026,89.8475,0.663014,8.9585,11.3537,2.39524
29-Jun-2026,94.3399,0.663014,6.58311,8.76576,2.18265
29-Jun-2026,98.8322,0.663014,4.61625,6.50535,1.8891
29-Jun-2026,103.325,0.663014,3.07342,4.62197,1.54855
29-Jun-2026,107.817,0.663014,1.94043,3.14845,1.20802
29-Jun-2026,71.878,0.753425,22.291,24.827,2.53598
29-Jun-2026,76.3704,0.753425,18.7398,21.4392,2.69944
29-Jun-2026,80.8627,0.753425,15.4189,18.2119,2.79296
29-Jun-2026,85.3551,0.753425,12.3685,15.1708,2.80226
29-Jun-2026,89.8475,0.753425,9.62844,12.347,2.71856
29-Jun-2026,94.3399,0.753425,7.23673,9.77665,2.53992
29-Jun-2026,98.8322,0.753425,5.22423,7.49963,2.2754
29-Jun-2026,103.325,0.753425,3.60759,5.55492,1.94733
29-Jun-2026,107.817,0.753425,2.37995,3.97198,1.59203
29-Jun-2026,71.878,0.835616,22.7697,25.5201,2.75035
29-Jun-2026,76.3704,0.835616,19.266,22.1924,2.92639
29-Jun-2026,80.8627,0.835616,15.9844,19.021,3.03662
29-Jun-2026,85.3551,0.835616,12.9607,16.0285,3.06784
29-Jun-2026,89.8475,0.835616,10.2304,13.2414,3.011
29-Jun-2026,94.3399,0.835616,7.8277,10.6895,2.86185
29-Jun-2026,98.8322,0.835616,5.78078,8.40542,2.62464
29-Jun-2026,103.325,0.835616,4.1064,6.42054,2.31414
29-Jun-2026,107.817,0.835616,2.80222,4.76047,1.95825
30-Jun-2026,75.9525,0.00821918,13.4235,13.4235,2.05249e-05
30-Jun-2026,80.4203,0.00821918,8.95689,8.95704,0.000152591
30-Jun-2026,84.8881,0.00821918,4.49487,4.51273,0.017857
30-Jun-2026,89.3559,0.00821918,0.729746,0.806631,0.0768854
30-Jun-2026,93.8237,0.00821918,0.00306605,0.00154601,0.00152004
30-Jun-2026,98.2915,0.00821918,2.25527e-08,4.20215e-10,2.21325e-08
30-Jun-2026,102.759,0.00821918,2.29956e-15,1.24656e-15,1.053e-15
30-Jun-2026,107.227,0.00821918,2.28777e-15,1.21998e-15,1.06779e-15
30-Jun-2026,71.4847,0.0273973,17.9595,17.9631,0.00357063
30-Jun-2026,75.9525,0.0273973,13.4979,13.5191,0.0212258
30-Jun-2026,80.4203,0.0273973,9.05413,9.14708,0.092946
30-Jun-2026,84.8881,0.0273973,4.82238,5.04877,0.226394
30-Jun-2026,89.3559,0.0273973,1.60621,1.76427,0.158059
30-Jun-2026,93.8237,0.0273973,0.23306,0.179896,0.0531644
30-Jun-2026,98.2915,0.0273973,0.00979742,0.00336953,0.00642789
30-Jun-2026,102.759,0.0273973,8.51128e-05,3.25994e-05,5.25134e-05
30-Jun-2026,107.227,0.0273973,1.36769e-07,2.61452e-07,1.24683e-07
30-Jun-2026,71.4847,0.0465753,18.0168,18.0479,0.0310599
30-Jun-2026,75.9525,0.0465753,13.5668,13.6624,0.0956004
30-Jun-2026,80.4203,0.0465753,9.18535,9.41257,0.227221
30-Jun-2026,84.8881,0.0465753,5.14617,5.49038,0.344209
30-Jun-2026,89.3559,0.0465753,2.0788,2.27384,0.195038
30-Jun-2026,93.8237,0.0465753,0.500261,0.413151,0.08711
30-Jun-2026,98.2915,0.0465753,0.0575614,0.0276918,0.0298696
30-Jun-2026,102.759,0.0465753,0.00261721,0.00136443,0.00125278
30-Jun-2026,107.227,0.0465753,4.41282e-05,6.30455e-05,1.89173e-05
30-Jun-2026,71.4847,0.0657534,18.0914,18.1947,0.103311
30-Jun-2026,75.9525,0.0657534,13.6722,13.8932,0.220969
30-Jun-2026,80.4203,0.0657534,9.38759,9.76589,0.378305
30-Jun-2026,84.8881,0.0657534,5.52288,5.97082,0.447943
30-Jun-2026,89.3559,0.0657534,2.55148,2.78303,0.231546
30-Jun-2026,93.8237,0.0657534,0.824075,0.717611,0.106464
30-Jun-2026,98.2915,0.0657534,0.162547,0.0944147,0.0681323
30-Jun-2026,102.759,0.0657534,0.0173848,0.0106334,0.00675135
30-Jun-2026,107.227,0.0657534,0.000970552,0.00119225,0.000221697
30-Jun-2026,71.4847,0.0849315,18.159,18.3409,0.181897
30-Jun-2026,75.9525,0.0849315,13.7753,14.1033,0.328006
30-Jun-2026,80.4203,0.0849315,9.56936,10.0533,0.483966
30-Jun-2026,84.8881,0.0849315,5.81146,6.32589,0.514429
30-Jun-2026,89.3559,0.0849315,2.88833,3.14976,0.261433
30-Jun-2026,93.8237,0.0849315,1.07737,0.971325,0.106045
30-Jun-2026,98.2915,0.0849315,0.27265,0.174524,0.0981258
30-Jun-2026,102.759,0.0849315,0.0428333,0.0282208,0.0146125
30-Jun-2026,107.227,0.0849315,0.00406667,0.00466663,0.000599957
30-Jun-2026,71.4847,0.169863,18.5716,19.1623,0.590694
30-Jun-2026,75.9525,0.169863,14.3847,15.1432,0.758497
30-Jun-2026,80.4203,0.169863,10.4696,11.3158,0.846173
30-Jun-2026,84.8881,0.169863,7.00496,7.76493,0.759966
30-Jun-2026,89.3559,0.169863,4.18539,4.6338,0.44841
30-Jun-2026,93.8237,0.169863,2.15228,2.18778,0.0355047
30-Jun-2026,98.2915,0.169863,0.912958,0.775405,0.137553
30-Jun-2026,102.759,0.169863,0.308116,0.2491,0.0590157
30-Jun-2026,107.227,0.169863,0.0821112,0.0842133,0.00210211
30-Jun-2026,71.4847,0.252055,19.0635,19.9947,0.931172
30-Jun-2026,75.9525,0.252055,15.0401,16.1139,1.07383
30-Jun-2026,80.4203,0.252055,11.3045,12.4185,1.114
30-Jun-2026,84.8881,0.252055,7.98174,8.97624,0.994499
30-Jun-2026,89.3559,0.252055,5.19899,5.89496,0.695971
30-Jun-2026,93.8237,0.252055,3.05403,3.35192,0.297887
30-Jun-2026,98.2915,0.252055,1.57719,1.5874,0.0102147
30-Jun-2026,102.759,0.252055,0.701255,0.66748,0.0337752
30-Jun-2026,107.227,0.252055,0.267587,0.282968,0.0153812
30-Jun-2026,71.4847,0.334247,19.5881,20.8097,1.22163
30-Jun-2026,75.9525,0.334247,15.6928,17.0384,1.3456
30-Jun-2026,80.4203,0.334247,12.0808,13.4477,1.36689
30-Jun-2026,84.8881,0.334247,8.84636,10.0945,1.2481
30-Jun-2026,89.3559,0.334247,6.08263,7.06304,0.980407
30-Jun-2026,93.8237,0.334247,3.86538,4.47939,0.614011
30-Jun-2026,98.2915,0.334247,2.23101,2.50898,0.277967
30-Jun-2026,102.759,0.334247,1.15336,1.26041,0.10705
30-Jun-2026,107.227,0.334247,0.533034,0.6123,0.0792659
30-Jun-2026,71.4847,0.419178,20.1834,21.6968,1.51338
30-Jun-2026,75.9525,0.419178,16.4008,18.03,1.62925
30-Jun-2026,80.4203,0.419178,12.8902,14.5393,1.6491
30-Jun-2026,84.8881,0.419178,9.72417,11.2719,1.54772
30-Jun-2026,89.3559,0.419178,6.97405,8.29352,1.31947
30-Jun-2026,93.8237,0.419178,4.70082,5.69478,0.993959
30-Jun-2026,98.2915,0.419178,2.94153,3.58931,0.647784
30-Jun-2026,102.759,0.419178,1.69224,2.07462,0.382376
30-Jun-2026,107.227,0.419178,0.893648,1.13674,0.24309
30-Jun-2026,71.4847,0.50411,20.7232,22.4856,1.7624
30-Jun-2026,75.9525,0.50411,17.0243,18.9037,1.87938
30-Jun-2026,80.4203,0.50411,13.5857,15.4935,1.90781
30-Jun-2026,84.8881,0.50411,10.4668,12.2954,1.82864
30-Jun-2026,89.3559,0.50411,7.72648,9.36276,1.63628
30-Jun-2026,93.8237,0.50411,5.41644,6.76489,1.34845
30-Jun-2026,98.2915,0.50411,3.57228,4.58563,1.01335
30-Jun-2026,102.759,0.50411,2.20024,2.9036,0.703363
30-Jun-2026,107.227,0.50411,1.26369,1.74111,0.477422
30-Jun-2026,71.4847,0.583562,21.2535,23.2534,1.99988
30-Jun-2026,75.9525,0.583562,17.6251,19.7485,2.12338
30-Jun-2026,80.4203,0.583562,14.2456,16.411,2.16545
30-Jun-2026,84.8881,0.583562,11.1653,13.2757,2.11036
30-Jun-2026,89.3559,0.583562,8.43391,10.3862,1.95225
30-Jun-2026,93.8237,0.583562,6.09648,7.79715,1.70067
30-Jun-2026,98.2915,0.583562,4.18636,5.57236,1.386
30-Jun-2026,102.759,0.583562,2.71507,3.77382,1.05875
30-Jun-2026,107.227,0.583562,1.6606,2.43373,0.773132
30-Jun-2026,71.4847,0.660274,21.7366,23.9493,2.21269
30-Jun-2026,75.9525,0.660274,18.165,20.5104,2.34539
30-Jun-2026,80.4203,0.660274,14.8326,17.235,2.40237
30-Jun-2026,84.8881,0.660274,11.783,14.1531,2.37012
30-Jun-2026,89.3559,0.660274,9.05999,11.3018,2.24182
30-Jun-2026,93.8237,0.660274,6.70335,8.7255,2.02215
30-Jun-2026,98.2915,0.660274,4.74422,6.47473,1.73051
30-Jun-2026,102.759,0.660274,3.19658,4.59933,1.40275
30-Jun-2026,107.227,0.660274,2.04746,3.13152,1.08406
30-Jun-2026,71.4847,0.750685,22.2678,24.7118,2.44402
30-Jun-2026,75.9525,0.750685,18.7526,21.3418,2.58919
30-Jun-2026,80.4203,0.750685,15.4665,18.1308,2.66429
30-Jun-2026,84.8881,0.750685,12.4477,15.1047,2.65699
30-Jun-2026,89.3559,0.750685,9.73429,12.2943,2.56004
30-Jun-2026,93.8237,0.750685,7.36154,9.7356,2.37406
30-Jun-2026,98.2915,0.750685,5.35798,7.46824,2.11026
30-Jun-2026,102.759,0.750685,3.73875,5.53158,1.79283
30-Jun-2026,107.227,0.750685,2.49763,3.95438,1.45675
30-Jun-2026,71.4847,0.832877,22.7519,25.4048,2.65293
30-Jun-2026,75.9525,0.832877,19.2838,22.0947,2.8109
30-Jun-2026,80.4203,0.832877,16.0363,18.9395,2.90322
30-Jun-2026,84.8881,0.832877,13.0437,15.9619,2.91821
30-Jun-2026,89.3559,0.832877,10.3396,13.1881,2.84847
30-Jun-2026,93.8237,0.832877,7.95596,10.6478,2.69183
30-Jun-2026,98.2915,0.832877,5.91887,8.37335,2.45448
30-Jun-2026,102.759,0.832877,4.24371,6.39664,2.15293
30-Jun-2026,107.227,0.832877,2.92836,4.74241,1.81405
30-Jun-2026,71.4847,0.917808,23.2585,26.1282,2.86969
30-Jun-2026,75.9525,0.917808,19.8363,22.8782,3.04191
30-Jun-2026,80.4203,0.917808,16.6266,19.779,3.15237
30-Jun-2026,84.8881,0.917808,13.6598,16.8501,3.19029
30-Jun-2026,89.3559,0.917808,10.9663,14.1138,3.14747
30-Jun-2026,93.8237,0.917808,8.57446,11.5947,3.02022
30-Jun-2026,98.2915,0.917808,6.50817,9.31902,2.81085
30-Jun-2026,102.759,0.917808,4.78244,7.31252,2.53008
30-Jun-2026,107.227,0.917808,3.39806,5.59592,2.19786
01-Jul-2026,72.9103,0.00547945,18.2402,18.2402,2.53961e-05
01-Jul-2026,77.4672,0.00547945,13.684,13.6841,6.05181e-05
01-Jul-2026,82.0241,0.00547945,9.12794,9.12795,1.02364e-05
01-Jul-2026,86.581,0.00547945,4.57212,4.57736,0.00524133
01-Jul-2026,91.1379,0.00547945,0.562308,0.670009,0.107701
01-Jul-2026,95.6948,0.00547945,0.000118112,0.000141565,2.34533e-05
01-Jul-2026,100.252,0.00547945,1.38247e-13,5.3774e-14,8.4473e-14
01-Jul-2026,72.9103,0.0246575,18.3093,18.3117,0.0024072
01-Jul-2026,77.4672,0.0246575,13.7577,13.7743,0.0165938
01-Jul-2026,82.0241,0.0246575,9.21487,9.3011,0.0862265
01-Jul-2026,86.581,0.0246575,4.83227,5.09467,0.262402
01-Jul-2026,91.1379,0.0246575,1.46579,1.73132,0.265533
01-Jul-2026,95.6948,0.0246575,0.154037,0.159006,0.00496938
01-Jul-2026,100.252,0.0246575,0.00304307,0.0023286,0.00071447
01-Jul-2026,104.809,0.0246575,7.07877e-06,1.6377e-05,9.29822e-06
01-Jul-2026,109.365,0.0246575,1.92171e-09,9.32817e-08,9.136e-08
01-Jul-2026,72.9103,0.0438356,18.366,18.3932,0.0271802
01-Jul-2026,77.4672,0.0438356,13.8221,13.9125,0.0904414
01-Jul-2026,82.0241,0.0438356,9.32543,9.56483,0.239396
01-Jul-2026,86.581,0.0438356,5.12671,5.54892,0.422213
01-Jul-2026,91.1379,0.0438356,1.92801,2.26443,0.336423
01-Jul-2026,95.6948,0.0438356,0.380774,0.392936,0.0121615
01-Jul-2026,100.252,0.0438356,0.0286668,0.0239911,0.00467567
01-Jul-2026,104.809,0.0438356,0.000637538,0.00105225,0.00041471
01-Jul-2026,109.365,0.0438356,4.17873e-06,4.29677e-05,3.8789e-05
01-Jul-2026,72.9103,0.0630137,18.4378,18.5374,0.0995859
01-Jul-2026,77.4672,0.0630137,13.9166,14.1423,0.22565
01-Jul-2026,82.0241,0.0630137,9.50257,9.92272,0.420148
01-Jul-2026,86.581,0.0630137,5.47901,6.04301,0.564004
01-Jul-2026,91.1379,0.0630137,2.3869,2.79084,0.403939
01-Jul-2026,95.6948,0.0630137,0.669732,0.701507,0.0317753
01-Jul-2026,100.252,0.0630137,0.0996616,0.0882493,0.0114123
01-Jul-2026,104.809,0.0630137,0.0067333,0.00942725,0.00269395
01-Jul-2026,109.365,0.0630137,0.000207341,0.000999575,0.000792234
01-Jul-2026,72.9103,0.0821918,18.5012,18.6831,0.181912
01-Jul-2026,77.4672,0.0821918,14.0085,14.3539,0.345446
01-Jul-2026,82.0241,0.0821918,9.66626,10.2153,0.549059
01-Jul-2026,86.581,0.0821918,5.7522,6.40729,0.655089
01-Jul-2026,91.1379,0.0821918,2.71317,3.16768,0.45451
01-Jul-2026,95.6948,0.0821918,0.900829,0.959158,0.0583286
01-Jul-2026,100.252,0.0821918,0.182273,0.16731,0.0149627
01-Jul-2026,104.809,0.0821918,0.0200466,0.0261817,0.00613514
01-Jul-2026,109.365,0.0821918,0.00120647,0.00418242,0.00297595
01-Jul-2026,72.9103,0.167123,18.881,19.5124,0.631388
01-Jul-2026,77.4672,0.167123,14.5648,15.4089,0.844113
01-Jul-2026,82.0241,0.167123,10.5049,11.5014,0.996484
01-Jul-2026,86.581,0.167123,6.8967,7.87716,0.980459
01-Jul-2026,91.1379,0.167123,3.97001,4.68372,0.713713
01-Jul-2026,95.6948,0.167123,1.90522,2.19534,0.29012
01-Jul-2026,100.252,0.167123,0.718144,0.769889,0.0517447
01-Jul-2026,104.809,0.167123,0.203383,0.245156,0.0417728
01-Jul-2026,109.365,0.167123,0.0436865,0.0822436,0.0385571
01-Jul-2026,72.9103,0.249315,19.3391,20.3564,1.01726
01-Jul-2026,77.4672,0.249315,15.1806,16.395,1.21436
01-Jul-2026,82.0241,0.249315,11.3022,12.6231,1.32086
01-Jul-2026,86.581,0.249315,7.84379,9.11036,1.26657
01-Jul-2026,91.1379,0.249315,4.95645,5.96787,1.01142
01-Jul-2026,95.6948,0.249315,2.76509,3.37857,0.61348
01-Jul-2026,100.252,0.249315,1.31467,1.58988,0.275213
01-Jul-2026,104.809,0.249315,0.519487,0.664765,0.145278
01-Jul-2026,109.365,0.249315,0.171857,0.280807,0.10895
01-Jul-2026,72.9103,0.331507,19.8352,21.1832,1.34798
01-Jul-2026,77.4672,0.331507,15.8037,17.3338,1.53008
01-Jul-2026,82.0241,0.331507,12.0525,13.6691,1.61662
01-Jul-2026,86.581,0.331507,8.68778,10.2476,1.55985
01-Jul-2026,91.1379,0.331507,5.82081,7.15613,1.33532
01-Jul-2026,95.6948,0.331507,3.54819,4.52453,0.976342
01-Jul-2026,100.252,0.331507,1.92157,2.52322,0.601646
01-Jul-2026,104.809,0.331507,0.909277,1.26189,0.352612
01-Jul-2026,109.365,0.331507,0.377766,0.611268,0.233502
01-Jul-2026,72.9103,0.416438,20.4048,22.0831,1.67834
01-Jul-2026,77.4672,0.416438,16.4871,18.3407,1.85357
01-Jul-2026,82.0241,0.416438,12.8412,14.7783,1.93707
01-Jul-2026,86.581,0.416438,9.54942,11.4446,1.89518
01-Jul-2026,91.1379,0.416438,6.69734,8.40732,1.70998
01-Jul-2026,95.6948,0.416438,4.36236,5.75977,1.39741
01-Jul-2026,100.252,0.416438,2.59565,3.6189,1.02325
01-Jul-2026,104.809,0.416438,1.39448,2.08429,0.689811
01-Jul-2026,109.365,0.416438,0.678135,1.13894,0.460801
01-Jul-2026,72.9103,0.50137,20.9259,22.8835,1.9576
01-Jul-2026,77.4672,0.50137,17.0936,19.2277,2.13408
01-Jul-2026,82.0241,0.50137,13.5229,15.7476,2.22475
01-Jul-2026,86.581,0.50137,10.2819,12.4849,2.20299
01-Jul-2026,91.1379,0.50137,7.44085,9.49425,2.0534
01-Jul-2026,95.6948,0.50137,5.06527,6.84726,1.78199
01-Jul-2026,100.252,0.50137,3.20339,4.63006,1.42667
01-Jul-2026,104.809,0.50137,1.86539,2.92326,1.05787
01-Jul-2026,109.365,0.50137,1.00123,1.74844,0.747207
01-Jul-2026,72.9103,0.580822,21.4413,23.6626,2.22126
01-Jul-2026,77.4672,0.580822,17.6814,20.0854,2.40399
01-Jul-2026,82.0241,0.580822,14.173,16.6797,2.50667
01-Jul-2026,86.581,0.580822,10.9736,13.481,2.50737
01-Jul-2026,91.1379,0.580822,8.14287,10.5344,2.39153
01-Jul-2026,95.6948,0.580822,5.73737,7.89619,2.15882
01-Jul-2026,100.252,0.580822,3.80161,5.6318,1.83019
01-Jul-2026,104.809,0.580822,2.3522,3.80494,1.45274
01-Jul-2026,109.365,0.580822,1.35909,2.44817,1.08908
01-Jul-2026,72.9103,0.657534,21.9132,24.3687,2.45552
01-Jul-2026,77.4672,0.657534,18.2122,20.8589,2.64673
01-Jul-2026,82.0241,0.657534,14.7535,17.5165,2.76305
01-Jul-2026,86.581,0.657534,11.5876,14.3725,2.78493
01-Jul-2026,91.1379,0.657534,8.76646,11.4649,2.69844
01-Jul-2026,95.6948,0.657534,6.34014,8.83945,2.49931
01-Jul-2026,100.252,0.657534,4.34957,6.54804,2.19847
01-Jul-2026,104.809,0.657534,2.81411,4.6419,1.82779
01-Jul-2026,109.365,0.657534,1.71611,3.15403,1.43792
01-Jul-2026,72.9103,0.747945,22.4344,25.1425,2.70811
01-Jul-2026,77.4672,0.747945,18.7921,21.703,2.91091
01-Jul-2026,82.0241,0.747945,15.3827,18.4264,3.04369
01-Jul-2026,86.581,0.747945,12.2503,15.3393,3.08898
01-Jul-2026,91.1379,0.747945,9.44032,12.4734,3.03308
01-Jul-2026,95.6948,0.747945,6.9967,9.86568,2.86898
01-Jul-2026,100.252,0.747945,4.9565,7.55689,2.60039
01-Jul-2026,104.809,0.747945,3.34018,5.58748,2.2473
01-Jul-2026,109.365,0.747945,2.13931,3.98716,1.84785
01-Jul-2026,72.9103,0.830137,22.9114,25.8458,2.93436
01-Jul-2026,77.4672,0.830137,19.3183,22.4674,3.14907
01-Jul-2026,82.0241,0.830137,15.9502,19.2477,3.29754
01-Jul-2026,86.581,0.830137,12.8463,16.2101,3.3638
01-Jul-2026,91.1379,0.830137,10.0471,13.3814,3.33433
01-Jul-2026,95.6948,0.830137,7.59184,10.7924,3.20054
01-Jul-2026,100.252,0.830137,5.51424,8.47601,2.96177
01-Jul-2026,104.809,0.830137,3.83467,6.46515,2.63048
01-Jul-2026,109.365,0.830137,2.55028,4.78557,2.23529
01-Jul-2026,72.9103,0.915068,23.4123,26.5798,3.16752
01-Jul-2026,77.4672,0.915068,19.8673,23.2628,3.39549
01-Jul-2026,82.0241,0.915068,16.5396,20.1002,3.56064
01-Jul-2026,86.581,0.915068,13.4641,17.1123,3.6482
01-Jul-2026,91.1379,0.915068,10.6769,14.3219,3.64495
01-Jul-2026,95.6948,0.915068,8.21301,11.7543,3.54125
01-Jul-2026,100.252,0.915068,6.10286,9.43631,3.33345
01-Jul-2026,104.809,0.915068,4.36608,7.39456,3.02848
01-Jul-2026,109.365,0.915068,3.00372,5.65069,2.64697
02-Jul-2026,73.2781,0.00273973,18.3258,18.3258,1.07604e-05
02-Jul-2026,77.8579,0.00273973,13.7463,13.7464,8.23101e-05
02-Jul-2026,82.4378,0.00273973,9.16683,9.16688,4.53893e-05
02-Jul-2026,87.0177,0.00273973,4.58735,4.58751,0.000156465
02-Jul-2026,91.5976,0.00273973,0.391701,0.474699,0.082998
02-Jul-2026,96.1775,0.00273973,8.57838e-08,1.9615e-07,1.10366e-07
02-Jul-2026,73.2781,0.0219178,18.395,18.3965,0.00145654
02-Jul-2026,77.8579,0.0219178,13.8199,13.832,0.0121324
02-Jul-2026,82.4378,0.0219178,9.25049,9.32266,0.0721663
02-Jul-2026,87.0177,0.0219178,4.81651,5.06672,0.250206
02-Jul-2026,91.5976,0.0219178,1.39215,1.67031,0.278156
02-Jul-2026,96.1775,0.0219178,0.122959,0.136317,0.0133583
02-Jul-2026,100.757,0.0219178,0.00161785,0.00150348,0.000114374
02-Jul-2026,105.337,0.0219178,1.86218e-06,7.29947e-06,5.43729e-06
02-Jul-2026,109.917,0.0219178,1.93719e-10,2.78314e-08,2.76377e-08
02-Jul-2026,73.2781,0.0410959,18.4516,18.4745,0.0228999
02-Jul-2026,77.8579,0.0410959,13.8831,13.9638,0.0807457
02-Jul-2026,82.4378,0.0410959,9.35405,9.58074,0.226689
02-Jul-2026,87.0177,0.0410959,5.10409,5.52791,0.423818
02-Jul-2026,91.5976,0.0410959,1.86362,2.22185,0.358226
02-Jul-2026,96.1775,0.0410959,0.338773,0.367322,0.0285491
02-Jul-2026,100.757,0.0410959,0.0213579,0.0202865,0.00107143
02-Jul-2026,105.337,0.0410959,0.000352968,0.000783856,0.000430888
02-Jul-2026,109.917,0.0410959,1.55944e-06,2.79187e-05,2.63592e-05
02-Jul-2026,73.2781,0.060274,18.5228,18.615,0.0921654
02-Jul-2026,77.8579,0.060274,13.9745,14.19,0.215465
02-Jul-2026,82.4378,0.060274,9.52413,9.93886,0.414732
02-Jul-2026,87.0177,0.060274,5.45329,6.02991,0.576624
02-Jul-2026,91.5976,0.060274,2.32713,2.75966,0.432526
02-Jul-2026,96.1775,0.060274,0.621248,0.676105,0.0548568
02-Jul-2026,100.757,0.060274,0.0836926,0.0812069,0.00248568
02-Jul-2026,105.337,0.060274,0.00481368,0.00820423,0.00339055
02-Jul-2026,109.917,0.060274,0.000120308,0.000818979,0.000698671
02-Jul-2026,73.2781,0.0794521,18.5852,18.7589,0.173731
02-Jul-2026,77.8579,0.0794521,14.0634,14.401,0.337556
02-Jul-2026,82.4378,0.0794521,9.68359,10.2333,0.549712
02-Jul-2026,87.0177,0.0794521,5.72529,6.39924,0.673952
02-Jul-2026,91.5976,0.0794521,2.65544,3.1423,0.486859
02-Jul-2026,96.1775,0.0794521,0.849196,0.934602,0.0854055
02-Jul-2026,100.757,0.0794521,0.159895,0.158236,0.00165921
02-Jul-2026,105.337,0.0794521,0.015693,0.0239313,0.00823827
02-Jul-2026,109.917,0.0794521,0.000816702,0.00368388,0.00286717
02-Jul-2026,73.2781,0.164384,18.9577,19.5882,0.630517
02-Jul-2026,77.8579,0.164384,14.6087,15.46,0.851337
02-Jul-2026,82.4378,0.164384,10.5124,11.5289,1.01652
02-Jul-2026,87.0177,0.164384,6.86881,7.88341,1.0146
02-Jul-2026,91.5976,0.164384,3.91734,4.67294,0.755601
02-Jul-2026,96.1775,0.164384,1.84792,2.17625,0.328334
02-Jul-2026,100.757,0.164384,0.676488,0.755858,0.0793704
02-Jul-2026,105.337,0.164384,0.18352,0.238585,0.0550655
02-Jul-2026,109.917,0.164384,0.037399,0.0793636,0.0419646
02-Jul-2026,73.2781,0.246575,19.4102,20.4356,1.02541
02-Jul-2026,77.8579,0.246575,15.2191,16.4513,1.23218
02-Jul-2026,82.4378,0.246575,11.3072,12.6575,1.35032
02-Jul-2026,87.0177,0.246575,7.81808,9.12482,1.30674
02-Jul-2026,91.5976,0.246575,4.90838,5.96552,1.05714
02-Jul-2026,96.1775,0.246575,2.70872,3.36528,0.656556
02-Jul-2026,100.757,0.246575,1.26594,1.57528,0.30934
02-Jul-2026,105.337,0.246575,0.488246,0.655255,0.167009
02-Jul-2026,109.917,0.246575,0.15686,0.275662,0.118802
02-Jul-2026,73.2781,0.328767,19.9029,21.2661,1.3632
02-Jul-2026,77.8579,0.328767,15.8402,17.3948,1.55461
02-Jul-2026,82.4378,0.328767,12.0583,13.7093,1.65099
02-Jul-2026,87.0177,0.328767,8.66601,10.2686,1.60263
02-Jul-2026,91.5976,0.328767,5.77847,7.16065,1.38218
02-Jul-2026,96.1775,0.328767,3.49603,4.51698,1.02095
02-Jul-2026,100.757,0.328767,1.87215,2.51065,0.638504
02-Jul-2026,105.337,0.328767,0.872351,1.2509,0.378551
02-Jul-2026,109.917,0.328767,0.355747,0.604104,0.248357
02-Jul-2026,73.2781,0.413699,20.471,22.1701,1.69911
02-Jul-2026,77.8579,0.413699,16.524,18.4066,1.8826
02-Jul-2026,82.4378,0.413699,12.8501,14.8242,1.97407
02-Jul-2026,87.0177,0.413699,9.53361,11.4721,1.93844
02-Jul-2026,91.5976,0.413699,6.66275,8.41863,1.75588
02-Jul-2026,96.1775,0.413699,4.31742,5.75842,1.441
02-Jul-2026,100.757,0.413699,2.55011,3.61019,1.06008
02-Jul-2026,105.337,0.413699,1.35668,2.07368,0.717
02-Jul-2026,109.917,0.413699,0.651974,1.13024,0.478268
02-Jul-2026,73.2781,0.49863,20.9925,22.9741,1.98158
02-Jul-2026,77.8579,0.49863,17.1326,19.2978,2.16524
02-Jul-2026,82.4378,0.49863,13.5361,15.7984,2.26232
02-Jul-2026,87.0177,0.49863,10.2727,12.5177,2.24505
02-Jul-2026,91.5976,0.49863,7.41437,9.51127,2.0969
02-Jul-2026,96.1775,0.49863,5.02853,6.85135,1.82282
02-Jul-2026,100.757,0.49863,3.16419,4.62552,1.46133
02-Jul-2026,105.337,0.49863,1.83058,2.91449,1.08391
02-Jul-2026,109.917,0.49863,0.974778,1.73943,0.76465
02-Jul-2026,73.2781,0.578082,21.5094,23.7567,2.24725
02-Jul-2026,77.8579,0.578082,17.7238,20.1596,2.43582
02-Jul-2026,82.4378,0.578082,14.1915,16.735,2.54354
02-Jul-2026,87.0177,0.578082,10.9717,13.5189,2.54719
02-Jul-2026,91.5976,0.578082,8.12524,10.5568,2.43152
02-Jul-2026,96.1775,0.578082,5.70987,7.9055,2.19563
02-Jul-2026,100.757,0.578082,3.77053,5.63167,1.86114
02-Jul-2026,105.337,0.578082,2.32299,3.79894,1.47595
02-Jul-2026,109.917,0.578082,1.33525,2.43994,1.10469
02-Jul-2026,73.2781,0.654795,21.9837,24.466,2.4823
02-Jul-2026,77.8579,0.654795,18.2584,20.9368,2.67841
02-Jul-2026,82.4378,0.654795,14.7778,17.576,2.79821
02-Jul-2026,87.0177,0.654795,11.5931,14.4149,2.82181
02-Jul-2026,91.5976,0.654795,8.75758,11.492,2.73438
02-Jul-2026,96.1775,0.654795,6.32191,8.85341,2.5315
02-Jul-2026,100.757,0.654795,4.32714,6.55206,2.22492
02-Jul-2026,105.337,0.654795,2.79184,4.63895,1.84711
02-Jul-2026,109.917,0.654795,1.69686,3.14732,1.45046
02-Jul-2026,73.2781,0.745205,22.5083,25.2433,2.735
02-Jul-2026,77.8579,0.745205,18.8435,21.7848,2.94135
02-Jul-2026,82.4378,0.745205,15.414,18.4902,3.07625
02-Jul-2026,87.0177,0.745205,12.2647,15.3864,3.12175
02-Jul-2026,91.5976,0.745205,9.4417,12.5055,3.06377
02-Jul-2026,96.1775,0.745205,6.9894,9.88467,2.89527
02-Jul-2026,100.757,0.745205,4.94467,7.56555,2.62088
02-Jul-2026,105.337,0.745205,3.32715,5.5883,2.26115
02-Jul-2026,109.917,0.745205,2.12716,3.98287,1.85571
02-Jul-2026,73.2781,0.827397,22.9891,25.9497,2.96063
02-Jul-2026,77.8579,0.827397,19.3751,22.5528,3.17768
02-Jul-2026,82.4378,0.827397,15.9885,19.3155,3.32704
02-Jul-2026,87.0177,0.827397,12.8693,16.2615,3.39222
02-Jul-2026,91.5976,0.827397,10.0583,13.418,3.35967
02-Jul-2026,96.1775,0.827397,7.59506,10.8159,3.2208
02-Jul-2026,100.757,0.827397,5.51286,8.48893,2.97607
02-Jul-2026,105.337,0.827397,3.83121,6.46963,2.63842
02-Jul-2026,109.917,0.827397,2.54619,4.78396,2.23777
02-Jul-2026,73.2781,0.912329,23.4947,26.6871,3.1924
02-Jul-2026,77.8579,0.912329,19.9304,23.3519,3.4215
02-Jul-2026,82.4378,0.912329,16.5858,20.1721,3.58629
02-Jul-2026,87.0177,0.912329,13.4966,17.1681,3.67148
02-Jul-2026,91.5976,0.912329,10.6989,14.363,3.66407
02-Jul-2026,96.1775,0.912329,8.22772,11.7824,3.55465
02-Jul-2026,100.757,0.912329,6.11305,9.45369,3.34064
02-Jul-2026,105.337,0.912329,4.3736,7.40303,3.02943
02-Jul-2026,109.917,0.912329,3.00939,5.65227,2.64288
03-Jul-2026,71.9535,0.0191781,18.0551,18.056,0.000910164
03-Jul-2026,76.4506,0.0191781,13.5623,13.5704,0.00811902
03-Jul-2026,80.9477,0.0191781,9.07567,9.12974,0.0540676
03-Jul-2026,85.4448,0.0191781,4.73122,4.92134,0.190117
03-Jul-2026,89.9419,0.0191781,1.39463,1.56824,0.173612
03-Jul-2026,94.439,0.0191781,0.136506,0.111638,0.0248677
03-Jul-2026,98.9361,0.0191781,0.00242479,0.000880961,0.00154383
03-Jul-2026,103.433,0.0191781,4.84753e-06,2.76251e-06,2.08502e-06
03-Jul-2026,107.93,0.0191781,9.72088e-10,6.56655e-09,5.59447e-09
03-Jul-2026,71.9535,0.0383562,18.1099,18.1284,0.0184611
03-Jul-2026,76.4506,0.0383562,13.6243,13.6919,0.0675999
03-Jul-2026,80.9477,0.0383562,9.18469,9.37457,0.18988
03-Jul-2026,85.4448,0.0383562,5.04296,5.37782,0.334861
03-Jul-2026,89.9419,0.0383562,1.90078,2.12638,0.225601
03-Jul-2026,94.439,0.0383562,0.384042,0.333454,0.0505884
03-Jul-2026,98.9361,0.0383562,0.0311851,0.0164818,0.0147033
03-Jul-2026,103.433,0.0383562,0.000798301,0.000554098,0.000244203
03-Jul-2026,107.93,0.0383562,6.06004e-06,1.69964e-05,1.09364e-05
03-Jul-2026,71.9535,0.0575342,18.1794,18.261,0.0815791
03-Jul-2026,76.4506,0.0575342,13.7179,13.9081,0.190213
03-Jul-2026,80.9477,0.0575342,9.36787,9.72351,0.355639
03-Jul-2026,85.4448,0.0575342,5.41634,5.87547,0.459132
03-Jul-2026,89.9419,0.0575342,2.3906,2.663,0.272402
03-Jul-2026,94.439,0.0575342,0.698914,0.634733,0.0641809
03-Jul-2026,98.9361,0.0575342,0.114532,0.0725255,0.0420065
03-Jul-2026,103.433,0.0575342,0.0091127,0.00690498,0.00220772
03-Jul-2026,107.93,0.0575342,0.000340211,0.000646799,0.000306588
03-Jul-2026,71.9535,0.0767123,18.2417,18.3991,0.157447
03-Jul-2026,76.4506,0.0767123,13.8113,14.1128,0.301463
03-Jul-2026,80.9477,0.0767123,9.53902,10.0123,0.473257
03-Jul-2026,85.4448,0.0767123,5.70394,6.24079,0.536848
03-Jul-2026,89.9419,0.0767123,2.73463,3.04221,0.307583
03-Jul-2026,94.439,0.0767123,0.948188,0.887658,0.0605296
03-Jul-2026,98.9361,0.0767123,0.210553,0.145562,0.0649906
03-Jul-2026,103.433,0.0767123,0.0269692,0.0212407,0.00572853
03-Jul-2026,107.93,0.0767123,0.0019476,0.00314635,0.00119875
03-Jul-2026,71.9535,0.0958904,18.3105,18.5545,0.244034
03-Jul-2026,76.4506,0.0958904,13.9174,14.3277,0.410296
03-Jul-2026,80.9477,0.0958904,9.71896,10.2943,0.575321
03-Jul-2026,85.4448,0.0958904,5.97597,6.57833,0.602365
03-Jul-2026,89.9419,0.0958904,3.04565,3.38961,0.343956
03-Jul-2026,94.439,0.0958904,1.18749,1.14236,0.0451285
03-Jul-2026,98.9361,0.0958904,0.322306,0.238361,0.0839454
03-Jul-2026,103.433,0.0958904,0.056171,0.0455194,0.0106516
03-Jul-2026,107.93,0.0958904,0.00618689,0.00900205,0.00281516
03-Jul-2026,71.9535,0.161644,18.6267,19.2063,0.579582
03-Jul-2026,76.4506,0.161644,14.3867,15.1485,0.761775
03-Jul-2026,80.9477,0.161644,10.4129,11.2846,0.871717
03-Jul-2026,85.4448,0.161644,6.89401,7.70228,0.808271
03-Jul-2026,89.9419,0.161644,4.04191,4.54961,0.507704
03-Jul-2026,94.439,0.161644,2.01237,2.10373,0.0913637
03-Jul-2026,98.9361,0.161644,0.810442,0.72295,0.0874924
03-Jul-2026,103.433,0.161644,0.253609,0.226172,0.0274374
03-Jul-2026,107.93,0.161644,0.0613743,0.0746078,0.0132335
03-Jul-2026,71.9535,0.243836,19.097,20.0349,0.937865
03-Jul-2026,76.4506,0.243836,15.0222,16.1193,1.09714
03-Jul-2026,80.9477,0.243836,11.2347,12.3914,1.15669
03-Jul-2026,85.4448,0.243836,7.8669,8.92061,1.05371
03-Jul-2026,89.9419,0.243836,5.05577,5.81824,0.762471
03-Jul-2026,94.439,0.243836,2.90759,3.26861,0.361025
03-Jul-2026,98.9361,0.243836,1.45425,1.52064,0.0663942
03-Jul-2026,103.433,0.243836,0.618344,0.629113,0.0107691
03-Jul-2026,107.93,0.243836,0.223214,0.263645,0.0404311
03-Jul-2026,71.9535,0.326027,19.6051,20.8473,1.24224
03-Jul-2026,76.4506,0.326027,15.661,17.0432,1.38223
03-Jul-2026,80.9477,0.326027,12.0021,13.422,1.41993
03-Jul-2026,85.4448,0.326027,8.72791,10.042,1.31411
03-Jul-2026,89.9419,0.326027,5.93815,6.99014,1.05199
03-Jul-2026,94.439,0.326027,3.71451,4.39698,0.682466
03-Jul-2026,98.9361,0.326027,2.09566,2.43394,0.338275
03-Jul-2026,103.433,0.326027,1.05055,1.20764,0.157088
03-Jul-2026,107.93,0.326027,0.467577,0.581493,0.113916
03-Jul-2026,71.9535,0.410959,20.186,21.7318,1.54581
03-Jul-2026,76.4506,0.410959,16.3576,18.0338,1.67621
03-Jul-2026,80.9477,0.410959,12.8042,14.5141,1.70994
03-Jul-2026,85.4448,0.410959,9.60242,11.2214,1.61894
03-Jul-2026,89.9419,0.410959,6.82826,8.22315,1.39489
03-Jul-2026,94.439,0.410959,4.54694,5.61321,1.06627
03-Jul-2026,98.9361,0.410959,2.79769,3.50907,0.711376
03-Jul-2026,103.433,0.410959,1.57424,2.00915,0.43491
03-Jul-2026,107.93,0.410959,0.809348,1.09215,0.282798
03-Jul-2026,71.9535,0.49589,20.7153,22.5185,1.80315
03-Jul-2026,76.4506,0.49589,16.973,18.9063,1.93332
03-Jul-2026,80.9477,0.49589,13.4946,15.4683,1.97374
03-Jul-2026,85.4448,0.49589,10.3428,12.2459,1.90309
03-Jul-2026,89.9419,0.49589,7.58002,9.29385,1.71383
03-Jul-2026,94.439,0.49589,5.26124,6.68389,1.42265
03-Jul-2026,98.9361,0.49589,3.4239,4.50252,1.07862
03-Jul-2026,103.433,0.49589,2.07297,2.82978,0.756813
03-Jul-2026,107.93,0.49589,1.1663,1.68479,0.518486
03-Jul-2026,71.9535,0.575342,21.237,23.2842,2.04719
03-Jul-2026,76.4506,0.575342,17.5673,19.7499,2.18265
03-Jul-2026,80.9477,0.575342,14.1506,16.3856,2.23501
03-Jul-2026,85.4448,0.575342,11.0397,13.2266,2.18694
03-Jul-2026,89.9419,0.575342,8.28735,10.3182,2.03082
03-Jul-2026,94.439,0.575342,5.94102,7.71649,1.77547
03-Jul-2026,98.9361,0.575342,4.03557,5.48731,1.45174
03-Jul-2026,103.433,0.575342,2.58171,3.69394,1.11223
03-Jul-2026,107.93,0.575342,1.55349,2.36745,0.813964
03-Jul-2026,71.9535,0.652055,21.7133,23.9783,2.265
03-Jul-2026,76.4506,0.652055,18.1023,20.5108,2.40846
03-Jul-2026,80.9477,0.652055,14.7347,17.2091,2.47443
03-Jul-2026,85.4448,0.652055,11.6566,14.1043,2.44772
03-Jul-2026,89.9419,0.652055,8.91384,11.2343,2.32048
03-Jul-2026,94.439,0.652055,6.5484,8.64497,2.09657
03-Jul-2026,98.9361,0.652055,4.59255,6.38829,1.79574
03-Jul-2026,103.433,0.652055,3.05967,4.5152,1.45553
03-Jul-2026,107.93,0.652055,1.93378,3.05765,1.12387
03-Jul-2026,71.9535,0.742466,22.2381,24.7389,2.50081
03-Jul-2026,76.4506,0.742466,18.6853,21.3409,2.6556
03-Jul-2026,80.9477,0.742466,15.3663,18.1044,2.73806
03-Jul-2026,85.4448,0.742466,12.3209,15.0559,2.73497
03-Jul-2026,89.9419,0.742466,9.58908,12.2271,2.63802
03-Jul-2026,94.439,0.742466,7.20784,9.65501,2.44717
03-Jul-2026,98.9361,0.742466,5.20649,7.38049,2.174
03-Jul-2026,103.433,0.742466,3.59967,5.44371,1.84404
03-Jul-2026,107.93,0.742466,2.37884,3.87359,1.49475
03-Jul-2026,71.9535,0.824658,22.7171,25.4302,2.71308
03-Jul-2026,76.4506,0.824658,19.2131,22.0926,2.87951
03-Jul-2026,80.9477,0.824658,15.9345,18.9124,2.97795
03-Jul-2026,85.4448,0.824658,12.9169,15.9129,2.99598
03-Jul-2026,89.9419,0.824658,10.1957,13.1208,2.92515
03-Jul-2026,94.439,0.824658,7.80389,10.567,2.7631
03-Jul-2026,98.9361,0.824658,5.76835,8.2845,2.51615
03-Jul-2026,103.433,0.824658,4.1039,6.30593,2.20203
03-Jul-2026,107.93,0.824658,2.80653,4.65636,1.84983
03-Jul-2026,71.9535,0.909589,23.2191,26.1517,2.93264
03-Jul-2026,76.4506,0.909589,19.7627,22.8748,3.11213
03-Jul-2026,80.9477,0.909589,16.5236,19.7511,3.22751
03-Jul-2026,85.4448,0.909589,13.5335,16.8007,3.26717
03-Jul-2026,89.9419,0.909589,10.824,14.0464,3.22235
03-Jul-2026,94.439,0.909589,8.42454,11.5135,3.08896
03-Jul-2026,98.9361,0.909589,6.35932,9.22903,2.86971
03-Jul-2026,103.433,0.909589,4.64288,7.21921,2.57633
03-Jul-2026,107.93,0.909589,3.27442,5.50516,2.23074
06-Jul-2026,74.8486,0.0109589,13.234,13.234,1.95403e-05
06-Jul-2026,79.2515,0.0109589,8.83261,8.83349,0.000881684
06-Jul-2026,83.6544,0.0109589,4.44887,4.48019,0.0313249
06-Jul-2026,88.0572,0.0109589,0.871131,0.918915,0.0477837
06-Jul-2026,92.4601,0.0109589,0.014031,0.00558864,0.00844236
06-Jul-2026,96.863,0.0109589,3.79026e-06,4.97511e-08,3.74051e-06
06-Jul-2026,101.266,0.0109589,6.01542e-12,1.90249e-14,5.9964e-12
06-Jul-2026,70.4458,0.030137,17.701,17.7059,0.00490433
06-Jul-2026,74.8486,0.030137,13.3052,13.3315,0.0262821
06-Jul-2026,79.2515,0.030137,8.93778,9.03649,0.0987128
06-Jul-2026,83.6544,0.030137,4.82304,5.0221,0.199059
06-Jul-2026,88.0572,0.030137,1.71384,1.79817,0.0843297
06-Jul-2026,92.4601,0.030137,0.302886,0.200565,0.102321
06-Jul-2026,96.863,0.030137,0.019597,0.00464385,0.0149531
06-Jul-2026,101.266,0.030137,0.000357748,5.91525e-05,0.000298595
06-Jul-2026,105.669,0.030137,1.63243e-06,6.38737e-07,9.93693e-07
06-Jul-2026,70.4458,0.0493151,17.7558,17.7909,0.0350966
06-Jul-2026,74.8486,0.0493151,13.3756,13.4764,0.100815
06-Jul-2026,79.2515,0.0493151,9.08252,9.30066,0.218144
06-Jul-2026,83.6544,0.0493151,5.16121,5.45027,0.289058
06-Jul-2026,88.0572,0.0493151,2.18645,2.2858,0.0993453
06-Jul-2026,92.4601,0.0493151,0.593196,0.432173,0.161023
06-Jul-2026,96.863,0.0493151,0.0869971,0.031497,0.0555001
06-Jul-2026,101.266,0.0493151,0.00593135,0.00172452,0.00420683
06-Jul-2026,105.669,0.0493151,0.000174927,8.92787e-05,8.56483e-05
06-Jul-2026,70.4458,0.0684932,17.8293,17.9368,0.107453
06-Jul-2026,74.8486,0.0684932,13.4866,13.7048,0.218241
06-Jul-2026,79.2515,0.0684932,9.299,9.6469,0.347897
06-Jul-2026,83.6544,0.0684932,5.54876,5.91608,0.367321
06-Jul-2026,88.0572,0.0684932,2.66261,2.77773,0.11512
06-Jul-2026,92.4601,0.0684932,0.935854,0.731505,0.204349
06-Jul-2026,96.863,0.0684932,0.216823,0.100212,0.116611
06-Jul-2026,101.266,0.0684932,0.0300948,0.0118519,0.0182429
06-Jul-2026,105.669,0.0684932,0.00239179,0.00140104,0.000990751
06-Jul-2026,70.4458,0.0876712,17.8976,18.0807,0.18311
06-Jul-2026,74.8486,0.0876712,13.5954,13.911,0.315649
06-Jul-2026,79.2515,0.0876712,9.49019,9.92739,0.437197
06-Jul-2026,83.6544,0.0876712,5.84382,6.26089,0.417073
06-Jul-2026,88.0572,0.0876712,3.00293,3.13371,0.130777
06-Jul-2026,92.4601,0.0876712,1.2009,0.980298,0.220602
06-Jul-2026,96.863,0.0876712,0.345331,0.180832,0.164499
06-Jul-2026,101.266,0.0876712,0.0664502,0.0301477,0.0363025
06-Jul-2026,105.669,0.0876712,0.00827602,0.00515332,0.0031227
06-Jul-2026,70.4458,0.153425,18.2225,18.7093,0.486802
06-Jul-2026,74.8486,0.153425,14.0883,14.7164,0.628117
06-Jul-2026,79.2515,0.153425,10.228,10.914,0.68604
06-Jul-2026,83.6544,0.153425,6.82386,7.3912,0.567345
06-Jul-2026,88.0572,0.153425,4.06975,4.29887,0.229115
06-Jul-2026,92.4601,0.153425,2.09705,1.92312,0.173928
06-Jul-2026,96.863,0.153425,0.898377,0.627672,0.270705
06-Jul-2026,101.266,0.153425,0.30914,0.187271,0.121869
06-Jul-2026,105.669,0.153425,0.0842427,0.0590087,0.025234
06-Jul-2026,70.4458,0.235616,18.7143,19.522,0.807724
06-Jul-2026,74.8486,0.235616,14.7567,15.6741,0.91744
06-Jul-2026,79.2515,0.235616,11.0921,12.0104,0.918293
06-Jul-2026,83.6544,0.235616,7.84397,8.60056,0.75659
06-Jul-2026,88.0572,0.235616,5.1336,5.55702,0.423416
06-Jul-2026,92.4601,0.235616,3.04796,3.06824,0.0202811
06-Jul-2026,96.863,0.235616,1.60579,1.38937,0.216423
06-Jul-2026,101.266,0.235616,0.736391,0.559845,0.176546
06-Jul-2026,105.669,0.235616,0.291907,0.229851,0.0620563
06-Jul-2026,70.4458,0.317808,19.2448,20.3208,1.07596
06-Jul-2026,74.8486,0.317808,15.4234,16.5845,1.16109
06-Jul-2026,79.2515,0.317808,11.8902,13.0276,1.13742
06-Jul-2026,83.6544,0.317808,8.73616,9.70844,0.972278
06-Jul-2026,88.0572,0.317808,6.04806,6.71448,0.666418
06-Jul-2026,92.4601,0.317808,3.89182,4.17838,0.286557
06-Jul-2026,96.863,0.317808,2.29347,2.27531,0.0181551
06-Jul-2026,101.266,0.317808,1.22231,1.10831,0.113998
06-Jul-2026,105.669,0.317808,0.586637,0.525977,0.0606604
06-Jul-2026,70.4458,0.40274,19.822,21.1539,1.33194
06-Jul-2026,74.8486,0.40274,16.1144,17.519,1.4046
06-Jul-2026,79.2515,0.40274,12.6832,14.0591,1.37595
06-Jul-2026,83.6544,0.40274,9.59815,10.8232,1.2251
06-Jul-2026,88.0572,0.40274,6.92521,7.88,0.954789
06-Jul-2026,92.4601,0.40274,4.71715,5.32529,0.608144
06-Jul-2026,96.863,0.40274,3.00172,3.28051,0.278795
06-Jul-2026,101.266,0.40274,1.76894,1.84468,0.0757418
06-Jul-2026,105.669,0.40274,0.962537,0.986342,0.0238048
06-Jul-2026,70.4458,0.487671,20.3937,21.9639,1.57019
06-Jul-2026,74.8486,0.487671,16.7773,18.4183,1.64097
06-Jul-2026,79.2515,0.487671,13.4242,15.0434,1.61925
06-Jul-2026,83.6544,0.487671,10.3904,11.8808,1.49035
06-Jul-2026,88.0572,0.487671,7.72905,8.9852,1.25615
06-Jul-2026,92.4601,0.487671,5.48413,6.42888,0.944747
06-Jul-2026,96.863,0.487671,3.68285,4.29945,0.616603
06-Jul-2026,101.266,0.487671,2.32572,2.67731,0.35159
06-Jul-2026,105.669,0.487671,1.37792,1.57886,0.20094
06-Jul-2026,70.4458,0.567123,20.9291,22.7168,1.78768
06-Jul-2026,74.8486,0.567123,17.3851,19.2482,1.86315
06-Jul-2026,79.2515,0.567123,14.0925,15.9464,1.85385
06-Jul-2026,83.6544,0.567123,11.0981,12.8465,1.74841
06-Jul-2026,88.0572,0.567123,8.44654,9.99389,1.54735
06-Jul-2026,92.4601,0.567123,6.17582,7.44495,1.26913
06-Jul-2026,96.863,0.567123,4.31174,5.26605,0.954313
06-Jul-2026,101.266,0.567123,2.86012,3.52082,0.660699
06-Jul-2026,105.669,0.567123,1.79905,2.2394,0.440354
06-Jul-2026,70.4458,0.643836,21.3918,23.3655,1.97371
06-Jul-2026,74.8486,0.643836,17.9031,19.9597,2.05663
06-Jul-2026,79.2515,0.643836,14.6561,16.7169,2.06078
06-Jul-2026,83.6544,0.643836,11.6915,13.668,1.97651
06-Jul-2026,88.0572,0.643836,9.04823,10.8514,1.80322
06-Jul-2026,92.4601,0.643836,6.76031,8.31348,1.55317
06-Jul-2026,96.863,0.643836,4.85196,6.10716,1.2552
06-Jul-2026,101.266,0.643836,3.33153,4.28413,0.952598
06-Jul-2026,105.669,0.643836,2.18475,2.87616,0.691406
06-Jul-2026,70.4458,0.734247,21.95,24.147,2.19703
06-Jul-2026,74.8486,0.734247,18.5213,20.8131,2.2918
06-Jul-2026,79.2515,0.734247,15.3233,17.6376,2.31426
06-Jul-2026,83.6544,0.734247,12.3911,14.6469,2.2558
06-Jul-2026,88.0572,0.734247,9.75835,11.8728,2.11444
06-Jul-2026,92.4601,0.734247,7.4547,9.3521,1.8974
06-Jul-2026,96.863,0.734247,5.50245,7.12594,1.62349
06-Jul-2026,101.266,0.734247,3.91154,5.23457,1.32303
06-Jul-2026,105.669,0.734247,2.67397,3.70696,1.03299
06-Jul-2026,70.4458,0.816438,22.4359,24.8266,2.39073
06-Jul-2026,74.8486,0.816438,19.0548,21.5524,2.49755
06-Jul-2026,79.2515,0.816438,15.8956,18.4325,2.53687
06-Jul-2026,83.6544,0.816438,12.9896,15.4901,2.50049
06-Jul-2026,88.0572,0.816438,10.3664,12.7521,2.38575
06-Jul-2026,92.4601,0.816438,8.05268,10.2491,2.19646
06-Jul-2026,96.863,0.816438,6.06907,8.01438,1.94531
06-Jul-2026,101.266,0.816438,4.42594,6.08044,1.6545
06-Jul-2026,105.669,0.816438,3.11901,4.47254,1.35353
06-Jul-2026,70.4458,0.90137,22.9212,25.5048,2.58363
06-Jul-2026,74.8486,0.90137,19.5843,22.2878,2.70352
06-Jul-2026,79.2515,0.90137,16.4613,19.2212,2.75991
06-Jul-2026,83.6544,0.90137,13.5799,16.3252,2.74531
06-Jul-2026,88.0572,0.90137,10.9669,13.6228,2.65586
06-Jul-2026,92.4601,0.90137,8.64606,11.1393,2.49321
06-Jul-2026,96.863,0.90137,6.63634,8.90198,2.26564
06-Jul-2026,101.266,0.90137,4.94815,6.93733,1.98918
06-Jul-2026,105.669,0.90137,3.57973,5.2668,1.68707
07-Jul-2026,68.6589,0.00821918,17.1822,17.1823,0.000100428
07-Jul-2026,72.9501,0.00821918,12.8921,12.8922,9.44513e-05
07-Jul-2026,77.2413,0.00821918,8.60206,8.60222,0.00016141
07-Jul-2026,81.5325,0.00821918,4.3228,4.33355,0.0107521
07-Jul-2026,85.8237,0.00821918,0.794447,0.774284,0.0201627
07-Jul-2026,90.1148,0.00821918,0.00916128,0.00148184,0.00767944
07-Jul-2026,94.406,0.00821918,1.24837e-06,4.02125e-10,1.24797e-06
07-Jul-2026,98.6972,0.00821918,7.42218e-13,1.19625e-15,7.41022e-13
07-Jul-2026,68.6589,0.0273973,17.2464,17.2498,0.00343745
07-Jul-2026,72.9501,0.0273973,12.9623,12.9814,0.019073
07-Jul-2026,77.2413,0.0273973,8.71221,8.78205,0.0698382
07-Jul-2026,81.5325,0.0273973,4.73329,4.84595,0.112658
07-Jul-2026,85.8237,0.0273973,1.74246,1.69221,0.0502515
07-Jul-2026,90.1148,0.0273973,0.34477,0.172241,0.172529
07-Jul-2026,94.406,0.0273973,0.028927,0.00322185,0.0257051
07-Jul-2026,98.6972,0.0273973,0.000842574,3.11429e-05,0.000811431
07-Jul-2026,102.988,0.0273973,7.54296e-06,2.49856e-07,7.2931e-06
07-Jul-2026,68.6589,0.0465753,17.3007,17.3293,0.0285595
07-Jul-2026,72.9501,0.0465753,13.0362,13.1169,0.0807199
07-Jul-2026,77.2413,0.0465753,8.8741,9.03503,0.16093
07-Jul-2026,81.5325,0.0465753,5.10394,5.26824,0.164296
07-Jul-2026,85.8237,0.0465753,2.25062,2.18001,0.0706067
07-Jul-2026,90.1148,0.0465753,0.675587,0.395356,0.280231
07-Jul-2026,94.406,0.0465753,0.121793,0.0264672,0.0953258
07-Jul-2026,98.6972,0.0465753,0.0117868,0.00130322,0.0104836
07-Jul-2026,102.988,0.0465753,0.000570057,6.02265e-05,0.00050983
07-Jul-2026,68.6589,0.0657534,17.376,17.4679,0.0919216
07-Jul-2026,72.9501,0.0657534,13.1577,13.3362,0.178457
07-Jul-2026,77.2413,0.0657534,9.11444,9.37203,0.257589
07-Jul-2026,81.5325,0.0657534,5.52171,5.72745,0.20574
07-Jul-2026,85.8237,0.0657534,2.75664,2.66704,0.0896049
07-Jul-2026,90.1148,0.0657534,1.05657,0.686359,0.370211
07-Jul-2026,94.406,0.0657534,0.288173,0.0901984,0.197975
07-Jul-2026,98.6972,0.0657534,0.0521502,0.0101536,0.0419966
07-Jul-2026,102.988,0.0657534,0.00598441,0.00113855,0.00484586
07-Jul-2026,68.6589,0.0849315,17.4484,17.6064,0.158037
07-Jul-2026,72.9501,0.0849315,13.2777,13.5361,0.25838
07-Jul-2026,77.2413,0.0849315,9.3239,9.64622,0.322316
07-Jul-2026,81.5325,0.0849315,5.83636,6.06666,0.230301
07-Jul-2026,85.8237,0.0849315,3.11587,3.01759,0.0982811
07-Jul-2026,90.1148,0.0849315,1.34677,0.928725,0.418045
07-Jul-2026,94.406,0.0849315,0.445507,0.16667,0.278837
07-Jul-2026,98.6972,0.0849315,0.107037,0.0269408,0.0800962
07-Jul-2026,102.988,0.0849315,0.0180557,0.00445537,0.0136003
07-Jul-2026,68.6589,0.150685,17.7993,18.2171,0.417789
07-Jul-2026,72.9501,0.150685,13.8145,14.3214,0.506864
07-Jul-2026,77.2413,0.150685,10.1159,10.6115,0.495618
07-Jul-2026,81.5325,0.150685,6.86794,7.1749,0.306958
07-Jul-2026,85.8237,0.150685,4.23269,4.15975,0.0729391
07-Jul-2026,90.1148,0.150685,2.31031,1.84811,0.462201
07-Jul-2026,94.406,0.150685,1.08732,0.59669,0.49063
07-Jul-2026,98.6972,0.150685,0.430362,0.176247,0.254115
07-Jul-2026,102.988,0.150685,0.141044,0.0549944,0.0860496
07-Jul-2026,68.6589,0.232877,18.3267,19.0097,0.683031
07-Jul-2026,72.9501,0.232877,14.5266,15.2565,0.729928
07-Jul-2026,77.2413,0.232877,11.024,11.683,0.658973
07-Jul-2026,81.5325,0.232877,7.92731,8.35728,0.429975
07-Jul-2026,85.8237,0.232877,5.33545,5.38958,0.0541331
07-Jul-2026,90.1148,0.232877,3.31361,2.96537,0.348244
07-Jul-2026,94.406,0.232877,1.87007,1.33537,0.534701
07-Jul-2026,98.6972,0.232877,0.945697,0.535208,0.410489
07-Jul-2026,102.988,0.232877,0.425021,0.218823,0.206198
07-Jul-2026,68.6589,0.315068,18.8871,19.7891,0.902041
07-Jul-2026,72.9501,0.315068,15.2252,16.1452,0.920042
07-Jul-2026,77.2413,0.315068,11.8518,12.6763,0.824537
07-Jul-2026,81.5325,0.315068,8.84537,9.43936,0.593987
07-Jul-2026,85.8237,0.315068,6.27593,6.52,0.244073
07-Jul-2026,90.1148,0.315068,4.19244,4.04869,0.143746
07-Jul-2026,94.406,0.315068,2.60981,2.19743,0.412384
07-Jul-2026,98.6972,0.315068,1.50002,1.06643,0.433593
07-Jul-2026,102.988,0.315068,0.791926,0.50466,0.287266
07-Jul-2026,68.6589,0.4,19.4898,20.6022,1.1124
07-Jul-2026,72.9501,0.4,15.9412,17.0574,1.11619
07-Jul-2026,77.2413,0.4,12.6669,13.6833,1.01644
07-Jul-2026,81.5325,0.4,9.72621,10.5278,0.801571
07-Jul-2026,85.8237,0.4,7.17207,7.65792,0.485846
07-Jul-2026,90.1148,0.4,5.04341,5.16798,0.124569
07-Jul-2026,94.406,0.4,3.35735,3.17697,0.18038
07-Jul-2026,98.6972,0.4,2.10214,1.78189,0.32025
07-Jul-2026,102.988,0.4,1.23364,0.950598,0.283042
07-Jul-2026,68.6589,0.484932,20.0809,21.3926,1.31167
07-Jul-2026,72.9501,0.484932,16.6221,17.935,1.31293
07-Jul-2026,77.2413,0.484932,13.4231,14.6441,1.221
07-Jul-2026,81.5325,0.484932,10.5311,11.5601,1.02897
07-Jul-2026,85.8237,0.484932,7.98844,8.73675,0.748312
07-Jul-2026,90.1148,0.484932,5.82762,6.24498,0.417361
07-Jul-2026,94.406,0.484932,4.06602,4.17057,0.104548
07-Jul-2026,98.6972,0.484932,2.70038,2.59239,0.107994
07-Jul-2026,102.988,0.484932,1.70268,1.526,0.176677
07-Jul-2026,68.6589,0.564384,20.6306,22.1273,1.49666
07-Jul-2026,72.9501,0.564384,17.2424,18.745,1.50263
07-Jul-2026,77.2413,0.564384,14.1013,15.5253,1.42403
07-Jul-2026,81.5325,0.564384,11.2465,12.5027,1.2562
07-Jul-2026,85.8237,0.564384,8.71334,9.72129,1.00795
07-Jul-2026,90.1148,0.564384,6.52996,7.23657,0.706612
07-Jul-2026,94.406,0.564384,4.71321,5.11342,0.400209
07-Jul-2026,98.6972,0.564384,3.26436,3.41429,0.149928
07-Jul-2026,102.988,0.564384,2.16505,2.16855,0.00350294
07-Jul-2026,68.6589,0.641096,21.103,22.7603,1.6573
07-Jul-2026,72.9501,0.641096,17.7685,19.4394,1.67085
07-Jul-2026,77.2413,0.641096,14.6707,16.2773,1.60662
07-Jul-2026,81.5325,0.641096,11.8438,13.3045,1.46067
07-Jul-2026,85.8237,0.641096,9.31865,10.5583,1.2396
07-Jul-2026,90.1148,0.641096,7.1202,8.08416,0.963959
07-Jul-2026,94.406,0.641096,5.26461,5.93398,0.669367
07-Jul-2026,98.6972,0.641096,3.75548,4.15842,0.402945
07-Jul-2026,102.988,0.641096,2.5802,2.78859,0.208386
07-Jul-2026,68.6589,0.731507,21.6701,23.5229,1.85282
07-Jul-2026,72.9501,0.731507,18.3934,20.2721,1.87873
07-Jul-2026,77.2413,0.731507,15.3422,17.1758,1.83362
07-Jul-2026,81.5325,0.731507,12.5456,14.2598,1.71422
07-Jul-2026,85.8237,0.731507,10.0302,11.555,1.52482
07-Jul-2026,90.1148,0.731507,7.81791,9.0977,1.27979
07-Jul-2026,94.406,0.731507,5.92387,6.92794,1.00407
07-Jul-2026,98.6972,0.731507,4.35323,5.08528,0.73205
07-Jul-2026,102.988,0.731507,3.0982,3.59812,0.499921
07-Jul-2026,68.6589,0.813699,22.1616,24.1861,2.02447
07-Jul-2026,72.9501,0.813699,18.9305,20.9935,2.06302
07-Jul-2026,77.2413,0.813699,15.916,17.9515,2.03555
07-Jul-2026,81.5325,0.813699,13.1436,15.0827,1.93908
07-Jul-2026,85.8237,0.813699,10.6371,12.4132,1.77608
07-Jul-2026,90.1148,0.813699,8.41602,9.97307,1.55705
07-Jul-2026,94.406,0.813699,6.49454,7.79478,1.30024
07-Jul-2026,98.6972,0.813699,4.87849,5.91031,1.03182
07-Jul-2026,102.988,0.813699,3.56295,4.34443,0.781479
07-Jul-2026,68.6589,0.89863,22.6506,24.8478,2.19724
07-Jul-2026,72.9501,0.89863,19.4618,21.7112,2.24939
07-Jul-2026,77.2413,0.89863,16.4812,18.7212,2.24004
07-Jul-2026,81.5325,0.89863,13.7318,15.8976,2.16584
07-Jul-2026,85.8237,0.89863,11.2346,13.2628,2.02818
07-Jul-2026,90.1148,0.89863,9.00729,10.8417,1.83438
07-Jul-2026,94.406,0.89863,7.06301,8.66081,1.5978
07-Jul-2026,98.6972,0.89863,5.40787,6.74619,1.33832
07-Jul-2026,102.988,0.89863,4.03896,5.11891,1.07995
08-Jul-2026,68.5751,0.00547945,17.1554,17.1554,2.38094e-05
08-Jul-2026,72.8611,0.00547945,12.8701,12.8701,2.87669e-07
08-Jul-2026,77.147,0.00547945,8.58492,8.58493,6.79703e-06
08-Jul-2026,81.433,0.00547945,4.30187,4.30485,0.00297957
08-Jul-2026,85.7189,0.00547945,0.650162,0.630004,0.0201575
08-Jul-2026,90.0049,0.00547945,0.00171451,0.000132966,0.00158154
08-Jul-2026,94.2908,0.00547945,5.37528e-09,4.59033e-14,5.37523e-09
08-Jul-2026,98.5768,0.00547945,4.18407e-16,-3.23034e-15,3.64875e-15
08-Jul-2026,102.863,0.00547945,6.26367e-16,-3.31771e-15,3.94408e-15
08-Jul-2026,68.5751,0.0246575,17.219,17.2213,0.00227975
08-Jul-2026,72.8611,0.0246575,12.9392,12.9535,0.0143163
08-Jul-2026,77.147,0.0246575,8.68758,8.74629,0.058711
08-Jul-2026,81.433,0.0246575,4.69024,4.79004,0.0997966
08-Jul-2026,85.7189,0.0246575,1.6851,1.62721,0.0578921
08-Jul-2026,90.0049,0.0246575,0.313626,0.149288,0.164338
08-Jul-2026,94.2908,0.0246575,0.0234575,0.00218541,0.0212721
08-Jul-2026,98.5768,0.0246575,0.00057059,1.53662e-05,0.000555224
08-Jul-2026,102.863,0.0246575,3.96612e-06,8.73932e-08,3.87873e-06
08-Jul-2026,68.5751,0.0438356,17.2725,17.2968,0.0243031
08-Jul-2026,72.8611,0.0438356,13.0107,13.0824,0.0717102
08-Jul-2026,77.147,0.0438356,8.84549,8.99323,0.147738
08-Jul-2026,81.433,0.0438356,5.06575,5.21626,0.15051
08-Jul-2026,85.7189,0.0438356,2.2094,2.12774,0.0816634
08-Jul-2026,90.0049,0.0438356,0.648779,0.368815,0.279964
08-Jul-2026,94.2908,0.0438356,0.112743,0.0225086,0.0902344
08-Jul-2026,98.5768,0.0438356,0.0103356,0.000987011,0.00934859
08-Jul-2026,102.863,0.0438356,0.000464137,4.02649e-05,0.000423872
08-Jul-2026,68.5751,0.0630137,17.3466,17.4311,0.0845269
08-Jul-2026,72.8611,0.0630137,13.13,13.2971,0.16714
08-Jul-2026,77.147,0.0630137,9.08517,9.32855,0.243377
08-Jul-2026,81.433,0.0630137,5.48945,5.67975,0.190299
08-Jul-2026,85.7189,0.0630137,2.72618,2.62173,0.104449
08-Jul-2026,90.0049,0.0630137,1.03567,0.658268,0.377402
08-Jul-2026,94.2908,0.0630137,0.278781,0.0827711,0.19601
08-Jul-2026,98.5768,0.0630137,0.049554,0.00884059,0.0407134
08-Jul-2026,102.863,0.0630137,0.00555328,0.000936726,0.00461655
08-Jul-2026,68.5751,0.0821918,17.418,17.5672,0.149151
08-Jul-2026,72.8611,0.0821918,13.2492,13.4952,0.246003
08-Jul-2026,77.147,0.0821918,9.29546,9.60272,0.307259
08-Jul-2026,81.433,0.0821918,5.80812,6.02137,0.21325
08-Jul-2026,85.7189,0.0821918,3.09127,2.97524,0.116026
08-Jul-2026,90.0049,0.0821918,1.33003,0.899882,0.430148
08-Jul-2026,94.2908,0.0821918,0.437309,0.15689,0.280419
08-Jul-2026,98.5768,0.0821918,0.104281,0.0245482,0.0797328
08-Jul-2026,102.863,0.0821918,0.0174243,0.00391929,0.013505
08-Jul-2026,68.5751,0.147945,17.7675,18.1733,0.405837
08-Jul-2026,72.8611,0.147945,13.7867,14.2782,0.491465
08-Jul-2026,77.147,0.147945,10.0926,10.5689,0.476338
08-Jul-2026,81.433,0.147945,6.85025,7.13346,0.283214
08-Jul-2026,85.7189,0.147945,4.22137,4.1213,0.100068
08-Jul-2026,90.0049,0.147945,2.30505,1.81727,0.487779
08-Jul-2026,94.2908,0.147945,1.08629,0.580071,0.506219
08-Jul-2026,98.5768,0.147945,0.431092,0.169572,0.26152
08-Jul-2026,102.863,0.147945,0.141824,0.0523669,0.0894571
08-Jul-2026,68.5751,0.230137,18.2959,18.9637,0.667768
08-Jul-2026,72.8611,0.230137,14.502,15.212,0.710041
08-Jul-2026,77.147,0.230137,11.0066,11.6401,0.633543
08-Jul-2026,81.433,0.230137,7.91768,8.31632,0.398636
08-Jul-2026,85.7189,0.230137,5.3334,5.35149,0.0180915
08-Jul-2026,90.0049,0.230137,3.31767,2.93261,0.385062
08-Jul-2026,94.2908,0.230137,1.87755,1.31264,0.564908
08-Jul-2026,98.5768,0.230137,0.953511,0.523157,0.430354
08-Jul-2026,102.863,0.230137,0.43096,0.212954,0.218006
08-Jul-2026,68.5751,0.312329,18.8582,19.7413,0.883093
08-Jul-2026,72.8611,0.312329,15.2039,16.0993,0.895437
08-Jul-2026,77.147,0.312329,11.839,12.6324,0.793446
08-Jul-2026,81.433,0.312329,8.8414,9.3976,0.556202
08-Jul-2026,85.7189,0.312329,6.28027,6.48112,0.200852
08-Jul-2026,90.0049,0.312329,4.20337,4.01422,0.189147
08-Jul-2026,94.2908,0.312329,2.62445,2.17048,0.453965
08-Jul-2026,98.5768,0.312329,1.51496,1.0491,0.465861
08-Jul-2026,102.863,0.312329,0.804315,0.494919,0.309396
08-Jul-2026,68.5751,0.39726,19.463,20.5525,1.08955
08-Jul-2026,72.8611,0.39726,15.923,17.0099,1.08686
08-Jul-2026,77.147,0.39726,12.6581,13.638,0.979923
08-Jul-2026,81.433,0.39726,9.72695,10.4848,0.757815
08-Jul-2026,85.7189,0.39726,7.18172,7.61779,0.436068
08-Jul-2026,90.0049,0.39726,5.06025,5.13176,0.0715095
08-Jul-2026,94.2908,0.39726,3.37854,3.14676,0.231781
08-Jul-2026,98.5768,0.39726,2.12414,1.7597,0.364438
08-Jul-2026,102.863,0.39726,1.25312,0.936288,0.316832
08-Jul-2026,68.5751,0.482192,20.0562,21.3412,1.28499
08-Jul-2026,72.8611,0.482192,16.6066,17.8859,1.27927
08-Jul-2026,77.147,0.482192,13.4176,14.5973,1.17965
08-Jul-2026,81.433,0.482192,10.5357,11.5156,0.979938
08-Jul-2026,85.7189,0.482192,8.00249,8.69521,0.692722
08-Jul-2026,90.0049,0.482192,5.84945,6.20706,0.357606
08-Jul-2026,94.2908,0.482192,4.09289,4.13776,0.0448681
08-Jul-2026,98.5768,0.482192,2.72878,2.56629,0.162493
08-Jul-2026,102.863,0.482192,1.72902,1.50724,0.22178
08-Jul-2026,68.5751,0.561644,20.6076,22.0743,1.46668
08-Jul-2026,72.8611,0.561644,17.2292,18.6943,1.46512
08-Jul-2026,77.147,0.561644,14.0985,15.477,1.37851
08-Jul-2026,81.433,0.561644,11.2543,12.4569,1.20255
08-Jul-2026,85.7189,0.561644,8.73102,9.67833,0.947311
08-Jul-2026,90.0049,0.561644,6.55595,7.19704,0.641088
08-Jul-2026,94.2908,0.561644,4.74491,5.07846,0.333546
08-Jul-2026,98.5768,0.561644,3.29831,3.38513,0.0868154
08-Jul-2026,102.863,0.561644,2.19758,2.14597,0.05161
08-Jul-2026,68.5751,0.638356,21.0814,22.7059,1.62455
08-Jul-2026,72.8611,0.638356,17.7571,19.3873,1.6302
08-Jul-2026,77.147,0.638356,14.6701,16.2277,1.55759
08-Jul-2026,81.433,0.638356,11.8541,13.2573,1.40325
08-Jul-2026,85.7189,0.638356,9.33921,10.514,1.1748
08-Jul-2026,90.0049,0.638356,7.14951,8.04322,0.893705
08-Jul-2026,94.2908,0.638356,5.30018,5.89727,0.597088
08-Jul-2026,98.5768,0.638356,3.79395,4.12693,0.332977
08-Jul-2026,102.863,0.638356,2.61789,2.76303,0.145137
08-Jul-2026,68.5751,0.728767,21.6501,23.4669,1.81681
08-Jul-2026,72.8611,0.728767,18.384,20.2184,1.83445
08-Jul-2026,77.147,0.728767,15.344,17.1246,1.78059
08-Jul-2026,81.433,0.728767,12.5587,14.2111,1.6524
08-Jul-2026,85.7189,0.728767,10.0539,11.5092,1.45527
08-Jul-2026,90.0049,0.728767,7.85094,9.05503,1.20409
08-Jul-2026,94.2908,0.728767,5.9638,6.8892,0.925401
08-Jul-2026,98.5768,0.728767,4.39685,5.05121,0.654365
08-Jul-2026,102.863,0.728767,3.14185,3.56932,0.427475
08-Jul-2026,68.5751,0.810959,22.1429,24.1286,1.98573
08-Jul-2026,72.8611,0.810959,18.9227,20.9384,2.0157
08-Jul-2026,77.147,0.810959,15.9197,17.8989,1.97919
08-Jul-2026,81.433,0.810959,13.159,15.0326,1.87355
08-Jul-2026,85.7189,0.810959,10.6635,12.3659,1.70239
08-Jul-2026,90.0049,0.810959,8.45209,9.92886,1.47677
08-Jul-2026,94.2908,0.810959,6.53802,7.7543,1.21628
08-Jul-2026,98.5768,0.810959,4.92633,5.87415,0.947822
08-Jul-2026,102.863,0.810959,3.61157,4.31306,0.701493
08-Jul-2026,68.5751,0.89589,22.6331,24.789,2.15587
08-Jul-2026,72.8611,0.89589,19.4556,21.6546,2.19904
08-Jul-2026,77.147,0.89589,16.4868,18.6671,2.18035
08-Jul-2026,81.433,0.89589,13.7493,15.8461,2.09677
08-Jul-2026,85.7189,0.89589,11.2634,13.214,1.95061
08-Jul-2026,90.0049,0.89589,9.04621,10.7959,1.7497
08-Jul-2026,94.2908,0.89589,7.10986,8.6186,1.50874
08-Jul-2026,98.5768,0.89589,5.45971,6.70803,1.24832
08-Jul-2026,102.863,0.89589,4.09231,5.08515,0.992838
09-Jul-2026,69.5913,0.00273973,17.4037,17.4037,4.9961e-05
09-Jul-2026,73.9408,0.00273973,13.0546,13.0546,1.55873e-05
09-Jul-2026,78.2902,0.00273973,8.7055,8.70558,8.12053e-05
09-Jul-2026,82.6397,0.00273973,4.35642,4.35658,0.000157928
09-Jul-2026,86.9892,0.00273973,0.44502,0.450736,0.00571621
09-Jul-2026,91.3386,0.00273973,7.57737e-06,1.86179e-07,7.39119e-06
09-Jul-2026,95.6881,0.00273973,1.13154e-14,2.71493e-14,1.58339e-14
09-Jul-2026,100.038,0.00273973,3.91942e-15,4.792e-16,3.44022e-15
09-Jul-2026,104.387,0.00273973,4.0142e-15,4.39638e-16,3.57456e-15
09-Jul-2026,69.5913,0.0219178,17.468,17.4695,0.00151285
09-Jul-2026,73.9408,0.0219178,13.1235,13.1345,0.0110306
09-Jul-2026,78.2902,0.0219178,8.79639,8.85205,0.0556638
09-Jul-2026,82.6397,0.0219178,4.68175,4.8103,0.128551
09-Jul-2026,86.9892,0.0219178,1.57251,1.58522,0.0127057
09-Jul-2026,91.3386,0.0219178,0.240841,0.129257,0.111584
09-Jul-2026,95.6881,0.0219178,0.0119869,0.00142393,0.010563
09-Jul-2026,100.038,0.0219178,0.000146503,6.90801e-06,0.000139595
09-Jul-2026,104.387,0.0219178,3.77753e-07,2.63534e-08,3.514e-07
09-Jul-2026,69.5913,0.0410959,17.5213,17.5425,0.021243
09-Jul-2026,73.9408,0.0410959,13.19,13.2586,0.0685951
09-Jul-2026,78.2902,0.0410959,8.93585,9.09605,0.160205
09-Jul-2026,82.6397,0.0410959,5.04075,5.24729,0.206536
09-Jul-2026,86.9892,0.0410959,2.09866,2.10815,0.00948635
09-Jul-2026,91.3386,0.0410959,0.552662,0.348187,0.204475
09-Jul-2026,95.6881,0.0410959,0.0779707,0.0192118,0.0587589
09-Jul-2026,100.038,0.0410959,0.00508579,0.00074195,0.00434384
09-Jul-2026,104.387,0.0410959,0.000140962,2.64338e-05,0.000114528
09-Jul-2026,69.5913,0.060274,17.5927,17.6747,0.081955
09-Jul-2026,73.9408,0.060274,13.299,13.472,0.173038
09-Jul-2026,78.2902,0.060274,9.15729,9.43489,0.277597
09-Jul-2026,82.6397,0.060274,5.45246,5.72283,0.270374
09-Jul-2026,86.9892,0.060274,2.6124,2.61781,0.00541169
09-Jul-2026,91.3386,0.060274,0.921744,0.640702,0.281042
09-Jul-2026,95.6881,0.060274,0.217346,0.0768921,0.140454
09-Jul-2026,100.038,0.060274,0.0313395,0.00776546,0.023574
09-Jul-2026,104.387,0.060274,0.00262426,0.000775328,0.00184893
09-Jul-2026,69.5913,0.0794521,17.6602,17.8104,0.150157
09-Jul-2026,73.9408,0.0794521,13.409,13.6714,0.262386
09-Jul-2026,78.2902,0.0794521,9.35592,9.7135,0.35758
09-Jul-2026,82.6397,0.0794521,5.76395,6.0726,0.308654
09-Jul-2026,86.9892,0.0794521,2.97409,2.9803,0.00621157
09-Jul-2026,91.3386,0.0794521,1.2053,0.885503,0.319797
09-Jul-2026,95.6881,0.0794521,0.35744,0.149804,0.207636
09-Jul-2026,100.038,0.0794521,0.0726585,0.0226497,0.0500088
09-Jul-2026,104.387,0.0794521,0.00974764,0.00348716,0.00626048
09-Jul-2026,69.5913,0.145205,17.9898,18.422,0.432226
09-Jul-2026,73.9408,0.145205,13.9172,14.4649,0.547688
09-Jul-2026,78.2902,0.145205,10.124,10.6966,0.572621
09-Jul-2026,82.6397,0.145205,6.78799,7.20709,0.419103
09-Jul-2026,86.9892,0.145205,4.09195,4.14935,0.0574044
09-Jul-2026,91.3386,0.145205,2.15299,1.81597,0.337019
09-Jul-2026,95.6881,0.145205,0.956885,0.57299,0.383895
09-Jul-2026,100.038,0.145205,0.34856,0.165722,0.182838
09-Jul-2026,104.387,0.145205,0.102351,0.0506544,0.0516966
09-Jul-2026,69.5913,0.227397,18.4958,19.2232,0.727396
09-Jul-2026,73.9408,0.227397,14.6083,15.413,0.80468
09-Jul-2026,78.2902,0.227397,11.0179,11.7853,0.767438
09-Jul-2026,82.6397,0.227397,7.84252,8.40999,0.56747
09-Jul-2026,86.9892,0.227397,5.19341,5.40022,0.206809
09-Jul-2026,91.3386,0.227397,3.1461,2.94776,0.198335
09-Jul-2026,95.6881,0.227397,1.71171,1.31149,0.400217
09-Jul-2026,100.038,0.227397,0.82268,0.519733,0.302947
09-Jul-2026,104.387,0.227397,0.346315,0.210671,0.135644
09-Jul-2026,69.5913,0.309589,19.0413,20.012,0.97069
09-Jul-2026,73.9408,0.309589,15.2945,16.3136,1.01909
09-Jul-2026,78.2902,0.309589,11.8386,12.793,0.954418
09-Jul-2026,82.6397,0.309589,8.75894,9.50836,0.749418
09-Jul-2026,86.9892,0.309589,6.13417,6.5477,0.413526
09-Jul-2026,91.3386,0.309589,4.02058,4.0455,0.0249243
09-Jul-2026,95.6881,0.309589,2.43654,2.17929,0.257254
09-Jul-2026,100.038,0.309589,1.35068,1.04909,0.301586
09-Jul-2026,104.387,0.309589,0.681264,0.493496,0.187768
09-Jul-2026,69.5913,0.394521,19.6331,20.835,1.20185
09-Jul-2026,73.9408,0.394521,16.0028,17.2376,1.23481
09-Jul-2026,78.2902,0.394521,12.6504,13.8138,1.16342
09-Jul-2026,82.6397,0.394521,9.64069,10.6122,0.971532
09-Jul-2026,86.9892,0.394521,7.03284,7.70187,0.669031
09-Jul-2026,91.3386,0.394521,4.87136,5.17974,0.308376
09-Jul-2026,95.6881,0.394521,3.1766,3.16844,0.00816283
09-Jul-2026,100.038,0.394521,1.93581,1.76662,0.169187
09-Jul-2026,104.387,0.394521,1.09841,0.937719,0.160691
09-Jul-2026,69.5913,0.479452,20.2174,21.635,1.41759
09-Jul-2026,73.9408,0.479452,16.6798,18.1265,1.44673
09-Jul-2026,78.2902,0.479452,13.4063,14.7874,1.38111
09-Jul-2026,82.6397,0.479452,10.4487,11.6587,1.21001
09-Jul-2026,86.9892,0.479452,7.85385,8.79567,0.941816
09-Jul-2026,91.3386,0.479452,5.65877,6.27108,0.612311
09-Jul-2026,95.6881,0.479452,3.88364,4.17324,0.289597
09-Jul-2026,100.038,0.479452,2.52517,2.58269,0.0575208
09-Jul-2026,104.387,0.479452,1.55131,1.51382,0.0374873
09-Jul-2026,69.5913,0.558904,20.7631,22.3787,1.61558
09-Jul-2026,73.9408,0.558904,17.2989,18.9468,1.64794
09-Jul-2026,78.2902,0.558904,14.0864,15.6802,1.59385
09-Jul-2026,82.6397,0.558904,11.1687,12.6141,1.44536
09-Jul-2026,86.9892,0.558904,8.58487,9.7936,1.20873
09-Jul-2026,91.3386,0.558904,6.3666,7.27581,0.909206
09-Jul-2026,95.6881,0.558904,4.53316,5.12735,0.594191
09-Jul-2026,100.038,0.558904,3.08613,3.41206,0.325934
09-Jul-2026,104.387,0.558904,2.00452,2.15946,0.154939
09-Jul-2026,69.5913,0.635616,21.2337,23.0195,1.78578
09-Jul-2026,73.9408,0.635616,17.8254,19.65,1.82458
09-Jul-2026,78.2902,0.635616,14.6588,16.4421,1.78326
09-Jul-2026,82.6397,0.635616,11.7713,13.4265,1.65522
09-Jul-2026,86.9892,0.635616,9.19673,10.6418,1.44506
09-Jul-2026,91.3386,0.635616,6.96323,8.13455,1.17132
09-Jul-2026,95.6881,0.635616,5.08897,5.95797,0.869
09-Jul-2026,100.038,0.635616,3.57794,4.16385,0.585908
09-Jul-2026,104.387,0.635616,2.41564,2.78388,0.368243
09-Jul-2026,69.5913,0.726027,21.8003,23.7915,1.99115
09-Jul-2026,73.9408,0.726027,18.4525,20.4933,2.04078
09-Jul-2026,78.2902,0.726027,15.3354,17.3522,2.0168
09-Jul-2026,82.6397,0.726027,12.4807,14.3945,1.91376
09-Jul-2026,86.9892,0.726027,9.91757,11.6518,1.73422
09-Jul-2026,91.3386,0.726027,7.67042,9.16136,1.49094
09-Jul-2026,95.6881,0.726027,5.75598,6.96429,1.20831
09-Jul-2026,100.038,0.726027,4.17982,5.10091,0.921091
09-Jul-2026,104.387,0.726027,2.93284,3.60044,0.667596
09-Jul-2026,69.5913,0.808219,22.2927,24.4627,2.17004
09-Jul-2026,73.9408,0.808219,18.9929,21.2238,2.23086
09-Jul-2026,78.2902,0.808219,15.9148,18.1379,2.22311
09-Jul-2026,82.6397,0.808219,13.0865,15.2281,2.14158
09-Jul-2026,86.9892,0.808219,10.5337,12.5212,1.98753
09-Jul-2026,91.3386,0.808219,8.27815,10.0481,1.76996
09-Jul-2026,95.6881,0.808219,6.33522,7.84197,1.50675
09-Jul-2026,100.038,0.808219,4.71114,5.93541,1.22427
09-Jul-2026,104.387,0.808219,3.39997,4.35403,0.95406
09-Jul-2026,69.5913,0.893151,22.7838,25.1326,2.34883
09-Jul-2026,73.9408,0.893151,19.5284,21.9504,2.42204
09-Jul-2026,78.2902,0.893151,16.4867,18.9174,2.43075
09-Jul-2026,82.6397,0.893151,13.6834,16.0536,2.37021
09-Jul-2026,86.9892,0.893151,11.1414,13.3819,2.2405
09-Jul-2026,91.3386,0.893151,8.88012,10.9279,2.04782
09-Jul-2026,95.6881,0.893151,6.91368,8.71886,1.80518
09-Jul-2026,100.038,0.893151,5.24847,6.78112,1.53265
09-Jul-2026,104.387,0.893151,3.88079,5.1366,1.25581
10-Jul-2026,69.1462,0.0191781,17.3499,17.3507,0.000754105
10-Jul-2026,73.4678,0.0191781,13.0326,13.0401,0.00746577
10-Jul-2026,77.7895,0.0191781,8.72951,8.77255,0.0430438
10-Jul-2026,82.1111,0.0191781,4.62404,4.72844,0.104397
10-Jul-2026,86.4327,0.0191781,1.52037,1.50647,0.0138974
10-Jul-2026,90.7544,0.0191781,0.220187,0.107173,0.113014
10-Jul-2026,95.076,0.0191781,0.00989155,0.000845359,0.00904619
10-Jul-2026,99.3976,0.0191781,0.000103602,2.64979e-06,0.000100952
10-Jul-2026,103.719,0.0191781,2.15333e-07,6.29918e-09,2.09034e-07
10-Jul-2026,69.1462,0.0383562,17.4023,17.4195,0.0172222
10-Jul-2026,73.4678,0.0383562,13.0974,13.1561,0.0587258
10-Jul-2026,77.7895,0.0383562,8.86685,9.00717,0.140317
10-Jul-2026,82.1111,0.0383562,4.99114,5.1665,0.175363
10-Jul-2026,86.4327,0.0383562,2.06829,2.04232,0.025974
10-Jul-2026,90.7544,0.0383562,0.540934,0.320062,0.220872
10-Jul-2026,95.076,0.0383562,0.075849,0.0158138,0.0600352
10-Jul-2026,99.3976,0.0383562,0.00493673,0.000531492,0.00440524
10-Jul-2026,103.719,0.0383562,0.000136745,1.63035e-05,0.000120442
10-Jul-2026,69.1462,0.0575342,17.4726,17.5462,0.0735848
10-Jul-2026,73.4678,0.0575342,13.2056,13.3631,0.157511
10-Jul-2026,77.7895,0.0575342,9.09051,9.34172,0.251211
10-Jul-2026,82.1111,0.0575342,5.41232,5.64401,0.231689
10-Jul-2026,86.4327,0.0575342,2.59641,2.55734,0.0390684
10-Jul-2026,90.7544,0.0575342,0.920833,0.609143,0.31169
10-Jul-2026,95.076,0.0575342,0.21999,0.0695766,0.150413
10-Jul-2026,99.3976,0.0575342,0.0325134,0.00662288,0.0258905
10-Jul-2026,103.719,0.0575342,0.00282085,0.000620379,0.00220047
10-Jul-2026,69.1462,0.0767123,17.5395,17.6783,0.138842
10-Jul-2026,73.4678,0.0767123,13.3162,13.5592,0.242952
10-Jul-2026,77.7895,0.0767123,9.29223,9.61861,0.326378
10-Jul-2026,82.1111,0.0767123,5.73008,5.99448,0.264401
10-Jul-2026,86.4327,0.0767123,2.96606,2.92121,0.0448489
10-Jul-2026,90.7544,0.0767123,1.21176,0.851782,0.359978
10-Jul-2026,95.076,0.0767123,0.365361,0.139628,0.225733
10-Jul-2026,99.3976,0.0767123,0.0764032,0.0203715,0.0560317
10-Jul-2026,103.719,0.0767123,0.0106646,0.00301763,0.00764697
10-Jul-2026,69.1462,0.0958904,17.616,17.8271,0.211063
10-Jul-2026,73.4678,0.0958904,13.4412,13.7651,0.323889
10-Jul-2026,77.7895,0.0958904,9.4995,9.88901,0.389506
10-Jul-2026,82.1111,0.0958904,6.02726,6.31827,0.29101
10-Jul-2026,86.4327,0.0958904,3.29931,3.2545,0.0448073
10-Jul-2026,90.7544,0.0958904,1.48611,1.0961,0.390014
10-Jul-2026,95.076,0.0958904,0.523035,0.228618,0.294417
10-Jul-2026,99.3976,0.0958904,0.137074,0.0436536,0.0934204
10-Jul-2026,103.719,0.0958904,0.0259729,0.0086332,0.0173397
10-Jul-2026,69.1462,0.142466,17.8709,18.2816,0.410655
10-Jul-2026,73.4678,0.142466,13.8308,14.3455,0.514683
10-Jul-2026,77.7895,0.142466,10.0722,10.5971,0.524919
10-Jul-2026,82.1111,0.142466,6.77036,7.12691,0.356546
10-Jul-2026,86.4327,0.142466,4.10239,4.08817,0.0142246
10-Jul-2026,90.7544,0.142466,2.17924,1.77501,0.404228
10-Jul-2026,95.076,0.142466,0.984409,0.553407,0.431002
10-Jul-2026,99.3976,0.142466,0.367595,0.158352,0.209243
10-Jul-2026,103.719,0.142466,0.111584,0.0478799,0.0637041
10-Jul-2026,69.1462,0.224658,18.3823,19.0757,0.693355
10-Jul-2026,73.4678,0.224658,14.5306,15.2868,0.756217
10-Jul-2026,77.7895,0.224658,10.9772,11.6795,0.702271
10-Jul-2026,82.1111,0.224658,7.83703,8.32362,0.486592
10-Jul-2026,86.4327,0.224658,5.21699,5.3325,0.115515
10-Jul-2026,90.7544,0.224658,3.18781,2.89851,0.289302
10-Jul-2026,95.076,0.224658,1.75793,1.28144,0.476491
10-Jul-2026,99.3976,0.224658,0.861468,0.504965,0.356503
10-Jul-2026,103.719,0.224658,0.37192,0.203777,0.168143
10-Jul-2026,69.1462,0.306849,18.9335,19.858,0.924547
10-Jul-2026,73.4678,0.306849,15.224,16.1808,0.956826
10-Jul-2026,77.7895,0.306849,11.8057,12.6804,0.874669
10-Jul-2026,82.1111,0.306849,8.76164,9.41503,0.653389
10-Jul-2026,86.4327,0.306849,6.16659,6.47277,0.306182
10-Jul-2026,90.7544,0.306849,4.07306,3.98833,0.0847259
10-Jul-2026,95.076,0.306849,2.49667,2.13994,0.356728
10-Jul-2026,99.3976,0.306849,1.40618,1.02595,0.380229
10-Jul-2026,103.719,0.306849,0.723804,0.481127,0.242677
10-Jul-2026,69.1462,0.391781,19.5307,20.6744,1.14371
10-Jul-2026,73.4678,0.391781,15.9384,17.0979,1.15949
10-Jul-2026,77.7895,0.391781,12.6239,13.6939,1.07002
10-Jul-2026,82.1111,0.391781,9.6498,10.5114,0.861589
10-Jul-2026,86.4327,0.391781,7.0722,7.6192,0.547003
10-Jul-2026,90.7544,0.391781,4.93239,5.1144,0.182013
10-Jul-2026,95.076,0.391781,3.24812,3.1201,0.12802
10-Jul-2026,99.3976,0.391781,2.00589,1.73439,0.271505
10-Jul-2026,103.719,0.391781,1.15743,0.918187,0.239243
10-Jul-2026,69.1462,0.476712,20.1194,21.4681,1.34865
10-Jul-2026,73.4678,0.476712,16.6201,17.98,1.35995
10-Jul-2026,77.7895,0.476712,13.3847,14.6604,1.27572
10-Jul-2026,82.1111,0.476712,10.4626,11.5505,1.08792
10-Jul-2026,86.4327,0.476712,7.89849,8.70541,0.806917
10-Jul-2026,90.7544,0.476712,5.72634,6.19786,0.471519
10-Jul-2026,95.076,0.476712,3.96401,4.11652,0.15251
10-Jul-2026,99.3976,0.476712,2.60706,2.54175,0.065313
10-Jul-2026,103.719,0.476712,1.62463,1.48642,0.138206
10-Jul-2026,69.1462,0.556164,20.6686,22.2058,1.53722
10-Jul-2026,73.4678,0.556164,17.2429,18.7941,1.55119
10-Jul-2026,77.7895,0.556164,14.0684,15.5467,1.47828
10-Jul-2026,82.1111,0.556164,11.1863,12.499,1.31273
10-Jul-2026,86.4327,0.556164,8.63345,9.69627,1.06282
10-Jul-2026,90.7544,0.556164,6.43907,7.19528,0.756206
10-Jul-2026,95.076,0.556164,4.62025,5.06301,0.442759
10-Jul-2026,99.3976,0.556164,3.17725,3.36321,0.185964
10-Jul-2026,103.719,0.556164,2.08959,2.12441,0.0348173
10-Jul-2026,69.1462,0.632877,21.1418,22.8415,1.69973
10-Jul-2026,73.4678,0.632877,17.7721,19.4918,1.71973
10-Jul-2026,77.7895,0.632877,14.6435,16.3028,1.65933
10-Jul-2026,82.1111,0.632877,11.7914,13.3056,1.51419
10-Jul-2026,86.4327,0.632877,9.24809,10.5384,1.29028
10-Jul-2026,90.7544,0.632877,7.0392,8.04774,1.00854
10-Jul-2026,95.076,0.632877,5.18091,5.88712,0.706213
10-Jul-2026,99.3976,0.632877,3.67586,4.10829,0.432432
10-Jul-2026,103.719,0.632877,2.50971,2.74216,0.232451
10-Jul-2026,69.1462,0.723288,21.7112,23.6074,1.89616
10-Jul-2026,73.4678,0.723288,18.402,20.3286,1.92664
10-Jul-2026,77.7895,0.723288,15.3227,17.2062,1.88346
10-Jul-2026,82.1111,0.723288,12.5034,14.2664,1.76304
10-Jul-2026,86.4327,0.723288,9.97168,11.541,1.56934
10-Jul-2026,90.7544,0.723288,7.74985,9.06698,1.31713
10-Jul-2026,95.076,0.723288,5.85279,6.88565,1.03286
10-Jul-2026,99.3976,0.723288,4.28476,5.03736,0.752598
10-Jul-2026,103.719,0.723288,3.03645,3.55067,0.514218
10-Jul-2026,69.1462,0.805479,22.2056,24.2733,2.06772
10-Jul-2026,73.4678,0.805479,18.9443,21.0535,2.10917
10-Jul-2026,77.7895,0.805479,15.9039,17.986,2.08205
10-Jul-2026,82.1111,0.805479,13.111,15.0939,1.98289
10-Jul-2026,86.4327,0.805479,10.5897,12.4041,1.81437
10-Jul-2026,90.7544,0.805479,8.36002,9.94714,1.58712
10-Jul-2026,95.076,0.805479,6.43554,7.75657,1.32103
10-Jul-2026,99.3976,0.805479,4.82125,5.86494,1.04369
10-Jul-2026,103.719,0.805479,3.51084,4.29727,0.786434
10-Jul-2026,69.1462,0.890411,22.6984,24.9379,2.23948
10-Jul-2026,73.4678,0.890411,19.4815,21.7745,2.29303
10-Jul-2026,77.7895,0.890411,16.4773,18.7596,2.28228
10-Jul-2026,82.1111,0.890411,13.7093,15.9133,2.20396
10-Jul-2026,86.4327,0.890411,11.1989,13.2584,2.05947
10-Jul-2026,90.7544,0.890411,8.96396,10.8204,1.85644
10-Jul-2026,95.076,0.890411,7.01692,8.62672,1.6098
10-Jul-2026,99.3976,0.890411,5.36301,6.70377,1.34076
10-Jul-2026,103.719,0.890411,3.99803,5.07288,1.07485
13-Jul-2026,68.284,0.0109589,17.094,17.094,3.57187e-05
13-Jul-2026,72.5518,0.0109589,12.8277,12.8276,9.34101e-05
13-Jul-2026,76.8195,0.0109589,8.56141,8.56223,0.00082249
13-Jul-2026,81.0873,0.0109589,4.32429,4.34251,0.01822
13-Jul-2026,85.355,0.0109589,0.928197,0.890592,0.0376053
13-Jul-2026,89.6228,0.0109589,0.0263155,0.0054144,0.0209011
13-Jul-2026,93.8905,0.0109589,3.28289e-05,4.8197e-08,3.27807e-05
13-Jul-2026,98.1583,0.0109589,8.89638e-10,1.9365e-14,8.89619e-10
13-Jul-2026,68.284,0.030137,17.1572,17.1619,0.0047178
13-Jul-2026,72.5518,0.030137,12.8981,12.9216,0.0234888
13-Jul-2026,76.8195,0.030137,8.68287,8.75847,0.0755993
13-Jul-2026,81.0873,0.030137,4.76467,4.8673,0.102629
13-Jul-2026,85.355,0.030137,1.82293,1.74249,0.0804401
13-Jul-2026,89.6228,0.030137,0.398428,0.19428,0.204148
13-Jul-2026,93.8905,0.030137,0.040635,0.00449751,0.0361375
13-Jul-2026,98.1583,0.030137,0.0016284,5.72876e-05,0.00157111
13-Jul-2026,102.426,0.030137,2.29958e-05,6.18684e-07,2.23771e-05
13-Jul-2026,68.284,0.0493151,17.2114,17.2439,0.0324993
13-Jul-2026,72.5518,0.0493151,12.9754,13.0617,0.0862644
13-Jul-2026,76.8195,0.0493151,8.8544,9.01413,0.159732
13-Jul-2026,81.0873,0.0493151,5.13889,5.28196,0.143067
13-Jul-2026,85.355,0.0493151,2.32331,2.21483,0.108484
13-Jul-2026,89.6228,0.0493151,0.736337,0.418588,0.317749
13-Jul-2026,93.8905,0.0493151,0.146543,0.0305014,0.116042
13-Jul-2026,98.1583,0.0493151,0.0165909,0.00166996,0.0149209
13-Jul-2026,102.426,0.0493151,0.00100089,8.64607e-05,0.000914429
13-Jul-2026,68.284,0.0684932,17.2882,17.3848,0.0966041
13-Jul-2026,72.5518,0.0684932,13.1024,13.2826,0.180202
13-Jul-2026,76.8195,0.0684932,9.10262,9.34927,0.246648
13-Jul-2026,81.0873,0.0684932,5.55894,5.73303,0.174089
13-Jul-2026,85.355,0.0684932,2.82644,2.69126,0.135184
13-Jul-2026,89.6228,0.0684932,1.12272,0.708444,0.414276
13-Jul-2026,93.8905,0.0684932,0.32565,0.0970348,0.228615
13-Jul-2026,98.1583,0.0684932,0.0648084,0.0114758,0.0533326
13-Jul-2026,102.426,0.0684932,0.00848543,0.00135665,0.00712878
13-Jul-2026,68.284,0.0876712,17.3625,17.524,0.161465
13-Jul-2026,72.5518,0.0876712,13.2267,13.4821,0.255403
13-Jul-2026,76.8195,0.0876712,9.31677,9.62078,0.304005
13-Jul-2026,81.0873,0.0876712,5.87526,6.06689,0.191635
13-Jul-2026,85.355,0.0876712,3.1854,3.03597,0.149428
13-Jul-2026,89.6228,0.0876712,1.41666,0.949336,0.467324
13-Jul-2026,93.8905,0.0876712,0.491491,0.175084,0.316407
13-Jul-2026,98.1583,0.0876712,0.12694,0.0291891,0.0977509
13-Jul-2026,102.426,0.0876712,0.0236477,0.00498969,0.018658
13-Jul-2026,68.284,0.134247,17.5949,17.9281,0.33316
13-Jul-2026,72.5518,0.134247,13.5907,14.0103,0.419607
13-Jul-2026,76.8195,0.134247,9.86546,10.2787,0.413218
13-Jul-2026,81.0873,0.134247,6.59971,6.8279,0.228186
13-Jul-2026,85.355,0.134247,3.97408,3.81943,0.154651
13-Jul-2026,89.6228,0.134247,2.09644,1.56749,0.528951
13-Jul-2026,93.8905,0.134247,0.941045,0.447478,0.493567
13-Jul-2026,98.1583,0.134247,0.349761,0.117746,0.232015
13-Jul-2026,102.426,0.134247,0.105699,0.0326919,0.0730071
13-Jul-2026,68.284,0.216438,18.1143,18.7128,0.59849
13-Jul-2026,72.5518,0.216438,14.3115,14.9503,0.638781
13-Jul-2026,76.8195,0.216438,10.8084,11.368,0.5596
13-Jul-2026,81.0873,0.216438,7.71949,8.03709,0.317601
13-Jul-2026,85.355,0.216438,5.14843,5.07468,0.0737471
13-Jul-2026,89.6228,0.216438,3.16054,2.68327,0.477275
13-Jul-2026,93.8905,0.216438,1.75857,1.13614,0.62243
13-Jul-2026,98.1583,0.216438,0.874338,0.429817,0.444521
13-Jul-2026,102.426,0.216438,0.384917,0.167815,0.217102
13-Jul-2026,68.284,0.29863,18.6803,19.4903,0.809968
13-Jul-2026,72.5518,0.29863,15.0273,15.842,0.814733
13-Jul-2026,76.8195,0.29863,11.6668,12.3691,0.702272
13-Jul-2026,81.0873,0.29863,8.67937,9.13029,0.450921
13-Jul-2026,85.355,0.29863,6.13581,6.21623,0.0804217
13-Jul-2026,89.6228,0.29863,4.08341,3.76728,0.316128
13-Jul-2026,93.8905,0.29863,2.53298,1.97048,0.562505
13-Jul-2026,98.1583,0.29863,1.4514,0.918807,0.532593
13-Jul-2026,102.426,0.29863,0.763956,0.42172,0.342236
13-Jul-2026,68.284,0.383562,19.3212,20.3374,1.01623
13-Jul-2026,72.5518,0.383562,15.7949,16.7952,1.00033
13-Jul-2026,76.8195,0.383562,12.5461,13.4239,0.877771
13-Jul-2026,81.0873,0.383562,9.63394,10.2722,0.63825
13-Jul-2026,85.355,0.383562,7.1099,7.41015,0.300246
13-Jul-2026,89.6228,0.383562,5.01027,4.93668,0.0735881
13-Jul-2026,93.8905,0.383562,3.3486,2.97811,0.370494
13-Jul-2026,98.1583,0.383562,2.10987,1.633,0.476871
13-Jul-2026,102.426,0.383562,1.24868,0.854046,0.394634
13-Jul-2026,68.284,0.468493,19.8984,21.0909,1.1925
13-Jul-2026,72.5518,0.468493,16.4632,17.6335,1.17035
13-Jul-2026,76.8195,0.468493,13.2913,14.3431,1.05179
13-Jul-2026,81.0873,0.468493,10.4297,11.261,0.83135
13-Jul-2026,85.355,0.468493,7.91924,8.44379,0.524553
13-Jul-2026,89.6228,0.468493,5.78977,5.96612,0.176354
13-Jul-2026,93.8905,0.468493,4.05531,3.91985,0.135464
13-Jul-2026,98.1583,0.468493,2.70927,2.38727,0.322003
13-Jul-2026,102.426,0.468493,1.72181,1.37677,0.345045
13-Jul-2026,68.284,0.547945,20.4612,21.8243,1.36314
13-Jul-2026,72.5518,0.547945,17.1011,18.4435,1.3424
13-Jul-2026,76.8195,0.547945,13.9913,15.2255,1.23425
13-Jul-2026,81.0873,0.547945,11.1702,12.206,1.03579
13-Jul-2026,85.355,0.547945,8.67145,9.43096,0.759507
13-Jul-2026,89.6228,0.547945,6.52049,6.95866,0.438168
13-Jul-2026,93.8905,0.547945,4.73092,4.85809,0.127172
13-Jul-2026,98.1583,0.547945,3.30086,3.19469,0.106174
13-Jul-2026,102.426,0.547945,2.21022,1.99565,0.214566
13-Jul-2026,68.284,0.624658,20.9704,22.4891,1.51874
13-Jul-2026,72.5518,0.624658,17.67,19.1736,1.50357
13-Jul-2026,76.8195,0.624658,14.6088,16.0171,1.40831
13-Jul-2026,81.0873,0.624658,11.8196,13.0506,1.23101
13-Jul-2026,85.355,0.624658,9.33109,10.3128,0.981725
13-Jul-2026,89.6228,0.624658,7.16556,7.85074,0.685183
13-Jul-2026,93.8905,0.624658,5.3359,5.71863,0.382726
13-Jul-2026,98.1583,0.624658,3.84278,3.96897,0.126188
13-Jul-2026,102.426,0.624658,2.67207,2.63253,0.0395426
13-Jul-2026,68.284,0.715068,21.5511,23.2495,1.69837
13-Jul-2026,72.5518,0.715068,18.3115,20.0046,1.69314
13-Jul-2026,76.8195,0.715068,15.2997,16.9145,1.6148
13-Jul-2026,81.0873,0.715068,12.5432,14.0053,1.46214
13-Jul-2026,85.355,0.715068,10.0665,11.3091,1.24258
13-Jul-2026,89.6228,0.715068,7.88879,8.86307,0.974282
13-Jul-2026,93.8905,0.715068,6.02213,6.70917,0.68704
13-Jul-2026,98.1583,0.715068,4.46879,4.8882,0.419413
13-Jul-2026,102.426,0.715068,3.2193,3.42889,0.209586
13-Jul-2026,68.284,0.79726,22.0545,23.9106,1.8561
13-Jul-2026,72.5518,0.79726,18.863,20.7244,1.86141
13-Jul-2026,76.8195,0.79726,15.89,17.689,1.79902
13-Jul-2026,81.0873,0.79726,13.1597,14.8273,1.66762
13-Jul-2026,85.355,0.79726,10.6935,12.1664,1.47293
13-Jul-2026,89.6228,0.79726,8.50857,9.73716,1.22859
13-Jul-2026,93.8905,0.79726,6.61585,7.57333,0.957482
13-Jul-2026,98.1583,0.79726,5.01848,5.70789,0.689414
13-Jul-2026,102.426,0.79726,3.70976,4.16607,0.456314
13-Jul-2026,68.284,0.882192,22.5557,24.5703,2.01461
13-Jul-2026,72.5518,0.882192,19.4086,21.4403,2.03174
13-Jul-2026,76.8195,0.882192,16.4716,18.4573,1.98569
13-Jul-2026,81.0873,0.882192,13.766,15.6411,1.87511
13-Jul-2026,85.355,0.882192,11.3108,13.0149,1.70411
13-Jul-2026,89.6228,0.882192,9.12105,10.6043,1.48323
13-Jul-2026,93.8905,0.882192,7.207,8.43681,1.22981
13-Jul-2026,98.1583,0.882192,5.57206,6.53921,0.967147
13-Jul-2026,102.426,0.882192,4.21152,4.93302,0.721497
14-Jul-2026,69.5523,0.00821918,17.4056,17.4056,1.21123e-05
14-Jul-2026,73.8993,0.00821918,13.0597,13.0597,6.8598e-06
14-Jul-2026,78.2463,0.00821918,8.71374,8.71394,0.00019631
14-Jul-2026,82.5934,0.00821918,4.37621,4.38965,0.0134431
14-Jul-2026,86.9404,0.00821918,0.77347,0.784214,0.0107441
14-Jul-2026,91.2874,0.00821918,0.00667614,0.00149981,0.00517633
14-Jul-2026,95.6344,0.00821918,4.05006e-07,4.068e-10,4.04599e-07
14-Jul-2026,99.9814,0.00821918,5.15467e-14,1.21346e-15,5.03332e-14
14-Jul-2026,69.5523,0.0273973,17.4698,17.4732,0.00343835
14-Jul-2026,73.8993,0.0273973,13.1293,13.1492,0.0199143
14-Jul-2026,78.2463,0.0273973,8.81702,8.89526,0.0782356
14-Jul-2026,82.5934,0.0273973,4.75797,4.90795,0.149977
14-Jul-2026,86.9404,0.0273973,1.69873,1.7135,0.0147685
14-Jul-2026,91.2874,0.0273973,0.307559,0.174299,0.13326
14-Jul-2026,95.6344,0.0273973,0.0213398,0.00325905,0.0180807
14-Jul-2026,99.9814,0.0273973,0.000447715,3.14981e-05,0.000416217
14-Jul-2026,104.328,0.0273973,2.4936e-06,2.52689e-07,2.24091e-06
14-Jul-2026,69.5523,0.0465753,17.5236,17.5531,0.029461
14-Jul-2026,73.8993,0.0465753,13.1997,13.2859,0.0861767
14-Jul-2026,78.2463,0.0465753,8.96733,9.15089,0.183564
14-Jul-2026,82.5934,0.0465753,5.11356,5.33515,0.221587
14-Jul-2026,86.9404,0.0465753,2.1962,2.20714,0.0109412
14-Jul-2026,91.2874,0.0465753,0.619236,0.400021,0.219215
14-Jul-2026,95.6344,0.0465753,0.098804,0.0267699,0.0720341
14-Jul-2026,99.9814,0.0465753,0.00781161,0.00131797,0.00649364
14-Jul-2026,104.328,0.0465753,0.000283573,6.09044e-05,0.000222669
14-Jul-2026,69.5523,0.0657534,17.5967,17.6928,0.0960793
14-Jul-2026,73.8993,0.0657534,13.314,13.5072,0.19321
14-Jul-2026,78.2463,0.0657534,9.19442,9.49154,0.297116
14-Jul-2026,82.5934,0.0657534,5.51876,5.79963,0.280874
14-Jul-2026,86.9404,0.0657534,2.69288,2.69986,0.00698007
14-Jul-2026,91.2874,0.0657534,0.98402,0.694358,0.289662
14-Jul-2026,95.6344,0.0657534,0.246094,0.0912179,0.154876
14-Jul-2026,99.9814,0.0657534,0.0387836,0.0102675,0.0285161
14-Jul-2026,104.328,0.0657534,0.00367141,0.00115127,0.00252014
14-Jul-2026,69.5523,0.0849315,17.666,17.8325,0.166503
14-Jul-2026,73.8993,0.0849315,13.4273,13.7091,0.281835
14-Jul-2026,78.2463,0.0849315,9.39478,9.7687,0.37392
14-Jul-2026,82.5934,0.0849315,5.82588,6.14269,0.316809
14-Jul-2026,86.9404,0.0849315,3.04635,3.05445,0.00809594
14-Jul-2026,91.2874,0.0849315,1.26445,0.939461,0.324989
14-Jul-2026,95.6344,0.0849315,0.389753,0.168536,0.221217
14-Jul-2026,99.9814,0.0849315,0.0838902,0.0272408,0.0566494
14-Jul-2026,104.328,0.0849315,0.0121679,0.00450481,0.00766309
14-Jul-2026,69.5523,0.131507,17.8823,18.2417,0.359442
14-Jul-2026,73.8993,0.131507,13.7661,14.2466,0.480463
14-Jul-2026,78.2463,0.131507,9.91742,10.4409,0.523528
14-Jul-2026,82.5934,0.131507,6.53301,6.92244,0.38943
14-Jul-2026,86.9404,0.131507,3.82241,3.85713,0.0347202
14-Jul-2026,91.2874,0.131507,1.91861,1.56893,0.349683
14-Jul-2026,95.6344,0.131507,0.795061,0.441718,0.353343
14-Jul-2026,99.9814,0.131507,0.262531,0.114694,0.147837
14-Jul-2026,104.328,0.131507,0.0677152,0.0314128,0.0363024
14-Jul-2026,69.5523,0.213699,18.373,19.0403,0.667299
14-Jul-2026,73.8993,0.213699,14.4537,15.2048,0.751114
14-Jul-2026,78.2463,0.213699,10.8313,11.553,0.721679
14-Jul-2026,82.5934,0.213699,7.63296,8.15774,0.524779
14-Jul-2026,86.9404,0.213699,4.97996,5.13921,0.15925
14-Jul-2026,91.2874,0.213699,2.95313,2.70571,0.247418
14-Jul-2026,95.6344,0.213699,1.56002,1.13802,0.422004
14-Jul-2026,99.9814,0.213699,0.720861,0.4279,0.292961
14-Jul-2026,104.328,0.213699,0.288578,0.166245,0.122333
14-Jul-2026,69.5523,0.29589,18.9167,19.8323,0.915582
14-Jul-2026,73.8993,0.29589,15.1479,16.1138,0.965912
14-Jul-2026,78.2463,0.29589,11.6726,12.5739,0.901316
14-Jul-2026,82.5934,0.29589,8.58121,9.27295,0.691737
14-Jul-2026,86.9404,0.29589,5.95693,6.30369,0.346757
14-Jul-2026,91.2874,0.29589,3.85831,3.81038,0.0479277
14-Jul-2026,95.6344,0.29589,2.30197,1.98513,0.316841
14-Jul-2026,99.9814,0.29589,1.25079,0.92178,0.32901
14-Jul-2026,104.328,0.29589,0.615351,0.421779,0.193572
14-Jul-2026,69.5523,0.380822,19.5398,20.6953,1.15553
14-Jul-2026,73.8993,0.380822,15.8999,17.0852,1.18534
14-Jul-2026,78.2463,0.380822,12.5406,13.6492,1.10859
14-Jul-2026,82.5934,0.380822,9.52867,10.4372,0.908568
14-Jul-2026,86.9404,0.380822,6.92481,7.52103,0.59622
14-Jul-2026,91.2874,0.380822,4.77387,5.00213,0.228263
14-Jul-2026,95.6344,0.380822,3.09505,3.01012,0.0849326
14-Jul-2026,99.9814,0.380822,1.87296,1.64572,0.227236
14-Jul-2026,104.328,0.380822,1.05386,0.858577,0.195283
14-Jul-2026,69.5523,0.465753,20.1055,21.463,1.35745
14-Jul-2026,73.8993,0.465753,16.5591,17.9395,1.38039
14-Jul-2026,78.2463,0.465753,13.2801,14.5861,1.30598
14-Jul-2026,82.5934,0.465753,10.3218,11.4453,1.12346
14-Jul-2026,86.9404,0.465753,7.73226,8.57473,0.842472
14-Jul-2026,91.2874,0.465753,5.54845,6.05125,0.5028
14-Jul-2026,95.6344,0.465753,3.78953,3.96888,0.179347
14-Jul-2026,99.9814,0.465753,2.45,2.41195,0.0380527
14-Jul-2026,104.328,0.465753,1.49511,1.38813,0.106983
14-Jul-2026,69.5523,0.545205,20.6604,22.2102,1.54975
14-Jul-2026,73.8993,0.545205,17.1916,18.7648,1.5732
14-Jul-2026,78.2463,0.545205,13.9777,15.4854,1.50772
14-Jul-2026,82.5934,0.545205,11.0624,12.4084,1.34598
14-Jul-2026,86.9404,0.545205,8.48538,9.58092,1.09554
14-Jul-2026,91.2874,0.545205,6.27805,7.06273,0.784682
14-Jul-2026,95.6344,0.545205,4.45858,4.92443,0.465851
14-Jul-2026,99.9814,0.545205,3.02682,3.23312,0.206298
14-Jul-2026,104.328,0.545205,1.95985,2.01626,0.0564093
14-Jul-2026,69.5523,0.621918,21.1649,22.8874,1.72253
14-Jul-2026,73.8993,0.621918,17.7579,19.5087,1.75079
14-Jul-2026,78.2463,0.621918,14.5951,16.2921,1.69697
14-Jul-2026,82.5934,0.621918,11.7138,13.2692,1.55539
14-Jul-2026,86.9404,0.621918,9.1479,10.4797,1.3318
14-Jul-2026,91.2874,0.621918,6.92471,7.97182,1.04711
14-Jul-2026,95.6344,0.621918,5.06127,5.80099,0.739724
14-Jul-2026,99.9814,0.621918,3.56018,4.02109,0.460913
14-Jul-2026,104.328,0.621918,2.4057,2.66343,0.257728
14-Jul-2026,69.5523,0.712329,21.7425,23.662,1.91954
14-Jul-2026,73.8993,0.712329,18.3989,20.3555,1.95657
14-Jul-2026,78.2463,0.712329,15.2881,17.2065,1.91842
14-Jul-2026,82.5934,0.712329,12.4418,14.2421,1.80035
14-Jul-2026,86.9404,0.712329,9.88865,11.495,1.60637
14-Jul-2026,91.2874,0.712329,7.65235,9.00341,1.35106
14-Jul-2026,95.6344,0.712329,5.74838,6.81008,1.0617
14-Jul-2026,99.9814,0.712329,4.18103,4.95694,0.775915
14-Jul-2026,104.328,0.712329,2.94011,3.47333,0.533216
14-Jul-2026,69.5523,0.794521,22.245,24.3356,2.09058
14-Jul-2026,73.8993,0.794521,18.9515,21.0888,2.13732
14-Jul-2026,78.2463,0.794521,15.8819,17.9957,2.11383
14-Jul-2026,82.5934,0.794521,13.0636,15.0798,2.01618
14-Jul-2026,86.9404,0.794521,10.522,12.3687,1.84671
14-Jul-2026,91.2874,0.794521,8.27788,9.89409,1.61621
14-Jul-2026,95.6344,0.794521,6.34543,7.69047,1.34504
14-Jul-2026,99.9814,0.794521,4.72962,5.79165,1.06203
14-Jul-2026,104.328,0.794521,3.42354,4.22345,0.799909
14-Jul-2026,69.5523,0.879452,22.7467,25.0077,2.26096
14-Jul-2026,73.8993,0.879452,19.4998,21.8183,2.31845
14-Jul-2026,78.2463,0.879452,16.4682,18.7786,2.31036
14-Jul-2026,82.5934,0.879452,13.6765,15.909,2.23253
14-Jul-2026,86.9404,0.879452,11.1468,13.2333,2.08652
14-Jul-2026,91.2874,0.879452,8.89767,10.7777,1.87999
14-Jul-2026,95.6344,0.879452,6.94191,8.57017,1.62826
14-Jul-2026,99.9814,0.879452,5.28476,6.6383,1.35354
14-Jul-2026,104.328,0.879452,3.92158,5.00411,1.08253
15-Jul-2026,69.419,0.00547945,17.3666,17.3665,8.16701e-05
15-Jul-2026,73.7577,0.00547945,13.0286,13.0286,4.3022e-05
15-Jul-2026,78.0964,0.00547945,8.69067,8.6906,7.07503e-05
15-Jul-2026,82.4351,0.00547945,4.35429,4.3579,0.00361054
15-Jul-2026,86.7737,0.00547945,0.633795,0.637823,0.00402793
15-Jul-2026,91.1124,0.00547945,0.00113968,0.000134684,0.001005
15-Jul-2026,95.4511,0.00547945,1.16121e-09,5.04918e-14,1.16116e-09
15-Jul-2026,99.7898,0.00547945,1.46966e-16,-3.27008e-15,3.41704e-15
15-Jul-2026,69.419,0.0246575,17.4315,17.4338,0.00227991
15-Jul-2026,73.7577,0.0246575,13.0987,13.1136,0.0148774
15-Jul-2026,78.0964,0.0246575,8.78914,8.85454,0.065403
15-Jul-2026,82.4351,0.0246575,4.71643,4.84961,0.133178
15-Jul-2026,86.7737,0.0246575,1.64537,1.6477,0.00232708
15-Jul-2026,91.1124,0.0246575,0.280481,0.151232,0.129249
15-Jul-2026,95.4511,0.0246575,0.0173499,0.0022144,0.0151355
15-Jul-2026,99.7898,0.0246575,0.000303591,1.55728e-05,0.000288018
15-Jul-2026,104.128,0.0246575,1.3076e-06,8.8653e-08,1.21895e-06
15-Jul-2026,69.419,0.0438356,17.4857,17.5107,0.0249725
15-Jul-2026,73.7577,0.0438356,13.1682,13.2445,0.0763088
15-Jul-2026,78.0964,0.0438356,8.93699,9.10496,0.167974
15-Jul-2026,82.4351,0.0438356,5.07769,5.28148,0.203793
15-Jul-2026,86.7737,0.0438356,2.15958,2.15474,0.00484421
15-Jul-2026,91.1124,0.0438356,0.596881,0.373658,0.223223
15-Jul-2026,95.4511,0.0438356,0.0921127,0.0228093,0.0693034
15-Jul-2026,99.7898,0.0438356,0.00693281,0.00100033,0.00593248
15-Jul-2026,104.128,0.0438356,0.000235047,4.08329e-05,0.000194214
15-Jul-2026,69.419,0.0630137,17.5591,17.6472,0.0880699
15-Jul-2026,73.7577,0.0630137,13.282,13.4624,0.180407
15-Jul-2026,78.0964,0.0630137,9.16489,9.44493,0.280035
15-Jul-2026,82.4351,0.0630137,5.48987,5.75116,0.261294
15-Jul-2026,86.7737,0.0630137,2.6678,2.65525,0.0125489
15-Jul-2026,91.1124,0.0630137,0.968235,0.666981,0.301254
15-Jul-2026,95.4511,0.0630137,0.239809,0.0838853,0.155924
15-Jul-2026,99.7898,0.0630137,0.0373141,0.00896045,0.0283536
15-Jul-2026,104.128,0.0630137,0.00347186,0.000949832,0.00252203
15-Jul-2026,69.419,0.0821918,17.6286,17.7853,0.156681
15-Jul-2026,73.7577,0.0821918,13.3957,13.6633,0.267624
15-Jul-2026,78.0964,0.0821918,9.36714,9.72288,0.355743
15-Jul-2026,82.4351,0.0821918,5.80183,6.09738,0.295554
15-Jul-2026,86.7737,0.0821918,3.02778,3.01348,0.0142997
15-Jul-2026,91.1124,0.0821918,1.25339,0.911854,0.341536
15-Jul-2026,95.4511,0.0821918,0.385222,0.159014,0.226208
15-Jul-2026,99.7898,0.0821918,0.0826799,0.0248823,0.0577976
15-Jul-2026,104.128,0.0821918,0.0119483,0.00397402,0.00797428
15-Jul-2026,69.419,0.128767,17.8464,18.1932,0.346751
15-Jul-2026,73.7577,0.128767,13.7374,14.201,0.463561
15-Jul-2026,78.0964,0.128767,9.89571,10.3979,0.502177
15-Jul-2026,82.4351,0.128767,6.51862,6.88227,0.363645
15-Jul-2026,86.7737,0.128767,3.81524,3.82123,0.00598512
15-Jul-2026,91.1124,0.128767,1.91723,1.54143,0.375804
15-Jul-2026,95.4511,0.128767,0.796607,0.428101,0.368506
15-Jul-2026,99.7898,0.128767,0.264276,0.109649,0.154627
15-Jul-2026,104.128,0.128767,0.0685953,0.0296081,0.0389872
15-Jul-2026,69.419,0.210959,18.3422,18.9927,0.650489
15-Jul-2026,73.7577,0.210959,14.4323,15.1615,0.729243
15-Jul-2026,78.0964,0.210959,10.8195,11.5137,0.694169
15-Jul-2026,82.4351,0.210959,7.63068,8.12222,0.491543
15-Jul-2026,86.7737,0.210959,4.98575,5.10759,0.121843
15-Jul-2026,91.1124,0.210959,2.96412,2.67928,0.284841
15-Jul-2026,95.4511,0.210959,1.57235,1.12012,0.452231
15-Jul-2026,99.7898,0.210959,0.731026,0.418644,0.312382
15-Jul-2026,104.128,0.210959,0.294974,0.161814,0.13316
15-Jul-2026,69.419,0.293151,18.8918,19.7864,0.894565
15-Jul-2026,73.7577,0.293151,15.1336,16.0727,0.939093
15-Jul-2026,78.0964,0.293151,11.6689,12.5371,0.868247
15-Jul-2026,82.4351,0.293151,8.5876,9.24018,0.652582
15-Jul-2026,86.7737,0.293151,5.9716,6.27466,0.303064
15-Jul-2026,91.1124,0.293151,3.87822,3.78539,0.0928306
15-Jul-2026,95.4511,0.293151,2.32316,1.96573,0.35743
15-Jul-2026,99.7898,0.293151,1.2694,0.909326,0.360074
15-Jul-2026,104.128,0.293151,0.628951,0.414779,0.214172
15-Jul-2026,69.419,0.378082,19.5211,20.6513,1.13019
15-Jul-2026,73.7577,0.378082,15.8925,17.0462,1.15371
15-Jul-2026,78.0964,0.378082,12.5443,13.6147,1.07038
15-Jul-2026,82.4351,0.378082,9.54267,10.4068,0.864162
15-Jul-2026,86.7737,0.378082,6.94714,7.49429,0.547154
15-Jul-2026,91.1124,0.378082,4.80157,4.97886,0.177294
15-Jul-2026,95.4511,0.378082,3.12434,2.99081,0.133531
15-Jul-2026,99.7898,0.378082,1.89992,1.63133,0.268586
15-Jul-2026,104.128,0.378082,1.07554,0.849141,0.226399
15-Jul-2026,69.419,0.463014,20.0922,21.4205,1.32834
15-Jul-2026,73.7577,0.463014,16.5574,17.9022,1.34479
15-Jul-2026,78.0964,0.463014,13.2897,14.5534,1.26369
15-Jul-2026,82.4351,0.463014,10.3416,11.4167,1.07511
15-Jul-2026,86.7737,0.463014,7.76033,8.54983,0.789498
15-Jul-2026,91.1124,0.463014,5.582,6.02956,0.447564
15-Jul-2026,95.4511,0.463014,3.82499,3.9504,0.125413
15-Jul-2026,99.7898,0.463014,2.48358,2.39711,0.0864721
15-Jul-2026,104.128,0.463014,1.52364,1.37728,0.146365
15-Jul-2026,69.419,0.542466,20.652,22.1693,1.5173
15-Jul-2026,73.7577,0.542466,17.1949,18.7291,1.53422
15-Jul-2026,78.0964,0.542466,13.9922,15.4544,1.46219
15-Jul-2026,82.4351,0.542466,11.0871,12.3815,1.29444
15-Jul-2026,86.7737,0.542466,8.51837,9.5577,1.03933
15-Jul-2026,91.1124,0.542466,6.3166,7.0426,0.725999
15-Jul-2026,95.4511,0.542466,4.49936,4.90711,0.407748
15-Jul-2026,99.7898,0.542466,3.06619,3.21864,0.152447
15-Jul-2026,104.128,0.542466,1.9946,2.00486,0.0102556
15-Jul-2026,69.419,0.619178,21.1606,22.848,1.68737
15-Jul-2026,73.7577,0.619178,17.7655,19.4744,1.70893
15-Jul-2026,78.0964,0.619178,14.6139,16.2625,1.6486
15-Jul-2026,82.4351,0.619178,11.7426,13.2438,1.50123
15-Jul-2026,86.7737,0.619178,9.18492,10.458,1.27304
15-Jul-2026,91.1124,0.619178,6.96736,7.9531,0.985735
15-Jul-2026,95.4511,0.619178,5.1064,5.78487,0.678469
15-Jul-2026,99.7898,0.619178,3.60433,4.00737,0.403036
15-Jul-2026,104.128,0.619178,2.44571,2.65214,0.206432
15-Jul-2026,69.419,0.709589,21.7427,23.6241,1.88144
15-Jul-2026,73.7577,0.709589,18.4109,20.3228,1.91191
15-Jul-2026,78.0964,0.709589,15.3113,17.1786,1.86727
15-Jul-2026,82.4351,0.709589,12.4749,14.2184,1.74352
15-Jul-2026,86.7737,0.709589,9.9299,11.4749,1.54502
15-Jul-2026,91.1124,0.709589,7.69927,8.98629,1.28702
15-Jul-2026,95.4511,0.709589,5.79804,6.79543,0.99739
15-Jul-2026,99.7898,0.709589,4.23018,4.94439,0.714207
15-Jul-2026,104.128,0.709589,2.98569,3.46271,0.47702
15-Jul-2026,69.419,0.791781,22.2489,24.299,2.05012
15-Jul-2026,73.7577,0.791781,18.9673,21.0575,2.09022
15-Jul-2026,78.0964,0.791781,15.9086,17.9692,2.06056
15-Jul-2026,82.4351,0.791781,13.1002,15.0574,1.95724
15-Jul-2026,86.7737,0.791781,10.5667,12.35,1.7833
15-Jul-2026,91.1124,0.791781,8.32824,9.87835,1.55011
15-Jul-2026,95.4511,0.791781,6.39872,7.67714,1.27842
15-Jul-2026,99.7898,0.791781,4.78279,5.78027,0.997481
15-Jul-2026,104.128,0.791781,3.47363,4.21374,0.740111
15-Jul-2026,69.419,0.876712,22.7542,24.9724,2.21823
15-Jul-2026,73.7577,0.876712,19.519,21.7883,2.26929
15-Jul-2026,78.0964,0.876712,16.4984,18.7533,2.25494
15-Jul-2026,82.4351,0.876712,13.7164,15.8881,2.17166
15-Jul-2026,86.7737,0.876712,11.1947,13.216,2.02128
15-Jul-2026,91.1124,0.876712,8.95125,10.7633,1.81204
15-Jul-2026,95.4511,0.876712,6.99859,8.55819,1.5596
15-Jul-2026,99.7898,0.876712,5.34168,6.62819,1.28651
15-Jul-2026,104.128,0.876712,3.9759,4.9955,1.0196
16-Jul-2026,68.5244,0.00273973,17.1369,17.1369,3.97244e-05
16-Jul-2026,72.8071,0.00273973,12.8544,12.8545,0.000120287
16-Jul-2026,77.0899,0.00273973,8.57203,8.57208,5.0306e-05
16-Jul-2026,81.3727,0.00273973,4.28964,4.28977,0.000129417
16-Jul-2026,85.6555,0.00273973,0.460168,0.443826,0.0163424
16-Jul-2026,89.9382,0.00273973,1.95176e-05,1.83344e-07,1.93343e-05
16-Jul-2026,94.221,0.00273973,3.24424e-15,2.67378e-14,2.34935e-14
16-Jul-2026,98.5038,0.00273973,2.37029e-15,4.72064e-16,1.89823e-15
16-Jul-2026,68.5244,0.0219178,17.2002,17.2016,0.001415
16-Jul-2026,72.8071,0.0219178,12.9227,12.9332,0.0105097
16-Jul-2026,77.0899,0.0219178,8.66782,8.71631,0.0484881
16-Jul-2026,81.3727,0.0219178,4.64814,4.73654,0.088398
16-Jul-2026,85.6555,0.0219178,1.62404,1.56091,0.0631285
16-Jul-2026,89.9382,0.0219178,0.281076,0.127277,0.153799
16-Jul-2026,94.221,0.0219178,0.0182979,0.00140214,0.0168958
16-Jul-2026,98.5038,0.0219178,0.000357329,6.80593e-06,0.000350523
16-Jul-2026,102.787,0.0219178,1.82304e-06,2.59344e-08,1.79711e-06
16-Jul-2026,68.5244,0.0410959,17.2532,17.2735,0.0203259
16-Jul-2026,72.8071,0.0410959,12.9919,13.0554,0.0634711
16-Jul-2026,77.0899,0.0410959,8.82111,8.95657,0.135459
16-Jul-2026,81.3727,0.0410959,5.02825,5.16682,0.138573
16-Jul-2026,85.6555,0.0410959,2.16605,2.07582,0.0902253
16-Jul-2026,89.9382,0.0410959,0.620092,0.342852,0.27724
16-Jul-2026,94.221,0.0410959,0.103211,0.0189177,0.0842933
16-Jul-2026,98.5038,0.0410959,0.00887211,0.000730823,0.00814129
16-Jul-2026,102.787,0.0410959,0.000364709,2.60196e-05,0.000338689
16-Jul-2026,68.5244,0.060274,17.3261,17.4036,0.0775132
16-Jul-2026,72.8071,0.060274,13.1091,13.2655,0.15644
16-Jul-2026,77.0899,0.060274,9.05988,9.29021,0.230327
16-Jul-2026,81.3727,0.060274,5.4582,5.63508,0.176881
16-Jul-2026,85.6555,0.060274,2.6945,2.57768,0.116824
16-Jul-2026,89.9382,0.060274,1.01309,0.630883,0.382207
16-Jul-2026,94.221,0.060274,0.268445,0.0757144,0.192731
16-Jul-2026,98.5038,0.060274,0.0466837,0.00764821,0.0390355
16-Jul-2026,102.787,0.060274,0.00508148,0.000763261,0.00431822
16-Jul-2026,68.5244,0.0794521,17.3967,17.5372,0.140535
16-Jul-2026,72.8071,0.0794521,13.2273,13.4618,0.234531
16-Jul-2026,77.0899,0.0794521,9.27104,9.56455,0.29351
16-Jul-2026,81.3727,0.0794521,5.78126,5.97949,0.198229
16-Jul-2026,85.6555,0.0794521,3.06607,2.93461,0.131462
16-Jul-2026,89.9382,0.0794521,1.31197,0.871932,0.440038
16-Jul-2026,94.221,0.0794521,0.428116,0.147509,0.280607
16-Jul-2026,98.5038,0.0794521,0.101097,0.0223068,0.0787902
16-Jul-2026,102.787,0.0794521,0.0166822,0.00343304,0.0132492
16-Jul-2026,68.5244,0.126027,17.6207,17.936,0.315282
16-Jul-2026,72.8071,0.126027,13.5825,13.9905,0.40796
16-Jul-2026,77.0899,0.126027,9.8185,10.2317,0.413167
16-Jul-2026,81.3727,0.126027,6.51779,6.75785,0.240056
16-Jul-2026,85.6555,0.126027,3.87329,3.73574,0.137551
16-Jul-2026,89.9382,0.126027,2.00071,1.49217,0.508537
16-Jul-2026,94.221,0.126027,0.870189,0.408283,0.461906
16-Jul-2026,98.5038,0.126027,0.309347,0.103102,0.206245
16-Jul-2026,102.787,0.126027,0.0881393,0.0274271,0.0607122
16-Jul-2026,68.5244,0.208219,18.1312,18.7222,0.590961
16-Jul-2026,72.8071,0.208219,14.2976,14.9372,0.639591
16-Jul-2026,77.0899,0.208219,10.7638,11.3333,0.569539
16-Jul-2026,81.3727,0.208219,7.64898,7.98337,0.334391
16-Jul-2026,85.6555,0.208219,5.06223,5.00703,0.0551966
16-Jul-2026,89.9382,0.208219,3.07255,2.61362,0.458928
16-Jul-2026,94.221,0.208219,1.68229,1.08464,0.597647
16-Jul-2026,98.5038,0.208219,0.818298,0.402792,0.415506
16-Jul-2026,102.787,0.208219,0.350235,0.154859,0.195376
16-Jul-2026,68.5244,0.290411,18.6925,19.5035,0.811049
16-Jul-2026,72.8071,0.290411,15.0114,15.8351,0.823738
16-Jul-2026,77.0899,0.290411,11.624,12.3428,0.718761
16-Jul-2026,81.3727,0.290411,8.61384,9.08653,0.472685
16-Jul-2026,85.6555,0.290411,6.05518,6.15874,0.10356
16-Jul-2026,89.9382,0.290411,3.99767,3.70394,0.293728
16-Jul-2026,94.221,0.290411,2.45265,1.91465,0.538002
16-Jul-2026,98.5038,0.290411,1.38497,0.881662,0.503308
16-Jul-2026,102.787,0.290411,0.715638,0.400803,0.314835
16-Jul-2026,68.5244,0.375342,19.33,20.3552,1.02522
16-Jul-2026,72.8071,0.375342,15.7773,16.7943,1.01703
16-Jul-2026,77.0899,0.375342,12.5036,13.405,0.901396
16-Jul-2026,81.3727,0.375342,9.57027,10.237,0.666775
16-Jul-2026,85.6555,0.375342,7.03096,7.36165,0.330692
16-Jul-2026,89.9382,0.375342,4.92385,4.88039,0.0434603
16-Jul-2026,94.221,0.375342,3.26333,2.92282,0.340512
16-Jul-2026,98.5038,0.375342,2.03376,1.58883,0.444935
16-Jul-2026,102.787,0.375342,1.18732,0.824653,0.362667
16-Jul-2026,68.5244,0.460274,19.9045,21.1127,1.20822
16-Jul-2026,72.8071,0.460274,16.4439,17.6376,1.19375
16-Jul-2026,77.0899,0.460274,13.2481,14.3302,1.08208
16-Jul-2026,81.3727,0.460274,10.3658,11.2327,0.866886
16-Jul-2026,85.6555,0.460274,7.83962,8.40243,0.562808
16-Jul-2026,89.9382,0.460274,5.70103,5.91606,0.215029
16-Jul-2026,94.221,0.460274,3.96501,3.86744,0.0975685
16-Jul-2026,98.5038,0.460274,2.62495,2.34058,0.284372
16-Jul-2026,102.787,0.460274,1.64959,1.34137,0.308225
16-Jul-2026,68.5244,0.539726,20.4648,21.8501,1.38527
16-Jul-2026,72.8071,0.539726,17.0798,18.4523,1.37249
16-Jul-2026,77.0899,0.539726,13.9465,15.2181,1.27161
16-Jul-2026,81.3727,0.539726,11.1048,12.1838,1.07896
16-Jul-2026,85.6555,0.539726,8.58984,9.39605,0.806207
16-Jul-2026,89.9382,0.539726,6.42843,6.91455,0.486118
16-Jul-2026,94.221,0.539726,4.63521,4.8096,0.174392
16-Jul-2026,98.5038,0.539726,3.20862,3.14812,0.0605033
16-Jul-2026,102.787,0.539726,2.12776,1.95658,0.171183
16-Jul-2026,68.5244,0.616438,20.9717,22.5184,1.54671
16-Jul-2026,72.8071,0.616438,17.6465,19.1865,1.54002
16-Jul-2026,77.0899,0.616438,14.562,16.0144,1.45244
16-Jul-2026,81.3727,0.616438,11.7521,13.0337,1.28157
16-Jul-2026,85.6555,0.616438,9.24688,10.2835,1.03658
16-Jul-2026,89.9382,0.616438,7.06983,7.81192,0.742089
16-Jul-2026,94.221,0.616438,5.23493,5.67419,0.439259
16-Jul-2026,98.5038,0.616438,3.74333,3.92399,0.180663
16-Jul-2026,102.787,0.616438,2.58049,2.59198,0.0114882
16-Jul-2026,68.5244,0.706849,21.5494,23.2828,1.73338
16-Jul-2026,72.8071,0.706849,18.2853,20.0223,1.73695
16-Jul-2026,77.0899,0.706849,15.25,16.9171,1.6671
16-Jul-2026,81.3727,0.706849,12.4726,13.9942,1.52158
16-Jul-2026,85.6555,0.706849,9.97854,11.2858,1.30727
16-Jul-2026,89.9382,0.706849,7.78827,8.83016,1.04189
16-Jul-2026,94.221,0.706849,5.9148,6.66969,0.754885
16-Jul-2026,98.5038,0.706849,4.36102,4.84617,0.485154
16-Jul-2026,102.787,0.706849,3.11738,3.38845,0.271071
16-Jul-2026,68.5244,0.789041,22.0501,23.9474,1.89731
16-Jul-2026,72.8071,0.789041,18.8339,20.746,1.91211
16-Jul-2026,77.0899,0.789041,15.8375,17.6961,1.85857
16-Jul-2026,81.3727,0.789041,13.086,14.821,1.73502
16-Jul-2026,85.6555,0.789041,10.6019,12.1482,1.54635
16-Jul-2026,89.9382,0.789041,8.40347,9.70926,1.30579
16-Jul-2026,94.221,0.789041,6.50274,7.5383,1.03556
16-Jul-2026,98.5038,0.789041,4.90344,5.66906,0.76562
16-Jul-2026,102.787,0.789041,3.59894,4.12692,0.527981
16-Jul-2026,68.5244,0.873973,22.5484,24.6106,2.06219
16-Jul-2026,72.8071,0.873973,19.3765,21.4659,2.08935
16-Jul-2026,77.0899,0.873973,16.4158,18.4687,2.05289
16-Jul-2026,81.3727,0.873973,13.6887,15.6395,1.95082
16-Jul-2026,85.6555,0.873973,11.215,13.0017,1.78666
16-Jul-2026,89.9382,0.873973,9.0111,10.5813,1.57019
16-Jul-2026,94.221,0.873973,7.08795,8.40627,1.31832
16-Jul-2026,98.5038,0.873973,5.44972,6.50394,1.05422
16-Jul-2026,102.787,0.873973,4.09188,4.89594,0.804064
17-Jul-2026,68.0665,0.0191781,17.079,17.0799,0.000907006
17-Jul-2026,72.3207,0.0191781,12.8294,12.8365,0.00714998
17-Jul-2026,76.5748,0.0191781,8.59865,8.63579,0.0371403
17-Jul-2026,80.829,0.0191781,4.58797,4.65473,0.0667631
17-Jul-2026,85.0832,0.0191781,1.57048,1.48299,0.0874895
17-Jul-2026,89.3373,0.0191781,0.258273,0.105518,0.152755
17-Jul-2026,93.5915,0.0191781,0.015351,0.000832294,0.0145187
17-Jul-2026,97.8456,0.0191781,0.000262104,2.60898e-06,0.000259495
17-Jul-2026,102.1,0.0191781,1.11343e-06,6.19804e-09,1.10723e-06
17-Jul-2026,68.0665,0.0383562,17.131,17.1477,0.0167434
17-Jul-2026,72.3207,0.0383562,12.8965,12.9508,0.0543431
17-Jul-2026,76.5748,0.0383562,8.74801,8.86678,0.118769
17-Jul-2026,80.829,0.0383562,4.97146,5.086,0.114536
17-Jul-2026,85.0832,0.0383562,2.12615,2.0105,0.115648
17-Jul-2026,89.3373,0.0383562,0.600866,0.315113,0.285753
17-Jul-2026,93.5915,0.0383562,0.0981934,0.0155692,0.0826242
17-Jul-2026,97.8456,0.0383562,0.00824913,0.000523287,0.00772584
17-Jul-2026,102.1,0.0383562,0.000329204,1.60457e-05,0.000313158
17-Jul-2026,68.0665,0.0575342,17.2022,17.2725,0.0702793
17-Jul-2026,72.3207,0.0575342,13.0104,13.1546,0.144249
17-Jul-2026,76.5748,0.0575342,8.98262,9.19616,0.213537
17-Jul-2026,80.829,0.0575342,5.39923,5.55609,0.156864
17-Jul-2026,85.0832,0.0575342,2.654,2.51753,0.136469
17-Jul-2026,89.3373,0.0575342,0.991347,0.599719,0.391628
17-Jul-2026,93.5915,0.0575342,0.260441,0.0685,0.191941
17-Jul-2026,97.8456,0.0575342,0.0448197,0.00652056,0.0382991
17-Jul-2026,102.1,0.0575342,0.00481054,0.000610637,0.0041999
17-Jul-2026,68.0665,0.0767123,17.2707,17.4026,0.131914
17-Jul-2026,72.3207,0.0767123,13.125,13.3477,0.222671
17-Jul-2026,76.5748,0.0767123,9.18843,9.46876,0.280329
17-Jul-2026,80.829,0.0767123,5.71583,5.90113,0.185302
17-Jul-2026,85.0832,0.0767123,3.01835,2.87576,0.142595
17-Jul-2026,89.3373,0.0767123,1.28298,0.838603,0.444377
17-Jul-2026,93.5915,0.0767123,0.414763,0.137468,0.277295
17-Jul-2026,97.8456,0.0767123,0.0967194,0.0200567,0.0766627
17-Jul-2026,102.1,0.0767123,0.0156823,0.00297039,0.0127119
17-Jul-2026,68.0665,0.0958904,17.3486,17.5491,0.200452
17-Jul-2026,72.3207,0.0958904,13.2521,13.5504,0.298333
17-Jul-2026,76.5748,0.0958904,9.39587,9.73497,0.339103
17-Jul-2026,80.829,0.0958904,6.00778,6.2199,0.212124
17-Jul-2026,85.0832,0.0958904,3.34291,3.20388,0.13903
17-Jul-2026,89.3373,0.0958904,1.55309,1.07914,0.473953
17-Jul-2026,93.5915,0.0958904,0.576245,0.225082,0.351163
17-Jul-2026,97.8456,0.0958904,0.163743,0.042979,0.120764
17-Jul-2026,102.1,0.0958904,0.034616,0.00849831,0.0261177
17-Jul-2026,68.0665,0.123288,17.4852,17.7952,0.310007
17-Jul-2026,72.3207,0.123288,13.4641,13.8711,0.406988
17-Jul-2026,76.5748,0.123288,9.71264,10.1327,0.420081
17-Jul-2026,80.829,0.123288,6.42266,6.6785,0.25584
17-Jul-2026,85.0832,0.123288,3.79176,3.67596,0.115801
17-Jul-2026,89.3373,0.123288,1.93829,1.45386,0.484428
17-Jul-2026,93.5915,0.123288,0.829946,0.391827,0.438119
17-Jul-2026,97.8456,0.123288,0.288469,0.0975173,0.190952
17-Jul-2026,102.1,0.123288,0.0796618,0.0255521,0.0541097
17-Jul-2026,68.0665,0.205479,17.9586,18.5739,0.615301
17-Jul-2026,72.3207,0.205479,14.1257,14.8109,0.685198
17-Jul-2026,76.5748,0.205479,10.5877,11.2282,0.640519
17-Jul-2026,80.829,0.205479,7.46924,7.89832,0.429084
17-Jul-2026,85.0832,0.205479,4.88672,4.94116,0.0544439
17-Jul-2026,89.3373,0.205479,2.91454,2.56685,0.347686
17-Jul-2026,93.5915,0.205479,1.5553,1.05751,0.49779
17-Jul-2026,97.8456,0.205479,0.729636,0.390205,0.339431
17-Jul-2026,102.1,0.205479,0.2975,0.14924,0.14826
17-Jul-2026,68.0665,0.287671,18.4606,19.3488,0.888235
17-Jul-2026,72.3207,0.287671,14.7624,15.7022,0.939837
17-Jul-2026,76.5748,0.287671,11.354,12.2309,0.876891
17-Jul-2026,80.829,0.287671,8.32616,8.99456,0.668403
17-Jul-2026,85.0832,0.287671,5.76174,6.08568,0.323939
17-Jul-2026,89.3373,0.287671,3.71759,3.64915,0.068437
17-Jul-2026,93.5915,0.287671,2.20756,1.878,0.329559
17-Jul-2026,97.8456,0.287671,1.19197,0.860941,0.331029
17-Jul-2026,102.1,0.287671,0.580857,0.390134,0.190723
17-Jul-2026,68.0665,0.372603,19.0126,20.1936,1.181
17-Jul-2026,72.3207,0.372603,15.4235,16.6542,1.23066
17-Jul-2026,76.5748,0.372603,12.1111,13.2855,1.17442
17-Jul-2026,80.829,0.372603,9.14508,10.1372,0.992124
17-Jul-2026,85.0832,0.372603,6.58867,7.28045,0.691777
17-Jul-2026,89.3373,0.372603,4.4885,4.81698,0.328485
17-Jul-2026,93.5915,0.372603,2.86351,2.87663,0.0131212
17-Jul-2026,97.8456,0.372603,1.69574,1.55865,0.137094
17-Jul-2026,102.1,0.372603,0.927199,0.806865,0.120334
17-Jul-2026,68.0665,0.457534,19.4964,20.945,1.44858
17-Jul-2026,72.3207,0.457534,15.9826,17.491,1.50839
17-Jul-2026,76.5748,0.457534,12.733,14.2039,1.4709
17-Jul-2026,80.829,0.457534,9.805,11.1258,1.32076
17-Jul-2026,85.0832,0.457534,7.25142,8.31391,1.06249
17-Jul-2026,89.3373,0.457534,5.11304,5.84505,0.732007
17-Jul-2026,93.5915,0.457534,3.41074,3.81317,0.402426
17-Jul-2026,97.8456,0.457534,2.13744,2.30205,0.164605
17-Jul-2026,102.1,0.457534,1.25309,1.31625,0.0631642
17-Jul-2026,68.0665,0.536986,19.9575,21.6764,1.71889
17-Jul-2026,72.3207,0.536986,16.5036,18.2993,1.79574
17-Jul-2026,76.5748,0.536986,13.3022,15.0852,1.783
17-Jul-2026,80.829,0.536986,10.4025,12.0699,1.66744
17-Jul-2026,85.0832,0.536986,7.85014,9.30039,1.45025
17-Jul-2026,89.3373,0.536986,5.68184,6.83616,1.15432
17-Jul-2026,93.5915,0.536986,3.91916,4.74763,0.828474
17-Jul-2026,97.8456,0.536986,2.56151,3.10163,0.540119
17-Jul-2026,102.1,0.536986,1.58079,1.92391,0.343124
17-Jul-2026,68.0665,0.613699,20.3667,22.3394,1.97266
17-Jul-2026,72.3207,0.613699,16.9589,19.0279,2.06896
17-Jul-2026,76.5748,0.613699,13.7938,15.8755,2.08173
17-Jul-2026,80.829,0.613699,10.915,12.9136,1.99859
17-Jul-2026,85.0832,0.613699,8.36344,10.1813,1.81789
17-Jul-2026,89.3373,0.613699,6.1728,7.72686,1.55406
17-Jul-2026,93.5915,0.613699,4.36464,5.60533,1.24069
17-Jul-2026,97.8456,0.613699,2.94218,3.87042,0.928236
17-Jul-2026,102.1,0.613699,1.88502,2.55235,0.667325
17-Jul-2026,68.0665,0.70411,20.8251,23.0976,2.2725
17-Jul-2026,72.3207,0.70411,17.4631,19.8571,2.39399
17-Jul-2026,76.5748,0.70411,14.3336,16.7713,2.43775
17-Jul-2026,80.829,0.70411,11.4753,13.867,2.39166
17-Jul-2026,85.0832,0.70411,8.92482,11.1763,2.25147
17-Jul-2026,89.3373,0.70411,6.71312,8.73749,2.02437
17-Jul-2026,93.5915,0.70411,4.86125,6.593,1.73175
17-Jul-2026,97.8456,0.70411,3.37514,4.78458,1.40944
17-Jul-2026,102.1,0.70411,2.24079,3.34081,1.10002
17-Jul-2026,68.0665,0.786301,21.2165,23.7569,2.54039
17-Jul-2026,72.3207,0.786301,17.8897,20.5752,2.68549
17-Jul-2026,76.5748,0.786301,14.7874,17.5444,2.75697
17-Jul-2026,80.829,0.786301,11.9451,14.6876,2.7425
17-Jul-2026,85.0832,0.786301,9.3961,12.0323,2.6362
17-Jul-2026,89.3373,0.786301,7.16938,9.60997,2.44059
17-Jul-2026,93.5915,0.786301,5.28525,7.45482,2.16957
17-Jul-2026,97.8456,0.786301,3.7511,5.60053,1.84943
17-Jul-2026,102.1,0.786301,2.55697,4.07232,1.51535
17-Jul-2026,68.0665,0.871233,21.6014,24.4147,2.81335
17-Jul-2026,72.3207,0.871233,18.3066,21.2894,2.9828
17-Jul-2026,76.5748,0.871233,15.2291,18.3111,3.08196
17-Jul-2026,80.829,0.871233,12.4015,15.4999,3.09841
17-Jul-2026,85.0832,0.871233,9.85468,12.8793,3.02462
17-Jul-2026,89.3373,0.871233,7.61555,10.4754,2.85985
17-Jul-2026,93.5915,0.871233,5.70362,8.31602,2.6124
17-Jul-2026,97.8456,0.871233,4.1271,6.42851,2.30141
17-Jul-2026,102.1,0.871233,2.87907,4.8344,1.95533
20-Jul-2026,66.3191,0.0109589,16.6024,16.6023,7.92459e-05
20-Jul-2026,70.464,0.0109589,12.4589,12.4588,5.86448e-05
20-Jul-2026,74.6089,0.0109589,8.31552,8.31622,0.000699809
20-Jul-2026,78.7539,0.0109589,4.21262,4.21792,0.00529908
20-Jul-2026,82.8988,0.0109589,0.967015,0.865179,0.101836
20-Jul-2026,87.0438,0.0109589,0.0391466,0.00526299,0.0338836
20-Jul-2026,91.1887,0.0109589,0.000120921,4.68752e-08,0.000120874
20-Jul-2026,95.3336,0.0109589,1.69707e-08,1.70194e-14,1.69707e-08
20-Jul-2026,99.4786,0.0109589,7.80751e-14,3.63495e-15,7.44402e-14
20-Jul-2026,66.3191,0.030137,16.6648,16.6692,0.00438798
20-Jul-2026,70.464,0.030137,12.5306,12.551,0.0204316
20-Jul-2026,74.6089,0.030137,8.45341,8.50773,0.0543218
20-Jul-2026,78.7539,0.030137,4.70029,4.72844,0.0281537
20-Jul-2026,82.8988,0.030137,1.89027,1.69321,0.197059
20-Jul-2026,87.0438,0.030137,0.470482,0.18891,0.281572
20-Jul-2026,91.1887,0.030137,0.0623314,0.00437522,0.0579562
20-Jul-2026,95.3336,0.030137,0.00387615,5.57462e-05,0.0038204
20-Jul-2026,99.4786,0.030137,0.000103729,6.02034e-07,0.000103127
20-Jul-2026,66.3191,0.0493151,16.7198,16.7495,0.0297061
20-Jul-2026,70.464,0.0493151,12.6151,12.6878,0.0726862
20-Jul-2026,74.6089,0.0493151,8.64404,8.75673,0.112691
20-Jul-2026,78.7539,0.0493151,5.09324,5.13181,0.0385706
20-Jul-2026,82.8988,0.0493151,2.40068,2.15252,0.248162
20-Jul-2026,87.0438,0.0493151,0.833916,0.407094,0.426822
20-Jul-2026,91.1887,0.0493151,0.196694,0.0296763,0.167018
20-Jul-2026,95.3336,0.0493151,0.0292958,0.00162515,0.0276707
20-Jul-2026,99.4786,0.0493151,0.00261323,8.41419e-05,0.00252909
20-Jul-2026,66.3191,0.0684932,16.8004,16.8872,0.086779
20-Jul-2026,70.464,0.0684932,12.7535,12.9032,0.149695
20-Jul-2026,74.6089,0.0684932,8.90952,9.08304,0.173516
20-Jul-2026,78.7539,0.0684932,5.52457,5.57068,0.0461056
20-Jul-2026,82.8988,0.0684932,2.90863,2.61594,0.292685
20-Jul-2026,87.0438,0.0684932,1.23751,0.689109,0.548401
20-Jul-2026,91.1887,0.0684932,0.404544,0.0944252,0.310119
20-Jul-2026,95.3336,0.0684932,0.0970189,0.011169,0.0858499
20-Jul-2026,99.4786,0.0684932,0.0164877,0.0013204,0.0151673
20-Jul-2026,66.3191,0.0876712,16.8791,17.023,0.143889
20-Jul-2026,70.464,0.0876712,12.8863,13.0976,0.211313
20-Jul-2026,74.6089,0.0876712,9.13267,9.34738,0.214709
20-Jul-2026,78.7539,0.0876712,5.84438,5.89556,0.0511832
20-Jul-2026,82.8988,0.0876712,3.26749,2.95132,0.316166
20-Jul-2026,87.0438,0.0876712,1.5386,0.923529,0.615071
20-Jul-2026,91.1887,0.0876712,0.58761,0.170397,0.417213
20-Jul-2026,95.3336,0.0876712,0.175737,0.0284112,0.147326
20-Jul-2026,99.4786,0.0876712,0.0400781,0.00485675,0.0352214
20-Jul-2026,66.3191,0.115068,17.021,17.2579,0.236857
20-Jul-2026,70.464,0.115068,13.1119,13.4104,0.298528
20-Jul-2026,74.6089,0.115068,9.47495,9.74348,0.268526
20-Jul-2026,78.7539,0.115068,6.29634,6.35839,0.062047
20-Jul-2026,82.8988,0.115068,3.75952,3.42731,0.332213
20-Jul-2026,87.0438,0.115068,1.96596,1.28983,0.676129
20-Jul-2026,91.1887,0.115068,0.876655,0.321139,0.555516
20-Jul-2026,95.3336,0.115068,0.325082,0.0737823,0.2513
20-Jul-2026,99.4786,0.115068,0.098349,0.0177727,0.0805763
20-Jul-2026,66.3191,0.19726,17.5265,18.0177,0.491196
20-Jul-2026,70.464,0.19726,13.8251,14.336,0.510919
20-Jul-2026,74.6089,0.19726,10.4216,10.8304,0.408808
20-Jul-2026,78.7539,0.19726,7.43043,7.57333,0.142896
20-Jul-2026,82.8988,0.19726,4.95221,4.68543,0.266782
20-Jul-2026,87.0438,0.19726,3.04539,2.38089,0.664497
20-Jul-2026,91.1887,0.19726,1.70458,0.947239,0.757341
20-Jul-2026,95.3336,0.19726,0.85726,0.338279,0.518981
20-Jul-2026,99.4786,0.19726,0.383622,0.125813,0.257809
20-Jul-2026,66.3191,0.279452,18.0689,18.7789,0.710032
20-Jul-2026,70.464,0.279452,14.5147,15.2141,0.699387
20-Jul-2026,74.6089,0.279452,11.2515,11.8201,0.568598
20-Jul-2026,78.7539,0.279452,8.3594,8.65635,0.296954
20-Jul-2026,82.8988,0.279452,5.90688,5.81536,0.0915162
20-Jul-2026,87.0438,0.279452,3.93608,3.4436,0.492479
20-Jul-2026,91.1887,0.279452,2.45149,1.73774,0.713749
20-Jul-2026,95.3336,0.279452,1.41524,0.779978,0.635262
20-Jul-2026,99.4786,0.279452,0.7526,0.347694,0.404906
20-Jul-2026,66.3191,0.364384,18.6679,19.6092,0.941327
20-Jul-2026,70.464,0.364384,15.2328,16.1508,0.917959
20-Jul-2026,74.6089,0.364384,12.0742,12.8587,0.78449
20-Jul-2026,78.7539,0.364384,9.25158,9.78213,0.53055
20-Jul-2026,82.8988,0.364384,6.81498,6.99217,0.177185
20-Jul-2026,87.0438,0.364384,4.79731,4.59092,0.206395
20-Jul-2026,91.1887,0.364384,3.20711,2.71001,0.497101
20-Jul-2026,95.3336,0.364384,2.02443,1.44773,0.576704
20-Jul-2026,99.4786,0.364384,1.20146,0.740175,0.461285
20-Jul-2026,66.3191,0.449315,19.1944,20.3477,1.1533
20-Jul-2026,70.464,0.449315,15.8423,16.9737,1.13137
20-Jul-2026,74.6089,0.449315,12.7532,13.7622,1.009
20-Jul-2026,78.7539,0.449315,9.97506,10.755,0.779914
20-Jul-2026,82.8988,0.449315,7.54827,8.00905,0.460778
20-Jul-2026,87.0438,0.449315,5.50044,5.60107,0.100629
20-Jul-2026,91.1887,0.449315,3.8415,3.62594,0.21556
20-Jul-2026,95.3336,0.449315,2.56007,2.16743,0.392638
20-Jul-2026,99.4786,0.449315,1.62274,1.22696,0.395778
20-Jul-2026,66.3191,0.528767,19.6978,21.0665,1.36868
20-Jul-2026,70.464,0.528767,16.4123,17.7683,1.35603
20-Jul-2026,74.6089,0.528767,13.3777,14.6288,1.25113
20-Jul-2026,78.7539,0.528767,10.6341,11.6836,1.0495
20-Jul-2026,82.8988,0.528767,8.2152,8.97919,0.763995
20-Jul-2026,87.0438,0.528767,6.14507,6.57492,0.429848
20-Jul-2026,91.1887,0.528767,4.43395,4.54163,0.107678
20-Jul-2026,95.3336,0.528767,3.0755,2.94619,0.129314
20-Jul-2026,99.4786,0.528767,2.04547,1.81329,0.232184
20-Jul-2026,66.3191,0.605479,20.1458,21.718,1.57217
20-Jul-2026,70.464,0.605479,16.9122,18.4844,1.57219
20-Jul-2026,74.6089,0.605479,13.9195,15.4058,1.48629
20-Jul-2026,78.7539,0.605479,11.2024,12.5131,1.31067
20-Jul-2026,82.8988,0.605479,8.79025,9.84526,1.05501
20-Jul-2026,87.0438,0.605479,6.70442,7.45006,0.745636
20-Jul-2026,91.1887,0.605479,4.95508,5.38288,0.427797
20-Jul-2026,95.3336,0.605479,3.53875,3.69735,0.158599
20-Jul-2026,99.4786,0.605479,2.43695,2.42338,0.0135708
20-Jul-2026,66.3191,0.69589,20.6283,22.4318,1.80347
20-Jul-2026,70.464,0.69589,17.4449,19.2652,1.82028
20-Jul-2026,74.6089,0.69589,14.4924,16.2494,1.75704
20-Jul-2026,78.7539,0.69589,11.8009,13.4111,1.61015
20-Jul-2026,82.8988,0.69589,9.39617,10.7823,1.38618
20-Jul-2026,87.0438,0.69589,7.29707,8.40142,1.10435
20-Jul-2026,91.1887,0.69589,5.51338,6.31132,0.79794
20-Jul-2026,95.3336,0.69589,4.04365,4.55408,0.510433
20-Jul-2026,99.4786,0.69589,2.87387,3.15841,0.284542
20-Jul-2026,66.3191,0.778082,21.0602,23.0803,2.02015
20-Jul-2026,70.464,0.778082,17.9177,19.9718,2.05407
20-Jul-2026,74.6089,0.778082,14.998,17.0102,2.01224
20-Jul-2026,78.7539,0.778082,12.3278,14.2188,1.89102
20-Jul-2026,82.8988,0.778082,9.93009,11.6249,1.69481
20-Jul-2026,87.0438,0.778082,7.82187,9.25981,1.43794
20-Jul-2026,91.1887,0.778082,6.01242,7.1582,1.14578
20-Jul-2026,95.3336,0.778082,4.5014,5.3539,0.852497
20-Jul-2026,99.4786,0.778082,3.27776,3.87233,0.594574
20-Jul-2026,66.3191,0.863014,21.4859,23.7275,2.24155
20-Jul-2026,70.464,0.863014,18.381,20.6744,2.29342
20-Jul-2026,74.6089,0.863014,15.4914,17.7646,2.27324
20-Jul-2026,78.7539,0.863014,12.8411,15.0182,2.17708
20-Jul-2026,82.8988,0.863014,10.4508,12.4584,2.00755
20-Jul-2026,87.0438,0.863014,8.33587,10.1111,1.77525
20-Jul-2026,91.1887,0.863014,6.50491,8.00462,1.49971
20-Jul-2026,95.3336,0.863014,4.95833,6.16623,1.2079
20-Jul-2026,99.4786,0.863014,3.68722,4.61772,0.930502
21-Jul-2026,66.7792,0.00821918,16.7117,16.7116,5.03857e-05
21-Jul-2026,70.9529,0.00821918,12.539,12.539,2.9506e-06
21-Jul-2026,75.1266,0.00821918,8.36638,8.36649,0.000105622
21-Jul-2026,79.3003,0.00821918,4.21025,4.21469,0.00444354
21-Jul-2026,83.474,0.00821918,0.829436,0.752971,0.0764653
21-Jul-2026,87.6478,0.00821918,0.0152504,0.00143974,0.0138107
21-Jul-2026,91.8215,0.00821918,7.29647e-06,3.90426e-10,7.29608e-06
21-Jul-2026,95.9952,0.00821918,4.37924e-11,1.16487e-15,4.37912e-11
21-Jul-2026,66.7792,0.0273973,16.7735,16.7767,0.00321014
21-Jul-2026,70.9529,0.0273973,12.6082,12.6251,0.0168795
21-Jul-2026,75.1266,0.0273973,8.48867,8.54072,0.0520477
21-Jul-2026,79.3003,0.0273973,4.67009,4.71245,0.0423584
21-Jul-2026,83.474,0.0273973,1.81114,1.6453,0.16584
21-Jul-2026,87.6478,0.0273973,0.413274,0.167363,0.245911
21-Jul-2026,91.8215,0.0273973,0.0465458,0.00312941,0.0434164
21-Jul-2026,95.9952,0.0273973,0.00223672,3.02451e-05,0.00220647
21-Jul-2026,100.169,0.0273973,4.15564e-05,2.42498e-07,4.13139e-05
21-Jul-2026,66.7792,0.0465753,16.827,16.8535,0.0264551
21-Jul-2026,70.9529,0.0465753,12.6873,12.7564,0.069101
21-Jul-2026,75.1266,0.0465753,8.66924,8.78627,0.11703
21-Jul-2026,79.3003,0.0465753,5.06182,5.12271,0.0608913
21-Jul-2026,83.474,0.0465753,2.33191,2.11934,0.212565
21-Jul-2026,87.6478,0.0465753,0.773224,0.384123,0.389101
21-Jul-2026,91.8215,0.0465753,0.168262,0.0257069,0.142555
21-Jul-2026,95.9952,0.0465753,0.0221426,0.00126564,0.020877
21-Jul-2026,100.169,0.0465753,0.00166184,5.84653e-05,0.00160337
21-Jul-2026,66.7792,0.0657534,16.9045,16.9877,0.0832267
21-Jul-2026,70.9529,0.0657534,12.8191,12.969,0.149936
21-Jul-2026,75.1266,0.0657534,8.92772,9.11346,0.185735
21-Jul-2026,79.3003,0.0657534,5.4935,5.56879,0.0752946
21-Jul-2026,83.474,0.0657534,2.84586,2.59252,0.253336
21-Jul-2026,87.6478,0.0657534,1.17543,0.66679,0.50864
21-Jul-2026,91.8215,0.0657534,0.366028,0.0875999,0.278428
21-Jul-2026,95.9952,0.0657534,0.0816388,0.00986033,0.0717785
21-Jul-2026,100.169,0.0657534,0.0125579,0.00110533,0.0114526
21-Jul-2026,66.7792,0.0849315,16.9802,17.122,0.141778
21-Jul-2026,70.9529,0.0849315,12.9474,13.163,0.21561
21-Jul-2026,75.1266,0.0849315,9.14739,9.37967,0.232276
21-Jul-2026,79.3003,0.0849315,5.81386,5.89827,0.0844052
21-Jul-2026,83.474,0.0849315,3.20765,2.93306,0.27459
21-Jul-2026,87.6478,0.0849315,1.47605,0.902184,0.573866
21-Jul-2026,91.8215,0.0849315,0.543489,0.161856,0.381633
21-Jul-2026,95.9952,0.0849315,0.15406,0.0261612,0.127899
21-Jul-2026,100.169,0.0849315,0.0326671,0.0043254,0.0283417
21-Jul-2026,66.7792,0.112329,17.1176,17.3559,0.238333
21-Jul-2026,70.9529,0.112329,13.1676,13.4766,0.308968
21-Jul-2026,75.1266,0.112329,9.48634,9.77894,0.292598
21-Jul-2026,79.3003,0.112329,6.26674,6.36653,0.0997911
21-Jul-2026,83.474,0.112329,3.70276,3.41472,0.288037
21-Jul-2026,87.6478,0.112329,1.90318,1.27021,0.632966
21-Jul-2026,91.8215,0.112329,0.826541,0.310668,0.515873
21-Jul-2026,95.9952,0.112329,0.295112,0.0701222,0.22499
21-Jul-2026,100.169,0.112329,0.0848683,0.0165773,0.068291
21-Jul-2026,66.7792,0.194521,17.6133,18.1174,0.50405
21-Jul-2026,70.9529,0.194521,13.8723,14.4067,0.534433
21-Jul-2026,75.1266,0.194521,10.4296,10.8737,0.444112
21-Jul-2026,79.3003,0.194521,7.40413,7.59184,0.187705
21-Jul-2026,83.474,0.194521,4.90156,4.68347,0.218093
21-Jul-2026,87.6478,0.194521,2.984,2.36685,0.617147
21-Jul-2026,91.8215,0.194521,1.64623,0.933989,0.712241
21-Jul-2026,95.9952,0.194521,0.811673,0.331221,0.480452
21-Jul-2026,100.169,0.194521,0.354007,0.122469,0.231538
21-Jul-2026,66.7792,0.276712,18.1507,18.8816,0.73086
21-Jul-2026,70.9529,0.276712,14.5592,15.2893,0.730058
21-Jul-2026,75.1266,0.276712,11.2603,11.8693,0.609
21-Jul-2026,79.3003,0.276712,8.33734,8.68192,0.344581
21-Jul-2026,83.474,0.276712,5.86179,5.82085,0.0409388
21-Jul-2026,87.6478,0.276712,3.87823,3.43518,0.443046
21-Jul-2026,91.8215,0.276712,2.39179,1.72487,0.666922
21-Jul-2026,95.9952,0.276712,1.36281,0.770473,0.592337
21-Jul-2026,100.169,0.276712,0.712787,0.342299,0.370488
21-Jul-2026,66.7792,0.361644,18.7476,19.7153,0.96769
21-Jul-2026,70.9529,0.361644,15.2776,16.2305,0.952858
21-Jul-2026,75.1266,0.361644,12.0863,12.9135,0.827204
21-Jul-2026,79.3003,0.361644,9.23529,9.81424,0.578954
21-Jul-2026,83.474,0.361644,6.77674,7.00465,0.227912
21-Jul-2026,87.6478,0.361644,4.74522,4.58859,0.15663
21-Jul-2026,91.8215,0.361644,3.14995,2.69982,0.450126
21-Jul-2026,95.9952,0.361644,1.97024,1.43709,0.533154
21-Jul-2026,100.169,0.361644,1.15607,0.732686,0.423384
21-Jul-2026,66.7792,0.446575,19.2744,20.4569,1.18246
21-Jul-2026,70.9529,0.446575,15.8892,17.0573,1.16805
21-Jul-2026,75.1266,0.446575,12.7696,13.8217,1.05208
21-Jul-2026,79.3003,0.446575,9.9648,10.7924,0.827641
21-Jul-2026,83.474,0.446575,7.51692,8.02726,0.510344
21-Jul-2026,87.6478,0.446575,5.4548,5.60407,0.149268
21-Jul-2026,91.8215,0.446575,3.78896,3.61924,0.169719
21-Jul-2026,95.9952,0.446575,2.5077,2.15736,0.35034
21-Jul-2026,100.169,0.446575,1.57614,1.21818,0.357956
21-Jul-2026,66.7792,0.526027,19.7792,21.1787,1.39949
21-Jul-2026,70.9529,0.526027,16.4625,17.8556,1.39312
21-Jul-2026,75.1266,0.526027,13.3991,14.6927,1.29359
21-Jul-2026,79.3003,0.526027,10.6304,11.726,1.09562
21-Jul-2026,83.474,0.526027,8.19126,9.0027,0.811438
21-Jul-2026,87.6478,0.526027,6.10669,6.583,0.476305
21-Jul-2026,91.8215,0.526027,4.38746,4.53884,0.151377
21-Jul-2026,95.9952,0.526027,3.02708,2.93785,0.0892318
21-Jul-2026,100.169,0.526027,2.00032,1.80415,0.196173
21-Jul-2026,66.7792,0.60274,20.2295,21.833,1.60345
21-Jul-2026,70.9529,0.60274,16.9662,18.575,1.6088
21-Jul-2026,75.1266,0.60274,13.9462,15.4735,1.5273
21-Jul-2026,79.3003,0.60274,11.2052,12.5598,1.35462
21-Jul-2026,83.474,0.60274,8.77351,9.87337,1.09986
21-Jul-2026,87.6478,0.60274,6.67329,7.46264,0.789354
21-Jul-2026,91.8215,0.60274,4.9151,5.38387,0.468766
21-Jul-2026,95.9952,0.60274,3.49536,3.69131,0.195947
21-Jul-2026,100.169,0.60274,2.3949,2.41475,0.0198529
21-Jul-2026,66.7792,0.693151,20.7153,22.5498,1.8345
21-Jul-2026,70.9529,0.693151,17.5036,19.3594,1.8558
21-Jul-2026,75.1266,0.693151,14.5253,16.3213,1.796
21-Jul-2026,79.3003,0.693151,11.8112,13.4624,1.6512
21-Jul-2026,83.474,0.693151,9.3878,10.8153,1.42755
21-Jul-2026,87.6478,0.693151,7.27448,8.41886,1.14438
21-Jul-2026,91.8215,0.693151,5.48139,6.31659,0.835198
21-Jul-2026,95.9952,0.693151,4.00699,4.5511,0.544107
21-Jul-2026,100.169,0.693151,2.83676,3.15117,0.314408
21-Jul-2026,66.7792,0.775342,21.1508,23.2012,2.05037
21-Jul-2026,70.9529,0.775342,17.9814,20.0692,2.08784
21-Jul-2026,75.1266,0.775342,15.0371,17.0858,2.04869
21-Jul-2026,79.3003,0.775342,12.3454,14.2742,1.92884
21-Jul-2026,83.474,0.775342,9.92967,11.6622,1.73254
21-Jul-2026,87.6478,0.775342,7.80749,9.28157,1.47408
21-Jul-2026,91.8215,0.775342,5.9883,7.16742,1.17912
21-Jul-2026,95.9952,0.775342,4.47172,5.35402,0.882301
21-Jul-2026,100.169,0.775342,3.24628,3.86695,0.62067
21-Jul-2026,66.7792,0.860274,21.5805,23.8511,2.27055
21-Jul-2026,70.9529,0.860274,18.4499,20.7751,2.3252
21-Jul-2026,75.1266,0.860274,15.5369,17.8438,2.30692
21-Jul-2026,79.3003,0.860274,12.8662,15.0776,2.21138
21-Jul-2026,83.474,0.860274,10.4586,12.4999,2.04128
21-Jul-2026,87.6478,0.860274,8.32999,10.1371,1.80712
21-Jul-2026,91.8215,0.860274,6.48911,8.01781,1.5287
21-Jul-2026,95.9952,0.860274,4.93626,6.16967,1.23341
21-Jul-2026,100.169,0.860274,3.66224,4.61463,0.952394
22-Jul-2026,69.2908,0.00547945,17.3346,17.3346,3.76815e-05
22-Jul-2026,73.6215,0.00547945,13.0047,13.0047,1.62088e-05
22-Jul-2026,77.9522,0.00547945,8.67478,8.67473,4.64833e-05
22-Jul-2026,82.2828,0.00547945,4.34656,4.35013,0.00357046
22-Jul-2026,86.6135,0.00547945,0.638565,0.636739,0.00182611
22-Jul-2026,90.9442,0.00547945,0.00126471,0.00013452,0.00113019
22-Jul-2026,95.2749,0.00547945,1.71623e-09,4.68509e-14,1.71618e-09
22-Jul-2026,69.2908,0.0246575,17.4003,17.4025,0.00224962
22-Jul-2026,73.6215,0.0246575,13.0755,13.0904,0.0148645
22-Jul-2026,77.9522,0.0246575,8.77482,8.83921,0.0643911
22-Jul-2026,82.2828,0.0246575,4.71384,4.84169,0.127848
22-Jul-2026,86.6135,0.0246575,1.65321,1.64531,0.00789504
22-Jul-2026,90.9442,0.0246575,0.286474,0.151097,0.135377
22-Jul-2026,95.2749,0.0246575,0.0183792,0.00221332,0.0161659
22-Jul-2026,99.6055,0.0246575,0.000342884,1.55695e-05,0.000327314
22-Jul-2026,103.936,0.0246575,1.61869e-06,8.86104e-08,1.53008e-06
22-Jul-2026,69.2908,0.0438356,17.455,17.4799,0.0249223
22-Jul-2026,73.6215,0.0438356,13.1458,13.2217,0.0758924
22-Jul-2026,77.9522,0.0438356,8.92378,9.08979,0.166014
22-Jul-2026,82.2828,0.0438356,5.07494,5.27334,0.198396
22-Jul-2026,86.6135,0.0438356,2.16516,2.15191,0.0132454
22-Jul-2026,90.9442,0.0438356,0.603265,0.373387,0.229878
22-Jul-2026,95.2749,0.0438356,0.094667,0.022801,0.071866
22-Jul-2026,99.6055,0.0438356,0.00733029,0.00100017,0.00633012
22-Jul-2026,103.936,0.0438356,0.000258457,4.08206e-05,0.000217636
22-Jul-2026,69.2908,0.0630137,17.5289,17.6169,0.0880033
22-Jul-2026,73.6215,0.0630137,13.2598,13.4399,0.180132
22-Jul-2026,77.9522,0.0630137,9.15067,9.42986,0.279186
22-Jul-2026,82.2828,0.0630137,5.48344,5.74284,0.259396
22-Jul-2026,86.6135,0.0630137,2.66784,2.65213,0.0157078
22-Jul-2026,90.9442,0.0630137,0.971215,0.6666,0.304615
22-Jul-2026,95.2749,0.0630137,0.242105,0.0838665,0.158239
22-Jul-2026,99.6055,0.0630137,0.0380833,0.0089598,0.0291235
22-Jul-2026,103.936,0.0630137,0.00359317,0.000949673,0.0026435
22-Jul-2026,69.2908,0.0821918,17.5985,17.7553,0.156843
22-Jul-2026,73.6215,0.0821918,13.3726,13.6411,0.268466
22-Jul-2026,77.9522,0.0821918,9.35022,9.70788,0.35766
22-Jul-2026,82.2828,0.0821918,5.79046,6.08898,0.298517
22-Jul-2026,86.6135,0.0821918,3.02165,3.01022,0.0114314
22-Jul-2026,90.9442,0.0821918,1.25145,0.911422,0.340028
22-Jul-2026,95.2749,0.0821918,0.385281,0.158996,0.226285
22-Jul-2026,99.6055,0.0821918,0.0829561,0.0248824,0.0580737
22-Jul-2026,103.936,0.0821918,0.0120258,0.0039737,0.0080521
22-Jul-2026,69.2908,0.109589,17.7235,17.9981,0.274637
22-Jul-2026,73.6215,0.109589,13.5706,13.9677,0.397057
22-Jul-2026,77.9522,0.109589,9.66536,10.1254,0.460029
22-Jul-2026,82.2828,0.109589,6.22841,6.57999,0.351578
22-Jul-2026,86.6135,0.109589,3.50681,3.51514,0.00832832
22-Jul-2026,90.9442,0.109589,1.65491,1.29459,0.360322
22-Jul-2026,95.2749,0.109589,0.625355,0.311284,0.314071
22-Jul-2026,99.6055,0.109589,0.181294,0.0689963,0.112298
22-Jul-2026,103.936,0.109589,0.0392639,0.0159996,0.0232643
22-Jul-2026,69.2908,0.191781,18.1826,18.7922,0.609632
22-Jul-2026,73.6215,0.191781,14.2293,14.9389,0.709628
22-Jul-2026,77.9522,0.191781,10.5692,11.2698,0.700576
22-Jul-2026,82.2828,0.191781,7.34396,7.86143,0.517468
22-Jul-2026,86.6135,0.191781,4.6902,4.84123,0.151033
22-Jul-2026,90.9442,0.191781,2.6968,2.43741,0.259393
22-Jul-2026,95.2749,0.191781,1.36483,0.955551,0.409279
22-Jul-2026,99.6055,0.191781,0.595292,0.336602,0.25869
22-Jul-2026,103.936,0.191781,0.220911,0.123706,0.0972046
22-Jul-2026,69.2908,0.273973,18.6955,19.5903,0.894845
22-Jul-2026,73.6215,0.273973,14.8934,15.8606,0.967241
22-Jul-2026,77.9522,0.273973,11.3859,12.3095,0.923626
22-Jul-2026,82.2828,0.273973,8.27379,8.99966,0.725867
22-Jul-2026,86.6135,0.273973,5.64997,6.02839,0.378421
22-Jul-2026,90.9442,0.273973,3.57807,3.55135,0.0267246
22-Jul-2026,95.2749,0.273973,2.07163,1.77754,0.294093
22-Jul-2026,99.6055,0.273973,1.08225,0.790931,0.291319
22-Jul-2026,103.936,0.273973,0.506069,0.350211,0.155858
22-Jul-2026,69.2908,0.358904,19.2785,20.4611,1.1826
22-Jul-2026,73.6215,0.358904,15.603,16.8434,1.2404
22-Jul-2026,77.9522,0.358904,12.2119,13.3996,1.18768
22-Jul-2026,82.2828,0.358904,9.18027,10.1814,1.00115
22-Jul-2026,86.6135,0.358904,6.57595,7.26355,0.687602
22-Jul-2026,90.9442,0.358904,4.44785,4.75426,0.306412
22-Jul-2026,95.2749,0.358904,2.8135,2.79308,0.0204173
22-Jul-2026,99.6055,0.358904,1.64983,1.48349,0.166337
22-Jul-2026,103.936,0.358904,0.891941,0.754654,0.137287
22-Jul-2026,69.2908,0.443836,19.8018,21.2355,1.43374
22-Jul-2026,73.6215,0.443836,16.2165,17.7066,1.49008
22-Jul-2026,77.9522,0.443836,12.9041,14.3475,1.44337
22-Jul-2026,82.2828,0.443836,9.92505,11.2021,1.27709
22-Jul-2026,86.6135,0.443836,7.33366,8.33041,0.996751
22-Jul-2026,90.9442,0.443836,5.17042,5.81345,0.643028
22-Jul-2026,95.2749,0.443836,3.4534,3.75162,0.298223
22-Jul-2026,99.6055,0.443836,2.1711,2.23354,0.0624439
22-Jul-2026,103.936,0.443836,1.27938,1.2593,0.0200766
22-Jul-2026,69.2908,0.523288,20.3097,21.9893,1.67961
22-Jul-2026,73.6215,0.523288,16.7982,18.54,1.74182
22-Jul-2026,77.9522,0.523288,13.5485,15.2565,1.70798
22-Jul-2026,82.2828,0.523288,10.6109,12.1762,1.56534
22-Jul-2026,86.6135,0.523288,8.03062,9.34802,1.3174
22-Jul-2026,90.9442,0.523288,5.84214,6.83457,0.992433
22-Jul-2026,95.2749,0.523288,4.06294,4.71069,0.647755
22-Jul-2026,99.6055,0.523288,2.68788,3.04717,0.359289
22-Jul-2026,103.936,0.523288,1.68589,1.86957,0.183677
22-Jul-2026,69.2908,0.6,20.7671,22.6725,1.90539
22-Jul-2026,73.6215,0.6,17.314,19.291,1.97696
22-Jul-2026,77.9522,0.6,14.1131,16.0713,1.95823
22-Jul-2026,82.2828,0.6,11.2079,13.0462,1.83831
22-Jul-2026,86.6135,0.6,8.63731,10.2563,1.61901
22-Jul-2026,90.9442,0.6,6.43163,7.75218,1.32055
22-Jul-2026,95.2749,0.6,4.60731,5.59215,0.984839
22-Jul-2026,99.6055,0.6,3.1626,3.83302,0.670415
22-Jul-2026,103.936,0.6,2.07451,2.50618,0.431669
22-Jul-2026,69.2908,0.690411,21.2649,23.421,2.15609
22-Jul-2026,73.6215,0.690411,17.8688,20.1097,2.24094
22-Jul-2026,77.9522,0.690411,14.7152,16.9561,2.24087
22-Jul-2026,82.2828,0.690411,11.8417,13.9879,2.14623
22-Jul-2026,86.6135,0.690411,9.28192,11.239,1.9571
22-Jul-2026,90.9442,0.690411,7.06224,8.74968,1.68744
22-Jul-2026,95.2749,0.690411,5.19778,6.56517,1.36739
22-Jul-2026,99.6055,0.690411,3.68899,4.72999,1.041
22-Jul-2026,103.936,0.690411,2.51901,3.27441,0.755401
22-Jul-2026,69.2908,0.772603,21.7144,24.1011,2.38668
22-Jul-2026,73.6215,0.772603,18.3653,20.8507,2.48537
22-Jul-2026,77.9522,0.772603,15.2507,17.7539,2.50315
22-Jul-2026,82.2828,0.772603,12.4037,14.835,2.43126
22-Jul-2026,86.6135,0.772603,9.85408,12.1225,2.26842
22-Jul-2026,90.9442,0.772603,7.6252,9.64966,2.02446
22-Jul-2026,95.2749,0.772603,5.73093,7.45281,1.72188
22-Jul-2026,99.6055,0.772603,4.17281,5.56775,1.39494
22-Jul-2026,103.936,0.772603,2.93792,4.02135,1.08343
22-Jul-2026,69.2908,0.857534,22.1607,24.7796,2.6189
22-Jul-2026,73.6215,0.857534,18.8551,21.5874,2.73233
22-Jul-2026,77.9522,0.857534,15.7764,18.5449,2.76847
22-Jul-2026,82.2828,0.857534,12.9544,15.6731,2.71873
22-Jul-2026,86.6135,0.857534,10.4154,12.9964,2.58099
22-Jul-2026,90.9442,0.857534,8.18012,10.5422,2.36206
22-Jul-2026,95.2749,0.857534,6.26121,8.34001,2.0788
22-Jul-2026,99.6055,0.857534,4.66079,6.41885,1.75806
22-Jul-2026,103.936,0.857534,3.36879,4.80169,1.4329
23-Jul-2026,67.7102,0.00273973,16.9335,16.9335,3.21779e-06
23-Jul-2026,71.9421,0.00273973,12.7019,12.702,6.53322e-05
23-Jul-2026,76.174,0.00273973,8.47041,8.47043,2.38823e-05
23-Jul-2026,80.4059,0.00273973,4.23892,4.23903,0.000109912
23-Jul-2026,84.6378,0.00273973,0.453116,0.438686,0.0144301
23-Jul-2026,88.8697,0.00273973,1.79969e-05,1.81395e-07,1.78155e-05
23-Jul-2026,67.7102,0.0219178,16.9983,16.9997,0.0014324
23-Jul-2026,71.9421,0.0219178,12.7717,12.7821,0.0103993
23-Jul-2026,76.174,0.0219178,8.56772,8.6154,0.0476804
23-Jul-2026,80.4059,0.0219178,4.59668,4.68278,0.0861046
23-Jul-2026,84.6378,0.0219178,1.60935,1.54413,0.0652247
23-Jul-2026,88.8697,0.0219178,0.280391,0.126107,0.154284
23-Jul-2026,93.1016,0.0219178,0.0185489,0.001391,0.0171579
23-Jul-2026,97.3335,0.0219178,0.000373436,6.75555e-06,0.00036668
23-Jul-2026,101.565,0.0219178,1.99584e-06,2.57777e-08,1.97006e-06
23-Jul-2026,67.7102,0.0410959,17.0525,17.0726,0.0201006
23-Jul-2026,71.9421,0.0410959,12.8426,12.9047,0.0620747
23-Jul-2026,76.174,0.0410959,8.72341,8.85464,0.131226
23-Jul-2026,80.4059,0.0410959,4.98057,5.10963,0.129062
23-Jul-2026,84.6378,0.0410959,2.15657,2.05436,0.102213
23-Jul-2026,88.8697,0.0410959,0.625515,0.339881,0.285634
23-Jul-2026,93.1016,0.0410959,0.106997,0.0187746,0.0882224
23-Jul-2026,97.3335,0.0410959,0.00964815,0.000725618,0.00892253
23-Jul-2026,101.565,0.0410959,0.000425566,2.58573e-05,0.000399709
23-Jul-2026,67.7102,0.060274,17.1274,17.2033,0.0758862
23-Jul-2026,71.9421,0.060274,12.9629,13.1145,0.151618
23-Jul-2026,76.174,0.060274,8.96823,9.18643,0.218203
23-Jul-2026,80.4059,0.060274,5.41994,5.57433,0.15439
23-Jul-2026,84.6378,0.060274,2.69731,2.55206,0.14525
23-Jul-2026,88.8697,0.060274,1.03237,0.625716,0.406654
23-Jul-2026,93.1016,0.060274,0.283028,0.0751733,0.207855
23-Jul-2026,97.3335,0.060274,0.0520929,0.00759607,0.0444968
23-Jul-2026,101.565,0.060274,0.0061526,0.000758539,0.00539406
23-Jul-2026,67.7102,0.0794521,17.2002,17.337,0.136821
23-Jul-2026,71.9421,0.0794521,13.0854,13.3102,0.224792
23-Jul-2026,76.174,0.0794521,9.18675,9.45921,0.272455
23-Jul-2026,80.4059,0.0794521,5.75364,5.91627,0.162634
23-Jul-2026,84.6378,0.0794521,3.0823,2.90626,0.176044
23-Jul-2026,88.8697,0.0794521,1.34641,0.865055,0.481355
23-Jul-2026,93.1016,0.0794521,0.456198,0.146503,0.309695
23-Jul-2026,97.3335,0.0794521,0.114496,0.0221601,0.0923359
23-Jul-2026,101.565,0.0794521,0.0205979,0.00341219,0.0171857
23-Jul-2026,67.7102,0.106849,17.3351,17.5733,0.238199
23-Jul-2026,71.9421,0.106849,13.3048,13.6295,0.324728
23-Jul-2026,76.174,0.106849,9.53609,9.8694,0.333313
23-Jul-2026,80.4059,0.106849,6.2355,6.40031,0.164809
23-Jul-2026,84.6378,0.106849,3.61785,3.40398,0.213873
23-Jul-2026,88.8697,0.106849,1.80551,1.24,0.565506
23-Jul-2026,93.1016,0.106849,0.750297,0.292847,0.45745
23-Jul-2026,97.3335,0.106849,0.251911,0.0636922,0.188219
23-Jul-2026,101.565,0.106849,0.0668489,0.0144763,0.0523726
23-Jul-2026,67.7102,0.189041,17.8537,18.3505,0.496809
23-Jul-2026,71.9421,0.189041,14.0563,14.5819,0.525613
23-Jul-2026,76.174,0.189041,10.5637,10.9933,0.429593
23-Jul-2026,80.4059,0.189041,7.49842,7.65983,0.161412
23-Jul-2026,84.6378,0.189041,4.96778,4.70685,0.260931
23-Jul-2026,88.8697,0.189041,3.03245,2.35922,0.673231
23-Jul-2026,93.1016,0.189041,1.68315,0.918213,0.764937
23-Jul-2026,97.3335,0.189041,0.839108,0.321201,0.517907
23-Jul-2026,101.565,0.189041,0.372263,0.117324,0.254939
23-Jul-2026,67.7102,0.271233,18.456,19.1329,0.676941
23-Jul-2026,71.9421,0.271233,14.8387,15.4859,0.647215
23-Jul-2026,76.174,0.271233,11.5243,12.0134,0.489055
23-Jul-2026,80.4059,0.271233,8.59323,8.77659,0.183365
23-Jul-2026,84.6378,0.271233,6.11174,5.87134,0.240396
23-Jul-2026,88.8697,0.271233,4.11734,3.45064,0.666701
23-Jul-2026,93.1016,0.271233,2.60903,1.72048,0.888547
23-Jul-2026,97.3335,0.271233,1.54513,0.762277,0.782853
23-Jul-2026,101.565,0.271233,0.850999,0.336379,0.51462
23-Jul-2026,67.7102,0.356164,19.1607,19.9867,0.82599
23-Jul-2026,71.9421,0.356164,15.6987,16.4496,0.750865
23-Jul-2026,76.174,0.356164,12.5259,13.0823,0.556353
23-Jul-2026,80.4059,0.356164,9.69729,9.9354,0.238109
23-Jul-2026,84.6378,0.356164,7.25607,7.08236,0.173714
23-Jul-2026,88.8697,0.356164,5.22669,4.62943,0.597264
23-Jul-2026,93.1016,0.356164,3.61016,2.71395,0.896208
23-Jul-2026,97.3335,0.356164,2.38263,1.43755,0.94508
23-Jul-2026,101.565,0.356164,1.49834,0.7295,0.76884
23-Jul-2026,67.7102,0.441096,19.8084,20.746,0.937577
23-Jul-2026,71.9421,0.441096,16.4602,17.2958,0.835639
23-Jul-2026,76.174,0.441096,13.3869,14.0116,0.624651
23-Jul-2026,80.4059,0.441096,10.6295,10.9361,0.306571
23-Jul-2026,84.6378,0.441096,8.21908,8.12816,0.0909169
23-Jul-2026,88.8697,0.441096,6.17291,5.66743,0.505479
23-Jul-2026,93.1016,0.441096,4.49197,3.65255,0.839417
23-Jul-2026,97.3335,0.441096,3.16011,2.17066,0.989454
23-Jul-2026,101.565,0.441096,2.14549,1.22157,0.923922
23-Jul-2026,67.7102,0.520548,20.4487,21.485,1.03628
23-Jul-2026,71.9421,0.520548,17.1958,18.1129,0.917096
23-Jul-2026,76.174,0.520548,14.2043,14.9027,0.698356
23-Jul-2026,80.4059,0.520548,11.5056,11.8909,0.385338
23-Jul-2026,84.6378,0.520548,9.12279,9.1256,0.00281437
23-Jul-2026,88.8697,0.520548,7.06847,6.66816,0.400313
23-Jul-2026,93.1016,0.520548,5.34309,4.59205,0.751038
23-Jul-2026,97.3335,0.520548,3.93461,2.96687,0.96774
23-Jul-2026,101.565,0.520548,2.81942,1.81781,1.00161
23-Jul-2026,67.7102,0.59726,21.034,22.1548,1.12076
23-Jul-2026,71.9421,0.59726,17.8577,18.849,0.991346
23-Jul-2026,76.174,0.59726,14.9313,15.7014,0.770109
23-Jul-2026,80.4059,0.59726,12.2797,12.7437,0.463971
23-Jul-2026,84.6378,0.59726,9.92082,10.0159,0.0950465
23-Jul-2026,88.8697,0.59726,7.86406,7.56744,0.296624
23-Jul-2026,93.1016,0.59726,6.1093,5.45569,0.653615
23-Jul-2026,97.3335,0.59726,4.64676,3.73638,0.910377
23-Jul-2026,101.565,0.59726,3.4577,2.44056,1.01714
23-Jul-2026,67.7102,0.687671,21.6786,22.8885,1.20995
23-Jul-2026,71.9421,0.687671,18.5782,19.6517,1.07347
23-Jul-2026,76.174,0.687671,15.7158,16.5686,0.852829
23-Jul-2026,80.4059,0.687671,13.1111,13.6667,0.555597
23-Jul-2026,84.6378,0.687671,10.7777,10.979,0.201311
23-Jul-2026,88.8697,0.687671,8.72228,8.54502,0.177262
23-Jul-2026,93.1016,0.687671,6.94411,6.40913,0.534983
23-Jul-2026,97.3335,0.687671,5.43499,4.61502,0.819967
23-Jul-2026,101.565,0.687671,4.1798,3.19263,0.987172
23-Jul-2026,67.7102,0.769863,22.2666,23.5553,1.28867
23-Jul-2026,71.9421,0.769863,19.2292,20.378,1.14876
23-Jul-2026,76.174,0.769863,16.42,17.3506,0.930597
23-Jul-2026,80.4059,0.769863,13.8547,14.4969,0.642192
23-Jul-2026,84.6378,0.769863,11.5439,11.8449,0.300989
23-Jul-2026,88.8697,0.769863,9.49251,9.42702,0.0654911
23-Jul-2026,93.1016,0.769863,7.69918,7.27896,0.420223
23-Jul-2026,97.3335,0.769863,6.15668,5.43582,0.720856
23-Jul-2026,101.565,0.769863,4.85219,3.92418,0.928005
23-Jul-2026,67.7102,0.854795,22.8546,24.2204,1.36583
23-Jul-2026,71.9421,0.854795,19.8758,21.1002,1.22435
23-Jul-2026,76.174,0.854795,17.1158,18.1259,1.01012
23-Jul-2026,80.4059,0.854795,14.5875,15.3184,0.730877
23-Jul-2026,84.6378,0.854795,12.299,12.7013,0.40235
23-Jul-2026,88.8697,0.854795,10.2537,10.3017,0.0480039
23-Jul-2026,93.1016,0.854795,8.44986,8.14838,0.301475
23-Jul-2026,97.3335,0.854795,6.88081,6.26978,0.611029
23-Jul-2026,101.565,0.854795,5.53546,4.68866,0.846799
24-Jul-2026,68.3636,0.0191781,17.1574,17.1581,0.000714011
24-Jul-2026,72.6363,0.0191781,12.8893,12.8965,0.00723002
24-Jul-2026,76.909,0.0191781,8.63661,8.67755,0.0409426
24-Jul-2026,81.1817,0.0191781,4.58721,4.67898,0.091768
24-Jul-2026,85.4544,0.0191781,1.53014,1.49219,0.0379495
24-Jul-2026,89.7272,0.0191781,0.232108,0.106453,0.125655
24-Jul-2026,93.9999,0.0191781,0.0115756,0.000841512,0.0107341
24-Jul-2026,98.2726,0.0191781,0.000145972,2.64015e-06,0.000143332
24-Jul-2026,102.545,0.0191781,3.98459e-07,6.2803e-09,3.92179e-07
24-Jul-2026,68.3636,0.0383562,17.2125,17.2293,0.0168388
24-Jul-2026,72.6363,0.0383562,12.958,13.0145,0.0565134
24-Jul-2026,76.909,0.0383562,8.7823,8.91269,0.130389
24-Jul-2026,81.1817,0.0383562,4.96729,5.11499,0.147696
24-Jul-2026,85.4544,0.0383562,2.09107,2.02444,0.0666347
24-Jul-2026,89.7272,0.0383562,0.568971,0.318198,0.250773
24-Jul-2026,93.9999,0.0383562,0.0864577,0.0157518,0.0707059
24-Jul-2026,98.2726,0.0383562,0.00645276,0.000529806,0.00592295
24-Jul-2026,102.545,0.0383562,0.000217765,1.62599e-05,0.000201505
24-Jul-2026,68.3636,0.0575342,17.287,17.3583,0.0712818
24-Jul-2026,72.6363,0.0575342,13.0737,13.2229,0.149219
24-Jul-2026,76.909,0.0575342,9.01944,9.24713,0.227691
24-Jul-2026,81.1817,0.0575342,5.40619,5.59055,0.18436
24-Jul-2026,85.4544,0.0575342,2.63874,2.53676,0.101983
24-Jul-2026,89.7272,0.0575342,0.971825,0.606094,0.365731
24-Jul-2026,93.9999,0.0575342,0.249275,0.0693524,0.179923
24-Jul-2026,98.2726,0.0575342,0.0413971,0.00660526,0.0347918
24-Jul-2026,102.545,0.0575342,0.00423657,0.00061897,0.0036176
24-Jul-2026,68.3636,0.0767123,17.3585,17.4919,0.133387
24-Jul-2026,72.6363,0.0767123,13.1925,13.4197,0.22721
24-Jul-2026,76.909,0.0767123,9.23399,9.5238,0.289815
24-Jul-2026,81.1817,0.0767123,5.74002,5.93987,0.199845
24-Jul-2026,85.4544,0.0767123,3.02666,2.8991,0.127557
24-Jul-2026,89.7272,0.0767123,1.28384,0.847963,0.435877
24-Jul-2026,93.9999,0.0767123,0.414262,0.139255,0.275007
24-Jul-2026,98.2726,0.0767123,0.0965695,0.0203257,0.0762438
24-Jul-2026,102.545,0.0767123,0.015692,0.00301175,0.0126802
24-Jul-2026,68.3636,0.0958904,17.4408,17.6418,0.201
24-Jul-2026,72.6363,0.0958904,13.3272,13.6262,0.299017
24-Jul-2026,76.909,0.0958904,9.45534,9.79402,0.338676
24-Jul-2026,81.1817,0.0958904,6.05454,6.26278,0.208243
24-Jul-2026,85.4544,0.0958904,3.37984,3.23123,0.148613
24-Jul-2026,89.7272,0.0958904,1.58106,1.09165,0.489411
24-Jul-2026,93.9999,0.0958904,0.594471,0.228131,0.36634
24-Jul-2026,98.2726,0.0958904,0.172828,0.0435735,0.129254
24-Jul-2026,102.545,0.0958904,0.0378051,0.00861919,0.0291859
24-Jul-2026,68.3636,0.10411,17.4909,17.7297,0.238826
24-Jul-2026,72.6363,0.10411,13.4071,13.7426,0.335504
24-Jul-2026,76.909,0.10411,9.57928,9.94055,0.36127
24-Jul-2026,81.1817,0.10411,6.22213,6.4333,0.211173
24-Jul-2026,85.4544,0.10411,3.56469,3.40647,0.158223
24-Jul-2026,89.7272,0.10411,1.74054,1.22731,0.513234
24-Jul-2026,93.9999,0.10411,0.698608,0.284574,0.414034
24-Jul-2026,98.2726,0.10411,0.222874,0.0606934,0.162181
24-Jul-2026,102.545,0.10411,0.0551813,0.0135091,0.0416722
24-Jul-2026,68.3636,0.186301,18.0015,18.5166,0.515144
24-Jul-2026,72.6363,0.186301,14.149,14.7085,0.559511
24-Jul-2026,76.909,0.186301,10.6007,11.0821,0.481362
24-Jul-2026,81.1817,0.186301,7.48504,7.71354,0.228495
24-Jul-2026,85.4544,0.186301,4.91668,4.73012,0.186556
24-Jul-2026,89.7272,0.186301,2.9621,2.36069,0.601408
24-Jul-2026,93.9999,0.186301,1.61285,0.912237,0.700613
24-Jul-2026,98.2726,0.186301,0.782913,0.316881,0.466032
24-Jul-2026,102.545,0.186301,0.335401,0.115013,0.220388
24-Jul-2026,68.3636,0.268493,18.5979,19.3102,0.712266
24-Jul-2026,72.6363,0.268493,14.926,15.6256,0.699605
24-Jul-2026,76.909,0.268493,11.5581,12.1171,0.558974
24-Jul-2026,81.1817,0.268493,8.5792,8.84665,0.267445
24-Jul-2026,85.4544,0.268493,6.0603,5.91131,0.148988
24-Jul-2026,89.7272,0.268493,4.04283,3.4665,0.576328
24-Jul-2026,93.9999,0.268493,2.52717,1.72207,0.805098
24-Jul-2026,98.2726,0.268493,1.4697,0.7598,0.7099
24-Jul-2026,102.545,0.268493,0.790859,0.33412,0.456739
24-Jul-2026,68.3636,0.353425,19.2978,20.1761,0.878302
24-Jul-2026,72.6363,0.353425,15.7819,16.603,0.821076
24-Jul-2026,76.909,0.353425,12.5573,13.2011,0.643823
24-Jul-2026,81.1817,0.353425,9.68234,10.0218,0.339416
24-Jul-2026,85.4544,0.353425,7.20362,7.13914,0.0644777
24-Jul-2026,89.7272,0.353425,5.14846,4.66106,0.487397
24-Jul-2026,93.9999,0.353425,3.51925,2.72725,0.791996
24-Jul-2026,98.2726,0.353425,2.29156,1.44093,0.850628
24-Jul-2026,102.545,0.353425,1.41703,0.729434,0.687596
24-Jul-2026,68.3636,0.438356,19.9421,20.9462,1.00409
24-Jul-2026,72.6363,0.438356,16.5407,17.4612,0.920478
24-Jul-2026,76.909,0.438356,13.4167,14.1434,0.726706
24-Jul-2026,81.1817,0.438356,10.6138,11.0363,0.422494
24-Jul-2026,85.4544,0.438356,8.16567,8.1993,0.0336328
24-Jul-2026,89.7272,0.438356,6.09196,5.71305,0.378915
24-Jul-2026,93.9999,0.438356,4.39492,3.67783,0.717091
24-Jul-2026,98.2726,0.438356,3.0583,2.1822,0.876098
24-Jul-2026,102.545,0.438356,2.04875,1.22587,0.82288
24-Jul-2026,68.3636,0.517808,20.5798,21.6957,1.11587
24-Jul-2026,72.6363,0.517808,17.2743,18.2897,1.01539
24-Jul-2026,76.909,0.517808,14.2329,15.0469,0.81398
24-Jul-2026,81.1817,0.517808,11.4892,12.0043,0.515104
24-Jul-2026,85.4544,0.517808,9.06855,9.21037,0.141815
24-Jul-2026,89.7272,0.517808,6.98538,6.72729,0.258094
24-Jul-2026,93.9999,0.517808,5.2413,4.62969,0.61161
24-Jul-2026,98.2726,0.517808,3.82442,2.98824,0.83618
24-Jul-2026,102.545,0.517808,2.71024,1.82863,0.881615
24-Jul-2026,68.3636,0.594521,21.1632,22.3749,1.21171
24-Jul-2026,72.6363,0.594521,17.9348,19.0361,1.10132
24-Jul-2026,76.909,0.594521,14.9591,15.8567,0.897578
24-Jul-2026,81.1817,0.594521,12.2629,12.8687,0.605832
24-Jul-2026,85.4544,0.594521,9.86599,10.1128,0.246764
24-Jul-2026,89.7272,0.594521,7.77942,7.63873,0.140693
24-Jul-2026,93.9999,0.594521,6.00405,5.50485,0.4992
24-Jul-2026,98.2726,0.594521,4.53037,3.76771,0.762662
24-Jul-2026,102.545,0.594521,3.33907,2.45893,0.880145
24-Jul-2026,68.3636,0.684932,21.8061,23.1191,1.31296
24-Jul-2026,72.6363,0.684932,18.6541,19.8499,1.19583
24-Jul-2026,76.909,0.684932,15.743,16.7359,0.992859
24-Jul-2026,81.1817,0.684932,13.094,13.8044,0.710387
24-Jul-2026,85.4544,0.684932,10.7225,11.089,0.366499
24-Jul-2026,89.7272,0.684932,8.63635,8.62954,0.00680901
24-Jul-2026,93.9999,0.684932,6.83584,6.47111,0.364725
24-Jul-2026,98.2726,0.684932,5.31303,4.658,0.655032
24-Jul-2026,102.545,0.684932,4.05248,3.22065,0.83183
24-Jul-2026,68.3636,0.767123,22.3928,23.7952,1.40235
24-Jul-2026,72.6363,0.767123,19.3043,20.5863,1.28202
24-Jul-2026,76.909,0.767123,16.4468,17.5286,1.08179
24-Jul-2026,81.1817,0.767123,13.8375,14.6459,0.808422
24-Jul-2026,85.4544,0.767123,11.4885,11.9666,0.47814
24-Jul-2026,89.7272,0.767123,9.40575,9.52349,0.117736
24-Jul-2026,93.9999,0.767123,7.58877,7.35269,0.236077
24-Jul-2026,98.2726,0.767123,6.03061,5.48983,0.540783
24-Jul-2026,102.545,0.767123,4.71827,3.9619,0.756366
24-Jul-2026,68.3636,0.852055,22.98,24.4697,1.48965
24-Jul-2026,72.6363,0.852055,19.9504,21.3185,1.36813
24-Jul-2026,76.909,0.852055,17.1425,18.3146,1.17207
24-Jul-2026,81.1817,0.852055,14.5705,15.4786,0.908114
24-Jul-2026,85.4544,0.852055,12.2437,12.8347,0.591028
24-Jul-2026,89.7272,0.852055,10.1665,10.41,0.243518
24-Jul-2026,93.9999,0.852055,8.33781,8.23389,0.10392
24-Jul-2026,98.2726,0.852055,6.7514,6.33507,0.41633
24-Jul-2026,102.545,0.852055,5.39601,4.73669,0.659325
27-Jul-2026,68.594,0.0109589,17.1723,17.1722,6.96358e-05
27-Jul-2026,72.8811,0.0109589,12.8867,12.8866,7.31976e-05
27-Jul-2026,77.1682,0.0109589,8.60111,8.60191,0.000800129
27-Jul-2026,81.4553,0.0109589,4.3415,4.36312,0.021618
27-Jul-2026,85.7424,0.0109589,0.912846,0.89515,0.0176959
27-Jul-2026,90.0296,0.0109589,0.0229772,0.00544951,0.0175277
27-Jul-2026,94.3167,0.0109589,2.0997e-05,4.85703e-08,2.09484e-05
27-Jul-2026,98.6038,0.0109589,3.21994e-10,2.23559e-14,3.21972e-10
27-Jul-2026,102.891,0.0109589,1.72251e-15,3.75899e-15,2.03648e-15
27-Jul-2026,68.594,0.030137,17.2379,17.2426,0.00467904
27-Jul-2026,72.8811,0.030137,12.9592,12.9832,0.0240276
27-Jul-2026,77.1682,0.030137,8.7211,8.80126,0.0801555
27-Jul-2026,81.4553,0.030137,4.77198,4.8923,0.120318
27-Jul-2026,85.7424,0.030137,1.80433,1.75247,0.0518579
27-Jul-2026,90.0296,0.030137,0.382158,0.195691,0.186467
27-Jul-2026,94.3167,0.030137,0.0365901,0.00453502,0.0320551
27-Jul-2026,98.6038,0.030137,0.00132038,5.77959e-05,0.00126258
27-Jul-2026,102.891,0.030137,1.60408e-05,6.24248e-07,1.54166e-05
27-Jul-2026,68.594,0.0493151,17.2937,17.3266,0.0329026
27-Jul-2026,72.8811,0.0493151,13.037,13.1256,0.0886447
27-Jul-2026,77.1682,0.0493151,8.8912,9.05975,0.168546
27-Jul-2026,81.4553,0.0493151,5.14725,5.31038,0.163128
27-Jul-2026,85.7424,0.0493151,2.31071,2.2283,0.0824054
27-Jul-2026,90.0296,0.0493151,0.721399,0.421811,0.299588
27-Jul-2026,94.3167,0.0493151,0.139825,0.0307661,0.109059
27-Jul-2026,98.6038,0.0493151,0.0152031,0.00168515,0.0135179
27-Jul-2026,102.891,0.0493151,0.000867316,8.72584e-05,0.000780058
27-Jul-2026,68.594,0.0684932,17.3721,17.4701,0.0980217
27-Jul-2026,72.8811,0.0684932,13.165,13.3496,0.184579
27-Jul-2026,77.1682,0.0684932,9.14161,9.39836,0.256747
27-Jul-2026,81.4553,0.0684932,5.57505,5.76535,0.190304
27-Jul-2026,85.7424,0.0684932,2.82676,2.70859,0.118167
27-Jul-2026,90.0296,0.0684932,1.11798,0.714184,0.403796
27-Jul-2026,94.3167,0.0684932,0.322513,0.0979138,0.224599
27-Jul-2026,98.6038,0.0684932,0.0638137,0.0115833,0.0522304
27-Jul-2026,102.891,0.0684932,0.00830248,0.0013695,0.00693298
27-Jul-2026,68.594,0.0876712,17.448,17.6115,0.163483
27-Jul-2026,72.8811,0.0876712,13.2914,13.5516,0.260166
27-Jul-2026,77.1682,0.0876712,9.36069,9.67266,0.311968
27-Jul-2026,81.4553,0.0876712,5.90127,6.10224,0.200975
27-Jul-2026,85.7424,0.0876712,3.19958,3.05627,0.143306
27-Jul-2026,90.0296,0.0876712,1.42501,0.957275,0.467735
27-Jul-2026,94.3167,0.0876712,0.49675,0.176723,0.320027
27-Jul-2026,98.6038,0.0876712,0.129605,0.0294689,0.100136
27-Jul-2026,102.891,0.0876712,0.0245286,0.00503788,0.0194907
27-Jul-2026,68.594,0.0958904,17.4948,17.6961,0.201348
27-Jul-2026,72.8811,0.0958904,13.3679,13.6669,0.299
27-Jul-2026,77.1682,0.0958904,9.48456,9.8218,0.337243
27-Jul-2026,81.4553,0.0958904,6.07462,6.27895,0.204326
27-Jul-2026,85.7424,0.0958904,3.3932,3.23793,0.15527
27-Jul-2026,90.0296,0.0958904,1.58947,1.09287,0.496604
27-Jul-2026,94.3167,0.0958904,0.599127,0.228248,0.370879
27-Jul-2026,98.6038,0.0958904,0.174889,0.0435919,0.131297
27-Jul-2026,102.891,0.0958904,0.038479,0.00862107,0.0298579
27-Jul-2026,68.594,0.178082,17.9883,18.4745,0.48618
27-Jul-2026,72.8811,0.178082,14.1001,14.6359,0.535848
27-Jul-2026,77.1682,0.178082,10.5163,10.9807,0.464423
27-Jul-2026,81.4553,0.178082,7.37272,7.58778,0.215058
27-Jul-2026,85.7424,0.178082,4.79156,4.58968,0.201884
27-Jul-2026,90.0296,0.178082,2.84311,2.22855,0.614563
27-Jul-2026,94.3167,0.178082,1.5161,0.825554,0.690546
27-Jul-2026,98.6038,0.178082,0.715992,0.276177,0.439815
27-Jul-2026,102.891,0.178082,0.296226,0.0969395,0.199287
27-Jul-2026,68.594,0.260274,18.5806,19.2685,0.687916
27-Jul-2026,72.8811,0.260274,14.8806,15.5581,0.677463
27-Jul-2026,77.1682,0.260274,11.4876,12.0251,0.537472
27-Jul-2026,81.4553,0.260274,8.49016,8.73334,0.243178
27-Jul-2026,85.7424,0.260274,5.9622,5.78343,0.178773
27-Jul-2026,90.0296,0.260274,3.94652,3.3385,0.608018
27-Jul-2026,94.3167,0.260274,2.44235,1.61908,0.823271
27-Jul-2026,98.6038,0.260274,1.40261,0.697436,0.705174
27-Jul-2026,102.891,0.260274,0.743249,0.301267,0.441982
27-Jul-2026,68.594,0.345205,19.2522,20.0997,0.84746
27-Jul-2026,72.8811,0.345205,15.7085,16.4987,0.790206
27-Jul-2026,77.1682,0.345205,12.46,13.0706,0.610582
27-Jul-2026,81.4553,0.345205,9.56775,9.86825,0.300504
27-Jul-2026,85.7424,0.345205,7.08055,6.96936,0.111195
27-Jul-2026,90.0296,0.345205,5.02651,4.488,0.538506
27-Jul-2026,94.3167,0.345205,3.40729,2.57294,0.834347
27-Jul-2026,98.6038,0.345205,2.19622,1.32785,0.868365
27-Jul-2026,102.891,0.345205,1.34172,0.659476,0.682244
27-Jul-2026,68.594,0.430137,19.9012,20.8723,0.971055
27-Jul-2026,72.8811,0.430137,16.477,17.3614,0.884439
27-Jul-2026,77.1682,0.430137,13.3342,14.0194,0.685231
27-Jul-2026,81.4553,0.430137,10.5178,10.8911,0.373299
27-Jul-2026,85.7424,0.430137,8.06277,8.03842,0.0243458
27-Jul-2026,90.0296,0.430137,5.98893,5.54627,0.442664
27-Jul-2026,94.3167,0.430137,4.29802,3.52077,0.777248
27-Jul-2026,98.6038,0.430137,2.97246,2.05343,0.919029
27-Jul-2026,102.891,0.430137,1.97702,1.13504,0.841975
27-Jul-2026,68.594,0.509589,20.5748,21.6587,1.08389
27-Jul-2026,72.8811,0.509589,17.2546,18.232,0.977387
27-Jul-2026,77.1682,0.509589,14.2016,14.9699,0.768266
27-Jul-2026,81.4553,0.509589,11.4497,11.9103,0.460611
27-Jul-2026,85.7424,0.509589,9.02458,9.1032,0.0786179
27-Jul-2026,90.0296,0.509589,6.94039,6.61299,0.327404
27-Jul-2026,94.3167,0.509589,5.19828,4.51721,0.681066
27-Jul-2026,98.6038,0.509589,3.78564,2.88864,0.897
27-Jul-2026,102.891,0.509589,2.67708,1.75061,0.926474
27-Jul-2026,68.594,0.586301,21.1349,22.3057,1.17081
27-Jul-2026,72.8811,0.586301,17.8904,18.9438,1.05339
27-Jul-2026,77.1682,0.586301,14.9019,15.7428,0.84094
27-Jul-2026,81.4553,0.586301,12.1967,12.736,0.539315
27-Jul-2026,85.7424,0.586301,9.79496,9.96534,0.170375
27-Jul-2026,90.0296,0.586301,7.70742,7.48301,0.224406
27-Jul-2026,94.3167,0.586301,5.93461,5.35009,0.584521
27-Jul-2026,98.6038,0.586301,4.46635,3.62554,0.840807
27-Jul-2026,102.891,0.586301,3.28245,2.34019,0.942261
27-Jul-2026,68.594,0.676712,21.8141,23.085,1.27092
27-Jul-2026,72.8811,0.676712,18.6518,19.7969,1.14508
27-Jul-2026,77.1682,0.676712,15.7329,16.6652,0.932304
27-Jul-2026,81.4553,0.676712,13.0786,13.7182,0.639613
27-Jul-2026,85.7424,0.676712,10.704,10.9903,0.286323
27-Jul-2026,90.0296,0.676712,8.61698,8.52264,0.0943415
27-Jul-2026,94.3167,0.676712,6.81717,6.36178,0.455394
27-Jul-2026,98.6038,0.676712,5.29622,4.55337,0.742854
27-Jul-2026,102.891,0.676712,4.03818,3.12791,0.910268
27-Jul-2026,68.594,0.758904,22.4074,23.7625,1.35511
27-Jul-2026,72.8811,0.758904,19.3102,20.5353,1.22512
27-Jul-2026,77.1682,0.758904,16.4463,17.4606,1.01434
27-Jul-2026,81.4553,0.758904,13.8327,14.563,0.730295
27-Jul-2026,85.7424,0.758904,11.4813,11.8715,0.390179
27-Jul-2026,90.0296,0.758904,9.39778,9.41981,0.0220333
27-Jul-2026,94.3167,0.758904,7.58126,7.24538,0.33588
27-Jul-2026,98.6038,0.758904,6.02438,5.3848,0.63958
27-Jul-2026,102.891,0.758904,4.71373,3.86534,0.848394
27-Jul-2026,68.594,0.843836,23.0013,24.4384,1.43709
27-Jul-2026,72.8811,0.843836,19.9644,21.2695,1.30509
27-Jul-2026,77.1682,0.843836,17.1513,18.2491,1.09785
27-Jul-2026,81.4553,0.843836,14.5758,15.3987,0.822888
27-Jul-2026,85.7424,0.843836,12.2472,12.7428,0.495608
27-Jul-2026,90.0296,0.843836,10.1694,10.3094,0.139988
27-Jul-2026,94.3167,0.843836,8.34116,8.12872,0.212439
27-Jul-2026,98.6038,0.843836,6.75566,6.23036,0.525304
27-Jul-2026,102.891,0.843836,5.40139,4.6377,0.76369
28-Jul-2026,68.6084,0.00821918,17.1692,17.1692,7.58519e-07
28-Jul-2026,72.8964,0.00821918,12.8822,12.8823,6.97916e-05
28-Jul-2026,77.1844,0.00821918,8.59529,8.59547,0.000181736
28-Jul-2026,81.4725,0.00821918,4.31842,4.32987,0.0114527
28-Jul-2026,85.7605,0.00821918,0.785218,0.773455,0.0117632
28-Jul-2026,90.0485,0.00821918,0.00839852,0.00147862,0.0069199
28-Jul-2026,94.3365,0.00821918,9.32315e-07,4.00888e-10,9.31914e-07
28-Jul-2026,98.6246,0.00821918,3.81258e-13,1.19571e-15,3.80062e-13
28-Jul-2026,68.6084,0.0273973,17.2319,17.2353,0.00337436
28-Jul-2026,72.8964,0.0273973,12.9508,12.9699,0.019094
28-Jul-2026,77.1844,0.0273973,8.70271,8.77365,0.0709403
28-Jul-2026,81.4725,0.0273973,4.72335,4.84051,0.117162
28-Jul-2026,85.7605,0.0273973,1.73253,1.68966,0.0428715
28-Jul-2026,90.0485,0.0273973,0.339874,0.171794,0.16808
28-Jul-2026,94.3365,0.0273973,0.0280862,0.00321115,0.0248751
28-Jul-2026,98.6246,0.0273973,0.00080002,3.10275e-05,0.000768993
28-Jul-2026,102.913,0.0273973,6.95066e-06,2.48671e-07,6.70199e-06
28-Jul-2026,68.6084,0.0465753,17.2849,17.3135,0.0286049
28-Jul-2026,72.8964,0.0465753,13.0232,13.1042,0.0809808
28-Jul-2026,77.1844,0.0465753,8.86384,9.02531,0.16147
28-Jul-2026,81.4725,0.0465753,5.09705,5.26145,0.164395
28-Jul-2026,85.7605,0.0465753,2.24835,2.17619,0.0721575
28-Jul-2026,90.0485,0.0465753,0.676663,0.39422,0.282443
28-Jul-2026,94.3365,0.0465753,0.122965,0.0263738,0.0965912
28-Jul-2026,98.6246,0.0465753,0.0121023,0.00129823,0.0108041
28-Jul-2026,102.913,0.0465753,0.000600994,5.99542e-05,0.00054104
28-Jul-2026,68.6084,0.0657534,17.359,17.4507,0.0917254
28-Jul-2026,72.8964,0.0657534,13.1445,13.3219,0.177403
28-Jul-2026,77.1844,0.0657534,9.10746,9.36073,0.253274
28-Jul-2026,81.4725,0.0657534,5.52434,5.71906,0.194724
28-Jul-2026,85.7605,0.0657534,2.76916,2.66171,0.10745
28-Jul-2026,90.0485,0.0657534,1.07231,0.684203,0.388107
28-Jul-2026,94.3365,0.0657534,0.29879,0.0898578,0.208932
28-Jul-2026,98.6246,0.0657534,0.0561406,0.0101131,0.0460275
28-Jul-2026,102.913,0.0657534,0.0068061,0.00113344,0.00567266
28-Jul-2026,68.6084,0.0849315,17.4311,17.5881,0.156975
28-Jul-2026,72.8964,0.0849315,13.2662,13.5206,0.254406
28-Jul-2026,77.1844,0.0849315,9.32274,9.63366,0.310921
28-Jul-2026,81.4725,0.0849315,5.85011,6.057,0.206893
28-Jul-2026,85.7605,0.0849315,3.14372,3.01106,0.132661
28-Jul-2026,90.0485,0.0849315,1.37876,0.925647,0.453113
28-Jul-2026,94.3365,0.0849315,0.469097,0.166008,0.303089
28-Jul-2026,98.6246,0.0849315,0.118141,0.0268294,0.0913116
28-Jul-2026,102.913,0.0849315,0.0213196,0.00443516,0.0168844
28-Jul-2026,68.6084,0.0931507,17.4758,17.6709,0.195066
28-Jul-2026,72.8964,0.0931507,13.3404,13.6345,0.294097
28-Jul-2026,77.1844,0.0931507,9.44487,9.78218,0.337309
28-Jul-2026,81.4725,0.0931507,6.02316,6.23394,0.210784
28-Jul-2026,85.7605,0.0931507,3.33787,3.19311,0.144765
28-Jul-2026,90.0485,0.0931507,1.54287,1.06035,0.482523
28-Jul-2026,94.3365,0.0931507,0.569688,0.216136,0.353552
28-Jul-2026,98.6246,0.0931507,0.161433,0.0402549,0.121178
28-Jul-2026,102.913,0.0931507,0.0341364,0.00774978,0.0263866
28-Jul-2026,68.6084,0.175342,17.9544,18.4382,0.483762
28-Jul-2026,72.8964,0.175342,14.0582,14.5948,0.536613
28-Jul-2026,77.1844,0.175342,10.4665,10.9355,0.468961
28-Jul-2026,81.4725,0.175342,7.31738,7.53982,0.222439
28-Jul-2026,85.7605,0.175342,4.73564,4.54224,0.193397
28-Jul-2026,90.0485,0.175342,2.7928,2.18858,0.604221
28-Jul-2026,94.3365,0.175342,1.47661,0.802169,0.674441
28-Jul-2026,98.6246,0.175342,0.689417,0.266166,0.423251
28-Jul-2026,102.913,0.175342,0.281103,0.0927675,0.188335
28-Jul-2026,68.6084,0.257534,18.5352,19.2237,0.688536
28-Jul-2026,72.8964,0.257534,14.8288,15.5092,0.680432
28-Jul-2026,77.1844,0.257534,11.4305,11.973,0.542461
28-Jul-2026,81.4725,0.257534,8.43005,8.67928,0.249226
28-Jul-2026,85.7605,0.257534,5.90273,5.73014,0.172588
28-Jul-2026,90.0485,0.257534,3.89181,3.29113,0.600685
28-Jul-2026,94.3365,0.257534,2.39607,1.58501,0.811059
28-Jul-2026,98.6246,0.257534,1.36699,0.678789,0.688201
28-Jul-2026,102.913,0.257534,0.718508,0.292147,0.426361
28-Jul-2026,68.6084,0.342466,19.1971,20.0464,0.849348
28-Jul-2026,72.8964,0.342466,15.6482,16.4418,0.793572
28-Jul-2026,77.1844,0.342466,12.396,13.0108,0.614791
28-Jul-2026,81.4725,0.342466,9.50239,9.80696,0.304571
28-Jul-2026,85.7605,0.342466,7.01656,6.90905,0.107511
28-Jul-2026,90.0485,0.342466,4.96695,4.43279,0.53416
28-Jul-2026,94.3365,0.342466,3.35492,2.52857,0.826348
28-Jul-2026,98.6246,0.342466,2.15302,1.29848,0.854538
28-Jul-2026,102.913,0.342466,1.30844,0.642807,0.665633
28-Jul-2026,68.6084,0.427397,19.8381,20.8113,0.973249
28-Jul-2026,72.8964,0.427397,16.4098,17.297,0.887171
28-Jul-2026,77.1844,0.427397,13.2644,13.9524,0.687956
28-Jul-2026,81.4725,0.427397,10.4475,10.8228,0.3753
28-Jul-2026,85.7605,0.427397,7.99432,7.97123,0.0230893
28-Jul-2026,90.0485,0.427397,5.92478,5.48367,0.441107
28-Jul-2026,94.3365,0.427397,4.24041,3.46743,0.772978
28-Jul-2026,98.6246,0.427397,2.92309,2.0137,0.90939
28-Jul-2026,102.913,0.427397,1.9368,1.10936,0.827438
28-Jul-2026,68.6084,0.506849,20.5044,21.5901,1.08565
28-Jul-2026,72.8964,0.506849,17.181,18.1599,0.978889
28-Jul-2026,77.1844,0.506849,14.1262,14.8953,0.769131
28-Jul-2026,81.4725,0.506849,11.3744,11.8347,0.460342
28-Jul-2026,85.7605,0.506849,8.95146,9.02879,0.077328
28-Jul-2026,90.0485,0.506849,6.87152,6.54279,0.32873
28-Jul-2026,94.3365,0.506849,5.13554,4.45509,0.680446
28-Jul-2026,98.6246,0.506849,3.73049,2.8386,0.891887
28-Jul-2026,102.913,0.506849,2.63042,1.71459,0.915831
28-Jul-2026,68.6084,0.583562,21.059,22.2308,1.17178
28-Jul-2026,72.8964,0.583562,17.8117,18.8655,1.05375
28-Jul-2026,77.1844,0.583562,14.822,15.6622,0.840156
28-Jul-2026,81.4725,0.583562,12.1174,12.6544,0.536996
28-Jul-2026,85.7605,0.583562,9.71796,9.88488,0.166916
28-Jul-2026,90.0485,0.583562,7.63465,7.40649,0.228155
28-Jul-2026,94.3365,0.583562,5.86772,5.28089,0.586828
28-Jul-2026,98.6246,0.583562,4.40666,3.5673,0.839362
28-Jul-2026,102.913,0.583562,3.23082,2.29535,0.935471
28-Jul-2026,68.6084,0.673973,21.7318,23.0026,1.27077
28-Jul-2026,72.8964,0.673973,18.5673,19.711,1.14374
28-Jul-2026,77.1844,0.673973,15.6476,16.5771,0.929498
28-Jul-2026,81.4725,0.673973,12.9942,13.6292,0.635037
28-Jul-2026,85.7605,0.673973,10.6223,10.9025,0.280169
28-Jul-2026,90.0485,0.673973,8.53948,8.43842,0.101058
28-Jul-2026,94.3365,0.673973,6.74533,6.28414,0.461192
28-Jul-2026,98.6246,0.673973,5.23121,4.48551,0.745698
28-Jul-2026,102.913,0.673973,3.98081,3.07245,0.908358
28-Jul-2026,68.6084,0.756164,22.3198,23.6736,1.35377
28-Jul-2026,72.8964,0.756164,19.2208,20.443,1.22219
28-Jul-2026,77.1844,0.756164,16.3565,17.3661,1.00957
28-Jul-2026,81.4725,0.756164,13.7441,14.4676,0.72347
28-Jul-2026,85.7605,0.756164,11.3954,11.7771,0.381711
28-Jul-2026,90.0485,0.756164,9.31613,9.32884,0.0127053
28-Jul-2026,94.3365,0.756164,7.50513,7.16043,0.344695
28-Jul-2026,98.6246,0.756164,5.95481,5.30877,0.646038
28-Jul-2026,102.913,0.756164,4.65149,3.80078,0.850709
28-Jul-2026,68.6084,0.841096,22.9085,24.343,1.43449
28-Jul-2026,72.8964,0.841096,19.8701,21.1707,1.30059
28-Jul-2026,77.1844,0.841096,17.057,18.1481,1.0911
28-Jul-2026,81.4725,0.841096,14.4829,15.2968,0.813882
28-Jul-2026,85.7605,0.841096,12.1572,12.6419,0.484672
28-Jul-2026,90.0485,0.841096,10.0836,10.2116,0.128002
28-Jul-2026,94.3365,0.841096,8.26071,8.03649,0.224222
28-Jul-2026,98.6246,0.841096,6.68157,6.14629,0.535281
28-Jul-2026,102.913,0.841096,5.33437,4.56423,0.770145
29-Jul-2026,66.7103,0.00547945,16.6889,16.6889,2.09912e-05
29-Jul-2026,75.0491,0.00547945,8.35148,8.35149,1.237e-05
29-Jul-2026,79.2185,0.00547945,4.18531,4.18785,0.00254465
29-Jul-2026,83.3879,0.00547945,0.645237,0.612884,0.0323529
29-Jul-2026,87.5573,0.00547945,0.00205978,0.000129385,0.0019304
29-Jul-2026,91.7267,0.00547945,1.12184e-08,4.48259e-14,1.12184e-08
29-Jul-2026,66.7103,0.0246575,16.7509,16.7531,0.00218707
29-Jul-2026,70.8797,0.0246575,12.5878,12.6014,0.0136338
29-Jul-2026,75.0491,0.0246575,8.45607,8.50857,0.0525029
29-Jul-2026,79.2185,0.0246575,4.58571,4.65994,0.0742277
29-Jul-2026,83.3879,0.0246575,1.68192,1.58304,0.0988793
29-Jul-2026,87.5573,0.0246575,0.332473,0.145252,0.187221
29-Jul-2026,91.7267,0.0246575,0.0282992,0.00212636,0.0261728
29-Jul-2026,95.8961,0.0246575,0.000861974,1.49523e-05,0.000847022
29-Jul-2026,100.065,0.0246575,8.34286e-06,8.5119e-08,8.25774e-06
29-Jul-2026,66.7103,0.0438356,16.8034,16.8266,0.0232343
29-Jul-2026,70.8797,0.0438356,12.6605,12.7269,0.0664014
29-Jul-2026,75.0491,0.0438356,8.62126,8.74887,0.127613
29-Jul-2026,79.2185,0.0438356,4.97169,5.07464,0.10295
29-Jul-2026,83.3879,0.0438356,2.21529,2.07002,0.14527
29-Jul-2026,87.5573,0.0438356,0.684502,0.358848,0.325654
29-Jul-2026,91.7267,0.0438356,0.131416,0.0219007,0.109515
29-Jul-2026,95.8961,0.0438356,0.0142308,0.00096041,0.0132704
29-Jul-2026,100.065,0.0438356,0.000813192,3.92026e-05,0.000773989
29-Jul-2026,66.7103,0.0630137,16.878,16.9574,0.0793973
29-Jul-2026,70.8797,0.0630137,12.7852,12.9359,0.150683
29-Jul-2026,75.0491,0.0630137,8.87301,9.07516,0.202154
29-Jul-2026,79.2185,0.0630137,5.4103,5.52561,0.11531
29-Jul-2026,83.3879,0.0630137,2.74817,2.55066,0.197511
29-Jul-2026,87.5573,0.0630137,1.09457,0.640488,0.454082
29-Jul-2026,91.7267,0.0630137,0.321215,0.0805373,0.240678
29-Jul-2026,95.8961,0.0630137,0.0656296,0.00860235,0.0570273
29-Jul-2026,100.065,0.0630137,0.00896427,0.000911853,0.00805242
29-Jul-2026,66.7103,0.0821918,16.9516,17.0898,0.138195
29-Jul-2026,70.8797,0.0821918,12.9111,13.1286,0.217533
29-Jul-2026,75.0491,0.0821918,9.09495,9.34195,0.247003
29-Jul-2026,79.2185,0.0821918,5.74306,5.85801,0.11495
29-Jul-2026,83.3879,0.0821918,3.12945,2.89462,0.234826
29-Jul-2026,87.5573,0.0821918,1.41015,0.875583,0.534567
29-Jul-2026,91.7267,0.0821918,0.502851,0.152658,0.350193
29-Jul-2026,95.8961,0.0821918,0.136274,0.0238868,0.112387
29-Jul-2026,100.065,0.0821918,0.0272472,0.00381495,0.0234322
29-Jul-2026,66.7103,0.090411,16.9976,17.17,0.172384
29-Jul-2026,70.8797,0.090411,12.9878,13.2395,0.251692
29-Jul-2026,75.0491,0.090411,9.22054,9.48728,0.266745
29-Jul-2026,79.2185,0.090411,5.91937,6.03182,0.112452
29-Jul-2026,83.3879,0.090411,3.32664,3.07346,0.253179
29-Jul-2026,87.5573,0.090411,1.57859,1.00683,0.571758
29-Jul-2026,91.7267,0.090411,0.609367,0.200518,0.408849
29-Jul-2026,95.8961,0.090411,0.184876,0.0363946,0.148481
29-Jul-2026,100.065,0.090411,0.0429781,0.00681702,0.0361611
29-Jul-2026,66.7103,0.172603,17.4915,17.9177,0.426179
29-Jul-2026,70.8797,0.172603,13.7269,14.1773,0.450397
29-Jul-2026,75.0491,0.172603,10.2644,10.6158,0.351393
29-Jul-2026,79.2185,0.172603,7.23163,7.31113,0.0795028
29-Jul-2026,83.3879,0.172603,4.74075,4.39453,0.34622
29-Jul-2026,87.5573,0.172603,2.85308,2.10715,0.745932
29-Jul-2026,91.7267,0.172603,1.5548,0.766102,0.788698
29-Jul-2026,95.8961,0.172603,0.757534,0.25221,0.505324
29-Jul-2026,100.065,0.172603,0.32679,0.0872762,0.239514
29-Jul-2026,66.7103,0.254795,18.0884,18.6851,0.5967
29-Jul-2026,70.8797,0.254795,14.5142,15.0709,0.556733
29-Jul-2026,75.0491,0.254795,11.2423,11.63,0.38765
29-Jul-2026,79.2185,0.254795,8.35451,8.42495,0.0704397
29-Jul-2026,83.3879,0.254795,5.91705,5.5553,0.361749
29-Jul-2026,87.5573,0.254795,3.96632,3.1831,0.783223
29-Jul-2026,91.7267,0.254795,2.49891,1.52682,0.972086
29-Jul-2026,95.8961,0.254795,1.47039,0.650958,0.819432
29-Jul-2026,100.065,0.254795,0.804043,0.279174,0.524869
29-Jul-2026,66.7103,0.339726,18.7649,19.4889,0.724048
29-Jul-2026,70.8797,0.339726,15.347,15.9821,0.635059
29-Jul-2026,75.0491,0.339726,12.2183,12.6439,0.425579
29-Jul-2026,79.2185,0.339726,9.43418,9.52653,0.0923536
29-Jul-2026,83.3879,0.339726,7.03751,6.70668,0.330829
29-Jul-2026,87.5573,0.339726,5.05163,4.29747,0.754157
29-Jul-2026,91.7267,0.339726,3.47584,2.44618,1.02966
29-Jul-2026,95.8961,0.339726,2.28446,1.25272,1.03174
29-Jul-2026,100.065,0.339726,1.43024,0.618655,0.811585
29-Jul-2026,66.7103,0.424658,19.4175,20.2363,0.818775
29-Jul-2026,70.8797,0.424658,16.1185,16.8175,0.698989
29-Jul-2026,75.0491,0.424658,13.094,13.5636,0.469552
29-Jul-2026,79.2185,0.424658,10.3844,10.5186,0.134222
29-Jul-2026,83.3879,0.424658,8.01987,7.74387,0.275996
29-Jul-2026,87.5573,0.424658,6.01645,5.32334,0.693111
29-Jul-2026,91.7267,0.424658,4.37383,3.36196,1.01187
29-Jul-2026,95.8961,0.424658,3.07473,1.94911,1.12562
29-Jul-2026,100.065,0.424658,2.08662,1.0719,1.01472
29-Jul-2026,66.7103,0.50411,20.0939,20.997,0.903148
29-Jul-2026,70.8797,0.50411,16.898,17.6604,0.762386
29-Jul-2026,75.0491,0.50411,13.9618,14.4845,0.522707
29-Jul-2026,79.2185,0.50411,11.3155,11.5068,0.191302
29-Jul-2026,83.3879,0.50411,8.9807,8.77647,0.204226
29-Jul-2026,87.5573,0.50411,6.96872,6.35729,0.611426
29-Jul-2026,91.7267,0.50411,5.27887,4.3258,0.953072
29-Jul-2026,95.8961,0.50411,3.89848,2.7534,1.14508
29-Jul-2026,100.065,0.50411,2.80391,1.66117,1.14274
29-Jul-2026,66.7103,0.580822,20.6558,21.623,0.967191
29-Jul-2026,70.8797,0.580822,17.5346,18.3495,0.814941
29-Jul-2026,75.0491,0.580822,14.6617,15.2334,0.571683
29-Jul-2026,79.2185,0.580822,12.0611,12.3072,0.246067
29-Jul-2026,83.3879,0.580822,9.74966,9.61233,0.13733
29-Jul-2026,87.5573,0.580822,7.73552,7.2005,0.53502
29-Jul-2026,91.7267,0.580822,6.01768,5.13185,0.885832
29-Jul-2026,95.8961,0.580822,4.58574,3.46437,1.12137
29-Jul-2026,100.065,0.580822,3.42075,2.22735,1.1934
29-Jul-2026,66.7103,0.671233,21.3364,22.377,1.04055
29-Jul-2026,70.8797,0.671233,18.2961,19.1754,0.879338
29-Jul-2026,75.0491,0.671233,15.4915,16.1269,0.635377
29-Jul-2026,79.2185,0.671233,12.9408,13.259,0.318237
29-Jul-2026,83.3879,0.671233,10.6564,10.6059,0.0505445
29-Jul-2026,87.5573,0.671233,8.64399,8.20795,0.436039
29-Jul-2026,91.7267,0.671233,6.90187,6.11121,0.790655
29-Jul-2026,95.8961,0.671233,5.42145,4.36055,1.0609
29-Jul-2026,100.065,0.671233,4.18761,2.98552,1.20209
29-Jul-2026,66.7103,0.753425,21.9304,23.0324,1.10202
29-Jul-2026,70.8797,0.753425,18.9542,19.8903,0.936118
29-Jul-2026,75.0491,0.753425,16.2034,16.8973,0.693929
29-Jul-2026,79.2185,0.753425,13.6927,14.0776,0.384899
29-Jul-2026,83.3879,0.753425,11.4313,11.4598,0.0285011
29-Jul-2026,87.5573,0.753425,9.42324,9.07725,0.345985
29-Jul-2026,91.7267,0.753425,7.66642,6.96671,0.69971
29-Jul-2026,95.8961,0.753425,6.15321,5.16422,0.988985
29-Jul-2026,100.065,0.753425,4.8708,3.69642,1.17438
29-Jul-2026,66.7103,0.838356,22.5245,23.6863,1.16184
29-Jul-2026,70.8797,0.838356,19.6075,20.601,0.993533
29-Jul-2026,75.0491,0.838356,16.9066,17.661,0.754397
29-Jul-2026,79.2185,0.838356,14.4332,14.8872,0.454042
29-Jul-2026,83.3879,0.838356,12.1945,12.3041,0.109593
29-Jul-2026,87.5573,0.838356,10.1929,9.9391,0.253802
29-Jul-2026,91.7267,0.838356,8.42601,7.822,0.604012
29-Jul-2026,95.8961,0.838356,6.88694,5.9819,0.905044
29-Jul-2026,100.065,0.838356,5.56452,4.44177,1.12275
30-Jul-2026,66.8222,0.00273973,16.7112,16.7112,4.21384e-05
30-Jul-2026,70.9986,0.00273973,12.5352,12.5351,8.8521e-05
30-Jul-2026,75.175,0.00273973,8.35914,8.35907,7.49035e-05
30-Jul-2026,79.3514,0.00273973,4.18314,4.18314,4.61913e-06
30-Jul-2026,83.5277,0.00273973,0.45486,0.432827,0.0220331
30-Jul-2026,87.7041,0.00273973,2.44282e-05,1.78747e-07,2.42495e-05
30-Jul-2026,91.8805,0.00273973,3.1273e-15,2.60699e-14,2.29426e-14
30-Jul-2026,96.0569,0.00273973,1.08516e-15,4.60347e-16,6.24813e-16
30-Jul-2026,66.8222,0.0219178,16.7734,16.7748,0.00135068
30-Jul-2026,70.9986,0.0219178,12.6024,12.6123,0.00991916
30-Jul-2026,75.175,0.0219178,8.4559,8.5002,0.0443003
30-Jul-2026,79.3514,0.0219178,4.54921,4.61928,0.0700742
30-Jul-2026,83.5277,0.0219178,1.61518,1.52249,0.0926945
30-Jul-2026,87.7041,0.0219178,0.293429,0.124175,0.169254
30-Jul-2026,91.8805,0.0219178,0.0212329,0.0013683,0.0198646
30-Jul-2026,96.0569,0.0219178,0.000499115,6.64239e-06,0.000492473
30-Jul-2026,100.233,0.0219178,3.34935e-06,2.53365e-08,3.32401e-06
30-Jul-2026,66.8222,0.0410959,16.8257,16.8452,0.0195351
30-Jul-2026,70.9986,0.0410959,12.6725,12.7318,0.0593183
30-Jul-2026,75.175,0.0410959,8.61483,8.73486,0.12003
30-Jul-2026,79.3514,0.0410959,4.93782,5.03922,0.101398
30-Jul-2026,83.5277,0.0410959,2.16462,2.02489,0.139728
30-Jul-2026,87.7041,0.0410959,0.646479,0.334539,0.31194
30-Jul-2026,91.8805,0.0410959,0.116993,0.018463,0.09853
30-Jul-2026,96.0569,0.0410959,0.0115765,0.000713324,0.0108632
30-Jul-2026,100.233,0.0410959,0.000583795,2.54121e-05,0.000558383
30-Jul-2026,66.8222,0.060274,16.8991,16.9725,0.073417
30-Jul-2026,70.9986,0.060274,12.794,12.9372,0.1432
30-Jul-2026,75.175,0.060274,8.86401,9.06063,0.196625
30-Jul-2026,79.3514,0.060274,5.38117,5.49624,0.115073
30-Jul-2026,83.5277,0.060274,2.70797,2.51464,0.193333
30-Jul-2026,87.7041,0.060274,1.06039,0.615653,0.444737
30-Jul-2026,91.8805,0.060274,0.302779,0.0739019,0.228877
30-Jul-2026,96.0569,0.060274,0.0594316,0.00746565,0.051966
30-Jul-2026,100.233,0.060274,0.0076881,0.000745358,0.00694274
30-Jul-2026,66.8222,0.0794521,16.9717,17.1032,0.131458
30-Jul-2026,70.9986,0.0794521,12.9183,13.129,0.210658
30-Jul-2026,75.175,0.0794521,9.0858,9.3285,0.2427
30-Jul-2026,79.3514,0.0794521,5.71755,5.83242,0.11487
30-Jul-2026,83.5277,0.0794521,3.09512,2.863,0.232119
30-Jul-2026,87.7041,0.0794521,1.37921,0.85094,0.52827
30-Jul-2026,91.8805,0.0794521,0.483438,0.143989,0.339449
30-Jul-2026,96.0569,0.0794521,0.127844,0.0217755,0.106069
30-Jul-2026,100.233,0.0794521,0.0247399,0.00335243,0.0213875
30-Jul-2026,66.8222,0.0876712,17.0171,17.1827,0.16563
30-Jul-2026,70.9986,0.0876712,12.9945,13.2397,0.245178
30-Jul-2026,75.175,0.0876712,9.21171,9.47459,0.262881
30-Jul-2026,79.3514,0.0876712,5.89574,6.00795,0.11221
30-Jul-2026,83.5277,0.0876712,3.29503,3.04367,0.25136
30-Jul-2026,87.7041,0.0876712,1.54939,0.98238,0.56701
30-Jul-2026,91.8805,0.0876712,0.589928,0.1909,0.399028
30-Jul-2026,96.0569,0.0876712,0.175553,0.0337238,0.141829
30-Jul-2026,100.233,0.0876712,0.0397801,0.00613536,0.0336447
30-Jul-2026,66.8222,0.169863,17.5096,17.93,0.42038
30-Jul-2026,70.9986,0.169863,13.7347,14.1798,0.445097
30-Jul-2026,75.175,0.169863,10.2622,10.6089,0.346731
30-Jul-2026,79.3514,0.169863,7.22145,7.29598,0.0745281
30-Jul-2026,83.5277,0.169863,4.72586,4.37339,0.352465
30-Jul-2026,87.7041,0.169863,2.83731,2.08509,0.75222
30-Jul-2026,91.8805,0.169863,1.54134,0.751354,0.789986
30-Jul-2026,96.0569,0.169863,0.74798,0.245355,0.502625
30-Jul-2026,100.233,0.169863,0.321086,0.084266,0.23682
30-Jul-2026,66.8222,0.252055,18.1093,18.6992,0.589928
30-Jul-2026,70.9986,0.252055,14.5275,15.0764,0.548876
30-Jul-2026,75.175,0.252055,11.2489,11.6271,0.378195
30-Jul-2026,79.3514,0.252055,8.35596,8.41455,0.0585944
30-Jul-2026,83.5277,0.252055,5.91517,5.53895,0.376224
30-Jul-2026,87.7041,0.252055,3.96288,3.16388,0.799001
30-Jul-2026,91.8805,0.252055,2.49532,1.51027,0.98505
30-Jul-2026,96.0569,0.252055,1.46745,0.640772,0.826678
30-Jul-2026,100.233,0.252055,0.802006,0.27377,0.528236
30-Jul-2026,66.8222,0.336986,18.7911,19.5052,0.71412
30-Jul-2026,70.9986,0.336986,15.3679,15.9903,0.622377
30-Jul-2026,75.175,0.336986,12.2348,12.6444,0.409593
30-Jul-2026,79.3514,0.336986,9.44736,9.51998,0.0726202
30-Jul-2026,83.5277,0.336986,7.04836,6.69429,0.354068
30-Jul-2026,87.7041,0.336986,5.06091,4.28135,0.77956
30-Jul-2026,91.8805,0.336986,3.48397,2.42996,1.05401
30-Jul-2026,96.0569,0.336986,2.29154,1.24025,1.05129
30-Jul-2026,100.233,0.336986,1.43619,0.610804,0.825386
30-Jul-2026,66.8222,0.421918,19.45,20.2546,0.804552
30-Jul-2026,70.9986,0.421918,16.1474,16.8281,0.680723
30-Jul-2026,75.175,0.421918,13.1201,13.5669,0.446783
30-Jul-2026,79.3514,0.421918,10.4084,10.5152,0.106821
30-Jul-2026,83.5277,0.421918,8.04231,7.73477,0.307539
30-Jul-2026,87.7041,0.421918,6.03754,5.3101,0.727439
30-Jul-2026,91.8805,0.421918,4.39347,3.34717,1.0463
30-Jul-2026,96.0569,0.421918,3.09256,1.93591,1.15665
30-Jul-2026,100.233,0.421918,2.10223,1.06221,1.04002
30-Jul-2026,66.8222,0.50137,20.1337,21.0174,0.88366
30-Jul-2026,70.9986,0.50137,16.9355,17.6734,0.737894
30-Jul-2026,75.175,0.50137,13.9978,14.4905,0.492744
30-Jul-2026,79.3514,0.50137,11.3504,11.5064,0.155989
30-Jul-2026,83.5277,0.50137,9.01479,8.77049,0.244295
30-Jul-2026,87.7041,0.50137,7.0018,6.34696,0.654838
30-Jul-2026,91.8805,0.50137,5.31049,4.31302,0.997469
30-Jul-2026,96.0569,0.50137,3.92799,2.74061,1.18738
30-Jul-2026,100.233,0.50137,2.83061,1.65043,1.18018
30-Jul-2026,66.8222,0.578082,20.7019,21.645,0.943075
30-Jul-2026,70.9986,0.578082,17.5794,18.3645,0.785063
30-Jul-2026,75.175,0.578082,14.706,15.2416,0.535568
30-Jul-2026,79.3514,0.578082,12.1051,12.3091,0.204002
30-Jul-2026,83.5277,0.578082,9.79326,9.60881,0.184455
30-Jul-2026,87.7041,0.578082,7.77843,7.19252,0.585907
30-Jul-2026,91.8805,0.578082,6.05924,5.12095,0.938288
30-Jul-2026,96.0569,0.578082,4.62515,3.45251,1.17264
30-Jul-2026,100.233,0.578082,3.45715,2.21643,1.24072
30-Jul-2026,66.8222,0.668493,21.3905,22.4009,1.01044
30-Jul-2026,70.9986,0.668493,18.3501,19.1926,0.842527
30-Jul-2026,75.175,0.668493,15.5458,16.1376,0.59178
30-Jul-2026,79.3514,0.668493,12.9956,13.2637,0.268104
30-Jul-2026,83.5277,0.668493,10.7114,10.6052,0.106217
30-Jul-2026,87.7041,0.668493,8.69864,8.20277,0.495874
30-Jul-2026,91.8805,0.668493,6.95543,6.10273,0.8527
30-Jul-2026,96.0569,0.668493,5.47295,4.3503,1.12265
30-Jul-2026,100.233,0.668493,4.23606,2.9751,1.26096
30-Jul-2026,66.8222,0.750685,21.9917,23.0582,1.06646
30-Jul-2026,70.9986,0.750685,19.0162,19.9095,0.893251
30-Jul-2026,75.175,0.750685,16.2665,16.9102,0.64367
30-Jul-2026,79.3514,0.750685,13.7567,14.0846,0.327869
30-Jul-2026,83.5277,0.750685,11.4961,11.4615,0.034567
30-Jul-2026,87.7041,0.750685,9.48801,9.07445,0.413556
30-Jul-2026,91.8805,0.750685,7.73035,6.96039,0.769959
30-Jul-2026,96.0569,0.750685,6.21527,5.15565,1.05962
30-Jul-2026,100.233,0.750685,4.92991,3.68692,1.24299
30-Jul-2026,66.8222,0.835616,22.5931,23.7138,1.1207
30-Jul-2026,70.9986,0.835616,19.6776,20.6221,0.94448
30-Jul-2026,75.175,0.835616,16.9783,17.6759,0.697631
30-Jul-2026,79.3514,0.835616,14.5064,14.8965,0.390056
30-Jul-2026,83.5277,0.835616,12.2688,12.3082,0.0393657
30-Jul-2026,87.7041,0.835616,10.2676,9.93864,0.32896
30-Jul-2026,91.8805,0.835616,8.50022,7.81787,0.68235
30-Jul-2026,96.0569,0.835616,6.9595,5.97515,0.98435
30-Jul-2026,100.233,0.835616,5.63431,4.43352,1.20079
31-Jul-2026,67.4787,0.0191781,16.9333,16.9341,0.000818425
31-Jul-2026,71.6961,0.0191781,12.7204,12.7276,0.00717105
31-Jul-2026,75.9136,0.0191781,8.52486,8.56302,0.0381612
31-Jul-2026,80.131,0.0191781,4.54096,4.61631,0.0753515
31-Jul-2026,84.3484,0.0191781,1.54011,1.47143,0.068675
31-Jul-2026,88.5658,0.0191781,0.246299,0.104827,0.141472
31-Jul-2026,92.7832,0.0191781,0.0138012,0.000827725,0.0129735
31-Jul-2026,97.0007,0.0191781,0.000213357,2.59527e-06,0.000210762
31-Jul-2026,101.218,0.0191781,7.85786e-07,6.1701e-09,7.79616e-07
31-Jul-2026,67.4787,0.0383562,16.9862,17.0028,0.0165873
31-Jul-2026,71.6961,0.0383562,12.7882,12.8423,0.0541401
31-Jul-2026,75.9136,0.0383562,8.67436,8.79346,0.119098
31-Jul-2026,80.131,0.0383562,4.92788,5.04516,0.117285
31-Jul-2026,84.3484,0.0383562,2.10529,1.99551,0.109784
31-Jul-2026,88.5658,0.0383562,0.593917,0.31318,0.280737
31-Jul-2026,92.7832,0.0383562,0.096898,0.0154879,0.0814101
31-Jul-2026,97.0007,0.0383562,0.00814162,0.000520679,0.00762094
31-Jul-2026,101.218,0.0383562,0.000326031,1.59736e-05,0.000310057
31-Jul-2026,67.4787,0.0575342,17.059,17.1281,0.0691257
31-Jul-2026,71.6961,0.0575342,12.9053,13.0461,0.140787
31-Jul-2026,75.9136,0.0575342,8.91725,9.12166,0.204407
31-Jul-2026,80.131,0.0575342,5.37299,5.51277,0.13978
31-Jul-2026,84.3484,0.0575342,2.65782,2.49957,0.158252
31-Jul-2026,88.5658,0.0575342,1.00677,0.596268,0.410502
31-Jul-2026,92.7832,0.0575342,0.271737,0.0681639,0.203573
31-Jul-2026,97.0007,0.0575342,0.048955,0.00648975,0.0424652
31-Jul-2026,101.218,0.0575342,0.00562291,0.000607969,0.00501494
31-Jul-2026,67.4787,0.0767123,17.1303,17.2585,0.128168
31-Jul-2026,71.6961,0.0767123,13.0264,13.2388,0.212383
31-Jul-2026,75.9136,0.0767123,9.13637,9.39323,0.256858
31-Jul-2026,80.131,0.0767123,5.71121,5.8561,0.14489
31-Jul-2026,84.3484,0.0767123,3.0497,2.85587,0.193828
31-Jul-2026,88.5658,0.0767123,1.32579,0.83398,0.49181
31-Jul-2026,92.7832,0.0767123,0.446373,0.136828,0.309545
31-Jul-2026,97.0007,0.0767123,0.111168,0.019966,0.091202
31-Jul-2026,101.218,0.0767123,0.0198154,0.00295778,0.0168576
31-Jul-2026,67.4787,0.0958904,17.2131,17.4049,0.191841
31-Jul-2026,71.6961,0.0958904,13.1639,13.4411,0.277205
31-Jul-2026,75.9136,0.0958904,9.3621,9.65844,0.296344
31-Jul-2026,80.131,0.0958904,6.02984,6.17338,0.143542
31-Jul-2026,84.3484,0.0958904,3.40688,3.18234,0.22454
31-Jul-2026,88.5658,0.0958904,1.62948,1.0734,0.556079
31-Jul-2026,92.7832,0.0958904,0.635787,0.224089,0.411698
31-Jul-2026,97.0007,0.0958904,0.195554,0.042793,0.152761
31-Jul-2026,101.218,0.0958904,0.0462446,0.00846337,0.0377812
31-Jul-2026,67.4787,0.0849315,17.1749,17.3383,0.163402
31-Jul-2026,71.6961,0.0849315,13.1011,13.3505,0.249403
31-Jul-2026,75.9136,0.0849315,9.26136,9.54154,0.280185
31-Jul-2026,80.131,0.0849315,5.89041,6.03511,0.144705
31-Jul-2026,84.3484,0.0849315,3.2517,3.04018,0.211515
31-Jul-2026,88.5658,0.0849315,1.49625,0.966882,0.529368
31-Jul-2026,92.7832,0.0849315,0.550286,0.183223,0.367063
31-Jul-2026,97.0007,0.0849315,0.155601,0.0314663,0.124135
31-Jul-2026,101.218,0.0849315,0.03289,0.00555325,0.0273368
31-Jul-2026,67.4787,0.167123,17.6616,18.0933,0.431712
31-Jul-2026,71.6961,0.167123,13.8349,14.3028,0.467921
31-Jul-2026,75.9136,0.167123,10.3108,10.6933,0.382545
31-Jul-2026,80.131,0.167123,7.22403,7.34486,0.120833
31-Jul-2026,84.3484,0.167123,4.69428,4.39181,0.302472
31-Jul-2026,88.5658,0.167123,2.78814,2.08288,0.705261
31-Jul-2026,92.7832,0.167123,1.49113,0.744144,0.746986
31-Jul-2026,97.0007,0.167123,0.708175,0.241013,0.467162
31-Jul-2026,101.218,0.167123,0.295546,0.082136,0.21341
31-Jul-2026,67.4787,0.249315,18.259,18.8728,0.613801
31-Jul-2026,71.6961,0.249315,14.6273,15.2119,0.584561
31-Jul-2026,75.9136,0.249315,11.301,11.7261,0.425061
31-Jul-2026,80.131,0.249315,8.36578,8.47955,0.113769
31-Jul-2026,84.3484,0.249315,5.89209,5.5738,0.318289
31-Jul-2026,88.5658,0.249315,3.919,3.17534,0.743657
31-Jul-2026,92.7832,0.249315,2.44336,1.50914,0.934217
31-Jul-2026,97.0007,0.249315,1.41819,0.637295,0.780895
31-Jul-2026,101.218,0.249315,0.762297,0.271242,0.491055
31-Jul-2026,67.4787,0.334247,18.9411,19.6897,0.748619
31-Jul-2026,71.6961,0.334247,15.4701,16.1382,0.668141
31-Jul-2026,75.9136,0.334247,12.292,12.7573,0.465294
31-Jul-2026,80.131,0.334247,9.46477,9.60008,0.135312
31-Jul-2026,84.3484,0.334247,7.0336,6.74475,0.288851
31-Jul-2026,88.5658,0.334247,5.02347,4.30721,0.716257
31-Jul-2026,92.7832,0.334247,3.43404,2.4388,0.995242
31-Jul-2026,97.0007,0.334247,2.23855,1.24104,0.997512
31-Jul-2026,101.218,0.334247,1.38747,0.609557,0.777913
31-Jul-2026,67.4787,0.419178,19.602,20.4492,0.847188
31-Jul-2026,71.6961,0.419178,16.2533,16.9874,0.734091
31-Jul-2026,75.9136,0.419178,13.183,13.6922,0.509192
31-Jul-2026,80.131,0.419178,10.4331,10.6087,0.175553
31-Jul-2026,84.3484,0.419178,8.03525,7.79905,0.236199
31-Jul-2026,88.5658,0.419178,6.00672,5.34931,0.657414
31-Jul-2026,92.7832,0.419178,4.34743,3.36702,0.980413
31-Jul-2026,97.0007,0.419178,3.03955,1.94358,1.09597
31-Jul-2026,101.218,0.419178,2.04928,1.06425,0.985032
31-Jul-2026,67.4787,0.49863,20.2888,21.2223,0.933485
31-Jul-2026,71.6961,0.49863,17.0462,17.844,0.797795
31-Jul-2026,75.9136,0.49863,14.067,14.6282,0.561172
31-Jul-2026,80.131,0.49863,11.3826,11.613,0.230374
31-Jul-2026,84.3484,0.49863,9.0157,8.84843,0.167269
31-Jul-2026,88.5658,0.49863,6.97821,6.39965,0.578562
31-Jul-2026,92.7832,0.49863,5.26972,4.34495,0.924769
31-Jul-2026,97.0007,0.49863,3.87725,2.75743,1.11982
31-Jul-2026,101.218,0.49863,2.77638,1.65811,1.11827
31-Jul-2026,67.4787,0.575342,20.8602,21.8583,0.998145
31-Jul-2026,71.6961,0.575342,17.6945,18.5443,0.849793
31-Jul-2026,75.9136,0.575342,14.7807,15.3892,0.608466
31-Jul-2026,80.131,0.575342,12.1436,12.4263,0.282686
31-Jul-2026,84.3484,0.575342,9.80084,9.69775,0.103088
31-Jul-2026,88.5658,0.575342,7.76108,7.25622,0.504865
31-Jul-2026,92.7832,0.575342,6.0235,5.16318,0.860321
31-Jul-2026,97.0007,0.575342,4.5775,3.47796,1.09954
31-Jul-2026,101.218,0.575342,3.40361,2.23033,1.17328
31-Jul-2026,67.4787,0.665753,21.5533,22.6245,1.07117
31-Jul-2026,71.6961,0.665753,18.471,19.3835,0.912489
31-Jul-2026,75.9136,0.665753,15.6275,16.297,0.669535
31-Jul-2026,80.131,0.665753,13.0419,13.3935,0.351552
31-Jul-2026,84.3484,0.665753,10.7272,10.7072,0.0200181
31-Jul-2026,88.5658,0.665753,8.68913,8.27961,0.409518
31-Jul-2026,92.7832,0.665753,6.92638,6.15759,0.768793
31-Jul-2026,97.0007,0.665753,5.43015,4.38699,1.04316
31-Jul-2026,101.218,0.665753,4.18496,2.99798,1.18698
31-Jul-2026,67.4787,0.747945,22.1589,23.2905,1.13159
31-Jul-2026,71.6961,0.747945,19.1424,20.1098,0.96744
31-Jul-2026,75.9136,0.747945,16.3544,17.0798,0.725424
31-Jul-2026,80.131,0.747945,13.81,14.2251,0.415095
31-Jul-2026,84.3484,0.747945,11.519,11.5747,0.0557281
31-Jul-2026,88.5658,0.747945,9.48551,9.16265,0.322862
31-Jul-2026,92.7832,0.747945,7.70757,7.02634,0.681231
31-Jul-2026,97.0007,0.747945,6.17743,5.2026,0.97483
31-Jul-2026,101.218,0.747945,4.88205,3.71862,1.16343
31-Jul-2026,67.4787,0.832877,22.765,23.9549,1.1899
31-Jul-2026,71.6961,0.832877,19.8094,20.8319,1.02252
31-Jul-2026,75.9136,0.832877,17.0727,17.8557,0.782974
31-Jul-2026,80.131,0.832877,14.5668,15.0476,0.480822
31-Jul-2026,84.3484,0.832877,12.2991,12.4324,0.133314
31-Jul-2026,88.5658,0.832877,10.2723,10.0381,0.234219
31-Jul-2026,92.7832,0.832877,8.48401,7.89494,0.589073
31-Jul-2026,97.0007,0.832877,6.92718,6.03265,0.894526
31-Jul-2026,101.218,0.832877,5.59051,4.47468,1.11583
31-Jul-2026,67.4787,0.915068,23.3436,24.5875,1.24393
31-Jul-2026,71.6961,0.915068,20.4422,21.5174,1.07522
31-Jul-2026,75.9136,0.915068,17.7512,18.5903,0.839147
31-Jul-2026,80.131,0.915068,15.2801,15.8251,0.545023
31-Jul-2026,84.3484,0.915068,13.0344,13.2429,0.208465
31-Jul-2026,88.5658,0.915068,11.0156,10.8671,0.148526
31-Jul-2026,92.7832,0.915068,9.22105,8.7227,0.498348
31-Jul-2026,97.0007,0.915068,7.6442,6.83403,0.810165
31-Jul-2026,101.218,0.915068,6.27496,5.22103,1.05393
03-Aug-2026,66.9163,0.0109589,16.7522,16.7522,1.91166e-05
03-Aug-2026,71.0986,0.0109589,12.5713,12.5713,3.03272e-05
03-Aug-2026,75.2808,0.0109589,8.39059,8.39145,0.000855015
03-Aug-2026,79.4631,0.0109589,4.23997,4.25627,0.0162967
03-Aug-2026,83.6454,0.0109589,0.919553,0.873144,0.0464085
03-Aug-2026,87.8276,0.0109589,0.0276171,0.00531547,0.0223016
03-Aug-2026,92.0099,0.0109589,4.00777e-05,4.7362e-08,4.00303e-05
03-Aug-2026,96.1922,0.0109589,1.43618e-09,2.08744e-14,1.43616e-09
03-Aug-2026,100.374,0.0109589,1.13481e-15,3.6674e-15,2.53259e-15
03-Aug-2026,66.9163,0.030137,16.8157,16.8204,0.0046524
03-Aug-2026,71.0986,0.030137,12.6425,12.6651,0.0225886
03-Aug-2026,75.2808,0.030137,8.51536,8.58543,0.070066
03-Aug-2026,79.4631,0.030137,4.68793,4.77206,0.0841286
03-Aug-2026,83.6454,0.030137,1.81677,1.70916,0.107612
03-Aug-2026,87.8276,0.030137,0.411302,0.190809,0.220493
03-Aug-2026,92.0099,0.030137,0.0451622,0.00442074,0.0407415
03-Aug-2026,96.1922,0.030137,0.00205638,5.6331e-05,0.00200005
03-Aug-2026,100.374,0.030137,3.50434e-05,6.08755e-07,3.44346e-05
03-Aug-2026,66.9163,0.0493151,16.8705,16.902,0.031455
03-Aug-2026,71.0986,0.0493151,12.7222,12.8036,0.0814487
03-Aug-2026,75.2808,0.0493151,8.6932,8.83723,0.144027
03-Aug-2026,79.4631,0.0493151,5.07081,5.17957,0.108765
03-Aug-2026,83.6454,0.0493151,2.32616,2.17306,0.153103
03-Aug-2026,87.8276,0.0493151,0.762444,0.411236,0.351208
03-Aug-2026,92.0099,0.0493151,0.161927,0.0299877,0.131939
03-Aug-2026,96.1922,0.0493151,0.0204286,0.00164233,0.0187863
03-Aug-2026,100.374,0.0493151,0.00144131,8.50699e-05,0.00135624
03-Aug-2026,66.9163,0.0684932,16.9493,17.0415,0.092231
03-Aug-2026,71.0986,0.0684932,12.8548,13.0217,0.166869
03-Aug-2026,75.2808,0.0684932,8.95208,9.16713,0.215047
03-Aug-2026,79.4631,0.0684932,5.50462,5.62302,0.118396
03-Aug-2026,83.6454,0.0684932,2.84515,2.64123,0.203922
03-Aug-2026,87.8276,0.0684932,1.16905,0.696206,0.472844
03-Aug-2026,92.0099,0.0684932,0.360551,0.0954271,0.265124
03-Aug-2026,96.1922,0.0684932,0.0791994,0.0112882,0.0679112
03-Aug-2026,100.374,0.0684932,0.0119312,0.00133493,0.0105963
03-Aug-2026,66.9163,0.0876712,17.0267,17.1791,0.152391
03-Aug-2026,71.0986,0.0876712,12.9856,13.2184,0.232769
03-Aug-2026,75.2808,0.0876712,9.17692,9.43438,0.257455
03-Aug-2026,79.4631,0.0876712,5.83442,5.95134,0.116917
03-Aug-2026,83.6454,0.0876712,3.22003,2.9801,0.239931
03-Aug-2026,87.8276,0.0876712,1.48234,0.933115,0.549225
03-Aug-2026,92.0099,0.0876712,0.546214,0.172222,0.373992
03-Aug-2026,96.1922,0.0876712,0.155096,0.0287166,0.126379
03-Aug-2026,100.374,0.0876712,0.0330026,0.00491024,0.0280924
03-Aug-2026,66.9163,0.0767123,16.9738,17.0855,0.111732
03-Aug-2026,71.0986,0.0767123,12.8965,13.0861,0.189606
03-Aug-2026,75.2808,0.0767123,9.02631,9.2569,0.23059
03-Aug-2026,79.4631,0.0767123,5.61683,5.73541,0.118576
03-Aug-2026,83.6454,0.0767123,2.9741,2.75758,0.216523
03-Aug-2026,87.8276,0.0767123,1.2753,0.774974,0.500326
03-Aug-2026,92.0099,0.0767123,0.420817,0.118939,0.301878
03-Aug-2026,96.1922,0.0767123,0.101973,0.0160655,0.0859075
03-Aug-2026,100.374,0.0767123,0.0175403,0.00219071,0.0153496
03-Aug-2026,66.9163,0.158904,17.435,17.816,0.380979
03-Aug-2026,71.0986,0.158904,13.6101,14.031,0.420923
03-Aug-2026,75.2808,0.158904,10.0831,10.4267,0.343641
03-Aug-2026,79.4631,0.158904,6.99732,7.08606,0.0887384
03-Aug-2026,83.6454,0.158904,4.48172,4.14984,0.331876
03-Aug-2026,87.8276,0.158904,2.60724,1.88372,0.723525
03-Aug-2026,92.0099,0.158904,1.35525,0.628492,0.726758
03-Aug-2026,96.1922,0.158904,0.619952,0.191236,0.428716
03-Aug-2026,100.374,0.158904,0.246696,0.0614232,0.185273
03-Aug-2026,66.9163,0.241096,18.0235,18.5913,0.5678
03-Aug-2026,71.0986,0.241096,14.4012,14.9419,0.540702
03-Aug-2026,75.2808,0.241096,11.0834,11.4671,0.383708
03-Aug-2026,79.4631,0.241096,8.15958,8.23221,0.0726255
03-Aug-2026,83.6454,0.241096,5.70338,5.34239,0.360988
03-Aug-2026,87.8276,0.241096,3.75524,2.97329,0.781954
03-Aug-2026,92.0099,0.241096,2.31072,1.36258,0.948139
03-Aug-2026,96.1922,0.241096,1.31917,0.555154,0.764016
03-Aug-2026,100.374,0.241096,0.694776,0.229849,0.464927
03-Aug-2026,66.9163,0.326027,18.7326,19.4417,0.709144
03-Aug-2026,71.0986,0.326027,15.2821,15.9088,0.626681
03-Aug-2026,75.2808,0.326027,12.1235,12.5455,0.421959
03-Aug-2026,79.4631,0.326027,9.31578,9.40523,0.0894514
03-Aug-2026,83.6454,0.326027,6.90456,6.56786,0.336699
03-Aug-2026,87.8276,0.326027,4.91493,4.15264,0.762291
03-Aug-2026,92.0099,0.326027,3.3461,2.31592,1.03018
03-Aug-2026,96.1922,0.326027,2.17044,1.15824,1.0122
03-Aug-2026,100.374,0.326027,1.33735,0.561027,0.776323
03-Aug-2026,66.9163,0.410959,19.3915,20.1984,0.806879
03-Aug-2026,71.0986,0.410959,16.0645,16.7557,0.691218
03-Aug-2026,75.2808,0.410959,13.0148,13.4788,0.463964
03-Aug-2026,79.4631,0.410959,10.2849,10.4127,0.127802
03-Aug-2026,83.6454,0.410959,7.90684,7.62098,0.285862
03-Aug-2026,87.8276,0.410959,5.89766,5.19162,0.706043
03-Aug-2026,92.0099,0.410959,4.25715,3.23524,1.02191
03-Aug-2026,96.1922,0.410959,2.96703,1.84457,1.12246
03-Aug-2026,100.374,0.410959,1.993,0.998524,0.994476
03-Aug-2026,66.9163,0.490411,20.0457,20.9348,0.889102
03-Aug-2026,71.0986,0.490411,16.8208,17.5724,0.751643
03-Aug-2026,75.2808,0.490411,13.859,14.3719,0.512873
03-Aug-2026,79.4631,0.490411,11.192,11.3716,0.179563
03-Aug-2026,83.6454,0.490411,8.84308,8.62289,0.22019
03-Aug-2026,87.8276,0.490411,6.82437,6.19311,0.631257
03-Aug-2026,92.0099,0.490411,5.13534,4.16348,0.971865
03-Aug-2026,96.1922,0.490411,3.76265,2.60937,1.15328
03-Aug-2026,100.374,0.490411,2.68127,1.54875,1.13252
03-Aug-2026,66.9163,0.567123,20.6449,21.6022,0.957328
03-Aug-2026,71.0986,0.567123,17.5013,18.3078,0.806499
03-Aug-2026,75.2808,0.567123,14.6085,15.1715,0.562958
03-Aug-2026,79.4631,0.567123,11.9913,12.2265,0.235201
03-Aug-2026,83.6454,0.567123,9.66744,9.51572,0.151724
03-Aug-2026,87.8276,0.567123,7.64566,7.09274,0.55292
03-Aug-2026,92.0099,0.567123,5.92502,5.0203,0.904721
03-Aug-2026,96.1922,0.567123,4.49485,3.35898,1.13587
03-Aug-2026,100.374,0.567123,3.3355,2.13795,1.19755
03-Aug-2026,66.9163,0.657534,21.3056,22.3334,1.0278
03-Aug-2026,71.0986,0.657534,18.2418,19.1092,0.867359
03-Aug-2026,75.2808,0.657534,15.4163,16.0388,0.622511
03-Aug-2026,79.4631,0.657534,12.8482,13.1508,0.302623
03-Aug-2026,83.6454,0.657534,10.5508,10.4805,0.0703344
03-Aug-2026,87.8276,0.657534,8.53002,8.07023,0.459787
03-Aug-2026,92.0099,0.657534,6.78451,5.96827,0.816242
03-Aug-2026,96.1922,0.657534,5.30537,4.22192,1.08345
03-Aug-2026,100.374,0.657534,4.0769,2.86154,1.21536
03-Aug-2026,66.9163,0.739726,21.9084,22.9977,1.08927
03-Aug-2026,71.0986,0.739726,18.9105,19.834,0.923489
03-Aug-2026,75.2808,0.739726,16.1404,16.8203,0.679925
03-Aug-2026,79.4631,0.739726,13.6133,13.9814,0.368085
03-Aug-2026,83.6454,0.739726,11.3394,11.3469,0.00752114
03-Aug-2026,87.8276,0.739726,9.3226,8.95169,0.370907
03-Aug-2026,92.0099,0.739726,7.56118,6.83409,0.727092
03-Aug-2026,96.1922,0.739726,6.04731,5.03204,1.01527
03-Aug-2026,100.374,0.739726,4.76778,3.57318,1.1946
03-Aug-2026,66.9163,0.824658,22.539,23.6907,1.1517
03-Aug-2026,71.0986,0.824658,19.6046,20.5874,0.982841
03-Aug-2026,75.2808,0.824658,16.8879,17.6301,0.742238
03-Aug-2026,79.4631,0.824658,14.4009,14.8401,0.439209
03-Aug-2026,83.6454,0.824658,12.1509,12.2424,0.0914736
03-Aug-2026,87.8276,0.824658,10.1407,9.86536,0.27534
03-Aug-2026,92.0099,0.824658,8.368,7.73972,0.628282
03-Aug-2026,96.1922,0.824658,6.82567,5.8957,0.929971
03-Aug-2026,100.374,0.824658,5.50244,4.35707,1.14537
03-Aug-2026,66.9163,0.906849,23.1136,24.3208,1.20721
03-Aug-2026,71.0986,0.906849,20.2331,21.2704,1.03728
03-Aug-2026,75.2808,0.906849,17.5618,18.3622,0.800419
03-Aug-2026,79.4631,0.906849,15.1091,15.615,0.505876
03-Aug-2026,83.6454,0.906849,12.8808,13.0501,0.169289
03-Aug-2026,87.8276,0.906849,10.8783,10.6914,0.186925
03-Aug-2026,92.0099,0.906849,9.09903,8.56401,0.535022
03-Aug-2026,96.1922,0.906849,7.5364,6.69274,0.843664
03-Aug-2026,100.374,0.906849,6.1804,5.09782,1.08258
04-Aug-2026,66.7204,0.00821918,16.6979,16.6979,4.32398e-05
04-Aug-2026,70.8904,0.00821918,12.529,12.529,2.69642e-05
04-Aug-2026,75.0604,0.00821918,8.36014,8.36022,7.83355e-05
04-Aug-2026,79.2304,0.00821918,4.20417,4.21214,0.00797469
04-Aug-2026,83.4004,0.00821918,0.797757,0.752992,0.0447648
04-Aug-2026,87.5705,0.00821918,0.0114729,0.00144359,0.0100293
04-Aug-2026,91.7405,0.00821918,2.85662e-06,3.92549e-10,2.85623e-06
04-Aug-2026,95.9105,0.00821918,5.19898e-12,1.1629e-15,5.19782e-12
04-Aug-2026,100.081,0.00821918,1.05858e-15,1.13853e-15,7.99522e-17
04-Aug-2026,66.7204,0.0273973,16.7635,16.7666,0.00309559
04-Aug-2026,70.8904,0.0273973,12.6013,12.6189,0.017608
04-Aug-2026,75.0604,0.0273973,8.47878,8.5383,0.0595215
04-Aug-2026,79.2304,0.0273973,4.64014,4.71312,0.0729795
04-Aug-2026,83.4004,0.0273973,1.761,1.6473,0.113704
04-Aug-2026,87.5705,0.0273973,0.379319,0.168043,0.211276
04-Aug-2026,91.7405,0.0273973,0.0380387,0.0031487,0.03489
04-Aug-2026,95.9105,0.0273973,0.00150591,3.04586e-05,0.00147545
04-Aug-2026,100.081,0.0273973,2.11281e-05,2.4422e-07,2.08839e-05
04-Aug-2026,66.7204,0.0465753,16.8194,16.8463,0.0268681
04-Aug-2026,70.8904,0.0465753,12.6806,12.7532,0.0725814
04-Aug-2026,75.0604,0.0465753,8.65502,8.78664,0.131617
04-Aug-2026,79.2304,0.0465753,5.02956,5.12579,0.0962257
04-Aug-2026,83.4004,0.0465753,2.28584,2.12333,0.162507
04-Aug-2026,87.5705,0.0465753,0.735772,0.385992,0.34978
04-Aug-2026,91.7405,0.0465753,0.151701,0.0258801,0.125821
04-Aug-2026,95.9105,0.0465753,0.018332,0.00127508,0.0170569
04-Aug-2026,100.081,0.0465753,0.00122036,5.89087e-05,0.00116145
04-Aug-2026,66.7204,0.0657534,16.8993,16.984,0.0846639
04-Aug-2026,70.8904,0.0657534,12.8134,12.9692,0.155809
04-Aug-2026,75.0604,0.0657534,8.91571,9.11704,0.201328
04-Aug-2026,79.2304,0.0657534,5.47079,5.5748,0.104012
04-Aug-2026,83.4004,0.0657534,2.81596,2.59912,0.216836
04-Aug-2026,87.5705,0.0657534,1.14907,0.670534,0.478536
04-Aug-2026,91.7405,0.0657534,0.350801,0.0882493,0.262552
04-Aug-2026,95.9105,0.0657534,0.076009,0.00993864,0.0660704
04-Aug-2026,100.081,0.0657534,0.0112495,0.00111424,0.0101353
04-Aug-2026,66.7204,0.0849315,16.9776,17.1209,0.143309
04-Aug-2026,70.8904,0.0849315,12.9454,13.1658,0.220447
04-Aug-2026,75.0604,0.0849315,9.14314,9.38581,0.242672
04-Aug-2026,79.2304,0.0849315,5.80576,5.90668,0.100924
04-Aug-2026,83.4004,0.0849315,3.19733,2.94186,0.255465
04-Aug-2026,87.5705,0.0849315,1.46719,0.907685,0.559505
04-Aug-2026,91.7405,0.0849315,0.538354,0.163144,0.37521
04-Aug-2026,95.9105,0.0849315,0.152079,0.0263795,0.1257
04-Aug-2026,100.081,0.0849315,0.0321592,0.00436179,0.0277974
04-Aug-2026,66.7204,0.0739726,16.9241,17.0277,0.103574
04-Aug-2026,70.8904,0.0739726,12.8555,13.0335,0.178016
04-Aug-2026,75.0604,0.0739726,8.99074,9.20727,0.216527
04-Aug-2026,79.2304,0.0739726,5.58481,5.68847,0.10366
04-Aug-2026,83.4004,0.0739726,2.94725,2.71692,0.23033
04-Aug-2026,87.5705,0.0739726,1.25699,0.749348,0.507642
04-Aug-2026,91.7405,0.0739726,0.411605,0.111073,0.300532
04-Aug-2026,95.9105,0.0739726,0.0987405,0.0143928,0.0843477
04-Aug-2026,100.081,0.0739726,0.0167681,0.00187588,0.0148922
04-Aug-2026,66.7204,0.156164,17.3919,17.7598,0.367916
04-Aug-2026,70.8904,0.156164,13.5779,13.9824,0.404533
04-Aug-2026,75.0604,0.156164,10.061,10.3849,0.3239
04-Aug-2026,79.2304,0.156164,6.98434,7.05048,0.0661405
04-Aug-2026,83.4004,0.156164,4.47634,4.12021,0.356132
04-Aug-2026,87.5705,0.156164,2.60724,1.86078,0.746461
04-Aug-2026,91.7405,0.156164,1.35802,0.615222,0.742798
04-Aug-2026,95.9105,0.156164,0.623171,0.18543,0.437741
04-Aug-2026,100.081,0.156164,0.249058,0.0589825,0.190075
04-Aug-2026,66.7204,0.238356,17.9895,18.5399,0.550372
04-Aug-2026,70.8904,0.238356,14.3797,14.8989,0.519165
04-Aug-2026,75.0604,0.238356,11.0736,11.4315,0.35794
04-Aug-2026,79.2304,0.238356,8.16001,8.20321,0.0432026
04-Aug-2026,83.4004,0.238356,5.71177,5.31887,0.3929
04-Aug-2026,87.5705,0.238356,3.76862,2.9543,0.814319
04-Aug-2026,91.7405,0.238356,2.32583,1.34873,0.977097
04-Aug-2026,95.9105,0.238356,1.33315,0.546943,0.786207
04-Aug-2026,100.081,0.238356,0.705791,0.225443,0.480348
04-Aug-2026,66.7204,0.323288,18.709,19.3957,0.686711
04-Aug-2026,70.8904,0.323288,15.2718,15.8714,0.599636
04-Aug-2026,75.0604,0.323288,12.1256,12.5158,0.390171
04-Aug-2026,79.2304,0.323288,9.32846,9.38213,0.0536691
04-Aug-2026,83.4004,0.323288,6.92534,6.54997,0.375367
04-Aug-2026,87.5705,0.323288,4.94075,4.13842,0.80233
04-Aug-2026,91.7405,0.323288,3.37364,2.30455,1.06909
04-Aug-2026,95.9105,0.323288,2.19665,1.14981,1.04684
04-Aug-2026,100.081,0.323288,1.35991,0.555413,0.804497
04-Aug-2026,66.7204,0.408219,19.3769,20.1571,0.780165
04-Aug-2026,70.8904,0.408219,16.0637,16.7232,0.659498
04-Aug-2026,75.0604,0.408219,13.0266,13.4539,0.427345
04-Aug-2026,79.2304,0.408219,10.3074,10.3944,0.0870382
04-Aug-2026,83.4004,0.408219,7.9375,7.60781,0.329691
04-Aug-2026,87.5705,0.408219,5.93351,5.1818,0.751708
04-Aug-2026,91.7405,0.408219,4.29498,3.22742,1.06756
04-Aug-2026,95.9105,0.408219,3.00382,1.83802,1.1658
04-Aug-2026,100.081,0.408219,2.02623,0.99323,1.033
04-Aug-2026,66.7204,0.487671,20.0396,20.898,0.858398
04-Aug-2026,70.8904,0.487671,16.8288,17.5445,0.715685
04-Aug-2026,75.0604,0.487671,13.8796,14.3516,0.472027
04-Aug-2026,79.2304,0.487671,11.2233,11.3578,0.134543
04-Aug-2026,83.4004,0.487671,8.88269,8.6142,0.268488
04-Aug-2026,87.5705,0.487671,6.86937,6.18766,0.681712
04-Aug-2026,91.7405,0.487671,5.18267,4.15968,1.02299
04-Aug-2026,95.9105,0.487671,3.80935,2.60598,1.20337
04-Aug-2026,100.081,0.487671,2.72479,1.54524,1.17955
04-Aug-2026,66.7204,0.564384,20.6463,21.5695,0.923153
04-Aug-2026,70.8904,0.564384,17.5169,18.2839,0.766998
04-Aug-2026,75.0604,0.564384,14.6367,15.1553,0.518569
04-Aug-2026,79.2304,0.564384,12.0303,12.2168,0.186519
04-Aug-2026,83.4004,0.564384,9.71476,9.51104,0.203717
04-Aug-2026,87.5705,0.564384,7.69855,7.09127,0.607279
04-Aug-2026,91.7405,0.564384,5.98058,5.02039,0.960186
04-Aug-2026,95.9105,0.564384,4.55021,3.35913,1.19108
04-Aug-2026,100.081,0.564384,3.38813,2.13715,1.25098
04-Aug-2026,66.7204,0.654795,21.3149,22.305,0.990092
04-Aug-2026,70.8904,0.654795,18.2654,19.0896,0.824239
04-Aug-2026,75.0604,0.654795,15.4525,16.027,0.574502
04-Aug-2026,79.2304,0.654795,12.8952,13.1455,0.250309
04-Aug-2026,83.4004,0.654795,10.6062,10.4802,0.12604
04-Aug-2026,87.5705,0.654795,8.59123,8.07315,0.518075
04-Aug-2026,91.7405,0.654795,6.84874,5.97278,0.875964
04-Aug-2026,95.9105,0.654795,5.36989,4.22638,1.14351
04-Aug-2026,100.081,0.654795,4.13924,2.86454,1.2747
04-Aug-2026,66.7204,0.736986,21.9246,22.9732,1.04858
04-Aug-2026,70.8904,0.736986,18.941,19.8184,0.877404
04-Aug-2026,75.0604,0.736986,16.1837,16.8125,0.628753
04-Aug-2026,79.2304,0.736986,13.6674,13.98,0.312606
04-Aug-2026,83.4004,0.736986,11.4019,11.3506,0.0513327
04-Aug-2026,87.5705,0.736986,9.39109,8.95862,0.43247
04-Aug-2026,91.7405,0.736986,7.63301,6.84268,0.790326
04-Aug-2026,95.9105,0.736986,6.11987,5.04063,1.07924
04-Aug-2026,100.081,0.736986,4.83867,3.58014,1.25853
04-Aug-2026,66.7204,0.821918,22.5623,23.6703,1.10796
04-Aug-2026,70.8904,0.821918,19.6423,20.5759,0.933624
04-Aug-2026,75.0604,0.821918,16.9383,17.6263,0.688038
04-Aug-2026,79.2304,0.821918,14.462,14.8428,0.380811
04-Aug-2026,83.4004,0.821918,12.2207,12.2501,0.0294337
04-Aug-2026,87.5705,0.821918,10.2166,9.87648,0.340123
04-Aug-2026,91.7405,0.821918,8.44753,7.75263,0.694903
04-Aug-2026,95.9105,0.821918,6.90638,5.90874,0.997642
04-Aug-2026,100.081,0.821918,5.582,4.36848,1.21352
04-Aug-2026,66.7204,0.90411,23.1432,24.304,1.16082
04-Aug-2026,70.8904,0.90411,20.277,21.2625,0.985532
04-Aug-2026,75.0604,0.90411,17.6184,18.3621,0.743698
04-Aug-2026,79.2304,0.90411,15.1766,15.6214,0.444773
04-Aug-2026,83.4004,0.90411,12.9569,13.0616,0.104684
04-Aug-2026,87.5705,0.90411,10.9607,10.7063,0.25439
04-Aug-2026,91.7405,0.90411,9.18537,8.58087,0.604505
04-Aug-2026,95.9105,0.90411,7.62431,6.70989,0.914425
04-Aug-2026,100.081,0.90411,6.26762,5.11345,1.15417
05-Aug-2026,64.3517,0.00547945,16.0997,16.0997,4.40479e-05
05-Aug-2026,68.3737,0.00547945,12.0784,12.0785,7.80547e-05
05-Aug-2026,72.3957,0.00547945,8.05718,8.05722,3.54137e-05
05-Aug-2026,76.4177,0.00547945,4.0397,4.04082,0.00112024
05-Aug-2026,80.4397,0.00547945,0.656737,0.591788,0.0649494
05-Aug-2026,84.4617,0.00547945,0.00335271,0.000125349,0.00322736
05-Aug-2026,88.4837,0.00547945,6.81962e-08,4.25887e-14,6.81962e-08
05-Aug-2026,96.5276,0.00547945,2.46002e-15,-3.11387e-15,5.57389e-15
05-Aug-2026,64.3517,0.0246575,16.1643,16.1664,0.00212144
05-Aug-2026,68.3737,0.0246575,12.1497,12.1619,0.0121568
05-Aug-2026,72.3957,0.0246575,8.17381,8.21386,0.0400543
05-Aug-2026,76.4177,0.0246575,4.47581,4.50094,0.0251268
05-Aug-2026,80.4397,0.0246575,1.70763,1.53111,0.176519
05-Aug-2026,84.4617,0.0246575,0.375359,0.141006,0.234353
05-Aug-2026,88.4837,0.0246575,0.0396324,0.00206985,0.0375625
05-Aug-2026,92.5056,0.0246575,0.00173362,1.45735e-05,0.00171905
05-Aug-2026,96.5276,0.0246575,2.84341e-05,8.29639e-08,2.83511e-05
05-Aug-2026,64.3517,0.0438356,16.2198,16.2412,0.0213759
05-Aug-2026,68.3737,0.0438356,12.2298,12.2868,0.0569964
05-Aug-2026,72.3957,0.0438356,8.35524,8.44949,0.0942548
05-Aug-2026,76.4177,0.0438356,4.87572,4.90449,0.0287723
05-Aug-2026,80.4397,0.0438356,2.24456,2.00392,0.240644
05-Aug-2026,84.4617,0.0438356,0.744718,0.348736,0.395982
05-Aug-2026,88.4837,0.0438356,0.16287,0.0213356,0.141534
05-Aug-2026,92.5056,0.0438356,0.0217167,0.000936576,0.0207801
05-Aug-2026,96.5276,0.0438356,0.00166884,3.82354e-05,0.0016306
05-Aug-2026,64.3517,0.0630137,16.3004,16.3718,0.0714193
05-Aug-2026,68.3737,0.0630137,12.3663,12.4929,0.126644
05-Aug-2026,72.3957,0.0630137,8.62257,8.76871,0.146135
05-Aug-2026,76.4177,0.0630137,5.32246,5.34374,0.0212789
05-Aug-2026,80.4397,0.0630137,2.77778,2.4714,0.306384
05-Aug-2026,84.4617,0.0630137,1.16501,0.623067,0.541943
05-Aug-2026,88.4837,0.0630137,0.373076,0.0785295,0.294547
05-Aug-2026,92.5056,0.0630137,0.0870943,0.00839416,0.0787001
05-Aug-2026,96.5276,0.0630137,0.0143172,0.000889918,0.0134273
05-Aug-2026,64.3517,0.0821918,16.3803,16.5031,0.122809
05-Aug-2026,68.3737,0.0821918,12.5017,12.6825,0.180782
05-Aug-2026,72.3957,0.0821918,8.85345,9.02961,0.176164
05-Aug-2026,76.4177,0.0821918,5.65791,5.66782,0.00990508
05-Aug-2026,80.4397,0.0821918,3.1572,2.80638,0.350825
05-Aug-2026,84.4617,0.0821918,1.48393,0.85232,0.63161
05-Aug-2026,88.4837,0.0821918,0.566408,0.148959,0.417449
05-Aug-2026,92.5056,0.0821918,0.169781,0.0233208,0.14646
05-Aug-2026,96.5276,0.0821918,0.038961,0.00372493,0.0352361
05-Aug-2026,64.3517,0.0712329,16.3256,16.4136,0.0880216
05-Aug-2026,68.3737,0.0712329,12.4095,12.5548,0.145311
05-Aug-2026,72.3957,0.0712329,8.69898,8.85623,0.157253
05-Aug-2026,76.4177,0.0712329,5.43697,5.45479,0.0178248
05-Aug-2026,80.4397,0.0712329,2.90876,2.58665,0.322108
05-Aug-2026,84.4617,0.0712329,1.2736,0.699223,0.574377
05-Aug-2026,88.4837,0.0712329,0.436164,0.0998841,0.33628
05-Aug-2026,92.5056,0.0712329,0.112109,0.0123868,0.0997222
05-Aug-2026,96.5276,0.0712329,0.0209657,0.00154021,0.0194255
05-Aug-2026,64.3517,0.153425,16.8012,17.121,0.319826
05-Aug-2026,68.3737,0.153425,13.1397,13.4741,0.334431
05-Aug-2026,72.3957,0.153425,9.76819,10.0006,0.23242
05-Aug-2026,76.4177,0.153425,6.8191,6.78126,0.0378448
05-Aug-2026,80.4397,0.153425,4.40972,3.95291,0.456813
05-Aug-2026,84.4617,0.153425,2.60322,1.77506,0.82816
05-Aug-2026,88.4837,0.153425,1.38214,0.581171,0.800969
05-Aug-2026,92.5056,0.153425,0.650885,0.173466,0.477419
05-Aug-2026,96.5276,0.153425,0.268966,0.0546519,0.214314
05-Aug-2026,64.3517,0.235616,17.3968,17.878,0.481212
05-Aug-2026,68.3737,0.235616,13.9304,14.3638,0.433416
05-Aug-2026,72.3957,0.235616,10.7559,11.017,0.261067
05-Aug-2026,76.4177,0.235616,7.95547,7.9006,0.0548746
05-Aug-2026,80.4397,0.235616,5.59663,5.11629,0.480335
05-Aug-2026,84.4617,0.235616,3.7166,2.83468,0.881919
05-Aug-2026,88.4837,0.235616,2.31213,1.2884,1.02373
05-Aug-2026,92.5056,0.235616,1.33803,0.519893,0.818137
05-Aug-2026,96.5276,0.235616,0.716362,0.213397,0.502965
05-Aug-2026,64.3517,0.320548,18.1015,18.7088,0.607319
05-Aug-2026,68.3737,0.320548,14.7955,15.3078,0.512303
05-Aug-2026,72.3957,0.320548,11.7666,12.0691,0.302548
05-Aug-2026,76.4177,0.320548,9.06925,9.04441,0.0248388
05-Aug-2026,80.4397,0.320548,6.74632,6.31039,0.435934
05-Aug-2026,84.4617,0.320548,4.82213,3.98248,0.839648
05-Aug-2026,88.4837,0.320548,3.29763,2.21314,1.08449
05-Aug-2026,92.5056,0.320548,2.14901,1.10111,1.0479
05-Aug-2026,96.5276,0.320548,1.33049,0.530501,0.799989
05-Aug-2026,64.3517,0.405479,18.7477,19.4479,0.700161
05-Aug-2026,68.3737,0.405479,15.5547,16.1344,0.579677
05-Aug-2026,72.3957,0.405479,12.6234,12.9793,0.35595
05-Aug-2026,76.4177,0.405479,9.99372,10.0263,0.0325922
05-Aug-2026,80.4397,0.405479,7.69637,7.33623,0.360144
05-Aug-2026,84.4617,0.405479,5.74906,4.99401,0.755047
05-Aug-2026,88.4837,0.405479,4.15367,3.10719,1.04648
05-Aug-2026,92.5056,0.405479,2.89524,1.76671,1.12853
05-Aug-2026,96.5276,0.405479,1.94312,0.952972,0.990148
05-Aug-2026,64.3517,0.484932,19.3835,20.167,0.783526
05-Aug-2026,68.3737,0.484932,16.2828,16.9313,0.648497
05-Aug-2026,72.3957,0.484932,13.4293,13.8502,0.42087
05-Aug-2026,76.4177,0.484932,10.8535,10.9607,0.107184
05-Aug-2026,80.4397,0.484932,8.5786,8.31212,0.266478
05-Aug-2026,84.4617,0.484932,6.61783,5.96923,0.648595
05-Aug-2026,88.4837,0.484932,4.97312,4.01081,0.96231
05-Aug-2026,92.5056,0.484932,3.6342,2.51054,1.12366
05-Aug-2026,96.5276,0.484932,2.57917,1.48694,1.09223
05-Aug-2026,64.3517,0.561644,19.9622,20.8187,0.856516
05-Aug-2026,68.3737,0.561644,16.9343,17.6487,0.714428
05-Aug-2026,72.3957,0.561644,14.1416,14.6297,0.48812
05-Aug-2026,76.4177,0.561644,11.6083,11.7937,0.185439
05-Aug-2026,80.4397,0.561644,9.35265,9.18177,0.17088
05-Aug-2026,84.4617,0.561644,7.38511,6.84537,0.53974
05-Aug-2026,88.4837,0.561644,5.70727,4.84528,0.861993
05-Aug-2026,92.5056,0.561644,4.31135,3.24054,1.07081
05-Aug-2026,96.5276,0.561644,3.18056,2.06032,1.12024
05-Aug-2026,64.3517,0.652055,20.5972,21.5326,0.935366
05-Aug-2026,68.3737,0.652055,17.6406,18.4305,0.789881
05-Aug-2026,72.3957,0.652055,14.9068,15.4753,0.568491
05-Aug-2026,76.4177,0.652055,12.4154,12.6944,0.278983
05-Aug-2026,80.4397,0.652055,10.1804,10.1215,0.0588999
05-Aug-2026,84.4617,0.652055,8.20989,7.79742,0.412466
05-Aug-2026,88.4837,0.652055,6.50498,5.76873,0.736254
05-Aug-2026,92.5056,0.652055,5.0596,4.08143,0.978165
05-Aug-2026,96.5276,0.652055,3.86067,2.76549,1.09518
05-Aug-2026,64.3517,0.734247,21.1747,22.181,1.00632
05-Aug-2026,68.3737,0.734247,18.2767,19.1375,0.860825
05-Aug-2026,72.3957,0.734247,15.5916,16.2372,0.64555
05-Aug-2026,76.4177,0.734247,13.1351,13.5037,0.368571
05-Aug-2026,80.4397,0.734247,10.9188,10.9655,0.0467173
05-Aug-2026,84.4617,0.734247,8.9487,8.65601,0.292689
05-Aug-2026,88.4837,0.734247,7.22563,6.61226,0.613367
05-Aug-2026,92.5056,0.734247,5.74445,4.87108,0.873374
05-Aug-2026,96.5276,0.734247,4.4944,3.45951,1.03489
05-Aug-2026,64.3517,0.819178,21.7774,22.8575,1.08009
05-Aug-2026,68.3737,0.819178,18.936,19.8724,0.936444
05-Aug-2026,72.3957,0.819178,16.2978,17.0266,0.728778
05-Aug-2026,76.4177,0.819178,13.8756,14.3404,0.464806
05-Aug-2026,80.4397,0.819178,11.6787,11.8378,0.159114
05-Aug-2026,84.4617,0.819178,9.71168,9.54602,0.165657
05-Aug-2026,88.4837,0.819178,7.97483,7.49466,0.480173
05-Aug-2026,92.5056,0.819178,6.46366,5.71302,0.750641
05-Aug-2026,96.5276,0.819178,5.16917,4.22424,0.944933
05-Aug-2026,64.3517,0.90137,22.3259,23.4725,1.14659
05-Aug-2026,68.3737,0.90137,19.5325,20.5386,1.00605
05-Aug-2026,72.3957,0.90137,16.9342,17.7402,0.806016
05-Aug-2026,76.4177,0.90137,14.5418,15.0954,0.553641
05-Aug-2026,80.4397,0.90137,12.3626,12.6247,0.262071
05-Aug-2026,84.4617,0.90137,10.4003,10.3507,0.0496072
05-Aug-2026,88.4837,0.90137,8.6546,8.29784,0.356761
05-Aug-2026,92.5056,0.90137,7.12153,6.49006,0.631475
05-Aug-2026,96.5276,0.90137,5.79319,4.94696,0.846232
06-Aug-2026,64.1453,0.00273973,16.0422,16.0421,5.5821e-05
06-Aug-2026,68.1544,0.00273973,12.0335,12.0334,9.05581e-05
06-Aug-2026,72.1635,0.00273973,8.02474,8.02467,6.52951e-05
06-Aug-2026,76.1726,0.00273973,4.0161,4.01606,3.93379e-05
06-Aug-2026,80.1816,0.00273973,0.460238,0.415757,0.044481
06-Aug-2026,84.1907,0.00273973,5.77173e-05,1.72251e-07,5.7545e-05
06-Aug-2026,88.1998,0.00273973,6.3281e-14,2.51091e-14,3.81719e-14
06-Aug-2026,92.2089,0.00273973,1.17822e-15,4.41944e-16,7.36276e-16
06-Aug-2026,64.1453,0.0219178,16.1065,16.1077,0.00122374
06-Aug-2026,68.1544,0.0219178,12.1034,12.1123,0.00891809
06-Aug-2026,72.1635,0.0219178,8.13096,8.1651,0.0341355
06-Aug-2026,76.1726,0.0219178,4.41363,4.43935,0.0257178
06-Aug-2026,80.1816,0.0219178,1.62964,1.46504,0.164598
06-Aug-2026,84.1907,0.0219178,0.330308,0.119911,0.210397
06-Aug-2026,88.1998,0.0219178,0.0299581,0.00132485,0.0286333
06-Aug-2026,92.2089,0.0219178,0.00103176,6.43875e-06,0.00102532
06-Aug-2026,96.218,0.0219178,1.20974e-05,2.45652e-08,1.20728e-05
06-Aug-2026,64.1453,0.0410959,16.1611,16.179,0.0179354
06-Aug-2026,68.1544,0.0410959,12.1797,12.2308,0.0510871
06-Aug-2026,72.1635,0.0410959,8.3045,8.39404,0.0895392
06-Aug-2026,76.1726,0.0410959,4.81396,4.84583,0.0318723
06-Aug-2026,80.1816,0.0410959,2.17893,1.95022,0.228712
06-Aug-2026,84.1907,0.0410959,0.698657,0.323396,0.375261
06-Aug-2026,88.1998,0.0410959,0.144154,0.0178904,0.126264
06-Aug-2026,92.2089,0.0410959,0.0176047,0.000691836,0.0169129
06-Aug-2026,96.218,0.0410959,0.00119858,2.46536e-05,0.00117393
06-Aug-2026,64.1453,0.060274,16.2395,16.3055,0.0660388
06-Aug-2026,68.1544,0.060274,12.3117,12.4323,0.120614
06-Aug-2026,72.1635,0.060274,8.56718,8.71104,0.143859
06-Aug-2026,76.1726,0.060274,5.26219,5.28859,0.0263989
06-Aug-2026,80.1816,0.060274,2.71845,2.424,0.294448
06-Aug-2026,84.1907,0.060274,1.11954,0.595737,0.523803
06-Aug-2026,88.1998,0.060274,0.348255,0.0716714,0.276584
06-Aug-2026,92.2089,0.060274,0.0779331,0.0072453,0.0706878
06-Aug-2026,96.218,0.060274,0.0120986,0.000723538,0.0113751
06-Aug-2026,64.1453,0.0794521,16.3174,16.4344,0.116972
06-Aug-2026,68.1544,0.0794521,12.4441,12.6198,0.175744
06-Aug-2026,72.1635,0.0794521,8.79597,8.97158,0.175606
06-Aug-2026,76.1726,0.0794521,5.59849,5.61458,0.0160882
06-Aug-2026,80.1816,0.0794521,3.10045,2.76144,0.339006
06-Aug-2026,84.1907,0.0794521,1.43882,0.823936,0.614884
06-Aug-2026,88.1998,0.0794521,0.538557,0.139739,0.398818
06-Aug-2026,92.2089,0.0794521,0.156995,0.0211435,0.135852
06-Aug-2026,96.218,0.0794521,0.0347092,0.00325572,0.0314535
06-Aug-2026,64.1453,0.0684932,16.2641,16.3464,0.082331
06-Aug-2026,68.1544,0.0684932,12.3538,12.4934,0.139586
06-Aug-2026,72.1635,0.0684932,8.64277,8.79837,0.155602
06-Aug-2026,76.1726,0.0684932,5.37702,5.40037,0.0233528
06-Aug-2026,80.1816,0.0684932,2.85045,2.54025,0.310196
06-Aug-2026,84.1907,0.0684932,1.22827,0.671514,0.556756
06-Aug-2026,88.1998,0.0684932,0.4102,0.0921988,0.318001
06-Aug-2026,92.2089,0.0684932,0.101673,0.0109115,0.0907615
06-Aug-2026,96.218,0.0684932,0.018106,0.00129044,0.0168156
06-Aug-2026,64.1453,0.150685,16.7317,17.0474,0.315748
06-Aug-2026,68.1544,0.150685,13.0751,13.4084,0.33333
06-Aug-2026,72.1635,0.150685,9.70667,9.94239,0.235715
06-Aug-2026,76.1726,0.150685,6.76053,6.73049,0.0300364
06-Aug-2026,80.1816,0.150685,4.35609,3.91039,0.445701
06-Aug-2026,84.1907,0.150685,2.55784,1.74351,0.814334
06-Aug-2026,88.1998,0.150685,1.34782,0.564572,0.783248
06-Aug-2026,92.2089,0.150685,0.628274,0.166811,0.461463
06-Aug-2026,96.218,0.150685,0.256226,0.0520375,0.204188
06-Aug-2026,64.1453,0.232877,17.3224,17.8017,0.479328
06-Aug-2026,68.1544,0.232877,13.8615,14.2961,0.43459
06-Aug-2026,72.1635,0.232877,10.6916,10.9574,0.265809
06-Aug-2026,76.1726,0.232877,7.89577,7.84892,0.0468456
06-Aug-2026,80.1816,0.232877,5.54241,5.07264,0.469771
06-Aug-2026,84.1907,0.232877,3.66935,2.80008,0.869273
06-Aug-2026,88.1998,0.232877,2.27337,1.26536,1.00801
06-Aug-2026,92.2089,0.232877,1.30857,0.507788,0.800782
06-Aug-2026,96.218,0.232877,0.695885,0.207544,0.488341
06-Aug-2026,64.1453,0.317808,18.0232,18.63,0.606819
06-Aug-2026,68.1544,0.317808,14.7232,15.2377,0.514512
06-Aug-2026,72.1635,0.317808,11.6997,12.0074,0.307666
06-Aug-2026,76.1726,0.317808,9.0076,8.99059,0.0170073
06-Aug-2026,80.1816,0.317808,6.69024,6.26446,0.425783
06-Aug-2026,84.1907,0.317808,4.77234,3.94477,0.827569
06-Aug-2026,88.1998,0.317808,3.25497,2.18489,1.07008
06-Aug-2026,92.2089,0.317808,2.11411,1.08299,1.03112
06-Aug-2026,96.218,0.317808,1.3035,0.520256,0.783244
06-Aug-2026,64.1453,0.40274,18.6666,19.3669,0.700257
06-Aug-2026,68.1544,0.40274,15.4799,16.0621,0.582168
06-Aug-2026,72.1635,0.40274,12.5544,12.9153,0.360946
06-Aug-2026,76.1726,0.40274,9.93015,9.97026,0.040114
06-Aug-2026,80.1816,0.40274,7.63835,7.28798,0.350369
06-Aug-2026,84.1907,0.40274,5.69695,4.9536,0.743345
06-Aug-2026,88.1998,0.40274,4.10796,3.07522,1.03274
06-Aug-2026,92.2089,0.40274,2.85639,1.74379,1.1126
06-Aug-2026,96.218,0.40274,1.91138,0.938324,0.973056
06-Aug-2026,64.1453,0.482192,19.3002,20.0839,0.78368
06-Aug-2026,68.1544,0.482192,16.2059,16.8568,0.650885
06-Aug-2026,72.1635,0.482192,13.3583,13.7839,0.425619
06-Aug-2026,76.1726,0.482192,10.7881,10.9023,0.114248
06-Aug-2026,80.1816,0.482192,8.51864,8.26151,0.25713
06-Aug-2026,84.1907,0.482192,6.56349,5.92622,0.63727
06-Aug-2026,88.1998,0.482192,4.9247,3.97564,0.949062
06-Aug-2026,92.2089,0.482192,3.59201,2.48358,1.10843
06-Aug-2026,96.218,0.482192,2.54345,1.468,1.07545
06-Aug-2026,64.1453,0.558904,19.877,20.7336,0.856629
06-Aug-2026,68.1544,0.558904,16.8557,17.5722,0.716501
06-Aug-2026,72.1635,0.558904,14.0689,14.5614,0.492494
06-Aug-2026,76.1726,0.558904,11.5412,11.7333,0.192074
06-Aug-2026,80.1816,0.558904,9.29097,9.12895,0.162015
06-Aug-2026,84.1907,0.558904,7.32886,6.79999,0.528867
06-Aug-2026,88.1998,0.558904,5.65658,4.80739,0.84919
06-Aug-2026,92.2089,0.558904,4.26646,3.2103,1.05616
06-Aug-2026,96.218,0.558904,3.14166,2.0377,1.10396
06-Aug-2026,64.1453,0.649315,20.5103,21.4454,0.935053
06-Aug-2026,68.1544,0.649315,17.5602,18.3517,0.791534
06-Aug-2026,72.1635,0.649315,14.8324,15.4047,0.572266
06-Aug-2026,76.1726,0.649315,12.3466,12.6315,0.284949
06-Aug-2026,80.1816,0.649315,10.1169,10.0662,0.0506684
06-Aug-2026,84.1907,0.649315,8.15164,7.74945,0.402187
06-Aug-2026,88.1998,0.649315,6.45201,5.72797,0.724036
06-Aug-2026,92.2089,0.649315,5.01204,4.04789,0.96415
06-Aug-2026,96.218,0.649315,3.81866,2.73914,1.07952
06-Aug-2026,64.1453,0.731507,21.0863,22.0919,1.00558
06-Aug-2026,68.1544,0.731507,18.1948,19.0568,0.861953
06-Aug-2026,72.1635,0.731507,15.5157,16.1644,0.648719
06-Aug-2026,76.1726,0.731507,13.0648,13.4387,0.373858
06-Aug-2026,80.1816,0.731507,10.8537,10.908,0.0542911
06-Aug-2026,84.1907,0.731507,8.88873,8.60567,0.283057
06-Aug-2026,88.1998,0.731507,7.17074,6.56896,0.601779
06-Aug-2026,92.2089,0.731507,5.69467,4.8347,0.859974
06-Aug-2026,96.218,0.731507,4.44984,3.43,1.01984
06-Aug-2026,64.1453,0.816438,21.6876,22.7663,1.07872
06-Aug-2026,68.1544,0.816438,18.8527,19.7895,0.936849
06-Aug-2026,72.1635,0.816438,16.2205,16.9516,0.731133
06-Aug-2026,76.1726,0.816438,13.8038,14.2731,0.469298
06-Aug-2026,80.1816,0.816438,11.6121,11.7779,0.165808
06-Aug-2026,84.1907,0.816438,9.65004,9.4932,0.156839
06-Aug-2026,88.1998,0.816438,7.91806,7.44872,0.46934
06-Aug-2026,92.2089,0.816438,6.41177,5.67378,0.73799
06-Aug-2026,96.218,0.816438,5.1222,4.1916,0.930599
06-Aug-2026,64.1453,0.89863,22.2349,23.3795,1.14458
06-Aug-2026,68.1544,0.89863,19.448,20.4537,1.00572
06-Aug-2026,72.1635,0.89863,16.8557,17.6632,0.807546
06-Aug-2026,76.1726,0.89863,14.4688,15.026,0.557228
06-Aug-2026,80.1816,0.89863,12.2947,12.5626,0.267883
06-Aug-2026,84.1907,0.89863,10.3372,10.2956,0.0415999
06-Aug-2026,88.1998,0.89863,8.59626,8.24952,0.346744
06-Aug-2026,92.2089,0.89863,7.06787,6.44827,0.619598
06-Aug-2026,96.218,0.89863,5.74422,4.91158,0.832636
07-Aug-2026,64.4072,0.0191781,16.1663,16.1671,0.000806114
07-Aug-2026,68.4327,0.0191781,12.1458,12.1522,0.00638387
07-Aug-2026,72.4582,0.0191781,8.14941,8.17737,0.0279557
07-Aug-2026,76.4836,0.0191781,4.38741,4.41012,0.0227109
07-Aug-2026,80.5091,0.0191781,1.56755,1.40711,0.160439
07-Aug-2026,84.5345,0.0191781,0.292234,0.100534,0.1917
07-Aug-2026,88.56,0.0191781,0.0226419,0.000795545,0.0218464
07-Aug-2026,92.5854,0.0191781,0.000609089,2.49723e-06,0.000606592
07-Aug-2026,96.6109,0.0191781,5.05503e-06,5.93876e-09,5.04909e-06
07-Aug-2026,64.4072,0.0383562,16.2205,16.2357,0.0151507
07-Aug-2026,68.4327,0.0383562,12.2195,12.2648,0.0453267
07-Aug-2026,72.4582,0.0383562,8.31738,8.40036,0.0829771
07-Aug-2026,76.4836,0.0383562,4.7932,4.82223,0.0290287
07-Aug-2026,80.5091,0.0383562,2.13709,1.90969,0.227399
07-Aug-2026,84.5345,0.0383562,0.664752,0.300622,0.36413
07-Aug-2026,88.56,0.0383562,0.130311,0.0148954,0.115416
07-Aug-2026,92.5854,0.0383562,0.0147445,0.000501202,0.0142433
07-Aug-2026,96.6109,0.0383562,0.000904426,1.53807e-05,0.000889045
07-Aug-2026,64.4072,0.0575342,16.2979,16.3588,0.0609379
07-Aug-2026,68.4327,0.0575342,12.3489,12.4629,0.114001
07-Aug-2026,72.4582,0.0575342,8.57907,8.71714,0.138065
07-Aug-2026,76.4836,0.0575342,5.24866,5.27186,0.023204
07-Aug-2026,80.5091,0.0575342,2.68968,2.3938,0.295877
07-Aug-2026,84.5345,0.0575342,1.09218,0.572832,0.519348
07-Aug-2026,88.56,0.0575342,0.332376,0.0656027,0.266773
07-Aug-2026,92.5854,0.0575342,0.0720927,0.00625001,0.0658427
07-Aug-2026,96.6109,0.0575342,0.0107359,0.000585659,0.0101502
07-Aug-2026,64.4072,0.0767123,16.3749,16.4861,0.111164
07-Aug-2026,68.4327,0.0767123,12.4804,12.6497,0.169267
07-Aug-2026,72.4582,0.0767123,8.80891,8.97914,0.170231
07-Aug-2026,76.4836,0.0767123,5.58997,5.60226,0.012287
07-Aug-2026,80.5091,0.0767123,3.0789,2.73638,0.342525
07-Aug-2026,84.5345,0.0767123,1.41622,0.801623,0.614597
07-Aug-2026,88.56,0.0767123,0.523183,0.131761,0.391422
07-Aug-2026,92.5854,0.0767123,0.149773,0.0192361,0.130537
07-Aug-2026,96.6109,0.0767123,0.0323368,0.00285021,0.0294866
07-Aug-2026,64.4072,0.0958904,16.4642,16.6286,0.164421
07-Aug-2026,68.4327,0.0958904,12.6271,12.8456,0.218456
07-Aug-2026,72.4582,0.0958904,9.04187,9.23504,0.193167
07-Aug-2026,76.4836,0.0958904,5.90872,5.90777,0.000947896
07-Aug-2026,80.5091,0.0958904,3.43167,3.05048,0.38119
07-Aug-2026,84.5345,0.0958904,1.721,1.0322,0.688802
07-Aug-2026,88.56,0.0958904,0.723763,0.215909,0.507854
07-Aug-2026,92.5854,0.0958904,0.248426,0.0412458,0.20718
07-Aug-2026,96.6109,0.0958904,0.0681685,0.00815833,0.0600102
07-Aug-2026,64.4072,0.0657534,16.3221,16.3991,0.0769853
07-Aug-2026,68.4327,0.0657534,12.3906,12.5236,0.132972
07-Aug-2026,72.4582,0.0657534,8.65491,8.80488,0.149971
07-Aug-2026,76.4836,0.0657534,5.36524,5.38523,0.0199917
07-Aug-2026,80.5091,0.0657534,2.82433,2.51198,0.312348
07-Aug-2026,84.5345,0.0657534,1.20257,0.648772,0.553798
07-Aug-2026,88.56,0.0657534,0.394353,0.0854359,0.308917
07-Aug-2026,92.5854,0.0657534,0.0952639,0.0096237,0.0856402
07-Aug-2026,96.6109,0.0657534,0.0163968,0.00107929,0.0153175
07-Aug-2026,64.4072,0.147945,16.7884,17.0986,0.310242
07-Aug-2026,68.4327,0.147945,13.1132,13.4409,0.327657
07-Aug-2026,72.4582,0.147945,9.72733,9.9569,0.229568
07-Aug-2026,76.4836,0.147945,6.76679,6.72902,0.0377664
07-Aug-2026,80.5091,0.147945,4.3526,3.89639,0.456208
07-Aug-2026,84.5345,0.147945,2.54983,1.72475,0.825078
07-Aug-2026,88.56,0.147945,1.33957,0.552252,0.787318
07-Aug-2026,92.5854,0.147945,0.622112,0.161496,0.460616
07-Aug-2026,96.6109,0.147945,0.252574,0.0498689,0.202705
07-Aug-2026,64.4072,0.230137,17.3819,17.8557,0.473837
07-Aug-2026,68.4327,0.230137,13.9053,14.333,0.427714
07-Aug-2026,72.4582,0.230137,10.7214,10.9781,0.256676
07-Aug-2026,76.4836,0.230137,7.91421,7.85481,0.0594016
07-Aug-2026,80.5091,0.230137,5.55241,5.06609,0.486323
07-Aug-2026,84.5345,0.230137,3.67389,2.78603,0.887864
07-Aug-2026,88.56,0.230137,2.2749,1.2517,1.0232
07-Aug-2026,92.5854,0.230137,1.30879,0.499538,0.809252
07-Aug-2026,96.6109,0.230137,0.695698,0.203292,0.492406
07-Aug-2026,64.4072,0.315068,18.0875,18.6876,0.600098
07-Aug-2026,68.4327,0.315068,14.774,15.2792,0.505195
07-Aug-2026,72.4582,0.315068,11.7387,12.0335,0.294833
07-Aug-2026,76.4836,0.315068,9.03693,9.00273,0.0342024
07-Aug-2026,80.5091,0.315068,6.71199,6.2644,0.447593
07-Aug-2026,84.5345,0.315068,4.78842,3.93602,0.8524
07-Aug-2026,88.56,0.315068,3.26693,2.17274,1.09419
07-Aug-2026,92.5854,0.315068,2.12302,1.07295,1.05007
07-Aug-2026,96.6109,0.315068,1.31006,0.513929,0.796131
07-Aug-2026,64.4072,0.4,18.7357,19.4276,0.691949
07-Aug-2026,68.4327,0.4,15.537,16.1074,0.570394
07-Aug-2026,72.4582,0.4,12.601,12.946,0.344967
07-Aug-2026,76.4836,0.4,9.96811,9.98737,0.0192583
07-Aug-2026,80.5091,0.4,7.6693,7.29313,0.376171
07-Aug-2026,84.5345,0.4,5.72231,4.94957,0.772743
07-Aug-2026,88.56,0.4,4.12882,3.06588,1.06294
07-Aug-2026,92.5854,0.4,2.87349,1.73382,1.13967
07-Aug-2026,96.6109,0.4,1.92513,0.93068,0.99445
07-Aug-2026,64.4072,0.479452,19.3742,20.1478,0.773602
07-Aug-2026,68.4327,0.479452,16.269,16.9057,0.636749
07-Aug-2026,72.4582,0.479452,13.412,13.8187,0.406674
07-Aug-2026,76.4836,0.479452,10.8339,10.924,0.090111
07-Aug-2026,80.5091,0.479452,8.55788,8.27144,0.286437
07-Aug-2026,84.5345,0.479452,6.59733,5.92672,0.67061
07-Aug-2026,88.56,0.479452,4.95394,3.9697,0.98424
07-Aug-2026,92.5854,0.479452,3.61714,2.47498,1.14216
07-Aug-2026,96.6109,0.479452,2.5647,1.45997,1.10473
07-Aug-2026,64.4072,0.556164,19.9556,20.8004,0.844787
07-Aug-2026,68.4327,0.556164,16.9242,17.6244,0.700209
07-Aug-2026,72.4582,0.556164,14.1287,14.5998,0.471087
07-Aug-2026,76.4836,0.556164,11.5937,11.7589,0.165213
07-Aug-2026,80.5091,0.556164,9.33732,9.14306,0.194261
07-Aug-2026,84.5345,0.556164,7.37002,6.80455,0.565469
07-Aug-2026,88.56,0.556164,5.69318,4.80485,0.888333
07-Aug-2026,92.5854,0.556164,4.29882,3.20377,1.09505
07-Aug-2026,96.6109,0.556164,3.1699,2.03018,1.13972
07-Aug-2026,64.4072,0.646575,20.5939,21.5152,0.921317
07-Aug-2026,68.4327,0.646575,17.6344,18.4075,0.773051
07-Aug-2026,72.4582,0.646575,14.8987,15.447,0.548257
07-Aug-2026,76.4836,0.646575,12.4061,12.6614,0.255317
07-Aug-2026,80.5091,0.646575,10.1707,10.0848,0.0859312
07-Aug-2026,84.5345,0.646575,8.2005,7.75839,0.442108
07-Aug-2026,88.56,0.646575,6.49642,5.72933,0.76709
07-Aug-2026,92.5854,0.646575,5.05221,4.04422,1.00799
07-Aug-2026,96.6109,0.646575,3.85461,2.73305,1.12156
07-Aug-2026,64.4072,0.728767,21.1743,22.1646,0.99026
07-Aug-2026,68.4327,0.728767,18.2742,19.1156,0.841425
07-Aug-2026,72.4582,0.728767,15.5877,16.2102,0.622487
07-Aug-2026,76.4836,0.728767,13.1305,13.4723,0.341775
07-Aug-2026,80.5091,0.728767,10.914,10.9305,0.0164553
07-Aug-2026,84.5345,0.728767,8.94434,8.61853,0.325806
07-Aug-2026,88.56,0.728767,7.22204,6.57395,0.648095
07-Aug-2026,92.5854,0.728767,5.74181,4.83397,0.907837
07-Aug-2026,96.6109,0.728767,4.49276,3.42584,1.06692
07-Aug-2026,64.4072,0.813699,21.7803,22.8419,1.06164
07-Aug-2026,68.4327,0.813699,18.9373,19.8517,0.914383
07-Aug-2026,72.4582,0.813699,16.2982,17.001,0.702772
07-Aug-2026,76.4836,0.813699,13.8757,14.3105,0.434849
07-Aug-2026,80.5091,0.813699,11.6789,11.8044,0.125485
07-Aug-2026,84.5345,0.813699,9.71245,9.5101,0.202349
07-Aug-2026,88.56,0.813699,7.97635,7.45753,0.518816
07-Aug-2026,92.5854,0.813699,6.46602,5.67637,0.78965
07-Aug-2026,96.6109,0.813699,5.17231,4.18991,0.982399
07-Aug-2026,64.4072,0.89589,22.3318,23.4578,1.12596
07-Aug-2026,68.4327,0.89589,19.5373,20.5188,0.981491
07-Aug-2026,72.4582,0.89589,16.9385,17.7158,0.777288
07-Aug-2026,76.4836,0.89589,14.5461,15.0669,0.520807
07-Aug-2026,80.5091,0.89589,12.3673,12.5926,0.225342
07-Aug-2026,84.5345,0.89589,10.4056,10.3161,0.0894752
07-Aug-2026,88.56,0.89589,8.66073,8.26183,0.3989
07-Aug-2026,92.5854,0.89589,7.12844,6.45401,0.674427
07-Aug-2026,96.6109,0.89589,5.80076,4.91245,0.888306
10-Aug-2026,66.2092,0.0109589,16.5763,16.5762,7.95729e-05
10-Aug-2026,70.3472,0.0109589,12.4397,12.4397,2.84709e-05
10-Aug-2026,74.4853,0.0109589,8.30328,8.30399,0.000711559
10-Aug-2026,78.6234,0.0109589,4.20036,4.21254,0.0121798
10-Aug-2026,82.7614,0.0109589,0.931641,0.864719,0.066922
10-Aug-2026,86.8995,0.0109589,0.0315378,0.00527511,0.0262627
10-Aug-2026,91.0376,0.0109589,6.20956e-05,4.71015e-08,6.20485e-05
10-Aug-2026,95.1757,0.0109589,3.86879e-09,2.21988e-14,3.86877e-09
10-Aug-2026,99.3137,0.0109589,6.05559e-15,3.62793e-15,2.42766e-15
10-Aug-2026,66.2092,0.030137,16.6425,16.6469,0.00441284
10-Aug-2026,70.3472,0.030137,12.5143,12.5359,0.0216007
10-Aug-2026,74.4853,0.030137,8.43615,8.49937,0.0632194
10-Aug-2026,78.6234,0.030137,4.66512,4.72602,0.0608982
10-Aug-2026,82.7614,0.030137,1.83737,1.69432,0.143052
10-Aug-2026,86.8995,0.030137,0.433397,0.189611,0.243786
10-Aug-2026,91.0376,0.030137,0.0516097,0.00440065,0.0472091
10-Aug-2026,95.1757,0.030137,0.00268805,5.61162e-05,0.00263193
10-Aug-2026,99.3137,0.030137,5.56257e-05,6.0642e-07,5.50193e-05
10-Aug-2026,66.2092,0.0493151,16.6999,16.7302,0.0303467
10-Aug-2026,70.3472,0.0493151,12.5986,12.6756,0.0770458
10-Aug-2026,74.4853,0.0493151,8.62203,8.7511,0.129071
10-Aug-2026,78.6234,0.0493151,5.0546,5.13163,0.0770257
10-Aug-2026,82.7614,0.0493151,2.34909,2.15542,0.193673
10-Aug-2026,86.8995,0.0493151,0.791337,0.408938,0.382399
10-Aug-2026,91.0376,0.0493151,0.176502,0.0298676,0.146634
10-Aug-2026,95.1757,0.0493151,0.0240518,0.00163673,0.0224151
10-Aug-2026,99.3137,0.0493151,0.00189165,8.4785e-05,0.00180687
10-Aug-2026,66.2092,0.0684932,16.7828,16.8714,0.0886148
10-Aug-2026,70.3472,0.0684932,12.7377,12.8945,0.156758
10-Aug-2026,74.4853,0.0684932,8.88832,9.08055,0.192231
10-Aug-2026,78.6234,0.0684932,5.49226,5.57327,0.0810095
10-Aug-2026,82.7614,0.0684932,2.86822,2.62128,0.246943
10-Aug-2026,86.8995,0.0684932,1.20115,0.692765,0.508385
10-Aug-2026,91.0376,0.0684932,0.382213,0.0951028,0.28711
10-Aug-2026,95.1757,0.0684932,0.087975,0.0112547,0.0767203
10-Aug-2026,99.3137,0.0684932,0.01413,0.00133106,0.0127989
10-Aug-2026,66.2092,0.0876712,16.8639,17.01,0.146057
10-Aug-2026,70.3472,0.0876712,12.8734,13.0915,0.218135
10-Aug-2026,74.4853,0.0876712,9.11729,9.3474,0.230112
10-Aug-2026,78.6234,0.0876712,5.82314,5.90047,0.0773274
10-Aug-2026,82.7614,0.0876712,3.24173,2.95875,0.282985
10-Aug-2026,86.8995,0.0876712,1.51448,0.928891,0.585589
10-Aug-2026,91.0376,0.0876712,0.571012,0.171719,0.399293
10-Aug-2026,95.1757,0.0876712,0.167584,0.0286418,0.138942
10-Aug-2026,99.3137,0.0876712,0.0372751,0.0048976,0.0323775
10-Aug-2026,66.2092,0.0575342,16.7354,16.7897,0.0542887
10-Aug-2026,70.3472,0.0575342,12.6575,12.7706,0.113148
10-Aug-2026,74.4853,0.0575342,8.73998,8.90029,0.160314
10-Aug-2026,78.6234,0.0575342,5.25856,5.33899,0.0804293
10-Aug-2026,82.7614,0.0575342,2.59572,2.37661,0.219105
10-Aug-2026,86.8995,0.0575342,0.981555,0.536889,0.444666
10-Aug-2026,91.0376,0.0575342,0.265149,0.0551981,0.209951
10-Aug-2026,95.1757,0.0575342,0.0480395,0.00461317,0.0434263
10-Aug-2026,99.3137,0.0575342,0.00557856,0.000375695,0.00520286
10-Aug-2026,66.2092,0.139726,17.1689,17.4837,0.314793
10-Aug-2026,70.3472,0.139726,13.3429,13.7031,0.360187
10-Aug-2026,74.4853,0.139726,9.80493,10.1017,0.296782
10-Aug-2026,78.6234,0.139726,6.71043,6.76785,0.0574184
10-Aug-2026,82.7614,0.139726,4.20395,3.85125,0.352703
10-Aug-2026,86.8995,0.139726,2.36565,1.64076,0.724894
10-Aug-2026,91.0376,0.139726,1.17259,0.49498,0.67761
10-Aug-2026,95.1757,0.139726,0.502728,0.136929,0.365799
10-Aug-2026,99.3137,0.139726,0.183888,0.0400006,0.143887
10-Aug-2026,66.2092,0.221918,17.7494,18.261,0.511598
10-Aug-2026,70.3472,0.221918,14.1325,14.6255,0.493031
10-Aug-2026,74.4853,0.221918,10.8151,11.1632,0.348058
10-Aug-2026,78.6234,0.221918,7.89258,7.94121,0.0486252
10-Aug-2026,82.7614,0.221918,5.44538,5.06918,0.376204
10-Aug-2026,86.8995,0.221918,3.51899,2.73433,0.784662
10-Aug-2026,91.0376,0.221918,2.10996,1.19205,0.91791
10-Aug-2026,95.1757,0.221918,1.16354,0.462354,0.701186
10-Aug-2026,99.3137,0.221918,0.586201,0.183976,0.402225
10-Aug-2026,66.2092,0.306849,18.4244,19.082,0.657576
10-Aug-2026,70.3472,0.306849,14.9743,15.5623,0.587956
10-Aug-2026,74.4853,0.306849,11.8122,12.2105,0.398277
10-Aug-2026,78.6234,0.306849,9.00157,9.08181,0.0802353
10-Aug-2026,82.7614,0.306849,6.59336,6.25953,0.333828
10-Aug-2026,86.8995,0.306849,4.61721,3.87096,0.74625
10-Aug-2026,91.0376,0.306849,3.07481,2.08582,0.988991
10-Aug-2026,95.1757,0.306849,1.93776,1.00275,0.935008
10-Aug-2026,99.3137,0.306849,1.15135,0.470418,0.680932
10-Aug-2026,66.2092,0.391781,19.1098,19.8805,0.770738
10-Aug-2026,70.3472,0.391781,15.7881,16.4575,0.669396
10-Aug-2026,74.4853,0.391781,12.7388,13.1982,0.459355
10-Aug-2026,78.6234,0.391781,10.0071,10.1487,0.141557
10-Aug-2026,82.7614,0.391781,7.62869,7.37417,0.254519
10-Aug-2026,86.8995,0.391781,5.62443,4.96626,0.658175
10-Aug-2026,91.0376,0.391781,3.99713,3.04183,0.955305
10-Aug-2026,95.1757,0.391781,2.72995,1.69683,1.03312
10-Aug-2026,99.3137,0.391781,1.78771,0.899752,0.887958
10-Aug-2026,66.2092,0.471233,19.7587,20.6226,0.863921
10-Aug-2026,70.3472,0.471233,16.5365,17.281,0.744483
10-Aug-2026,74.4853,0.471233,13.572,14.0991,0.527096
10-Aug-2026,78.6234,0.471233,10.8996,11.1162,0.216592
10-Aug-2026,82.7614,0.471233,8.54573,8.38483,0.160903
10-Aug-2026,86.8995,0.471233,6.52613,5.97443,0.5517
10-Aug-2026,91.0376,0.471233,4.84347,3.9702,0.873272
10-Aug-2026,95.1757,0.471233,3.48645,2.45076,1.03569
10-Aug-2026,99.3137,0.471233,2.43037,1.43115,0.999218
10-Aug-2026,66.2092,0.547945,20.3226,21.2619,0.939253
10-Aug-2026,70.3472,0.547945,17.1752,17.9856,0.810374
10-Aug-2026,74.4853,0.547945,14.2736,14.8655,0.591921
10-Aug-2026,78.6234,0.547945,11.6453,11.9359,0.290563
10-Aug-2026,82.7614,0.547945,9.31153,9.24062,0.0709055
10-Aug-2026,86.8995,0.547945,7.28447,6.83547,0.448997
10-Aug-2026,91.0376,0.547945,5.56643,4.78664,0.779785
10-Aug-2026,95.1757,0.547945,4.14891,3.15798,0.990931
10-Aug-2026,99.3137,0.547945,3.01297,1.97813,1.03484
10-Aug-2026,66.2092,0.638356,21.0052,22.0317,1.02646
10-Aug-2026,70.3472,0.638356,17.938,18.8295,0.891463
10-Aug-2026,74.4853,0.638356,15.1033,15.7791,0.675811
10-Aug-2026,78.6234,0.638356,12.5228,12.9096,0.38678
10-Aug-2026,82.7614,0.638356,10.2124,10.2567,0.0443292
10-Aug-2026,86.8995,0.638356,8.18161,7.86394,0.317668
10-Aug-2026,91.0376,0.638356,6.43193,5.78118,0.65075
10-Aug-2026,95.1757,0.638356,4.95692,4.05761,0.899311
10-Aug-2026,99.3137,0.638356,3.74221,2.7243,1.01791
10-Aug-2026,66.2092,0.720548,21.6007,22.7007,1.10005
10-Aug-2026,70.3472,0.720548,18.5965,19.5595,0.963042
10-Aug-2026,74.4853,0.720548,15.8143,16.5663,0.751999
10-Aug-2026,78.6234,0.720548,13.2717,13.7462,0.474458
10-Aug-2026,82.7614,0.720548,10.9815,11.1293,0.147797
10-Aug-2026,86.8995,0.720548,8.951,8.75106,0.199944
10-Aug-2026,91.0376,0.720548,7.18123,6.65114,0.53009
10-Aug-2026,95.1757,0.720548,5.66678,4.86879,0.79799
10-Aug-2026,99.3137,0.720548,4.39597,3.43249,0.963477
10-Aug-2026,66.2092,0.805479,22.1962,23.3681,1.17187
10-Aug-2026,70.3472,0.805479,19.2501,20.285,1.03495
10-Aug-2026,74.4853,0.805479,16.5162,17.3461,0.82989
10-Aug-2026,78.6234,0.805479,14.0091,14.573,0.563932
10-Aug-2026,82.7614,0.805479,11.739,11.9914,0.252398
10-Aug-2026,86.8995,0.805479,9.71143,9.63023,0.0812007
10-Aug-2026,91.0376,0.805479,7.92698,7.52146,0.405518
10-Aug-2026,95.1757,0.805479,6.38091,5.69659,0.684324
10-Aug-2026,99.3137,0.805479,5.0634,4.18029,0.883108
10-Aug-2026,66.2092,0.887671,22.7646,24.0033,1.23872
10-Aug-2026,70.3472,0.887671,19.87,20.9735,1.10355
10-Aug-2026,74.4853,0.887671,17.1793,18.0841,0.904842
10-Aug-2026,78.6234,0.887671,14.7043,15.3542,0.64991
10-Aug-2026,82.7614,0.887671,12.4533,12.8056,0.352275
10-Aug-2026,86.8995,0.887671,10.4306,10.4625,0.0318779
10-Aug-2026,91.0376,0.887671,8.63619,8.35109,0.285096
10-Aug-2026,95.1757,0.887671,7.06585,6.4971,0.568755
10-Aug-2026,99.3137,0.887671,5.71105,4.9215,0.789547
11-Aug-2026,67.2699,0.00821918,16.8363,16.8362,7.04732e-05
11-Aug-2026,71.4742,0.00821918,12.6331,12.6331,6.58933e-06
11-Aug-2026,75.6786,0.00821918,8.42992,8.43001,9.36002e-05
11-Aug-2026,79.883,0.00821918,4.24018,4.24775,0.00757173
11-Aug-2026,84.0873,0.00821918,0.80886,0.759748,0.049112
11-Aug-2026,88.2917,0.00821918,0.0120261,0.00145973,0.0105664
11-Aug-2026,92.4961,0.00821918,3.26784e-06,3.97713e-10,3.26744e-06
11-Aug-2026,96.7004,0.00821918,6.96721e-12,1.17283e-15,6.96604e-12
11-Aug-2026,100.905,0.00821918,3.19673e-16,1.14761e-15,8.27937e-16
11-Aug-2026,67.2699,0.0273973,16.9054,16.9086,0.00315231
11-Aug-2026,71.4742,0.0273973,12.7093,12.727,0.0176598
11-Aug-2026,75.6786,0.0273973,8.5537,8.6128,0.0590974
11-Aug-2026,79.883,0.0273973,4.68564,4.75581,0.070173
11-Aug-2026,84.0873,0.0273973,1.78358,1.66365,0.11993
11-Aug-2026,88.2917,0.0273973,0.38683,0.170103,0.216727
11-Aug-2026,92.4961,0.0273973,0.0392802,0.00319241,0.0360878
11-Aug-2026,96.7004,0.0273973,0.00158546,3.09044e-05,0.00155456
11-Aug-2026,100.905,0.0273973,2.28496e-05,2.47962e-07,2.26016e-05
11-Aug-2026,67.2699,0.0465753,16.9643,16.9913,0.0270001
11-Aug-2026,71.4742,0.0465753,12.7921,12.8648,0.0727153
11-Aug-2026,75.6786,0.0465753,8.73454,8.8656,0.131061
11-Aug-2026,79.883,0.0465753,5.08023,5.17411,0.0938839
11-Aug-2026,84.0873,0.0465753,2.31284,2.14556,0.167283
11-Aug-2026,88.2917,0.0465753,0.746521,0.390968,0.355553
11-Aug-2026,92.4961,0.0465753,0.154487,0.0262518,0.128235
11-Aug-2026,96.7004,0.0465753,0.0187492,0.00129416,0.017455
11-Aug-2026,100.905,0.0465753,0.00125418,5.98206e-05,0.00119436
11-Aug-2026,67.2699,0.0657534,17.048,17.133,0.0849904
11-Aug-2026,71.4742,0.0657534,12.9293,13.0855,0.156212
11-Aug-2026,75.6786,0.0657534,8.99985,9.20155,0.201704
11-Aug-2026,79.883,0.0657534,5.52554,5.62952,0.103978
11-Aug-2026,84.0873,0.0657534,2.84579,2.62772,0.218072
11-Aug-2026,88.2917,0.0657534,1.16139,0.679579,0.481811
11-Aug-2026,92.4961,0.0657534,0.354146,0.0895656,0.26458
11-Aug-2026,96.7004,0.0657534,0.0764729,0.0100913,0.0663816
11-Aug-2026,100.905,0.0657534,0.0112501,0.00113178,0.0101183
11-Aug-2026,67.2699,0.0849315,17.1294,17.2733,0.143934
11-Aug-2026,71.4742,0.0849315,13.0645,13.2861,0.221559
11-Aug-2026,75.6786,0.0849315,9.23018,9.4748,0.244621
11-Aug-2026,79.883,0.0849315,5.86261,5.96632,0.103708
11-Aug-2026,84.0873,0.0849315,3.22814,2.97531,0.252832
11-Aug-2026,88.2917,0.0849315,1.47941,0.920279,0.559131
11-Aug-2026,92.4961,0.0849315,0.540952,0.165649,0.375303
11-Aug-2026,96.7004,0.0849315,0.151775,0.0267932,0.124982
11-Aug-2026,100.905,0.0849315,0.0317551,0.00443149,0.0273236
11-Aug-2026,67.2699,0.0547945,17.0003,17.0507,0.050432
11-Aug-2026,71.4742,0.0547945,12.8499,12.9602,0.110328
11-Aug-2026,75.6786,0.0547945,8.85155,9.01741,0.165861
11-Aug-2026,79.883,0.0547945,5.28765,5.38804,0.100386
11-Aug-2026,84.0873,0.0547945,2.56635,2.37492,0.191429
11-Aug-2026,88.2917,0.0547945,0.938875,0.520915,0.41796
11-Aug-2026,92.4961,0.0547945,0.239753,0.0505218,0.189231
11-Aug-2026,96.7004,0.0547945,0.0398742,0.00392878,0.0359454
11-Aug-2026,100.905,0.0547945,0.00411193,0.000296055,0.00381587
11-Aug-2026,67.2699,0.136986,17.4363,17.7566,0.320325
11-Aug-2026,71.4742,0.136986,13.537,13.9114,0.374366
11-Aug-2026,75.6786,0.136986,9.92673,10.248,0.321293
11-Aug-2026,79.883,0.136986,6.76744,6.85692,0.0894835
11-Aug-2026,84.0873,0.136986,4.21174,3.89122,0.320525
11-Aug-2026,88.2917,0.136986,2.34537,1.64693,0.698441
11-Aug-2026,92.4961,0.136986,1.14458,0.491179,0.653401
11-Aug-2026,96.7004,0.136986,0.480114,0.134282,0.345832
11-Aug-2026,100.905,0.136986,0.170616,0.0387501,0.131866
11-Aug-2026,67.2699,0.219178,18.0246,18.5524,0.527768
11-Aug-2026,71.4742,0.219178,14.3386,14.8561,0.517452
11-Aug-2026,75.6786,0.219178,10.9557,11.3354,0.379668
11-Aug-2026,79.883,0.219178,7.97517,8.05884,0.0836741
11-Aug-2026,84.0873,0.219178,5.48131,5.13805,0.343263
11-Aug-2026,88.2917,0.219178,3.5225,2.7643,0.758199
11-Aug-2026,92.4961,0.219178,2.09567,1.19938,0.896286
11-Aug-2026,96.7004,0.219178,1.14367,0.462697,0.680973
11-Aug-2026,100.905,0.219178,0.568538,0.183214,0.385324
11-Aug-2026,67.2699,0.30411,18.7125,19.3933,0.680755
11-Aug-2026,71.4742,0.30411,15.1977,15.8152,0.617536
11-Aug-2026,75.6786,0.30411,11.9752,12.4075,0.432293
11-Aug-2026,79.883,0.30411,9.11065,9.22608,0.115425
11-Aug-2026,84.0873,0.30411,6.65745,6.35571,0.301735
11-Aug-2026,88.2917,0.30411,4.64687,3.9262,0.72067
11-Aug-2026,92.4961,0.30411,3.08108,2.11117,0.969909
11-Aug-2026,96.7004,0.30411,1.93078,1.01195,0.918831
11-Aug-2026,100.905,0.30411,1.13914,0.473333,0.665807
11-Aug-2026,67.2699,0.389041,19.4135,20.2111,0.797627
11-Aug-2026,71.4742,0.389041,16.0309,16.7318,0.700851
11-Aug-2026,75.6786,0.389041,12.9248,13.4183,0.493463
11-Aug-2026,79.883,0.389041,10.1423,10.3175,0.175207
11-Aug-2026,84.0873,0.389041,7.72021,7.49571,0.224504
11-Aug-2026,88.2917,0.389041,5.68064,5.04607,0.634569
11-Aug-2026,92.4961,0.389041,4.02675,3.08798,0.938769
11-Aug-2026,96.7004,0.389041,2.74132,1.71997,1.02135
11-Aug-2026,100.905,0.389041,1.78808,0.910257,0.877823
11-Aug-2026,67.2699,0.468493,20.0788,20.9711,0.892279
11-Aug-2026,71.4742,0.468493,16.7988,17.5747,0.775904
11-Aug-2026,75.6786,0.468493,13.7804,14.3402,0.559755
11-Aug-2026,79.883,0.468493,11.0594,11.3072,0.247833
11-Aug-2026,84.0873,0.468493,8.66304,8.5293,0.133735
11-Aug-2026,88.2917,0.468493,6.60784,6.07698,0.530863
11-Aug-2026,92.4961,0.468493,4.89674,4.03712,0.859618
11-Aug-2026,96.7004,0.468493,3.51826,2.49035,1.02791
11-Aug-2026,100.905,0.468493,2.44706,1.45259,0.994472
11-Aug-2026,67.2699,0.545205,20.6579,21.6257,0.967752
11-Aug-2026,71.4742,0.545205,17.455,18.2959,0.840901
11-Aug-2026,75.6786,0.545205,14.5018,15.1244,0.622559
11-Aug-2026,79.883,0.545205,11.8266,12.1457,0.319076
11-Aug-2026,84.0873,0.545205,9.45132,9.40453,0.0467907
11-Aug-2026,88.2917,0.545205,7.38867,6.95749,0.431176
11-Aug-2026,92.4961,0.545205,5.64116,4.87204,0.769121
11-Aug-2026,96.7004,0.545205,4.20017,3.21353,0.986639
11-Aug-2026,100.905,0.545205,3.04635,2.01166,1.03469
11-Aug-2026,67.2699,0.635616,21.3599,22.4139,1.05398
11-Aug-2026,71.4742,0.635616,18.2398,19.1596,0.919834
11-Aug-2026,75.6786,0.635616,15.3559,16.0591,0.70321
11-Aug-2026,79.883,0.635616,12.7303,13.1417,0.41138
11-Aug-2026,84.0873,0.635616,10.3796,10.4437,0.0641156
11-Aug-2026,88.2917,0.635616,8.31343,8.00928,0.304155
11-Aug-2026,92.4961,0.635616,6.5335,5.88921,0.644295
11-Aug-2026,96.7004,0.635616,5.03329,4.13378,0.899507
11-Aug-2026,100.905,0.635616,3.79816,2.77496,1.0232
11-Aug-2026,67.2699,0.717808,21.973,23.0989,1.12594
11-Aug-2026,71.4742,0.717808,18.9181,19.9069,0.98875
11-Aug-2026,75.6786,0.717808,16.0885,16.8645,0.776016
11-Aug-2026,79.883,0.717808,13.5024,13.9974,0.495007
11-Aug-2026,84.0873,0.717808,11.1728,11.3361,0.163323
11-Aug-2026,88.2917,0.717808,9.10721,8.91654,0.190675
11-Aug-2026,92.4961,0.717808,7.30682,6.77903,0.527792
11-Aug-2026,96.7004,0.717808,5.76611,4.9637,0.802412
11-Aug-2026,100.905,0.717808,4.47321,3.49971,0.973498
11-Aug-2026,67.2699,0.80274,22.5867,23.7822,1.19546
11-Aug-2026,71.4742,0.80274,19.5918,20.6494,1.05756
11-Aug-2026,75.6786,0.80274,16.8123,17.6623,0.850042
11-Aug-2026,79.883,0.80274,14.2631,14.8432,0.580112
11-Aug-2026,84.0873,0.80274,11.9545,12.2178,0.263342
11-Aug-2026,88.2917,0.80274,9.89227,9.8157,0.0765672
11-Aug-2026,92.4961,0.80274,8.07703,7.66926,0.407773
11-Aug-2026,96.7004,0.80274,6.50396,5.81067,0.693293
11-Aug-2026,100.905,0.80274,5.1631,4.26512,0.897977
11-Aug-2026,67.2699,0.884932,23.1728,24.4325,1.25971
11-Aug-2026,71.4742,0.884932,20.2313,21.354,1.12268
11-Aug-2026,75.6786,0.884932,17.4965,18.4175,0.920957
11-Aug-2026,79.883,0.884932,14.9806,15.6423,0.661679
11-Aug-2026,84.0873,0.884932,12.692,13.0506,0.358563
11-Aug-2026,88.2917,0.884932,10.6351,10.6669,0.0318006
11-Aug-2026,92.4961,0.884932,8.8099,8.51789,0.29201
11-Aug-2026,96.7004,0.884932,7.21209,6.62974,0.582349
11-Aug-2026,100.905,0.884932,5.83302,5.02384,0.809185
12-Aug-2026,67.0667,0.00547945,16.779,16.779,3.13953e-05
12-Aug-2026,71.2583,0.00547945,12.5881,12.5881,4.16302e-05
12-Aug-2026,75.45,0.00547945,8.39725,8.39722,3.18327e-05
12-Aug-2026,79.6417,0.00547945,4.20926,4.21137,0.00210698
12-Aug-2026,83.8333,0.00547945,0.659861,0.61684,0.0430214
12-Aug-2026,88.025,0.00547945,0.00244607,0.00013071,0.00231536
12-Aug-2026,92.2167,0.00547945,2.03167e-08,4.75585e-14,2.03167e-08
12-Aug-2026,96.4083,0.00547945,1.14799e-15,-3.15882e-15,4.30681e-15
12-Aug-2026,100.6,0.00547945,1.52563e-16,-3.24495e-15,3.39751e-15
12-Aug-2026,67.0667,0.0246575,16.8471,16.8492,0.00206741
12-Aug-2026,71.2583,0.0246575,12.6624,12.6758,0.0133857
12-Aug-2026,75.45,0.0246575,8.51162,8.56124,0.0496234
12-Aug-2026,79.6417,0.0246575,4.63084,4.69161,0.0607718
12-Aug-2026,83.8333,0.0246575,1.71978,1.59631,0.123471
12-Aug-2026,88.025,0.0246575,0.351373,0.147086,0.204287
12-Aug-2026,92.2167,0.0246575,0.0319643,0.00215989,0.0298044
12-Aug-2026,96.4083,0.0246575,0.00108787,1.52095e-05,0.00107266
12-Aug-2026,100.6,0.0246575,1.23643e-05,8.65904e-08,1.22777e-05
12-Aug-2026,67.0667,0.0438356,16.9048,16.9276,0.0228454
12-Aug-2026,71.2583,0.0438356,12.742,12.8066,0.064581
12-Aug-2026,75.45,0.0438356,8.68761,8.80739,0.119779
12-Aug-2026,79.6417,0.0438356,5.02967,5.11272,0.0830513
12-Aug-2026,83.8333,0.0438356,2.26413,2.08952,0.174613
12-Aug-2026,88.025,0.0438356,0.714897,0.363831,0.351066
12-Aug-2026,92.2167,0.0438356,0.142685,0.0222665,0.120418
12-Aug-2026,96.4083,0.0438356,0.0164247,0.000977556,0.0154471
12-Aug-2026,100.6,0.0438356,0.0010229,3.99109e-05,0.000982989
12-Aug-2026,67.0667,0.0630137,16.9864,17.0645,0.0780751
12-Aug-2026,71.2583,0.0630137,12.8762,13.0221,0.145907
12-Aug-2026,75.45,0.0630137,8.9516,9.14073,0.189134
12-Aug-2026,79.6417,0.0630137,5.48024,5.57113,0.0908918
12-Aug-2026,83.8333,0.0630137,2.80697,2.57729,0.229677
12-Aug-2026,88.025,0.0630137,1.1351,0.650131,0.484969
12-Aug-2026,92.2167,0.0630137,0.341473,0.0819671,0.259506
12-Aug-2026,96.4083,0.0630137,0.0723884,0.00876239,0.063626
12-Aug-2026,100.6,0.0630137,0.0103978,0.000929002,0.0094688
12-Aug-2026,67.0667,0.0821918,17.0663,17.2018,0.135539
12-Aug-2026,71.2583,0.0821918,13.0101,13.2202,0.210081
12-Aug-2026,75.45,0.0821918,9.18237,9.41318,0.230812
12-Aug-2026,79.6417,0.0821918,5.8209,5.90939,0.0884935
12-Aug-2026,83.8333,0.0821918,3.19471,2.92688,0.267831
12-Aug-2026,88.025,0.0821918,1.45696,0.889425,0.567535
12-Aug-2026,92.2167,0.0821918,0.529235,0.155496,0.373739
12-Aug-2026,96.4083,0.0821918,0.147254,0.0243458,0.122908
12-Aug-2026,100.6,0.0821918,0.030495,0.00388879,0.0266062
12-Aug-2026,67.0667,0.0520548,16.9399,16.9847,0.0448063
12-Aug-2026,71.2583,0.0520548,12.7983,12.8992,0.100948
12-Aug-2026,75.45,0.0520548,8.80364,8.95763,0.153991
12-Aug-2026,79.6417,0.0520548,5.23959,5.32818,0.0885913
12-Aug-2026,83.8333,0.0520548,2.52279,2.32207,0.200723
12-Aug-2026,88.025,0.0520548,0.909752,0.492583,0.417169
12-Aug-2026,92.2167,0.0520548,0.227142,0.044826,0.182316
12-Aug-2026,96.4083,0.0520548,0.0365905,0.00322463,0.0333659
12-Aug-2026,100.6,0.0520548,0.00361682,0.000223569,0.00339325
12-Aug-2026,67.0667,0.134247,17.3708,17.6796,0.3088
12-Aug-2026,71.2583,0.134247,13.4822,13.8415,0.359276
12-Aug-2026,75.45,0.134247,9.88246,10.1849,0.302474
12-Aug-2026,79.6417,0.134247,6.73396,6.80095,0.0669882
12-Aug-2026,83.8333,0.134247,4.18895,3.8438,0.345148
12-Aug-2026,88.025,0.134247,2.33211,1.61242,0.719687
12-Aug-2026,92.2167,0.134247,1.13841,0.474471,0.663939
12-Aug-2026,96.4083,0.134247,0.478042,0.128127,0.349915
12-Aug-2026,100.6,0.134247,0.170221,0.0365168,0.133704
12-Aug-2026,67.0667,0.216438,17.9596,18.4701,0.510545
12-Aug-2026,71.2583,0.216438,14.287,14.7819,0.49488
12-Aug-2026,75.45,0.216438,10.918,11.269,0.351014
12-Aug-2026,79.6417,0.216438,7.95097,8.00031,0.0493362
12-Aug-2026,83.8333,0.216438,5.46932,5.0879,0.381424
12-Aug-2026,88.025,0.216438,3.52012,2.72465,0.795473
12-Aug-2026,92.2167,0.216438,2.0994,1.17399,0.92541
12-Aug-2026,96.4083,0.216438,1.14989,0.450129,0.699761
12-Aug-2026,100.6,0.216438,0.5745,0.177403,0.397097
12-Aug-2026,67.0667,0.30137,18.6504,19.3063,0.655922
12-Aug-2026,71.2583,0.30137,15.1511,15.7366,0.585456
12-Aug-2026,75.45,0.30137,11.9442,12.3368,0.392646
12-Aug-2026,79.6417,0.30137,9.09468,9.1634,0.0687209
12-Aug-2026,83.8333,0.30137,6.65466,6.30134,0.353315
12-Aug-2026,88.025,0.30137,4.65432,3.88135,0.772971
12-Aug-2026,92.2167,0.30137,3.09501,2.0782,1.01681
12-Aug-2026,96.4083,0.30137,1.94729,0.991787,0.955503
12-Aug-2026,100.6,0.30137,1.15489,0.462474,0.692416
12-Aug-2026,67.0667,0.386301,19.3554,20.1197,0.764316
12-Aug-2026,71.2583,0.386301,15.9897,16.6486,0.658881
12-Aug-2026,75.45,0.386301,12.9005,13.3431,0.44265
12-Aug-2026,79.6417,0.386301,10.1338,10.2504,0.116597
12-Aug-2026,83.8333,0.386301,7.72568,7.43683,0.288847
12-Aug-2026,88.025,0.386301,5.69705,4.99622,0.700832
12-Aug-2026,92.2167,0.386301,4.05038,3.04865,1.00173
12-Aug-2026,96.4083,0.386301,2.76819,1.69244,1.07575
12-Aug-2026,100.6,0.386301,1.81455,0.893273,0.921277
12-Aug-2026,67.0667,0.465753,20.025,20.8755,0.850539
12-Aug-2026,71.2583,0.465753,16.7629,17.4873,0.724433
12-Aug-2026,75.45,0.465753,13.7622,14.2608,0.498602
12-Aug-2026,79.6417,0.465753,11.0577,11.2359,0.178161
12-Aug-2026,83.8333,0.465753,8.67596,8.46609,0.209866
12-Aug-2026,88.025,0.465753,6.63234,6.02248,0.60986
12-Aug-2026,92.2167,0.465753,4.9292,3.99236,0.936839
12-Aug-2026,96.4083,0.465753,3.55476,2.45642,1.09834
12-Aug-2026,100.6,0.465753,2.48385,1.42935,1.0545
12-Aug-2026,67.0667,0.542466,20.6082,21.5266,0.918374
12-Aug-2026,71.2583,0.542466,17.4239,18.2049,0.781007
12-Aug-2026,75.45,0.542466,14.489,15.0413,0.552325
12-Aug-2026,79.6417,0.542466,11.8309,12.0706,0.239677
12-Aug-2026,83.8333,0.542466,9.47057,9.33751,0.133056
12-Aug-2026,88.025,0.542466,7.42003,6.89899,0.521045
12-Aug-2026,92.2167,0.542466,5.68112,4.82279,0.858327
12-Aug-2026,96.4083,0.542466,4.24491,3.17443,1.07048
12-Aug-2026,100.6,0.542466,3.09212,1.98297,1.10915
12-Aug-2026,67.0667,0.632877,21.3153,22.3106,0.99526
12-Aug-2026,71.2583,0.632877,18.2147,19.0643,0.849579
12-Aug-2026,75.45,0.632877,15.3496,15.9716,0.622024
12-Aug-2026,79.6417,0.632877,12.7416,13.062,0.32045
12-Aug-2026,83.8333,0.632877,10.4064,10.3721,0.0343364
12-Aug-2026,88.025,0.632877,8.35296,7.94592,0.407042
12-Aug-2026,92.2167,0.632877,6.58238,5.83468,0.747697
12-Aug-2026,96.4083,0.632877,5.08783,4.08876,0.999073
12-Aug-2026,100.6,0.632877,3.85468,2.73987,1.11481
12-Aug-2026,67.0667,0.715068,21.9332,22.9919,1.05874
12-Aug-2026,71.2583,0.715068,18.8982,19.8077,0.909505
12-Aug-2026,75.45,0.715068,16.088,16.7731,0.685146
12-Aug-2026,79.6417,0.715068,13.5198,13.9138,0.394008
12-Aug-2026,83.8333,0.715068,11.2061,11.2604,0.054301
12-Aug-2026,88.025,0.715068,9.15378,8.84894,0.304838
12-Aug-2026,92.2167,0.715068,7.36335,6.71998,0.643372
12-Aug-2026,96.4083,0.715068,5.82906,4.91371,0.915354
12-Aug-2026,100.6,0.715068,4.53898,3.45922,1.07976
12-Aug-2026,67.0667,0.8,22.5518,23.6715,1.1197
12-Aug-2026,71.2583,0.8,19.5773,20.5464,0.969137
12-Aug-2026,75.45,0.8,16.8175,17.5671,0.749586
12-Aug-2026,79.6417,0.8,14.2866,14.7556,0.469032
12-Aug-2026,83.8333,0.8,11.9943,12.138,0.14373
12-Aug-2026,88.025,0.8,9.94579,9.74386,0.201927
12-Aug-2026,92.2167,0.8,8.1411,7.60572,0.535384
12-Aug-2026,96.4083,0.8,6.57516,5.75583,0.819331
12-Aug-2026,100.6,0.8,5.23795,4.21939,1.01856
12-Aug-2026,67.0667,0.882192,23.1426,24.3184,1.17577
12-Aug-2026,71.2583,0.882192,20.2219,21.2475,1.02555
12-Aug-2026,75.45,0.882192,17.5071,18.3185,0.811392
12-Aug-2026,79.6417,0.882192,15.0099,15.5509,0.540989
12-Aug-2026,83.8333,0.882192,12.738,12.9668,0.228831
12-Aug-2026,88.025,0.882192,10.6951,10.591,0.104102
12-Aug-2026,92.2167,0.882192,8.88105,8.45008,0.43097
12-Aug-2026,96.4083,0.882192,7.29102,6.57035,0.720669
12-Aug-2026,100.6,0.882192,5.91638,4.97322,0.943155
13-Aug-2026,67.0294,0.00273973,16.7635,16.7636,8.85847e-05
13-Aug-2026,71.2187,0.00273973,12.5746,12.5747,7.53678e-05
13-Aug-2026,75.4081,0.00273973,8.38564,8.38566,2.21602e-05
13-Aug-2026,79.5974,0.00273973,4.19673,4.19687,0.000144983
13-Aug-2026,83.7868,0.00273973,0.463392,0.434504,0.0288882
13-Aug-2026,87.9761,0.00273973,3.20071e-05,1.80205e-07,3.18269e-05
13-Aug-2026,92.1654,0.00273973,6.84378e-15,2.6273e-14,1.94292e-14
13-Aug-2026,96.3548,0.00273973,1.19265e-15,4.61907e-16,7.30743e-16
13-Aug-2026,100.544,0.00273973,7.20065e-16,4.23447e-16,2.96618e-16
13-Aug-2026,67.0294,0.0219178,16.8316,16.833,0.00141303
13-Aug-2026,71.2187,0.0219178,12.6481,12.6581,0.0099789
13-Aug-2026,75.4081,0.0219178,8.49111,8.53337,0.0422606
13-Aug-2026,79.5974,0.0219178,4.58103,4.64009,0.0590589
13-Aug-2026,83.7868,0.0219178,1.64526,1.53162,0.113644
13-Aug-2026,87.9761,0.0219178,0.308435,0.12545,0.182985
13-Aug-2026,92.1654,0.0219178,0.0237973,0.00138688,0.0224104
13-Aug-2026,96.3548,0.0219178,0.000622953,6.74143e-06,0.000616212
13-Aug-2026,100.544,0.0219178,4.8864e-06,2.57287e-08,4.86067e-06
13-Aug-2026,67.0294,0.0410959,16.8888,16.9083,0.0194523
13-Aug-2026,71.2187,0.0410959,12.7246,12.7826,0.0580151
13-Aug-2026,75.4081,0.0410959,8.65975,8.77333,0.113584
13-Aug-2026,79.5974,0.0410959,4.98091,5.06551,0.0846008
13-Aug-2026,83.7868,0.0410959,2.20372,2.03918,0.16454
13-Aug-2026,87.9761,0.0410959,0.671255,0.338397,0.332858
13-Aug-2026,92.1654,0.0410959,0.125865,0.0187297,0.107135
13-Aug-2026,96.3548,0.0410959,0.01317,0.000724402,0.0124456
13-Aug-2026,100.544,0.0410959,0.000718505,2.582e-05,0.000692685
13-Aug-2026,67.0294,0.060274,16.9689,17.0413,0.0723969
13-Aug-2026,71.2187,0.060274,12.8549,12.9941,0.139165
13-Aug-2026,75.4081,0.060274,8.91977,9.10543,0.185659
13-Aug-2026,79.5974,0.060274,5.43428,5.52897,0.0946902
13-Aug-2026,83.7868,0.060274,2.75481,2.53499,0.219819
13-Aug-2026,87.9761,0.060274,1.09318,0.623482,0.469698
13-Aug-2026,92.1654,0.060274,0.318964,0.0750442,0.24392
13-Aug-2026,96.3548,0.060274,0.0646412,0.00758709,0.0570541
13-Aug-2026,100.544,0.060274,0.00873329,0.000757796,0.00797549
13-Aug-2026,67.0294,0.0794521,17.0473,17.1766,0.129299
13-Aug-2026,71.2187,0.0794521,12.9864,13.1907,0.204308
13-Aug-2026,75.4081,0.0794521,9.14919,9.37835,0.229162
13-Aug-2026,79.5974,0.0794521,5.77701,5.87026,0.0932539
13-Aug-2026,83.7868,0.0794521,3.14668,2.88821,0.258474
13-Aug-2026,87.9761,0.0794521,1.41658,0.862408,0.554172
13-Aug-2026,92.1654,0.0794521,0.504291,0.146332,0.357959
13-Aug-2026,96.3548,0.0794521,0.136301,0.0221429,0.114158
13-Aug-2026,100.544,0.0794521,0.0271478,0.00341005,0.0237377
13-Aug-2026,67.0294,0.0493151,16.9233,16.9634,0.0401316
13-Aug-2026,71.2187,0.0493151,12.779,12.873,0.0940013
13-Aug-2026,75.4081,0.0493151,8.77351,8.92258,0.149065
13-Aug-2026,79.5974,0.0493151,5.19211,5.28345,0.0913398
13-Aug-2026,83.7868,0.0493151,2.46678,2.27611,0.190675
13-Aug-2026,87.9761,0.0493151,0.866813,0.466412,0.400401
13-Aug-2026,92.1654,0.0493151,0.207231,0.0396641,0.167567
13-Aug-2026,96.3548,0.0493151,0.0312788,0.00262403,0.0286548
13-Aug-2026,100.544,0.0493151,0.00282706,0.000166337,0.00266072
13-Aug-2026,67.0294,0.131507,17.3481,17.6518,0.303708
13-Aug-2026,71.2187,0.131507,13.4548,13.8114,0.356571
13-Aug-2026,75.4081,0.131507,9.84882,10.1525,0.303669
13-Aug-2026,79.5974,0.131507,6.69487,6.76702,0.0721522
13-Aug-2026,83.7868,0.131507,4.14834,3.81039,0.337949
13-Aug-2026,87.9761,0.131507,2.29574,1.58509,0.710646
13-Aug-2026,92.1654,0.131507,1.11106,0.460339,0.650721
13-Aug-2026,96.3548,0.131507,0.4611,0.122749,0.338351
13-Aug-2026,100.544,0.131507,0.161698,0.0345377,0.12716
13-Aug-2026,67.0294,0.213699,17.9344,18.4419,0.507526
13-Aug-2026,71.2187,0.213699,14.2589,14.7527,0.493813
13-Aug-2026,75.4081,0.213699,10.8867,11.2389,0.352229
13-Aug-2026,79.5974,0.213699,7.91748,7.96971,0.0522297
13-Aug-2026,83.7868,0.213699,5.4357,5.05764,0.378064
13-Aug-2026,87.9761,0.213699,3.48906,2.69754,0.791518
13-Aug-2026,92.1654,0.213699,2.07337,1.15497,0.918401
13-Aug-2026,96.3548,0.213699,1.13034,0.440179,0.690161
13-Aug-2026,100.544,0.213699,0.561436,0.172646,0.38879
13-Aug-2026,67.0294,0.29863,18.6253,19.2784,0.653072
13-Aug-2026,71.2187,0.29863,15.1246,15.7082,0.583609
13-Aug-2026,75.4081,0.29863,11.9165,12.3081,0.391593
13-Aug-2026,79.5974,0.29863,9.06646,9.1345,0.0680375
13-Aug-2026,83.7868,0.29863,6.62706,6.27276,0.354301
13-Aug-2026,87.9761,0.29863,4.62871,3.85476,0.773945
13-Aug-2026,92.1654,0.29863,3.07268,2.05659,1.01609
13-Aug-2026,96.3548,0.29863,1.92911,0.977566,0.951544
13-Aug-2026,100.544,0.29863,1.14117,0.454458,0.686712
13-Aug-2026,67.0294,0.383562,19.3319,20.0921,0.760184
13-Aug-2026,71.2187,0.383562,15.966,16.6208,0.654832
13-Aug-2026,75.4081,0.383562,12.8769,13.3153,0.438363
13-Aug-2026,79.5974,0.383562,10.1108,10.2226,0.111772
13-Aug-2026,83.7868,0.383562,7.70376,7.40936,0.294405
13-Aug-2026,87.9761,0.383562,5.67697,4.97022,0.706755
13-Aug-2026,92.1654,0.383562,4.03276,3.02597,1.00679
13-Aug-2026,96.3548,0.383562,2.75345,1.67519,1.07826
13-Aug-2026,100.544,0.383562,1.80284,0.882008,0.920832
13-Aug-2026,67.0294,0.463014,20.0039,20.8482,0.844299
13-Aug-2026,71.2187,0.463014,16.7426,17.46,0.717448
13-Aug-2026,75.4081,0.463014,13.7429,14.2336,0.490653
13-Aug-2026,79.5974,0.463014,11.0396,11.2088,0.169215
13-Aug-2026,83.7868,0.463014,8.65939,8.43943,0.219959
13-Aug-2026,87.9761,0.463014,6.61764,5.99702,0.620618
13-Aug-2026,92.1654,0.463014,4.91659,3.96934,0.947251
13-Aug-2026,96.3548,0.463014,3.54433,2.43739,1.10694
13-Aug-2026,100.544,0.463014,2.47557,1.41546,1.06011
13-Aug-2026,67.0294,0.539726,20.5896,21.4995,0.909882
13-Aug-2026,71.2187,0.539726,17.4068,18.178,0.771184
13-Aug-2026,75.4081,0.539726,14.4734,15.0146,0.541153
13-Aug-2026,79.5974,0.539726,11.8171,12.0441,0.227004
13-Aug-2026,83.7868,0.539726,9.45872,9.31145,0.147267
13-Aug-2026,87.9761,0.539726,7.41015,6.87398,0.536167
13-Aug-2026,92.1654,0.539726,5.67318,4.79974,0.873439
13-Aug-2026,96.3548,0.539726,4.23879,3.15448,1.08431
13-Aug-2026,100.544,0.539726,3.08762,1.96731,1.12031
13-Aug-2026,67.0294,0.630137,21.3003,22.2838,0.983462
13-Aug-2026,71.2187,0.630137,18.2018,19.0378,0.835959
13-Aug-2026,75.4081,0.630137,15.3391,15.9454,0.606265
13-Aug-2026,79.5974,0.630137,12.7334,13.0362,0.302781
13-Aug-2026,83.7868,0.630137,10.4004,10.3466,0.0537612
13-Aug-2026,87.9761,0.630137,8.34906,7.92144,0.427623
13-Aug-2026,92.1654,0.630137,6.58037,5.81177,0.768603
13-Aug-2026,96.3548,0.630137,5.08741,4.0682,1.01921
13-Aug-2026,100.544,0.630137,3.85548,2.72269,1.13279
13-Aug-2026,67.0294,0.712329,21.9215,22.9654,1.04389
13-Aug-2026,71.2187,0.712329,18.8893,19.7815,0.892212
13-Aug-2026,75.4081,0.712329,16.0818,16.7473,0.665492
13-Aug-2026,79.5974,0.712329,13.5164,13.8884,0.372008
13-Aug-2026,83.7868,0.712329,11.2053,11.2355,0.030169
13-Aug-2026,87.9761,0.712329,9.15523,8.82489,0.330342
13-Aug-2026,92.1654,0.712329,7.36672,6.69726,0.669457
13-Aug-2026,96.3548,0.712329,5.83393,4.8929,0.941031
13-Aug-2026,100.544,0.712329,4.54487,3.44117,1.1037
13-Aug-2026,67.0294,0.79726,22.5437,23.6452,1.1015
13-Aug-2026,71.2187,0.79726,19.5725,20.5206,0.948051
13-Aug-2026,75.4081,0.79726,16.816,17.5416,0.725605
13-Aug-2026,79.5974,0.79726,14.2882,14.7307,0.442456
13-Aug-2026,83.7868,0.79726,11.9987,12.1135,0.114844
13-Aug-2026,87.9761,0.79726,9.95267,9.72021,0.232462
13-Aug-2026,92.1654,0.79726,8.15,7.58324,0.566761
13-Aug-2026,96.3548,0.79726,6.58555,5.73494,0.850614
13-Aug-2026,100.544,0.79726,5.24926,4.20079,1.04847
13-Aug-2026,67.0294,0.879452,23.1381,24.2923,1.15418
13-Aug-2026,71.2187,0.879452,20.2212,21.2218,1.00064
13-Aug-2026,75.4081,0.879452,17.5101,18.2933,0.783238
13-Aug-2026,79.5974,0.879452,15.0163,15.5263,0.509982
13-Aug-2026,83.7868,0.879452,12.7474,12.9427,0.195332
13-Aug-2026,87.9761,0.879452,10.7073,10.5677,0.139601
13-Aug-2026,92.1654,0.879452,8.89532,8.42785,0.467473
13-Aug-2026,96.3548,0.879452,7.30683,6.54947,0.757356
13-Aug-2026,100.544,0.879452,5.93308,4.95429,0.978791
14-Aug-2026,67.9903,0.0191781,17.0637,17.0644,0.000741319
14-Aug-2026,72.2397,0.0191781,12.819,12.8261,0.00709641
14-Aug-2026,76.4891,0.0191781,8.59231,8.63013,0.0378164
14-Aug-2026,80.7385,0.0191781,4.58086,4.65336,0.0725031
14-Aug-2026,84.9878,0.0191781,1.55927,1.48404,0.0752308
14-Aug-2026,89.2372,0.0191781,0.251744,0.105878,0.145866
14-Aug-2026,93.4866,0.0191781,0.0143615,0.000836952,0.0135245
14-Aug-2026,97.736,0.0191781,0.000228253,2.62574e-06,0.000225627
14-Aug-2026,101.985,0.0191781,8.73447e-07,6.24667e-09,8.672e-07
14-Aug-2026,67.9903,0.0383562,17.1187,17.1353,0.0165729
14-Aug-2026,72.2397,0.0383562,12.8893,12.9434,0.0541315
14-Aug-2026,76.4891,0.0383562,8.74501,8.86398,0.118967
14-Aug-2026,80.7385,0.0383562,4.97055,5.08699,0.11644
14-Aug-2026,84.9878,0.0383562,2.12495,2.01337,0.111576
14-Aug-2026,89.2372,0.0383562,0.599415,0.316472,0.282943
14-Aug-2026,93.4866,0.0383562,0.0975173,0.0156661,0.0818512
14-Aug-2026,97.736,0.0383562,0.00812855,0.000526911,0.00760164
14-Aug-2026,101.985,0.0383562,0.000321071,1.6172e-05,0.000304899
14-Aug-2026,67.9903,0.0575342,17.1941,17.2635,0.0694067
14-Aug-2026,72.2397,0.0575342,13.009,13.1507,0.141695
14-Aug-2026,76.4891,0.0575342,8.98946,9.19659,0.207129
14-Aug-2026,80.7385,0.0575342,5.41439,5.55995,0.145565
14-Aug-2026,84.9878,0.0575342,2.67299,2.52289,0.150096
14-Aug-2026,89.2372,0.0575342,1.00659,0.602798,0.403792
14-Aug-2026,93.4866,0.0575342,0.268134,0.0689745,0.19916
14-Aug-2026,97.736,0.0575342,0.0471579,0.00656915,0.0405887
14-Aug-2026,101.985,0.0575342,0.00522471,0.00061561,0.0046091
14-Aug-2026,67.9903,0.0767123,17.2672,17.3964,0.129179
14-Aug-2026,72.2397,0.0767123,13.1312,13.3464,0.215207
14-Aug-2026,76.4891,0.0767123,9.20784,9.47175,0.263909
14-Aug-2026,80.7385,0.0767123,5.74897,5.90736,0.15839
14-Aug-2026,84.9878,0.0767123,3.05845,2.88326,0.175192
14-Aug-2026,89.2372,0.0767123,1.31775,0.843347,0.474403
14-Aug-2026,93.4866,0.0767123,0.435752,0.138496,0.297256
14-Aug-2026,97.736,0.0767123,0.105222,0.0202145,0.0850075
14-Aug-2026,101.985,0.0767123,0.0179297,0.00299538,0.0149343
14-Aug-2026,67.9903,0.0958904,17.3514,17.5455,0.194068
14-Aug-2026,72.2397,0.0958904,13.2688,13.5518,0.282983
14-Aug-2026,76.4891,0.0958904,9.43127,9.74048,0.309211
14-Aug-2026,80.7385,0.0958904,6.06222,6.22851,0.166291
14-Aug-2026,84.9878,0.0958904,3.4074,3.21357,0.193834
14-Aug-2026,89.2372,0.0958904,1.61141,1.0857,0.525708
14-Aug-2026,93.4866,0.0958904,0.615449,0.226886,0.388563
14-Aug-2026,97.736,0.0958904,0.18273,0.0433352,0.139395
14-Aug-2026,101.985,0.0958904,0.0410807,0.00857228,0.0325084
14-Aug-2026,67.9903,0.0465753,17.1514,17.188,0.0366227
14-Aug-2026,72.2397,0.0465753,12.939,13.0314,0.0923542
14-Aug-2026,76.4891,0.0465753,8.85129,9.01291,0.161625
14-Aug-2026,80.7385,0.0465753,5.1774,5.30953,0.132133
14-Aug-2026,84.9878,0.0465753,2.38754,2.25752,0.130023
14-Aug-2026,89.2372,0.0465753,0.788191,0.444853,0.343338
14-Aug-2026,93.4866,0.0465753,0.168498,0.0351203,0.133378
14-Aug-2026,97.736,0.0465753,0.0213153,0.00212172,0.0191936
14-Aug-2026,101.985,0.0465753,0.00150172,0.000122065,0.00137965
14-Aug-2026,67.9903,0.128767,17.5482,17.8694,0.321245
14-Aug-2026,72.2397,0.128767,13.5719,13.969,0.3971
14-Aug-2026,76.4891,0.128767,9.87679,10.2533,0.376518
14-Aug-2026,80.7385,0.128767,6.63878,6.81655,0.177771
14-Aug-2026,84.9878,0.128767,4.03132,3.81873,0.212589
14-Aug-2026,89.2372,0.128767,2.15656,1.57128,0.585282
14-Aug-2026,93.4866,0.128767,0.989436,0.449415,0.540021
14-Aug-2026,97.736,0.128767,0.379711,0.118277,0.261434
14-Aug-2026,101.985,0.128767,0.119814,0.0328424,0.0869716
14-Aug-2026,67.9903,0.210959,18.099,18.6613,0.562284
14-Aug-2026,72.2397,0.210959,14.3322,14.9156,0.583381
14-Aug-2026,76.4891,0.210959,10.866,11.3486,0.482614
14-Aug-2026,80.7385,0.210959,7.80965,8.03103,0.221375
14-Aug-2026,84.9878,0.210959,5.26046,5.07863,0.181832
14-Aug-2026,89.2372,0.210959,3.27838,2.69177,0.586606
14-Aug-2026,93.4866,0.210959,1.86484,1.14251,0.722326
14-Aug-2026,97.736,0.210959,0.956148,0.432528,0.52362
14-Aug-2026,101.985,0.210959,0.438206,0.16885,0.269356
14-Aug-2026,67.9903,0.29589,18.7487,19.5007,0.751993
14-Aug-2026,72.2397,0.29589,15.149,15.8762,0.727226
14-Aug-2026,76.4891,0.29589,11.8404,12.4251,0.58472
14-Aug-2026,80.7385,0.29589,8.89667,9.20508,0.308408
14-Aug-2026,84.9878,0.29589,6.38103,6.30396,0.0770694
14-Aug-2026,89.2372,0.29589,4.33465,3.85723,0.47742
14-Aug-2026,93.4866,0.29589,2.76619,2.0457,0.720485
14-Aug-2026,97.736,0.29589,1.64614,0.967126,0.679014
14-Aug-2026,101.985,0.29589,0.909126,0.448161,0.460965
14-Aug-2026,67.9903,0.380822,19.412,20.3175,0.905521
14-Aug-2026,72.2397,0.380822,15.9396,16.7936,0.853982
14-Aug-2026,76.4891,0.380822,12.7428,13.4387,0.695873
14-Aug-2026,80.7385,0.380822,9.87544,10.301,0.425585
14-Aug-2026,84.9878,0.380822,7.38299,7.44927,0.066278
14-Aug-2026,89.2372,0.380822,5.29648,4.98045,0.31603
14-Aug-2026,93.4866,0.380822,3.62631,3.01875,0.60756
14-Aug-2026,97.736,0.380822,2.35812,1.66341,0.694705
14-Aug-2026,101.985,0.380822,1.45192,0.872941,0.578979
14-Aug-2026,67.9903,0.460274,20.0415,21.0766,1.03515
14-Aug-2026,72.2397,0.460274,16.6665,17.6371,0.970597
14-Aug-2026,76.4891,0.460274,13.5522,14.3626,0.81037
14-Aug-2026,80.7385,0.460274,10.7402,11.294,0.55385
14-Aug-2026,84.9878,0.460274,8.26591,8.48681,0.220904
14-Aug-2026,89.2372,0.460274,6.15403,6.01425,0.139779
14-Aug-2026,93.4866,0.460274,4.41499,3.96659,0.448401
14-Aug-2026,97.736,0.460274,3.04171,2.42602,0.615695
14-Aug-2026,101.985,0.460274,2.00805,1.40412,0.60393
14-Aug-2026,67.9903,0.536986,20.589,21.7306,1.14159
14-Aug-2026,72.2397,0.536986,17.2865,18.3587,1.0722
14-Aug-2026,76.4891,0.536986,14.2323,15.1482,0.915939
14-Aug-2026,80.7385,0.536986,11.4609,12.1349,0.673994
14-Aug-2026,84.9878,0.536986,9.00113,9.36492,0.363794
14-Aug-2026,89.2372,0.536986,6.87386,6.89706,0.0232019
14-Aug-2026,93.4866,0.536986,5.08899,4.8013,0.287692
14-Aug-2026,97.736,0.536986,3.64303,3.14456,0.498472
14-Aug-2026,101.985,0.536986,2.51753,1.95473,0.562803
14-Aug-2026,67.9903,0.627397,21.2523,22.5182,1.26585
14-Aug-2026,72.2397,0.627397,18.0268,19.2229,1.19606
14-Aug-2026,76.4891,0.627397,15.036,16.0845,1.04852
14-Aug-2026,80.7385,0.627397,12.3075,13.1334,0.825892
14-Aug-2026,84.9878,0.627397,9.86481,10.4071,0.542298
14-Aug-2026,89.2372,0.627397,7.72498,7.95136,0.226378
14-Aug-2026,93.4866,0.627397,5.89705,5.81882,0.0782342
14-Aug-2026,97.736,0.627397,4.38002,4.06107,0.318952
14-Aug-2026,101.985,0.627397,3.16148,2.70973,0.451752
14-Aug-2026,67.9903,0.709589,21.8313,23.2027,1.37139
14-Aug-2026,72.2397,0.709589,18.6659,19.9704,1.30449
14-Aug-2026,76.4891,0.709589,15.7243,16.8911,1.16679
14-Aug-2026,80.7385,0.709589,13.0297,13.991,0.961299
14-Aug-2026,84.9878,0.709589,10.6018,11.3018,0.699976
14-Aug-2026,89.2372,0.709589,8.45532,8.86059,0.405265
14-Aug-2026,93.4866,0.709589,6.59828,6.70922,0.110943
14-Aug-2026,97.736,0.709589,5.03089,4.88885,0.142037
14-Aug-2026,101.985,0.709589,3.74421,3.42885,0.31536
14-Aug-2026,67.9903,0.794521,22.4109,23.8854,1.47452
14-Aug-2026,72.2397,0.794521,19.3006,20.7132,1.41258
14-Aug-2026,76.4891,0.794521,16.404,17.6899,1.28594
14-Aug-2026,80.7385,0.794521,13.7409,14.8385,1.09756
14-Aug-2026,84.9878,0.794521,11.3282,12.1855,0.857279
14-Aug-2026,89.2372,0.794521,9.17818,9.76152,0.583343
14-Aug-2026,93.4866,0.794521,7.2982,7.60016,0.301955
14-Aug-2026,97.736,0.794521,5.68905,5.73439,0.0453429
14-Aug-2026,101.985,0.794521,4.34417,4.18987,0.1543
14-Aug-2026,67.9903,0.876712,22.9646,24.5353,1.57072
14-Aug-2026,72.2397,0.876712,19.903,21.418,1.51502
14-Aug-2026,76.4891,0.876712,17.0465,18.4459,1.39942
14-Aug-2026,80.7385,0.876712,14.412,15.6389,1.22691
14-Aug-2026,84.9878,0.876712,12.014,13.0199,1.00587
14-Aug-2026,89.2372,0.876712,9.86317,10.6142,0.751065
14-Aug-2026,93.4866,0.876712,7.96603,8.44949,0.483464
14-Aug-2026,97.736,0.876712,6.32365,6.55254,0.228892
14-Aug-2026,101.985,0.876712,4.93102,4.94529,0.0142701
17-Aug-2026,68.477,0.0109589,17.1439,17.1439,2.96616e-05
17-Aug-2026,72.7568,0.0109589,12.8656,12.8656,1.92589e-05
17-Aug-2026,77.0366,0.0109589,8.58745,8.58825,0.000802631
17-Aug-2026,81.3164,0.0109589,4.33779,4.35669,0.0189032
17-Aug-2026,85.5962,0.0109589,0.928227,0.894221,0.0340063
17-Aug-2026,89.876,0.0109589,0.0257972,0.00545377,0.0203434
17-Aug-2026,94.1558,0.0109589,3.05025e-05,4.86903e-08,3.04538e-05
17-Aug-2026,98.4356,0.0109589,7.48516e-10,1.86095e-14,7.48497e-10
17-Aug-2026,102.715,0.0109589,5.1467e-15,3.75324e-15,1.39346e-15
17-Aug-2026,68.477,0.030137,17.2118,17.2165,0.00471069
17-Aug-2026,72.7568,0.030137,12.941,12.9646,0.0235886
17-Aug-2026,77.0366,0.030137,8.71373,8.78982,0.076089
17-Aug-2026,81.3164,0.030137,4.78264,4.8873,0.104656
17-Aug-2026,85.5962,0.030137,1.82927,1.75188,0.0773878
17-Aug-2026,89.876,0.030137,0.399094,0.195989,0.203105
17-Aug-2026,94.1558,0.030137,0.0405174,0.00454778,0.0359696
17-Aug-2026,98.4356,0.030137,0.00161022,5.79892e-05,0.00155223
17-Aug-2026,102.715,0.030137,2.24624e-05,6.2685e-07,2.18355e-05
17-Aug-2026,68.477,0.0493151,17.2698,17.3023,0.0325199
17-Aug-2026,72.7568,0.0493151,13.0225,13.1087,0.0862339
17-Aug-2026,77.0366,0.0493151,8.89002,9.04979,0.159775
17-Aug-2026,81.3164,0.0493151,5.16318,5.30644,0.143265
17-Aug-2026,85.5962,0.0493151,2.33712,2.22847,0.108652
17-Aug-2026,89.876,0.0493151,0.742175,0.422652,0.319523
17-Aug-2026,94.1558,0.0493151,0.148159,0.0308632,0.117296
17-Aug-2026,98.4356,0.0493151,0.0168507,0.00169119,0.0151595
17-Aug-2026,102.715,0.0493151,0.00102315,8.76227e-05,0.000935527
17-Aug-2026,68.477,0.0684932,17.3515,17.4479,0.0963751
17-Aug-2026,72.7568,0.0684932,13.1553,13.3346,0.179289
17-Aug-2026,77.0366,0.0684932,9.14577,9.39009,0.244315
17-Aug-2026,81.3164,0.0684932,5.59299,5.76279,0.169803
17-Aug-2026,85.5962,0.0684932,2.85119,2.7099,0.14129
17-Aug-2026,89.876,0.0684932,1.13782,0.715929,0.421891
17-Aug-2026,94.1558,0.0684932,0.332574,0.0982634,0.234311
17-Aug-2026,98.4356,0.0684932,0.0669683,0.0116283,0.05534
17-Aug-2026,102.715,0.0684932,0.00891353,0.00137541,0.00753812
17-Aug-2026,68.477,0.0876712,17.4303,17.5908,0.160507
17-Aug-2026,72.7568,0.0876712,13.2852,13.5381,0.252859
17-Aug-2026,77.0366,0.0876712,9.36733,9.66572,0.298392
17-Aug-2026,81.3164,0.0876712,5.91851,6.10085,0.182345
17-Aug-2026,85.5962,0.0876712,3.22028,3.05861,0.161672
17-Aug-2026,89.876,0.0876712,1.44105,0.959892,0.481158
17-Aug-2026,94.1558,0.0876712,0.505004,0.177413,0.327591
17-Aug-2026,98.4356,0.0876712,0.132425,0.0295907,0.102834
17-Aug-2026,102.715,0.0876712,0.0251931,0.00506041,0.0201327
17-Aug-2026,68.477,0.0383562,17.2306,17.2415,0.01093
17-Aug-2026,72.7568,0.0383562,12.9654,13.0068,0.0414126
17-Aug-2026,77.0366,0.0383562,8.76719,8.87205,0.104859
17-Aug-2026,81.3164,0.0383562,4.9121,5.03196,0.119862
17-Aug-2026,85.5962,0.0383562,2.01103,1.92292,0.0881141
17-Aug-2026,89.876,0.0383562,0.514728,0.268941,0.245787
17-Aug-2026,94.1558,0.0383562,0.070165,0.0103229,0.0598421
17-Aug-2026,98.4356,0.0383562,0.004431,0.00025114,0.00417986
17-Aug-2026,102.715,0.0383562,0.000118507,5.44181e-06,0.000113065
17-Aug-2026,68.477,0.120548,17.5957,17.8741,0.278419
17-Aug-2026,72.7568,0.120548,13.5458,13.9122,0.366351
17-Aug-2026,77.0366,0.120548,9.76597,10.1362,0.370213
17-Aug-2026,81.3164,0.120548,6.45171,6.64824,0.196535
17-Aug-2026,85.5962,0.120548,3.80418,3.62123,0.182946
17-Aug-2026,89.876,0.120548,1.94261,1.39584,0.546769
17-Aug-2026,94.1558,0.120548,0.831903,0.36001,0.471893
17-Aug-2026,98.4356,0.120548,0.28991,0.085554,0.204356
17-Aug-2026,102.715,0.120548,0.0805569,0.0213567,0.0592002
17-Aug-2026,68.477,0.20274,18.1327,18.672,0.539305
17-Aug-2026,72.7568,0.20274,14.3027,14.8776,0.574935
17-Aug-2026,77.0366,0.20274,10.7739,11.2641,0.490191
17-Aug-2026,81.3164,0.20274,7.6658,7.90506,0.239256
17-Aug-2026,85.5962,0.20274,5.08628,4.92246,0.163821
17-Aug-2026,89.876,0.20274,3.10183,2.53184,0.569989
17-Aug-2026,94.1558,0.20274,1.7122,1.02492,0.68728
17-Aug-2026,98.4356,0.20274,0.843424,0.371195,0.472229
17-Aug-2026,102.715,0.20274,0.36729,0.139631,0.227659
17-Aug-2026,68.477,0.287671,18.812,19.562,0.749986
17-Aug-2026,72.7568,0.287671,15.1652,15.8996,0.734372
17-Aug-2026,77.0366,0.287671,11.8125,12.412,0.599495
17-Aug-2026,81.3164,0.287671,8.83196,9.15844,0.326485
17-Aug-2026,85.5962,0.287671,6.29095,6.2297,0.0612509
17-Aug-2026,89.876,0.287671,4.23335,3.76755,0.465804
17-Aug-2026,94.1558,0.287671,2.66792,1.96208,0.70584
17-Aug-2026,98.4356,0.287671,1.56221,0.909167,0.653043
17-Aug-2026,102.715,0.287671,0.845568,0.41475,0.430818
17-Aug-2026,68.477,0.372603,19.4522,20.3548,0.902566
17-Aug-2026,72.7568,0.372603,15.9327,16.7912,0.85845
17-Aug-2026,77.0366,0.372603,12.693,13.3981,0.705101
17-Aug-2026,81.3164,0.372603,9.79022,10.2254,0.435168
17-Aug-2026,85.5962,0.372603,7.27308,7.34445,0.0713665
17-Aug-2026,89.876,0.372603,5.17458,4.85774,0.316843
17-Aug-2026,94.1558,0.372603,3.50539,2.89719,0.608204
17-Aug-2026,98.4356,0.372603,2.24929,1.56529,0.683998
17-Aug-2026,102.715,0.372603,1.36254,0.807248,0.555292
17-Aug-2026,68.477,0.452055,20.0906,21.1263,1.03566
17-Aug-2026,72.7568,0.452055,16.6734,17.6493,0.975879
17-Aug-2026,77.0366,0.452055,13.5208,14.3388,0.817994
17-Aug-2026,81.3164,0.452055,10.6771,11.237,0.559939
17-Aug-2026,85.5962,0.452055,8.17947,8.40136,0.221889
17-Aug-2026,89.876,0.452055,6.054,5.90883,0.145171
17-Aug-2026,94.1558,0.452055,4.31141,3.85467,0.456738
17-Aug-2026,98.4356,0.452055,2.94364,2.32488,0.618757
17-Aug-2026,102.715,0.452055,1.92231,1.32669,0.595621
17-Aug-2026,68.477,0.528767,20.6764,21.8254,1.14895
17-Aug-2026,72.7568,0.528767,17.3387,18.4211,1.08243
17-Aug-2026,77.0366,0.528767,14.2526,15.1796,0.926972
17-Aug-2026,81.3164,0.528767,11.4538,12.1372,0.683357
17-Aug-2026,85.5962,0.528767,8.9725,9.34131,0.368815
17-Aug-2026,89.876,0.528767,6.83015,6.85282,0.0226718
17-Aug-2026,94.1558,0.528767,5.03689,4.74423,0.292659
17-Aug-2026,98.4356,0.528767,3.58877,3.08493,0.503842
17-Aug-2026,102.715,0.528767,2.46619,1.90244,0.563748
17-Aug-2026,68.477,0.619178,21.3514,22.6246,1.27324
17-Aug-2026,72.7568,0.619178,18.0936,19.2984,1.20478
17-Aug-2026,77.0366,0.619178,15.0735,16.1303,1.05677
17-Aug-2026,81.3164,0.619178,12.3197,13.1512,0.831481
17-Aug-2026,85.5962,0.619178,9.85651,10.3996,0.543135
17-Aug-2026,89.876,0.619178,7.7014,7.92283,0.221433
17-Aug-2026,94.1558,0.619178,5.86353,5.77515,0.088383
17-Aug-2026,98.4356,0.619178,4.34155,4.01001,0.331543
17-Aug-2026,102.715,0.619178,3.12233,2.65967,0.462661
17-Aug-2026,68.477,0.70137,21.9414,23.3193,1.37792
17-Aug-2026,72.7568,0.70137,18.7458,20.0571,1.31133
17-Aug-2026,77.0366,0.70137,15.7769,16.9491,1.17216
17-Aug-2026,81.3164,0.70137,13.0587,14.0219,0.96318
17-Aug-2026,85.5962,0.70137,10.6112,11.3079,0.696724
17-Aug-2026,89.876,0.70137,8.44943,8.84552,0.396092
17-Aug-2026,94.1558,0.70137,6.58157,6.67772,0.0961517
17-Aug-2026,98.4356,0.70137,5.00751,4.84708,0.160428
17-Aug-2026,102.715,0.70137,3.71774,3.3838,0.333937
17-Aug-2026,68.477,0.786301,22.5325,24.0121,1.47962
17-Aug-2026,72.7568,0.786301,19.394,20.811,1.41696
17-Aug-2026,77.0366,0.786301,16.472,17.7599,1.28788
17-Aug-2026,81.3164,0.786301,13.7867,14.8821,1.09539
17-Aug-2026,85.5962,0.786301,11.3551,12.2049,0.849783
17-Aug-2026,89.876,0.786301,9.19012,9.7597,0.569583
17-Aug-2026,94.1558,0.786301,7.29879,7.58104,0.282249
17-Aug-2026,98.4356,0.786301,5.68171,5.70297,0.0212627
17-Aug-2026,102.715,0.786301,4.33188,4.15192,0.179959
17-Aug-2026,68.477,0.868493,23.0976,24.6716,1.57396
17-Aug-2026,72.7568,0.868493,20.0097,21.5262,1.5165
17-Aug-2026,77.0366,0.868493,17.1293,18.5271,1.39776
17-Aug-2026,81.3164,0.868493,14.4738,15.6944,1.22064
17-Aug-2026,85.5962,0.868493,12.0578,13.0516,0.99384
17-Aug-2026,89.876,0.868493,9.8923,10.6249,0.732558
17-Aug-2026,94.1558,0.868493,7.98351,8.44228,0.458773
17-Aug-2026,98.4356,0.868493,6.33234,6.53164,0.199297
17-Aug-2026,102.715,0.868493,4.93341,4.91551,0.017897
18-Aug-2026,68.0537,0.00821918,17.0319,17.0319,2.02611e-05
18-Aug-2026,72.3071,0.00821918,12.7797,12.7797,2.19713e-05
18-Aug-2026,76.5604,0.00821918,8.52755,8.52767,0.000117305
18-Aug-2026,80.8138,0.00821918,4.28748,4.29664,0.00916383
18-Aug-2026,85.0671,0.00821918,0.803186,0.768246,0.03494
18-Aug-2026,89.3205,0.00821918,0.0105666,0.00147409,0.00909251
18-Aug-2026,93.5738,0.00821918,2.06233e-06,4.01242e-10,2.06193e-06
18-Aug-2026,97.8272,0.00821918,2.38643e-12,1.18566e-15,2.38524e-12
18-Aug-2026,68.0537,0.0273973,17.0999,17.1032,0.00325348
18-Aug-2026,72.3071,0.0273973,12.8543,12.8726,0.0182907
18-Aug-2026,76.5604,0.0273973,8.64608,8.71051,0.0644293
18-Aug-2026,80.8138,0.0273973,4.71794,4.80873,0.0907918
18-Aug-2026,85.0671,0.0273973,1.76779,1.68125,0.0865393
18-Aug-2026,89.3205,0.0273973,0.367201,0.171655,0.195546
18-Aug-2026,93.5738,0.0273973,0.0340878,0.00321846,0.0308693
18-Aug-2026,97.8272,0.0273973,0.00118019,3.11393e-05,0.00114905
18-Aug-2026,102.081,0.0273973,1.35887e-05,2.49726e-07,1.3339e-05
18-Aug-2026,68.0537,0.0465753,17.1576,17.1853,0.0277162
18-Aug-2026,72.3071,0.0465753,12.9339,13.0105,0.0765676
18-Aug-2026,76.5604,0.0465753,8.81923,8.96471,0.145477
18-Aug-2026,80.8138,0.0465753,5.10311,5.23048,0.127366
18-Aug-2026,85.0671,0.0465753,2.28918,2.16752,0.121655
18-Aug-2026,89.3205,0.0465753,0.714442,0.394377,0.320065
18-Aug-2026,93.5738,0.0465753,0.138682,0.0264575,0.112225
18-Aug-2026,97.8272,0.0465753,0.0151503,0.00130374,0.0138466
18-Aug-2026,102.081,0.0465753,0.000871276,6.02417e-05,0.000811034
18-Aug-2026,68.0537,0.0657534,17.2385,17.3268,0.0883254
18-Aug-2026,72.3071,0.0657534,13.0651,13.2319,0.166786
18-Aug-2026,76.5604,0.0657534,9.07482,9.30276,0.227941
18-Aug-2026,80.8138,0.0657534,5.5381,5.68946,0.151364
18-Aug-2026,85.0671,0.0657534,2.81216,2.65373,0.158426
18-Aug-2026,89.3205,0.0657534,1.11524,0.685246,0.429994
18-Aug-2026,93.5738,0.0657534,0.323141,0.0902348,0.232906
18-Aug-2026,97.8272,0.0657534,0.0643438,0.0101635,0.0541803
18-Aug-2026,102.081,0.0657534,0.00844281,0.00113958,0.00730323
18-Aug-2026,68.0537,0.0849315,17.3168,17.4673,0.15055
18-Aug-2026,72.3071,0.0849315,13.1947,13.4333,0.238605
18-Aug-2026,76.5604,0.0849315,9.29733,9.57774,0.280415
18-Aug-2026,80.8138,0.0849315,5.86701,6.02879,0.161781
18-Aug-2026,85.0671,0.0849315,3.18601,3.00408,0.181933
18-Aug-2026,89.3205,0.0849315,1.422,0.927729,0.494271
18-Aug-2026,93.5738,0.0849315,0.496864,0.16684,0.330024
18-Aug-2026,97.8272,0.0849315,0.129909,0.0269794,0.10293
18-Aug-2026,102.081,0.0849315,0.0246358,0.00446137,0.0201744
18-Aug-2026,68.0537,0.0356164,17.1186,17.127,0.00844481
18-Aug-2026,72.3071,0.0356164,12.8781,12.9124,0.0343384
18-Aug-2026,76.5604,0.0356164,8.69801,8.79008,0.0920745
18-Aug-2026,80.8138,0.0356164,4.84885,4.95417,0.105319
18-Aug-2026,85.0671,0.0356164,1.95518,1.85654,0.0986396
18-Aug-2026,89.3205,0.0356164,0.484035,0.242863,0.241172
18-Aug-2026,93.5738,0.0356164,0.0622567,0.00803467,0.054222
18-Aug-2026,97.8272,0.0356164,0.00360223,0.000161606,0.00344062
18-Aug-2026,102.081,0.0356164,8.54004e-05,2.85145e-06,8.2549e-05
18-Aug-2026,68.0537,0.117808,17.4819,17.7478,0.265909
18-Aug-2026,72.3071,0.117808,13.4557,13.8053,0.349578
18-Aug-2026,76.5604,0.117808,9.6983,10.0476,0.349262
18-Aug-2026,80.8138,0.117808,6.40486,6.57702,0.172161
18-Aug-2026,85.0671,0.117808,3.77572,3.56749,0.208234
18-Aug-2026,89.3205,0.117808,1.92854,1.3614,0.567137
18-Aug-2026,93.5738,0.117808,0.826873,0.345499,0.481374
18-Aug-2026,97.8272,0.117808,0.288915,0.0807621,0.208153
18-Aug-2026,102.081,0.117808,0.0806031,0.0198073,0.0607958
18-Aug-2026,68.0537,0.2,18.0206,18.5416,0.520974
18-Aug-2026,72.3071,0.2,14.2161,14.7675,0.551361
18-Aug-2026,76.5604,0.2,10.712,11.1732,0.461208
18-Aug-2026,80.8138,0.2,7.62671,7.83223,0.205519
18-Aug-2026,85.0671,0.2,5.06656,4.86658,0.199978
18-Aug-2026,89.3205,0.2,3.09646,2.49227,0.604193
18-Aug-2026,93.5738,0.2,1.71519,1.00191,0.713281
18-Aug-2026,97.8272,0.2,0.849277,0.360465,0.488812
18-Aug-2026,102.081,0.2,0.372399,0.134797,0.237602
18-Aug-2026,68.0537,0.284932,18.703,19.4282,0.725155
18-Aug-2026,72.3071,0.284932,15.0827,15.786,0.703267
18-Aug-2026,76.5604,0.284932,11.7555,12.3176,0.562113
18-Aug-2026,80.8138,0.284932,8.79815,9.08195,0.283798
18-Aug-2026,85.0671,0.284932,6.27689,6.16977,0.107118
18-Aug-2026,89.3205,0.284932,4.23421,3.72286,0.511349
18-Aug-2026,93.5738,0.284932,2.67797,1.93187,0.746103
18-Aug-2026,97.8272,0.284932,1.57583,0.891571,0.684259
18-Aug-2026,102.081,0.284932,0.858358,0.405362,0.452996
18-Aug-2026,68.0537,0.369863,19.3461,20.218,0.871878
18-Aug-2026,72.3071,0.369863,15.8535,16.6743,0.820848
18-Aug-2026,76.5604,0.369863,12.6393,13.3003,0.660978
18-Aug-2026,80.8138,0.369863,9.75988,10.1452,0.385331
18-Aug-2026,85.0671,0.369863,7.26268,7.28058,0.0178993
18-Aug-2026,89.3205,0.369863,5.17961,4.80868,0.370931
18-Aug-2026,93.5738,0.369863,3.52053,2.86171,0.658822
18-Aug-2026,97.8272,0.369863,2.26907,1.54191,0.72716
18-Aug-2026,102.081,0.369863,1.38223,0.793123,0.589107
18-Aug-2026,68.0537,0.449315,19.9873,20.9866,0.999276
18-Aug-2026,72.3071,0.449315,16.5969,17.5293,0.932401
18-Aug-2026,76.5604,0.449315,13.4699,14.2375,0.767623
18-Aug-2026,80.8138,0.449315,10.6495,11.1532,0.503667
18-Aug-2026,85.0671,0.449315,8.17195,8.33357,0.161624
18-Aug-2026,89.3205,0.449315,6.06237,5.8556,0.206775
18-Aug-2026,93.5738,0.449315,4.33072,3.81458,0.516137
18-Aug-2026,97.8272,0.449315,2.96868,2.29643,0.672253
18-Aug-2026,102.081,0.449315,1.9483,1.30777,0.640533
18-Aug-2026,68.0537,0.526027,20.5753,21.683,1.10773
18-Aug-2026,72.3071,0.526027,17.2645,18.2982,1.03374
18-Aug-2026,76.5604,0.526027,14.2039,15.0751,0.871244
18-Aug-2026,80.8138,0.526027,11.4284,12.0499,0.621505
18-Aug-2026,85.0671,0.526027,8.96722,9.26996,0.302741
18-Aug-2026,89.3205,0.526027,6.84112,6.79585,0.0452731
18-Aug-2026,93.5738,0.526027,5.05949,4.70019,0.359305
18-Aug-2026,97.8272,0.526027,3.61805,3.05226,0.565795
18-Aug-2026,102.081,0.526027,2.49743,1.87929,0.618142
18-Aug-2026,68.0537,0.616438,21.2526,22.4793,1.22668
18-Aug-2026,72.3071,0.616438,18.0216,19.1722,1.15056
18-Aug-2026,76.5604,0.616438,15.0269,16.0222,0.995312
18-Aug-2026,80.8138,0.616438,12.2964,13.0601,0.763652
18-Aug-2026,85.0671,0.616438,9.85349,10.3242,0.470718
18-Aug-2026,89.3205,0.616438,7.71499,7.86161,0.146623
18-Aug-2026,93.5738,0.616438,5.88944,5.72671,0.162729
18-Aug-2026,97.8272,0.616438,4.37514,3.97279,0.402348
18-Aug-2026,102.081,0.616438,3.15905,2.63191,0.527143
18-Aug-2026,68.0537,0.69863,21.8445,23.1713,1.32681
18-Aug-2026,72.3071,0.69863,18.6757,19.928,1.25229
18-Aug-2026,76.5604,0.69863,15.7321,16.8379,1.10575
18-Aug-2026,80.8138,0.69863,13.037,13.9274,0.890379
18-Aug-2026,85.0671,0.69863,10.6099,11.2289,0.619042
18-Aug-2026,89.3205,0.69863,8.46504,8.78063,0.315592
18-Aug-2026,93.5738,0.69863,6.61003,6.62553,0.015501
18-Aug-2026,97.8272,0.69863,5.04445,4.80606,0.238393
18-Aug-2026,102.081,0.69863,3.75879,3.35221,0.406584
18-Aug-2026,68.0537,0.783562,22.4374,23.8615,1.42406
18-Aug-2026,72.3071,0.783562,19.3256,20.6789,1.35332
18-Aug-2026,76.5604,0.783562,16.4287,17.6455,1.21682
18-Aug-2026,80.8138,0.783562,13.7665,14.7842,1.01773
18-Aug-2026,85.0671,0.783562,11.3555,12.1224,0.76687
18-Aug-2026,89.3205,0.783562,9.20756,9.69116,0.483604
18-Aug-2026,93.5738,0.783562,7.32956,7.52514,0.195575
18-Aug-2026,97.8272,0.783562,5.7217,5.65821,0.0634855
18-Aug-2026,102.081,0.783562,4.37689,4.1166,0.260286
18-Aug-2026,68.0537,0.865753,23.004,24.5184,1.51436
18-Aug-2026,72.3071,0.865753,19.9427,21.3914,1.44867
18-Aug-2026,76.5604,0.865753,17.0874,18.4097,1.32229
18-Aug-2026,80.8138,0.865753,14.455,15.5934,1.13838
18-Aug-2026,85.0671,0.865753,12.0595,12.9658,0.906269
18-Aug-2026,89.3205,0.865753,9.91132,10.5529,0.641534
18-Aug-2026,93.5738,0.865753,8.01629,8.38286,0.366569
18-Aug-2026,97.8272,0.865753,6.37496,6.48336,0.108397
18-Aug-2026,102.081,0.865753,4.98187,4.87671,0.105162
19-Aug-2026,67.5649,0.00547945,16.9036,16.9036,3.45707e-05
19-Aug-2026,71.7877,0.00547945,12.6816,12.6815,6.17321e-05
19-Aug-2026,76.0105,0.00547945,8.45952,8.45951,5.37389e-06
19-Aug-2026,80.2333,0.00547945,4.2401,4.2426,0.00250133
19-Aug-2026,84.4561,0.00547945,0.655764,0.621359,0.0344049
19-Aug-2026,88.6789,0.00547945,0.00214575,0.00013164,0.00201411
19-Aug-2026,92.9018,0.00547945,1.24891e-08,4.92933e-14,1.24891e-08
19-Aug-2026,67.5649,0.0246575,16.9716,16.9738,0.00216415
19-Aug-2026,71.7877,0.0246575,12.7556,12.7693,0.0136832
19-Aug-2026,76.0105,0.0246575,8.57113,8.62419,0.053064
19-Aug-2026,80.2333,0.0246575,4.65027,4.72589,0.0756159
19-Aug-2026,84.4561,0.0246575,1.70607,1.60772,0.0983463
19-Aug-2026,88.6789,0.0246575,0.336744,0.148085,0.188659
19-Aug-2026,92.9018,0.0246575,0.0284861,0.00217382,0.0263123
19-Aug-2026,97.1246,0.0246575,0.000855485,1.53046e-05,0.00084018
19-Aug-2026,101.347,0.0246575,8.08912e-06,8.71728e-08,8.00195e-06
19-Aug-2026,67.5649,0.0438356,17.029,17.0524,0.0234059
19-Aug-2026,71.7877,0.0438356,12.8334,12.9006,0.0672205
19-Aug-2026,76.0105,0.0438356,8.74146,8.87175,0.130286
19-Aug-2026,80.2333,0.0438356,5.04101,5.14973,0.108724
19-Aug-2026,84.4561,0.0438356,2.2429,2.10426,0.13864
19-Aug-2026,88.6789,0.0438356,0.68929,0.366257,0.323033
19-Aug-2026,92.9018,0.0438356,0.130607,0.0224084,0.108199
19-Aug-2026,97.1246,0.0438356,0.0137967,0.000983643,0.0128131
19-Aug-2026,101.347,0.0438356,0.000758961,4.01705e-05,0.00071879
19-Aug-2026,67.5649,0.0630137,17.1094,17.1898,0.0803559
19-Aug-2026,71.7877,0.0630137,12.9636,13.1172,0.153647
19-Aug-2026,76.0105,0.0630137,8.99764,9.20708,0.209437
19-Aug-2026,80.2333,0.0630137,5.48226,5.61108,0.128824
19-Aug-2026,84.4561,0.0630137,2.77605,2.59524,0.180813
19-Aug-2026,88.6789,0.0630137,1.09657,0.654395,0.442175
19-Aug-2026,92.9018,0.0630137,0.316266,0.0824822,0.233784
19-Aug-2026,97.1246,0.0630137,0.0626841,0.00881651,0.0538676
19-Aug-2026,101.347,0.0630137,0.00818486,0.000934918,0.00724994
19-Aug-2026,67.5649,0.0821918,17.1874,17.3277,0.140347
19-Aug-2026,71.7877,0.0821918,13.0932,13.3164,0.223196
19-Aug-2026,76.0105,0.0821918,9.22179,9.48116,0.259367
19-Aug-2026,80.2333,0.0821918,5.81531,5.95148,0.136171
19-Aug-2026,84.4561,0.0821918,3.15541,2.94707,0.20834
19-Aug-2026,88.6789,0.0821918,1.40776,0.895196,0.512564
19-Aug-2026,92.9018,0.0821918,0.492289,0.156462,0.335827
19-Aug-2026,97.1246,0.0821918,0.129085,0.024495,0.10459
19-Aug-2026,101.347,0.0821918,0.0246011,0.00391324,0.0206879
19-Aug-2026,67.5649,0.0328767,16.9903,16.9966,0.00631289
19-Aug-2026,71.7877,0.0328767,12.7787,12.8067,0.0279957
19-Aug-2026,76.0105,0.0328767,8.62157,8.70074,0.0791699
19-Aug-2026,80.2333,0.0328767,4.7829,4.87186,0.0889576
19-Aug-2026,84.4561,0.0328767,1.8999,1.78759,0.112306
19-Aug-2026,88.6789,0.0328767,0.455129,0.217265,0.237864
19-Aug-2026,92.9018,0.0328767,0.0553026,0.00608584,0.0492168
19-Aug-2026,97.1246,0.0328767,0.00294035,9.88639e-05,0.00284149
19-Aug-2026,101.347,0.0328767,6.21005e-05,1.38706e-06,6.07134e-05
19-Aug-2026,67.5649,0.115068,17.3528,17.6051,0.252341
19-Aug-2026,71.7877,0.115068,13.3556,13.6859,0.330349
19-Aug-2026,76.0105,0.115068,9.62621,9.94999,0.323779
19-Aug-2026,80.2333,0.115068,6.35893,6.50022,0.141289
19-Aug-2026,84.4561,0.115068,3.75207,3.51094,0.241133
19-Aug-2026,88.6789,0.115068,1.9207,1.32626,0.594435
19-Aug-2026,92.9018,0.115068,0.827119,0.331035,0.496084
19-Aug-2026,97.1246,0.115068,0.291134,0.0760759,0.215058
19-Aug-2026,101.347,0.115068,0.082077,0.0183298,0.0637472
19-Aug-2026,67.5649,0.19726,17.8951,18.3943,0.499201
19-Aug-2026,71.7877,0.19726,14.1218,14.6442,0.522406
19-Aug-2026,76.0105,0.19726,10.6483,11.0726,0.424339
19-Aug-2026,80.2333,0.19726,7.59097,7.753,0.162028
19-Aug-2026,84.4561,0.19726,5.05415,4.80702,0.247129
19-Aug-2026,88.6789,0.19726,3.10039,2.45119,0.649203
19-Aug-2026,92.9018,0.19726,1.72736,0.978493,0.748867
19-Aug-2026,97.1246,0.19726,0.862529,0.349697,0.512832
19-Aug-2026,101.347,0.19726,0.382457,0.130036,0.252421
19-Aug-2026,67.5649,0.282192,18.5829,19.277,0.694078
19-Aug-2026,71.7877,0.282192,14.995,15.6587,0.663654
19-Aug-2026,76.0105,0.282192,11.6989,12.2128,0.513906
19-Aug-2026,80.2333,0.282192,8.77013,8.9982,0.228073
19-Aug-2026,84.4561,0.282192,6.27272,6.10525,0.167467
19-Aug-2026,88.6789,0.282192,4.2474,3.67582,0.571582
19-Aug-2026,92.9018,0.282192,2.70096,1.90065,0.800314
19-Aug-2026,97.1246,0.282192,1.60122,0.873664,0.727556
19-Aug-2026,101.347,0.282192,0.880552,0.396004,0.484548
19-Aug-2026,67.5649,0.367123,19.2308,20.0634,0.832591
19-Aug-2026,71.7877,0.367123,15.771,16.5433,0.772294
19-Aug-2026,76.0105,0.367123,12.5883,13.1914,0.603096
19-Aug-2026,80.2333,0.367123,9.73744,10.0571,0.319627
19-Aug-2026,84.4561,0.367123,7.26444,7.21135,0.0530866
19-Aug-2026,88.6789,0.367123,5.19961,4.75652,0.443089
19-Aug-2026,92.9018,0.367123,3.55174,2.82463,0.727114
19-Aug-2026,97.1246,0.367123,2.3043,1.51787,0.786432
19-Aug-2026,101.347,0.367123,1.41536,0.778945,0.636415
19-Aug-2026,67.5649,0.446575,19.8764,20.8286,0.952249
19-Aug-2026,71.7877,0.446575,16.5191,17.3945,0.875443
19-Aug-2026,76.0105,0.446575,13.4236,14.1246,0.700989
19-Aug-2026,80.2333,0.446575,10.6319,11.0607,0.428753
19-Aug-2026,84.4561,0.446575,8.17885,8.25971,0.0808614
19-Aug-2026,88.6789,0.446575,6.08825,5.79855,0.289695
19-Aug-2026,92.9018,0.446575,4.36908,3.77228,0.596799
19-Aug-2026,97.1246,0.446575,3.01265,2.2669,0.745755
19-Aug-2026,101.347,0.446575,1.99161,1.28865,0.702962
19-Aug-2026,67.5649,0.523288,20.4682,21.5221,1.05386
19-Aug-2026,71.7877,0.523288,17.1906,18.1601,0.969506
19-Aug-2026,76.0105,0.523288,14.1616,14.9585,0.796913
19-Aug-2026,80.2333,0.523288,11.4148,11.9534,0.538612
19-Aug-2026,84.4561,0.523288,8.97842,9.19189,0.213475
19-Aug-2026,88.6789,0.523288,6.87191,6.73443,0.137477
19-Aug-2026,92.9018,0.523288,5.10379,4.65336,0.45043
19-Aug-2026,97.1246,0.523288,3.66933,3.01808,0.65125
19-Aug-2026,101.347,0.523288,2.54946,1.85574,0.693716
19-Aug-2026,67.5649,0.613699,21.1498,22.3148,1.16501
19-Aug-2026,71.7877,0.613699,17.9521,19.0301,1.07804
19-Aug-2026,76.0105,0.613699,14.989,15.9013,0.912349
19-Aug-2026,80.2333,0.613699,12.2873,12.959,0.671714
19-Aug-2026,84.4561,0.613699,9.86932,10.2414,0.37203
19-Aug-2026,88.6789,0.613699,7.75104,7.79524,0.0442034
19-Aug-2026,92.9018,0.613699,5.94004,5.67484,0.265204
19-Aug-2026,97.1246,0.613699,4.43417,3.93354,0.500631
19-Aug-2026,101.347,0.613699,3.22045,2.60346,0.616992
19-Aug-2026,67.5649,0.69589,21.7453,23.0038,1.25848
19-Aug-2026,71.7877,0.69589,18.6098,19.7826,1.1728
19-Aug-2026,76.0105,0.69589,15.6977,16.7133,1.01561
19-Aug-2026,80.2333,0.69589,13.0315,13.8224,0.790898
19-Aug-2026,84.4561,0.69589,10.6296,11.1419,0.512336
19-Aug-2026,88.6789,0.69589,8.50541,8.70998,0.204573
19-Aug-2026,92.9018,0.69589,6.66578,6.56933,0.0964547
19-Aug-2026,97.1246,0.69589,5.10978,4.7625,0.347281
19-Aug-2026,101.347,0.69589,3.82785,3.3196,0.508248
19-Aug-2026,67.5649,0.780822,22.3416,23.6909,1.34927
19-Aug-2026,71.7877,0.780822,19.2631,20.5301,1.26704
19-Aug-2026,76.0105,0.780822,16.3978,17.5173,1.11951
19-Aug-2026,80.2333,0.780822,13.7645,14.6753,0.91082
19-Aug-2026,84.4561,0.780822,11.3788,12.0312,0.652441
19-Aug-2026,88.6789,0.780822,9.25206,9.61627,0.364205
19-Aug-2026,92.9018,0.780822,7.39018,7.46464,0.0744587
19-Aug-2026,97.1246,0.780822,5.79294,5.61041,0.182527
19-Aug-2026,101.347,0.780822,4.45317,4.07991,0.37326
19-Aug-2026,67.5649,0.863014,22.9115,24.3448,1.43334
19-Aug-2026,71.7877,0.863014,19.8835,21.2394,1.35588
19-Aug-2026,76.0105,0.863014,17.0596,18.278,1.21839
19-Aug-2026,80.2333,0.863014,14.4562,15.4807,1.02455
19-Aug-2026,84.4561,0.863014,12.0863,12.8707,0.784427
19-Aug-2026,88.6789,0.863014,9.95959,10.4739,0.514335
19-Aug-2026,92.9018,0.863014,8.08132,8.31829,0.236973
19-Aug-2026,97.1246,0.863014,6.45155,6.43153,0.020016
19-Aug-2026,101.347,0.863014,5.06466,4.83614,0.228519
20-Aug-2026,68.3789,0.00273973,17.1012,17.1011,5.68006e-05
20-Aug-2026,72.6526,0.00273973,12.8279,12.8278,5.40989e-05
20-Aug-2026,76.9263,0.00273973,8.55461,8.55455,6.1397e-05
20-Aug-2026,81.2,0.00273973,4.28136,4.28138,1.98772e-05
20-Aug-2026,85.4736,0.00273973,0.458561,0.443336,0.015225
20-Aug-2026,89.7473,0.00273973,1.87108e-05,1.83969e-07,1.85268e-05
20-Aug-2026,94.021,0.00273973,2.13084e-16,2.68105e-14,2.65975e-14
20-Aug-2026,68.3789,0.0219178,17.172,17.1734,0.00139289
20-Aug-2026,72.6526,0.0219178,12.9041,12.9144,0.0103385
20-Aug-2026,76.9263,0.0219178,8.65869,8.70679,0.0480984
20-Aug-2026,81.2,0.0219178,4.64711,4.73499,0.0878798
20-Aug-2026,85.4736,0.0219178,1.62652,1.56357,0.0629519
20-Aug-2026,89.7473,0.0219178,0.282417,0.128193,0.154224
20-Aug-2026,94.021,0.0219178,0.0184835,0.0014182,0.0170653
20-Aug-2026,98.2947,0.0219178,0.000363879,6.89631e-06,0.000356983
20-Aug-2026,102.568,0.0219178,1.87734e-06,2.63328e-08,1.85101e-06
20-Aug-2026,68.3789,0.0410959,17.2311,17.2513,0.0201966
20-Aug-2026,72.6526,0.0410959,12.98,13.0427,0.062667
20-Aug-2026,76.9263,0.0410959,8.81917,8.95275,0.133576
20-Aug-2026,81.2,0.0410959,5.03494,5.17005,0.135105
20-Aug-2026,85.4736,0.0410959,2.17621,2.08226,0.0939467
20-Aug-2026,89.7473,0.0410959,0.627112,0.345912,0.2812
20-Aug-2026,94.021,0.0410959,0.105592,0.019158,0.086434
20-Aug-2026,98.2947,0.0410959,0.00924337,0.000741193,0.00850218
20-Aug-2026,102.568,0.0410959,0.000389833,2.64275e-05,0.000363405
20-Aug-2026,68.3789,0.060274,17.3118,17.3884,0.0765806
20-Aug-2026,72.6526,0.060274,13.1058,13.2598,0.153953
20-Aug-2026,76.9263,0.060274,9.0682,9.29288,0.224676
20-Aug-2026,81.2,0.060274,5.47645,5.64411,0.167661
20-Aug-2026,85.4736,0.060274,2.71663,2.58921,0.127421
20-Aug-2026,89.7473,0.060274,1.03059,0.63752,0.39307
20-Aug-2026,94.021,0.060274,0.277245,0.0767819,0.200463
20-Aug-2026,98.2947,0.060274,0.0493524,0.00776452,0.0415879
20-Aug-2026,102.568,0.060274,0.00554919,0.000775713,0.00477348
20-Aug-2026,68.3789,0.0794521,17.389,17.5275,0.138486
20-Aug-2026,72.6526,0.0794521,13.2321,13.4614,0.229344
20-Aug-2026,76.9263,0.0794521,9.28891,9.57237,0.283456
20-Aug-2026,81.2,0.0794521,5.81033,5.99331,0.182981
20-Aug-2026,85.4736,0.0794521,3.09955,2.95049,0.149057
20-Aug-2026,89.7473,0.0794521,1.34009,0.881992,0.458098
20-Aug-2026,94.021,0.0794521,0.444796,0.149752,0.295044
20-Aug-2026,98.2947,0.0794521,0.107778,0.0226643,0.0851137
20-Aug-2026,102.568,0.0794521,0.0184267,0.00349104,0.0149357
20-Aug-2026,68.3789,0.030137,17.1914,17.1961,0.00471145
20-Aug-2026,72.6526,0.030137,12.9269,12.9505,0.0235775
20-Aug-2026,76.9263,0.030137,8.7054,8.78177,0.0763653
20-Aug-2026,81.2,0.030137,4.77803,4.88453,0.106498
20-Aug-2026,85.4736,0.030137,1.82598,1.75246,0.0735161
20-Aug-2026,89.7473,0.030137,0.397191,0.196504,0.200687
20-Aug-2026,94.021,0.030137,0.0400518,0.00456708,0.0354847
20-Aug-2026,98.2947,0.030137,0.0015726,5.82732e-05,0.00151433
20-Aug-2026,102.568,0.030137,2.15456e-05,6.30142e-07,2.09155e-05
20-Aug-2026,68.3789,0.112329,17.5523,17.8089,0.256638
20-Aug-2026,72.6526,0.112329,13.4899,13.8375,0.347618
20-Aug-2026,76.9263,0.112329,9.69002,10.0512,0.36113
20-Aug-2026,81.2,0.112329,6.35571,6.55512,0.199415
20-Aug-2026,85.4736,0.112329,3.70041,3.52759,0.172818
20-Aug-2026,89.7473,0.112329,1.8513,1.3202,0.531096
20-Aug-2026,94.021,0.112329,0.768721,0.324216,0.444505
20-Aug-2026,98.2947,0.112329,0.256468,0.0732133,0.183255
20-Aug-2026,102.568,0.112329,0.0672523,0.017314,0.0499383
20-Aug-2026,68.3789,0.194521,18.0898,18.6134,0.523561
20-Aug-2026,72.6526,0.194521,14.2504,14.8151,0.564709
20-Aug-2026,76.9263,0.194521,10.7104,11.1973,0.486924
20-Aug-2026,81.2,0.194521,7.5926,7.83449,0.241891
20-Aug-2026,85.4736,0.194521,5.0093,4.8503,0.159004
20-Aug-2026,89.7473,0.194521,3.0297,2.46505,0.56465
20-Aug-2026,94.021,0.194521,1.65306,0.978098,0.674962
20-Aug-2026,98.2947,0.194521,0.80164,0.347269,0.454371
20-Aug-2026,102.568,0.194521,0.342107,0.128356,0.213751
20-Aug-2026,68.3789,0.279452,18.7755,19.5142,0.738664
20-Aug-2026,72.6526,0.279452,15.1228,15.8502,0.727377
20-Aug-2026,76.9263,0.279452,11.7635,12.3604,0.596887
20-Aug-2026,81.2,0.279452,8.7774,9.10429,0.326886
20-Aug-2026,85.4736,0.279452,6.23384,6.17356,0.0602792
20-Aug-2026,89.7473,0.279452,4.17795,3.71218,0.465772
20-Aug-2026,94.021,0.279452,2.61868,1.91471,0.703971
20-Aug-2026,98.2947,0.279452,1.52248,0.877135,0.645345
20-Aug-2026,102.568,0.279452,0.816652,0.396299,0.420353
20-Aug-2026,68.3789,0.364384,19.4237,20.3167,0.893014
20-Aug-2026,72.6526,0.364384,15.9005,16.7526,0.852091
20-Aug-2026,76.9263,0.364384,12.6565,13.3583,0.701751
20-Aug-2026,81.2,0.364384,9.75011,10.1836,0.433509
20-Aug-2026,85.4736,0.364384,7.23093,7.30068,0.0697501
20-Aug-2026,89.7473,0.364384,5.13277,4.81302,0.319751
20-Aug-2026,94.021,0.364384,3.46656,2.85511,0.61145
20-Aug-2026,98.2947,0.364384,2.21574,1.53145,0.684287
20-Aug-2026,102.568,0.364384,1.33567,0.784236,0.551434
20-Aug-2026,68.3789,0.443836,20.071,21.0976,1.02659
20-Aug-2026,72.6526,0.443836,16.6516,17.6208,0.969225
20-Aug-2026,76.9263,0.443836,13.4964,14.3097,0.813282
20-Aug-2026,81.2,0.443836,10.6502,11.2065,0.556275
20-Aug-2026,85.4736,0.443836,8.15086,8.3689,0.218036
20-Aug-2026,89.7473,0.443836,6.02499,5.8746,0.150387
20-Aug-2026,94.021,0.443836,4.28352,3.82032,0.463201
20-Aug-2026,98.2947,0.443836,2.91831,2.29381,0.624505
20-Aug-2026,102.568,0.443836,1.90064,1.30225,0.598388
20-Aug-2026,68.3789,0.520548,20.6653,21.8051,1.1398
20-Aug-2026,72.6526,0.520548,17.3266,18.4016,1.075
20-Aug-2026,76.9263,0.520548,14.239,15.1598,0.920846
20-Aug-2026,81.2,0.520548,11.4385,12.1163,0.677837
20-Aug-2026,85.4736,0.520548,8.95576,9.31873,0.362973
20-Aug-2026,89.7473,0.520548,6.81264,6.82812,0.0154759
20-Aug-2026,94.021,0.520548,5.01942,4.718,0.301423
20-Aug-2026,98.2947,0.520548,3.57216,3.05906,0.513101
20-Aug-2026,102.568,0.520548,2.45115,1.87965,0.5715
20-Aug-2026,68.3789,0.610959,21.3505,22.6139,1.2634
20-Aug-2026,72.6526,0.610959,18.0928,19.2889,1.19607
20-Aug-2026,76.9263,0.610959,15.0721,16.121,1.04891
20-Aug-2026,81.2,0.610959,12.3175,13.1412,0.823689
20-Aug-2026,85.4736,0.610959,9.85316,10.3881,0.534921
20-Aug-2026,89.7473,0.610959,7.69708,7.90898,0.211898
20-Aug-2026,94.021,0.610959,5.85844,5.75888,0.0995601
20-Aug-2026,98.2947,0.610959,4.33598,3.99207,0.343913
20-Aug-2026,102.568,0.610959,3.11656,2.64171,0.47485
20-Aug-2026,68.3789,0.693151,21.9496,23.3168,1.36718
20-Aug-2026,72.6526,0.693151,18.755,20.0562,1.3012
20-Aug-2026,76.9263,0.693151,15.7863,16.9487,1.16243
20-Aug-2026,81.2,0.693151,13.0676,14.0211,0.9535
20-Aug-2026,85.4736,0.693151,10.6194,11.3058,0.686358
20-Aug-2026,89.7473,0.693151,8.45664,8.84105,0.384412
20-Aug-2026,94.021,0.693151,6.58759,6.67044,0.0828504
20-Aug-2026,98.2947,0.693151,5.01225,4.83708,0.175169
20-Aug-2026,102.568,0.693151,3.72116,3.37195,0.349214
20-Aug-2026,68.3789,0.778082,22.5501,24.0177,1.46759
20-Aug-2026,72.6526,0.778082,19.4132,20.8185,1.40529
20-Aug-2026,76.9263,0.778082,16.492,17.7683,1.27632
20-Aug-2026,81.2,0.778082,13.8069,14.8904,1.08345
20-Aug-2026,85.4736,0.778082,11.3749,12.212,0.837062
20-Aug-2026,89.7473,0.778082,9.20894,9.76454,0.555602
20-Aug-2026,94.021,0.778082,7.31618,7.58288,0.266703
20-Aug-2026,98.2947,0.778082,5.69728,5.70148,0.00420249
20-Aug-2026,102.568,0.778082,4.3453,4.14736,0.197936
20-Aug-2026,68.3789,0.860274,23.1242,24.6848,1.5606
20-Aug-2026,72.6526,0.860274,20.0386,21.5417,1.50309
20-Aug-2026,76.9263,0.860274,17.1596,18.5438,1.38415
20-Aug-2026,81.2,0.860274,14.5048,15.7112,1.20641
20-Aug-2026,85.4736,0.860274,12.0887,13.0674,0.978718
20-Aug-2026,89.7473,0.860274,9.92227,10.6385,0.716242
20-Aug-2026,94.021,0.860274,8.01196,8.4529,0.440936
20-Aug-2026,98.2947,0.860274,6.35862,6.5386,0.179976
20-Aug-2026,102.568,0.860274,4.95697,4.91867,0.038296
21-Aug-2026,70.5805,0.0191781,17.7184,17.7193,0.000922188
21-Aug-2026,74.9918,0.0191781,13.312,13.3198,0.00777071
21-Aug-2026,79.4031,0.0191781,8.91817,8.96411,0.0459416
21-Aug-2026,83.8144,0.0191781,4.7137,4.83557,0.121868
21-Aug-2026,88.2257,0.0191781,1.52465,1.54388,0.0192318
21-Aug-2026,92.6369,0.0191781,0.208593,0.110514,0.0980787
21-Aug-2026,97.0482,0.0191781,0.00822148,0.000875843,0.00734564
21-Aug-2026,101.46,0.0191781,6.8257e-05,2.7489e-06,6.55081e-05
21-Aug-2026,105.871,0.0191781,1.01142e-07,6.54241e-09,9.45996e-08
21-Aug-2026,70.5805,0.0383562,17.7788,17.7966,0.0177881
21-Aug-2026,74.9918,0.0383562,13.3844,13.4454,0.0610302
21-Aug-2026,79.4031,0.0383562,9.05988,9.21066,0.150777
21-Aug-2026,83.8144,0.0383562,5.08529,5.28917,0.203879
21-Aug-2026,88.2257,0.0383562,2.08247,2.09633,0.0138569
21-Aug-2026,92.6369,0.0383562,0.527526,0.330657,0.196869
21-Aug-2026,97.0482,0.0383562,0.0692407,0.016405,0.0528357
21-Aug-2026,101.46,0.0383562,0.00402758,0.000552033,0.00347555
21-Aug-2026,105.871,0.0383562,9.4997e-05,1.69499e-05,7.80471e-05
21-Aug-2026,70.5805,0.0575342,17.8584,17.9341,0.0757304
21-Aug-2026,74.9918,0.0575342,13.5007,13.6651,0.16437
21-Aug-2026,79.4031,0.0575342,9.29068,9.56032,0.269639
21-Aug-2026,83.8144,0.0575342,5.51762,5.78428,0.266659
21-Aug-2026,88.2257,0.0575342,2.62572,2.62899,0.0032686
21-Aug-2026,92.6369,0.0575342,0.913814,0.630401,0.283413
21-Aug-2026,97.0482,0.0575342,0.210516,0.0722841,0.138232
21-Aug-2026,101.46,0.0575342,0.0293112,0.00688705,0.0224241
21-Aug-2026,105.871,0.0575342,0.0023387,0.000645617,0.00169308
21-Aug-2026,70.5805,0.0767123,17.9326,18.0756,0.14297
21-Aug-2026,74.9918,0.0767123,13.6183,13.8718,0.253473
21-Aug-2026,79.4031,0.0767123,9.50051,9.84944,0.348931
21-Aug-2026,83.8144,0.0767123,5.84725,6.14827,0.30102
21-Aug-2026,88.2257,0.0767123,3.00958,3.00618,0.00340001
21-Aug-2026,92.6369,0.0767123,1.21415,0.882489,0.331661
21-Aug-2026,97.0482,0.0767123,0.357601,0.145233,0.212368
21-Aug-2026,101.46,0.0767123,0.072017,0.0212036,0.0508134
21-Aug-2026,105.871,0.0767123,0.00954114,0.00314275,0.00639839
21-Aug-2026,70.5805,0.0958904,18.0165,18.2338,0.217263
21-Aug-2026,74.9918,0.0958904,13.7511,14.0884,0.337328
21-Aug-2026,79.4031,0.0958904,9.71769,10.1318,0.414145
21-Aug-2026,83.8144,0.0958904,6.158,6.48499,0.326986
21-Aug-2026,88.2257,0.0958904,3.35837,3.35218,0.00618741
21-Aug-2026,92.6369,0.0958904,1.50052,1.13664,0.363879
21-Aug-2026,97.0482,0.0958904,0.520344,0.238068,0.282276
21-Aug-2026,101.46,0.0958904,0.133209,0.0454786,0.0877304
21-Aug-2026,105.871,0.0958904,0.0244418,0.00899776,0.015444
21-Aug-2026,70.5805,0.0273973,17.7384,17.7419,0.00353138
21-Aug-2026,74.9918,0.0273973,13.3344,13.3545,0.0201166
21-Aug-2026,79.4031,0.0273973,8.95852,9.03792,0.079404
21-Aug-2026,83.8144,0.0273973,4.83754,4.99106,0.153517
21-Aug-2026,88.2257,0.0273973,1.72809,1.74632,0.0182307
21-Aug-2026,92.6369,0.0273973,0.312685,0.178681,0.134004
21-Aug-2026,97.0482,0.0273973,0.0216266,0.00335509,0.0182715
21-Aug-2026,101.46,0.0273973,0.000450647,3.24653e-05,0.000418182
21-Aug-2026,105.871,0.0273973,2.48399e-06,2.60663e-07,2.22333e-06
21-Aug-2026,70.5805,0.109589,18.0881,18.3642,0.276064
21-Aug-2026,74.9918,0.109589,13.8622,14.2594,0.397218
21-Aug-2026,79.4031,0.109589,9.88832,10.3455,0.457195
21-Aug-2026,83.8144,0.109589,6.38857,6.73248,0.343911
21-Aug-2026,88.2257,0.109589,3.61163,3.60634,0.00529093
21-Aug-2026,92.6369,0.109589,1.71465,1.33482,0.37983
21-Aug-2026,97.0482,0.109589,0.653483,0.322029,0.331454
21-Aug-2026,101.46,0.109589,0.191747,0.0713911,0.120356
21-Aug-2026,105.871,0.109589,0.0422631,0.0165583,0.0257048
21-Aug-2026,70.5805,0.191781,18.6053,19.194,0.588682
21-Aug-2026,74.9918,0.191781,14.5994,15.27,0.670626
21-Aug-2026,79.4031,0.191781,10.8934,11.5325,0.639084
21-Aug-2026,83.8144,0.191781,7.62502,8.05867,0.433647
21-Aug-2026,88.2257,0.191781,4.92598,4.97704,0.0510586
21-Aug-2026,92.6369,0.191781,2.88191,2.51742,0.364485
21-Aug-2026,97.0482,0.191781,1.49584,0.991364,0.504476
21-Aug-2026,101.46,0.191781,0.675989,0.349496,0.326493
21-Aug-2026,105.871,0.191781,0.263092,0.1284,0.134692
21-Aug-2026,70.5805,0.276712,19.2772,20.1248,0.847558
21-Aug-2026,74.9918,0.276712,15.4618,16.3402,0.878428
21-Aug-2026,79.4031,0.276712,11.9453,12.7356,0.790284
21-Aug-2026,83.8144,0.276712,8.8181,9.37248,0.554377
21-Aug-2026,88.2257,0.276712,6.16185,6.34601,0.18416
21-Aug-2026,92.6369,0.276712,4.0323,3.80616,0.226137
21-Aug-2026,97.0482,0.276712,2.44328,1.95538,0.487903
21-Aug-2026,101.46,0.276712,1.3569,0.891852,0.465048
21-Aug-2026,105.871,0.276712,0.686611,0.401618,0.284993
21-Aug-2026,70.5805,0.361644,19.9203,20.9541,1.03382
21-Aug-2026,74.9918,0.361644,16.239,17.2731,1.03406
21-Aug-2026,79.4031,0.361644,12.8445,13.7673,0.922796
21-Aug-2026,83.8144,0.361644,9.80304,10.4886,0.685524
21-Aug-2026,88.2257,0.361644,7.17318,7.51147,0.338291
21-Aug-2026,92.6369,0.361644,4.99659,4.94386,0.0527349
21-Aug-2026,97.0482,0.361644,3.28875,2.92544,0.363314
21-Aug-2026,101.46,0.361644,2.03207,1.56435,0.467717
21-Aug-2026,105.871,0.361644,1.17414,0.798991,0.375149
21-Aug-2026,70.5805,0.441096,20.5678,21.7611,1.19329
21-Aug-2026,74.9918,0.441096,16.995,18.1704,1.17545
21-Aug-2026,79.4031,0.441096,13.6949,14.7508,1.05591
21-Aug-2026,83.8144,0.441096,10.7184,11.546,0.827609
21-Aug-2026,88.2257,0.441096,8.11018,8.6158,0.505616
21-Aug-2026,92.6369,0.441096,5.90298,6.041,0.138021
21-Aug-2026,97.0482,0.441096,4.11168,3.92197,0.189709
21-Aug-2026,101.46,0.441096,2.7285,2.34969,0.378806
21-Aug-2026,105.871,0.441096,1.72032,1.33113,0.389187
21-Aug-2026,70.5805,0.517808,21.1658,22.4922,1.32643
21-Aug-2026,74.9918,0.517808,17.678,18.9774,1.29939
21-Aug-2026,79.4031,0.517808,14.4499,15.6296,1.17966
21-Aug-2026,83.8144,0.517808,11.5229,12.4865,0.963624
21-Aug-2026,88.2257,0.517808,8.93293,9.59763,0.6647
21-Aug-2026,92.6369,0.517808,6.70682,7.02645,0.319631
21-Aug-2026,97.0482,0.517808,4.85829,4.84915,0.00913759
21-Aug-2026,101.46,0.517808,3.38427,3.13901,0.24526
21-Aug-2026,105.871,0.517808,2.26246,1.92545,0.337011
21-Aug-2026,70.5805,0.608219,21.8587,23.328,1.46934
21-Aug-2026,74.9918,0.608219,18.4564,19.8944,1.43796
21-Aug-2026,79.4031,0.608219,15.3001,16.623,1.32287
21-Aug-2026,83.8144,0.608219,12.4228,13.5458,1.12302
21-Aug-2026,88.2257,0.608219,9.85315,10.7029,0.849762
21-Aug-2026,92.6369,0.608219,7.61299,8.1435,0.530506
21-Aug-2026,97.0482,0.608219,5.71438,5.92447,0.210087
21-Aug-2026,101.46,0.608219,4.15713,4.10205,0.0550829
21-Aug-2026,105.871,0.608219,2.92672,2.71091,0.215807
21-Aug-2026,70.5805,0.690411,22.4671,24.0544,1.58728
21-Aug-2026,74.9918,0.690411,19.1318,20.6874,1.55555
21-Aug-2026,79.4031,0.690411,16.0312,17.4784,1.44722
21-Aug-2026,83.8144,0.690411,13.193,14.4552,1.26224
21-Aug-2026,88.2257,0.690411,10.6411,11.6514,1.01027
21-Aug-2026,92.6369,0.690411,8.3938,9.10675,0.712949
21-Aug-2026,97.0482,0.690411,6.46177,6.86628,0.404511
21-Aug-2026,101.46,0.690411,4.84604,4.97462,0.128579
21-Aug-2026,105.871,0.690411,3.53642,3.46424,0.0721808
21-Aug-2026,70.5805,0.775342,23.0789,24.7787,1.69979
21-Aug-2026,74.9918,0.775342,19.805,21.4751,1.67012
21-Aug-2026,79.4031,0.775342,16.7555,18.3254,1.56994
21-Aug-2026,83.8144,0.775342,13.9537,15.3536,1.39991
21-Aug-2026,88.2257,0.775342,11.4198,12.5879,1.16812
21-Aug-2026,92.6369,0.775342,9.16918,10.0611,0.891928
21-Aug-2026,97.0482,0.775342,7.21114,7.80906,0.597915
21-Aug-2026,101.46,0.775342,5.54731,5.86741,0.320101
21-Aug-2026,105.871,0.775342,4.17038,4.26459,0.0942116
21-Aug-2026,70.5805,0.857534,23.6655,25.468,1.80254
21-Aug-2026,74.9918,0.857534,20.4462,22.2225,1.77628
21-Aug-2026,79.4031,0.857534,17.4421,19.1268,1.68469
21-Aug-2026,83.8144,0.857534,14.6733,16.2019,1.52862
21-Aug-2026,88.2257,0.857534,12.1569,13.472,1.3151
21-Aug-2026,92.6369,0.857534,9.90599,10.9643,1.05828
21-Aug-2026,97.0482,0.857534,7.92874,8.70801,0.77927
21-Aug-2026,101.46,0.857534,6.22694,6.73214,0.505196
21-Aug-2026,105.871,0.857534,4.79513,5.06097,0.265836
24-Aug-2026,70.2061,0.0109589,17.5779,17.5779,3.6875e-05
24-Aug-2026,74.594,0.0109589,13.1916,13.1917,9.01328e-05
24-Aug-2026,78.9819,0.0109589,8.80544,8.80635,0.000909059
24-Aug-2026,83.3698,0.0109589,4.44228,4.46793,0.0256453
24-Aug-2026,87.7577,0.0109589,0.912217,0.91751,0.00529261
24-Aug-2026,92.1456,0.0109589,0.0198613,0.00560615,0.0142551
24-Aug-2026,96.5334,0.0109589,1.22884e-05,5.01541e-08,1.22382e-05
24-Aug-2026,100.921,0.0109589,9.15425e-11,1.97204e-14,9.15228e-11
24-Aug-2026,105.309,0.0109589,2.75436e-16,3.84781e-15,3.57237e-15
24-Aug-2026,70.2061,0.030137,17.6503,17.6553,0.00496919
24-Aug-2026,74.594,0.030137,13.2711,13.2962,0.0250603
24-Aug-2026,78.9819,0.030137,8.92969,9.01604,0.0863492
24-Aug-2026,83.3698,0.030137,4.87253,5.01468,0.142152
24-Aug-2026,87.7577,0.030137,1.81806,1.79897,0.0190948
24-Aug-2026,92.1456,0.030137,0.370562,0.20167,0.168892
24-Aug-2026,96.5334,0.030137,0.032697,0.00468683,0.0280102
24-Aug-2026,100.921,0.030137,0.00102534,5.9816e-05,0.000965524
24-Aug-2026,105.309,0.030137,1.01722e-05,6.46465e-07,9.52573e-06
24-Aug-2026,70.2061,0.0493151,17.7116,17.7455,0.0339306
24-Aug-2026,74.594,0.0493151,13.3539,13.4463,0.0923803
24-Aug-2026,78.9819,0.0493151,9.10454,9.28486,0.180321
24-Aug-2026,83.3698,0.0493151,5.2587,5.44653,0.187827
24-Aug-2026,87.7577,0.0493151,2.3423,2.28944,0.052858
24-Aug-2026,92.1456,0.0493151,0.717386,0.43515,0.282236
24-Aug-2026,96.5334,0.0493151,0.133921,0.0318198,0.102101
24-Aug-2026,100.921,0.0493151,0.0136856,0.00174481,0.0119408
24-Aug-2026,105.309,0.0493151,0.000715316,9.03938e-05,0.000624922
24-Aug-2026,70.2061,0.0684932,17.7967,17.8975,0.100763
24-Aug-2026,74.594,0.0684932,13.4895,13.6806,0.191068
24-Aug-2026,78.9819,0.0684932,9.36663,9.63642,0.269788
24-Aug-2026,83.3698,0.0684932,5.70712,5.91694,0.209825
24-Aug-2026,87.7577,0.0684932,2.88498,2.78536,0.0996219
24-Aug-2026,92.1456,0.0684932,1.13299,0.737491,0.395499
24-Aug-2026,96.5334,0.0684932,0.322507,0.101358,0.221149
24-Aug-2026,100.921,0.0684932,0.0624607,0.0120005,0.0504602
24-Aug-2026,105.309,0.0684932,0.00789229,0.00141938,0.00647291
24-Aug-2026,70.2061,0.0876712,17.8789,18.0461,0.16725
24-Aug-2026,74.594,0.0876712,13.6247,13.8913,0.26664
24-Aug-2026,78.9819,0.0876712,9.59966,9.92115,0.321493
24-Aug-2026,83.3698,0.0876712,6.05425,6.26561,0.211363
24-Aug-2026,87.7577,0.0876712,3.28264,3.1448,0.137844
24-Aug-2026,92.1456,0.0876712,1.46086,0.989139,0.471721
24-Aug-2026,96.5334,0.0876712,0.508175,0.183072,0.325103
24-Aug-2026,100.921,0.0876712,0.132109,0.030546,0.101563
24-Aug-2026,105.309,0.0876712,0.0248944,0.00522351,0.0196709
24-Aug-2026,70.2061,0.0191781,17.6108,17.6111,0.000250617
24-Aug-2026,74.594,0.0191781,13.2267,13.2297,0.00296331
24-Aug-2026,78.9819,0.0191781,8.8488,8.87464,0.0258438
24-Aug-2026,83.3698,0.0191781,4.61694,4.7057,0.0887554
24-Aug-2026,87.7577,0.0191781,1.38837,1.38595,0.00241749
24-Aug-2026,92.1456,0.0191781,0.152341,0.0700112,0.0823298
24-Aug-2026,96.5334,0.0191781,0.00384242,0.00022977,0.00361265
24-Aug-2026,100.921,0.0191781,1.55168e-05,2.25608e-07,1.52912e-05
24-Aug-2026,105.309,0.0191781,8.24979e-09,1.52349e-10,8.09744e-09
24-Aug-2026,70.2061,0.10137,17.9513,18.1714,0.22015
24-Aug-2026,74.594,0.10137,13.7415,14.06,0.318501
24-Aug-2026,78.9819,0.10137,9.78639,10.1372,0.350792
24-Aug-2026,83.3698,0.10137,6.31371,6.52,0.206286
24-Aug-2026,87.7577,0.10137,3.57237,3.40602,0.16635
24-Aug-2026,92.1456,0.10137,1.70866,1.18582,0.52284
24-Aug-2026,96.5334,0.10137,0.664676,0.259392,0.405284
24-Aug-2026,100.921,0.10137,0.20293,0.0519353,0.150995
24-Aug-2026,105.309,0.10137,0.0474436,0.0108007,0.0366429
24-Aug-2026,70.2061,0.183562,18.5101,18.989,0.478871
24-Aug-2026,74.594,0.183562,14.5606,15.0682,0.50764
24-Aug-2026,78.9819,0.183562,10.9253,11.3339,0.408557
24-Aug-2026,83.3698,0.183562,7.73407,7.8651,0.131029
24-Aug-2026,87.7577,0.183562,5.10226,4.79451,0.307747
24-Aug-2026,92.1456,0.183562,3.09534,2.36274,0.7326
24-Aug-2026,96.5334,0.183562,1.70348,0.893528,0.809952
24-Aug-2026,100.921,0.183562,0.839912,0.303755,0.536157
24-Aug-2026,105.309,0.183562,0.367656,0.10807,0.259586
24-Aug-2026,70.2061,0.268493,19.2861,19.9152,0.629138
24-Aug-2026,74.594,0.268493,15.5699,16.1376,0.567651
24-Aug-2026,78.9819,0.268493,12.1661,12.5395,0.373388
24-Aug-2026,83.3698,0.268493,9.152,9.18376,0.0317627
24-Aug-2026,87.7577,0.268493,6.58997,6.16794,0.422028
24-Aug-2026,92.1456,0.268493,4.51496,3.64767,0.86729
24-Aug-2026,96.5334,0.268493,2.92591,1.8339,1.09201
24-Aug-2026,100.921,0.268493,1.784,0.817948,0.966052
24-Aug-2026,105.309,0.268493,1.01934,0.362152,0.657188
24-Aug-2026,70.2061,0.353425,20.0574,20.7414,0.68395
24-Aug-2026,74.594,0.353425,16.5089,17.0685,0.559584
24-Aug-2026,78.9819,0.353425,13.2576,13.5706,0.313025
24-Aug-2026,83.3698,0.353425,10.3553,10.3003,0.0549951
24-Aug-2026,87.7577,0.353425,7.84146,7.33386,0.5076
24-Aug-2026,92.1456,0.353425,5.7378,4.78256,0.955237
24-Aug-2026,96.5334,0.353425,4.04425,2.79146,1.25279
24-Aug-2026,100.921,0.353425,2.73818,1.46902,1.26916
24-Aug-2026,105.309,0.353425,1.77706,0.740245,1.03681
24-Aug-2026,70.2061,0.432877,20.8533,21.5452,0.691897
24-Aug-2026,74.594,0.432877,17.4423,17.9635,0.521208
24-Aug-2026,78.9819,0.432877,14.3113,14.5526,0.241261
24-Aug-2026,83.3698,0.432877,11.4964,11.3568,0.139573
24-Aug-2026,87.7577,0.432877,9.02414,8.43732,0.586819
24-Aug-2026,92.1456,0.432877,6.90829,5.87708,1.03121
24-Aug-2026,96.5334,0.432877,5.14843,3.77988,1.36855
24-Aug-2026,100.921,0.432877,3.72939,2.23848,1.49091
24-Aug-2026,105.309,0.432877,2.62271,1.25388,1.36883
24-Aug-2026,70.2061,0.509589,21.6016,22.2735,0.671907
24-Aug-2026,74.594,0.509589,18.2993,18.7681,0.468783
24-Aug-2026,78.9819,0.509589,15.2615,15.4294,0.167933
24-Aug-2026,83.3698,0.509589,12.5147,12.2959,0.218815
24-Aug-2026,87.7577,0.509589,10.0776,9.41774,0.659861
24-Aug-2026,92.1456,0.509589,7.9593,6.86011,1.09919
24-Aug-2026,96.5334,0.509589,6.15878,4.70152,1.45726
24-Aug-2026,100.921,0.509589,4.6645,3.01699,1.64751
24-Aug-2026,105.309,0.509589,3.45542,1.83335,1.62207
24-Aug-2026,70.2061,0.6,22.4437,23.0712,0.627455
24-Aug-2026,74.594,0.6,19.2474,19.6439,0.396545
24-Aug-2026,78.9819,0.6,16.2996,16.379,0.0794172
24-Aug-2026,83.3698,0.6,13.6192,13.309,0.310203
24-Aug-2026,87.7577,0.6,11.2189,10.475,0.743945
24-Aug-2026,92.1456,0.6,9.10459,7.9277,1.17689
24-Aug-2026,96.5334,0.6,7.27425,5.72646,1.54779
24-Aug-2026,100.921,0.6,5.7187,3.9295,1.7892
24-Aug-2026,105.309,0.6,4.42199,2.57041,1.85158
24-Aug-2026,70.2061,0.682192,23.225,23.7956,0.570578
24-Aug-2026,74.594,0.682192,20.1158,20.4355,0.319692
24-Aug-2026,78.9819,0.682192,17.2415,17.2335,0.00798689
24-Aug-2026,83.3698,0.682192,14.6161,14.2179,0.398235
24-Aug-2026,87.7577,0.682192,12.2486,11.4229,0.825664
24-Aug-2026,92.1456,0.682192,10.1422,8.88983,1.25237
24-Aug-2026,96.5334,0.682192,8.29451,6.66514,1.62937
24-Aug-2026,100.921,0.682192,6.69765,4.79516,1.90249
24-Aug-2026,105.309,0.682192,5.33864,3.31189,2.02675
24-Aug-2026,70.2061,0.767123,24.0171,24.5179,0.500839
24-Aug-2026,74.594,0.767123,20.9879,21.2217,0.233788
24-Aug-2026,78.9819,0.767123,18.1811,18.0793,0.101758
24-Aug-2026,83.3698,0.767123,15.6069,15.1153,0.491551
24-Aug-2026,87.7577,0.767123,13.2713,12.3587,0.912641
24-Aug-2026,92.1456,0.767123,11.1761,9.84286,1.33324
24-Aug-2026,96.5334,0.767123,9.31816,7.60515,1.71301
24-Aug-2026,100.921,0.767123,7.69056,5.68243,2.00813
24-Aug-2026,105.309,0.767123,6.28234,4.10283,2.17951
24-Aug-2026,70.2061,0.849315,24.7813,25.2054,0.424097
24-Aug-2026,74.594,0.849315,21.823,21.9674,0.144431
24-Aug-2026,78.9819,0.849315,19.0761,18.8794,0.196726
24-Aug-2026,83.3698,0.849315,16.548,15.9626,0.585439
24-Aug-2026,87.7577,0.849315,14.2426,13.2417,1.00094
24-Aug-2026,92.1456,0.849315,12.1603,10.7446,1.41572
24-Aug-2026,96.5334,0.849315,10.2978,8.50162,1.79618
24-Aug-2026,100.921,0.849315,8.64863,6.54271,2.10592
24-Aug-2026,105.309,0.849315,7.20331,4.89187,2.31144
25-Aug-2026,70.5331,0.00821918,17.653,17.6529,7.39357e-05
25-Aug-2026,74.9414,0.00821918,13.2459,13.2459,4.08141e-05
25-Aug-2026,79.3497,0.00821918,8.83883,8.83893,9.85333e-05
25-Aug-2026,83.758,0.00821918,4.4405,4.45384,0.0133388
25-Aug-2026,88.1663,0.00821918,0.789296,0.796591,0.00729542
25-Aug-2026,92.5747,0.00821918,0.00708194,0.00153027,0.00555167
25-Aug-2026,96.983,0.00821918,4.79102e-07,4.1697e-10,4.78685e-07
25-Aug-2026,101.391,0.00821918,7.91916e-14,1.23003e-15,7.79616e-14
25-Aug-2026,70.5331,0.0273973,17.7253,17.7287,0.00339551
25-Aug-2026,74.9414,0.0273973,13.3244,13.3442,0.0198006
25-Aug-2026,79.3497,0.0273973,8.95445,9.03051,0.0760629
25-Aug-2026,83.758,0.0273973,4.8497,4.98648,0.136779
25-Aug-2026,88.1663,0.0273973,1.75781,1.7443,0.0135146
25-Aug-2026,92.5747,0.0273973,0.3325,0.178334,0.154166
25-Aug-2026,96.983,0.0273973,0.0253837,0.00334691,0.0220368
25-Aug-2026,101.391,0.0273973,0.000630176,3.24084e-05,0.000597768
25-Aug-2026,105.8,0.0273973,4.48738e-06,2.59903e-07,4.22748e-06
25-Aug-2026,70.5331,0.0465753,17.786,17.8154,0.0294079
25-Aug-2026,74.9414,0.0465753,13.4045,13.4887,0.0841938
25-Aug-2026,79.3497,0.0465753,9.12347,9.29553,0.172061
25-Aug-2026,83.758,0.0465753,5.23825,5.42502,0.186773
25-Aug-2026,88.1663,0.0465753,2.29618,2.24954,0.0466402
25-Aug-2026,92.5747,0.0465753,0.679909,0.409886,0.270023
25-Aug-2026,96.983,0.0465753,0.119579,0.0275221,0.0920569
25-Aug-2026,101.391,0.0465753,0.0111436,0.001357,0.0097866
25-Aug-2026,105.8,0.0465753,0.000512213,6.27057e-05,0.000449507
25-Aug-2026,70.5331,0.0657534,17.8697,17.9639,0.094213
25-Aug-2026,74.9414,0.0657534,13.5367,13.72,0.183339
25-Aug-2026,79.3497,0.0657534,9.38279,9.64772,0.264932
25-Aug-2026,83.758,0.0657534,5.69113,5.90246,0.211332
25-Aug-2026,88.1663,0.0657534,2.849,2.75504,0.0939606
25-Aug-2026,92.5747,0.0657534,1.09888,0.712459,0.386421
25-Aug-2026,96.983,0.0657534,0.303704,0.0938984,0.209806
25-Aug-2026,101.391,0.0657534,0.0562979,0.0105807,0.0457172
25-Aug-2026,105.8,0.0657534,0.00670067,0.00118641,0.00551426
25-Aug-2026,70.5331,0.0849315,17.9506,18.111,0.160418
25-Aug-2026,74.9414,0.0849315,13.6701,13.9303,0.260168
25-Aug-2026,79.3497,0.0849315,9.61543,9.93418,0.318748
25-Aug-2026,83.758,0.0849315,6.04185,6.25556,0.213705
25-Aug-2026,88.1663,0.0849315,3.25267,3.11945,0.13322
25-Aug-2026,92.5747,0.0849315,1.4299,0.964801,0.465099
25-Aug-2026,96.983,0.0849315,0.487964,0.173661,0.314303
25-Aug-2026,101.391,0.0849315,0.123394,0.0280918,0.0953022
25-Aug-2026,105.8,0.0849315,0.0224038,0.00464543,0.0177584
25-Aug-2026,70.5331,0.0164384,17.6859,17.6859,2.86777e-05
25-Aug-2026,74.9414,0.0164384,13.2809,13.2824,0.0014658
25-Aug-2026,79.3497,0.0164384,8.87945,8.89758,0.0181299
25-Aug-2026,83.758,0.0164384,4.59713,4.67566,0.0785309
25-Aug-2026,88.1663,0.0164384,1.30922,1.31105,0.00183291
25-Aug-2026,92.5747,0.0164384,0.119537,0.0526057,0.0669313
25-Aug-2026,96.983,0.0164384,0.00203253,9.46642e-05,0.00193787
25-Aug-2026,101.391,0.0164384,4.24688e-06,4.18529e-08,4.20503e-06
25-Aug-2026,105.8,0.0164384,8.75748e-10,1.18882e-11,8.6386e-10
25-Aug-2026,70.5331,0.0986301,18.0219,18.2357,0.213768
25-Aug-2026,74.9414,0.0986301,13.7859,14.0991,0.3132
25-Aug-2026,79.3497,0.0986301,9.80251,10.1517,0.349196
25-Aug-2026,83.758,0.0986301,6.304,6.51275,0.208747
25-Aug-2026,88.1663,0.0986301,3.54635,3.38362,0.162734
25-Aug-2026,92.5747,0.0986301,1.68018,1.16213,0.518048
25-Aug-2026,96.983,0.0986301,0.644242,0.248753,0.395489
25-Aug-2026,101.391,0.0986301,0.192719,0.0486774,0.144042
25-Aug-2026,105.8,0.0986301,0.043852,0.00987589,0.0339761
25-Aug-2026,70.5331,0.180822,18.5783,19.054,0.475677
25-Aug-2026,74.9414,0.180822,14.6055,15.1113,0.505842
25-Aug-2026,79.3497,0.180822,10.9483,11.3562,0.407869
25-Aug-2026,83.758,0.180822,7.73887,7.86864,0.12977
25-Aug-2026,88.1663,0.180822,5.09447,4.78299,0.311478
25-Aug-2026,92.5747,0.180822,3.08145,2.34361,0.737837
25-Aug-2026,96.983,0.180822,1.68917,0.878577,0.810593
25-Aug-2026,101.391,0.180822,0.828682,0.296388,0.532294
25-Aug-2026,105.8,0.180822,0.360487,0.10472,0.255767
25-Aug-2026,70.5331,0.265753,19.357,19.9834,0.626425
25-Aug-2026,74.9414,0.265753,15.6212,16.1854,0.56421
25-Aug-2026,79.3497,0.265753,12.1999,12.5681,0.368171
25-Aug-2026,83.758,0.265753,9.17149,9.19474,0.0232474
25-Aug-2026,88.1663,0.265753,6.59876,6.16411,0.434648
25-Aug-2026,92.5747,0.265753,4.51678,3.63398,0.882802
25-Aug-2026,96.983,0.265753,2.92402,1.81837,1.10565
25-Aug-2026,101.391,0.265753,1.78078,0.807181,0.973599
25-Aug-2026,105.8,0.265753,1.01622,0.356118,0.660102
25-Aug-2026,70.5331,0.350685,20.1336,20.8126,0.678977
25-Aug-2026,74.9414,0.350685,16.5681,17.1203,0.552152
25-Aug-2026,79.3497,0.350685,13.3021,13.604,0.301863
25-Aug-2026,83.758,0.350685,10.3876,10.3167,0.0708541
25-Aug-2026,88.1663,0.350685,7.86421,7.33579,0.528419
25-Aug-2026,92.5747,0.350685,5.75354,4.77376,0.979776
25-Aug-2026,96.983,0.350685,4.05508,2.77776,1.27732
25-Aug-2026,101.391,0.350685,2.7457,1.45671,1.28899
25-Aug-2026,105.8,0.350685,1.78234,0.731938,1.0504
25-Aug-2026,70.5331,0.430137,20.9362,21.6194,0.683207
25-Aug-2026,74.9414,0.430137,17.5103,18.0189,0.508624
25-Aug-2026,79.3497,0.430137,14.3666,14.5902,0.223601
25-Aug-2026,83.758,0.430137,11.541,11.3781,0.162865
25-Aug-2026,88.1663,0.430137,9.06015,8.4444,0.615749
25-Aug-2026,92.5747,0.430137,6.9375,5.873,1.0645
25-Aug-2026,96.983,0.430137,5.17227,3.7691,1.40317
25-Aug-2026,101.391,0.430137,3.74891,2.22628,1.52263
25-Aug-2026,105.8,0.430137,2.63861,1.24394,1.39467
25-Aug-2026,70.5331,0.506849,21.6914,22.3504,0.659031
25-Aug-2026,74.9414,0.506849,18.3758,18.8267,0.450929
25-Aug-2026,79.3497,0.506849,15.3267,15.4708,0.144113
25-Aug-2026,83.758,0.506849,12.5704,12.3214,0.249027
25-Aug-2026,88.1663,0.506849,10.1254,9.42924,0.696159
25-Aug-2026,92.5747,0.506849,8.00059,6.86023,1.14036
25-Aug-2026,96.983,0.506849,6.19459,4.6939,1.50069
25-Aug-2026,101.391,0.506849,4.69553,3.00603,1.6895
25-Aug-2026,105.8,0.506849,3.48212,1.82279,1.65933
25-Aug-2026,70.5331,0.59726,22.5416,23.1511,0.60946
25-Aug-2026,74.9414,0.59726,19.3336,19.7061,0.372478
25-Aug-2026,79.3497,0.59726,16.3757,16.4244,0.0486759
25-Aug-2026,83.758,0.59726,13.6868,13.3389,0.347912
25-Aug-2026,88.1663,0.59726,11.2794,10.4911,0.788292
25-Aug-2026,92.5747,0.59726,9.15893,7.93236,1.22657
25-Aug-2026,96.983,0.59726,7.32316,5.72261,1.60055
25-Aug-2026,101.391,0.59726,5.76265,3.92077,1.84188
25-Aug-2026,105.8,0.59726,4.46121,2.56019,1.90102
25-Aug-2026,70.5331,0.679452,23.3307,23.8782,0.547495
25-Aug-2026,74.9414,0.679452,20.2109,20.5008,0.289854
25-Aug-2026,79.3497,0.679452,17.3276,17.2824,0.0451966
25-Aug-2026,83.758,0.679452,14.6945,14.2516,0.442868
25-Aug-2026,88.1663,0.679452,12.3204,11.4432,0.877225
25-Aug-2026,92.5747,0.679452,10.2082,8.89852,1.30968
25-Aug-2026,96.983,0.679452,8.35523,6.66486,1.69037
25-Aug-2026,101.391,0.679452,6.7534,4.78898,1.96442
25-Aug-2026,105.8,0.679452,5.38952,3.3028,2.08672
25-Aug-2026,70.5331,0.764384,24.1307,24.6033,0.472562
25-Aug-2026,74.9414,0.764384,21.092,21.29,0.19804
25-Aug-2026,79.3497,0.764384,18.277,18.1317,0.145311
25-Aug-2026,83.758,0.764384,15.6958,15.1529,0.542914
25-Aug-2026,88.1663,0.764384,13.3542,12.3829,0.971333
25-Aug-2026,92.5747,0.764384,11.2534,9.85552,1.39788
25-Aug-2026,96.983,0.764384,9.39048,7.6085,1.78198
25-Aug-2026,101.391,0.764384,7.758,5.67913,2.07887
25-Aug-2026,105.8,0.764384,6.34493,4.09546,2.24947
25-Aug-2026,70.5331,0.846575,24.9026,25.2933,0.390693
25-Aug-2026,74.9414,0.846575,21.9357,22.0387,0.102997
25-Aug-2026,79.3497,0.846575,19.1813,18.935,0.246342
25-Aug-2026,83.758,0.846575,16.6467,16.0036,0.64309
25-Aug-2026,88.1663,0.846575,14.3357,13.2696,1.06614
25-Aug-2026,92.5747,0.846575,12.2482,10.761,1.48725
25-Aug-2026,96.983,0.846575,10.3809,8.50846,1.87244
25-Aug-2026,101.391,0.846575,8.72706,6.54236,2.1847
25-Aug-2026,105.8,0.846575,7.27698,4.88657,2.39041
26-Aug-2026,70.5164,0.00547945,17.642,17.6421,0.000121478
26-Aug-2026,74.9237,0.00547945,13.2356,13.2356,2.90749e-05
26-Aug-2026,79.331,0.00547945,8.82909,8.82914,5.03452e-05
26-Aug-2026,83.7383,0.00547945,4.42421,4.42798,0.00377488
26-Aug-2026,88.1456,0.00547945,0.64431,0.648514,0.00420395
26-Aug-2026,92.5528,0.00547945,0.00115992,0.000137437,0.00102248
26-Aug-2026,96.9601,0.00547945,1.18591e-09,4.547e-14,1.18586e-09
26-Aug-2026,70.5164,0.0246575,17.7131,17.7155,0.00237376
26-Aug-2026,74.9237,0.0246575,13.3122,13.3273,0.0150985
26-Aug-2026,79.331,0.0246575,8.93648,9.00111,0.0646262
26-Aug-2026,83.7383,0.0246575,4.80745,4.93247,0.125015
26-Aug-2026,88.1456,0.0246575,1.69581,1.67803,0.0177779
26-Aug-2026,92.5528,0.0246575,0.29888,0.15458,0.1443
26-Aug-2026,96.9601,0.0246575,0.0199114,0.00226951,0.0176419
26-Aug-2026,101.367,0.0246575,0.000397633,1.59857e-05,0.000381647
26-Aug-2026,105.775,0.0246575,2.08063e-06,9.09317e-08,1.9897e-06
26-Aug-2026,70.5164,0.0438356,17.7724,17.7976,0.0252202
26-Aug-2026,74.9237,0.0438356,13.389,13.4644,0.0754438
26-Aug-2026,79.331,0.0438356,9.09963,9.25954,0.159911
26-Aug-2026,83.7383,0.0438356,5.1984,5.37489,0.176494
26-Aug-2026,88.1456,0.0438356,2.24864,2.19632,0.0523245
26-Aug-2026,92.5528,0.0438356,0.647738,0.38232,0.265418
26-Aug-2026,96.9601,0.0438356,0.10863,0.0233937,0.0852363
26-Aug-2026,101.367,0.0438356,0.00941845,0.00102719,0.00839126
26-Aug-2026,105.775,0.0438356,0.000391767,4.19147e-05,0.000349852
26-Aug-2026,70.5164,0.0630137,17.8539,17.9411,0.0871518
26-Aug-2026,74.9237,0.0630137,13.5176,13.6906,0.173016
26-Aug-2026,79.331,0.0630137,9.35613,9.6096,0.253471
26-Aug-2026,83.7383,0.0630137,5.65521,5.85647,0.201265
26-Aug-2026,88.1456,0.0630137,2.81068,2.70881,0.101868
26-Aug-2026,92.5528,0.0630137,1.07027,0.6831,0.38717
26-Aug-2026,96.9601,0.0630137,0.289871,0.0861076,0.203763
26-Aug-2026,101.367,0.0630137,0.0521906,0.00920592,0.0429847
26-Aug-2026,105.775,0.0630137,0.00597281,0.000975651,0.00499716
26-Aug-2026,70.5164,0.0821918,17.9329,18.0851,0.152236
26-Aug-2026,74.9237,0.0821918,13.6488,13.8985,0.24973
26-Aug-2026,79.331,0.0821918,9.58814,9.89572,0.307579
26-Aug-2026,83.7383,0.0821918,6.00872,6.2118,0.203084
26-Aug-2026,88.1456,0.0821918,3.21917,3.07607,0.143096
26-Aug-2026,92.5528,0.0821918,1.404,0.934469,0.469531
26-Aug-2026,96.9601,0.0821918,0.47351,0.163339,0.310171
26-Aug-2026,101.367,0.0821918,0.117799,0.0255759,0.0922231
26-Aug-2026,105.775,0.0821918,0.020933,0.004084,0.016849
26-Aug-2026,70.5164,0.0136986,17.6743,17.6744,0.000139321
26-Aug-2026,74.9237,0.0136986,13.2699,13.2706,0.000747063
26-Aug-2026,79.331,0.0136986,8.86733,8.87886,0.0115258
26-Aug-2026,83.7383,0.0136986,4.55859,4.62317,0.0645769
26-Aug-2026,88.1456,0.0136986,1.22568,1.22403,0.00165129
26-Aug-2026,92.5528,0.0136986,0.0910676,0.0368408,0.0542268
26-Aug-2026,96.9601,0.0136986,0.000990225,3.07604e-05,0.000959465
26-Aug-2026,101.367,0.0136986,9.81936e-07,4.88245e-09,9.77054e-07
26-Aug-2026,105.775,0.0136986,6.94059e-11,4.58808e-13,6.89471e-11
26-Aug-2026,70.5164,0.0958904,18.0029,18.208,0.2051
26-Aug-2026,74.9237,0.0958904,13.7635,14.0662,0.302684
26-Aug-2026,79.331,0.0958904,9.7752,10.1132,0.338013
26-Aug-2026,83.7383,0.0958904,6.27274,6.47017,0.197427
26-Aug-2026,88.1456,0.0958904,3.51572,3.34156,0.174157
26-Aug-2026,92.5528,0.0958904,1.65617,1.13114,0.525034
26-Aug-2026,96.9601,0.0958904,0.629858,0.236664,0.393194
26-Aug-2026,101.367,0.0958904,0.186353,0.0452179,0.141135
26-Aug-2026,105.775,0.0958904,0.0418044,0.00894199,0.0328624
26-Aug-2026,70.5164,0.178082,18.5545,19.0203,0.465802
26-Aug-2026,74.9237,0.178082,14.5808,15.0747,0.493921
26-Aug-2026,79.331,0.178082,10.9235,11.3169,0.393444
26-Aug-2026,83.7383,0.178082,7.71544,7.82777,0.112332
26-Aug-2026,88.1456,0.178082,5.07415,4.74267,0.331475
26-Aug-2026,92.5528,0.178082,3.06566,2.30913,0.75653
26-Aug-2026,96.9601,0.178082,1.67839,0.857542,0.820848
26-Aug-2026,101.367,0.178082,0.822284,0.287021,0.535263
26-Aug-2026,105.775,0.178082,0.357195,0.100711,0.256484
26-Aug-2026,70.5164,0.263014,19.3319,19.9456,0.613657
26-Aug-2026,74.9237,0.263014,15.5975,16.1454,0.547946
26-Aug-2026,79.331,0.263014,12.1786,12.5264,0.347765
26-Aug-2026,83.7383,0.263014,9.15352,9.15205,0.00146614
26-Aug-2026,88.1456,0.263014,6.5848,6.12205,0.462752
26-Aug-2026,92.5528,0.263014,4.50701,3.59596,0.911054
26-Aug-2026,96.9601,0.263014,2.91807,1.78966,1.12841
26-Aug-2026,101.367,0.263014,1.77781,0.790419,0.987391
26-Aug-2026,105.775,0.263014,1.01517,0.34751,0.66766
26-Aug-2026,70.5164,0.347945,20.1089,20.7712,0.662339
26-Aug-2026,74.9237,0.347945,16.5461,17.0771,0.531042
26-Aug-2026,79.331,0.347945,13.2837,13.5595,0.275767
26-Aug-2026,83.7383,0.347945,10.3734,10.2716,0.101808
26-Aug-2026,88.1456,0.347945,7.85444,7.29135,0.563095
26-Aug-2026,92.5528,0.347945,5.74799,4.73263,1.01536
26-Aug-2026,96.9601,0.347945,4.05312,2.74371,1.30941
26-Aug-2026,101.367,0.347945,2.74638,1.43316,1.31322
26-Aug-2026,105.775,0.347945,1.78459,0.717988,1.0666
26-Aug-2026,70.5164,0.427397,20.9125,21.5748,0.662254
26-Aug-2026,74.9237,0.427397,17.4903,17.9727,0.482385
26-Aug-2026,79.331,0.427397,14.3508,14.5428,0.191997
26-Aug-2026,83.7383,0.427397,11.53,11.3303,0.199714
26-Aug-2026,88.1456,0.427397,9.05383,8.39732,0.656506
26-Aug-2026,92.5528,0.427397,6.93551,5.82881,1.1067
26-Aug-2026,96.9601,0.427397,5.17389,3.73062,1.44327
26-Aug-2026,101.367,0.427397,3.75316,2.19666,1.5565
26-Aug-2026,105.775,0.427397,2.64443,1.22405,1.42038
26-Aug-2026,70.5164,0.50411,21.6689,22.3028,0.633911
26-Aug-2026,74.9237,0.50411,18.3577,18.7776,0.419938
26-Aug-2026,79.331,0.50411,15.3133,15.4207,0.1074
26-Aug-2026,83.7383,0.50411,12.562,12.271,0.291049
26-Aug-2026,88.1456,0.50411,10.1219,9.37962,0.742276
26-Aug-2026,92.5528,0.50411,8.00154,6.81323,1.18831
26-Aug-2026,96.9601,0.50411,6.19924,4.65177,1.54747
26-Aug-2026,101.367,0.50411,4.70293,2.97149,1.73144
26-Aug-2026,105.775,0.50411,3.49122,1.79738,1.69384
26-Aug-2026,70.5164,0.594521,22.5208,23.1002,0.579422
26-Aug-2026,74.9237,0.594521,19.3176,19.6539,0.336258
26-Aug-2026,79.331,0.594521,16.3648,16.3712,0.00644923
26-Aug-2026,83.7383,0.594521,13.6812,13.2856,0.395645
26-Aug-2026,88.1456,0.594521,11.2788,10.4386,0.840208
26-Aug-2026,92.5528,0.594521,9.1629,7.88223,1.28067
26-Aug-2026,96.9601,0.594521,7.33097,5.67669,1.65428
26-Aug-2026,101.367,0.594521,5.77337,3.88133,1.89204
26-Aug-2026,105.775,0.594521,4.47386,2.52896,1.9449
26-Aug-2026,70.5164,0.676712,23.3114,23.8245,0.513056
26-Aug-2026,74.9237,0.676712,20.1968,20.4457,0.248889
26-Aug-2026,79.331,0.676712,17.3189,17.2265,0.0923937
26-Aug-2026,83.7383,0.676712,14.6912,14.1956,0.49561
26-Aug-2026,88.1456,0.676712,12.3223,11.3879,0.934357
26-Aug-2026,92.5528,0.676712,10.2147,8.8455,1.3692
26-Aug-2026,96.9601,0.676712,8.36577,6.61559,1.75018
26-Aug-2026,101.367,0.676712,6.76704,4.74541,2.02163
26-Aug-2026,105.775,0.676712,5.40531,3.26659,2.13872
26-Aug-2026,70.5164,0.761644,24.1131,24.5466,0.433545
26-Aug-2026,74.9237,0.761644,21.0798,21.2321,0.152335
26-Aug-2026,79.331,0.761644,18.2704,18.073,0.197398
26-Aug-2026,83.7383,0.761644,15.6948,15.0941,0.600708
26-Aug-2026,88.1456,0.761644,13.3584,12.3249,1.03354
26-Aug-2026,92.5528,0.761644,11.2625,9.79957,1.46293
26-Aug-2026,96.9601,0.761644,9.40365,7.55594,1.84771
26-Aug-2026,101.367,0.761644,7.77445,5.63164,2.14281
26-Aug-2026,105.775,0.761644,6.36375,4.05458,2.30917
26-Aug-2026,70.5164,0.843836,24.8867,25.2339,0.347245
26-Aug-2026,74.9237,0.843836,21.9254,21.9781,0.0526842
26-Aug-2026,79.331,0.843836,19.1767,18.8736,0.303107
26-Aug-2026,83.7383,0.843836,16.6478,15.9422,0.705647
26-Aug-2026,88.1456,0.843836,14.3422,13.2089,1.13334
26-Aug-2026,92.5528,0.843836,12.2596,10.7022,1.55742
26-Aug-2026,96.9601,0.843836,10.3965,8.45278,1.94372
26-Aug-2026,101.367,0.843836,8.74611,6.49126,2.25485
26-Aug-2026,105.775,0.843836,7.29861,4.84146,2.45715
27-Aug-2026,70.4276,0.00273973,17.6134,17.6133,5.45681e-05
27-Aug-2026,74.8294,0.00273973,13.212,13.2119,5.17217e-05
27-Aug-2026,79.2311,0.00273973,8.8107,8.81065,4.88843e-05
27-Aug-2026,83.6328,0.00273973,4.4094,4.40949,8.64349e-05
27-Aug-2026,88.0345,0.00273973,0.465248,0.456495,0.00875343
27-Aug-2026,92.4363,0.00273973,1.45794e-05,1.89103e-07,1.43903e-05
27-Aug-2026,96.838,0.00273973,3.03084e-15,2.75732e-14,2.45423e-14
27-Aug-2026,101.24,0.00273973,2.332e-15,4.8529e-16,1.84671e-15
27-Aug-2026,105.641,0.00273973,2.24775e-15,4.4491e-16,1.80284e-15
27-Aug-2026,70.4276,0.0219178,17.6842,17.6857,0.00146485
27-Aug-2026,74.8294,0.0219178,13.2889,13.2989,0.0100206
27-Aug-2026,79.2311,0.0219178,8.92427,8.96517,0.0408995
27-Aug-2026,83.6328,0.0219178,4.83137,4.87454,0.0431747
27-Aug-2026,88.0345,0.0219178,1.76552,1.60877,0.156746
27-Aug-2026,92.4363,0.0219178,0.349202,0.131698,0.217504
27-Aug-2026,96.838,0.0219178,0.0303918,0.00145539,0.0289364
27-Aug-2026,101.24,0.0219178,0.000990099,7.07147e-06,0.000983028
27-Aug-2026,105.641,0.0219178,1.08801e-05,2.70057e-08,1.08531e-05
27-Aug-2026,70.4276,0.0410959,17.7451,17.7642,0.0191159
27-Aug-2026,74.8294,0.0410959,13.3778,13.4293,0.0514557
27-Aug-2026,79.2311,0.0410959,9.13912,9.21679,0.0776729
27-Aug-2026,83.6328,0.0410959,5.34034,5.32107,0.0192669
27-Aug-2026,88.0345,0.0410959,2.47582,2.14167,0.334149
27-Aug-2026,92.4363,0.0410959,0.839579,0.355217,0.484362
27-Aug-2026,96.838,0.0410959,0.193138,0.0196542,0.173484
27-Aug-2026,101.24,0.0410959,0.028332,0.000759944,0.0275721
27-Aug-2026,105.641,0.0410959,0.00253713,2.70969e-05,0.00251003
27-Aug-2026,70.4276,0.060274,17.8422,17.9034,0.0612107
27-Aug-2026,74.8294,0.060274,13.5595,13.6508,0.0913266
27-Aug-2026,79.2311,0.060274,9.51422,9.56514,0.0509176
27-Aug-2026,83.6328,0.060274,5.97742,5.80747,0.169946
27-Aug-2026,88.0345,0.060274,3.24894,2.66211,0.586827
27-Aug-2026,92.4363,0.060274,1.47622,0.654402,0.821818
27-Aug-2026,96.838,0.060274,0.543539,0.078742,0.464797
27-Aug-2026,101.24,0.060274,0.15805,0.00795935,0.150091
27-Aug-2026,105.641,0.060274,0.0356141,0.000795177,0.0348189
27-Aug-2026,70.4276,0.0794521,17.9546,18.0451,0.0905011
27-Aug-2026,74.8294,0.0794521,13.7668,13.857,0.0901651
27-Aug-2026,79.2311,0.0794521,9.87365,9.85143,0.0222208
27-Aug-2026,83.6328,0.0794521,6.49655,6.16562,0.330931
27-Aug-2026,88.0345,0.0794521,3.84284,3.03282,0.810023
27-Aug-2026,92.4363,0.0794521,2.00427,0.905111,1.09916
27-Aug-2026,96.838,0.0794521,0.905959,0.153531,0.752428
27-Aug-2026,101.24,0.0794521,0.349909,0.0232286,0.32668
27-Aug-2026,105.641,0.0794521,0.114272,0.003578,0.110694
27-Aug-2026,70.4276,0.0109589,17.6456,17.6456,3.11143e-05
27-Aug-2026,74.8294,0.0109589,13.2463,13.2464,0.000126383
27-Aug-2026,79.2311,0.0109589,8.8483,8.85405,0.00574527
27-Aug-2026,83.6328,0.0109589,4.53459,4.56855,0.0339645
27-Aug-2026,88.0345,0.0109589,1.19327,1.13028,0.0629927
27-Aug-2026,92.4363,0.0109589,0.0838025,0.0234803,0.0603222
27-Aug-2026,96.838,0.0109589,0.000852552,7.09473e-06,0.000845457
27-Aug-2026,101.24,0.0109589,8.22137e-07,2.87496e-10,8.2185e-07
27-Aug-2026,105.641,0.0109589,5.92723e-11,1.30721e-14,5.92592e-11
27-Aug-2026,70.4276,0.0931507,18.0654,18.1667,0.101265
27-Aug-2026,74.8294,0.0931507,13.9578,14.0239,0.0660885
27-Aug-2026,79.2311,0.0931507,10.1731,10.0693,0.103778
27-Aug-2026,83.6328,0.0931507,6.89741,6.4256,0.471812
27-Aug-2026,88.0345,0.0931507,4.28972,3.30005,0.98967
27-Aug-2026,92.4363,0.0931507,2.41546,1.1014,1.31406
27-Aug-2026,96.838,0.0931507,1.21741,0.225209,0.992201
27-Aug-2026,101.24,0.0931507,0.544125,0.0419631,0.502162
27-Aug-2026,105.641,0.0931507,0.214194,0.00808446,0.20611
27-Aug-2026,70.4276,0.175342,19.0893,18.9758,0.113455
27-Aug-2026,74.8294,0.175342,15.4349,15.0315,0.403388
27-Aug-2026,79.2311,0.175342,12.1317,11.275,0.856682
27-Aug-2026,83.6328,0.175342,9.24556,7.78749,1.45807
27-Aug-2026,88.0345,0.175342,6.81682,4.70525,2.11157
27-Aug-2026,92.4363,0.175342,4.85387,2.27797,2.5759
27-Aug-2026,96.838,0.175342,3.33313,0.838596,2.49453
27-Aug-2026,101.24,0.175342,2.20524,0.278431,1.92681
27-Aug-2026,105.641,0.175342,1.40491,0.0970349,1.30788
27-Aug-2026,70.4276,0.260274,20.6666,19.9,0.766593
27-Aug-2026,74.8294,0.260274,17.3841,16.1019,1.28217
27-Aug-2026,79.2311,0.260274,14.4108,12.4849,1.92592
27-Aug-2026,83.6328,0.260274,11.7683,9.11272,2.65558
27-Aug-2026,88.0345,0.260274,9.46507,6.08546,3.37961
27-Aug-2026,92.4363,0.260274,7.49667,3.5638,3.93287
27-Aug-2026,96.838,0.260274,5.84719,1.76557,4.08162
27-Aug-2026,101.24,0.260274,4.4916,0.776043,3.71556
27-Aug-2026,105.641,0.260274,3.39866,0.340088,3.05857
27-Aug-2026,70.4276,0.345205,22.2756,20.7249,1.55068
27-Aug-2026,74.8294,0.345205,19.2414,17.0331,2.20827
27-Aug-2026,79.2311,0.345205,16.4769,13.5178,2.95915
27-Aug-2026,83.6328,0.345205,13.9886,10.2322,3.75638
27-Aug-2026,88.0345,0.345205,11.7753,7.25471,4.52059
27-Aug-2026,92.4363,0.345205,9.82968,4.69972,5.12996
27-Aug-2026,96.838,0.345205,8.13863,2.71682,5.42181
27-Aug-2026,101.24,0.345205,6.68495,1.41425,5.2707
27-Aug-2026,105.641,0.345205,5.44852,0.706741,4.74178
27-Aug-2026,70.4276,0.424658,23.9408,21.5277,2.41311
27-Aug-2026,74.8294,0.424658,21.1003,17.9281,3.17222
27-Aug-2026,79.2311,0.424658,18.4967,14.5006,3.99607
27-Aug-2026,83.6328,0.424658,16.1297,11.2906,4.83911
27-Aug-2026,88.0345,0.424658,13.9945,8.36036,5.63414
27-Aug-2026,92.4363,0.424658,12.0826,5.7952,6.2874
27-Aug-2026,96.838,0.424658,10.3829,3.70189,6.68101
27-Aug-2026,101.24,0.424658,8.88198,2.17431,6.70767
27-Aug-2026,105.641,0.424658,7.56517,1.20905,6.35612
27-Aug-2026,70.4276,0.50137,25.4983,22.2551,3.24323
27-Aug-2026,74.8294,0.50137,22.8056,18.7324,4.07316
27-Aug-2026,79.2311,0.50137,20.3252,15.378,4.94716
27-Aug-2026,83.6328,0.50137,18.0534,12.2308,5.82257
27-Aug-2026,88.0345,0.50137,15.9838,9.34224,6.64156
27-Aug-2026,92.4363,0.50137,14.1081,6.77899,7.32911
27-Aug-2026,96.838,0.50137,12.4162,4.62175,7.79445
27-Aug-2026,101.24,0.50137,10.8971,2.94675,7.95035
27-Aug-2026,105.641,0.50137,9.53879,1.77932,7.75947
27-Aug-2026,70.4276,0.591781,27.2344,23.0518,4.18265
27-Aug-2026,74.8294,0.591781,24.6826,19.608,5.07461
27-Aug-2026,79.2311,0.591781,22.3202,16.328,5.99222
27-Aug-2026,83.6328,0.591781,20.1419,13.2449,6.89702
27-Aug-2026,88.0345,0.591781,18.1406,10.4006,7.73995
27-Aug-2026,92.4363,0.591781,16.3083,7.84727,8.46103
27-Aug-2026,96.838,0.591781,14.6359,5.64549,8.99041
27-Aug-2026,101.24,0.591781,13.114,3.85454,9.25946
27-Aug-2026,105.641,0.591781,11.7327,2.50807,9.22463
27-Aug-2026,70.4276,0.673973,28.8261,23.7753,5.05079
27-Aug-2026,74.8294,0.673973,26.3879,20.3992,5.98872
27-Aug-2026,79.2311,0.673973,24.1218,17.1826,6.93916
27-Aug-2026,83.6328,0.673973,22.0214,14.1544,7.86705
27-Aug-2026,88.0345,0.673973,20.0798,11.3494,8.73037
27-Aug-2026,92.4363,0.673973,18.289,8.80987,9.47913
27-Aug-2026,96.838,0.673973,16.641,6.58343,10.0576
27-Aug-2026,101.24,0.673973,15.1272,4.71711,10.4101
27-Aug-2026,105.641,0.673973,13.7393,3.24356,10.4957
27-Aug-2026,70.4276,0.758904,30.4189,24.4968,5.92207
27-Aug-2026,74.8294,0.758904,28.0839,21.185,6.89892
27-Aug-2026,79.2311,0.758904,25.906,18.0285,7.87749
27-Aug-2026,83.6328,0.758904,23.8786,15.0522,8.82635
27-Aug-2026,88.0345,0.758904,21.9946,12.2857,9.70887
27-Aug-2026,92.4363,0.758904,20.2467,9.76324,10.4835
27-Aug-2026,96.838,0.758904,18.6273,7.52286,11.1044
27-Aug-2026,101.24,0.758904,17.1289,5.60202,11.5269
27-Aug-2026,105.641,0.758904,15.744,4.02974,11.7143
27-Aug-2026,70.4276,0.841096,31.9348,25.1835,6.75131
27-Aug-2026,74.8294,0.841096,29.6904,21.9303,7.7601
27-Aug-2026,79.2311,0.841096,27.5909,18.8285,8.76242
27-Aug-2026,83.6328,0.841096,25.6293,15.8997,9.7296
27-Aug-2026,88.0345,0.841096,23.7989,13.1691,10.6298
27-Aug-2026,92.4363,0.841096,22.0926,10.6652,11.4274
27-Aug-2026,96.838,0.841096,20.5034,8.41886,12.0845
27-Aug-2026,101.24,0.841096,19.0245,6.46052,12.564
27-Aug-2026,105.641,0.841096,17.6492,4.81512,12.8341
